	A1	A2	A3	A4	A5	A6	A7	A8	A9	A10	A11	A12	A13	A14	A15	A16	A17	A18	A19	A20	A21	A22	A23	A24	A25	A26	A27	A28	A29	A30	A31	A32	A33	A34	A35	A36	A37	A38	A39	A40	A41	A42	A43	A44	A45	A46	A47	A48	A49	A50	A51
Doses	0.0	0.0	0.0	0.0	0.0	0.0	0.0	0.01	0.01	0.01	0.01	0.01	0.1	0.1	0.1	0.1	0.1	0.3	0.3	0.3	0.3	0.3	1.0	1.0	1.0	1.0	1.0	3.0	3.0	3.0	3.0	3.0	10.0	10.0	10.0	10.0	10.0	30.0	30.0	30.0	30.0	100.0	100.0	100.0	100.0	100.0	300.0	300.0	300.0	300.0	300.0
AADAC_7934	4.1034265	6.6150165	6.497813	6.332589	5.000899	5.877399	6.5877657	5.2544	5.7709885	5.2057486	6.6112037	6.1978946	4.242996	6.046653	6.650292	7.28421	5.5557218	5.8319697	4.9980674	5.0700746	5.4393907	1.9693668	6.296568	5.7554135	5.748408	5.4713902	5.6140385	5.3285346	5.625862	6.2374797	6.1212845	5.83199	5.9856	6.6431136	5.1622505	6.026046	6.177542	6.2079935	5.559904	5.419815	5.304711	4.4957304	6.48236	4.5611777	6.0461755	6.2385154	3.5315611	5.659417	6.1289554	4.267274	6.39392
AARS_7935	9.924186	8.591993	8.824332	8.915826	9.223019	8.881917	8.051623	9.711011	9.440298	9.296887	8.6159935	8.957993	9.9059305	8.997501	8.343174	9.167372	8.593853	8.805187	9.744366	9.335462	9.416192	10.133971	8.334661	8.721824	8.771586	8.502266	10.075143	8.833001	7.7949314	8.000855	8.380025	9.594366	9.594427	8.861051	9.694807	9.026626	8.818104	8.907863	8.823507	9.306674	9.258363	10.06103	8.172298	9.752006	8.606967	8.314422	10.199774	9.520373	9.177884	10.53307	9.232672
AASS_7936	11.330399	11.323974	11.329447	11.689408	11.544061	11.6313095	11.218481	11.135108	11.37508	11.377641	11.271264	11.197385	11.109416	11.213842	11.533373	11.344009	11.236013	11.825342	10.654826	11.558154	11.163742	11.02495	11.500608	11.428264	10.871836	11.647203	11.087902	11.612238	11.095337	10.988229	11.309102	11.526799	11.9879	11.311884	12.00365	11.231641	11.756178	10.991397	11.145066	11.417121	11.503809	10.9740715	11.354524	11.926722	11.345778	11.269915	9.83973	11.1505	11.240619	10.632414	10.993628
AATF_32691	4.227354	4.0210066	4.649141	4.4353166	4.2505713	4.6811867	4.2709126	4.6882124	4.426025	4.420659	4.581123	4.1369987	4.3012185	3.9078133	4.722804	4.443337	5.04128	4.245164	4.1920695	3.4401016	4.252195	4.7287188	4.5744224	4.4342127	4.045885	3.9706514	4.58169	4.123652	4.08088	4.2355256	4.8995934	4.5386796	3.999912	3.7764044	4.583395	4.5453463	4.527525	3.9880698	4.1780205	4.9648857	4.061393	4.4957304	4.1326733	4.5611777	4.206401	3.9530077	4.100693	5.21065	4.8800516	5.3724337	4.8428674
ABAT_32557	9.034659	9.249785	9.700052	9.60457	9.376521	9.526651	9.405759	9.483341	9.07317	9.225724	9.338768	9.186211	8.846418	9.176646	9.560717	9.3301	9.252371	9.448773	8.72411	8.942995	9.23822	9.046549	9.2536955	8.932176	8.834236	9.621313	9.156004	9.6344185	9.376886	9.237432	9.401337	9.066761	9.5141535	9.366784	9.49634	9.1598835	9.472222	9.150044	9.478878	9.617849	9.519041	9.06653	9.111483	9.866884	9.466327	9.540473	8.855889	9.0747	9.241982	9.237125	9.20443
ABCB11_33142	2.2793405	3.0385108	2.2885845	0.7965775	2.905456	3.3569534	1.9740967	2.2845037	1.7505945	2.5675821	3.3670683	3.0946846	3.2596772	2.10312	2.604365	3.2900343	1.9891841	1.61952	3.469766	2.8204348	3.0117643	3.4861825	1.7148082	3.0641665	2.036824	2.5034022	2.370703	1.1788656	1.5044802	1.7340541	1.7394503	2.197697	1.366725	2.6664317	2.7157705	1.2880224	1.559129	2.8820758	2.475174	1.1930816	2.7457702	3.7355564	2.9717042	2.2161078	2.7127588	1.9105306	3.1824234	4.3049483	2.7418792	3.3403132	3.1727722
ABCB1B_7939	2.491974	0.0	2.038651	2.622656	4.076445	2.0292463	3.825755	2.4973207	4.797169	4.322547	3.2631965	2.8143709	3.0032618	2.9246228	3.167487	3.4032214	3.4131749	3.6719112	3.6460412	4.782876	3.5838535	2.425981	3.9500973	4.0412498	3.1306887	1.8752655	2.370703	2.9913046	2.951679	3.2526147	3.1370003	4.8923774	3.5911903	2.942179	3.225608	3.5624845	1.846264	4.974735	2.8620489	3.4125168	2.7457702	5.33167	3.8195517	2.2161078	2.0616755	2.704639	4.100693	5.4020805	5.8011737	4.9231877	5.0789514
ABCC1_32904	6.856312	6.0077376	6.5101666	5.6547036	6.732317	6.021252	5.70748	6.8531246	6.682205	6.4411287	6.110444	6.227241	7.2207174	6.1838074	6.400495	6.4465365	6.275765	6.3424387	7.2359786	7.2172694	6.772647	7.4530954	5.781881	5.990789	7.011403	5.4273343	6.8803678	6.3445296	6.0154805	5.498431	6.288905	6.5028176	6.3767753	6.54323	6.2776093	6.7017994	6.2531323	6.66587	6.3961983	6.8676066	6.856276	7.068385	5.8870206	6.277502	6.3706656	6.2119083	7.620173	7.127926	6.9126215	7.9586506	7.0305815
ABCC2_32541	3.5598304	2.538774	2.038651	2.622656	2.7594013	2.6765726	1.6765455	3.1282818	3.6808712	2.5675821	3.029906	2.2543907	3.8335404	2.10312	0.7873415	2.0680585	2.23654	2.851636	3.1569264	2.8204348	2.3002052	2.9185607	2.0155594	1.9802222	2.2866638	1.8752655	3.1124566	2.7415621	2.0222046	0.82825595	2.8555002	2.4073412	2.8709326	3.9734795	3.1140306	2.5961618	3.0246947	2.8820758	2.1441302	3.013504	3.548624	3.460776	2.6167028	2.919052	2.5265856	2.3615465	3.0801287	3.4273803	3.0200155	3.811508	3.051179
ABCC3_7941	4.7246556	4.090557	4.1143847	4.223995	5.4920144	4.165955	4.3246193	4.9989047	5.2794547	4.5563493	4.347129	3.9383843	5.1098185	4.127788	4.4144707	5.041427	4.2900763	4.2967916	5.5569134	5.5847845	4.8317227	5.741125	4.08557	4.6184916	4.966166	3.5453217	5.2943525	4.5699625	4.804568	3.826207	4.6536613	5.461056	4.53006	4.722778	4.3570623	4.5453463	4.400299	5.2409472	3.632368	4.5553317	5.0489583	5.358995	4.4285355	4.7683935	3.857236	4.612088	5.392762	4.989876	4.2310796	6.144983	5.1693907
ABCC4_32768	4.7246556	3.8709588	4.4063993	4.5756903	4.500918	4.44645	4.096643	5.067144	4.8375063	3.440461	4.1860375	4.1975594	4.4629893	4.3770022	3.3835778	4.8942833	4.3956347	4.0179224	4.5872383	4.3720603	4.1915016	2.6095028	4.4792056	4.4342127	4.601434	4.030775	4.4953737	3.6294594	3.7277203	3.6591327	4.3010488	3.8710911	4.199067	4.200289	4.7419343	4.136044	4.567557	3.538559	3.8758812	4.5153155	4.061393	4.4456296	3.8195517	3.8929985	3.689876	4.0158815	3.3675282	4.5089707	4.336409	5.125359	4.8428674
ABCC5_7942	2.8414288	3.513961	3.2553017	2.785719	2.7594013	3.1218095	1.6765455	3.3635519	3.8481479	3.1283326	3.2631965	2.4661293	4.782034	2.10312	2.7670465	2.71987	2.9416285	3.5063531	4.5872383	4.70116	3.2683764	4.7287188	2.2643013	3.676059	5.257046	3.0598574	4.200304	2.8718307	3.7929146	2.8488586	3.3724391	2.7527363	2.055782	3.2767088	2.3721387	2.9047132	2.7740545	3.135555	3.166812	3.013504	4.061393	4.035659	2.862796	3.2855973	3.1597538	3.213879	4.4677935	4.001153	4.057093	4.7591944	4.4684386
ABCF1_7945	7.420984	6.603166	6.788928	6.5180316	7.286324	6.921183	6.184997	7.1956024	7.2438393	6.8372808	6.3060884	6.662737	7.343554	6.789266	6.3628173	6.6204867	6.4328103	6.5587687	7.335795	7.2819366	6.8235326	7.6227727	6.4170694	6.7017407	7.045696	6.668787	7.4440637	6.6379433	6.299681	5.905468	6.586803	7.138642	6.650581	6.3557405	6.972879	6.3531137	6.5211883	6.836452	6.4347353	6.8676066	6.959123	7.4890018	6.4260535	6.851704	6.552442	6.3402905	7.725587	7.5538926	7.0659814	8.204865	7.1612163
ABCF3_7946	7.686939	6.9504595	7.048093	6.8014994	7.4320555	6.966328	6.620342	7.4339213	7.2881722	7.244703	6.7521696	6.5511265	7.6539626	6.65414	6.7606454	7.0522456	6.886549	7.113648	7.5941186	6.9605694	7.1687236	8.6271105	6.9214034	6.936679	7.2941284	6.706141	7.647871	6.942218	6.805368	6.755211	6.983342	7.448185	7.136763	6.8157215	7.2151947	7.2031617	6.6665087	6.956451	6.7029037	7.469541	7.5151153	7.937205	6.969749	7.4294486	7.0087876	6.9757466	9.21389	7.6048503	7.393403	9.059882	7.5626497
ABCG2_32656	9.196954	9.29284	9.264327	9.046236	9.733903	9.4105835	9.26691	9.588663	9.361229	9.561691	9.494536	9.5243635	9.21723	9.569838	9.178753	9.372418	9.461314	9.470012	9.284808	9.925876	9.619927	9.030549	9.241053	9.638494	9.336528	9.186794	9.432039	9.080429	8.930337	9.157398	9.113228	9.376518	9.8152895	9.641339	9.506042	9.548131	9.206692	9.618724	9.342383	9.35707	9.453022	9.42435	9.105519	9.233438	9.4792185	9.223365	8.64813	9.575349	9.501793	8.46921	9.391411
ABHD1_7949	5.125987	4.861155	4.60375	4.8582335	4.828478	4.102663	4.2151294	4.6442127	4.528138	4.598884	4.925383	4.6077585	4.9732347	4.3186173	4.2590675	4.443337	4.6299973	4.0781755	4.897113	5.224292	4.5224047	6.502487	4.3772573	4.6184916	4.7749977	4.248965	5.572482	4.68076	4.08088	4.45546	4.118821	4.993321	5.0603204	4.3962374	4.7419343	3.9466662	4.4439664	4.873835	4.4277096	4.8728747	4.574702	5.4883585	4.5738235	5.1701365	5.067844	4.570806	6.6852527	4.9200525	4.9144797	6.949294	5.3860445
ABHD4_7950	5.15749	3.9479325	4.60375	4.2797976	5.1253834	4.340703	3.7492652	4.812691	5.2794547	4.7574925	4.295405	4.1369987	5.0086117	4.589442	4.0848813	4.5455074	4.3438206	4.441436	5.237129	5.0371494	4.909152	5.890428	3.1057508	4.1648545	4.7335253	3.625497	5.416816	4.175031	2.832704	2.8488586	3.9831457	5.3384995	4.199067	4.146841	5.014717	4.6317945	4.050856	4.4751067	4.1780205	4.7402864	4.574702	5.695473	3.6331644	4.6050706	4.1430035	3.9530077	5.7500625	4.729104	4.808627	6.272137	5.6178474
ABHD6_7951	3.6511872	4.647012	4.649141	4.6622167	4.5900397	4.44645	4.849189	4.5035396	4.3721232	4.420659	4.782408	4.6077585	3.574956	4.6849766	4.1453104	4.594002	4.540767	3.889297	4.5872383	4.318261	4.791392	3.3891368	4.5275993	4.6184916	4.112109	4.755942	3.8289478	4.2246437	4.804568	4.774433	4.357012	4.069087	4.479903	4.608809	4.088493	4.5892177	4.9165425	5.006859	4.6071386	4.43179	3.9325047	3.7355564	4.350009	3.8929985	4.0071836	4.4845195	3.7471902	3.9318867	4.9144797	3.811508	4.5604434
ABL1_7952	5.969771	4.7792716	4.9322414	4.894432	5.5149565	4.7238755	4.426382	5.568749	5.4452467	5.233011	4.623689	5.0302987	6.3592772	4.638	4.3645067	5.006024	4.7934337	5.004093	5.6216297	5.835159	5.119248	6.6770806	4.019423	4.4825354	5.2860236	4.43845	6.209625	4.783652	4.4066367	4.293731	4.6082644	6.5697274	5.420866	4.9888787	5.807309	5.395578	5.0637608	5.293981	4.7965984	5.6217656	5.608813	6.459632	4.4285355	5.361425	4.678297	4.392742	6.693938	5.742674	5.7061076	7.6662283	5.9928694
ACAA1A_7954	8.3938055	7.601695	7.654675	7.905568	7.4260163	7.6968865	8.316404	7.9811544	7.504034	7.6756907	7.6249146	7.6609864	8.03897	7.2847514	7.768459	7.8611393	7.5209146	8.0267	7.464864	7.428787	7.723797	7.937885	7.6463137	7.679329	7.2433214	8.100877	8.353614	8.156827	7.97778	7.3563457	7.7193027	8.034345	8.29646	7.6882596	8.321254	7.7344646	8.132805	7.950631	8.737491	8.693265	8.706137	8.687167	9.419732	8.816867	10.02116	9.718772	9.4005575	10.143017	9.936018	10.531164	10.215641
ACAA2_7955	13.074212	13.303897	13.55544	13.868835	12.412912	13.610585	13.966218	13.028718	12.948214	12.33848	13.233199	13.55399	12.030327	13.529364	13.520942	13.555385	13.34308	13.542001	12.598135	11.789825	12.8410425	11.279685	13.728282	13.074275	13.10544	13.399527	12.619205	13.1659775	13.816227	14.152308	13.753929	12.425557	12.411097	13.153915	13.203691	12.825547	13.743086	13.197226	14.197473	13.798141	13.166639	12.428771	13.940336	13.691932	14.369569	14.347726	11.999152	13.714456	13.805869	12.910526	13.551707
ACACA_32532	6.884825	5.7740564	5.8513036	6.208685	6.991453	5.9511175	4.920685	6.5294833	6.542783	6.172051	6.00168	6.0902104	6.9923825	5.991661	5.67487	6.4198813	5.916536	6.131156	6.9470677	7.070417	6.793217	6.687322	4.7478533	5.886901	6.4954247	5.4713902	6.854595	6.2873096	5.0104585	4.690261	5.4297304	6.882048	6.456748	6.3791056	6.621542	6.3274393	6.16455	6.2754765	6.2417564	6.63532	6.6666756	7.232506	5.7253337	6.6146183	5.9932327	5.5822864	7.032038	7.458604	7.1835737	8.006989	6.832609
ACADL_32776	6.582288	6.0077376	5.168798	5.4510326	6.134505	5.0929937	6.0639014	5.311781	5.9655366	6.240816	5.1163464	4.9966097	6.105211	5.70304	5.3290563	5.680696	5.6440597	5.6454296	5.872699	5.5847845	5.3310165	6.1931815	5.3148055	5.9047437	5.4227734	5.5759807	6.6197805	5.0544868	5.4348335	5.6397786	4.9730616	6.320561	5.127021	5.9029	5.976364	5.644596	4.9472127	5.442302	5.3133516	5.7651596	6.1624928	6.3413105	4.6079693	5.6608033	5.259379	5.963434	6.0498023	6.4106064	6.157983	7.045002	5.9928694
ACADM_7957	11.013353	10.157343	10.432543	10.323197	10.830576	10.613433	10.38429	10.679142	10.769475	10.772965	10.424487	10.103242	11.133653	10.432732	10.33011	10.355594	10.307219	10.578648	11.185214	11.196549	10.512941	11.858944	10.288941	10.835445	10.826942	10.397342	11.347442	10.485557	10.445885	10.371606	10.370839	10.702434	10.848241	10.505618	11.080434	10.737691	10.523661	10.848032	10.578104	11.003841	11.08527	11.70455	10.70854	11.064848	10.889576	10.836959	12.248891	11.330325	11.458254	11.969949	11.261178
ACADSB_7959	6.846681	7.199006	7.3863864	7.8605304	7.7498965	8.132802	6.801715	7.4078426	7.4787526	7.635392	7.1876965	7.666353	8.755634	6.410368	7.27509	7.2238545	7.16557	7.593001	7.550462	7.5445967	7.2303624	7.7006707	8.195563	7.6211605	7.901994	6.951399	7.317714	7.374607	8.302766	7.279211	7.4882393	7.4362807	7.555303	7.183996	7.235332	7.3821664	8.032683	7.537536	7.1650147	7.5006175	7.537448	7.567232	7.9803677	7.254457	6.981864	7.516687	7.1312957	8.463729	7.8720026	7.7428813	7.664641
ACADVL_7960	10.339139	9.434989	9.653478	9.672593	9.885736	9.646608	9.494836	10.193658	9.911025	9.809318	9.404328	9.494503	10.196976	9.474454	9.391724	9.905336	9.494366	9.602851	10.264358	10.029952	9.768866	10.845109	9.485736	9.510338	9.763511	9.493614	10.438243	9.639	9.432926	9.29378	9.490044	9.936138	10.3403425	9.433866	10.217681	9.610666	9.880475	9.550893	9.770111	10.0840645	10.204075	10.749219	9.649187	10.244432	9.807786	9.761825	11.308182	10.2990055	10.210804	11.305766	10.220056
ACAT2_7961	6.039064	6.2087917	5.5500393	5.4015837	6.2207594	6.0717025	6.1257195	6.095338	5.8715396	5.6109796	5.9356375	6.121806	5.8561053	6.232055	5.7152967	5.829884	5.934163	5.7229633	6.1896944	5.998002	6.178716	6.073352	5.8405237	5.715534	5.8872566	5.6734986	5.9746127	5.351048	5.745966	5.5229716	5.85593	6.15612	5.8341293	6.0844283	5.8773255	6.1629877	5.93898	6.092991	5.724484	6.098797	5.710594	6.070855	5.8157644	5.5528817	6.299764	5.6029115	6.0498023	6.532598	6.631429	6.6547613	6.2902446
ACBD3_7962	3.9678442	3.295734	3.747865	3.4033608	4.454204	3.736352	3.3948803	3.5657802	4.197168	4.043386	4.004671	4.8152456	4.4110556	3.8263452	3.167487	3.5081706	3.9172494	3.889297	4.6711664	4.70116	3.8425713	4.3185883	3.3405793	4.3324213	3.9764743	3.625497	3.9636366	4.123652	3.348533	2.8488586	3.4771605	4.4934416	4.625427	3.9107323	4.583395	3.270766	3.6645458	3.8532186	3.2555978	4.0942426	4.3906794	4.4456296	3.0729647	4.2654305	3.2825065	4.076129	4.295888	4.5089707	4.9144797	5.098155	4.4684386
ACD_7963	5.0608387	5.181114	5.5500393	5.4015837	5.34613	4.95646	5.8424716	5.4201193	5.1888194	4.7945623	5.1163464	5.246371	5.0768657	5.5841613	5.3027663	5.075982	5.4371037	5.4078474	4.897113	5.514759	5.4393907	5.198515	5.3689322	5.400454	5.4227734	4.891829	5.215552	5.395048	5.4348335	5.1343713	5.6473336	5.232359	5.2814116	4.9581795	5.4873366	5.3194785	5.671486	5.6396017	5.2281547	5.7479954	5.405285	4.9556274	5.507479	5.282528	5.067844	5.8981795	5.5541043	5.476936	6.0381956	5.2786183	5.779727
Ace_34123	4.285542	4.9386396	4.29658	2.2280116	4.2505713	4.7238755	4.7739644	2.9944959	4.8375063	5.7683334	4.537262	2.9613252	4.86158	4.25777	4.3127503	3.8650463	4.1761804	4.346635	4.451415	5.0700746	4.5224047	6.3170686	4.267554	5.868835	5.134941	4.0884933	5.572482	3.4740329	4.7064605	4.1115565	4.118821	4.6251106	4.5785313	4.3496885	3.8995237	4.0125933	2.4705205	5.3451347	3.6972067	4.705144	4.61726	5.716753	3.494023	4.515908	4.206401	4.9705873	5.4956946	2.9552677	5.2472124	4.6510324	4.8428674
ACLY_7965	8.749527	8.221477	8.368563	8.1720295	8.574308	8.696089	8.482139	8.724665	8.429236	8.34987	8.275762	8.106184	8.373434	8.425523	8.179435	8.686946	8.190181	8.362741	8.344164	8.5289345	8.416646	8.273157	8.265005	8.102947	8.2678995	8.228306	8.866863	8.273389	8.149405	7.8046427	8.433061	8.458834	8.147781	8.451187	8.615642	8.430037	8.085337	8.2878275	8.517265	8.821865	8.552874	8.595369	8.114088	8.764605	8.388612	8.34841	7.9378943	8.776837	8.726009	8.998675	8.873281
ACMSD_32377	3.894955	4.2811027	4.1143847	3.591516	4.2505713	3.736352	3.9675474	4.043332	4.2578745	3.696925	4.1860375	4.25568	4.357182	4.8173723	4.0848813	4.443337	4.2900763	3.5915058	3.6460412	4.2042418	3.9924111	4.5153666	4.08557	3.8333883	4.175426	4.1974325	4.200304	3.7013133	3.163709	3.826207	3.7522228	4.296811	3.018777	4.301587	4.4052587	4.136044	4.1062636	3.7044504	4.26614	4.43179	4.1217613	3.2433975	3.7600586	4.091199	4.0071836	4.0158815	4.886783	4.9553866	3.9282308	5.659735	4.7285256
ACO1_7966	9.676251	8.083293	8.361762	8.497377	8.871792	8.599096	7.9654946	9.159184	9.255413	9.296887	8.575909	8.259638	10.047662	8.442709	8.150243	8.8802	8.303019	8.565778	9.591204	9.409689	8.717692	10.592712	8.265005	8.32459	8.3073015	8.377579	9.988926	8.754952	8.108375	8.306717	8.293043	9.273239	9.303206	8.354305	9.267777	8.570721	8.511926	9.1410265	8.61069	9.090508	9.27341	10.350291	8.628287	9.039136	8.936358	8.518182	11.058703	9.867349	9.37464	11.092729	9.663195
ACO2_7967	8.214466	7.6253223	7.8373494	7.983254	7.914231	8.088569	7.9182405	8.140087	7.915514	7.909097	7.7693567	7.7445455	8.219652	7.705091	7.6945534	7.8411884	7.5611763	7.865087	8.027332	7.9896026	7.7076335	8.029285	7.607442	7.956668	7.992677	7.72674	8.228763	7.6306815	8.022637	7.758886	7.8949795	7.8537164	7.721006	7.7297463	8.203534	7.782497	7.766457	7.9588656	7.810294	8.23542	8.12536	8.2715	7.9540615	8.253178	8.237467	8.102646	8.40004	8.375179	8.227346	8.80617	8.430601
ACOT1_7968	7.648654	7.2831087	7.514547	7.3821445	7.286324	7.4459066	7.7370076	7.4531755	7.7351103	7.7197204	7.367522	7.4280944	7.832376	7.4365916	6.950417	7.471069	7.5092015	7.446407	7.8269253	7.3303027	7.3322725	8.528025	7.6408243	7.4249325	7.3362975	7.5935464	7.8483486	7.515811	7.480575	7.9060826	7.45657	7.3564157	7.361158	7.6741614	7.398995	7.123349	7.3276353	7.6177325	7.2806	7.5006175	7.5263247	8.2715	7.4788895	7.685987	7.519996	7.527516	8.315329	8.075367	7.6651516	8.431562	7.7304893
ACOT12_32718	7.134786	6.941076	7.3036427	7.426083	6.8632326	7.3873577	6.576741	7.3473835	6.693238	6.6273003	6.9491305	7.232129	7.287049	7.044732	6.7987695	7.356269	6.9996934	6.8627224	6.886907	6.648091	6.9752617	6.5704594	6.86602	6.617692	5.978842	7.1809964	6.8194995	6.9496136	6.2307677	6.567425	7.2053757	7.3999686	7.9175143	6.447012	7.5078487	6.816979	7.2249913	5.293981	6.47227	7.025514	7.2836933	7.0348907	6.916249	7.161978	7.253539	6.598301	6.880499	7.3027186	6.4555492	7.397192	6.613859
ACOT2_7969	5.3332987	5.273731	4.458325	5.125191	5.7065024	5.5137362	4.2151294	4.401509	5.750009	5.4106555	5.2581925	5.217415	5.2345824	5.559163	4.3127503	4.9697304	5.008375	4.614175	5.5569134	5.4157686	5.3310165	5.459774	4.6197734	4.9630933	4.5545726	4.7198715	5.6544313	4.9697347	4.1321673	4.690261	4.740381	5.63777	4.9903865	5.598977	5.3948784	5.3452935	5.2226305	5.866634	4.4277096	4.5153155	6.027002	6.1973515	4.883585	4.9150934	5.259379	4.76633	4.8248677	6.3719025	5.890361	5.641007	5.8360367
ACOT3_7970	5.0937805	3.6118274	4.1143847	4.2797976	4.6326175	4.6811867	4.2151294	4.291709	4.952162	4.322547	3.7971807	4.007672	4.6978445	3.9849255	4.509489	4.8550267	4.2900763	4.346635	5.1225443	4.4739904	4.36642	5.109927	3.8772712	4.2228994	3.9035544	4.0884933	4.8486414	4.2246437	4.275919	3.745087	4.410885	4.3485374	4.799106	3.7764044	4.8151155	3.8050218	4.527525	4.6882024	4.26614	4.669124	4.1217613	4.723048	4.350009	4.647667	4.5859623	4.189564	4.4677935	4.4606056	4.6943884	5.204023	4.767655
ACOT4_7971	4.806423	6.50469	6.81903	6.5295863	6.206737	5.561593	6.7037783	5.568749	5.4711165	5.786849	5.8122478	5.9910464	5.2345824	6.438056	6.542075	6.1709094	6.3694386	5.916911	5.317465	5.224292	5.8262677	5.198515	6.4170694	6.040056	5.1027284	6.4875827	5.1882987	4.783652	6.2884216	6.3651233	5.669604	5.461056	6.349101	6.167289	6.141964	6.1629877	6.551447	6.1078777	5.9803605	6.2157784	5.787146	5.186695	6.6057773	6.12002	6.4382453	6.8258944	4.3408227	6.6232696	6.750559	5.15206	6.9045916
ACOX1_7973	9.842956	9.151504	9.531523	9.418224	9.708005	9.425209	9.382207	9.707006	9.427142	9.5055065	9.388988	9.271438	9.740876	9.227116	9.300004	9.387974	9.320973	9.535947	9.631045	9.67478	9.521653	9.317724	9.329016	9.563254	9.179378	9.314733	9.8392725	9.431508	9.183791	9.055943	9.376166	9.481608	9.670469	9.387094	9.884201	9.290196	9.500932	9.577874	9.545324	9.657455	9.826192	9.981947	9.791551	9.74221	10.014534	9.732876	9.112262	10.624654	10.453288	10.09425	10.560142
ACOX2_32902	2.0298584	3.513961	2.6870766	3.4033608	3.1595216	3.736352	3.1785967	2.4973207	2.7044885	3.0072343	3.64017	0.0	3.4773233	2.356276	3.3835778	2.3194807	2.4476285	2.5450702	3.1569264	3.1009257	1.7463846	4.7287188	3.8772712	2.2271013	3.2531395	2.3228042	3.4241838	2.0565722	3.0615857	2.0363805	3.2595172	1.952323	2.055782	3.7764044	2.1637886	2.7586706	2.2908719	3.538559	2.1441302	2.7631624	3.145316	3.1210482	2.6167028	1.9697882	2.0616755	2.8497622	3.2779424	4.249093	4.5703197	3.2443137	4.0904775
ACSM3_7976	7.3201947	8.121179	7.9950833	9.993647	8.073384	8.217398	8.368473	7.427446	7.729762	9.637611	8.272421	8.245365	8.619246	9.520508	9.74408	9.918487	8.596622	10.008098	7.263279	7.985294	8.031431	8.000826	9.879833	9.999772	7.7748837	9.518763	7.4090786	8.29387	8.149405	8.188968	9.770625	7.60528	9.87957	8.782184	8.528568	8.823512	9.652865	8.168645	8.345868	8.0726185	8.525203	9.315231	9.64611	9.904695	8.478031	10.292886	5.8152	9.395691	9.383884	8.662672	8.084372
ACSS1_32386	10.739224	8.73188	9.144633	9.39788	9.821626	9.646608	8.296384	10.26167	9.834615	9.743303	8.990001	9.41703	10.627911	8.978771	8.644722	9.321125	8.733788	9.157348	10.601676	10.024713	9.692901	10.489688	8.683327	9.024828	9.46245	9.160124	10.593031	9.3859	8.611408	8.501441	8.976999	9.936138	10.363004	8.957334	10.4672365	9.030609	9.609181	9.117312	8.8487	10.137767	10.276399	10.311479	8.861998	10.1373415	9.233173	9.01408	11.041368	9.765271	9.333884	11.456969	9.94718
ACSS2_7977	7.277821	7.693968	6.9697547	6.8391314	8.53276	7.8492656	7.347111	7.8851805	8.054614	8.669666	8.012991	7.188035	8.4397335	7.292356	7.6059456	7.356269	7.960033	8.140574	8.546609	9.045887	7.9189353	8.724806	7.973367	8.670601	8.154627	7.424555	8.047271	7.724199	7.6307797	7.7485175	7.729939	8.260458	8.035068	7.9049654	8.169054	8.025403	7.1212215	8.820189	7.505443	7.9874277	7.961596	8.450464	7.7243237	7.5800037	7.616509	7.7518725	7.8589997	8.401038	8.404327	7.391601	8.433646
ACTA2_33040	4.285542	5.273731	4.649141	4.5304	5.66608	4.6371956	4.426382	3.9739296	5.3084435	4.420659	5.459608	3.7889483	4.9732347	5.5841613	5.67487	4.9325	4.540767	4.2967916	4.6298127	5.5384808	5.358883	5.6808968	4.323448	5.2961636	4.7335253	4.39336	5.2422996	4.2246437	3.6594398	4.8539634	4.4628186	5.286405	4.199067	5.452482	3.8306022	5.8388333	4.567557	4.606701	4.9640417	4.9648857	4.061393	5.155866	5.414072	4.209659	3.2825065	4.189564	6.8341084	5.931947	5.8011737	6.8385878	6.0574503
ACTN1_7980	5.2480707	5.181114	5.5971236	5.851677	5.559774	5.1875315	5.2330546	5.163808	5.8715396	4.9989605	5.8664265	5.8472433	5.8944354	5.812865	5.67487	5.767825	5.7473793	4.972693	5.7036357	5.5618186	5.9039826	5.3087573	4.3772573	5.183743	6.031126	5.4495306	5.5296936	5.4377456	5.0642633	4.690261	5.2639832	6.15612	5.642245	6.2328796	5.2172837	5.993765	5.5368104	5.7575793	5.4323974	5.2350597	5.1965966	5.2754154	5.3749475	4.983204	5.067844	5.0019855	5.110866	5.966995	5.725629	6.3777184	6.2493615
ACVRL1_32420	5.9155264	5.4691873	5.573774	4.9978786	5.5816708	5.0929937	5.4896817	5.3669667	6.184627	4.598884	5.6973767	5.5315666	5.931773	5.725684	6.0672965	5.462984	4.9747024	5.5207086	5.663215	5.336797	5.8262677	6.263316	4.827329	4.7024956	6.2961874	5.4495306	6.082168	5.4586296	5.5711617	4.965598	5.85593	5.9201007	4.259778	5.996517	4.583395	5.943947	4.9472127	5.935011	5.413226	6.3239822	5.1393414	5.8765535	5.7253337	5.110477	5.101585	5.231241	7.175378	5.7825675	5.8194575	7.8322716	6.418715
ACY3_32489	10.730741	11.670132	11.4931965	11.241523	11.498384	11.758349	11.695732	11.264719	11.27537	12.093005	11.689291	11.153155	11.063371	10.986034	11.686739	11.458523	11.869258	11.932249	11.144959	11.815537	11.550327	11.29609	12.190003	11.965363	11.49156	11.589653	11.369221	11.558838	12.029524	11.799522	11.626209	11.123454	11.926026	11.572862	11.555829	11.602273	11.15071	11.805457	11.962849	11.507225	11.666216	11.331749	12.044049	11.440253	11.411147	11.8468685	10.443289	11.457841	11.618242	10.111358	12.006369
ADAM10_7983	5.3332987	4.6000867	4.73585	4.5756903	5.0952544	5.1875315	4.5214376	5.1946416	4.952162	4.8659616	5.024022	4.776067	4.4110556	4.730472	4.3127503	5.32614	4.714029	5.2066154	5.4891567	5.253251	5.302602	4.560636	4.827329	5.3229513	4.7335253	3.7736044	5.268561	4.449943	4.7399096	3.9030073	4.2428265	4.993321	4.625427	5.018939	4.8503594	4.453386	4.885206	4.974735	4.1318564	5.0513787	5.079719	5.303817	4.3090825	4.8064904	4.1430035	4.8376775	4.5077496	5.239602	5.0752807	5.696478	5.0474997
ADCK3_7987	2.2793405	2.7252557	2.6870766	1.306817	0.7835774	2.6765726	2.7777128	3.1282818	2.7044885	2.7294815	2.4061391	2.4661293	2.6912055	3.33128	1.6679709	2.8848794	2.9416285	2.9835122	2.5944383	2.6566756	2.3002052	3.3891368	2.2643013	1.6821929	3.1306887	2.5034022	2.8595514	3.5538383	3.348533	1.7340541	2.2923298	1.2839134	3.018777	2.3252215	2.1637886	3.0373216	2.4705205	1.9381144	1.9449388	3.1240695	2.5835295	1.7268571	1.9455801	2.919052	3.2825065	2.704639	3.934742	2.2488987	1.942873	3.5950627	3.4859993
ADCY4_7988	4.1034265	0.0	0.82956785	1.6829898	1.6618326	1.7274573	1.6765455	2.2845037	1.3654954	2.875032	1.9512244	2.0061407	2.8556545	1.795884	0.7873415	1.3766294	0.0	2.363299	3.3728328	2.259979	2.513575	3.662644	0.0	1.3061277	0.82851213	0.7374037	2.9915388	0.70663524	0.0	0.82825595	2.6910543	2.5903506	2.7061894	1.8774635	1.6269251	1.6612463	2.2908719	1.2726339	1.4383613	1.8370601	2.4007041	2.028597	2.9717042	1.6725745	1.7574636	2.5432677	3.6788332	2.2488987	2.5797195	4.4929166	2.4258175
ADH5_7991	8.056333	8.2368965	8.302625	8.332356	8.301623	8.000161	8.031578	8.151918	8.21248	8.178161	8.172024	8.345778	8.363221	8.249192	8.454832	8.242027	8.265218	8.219609	8.645887	8.263126	8.396621	9.042565	7.942465	8.232222	8.216144	8.08324	8.556406	8.285129	8.167955	8.2636795	8.300199	8.273898	8.339288	8.162291	8.101181	8.362116	8.408271	8.154375	8.414963	8.327845	8.331121	8.7400875	8.120016	8.606236	8.374881	8.224113	9.064504	8.615016	8.528998	9.327745	8.553242
ADHFE1_7993	8.097521	7.811915	7.9090714	8.036868	8.2950115	7.7952437	7.9356036	8.265191	8.20479	7.8084807	7.7693567	7.7292423	8.113979	8.096848	7.7732534	8.0424385	7.815347	7.8988905	8.082018	8.05685	7.8221626	8.134079	7.929016	7.699913	7.9615827	7.9377284	8.163787	7.7915907	7.7668104	7.657242	7.918417	8.233198	8.523881	7.97947	8.037622	7.6280704	7.966852	8.058015	7.8066254	8.362091	8.136375	8.079521	8.050329	8.053803	7.962439	8.207375	7.9811125	8.628761	8.28769	8.461225	8.493224
ADI1_7994	6.6722765	8.259721	7.7515054	7.680481	7.829835	7.597082	8.371666	7.2332153	7.6299467	7.3910556	7.820572	7.982564	6.9835196	8.039258	8.039175	8.123139	7.7521563	7.6387324	7.511147	7.7156153	7.9421473	5.3608727	8.058178	7.668926	7.815201	7.6084194	6.375873	7.4495463	8.283047	8.026829	8.129953	7.717731	7.3189845	8.162291	7.167086	7.9305325	7.722807	7.6838036	7.112495	7.5159082	7.410104	6.166752	8.087108	6.6359334	7.8626604	7.966029	5.57306	7.7776575	7.5049286	6.411262	7.664641
ADIPOQ_32429	5.4899917	5.7527604	5.8119297	6.179643	5.6454363	6.1204476	5.89667	5.7867928	5.5460544	6.0998435	5.736692	6.256002	6.0383162	5.2511215	6.2843747	6.4332705	5.951577	6.058238	6.507664	6.615005	5.941324	4.982656	6.56352	6.056112	6.6483097	5.3109226	5.132197	4.9697347	6.8520026	6.222574	5.836376	6.9252734	5.7936397	5.578938	6.0839214	5.444169	5.892458	5.7575793	6.0061803	6.3355184	6.74553	6.070855	5.8303	6.0739093	5.55561	6.556617	4.9749427	6.3978205	6.50157	5.8673425	6.5138416
ADK_32788	8.492834	8.03118	7.9773965	7.4866185	8.181296	7.834732	7.7220764	8.526838	8.308876	7.9670744	7.951659	7.7696958	8.5216055	7.846105	7.7539773	7.846202	7.889503	7.776942	8.318366	8.197591	8.244347	8.3001	7.736573	7.845588	7.6411004	7.53766	7.839617	7.867733	7.7869525	7.8245225	7.681446	8.092386	7.9033127	8.050315	8.250462	8.041284	7.8741274	8.132703	7.7078123	8.009202	8.265741	8.3553	7.861561	7.794226	8.034082	7.709706	8.170379	8.362073	8.120802	8.463891	8.206874
ADM_33168	3.894955	4.156908	4.5084467	3.8344646	4.076445	3.6504412	3.8983924	3.8242261	4.3721232	3.440461	4.004671	3.8656	3.9833133	3.9078133	3.3835778	4.2750826	4.1156726	3.5915058	3.1569264	2.9674861	3.3813758	4.560636	3.6337392	2.931203	3.4706786	3.9079125	3.6803772	2.9913046	3.97249	3.5677314	4.2428265	4.7457614	3.3886123	4.3962374	4.028212	4.0125933	3.4240882	3.538559	3.5644774	3.9212904	3.0240266	4.101853	3.6331644	4.091199	3.689876	4.133961	4.3408227	4.001153	4.5703197	5.7323084	4.150921
ADO_7995	2.0298584	2.3245585	2.038651	1.6829898	3.5632691	2.4913077	0.79261	2.2845037	2.304984	2.3851907	1.9512244	2.0061407	3.2596772	3.0732796	1.6679709	1.3766294	2.631737	2.363299	2.2015305	3.1009257	2.513575	3.8924706	1.7148082	2.931203	2.2866638	1.8752655	3.1124566	2.5983527	2.0222046	1.3511056	3.1370003	2.5903506	0.83949393	1.8774635	2.9930947	1.6612463	1.846264	1.9381144	2.615978	2.8937564	3.3610175	3.5583014	1.438908	3.0518532	3.0255773	2.3615465	3.6070757	2.460438	3.2530992	4.4505234	2.9183865
ADRB2_7997	4.6819654	4.2811027	3.3681867	3.5005035	4.7532935	4.284773	3.1785967	4.043332	4.3721232	3.696925	3.64017	4.3115497	4.4110556	4.3186173	4.0218096	4.8550267	4.714029	4.2967916	4.4981246	4.4739904	4.0618725	4.1511106	4.3772573	3.8333883	4.2360806	3.1708984	4.403563	3.5538383	2.951679	3.1301692	4.118821	4.926816	4.479903	2.942179	4.3072	4.899109	4.1062636	4.6882024	3.6972067	4.388141	4.737884	4.54415	3.0729647	2.772775	3.3956287	3.213879	4.249509	4.989876	4.2847056	5.4389973	4.8790526
ADSL_32625	6.639185	6.094939	6.240442	6.358736	6.6204133	6.1676	6.2137465	6.773667	6.5305324	5.992268	6.197559	6.1978946	6.8533607	5.991661	5.754622	6.4063673	6.1606874	6.1453075	6.7680535	6.5228763	6.772647	7.404263	6.0033774	5.8132386	6.520026	5.8169923	6.8105907	5.870646	5.7126584	5.3138585	6.2151184	6.8554773	6.2021604	6.331991	6.621542	6.0576205	6.215832	5.984247	5.8294487	6.794256	6.6462693	7.0263944	5.525456	6.19374	5.801255	5.7944055	7.4253187	6.9020867	6.954586	8.085273	7.2046366
AEBP1_33321	6.921987	7.1831737	6.924322	6.820438	6.8452425	6.534295	5.9489055	6.6456194	7.1903343	6.306452	6.808607	7.2102504	6.7937703	6.9029117	6.229605	6.7330327	6.1606874	6.73754	6.3123894	6.648091	7.0108256	5.435677	5.3148055	5.868835	6.3520646	6.6968927	6.1960063	6.2155085	6.32194	5.285452	6.688457	7.6727824	4.42794	6.9851747	6.3896604	7.160176	6.1904187	6.6146736	6.080978	5.6217656	6.011131	7.017847	6.50971	6.7959843	6.972777	6.697529	6.3427267	5.9842043	5.4718947	6.3549147	6.0886884
AEN_7998	3.5598304	3.7896457	4.238368	3.5005035	3.947468	4.805641	3.4919653	3.8242261	2.8691986	3.5311098	3.7971807	4.007672	4.3012185	3.9078133	4.0218096	3.4032214	4.052516	3.104337	4.3531976	3.6287196	3.9194357	3.8924706	2.6612716	3.402313	4.4560194	4.0884933	3.5999305	3.5538383	3.9150798	3.9030073	4.2428265	4.3485374	4.5785313	3.5480838	4.8151155	4.136044	3.7365477	3.7044504	3.166812	4.5942683	4.061393	3.460776	3.494023	3.8929985	3.3956287	3.589511	4.201589	4.5089707	4.1753836	4.687995	4.0904775
AFM_7999	3.8181863	4.501393	4.5084467	3.591516	4.5900397	4.340703	3.825755	4.172859	4.0675077	5.3118367	4.70523	2.650732	4.653833	3.33128	3.9558542	4.1509175	4.586072	4.693361	4.7885585	5.7153964	4.5224047	5.817707	4.9742417	5.0932775	5.197285	3.7014503	4.9166446	4.491069	4.601192	5.1967144	4.410885	3.1525764	3.5911903	3.9107323	4.2555523	5.2391396	3.5887606	5.442302	4.4277096	4.2966695	5.2784324	5.092159	3.8195517	4.1516447	3.2825065	4.344567	4.249509	4.8838315	4.948106	3.3403132	5.0789514
AGL_8002	2.0298584	1.767856	1.3529313	1.6829898	1.6618326	0.0	1.9740967	1.732564	2.518521	1.6378721	2.4061391	0.81086713	2.2924721	0.0	0.0	2.533521	1.6904588	1.2520635	1.2868032	1.3310965	0.0	3.8924706	1.3343891	0.0	2.036824	0.7374037	2.370703	1.8188398	1.7864426	0.0	0.0	1.952323	3.018777	0.73861325	1.9201866	1.2880224	1.846264	1.64341	1.7137712	3.4125168	3.0240266	1.3448509	0.0	1.6725745	1.3714777	1.9105306	4.249509	4.5557666	3.629802	4.8270445	4.208934
AGMAT_33108	7.637526	7.571606	7.406351	6.9805493	7.644612	8.17187	7.3791914	7.2107654	7.1981006	7.7993903	7.493368	7.3368063	7.3573413	6.9226465	7.4288654	7.0949945	8.083646	7.6830587	7.3925295	8.437269	7.3601146	8.490503	7.7921042	7.850199	7.5663	7.194202	8.14619	7.0766296	7.5992327	7.617912	7.45657	7.4775214	7.804887	7.5764785	7.6039085	7.874015	7.4014783	7.852396	7.03309	7.5360475	8.018274	7.7843447	7.623607	7.3670845	7.9062705	7.9580464	7.7590804	7.6159334	8.210127	7.0871205	7.622573
AGRN_33146	6.6613297	5.4691873	6.0162854	5.9058814	6.4162164	5.4642377	4.426382	6.50509	6.7258377	6.2935615	5.9854507	5.6227255	7.513262	6.1338897	5.5904503	6.001489	5.4371037	6.2140546	7.121299	7.0291514	6.448837	7.959172	5.0424438	6.207543	6.826532	5.157569	6.845901	5.705742	5.678564	4.690261	5.8942595	6.828408	6.48245	6.2832866	6.0540004	6.0419197	5.811424	6.655775	5.594356	6.1649537	6.847365	7.3596983	5.7408047	5.943217	5.7166896	5.758086	8.195062	6.808574	6.621043	8.116114	6.6871233
AGTR1A_33175	4.227354	4.861155	4.9322414	4.9297447	4.8999376	3.9670856	4.653219	3.9739296	4.952162	3.696925	5.387332	4.4672427	4.4110556	5.187294	4.9430556	4.4953265	4.2900763	4.5728903	4.6298127	4.4739904	5.018021	3.3891368	4.706411	3.8333883	4.601434	4.605912	4.0265417	4.175031	4.8664517	3.826207	5.0084386	4.2431602	5.3666906	4.926812	4.3072	5.467864	4.355269	5.038283	4.6071386	4.43179	4.1797047	3.8166342	4.5388503	3.3896487	3.934157	4.344567	3.4518747	4.8085413	4.386324	4.4929166	5.4832788
AGXT2_32707	12.031984	11.684261	11.804719	12.14262	11.483196	12.021582	12.087871	12.3040695	11.883956	11.974336	12.1816435	11.316091	11.553404	11.590171	11.588142	11.650592	11.823586	11.426732	11.330225	11.12931	11.53743	11.841854	12.006902	11.487183	11.129854	11.757512	12.361723	11.739816	11.775028	11.797638	11.969732	11.647868	11.345487	12.021271	11.388339	11.552237	12.059006	11.882146	11.969427	12.060652	11.675371	11.643703	12.25471	11.9366865	11.868522	11.4343	12.40548	11.754969	11.582222	11.559635	11.6553545
AHNAK_32407	9.708512	9.316619	9.345848	9.165829	10.178462	8.999514	8.551351	9.594455	9.888404	9.320908	9.560386	9.264378	10.639241	9.445759	9.464681	9.269808	9.171081	9.457307	10.55825	10.385924	9.817373	10.339501	8.404351	9.480905	10.758163	8.880676	9.871757	9.238217	9.233074	8.285358	9.17096	10.133347	9.337059	9.379873	9.052006	10.158622	9.171406	9.688469	9.1545725	9.548909	9.806787	10.224087	8.974239	8.767022	8.703512	8.945082	10.78051	10.10222	10.0526705	11.353641	9.9126835
AHR_32572	8.203189	8.158093	8.398774	8.656027	8.209698	8.531613	8.241595	8.353232	8.326697	8.457803	8.5513115	8.27025	8.068605	8.074969	8.507579	8.827937	8.382209	8.539229	8.510039	8.427773	8.793673	7.500329	8.818324	8.553897	8.50511	8.42035	8.281298	8.405637	8.72434	8.479667	8.747626	8.765147	9.133116	8.351356	8.643536	7.8059263	8.562327	8.695153	8.521748	8.832082	8.334313	7.843581	8.513634	8.256622	8.195117	8.602535	7.4408817	8.615016	8.903612	8.116114	8.823084
AHSG_8003	3.5598304	4.449393	3.9058084	3.0651855	3.2715344	5.0600524	3.0569396	3.9739296	2.8691986	2.875032	2.897397	0.81086713	3.9103696	4.433116	3.480585	2.3194807	1.6904588	2.7064807	6.2992606	5.7153964	3.1457682	3.2850893	2.0155594	4.2228994	4.2360806	2.1163197	4.740221	3.2998173	0.689217	2.0363805	3.0031052	3.3684063	3.1528687	2.1186442	2.3721387	2.4129963	2.2908719	3.0143752	2.7442534	4.0942426	2.1913016	2.4906006	1.9455801	3.173454	3.689876	2.3615465	2.7208638	7.1661286	1.2764089	3.4303215	2.4258175
AIF1_32886	6.836985	7.0322733	6.737319	6.692645	7.0632496	5.877399	6.7138767	6.7939453	7.076977	6.1999516	6.7033906	7.2889004	6.947514	7.6169915	6.872122	7.2768025	6.8122373	6.5049095	7.158125	6.3857527	7.1449127	5.741125	6.7586083	6.1338134	7.095653	6.387663	6.7372665	6.3219132	7.1544766	6.8455405	6.77317	7.0476823	6.7278275	7.150443	6.671663	6.779598	6.638592	6.845362	6.718606	6.851626	7.37333	6.395099	6.7349977	5.9602156	6.527835	6.2903	5.4139442	7.0726833	7.1478453	6.673313	7.428686
AIMP2_8006	7.0365486	7.214667	7.3036427	7.139811	7.3515015	7.035744	7.189594	7.0259547	7.150864	7.534915	7.0540147	7.047039	7.0781384	7.1572876	7.2339416	6.754525	7.2096596	7.2896004	7.0911455	7.231892	7.2303624	6.303817	7.4278555	7.668926	7.897307	7.401968	7.1583133	7.3964186	6.95529	7.43604	7.6369295	7.0080223	7.487112	7.370413	7.36893	7.437217	7.3507614	7.6177325	7.505443	7.453748	7.0473638	7.148869	7.0954146	7.4476438	7.2460155	7.287439	5.9518213	7.376262	7.9151483	6.272137	7.6954064
AK2_33292	9.545433	8.704412	9.075658	9.101477	8.966374	9.228006	8.850366	9.246384	8.766087	8.613723	8.662671	8.627464	8.613512	8.774029	8.487295	8.916406	8.792948	8.851238	8.671586	8.325813	8.6905365	9.148288	8.768854	8.714255	8.732648	8.761535	9.302998	8.733692	8.734748	8.602769	8.910766	8.939719	8.793981	8.863124	9.147191	8.442049	8.765293	8.577089	8.866429	9.140692	8.935762	9.070668	8.638648	9.31664	8.760068	8.757749	9.251148	9.070678	8.718722	9.337956	9.118122
AKAP8_8008	8.161069	6.89322	7.406351	7.248687	7.764329	7.225954	6.6936088	7.827328	7.8180857	7.1901054	7.077173	6.756299	8.142128	6.8420353	6.607974	7.438242	7.02459	7.4858665	8.11236	7.6243496	7.4791546	8.648234	6.631523	7.1235037	7.612788	6.8212643	8.258549	7.1361766	6.8596306	6.680823	7.0612125	7.9614644	7.5122833	6.754505	7.50232	7.108351	7.1009054	7.380891	7.2267127	8.065708	7.9111767	8.299977	7.089385	7.219586	7.0264616	7.147033	9.095971	8.055151	8.323362	9.204014	8.32307
AKAP8L_8009	7.637526	6.3430967	6.8289256	7.0302005	7.715648	6.8458776	6.184997	7.059844	7.8381047	6.9318213	6.923804	7.376639	7.8373036	7.277107	6.4250774	7.2693563	6.793045	7.382133	7.7226076	7.7515793	7.6182303	8.45498	6.798599	7.0371633	7.6522717	6.376121	7.5279846	6.9496136	6.4886303	6.1922927	7.009769	7.9363294	7.2155037	6.84957	7.2151947	6.7017994	6.541431	7.4112115	6.638326	7.7494445	7.0551243	7.7434573	6.5715795	6.582043	6.73551	6.735385	8.657042	7.93639	7.6902075	9.059882	8.276352
AKR1B8_8013	1.345864	5.3323293	1.7361541	3.5005035	1.9581286	0.8241397	5.0853076	1.3498102	6.1689057	4.7945623	2.5891151	5.0302987	6.055333	5.4546	4.1453104	4.9697304	0.80118436	3.104337	4.711368	0.8139097	1.7463846	5.959659	3.3405793	0.79608655	1.7344642	4.143991	5.369071	0.70663524	3.7277203	4.690261	3.7522228	5.3126874	0.0	4.794044	4.9183655	4.933553	3.2381685	0.77231747	1.4383613	3.4971333	4.485623	4.8440194	4.0849814	0.0	4.7650757	0.0	2.0380995	4.5089707	2.7418792	5.5635633	1.2973546
AKR7A2_8014	10.320125	9.87765	9.464862	9.375644	9.989711	9.612935	9.691617	10.107166	10.143966	9.509692	9.686214	9.805429	10.3444395	9.870899	9.531298	9.666892	9.742134	9.437318	10.17644	10.112279	9.808559	11.271199	9.456349	9.364852	9.36736	9.1432	10.112775	9.085473	9.292048	9.431399	9.19419	10.184945	9.895203	9.945159	10.087114	9.864941	9.631779	9.894604	9.057586	9.6213875	9.6681795	10.588967	10.127201	9.404649	9.821772	9.5617	12.101233	10.113995	9.691177	11.471949	9.875105
AKR7A3_8015	9.589408	10.516815	9.916214	9.842032	10.317077	10.6547	10.749603	10.168639	9.964367	11.153874	10.497833	9.7496395	10.426023	10.229877	10.221151	10.182066	10.577092	10.199963	9.768383	10.55972	10.309322	9.845893	10.539594	10.735551	10.335412	10.192976	10.1670065	10.359365	10.651015	10.836794	10.398603	10.02227	10.548576	10.608048	10.537172	10.536702	9.890373	10.962511	10.343805	10.059927	10.236856	10.222228	10.577893	9.454988	10.634038	10.462595	9.6773205	10.2938385	10.300587	8.976438	10.612799
AKT1_8016	8.153276	7.571606	7.5448837	7.5332823	7.90991	7.6643796	7.175048	7.875698	7.8821573	7.5833826	7.464385	7.434399	8.215873	7.3734636	7.4589376	7.687651	7.51507	7.763243	8.153066	8.04033	7.75034	8.374873	7.0006857	7.5549088	8.114802	7.5582337	8.054835	7.2955613	7.37808	7.0280695	7.6026163	8.1149645	7.774	7.6455445	7.6039085	7.9931073	7.2498083	8.011272	7.4547772	7.829136	7.733965	8.02085	7.537644	7.5466285	7.429903	7.5329003	8.410616	8.118869	7.9023395	8.737308	8.148776
AKT2_32310	1.345864	2.7252557	3.2553017	2.2280116	3.2715344	2.8407314	2.6148129	1.732564	2.7044885	1.6378721	1.9512244	0.81086713	1.3559068	1.795884	1.9647921	2.533521	2.4476285	2.7064807	3.3728328	2.4719195	2.513575	1.6721861	3.1057508	0.79608655	2.6850367	2.5034022	2.370703	1.8188398	3.163709	2.4990745	2.8555002	2.197697	1.366725	2.6664317	1.6269251	3.4716449	2.6302555	1.9381144	2.9709482	2.7631624	1.6509043	1.7268571	2.3198192	1.9697882	2.0616755	1.9105306	0.0	2.2488987	3.629802	3.141468	3.4859993
ALAD_8017	5.780411	5.3033276	5.3719754	5.0629387	5.4450064	4.9202075	4.3246193	5.8655496	5.9286695	5.6316133	5.6569595	5.217415	6.003669	5.6087337	4.641223	5.006024	4.8686957	4.7684255	6.160951	5.815876	5.4130507	6.804861	4.8654838	4.8199863	5.134941	4.8254848	6.00617	4.68076	4.181693	4.45546	4.740381	5.9538913	5.2814116	5.4958773	5.789261	5.5808315	5.319588	4.9418797	5.015799	5.504017	5.7493777	6.892549	5.1844344	5.140615	5.3179617	4.9705873	6.8880877	6.2348332	5.424902	7.3633156	5.7409277
ALAS1_8018	7.6706553	6.6499934	7.3593287	7.330233	6.9750013	6.714447	7.453393	8.220943	7.150864	7.3355417	6.836019	6.227241	7.456748	7.0082555	6.5194225	7.1033945	7.0810637	6.9936337	7.179778	7.2391486	7.0877767	8.004927	7.520441	7.393685	6.9126663	6.9973245	7.2730136	7.8160725	7.5854983	6.4052787	6.5984583	6.8465104	7.4550176	7.4163084	6.590612	6.750913	6.469302	7.059594	6.62172	7.291448	7.0628433	7.789375	7.7243237	7.268173	7.3338065	7.22228	8.990644	7.8356957	7.893737	8.192057	7.6903243
ALAS2_8019	4.4973273	5.856228	5.229826	4.2797976	4.076445	5.819527	6.437428	5.4459786	6.0014853	5.1496277	5.6153774	5.4088683	5.1420355	5.3122444	5.5463123	5.767825	4.445652	5.5844164	4.451415	4.614536	4.5708647	4.264894	4.8654838	5.1240673	5.7274346	4.4821725	4.0868177	4.531055	4.896426	5.7478323	4.7818613	4.706655	3.8500173	5.0772424	3.6820183	5.444169	5.6897388	5.1575513	5.160784	4.199003	3.714618	3.8933966	5.4521637	4.1516447	4.997898	5.0019855	5.110866	5.4020805	4.9144797	4.613098	4.688305
ALB_8020	6.827224	7.547075	7.2749724	5.7166696	5.802864	7.2407284	6.048024	7.8174567	5.9098763	5.568805	5.9690366	5.6227255	6.9566	6.9517508	6.650292	5.7465315	5.934163	5.2596154	8.839702	8.940772	6.1310315	5.836234	5.82124	7.0770507	7.028651	5.016011	7.495	5.3285346	5.3289127	6.0810037	5.6017346	6.184861	5.8735137	5.9813304	5.4185543	6.28805	5.5568366	5.7575793	5.5246086	6.8834124	5.405285	5.9681273	5.7408047	5.4840283	6.342722	5.6432977	5.4553986	10.469853	5.7826552	5.8511386	5.8543286
ALDH1A1_8022	11.433319	12.064321	12.272734	11.59461	11.926103	11.818984	12.058454	11.567515	11.346975	11.296378	11.595835	11.599234	11.294128	11.604751	11.704735	11.628572	11.437163	11.852551	11.157745	11.169269	11.366946	10.439829	11.726011	11.38005	11.784964	12.339924	11.670645	11.738482	12.092784	11.95725	11.948829	11.8174925	11.921924	11.900573	11.500745	11.246272	11.576563	11.088878	12.412353	11.696656	11.68884	11.477952	12.517246	12.886803	12.429891	12.441753	11.738464	11.743645	11.959595	11.933378	11.746315
ALDH1L1_32662	5.0937805	4.9758754	4.8568616	5.242175	5.603241	5.304655	5.288162	5.681886	5.6402764	5.4343376	5.6569595	5.0302987	5.2931385	5.559163	4.9086037	5.32614	5.0734506	5.1232753	5.6425724	5.336797	5.657026	4.8792467	5.258569	4.9286256	4.7749977	5.596019	5.132197	5.416555	5.5711617	5.3958683	5.1733747	5.738146	6.055761	5.517095	5.0755525	5.293193	5.2474875	5.442302	4.9640417	5.956621	5.608813	4.919376	5.6121273	5.4362297	5.4284406	5.3086166	5.57306	6.018019	6.069088	5.622032	6.0255213
ALDH3A2_8024	4.9209914	5.1158924	5.2593985	4.9978786	5.2672544	5.0600524	4.849189	4.551971	4.952162	3.9804323	4.537262	5.0302987	5.554822	5.0141573	4.9430556	4.5455074	4.3956347	4.972693	5.343279	4.93361	5.018021	3.7433898	4.5275993	4.8571157	5.0360622	4.248965	4.8486414	4.6078486	4.8664517	4.690261	5.076692	4.8923774	5.190773	5.239223	4.4970746	4.863822	4.9165425	5.3451347	4.8258905	4.474157	5.079719	4.9556274	4.5388503	4.1516447	4.5859623	4.652222	5.0580235	5.239602	5.376327	5.2786183	4.914352
ALDH4A1_8025	5.7393622	4.395448	4.0481544	4.5756903	4.714179	4.6371956	3.3948803	5.6150737	5.496531	4.7945623	4.4453254	4.6943655	5.5061455	3.4448164	4.20331	4.6409187	4.6299973	4.530389	5.6425724	5.3636045	4.946362	5.3087573	3.719566	4.3842144	4.175426	3.842321	5.59341	4.123652	3.432763	2.9963596	4.118821	5.232359	5.5959015	4.4413314	5.5742245	3.8775816	4.885206	5.006859	3.6972067	4.5553317	5.2784324	5.895339	3.2563734	4.6050706	4.5374804	3.9530077	5.7829986	5.476936	4.7715435	6.3663616	5.4595776
ALDH6A1_8027	11.186545	11.1290865	10.616615	10.797709	11.244558	10.836505	10.740371	11.1801	10.575178	11.136835	10.863515	10.878157	11.285141	11.31297	10.910352	11.3040285	10.9315605	11.02281	11.376666	11.663377	11.106335	11.30235	11.073946	10.709141	10.8001995	10.634392	11.300488	10.545961	10.656499	10.974949	10.529937	11.28192	10.5599375	11.115902	11.191536	11.199715	10.858184	11.006867	10.547659	11.036016	11.097065	11.309161	10.501049	10.899543	10.788326	10.665567	10.842854	11.250343	10.827616	11.091004	11.0171585
ALDH7A1_8028	13.257099	12.021278	12.53738	12.810188	12.619367	12.683729	12.08617	13.148228	12.653558	12.536278	12.441655	12.30079	12.837956	12.209276	12.20945	12.594667	12.205413	12.579081	12.818315	12.496414	12.564368	12.787796	12.246439	12.258182	12.083078	12.569447	13.111634	12.74147	12.174374	12.128447	12.439102	12.579771	13.408767	12.295765	13.142694	12.069919	12.737719	12.206053	12.693062	12.864631	12.748179	12.7910595	12.387033	13.142866	12.53376	12.351318	12.765418	12.534073	12.294224	12.571655	12.403572
ALDOA_32991	11.493575	10.100527	10.198787	10.515598	10.946916	10.4522	10.248474	11.123637	11.0085	10.431375	10.096413	10.278178	11.529627	9.94755	9.936973	10.519916	10.254699	10.393196	11.222204	10.711555	10.668562	11.609177	10.10583	10.014226	10.583163	10.210141	11.533554	10.50011	10.229669	9.93852	10.251341	11.168672	10.408962	10.18692	10.933084	10.129204	10.133119	10.16488	10.285037	10.869928	10.924047	11.467791	10.114638	10.95094	10.270492	10.271305	12.061515	10.820011	10.770613	12.279796	10.724533
ALDOA_8031	11.9150305	10.740194	11.005479	11.09999	11.291402	11.135727	10.721725	11.556058	11.382767	11.330697	10.909936	10.837702	11.93471	10.852232	10.601475	11.281072	10.780797	10.996217	11.995678	11.502707	11.1789665	11.936657	10.648913	10.927233	11.23018	10.965676	11.9250145	11.0993595	10.667949	10.441662	10.792174	11.30665	11.404236	10.879351	11.520025	11.022552	11.07288	10.625586	10.956397	11.449002	11.669695	12.277447	10.756421	11.838404	10.874408	10.81337	12.319695	11.324425	11.466254	12.650872	11.33915
ALDOB_8033	16.302637	15.452675	16.048002	16.197777	15.95837	15.875611	15.565852	16.209633	15.932136	15.767057	15.8277235	15.937082	16.028355	15.872258	15.851051	15.974814	15.811675	16.064642	16.012135	15.705962	16.02462	15.940299	15.685579	15.7072735	15.41704	15.911215	16.35698	16.085106	15.676398	15.724277	15.797205	16.249508	16.079212	15.797507	16.34948	15.628878	16.195673	15.7159815	16.083992	16.0934	16.04765	16.055466	15.8468485	16.191792	15.968357	15.808644	15.703389	15.779705	15.653006	15.842952	15.564217
ALOX15_8036	3.4622953	4.090557	2.851444	3.1869333	1.2885287	4.284773	5.1757584	3.9010189	3.5893483	2.3851907	2.897397	3.4336874	2.0423498	3.5500658	4.20331	4.1509175	2.7949874	3.4158573	0.0	3.4401016	2.513575	2.425981	3.2279377	3.7568672	5.0360622	2.9395516	2.8595514	2.439345	2.4024103	4.3496795	2.8555002	2.197697	1.366725	3.8451312	1.6269251	4.453386	3.2381685	1.64341	3.2555978	2.4600666	0.7768912	1.3448509	3.6980062	2.772775	2.0616755	2.5432677	3.934742	3.7015753	3.1412594	2.910767	3.4859993
AMACR_8038	11.497812	11.501238	11.476375	11.602496	11.29679	11.603716	11.589022	11.552715	11.413112	11.955534	11.578357	11.346498	11.533807	11.273652	11.313591	11.490096	11.364674	11.522341	11.439719	11.833926	11.633958	12.489118	11.815221	11.610202	11.26789	11.604258	11.611923	11.733671	11.304014	11.775468	11.419582	11.417896	11.770092	11.435089	11.648846	11.214672	11.355372	11.660899	11.620053	11.831347	11.514402	12.063914	11.594552	11.682288	11.614721	11.944539	12.234265	11.600328	11.724845	11.963839	11.786758
AMBP_33085	2.2793405	3.295734	2.9989855	1.9810864	2.5968776	2.4913077	1.9740967	3.3635519	3.5893483	2.1763573	1.6554753	2.0061407	3.4773233	3.0732796	2.42098	2.71987	0.0	1.9121275	3.944735	4.4739904	3.0117643	3.4861825	2.0155594	2.6216867	2.2866638	1.5856925	3.1124566	1.8188398	2.2247963	1.3511056	2.0422144	2.7527363	2.5201793	1.5877075	1.6269251	0.0	1.2002778	2.5743628	2.1441302	3.9812746	2.7457702	3.2433975	1.7143735	0.7901686	2.0616755	1.9105306	2.4195006	5.615915	3.629802	3.5950627	3.1727722
AMDHD2_8039	6.370106	6.2397366	6.2842574	6.3457217	5.978193	6.34216	6.28321	5.903373	5.8908353	6.1999516	6.197559	5.956417	6.5633836	5.8950763	6.25725	6.218085	6.0838046	6.1024294	5.9587126	5.835159	5.9039826	6.23567	6.4675565	6.1785016	6.130332	6.4875827	6.209625	6.2398415	6.242484	6.691687	6.1373534	5.574012	6.43058	6.0411425	6.413421	5.9773493	6.215832	6.4256163	5.993328	6.3355184	6.0887957	6.395099	5.914566	6.3437705	6.2098103	6.4353566	6.386247	6.3978205	6.200457	6.4001675	6.276745
ANKRD10_8048	3.122527	3.7034745	3.6618972	3.677126	4.2505713	3.3569534	3.2907877	3.7431152	4.2578745	2.7294815	3.7208104	3.6222255	4.357182	3.8263452	3.167487	3.8650463	3.510384	3.5063531	4.7885585	4.897377	4.1281424	3.2850893	2.0155594	3.9060543	4.175426	3.7736044	4.0868177	2.9913046	4.181693	3.2526147	3.5747921	4.00606	3.493454	3.9107323	3.6015635	3.270766	3.0246947	3.538559	2.3191266	4.6321816	3.548624	3.1210482	2.862796	3.2855973	2.3127773	3.213879	2.4195006	3.4273803	3.9941003	5.070428	4.02739
ANLN_32599	4.395317	4.9004173	4.6931467	4.894432	4.4059267	4.544973	3.582927	4.291709	4.5766063	4.420659	4.1860375	4.651712	4.4629893	5.085924	4.3645067	4.443337	4.586072	4.1916203	4.7885585	4.8220615	4.909152	4.4686303	3.8005724	4.3324213	5.197285	4.524609	5.04373	4.848383	4.6722174	4.045334	4.9730616	4.5386796	4.42794	4.4850583	4.201987	4.303423	4.717422	4.6882024	4.538021	4.705144	3.9983876	3.8166342	3.2563734	4.1516447	3.2825065	2.9816122	3.4518747	4.989876	4.8447814	5.659735	4.8428674
ANO10_8049	6.827224	7.005514	6.5101666	6.650933	7.1016445	6.7458572	6.3623786	6.8039784	7.142839	6.8372808	6.7033906	6.57415	7.5617027	6.711988	6.564378	6.9810977	6.8217382	6.8881903	7.179778	7.337082	6.9480014	6.614058	6.60921	6.874659	7.220987	6.432928	6.979087	6.8738966	6.3654523	5.8676443	6.4390616	7.271869	6.48245	6.6812077	6.9157953	7.0149336	6.47983	6.9399076	6.444211	6.906801	7.085756	7.0263944	6.057327	6.479658	6.4901185	6.26464	5.846698	7.173649	7.0192895	7.066215	7.146447
ANXA1_33262	6.54704	7.058545	6.4853535	6.0085387	6.799259	5.779615	5.823943	6.3076777	7.126653	6.2935615	7.0304785	6.5394754	6.823873	7.401862	7.1771846	6.392725	6.3564234	6.0126505	7.158125	7.441425	6.709116	7.070446	5.5438237	6.6914988	7.1906595	6.2170177	6.399831	5.8069277	6.170713	5.6620464	6.5270715	6.8994937	6.695227	7.3169727	5.3708076	7.7634754	6.541431	6.7536807	6.0440636	6.2527556	6.3633738	6.864223	6.943247	5.6185985	5.975145	6.352522	7.2829094	7.5538926	6.7788653	8.046661	6.8418055
ANXA2_32713	4.4472237	4.820794	4.1777077	3.4033608	4.7913756	3.9670856	3.8983924	3.9739296	5.0921063	3.696925	4.347129	3.9383843	4.653833	3.8263452	3.6569836	4.3894033	3.9172494	4.394814	4.4981246	4.9689555	4.310437	4.8792467	4.1488166	4.4825354	5.31443	3.1708984	4.5391774	3.2998173	4.6722174	4.8539634	3.833374	4.6251106	3.6827233	4.4413314	2.9930947	4.899109	3.7365477	4.0510454	3.4182882	3.5770605	4.1217613	4.101853	4.350009	3.486698	4.0071836	4.0158815	4.5077496	4.6010923	4.733482	5.204023	4.2647033
ANXA4_32944	7.580562	7.1590943	7.106211	7.0543995	7.8525276	7.149723	6.6936088	7.4721756	7.406854	6.98891	7.2969427	7.330059	7.9370747	7.071497	7.08763	7.7098255	7.057131	7.1421537	8.047101	8.048614	7.407582	7.321206	6.992089	7.288886	7.897307	6.610878	7.565538	6.897032	7.123131	7.036617	6.9010277	7.4541	7.774	7.190614	7.306852	7.466917	7.009405	7.380891	6.544531	7.4377804	7.7861905	7.7589264	6.9565587	6.990556	7.1605597	7.1540384	7.4095864	7.7120304	7.832037	8.534085	7.8583403
ANXA5_32426	7.1815057	8.30797	7.2965283	7.169657	8.343878	7.5444655	7.287505	7.1725545	8.326697	8.202501	8.214418	7.6717	8.332141	7.9886665	8.019131	7.826042	7.5033092	7.7860026	8.614431	8.511062	7.8420434	7.3792124	7.459382	8.207277	9.4287405	7.46325	7.6072917	7.0900764	8.335956	7.335715	7.771716	8.050052	6.890251	8.06119	7.095451	8.910382	7.12793	8.165091	7.112495	7.377672	7.7579384	7.6302676	7.6319284	6.965519	7.409843	7.5436087	7.3775973	8.164875	8.251115	8.0608225	8.084372
ANXA7_8051	4.7246556	4.449393	3.9058084	4.223995	4.9343824	3.894199	3.0569396	4.453426	3.6808712	3.9804323	2.897397	4.1369987	4.653833	3.33128	3.5714786	4.0845833	4.2900763	3.9550426	5.061648	4.2042418	4.0618725	4.264894	3.8005724	4.2786994	4.646822	3.5453217	4.740221	3.7697577	3.85529	4.505577	3.9102025	4.5386796	3.999912	4.3496885	4.3072	4.1940217	3.9332168	3.7807512	3.9837794	4.808103	4.9853954	4.8440194	3.0729647	3.9621353	3.5983036	3.8183901	4.726708	4.3049483	4.808627	5.659735	4.5151744
AP2M1_8054	9.659845	9.850341	10.012707	9.895477	9.547597	9.863781	9.890577	9.523364	9.627353	9.563034	9.623361	9.506521	9.3914995	9.384818	9.696912	9.844001	9.583632	9.779959	9.548844	9.309845	9.5551605	9.09351	9.866961	9.732656	9.707045	9.82393	9.40418	9.686248	10.028657	9.6252	9.862906	9.43002	9.485842	9.55806	9.670363	9.429453	9.761479	9.502425	9.675731	9.839642	9.693262	9.552668	9.648162	9.984755	9.871513	9.9395685	8.940434	9.614557	9.875045	9.689653	9.753677
AP3M1_32866	5.514529	6.50469	6.546604	6.470864	6.3666286	6.5814853	6.6936088	6.111586	6.230788	6.1860685	6.2663403	6.4427156	5.691711	6.5564694	6.691404	6.6204867	6.2618723	6.253783	6.2726393	6.128772	6.209652	5.3608727	6.3911476	6.2218475	6.338297	6.444026	5.712976	6.0602055	6.9694595	6.5555787	6.3727393	6.03506	6.038538	6.5012565	6.0079217	6.475049	6.426407	6.30161	6.2633295	5.956621	6.0887957	6.1196003	6.518712	5.9260154	6.1785345	6.716581	5.7500625	6.666554	6.535147	5.9609213	6.832609
APBB1IP_33101	2.491974	0.8494589	2.9989855	2.9322088	3.1595216	2.8407314	2.924071	2.9944959	3.1510859	2.7294815	1.9512244	2.9613252	2.8556545	3.5500658	2.604365	3.4032214	2.23654	2.851636	2.9029238	2.4719195	3.3813758	1.2974738	2.4763973	1.9802222	3.3660054	2.8082936	2.552685	2.439345	2.5605352	2.8488586	2.505423	1.952323	2.8709326	3.4631736	2.7157705	2.5961618	3.0246947	3.4478643	1.7137712	2.07588	2.7457702	3.1210482	3.340016	2.2161078	2.87763	2.704639	2.9700236	2.2488987	3.1412594	3.670877	3.4859993
APBB2_8056	5.125987	5.012174	5.229826	4.964214	5.0952544	4.6371956	4.988804	4.8519063	5.3084435	4.420659	4.855666	5.217415	4.86158	5.2195606	4.9430556	4.814672	5.0734506	4.8741713	4.897113	5.194739	5.018021	4.4686303	4.6197734	5.1240673	5.227475	4.8254848	5.0738254	5.305664	4.601192	4.965598	4.936795	5.388778	4.3180375	5.4958773	5.3708076	5.0322104	4.9165425	4.8385706	4.4277096	5.504017	4.737884	4.804812	5.4708385	4.2654305	5.1983166	5.1494794	4.546629	5.267985	4.980966	5.204023	5.5065966
APCS_8057	6.6613297	6.843722	6.942667	7.101613	6.7709494	6.7458572	6.620342	6.5534706	6.8591657	5.672016	6.4191556	7.3027506	6.3729157	7.4228	6.8541303	7.559199	6.8026733	6.537466	6.709711	5.73606	7.028284	3.1729507	6.3242292	5.4977107	5.617736	6.6206923	6.3391733	5.823123	6.458808	6.691687	6.6441593	7.1749115	6.7701797	6.435914	6.413421	6.6509547	7.0452876	6.5176764	6.1976185	6.8834124	6.483266	5.8765535	6.5365505	6.4558845	6.552442	6.7260137	3.6788332	7.1201625	6.1289554	5.3026505	6.39392
APEX1_8058	6.693923	6.8336153	7.1384	6.8575854	6.8178287	6.911982	6.7922153	6.8139424	6.46767	6.3814654	6.5127215	6.40469	6.2000737	6.382138	6.3628173	6.2934365	6.219373	6.6106896	6.2591424	6.0318227	6.524604	6.119462	7.0594716	6.087696	6.6258183	6.352757	6.5139933	6.3104706	6.448728	6.5908284	6.563206	6.8643885	6.811324	6.5840173	6.580153	6.8712945	6.806907	6.593675	6.62172	6.7345104	6.7359056	6.271126	6.4355917	6.6878824	6.515372	6.7722726	6.1415496	6.8560877	6.7600565	6.7712913	6.860025
APLN_33320	3.122527	2.8903687	3.2553017	2.2280116	1.9581286	2.6765726	3.0569396	2.682742	3.6808712	1.2678612	2.897397	2.0061407	2.6912055	2.7588696	1.9647921	2.3194807	2.4476285	3.5063531	3.3728328	2.4719195	3.9924111	3.0513556	2.2643013	1.3061277	3.3660054	2.1163197	2.9915388	2.439345	3.432763	2.4990745	3.1370003	3.2645237	1.366725	3.062516	2.5541615	2.4129963	2.6302555	2.1827102	2.8620489	3.013504	2.4007041	2.4906006	2.1448007	2.772775	0.0	3.3173459	3.8748934	3.7825003	2.3969975	3.7429054	1.9692172
APOA1_33150	6.523054	6.57917	6.3544507	5.42652	5.66608	6.4604826	5.4896817	7.034502	5.3920717	4.966842	5.230917	5.687503	6.331608	6.831635	6.172674	5.5392637	5.1357164	5.5844164	8.123576	7.678732	5.634403	5.5964694	5.342123	6.433304	6.7966385	4.8254848	6.8105907	5.416555	4.4066367	5.2269044	5.204214	5.6988297	5.5234704	5.018939	5.296087	5.0322104	4.853174	5.3197846	5.374102	6.1256247	5.330519	5.4883585	4.990991	5.460327	5.579752	5.0019855	5.664274	9.301008	5.890361	5.7145042	6.073154
APOA2_33095	4.285542	4.2203417	4.0481544	3.2992017	3.3754735	3.1218095	3.4919653	4.2335076	3.1510859	1.9320939	2.897397	3.216753	3.0032618	3.33128	3.480585	1.7633755	3.3089392	2.851636	4.7885585	4.2623773	2.6994162	3.8924706	3.6337392	3.185903	4.112109	2.663887	3.8978634	3.101637	3.432763	2.6845412	2.2923298	2.197697	2.8709326	3.173584	2.7157705	2.5961618	2.0856278	2.1827102	2.475174	4.248663	3.3610175	3.2433975	3.0729647	2.919052	2.3127773	2.8497622	2.7208638	7.0565033	3.9282308	4.5340996	3.9614177
APOC1_8063	5.7600327	6.3713174	5.288377	4.042337	4.6326175	5.819527	4.474693	6.2353773	4.797169	4.900378	4.4453254	4.9966097	5.6248894	5.8749585	5.3802414	3.9419975	4.4939933	4.1916203	7.1508346	6.9429016	4.310437	4.5153666	4.1488166	5.6951737	5.84893	4.0884933	5.8409934	4.4076104	4.5643234	4.3496795	4.410885	4.9604516	4.5785313	5.048385	4.451897	4.7133546	4.527525	4.727289	4.2227526	5.25949	4.2890453	4.9556274	4.1788387	4.091199	4.3254046	4.2431035	4.3408227	8.872363	4.980966	5.0133224	4.7285256
APOC3_32553	4.395317	4.7792716	4.6931467	3.5005035	4.1948323	4.394545	4.7739644	3.9010189	4.426025	3.9804323	4.1860375	4.365336	3.8335404	4.4871287	3.8141444	4.3894033	3.4131749	3.8204114	3.6460412	4.8220615	4.310437	3.5771093	4.1488166	3.5904546	3.2531395	4.0884933	3.9636366	3.7697577	3.7929146	3.9030073	3.9831457	3.7985559	4.199067	4.8619547	4.028212	2.7586706	4.1596217	4.1693053	3.166812	4.038864	4.574702	4.4456296	4.503008	4.469171	4.5859623	4.344567	4.047469	5.4274664	4.2847056	4.8270445	4.5151744
APOE_8064	10.52799	10.233305	11.339866	11.638292	10.334108	11.066407	11.858764	10.956607	10.341845	10.315003	10.898605	11.589026	10.533915	10.461684	10.774065	11.063704	10.6355	10.464064	10.281149	9.808835	10.775811	10.615684	11.692575	9.957658	10.416271	11.803207	10.872592	10.508271	11.61861	11.094896	10.59538	11.243586	10.476067	10.88242	10.764919	10.590983	11.486119	10.181687	10.482472	11.0047455	10.573145	10.077574	10.724678	11.337479	10.227205	11.02685	10.566048	10.447537	9.717009	10.557618	10.204989
APOH_32855	4.883804	6.6499934	5.4764	5.611863	5.5816708	5.607913	6.03197	5.745741	4.797169	7.490422	5.6973767	5.35671	6.5633836	5.8950763	6.0196667	5.96508	6.4695387	5.684717	6.3887477	6.5581174	6.030658	6.7954235	6.4675565	6.4816566	5.829378	5.782435	6.828354	5.234793	5.3289127	6.0305486	5.6017346	4.8923774	5.57216	5.8199596	6.1977615	6.5323577	5.5568366	4.873835	5.8149133	6.2888083	4.8844705	5.092159	5.8303	5.993624	6.1626387	6.0105085	5.534896	7.536499	5.4718947	5.502624	6.3036184
APOM_32774	7.956886	8.502327	8.348063	8.168339	8.415733	8.272357	8.700996	8.283235	7.852939	7.8354125	8.228277	8.673498	7.364186	8.379854	8.381362	8.31617	8.114896	8.068144	7.620748	7.720808	7.8420434	7.4945087	8.374895	7.803409	7.9435086	7.722189	8.062361	7.973091	8.471561	8.482798	7.986528	7.7755632	7.7530355	8.510577	8.119354	8.187595	8.39998	7.950631	7.8887296	7.912379	8.061296	7.346107	8.553603	7.9124823	8.4618845	8.451513	6.9401197	8.130508	8.079676	8.092184	8.329622
APP_8067	12.16629	10.06425	10.565741	10.903627	11.549279	10.9300585	9.614208	11.790786	11.891758	11.227309	10.551873	10.943158	12.070638	10.533229	10.14458	11.35724	10.41	10.7016535	12.013121	11.674459	11.385693	12.439996	10.034361	10.582534	11.012306	10.073896	12.185146	10.800781	10.010784	9.433019	10.284187	11.731219	12.281211	10.584372	11.82942	10.292365	11.077652	10.989891	10.407557	11.476292	11.889359	12.481395	10.2267	11.3831005	10.238624	10.173864	13.191915	11.343721	11.254544	13.013994	11.306723
APPBP2_8068	7.028052	7.199006	7.260421	7.0938506	7.086409	7.3332415	6.8755426	6.9556904	7.1184916	7.133361	7.1876965	6.9089804	6.9835196	6.8523617	6.881034	7.0435414	7.0327945	7.2244406	7.303284	7.054052	7.2602215	7.1166477	6.9214034	7.2192974	7.2359147	7.0779023	6.9711137	6.9347844	6.8596306	6.9120846	7.3154006	7.2785516	7.018766	7.037507	7.153041	7.0623984	7.066396	7.0049734	6.749508	7.053726	7.2229824	6.956558	6.711634	6.973913	6.897941	6.967818	6.9031463	7.239627	7.225312	7.575443	7.5001297
AQP2_32968	4.1034265	2.8903687	3.6618972	3.0651855	4.546167	4.102663	2.2206478	4.172859	4.3721232	4.2172728	3.2631965	2.8143709	5.4035697	2.5715709	2.2108426	3.4032214	3.7679756	3.319303	5.317465	4.93361	3.9194357	6.057648	2.0155594	3.8333883	5.2860236	2.8082936	5.0738254	3.7697577	3.432763	1.7340541	3.3724391	4.6251106	4.53006	2.6664317	4.3072	3.6479416	3.4240882	4.1693053	2.7442534	4.9348626	4.61726	4.9556274	3.1675818	4.02811	3.689876	3.213879	6.8262296	5.1509423	3.9941003	7.187332	5.0474997
AQP7_8072	8.13361	8.145893	8.164868	7.832817	8.159622	8.084479	7.7370076	8.159754	7.797785	8.20938	8.164836	8.121895	8.356372	8.08376	7.9145045	8.131377	8.254734	7.865087	8.220778	8.339381	8.320722	9.2028475	8.161466	8.087407	7.8251066	7.5885544	8.626613	7.962164	7.576269	8.138245	7.837126	8.452937	7.789526	7.606484	8.263595	8.118166	8.050448	7.658748	7.864232	7.946635	8.225042	7.9235425	7.3231673	8.115802	8.077118	8.080756	8.5510845	8.294698	8.364412	7.924211	8.368322
AR_32869	6.921987	7.1428156	7.0898438	6.9378266	7.547817	6.948439	6.4495654	6.862756	7.182526	7.020546	7.481845	6.988257	7.1191773	7.1738505	7.2408814	7.1283045	7.0080404	7.0991807	7.386335	7.6408806	7.1368876	7.584929	6.83751	7.029052	7.011403	6.778066	7.385275	6.971575	6.681727	6.691687	6.938193	7.1677303	6.9187703	7.566336	7.422604	7.2031617	7.009405	7.429103	6.9289517	7.088233	7.159604	7.2904243	6.5715795	6.869809	6.788261	6.7993326	7.193866	7.458604	7.2524815	7.525263	7.3663225
ARCN1_8074	8.51124	8.217595	8.263026	8.292219	8.230638	8.213658	8.00715	8.532884	8.389091	8.346753	8.075659	8.053911	8.655966	7.851263	8.093863	8.102336	8.182827	8.284983	8.624992	8.552426	8.244347	8.785649	7.9907327	8.360589	8.544615	8.2537565	8.490995	8.290962	8.082532	8.118251	8.349312	8.392614	8.437822	8.291045	8.391727	8.180442	8.314342	8.460143	8.107273	8.576583	8.321501	8.77601	8.125919	8.31395	8.325764	8.230755	8.790581	8.791575	8.653973	9.216718	8.809086
ARF1_32413	10.617079	11.207979	11.329883	11.08734	10.816794	11.18239	11.298667	10.679142	10.775327	11.091009	11.101412	10.7664	10.632171	10.880256	11.301609	10.981217	11.265032	11.198925	10.765767	10.729055	10.799518	10.796266	11.279561	11.228018	11.228781	11.46887	10.73693	11.312246	11.526375	11.301839	11.380878	10.492145	11.336266	11.260519	10.951966	11.079896	11.197304	11.094027	11.2564945	11.273447	10.997878	10.801196	11.428041	11.154349	11.277769	11.367314	11.106651	11.205647	11.428039	11.1309805	11.356499
ARFIP2_8077	5.305445	4.7365184	4.8568616	4.7036085	5.34613	4.6371956	4.6946006	5.393788	5.02383	4.8659616	4.819502	5.0302987	5.6248894	5.0141573	4.641223	5.075982	4.445652	4.839777	5.854863	5.6944327	4.9826365	5.3350506	4.6197734	4.996757	5.31443	4.29872	5.416816	4.750163	4.8664517	4.403539	3.6662335	5.3126874	4.9541054	5.133281	5.133926	4.6317945	4.68139	4.873835	4.4277096	5.0513787	4.8844705	5.33167	4.503008	4.7292633	4.8065834	5.0327153	5.0580235	5.4020805	5.517405	6.222612	5.779727
ARG1_33267	4.227354	4.0210066	3.747865	3.5005035	4.013397	3.6504412	2.2206478	4.043332	3.7669325	3.1283326	3.3670683	2.650732	4.822355	3.8263452	2.604365	3.0329375	3.07473	2.9835122	5.030208	5.0700746	2.8640268	3.4861825	2.6612716	3.7568672	3.9035544	2.8082936	4.7021914	2.260616	2.0222046	2.2861977	3.6662335	4.069087	3.493454	3.3729517	3.3291726	2.9047132	2.6302555	3.3510835	3.0722015	3.3226266	2.7457702	4.4456296	2.862796	3.0518532	2.5265856	2.9816122	4.249509	6.9020867	3.5444415	4.6510324	3.4859993
ARHGAP1_8078	6.54704	5.38864	5.6649885	5.567712	5.7065024	5.6963167	5.4896817	5.7867928	5.3368616	5.651956	5.387332	5.8472433	6.2600183	5.6328945	5.103959	6.154835	5.36095	5.9333158	6.425463	6.5347195	5.564326	6.7275753	5.107567	6.02382	5.9609838	5.596019	6.1114807	5.5779576	5.0904317	4.600872	5.734423	6.694901	5.8341293	5.8702936	6.2113805	6.3531137	5.6897388	5.968021	5.4323974	6.380764	5.7301164	6.49701	5.525456	6.0100427	5.454787	5.623246	6.8103414	6.05106	6.0381956	7.128044	6.5138416
ARHGAP11A_8079	2.6772566	3.6118274	3.1328285	3.2992017	3.5632691	2.6765726	3.582927	3.7431152	3.8481479	3.1283326	3.3670683	3.329294	4.1189895	3.9078133	3.3835778	3.6976154	3.4131749	3.319303	3.6460412	3.9449909	4.0618725	3.0513556	3.8772712	3.185903	4.5061374	3.1708984	3.5999305	2.8718307	3.6594398	3.1301692	3.833374	3.4653084	4.42794	4.4850583	3.3291726	3.6479416	3.6645458	3.6238878	3.339235	3.7247438	3.7909622	4.283957	1.9455801	2.4264417	1.3714777	3.413886	3.5315611	4.249093	4.6128726	5.125359	4.6043353
ARHGAP30_32923	4.592598	4.2811027	3.2553017	3.757939	4.500918	4.036466	3.0569396	4.109549	4.6234994	2.3851907	4.347129	4.1369987	4.608436	4.638	4.0848813	4.015051	3.510384	3.319303	3.7267091	3.5374908	4.1281424	4.0906663	3.4450598	3.676059	4.045885	3.9706514	4.4501987	2.9913046	3.432763	3.2526147	3.833374	4.9604516	4.199067	4.5687265	3.8995237	3.4716449	3.8051264	4.111387	4.0841665	4.1475735	3.6340072	4.4957304	3.494023	2.772775	3.5983036	2.9816122	4.426699	4.410563	4.11745	5.2541795	3.7432039
ARHGAP9_32400	2.2793405	1.767856	2.038651	2.2280116	2.2038183	2.6765726	3.3948803	2.2845037	3.1510859	1.9320939	2.1965384	1.3268428	3.0032618	2.5715709	1.9647921	1.7633755	1.6904588	2.1552784	2.2015305	2.259979	1.7463846	3.1729507	2.0155594	1.3061277	2.8493636	2.5034022	2.8595514	1.5340518	1.7864426	1.7340541	2.0422144	3.3684063	2.055782	1.8774635	1.6269251	1.6612463	2.4705205	1.2726339	1.0976686	3.013504	2.1913016	3.1210482	2.3198192	0.7901686	2.5265856	2.1535919	3.7471902	2.6448896	3.0200155	3.9996767	3.284909
ARHGDIB_32723	6.2583184	6.3713174	6.1798706	5.567712	6.275524	5.584939	6.387831	5.940229	6.0014853	5.4343376	6.2663403	6.630151	6.4649367	6.593875	6.691404	6.105509	6.34329	5.8835325	6.4010906	6.144315	6.435813	6.0888863	5.1698766	6.193095	6.432021	6.0085726	5.8755765	6.1138525	6.4180603	5.6171613	6.003493	6.6020536	4.259778	6.736527	5.595153	6.862383	6.16455	6.506485	5.6930356	6.0294595	5.405285	5.7787704	6.1872244	4.983204	5.801255	5.9311757	6.3646507	6.3186274	6.546168	7.5705028	6.850944
ARHGEF12_8080	8.1176815	6.4395447	7.0137997	6.920377	7.8021245	7.1180663	6.3364687	7.936248	7.751036	7.5403814	7.1224036	6.8722982	8.478099	7.026609	6.7115283	7.2391815	6.773595	7.399948	8.3975	8.077238	7.6802855	8.792781	6.60921	7.146181	7.696111	6.376121	8.2354355	7.2180686	6.4886303	5.848354	6.7524533	8.018464	7.9033127	7.2232566	7.9346523	7.11587	7.094069	7.4584374	6.8809156	7.6787434	7.7531757	8.676347	6.5973034	7.4476438	6.680756	6.877594	8.985348	7.8592057	7.5819182	9.326281	7.404063
ARHGEF2_8082	2.6772566	1.3805355	0.82956785	0.7965775	2.2038183	1.7274573	0.0	1.732564	2.0542567	1.6378721	1.6554753	0.0	2.8556545	0.86718	0.7873415	2.8848794	1.3132819	2.1552784	1.2868032	2.6566756	2.6994162	3.1729507	0.0	1.6821929	2.6850367	0.0	3.5147316	1.8188398	1.7864426	0.0	1.3557978	3.1525764	2.055782	1.8774635	1.6269251	0.0	0.721521	0.77231747	0.650804	1.1930816	1.9462588	3.5583014	0.6511185	1.9697882	0.8429203	0.0	3.8748934	1.3226663	2.3969975	5.2786183	3.051179
ARID5B_8084	3.7371018	2.7252557	2.038651	2.2280116	3.8783808	3.2441669	1.9740967	3.4682064	3.1510859	3.0072343	3.4639611	3.0946846	3.8335404	3.0732796	2.604365	3.6060004	1.9891841	3.319303	3.944735	3.335659	3.3813758	4.1511106	2.6612716	3.402313	3.1306887	2.8082936	3.7565742	2.8718307	3.5123456	2.0363805	2.6910543	3.5561097	3.1528687	3.3729517	2.9930947	3.3746989	2.2908719	3.8532186	2.1441302	4.2966695	3.145316	3.8933966	3.1675818	3.577628	1.3714777	2.704639	3.8748934	3.7015753	3.1412594	4.16611	3.662459
ARL1_32616	2.8414288	4.395448	3.9787362	2.9322088	4.076445	3.817433	3.1785967	3.4682064	4.2578745	4.043386	4.744335	3.7889483	3.6663983	3.7400002	4.2590675	3.1672053	4.3438206	3.889297	4.2478023	3.4401016	4.1915016	2.9185607	4.019423	3.9060543	4.175426	3.625497	3.4241838	3.101637	3.5123456	3.9030073	3.6662335	3.9401534	4.374035	3.062516	3.1140306	4.5453463	3.8705926	3.9222193	3.166812	3.652791	3.257194	3.2433975	4.1788387	2.919052	3.2825065	3.5043693	2.7208638	3.9318867	3.3568892	3.030724	4.2647033
ARNT_32339	4.1667204	2.3245585	3.57048	3.5005035	3.947468	3.461558	1.9740967	4.172859	4.197168	2.875032	3.869711	3.329294	3.8335404	3.2080395	2.7670465	3.0329375	2.7949874	2.5450702	4.5433693	4.0143003	4.0618725	4.264894	1.7148082	2.4378424	2.9968727	2.663887	3.5999305	2.7415621	2.0222046	2.4990745	3.1370003	4.706655	3.8500173	3.062516	3.7582223	3.4716449	2.2908719	3.7044504	2.615978	3.652791	3.3610175	3.9662805	3.5652707	2.772775	3.5005221	3.3173459	4.100693	4.067246	3.2530992	4.9838986	3.8196683
ARNT2_8085	4.7661185	3.513961	3.6618972	3.591516	4.7913756	4.165955	2.7777128	4.3476534	4.6689157	4.420659	3.9387684	4.073784	5.1735487	3.4448164	3.480585	4.8550267	3.8445423	4.441436	5.442151	5.5847845	4.7071815	4.3185883	3.3405793	4.574581	5.4990044	3.2740002	4.58169	4.123652	4.1321673	0.82825595	3.2595172	4.926816	4.6708455	3.5480838	3.7582223	3.7286186	3.3341212	4.278601	3.166812	4.5553317	5.355874	4.9556274	2.7449903	4.091199	3.7759814	3.1024148	4.6924458	4.6010923	4.8447814	5.3949647	5.4595776
ARNTL_8086	7.713676	7.3125157	6.8289256	6.319336	8.552299	7.060938	7.3009653	8.136121	8.19318	7.7948236	7.759846	7.8090453	8.223421	8.061681	7.8249726	7.490412	6.1903286	7.524275	8.350542	8.514055	7.504325	7.334299	5.7414184	7.7550497	7.8544216	7.506239	7.47822	7.770867	6.3329415	6.444347	7.151011	5.574012	7.282873	7.834877	7.8104033	8.229783	7.2862506	7.852396	7.6759944	8.005595	7.729122	7.7792964	6.9230456	7.7411213	7.5690594	7.367971	7.5644293	7.281993	7.9977503	7.575443	7.622573
ARPC1B_32419	7.580562	6.987395	7.048093	6.552422	6.6621165	6.9394107	6.473538	7.714837	7.0428824	6.8372808	6.8450418	6.6946034	7.3504643	7.292356	6.215582	6.806896	6.6187024	6.8881903	7.6927977	7.1418443	7.0108256	7.459085	5.8783355	6.5958915	7.062541	6.610878	7.233564	6.591425	6.6201887	5.7478323	6.359101	7.682893	6.9093266	6.633431	7.124533	7.210203	6.359573	6.9147305	6.3961983	6.9221854	7.1305165	7.325477	6.5006504	6.88769	6.777864	6.513692	8.057133	7.2106752	7.0812154	8.46921	7.494309
ASAH1_8089	9.772221	10.131794	9.628199	9.917633	10.154008	9.849394	9.784378	9.707006	10.106286	9.748035	9.740411	9.986884	10.035922	10.197843	9.782638	10.291793	9.785263	9.856143	10.305975	10.248856	10.150986	8.661282	9.892592	9.84781	10.302997	9.622535	9.530273	9.374955	9.9023285	9.732997	9.866527	10.125028	10.056829	10.058942	9.788641	9.918587	9.853405	9.85985	9.356252	9.780729	10.027964	9.626203	9.734735	9.349268	9.707271	9.566958	8.534256	9.828571	9.780216	9.382326	9.83537
ASCC3_8090	8.153276	7.6543226	7.654675	7.6169057	8.130207	7.7952437	7.3406086	7.8565445	7.848011	8.026711	7.92212	7.5665593	7.950781	7.664646	7.5511622	7.890558	7.701592	7.7118707	8.199737	8.069118	8.044359	7.022715	7.446854	7.8730373	8.335297	7.474118	7.758555	7.779192	7.470647	7.5833254	7.631267	7.6316175	8.310878	7.7206297	7.9988832	7.5745096	7.4978576	7.8916364	7.545613	7.9690285	8.057438	7.843581	7.270843	7.813062	7.3963127	7.5595236	7.1376762	8.026365	8.220484	7.6800547	7.8538017
ASF1B_32459	2.2793405	1.767856	1.3529313	1.306817	2.2038183	2.9881048	2.7777128	1.732564	2.0542567	2.875032	2.897397	3.216753	2.6912055	3.0732796	3.0459516	1.3766294	2.9416285	1.2520635	2.411319	3.335659	2.6994162	1.9693668	2.0155594	2.2271013	3.4706786	2.8082936	1.6257219	2.5983527	2.4024103	1.3511056	1.7394503	2.4073412	1.7520065	2.3252215	2.3721387	1.6612463	2.4705205	2.3917863	2.615978	2.6195595	2.1913016	2.675847	1.0981301	2.609976	2.5265856	2.1535919	2.4195006	2.6448896	3.1412594	3.5150423	2.4258175
ASGR2_32685	4.3414736	4.9386396	4.777325	4.1659474	4.1368527	4.6371956	4.474693	4.551971	4.0675077	6.008136	5.230917	3.707994	5.264158	3.6481564	4.722804	4.5455074	4.445652	4.693361	4.8256583	4.93361	5.0862885	6.4432898	6.0033774	5.6107297	5.134941	4.891829	5.369071	4.9103346	5.2145944	5.3417163	4.8614073	4.3485374	4.7576065	4.9581795	4.7419343	4.40511	4.820415	5.185889	4.3491855	4.5942683	5.42937	5.303817	4.9382873	4.209659	5.0332947	4.8720703	6.1029415	5.742674	5.300253	5.098155	5.7409277
ASNS_8091	5.15749	4.6000867	4.9322414	5.4015837	5.3714914	4.394545	3.825755	4.5988293	5.6172915	5.286037	4.782408	4.3115497	5.7555737	4.539192	4.55475	4.2143354	4.234252	4.8741713	5.7036357	5.6296487	5.2440352	4.805945	4.9026546	5.2961636	6.2961874	4.682876	4.7021914	4.750163	4.601192	4.505577	4.6976724	5.2596354	5.642245	4.3962374	4.8503594	4.7133546	4.717422	5.2136807	4.9374495	5.1329784	5.304711	5.4883585	4.4285355	4.8064904	4.5859623	4.612088	5.003171	5.615915	6.1289554	5.7323084	5.6807
ASPDH_32567	7.0449953	7.041084	6.9963427	7.0220428	6.808574	7.110042	7.1229506	6.909971	6.963091	6.8372808	6.923804	6.662737	6.5633836	6.862614	7.095309	6.754525	7.104606	6.929662	6.5745764	6.277146	6.8823166	7.1976895	7.3956246	6.865577	6.6258183	6.8959036	6.660015	6.6379433	7.116779	7.409961	7.03572	6.5587893	7.018766	6.898899	6.9567986	7.07016	6.7558455	6.734624	6.7029037	7.3608346	6.7740235	7.1011195	7.243952	6.973913	7.253539	7.2617273	7.48158	7.295843	7.162243	7.1077275	7.239848
ASPM_8092	2.2793405	2.538774	2.2885845	2.2280116	2.5968776	2.9881048	1.9740967	1.3498102	2.8691986	2.3851907	2.897397	0.81086713	2.0423498	1.795884	2.7670465	3.0329375	3.07473	1.61952	3.035508	2.6566756	3.0117643	3.1729507	2.0155594	1.6821929	2.6850367	1.5856925	3.32757	2.260616	1.1536862	2.2861977	1.7394503	3.2645237	2.3065865	1.8774635	2.1637886	2.7586706	2.904811	2.1827102	2.3191266	2.2807243	2.7457702	2.8399913	0.6511185	1.2978095	0.8429203	1.2508019	1.8014207	0.8078822	1.2764089	1.8512281	1.9692172
ASPN_8093	2.2793405	3.295734	2.038651	1.9810864	3.3754735	0.8241397	1.3012427	2.4973207	3.1510859	1.6378721	2.1965384	2.2543907	3.1371586	3.6481564	3.2795744	2.533521	1.9891841	2.7064807	4.301462	3.223061	3.2683764	2.425981	2.9722497	2.2271013	4.8927097	1.8752655	2.552685	1.5340518	3.97249	2.0363805	2.505423	2.197697	0.83949393	3.2767088	1.6269251	4.5000987	2.6302555	2.7364078	1.7137712	2.6195595	2.4007041	2.2780142	1.7143735	1.6725745	2.3127773	2.3615465	1.8014207	2.460438	3.9941003	3.030724	3.284909
ASS1_33159	12.084146	10.649484	10.862253	11.180988	11.452702	11.190974	10.481328	11.686858	11.638524	10.879241	10.843958	11.103576	11.608846	11.074697	10.542311	11.231639	10.778969	10.890445	11.548786	10.848921	11.23971	10.160862	10.476278	10.327012	10.397307	10.75459	11.669105	10.693653	10.209663	10.184294	10.662848	11.623469	10.878804	10.71578	11.807171	10.617046	11.258197	10.463593	10.630921	11.256479	11.1240635	11.124953	10.433631	11.439875	10.921216	10.535486	9.655253	11.293263	10.697737	11.0392	11.124676
ATF1_8094	4.227354	4.7365184	3.9787362	4.1659474	4.968024	3.5590887	3.9675474	4.2335076	4.5766063	4.6402006	3.64017	5.329906	5.1420355	3.9849255	4.3127503	4.814672	4.2900763	4.1360126	4.4981246	4.93361	4.8317227	5.140065	3.8772712	4.574581	4.7749977	4.0884933	4.30551	4.3190255	4.1321673	3.745087	4.357012	4.666459	3.5911903	4.200289	4.3570623	4.752468	3.6645458	3.9880698	3.9837794	3.4125168	4.438932	4.8821898	3.9316483	4.02811	4.2671294	4.612088	4.9749427	4.729104	4.8800516	5.4171486	4.9488087
ATF3_8095	3.5598304	2.8903687	2.038651	2.4387863	3.1595216	2.0292463	2.6148129	3.1282818	2.7044885	3.0072343	2.897397	2.8143709	2.5055704	3.0732796	1.2938309	2.533521	2.4476285	2.5450702	3.875657	2.6566756	1.3618308	3.0513556	1.7148082	1.6821929	3.1306887	1.8752655	2.552685	3.101637	2.5605352	1.7340541	0.83162844	2.197697	2.7061894	2.6664317	2.5541615	2.7586706	2.904811	3.135555	2.9709482	3.013504	2.8915966	2.028597	2.9717042	3.173454	1.3714777	1.2508019	2.7208638	2.9552677	3.453711	3.5950627	3.284909
ATF4_8096	7.515189	6.398997	6.61683	6.3970885	7.0710106	6.4478045	5.823943	7.3473835	7.3591614	6.7072372	6.7033906	6.935893	7.6539626	6.5050373	6.530793	6.666564	6.540304	6.8454905	7.4471173	7.2391486	6.8334975	8.041312	5.634999	6.5168867	6.816636	6.2926354	7.330236	6.591425	6.34386	5.3417163	6.502469	7.3244815	6.3767753	6.7810593	7.180996	7.2987456	6.301411	6.98898	6.284584	7.032619	7.1378436	7.94173	5.9681277	6.869809	6.5028005	5.8981795	7.998745	7.143328	7.1764984	8.687983	7.1612163
ATF6_8098	6.570634	6.478984	6.8485165	6.8848314	6.510555	6.3693056	6.7138767	6.7322345	6.4417377	6.5207176	6.5682616	6.6519566	6.4130745	6.396322	6.597198	6.754525	6.8683267	6.537466	6.338294	6.5581174	6.7829685	5.760655	6.847076	6.617692	6.9219265	6.540242	6.375873	6.5236726	6.874767	6.636527	6.6214895	6.6336713	6.3350625	6.6236825	6.3896604	6.4275045	6.927174	6.339944	6.4906774	6.794256	6.801965	6.4721994	6.5365505	6.4914	6.788261	6.9598446	5.4956946	7.281993	7.4821553	6.2351537	7.46485
ATF6B_32767	5.360625	5.1158924	4.1143847	5.155339	4.828478	4.591821	4.653219	4.927277	5.4452467	4.7574925	4.819502	4.9621153	5.4035697	4.8173723	4.9086037	4.8550267	4.1156726	4.614175	5.3686395	5.3094826	5.119248	5.6808968	4.8654838	4.5292926	5.4990044	4.9859533	5.344592	4.531055	5.0904317	4.505577	4.9730616	5.63777	5.1592493	5.213458	5.0755525	5.000068	4.7868943	5.099149	4.0841665	4.9042015	5.1393414	5.303817	4.6413255	5.0482435	4.8469296	4.93849	6.2978525	5.267985	5.400819	6.476097	5.3860445
ATG3_8099	8.576789	7.571606	7.8519816	7.7805843	8.271627	7.7852006	7.385523	8.228414	8.354761	7.743613	7.730933	7.9565163	8.613512	8.048269	7.6996	8.159845	7.5892615	7.8128486	8.617079	8.234366	8.035753	8.286692	7.51445	7.764852	8.0655155	7.516789	8.215324	7.7750354	7.356677	7.349501	7.631267	8.386441	8.14376	7.868284	8.33376	7.7246633	7.829551	7.816597	7.5932374	8.123417	8.362733	8.488078	7.0022063	7.9124823	7.538591	7.33136	8.254982	8.3015785	8.185668	9.101574	8.332887
ATIC_8100	5.6535864	4.551584	5.288377	5.213806	5.6244926	5.2762537	4.474693	5.8267083	5.1250696	5.177961	5.6153774	4.9966097	6.230357	5.050487	4.55475	5.462984	4.904904	5.1793666	5.683567	5.73606	5.4393907	6.697491	4.019423	4.893314	5.0360622	4.7911325	5.9746127	4.449943	4.601192	5.0009694	5.0429688	6.2406816	5.498495	5.018939	5.552988	5.5367002	5.0066633	5.4656053	4.5021796	5.330393	5.650391	5.9502716	4.6413255	5.282528	4.7650757	5.357987	6.9401197	5.659417	5.400819	7.1213036	5.4354806
ATMIN_8101	6.958215	6.314313	6.978672	6.458827	6.8721447	6.6494975	6.7535777	6.928433	6.7991567	6.726548	6.673311	6.503947	6.515	6.4918876	6.324129	6.608734	6.1755843	6.699683	6.6796308	6.5811424	6.9108343	6.614058	6.310465	6.5625606	6.692268	6.540242	6.7372665	6.3887258	6.082202	5.905468	6.688457	6.8100753	7.044876	6.594036	6.661777	6.340334	6.469302	6.645609	6.444211	6.7689533	7.0317163	6.9743366	6.081831	6.646474	6.8590155	6.556617	6.5767345	7.1661286	7.1186113	7.402762	7.2467885
ATP11C_33283	6.4986625	6.567021	7.162079	6.9636116	7.086409	6.893402	6.866518	6.3899117	6.868929	6.487144	6.7993526	6.5855255	6.621667	6.711988	6.691404	6.8966246	7.0651526	6.8627224	6.9803514	6.995268	6.9013906	6.119462	6.7484355	6.919229	6.976276	6.610878	6.660015	6.4732523	6.6291423	6.855237	6.655362	6.97549	7.2901683	6.9543953	6.7852926	6.862383	6.720772	6.8891068	6.679024	7.0813975	7.0705214	6.648646	6.274851	6.537433	6.658259	6.458175	5.43482	7.3298974	7.111209	6.2599144	7.1012115
ATP1A1_32617	9.730935	8.750801	9.277034	9.257277	9.91082	9.423592	8.476218	9.712343	9.8208475	9.386113	9.09395	9.119303	9.980208	8.829963	8.793745	9.579274	8.906688	9.217187	10.193394	10.065083	9.775342	9.708089	8.923795	9.440193	9.804142	8.916972	9.688174	9.229131	8.969638	8.579559	9.0720215	9.6235285	9.485842	8.816818	9.70447	8.908218	9.414401	9.133771	9.080553	9.671179	10.138928	10.153665	8.579647	9.421624	9.053047	8.971096	9.493036	9.596486	9.69984	10.493815	9.801598
ATP1B1_8103	13.940092	12.591486	13.105312	13.192611	13.584767	13.2819605	12.280231	13.639417	13.682283	13.2140875	12.8697195	12.923126	13.991771	12.679653	12.673114	13.466811	13.006629	13.059428	14.051787	13.710068	13.509748	13.565765	12.706221	13.008758	13.410215	12.467086	13.7950325	13.124413	12.708523	12.252409	12.691385	13.604964	13.551627	12.600227	13.765709	12.453258	13.145076	12.964016	12.9348955	13.555913	14.022282	14.133255	12.510069	13.334313	12.92464	12.55458	13.683661	13.30444	13.400291	14.211543	13.54063
ATP2C1_8107	7.0365486	6.728452	7.0649385	7.0055885	7.586235	6.756177	6.4128428	6.3356133	7.406854	7.372787	6.7806644	7.0052977	7.6539626	6.862614	6.7893324	7.2083626	6.8026733	6.9857907	7.898319	7.791612	7.199872	6.7374654	6.56352	7.3617454	7.997065	6.6401234	7.206652	6.9347844	6.919245	6.161362	6.88208	7.483318	7.120486	6.8411818	7.36893	7.093196	6.7985215	7.170108	6.9221864	7.2493763	7.7193875	7.393127	6.2641845	7.023277	6.8786097	6.7722726	6.320464	7.458604	7.7099433	7.305025	7.4825974
ATP5C1_8109	13.182735	14.311185	14.355835	14.353514	13.796479	14.197729	14.390772	13.518005	13.598024	13.9569235	14.062913	14.285451	13.102161	14.154545	14.4071	14.154492	14.329858	14.265062	13.387836	13.412721	13.973589	11.818749	14.504429	14.198966	14.108087	14.454816	13.203188	14.312601	14.712513	14.620413	14.388714	13.460468	14.321385	14.21937	13.815463	14.1879635	14.297188	13.993974	14.47023	14.202478	13.922338	12.876121	14.386179	14.118148	14.173444	14.210773	11.3138275	13.57233	13.809376	11.8106985	13.673003
ATP5L_33116	7.729484	8.567809	7.9773965	8.201223	8.073384	8.261532	8.440176	7.6879992	7.984496	7.848692	8.008982	8.385368	7.751157	8.5670395	8.1279545	8.085475	8.212022	8.126376	7.9026656	7.941482	8.171579	6.7954235	8.188055	7.831665	8.166363	7.8693986	7.7399054	7.5453973	8.407955	8.597001	8.097466	7.932097	8.307287	8.386367	7.8501205	8.514945	8.175526	8.154375	7.509962	8.322058	7.9111767	7.5554695	8.287391	7.8904805	8.183349	8.227438	6.8652005	8.328779	8.320155	7.747266	8.22104
ATP5S_8111	2.491974	4.090557	2.9989855	2.622656	4.304237	3.6504412	3.668492	3.4682064	4.3721232	4.043386	3.3670683	3.4336874	4.357182	3.9078133	3.2795744	3.6060004	4.1761804	3.889297	4.3531976	3.872183	3.4861639	3.1729507	3.542482	4.0412498	4.112109	2.9395516	3.5147316	4.123652	3.348533	3.470145	3.7522228	4.3485374	3.7687938	3.173584	3.6015635	4.1940217	2.904811	4.428432	3.6972067	3.3226266	3.6340072	4.035659	3.8195517	3.3896487	3.857236	2.5432677	3.4518747	3.7015753	3.8592093	4.3153143	4.02739
ATP6AP1_33058	10.262438	9.572	10.077437	9.916533	10.378567	10.098849	9.436574	10.238737	10.074996	9.923538	9.946234	9.95873	10.102925	9.728207	9.795658	10.116143	9.607173	9.998385	10.222373	10.165617	10.116713	9.452923	9.672183	9.924151	10.150825	9.777527	10.101862	10.02061	9.5636	9.302667	9.912771	10.092215	10.611076	9.880116	10.060085	9.808062	9.937916	9.964768	9.946327	10.123695	10.364135	10.150736	9.456506	10.136407	9.830601	9.767546	9.291765	10.084375	10.169528	9.992656	10.131897
ATP6V0B_8112	2.6772566	3.1728475	3.2553017	1.6829898	3.3754735	2.6765726	1.6765455	2.682742	2.304984	2.1763573	2.7514749	2.2543907	2.5055704	2.10312	2.42098	2.0680585	1.6904588	2.1552784	2.9029238	2.8204348	2.0497084	3.3891368	1.3343891	0.79608655	3.1306887	1.8752655	3.2240188	2.7415621	2.4024103	1.7340541	2.505423	2.8986797	2.5201793	2.3252215	2.7157705	2.203147	2.4705205	2.7364078	2.1441302	2.4600666	3.548624	2.987353	1.9455801	2.2161078	1.7574636	1.2508019	4.3844	3.6158395	2.1877303	4.2175784	4.150921
ATP6V0D1_33093	7.2118316	6.987395	7.2158637	6.920377	7.286324	7.502172	7.1229506	6.8336663	7.2211514	7.2108226	7.2296395	7.1654716	7.094694	7.238262	7.000349	7.1768703	7.143009	6.9214625	7.3228784	7.231892	6.966232	6.785924	7.154989	7.2820764	6.9402714	6.7955008	7.0489316	6.8893614	7.116779	6.893383	7.0612125	7.2584105	7.2000957	7.12993	7.180996	7.478628	7.255946	7.1342025	6.7029037	7.2060404	7.0705214	7.0766387	7.3334084	7.055272	6.8883076	7.1817236	6.85749	7.3956857	7.2988305	7.451943	7.595643
ATP6V1D_8113	10.28579	10.826812	10.804496	10.480308	10.529131	10.622628	10.82258	10.2716465	10.340091	10.355104	10.455748	10.671513	10.095747	11.011599	10.768072	10.503349	10.760562	10.44202	10.253338	10.100375	10.626195	9.780431	10.760056	10.346726	10.461428	10.655432	10.112775	10.333453	10.6608715	10.855635	10.563029	10.310891	10.53098	10.6721115	10.362799	10.643948	10.5363245	10.438049	9.787897	10.400587	10.585925	10.237952	10.359779	10.702119	10.479813	10.608701	9.574074	10.289518	10.366576	10.239824	10.432036
ATP6V1F_8114	11.146384	11.444259	11.58182	11.337502	11.264579	11.389651	11.48267	10.971706	11.11284	10.863518	11.344671	11.322054	10.90283	11.3278475	11.333612	11.163481	11.503235	11.349764	10.955547	10.840596	11.137337	10.707227	11.279561	11.2682	11.225045	11.415251	10.935409	11.367815	11.56538	11.468249	11.512222	11.017088	11.538555	11.258553	11.199245	11.230775	11.451772	11.04314	11.503089	11.355064	11.261634	11.004672	11.365481	11.430757	11.430775	11.464904	10.805772	11.054986	11.120414	11.292327	11.138736
AURKA_8116	3.4622953	3.0385108	3.9058084	3.591516	2.7594013	3.2441669	3.7492652	3.1282818	2.518521	3.7731934	2.5891151	3.6222255	3.9833133	3.2080395	1.9647921	3.2900343	3.9864676	3.4158573	3.6460412	3.5374908	3.5838535	3.8924706	3.2279377	3.7568672	3.4706786	3.5453217	3.6803772	2.439345	3.7277203	3.1301692	3.4771605	3.7221797	1.7520065	3.7042391	3.1140306	3.7286186	3.0246947	3.538559	3.2555978	3.9812746	3.548624	3.2433975	2.1448007	3.3896487	2.0616755	2.8497622	2.241367	3.2105505	2.8876398	3.93964	3.1727722
AXIN1_8118	3.6511872	2.8903687	3.6618972	3.591516	4.304237	3.3569534	2.7777128	4.291709	5.2794547	4.2172728	3.9387684	3.7889483	3.9103696	3.7400002	3.8141444	4.814672	3.7679756	3.7480712	4.6711664	5.194739	4.946362	3.7433898	4.2094064	4.3324213	4.2360806	3.2740002	4.0265417	3.7013133	3.0615857	2.6845412	4.1821556	4.666459	3.2755504	4.5274987	3.8306022	4.303423	4.527525	4.224988	3.632368	3.7247438	4.438932	4.4456296	3.1675818	3.577628	4.1430035	3.6699069	3.6788332	4.410563	4.4345694	4.2175784	4.5151744
AZGP1_33120	5.6971116	8.194088	7.1223955	7.7163124	7.8615055	7.631123	7.5967116	7.2626157	7.2135086	8.13184	7.8567095	7.1192584	7.3504643	6.382138	8.222145	6.93478	7.4491673	8.104814	7.511147	8.219769	7.245369	8.303433	8.847212	8.570759	7.934386	7.355705	7.74926	8.316927	7.608317	7.1669054	7.7819743	8.038287	6.9559393	7.5915594	7.8237643	7.9305325	8.0183115	7.917216	7.5234346	7.5159082	7.654458	8.079521	8.520372	7.1019726	6.926461	8.390539	7.2886543	8.58431	7.927844	7.351845	7.725529
B3GNT2_32526	7.2634153	7.4244914	7.827511	7.498427	7.597026	7.4395175	7.294251	7.240622	7.5653644	7.650636	7.635354	7.095585	8.03897	7.026609	7.341166	7.3421426	7.594814	7.469087	7.958015	7.919067	7.541276	6.7954235	7.6130595	7.7550497	8.219903	7.307909	7.4440637	7.639854	7.6833057	7.3563457	7.5375075	7.5455875	7.5852647	7.292571	7.36893	7.8695745	7.1933575	7.622924	7.435903	7.560832	7.6747494	7.5554695	7.0276566	7.5353293	7.443123	7.27464	6.166726	7.7274423	7.9570403	7.3402815	7.8262663
B4GALT1_8124	5.2480707	4.449393	4.5568852	4.7829914	5.8577356	4.8448496	4.426382	4.927277	5.3084435	4.8659616	5.2849617	4.9621153	6.055333	5.0141573	4.8000183	4.9697304	4.8686957	4.654311	5.9587126	5.73606	5.634403	5.254689	4.323448	4.5292926	5.571409	4.682876	5.344592	4.750163	4.6722174	3.826207	5.1733747	5.595579	4.069397	4.9581795	4.8503594	5.783258	4.6444345	5.2409472	4.388982	5.0790944	4.8844705	5.155866	4.5738235	3.486698	4.924388	4.2431035	4.9167724	5.5010486	5.376327	6.197197	5.639104
B4GALT2_32592	3.7371018	3.7896457	4.4063993	2.785719	4.714179	3.3569534	2.6148129	3.9739296	4.477985	3.5311098	3.64017	3.8656	4.1189895	4.25777	4.20331	4.2750826	3.3089392	4.2967916	5.3686395	4.4739904	4.7071815	3.3891368	2.9722497	3.975235	4.9299054	3.625497	3.8289478	3.7697577	3.85529	3.365476	4.2428265	4.4934416	3.018777	4.5687265	2.9930947	4.933553	3.3341212	4.111387	3.8187468	3.4971333	3.714618	3.8933966	3.340016	3.2855973	3.5005221	4.7292876	4.3408227	4.5089707	4.11745	5.125359	4.150921
BACE2_8127	4.845632	5.520491	4.8176413	4.1054654	5.6454363	4.44645	3.7492652	4.927277	5.3920717	4.2172728	5.2849617	5.329906	5.530689	5.050487	5.2487035	5.109729	4.4939933	4.972693	5.5569134	5.4661126	5.465258	5.798939	4.267554	4.1648545	5.5947585	4.565833	5.5512466	4.123652	4.4066367	4.045334	5.4033947	5.8500476	3.9269106	5.1872244	4.201987	5.685592	4.7868943	5.555225	5.354135	4.7402864	5.1393414	5.358995	5.0418377	5.140615	3.857236	5.357987	6.1287947	5.931947	5.8375125	6.8385878	5.7010565
BAD_8128	2.6772566	3.8709588	3.747865	3.4033608	3.8058178	3.894199	3.9675474	3.5657802	3.6808712	3.6163983	3.7971807	4.25568	3.8335404	3.5500658	3.8141444	4.0845833	3.8445423	3.5063531	4.2478023	3.6287196	3.6753457	3.662644	3.719566	4.1043754	4.045885	3.625497	3.4241838	3.389553	3.5877666	3.9030073	4.118821	4.069087	2.7061894	3.9107323	3.3291726	4.0125933	3.4240882	4.380197	2.7442534	3.2267613	3.457868	3.7355564	3.9316483	3.173454	4.4353356	3.413886	3.1824234	3.9318867	3.710393	3.811508	4.5604434
BAG3_8129	7.1268506	6.706467	6.1798706	6.2511797	6.3666286	6.4478045	6.9022818	6.843428	7.2438393	6.5207176	7.006552	6.241693	6.823873	6.216151	6.113404	6.5484886	6.0518665	6.3424387	6.461267	5.6944327	6.596589	7.246988	6.1184406	6.4576826	5.4990044	6.1096034	7.041336	6.2873096	6.299681	5.978265	6.490009	6.5913587	6.7908983	6.6812077	6.6418	6.1917315	6.7384152	6.314502	6.031546	6.5974903	6.424565	7.017847	6.5629015	6.805422	6.411592	6.4353566	7.973999	6.5558057	6.5679603	7.7775908	6.613859
BAK1_33110	6.6166945	6.357276	6.497813	6.2511797	6.5219245	6.021252	6.3100853	6.3765273	6.7577176	6.2541842	5.736692	6.2701707	6.93837	6.278742	6.1580834	6.498413	6.204924	6.0126505	7.4471173	6.7733316	7.0108256	5.925459	5.8595533	6.087696	7.087446	5.5759807	6.5572433	6.0464764	6.170713	6.047564	6.3996353	6.9081383	7.2607646	6.3557405	6.353268	5.943947	6.3132324	6.288603	6.3765364	6.708128	6.8913794	6.7655716	6.019772	6.4317126	5.881137	6.1147203	6.4995713	6.937858	7.09629	7.305025	6.7568455
BAMBI_8130	7.6761036	7.5957274	7.807631	7.1322517	7.364191	7.597082	7.4229383	7.666164	7.6067953	7.562042	7.5823846	7.4280944	7.6706233	7.4297123	7.562287	7.496803	7.405606	7.4802947	7.7469873	7.6243496	7.541276	8.409308	7.3759346	7.4062653	7.5663	7.2895694	7.8483486	7.3356256	7.3073273	7.606475	7.384349	7.667701	7.4679413	7.509243	7.5297546	7.375918	7.3959303	7.380891	7.3826885	7.5006175	7.486704	7.8817625	7.0022063	7.4171896	7.5870366	7.4612875	8.053762	7.6964526	7.8454823	8.674232	7.8262663
BANF1_8131	4.806423	5.3323293	5.1050735	4.964214	5.2399745	5.304655	5.392438	4.812691	4.3721232	4.8307037	5.5284357	4.9267755	4.4629893	4.976889	5.2487035	5.142704	5.36095	5.233359	5.317465	5.0700746	5.0525584	4.5153666	5.139058	5.0296535	5.3696184	5.016011	4.981586	4.644765	5.2145944	5.4222007	5.349236	4.3984737	3.999912	5.3615675	4.778989	5.0322104	5.410438	5.099149	4.9374495	4.9042015	4.574702	4.4456296	5.090953	4.515908	5.3179617	4.9056625	4.047469	5.181105	5.44859	4.9838986	5.3348546
BAX_8132	9.05362	8.186167	8.667728	8.650745	8.541166	8.658071	8.29974	8.743033	8.715579	8.82331	8.439595	8.395098	9.008097	8.548107	8.3171425	8.739088	8.621315	8.686819	8.661362	8.5755415	8.7859955	9.696728	8.257851	8.4962225	8.64589	8.515477	8.994285	8.71862	8.16488	8.25638	8.647395	8.800401	9.28689	8.587814	8.872931	8.686327	8.386055	8.569043	8.629501	9.215961	8.888765	9.149073	8.410999	9.04313	8.862021	8.5922575	10.294188	9.052437	8.992913	9.895264	8.999863
BCAT2_32849	7.4594073	6.478984	6.628209	6.574902	7.2319756	6.911982	6.3100853	7.2985425	7.465944	7.012702	6.7712283	6.1978946	8.07279	6.0645275	6.473021	6.5968847	6.2618723	7.127971	7.667477	7.246369	7.019581	8.4154825	5.82124	6.617692	7.205903	6.3169856	7.711471	6.826483	6.2307677	6.1769104	6.9104095	7.3564157	6.7385325	6.54323	7.1388574	6.5982523	6.469302	6.897699	6.3765364	7.469541	7.542978	8.201524	6.316746	7.4596477	6.829116	6.513692	9.150625	7.316372	7.4295616	9.335046	7.3726816
BCL2_8135	5.0608387	2.8903687	3.57048	3.9071345	4.013397	3.461558	4.096643	4.401509	5.058372	4.2172728	3.4639611	4.417189	4.9732347	3.6481564	3.6569836	4.333375	3.8445423	3.7480712	4.1920695	4.614536	4.4722605	5.0791464	2.9722497	4.2228994	4.6908245	3.2740002	4.30551	3.6294594	4.1321673	3.365476	3.5747921	4.069087	4.1356883	3.4631736	4.4970746	4.8276505	3.8051264	4.648027	3.339235	4.7745934	4.61726	4.5909967	3.6980062	3.820381	4.2671294	3.746058	5.534896	4.3049483	3.9941003	5.3026505	4.8790526
BCL2A1_8136	3.9678442	4.395448	3.472876	3.591516	3.947468	3.5590887	4.6106157	3.3635519	4.133794	3.9146059	3.869711	4.6077585	4.1189895	4.4871287	4.4144707	4.7731557	4.9747024	2.851636	4.5433693	3.335659	4.5708647	4.2091236	3.719566	4.4825354	4.966166	4.030775	3.8289478	4.363998	4.772601	4.045334	3.4771605	4.666459	2.8709326	4.6857796	3.8995237	4.8276505	3.993235	3.9222193	4.1318564	4.2966695	3.6340072	2.8399913	3.494023	3.7439134	4.206401	4.133961	3.8124545	4.8466773	4.948106	5.070428	4.914352
BCL2L1_8137	8.686136	7.5094776	7.7975874	7.809309	8.457781	7.718158	7.3535843	8.505478	8.5156765	7.925901	7.951659	7.842617	8.848861	7.809475	7.385682	7.9193883	7.321041	7.668434	8.648478	8.732889	8.159746	9.317724	7.369311	7.699913	8.158549	7.258476	8.564377	7.5405083	7.0247865	6.8357787	7.4176254	8.5935545	8.229737	7.900935	8.223833	7.552516	7.5881996	8.300842	7.450082	8.259844	8.295529	8.883413	7.5639753	8.0617	7.2684693	7.646537	9.975934	8.391396	8.257834	9.867337	8.45478
BCL2L2_32990	7.028052	6.7608137	6.726772	6.640313	6.7420726	6.911982	6.4853764	6.97358	7.1184916	6.923478	6.9407377	6.4675207	6.965629	6.6891265	6.872122	6.5968847	6.773595	6.929662	6.8149323	6.7531986	6.6082454	7.3408017	6.930431	6.874659	6.9219265	6.6592956	7.206652	6.8021784	7.1039906	7.0021195	6.8531833	6.791507	6.8998203	6.727453	6.6912336	6.789035	6.7900867	6.8891068	6.4536247	7.101808	6.950827	6.835329	6.8535895	6.656938	7.0525727	6.587992	7.8434706	7.0807056	6.8248425	7.951068	7.1240067
BDH1_8139	7.270636	5.7527604	5.344644	5.213806	6.8985543	6.42211	6.2558246	6.7838416	6.3747907	6.726548	6.21158	6.256002	7.2131553	5.2195606	5.453767	6.4465365	6.1903286	5.8665485	6.921591	6.7016015	6.572991	7.907545	6.0203876	6.77147	6.8066716	5.7107325	7.246834	6.1655755	6.508175	6.161362	6.071975	6.081656	6.23277	5.6764603	6.3655014	6.0419197	6.084037	5.984247	6.859829	6.6902676	6.8383985	7.2544985	5.858939	6.5710196	6.1942573	6.1571765	7.7590804	6.520853	6.7313747	7.4193425	6.4670625
BECN1_8140	9.349659	7.9586334	8.226059	8.312427	9.007399	8.555445	7.751786	9.133554	8.766087	8.38067	8.067973	8.339073	9.452183	8.185277	8.078447	8.530667	8.343157	8.427866	9.424371	9.136107	8.687793	9.577907	7.7417107	8.360589	8.562489	7.9916673	9.243008	8.216285	7.770861	7.7380743	8.043063	8.970998	9.27407	8.0283165	8.906806	8.280841	8.207549	8.445567	8.046359	8.840203	9.131976	9.5805025	8.059612	8.674777	8.025319	8.054791	9.931641	9.088691	8.895018	10.308192	8.999863
BEX1_32763	5.5623865	5.7527604	4.968504	5.8331466	5.4920144	5.386652	5.602687	5.163808	5.6402764	5.7495775	5.203116	4.515618	5.5061455	5.5078287	5.073182	5.767825	5.622477	5.233359	5.7622194	5.389922	5.2440352	5.169586	5.4211016	5.6951737	5.5947585	5.4495306	4.3553696	4.879691	5.8568354	5.570835	5.554647	5.286405	4.9168887	5.6764603	5.0755525	5.3452935	5.671486	5.069037	4.9374495	5.3532734	5.7301164	4.764509	5.6121273	5.721882	5.1345544	5.623246	5.281917	5.37624	5.4948297	5.8673425	5.015347
BEX4_32358	5.4137716	5.148872	5.620102	5.567712	5.7458224	5.607913	5.6871214	4.890084	5.4711165	5.5900464	5.1747684	5.217415	5.5061455	4.638	5.5904503	5.2373357	5.68628	5.310737	5.6003785	5.3636045	5.151471	5.198515	4.9026546	5.0932775	6.252812	5.35862	5.712976	5.5969205	6.170713	5.473466	5.455594	5.2045574	6.1389203	4.6478076	5.4873366	5.5589347	5.671486	5.006859	4.736168	5.375797	5.650391	5.737723	4.5388503	5.855082	5.506079	5.6432977	5.9372644	5.742674	5.539633	6.6640673	5.925261
BGN_32910	8.642274	9.803213	8.848856	8.34549	9.348059	8.051341	8.3394165	8.370214	9.571647	8.17465	9.335571	9.186211	9.367856	9.525356	9.166048	8.744469	8.692955	8.612367	9.320985	9.450897	9.426105	8.256058	7.355972	8.341064	9.750575	8.400548	8.507628	7.9400578	8.831012	7.4742947	9.007918	9.688949	7.120486	9.461491	7.6244135	10.166788	8.552387	9.459544	8.074089	8.23542	8.179616	8.246113	9.035111	7.2125096	7.980686	8.227438	8.555857	9.268015	8.561951	9.355294	9.202646
BHLHE40_8141	9.08877	7.3269973	8.306171	7.6437364	8.163258	7.8298545	7.6555257	8.265191	8.216309	8.539234	7.8788443	7.617319	8.51854	8.021066	7.81105	7.871012	7.9119163	8.082924	8.427978	8.245218	7.78156	9.050521	7.3013473	7.9946513	7.9615827	7.578518	8.425399	7.9658155	7.1420197	7.57748	7.4693213	8.721675	7.977488	8.1073885	8.037622	7.541392	7.8499837	8.300842	7.9498763	8.034196	8.321501	9.0051565	7.3385015	8.587213	7.953228	7.9818635	8.945898	8.342189	8.087241	9.428106	8.188968
BHMT_8143	5.5623865	5.2435145	5.5971236	5.5899563	5.1838164	6.1520534	4.812067	5.5920973	5.6172915	5.6109796	5.505856	5.666232	5.0086117	5.187294	5.612023	6.4198813	5.843792	5.8319697	5.7036357	6.0318227	6.013228	5.506793	5.342123	5.6745214	5.4227734	4.605912	5.9423504	5.2103744	5.141386	5.285452	5.4033947	5.658412	4.9168887	4.9888787	5.842742	5.395578	5.6897388	5.555225	4.4277096	5.9110847	5.787146	5.716753	5.1384506	5.0482435	5.8216443	5.1494794	5.907703	6.5442486	5.855345	6.090808	6.1929836
BHMT2_8144	12.337229	11.00905	11.451769	11.811869	11.737211	12.063736	11.402992	11.9956255	11.624904	12.207169	11.28127	11.134883	12.004274	11.091684	11.564134	11.684579	11.109365	11.832192	11.915404	12.127766	11.641777	13.412927	11.688923	11.813075	11.4182	11.6445	12.577636	12.090275	11.53563	11.161864	11.506434	11.791155	12.101623	11.290094	12.153145	11.416893	11.568571	11.80117	11.910189	12.274654	11.953048	12.603874	11.547217	12.382042	12.005155	11.707998	13.104227	12.001493	12.020873	12.305667	11.986033
BID_8145	5.8398733	5.3323293	6.0335045	5.5899563	5.4450064	5.759237	5.6455216	5.4963474	5.1572967	5.691801	5.4359164	5.217415	5.8167295	5.3708825	5.134093	5.462984	5.412163	5.6454296	5.854863	5.224292	5.0862885	6.1494036	5.4211016	5.588823	5.197285	5.1842866	5.9904776	5.351048	5.5896263	5.473466	5.3765697	5.7951813	6.089602	5.474343	5.5314345	5.1540623	5.6529994	5.7575793	5.374102	5.583574	5.787146	5.716753	4.9382873	5.78048	5.7166896	5.6432977	5.846698	5.659417	5.855345	6.700701	5.8543286
BIRC2_8146	8.068813	7.847508	7.7618737	7.589566	8.331008	7.8298545	7.5182137	7.90396	8.4906	7.714894	7.7113304	7.9868603	8.230929	8.143843	7.578814	7.9382935	7.776789	7.5564017	8.3975	8.298288	8.159746	7.8171697	7.6242294	7.8910513	8.185713	7.4301467	7.8699503	7.6892843	7.372759	7.2353325	7.6425695	8.205413	8.252323	7.9756427	8.086476	7.951694	7.6777954	8.157956	7.545613	8.188479	8.061296	8.016566	7.7007856	7.644523	7.68488	7.438518	7.8743634	8.083375	8.326561	8.288472	7.9965143
BIRC3_8147	5.125987	4.820794	4.73585	4.4353166	4.8999376	4.394545	4.3763976	4.3476534	4.952162	4.6402006	4.581123	5.35671	5.204388	4.730472	4.3127503	4.4953265	4.6299973	4.394814	5.209325	5.4157686	5.358883	5.140065	4.08557	4.8571157	5.4486337	4.4821725	4.58169	4.449943	4.982784	4.7329607	4.7818613	5.616829	5.2814116	5.105534	3.9653022	5.000068	4.68139	5.185889	4.640494	4.8408523	4.1217613	5.216879	4.1326733	3.663165	4.3254046	4.76633	4.7928843	4.989876	5.8011737	5.930398	5.4832788
BIRC5_8148	3.7371018	3.7896457	3.472876	3.0651855	3.472425	3.736352	3.3948803	4.043332	3.7669325	4.1037073	3.3670683	3.707994	3.3726006	3.9078133	3.2795744	4.2143354	2.9416285	4.346635	3.2689147	3.7955046	3.4861639	4.5153666	3.1057508	3.298162	3.9764743	4.29872	3.7565742	3.5538383	3.97249	4.045334	4.118821	4.00606	4.1356883	4.6478076	3.8306022	3.6479416	3.3341212	3.4478643	3.632368	3.9812746	3.9983876	3.8933966	1.0981301	3.820381	3.689876	3.746058	3.8124545	4.645037	3.453711	4.9231877	4.5151744
BLCAP_8149	7.965811	7.1263504	7.177652	7.3499193	7.715648	7.326332	7.037081	7.9132595	7.9107957	7.5512524	7.2157936	7.127064	7.977808	7.307446	6.9672537	7.559199	7.16557	7.382133	7.958015	7.7566447	7.6857967	8.333087	7.123847	7.6103277	7.548473	7.0920815	7.80415	7.4753942	7.1482615	6.921345	7.437229	7.702903	7.721006	7.216787	7.801427	7.085558	7.3735228	7.812059	6.9688897	7.8413258	7.7193875	8.278672	7.0954146	7.471553	7.168541	7.27464	8.724297	7.599276	7.5978947	8.728464	7.64376
BLMH_8150	7.7809596	6.8336153	6.8963594	6.8667245	7.3830185	7.085699	5.878829	7.4971266	7.5102854	6.854937	7.092408	7.2028832	8.060201	6.970833	6.5863404	7.0694976	6.5631413	6.9857907	7.863064	7.6132226	7.3941784	8.44596	6.4298577	7.1536617	7.079192	6.519408	7.8483486	6.9122515	6.34386	5.88668	6.5270715	7.6420193	7.537023	7.1368003	7.1600804	7.04675	6.9424777	7.0049734	6.630047	7.2855124	7.3979497	8.095856	6.6391835	6.990556	6.384437	6.446811	8.4674425	7.5710793	7.272528	8.785002	7.5001297
BLOC1S2_33034	7.002258	7.1346064	7.2158637	7.101613	7.211055	7.035744	6.9796495	6.7939453	6.637212	7.1405773	6.7993526	6.815464	6.8917623	6.970833	6.9161425	6.4596815	7.0968013	6.945923	6.9885535	6.7832937	7.112541	6.687322	6.930431	6.979401	7.468572	7.0920815	6.9630957	6.956971	7.0111523	7.13542	6.7524533	6.9081383	6.469656	6.930872	6.8650017	6.7314677	7.147872	7.2924366	6.9016986	6.8676066	7.0551243	7.232506	6.671834	6.7576056	7.0611725	7.3739834	6.8183074	7.38924	7.3687835	7.187332	7.428686
BLVRA_8151	5.1883197	4.692459	4.60375	5.0629387	4.500918	5.0263414	3.668492	4.291709	4.988441	5.2057486	5.3370547	4.515618	5.0086117	4.3770022	4.8000183	4.8942833	4.540767	4.7684255	5.3686395	5.8541875	4.909152	5.779924	4.3772573	5.0932775	4.7749977	4.39336	4.4953737	4.9697347	5.494844	4.45546	4.2428265	4.7457614	5.1592493	4.926812	4.778989	5.0636516	4.820415	5.5333366	5.2281547	5.524321	5.1393414	6.103534	5.314196	4.2654305	5.1667876	5.062804	5.9518213	4.8466773	5.1053967	5.502624	5.976262
BMF_8152	4.992609	4.551584	4.1143847	3.0651855	4.5900397	4.340703	3.3948803	4.73091	4.988441	3.7731934	4.925383	5.0954046	5.2931385	4.3770022	4.462762	4.6409187	4.2900763	4.346635	4.9980674	5.336797	4.5708647	5.5745673	3.8005724	4.3324213	4.9299054	4.143991	5.132197	3.8351016	4.601192	3.1301692	4.357012	5.3126874	4.42794	4.9888787	4.1463556	5.1540623	4.1062636	4.428432	3.8187468	4.9042015	5.2243943	4.8821898	3.8766885	3.9621353	4.6328683	4.570806	5.8621926	4.9200525	4.2847056	5.8992147	4.9488087
BMP4_8153	5.9874086	6.3430967	5.831751	5.7367473	6.5774684	6.2132597	6.1407685	5.9219184	6.2155647	6.4175587	6.080196	5.4592066	6.655539	5.9149175	5.9366136	6.154835	6.0995126	6.3301024	6.496204	6.7733316	6.013228	7.124206	6.1650763	6.5958915	6.5914087	5.747029	6.3391733	6.251856	6.565269	6.1456447	6.1689644	6.468162	6.43058	6.468955	6.2514815	6.103723	5.6153	6.339944	6.2950954	6.358319	6.1624928	6.901869	5.981213	6.026276	6.384437	6.100286	6.719684	6.60113	6.478743	7.1213036	6.7568455
BMP6_32921	2.2793405	3.6118274	3.8289971	3.9071345	3.3754735	2.278697	3.7492652	2.4973207	3.5893483	3.440461	3.5547543	3.216753	4.1189895	3.8263452	4.641223	3.2900343	3.8445423	3.319303	3.3728328	3.872183	3.8425713	3.7433898	2.6612716	2.2271013	3.6596727	3.0598574	2.9915388	3.389553	3.5877666	2.8488586	3.6662335	4.1294756	2.3065865	4.200289	2.9930947	3.6479416	3.3341212	4.1693053	2.615978	3.3226266	3.457868	3.7355564	3.8195517	2.2161078	3.2825065	2.1535919	4.100693	4.6010923	3.1412594	5.0133224	4.3701644
BNIP3_8154	8.4584675	7.1012955	7.4390244	7.4136653	7.905576	7.2407284	6.801715	8.028989	7.9481163	7.7051926	7.4702287	7.799308	8.487533	7.8968716	6.8898916	7.559199	7.424436	7.388096	8.185536	8.178845	7.723797	8.528025	7.2300234	7.3091245	7.2359147	6.8549147	8.350544	7.12968	6.478758	6.7757783	6.956423	8.283896	7.864744	7.3290205	8.101181	7.674632	7.5081797	7.570152	6.9688897	7.7320914	7.863358	8.500401	7.0954146	7.675732	7.1117215	6.943765	8.541492	8.055151	7.5384283	9.150396	7.6903243
BNIP3L_8155	10.362137	10.525475	10.323022	10.248251	10.804626	10.283197	10.403915	10.570196	10.568454	10.30058	10.428245	10.344961	10.4095745	10.437026	10.446501	10.386896	10.313125	10.276696	10.72646	10.736766	10.407652	9.245056	10.3465605	10.287606	10.643187	10.242283	10.157376	10.280923	10.311901	10.179478	10.273321	10.800876	10.285734	10.544887	10.348233	10.561691	10.473183	10.515454	10.227893	10.284856	10.353947	10.010229	10.29641	10.049726	10.251831	10.182454	8.579484	10.393815	10.232286	9.677069	10.346588
BPHL_8157	7.9524026	8.133589	8.184271	8.145991	7.607737	7.686132	8.071394	7.730703	7.393388	8.038348	7.7406354	7.8800526	7.761563	7.716441	7.5511622	7.720786	8.13027	8.007461	7.794544	7.7717347	7.7130413	8.196357	8.279208	7.93946	7.436623	7.6328726	7.8699503	8.285129	7.8911123	8.146165	8.085093	7.789666	7.7317615	7.626147	7.9751306	7.4551105	8.446342	7.6937046	7.5804043	7.89299	7.748397	8.246113	7.807488	8.073465	8.0384445	8.260269	7.6869535	8.087361	8.506605	8.321192	8.05304
BTG2_8161	4.1667204	2.7252557	2.851444	2.785719	3.3754735	1.7274573	2.7777128	3.5657802	3.273749	2.875032	3.3670683	2.650732	3.9103696	3.6481564	2.42098	3.4032214	1.9891841	3.5063531	3.875657	3.6287196	3.3813758	4.688498	1.7148082	3.185903	3.1306887	3.460427	3.6803772	2.7415621	3.348533	2.8488586	3.0031052	3.3684063	2.8709326	2.5058906	2.3721387	3.7286186	3.3341212	3.538559	2.615978	3.4971333	3.9983876	4.035659	2.862796	3.173454	2.5265856	2.3615465	5.136579	3.3230352	3.9282308	5.070428	3.9614177
BTG3_33276	7.0782967	6.969045	7.3317547	7.316958	7.3704944	6.9394107	6.8574367	6.7838416	7.251323	7.1970444	6.9152617	6.86298	7.513262	6.8727946	6.9838963	7.363281	6.991298	7.211048	7.435164	7.231892	7.1043334	6.707589	6.8565793	6.996142	7.2797937	6.9745445	7.1861334	6.986032	6.919245	6.8839407	7.1270695	7.368994	7.5122833	7.059367	6.9648614	6.998759	7.080299	7.2051415	6.749508	7.1285806	7.085756	7.4128184	6.7194643	7.0942936	6.9908943	6.697529	6.479618	7.023588	7.493587	7.8322716	7.1685443
BZW2_8165	4.637974	4.9004173	4.1143847	4.3853164	4.7532935	4.284773	3.4919653	4.109549	4.952162	4.372437	4.004671	4.007672	4.4629893	3.9849255	3.8141444	4.015051	3.8445423	4.0781755	5.061648	4.3720603	4.5224047	4.2091236	3.4450598	4.3324213	5.0015373	3.842321	4.3553696	3.7013133	3.7277203	3.745087	4.0525775	4.7457614	3.5911903	4.3496885	4.451897	4.863822	3.9332168	4.278601	3.7592564	4.474157	4.698786	4.63637	3.9316483	4.209659	4.3814173	4.133961	4.3844	4.9200525	5.0445223	5.83475	4.8428674
C1QA_8167	3.4622953	2.3245585	1.7361541	1.6829898	1.6618326	1.7274573	1.9740967	3.5657802	3.1510859	2.5675821	1.2830404	2.8143709	3.4773233	1.795884	2.2108426	2.71987	0.0	2.363299	3.7267091	3.6287196	3.4861639	2.215664	2.4763973	1.3061277	2.2866638	2.1163197	3.1124566	2.260616	2.0222046	0.0	0.83162844	2.197697	3.999912	2.942179	2.5541615	1.6612463	1.2002778	3.0143752	0.0	2.6195595	3.257194	2.8399913	2.9717042	2.2161078	1.3714777	1.618053	3.4518747	2.6448896	2.7418792	3.3403132	2.7721205
C1QB_8168	4.227354	3.295734	2.038651	3.5005035	3.2715344	3.3569534	3.2907877	3.3635519	3.8481479	3.1283326	3.869711	3.707994	3.3726006	4.6849766	3.0459516	3.1672053	4.234252	2.5450702	3.2689147	3.223061	3.4861639	2.6095028	3.1057508	2.7847295	3.4706786	3.5453217	3.32757	3.101637	3.5123456	3.2526147	3.4771605	4.3984737	3.999912	3.9734795	3.3291726	3.270766	2.6302555	3.7807512	3.2555978	4.1475735	2.8915966	3.8933966	4.0849814	3.0518532	3.5005221	3.5043693	3.1824234	4.5089707	4.5703197	3.030724	4.4684386
C1QBP_8169	6.958215	7.547075	7.366141	7.220447	7.3704944	7.3332415	7.506643	7.1802783	7.3241034	7.3604784	7.3100348	7.2465324	7.174739	7.269421	7.5172653	7.4514627	7.3410006	7.3211083	7.242852	7.253553	7.2075553	7.2607694	7.3013473	7.2683597	7.167488	7.3498163	7.1722903	6.8661017	7.465657	7.1669054	7.301206	7.2584105	7.5613456	7.493272	7.463012	7.478628	7.3041325	7.3870063	6.9754395	7.2675576	7.290284	7.457746	7.2972426	7.6339684	7.4165606	7.6011252	7.193866	7.863862	7.487882	7.585273	7.590196
C1QC_8170	6.582288	5.815727	6.3815985	5.6334424	6.119614	5.2762537	5.465978	5.9938064	6.184627	5.3371835	6.0648313	6.0080543	5.9500856	6.5180683	6.4611835	6.054436	6.002593	5.900318	6.777552	6.0318227	5.977724	5.817707	5.8595533	5.4977107	6.192871	5.931814	6.3515105	6.032615	6.0154805	5.3138585	5.913049	6.5913587	6.154992	5.8702936	5.595153	5.66524	5.984049	6.47238	6.273996	6.2888083	6.6462693	6.5334444	6.1413307	6.0100427	5.9568267	5.739578	6.089839	6.05106	6.7313747	6.718675	7.1390057
C1R_8171	2.491974	3.513961	3.2553017	3.4033608	4.6739745	2.6765726	3.4919653	2.4973207	3.6808712	1.9320939	3.4639611	4.25568	3.4773233	3.2080395	3.3835778	3.0329375	3.9864676	3.5915058	3.469766	4.0143003	3.76138	3.819855	2.0155594	3.5904546	4.2360806	3.2740002	2.552685	3.2041273	3.5877666	2.0363805	3.3724391	4.706655	1.366725	3.7042391	2.1637886	4.136044	3.2381685	3.6238878	2.615978	3.2267613	3.257194	2.2780142	3.494023	1.6725745	3.1597538	2.8497622	2.4195006	4.645037	3.8592093	5.204023	4.150921
C1S_8172	6.3834896	6.728452	6.3680882	6.2924585	7.2661824	5.2177157	5.8607645	5.7867928	7.338229	5.4343376	6.29296	6.9089804	7.0358977	6.382138	6.310999	5.7249184	5.622477	6.116864	7.186924	6.9429016	6.9013906	6.2495594	4.429132	6.02382	7.790135	5.931814	6.5139933	5.652357	6.508175	5.102159	6.1373534	7.330925	4.1356883	7.2987103	4.951203	7.9474864	6.510959	6.561593	5.577233	5.7479954	6.0735936	5.818682	5.8446903	5.282528	6.0461755	5.847225	5.534896	6.718895	5.890361	7.560571	6.913342
C2_32411	3.3576849	3.0385108	2.5015457	0.7965775	3.3754735	2.0292463	1.3012427	3.5657802	3.925034	3.440461	3.64017	3.329294	4.5615644	4.3770022	3.0459516	3.9419975	3.07473	2.5450702	4.3531976	4.0143003	2.6994162	4.0906663	2.0155594	1.3061277	1.3514621	3.0598574	3.9636366	2.5983527	1.7864426	1.7340541	2.6910543	4.296811	3.3886123	3.3729517	3.6820183	3.6479416	3.5887606	3.0143752	2.3191266	3.3226266	3.457868	3.9662805	2.3198192	2.772775	3.1597538	1.618053	2.850816	3.8591263	3.453711	3.811508	4.02739
C2CD2_8173	3.122527	2.538774	2.6870766	1.9810864	1.9581286	2.0292463	0.79261	2.4973207	2.304984	2.3851907	2.7514749	2.8143709	2.8556545	2.10312	2.2108426	2.0680585	1.3132819	0.75779927	1.9559586	3.223061	2.3002052	2.425981	3.4450598	2.6216867	2.2866638	2.5034022	1.2573991	1.8188398	2.0222046	1.7340541	2.8555002	1.6564866	1.7520065	0.73861325	1.9201866	1.6612463	2.2908719	2.8820758	1.4383613	2.4600666	2.5835295	2.2780142	2.7449903	1.2978095	2.3127773	2.9816122	2.7208638	1.7012914	1.942873	3.3403132	3.051179
C2CD2L_8174	9.493919	8.293296	8.936135	8.915826	9.017475	8.937386	8.336151	9.383169	9.167167	8.728318	8.578616	8.65472	9.0340805	8.585728	8.569533	8.902033	8.96787	8.655027	9.184843	8.648206	8.882745	8.8576975	8.507486	8.751707	8.556555	8.843443	9.04644	8.633939	8.397512	8.292514	8.506039	9.152929	9.255556	8.577752	9.143643	8.091721	9.000982	8.734055	8.61069	9.015393	8.901735	9.309991	8.619945	8.988251	8.973278	8.625398	9.15535	9.195985	9.042399	9.392159	9.166504
C2CD5_32440	1.7280232	2.3245585	1.3529313	2.785719	2.5968776	3.461558	2.7777128	2.8470235	2.8691986	2.7294815	2.897397	1.706109	3.4773233	2.5715709	2.9132285	2.8848794	1.6904588	2.1552784	2.5944383	2.4719195	1.3618308	1.6721861	2.0155594	2.4378424	3.2531395	1.8752655	2.552685	1.1788656	2.4024103	2.8488586	2.2923298	3.0312061	2.3065865	3.062516	2.3721387	2.9047132	2.0856278	2.5743628	1.4383613	2.7631624	2.1913016	2.987353	2.1448007	2.2161078	2.3127773	2.1535919	1.5181447	2.9552677	2.5797195	3.030724	2.609335
C3_8175	6.7975373	5.933971	5.525908	5.6547036	6.134505	5.933038	5.2330546	6.5534706	5.8908353	4.933993	5.459608	6.121806	6.4262156	6.465223	5.4296722	5.9465246	5.898691	5.7417126	7.2221327	7.1340804	5.634403	5.140065	4.4792056	5.9397798	5.4486337	5.867325	6.458041	5.790549	4.487633	4.646259	4.9730616	6.890797	5.47308	5.105534	6.0079217	5.395578	6.0977716	5.95161	5.7399545	5.7651596	6.424565	5.651949	5.206888	5.1701365	5.067844	4.76633	4.9167724	8.368641	5.686319	5.8992147	6.4670625
C4A_8176	6.4986625	3.8709588	4.8176413	5.4015837	5.7458224	4.9918237	4.096643	5.745741	5.851982	4.9989605	5.230917	4.9267755	4.653833	4.8173723	4.462762	5.488861	4.540767	4.8741713	5.723429	5.651568	5.2440352	6.1931815	4.323448	4.9630933	5.257046	4.524609	6.125917	4.9103346	4.3643665	3.1301692	4.7818613	6.0662904	5.930645	4.926812	5.770984	4.673151	5.091484	5.1575513	5.0901117	5.419815	5.8774548	6.299611	4.5738235	5.386793	4.8861785	4.4393606	6.0766163	6.2057843	5.7061076	6.6264787	5.959461
C4BPA_32954	2.491974	2.8903687	2.038651	1.6829898	0.7835774	2.0292463	0.79261	2.682742	0.83860815	0.7689436	2.4061391	0.0	2.0423498	2.356276	0.7873415	0.8466378	1.3132819	0.0	4.451415	2.9674861	1.3618308	0.7899299	1.3343891	2.2271013	1.7344642	1.5856925	1.9188775	1.1788656	0.689217	1.3511056	1.7394503	1.2839134	0.83949393	1.2247456	1.2584345	2.203147	1.559129	1.64341	1.0976686	2.2807243	1.2790965	0.0	1.438908	1.9697882	2.0616755	1.618053	1.8014207	5.615915	2.7418792	2.910767	2.9183865
C7_8179	12.473515	13.380091	13.402829	12.561863	12.784978	12.214251	12.286377	12.650779	12.854886	11.794165	13.416019	13.384544	12.413942	13.750618	12.983018	12.891038	12.925234	12.108947	12.81889	12.066369	13.042148	11.13847	11.898084	11.586906	12.6335535	13.043153	12.28882	12.582878	12.0617075	12.190802	12.536039	13.562986	11.83263	13.713594	11.436968	13.481597	12.40601	12.922122	12.922662	12.061303	11.899094	12.445598	12.666977	11.495593	12.354276	12.445862	11.822054	12.479177	12.06584	12.735239	12.641042
C8G_8182	4.395317	4.9004173	4.3525343	4.5756903	4.8999376	4.44645	4.033539	4.5035396	4.6234994	4.933993	5.145853	4.25568	4.740553	4.25777	4.3127503	4.015051	4.586072	3.889297	4.897113	4.522376	4.1915016	5.721327	4.9026546	3.9060543	4.7749977	3.842321	4.981586	4.531055	4.229575	4.690261	4.3010488	5.025458	4.9903865	3.9107323	4.7419343	3.1587603	4.4439664	4.428432	4.26614	4.808103	5.2243943	5.155866	4.503008	4.209659	4.8065834	4.93849	5.5541043	5.593662	5.1921477	6.0769405	5.779727
C9_8183	2.2793405	2.7252557	2.038651	1.6829898	1.6618326	1.7274573	0.79261	2.9944959	0.0	1.2678612	0.7796854	0.0	0.8317068	2.356276	1.9647921	1.7633755	1.3132819	1.61952	3.8031044	3.9449909	1.3618308	1.9693668	1.3343891	0.0	3.4706786	0.0	2.1624062	1.1788656	1.1536862	0.82825595	0.83162844	1.2839134	2.3065865	0.0	1.2584345	0.78321815	1.846264	1.2726339	1.7137712	2.4600666	0.0	1.3448509	1.7143735	1.2978095	1.7574636	1.9105306	3.6070757	6.099244	3.453711	4.267274	3.9614177
CALCOCO1_32442	5.859162	4.692459	5.072124	5.125191	5.6454363	5.1875315	4.426382	5.4459786	5.7071123	5.2597675	5.024022	4.9966097	6.4262156	4.589442	4.722804	5.587965	4.8315554	5.2596154	6.1316237	5.98079	5.5401893	7.353719	4.3772573	4.996757	5.4486337	4.682876	6.223116	5.1083426	4.804568	4.2355256	4.410885	5.8854995	5.498495	4.6478076	5.7147217	5.5367002	5.495904	5.293981	4.5729938	5.8318434	5.355874	6.603663	4.1326733	5.110477	4.9616113	4.570806	7.6694455	5.966995	5.539633	7.999656	5.760458
CALR_8190	10.731396	10.236185	10.572383	10.321537	10.615252	10.254366	10.425583	10.4012165	10.400238	10.619376	10.495686	10.168046	10.353927	9.922041	10.197266	10.417534	10.324865	10.26783	10.5678625	10.535611	10.549675	10.607617	10.246201	10.4806385	10.422809	10.475138	10.625143	10.718758	10.381773	10.2015	10.479617	10.120386	10.218501	10.289129	10.294065	10.221827	10.46327	10.564843	10.637648	10.70684	10.554788	10.751154	10.384614	10.815634	10.390507	10.788826	10.229201	10.930118	11.238922	10.91121	11.065063
CALU_8191	10.401316	10.977843	10.586307	10.441075	10.853257	10.404612	10.323761	10.309114	10.841903	10.211728	10.672724	10.742463	10.87973	10.803172	10.652464	10.58809	10.61652	10.47601	10.973738	10.896737	10.908416	10.129284	10.274835	10.234804	11.047107	9.816477	10.433173	10.002057	10.584676	9.886276	10.4445305	10.591422	10.547054	10.819763	10.106376	10.961789	10.3764925	10.685736	10.277768	10.429809	10.289617	10.340899	10.564914	9.87475	10.068848	10.242018	10.644311	10.74375	10.523977	10.642452	10.432036
CAMSAP2_8192	7.9790955	7.5408764	7.162079	7.362896	8.206178	7.225954	6.8574367	7.9316797	8.279895	7.507268	7.5441136	7.3435216	8.300377	7.48385	6.9672537	7.5834208	7.280274	7.333522	8.606459	8.398908	7.969517	7.7257295	6.8278804	7.4735622	7.9615827	6.724461	7.706677	6.9347844	6.7734194	6.2956085	7.2940564	7.9697466	7.9362345	7.650354	7.6039085	7.7966003	7.412511	8.011272	6.7872267	7.343798	7.7768345	8.260674	7.171594	7.1838512	7.253539	6.8605657	7.8079057	7.7223234	7.8047647	8.387299	7.7452674
CANT1_8193	6.3565974	5.6869197	5.9084196	5.6756563	6.1492434	5.759237	5.580783	6.205411	6.290125	5.959999	5.6153774	5.483732	6.4392385	5.559163	5.6332774	5.9833994	5.4857273	5.8143644	6.086484	6.144315	5.515642	6.164144	5.634999	5.6745214	6.0139074	5.747029	6.223116	5.9014797	5.625862	5.570835	5.6473336	6.2678027	6.055761	5.85371	6.0540004	6.0099955	5.7776914	6.5287814	5.506632	5.956621	6.2326074	6.327544	5.543212	5.5751214	5.780574	5.9949875	6.2397223	6.60113	6.2143416	6.8467836	6.536675
CAR14_8195	7.3748236	7.3341837	7.7874737	7.343387	7.1537366	7.4136734	7.0451016	7.420941	7.1184916	6.637538	7.2903523	7.376639	6.974602	7.246115	6.975599	7.2315383	6.948573	6.82805	6.541508	6.5581174	7.054082	5.435677	7.0676775	6.4576826	6.86545	6.989771	7.432496	7.056222	6.8520026	6.8839407	7.119	7.7849803	6.6392	7.292571	6.9808526	6.5210767	7.1675415	6.4256163	6.425197	7.237127	6.74553	6.1821327	6.7349977	7.379775	6.798584	6.9836326	4.7601757	6.964116	6.7021112	6.4001675	6.9980454
CAR3_8196	3.4622953	4.2203417	3.3681867	2.785719	2.5968776	3.461558	2.924071	3.2507074	2.0542567	1.2678612	2.4061391	2.4661293	2.8556545	3.9078133	2.7670465	2.71987	1.6904588	3.104337	5.6003785	5.281641	2.0497084	1.2974738	4.4792056	2.4378424	3.2531395	0.0	3.7565742	1.1788656	2.7030282	1.7340541	2.0422144	5.484366	2.055782	2.3252215	1.9201866	3.0373216	2.7740545	2.1827102	2.1441302	3.3226266	1.6509043	4.225773	2.1448007	1.6725745	1.7574636	1.9105306	1.8014207	7.2680087	4.808627	2.7799242	2.9183865
CARS2_32316	4.992609	4.551584	4.73585	3.8344646	4.454204	4.340703	3.825755	4.401509	4.712946	5.0611277	3.869711	4.365336	4.3012185	4.127788	4.462762	4.7731557	4.234252	4.1360126	5.030208	4.70116	4.1915016	5.109927	4.08557	3.7568672	4.601434	4.6449075	4.8486414	3.8976135	3.97249	3.5677314	4.118821	4.926816	4.1356883	4.146841	4.5408807	4.5453463	4.355269	4.278601	3.8187468	4.6321816	4.8844705	4.165143	3.8195517	4.469171	4.3814173	4.133961	4.9167724	4.6876826	5.134897	5.2786183	4.5151744
CASC3_8197	4.6819654	3.1728475	3.9058084	3.8344646	4.5900397	4.6811867	3.825755	4.9989047	4.7556725	4.322547	4.3970623	3.7889483	5.0086117	3.2080395	3.7377028	4.4953265	4.234252	4.0179224	4.861828	4.318261	4.252195	5.3087573	2.8251235	4.3842144	4.2942877	3.842321	5.319691	3.101637	3.97249	2.9963596	3.9831457	5.025458	3.9269106	4.251827	4.2555523	3.8775816	3.993235	4.1693053	3.9837794	4.8408523	4.61726	4.919376	4.0849814	4.5611777	3.934157	4.294727	4.886783	5.088657	4.5264735	5.8992147	4.8057513
CASK_8198	3.894955	2.8903687	3.2553017	4.042337	3.7294111	3.6504412	3.3948803	3.3635519	3.5893483	3.1283326	3.3670683	2.9613252	3.6663983	3.4448164	3.8141444	3.0329375	3.6014547	3.5063531	3.944735	4.2042418	3.4861639	2.772292	3.3405793	3.9060543	3.2531395	3.7014503	3.5147316	2.7415621	3.163709	2.6845412	2.6910543	4.3984737	3.5911903	3.7042391	3.3291726	3.270766	3.8051264	3.9222193	2.615978	3.8587036	4.1797047	3.8166342	3.5652707	2.772775	2.7127588	3.213879	3.5315611	4.645037	3.786719	4.2175784	3.8922832
CASP1_32985	5.5623865	5.731146	5.003877	4.9297447	5.6454363	4.8448496	5.6664715	5.22483	5.8120537	4.933993	5.8122478	6.241693	5.6019096	5.769933	6.172674	5.2675486	5.934163	5.625377	5.9077225	5.7153964	6.013228	5.169586	5.3689322	4.9630933	6.267416	5.4047914	5.4401093	5.2103744	5.5524573	4.600872	5.85593	5.8500476	5.2518272	6.219998	4.951203	6.3013	5.432284	5.680009	5.065764	5.46253	5.251666	5.8575196	5.1844344	4.3708944	4.924388	5.0019855	5.304778	6.034634	5.376327	6.538143	5.925261
CASP2_8200	6.4986625	5.914924	5.7918324	5.851677	6.45232	5.7997093	5.9827075	6.078904	6.3471174	5.7683334	6.0648313	5.8472433	6.9291687	6.1838074	5.3027663	6.218085	5.7671843	5.849363	6.777552	6.5581174	6.284208	6.624755	5.139058	5.868835	6.5077777	5.8837194	6.588851	6.2398415	5.794528	5.1343713	5.836376	6.491358	6.890251	6.258303	6.0986524	6.5210767	5.7946563	6.180091	5.660887	6.6446247	6.4125323	6.8546557	5.6938853	6.3946776	5.55561	5.9473953	6.91805	6.698186	6.7119317	7.4679713	6.613859
CASP3_8201	4.9572444	5.7740564	5.072124	5.0629387	5.468702	4.4965525	5.0538516	4.6882124	5.662901	4.933993	5.1747684	5.434257	5.4035697	5.769933	5.073182	5.075982	5.36095	5.4078474	5.8185163	5.607391	5.765105	4.7287188	5.1698766	5.3750796	6.130332	5.261594	5.1882987	5.2588058	5.6436443	5.1967144	5.669604	5.5298853	4.42794	5.578938	5.133926	5.0944223	5.576589	5.555225	5.160784	5.0513787	5.453059	5.124364	5.8303	4.983204	4.8469296	5.257497	5.799189	6.1149545	5.583087	6.1045437	6.119264
CASP7_8203	5.800505	6.224347	6.210474	6.3716335	6.2207594	6.1204476	6.079606	5.940229	6.0014853	6.0699177	5.9854507	5.7893934	5.3494105	5.854556	6.297748	6.1709094	6.3694386	6.1869473	5.7999935	6.318837	6.178716	4.843061	6.631523	6.649787	6.177489	5.89993	5.7875133	6.0464764	6.2884216	6.0974374	5.455594	6.096859	5.9856	6.098573	6.340931	6.3013	6.056169	6.3272786	5.7088456	5.8799086	6.1187277	5.512895	6.069631	5.6608033	6.4901185	5.9311757	5.392762	6.485032	6.383643	5.641007	6.443091
CASP8_32959	4.7246556	4.692459	4.238368	3.9763188	4.304237	4.036466	3.825755	3.7431152	4.3721232	3.0072343	4.004671	3.7889483	4.4110556	4.539192	4.3645067	4.5455074	4.2900763	4.2967916	4.5433693	4.3720603	4.4203105	3.819855	4.019423	4.5292926	4.6908245	4.524609	4.3553696	3.8351016	4.1321673	3.826207	4.5613933	5.0876613	4.799106	4.200289	3.3291726	4.249759	3.4240882	4.278601	4.034846	4.8408523	4.61726	4.339885	4.1788387	3.9621353	4.076691	4.133961	3.8748934	4.9200525	4.7715435	4.7591944	4.8428674
CASP9_8204	5.7600327	5.181114	5.5013666	5.094401	5.5149565	4.95646	5.341242	5.9761677	5.5460544	5.9435897	5.3624125	4.8152456	6.633046	5.5337243	5.3027663	5.6580663	4.445652	5.310737	5.975317	5.4157686	5.61142	6.624755	5.258569	5.400454	5.3964405	4.7911325	5.2943525	5.6881657	4.4066367	5.3958683	5.669604	6.170562	5.949197	5.264536	6.0986524	5.5141177	5.1715937	5.2409472	5.577233	5.8799086	5.168253	6.92033	4.883585	5.8909845	4.076691	3.9530077	7.399002	5.840412	5.517405	7.6937494	6.221448
CASQ1_32992	6.3152947	7.2681775	6.778753	7.086046	6.328286	6.510108	6.349482	6.2353773	7.085376	7.5512524	6.00168	5.666232	6.0887756	5.9344893	6.542075	6.754525	6.6616597	6.600454	6.709711	6.8699856	6.4745374	8.196357	7.811779	7.335675	7.2433214	6.2170177	7.13709	6.709386	6.5745687	7.019471	6.563206	5.9201007	7.2901683	6.736527	6.3896604	6.118769	6.823534	7.607294	6.2633295	6.3239822	6.2188544	7.14102	7.136934	5.943217	6.1303115	6.763139	6.849738	7.2467747	7.393403	6.926276	6.8233533
CASR_32371	6.342961	4.9004173	5.686919	6.0085387	6.0268903	5.858365	5.8424716	5.9938064	6.46767	6.331892	5.9690366	4.6943655	6.610197	5.1542892	6.187119	6.13858	5.8059964	6.48279	6.8332653	6.8699856	6.194267	7.070446	6.086491	6.639168	6.7865343	5.867325	6.9305716	6.1006265	6.448728	5.960407	6.105035	5.9538913	6.6392	5.213458	6.436797	5.7642465	5.1973376	6.772489	5.80023	6.3469634	7.0473638	7.2026505	5.8730483	6.6146183	6.1942573	6.0410595	7.0658884	6.612242	7.3625627	7.8689485	7.0465784
CAST_8205	8.455302	7.6657615	7.9090714	7.979046	8.521476	7.7128696	8.039629	8.449053	8.481083	8.046055	7.865604	7.8800526	8.873056	8.088136	7.7636476	8.253395	7.925199	8.090258	8.779522	8.680547	8.262901	8.530871	7.629782	7.982101	8.4739685	7.6084194	8.439915	7.910046	7.991731	7.606475	7.936897	8.455889	8.310878	8.114367	8.240534	8.080237	8.057494	8.351757	8.002135	8.336483	8.598728	8.8644705	7.973836	8.0617	7.9670224	7.997526	8.40004	8.57298	8.398258	9.290676	8.457773
CAT_8206	12.133496	10.916923	11.261197	11.0892935	11.855959	11.523674	10.955656	12.078554	11.632089	11.9142885	11.434835	11.219002	12.176015	11.264015	11.102155	11.407711	11.104022	11.503582	11.8978195	12.26584	11.454705	13.5433	11.047741	11.548053	11.1692705	11.185763	12.313664	11.830731	10.847458	10.741329	11.088724	11.832896	11.549235	11.510091	11.966737	11.34554	11.238571	11.72416	11.592089	11.694139	12.009558	12.725648	11.136825	11.885325	11.555847	11.313582	13.297997	11.972414	11.865118	13.179381	11.861571
CAV1_32536	7.234165	6.987395	6.8963594	7.169657	7.319281	7.077492	6.3623786	6.7530994	7.093726	6.509613	6.76173	6.9269776	7.456748	6.382138	7.1181035	7.438242	6.8026733	6.7925243	7.505442	7.3303027	7.3038826	6.656378	6.6643596	6.781162	7.3293543	6.540242	7.1512737	6.8582644	6.781473	6.658845	6.6328692	7.4362807	7.620416	6.969867	6.6113057	6.932182	7.21872	6.836452	6.4347353	7.4107685	6.983729	7.2617555	6.397054	6.860785	6.080421	6.567151	6.841944	7.0565033	7.441416	8.48242	7.3210063
CBLB_8207	3.122527	2.538774	3.1328285	0.7965775	2.5968776	2.6765726	2.6148129	2.9944959	2.8691986	2.1763573	2.7514749	2.650732	2.6912055	2.7588696	1.9647921	2.71987	2.7949874	1.9121275	3.2689147	2.8204348	2.6994162	3.9616058	3.542482	1.6821929	2.499557	2.9395516	2.8595514	2.5983527	2.5605352	2.4990745	3.0031052	3.4653084	2.5201793	2.5058906	3.4257977	2.9047132	1.846264	2.8820758	2.8620489	3.3226266	3.145316	3.2433975	2.4758844	3.486698	3.1597538	2.8497622	4.152023	2.6448896	3.9282308	4.8598094	3.051179
CBR1_8208	7.637526	7.9257097	8.211003	8.096352	8.002103	7.702234	7.260202	7.9316797	8.279895	7.958933	7.7646093	7.666353	7.832376	7.99334	7.870433	8.219021	8.059756	7.8778563	8.457824	8.073183	8.159746	7.8031116	7.9335127	8.174558	8.769023	8.08324	7.4838347	7.715549	8.59779	8.196615	8.129953	7.977981	8.127562	8.121311	7.805922	7.874015	7.7877965	7.737439	7.795563	7.705664	7.9982867	7.900481	8.002998	7.4233317	7.776507	8.148965	8.106759	8.107134	8.196201	8.664991	8.095948
CBR3_8209	3.5598304	2.7252557	4.238368	3.757939	4.1368527	4.036466	3.3948803	4.172859	4.797169	3.440461	4.128079	3.216753	3.9833133	3.4448164	3.0459516	3.6976154	3.6871164	4.0179224	3.035508	3.7955046	3.3813758	4.264894	2.9722497	4.1648545	3.9764743	3.0598574	3.7565742	3.4740329	4.181693	3.975925	3.3724391	4.4467387	3.6827233	3.2767088	3.6820183	3.5624845	3.8051264	3.9222193	3.7592564	3.1240695	3.8634686	3.9662805	3.5652707	4.091199	3.5005221	3.8183901	4.295888	4.249093	3.9941003	4.7591944	4.2647033
CCDC80_8213	2.2793405	3.6118274	2.851444	2.622656	3.6487305	3.461558	3.3948803	3.2507074	2.8691986	2.3851907	3.2631965	3.4336874	2.5055704	3.6481564	3.8867385	3.1672053	3.3089392	1.9121275	3.6460412	2.8204348	3.1457682	2.215664	2.8251235	1.9802222	3.2531395	3.0598574	3.1124566	2.9913046	2.832704	2.0363805	2.6910543	3.3684063	1.7520065	3.2767088	2.7157705	4.136044	3.5087726	1.64341	2.615978	3.013504	3.0240266	2.4906006	3.494023	3.486698	3.1597538	1.9105306	2.7208638	3.6158395	3.786719	3.4303215	3.7432039
CCDC86_8215	5.0271273	4.861155	4.649141	4.5756903	4.013397	5.0263414	4.3763976	4.6442127	4.528138	4.8659616	4.128079	4.515618	4.357182	4.938633	4.55475	4.7731557	4.540767	4.731381	5.0924177	4.3720603	4.617749	5.198515	4.9026546	4.9630933	4.966166	4.605912	4.981586	4.2246437	4.896426	4.646259	4.6082644	4.4934416	5.0603204	4.894748	4.451897	4.752468	4.853174	4.428432	3.493234	4.9348626	4.485623	5.560751	4.737002	4.2654305	4.076691	4.7292876	5.7666245	4.989876	4.6943884	5.749895	5.19832
CCL2_8218	5.8203235	6.224347	5.5971236	5.213806	6.262027	5.489199	5.89667	4.890084	5.6402764	5.691801	5.9186435	6.5855255	5.713314	6.7566524	5.041734	5.680696	5.951577	5.4540567	6.4010906	6.437136	6.435813	4.647124	4.6197734	5.3750796	6.7661123	5.4273343	4.9166446	5.185535	5.9311156	5.5229716	5.9499097	6.514187	4.9903865	6.5328507	4.7039027	6.6195645	4.527525	6.000293	5.594356	5.46253	4.698786	4.804812	5.250774	4.515908	4.3814173	5.0922785	4.856158	5.931947	5.1638064	6.5074534	6.0574503
CCL21_33005	4.395317	4.090557	3.9058084	2.785719	5.420915	3.817433	4.2151294	4.172859	4.3721232	3.696925	5.086223	4.6077585	4.9369683	4.976889	5.103959	3.8650463	4.2900763	3.7480712	4.1920695	4.93361	4.1915016	3.7433898	3.2279377	3.298162	3.3660054	3.7736044	4.0868177	3.2998173	4.3643665	3.6591327	3.9831457	4.820931	3.1528687	5.213458	4.028212	3.9466662	3.6645458	4.606701	4.2227526	2.4600666	3.9325047	3.8166342	3.340016	2.919052	3.1597538	4.0158815	4.6573496	4.8838315	3.9941003	4.9231877	5.760458
CCL24_33270	5.125987	4.339408	3.3681867	4.5304	4.714179	4.340703	4.9551463	5.132301	4.988441	4.2172728	4.492026	4.25568	5.647509	4.3770022	4.68259	4.2750826	4.9747024	5.004093	5.1520553	5.003455	4.8317227	4.5153666	4.429132	4.9630933	3.826752	4.1974325	5.5512466	4.5699625	4.027703	2.8488586	4.0525775	4.3984737	4.9168887	4.5687265	5.296087	4.355162	5.0066633	5.006859	4.7667	4.9648857	4.61726	5.737723	5.35498	4.02811	5.1667876	5.4057236	4.4677935	5.4274664	4.4345694	5.15206	5.4595776
CCL3_32935	2.0298584	3.8709588	2.5015457	1.6829898	2.2038183	3.1218095	2.7777128	2.8470235	2.7044885	2.1763573	3.2631965	3.707994	3.0032618	3.0732796	2.604365	3.4032214	3.3089392	2.851636	3.2689147	3.223061	2.0497084	1.2974738	3.1057508	2.2271013	3.5682683	2.3228042	1.9188775	2.439345	2.832704	3.1301692	3.0031052	2.8986797	2.8709326	4.0336113	2.8610861	2.5961618	3.1353765	2.7364078	2.475174	1.1930816	2.4007041	2.8399913	3.6331644	0.0	2.3127773	2.8497622	1.1653116	2.460438	3.8592093	3.670877	3.1727722
CCL4_8219	1.345864	2.3245585	2.2885845	2.2280116	2.4136927	2.0292463	1.6765455	0.8273256	2.0542567	2.5675821	2.4061391	2.9613252	0.8317068	2.356276	2.7670465	2.3194807	1.6904588	1.61952	0.7823533	2.0114515	2.513575	2.215664	2.4763973	1.3061277	3.1306887	1.5856925	2.1624062	1.5340518	2.7030282	2.0363805	2.0422144	3.0312061	1.366725	2.8108833	1.6269251	2.4129963	2.0856278	3.3510835	1.4383613	2.6195595	2.1913016	1.7268571	3.340016	0.7901686	0.8429203	1.618053	2.0380995	1.3226663	3.1412594	1.5636727	2.7721205
CCL5_32784	2.8414288	3.7034745	2.851444	2.4387863	2.905456	3.9670856	3.825755	3.3635519	2.0542567	2.3851907	3.9387684	3.5310342	2.6912055	4.6849766	4.20331	2.71987	2.631737	2.9835122	3.2689147	2.259979	3.3813758	2.425981	2.9722497	2.2271013	2.6850367	2.5034022	3.32757	3.2041273	3.85529	3.975925	3.6662335	3.0312061	3.8500173	4.5687265	2.1637886	3.9466662	2.4705205	3.4478643	3.0722015	2.6195595	2.7457702	2.2780142	3.2563734	1.2978095	2.7127588	2.1535919	2.5780368	3.0885482	3.453711	4.724034	3.388955
CCL7_32689	2.2793405	0.8494589	2.2885845	1.9810864	1.2885287	2.6765726	2.4311502	1.732564	0.0	1.2678612	3.4639611	3.707994	1.7395756	3.9849255	2.42098	2.8848794	2.23654	1.9121275	2.411319	2.259979	2.0497084	2.6095028	1.7148082	2.2271013	2.6850367	2.1163197	2.552685	0.70663524	1.7864426	2.9963596	1.7394503	3.8710911	0.0	3.173584	1.6269251	0.78321815	1.2002778	2.7364078	1.7137712	2.07588	1.9462588	1.7268571	2.4758844	0.7901686	0.8429203	2.1535919	2.4195006	2.460438	2.1877303	2.476155	2.7721205
CCNA2_8221	3.6511872	4.501393	3.9787362	4.1054654	4.1368527	3.736352	3.8983924	4.109549	3.6808712	4.161607	3.64017	4.6943655	3.6663983	4.3186173	3.8867385	4.5455074	4.052516	3.319303	3.944735	3.7955046	4.4722605	2.425981	3.8772712	3.5904546	3.826752	3.5453217	3.2240188	3.2998173	4.08088	3.826207	4.2428265	4.5825424	3.5911903	3.9107323	3.225608	4.5453463	3.8705926	4.0510454	4.034846	3.2267613	3.3610175	2.4906006	2.6167028	3.663165	3.689876	2.704639	3.5315611	3.7015753	4.2847056	3.93964	3.7432039
CCNB2_8223	6.558885	6.357276	6.737319	6.2371535	5.978193	6.724993	5.931703	6.7322345	6.0876226	6.172051	5.7937264	6.284201	6.3592772	6.2633467	5.56855	6.1868067	5.916536	5.625377	6.461267	6.248667	6.524604	6.025719	5.8595533	5.922368	6.568005	5.867325	6.588851	5.823123	5.9165626	5.8089814	6.7208104	6.6848745	6.2775006	6.167289	5.7524724	5.9773493	6.2774734	6.339944	5.80023	5.848044	5.8774548	6.087287	4.883585	5.7018085	4.8861785	5.0019855	5.8621926	6.067301	5.666255	6.1316285	5.639104
CCNC_32560	9.152696	9.801917	9.785111	9.773227	9.536428	9.77649	9.724454	9.141489	9.400464	9.81722	9.550767	9.696859	9.450575	9.739378	9.774291	9.714277	9.816488	9.720944	9.516592	9.557776	9.93543	8.799878	10.014335	9.679234	9.87141	9.800375	9.378788	9.751167	9.813806	10.007536	9.796154	9.537001	9.96067	9.691195	9.560262	9.564708	9.686203	9.622617	9.583342	9.671179	9.671969	9.299451	9.507142	9.619176	9.629896	9.622308	8.618784	9.556776	9.869572	9.127033	9.881807
CCND1_8224	6.342961	6.1610937	6.148604	5.7953563	6.163833	5.986611	5.6664715	6.174809	6.7577176	5.3118367	6.110444	5.7893934	6.515	5.9344893	6.400495	5.462984	6.6510396	5.9333158	6.3510737	6.359358	5.941324	6.3170686	6.2825356	5.956984	6.6144395	5.7648406	6.375873	5.6881657	6.0558825	5.6620464	6.0209208	6.8732452	6.1866083	6.193884	6.4251566	6.2475557	6.3132324	6.3895206	5.6112785	6.0294595	6.1187277	6.271126	6.081831	5.5073466	5.4016037	5.9311757	6.0766163	5.9842043	6.022498	5.990813	5.976262
CCND2_33278	2.9888134	2.3245585	2.9989855	3.4033608	3.1595216	2.9881048	1.9740967	2.9944959	3.0170162	0.7689436	3.1512616	4.417189	4.1189895	4.127788	3.8141444	2.71987	2.7949874	1.9121275	3.6460412	3.1009257	3.4861639	3.3891368	1.7148082	1.9802222	3.826752	2.663887	3.32757	2.260616	2.951679	2.6845412	3.2595172	4.2431602	2.7061894	3.2767088	2.8610861	3.8775816	2.2908719	3.2473404	2.8620489	2.8937564	3.145316	2.675847	3.340016	1.2978095	2.0616755	2.9816122	4.100693	4.410563	3.453711	5.204023	4.02739
CCND3_8225	3.8181863	3.6118274	3.747865	2.9322088	4.076445	3.3569534	2.924071	3.9739296	4.2578745	3.1283326	3.64017	4.25568	4.653833	3.0732796	3.8867385	2.533521	3.6014547	3.104337	4.010656	3.335659	3.6753457	5.3608727	2.9722497	2.7847295	3.1306887	3.1708984	4.0265417	2.8718307	2.4024103	3.745087	3.2595172	4.1874375	3.3886123	3.5480838	3.7582223	3.3746989	2.6302555	3.9880698	3.166812	3.3226266	3.6340072	4.393726	2.9717042	3.3896487	3.2825065	3.213879	5.9372644	3.7825003	3.710393	5.6782236	2.9183865
CCNE2_8227	1.345864	3.1728475	1.7361541	2.622656	3.5632691	3.1218095	2.6148129	3.4682064	2.8691986	3.0072343	3.2631965	3.329294	1.7395756	3.0732796	3.0459516	2.71987	2.23654	1.2520635	2.7569108	2.8204348	3.1457682	2.9185607	3.3405793	2.6216867	2.8493636	2.3228042	2.370703	2.260616	1.7864426	3.365476	2.505423	3.2645237	1.366725	3.9734795	1.9201866	3.3746989	2.904811	2.3917863	2.7442534	2.07588	2.8915966	2.675847	2.862796	2.609976	3.3956287	2.3615465	2.241367	3.3230352	3.1412594	4.1127377	3.8922832
CCNG1_32302	2.9888134	4.2203417	3.8289971	4.1659474	3.5632691	3.3569534	2.7777128	2.4973207	2.7044885	3.5311098	3.9387684	3.329294	3.2596772	3.0732796	3.9558542	3.6976154	3.6014547	3.319303	3.6460412	2.6566756	2.513575	3.0513556	3.8005724	3.4994485	3.5682683	1.8752655	3.4241838	2.9913046	3.5877666	3.365476	3.5747921	3.3684063	0.83949393	3.4631736	3.1140306	6.0099955	3.2381685	2.8820758	3.493234	2.8937564	3.548624	3.7355564	1.7143735	3.3896487	3.3956287	2.1535919	2.241367	3.3230352	3.3568892	3.030724	4.6469307
CCNH_8229	6.865879	7.857518	7.5448837	7.316958	7.6856313	7.4836597	7.5802464	7.2032037	7.236316	6.923478	7.5104823	7.6609864	7.287049	7.7881184	7.3919306	7.624854	7.51507	7.345829	7.3675895	7.195053	7.434021	6.0888863	7.51445	7.1081853	7.397326	7.1061225	6.8803678	6.897032	7.4096003	7.480573	7.242991	7.483318	6.6161656	7.4497967	7.1388574	7.6280704	7.4451103	7.036438	6.866892	7.011198	7.263739	6.395099	7.0650096	6.9570756	7.513744	7.082408	5.003171	7.0565033	7.0033836	6.272137	7.093532
CCP110_8230	4.992609	4.861155	4.649141	4.1054654	4.8999376	4.102663	4.653219	4.77238	5.1250696	4.900378	5.024022	4.890548	5.0768657	5.2195606	4.55475	5.075982	4.1156726	4.839777	5.92492	5.224292	5.119248	5.109927	4.429132	4.3842144	5.4486337	4.4821725	5.3931413	4.4076104	4.08088	3.975925	4.357012	5.0876613	4.9541054	5.313867	4.9183655	4.5453463	4.7868943	4.278601	4.4277096	5.2102084	5.0489583	5.358995	4.3090825	4.7292633	4.9616113	4.4393606	5.392762	5.5247655	4.6128726	6.0487986	5.1398697
CCRN4L_8232	3.244892	3.7034745	2.5015457	3.1869333	3.8783808	2.9881048	2.924071	2.8470235	4.197168	3.3437319	2.7514749	2.2543907	4.052746	2.356276	3.480585	2.3194807	2.9416285	4.0781755	3.560594	4.3720603	3.4861639	4.604528	2.8251235	2.931203	3.9035544	1.8752655	3.7565742	3.4740329	3.432763	2.8488586	3.6662335	4.00606	3.9269106	3.2767088	4.028212	3.9466662	2.4705205	3.7044504	2.7442534	3.013504	3.3610175	4.393726	3.4190736	2.2161078	3.2825065	2.704639	3.6788332	4.8466773	2.7418792	3.5950627	4.150921
CCT2_8233	6.54704	6.5547686	6.2842574	6.4946404	6.799259	6.6494975	6.3100853	6.492738	6.230788	6.574993	6.3447704	6.57415	6.4130745	6.3533444	6.4128385	6.4856176	6.2336793	6.6608067	6.9386253	6.5811424	6.7306056	6.656378	6.56352	6.617692	6.5321712	6.255322	6.2497253	6.399566	6.508175	6.567425	6.4390616	6.42062	6.262744	6.7455444	6.1977615	6.6509547	6.324958	6.235367	6.2198563	6.300628	6.528566	6.5689807	6.1178246	6.277502	6.2703986	6.524544	6.676515	6.827768	6.7409987	7.066215	6.814038
CCT7_8237	6.1837807	6.7819915	6.7477894	6.458827	6.682525	6.8066974	7.0045433	6.363018	6.578922	6.596144	6.8269396	6.6191235	6.644336	6.3239646	6.530793	6.7651525	6.8774667	6.650922	6.739177	6.5347195	6.3550997	6.221646	6.7887044	6.7220097	6.7557917	6.778066	6.6095443	6.4525805	6.8596306	6.702471	6.7524533	6.320561	6.8513274	6.6236825	6.4598007	6.681676	6.619676	6.625059	6.7029037	6.914514	6.676771	6.5334444	6.8535895	6.747849	6.588584	6.7260137	6.0498023	6.9554167	6.8066273	6.718675	7.19749
CD320_8242	6.1051803	6.4395447	5.9988585	6.4466887	6.5991006	6.286288	6.543154	5.5208874	6.3045855	6.26743	6.3947845	6.3118596	6.3864264	6.216151	6.597198	6.392725	6.4573994	6.4143205	6.739177	6.277146	6.5848384	5.506793	6.4170694	6.118604	6.692268	5.867325	6.096899	6.4834785	6.458808	6.519446	6.7524533	6.184861	6.262744	6.54323	5.960323	6.3274393	6.629165	6.7055583	6.1169705	6.0714607	6.1480513	6.25667	6.5006504	5.639855	6.477324	6.556617	5.59177	6.808574	6.6621466	6.3549147	6.613859
CD33_33256	2.8414288	2.3245585	2.038651	1.6829898	4.013397	1.7274573	1.9740967	2.9944959	4.3721232	2.1763573	2.5891151	4.007672	3.8335404	2.9246228	3.167487	3.2900343	2.631737	2.851636	4.1920695	3.5374908	2.0497084	1.2974738	2.9722497	2.6216867	3.5682683	2.3228042	3.7565742	2.0565722	3.432763	2.6845412	2.6910543	4.1874375	2.5201793	2.942179	3.8995237	1.6612463	3.6645458	3.9222193	2.475174	3.2267613	3.457868	3.1210482	2.4758844	1.2978095	2.5265856	2.1535919	3.2779424	4.3049483	3.710393	2.910767	3.388955
CD36_8243	3.6511872	3.7896457	3.747865	4.042337	5.154896	3.6504412	3.0569396	3.8242261	4.3161297	4.2172728	4.537262	4.073784	5.264158	4.3770022	4.3127503	4.2750826	4.2900763	4.346635	4.9315553	5.336797	4.1915016	3.4861825	3.9500973	4.3324213	5.5235453	1.8752655	4.1446767	3.6294594	3.2590787	3.975925	3.6662335	4.8923774	3.8500173	4.0336113	3.7582223	4.5453463	4.606508	3.135555	3.339235	3.7247438	4.8130383	4.035659	3.2563734	3.0518532	3.3956287	3.589511	2.7208638	4.645037	5.376327	4.16611	5.1398697
CD37_33149	4.4973273	4.647012	4.777325	4.5304	4.8646502	4.340703	4.849189	4.9635353	4.797169	3.7731934	4.8909454	4.515618	4.4110556	4.730472	4.68259	5.041427	4.9747024	4.245164	5.180974	4.522376	5.119248	3.4861825	3.719566	4.5292926	5.31443	4.605912	5.0129924	4.2726064	4.4477034	4.3496795	4.357012	5.2596354	4.7576065	4.9888787	4.624693	4.863822	4.9165425	5.006859	4.0841665	4.5153155	4.658599	4.393726	4.4285355	3.3896487	3.857236	3.6699069	3.934742	4.8838315	5.2472124	4.7591944	4.8790526
CD3D_33153	2.2793405	2.8903687	3.2553017	2.622656	1.2885287	3.5590887	2.4311502	3.1282818	2.304984	1.9320939	2.897397	3.707994	3.6663983	2.5715709	2.7670465	2.3194807	2.7949874	3.21582	3.2689147	2.4719195	3.4861639	2.425981	0.0	3.676059	2.499557	2.1163197	1.2573991	1.8188398	2.2247963	2.0363805	2.8555002	3.7221797	0.83949393	3.173584	2.1637886	2.4129963	2.904811	3.6238878	2.615978	3.013504	2.1913016	1.7268571	3.0729647	0.7901686	2.0616755	2.1535919	2.4195006	3.2105505	3.5444415	3.876996	3.8196683
CD4_8246	4.1667204	3.7034745	4.1777077	4.1054654	4.714179	2.9881048	2.924071	4.5035396	3.5893483	3.6163983	4.4453254	4.073784	5.0431423	4.8993344	4.0218096	4.594002	4.052516	3.4158573	4.750479	4.2623773	4.4203105	4.7287188	3.1057508	3.0641665	4.2360806	3.625497	4.8486414	3.7697577	2.832704	3.2526147	3.7522228	4.5386796	3.5911903	4.0336113	4.3570623	3.9466662	4.2607594	3.7807512	4.0841665	4.7745934	4.7759504	3.9662805	2.3198192	3.7439134	3.689876	3.213879	4.100693	4.9200525	5.134897	5.2541795	5.0474997
CD40_8247	3.244892	3.513961	3.472876	2.785719	3.3754735	2.278697	3.7492652	3.4682064	3.3867955	1.9320939	3.7208104	4.1369987	4.052746	4.0581245	3.7377028	3.6976154	3.07473	2.9835122	3.3728328	4.0143003	4.1281424	3.819855	2.4763973	2.4378424	4.3502374	3.1708984	4.1446767	2.5983527	2.951679	2.4990745	3.6662335	4.5825424	3.5911903	3.7042391	2.9930947	3.5624845	2.7740545	4.1693053	3.339235	3.1240695	3.714618	3.5583014	3.7600586	2.609976	1.3714777	3.213879	3.8748934	4.001153	3.5444415	4.2175784	3.8196683
CD44_8248	3.122527	2.0728946	3.8289971	2.2280116	3.947468	2.8407314	3.0569396	3.3635519	3.6808712	3.440461	3.7208104	3.707994	4.1189895	4.127788	2.2108426	3.4032214	3.510384	2.9835122	3.3728328	2.9674861	3.0117643	1.2974738	2.2643013	3.298162	4.112109	2.9395516	3.5147316	3.101637	3.5877666	2.8488586	2.505423	3.1525764	3.3886123	3.062516	2.7157705	3.8775816	1.559129	3.135555	2.7442534	3.2267613	2.7457702	2.4906006	2.4758844	2.4264417	2.3127773	3.1024148	3.2779424	3.4273803	3.786719	3.3403132	3.9614177
CD48_8249	7.2118316	8.800941	8.594205	8.645445	7.9313865	7.060938	7.9654946	7.5094423	8.024356	7.22447	8.497966	8.311937	7.4045844	8.760385	8.457813	8.396975	8.362815	7.513405	8.123576	7.8684926	8.111421	5.925459	8.600914	7.668926	8.816967	7.856997	7.701867	6.8661017	8.4690695	8.602769	8.012897	8.057842	7.8985476	8.827474	6.710542	8.253836	8.296587	8.310527	8.25726	8.133365	7.748397	7.425798	8.279468	7.1472087	7.526221	8.047286	5.907703	8.705996	8.716285	7.334465	8.424493
CD53_8250	4.9572444	3.7034745	3.9787362	4.6622167	4.1948323	3.5590887	2.4311502	4.8519063	4.8375063	3.9146059	4.492026	4.6077585	5.321549	5.187294	4.4144707	5.1749425	4.3438206	3.9550426	5.1225443	5.5618186	4.617749	4.560636	3.8005724	3.402313	5.3696184	4.1974325	4.981586	4.123652	3.0615857	3.470145	3.4771605	5.507305	4.5785313	4.608809	5.0454555	4.249759	4.3087883	4.278601	4.1780205	4.248663	4.8844705	4.9909906	3.494023	3.577628	3.1597538	3.213879	3.5315611	5.3231273	5.2199426	6.062938	5.574371
CD55_33080	5.5857325	5.38864	5.7918324	5.6756563	5.839676	5.489199	4.812067	5.2833757	5.8321557	5.1207266	5.024022	5.554902	5.796631	5.3993316	5.5904503	5.587965	5.22435	4.940594	5.5788093	5.514759	5.5401893	5.6602483	5.5901318	5.0296535	5.4227734	5.5141406	5.4855967	5.6703725	5.2842665	4.646259	5.578383	5.658412	5.949197	5.3848386	5.552988	5.2391396	5.295953	5.442302	5.0409975	5.6217656	5.355874	5.9502716	5.2289977	5.9260154	5.1667876	5.451931	5.327282	5.8213873	5.890361	7.0521073	5.907852
CD68_8251	4.992609	4.6000867	4.4063993	4.743846	5.5816708	4.226587	3.825755	5.5920973	4.8375063	4.043386	4.4453254	4.9267755	5.321549	4.4871287	4.3645067	4.686358	4.7934337	4.731381	5.7999935	5.4157686	5.4130507	2.9185607	4.4792056	4.781876	4.85453	3.5453217	5.04373	4.531055	4.601192	4.293731	4.5613933	5.363858	5.2814116	4.758851	4.5408807	4.5453463	4.606508	4.8385706	4.1318564	4.5942683	5.42937	4.8821898	4.266961	4.469171	4.2671294	3.9530077	3.0801287	5.3231273	5.351412	4.267274	5.72113
CD74_8252	11.425658	9.783659	10.720605	10.231545	10.840827	9.990476	9.757781	10.731335	10.971029	9.882161	10.6381035	10.325588	11.406146	11.039544	10.848653	10.633748	9.970705	10.100878	10.6023445	10.383471	11.003061	11.980781	9.017848	9.757416	10.1547575	10.185556	10.725126	10.3882265	9.43803	9.157398	9.822481	11.062808	11.240666	10.381684	11.051386	10.528275	10.336505	10.656923	11.025885	10.106964	11.0008955	11.557137	10.291165	10.180593	10.71801	9.737547	12.432004	10.924	10.933184	12.427469	11.505717
CD81_32607	7.4339056	7.7216334	7.2821937	8.016482	7.607737	7.9013376	7.189594	7.1172996	8.358232	7.738866	8.3600025	8.81068	8.43649	8.321587	7.589728	8.720097	7.3410006	8.09391	8.400577	8.234366	7.4599843	8.009015	8.003621	7.2545114	8.673567	7.901957	8.485409	7.917608	8.308351	7.9338017	8.303762	8.743575	7.940877	7.7744856	8.5474825	8.500657	8.263457	8.307305	7.051806	8.324954	8.214685	8.536751	8.334038	8.679916	8.824628	8.02835	8.901596	8.526748	8.339289	9.515527	8.371501
CD83_32673	4.883804	4.820794	5.1050735	4.1659474	4.968024	4.340703	3.8983924	4.5988293	4.6689157	3.696925	5.0554576	4.8533883	4.4629893	5.0141573	4.2590675	5.5392637	4.714029	4.245164	5.317465	4.3720603	5.4393907	4.3185883	3.9500973	4.2786994	5.257046	3.625497	4.6631317	4.783652	4.4066367	4.174872	4.357012	4.9604516	4.799106	5.048385	4.9183655	5.1245503	4.853174	4.4751067	4.7965984	4.6321816	4.8491964	4.8440194	3.6331644	3.663165	4.0071836	4.570806	4.100693	5.37624	5.8375125	5.7323084	5.959461
CD86_32871	4.637974	4.9758754	5.344644	4.5756903	5.2399745	4.8830204	4.096643	4.927277	4.3161297	4.2708697	4.855666	4.890548	5.0768657	4.589442	4.722804	5.2675486	4.445652	4.5728903	4.9980674	4.93361	4.6631584	2.772292	4.1488166	4.7024956	5.31443	4.39336	4.0868177	4.070375	5.190602	4.403539	4.1821556	5.1472926	4.799106	4.301587	4.1463556	4.5453463	4.885206	4.4751067	4.0841665	5.330393	5.251666	4.225773	4.9111953	4.647667	4.8861785	4.802445	2.241367	4.645037	5.4948297	4.8270445	5.596273
CD97_8254	5.6535864	5.914924	6.05052	5.0629387	5.9277945	4.95646	5.6242633	5.7247686	6.1689057	5.0611277	6.00168	5.687503	6.245264	6.2633467	5.866547	5.56382	5.22435	5.0348244	6.413328	5.815876	5.61142	5.618044	4.9026546	5.715534	6.4058585	5.4495306	5.8583884	5.2588058	6.095184	5.0009694	5.6247144	6.4798064	4.5785313	5.950468	5.1622505	5.802022	5.634273	5.659947	5.6930356	6.0294595	5.355874	5.4883585	5.8303	3.663165	5.454787	5.5401297	5.59177	6.345511	5.8194575	7.045002	6.4309545
CDC20_8255	5.2770433	5.1158924	4.8568616	5.125191	4.6739745	5.3325086	4.6946006	4.9989047	5.1250696	5.858621	4.4453254	4.890548	5.481177	5.1542892	4.4144707	5.3824444	5.008375	4.731381	5.418061	5.194739	4.870957	5.2819767	4.7881384	5.0932775	5.3696184	5.2362823	5.6140385	4.998542	4.5643234	4.293731	5.6017346	5.7574096	5.7090826	5.4077406	4.9183655	4.673151	5.035495	4.606701	4.9901524	4.9648857	4.574702	5.560751	3.8766885	5.140615	3.7759814	4.4393606	4.7928843	5.239602	4.481253	5.5232244	4.767655
CDC25A_8256	6.055879	4.551584	5.038404	4.894432	5.9105964	5.1875315	4.096643	5.8462596	5.5215054	5.2597675	5.0554576	4.8533883	5.931773	4.7745767	4.873309	5.041427	4.234252	5.384176	6.217876	6.1749077	5.119248	6.8782163	4.6637425	5.061816	5.0360622	4.29872	5.9904776	4.449943	4.181693	3.365476	4.8614073	5.8500476	5.1592493	4.828399	5.4185543	4.933553	4.606508	5.6396017	4.4277096	5.25949	5.9624424	6.5921946	4.826726	5.2274265	4.7650757	4.9705873	6.8652005	5.63783	5.4948297	7.0871205	5.4109745
CDC6_32573	0.82449245	2.0728946	1.3529313	0.7965775	1.6618326	0.0	0.0	0.8273256	2.7044885	1.2678612	1.9512244	1.3268428	1.3559068	0.86718	1.2938309	2.0680585	1.9891841	0.0	2.2015305	1.7110134	1.7463846	3.7433898	0.0	0.79608655	3.2531395	0.7374037	2.7142618	1.8188398	1.1536862	0.82825595	2.0422144	1.2839134	0.83949393	2.3252215	1.2584345	0.78321815	0.0	2.3917863	1.9449388	3.5770605	1.2790965	2.4906006	1.438908	1.9697882	1.3714777	2.1535919	5.281917	1.7012914	3.3568892	3.876996	3.5769253
CDCA3_8260	2.2793405	3.7034745	3.57048	2.785719	2.5968776	2.6765726	3.2907877	2.9944959	3.273749	3.2400484	2.897397	3.5310342	2.5055704	1.795884	3.167487	3.2900343	3.9864676	3.4158573	2.9029238	2.4719195	3.1457682	3.0513556	2.2643013	2.2271013	3.3660054	3.1708984	2.370703	3.2998173	3.432763	3.1301692	2.2923298	1.6564866	1.7520065	3.062516	2.3721387	3.1587603	3.1353765	3.0143752	3.4182882	3.3226266	1.9462588	3.460776	2.3198192	3.173454	2.7127588	2.3615465	1.8014207	3.3230352	2.5797195	2.7799242	2.4258175
CDCA4_8261	3.7371018	2.7252557	2.9989855	2.622656	3.5632691	2.0292463	1.9740967	3.3635519	3.5893483	3.440461	1.9512244	3.329294	3.3726006	2.356276	2.9132285	2.8848794	2.9416285	3.104337	3.2689147	3.6287196	3.8425713	2.6095028	3.3405793	3.402313	3.5682683	2.663887	2.552685	2.439345	3.5877666	2.6845412	2.6910543	3.0312061	1.7520065	2.3252215	3.1140306	3.5624845	3.4240882	3.3510835	2.475174	3.4125168	3.0240266	4.165143	3.6331644	2.772775	3.5005221	2.9816122	3.4518747	3.4273803	3.3568892	3.9996767	3.7432039
CDH1_8262	6.3565974	4.9758754	4.5084467	5.0307755	6.104568	5.1875315	3.3948803	6.159261	6.290125	5.6109796	5.024022	4.890548	6.8337693	4.7745767	4.509489	5.436634	4.1156726	5.4540567	6.552615	6.3050733	5.959639	8.181944	4.2094064	5.4499016	6.0815816	4.248965	7.1861334	5.1083426	4.8664517	3.745087	4.6976724	6.5697274	6.089602	5.133281	5.789261	5.0322104	4.400299	5.659947	4.7965984	6.446078	6.375821	7.060084	4.3898067	6.3694487	4.997898	4.652222	9.025468	6.161084	6.1722803	9.0528145	6.163946
CDH2_32994	5.5623865	4.449393	4.4063993	4.4353166	5.0330415	4.8830204	4.426382	5.545017	5.2498713	4.7574925	4.4453254	5.0302987	5.530689	4.433116	4.1453104	4.8550267	4.586072	4.530389	5.1225443	4.8220615	5.2736154	5.798939	4.8654838	4.661105	4.646822	3.460427	5.634376	4.070375	3.97249	3.975925	4.2428265	5.5521173	4.9903865	4.6478076	5.296087	4.6317945	4.606508	4.9418797	3.493234	4.669124	4.9189024	5.4883585	4.1326733	4.515908	4.678297	4.652222	5.7500625	5.5247655	5.1053967	5.8511386	5.0474997
CDK19_8265	5.9155264	5.148872	5.344644	5.0307755	6.119614	4.591821	4.6106157	5.4963474	6.0014853	5.3118367	5.6773095	5.687503	6.345509	5.6087337	5.2208934	5.075982	5.0734506	5.384176	6.338294	5.756432	5.5401893	6.3432117	4.429132	5.521034	5.7894607	5.157569	5.7875133	5.3732157	5.1161337	4.690261	4.4628186	5.5298853	6.0211067	5.452482	5.6561756	5.0322104	5.091484	5.968021	4.854599	5.6217656	5.7683854	6.1196003	5.2289977	5.1701365	5.759592	5.1772513	6.263256	6.099244	6.084289	6.822056	5.760458
CDK2_8266	2.8414288	4.647012	3.6618972	4.042337	4.1948323	4.036466	3.7492652	3.8242261	3.5893483	3.5311098	3.2631965	4.007672	3.6663983	3.6481564	3.3835778	3.4032214	4.052516	3.5915058	4.1340966	4.522376	4.1281424	3.819855	4.019423	3.402313	3.9764743	3.7014503	3.5147316	2.8718307	3.5877666	3.365476	3.833374	4.4934416	3.999912	4.5687265	3.5163558	4.303423	4.050856	3.6238878	2.9709482	4.1475735	3.6340072	3.1210482	2.9717042	3.0518532	3.3956287	2.8497622	2.7208638	3.7015753	3.2530992	4.3153143	4.0904775
CDK4_8267	8.541405	9.307519	8.9723015	8.615939	8.772952	8.666302	9.232202	8.654314	8.747684	8.249983	8.869157	8.920306	8.346037	9.031979	8.8560915	8.928275	9.048983	8.672233	8.606459	8.427773	8.952989	7.6227727	8.877868	8.207277	8.865769	8.520728	8.163787	8.405637	9.021563	8.732062	9.029604	9.005646	8.695776	9.227306	8.467456	9.177954	8.697004	8.801996	8.165719	8.638434	8.525203	8.112007	8.954471	7.9639554	8.959544	8.870491	7.5644293	9.008956	8.754797	8.732892	8.915269
CDK6_8269	4.9572444	3.4089699	4.60375	3.8344646	5.3714914	4.102663	3.3948803	4.6882124	5.02383	3.9804323	4.295405	4.417189	5.7345986	4.127788	4.0218096	4.594002	3.7679756	4.245164	5.209325	5.1645684	4.0618725	5.925459	3.542482	4.3842144	5.257046	4.030775	5.268561	3.957529	3.348533	3.1301692	3.9102025	5.2045574	5.0257773	3.9107323	4.624693	4.5000987	3.8705926	4.727289	4.26614	4.8408523	4.8844705	5.716753	3.6331644	4.209659	3.3956287	3.746058	5.8152	5.2958193	5.424902	6.1843195	5.0474997
CDK7_8270	2.2793405	3.6118274	2.6870766	1.6829898	2.5968776	2.6765726	1.9740967	3.8242261	2.304984	2.7294815	3.64017	2.650732	3.6663983	2.7588696	2.9132285	3.4032214	2.23654	2.851636	3.8031044	3.223061	2.8640268	2.215664	2.2643013	3.4994485	2.8493636	2.5034022	3.4241838	3.2998173	2.2247963	2.8488586	2.505423	3.7985559	3.3886123	2.8108833	2.1637886	3.7286186	2.7740545	3.2473404	1.7137712	2.8937564	2.1913016	2.8399913	2.1448007	2.919052	2.5265856	2.3615465	3.1824234	3.5246851	2.5797195	3.93964	2.9183865
CDKN1B_8272	8.544387	6.902919	7.073288	7.0938506	8.103969	7.26261	6.5877657	8.235845	8.223936	7.6404915	7.1876965	7.232129	8.721395	6.831635	6.9838963	7.458028	7.150569	7.440681	8.648478	8.332614	7.6802855	9.148288	6.516336	7.197749	7.6411004	6.6009965	8.543021	7.495744	6.7571754	6.4184194	7.0271215	7.737267	7.591183	6.962152	8.104835	7.160176	7.094069	7.6125226	7.001347	7.9277043	8.183162	8.83071	6.4731264	7.868139	7.152534	6.567151	8.641411	7.849848	7.889416	9.5397415	7.9799495
CDKN3_8274	4.1034265	5.4950676	4.3525343	4.223995	3.5632691	4.9202075	4.9551463	3.3635519	4.477985	4.372437	4.537262	4.073784	4.782034	4.4871287	3.480585	4.0845833	4.714029	3.9550426	4.7885585	4.658498	5.119248	2.425981	3.8005724	3.676059	5.3964405	4.39336	4.2538657	3.389553	4.5643234	4.5540113	5.1418614	4.7457614	4.625427	5.105534	3.9653022	4.303423	4.1062636	4.9418797	3.8758812	4.199003	3.6340072	3.9662805	3.8766885	3.820381	3.5005221	3.3173459	2.850816	4.410563	3.9282308	4.16611	3.4859993
CDO1_8275	8.517324	9.407998	8.4763775	8.563507	9.530811	9.262802	8.791984	8.855843	9.100361	10.154953	9.467039	8.220043	9.628822	8.544928	9.278243	8.778962	9.458272	9.441625	9.750407	10.282608	9.392796	10.544938	9.849219	10.057737	9.65801	8.754867	9.2263565	8.988283	9.212372	9.48547	9.121329	9.140144	9.163225	9.191461	9.39257	9.772826	8.62295	9.7573595	8.999319	9.05954	9.307921	9.677299	9.296903	8.622345	8.874273	8.8251295	9.742611	9.481514	9.267179	8.78926	9.20443
CDT1_8276	3.4622953	2.8903687	2.2885845	2.785719	2.2038183	1.3453724	1.6765455	2.2845037	2.7044885	2.1763573	2.1965384	2.0061407	2.8556545	2.5715709	1.2938309	2.0680585	2.4476285	2.363299	3.1569264	2.9674861	2.8640268	1.6721861	3.1057508	1.6821929	3.3660054	1.8752655	2.9915388	2.5983527	0.689217	0.82825595	2.2923298	3.7221797	3.018777	1.5877075	1.6269251	2.5961618	2.0856278	1.2726339	2.475174	1.8370601	0.7768912	2.987353	1.7143735	2.772775	1.7574636	2.5432677	2.9700236	3.3230352	2.1877303	3.7429054	2.609335
CEACAM1_8277	4.806423	4.820794	5.003877	4.2797976	4.714179	3.817433	4.096643	5.067144	4.426025	4.420659	4.782408	4.7357945	4.9369683	4.938633	4.3127503	4.8942833	4.445652	4.441436	5.0924177	4.318261	4.4203105	4.7678485	4.3772573	4.574581	4.2942877	4.39336	5.0129924	4.363998	4.275919	4.045334	4.6976724	5.232359	4.9903865	5.239223	5.014717	4.5453463	4.6444345	4.4751067	5.065764	5.1849217	4.574702	5.0255075	3.9845908	4.7292633	4.8861785	4.2431035	5.030858	4.8466773	4.7715435	5.801405	5.308562
CEBPA_8279	4.637974	5.0821414	5.450994	5.094401	5.0330415	4.9918237	4.988804	4.890084	5.2498713	4.9989605	5.086223	4.7357945	4.782034	5.2511215	5.0095854	4.8942833	4.9747024	4.654311	4.8256583	4.860211	4.4722605	5.890428	5.0087457	4.7427316	4.9299054	5.157569	4.6631317	4.8163805	4.772601	4.965598	5.4810023	5.3384995	5.2814116	4.926812	5.3708076	5.2664194	5.2474875	4.606701	5.160784	5.1849217	4.8491964	5.818682	4.96488	5.7612104	5.1983166	4.9705873	6.089839	5.7016463	5.351412	6.1582146	4.8790526
CEBPB_32843	2.2793405	2.0728946	2.5015457	1.6829898	2.5968776	1.7274573	2.2206478	2.8470235	1.7505945	2.875032	2.7514749	1.706109	3.3726006	3.0732796	2.604365	0.8466378	2.4476285	2.9835122	1.6598343	3.4401016	1.3618308	3.5771093	2.2643013	1.9802222	2.036824	1.8752655	1.9188775	2.5983527	1.1536862	2.0363805	1.3557978	2.197697	1.366725	2.6664317	2.5541615	3.270766	2.6302555	2.1827102	1.0976686	2.7631624	1.6509043	2.4906006	1.438908	1.6725745	1.7574636	2.1535919	4.9461503	2.460438	2.3969975	3.7429054	2.609335
CEBPB_8280	5.1883197	5.1158924	5.1372876	4.483641	5.559774	5.1875315	4.849189	5.1946416	5.5939345	5.5031376	5.8840427	5.0302987	5.554822	5.559163	5.103959	5.1749425	4.6726246	5.2596154	5.0924177	5.891507	4.870957	5.8725886	5.0753727	5.0932775	5.257046	5.35862	4.58169	5.2103744	5.2842665	4.3496795	4.822182	5.658412	4.5785313	5.638239	4.7039027	6.439538	4.4439664	5.3197846	4.640494	5.3532734	5.079719	5.124364	5.560752	4.983204	5.480661	4.344567	6.4695373	5.7627587	5.539633	5.8511386	5.2544937
CEBPB_8282	6.787504	7.852522	7.106211	6.9378266	7.797454	7.101973	7.2111416	6.8531246	7.3452406	8.091448	7.8611636	6.6946034	7.5969954	7.053709	7.28855	7.28421	7.2524414	7.120827	7.3422103	7.370507	6.9108343	6.8692484	7.170311	7.532131	8.035967	8.097367	6.9305716	7.724199	7.6616516	7.349501	7.3294563	6.358901	7.5247064	7.765648	7.434265	8.317167	6.4154806	7.4700065	7.057991	7.5159082	7.5703125	7.109188	7.3786135	7.3734436	8.093979	7.2088876	7.1815667	6.8467093	7.374978	6.796897	7.10885
CEBPD_8283	6.48631	6.89322	6.683795	6.552422	7.2457557	5.839077	6.400391	6.363018	7.236316	6.898155	7.6611266	7.330059	7.336611	7.269421	6.9074454	7.0171103	6.34329	6.977905	7.1940346	7.3771	7.0877767	7.0146046	6.540121	6.5052385	7.272573	7.2137866	6.6894712	6.927313	6.6021137	6.0974374	7.2053757	7.794337	7.912796	7.370413	6.8476653	7.749043	7.255946	6.715312	6.823984	6.843569	6.81116	7.247205	7.2493706	7.2817597	6.917017	6.352522	7.339358	6.964116	7.3053317	7.9699497	7.6278987
CEBPZ_8284	6.4986625	5.7092023	5.344644	5.42652	6.073997	5.6963167	5.2330546	6.264734	5.8715396	5.5472465	5.5506673	5.687503	6.4776163	5.7915587	5.3548756	5.7465315	5.2805514	5.5422583	6.507664	6.113059	5.8262677	6.9733515	5.3148055	5.2961636	5.684551	4.755942	6.1960063	4.998542	5.0104585	5.102159	5.4033947	6.3714576	6.055761	5.3848386	6.0839214	5.644596	5.725566	5.680009	4.8258905	5.848044	6.0887957	6.775746	4.826726	5.4840283	5.3179617	5.496704	6.54828	5.9842043	5.7826552	7.3690176	6.009288
CENPF_8287	3.6511872	4.339408	4.4063993	4.1054654	3.5632691	4.340703	4.033539	4.291709	4.6689157	3.9804323	4.1860375	3.707994	4.740553	3.9078133	4.0848813	3.9419975	4.445652	4.441436	4.010656	4.70116	4.8317227	4.3185883	4.429132	4.0412498	4.5061374	4.29872	4.6631317	3.7013133	4.3208203	3.826207	4.3010488	5.117785	5.338821	4.4413314	4.3072	3.270766	4.1596217	4.648027	4.1318564	4.5553317	3.145316	4.339885	2.7449903	4.02811	3.0255773	3.213879	4.201589	5.120136	4.4345694	4.613098	4.7285256
CENPK_8288	1.7280232	1.767856	1.7361541	0.7965775	2.4136927	1.7274573	1.6765455	2.0347693	2.7044885	1.2678612	0.7796854	2.2543907	1.3559068	1.4050055	2.9132285	1.7633755	2.23654	2.363299	2.5944383	2.0114515	1.7463846	2.6095028	2.0155594	0.0	2.499557	0.7374037	2.7142618	1.5340518	2.4024103	1.3511056	1.3557978	2.8986797	1.7520065	0.73861325	2.1637886	1.2880224	1.559129	2.5743628	1.0976686	2.6195595	1.6509043	2.675847	1.438908	1.6725745	0.8429203	1.2508019	3.3675282	3.2105505	3.3568892	4.8270445	3.662459
CENPW_32846	3.6511872	3.6118274	2.851444	3.591516	1.9581286	3.894199	3.8983924	2.8470235	3.0170162	3.2400484	2.897397	3.6222255	3.2596772	3.5500658	3.0459516	3.5081706	3.07473	2.5450702	2.2015305	3.1009257	3.6753457	3.0513556	2.4763973	1.6821929	3.3660054	2.5034022	3.6803772	3.2041273	3.0615857	3.5677314	4.1821556	3.3684063	1.7520065	2.6664317	1.9201866	2.9047132	3.0246947	2.5743628	3.0722015	3.2267613	3.145316	3.1210482	1.0981301	1.9697882	2.0616755	2.1535919	3.1824234	4.5089707	4.11745	4.613098	4.150921
CEP57_8291	5.538656	5.3323293	5.573774	5.0629387	5.6454363	4.8830204	4.920685	5.745741	5.4711165	5.2597675	5.086223	5.3025947	6.072151	4.7745767	4.68259	5.32614	5.04128	5.384176	5.663215	5.4157686	5.61142	5.5964694	4.4792056	4.781876	5.227475	4.6449075	5.823386	5.185535	4.8358417	4.45546	4.9730616	5.776419	3.8500173	4.9888787	5.3463283	5.7254553	5.1453815	5.370047	4.7667	5.6589723	5.608813	5.7988644	4.3090825	5.0160904	4.8469296	5.0019855	4.295888	5.4020805	5.8194575	6.144983	5.8543286
CERK_8293	3.7371018	3.4089699	3.3681867	3.0651855	3.947468	3.2441669	3.1785967	3.7431152	3.4916236	2.875032	3.5547543	4.417189	4.3012185	4.7745767	4.0218096	3.0329375	2.9416285	2.7064807	4.301462	4.2042418	4.310437	4.7678485	0.8162666	3.4994485	4.112109	2.8082936	3.7565742	3.5538383	3.0615857	2.0363805	3.4771605	4.4467387	3.2755504	3.5480838	3.4257977	4.40511	3.1353765	4.111387	2.8620489	3.4971333	3.714618	3.2433975	3.7600586	1.2978095	2.3127773	3.3173459	5.161842	4.410563	3.2530992	5.2786183	4.02739
CES1D_32914	7.580562	6.357276	6.4853535	6.222989	8.159622	6.786701	5.6664715	7.381284	7.3311834	6.6477036	6.7712283	6.8815565	7.676134	7.4088755	6.1284513	6.365047	5.9857874	6.200565	7.958015	7.466373	6.596589	6.467261	5.4959803	5.83201	6.3925967	5.728995	7.4440637	7.0766296	5.3933935	4.646259	5.8165536	8.088589	6.8998203	6.633431	7.703638	7.2031617	6.7558455	6.6353707	5.80023	7.613904	6.9999027	7.4703298	6.032399	6.330758	6.540191	6.4353566	6.7780304	7.9626746	7.0192895	8.021542	6.939279
CESL1_32986	3.8181863	3.295734	4.29658	4.5756903	4.3559775	3.736352	4.2151294	3.8242261	3.8481479	3.9804323	3.3670683	4.1975594	3.0032618	2.7588696	3.2795744	4.2143354	3.9864676	2.9835122	2.2015305	2.259979	3.3813758	1.9693668	3.542482	3.8333883	3.826752	2.3228042	4.777274	3.957529	3.432763	3.470145	3.0031052	3.641533	0.0	1.2247456	2.9930947	4.5453463	3.0246947	3.2473404	3.0722015	3.5770605	2.8915966	2.8399913	1.9455801	3.577628	4.2671294	3.3173459	0.6972474	3.4273803	3.2530992	4.3153143	4.767655
CFI_32585	5.8969817	3.9479325	5.8705945	5.242175	5.603241	6.1204476	5.6871214	5.745741	5.5215054	3.9804323	5.4118285	4.651712	4.740553	5.9537992	5.3548756	5.109729	5.36095	3.4158573	5.8368044	5.7765203	4.946362	3.7433898	4.8654838	5.4740043	5.640353	5.157569	5.674211	5.3732157	5.678564	5.3958683	5.109645	5.2596354	5.2814116	4.608809	5.014717	5.444169	5.9081326	5.370047	5.114056	5.397974	5.2784324	4.4957304	5.0418377	5.4840283	5.3179617	5.496704	3.7471902	6.687719	5.6459084	4.8598094	5.2544937
CFLAR_8297	6.0725007	6.043253	5.729804	5.9581227	5.8755717	5.779615	5.392438	5.4459786	6.13694	5.386578	5.9690366	6.284201	5.7345986	5.8749585	5.3027663	5.56382	5.898691	5.605042	6.071118	5.8729677	5.846092	5.0791464	5.342123	5.4740043	5.924591	5.4047914	5.572482	5.351048	5.625862	5.6171613	5.7553983	6.184861	5.853956	6.140194	6.0388036	5.7254553	5.671486	6.137198	4.882748	5.848044	5.912053	5.913883	5.6938853	4.9150934	5.579752	5.4290123	5.733308	6.520853	6.2417164	6.343376	6.368691
CGRRF1_8300	8.068813	8.27847	8.473226	8.15348	8.174108	8.239634	8.488034	8.041764	7.9934497	8.142662	7.8832307	8.34243	7.802452	8.201523	8.439831	8.131377	8.543063	8.082924	8.104834	7.9722896	8.233098	7.568401	8.552034	8.451402	8.219903	8.411897	7.753915	8.222404	8.446454	8.389123	8.5813875	8.187771	8.241075	8.172356	8.0145035	8.270773	8.4517	8.25142	8.393112	8.322058	8.091798	7.90975	8.160843	8.200502	8.395429	8.357541	7.4715123	8.3015785	8.428352	7.864919	8.22104
CH25H_32637	6.1837807	5.3607593	5.316785	5.4510326	6.234647	4.591821	5.392438	5.6150737	7.1746755	5.1207266	5.9854507	5.9910464	6.7733474	6.309047	6.098198	5.6580663	5.1049194	5.8143644	7.470731	7.428787	6.178716	5.779924	4.323448	5.715534	7.8201623	5.4273343	5.8055615	5.282425	6.448728	4.7329607	5.669604	6.7536373	6.5927577	5.9659815	6.0540004	6.6612678	5.7077637	5.968021	5.469992	5.864064	6.2730966	5.895339	5.7712574	4.469171	5.229171	4.652222	5.8926916	6.3978205	6.6922235	6.5878844	7.239848
CHCHD4_8302	5.8203235	7.5094776	7.2893786	6.682329	6.3411803	7.1575303	7.429081	6.111586	6.2001786	6.3692307	6.8893285	6.562684	5.713314	6.767606	6.8359118	6.643709	6.9658155	6.7187357	6.2860117	5.8541875	6.512249	5.0476947	7.355972	6.819291	6.734926	6.9357595	5.958572	6.4936323	7.2329254	7.095071	7.397752	6.468162	5.853956	6.3791056	6.290498	6.565681	6.919461	6.7250004	6.596446	6.708128	6.4364977	6.003189	6.4450674	7.205398	7.0264616	7.27464	4.6924458	6.779296	6.954586	5.83475	7.085812
CHDH_8303	6.570634	5.5941806	5.525908	5.4015837	6.533206	5.819527	5.116092	6.279191	6.1206875	6.429392	5.7171683	5.246371	6.3998117	6.046653	5.453767	5.56382	5.532766	5.8319697	6.507664	6.933986	5.8061666	6.5924234	5.65692	5.83201	5.9060445	5.016011	6.209625	5.519527	5.607858	5.448061	5.4297304	6.5697274	5.8735137	5.7319584	6.3159347	5.874729	5.365728	6.4491878	5.628005	6.0851936	6.204969	6.395099	5.507479	5.943217	5.9932327	5.623246	6.396925	6.677175	6.3958793	5.930398	6.163946
CHEK1_8304	3.244892	2.3245585	2.2885845	2.785719	2.905456	2.278697	1.3012427	2.8470235	2.8691986	2.7294815	2.897397	2.8143709	2.6912055	1.4050055	2.604365	2.3194807	2.631737	2.9835122	2.5944383	2.9674861	2.0497084	3.5771093	1.7148082	2.4378424	2.036824	1.5856925	2.9915388	1.8188398	1.5044802	2.2861977	2.6910543	3.0312061	2.055782	2.6664317	0.0	2.4129963	2.4705205	2.1827102	0.650804	2.2807243	2.5835295	2.4906006	0.6511185	1.2978095	1.3714777	0.7569108	3.2779424	3.5246851	2.1877303	3.4303215	2.2155063
CHEK2_8305	3.7371018	2.0728946	3.1328285	3.1869333	3.5632691	2.6765726	1.9740967	3.1282818	3.925034	2.3851907	2.5891151	3.329294	3.6663983	0.86718	1.9647921	3.5081706	1.3132819	2.363299	3.3728328	3.4401016	2.8640268	3.5771093	0.8162666	1.9802222	2.499557	2.663887	4.4953737	2.5983527	2.7030282	1.3511056	1.7394503	3.1525764	3.3886123	2.5058906	2.9930947	3.0373216	2.904811	2.5743628	2.8620489	2.4600666	2.4007041	3.1210482	3.1675818	2.609976	2.5265856	3.589511	4.426699	3.5246851	3.2530992	3.876996	3.4859993
CHERP_8306	4.0372276	2.538774	2.6870766	3.4033608	3.8783808	2.278697	1.3012427	3.9739296	3.4916236	3.0072343	2.5891151	2.8143709	4.357182	3.0732796	1.9647921	3.1672053	2.631737	2.851636	3.6460412	3.6287196	3.3813758	4.1511106	2.0155594	2.931203	3.1306887	1.2230182	3.6803772	2.8718307	1.5044802	2.2861977	2.0422144	3.9401534	3.1528687	2.8108833	3.6015635	2.5961618	1.846264	3.7044504	2.1441302	3.4125168	3.8634686	3.8166342	1.0981301	2.919052	2.0616755	1.9105306	3.7471902	3.6158395	4.11745	4.4929166	3.8922832
CHKB_8309	7.545272	6.3852234	6.858213	7.0055885	7.644612	7.0101027	6.7437544	7.1879606	7.1903343	6.8896146	6.4431224	6.7960105	7.437407	6.410368	6.7115283	7.261872	6.4328103	7.19753	7.290072	7.1025996	7.1368876	7.4410415	6.442534	6.751889	7.3569283	6.1508265	7.4208345	6.8184266	6.8822756	6.713174	6.8628798	7.4658585	7.3118343	6.4580255	7.241982	6.3274393	6.647958	7.2393446	6.3765364	7.740794	7.37333	7.3323865	6.5629015	7.0313425	6.7138567	6.658653	8.070534	7.2609653	7.245737	8.230146	7.568201
CHMP6_8311	4.1667204	4.2811027	3.57048	3.0651855	4.4059267	3.461558	3.4919653	3.9739296	3.998029	3.3437319	3.7208104	3.707994	3.574956	2.5715709	3.5714786	4.1509175	3.4131749	3.9550426	3.560594	3.9449909	3.4861639	3.819855	3.4450598	3.7568672	4.045885	3.9079125	3.9636366	3.6294594	4.1321673	3.826207	3.833374	4.296811	3.8500173	4.200289	4.088493	4.40511	3.7365477	2.7364078	3.6972067	3.9812746	3.6340072	3.7355564	4.673928	3.663165	4.206401	4.076129	4.426699	4.9200525	3.9282308	4.4505234	3.7432039
CHP1_33118	3.894955	4.090557	3.9787362	4.2797976	4.304237	3.817433	3.9675474	3.8242261	4.426025	4.512522	4.2417574	4.1369987	4.608436	4.589442	3.9558542	3.9419975	4.234252	4.245164	4.2478023	4.1436644	4.1281424	4.1511106	3.9500973	4.661105	4.5061374	3.7014503	4.3553696	4.3190255	4.4477034	4.1115565	3.9831457	4.4467387	3.9269106	4.301587	4.583395	4.5000987	4.050856	5.1575513	3.8187468	4.388141	4.1217613	4.165143	4.826726	3.820381	3.934157	4.802445	4.7928843	4.190987	4.733482	4.8918467	4.8428674
CHPT1_33298	10.286681	10.212007	10.2695265	10.256967	10.467253	10.306206	10.328698	10.240585	10.298252	10.257253	10.480567	10.121917	10.161071	10.390841	10.191009	10.399741	10.371703	10.1482	10.306795	10.625571	10.42999	9.705572	10.290695	10.533919	10.063564	10.099565	10.263197	10.101677	10.093168	10.222255	10.17166	10.479875	10.22232	10.388177	10.365086	10.563754	10.195126	10.415042	10.03679	10.283367	10.282197	10.310604	10.148382	10.0714	10.375071	10.502934	9.028905	10.6718855	10.581354	9.670157	10.679077
CHRM3_32786	4.285542	2.8903687	2.2885845	4.042337	3.6487305	3.1218095	2.7777128	4.6442127	3.8481479	3.440461	3.5547543	3.6222255	4.052746	2.7588696	3.5714786	3.6060004	3.4131749	2.851636	4.3531976	3.7955046	2.3002052	2.6095028	3.4450598	3.402313	3.3660054	2.5034022	3.6803772	3.2998173	2.5605352	2.2861977	3.5747921	4.296811	2.5201793	4.0913367	3.8306022	4.249759	2.904811	2.5743628	3.9308388	4.5153155	3.714618	4.339885	3.0729647	3.3896487	3.3956287	2.9816122	3.8748934	4.1304426	4.386324	5.0421576	5.0474997
CHSY1_8317	5.1883197	5.442835	5.316785	5.184869	5.66608	4.394545	5.1462336	5.3396378	5.685176	4.719445	5.459608	5.3830247	5.6019096	5.812865	5.4296722	5.436634	5.307852	5.285403	5.29118	5.490641	5.49067	4.264894	4.5275993	4.781876	5.84893	4.8590384	5.268561	4.94034	4.8664517	4.3496795	5.1733747	5.484366	5.3666906	5.9813304	4.664841	5.5808315	4.7868943	5.442302	5.0409975	5.2350597	5.2243943	5.3858123	5.161626	4.6050706	4.924388	4.4393606	4.584488	5.680686	5.4948297	5.3262887	5.6178474
CHUK_8318	4.3414736	3.8709588	2.038651	2.622656	4.076445	3.736352	3.2907877	3.1282818	3.998029	2.7294815	3.1512616	2.9613252	3.4773233	3.4448164	3.3835778	3.5081706	3.6871164	2.1552784	3.035508	3.5374908	3.9924111	2.9185607	3.4450598	3.185903	3.7456298	3.7736044	3.5147316	2.8718307	2.832704	3.1301692	3.5747921	3.641533	3.493454	4.200289	2.8610861	3.8775816	3.5087726	4.224988	2.8620489	2.2807243	3.145316	2.4906006	2.7449903	3.0518532	3.3956287	3.6699069	2.0380995	3.3230352	3.0200155	3.4303215	3.7432039
CIAPIN1_8319	5.4899917	3.6118274	4.5568852	4.3335214	5.064483	4.6371956	3.4919653	4.6882124	5.496531	4.512522	4.623689	4.1369987	5.6248894	4.3186173	3.8141444	3.7837584	4.6299973	4.7684255	5.2644076	4.897377	4.8317227	6.2495594	4.08557	4.2228994	4.4040976	3.842321	5.6140385	4.5699625	2.951679	3.5677314	3.7522228	4.993321	4.53006	3.9734795	5.270294	4.453386	3.8705926	4.380197	4.26614	4.9942966	5.2243943	6.037419	3.6980062	5.386793	4.2671294	3.213879	6.5953975	5.120136	5.2472124	6.8467836	5.19832
CIB1_33206	7.626312	8.917965	8.659433	8.072851	8.285036	8.152469	8.760665	7.9767265	7.729762	7.630275	8.135718	8.630213	7.2431684	8.684394	8.349609	8.076969	8.240637	8.133493	7.7518144	7.5209765	7.8857985	6.707589	8.257851	7.845588	7.9615827	8.021607	6.8972974	7.5405083	8.501123	8.55894	8.349312	8.233198	8.035068	8.651564	7.778738	8.257238	8.299561	8.095841	7.795563	7.972727	7.654458	6.873727	8.581796	7.3606973	8.571289	8.428588	6.8341084	8.030513	7.9570403	7.652268	8.188968
CIDEC_32477	4.227354	4.7365184	5.003877	4.5304	4.714179	5.0600524	4.88538	3.6571705	4.9149466	6.280555	5.594128	3.9383843	5.1735487	3.9078133	5.5463123	4.594002	5.0734506	5.5207086	4.9651947	5.8729677	4.791392	6.263316	6.0203876	6.3445787	5.474039	5.4047914	5.892562	5.081666	5.9165626	5.3958683	5.3213744	4.1294756	4.3180375	5.0772424	4.9183655	6.1629877	4.3087883	6.092991	6.0564737	5.1591835	5.476366	5.584097	5.4521637	5.460327	5.7383003	5.6630745	5.6284776	5.239602	6.2949557	4.687995	6.4789
CIRBP_8321	7.1188707	6.6728487	6.8485165	6.597037	6.9072514	6.604514	6.2137465	7.1569824	7.258769	6.4175587	6.369994	6.641095	7.60857	6.7456155	6.1284513	6.9719524	6.067924	6.9857907	7.121299	7.094621	7.0455337	8.3001	6.5979223	6.493496	7.087446	6.16431	7.725758	6.298937	6.9409795	6.494845	6.666478	7.60528	7.2607646	6.6039863	7.058254	6.8077245	5.984049	6.8630195	6.1976185	7.590022	7.5038176	7.8142667	6.824843	6.8241134	6.6121845	6.587992	8.685628	7.343297	6.750559	9.12535	7.3790126
CISD1_8322	12.354959	13.056432	12.940662	12.87814	12.693198	13.045274	13.116061	12.434521	12.472498	13.30561	12.906952	12.757317	12.345554	12.849393	13.100709	12.639399	13.200375	13.061295	12.649151	12.860737	12.679338	12.898685	13.137213	13.22967	12.809917	13.139526	12.576487	13.102291	13.251448	13.244211	13.045359	12.354795	12.738399	12.905548	12.908826	12.98248	12.99582	13.11084	13.206017	13.017485	12.908442	12.949579	13.166461	12.928292	13.075387	13.194804	12.69632	12.638647	12.902394	12.319536	12.955861
CKAP2_8324	2.491974	4.395448	4.4063993	3.0651855	2.905456	3.5590887	3.9675474	3.2507074	3.5893483	3.6163983	2.4061391	3.8656	3.7523885	4.127788	2.9132285	3.0329375	3.4131749	3.5915058	3.875657	3.223061	3.3813758	3.7433898	3.2279377	2.7847295	3.9764743	2.9395516	3.5147316	3.957529	3.432763	3.745087	4.357012	3.641533	4.42794	4.301587	3.8995237	3.270766	3.2381685	3.3510835	3.6972067	3.1240695	3.3610175	3.5583014	2.6167028	3.2855973	2.7127588	2.1535919	2.5780368	3.6158395	3.2530992	4.4505234	3.8196683
CKS2_8325	6.582288	7.245487	7.5568423	6.482801	6.475897	7.1730185	6.945775	6.0622816	6.682205	6.574993	6.5682616	7.1035194	7.0099463	7.88686	5.866547	7.152792	6.0838046	6.253783	7.165379	6.6589527	6.312984	6.697491	6.2250013	6.118604	7.045696	6.581028	7.554908	6.5335484	6.1950355	6.6698756	7.197734	7.2785516	6.7170424	7.20376	6.7852926	6.9150457	6.6101246	6.6042128	6.031546	6.528803	6.4600716	6.8255677	6.220711	7.219586	6.646878	6.0709767	6.632014	6.8930035	5.855345	7.4573054	6.149205
CLDN4_8328	2.6772566	3.4089699	2.851444	2.9322088	2.905456	2.0292463	2.7777128	2.4973207	2.0542567	1.6378721	2.4061391	1.706109	3.9103696	2.356276	1.9647921	2.8848794	2.631737	2.7064807	3.3728328	2.8204348	1.3618308	1.6721861	2.8251235	1.6821929	4.045885	2.8082936	2.1624062	1.8188398	3.97249	2.6845412	3.0031052	2.197697	3.018777	2.3252215	1.6269251	3.5624845	1.2002778	1.9381144	2.9709482	3.013504	2.7457702	2.987353	2.3198192	2.4264417	2.0616755	1.618053	2.4195006	2.460438	3.5444415	3.2443137	3.1727722
CLDN7_8329	3.3576849	0.8494589	2.851444	1.6829898	2.5968776	2.4913077	1.9740967	2.4973207	3.1510859	2.3851907	1.6554753	1.3268428	4.1189895	0.0	2.42098	2.0680585	1.9891841	1.9121275	3.7267091	2.6566756	2.513575	3.662644	1.3343891	3.298162	3.2531395	1.5856925	3.5999305	2.0565722	2.951679	1.3511056	2.8555002	1.6564866	2.7061894	1.8774635	2.5541615	2.5961618	2.0856278	2.7364078	1.0976686	2.8937564	3.145316	3.8933966	1.438908	3.173454	1.7574636	2.704639	3.4518747	3.3230352	2.5797195	4.3153143	3.388955
CLEC10A_32620	3.9678442	3.0385108	3.57048	3.0651855	3.8058178	2.0292463	2.2206478	4.3476534	3.7669325	2.875032	4.004671	3.6222255	4.608436	4.4871287	4.3127503	4.2143354	3.510384	3.319303	4.010656	3.4401016	3.1457682	3.2850893	3.719566	2.2271013	4.3502374	3.2740002	3.9636366	2.7415621	4.275919	3.470145	3.4771605	4.069087	4.069397	4.0336113	3.6015635	3.7286186	3.9332168	3.6238878	3.166812	2.8937564	3.7909622	4.283957	3.340016	3.173454	4.1430035	2.704639	4.584488	4.9553866	4.4345694	5.0133224	4.9488087
CLEC12A_33112	4.4472237	5.2126517	4.3525343	4.619602	5.0330415	4.284773	3.7492652	4.453426	5.0921063	3.9146059	4.4453254	4.651712	4.5615644	4.976889	4.837129	4.814672	3.8445423	4.530389	5.237129	5.133753	4.946362	3.5771093	4.5275993	4.1043754	4.815312	4.565833	4.2538657	4.123652	4.4477034	4.1115565	3.2595172	5.388778	4.8786864	4.3962374	4.7419343	4.967194	4.6444345	5.006859	4.388982	4.5553317	5.330519	4.54415	4.883585	2.919052	4.4353356	2.9816122	3.8748934	5.120136	5.1053967	5.3495455	5.308562
CLEC4A_32636	4.4472237	4.2203417	4.60375	3.591516	4.968024	3.817433	3.1785967	4.551971	5.02383	3.9804323	4.3970623	4.007672	5.554822	4.6849766	3.167487	5.006024	4.1761804	3.5915058	5.1225443	5.0371494	4.909152	3.8924706	3.9500973	3.8333883	5.0360622	4.0884933	4.4501987	3.389553	4.229575	3.365476	3.2595172	5.176209	5.0257773	4.146841	3.8306022	4.899109	4.4863505	4.648027	4.1780205	4.5553317	4.7759504	4.63637	2.9717042	3.820381	3.1597538	3.8872685	3.7471902	5.02356	5.5615234	5.7145042	5.2544937
CLEC4A1_32387	3.4622953	3.1728475	2.038651	3.8344646	3.947468	3.1218095	2.4311502	2.682742	3.4916236	2.7294815	3.3670683	2.650732	3.4773233	2.7588696	2.7670465	4.3894033	3.07473	2.7064807	3.8031044	4.0143003	3.9924111	2.6095028	2.8251235	2.2271013	3.826752	1.8752655	3.32757	2.0565722	2.951679	2.2861977	1.7394503	3.1525764	3.493454	3.7764044	3.1140306	3.9466662	2.6302555	3.4478643	2.9709482	3.652791	3.6340072	2.028597	2.4758844	1.9697882	0.8429203	3.3173459	3.6788332	3.3230352	3.9941003	4.1127377	3.4859993
CLEC4A3_8330	5.878196	0.0	4.777325	4.8582335	5.5149565	5.607913	5.999316	6.3217134	0.0	5.568805	5.636318	5.60047	5.2931385	6.593875	5.9366136	5.6117125	5.2805514	5.605042	6.739177	6.626118	5.679299	4.560636	5.7414184	3.975235	5.662621	4.8254848	5.59341	5.4377456	0.0	6.3651233	5.7553983	6.096859	6.3767753	0.0	6.340931	4.355162	0.0	4.9082584	4.736168	6.098797	6.375821	4.225773	5.5952044	3.3896487	4.1430035	5.333513	3.8748934	5.3231273	1.2764089	4.3618064	6.009288
CLIC1_8331	8.726081	8.274739	8.48579	8.282007	8.53276	8.168011	7.7952347	8.580356	8.791976	8.595458	8.279094	8.328957	9.200118	8.489771	8.409353	8.470248	8.333227	8.484622	8.977949	9.016627	8.225551	9.662098	8.024849	8.402006	8.846446	7.762641	9.033098	8.442796	8.405352	8.081548	8.204299	8.821146	8.463861	8.269326	8.719364	8.439055	8.438269	8.2976	8.407716	8.663824	8.831174	9.351396	8.149296	8.830798	8.336431	8.204003	9.729999	9.025675	8.97059	10.291777	8.951829
CLIC4_8332	12.289818	10.955298	11.4881315	11.46521	11.72158	11.397502	11.012498	11.81889	11.670975	11.698697	11.318592	11.025334	11.887981	11.425309	11.05568	11.336012	10.971588	11.344024	11.58406	11.544674	11.311431	11.9768715	10.760689	11.183034	11.111759	11.492112	11.986626	11.606109	10.9550705	10.739367	11.192342	11.565907	11.843827	11.445156	11.977736	11.263299	11.523489	11.39606	11.437294	11.691335	11.588467	11.995097	11.294199	11.969326	11.275	11.274743	11.95693	11.591232	11.484273	11.9904375	11.374038
CLK1_32739	5.15749	5.664288	5.708521	4.7036085	5.839676	4.8448496	5.204691	5.7247686	5.750009	5.0611277	5.2581925	5.7291265	5.554822	5.2511215	5.073182	5.2971416	5.04128	5.0348244	6.007962	5.44116	5.2138357	5.435677	4.2094064	4.574581	5.3696184	4.29872	5.634376	5.499512	5.166204	5.102159	4.7818613	5.574012	3.8500173	5.2894125	4.8847632	6.2746778	5.0637608	4.873835	5.015799	5.6217656	5.079719	5.4121404	4.5388503	3.9621353	5.288968	4.76633	4.856158	5.349928	5.666255	6.3663616	6.149205
CLK2_32549	4.3414736	3.295734	4.1777077	3.757939	4.546167	4.6811867	3.2907877	4.812691	4.797169	3.8456316	4.492026	3.8656	4.86158	4.1942425	4.0848813	4.015051	3.3089392	3.5915058	4.897113	5.194739	4.791392	5.3608727	3.8772712	3.7568672	4.112109	2.8082936	4.0868177	3.389553	2.951679	4.174872	3.9831457	4.820931	4.199067	3.7764044	3.7582223	4.5453463	3.8051264	4.648027	2.8620489	3.4971333	4.485623	4.764509	4.0849814	3.7439134	3.689876	4.2431035	6.2515373	5.02356	4.11745	6.2099605	4.6043353
CLPX_8334	6.582288	6.873624	6.4344087	6.384417	7.0476007	6.8264203	6.631039	6.843428	6.6485925	6.213702	6.836019	6.5277295	6.3592772	7.053709	6.6606803	6.4063673	6.574426	6.6409683	6.6897273	6.71207	6.8433943	5.2268753	6.7484355	6.606833	6.457718	6.352757	6.458041	6.0872784	6.438578	6.543635	6.4128976	6.623209	6.7908983	7.037507	6.671663	6.681676	6.629165	6.845362	5.9137144	6.5684524	6.4947248	5.913883	6.6057773	6.179294	6.8590155	6.480639	5.371264	7.031888	6.721686	6.616926	7.10885
CLSTN1_8335	6.5109096	6.0077376	6.2551956	6.134954	6.262027	6.1363373	5.8424716	6.7003603	6.388431	6.172051	6.466697	5.9387856	6.5393944	5.812865	6.310999	6.5236683	6.019205	6.5158434	6.4374967	6.2911773	6.284208	6.697491	6.1953497	6.37049	6.7243795	6.376121	6.8016267	6.227726	5.9018607	5.3958683	6.2151184	6.03506	6.3767753	6.2832866	6.2646046	6.403131	6.2408056	6.4491878	6.2417564	6.7257695	6.286344	6.62633	6.081831	6.526062	6.2404222	6.025865	6.5953975	6.485032	6.333634	7.037861	6.7568455
CLTC_8337	9.993468	10.22463	9.950612	10.119407	10.147599	10.115979	9.949455	10.068152	9.975707	9.914094	10.074523	9.954349	9.8618765	10.095065	9.971805	10.237495	10.15675	9.815791	10.136398	10.158937	10.19126	9.020458	10.035407	9.975707	10.061471	9.777527	10.027883	9.671788	9.947767	9.835747	9.960969	9.970592	9.26299	10.10871	9.953708	10.25455	9.9293	9.89996	9.687746	9.966559	9.880707	9.765455	9.468171	9.732349	9.711373	9.709291	7.926884	9.90285	9.939157	9.27861	10.108274
CLU_32773	3.6511872	3.1728475	2.6870766	3.2992017	3.6487305	2.4913077	2.6148129	3.6571705	3.6808712	3.696925	3.029906	2.8143709	3.0032618	3.6481564	3.480585	3.1672053	2.631737	2.7064807	2.7569108	4.3720603	3.9194357	2.9185607	2.0155594	1.9802222	4.5545726	3.0598574	2.9915388	2.9913046	2.951679	3.365476	3.1370003	3.2645237	2.5201793	4.0336113	2.3721387	2.9047132	3.0246947	3.7044504	2.475174	4.0942426	3.0240266	4.101853	3.6980062	3.2855973	4.5859623	3.746058	3.3675282	4.3049483	4.1753836	4.4068465	3.4859993
CMBL_32468	7.2561584	7.8674593	6.7054434	7.804561	7.4618783	7.7443137	8.059564	7.551737	6.7991567	7.051503	7.802158	7.828325	7.0697885	8.002641	7.749118	7.5095	7.578093	6.9857907	7.106301	7.209902	7.6182303	6.525502	7.7921042	7.146181	7.128022	7.618251	7.3426495	7.1871195	7.5002284	7.727555	7.4693213	7.7755632	7.742438	7.9446573	6.757713	7.606884	7.766457	6.931564	7.03309	7.565738	7.391834	6.5092573	7.796426	7.2817597	7.662448	7.646537	6.5767345	8.099257	7.133302	7.1414313	7.821625
CML1_33145	6.4986625	7.2831087	6.628209	6.597037	7.38924	7.044191	6.811153	6.492738	7.0685287	7.501674	7.2903523	6.944753	7.143252	7.044732	7.110545	6.806896	7.327725	6.9378157	7.3163767	7.806343	7.1368876	7.253895	7.6130595	7.355272	7.220987	6.668787	6.7466383	6.777457	6.9623923	7.403367	6.7419825	7.4362807	6.6161656	7.1572165	6.9887824	7.258554	6.84812	7.6637945	6.579348	6.4880333	6.528566	7.017847	7.2920012	6.0739093	6.935844	6.781349	7.199976	7.2538877	6.8693995	6.4440436	7.4528956
CML3_32841	6.1051803	5.5941806	6.298572	6.208685	6.4039783	6.1520534	5.914293	6.25013	6.4285946	5.691801	6.2663403	5.9910464	6.072151	6.2633467	6.1284513	5.7888093	6.540304	5.6454296	6.0240126	5.7765203	5.679299	5.779924	6.442534	5.8132386	5.76908	5.833966	6.3515105	5.870646	5.350728	6.113686	5.6247144	6.933765	6.055761	6.3674703	6.340931	6.1629877	6.47983	6.077949	5.8721967	5.9861994	6.05823	6.327544	6.1529417	5.83679	6.342722	5.8298326	6.0498023	6.8560877	6.3462996	6.517756	6.235472
CMPK2_33290	3.4622953	3.6118274	2.5015457	2.2280116	3.8058178	2.278697	2.4311502	2.682742	3.273749	2.1763573	2.897397	3.5310342	3.4773233	3.2080395	3.2795744	3.0329375	3.196582	3.104337	3.2689147	2.9674861	3.1457682	4.3703556	3.3405793	2.6216867	2.9968727	2.3228042	3.8289478	2.5983527	1.7864426	1.7340541	2.505423	3.2645237	1.7520065	3.6282732	2.9930947	3.1587603	2.7740545	3.2473404	2.9709482	3.8587036	3.8634686	4.393726	3.5652707	3.663165	1.3714777	2.704639	4.856158	4.8085413	3.710393	5.15206	4.208934
CMTM3_33221	2.491974	2.0728946	2.038651	2.2280116	2.5968776	2.0292463	2.2206478	1.3498102	1.7505945	0.7689436	1.9512244	1.3268428	2.0423498	2.5715709	1.6679709	2.71987	2.4476285	0.75779927	3.2689147	2.9674861	2.513575	1.6721861	2.9722497	1.6821929	2.2866638	2.1163197	2.370703	1.5340518	1.1536862	2.0363805	2.505423	2.4073412	1.7520065	2.3252215	1.6269251	3.4716449	1.2002778	2.1827102	2.475174	2.4600666	1.2790965	2.028597	2.3198192	0.0	2.3127773	1.618053	1.8014207	2.8084092	2.5797195	2.7799242	3.051179
CNDP2_8341	8.137565	7.5094776	7.7252536	7.659599	8.002103	7.892009	7.629089	8.167545	7.8773284	8.389783	7.745462	7.5949793	8.026081	7.3948145	7.9360456	7.687651	7.747179	7.817275	8.181965	8.408594	7.8420434	9.103104	7.982076	8.181893	7.795183	7.5935464	8.335095	7.724199	7.7463827	7.7222657	7.936897	7.880319	8.139728	7.9209733	8.409559	7.617516	7.8046436	8.503006	8.145531	7.8693748	8.065145	8.560484	7.735951	8.277117	7.976146	7.896724	8.543897	8.252708	8.345612	8.06785	8.137618
CNKSR3_32548	4.227354	4.449393	4.1143847	3.9071345	4.013397	3.6504412	3.825755	4.5035396	3.7669325	3.9804323	3.4639611	3.6222255	4.6978445	3.5500658	3.8141444	4.2143354	4.4939933	4.1916203	4.301462	4.522376	3.2683764	4.4203296	4.323448	3.4994485	4.5545726	4.29872	4.6631317	3.8351016	2.832704	2.6845412	4.2428265	4.8923774	4.069397	3.6282732	4.2555523	4.075639	3.0246947	4.224988	3.8187468	4.5942683	3.7909622	4.225773	3.5652707	3.8929985	4.1430035	3.413886	4.9461503	4.1304426	4.386324	5.098155	4.767655
CNN1_32759	2.8414288	2.0728946	1.7361541	0.7965775	2.5968776	2.0292463	1.3012427	2.2845037	2.0542567	1.2678612	1.9512244	1.706109	2.2924721	2.356276	2.9132285	0.8466378	2.4476285	1.2520635	0.0	1.3310965	2.6994162	3.2850893	1.7148082	1.9802222	2.499557	1.5856925	2.8595514	2.0565722	0.0	0.0	1.3557978	2.4073412	0.83949393	2.5058906	0.76228935	2.5961618	2.0856278	2.7364078	2.475174	2.2807243	0.0	1.3448509	2.4758844	0.7901686	1.7574636	1.2508019	4.152023	2.6448896	3.5444415	3.3403132	3.284909
CNN2_32878	6.558885	6.89322	6.6053605	6.4946404	6.672357	5.6747184	6.3233376	6.078904	6.6710877	5.976224	6.3060884	6.2980967	6.8822575	5.9537992	5.9366136	6.498413	6.6187024	6.31766	6.777552	6.5581174	6.6198077	6.635373	6.642552	6.2639284	7.1829767	6.023446	6.3391733	5.9316683	6.6730947	6.3514857	6.9289913	6.623209	5.967513	6.898899	5.695469	6.897704	6.2531323	6.734624	6.3055305	6.578197	5.85984	6.3413105	6.3270326	6.1350684	5.6268573	6.277527	6.4995713	6.9983997	6.8428307	7.4248276	7.070246
CNN3_32615	10.301739	10.795262	10.720605	10.6612425	10.784706	10.662265	10.921752	10.516294	10.5541525	10.423261	10.648448	10.443586	10.299621	10.628683	10.636106	10.540168	10.746913	10.40721	10.474588	10.493754	10.517585	10.2123	10.688029	10.483609	10.682539	10.62528	10.175705	10.409834	10.853678	10.718269	10.62132	10.612732	10.513946	10.911756	10.489763	10.566501	10.67563	10.661976	10.258427	10.549804	10.529244	10.223158	10.839603	10.1742325	10.738931	10.713773	10.1572275	10.691664	10.579344	10.619915	10.679719
CNOT4_8342	4.592598	4.6000867	4.9322414	4.7829914	4.454204	5.2177157	5.2608714	5.033428	5.0921063	4.5563493	4.492026	4.3115497	4.182325	3.9849255	5.2208934	4.8942833	4.7934337	4.8741713	4.451415	4.614536	4.909152	4.4203296	5.107567	4.893314	4.8927097	4.565833	4.6229854	5.081666	5.0642633	4.5540113	4.7818613	4.3485374	4.6708455	4.758851	4.3072	4.7133546	4.7868943	4.9082584	5.015799	4.808103	4.8491964	4.393726	5.35498	4.9150934	4.8861785	4.7292876	4.295888	5.21065	5.2199426	5.070428	5.7409277
CNPY3_8345	7.407945	6.9316306	6.9963427	7.0302005	7.3704944	6.8840213	6.4971185	7.7721786	7.2438393	7.490422	7.2770796	7.2102504	7.4946685	7.277107	6.9838963	7.3841143	7.195112	7.024586	7.3675895	7.746496	7.3532043	8.358945	6.7687106	6.919229	6.816636	6.9591556	7.9613333	6.8582644	6.821081	6.1456447	7.1745615	7.737267	7.7687874	6.890794	7.9056263	7.3821664	7.2249913	7.2594833	7.1989946	6.785871	7.537448	8.227701	6.802901	7.471553	7.526221	7.1679473	8.543897	7.593681	7.3310485	8.583965	7.659449
COASY_8346	6.6053166	5.61793	5.750778	5.5451183	5.978193	5.630527	4.849189	5.9761677	6.290125	6.280555	5.6773095	5.666232	6.5633836	5.747978	5.1925364	6.0370026	5.5783186	5.7229633	6.6997538	6.204865	5.8849425	7.2119474	5.4959803	5.521034	5.640353	4.955256	6.4806833	5.395048	4.526488	4.8147464	5.1418614	6.3334546	5.7519803	5.7854004	6.5696173	6.2199135	5.5165024	5.59803	5.114056	5.8154593	6.5173736	6.892549	5.414072	6.0100427	5.579752	5.1211624	7.491577	6.3186274	5.725629	7.599893	6.0886884
COG2_8347	1.7280232	3.1728475	3.2553017	3.2992017	3.3754735	3.1218095	3.4919653	3.1282818	3.4916236	2.3851907	3.029906	2.0061407	3.1371586	2.9246228	2.604365	3.2900343	1.9891841	3.104337	3.560594	3.1009257	3.5838535	2.215664	2.4763973	2.4378424	2.6850367	2.8082936	2.552685	1.1788656	3.2590787	2.4990745	3.5747921	3.1525764	2.055782	2.942179	2.8610861	3.270766	2.6302555	2.1827102	3.0722015	2.7631624	3.145316	2.675847	3.5652707	2.2161078	2.3127773	3.589511	3.3675282	4.001153	3.710393	3.141468	3.5769253
COG4_8348	3.122527	5.7740564	5.038404	4.821103	4.8646502	4.7238755	4.734828	4.172859	4.528138	4.5563493	5.203116	5.063219	4.4110556	5.1542892	4.2590675	4.9697304	5.1954064	5.2066154	4.6711664	4.2623773	5.0525584	2.425981	5.200051	5.4740043	5.0015373	4.755942	3.1124566	4.644765	5.141386	4.929338	4.410885	4.820931	3.7687938	5.264536	4.9183655	6.103723	5.0066633	5.267708	4.465425	4.474157	4.61726	3.356177	5.0166383	3.2855973	4.678297	5.0327153	2.241367	4.8466773	4.6943884	3.5950627	4.6469307
COIL_32558	2.491974	2.3245585	2.038651	1.6829898	2.4136927	0.8241397	1.6765455	2.682742	2.0542567	2.1763573	3.029906	0.81086713	2.6912055	1.795884	2.42098	2.533521	1.9891841	1.9121275	2.9029238	2.8204348	2.3002052	3.5771093	1.7148082	0.79608655	2.2866638	1.2230182	2.9915388	0.70663524	0.689217	0.0	0.83162844	0.78030413	2.055782	2.1186442	2.5541615	1.9574919	2.0856278	0.0	2.475174	2.2807243	2.1913016	2.8399913	0.0	1.9697882	2.5265856	1.2508019	2.850816	2.0009227	2.5797195	2.476155	3.388955
COL12A1_32305	6.5938478	6.6267695	6.7581844	6.2788296	7.0157847	6.4478045	5.914293	6.3356133	6.9990997	5.8932114	7.046212	7.639318	6.8038745	7.1064277	6.388045	7.1927023	7.0651526	6.6309457	6.796363	6.7832937	7.176574	5.9080496	4.9026546	5.774947	7.0708904	5.9159603	6.4465857	6.377803	6.2884216	5.0692115	6.5270715	7.977981	5.5234704	7.4163084	6.127671	7.4432063	6.2031813	7.2325683	5.9803605	6.380764	6.1038394	6.2273154	6.4450674	4.6050706	6.314226	6.7070866	6.5860963	7.006845	6.7409987	7.3286247	6.559152
COL14A1_8350	2.491974	3.9479325	3.472876	3.5005035	4.5900397	1.3453724	1.6765455	2.8470235	4.197168	3.2400484	4.855666	2.8143709	3.2596772	3.8263452	4.2590675	2.3194807	1.6904588	2.9835122	3.035508	4.5691915	4.36642	3.7433898	2.0155594	3.185903	3.6596727	3.7014503	3.5999305	3.8976135	2.5605352	1.7340541	2.505423	4.820931	1.7520065	3.3729517	2.3721387	3.9466662	3.3341212	4.564156	2.1441302	2.4600666	1.6509043	3.460776	2.6167028	1.2978095	2.0616755	2.3615465	3.8124545	4.729104	3.786719	4.793518	3.4859993
COL1A1_8352	2.0298584	1.767856	2.038651	1.9810864	2.7594013	0.0	1.6765455	2.2845037	2.304984	2.1763573	4.128079	2.650732	2.0423498	3.0732796	1.9647921	0.8466378	1.6904588	0.75779927	2.7569108	2.9674861	2.3002052	2.425981	0.0	1.3061277	2.499557	0.0	2.552685	0.70663524	2.2247963	1.3511056	2.505423	3.3684063	0.0	3.2767088	1.2584345	3.3746989	1.2002778	2.3917863	2.1441302	2.6195595	1.2790965	0.0	2.7449903	0.0	1.7574636	0.7569108	3.1824234	3.4273803	2.1877303	2.7799242	2.4258175
COL1A2_8353	8.380518	9.525668	9.01627	8.387371	9.424262	8.460818	8.390676	8.6035185	9.378419	8.536501	9.996701	9.386464	8.766008	9.791288	9.410312	8.897209	8.982769	8.677112	9.289795	9.566456	9.598173	8.303433	8.074557	8.414515	9.709721	9.000154	9.14009	8.426988	8.779668	7.8245225	9.248831	9.503165	7.5060315	9.884205	7.9056263	10.0021	8.62295	9.584542	9.038945	8.398295	8.231906	9.013779	8.575338	7.7655025	8.229858	8.197237	9.255555	9.481514	8.992913	9.380917	9.258656
COL3A1_8354	10.512846	11.981783	11.407878	10.294701	11.747237	10.708169	10.158913	10.659936	11.400125	10.7329445	12.114438	11.611458	10.844066	11.767395	11.744039	11.141727	11.069047	10.994752	10.98095	11.874973	11.991906	10.252514	9.384265	10.8337	11.770618	10.934539	10.947143	11.059329	10.7957115	9.672585	11.17979	12.24051	9.175095	12.04885	9.746	12.478264	10.604053	11.898292	11.340081	10.234908	10.756862	10.869885	10.703614	9.39061	10.649803	10.309451	12.036338	11.624539	11.453872	11.3529215	11.057682
COL4A1_8355	4.285542	5.012174	3.8289971	3.677126	4.546167	4.036466	3.7492652	4.2335076	4.7556725	3.8456316	3.7208104	4.6943655	5.0086117	4.8173723	4.0218096	4.5455074	3.510384	4.245164	5.0924177	4.8220615	5.1829906	3.8924706	3.2279377	2.931203	4.601434	3.460427	4.0265417	2.9913046	4.08088	3.1301692	4.1821556	5.0876613	4.374035	4.4850583	3.6820183	4.40511	3.7365477	4.727289	3.0722015	3.9212904	3.6340072	3.7355564	4.2235727	2.919052	3.0255773	3.8872685	4.100693	4.4606056	4.11745	4.4068465	4.0904775
COL4A2_8356	8.868519	8.888977	8.7968645	8.449518	8.424848	8.15637	8.365273	8.626315	8.997308	8.428622	8.910573	8.62471	8.910944	8.855855	8.909335	8.739088	8.554505	8.565778	8.7339	8.620689	8.846297	8.904537	7.7821655	8.156055	9.093879	8.533772	9.027342	8.197772	8.335956	7.8245225	8.899032	8.952312	8.082056	9.18981	8.220469	9.30013	8.493861	9.14464	8.335722	8.679751	8.288962	8.500401	8.744123	8.277117	8.500337	8.523601	9.357473	8.944475	8.771328	9.643354	8.811428
COL5A1_8357	3.5598304	4.2811027	3.57048	3.2992017	4.076445	2.8407314	1.3012427	3.9010189	4.6234994	2.7294815	4.70523	4.4672427	4.182325	4.25777	3.3835778	4.1509175	3.6014547	3.6719112	4.010656	4.2042418	4.4203105	3.662644	2.2643013	2.4378424	4.7749977	2.9395516	4.6631317	3.4740329	3.0615857	2.2861977	4.118821	4.3984737	2.055782	4.608809	2.7157705	4.355162	3.3341212	4.564156	2.8620489	2.8937564	3.3610175	3.6496496	3.6331644	1.9697882	2.7127588	3.1024148	3.9922063	4.4606056	4.2847056	4.8598094	4.914352
COL5A2_32669	3.122527	3.0385108	3.2553017	1.9810864	3.472425	2.0292463	3.4919653	2.682742	2.518521	1.9320939	3.7971807	2.650732	3.2596772	3.0732796	2.9132285	3.1672053	3.3089392	2.1552784	3.469766	3.4401016	3.3813758	1.9693668	1.3343891	2.7847295	4.045885	2.5034022	2.552685	3.101637	3.2590787	2.0363805	3.0031052	4.3485374	2.055782	3.8451312	1.6269251	4.249759	3.0246947	3.7044504	2.8620489	2.6195595	2.1913016	3.2433975	2.6167028	1.6725745	1.7574636	2.704639	2.7208638	4.067246	3.2530992	3.9996767	3.5769253
COL6A1_33258	8.602768	9.165673	9.429527	8.440365	9.076499	8.537608	8.396957	8.617808	9.2062	8.087719	9.32271	9.640713	8.941011	9.743545	9.421045	8.882643	8.8590355	8.814073	9.038458	8.997499	9.375848	8.333087	7.5674934	8.207277	9.326102	9.03176	9.015761	8.81084	8.62266	7.7485175	9.033902	9.918062	7.963867	9.891332	8.330644	9.640945	8.4597	9.401824	9.065282	8.752558	8.609309	8.626622	8.796883	7.6910872	8.300564	8.468472	8.685628	8.924555	8.929094	9.476446	9.022282
COL6A2_32304	4.0372276	4.2811027	3.9058084	2.9322088	3.7294111	3.6504412	2.2206478	2.9944959	3.8481479	2.5675821	4.128079	4.1369987	3.7523885	4.4871287	3.6569836	4.0845833	3.8445423	3.7480712	4.1920695	4.782876	4.252195	4.8792467	2.0155594	1.6821929	4.3502374	3.1708984	4.200304	3.7013133	2.951679	2.8488586	3.5747921	4.5825424	0.0	4.3962374	3.1140306	4.0125933	2.904811	4.5203185	3.632368	4.0942426	3.457868	4.225773	3.9316483	3.0518532	2.5265856	3.8183901	5.6284776	4.410563	3.710393	5.7323084	4.7285256
COL6A3_33029	8.072949	8.329706	7.922998	7.8513517	8.746541	7.4005756	7.761555	8.406884	8.712871	7.20395	8.4485035	8.641156	8.307496	8.42206	8.078447	8.1956415	8.316523	7.8039556	8.595759	8.287829	8.760107	7.1166477	7.2153254	6.856438	8.264264	7.717623	8.567024	7.680422	7.318441	6.8744364	8.4265375	8.848351	7.835126	8.82109	7.703638	8.346223	8.155966	8.379626	8.027572	8.086341	8.0419	8.139844	8.044107	6.5030465	7.1764784	7.489253	8.4315405	8.731697	7.776967	9.473803	8.536346
COLEC12_32794	4.395317	5.442835	5.316785	4.9297447	5.4450064	4.284773	4.096643	4.73091	5.8908353	4.9989605	5.9356375	5.4088683	6.0887756	5.559163	5.1636105	5.2373357	5.4616203	5.09439	5.890317	6.2342134	5.3310165	4.5153666	4.4792056	4.7024956	6.568005	4.891829	5.369071	4.6078486	5.261414	4.293731	5.2929645	6.15612	3.3886123	5.8027835	4.028212	6.7700996	4.7525764	5.4186172	5.065764	5.1849217	4.1797047	5.2754154	5.090953	4.2654305	4.997898	4.344567	4.3408227	5.966995	5.2199426	6.1316285	5.2817807
COMT_32835	13.357791	12.699602	12.158432	12.125352	12.607075	12.786423	12.98799	13.037515	12.549455	11.794451	12.758317	13.395289	12.979515	13.387017	11.737614	11.912895	12.762715	12.792077	11.786676	11.346439	11.7549	12.143971	11.661738	12.436268	12.2431	13.674367	12.375948	12.8991	12.61796	12.776698	12.853822	12.654884	12.464465	12.740587	12.461316	12.658313	12.288541	11.543986	11.966758	12.309806	12.001296	12.357952	11.59402	13.619798	11.973045	11.749636	12.955621	11.99408	12.438538	13.067243	12.5321665
COPA_8359	8.960691	8.795745	8.773996	8.740485	8.958028	8.826681	8.579237	8.94014	8.917235	8.711456	8.717743	8.524844	8.965973	8.646327	8.683446	8.781582	8.621315	8.698863	9.046337	8.9474325	8.90418	8.971016	8.430039	8.704102	9.0836	8.564606	8.900839	8.65671	8.544362	8.348508	8.783807	8.784057	9.122939	8.961209	8.728865	8.892983	8.697004	9.102524	8.41737	8.830044	8.920974	9.145154	8.626206	8.788595	8.791418	8.684649	9.123557	9.092663	9.125574	9.619637	8.864283
COPB2_8360	8.614166	8.083293	8.306171	8.540848	9.031465	8.272357	7.712035	8.768875	8.907795	8.613723	8.153985	8.542463	9.149511	8.14804	8.0069685	8.658726	8.201142	8.4307575	9.333918	9.409689	8.757492	8.092299	8.114712	8.556722	8.956434	7.976461	8.636729	8.481575	7.861027	7.7222657	8.238221	8.669243	9.030138	8.117843	8.816127	8.118166	8.683406	8.320147	8.145531	8.496629	8.842429	9.107385	7.7086744	8.511393	7.957841	7.8629208	7.3829784	8.872363	8.857905	8.721795	8.857497
COPS7A_8361	6.827224	6.792465	7.2821937	7.1548114	6.9072514	7.093859	7.0045433	7.14124	6.7681894	7.0967274	6.7328553	6.515887	6.7733474	6.2633467	6.8541303	6.9719524	6.991298	6.82805	6.6897273	6.1899643	6.499788	6.8692484	7.1779118	6.9709573	7.062541	6.9668703	7.246834	7.035521	7.0910883	6.8648686	7.135094	6.5254674	5.730691	6.3674703	6.671663	7.4432063	6.9348464	6.4256163	6.9819603	7.2795525	7.0317163	7.1011195	6.2854395	7.5522447	7.1281853	7.1540384	6.375489	6.98136	7.2524815	7.4732747	7.568201
CORO1A_8364	6.903526	6.077915	5.5500393	5.9409184	6.440386	5.9689736	5.513002	6.3356133	6.2607617	5.568805	6.4783416	6.2701707	6.3729157	6.98028	6.08283	6.57289	5.9857874	5.778496	6.729422	6.4867525	5.959639	5.836234	5.7414184	5.8132386	6.310361	5.931814	6.399831	5.16026	5.9018607	5.6397786	5.6915355	6.7631984	6.456748	6.258303	6.0839214	5.943947	5.743151	6.5398016	5.6112785	6.3355184	6.375821	6.103534	5.7253337	5.6185985	5.1345544	5.1494794	5.8621926	6.3849196	6.535147	6.822056	6.676882
CP_8366	7.8787084	8.934609	8.237249	7.6752887	8.617346	7.3054023	8.140405	7.3745675	8.839922	7.403107	8.642112	8.209053	8.373434	8.888834	8.885176	8.183807	7.9686117	8.386765	8.510039	8.699083	8.614554	6.455325	7.8598228	7.998811	9.173574	7.722189	7.9410667	7.307122	8.61817	7.3766856	8.285853	9.251327	7.354214	8.760106	7.6793447	9.2343025	7.7004766	8.767254	7.3826885	7.3608346	7.679778	7.5962267	7.960683	6.3043756	7.361922	7.449948	6.154193	8.95324	7.9937305	7.8608785	8.368322
CPNE3_8370	4.845632	5.181114	4.458325	4.223995	5.0952544	4.036466	3.3948803	4.9635353	4.6234994	4.512522	4.067694	4.8533883	5.5061455	4.127788	4.2590675	4.7731557	3.9864676	4.1360126	5.1225443	5.0700746	4.5224047	3.9616058	4.429132	4.8199863	5.1027284	4.0884933	4.5391774	4.531055	4.7399096	2.9963596	4.357012	4.8923774	4.9541054	5.0772424	5.0454555	5.0944223	3.8051264	4.278601	4.034846	4.8408523	4.438932	5.092159	4.5738235	4.091199	4.0071836	3.8872685	4.3844	4.410563	4.6128726	4.9231877	4.5151744
CPQ_33239	9.573439	10.051226	10.354193	10.243874	9.725322	9.856606	10.38666	9.7256	9.549052	9.65787	9.904765	10.119963	9.299872	9.88354	10.11561	9.969923	10.052672	10.035899	9.463147	9.166873	9.845961	8.55903	10.059265	9.685698	9.732267	10.128228	9.615865	10.232483	10.219331	10.2015	10.151032	9.919132	9.844075	9.921483	9.884201	9.531362	10.313148	9.658448	10.168392	9.968413	9.7812805	9.5363035	10.019536	9.998191	10.24241	10.24284	8.40004	9.970256	10.147987	9.34086	10.039998
CPS1_32421	2.0298584	1.767856	2.9989855	2.2280116	0.7835774	2.278697	2.2206478	2.9944959	1.3654954	1.6378721	2.7514749	1.3268428	2.5055704	2.356276	2.9132285	3.1672053	1.9891841	3.21582	3.7267091	1.7110134	2.3002052	3.9616058	1.3343891	1.3061277	3.2531395	0.7374037	2.7142618	2.0565722	2.951679	2.4990745	2.2923298	3.0312061	3.493454	2.1186442	1.2584345	1.6612463	1.846264	2.7364078	2.7442534	4.038864	3.0240266	2.8399913	1.0981301	2.2161078	2.0616755	2.5432677	5.3494406	5.548098	5.2739763	5.818174	4.8428674
CPSF4_8372	8.790292	8.969642	9.098336	8.798945	9.091839	8.919132	9.022738	8.794263	8.742382	8.784679	8.931903	8.800954	8.694492	8.89134	9.004162	8.947064	8.819273	8.981178	8.800639	8.844145	8.816462	8.945644	8.81589	9.008419	8.896628	8.523347	8.966479	8.820955	8.50356	8.879509	8.731838	9.141978	8.878683	8.93583	9.141867	8.837221	8.963966	9.155428	8.731699	9.006399	9.029345	8.972356	8.703249	9.0006275	8.993638	9.146421	8.676892	9.058542	9.348123	8.923177	9.207991
CPT1B_8373	4.9209914	5.3033276	4.5568852	3.677126	5.802864	5.3325086	4.3246193	4.9635353	5.1572967	4.8307037	4.492026	4.6077585	5.6019096	3.4448164	4.509489	4.9325	3.9172494	5.1232753	6.1753945	6.5811424	4.5708647	3.819855	4.6637425	5.21268	6.6483097	3.1708984	4.30551	4.015055	5.695712	3.9030073	4.5613933	5.2596354	5.127021	4.0913367	4.3570623	4.933553	3.3341212	5.267708	4.7049766	5.330393	5.1965966	4.919376	3.4190736	4.4208694	3.857236	4.0158815	4.9167724	5.4020805	5.351412	4.793518	5.109732
CPT2_8374	6.8942056	6.5173736	6.4213862	5.991928	6.889805	6.7458572	5.999316	7.0259547	6.542783	6.542673	6.3947845	6.3254924	7.08644	6.5180683	6.0672965	6.536132	6.2618723	6.579762	7.106301	6.5581174	6.5368533	6.3432117	6.310465	6.2500377	6.3925967	6.0955963	6.8888574	6.032615	6.3654523	5.905468	6.2450876	7.0476823	6.780576	6.307844	6.6317067	6.6195645	6.764482	6.4491878	6.0564737	6.508562	7.0551243	6.911129	5.9549227	6.4914	6.384437	6.3646507	5.9662323	7.2609653	6.9211125	7.148079	6.559152
CRAT_8375	9.603773	9.530369	9.549589	9.572812	9.5009575	9.559431	9.64488	9.623073	9.493335	9.650306	9.364097	9.246573	9.485521	9.1786995	9.25786	9.4908	8.890978	9.482607	9.752817	9.432024	9.488927	8.823285	9.799584	9.707463	9.470362	9.765412	9.399731	9.511137	9.558922	9.477644	9.660961	9.50886	9.988965	9.694691	9.514305	9.321422	9.404765	9.70692	9.207001	9.63429	9.642653	9.574687	9.479743	9.784579	9.811614	9.877439	8.73275	9.949596	10.005538	9.358164	9.889588
CREB1_8377	7.5978885	6.941076	6.69466	6.552422	7.5753627	6.7354627	6.4971185	7.2553215	7.5773234	6.98891	7.0617757	7.1035194	7.7087655	6.810606	6.881034	7.1283045	6.6187024	6.8192506	7.5724554	7.370507	7.1207023	7.863065	6.3242292	6.8003526	7.560382	6.329008	7.489428	6.6379433	6.265636	6.0133305	6.7524533	7.4121747	7.2155037	6.930872	7.050698	6.9824004	6.7985215	7.19123	6.630047	7.377672	7.159604	7.674441	6.337246	7.1019726	6.576637	6.790369	8.354202	7.2750177	7.7533855	8.70386	7.551482
CREG1_8380	9.313408	9.648942	9.549589	9.624912	9.694252	9.801618	9.79393	9.568205	9.734035	9.739744	9.6837015	9.336844	9.867909	9.356079	9.644228	9.622288	9.680806	9.768576	10.071277	10.125066	9.651253	9.487031	9.999399	10.036652	10.187761	9.712474	9.393779	9.622901	10.259527	9.613822	9.873738	9.670013	10.32533	9.690027	9.743659	9.504404	9.822721	9.879502	9.610949	9.501048	9.788281	9.688112	9.912605	9.483193	9.647135	10.047898	9.875483	10.078379	10.2056	10.117298	10.005631
CRELD2_8381	6.903526	6.094939	6.1003957	6.2371535	6.808574	6.497861	5.6455216	6.3076777	6.7681894	6.5317373	6.4070215	6.3523774	7.0781384	6.0996256	6.400495	6.105509	6.693059	5.9333158	6.9470677	6.9159884	6.5610456	7.1090493	6.1802926	6.3832736	7.054143	5.833966	6.9711137	5.886145	5.762336	5.978265	6.1212845	6.9081383	6.5325193	6.5535355	6.776158	6.5546584	6.47983	6.4256163	6.0440636	6.607041	6.8651323	7.3798485	5.981213	6.4678206	6.1942573	6.198419	7.0792093	7.173649	7.140592	7.656936	7.267411
CRIP1_32865	7.368107	7.842477	7.379669	7.1988983	7.9939613	7.5622187	7.459408	7.269873	7.4135404	7.4445124	7.909273	7.7746735	7.761563	8.057224	8.047115	7.3978376	7.4734817	7.21776	7.505442	7.998182	7.674753	8.556238	7.1159554	7.3873534	8.256965	6.927876	7.647871	6.8582644	7.367418	7.6235967	7.2796497	8.006438	6.7701797	7.964101	6.873593	8.064782	7.513313	8.088355	7.2806	6.967378	7.4459634	7.4890018	7.3334084	6.869809	7.103419	7.215599	8.877018	8.18734	7.809346	8.927048	7.9547396
CRISPLD2_32789	6.039064	6.802863	7.005098	5.7367473	6.630953	5.7997093	5.914293	6.1435437	6.7577176	5.786849	6.8450418	7.4406767	7.2725697	7.3149323	6.6709943	5.9086823	6.831177	6.2274194	6.9638057	6.906904	6.772647	6.1345105	4.6637425	5.83201	7.6411004	6.329008	6.650061	6.032615	6.797447	5.1967144	6.1845136	6.97549	5.0257773	7.273995	6.0388036	7.188975	6.47983	6.9728074	6.1169705	5.9264235	6.1767907	5.913883	5.9549227	4.689042	6.1942573	6.388606	6.538669	6.9554167	6.307964	7.1546955	6.869049
CRK_8382	6.6613297	5.815727	6.1003957	5.9058814	6.119614	5.914729	5.747355	6.25013	6.4804635	6.2935615	5.8122478	5.9387856	6.245264	5.812865	5.8484855	5.9833994	5.8806224	6.200565	6.217876	6.2342134	6.0817175	6.747288	6.134154	6.304817	6.2080917	5.747029	6.5139933	6.0044866	5.810359	5.726859	5.6473336	6.3839064	5.853956	6.319968	5.976364	6.415369	6.124855	6.1659346	5.7088456	6.2768903	5.8774548	6.5453873	5.525456	5.943217	6.011097	5.864411	6.428493	6.3186274	6.307964	7.4732747	6.3813605
CRKL_8383	4.0372276	4.0210066	4.5568852	3.9071345	3.472425	3.6504412	3.825755	4.2335076	4.2578745	4.043386	3.9387684	3.5310342	4.052746	3.8263452	4.0848813	4.443337	4.052516	4.0179224	3.469766	3.4401016	3.1457682	4.949003	3.2279377	3.975235	3.9035544	3.7736044	4.30551	3.957529	4.027703	3.826207	3.833374	3.9401534	1.366725	3.6282732	3.9653022	4.453386	3.0246947	4.111387	3.6972067	4.34313	3.9325047	4.5909967	3.6980062	3.820381	4.0071836	3.8872685	3.1824234	3.5246851	4.5703197	4.7591944	4.4684386
CROT_8384	8.077073	8.527624	8.388774	8.42807	8.388041	8.359546	8.488034	8.011778	8.06739	8.466443	8.282419	8.287766	8.18914	8.343714	8.365573	8.444032	8.313159	8.439397	7.999192	8.631759	8.341821	8.126573	8.761285	8.837812	8.335297	8.054564	8.012731	8.353626	8.459063	8.44477	8.403468	8.208915	8.241075	8.386367	8.158547	8.414879	8.213869	8.528125	8.130936	8.079495	8.3375	8.345087	8.163715	8.11959	8.28229	8.4963	7.8857803	8.570133	8.747654	8.236399	8.724605
CRP_8385	4.3414736	3.8709588	3.747865	3.1869333	2.5968776	3.3569534	2.2206478	4.6442127	1.7505945	2.1763573	2.1965384	1.706109	3.9103696	3.9849255	3.0459516	1.3766294	2.7949874	3.4158573	5.1225443	6.128772	2.3002052	1.9693668	2.8251235	3.8333883	4.112109	2.1163197	4.0265417	2.0565722	1.5044802	2.2861977	2.505423	2.8986797	1.366725	2.6664317	1.9201866	3.0373216	2.4705205	2.7364078	1.9449388	3.5770605	2.5835295	2.4906006	2.9717042	1.6725745	3.3956287	1.618053	2.7208638	6.7891216	3.629802	3.4303215	3.284909
CRYAB_33054	5.360625	6.5547686	5.003877	5.125191	7.0077195	6.182981	6.1556625	5.4713826	6.46767	7.3165517	6.466697	4.9621153	7.513262	4.938633	6.437214	5.829884	6.922317	6.73754	6.9129977	7.253553	6.435813	8.44596	6.7484355	7.3617454	7.6522717	5.5759807	6.5139933	5.9757986	6.828874	6.4314413	6.5270715	5.7574096	4.714878	6.0701437	6.156117	7.3945827	5.6897388	7.012904	6.0687776	5.8318434	6.593955	6.8255677	5.6779003	5.6185985	6.0634	6.3155117	7.15665	6.874664	6.9462905	6.0487986	6.814038
CRYL1_8388	8.812725	8.499133	8.516732	8.119474	8.679587	8.217398	8.56257	9.097299	8.822442	8.315211	8.388054	8.391862	8.9882965	8.969315	8.263626	8.552304	8.375773	8.068144	8.524214	8.474637	8.611662	8.754331	8.464629	8.1708765	8.01015	8.237903	9.021564	8.613133	7.963692	8.278169	8.366455	9.06483	8.325152	9.019987	8.773155	9.032597	8.648837	8.719589	7.7117405	8.465466	8.218145	8.954554	8.418234	8.431366	8.744134	8.295541	8.6747	8.844363	8.699107	9.123665	8.712122
CRYZ_8389	5.6535864	5.7740564	6.2697997	5.851677	6.45232	4.9918237	4.096643	6.205411	5.058372	6.4643197	6.154659	4.7357945	5.554822	4.4871287	5.56855	6.0716624	6.289525	5.233359	5.5788093	6.064868	6.4745374	7.353719	6.1650763	6.551277	4.5061374	4.143991	5.9904776	5.990214	5.1161337	5.978265	5.530514	5.507305	5.190773	6.0701437	6.4483447	4.967194	6.177542	5.83119	6.596446	6.0575957	6.0735936	5.9681273	5.161626	6.208042	5.55561	5.333513	6.036206	5.722306	5.6459084	6.7275786	6.913342
CSF1R_33318	6.6053166	4.9386396	5.5971236	5.4988422	6.104568	4.95646	4.734828	5.8462596	6.2001786	5.858621	5.387332	5.5778656	6.7102833	5.854556	5.2487035	6.105509	5.5557218	4.972693	6.8956566	6.411673	6.254846	6.479099	4.827329	5.268869	6.5321712	5.4929237	6.435038	5.9757986	5.238194	5.1658797	4.7818613	6.3714576	5.9118514	5.598977	5.5314345	5.8388333	5.7077637	5.4656053	5.724484	5.848044	6.483266	6.5453873	4.6079693	5.309309	5.288968	4.8720703	6.418047	6.249141	6.5128493	6.949294	6.7952247
CSGALNACT2_8391	4.845632	4.820794	4.73585	4.4353166	4.546167	4.44645	4.426382	5.132301	5.058372	4.6402006	4.347129	4.7357945	5.647509	4.938633	4.641223	4.9697304	4.6726246	4.7684255	5.7036357	5.253251	4.5224047	5.552328	3.6337392	4.574581	5.662621	4.030775	5.103307	4.363998	5.190602	3.745087	4.936795	5.056895	4.625427	4.5274987	5.1622505	5.370655	4.68139	5.006859	4.673095	5.02312	4.9853954	5.2754154	4.4662523	4.469171	3.5983036	4.392742	5.7500625	5.548098	4.980966	6.3663616	5.8175097
CSK_8392	4.1667204	4.0210066	4.4063993	3.677126	5.064483	4.4965525	3.3948803	4.5988293	4.6689157	4.2172728	4.3970623	4.515618	5.0086117	3.9849255	3.8867385	4.594002	4.2900763	4.2967916	5.2644076	4.7425966	4.4722605	4.647124	3.6337392	4.7427316	4.3502374	3.7736044	4.7021914	4.070375	4.08088	3.745087	3.5747921	4.8923774	3.8500173	4.0336113	4.2555523	4.7133546	4.3087883	4.5203185	4.3491855	4.199003	4.9189024	4.919376	3.7600586	3.8929985	4.1430035	4.2431035	4.8248677	4.249093	4.481253	5.5435348	4.6469307
CSNK1A1_8393	8.861363	8.682055	8.547024	8.523616	8.831239	8.546555	8.258942	8.7060585	8.691023	8.684554	8.687964	8.673498	8.994926	8.588819	8.547311	8.786807	8.47545	8.557864	8.984116	8.829797	8.932273	8.645611	8.397858	8.565161	9.028937	8.3976965	8.821021	8.203969	8.551444	8.285358	8.53362	9.009667	8.511451	8.691773	8.555513	8.696391	8.608631	8.655174	8.148432	8.693265	8.711057	8.679059	8.451524	8.4374485	8.550062	8.422799	8.820633	8.677184	8.857905	9.274059	8.884449
CSNK1E_8394	4.0372276	4.339408	3.6618972	3.1869333	4.1368527	3.6504412	3.668492	3.1282818	4.426025	3.3437319	4.2417574	4.417189	4.782034	3.7400002	4.1453104	4.333375	4.3956347	4.1360126	4.073696	4.2623773	4.1281424	5.169586	2.8251235	3.4994485	5.0360622	3.842321	4.30551	4.015055	3.97249	3.1301692	4.118821	4.993321	4.069397	4.0336113	3.3291726	4.1940217	2.904811	4.428432	3.8187468	4.0942426	3.9983876	4.283957	4.0849814	3.663165	3.3956287	3.6699069	6.1159263	4.729104	3.8592093	6.0487986	4.6043353
CSNK2A2_8395	4.845632	4.449393	4.8176413	4.3335214	5.064483	4.394545	4.3246193	4.77238	4.8375063	4.680367	4.2417574	4.8533883	4.782034	4.539192	4.509489	5.075982	4.714029	4.7684255	5.2644076	5.102265	4.5224047	5.169586	4.7881384	4.4825354	5.1664495	4.6449075	5.268561	4.531055	5.0376115	4.8147464	4.6536613	4.926816	4.9541054	5.018939	4.8847632	4.752468	4.4863505	4.9418797	4.2227526	4.0942426	5.1393414	4.764509	4.883585	4.7683935	5.1345544	4.6912694	5.392762	5.349928	4.6943884	6.2351537	4.7285256
CSNK2B_32771	4.592598	4.090557	3.9787362	3.9071345	4.2505713	3.817433	3.8983924	4.453426	4.5766063	4.322547	4.004671	3.7889483	4.357182	3.6481564	4.4144707	4.7304096	4.714029	4.1360126	3.944735	4.4239254	4.310437	4.3185883	4.08557	4.2786994	4.045885	2.9395516	4.0868177	3.2998173	4.229575	3.826207	3.4771605	3.641533	4.799106	4.4850583	4.451897	4.249759	4.2607594	3.7807512	3.7592564	4.669124	4.340757	4.225773	4.7675343	3.9621353	4.3814173	4.344567	4.7928843	4.8466773	4.481253	5.3026505	4.0904775
CSRNP1_32455	3.4622953	3.295734	3.6618972	3.677126	3.3754735	3.1218095	1.9740967	2.8470235	4.6234994	3.5311098	3.1512616	3.707994	4.4629893	2.356276	2.7670465	3.5081706	3.510384	4.441436	4.403142	4.5691915	2.3002052	4.264894	3.8772712	4.2786994	4.601434	3.2740002	4.403563	3.7697577	4.526488	3.365476	3.7522228	3.3684063	3.5911903	3.3729517	4.3570623	4.075639	2.7740545	4.4751067	3.166812	3.8587036	4.061393	4.393726	3.0729647	2.919052	3.0255773	3.5043693	3.6070757	4.5089707	4.1753836	4.6510324	4.150921
CSRP1_8396	5.2185044	6.111764	5.945278	5.9581227	6.428352	4.7653375	5.6871214	5.745741	6.5305324	5.7495775	5.9524336	6.1373487	6.3592772	6.309047	6.1580834	6.088685	5.509438	5.9655747	6.6796308	6.5228763	5.941324	5.254689	5.6127396	5.6745214	6.9033456	5.7107325	5.8583884	4.879691	6.2307677	5.9423256	5.8165536	6.7631984	5.47308	6.098573	5.4418483	6.475049	5.8443856	6.077949	5.271382	5.7130427	6.011131	5.9502716	5.8730483	5.5751214	5.6268573	5.5401297	5.907703	6.2348332	6.3588552	6.8053317	6.178538
CTCF_32905	7.77081	6.873624	7.073288	7.0781994	7.6906776	7.165295	6.733864	7.5986023	7.68625	7.258035	7.144498	6.944753	7.7718945	7.097774	7.0085053	7.2768025	7.057131	7.0772047	7.9156284	7.863806	7.407582	7.4530954	6.516336	7.069161	7.5182633	6.7604184	7.596966	6.942218	6.7073174	6.113686	6.91973	7.4890914	7.3189845	7.0737586	7.6446314	7.552516	7.114481	7.349919	6.6547437	7.261523	7.360861	7.7486324	6.727252	7.015166	7.0264616	6.697529	7.199976	7.433765	7.5978947	8.057295	7.5402274
CTH_32463	7.226759	7.6076384	7.106211	7.220447	7.829835	7.9106064	6.9371805	7.5277205	7.6184173	8.66717	7.951659	7.3368063	7.982264	6.98028	7.658725	7.6013236	7.757117	8.459357	7.8895855	8.359498	7.7344728	8.589381	8.04161	8.242782	8.138828	7.277212	7.7304893	7.724199	7.6128373	8.000855	7.336433	7.6778464	6.9281526	7.4662538	7.5620027	7.955889	7.1544585	7.938191	7.5323467	7.623347	7.8982916	7.9641466	7.623607	7.7213154	7.347933	7.4095416	7.9157896	8.252708	8.41639	7.684634	8.457773
CTNNAL1_8399	6.6053166	6.3430967	6.132713	6.179643	6.722495	6.522252	5.8607645	6.946662	6.788908	6.6066046	6.1834	6.227241	6.6994996	6.367813	6.4128385	6.689062	6.407795	6.579762	7.303284	7.1418443	6.772647	6.7954235	5.139058	6.3445787	7.4430695	5.947496	6.854595	6.1399455	6.207045	5.6397786	5.85593	6.882048	5.853956	6.1125803	6.2514815	6.7412233	5.365728	6.3524985	6.0687776	6.5684524	6.7066417	6.62633	5.7253337	6.1647024	6.2098103	6.100286	6.5860963	6.0012107	7.0659814	7.238062	7.022516
CTNNB1_8400	9.070268	8.311616	8.203416	7.983254	8.831239	8.2211275	7.574716	8.82907	9.05404	8.568958	8.636926	8.591244	9.406497	8.560757	8.225647	8.283277	8.035464	8.222949	9.390725	9.219182	8.841368	9.901933	7.6408243	8.291065	8.958686	8.097367	9.178684	8.270439	7.864822	7.5597987	8.227002	8.94603	8.554495	8.494621	8.802695	8.984124	8.178761	8.560951	8.008536	8.583857	8.730573	9.631814	7.840174	8.467483	8.167506	8.065976	10.158797	8.91112	8.681722	10.33174	8.76867
CTNND1_8401	10.307894	9.587118	9.905732	9.99573	10.467988	9.894471	9.602027	10.333563	10.305459	9.934997	9.89285	9.801776	10.606423	9.561995	9.726881	10.124421	9.678194	10.005191	10.48187	10.456107	10.185436	9.85841	9.696199	10.001846	10.273458	9.604101	10.385974	9.893128	9.599348	9.188413	9.919756	10.321446	10.252509	9.872933	10.223574	9.7799425	9.819615	10.116934	9.813713	10.2856	10.331757	10.261674	9.416123	10.00742	9.637104	9.573504	9.850452	10.269479	10.401889	10.433876	10.301471
CTSC_32456	9.988003	10.3949585	10.347323	10.447943	10.597225	10.330581	10.343408	10.247954	10.129824	9.283911	10.113315	10.452156	9.8276205	10.421505	10.134367	10.52305	10.220989	9.943768	9.981664	9.680121	10.353276	7.5794406	9.890281	9.821047	9.873798	10.047763	9.677188	9.994033	10.37713	10.011877	10.273321	10.489986	10.53021	10.391053	10.126282	9.7560835	10.445253	9.777285	9.563915	10.496844	10.252973	9.225292	10.365404	9.743439	10.189461	10.160882	8.046999	10.196601	10.108569	9.672465	10.32051
CTSD_8403	9.967043	8.944035	9.168211	9.222102	9.588726	9.196145	8.852653	9.899436	9.650179	9.193126	8.899789	9.097617	9.687302	9.054513	8.998031	9.313905	9.067071	8.9692955	9.66854	9.335462	9.536981	9.885348	8.680654	9.039035	9.320862	8.952377	9.761662	9.1005	8.95369	8.648097	8.899032	9.485946	9.984475	9.1931095	9.617641	9.109931	9.323809	9.288788	9.024805	9.610745	9.797564	10.063108	9.17265	9.54083	9.206287	8.988835	10.58368	9.384393	9.338646	10.796365	9.37883
CTSK_33244	5.2185044	6.478984	5.889631	5.5451183	6.104568	4.9202075	5.465978	5.6599574	6.3747907	5.4576373	6.1253333	6.1527247	6.13753	6.438056	6.484762	6.105509	5.8806224	5.9495354	6.5745764	6.2342134	5.5401893	3.9616058	5.47145	5.183743	6.7030516	5.89993	5.1605206	5.3285346	6.0425406	5.6839757	6.0381403	6.61267	5.0603204	6.447012	4.9833093	6.681676	6.124855	6.1941094	5.3133516	5.730625	5.823951	4.9909906	5.9415956	4.647667	5.454787	5.7018332	4.5077496	6.634213	5.890361	6.005529	6.009288
CTSS_8404	7.883426	7.3973017	7.9137287	7.8234596	8.343878	7.0692387	7.3600287	7.7975082	8.0926075	7.738866	8.075659	7.7445455	8.300377	8.135411	7.9057975	8.372858	8.014904	7.7540374	8.210297	8.446702	8.221762	6.8782163	7.6894927	7.4735622	8.275145	7.6758704	7.8613486	8.067882	7.6307797	7.6122046	7.885497	8.513674	8.102919	7.8433013	8.346159	7.84264	8.088779	7.765876	7.9957056	7.99108	8.812981	7.9051228	7.5769625	7.341364	7.6396613	7.2355494	5.9662323	8.368641	8.599466	7.0016165	8.993688
CTSZ_8405	6.693923	6.043253	6.083961	5.3762093	6.7517624	5.5378633	4.88538	6.5294833	6.4153304	6.0998435	6.169101	6.1527247	7.2131553	6.4918876	5.041734	6.827324	6.1150513	5.778496	7.464864	6.933986	6.4745374	5.6393003	5.200051	5.886901	6.7966385	5.947496	6.502975	6.1138525	5.5335073	5.0692115	6.071975	6.8192706	6.8709207	5.7136955	6.710542	6.103723	5.95416	6.1078777	5.724484	6.2648735	6.8383985	6.1354895	5.2289977	6.0423293	5.506079	5.474491	5.392762	6.1910377	6.672242	6.971951	6.9980454
CTTN_8406	8.832377	8.26725	8.382069	8.34549	8.712213	8.504323	7.926948	8.556815	8.5156765	8.195588	8.418595	7.784578	8.778872	8.459694	8.277193	8.175864	8.333227	8.374803	8.832885	8.569797	8.42326	8.5756645	7.960204	8.159775	8.588892	8.231512	8.843033	8.231533	8.171023	7.7169576	8.300199	8.741158	8.670842	8.348399	8.71459	8.551443	8.391641	8.310527	8.213601	8.631432	8.48842	8.878701	8.310903	8.608933	8.289628	8.38757	8.761955	8.78913	8.696636	9.413008	8.790208
CTTNBP2_33124	8.723453	7.67711	8.405403	8.640125	8.535567	8.100767	7.751786	8.535897	8.261482	7.5512524	8.252214	8.18308	8.420162	8.299115	8.0069685	8.199564	8.023163	7.860805	8.360057	7.6840587	8.127709	7.3792124	7.9335127	7.836321	7.8736396	7.905976	8.300515	7.859905	7.5339904	7.6846924	8.181232	8.859536	9.122939	7.86415	8.355389	7.7197375	8.411023	8.08083	7.8284984	8.603075	7.8544908	7.959691	7.777798	7.7113094	7.877344	7.6711607	7.7507796	8.280837	8.323362	8.291477	8.406012
CXCL10_8408	3.8181863	3.513961	4.1143847	3.677126	3.6487305	4.340703	3.668492	3.3635519	4.2578745	3.1283326	4.347129	4.073784	4.052746	3.8263452	3.480585	3.6060004	3.9864676	2.363299	4.010656	3.872183	4.1281424	2.6095028	3.3405793	3.0641665	4.7335253	3.5453217	2.9915388	3.2041273	4.181693	3.9030073	3.4771605	4.4934416	2.055782	3.9107323	2.1637886	4.136044	3.1353765	3.7044504	3.9837794	3.9212904	2.4007041	2.028597	2.9717042	3.663165	3.2825065	4.76633	2.7208638	4.3049483	4.4345694	3.876996	4.9488087
CXCL12_32815	10.2089405	11.571338	10.842238	10.294701	11.313652	9.998104	10.211534	10.767674	11.363904	10.259741	11.589137	10.7701435	10.909864	11.411845	11.237127	10.732498	10.548767	10.496854	10.695479	11.109649	10.96277	10.373989	10.017515	10.27737	11.327468	10.492613	10.667699	10.109126	10.56673	9.870825	10.609128	11.567271	9.616359	11.546018	9.851959	11.757838	10.098527	11.268958	10.188265	10.153332	10.041699	9.969812	10.978218	9.074693	10.16074	9.9805355	11.093172	11.070176	10.304648	11.699416	10.993628
CXCL12_8410	6.287088	7.547075	6.546604	6.179643	7.3704944	6.088135	6.28321	6.76342	7.051482	6.0238314	7.348613	6.7461977	6.8726892	7.32238	6.7987695	6.643709	6.540304	6.4375067	6.4730067	6.8416634	6.872684	6.3432117	5.7414184	6.02382	7.020053	6.1508265	6.6894712	5.946529	6.6021137	5.6397786	6.67751	7.717731	5.498495	7.5561223	5.695469	7.664414	5.984049	7.311853	5.7088456	6.0851936	6.1038394	6.0204053	7.071142	4.5611777	6.0972433	6.1147203	7.4095864	7.135648	6.1722803	7.9811616	7.0305815
CXCL16_32294	7.859681	7.3341837	7.8902917	7.680481	6.991453	7.4330997	7.347111	7.6327786	7.4914484	7.20395	7.137171	7.606192	7.4243674	7.4904766	7.476685	7.7370725	7.347593	7.593001	7.06811	7.172489	7.2602215	7.75036	7.4278555	7.288886	7.3637404	7.4133053	7.953261	7.555126	7.312895	7.12744	7.46296	7.657483	7.441977	7.514528	7.422604	7.196086	7.487461	7.4112115	7.9762425	7.4590316	7.6129985	7.6798687	7.008611	8.164286	7.368866	7.819522	7.5972075	7.670109	7.9151483	8.474508	7.4102583
CYB561_8412	4.806423	3.7034745	4.5084467	3.9071345	5.064483	4.165955	4.033539	4.172859	4.6689157	4.680367	4.3970623	3.7889483	5.1098185	4.25777	4.2590675	4.2750826	4.445652	4.0179224	5.4658456	5.281641	4.1915016	5.459774	4.019423	4.4825354	4.9299054	3.9079125	4.981586	4.175031	3.85529	4.293731	3.9831457	4.783836	3.7687938	4.3496885	5.1050344	4.303423	4.050856	5.006859	3.4182882	4.669124	5.079719	5.246444	4.266961	4.3708944	4.206401	3.9530077	5.9518213	4.8838315	4.9144797	5.8673425	5.1693907
CYBA_32388	9.877655	10.512862	10.72127	10.6691	9.742433	10.237891	10.702837	9.778713	9.612901	9.429476	10.209898	10.512251	9.01028	10.500775	10.336603	10.439264	10.639534	10.337277	9.113506	8.88866	9.998792	8.365337	10.432469	9.854712	9.646883	10.664948	9.45366	9.990452	10.631654	10.753695	10.512331	9.8702	10.520164	10.473415	9.644243	9.888177	10.5476265	9.824237	10.21134	10.179974	9.92373	9.141225	10.877714	10.230488	10.877454	10.817787	9.300322	9.982082	10.026348	9.221453	10.138443
CYBB_32987	7.5863605	6.638428	5.9988585	6.4221015	7.2319756	6.0040355	5.314946	7.240622	7.553305	6.306452	6.466697	7.376639	7.9688554	6.9517508	6.388045	7.4046507	6.3564234	6.3546705	8.142077	7.7965393	7.3601146	6.635373	6.0538177	5.990789	7.436623	6.137216	7.4208345	6.366797	5.794528	5.473466	6.1689644	8.006438	7.0705223	6.7455444	7.387044	6.233801	6.500657	6.734624	6.2525835	6.914514	7.714495	7.2833104	5.858939	5.4362297	5.780574	5.283283	6.35373	7.0807056	7.576553	7.5655456	7.458885
CYCS_8414	7.5029783	8.087552	7.372921	7.4687233	7.725517	7.602812	7.82349	7.3745675	7.4001365	7.8084807	8.032868	7.5722885	7.3504643	7.8717117	7.534313	7.496803	7.8529015	7.496945	7.6623588	7.678732	7.6636243	8.22124	7.995042	8.118321	7.8201623	7.3200073	7.495	7.0493546	7.4556255	8.093886	7.8759513	7.746937	7.6715875	7.6788764	7.741677	7.7777653	7.3100443	7.596779	7.076389	7.783537	7.322793	7.7225714	7.6687913	7.5239415	7.354944	7.379971	8.5534725	7.6378484	7.423598	7.9357824	7.685224
CYP11A1_32785	1.7280232	1.3805355	2.038651	2.9322088	1.9581286	2.6765726	1.9740967	2.8470235	2.304984	3.0072343	2.897397	2.650732	2.6912055	2.5715709	1.6679709	3.4032214	1.9891841	1.61952	3.035508	2.4719195	3.0117643	2.6095028	1.3343891	2.6216867	1.3514621	1.5856925	1.9188775	1.5340518	0.689217	2.0363805	1.7394503	3.2645237	0.83949393	2.1186442	0.76228935	1.6612463	1.2002778	1.64341	0.650804	1.5507082	1.9462588	1.3448509	2.3198192	1.6725745	1.7574636	1.618053	2.5780368	4.249093	3.3568892	4.4068465	3.5769253
CYP1B1_32710	4.592598	5.7527604	4.5568852	3.591516	5.3714914	3.6504412	4.096643	4.8519063	5.496531	4.6402006	5.8122478	4.8152456	5.1420355	6.046653	5.1636105	4.686358	4.714029	4.0179224	5.7429543	5.336797	5.657026	3.662644	3.2279377	5.0932775	5.706152	5.045456	4.1446767	4.491069	4.487633	3.6591327	4.3010488	5.117785	3.5911903	5.452482	3.1140306	5.783258	4.3087883	5.069037	4.26614	4.474157	4.61726	4.4957304	4.266961	2.4264417	4.5374804	3.589511	4.886783	5.476936	4.980966	5.622032	5.2544937
CYP24A1_32574	0.82449245	0.8494589	1.7361541	1.306817	2.4136927	2.6765726	0.79261	2.682742	1.3654954	3.0072343	3.029906	2.2543907	4.782034	2.10312	1.9647921	3.2900343	3.07473	2.7064807	1.6598343	1.3310965	2.0497084	2.6095028	2.6612716	0.79608655	1.3514621	0.0	3.5147316	2.260616	1.5044802	2.4990745	1.3557978	2.8986797	3.493454	3.2767088	3.6015635	1.6612463	2.2908719	1.2726339	0.650804	2.2807243	3.3610175	4.165143	2.1448007	2.919052	2.87763	3.9530077	5.030858	2.6448896	1.942873	4.8270445	3.388955
CYP2B3_32867	2.2793405	3.1728475	3.1328285	1.6829898	1.2885287	2.0292463	1.6765455	0.8273256	0.0	1.9320939	1.2830404	2.0061407	1.3559068	2.9246228	2.42098	0.8466378	1.3132819	1.61952	3.7267091	4.522376	2.6994162	1.9693668	1.3343891	1.9802222	2.6850367	1.2230182	1.6257219	1.5340518	1.1536862	0.0	0.0	1.952323	0.0	1.8774635	0.76228935	1.6612463	1.846264	1.64341	1.4383613	2.4600666	1.2790965	0.82376546	1.7143735	1.6725745	1.7574636	0.7569108	3.4518747	5.5247655	2.7418792	3.3403132	2.4258175
CYP2C11_32593	6.884825	6.792465	4.3525343	4.2797976	7.5140533	8.246969	6.829845	6.58872	2.8691986	4.372437	7.107484	6.8815565	4.4110556	3.9078133	7.1256223	6.689062	8.802577	9.091268	7.106301	8.212414	3.1457682	9.01437	7.3956246	8.439211	4.175426	5.4929237	6.8371544	6.5819387	7.490435	4.892143	4.5613933	7.7078624	6.9374743	7.2232566	8.475944	6.475049	5.969182	5.699796	5.6930356	5.564092	8.886592	4.8821898	7.6728296	6.3694487	5.3463845	7.611341	5.6818447	8.103201	6.672242	5.930398	6.0574503
CYP2C23_32352	4.1034265	5.047582	6.1798706	5.155339	5.000899	4.7238755	5.0853076	5.22483	4.3161297	4.2708697	4.2417574	5.1268883	3.6663983	5.0141573	5.453767	5.2373357	5.412163	4.614175	4.301462	3.6287196	5.018021	3.2850893	4.7881384	4.1648545	4.045885	4.682876	4.58169	4.998542	5.0904317	5.256475	4.6976724	4.1294756	3.7687938	4.758851	4.2555523	8.497783	4.820415	4.564156	4.465425	4.9042015	4.5308495	2.987353	3.9316483	4.689042	5.0332947	4.76633	1.8014207	4.358722	5.326059	4.3153143	7.327568
CYP2C24_32875	0.82449245	4.692459	0.0	0.0	0.0	3.5590887	3.825755	4.6882124	0.0	0.0	5.0554576	3.0946846	0.0	0.0	3.8867385	4.814672	4.1761804	4.5728903	3.469766	4.522376	0.0	4.688498	3.719566	4.0412498	0.0	0.0	5.268561	3.2998173	0.689217	0.0	0.0	5.2045574	3.2755504	3.173584	1.9201866	4.863822	0.0	4.224988	0.0	2.7631624	3.9983876	3.6496496	1.0981301	4.9495506	0.8429203	3.6699069	3.6788332	3.6158395	4.386324	2.910767	2.2155063
CYP2C6V1_33169	3.244892	3.513961	3.6618972	2.622656	1.9581286	3.3569534	2.6148129	3.6571705	2.304984	2.1763573	2.1965384	2.8143709	3.0032618	2.9246228	2.9132285	2.3194807	2.4476285	2.1552784	3.8031044	4.614536	2.513575	3.5771093	2.4763973	2.4378424	2.2866638	2.1163197	3.8289478	1.1788656	2.2247963	1.3511056	2.0422144	2.197697	3.5911903	2.3252215	2.1637886	2.7586706	2.0856278	2.5743628	2.615978	3.652791	2.1913016	2.8399913	1.9455801	1.9697882	2.5265856	2.8497622	4.9461503	6.5090113	4.5703197	6.700701	5.19832
CYP2D1_32660	5.878196	6.0606885	5.3987985	5.094401	6.134505	5.6747184	5.5585413	5.8462596	5.5939345	7.23799	5.5506673	4.9621153	6.4649367	4.638	5.8116693	5.3824444	5.509438	6.4143205	6.0555863	6.219614	4.946362	7.3277674	6.5979223	6.5958915	6.0649586	5.9630094	5.674211	5.7739816	5.9879036	6.266837	5.4810023	6.141531	6.3767753	5.558617	6.023445	6.1629877	5.4538035	6.3895206	5.6112785	6.22821	6.539672	6.3136454	6.1178246	6.0582056	6.527835	5.8298326	6.5578275	6.5090113	6.535147	5.8511386	6.3559093
CYP2E1_8421	8.97181	8.841854	9.063136	8.990888	9.36236	9.228006	8.336151	8.94014	9.043302	8.711456	8.573196	9.09563	8.799217	8.652248	8.869588	8.747151	8.469418	9.146835	9.261305	8.967231	8.811429	8.76887	8.498409	8.654872	8.467659	8.569681	9.078337	9.014965	8.44138	8.516796	8.76583	9.428518	9.173123	8.903968	9.641731	9.244628	9.436188	9.053384	8.83075	8.81364	9.494993	9.406454	9.075329	9.849883	9.316347	9.732876	9.486802	10.045964	9.864078	10.286514	9.594126
CYP2F4_8422	3.122527	3.9479325	4.1143847	3.8344646	3.2715344	3.736352	4.2151294	3.3635519	3.3867955	3.2400484	3.4639611	3.6222255	3.0032618	4.3770022	4.0848813	3.0329375	3.7679756	4.0781755	2.411319	2.9674861	3.5838535	2.6095028	3.542482	2.4378424	3.6596727	3.2740002	3.32757	3.7697577	4.181693	3.2526147	3.5747921	4.00606	3.999912	4.301587	4.1463556	4.075639	3.993235	2.5743628	3.0722015	3.4971333	4.574702	2.028597	3.494023	3.577628	3.7759814	3.213879	2.7208638	3.4273803	3.710393	3.876996	2.9183865
CYP2J4_32580	4.6819654	5.148872	4.3525343	4.5304	5.396415	4.9918237	5.465978	4.73091	4.797169	5.691801	5.203116	4.890548	5.204388	4.3770022	5.275988	4.9325	4.940225	5.431137	5.1520553	5.102265	5.3310165	5.741125	5.0087457	5.6107297	4.646822	4.8590384	5.2943525	4.6078486	5.0642633	4.892143	4.822182	5.738146	5.6192594	4.722778	4.664841	5.1829824	3.8705926	5.5767865	4.0841665	5.0790944	5.6908045	5.358995	4.96488	4.209659	5.101585	5.204499	5.18667	5.63783	5.890361	5.502624	5.0474997
CYP3A2_32374	4.7661185	6.224347	4.968504	4.223995	4.4059267	5.7175965	4.157102	5.2833757	4.133794	4.2708697	3.5547543	4.6077585	5.4035697	4.8589354	5.5463123	4.015051	3.7679756	3.9550426	7.1725965	7.678732	4.4722605	4.949003	3.719566	5.6107297	5.31443	2.5034022	6.1402097	3.4740329	3.9150798	4.403539	3.7522228	4.00606	3.9269106	4.5274987	3.225608	4.6317945	3.6645458	4.330293	4.8258905	5.7651596	3.145316	4.101853	4.266961	3.9621353	4.076691	3.746058	4.3844	9.466285	5.583087	5.178275	4.8057513
CYP4A1_33111	7.8010464	6.7819915	7.5863113	7.892204	7.623656	7.420178	7.7712584	7.851716	7.595079	7.0438256	6.7900386	7.2607937	7.2725697	7.1820607	6.950417	7.390992	6.913458	7.382133	7.410956	6.8606067	7.3874297	7.219024	7.7000885	6.819291	6.7557917	7.2394924	8.23876	7.254352	6.7734194	7.594947	7.4044065	7.523254	6.9093266	7.3109107	7.235332	7.2720757	7.602721	7.0748277	7.810294	7.745126	7.290284	7.457746	7.910264	8.416046	7.962439	8.273195	7.361333	9.532123	9.002947	9.009666	9.229172
CYP4A2_32530	14.29232	12.988453	13.485508	13.007076	13.845663	13.258219	12.979121	13.791426	13.709367	13.975707	13.232769	13.1765	14.430348	13.460051	13.012973	13.321486	13.136975	13.523159	13.863516	14.536863	13.485267	14.611968	12.826853	13.84627	13.375984	13.056321	14.278695	13.454048	12.689523	13.0440235	12.816416	13.870414	13.136155	13.242271	13.69234	13.975562	13.21596	14.127862	13.314052	13.450938	14.089007	14.471116	13.511779	12.946	13.830295	13.594919	14.234321	14.147918	14.231482	13.784099	14.042892
CYP4A2_8425	10.16699	7.5897346	7.9276104	7.6908097	9.009419	7.9515953	7.766415	9.00246	8.822442	8.674646	7.538563	7.754658	9.719685	8.079371	7.60056	8.029273	7.757117	8.338311	9.613915	9.412901	8.262901	10.366838	7.3956246	8.548232	7.920593	7.3615694	10.123605	7.5108204	7.329469	7.758886	7.242991	8.769898	8.167721	8.005977	8.756995	8.7505245	7.981743	8.990513	7.63934	8.605459	8.601381	9.600675	8.282113	8.193331	8.364495	8.333059	10.24554	9.592283	9.142013	10.166419	9.28923
CYP4A2_8426	9.334234	8.121179	8.365167	7.6908097	8.930563	8.140701	7.4891105	9.107461	9.110683	8.713878	8.381867	8.401548	9.699531	8.55128	7.8749013	8.51186	8.197498	8.262437	9.004482	9.589349	8.55256	9.88868	7.2943716	8.163485	8.193381	7.53766	9.244662	8.175869	7.058318	7.12744	7.2796497	9.136471	7.518508	8.351356	8.962227	9.412764	7.9404173	8.978413	7.357836	8.41742	9.168208	9.561516	8.143487	7.4171896	8.783644	7.966029	9.376481	9.141418	9.016878	9.659729	9.095233
CYP4A8_32747	12.084402	12.358253	12.40348	12.620445	12.650131	12.651785	12.293969	12.713169	12.292866	13.515055	12.467446	12.287355	12.725182	12.354606	12.608513	12.281013	12.549653	12.699805	12.592428	13.106806	12.159967	12.648304	13.078529	12.952238	12.314058	12.44585	12.967535	12.638417	12.366143	13.034854	12.553172	12.353213	12.311998	12.481957	12.637472	12.4882555	12.477848	13.044805	12.671037	12.519675	12.468031	12.180981	12.879215	12.440372	12.151261	12.840579	12.509848	12.729948	12.573595	11.545857	12.595383
CYP51_8429	6.827224	6.591218	6.4213862	6.2371535	7.455963	6.4350147	6.0951414	6.8336663	6.682205	6.4527707	6.454958	6.284201	7.3084984	6.0102253	6.2843747	6.700181	6.204924	7.0322213	7.1725965	7.164889	6.813498	6.832808	6.0371995	6.1637588	6.4449267	6.123476	7.0789204	6.777457	5.9455237	5.5229716	6.4260387	6.5254674	7.062024	6.435914	6.328487	6.8261747	6.177542	6.772489	7.06415	7.039689	6.7927113	7.3596983	6.175887	6.990556	6.527835	6.6684704	7.3282433	7.6048503	7.272528	7.7646723	7.1903076
CYR61_32555	6.39675	5.5941806	6.2842574	5.4015837	5.9277945	5.4388366	5.4896817	6.2935047	6.2001786	5.568805	6.4783416	5.554902	5.9500856	5.972854	5.6542234	5.6350756	4.7542777	5.5207086	5.991732	5.5618186	5.679299	5.9426603	4.7881384	5.0932775	5.9609838	4.8254848	6.0672855	5.2103744	5.6436443	4.505577	7.151011	6.6543713	6.0727806	5.950468	5.63612	6.7017994	6.359573	6.1078777	5.6112785	4.9648857	4.737884	6.070855	6.8606877	5.3356023	4.487312	4.8720703	6.0766163	5.742674	6.50157	6.476097	6.4063706
CYTB_32443	8.9517355	10.32814	9.5510845	9.480573	9.796098	9.812784	10.425583	9.4047575	9.723311	9.481553	9.757237	10.006059	8.8341465	9.913437	10.0058155	10.26677	9.742134	9.660645	9.412227	9.163063	9.518568	9.116429	9.704117	9.738886	9.794091	9.575372	8.978461	9.620586	10.179506	10.014043	10.270592	9.33224	9.085693	9.902461	9.6086645	10.595024	9.933136	10.106779	9.730001	9.458156	9.473437	8.976773	10.273324	9.739752	10.233877	10.285728	9.704437	9.408496	8.671693	9.8337145	9.3740835
DAAM1_32393	6.570634	5.9896464	6.2551956	5.7953563	6.428352	6.257519	5.999316	6.480278	6.5305324	6.319228	6.1834	5.88456	6.7316127	5.9537992	6.035719	6.019355	5.843792	5.7965417	6.777552	6.2911773	6.1310315	6.8511434	5.7414184	6.1338134	6.3243966	6.2170177	6.679719	6.2873096	6.0558825	5.6839757	6.2598414	6.2130413	6.48245	6.1125803	6.2646046	6.13366	5.93898	6.062749	6.0687776	6.3469634	6.4717155	6.681486	6.1872244	6.3946776	5.8417487	6.26464	7.092408	6.532598	6.8605976	7.351845	6.7568455
DAB2_33094	10.989483	9.535054	10.129412	10.254357	10.309716	10.261628	9.69417	10.9894	10.334817	9.799092	9.812331	9.966364	10.320886	10.074263	9.665017	10.198822	9.892842	9.813578	10.281983	9.710459	10.052038	9.234619	9.762152	9.615654	9.45609	9.874025	10.627682	9.6751375	9.532919	9.50562	9.924394	9.899758	10.312849	9.654564	10.501589	9.854866	9.735357	9.702023	9.567171	10.269902	10.135273	10.367211	9.429313	10.304735	9.894553	9.929398	9.535936	10.371917	9.960938	10.163961	10.065737
DAG1_8435	4.845632	5.047582	5.1372876	4.7829914	5.4920144	4.9918237	4.096643	4.6442127	4.797169	4.1037073	4.9918857	4.776067	5.713314	4.730472	4.9430556	4.9325	4.445652	4.394814	5.7036357	5.6296487	5.3310165	4.949003	4.2094064	5.0296535	5.0697803	4.43845	3.8978634	4.783652	4.601192	3.5677314	4.357012	5.3384995	4.799106	4.4413314	4.951203	5.1245503	4.527525	4.9418797	4.3491855	4.34313	4.8491964	5.4121404	4.6413255	4.209659	4.8469296	4.802445	4.9749427	5.452413	5.1053967	5.641007	5.1398697
DAK_8436	5.305445	4.2203417	3.747865	3.757939	4.8646502	4.4965525	3.4919653	5.1946416	5.02383	4.372437	4.782408	4.25568	5.321549	5.3993316	4.3645067	4.2750826	4.7542777	4.2967916	5.209325	5.514759	4.7071815	5.8725886	3.4450598	4.781876	4.85453	3.9079125	5.4855967	4.070375	3.97249	3.975925	4.4628186	5.0876613	4.259778	5.018939	5.321426	5.444169	4.820415	4.727289	4.1318564	4.9348626	5.079719	5.584097	4.4285355	4.209659	4.8065834	4.652222	5.8775225	5.239602	4.6943884	6.171326	4.8057513
DAO_8437	14.694604	15.058714	15.274601	15.536485	14.650166	15.213253	15.315434	14.927276	14.701949	14.983521	15.094544	14.868044	14.329259	14.446098	15.213682	15.194134	15.284805	15.349651	14.052216	14.227934	14.935918	13.864516	15.577603	15.202792	14.615747	15.548843	14.506611	15.447947	15.511197	15.467031	15.457744	14.644123	15.5657425	14.897306	15.14252	14.659071	15.39938	14.767181	15.460619	15.114068	14.838348	14.435711	15.642519	15.269487	15.331162	15.416326	13.854141	14.751505	14.763987	13.407304	14.726685
DAXX_8438	7.77081	6.996483	7.445471	7.3102746	7.922834	7.65889	6.911086	7.8565445	7.9107957	7.403107	7.046212	6.596812	7.941658	6.9989905	7.056499	7.4448676	7.38011	7.2896004	7.742144	7.746496	7.318147	7.568401	6.8939776	7.7451806	7.754295	6.9745445	7.7210116	7.352461	6.740747	6.494845	7.2355456	8.084781	7.9222174	7.370413	7.609062	7.3945827	7.3217955	7.861209	7.141908	7.889081	7.586468	7.799383	7.046454	7.4774685	7.290579	7.22893	8.036794	7.654069	7.9151483	7.966193	7.9376845
DBP_8439	9.707183	9.242165	9.396636	10.372954	8.889457	9.60582	8.209837	9.176664	8.954392	8.356082	8.340995	7.9299893	9.194368	8.205556	8.303948	7.8856964	10.061722	8.694057	9.179479	8.727739	9.077705	9.956935	10.380717	8.363817	9.161897	8.281862	9.380294	8.207058	9.769952	8.811409	9.153289	11.933446	10.559183	8.394989	8.941948	8.208843	8.896811	8.724427	8.067973	8.693265	8.920974	9.564453	8.861998	8.514274	8.339969	8.298704	9.812073	9.849852	8.526218	11.216875	9.55412
DCK_8440	4.6819654	5.047582	4.5568852	4.3335214	4.828478	4.394545	4.157102	3.8242261	4.712946	4.7945623	4.4453254	4.8533883	4.5615644	4.433116	4.462762	4.443337	4.7934337	3.9550426	5.209325	4.318261	4.617749	4.1511106	4.9388924	4.5292926	5.0697803	4.7198715	4.6229854	4.175031	4.4477034	4.293731	4.118821	4.3485374	4.7576065	4.3496885	4.201987	4.7905493	4.2607594	4.727289	4.7965984	4.474157	4.340757	4.283957	4.503008	4.515908	3.857236	3.8872685	3.1824234	5.181105	4.8800516	4.613098	4.8790526
DCN_8441	6.787504	7.682751	7.317767	6.772617	7.8434935	5.584939	6.6833673	6.6787124	7.1981006	6.8723803	7.9432807	7.063403	7.7770324	7.9886665	7.60056	7.4315863	7.057131	6.913216	7.417046	7.4908967	7.766034	6.7275753	6.1184406	6.639168	8.098559	7.0850096	7.367161	6.9496136	7.393926	6.6138587	6.956423	8.191317	5.930645	8.158919	6.340931	8.465779	7.1009054	7.423164	6.47227	6.300628	7.085756	7.14102	6.8535895	6.2362285	6.767391	6.0560956	7.16292	8.046985	7.2389607	8.2944765	7.798195
DCP1B_33178	6.0220504	6.813187	6.6394987	6.574902	6.428352	6.558083	6.9022818	6.5770655	6.5305324	6.4175587	6.5573235	6.3523774	6.2890816	6.4786167	6.597198	6.7757025	6.540304	6.42596	6.484652	6.411673	6.6312785	4.949003	6.7278714	6.3959446	6.7865343	6.550547	5.958572	6.355706	7.1790724	6.309782	6.7208104	6.3839064	7.08737	6.6998844	6.0986524	6.5097065	6.6665087	6.6957383	6.3961983	6.875531	6.593955	5.33167	6.8102517	5.993624	6.4382453	6.469451	5.327282	6.687719	6.8157635	5.801405	7.0062485
DCTD_8442	2.9888134	3.0385108	2.2885845	3.2992017	3.0380745	2.4913077	2.2206478	2.8470235	3.4916236	2.5675821	2.1965384	2.2543907	3.1371586	2.7588696	2.7670465	3.4032214	2.4476285	2.1552784	3.035508	2.9674861	2.6994162	3.9616058	2.0155594	2.2271013	3.3660054	2.1163197	3.2240188	1.8188398	1.7864426	1.3511056	2.8555002	3.1525764	2.3065865	3.3729517	2.5541615	3.270766	2.6302555	3.135555	1.9449388	3.1240695	2.7457702	3.2433975	2.862796	1.9697882	1.7574636	2.3615465	3.9922063	3.2105505	2.3969975	5.2541795	3.051179
DCUN1D4_8444	6.570634	6.8336153	6.788928	6.6079783	6.712606	6.4855084	6.620342	6.4422407	6.184627	6.585607	6.4191556	6.121806	6.633046	6.451703	6.542075	6.560741	6.3031554	6.471602	6.62806	6.71207	6.6982503	5.760655	6.7687106	6.751889	7.037199	6.399113	6.6197805	6.126958	6.583809	6.507198	6.2151184	6.4564223	6.089602	6.652732	6.5590043	6.3274393	6.6665087	6.655775	6.3864007	6.616529	6.5616307	6.2273154	6.105926	6.2362285	6.328544	6.0410595	5.030858	6.520853	6.929554	6.171326	6.973152
DCXR_8445	9.756877	10.276847	10.254002	10.398386	10.005997	10.247981	10.494568	9.9635	9.895586	9.632502	10.068757	10.197073	9.581151	10.110204	10.100428	10.26677	10.2047415	10.204194	9.513754	9.534372	10.019672	9.382186	10.3296	9.750032	9.65801	10.306016	9.584849	10.104164	10.467262	10.251002	10.201581	9.886696	10.073836	10.230926	10.022918	9.816161	10.1214	9.666013	10.020255	10.214747	10.070702	9.512165	10.383382	9.979553	10.520137	10.190143	9.22292	9.89491	9.858562	9.856216	10.089094
DDB2_8446	4.592598	4.2203417	3.6618972	3.4033608	4.9343824	3.817433	4.157102	4.3476534	4.3721232	4.2172728	4.3970623	3.707994	5.2345824	3.4448164	3.8141444	4.1509175	2.9416285	4.1916203	4.9651947	4.8220615	4.4203105	4.4686303	4.019423	3.402313	4.2942877	2.1163197	4.8486414	4.070375	4.229575	3.470145	3.833374	4.9604516	4.714878	4.301587	4.1463556	4.136044	3.6645458	4.873835	3.9837794	4.43179	3.714618	4.339885	4.3898067	4.3708944	4.0071836	3.5043693	4.9167724	5.181105	4.5703197	5.930398	4.7285256
DDIT3_8449	7.5688944	7.6600533	7.399727	7.330233	7.6289234	7.255353	7.471362	7.2553215	7.745747	6.9968843	7.329453	7.3961506	7.500893	7.2144437	7.6430926	7.464563	7.5892615	7.069804	7.8360453	7.466373	7.577304	6.9308844	7.244573	7.2049675	8.098559	7.113092	7.165319	7.1426435	7.725662	7.2863965	7.631267	7.727532	7.8744836	7.626147	7.5133567	7.6898246	7.3450146	7.843529	6.802042	7.4954844	7.152387	7.2544985	7.136934	6.667327	7.1281853	7.3497815	7.3338113	7.593681	7.560337	7.815666	7.622573
DDIT4_8450	5.15749	4.7365184	3.9787362	4.1659474	4.8999376	4.44645	5.2330546	4.927277	5.1572967	5.177961	5.2849617	4.776067	5.1420355	4.938633	4.7619276	4.4953265	4.3438206	4.972693	5.1520553	5.102265	4.617749	5.9080496	4.429132	5.3229513	5.0360622	4.605912	5.215552	4.998542	4.4477034	3.745087	4.5129476	4.4934416	5.127021	4.722778	4.4052587	4.5000987	4.853174	4.873835	4.6071386	5.1329784	5.0175266	5.059218	4.5738235	4.983204	5.1345544	4.8376775	5.9946303	5.1509423	5.424902	6.433199	5.3860445
DDR1_8451	6.0725007	5.2126517	5.5013666	5.611863	6.0427637	5.7997093	5.70748	5.8068886	6.0876226	6.129162	5.230917	5.1268883	7.250575	5.3122444	5.5463123	5.889383	5.36095	6.043202	6.3637414	6.064868	5.564326	6.23567	5.915181	5.8505397	6.177489	5.53505	5.9746127	5.9014797	5.8870077	5.547102	5.85593	6.0031385	6.1062293	5.6574764	5.8943114	5.7056613	5.4750075	6.031859	5.2499304	6.138854	6.1909485	6.327544	5.578081	6.0894437	5.9194784	6.0105085	6.0632715	6.145871	6.478743	6.607311	6.5022883
DDX10_8452	7.5333138	6.603166	7.05654	6.988944	7.332256	6.8066974	7.0610113	7.0764947	7.338229	7.004815	7.038367	6.7960105	7.3979297	6.7566524	6.310999	6.8171463	6.9658155	6.650922	7.179778	7.295922	7.096079	7.139205	6.2250013	6.9709573	7.589731	6.255322	7.0714817	6.7607384	6.3867264	6.0810037	7.2577662	7.4658585	7.0705223	6.690576	7.3131814	6.9575095	7.1009054	7.311853	6.3363905	6.899047	6.983729	7.3529186	6.093929	7.1472087	6.1303115	5.9311757	7.322654	7.2467747	7.5819182	8.0608225	7.416427
DDX18_8453	5.800505	5.87606	5.5500393	5.125191	5.8577356	5.584939	5.2330546	5.393788	5.6172915	5.4106555	5.086223	5.329906	5.530689	5.4272304	5.5237265	5.142704	5.5557218	5.431137	5.442151	5.4661126	5.2736154	5.5745673	5.4464955	5.4977107	5.4990044	5.210519	5.572482	5.16026	5.455116	5.285452	5.554647	5.7574096	4.799106	5.6764603	5.1622505	5.66524	5.1973376	5.8131366	5.4513173	5.2835135	5.0489583	5.4379964	5.272226	5.597024	5.288968	5.739578	4.9749427	5.931947	5.6459084	5.9609213	5.5295434
DDX21_8454	7.0865035	6.144837	6.312746	6.3970885	6.722495	6.382689	5.6455216	6.76342	6.868929	6.344446	6.1400704	6.4301515	7.1110625	6.410368	6.229605	6.365047	6.34329	6.1593213	7.215159	6.7832937	6.1471024	7.219024	6.1650763	6.3832736	6.958386	5.747029	6.6991577	6.2873096	5.9165626	5.960407	6.3032203	6.9422073	6.520164	6.5535355	6.6814814	6.816979	6.301411	6.364945	6.018919	6.538818	6.81116	7.276161	6.397054	6.179294	6.299764	6.100286	7.4148498	7.135648	6.8693995	7.7689915	7.093532
DDX39A_32661	6.6831403	6.5547686	6.778753	6.3716335	6.6926217	6.7664237	6.8934236	6.7003603	6.972178	6.7829766	6.642592	6.4675207	6.633046	6.862614	6.7015014	6.722165	6.629562	6.3301024	7.02888	6.5581174	6.7306056	6.3688893	6.6534967	6.5848665	7.2941284	6.444026	6.209625	6.377803	6.583809	6.482385	6.6214895	6.623209	6.9741707	7.044831	6.238238	6.565681	6.600509	6.897699	6.553314	6.616529	6.615109	6.5453873	6.788085	6.4678206	6.2251973	6.7722726	5.8621926	7.023588	6.886844	6.918521	7.1240067
DDX42_8455	7.609325	7.8968782	7.7515054	6.7431445	7.53665	7.7128696	7.500822	7.5397787	7.984496	7.4445124	7.129806	7.4959764	7.8422146	7.88686	7.6059456	7.9753766	7.76206	7.7905116	8.203265	7.7362757	7.9048266	7.8310924	7.123847	7.599413	8.102637	7.578518	7.6726656	6.942218	7.514795	7.396743	7.151011	7.8311663	8.139728	7.8093038	7.649642	7.413009	6.4586973	7.852396	6.9221864	8.023538	7.704661	8.139844	7.3786135	7.4656124	7.6680884	7.641561	7.9342337	7.1509686	8.021636	8.347422	7.6384926
DDX58_8456	2.6772566	2.0728946	2.6870766	2.4387863	2.7594013	2.6765726	2.6148129	1.732564	2.518521	2.7294815	2.4061391	1.3268428	2.8556545	2.9246228	1.2938309	2.533521	3.07473	1.2520635	3.1569264	2.8204348	1.7463846	3.0513556	3.2279377	1.6821929	2.8493636	2.8082936	2.1624062	2.5983527	3.432763	2.6845412	1.7394503	1.2839134	3.018777	3.2767088	1.2584345	1.2880224	3.0246947	2.3917863	2.615978	3.013504	2.4007041	2.2780142	2.862796	0.7901686	2.0616755	2.9816122	2.241367	3.5246851	3.5444415	3.2443137	3.1727722
DECR1_8458	8.617002	9.421556	9.619673	9.5346155	8.9952135	9.490022	9.64488	8.559778	8.718282	9.462963	9.173108	9.381578	8.512392	9.4844475	9.366561	9.416904	9.498815	9.372628	8.571393	8.773437	9.149265	8.319983	9.831258	9.619711	9.236162	9.712474	9.036922	9.334571	9.695187	10.084778	9.555786	9.078297	9.28689	9.414207	9.170037	9.456353	9.789254	9.534458	9.927027	9.657455	9.624513	9.06653	9.993134	10.055669	10.50051	10.312585	7.827772	10.282579	10.5509	8.812461	10.556655
DEGS2_32528	7.361359	7.1831737	7.3107224	7.905568	7.1969376	8.030236	7.7370076	6.97358	7.6917615	7.277806	7.114963	7.14255	7.761563	7.1572876	7.5678167	7.1927023	7.654517	7.5981545	7.3675895	7.3771	7.2151976	6.0094852	7.092018	7.5884147	7.612788	7.3498163	7.0789204	7.3242917	8.036164	7.7169576	7.9641795	7.2242045	7.33318	6.6622863	7.1388574	7.251745	7.631334	6.98898	7.088525	7.4590316	7.8455687	7.4951725	7.177291	7.8316555	7.776507	7.7332835	6.166726	7.2680087	7.772281	7.836393	7.654238
DENND2D_8461	6.088933	7.1671658	6.628209	7.330233	6.533206	6.4855084	6.9543185	5.8068886	6.659884	6.5317373	6.357437	6.5511265	6.515	7.123581	6.681235	6.5968847	6.948573	6.471602	6.530315	6.71207	7.028284	4.982656	7.1472664	6.8098526	7.1199975	6.9668703	5.958572	6.355706	7.1729627	7.045114	7.135094	6.346234	7.062024	6.7984943	6.141964	6.6195645	6.600509	6.4256163	6.7029037	6.5187182	6.259726	5.9681273	6.6142015	6.263875	6.917017	6.911059	4.584488	7.1959786	7.0659814	5.7844386	6.70739
DEPTOR_32826	4.9209914	4.9004173	5.525908	5.0629387	4.968024	4.8830204	5.465978	4.9635353	4.3161297	4.467322	5.2849617	4.1975594	4.740553	4.7745767	4.3645067	5.075982	4.904904	4.614175	4.6711664	4.7425966	4.8317227	3.9616058	4.9388924	5.061816	5.5947585	5.261594	4.883044	5.0544868	5.794528	5.0009694	4.5613933	4.7457614	5.127021	5.517095	3.9653022	4.752468	4.885206	4.6882024	4.5021796	5.02312	4.9853954	4.63637	5.525456	5.0796957	5.1983166	5.3820524	4.9461503	5.2958193	5.0445223	5.15206	5.3348546
DERA_8462	7.987884	8.7427225	8.3202715	8.569117	8.381814	8.701439	8.726158	8.356645	8.185387	8.413808	8.520668	8.315357	8.013075	8.283937	8.487295	8.400388	8.525728	8.72501	8.261963	8.01941	8.266584	7.755236	8.528447	8.357353	8.328348	8.461889	8.113965	8.426988	8.541994	8.5106735	8.455665	8.455889	8.229737	8.544556	8.432998	8.184023	8.554878	8.503006	8.286528	8.557006	8.432913	8.18253	8.384158	8.525738	8.781043	8.605094	7.420094	8.647786	8.395214	8.129611	8.62691
DFFA_8463	4.883804	4.551584	4.238368	4.5304	4.1368527	4.805641	4.474693	4.77238	4.6234994	4.6402006	4.3970623	4.7357945	5.0086117	4.539192	3.8867385	4.443337	4.6299973	4.693361	5.180974	4.8220615	5.2138357	4.7287188	3.8005724	4.4825354	4.6908245	4.4821725	4.883044	4.123652	4.229575	3.1301692	4.357012	4.926816	4.625427	4.8619547	5.1622505	4.136044	4.68139	4.6882024	3.8758812	4.669124	4.9853954	5.358995	3.5652707	4.4208694	4.9616113	4.133961	4.546629	5.02356	4.733482	5.76727	5.1693907
DFFB_8464	4.637974	2.7252557	4.1143847	4.2797976	4.8999376	4.340703	3.9675474	4.8519063	4.988441	3.440461	4.581123	4.776067	4.6978445	4.539192	3.7377028	4.686358	3.9172494	3.7480712	4.6711664	4.5691915	4.870957	4.264894	4.08557	4.3324213	4.815312	4.030775	4.7021914	4.175031	4.3643665	3.1301692	4.3010488	4.783836	4.714878	4.5274987	4.624693	4.1940217	4.1596217	4.564156	3.9308388	4.9042015	4.485623	4.9909906	4.0849814	4.647667	4.1430035	4.0158815	4.621379	4.6876826	4.8800516	4.3153143	4.914352
DHCR7_8466	4.637974	4.501393	4.238368	4.3335214	4.9343824	4.95646	4.734828	4.109549	4.952162	5.091235	4.581123	4.073784	5.4299054	4.539192	4.55475	4.5455074	4.3956347	4.7684255	5.343279	5.0700746	4.5708647	6.814237	4.7881384	4.661105	4.8927097	4.891829	5.634376	4.8163805	4.7399096	4.174872	4.822182	4.5386796	5.0257773	4.3496885	4.3570623	5.623653	4.7868943	4.6882024	5.160784	5.0790944	4.9189024	5.895339	4.350009	5.6185985	5.1983166	5.3086166	6.0632715	5.548098	4.9144797	6.6916294	5.308562
DHDDS_8467	6.7672267	5.570033	6.164322	6.2511797	6.0108395	6.3283935	5.6242633	6.565316	6.275518	6.0998435	6.033601	5.88456	6.18469	5.8950763	5.866547	6.0370026	6.2478447	5.900318	6.3254	6.71207	5.8262677	6.9047904	5.5901318	6.056112	6.267416	5.4495306	6.854595	6.1399455	5.794528	6.047564	5.530514	6.0031385	6.43058	5.9029	6.328487	5.874729	5.827999	5.794854	6.080978	5.864064	6.7066417	6.9743366	6.093929	6.104813	6.691874	6.0410595	7.7340336	6.7891216	6.255212	7.702808	6.6665673
DHFR_32436	6.1528525	6.4126396	5.9084196	6.4946404	6.8452425	7.044191	6.723905	5.940229	6.290125	5.286037	6.29296	6.8907557	4.9369683	7.230366	6.597198	6.4596815	6.493515	5.6454296	5.6216297	6.0811114	6.572991	4.7678485	6.7687106	6.6914988	6.2380586	6.20402	5.416816	5.6881657	5.794528	6.9487753	6.8036976	6.0662904	6.1866083	6.84957	5.4418483	5.856893	6.839971	6.7250004	6.031546	6.3123527	6.6867967	5.9681273	6.817566	5.6185985	7.0087876	6.42381	4.6924458	6.145871	6.546168	5.3026505	6.7761626
DHRS3_8468	6.6831403	6.9125533	6.4213862	6.586012	7.0317802	6.4730496	6.7730255	6.480278	6.981208	6.4643197	6.331991	6.4675207	6.8726892	6.6658964	6.7411985	6.7757025	6.6616597	6.765294	6.842345	6.5347195	6.512249	6.381559	6.8278804	6.4085054	6.8558183	6.778066	7.010547	6.743823	7.058318	6.680823	6.67751	6.5805836	6.9374743	6.866201	6.7852926	6.7017994	6.8960705	6.5287814	6.3765364	6.9298167	6.9171576	6.702971	6.5973034	6.537433	6.999869	6.6782217	6.6677237	6.874664	6.878148	7.3803535	7.327568
DHRS7_8469	6.8942056	7.005514	6.924322	6.563706	7.6805673	6.9303255	6.576741	7.2107654	7.2808776	8.223042	7.5551524	6.3523774	8.0475	6.9226465	6.95886	6.700181	7.1877832	7.776942	7.863064	8.4838295	7.0625796	9.706831	7.635314	7.960938	7.4105444	6.9591556	8.248688	7.1933627	7.064932	7.1512485	6.88208	7.381464	6.5809097	7.1091213	7.2876954	7.7441998	6.8960705	7.912984	6.894804	7.187062	7.893971	8.317494	6.8677506	7.023277	7.1764784	6.8605657	8.916515	7.882339	7.9734626	7.6800547	7.568201
DLD_8474	9.81112	9.030634	9.094239	9.396302	9.675283	9.157737	8.86856	9.475516	9.742025	9.542751	9.11275	9.759717	10.190251	9.497664	8.924501	9.603164	9.114225	9.381622	10.131777	9.882511	9.722696	10.437555	9.1435	9.315684	9.587017	9.115703	9.885609	9.476998	8.815408	9.184572	9.07411	9.968527	9.8303795	9.360929	9.807817	9.344005	9.277795	9.166136	9.21809	9.530206	9.895911	10.335752	8.898667	9.87026	9.122486	8.9531355	10.631371	9.927525	9.902105	10.907786	9.801598
DLG3_32844	7.5863605	7.571606	7.550875	7.450603	8.096383	7.4459066	7.2039948	7.714837	7.8130374	7.599183	7.392354	7.239349	8.19299	7.329789	7.5000134	7.5652924	7.373665	7.513405	8.418901	8.085313	7.866515	7.64396	7.3626566	7.699913	8.245946	7.245848	7.74926	7.4125633	7.37808	6.975694	7.2940564	7.940549	8.15579	7.216787	7.474353	7.8381014	7.292236	7.9256425	7.0824695	7.714527	7.8047223	7.848409	7.1427684	7.301903	7.184372	7.22893	7.6738424	8.022205	7.910891	8.353187	7.9376845
DLGAP5_8475	3.6511872	3.6118274	3.3681867	3.591516	3.1595216	3.3569534	3.1785967	3.5657802	4.133794	3.5311098	3.3670683	3.5310342	4.052746	4.127788	3.0459516	3.8650463	3.6014547	3.104337	3.7267091	3.1009257	3.8425713	2.9185607	3.4450598	3.8333883	3.6596727	2.8082936	3.5999305	3.7013133	3.6594398	2.4990745	3.7522228	4.00606	3.6827233	3.9734795	3.225608	4.075639	3.5087726	3.538559	3.166812	3.1240695	2.5835295	2.675847	2.6167028	3.2855973	2.0616755	3.5043693	3.1824234	3.5246851	3.1412594	3.9996767	3.9614177
DMBT1_32993	4.4472237	0.8494589	1.7361541	1.6829898	2.905456	2.4913077	1.9740967	0.8273256	1.7505945	2.1763573	2.4061391	3.216753	2.5055704	2.5715709	1.2938309	2.533521	1.9891841	2.363299	3.035508	2.8204348	2.8640268	1.6721861	2.4763973	1.9802222	2.036824	2.1163197	3.1124566	2.260616	1.1536862	2.0363805	1.7394503	3.0312061	1.7520065	2.8108833	2.8610861	2.9047132	2.6302555	2.7364078	3.0722015	3.1240695	2.4007041	2.675847	1.9455801	2.772775	1.7574636	1.2508019	1.5181447	2.8084092	3.3568892	4.16611	3.8922832
DMGDH_8476	8.544387	7.9257097	7.8568263	7.795018	8.538369	8.246969	7.842024	8.62914	8.279895	8.030601	8.172024	8.086303	8.607756	8.016481	7.4942164	8.09393	7.8849783	8.202792	8.587684	8.82257	8.0782795	8.839446	7.651782	8.106806	7.849577	7.468694	8.6010065	7.6848598	7.465657	7.57748	7.923059	8.676851	7.6146164	8.172356	8.517648	8.017397	8.032683	8.385747	7.8066254	8.037732	8.393666	8.878701	7.9507394	7.660212	8.175449	7.779314	8.546296	8.58431	8.189188	9.251086	8.252414
DNAJA3_8477	10.011898	9.545928	9.716138	9.704802	10.017087	9.770139	9.425863	9.937531	9.926301	9.856096	9.740411	9.459381	10.14228	9.512391	9.460228	9.669723	9.679501	9.728014	10.148345	10.162758	9.795874	10.117971	9.66138	9.754959	9.72435	9.567781	9.920186	9.70494	9.530532	9.56886	9.570655	10.057666	10.163953	9.800151	10.10364	9.635725	9.648206	9.910611	9.6847515	9.8677225	10.016085	10.134027	9.426924	9.938327	9.727672	9.706911	10.105272	9.9062395	9.929719	10.167237	9.979829
DNAJB1_8478	6.0048337	4.7792716	5.525908	5.5899563	5.4920144	5.8961844	5.314946	5.903373	5.791667	5.4343376	5.4829173	5.35671	5.3494105	5.70304	5.0095854	5.587965	5.36095	5.2066154	5.7999935	5.133753	5.785782	4.647124	4.8654838	5.7554135	5.9609838	5.4273343	5.2943525	5.4377456	5.350728	5.0692115	5.349236	5.7574096	4.8786864	5.558617	5.1050344	5.9269514	5.410438	5.680009	4.465425	5.6952434	5.304711	5.092159	5.661736	5.0160904	5.579752	5.4290123	4.7601757	5.239602	5.517405	5.3262887	4.9824615
DNAJB2_8480	6.48631	5.4950676	5.344644	5.6334424	6.722495	5.914729	5.9659057	6.3899117	6.401943	6.3568916	5.7171683	5.7494965	6.7733474	6.0821834	5.792903	5.869821	5.8059964	5.7417126	6.541508	6.5581174	6.1147804	6.5704594	5.634999	6.4455447	6.0481415	6.1508265	6.387902	5.4377456	5.8568354	5.6171613	5.669604	6.170562	5.730691	5.8199596	6.141964	5.9269514	5.5165024	6.791055	5.559904	6.300628	6.3253727	6.5092573	6.1296253	5.639855	6.2251973	5.8981795	6.6410246	6.612242	6.50157	6.98686	6.6351743
DNAJB6_8481	4.3414736	2.8903687	3.472876	3.4033608	4.2505713	2.9881048	2.924071	3.9010189	4.0675077	4.420659	3.2631965	3.9383843	3.9833133	3.33128	3.6569836	4.1509175	3.9172494	3.104337	4.5433693	4.70116	4.1281424	4.4686303	4.1488166	3.7568672	4.175426	3.625497	3.7565742	3.5538383	3.9150798	3.5677314	4.118821	4.2431602	3.018777	4.0913367	4.3072	3.5624845	3.5887606	4.224988	3.8187468	3.9212904	4.061393	4.764509	4.266961	4.091199	3.934157	3.6699069	5.4756875	5.0564756	4.5703197	5.696478	4.6043353
DNAJC15_8483	9.857415	11.164291	10.877829	10.902517	10.528427	10.686749	11.036334	10.011914	10.569202	10.411377	10.57646	11.06346	10.262552	11.002355	10.909807	10.666713	11.037287	10.64862	10.49776	10.237124	10.616849	8.886872	11.017349	10.752893	10.981083	10.757929	9.997783	10.541074	10.891843	10.963227	10.734582	10.379324	10.691788	10.982586	10.19815	10.824567	10.97302	10.693158	10.559696	10.615157	10.483967	9.962036	10.856567	10.449451	10.711879	10.919437	8.796641	10.48731	10.690926	9.700999	10.497511
DNM1L_8487	5.538656	5.181114	5.5971236	5.4988422	6.0427637	5.386652	5.392438	5.4459786	5.750009	5.786849	5.736692	5.483732	5.3494105	5.656657	5.453767	5.56382	5.334645	5.2596154	5.975317	5.756432	5.564326	5.140065	5.0424438	5.349251	5.829378	4.891829	5.4401093	5.0544868	5.261414	5.448061	5.5059705	5.484366	5.127021	5.6574764	5.976364	6.026046	5.0066633	5.3451347	5.271382	5.3071437	5.7301164	5.303817	5.206888	4.983204	4.6328683	5.1211624	3.8124545	5.452413	5.517405	4.5741396	5.596273
DNMT1_8488	6.827224	5.933971	5.620102	5.7760835	6.732317	5.839077	5.441879	6.862756	6.659884	5.959999	5.848592	5.7695827	7.2055535	6.028554	5.8116693	6.105509	5.825018	5.849363	7.290072	6.822468	6.435813	7.6492085	5.5671635	5.886901	6.60297	5.016011	6.8632374	5.8069277	5.190602	4.774433	5.8942595	6.9252734	6.695227	5.996517	6.377631	6.3531137	5.923639	6.314502	5.9407434	6.3123527	6.528566	7.0433373	5.6121273	6.208042	5.55561	5.5185804	7.9342337	6.520853	6.8248425	8.172627	6.7665367
DNMT3A_8489	6.342961	5.61793	6.225536	6.586012	6.3411803	6.1363373	5.580783	6.429335	6.401943	6.2935615	5.9854507	6.284201	6.5393944	6.606131	5.695225	6.5484886	6.019205	5.8665485	6.739177	6.345977	6.312984	6.3688893	5.634999	6.1338134	6.568005	5.7107325	6.6095443	6.0464764	5.8870077	5.4222007	6.288905	6.4564223	6.3630047	6.258303	5.8943114	5.9097533	5.7776914	6.314502	5.7399545	6.1649537	6.375821	6.2854385	5.4708385	6.222204	6.1785345	5.9949875	6.519253	6.718895	6.546168	7.073217	6.5138416
DPH2_8490	5.1883197	4.156908	4.8176413	4.5756903	4.3559775	4.4965525	2.6148129	5.163808	4.9149466	5.030379	4.537262	4.1975594	5.2931385	4.433116	3.2795744	4.443337	4.586072	4.441436	5.180974	4.70116	4.791392	5.741125	3.6337392	4.7427316	4.7749977	3.3702228	5.369071	4.5699625	3.5123456	3.6591327	4.6082644	5.025458	4.714878	4.608809	4.7039027	3.4716449	4.400299	4.1693053	4.26614	4.9348626	3.6340072	5.2754154	4.3898067	4.3191257	4.8469296	3.8872685	5.980501	4.8466773	4.980966	6.3549147	4.8428674
DPM2_8491	3.244892	2.7252557	3.2553017	3.4033608	3.5632691	3.461558	3.0569396	3.4682064	3.0170162	3.1283326	2.5891151	3.5310342	2.8556545	2.7588696	3.2795744	3.4032214	3.4131749	2.851636	3.035508	3.4401016	3.2683764	4.2091236	3.8005724	2.7847295	3.3660054	2.3228042	3.32757	2.9913046	3.432763	3.470145	3.0031052	3.1525764	3.1528687	3.173584	2.8610861	3.3746989	1.559129	3.0143752	3.2555978	2.8937564	2.7457702	3.6496496	3.340016	3.173454	2.7127588	3.3173459	3.2779424	2.9552677	3.453711	4.4068465	3.284909
DPP4_33201	13.715933	13.959899	13.998645	13.905881	14.190381	14.195361	13.702396	13.886409	13.923081	14.697515	14.180854	13.871255	13.865255	13.664239	14.031517	13.910372	14.221539	14.085266	14.093916	14.5225315	14.20703	14.263862	14.274518	14.449715	13.909346	13.806201	14.109283	14.064124	13.974387	14.018949	14.058388	13.912172	13.706016	13.9491625	14.20638	14.110814	13.95428	14.2950115	14.199835	13.900052	13.918553	14.190466	13.503511	13.957992	13.681626	13.870296	13.483821	13.706214	14.036758	12.976554	13.865514
DPP7_8492	11.221432	9.953111	10.361029	10.556415	10.48479	10.348596	9.917042	10.920749	10.732519	10.203999	10.238426	10.588435	10.726153	10.413682	10.048963	10.625023	10.16237	10.133189	10.56375	10.153187	10.835292	10.26111	9.813069	9.664908	9.990625	10.131664	11.135052	10.341206	9.791048	9.870825	10.1371155	10.656999	10.805608	10.123486	10.739883	9.902375	10.686463	9.858749	10.26913	10.666873	10.40038	11.069688	9.665492	10.73212	10.0900135	9.909873	10.414676	10.303297	9.913853	11.193769	10.024937
DPYD_8493	5.6535864	5.7527604	5.4251323	5.567712	6.428352	5.819527	6.03197	5.8267083	6.518177	6.637538	6.579118	5.157699	6.072151	6.1168594	6.7115283	6.019355	5.727299	6.5587687	6.777552	6.5811424	5.515642	5.7012534	6.2825356	6.837984	5.76908	5.7648406	6.588851	5.4377456	6.498436	5.7685046	6.345332	6.7726965	4.625427	5.1872244	5.7147217	6.5874767	5.0066633	6.8184643	5.9803605	6.098797	6.9000235	6.6596756	5.507479	5.6608033	5.3463845	6.0105085	4.886783	6.05106	6.490202	4.8598094	6.4789
DPYS_8494	9.487736	9.201481	9.132698	9.477593	9.103237	9.314345	9.566245	9.323389	9.167167	9.225724	9.4523535	9.051194	9.115436	9.054513	8.869588	9.218533	9.236475	9.207104	9.314474	9.266114	8.863421	9.224106	9.50248	9.368072	8.547609	9.31322	9.296631	9.395408	8.861724	8.716188	9.005732	9.181734	9.564657	9.320767	9.426537	8.578904	9.437538	9.174998	8.412551	8.600687	9.249934	9.344577	9.348307	9.291676	8.778438	9.533775	9.067848	9.551013	9.105226	8.955748	9.0855875
DPYSL2_8495	8.097521	8.03118	7.6435037	7.5729103	8.406561	7.4071393	7.0689006	7.9498672	8.272558	7.3355417	7.7693567	7.6447654	8.325143	7.9886665	7.6059456	8.147714	7.386526	7.6733255	8.2242565	8.081281	7.9513283	7.4945087	7.0006857	7.5492477	8.438918	7.603479	7.74926	7.312868	7.590091	6.543635	8.008535	8.236634	7.7101693	8.158919	7.66457	8.033365	7.482235	7.816597	7.464123	7.6742077	7.6182466	7.914362	7.3180194	7.379775	6.999869	7.361933	7.6427784	8.022205	8.0682535	8.485048	7.595643
DRAM2_33198	12.028262	12.830987	12.628729	12.826528	12.318268	12.426202	12.662004	12.135532	12.0562105	12.160896	12.443884	12.618859	11.623181	12.823383	12.556438	12.571203	12.687573	12.458169	11.845154	11.760498	12.489731	10.675425	12.825341	12.301548	12.179613	12.801118	11.98068	12.516737	12.466497	12.79665	12.670141	12.098558	12.685612	12.53037	12.188648	12.275857	12.705143	12.186245	12.582768	12.51334	12.026433	11.528843	12.32648	12.539841	12.462311	12.717273	10.247016	12.09506	12.251306	10.852897	12.056109
DRAP1_8496	6.0725007	5.61793	5.038404	5.242175	5.154896	5.1251993	5.5585413	6.1901913	5.791667	5.4106555	5.387332	5.483732	5.8944354	5.3708825	5.2487035	5.680696	5.6440597	5.1793666	6.203854	5.815876	5.4130507	6.687322	5.107567	5.2961636	5.31443	5.261594	6.0672855	4.8163805	4.8358417	5.102159	4.8614073	5.9370947	5.9118514	5.474343	5.595153	5.1829824	5.1186843	5.4656053	4.882748	5.7130427	5.650391	6.327544	5.414072	5.5751214	5.6268573	5.5185804	7.0524435	5.914099	5.7638955	7.2065654	5.8902307
DSCC1_8498	4.7661185	4.0210066	4.3525343	4.042337	2.905456	4.102663	4.2151294	3.9010189	5.3084435	4.2708697	4.4453254	3.7889483	4.822355	4.433116	3.3835778	4.1509175	2.4476285	3.6719112	3.875657	1.3310965	0.0	4.5153666	4.019423	2.7847295	3.9035544	3.3702228	4.0868177	4.175031	3.2590787	2.2861977	2.505423	3.4653084	4.53006	4.200289	4.1463556	4.075639	3.0246947	3.8532186	3.2555978	3.8587036	4.7759504	3.8933966	3.5652707	4.3191257	3.0255773	1.618053	3.8124545	4.190987	4.948106	4.3153143	0.0
DSG2_8499	5.969771	5.273731	5.708521	6.384417	6.2888966	5.738567	5.1462336	6.1435437	6.693238	5.4343376	5.6973767	4.9966097	6.763026	5.3122444	5.0095854	5.9465246	4.9747024	5.1515937	6.413328	6.2911773	6.194267	5.109927	5.8783355	5.6107297	6.267416	5.4929237	6.4806833	5.2588058	5.9739146	5.88668	6.3032203	5.9370947	7.0705223	5.8027835	6.0986524	5.211334	6.404471	6.9646525	5.015799	5.3071437	5.7493777	5.8765535	5.981213	5.361425	6.080421	4.8376775	5.4956946	6.7988806	6.5128493	6.247587	5.9928694
DTX3L_8500	5.4137716	5.181114	5.2593985	4.3853164	5.603241	4.9202075	4.9551463	4.6882124	5.058372	4.933993	4.9918857	5.483732	5.2931385	5.187294	5.5237265	4.5455074	4.1761804	5.1232753	5.890317	5.133753	5.2736154	4.843061	4.7881384	5.774947	6.252812	5.102601	5.103307	5.081666	5.5335073	5.369046	5.3213744	5.595579	5.094056	5.6574764	5.321426	4.967194	4.9472127	5.069037	5.0901117	5.419815	5.405285	5.059218	4.2235727	5.6608033	5.649845	5.0922785	4.4677935	5.85919	6.069088	5.3724337	6.163946
DUSP11_8501	7.4013815	7.534651	7.193058	7.227559	7.4794807	7.149723	6.6833673	7.3405066	7.3026524	7.0742927	7.137171	7.3435216	7.6427474	7.071497	7.016616	6.9992166	7.143009	7.039817	7.652068	7.288946	6.993153	7.459085	6.642552	7.1832023	7.3083224	6.724461	7.554908	6.8021784	6.821081	7.019471	7.0271215	7.589244	7.0534754	7.088008	7.095451	7.258554	7.3959303	7.5320277	6.9754395	7.237127	7.4459634	7.4386625	6.671834	7.2817597	7.1363473	6.911059	7.5925703	7.565373	7.516182	7.884955	7.517451
DUSP14_8502	4.1667204	4.7792716	4.3525343	3.5005035	5.1253834	3.6504412	4.2151294	4.109549	5.02383	4.5563493	4.744335	4.25568	5.647509	4.8589354	3.9558542	4.686358	3.9172494	5.0348244	5.7622194	5.224292	5.0525584	4.1511106	4.5275993	5.0296535	6.031126	4.0884933	3.8978634	4.2246437	4.6371417	4.174872	4.936795	5.232359	3.1528687	5.1872244	3.3291726	5.623653	3.5887606	5.267708	4.30826	4.0942426	4.61726	4.5909967	4.1788387	4.091199	3.7759814	4.2431035	3.5315611	5.0564756	4.057093	4.8598094	4.9488087
DUSP3_8504	7.6976933	7.9998894	8.180411	8.032814	7.547817	7.718158	7.8327866	7.75159	7.85785	7.5294275	7.645718	7.6770267	7.4243674	7.835734	7.83418	7.8107347	8.019039	7.7678237	7.932733	7.503004	8.11551	7.3665223	7.878601	7.7938657	7.717541	7.474118	7.379262	7.4495463	7.203255	7.6007223	7.8663425	8.077135	7.6992507	8.291045	7.871722	7.7295723	7.8459206	7.883008	7.4071207	7.121934	7.548486	7.4386625	7.6068196	7.3606973	7.877344	7.548933	7.092408	8.149702	7.9693747	7.951068	8.008815
DUSP5_32605	3.3576849	1.3805355	2.5015457	1.9810864	3.1595216	1.3453724	2.4311502	1.732564	3.1510859	3.2400484	2.4061391	2.0061407	3.8335404	1.795884	2.2108426	2.0680585	2.631737	2.851636	3.3728328	3.5374908	1.7463846	4.604528	2.6612716	3.298162	2.6850367	1.5856925	3.5999305	2.7415621	2.7030282	1.7340541	0.83162844	2.4073412	2.055782	2.5058906	2.3721387	3.1587603	1.2002778	2.8820758	2.3191266	3.4971333	3.145316	3.6496496	2.4758844	2.919052	3.857236	2.3615465	3.934742	3.7015753	3.3568892	4.613098	3.388955
DUSP6_8506	6.272775	6.6499934	5.831751	6.4096494	6.9996095	5.156702	6.5544367	5.8462596	6.6257405	5.976224	6.642592	5.6446424	6.7937703	6.1168594	6.496408	6.2025304	5.968784	5.7229633	6.8149323	6.5347195	6.1471024	6.2904425	6.3513703	5.922368	6.713755	6.0671678	6.1402097	6.718073	6.828874	6.0133305	6.105035	6.5913587	6.5689635	6.511865	7.058254	6.671508	5.984049	6.9646525	6.356603	6.7431984	6.4003987	7.084845	6.4450674	6.7081494	6.2251973	6.1147203	6.8341084	6.9983997	6.084289	7.0521073	6.39392
DYNLL1_32638	5.878196	6.567021	5.729804	6.0249596	5.765088	5.4388366	5.931703	5.5920973	6.13694	5.3371835	6.3447704	6.284201	5.931773	6.465223	6.035719	6.088685	5.968784	5.703967	6.231763	5.6731596	6.3825088	5.254689	5.6127396	5.6107297	6.3925967	5.3349686	5.5296936	5.5969205	5.8568354	5.6397786	6.055157	5.9201007	5.5959015	6.193884	5.1900296	6.498246	6.2408056	6.4491878	5.2281547	5.5443435	5.168253	5.6738753	6.491534	4.7292633	5.3742585	5.7018332	5.6818447	6.345511	6.1722803	6.3777184	6.119264
DYNLT3_8507	7.8208575	8.549401	8.16877	8.179384	8.400414	8.047145	8.289648	7.730703	8.075846	7.958933	8.245416	8.395098	7.871333	8.538547	8.504699	8.453919	8.289388	8.104814	8.054934	8.097342	8.217963	7.347275	8.27567	8.27057	8.369543	7.9219394	7.622643	7.807958	8.183233	8.260035	8.072612	8.198381	8.8738365	8.400708	8.137301	8.365273	8.408271	8.203713	7.6719675	7.8968887	8.225042	7.9051228	8.310903	7.951258	8.183349	7.941947	7.486587	8.342189	8.43726	8.166092	8.283119
E2F1_8509	2.6772566	1.767856	2.5015457	1.306817	2.5968776	2.4913077	3.2907877	2.8470235	3.273749	3.6163983	2.897397	2.2543907	3.1371586	2.356276	3.480585	2.71987	2.7949874	2.1552784	2.7569108	2.4719195	1.3618308	2.6095028	3.2279377	1.3061277	2.6850367	2.1163197	1.9188775	2.7415621	1.5044802	1.7340541	2.6910543	1.6564866	2.3065865	1.8774635	1.9201866	1.6612463	2.0856278	3.0143752	2.7442534	2.7631624	1.2790965	2.028597	2.6167028	2.919052	1.7574636	1.9105306	2.241367	2.460438	2.1877303	2.63602	2.609335
E2F2_8510	2.6772566	2.0728946	2.9989855	2.4387863	2.2038183	2.278697	2.6148129	2.4973207	3.273749	2.3851907	2.7514749	2.650732	2.2924721	1.795884	2.9132285	2.533521	1.6904588	3.4158573	1.6598343	1.7110134	2.0497084	1.2974738	1.7148082	2.7847295	2.499557	3.0598574	2.7142618	2.5983527	2.4024103	1.3511056	2.6910543	2.5903506	3.1528687	2.8108833	1.9201866	2.203147	2.6302555	1.2726339	2.7442534	1.8370601	1.6509043	2.675847	3.6331644	2.919052	1.7574636	2.9816122	1.8014207	3.3230352	2.5797195	3.141468	2.4258175
EAPP_8512	8.989423	9.7491255	9.582134	9.468617	9.610191	9.425209	9.673621	9.220398	9.440298	8.982376	9.611513	9.42655	9.388145	9.695601	9.519931	9.275394	9.705395	9.258459	9.443889	9.308121	9.526269	8.336345	9.64365	9.603415	9.655236	9.371054	8.616425	9.080429	9.540057	9.595138	9.464795	9.485946	9.544972	9.654564	9.076397	9.609335	9.539184	9.563097	8.9386	9.110792	9.316018	8.823372	9.4739685	8.6722	9.441839	9.425046	8.3920555	9.324846	9.273824	8.913456	9.322459
EBNA1BP2_8513	8.039522	8.379186	8.576692	8.59134	8.065636	8.369662	8.6173935	8.370214	8.326697	8.243295	8.460295	8.398327	8.396987	8.55128	8.60493	8.52755	8.519903	8.325939	8.527033	8.23073	8.359171	8.249161	8.763812	8.493278	8.583066	8.49428	8.205163	8.225452	8.423478	8.62561	8.481071	8.273898	8.651147	8.51849	8.370641	8.31063	8.743616	8.200245	8.434111	8.406523	8.331121	8.475649	8.467885	8.400562	8.32219	8.791832	8.418498	8.708587	8.745265	8.873902	8.727089
ECD_8515	5.6755133	5.9713254	6.0162854	5.7166696	5.994609	5.5137362	5.0538516	6.02845	6.275518	6.542673	5.636318	5.8282166	6.4130745	5.70304	5.9020057	6.154835	6.672202	6.42596	6.4730067	6.1749077	5.7012334	6.5140405	6.3378634	6.236011	6.418999	5.9630094	6.4806833	5.9316683	5.6436443	5.905468	6.0209208	6.491358	6.520164	5.9813304	6.3896604	6.1483984	6.16455	5.6189656	6.315891	6.5187182	6.424565	6.713595	5.994181	6.250118	5.900435	5.8981795	7.1503534	6.435844	6.4555492	7.3286247	6.221448
ECH1_8516	8.99161	9.631546	9.608226	9.48206	9.269292	9.477602	9.763869	8.944681	9.066821	9.523559	9.325935	9.353575	8.903915	9.426882	9.430182	9.322925	9.700253	9.563872	9.139522	9.147721	9.226924	8.848601	9.805729	9.667523	9.518467	9.509548	9.323496	9.083794	9.740302	9.916692	9.665124	9.102979	9.600308	9.475107	9.221418	9.578378	9.663294	9.506644	9.306466	9.385097	9.736133	9.068601	9.885892	9.328144	9.826823	10.003018	9.009901	10.151611	10.09831	8.985745	10.100634
ECHDC2_8517	8.995973	10.441453	9.53757	10.762643	9.850096	10.341759	9.550836	9.67593	9.856862	9.588324	10.465288	10.327283	9.247159	9.098554	10.214996	10.158074	10.815688	10.834228	7.9787507	10.247956	10.456831	9.993505	10.560823	10.240962	9.690885	10.311328	9.849094	10.136115	10.848416	9.678059	10.596833	9.055133	10.291198	9.542623	10.273926	9.966157	10.6779175	10.116014	10.687869	10.576787	10.203202	9.414617	10.880336	9.693486	10.803782	10.250213	9.481795	9.925299	9.93497	9.283147	10.365842
ECHDC3_8518	6.422911	7.6369925	7.508402	6.99729	7.116721	7.873168	6.609565	7.46587	7.1347685	8.768467	8.016989	6.0741496	8.3216305	6.789266	7.9403152	7.8055964	6.939874	8.154634	7.4765744	8.128936	7.5832224	7.7936625	7.5790205	7.5773325	7.7799854	7.717623	6.9223247	6.956971	7.267742	7.335715	7.242991	7.1532593	7.972962	7.626147	7.4686937	8.041284	6.8722944	7.938191	7.1243324	7.683265	7.4924307	7.9462414	6.711634	7.9639554	7.5870366	7.8413844	7.620173	8.224021	7.7390494	7.6662283	7.4102583
ECHS1_8519	12.93983	13.19203	13.1129265	13.1443405	13.342579	13.136975	13.140833	13.026041	13.051359	13.326326	13.189148	13.067779	13.135423	12.807219	13.163235	13.201053	13.235564	13.346481	13.223815	13.185798	13.108283	12.947166	13.343058	13.245837	13.144284	13.174512	13.085559	13.251954	13.434962	13.194711	13.229726	13.137975	13.546686	13.209043	13.451897	12.928399	13.297445	13.230765	13.150751	13.406934	13.408466	13.132161	13.254141	13.410597	13.158384	13.246106	13.085681	12.972099	13.134034	13.009096	12.967592
ECI1_8520	8.474191	8.244545	8.323774	8.048963	7.973403	8.168011	8.151592	8.041764	8.133681	7.909097	7.696452	8.070197	8.181411	8.39406	7.9572697	7.9845004	7.9163575	7.999693	8.078179	7.9679284	7.827159	8.141547	8.033254	8.1297455	7.417108	8.036348	8.386959	7.621451	7.9565964	8.157965	7.986528	7.994311	7.8744836	8.237721	7.922284	8.783944	8.299561	8.182775	8.431731	8.120085	8.420951	8.317494	9.069214	8.0890045	9.138827	9.142904	9.051045	10.003341	9.5949545	9.525772	9.710402
ECI2_8521	8.787777	9.354221	9.434397	9.09954	8.962208	9.417102	9.677497	8.9333	8.674417	9.35698	9.160514	9.119303	8.745186	9.124348	9.262982	8.981649	9.146718	9.441625	8.832885	8.732889	9.075608	8.572905	9.503992	9.564658	9.226852	9.613962	9.07648	9.278416	9.725768	9.570333	9.426075	8.55279	8.642623	9.053049	9.129367	9.543957	9.166527	9.133771	9.409224	9.115818	9.288301	8.737487	8.807941	9.530908	9.840626	9.524345	7.827772	9.523319	9.64835	8.516212	9.9235525
ECI3_8522	11.069807	10.807578	10.613755	10.703938	11.0007305	10.613433	10.645959	10.920749	10.990166	10.877083	10.733507	10.878157	10.920932	11.015624	10.832663	10.947789	10.769794	10.693851	10.83108	10.898457	10.878648	11.405203	10.756253	10.746723	10.416271	10.489939	10.954743	10.686479	10.496912	10.796472	10.495288	10.887574	10.138919	10.934112	11.075322	11.263721	10.671043	10.913044	10.354523	10.7967	10.984733	11.250637	10.626592	10.682407	10.644806	10.81558	10.849185	11.049887	10.9597	11.124676	11.029787
ECT2_8523	4.395317	3.8709588	3.57048	4.2797976	4.304237	4.165955	4.2709126	3.8242261	4.3721232	4.420659	4.004671	4.515618	4.653833	4.638	3.8867385	4.2750826	4.1761804	4.1360126	4.897113	4.522376	4.4722605	3.7433898	3.4450598	4.4342127	4.4040976	3.9079125	4.30551	3.8351016	3.6594398	3.826207	4.3010488	4.857096	3.7687938	2.942179	4.451897	3.8050218	4.1062636	4.380197	3.9837794	3.9212904	4.5308495	4.165143	2.7449903	4.1516447	3.934157	2.9816122	3.1824234	4.358722	4.11745	4.4068465	4.150921
EDEM1_8524	6.1528525	6.1610937	6.460106	6.041196	6.3666286	6.228164	5.878829	5.8655496	6.13694	6.240816	6.7900386	5.9028625	6.121461	5.972854	6.5079613	6.57289	6.4695387	6.493892	6.1463623	6.3987713	6.0648975	5.2819767	6.3911476	6.4455447	6.5077777	6.3409314	6.1543627	6.6830077	6.1583962	6.222574	6.2744465	6.184861	6.6161656	6.02642	6.340931	5.874729	6.393377	6.7250004	6.0061803	5.9861994	6.3381515	6.2854385	6.5973034	5.9770164	6.2554884	6.491741	5.7829986	6.7494116	6.65198	5.990813	6.7665367
EDN1_8525	3.6511872	2.7252557	3.2553017	2.4387863	3.2715344	2.6765726	3.1785967	2.682742	3.7669325	3.1283326	2.1965384	3.216753	3.7523885	2.7588696	2.9132285	3.4032214	3.3089392	4.0781755	3.560594	4.080432	4.1915016	4.982656	2.4763973	3.8333883	3.6596727	2.8082936	4.740221	2.8718307	2.7030282	3.2526147	1.3557978	2.5903506	3.1528687	2.8108833	3.5163558	3.9466662	2.6302555	3.8532186	3.4182882	4.0942426	3.548624	4.283957	2.7449903	4.091199	3.857236	3.213879	5.2350793	4.5089707	3.629802	4.9838986	3.5769253
EED_8526	5.718392	4.551584	4.9322414	4.6622167	5.320314	5.2177157	3.9675474	5.5208874	5.7071123	4.719445	4.581123	5.3025947	5.7345986	4.8173723	4.68259	5.2373357	4.8315554	4.907765	6.1167336	5.756432	5.1829906	6.3301992	4.5744224	4.9630933	5.3964405	4.1974325	5.731974	4.2246437	3.9150798	4.174872	4.9730616	5.7186217	5.47308	4.828399	5.4647717	4.7905493	4.820415	4.6882024	4.7049766	5.602796	5.7493777	6.103534	4.5738235	4.879793	4.3254046	3.213879	6.418047	5.615915	5.134897	6.718675	5.4354806
EEF1E1_8529	6.422911	6.2087917	6.2697997	6.0731306	6.206737	6.1981997	6.0951414	6.205411	5.8715396	6.319228	6.1834	6.241693	6.317571	6.247786	6.3371406	6.122139	6.002593	5.9333158	6.425463	6.1899643	6.298668	6.381559	6.070247	6.2218475	6.418999	5.799817	6.4116626	5.7402654	5.841509	5.960407	5.8165536	6.3714576	5.8735137	6.011546	6.141964	6.1483984	6.084037	6.151638	5.7088456	5.9861994	6.3508177	6.49701	5.7096953	6.1647024	5.801255	5.914772	6.309202	6.3849196	6.3462996	6.879108	6.624556
EFCAB14_32678	3.894955	4.9004173	5.1050735	4.619602	4.6326175	4.284773	4.157102	4.77238	4.3161297	4.420659	4.782408	4.8533883	4.3012185	5.050487	4.3645067	4.7304096	5.0734506	4.614175	4.301462	4.2623773	4.749901	3.4861825	4.6197734	4.893314	4.4040976	4.248965	4.2538657	4.2726064	4.8358417	4.3496795	4.6536613	3.7221797	4.625427	4.5687265	3.6820183	4.7905493	4.606508	4.606701	4.388982	4.248663	4.438932	4.035659	4.3090825	3.663165	4.7650757	4.9056625	3.934742	4.8838315	5.1638064	4.16611	5.19832
EFEMP2_32619	5.9519153	6.043253	6.61683	6.2788296	6.2207594	4.95646	5.9489055	6.095338	6.230788	5.7305746	6.331991	6.2980967	6.13753	6.569046	6.310999	6.2334733	6.6187024	5.684717	6.5636377	6.1749077	6.499788	5.798939	5.3689322	5.566579	6.2380586	5.833966	6.182258	5.886145	5.810359	5.4222007	6.4647603	6.307551	6.0727806	6.671778	5.3948784	6.8534155	6.301411	6.235367	6.1404767	5.7130427	5.5218797	5.8382316	6.397054	4.3191257	5.6947503	6.0709767	5.9518213	6.677175	6.1864376	6.6453953	6.3430133
EGF_8530	11.013891	9.98998	10.574591	10.59198	11.033374	10.924922	9.75656	10.977259	10.920874	10.910183	10.322391	10.199851	11.289641	9.583849	10.510358	10.79152	10.086565	10.721271	11.430342	11.39435	11.003613	10.746324	10.57744	11.150688	11.452553	10.40304	10.99953	10.510773	10.7466755	10.151223	10.747071	10.694335	11.119973	9.978048	10.908735	10.268109	10.34948	10.685115	10.474402	11.306797	11.338369	11.3412	10.0123825	10.843958	9.899357	10.342022	11.035827	10.567284	11.106986	11.640823	11.219451
EGR1_8533	5.859162	5.148872	5.1996346	4.1659474	5.2121687	4.165955	4.474693	4.551971	5.0921063	5.0611277	4.581123	4.365336	6.515	4.976889	5.134093	4.3894033	4.540767	5.7417126	6.203854	5.1645684	4.791392	4.949003	4.429132	4.661105	5.617736	4.8254848	5.6544313	4.070375	5.607858	3.5677314	5.109645	5.363858	4.9903865	5.474343	4.201987	5.211334	4.6444345	5.9012275	4.26614	5.3071437	4.952532	4.723048	5.4521637	4.689042	4.678297	4.8376775	5.6818447	5.896027	5.1638064	6.673313	5.574371
EHHADH_8534	6.570634	6.7819915	7.0310483	6.434448	6.5555067	6.9751897	6.8755426	6.480278	6.2001786	6.5535274	6.4191556	6.1373487	6.633046	6.232055	6.388045	6.584937	6.002593	6.493892	5.8185163	6.277146	6.1310315	5.552328	6.60921	6.751889	6.5077777	6.4982696	6.3637433	6.399566	6.6903076	6.957804	5.967993	6.4798064	5.3940325	6.7898035	6.2646046	7.3314037	6.7118683	6.7536807	6.553314	6.3123527	6.375821	6.151205	7.6768565	6.656938	7.8870506	7.505776	6.0498023	8.818211	8.157198	7.5046916	8.472651
EI24_32946	9.3169	9.334647	9.238574	9.277977	9.724092	9.379212	9.150913	9.37141	9.418858	9.120168	9.061417	9.3062315	9.502682	9.260453	9.060166	9.377623	9.292215	9.198647	9.756425	9.747822	9.58053	8.6638775	9.187464	9.429448	9.50928	8.954319	8.984415	9.095509	9.108962	8.973763	9.201851	9.50886	9.200482	9.2512455	9.311112	9.111813	9.234934	9.317887	8.955264	9.135751	9.405247	9.17621	8.888285	8.988251	9.210158	9.19817	8.106759	9.443135	9.349696	9.215136	9.422392
EIF1A_8536	8.353569	7.916163	7.7618737	8.666532	8.436911	7.780153	8.245081	8.935583	9.104499	9.058642	7.671308	7.8138895	9.491785	8.6815	7.7344403	9.0506	8.824009	7.7814794	9.682511	9.68677	9.123098	8.27994	8.612178	8.055817	9.471938	8.269439	8.960451	7.693695	8.420902	8.415577	8.490485	9.09732	8.914528	8.547136	8.200123	8.952981	8.737049	8.958018	8.44359	8.5195675	8.29225	8.7504425	7.165875	8.619673	7.443123	7.8106833	8.365119	8.338848	9.140195	9.19762	9.028337
EIF2AK2_8539	6.1683993	6.177169	6.4853535	5.9235063	6.510555	6.271975	6.3364687	6.1435437	6.1206875	6.0238314	6.169101	6.0902104	6.055333	6.0102253	6.388045	6.13858	6.3823376	6.1869473	6.3887477	6.0318227	6.209652	4.5153666	6.210252	6.37049	6.8066716	5.6157823	5.7507257	5.634114	6.6988373	6.4052787	6.288905	6.3334546	5.8341293	6.153805	5.944101	6.365782	6.177542	5.6396017	5.9407434	6.3469634	6.1624928	5.9502716	5.900859	6.1499615	5.801255	5.7944055	4.886783	6.083361	6.3958793	4.8598094	6.163946
EIF2B3_8540	6.088933	6.4659567	5.9988585	6.3457217	6.119614	6.1204476	6.400391	6.078904	5.9098763	5.87602	6.2254663	6.2980967	6.0210967	6.0821834	5.8116693	6.2025304	6.145635	5.665207	5.78123	6.0971737	6.178716	5.5964694	6.504295	6.007399	6.520026	6.137216	5.8055615	5.4586296	6.145973	5.905468	6.1845136	6.126794	6.9921746	6.098573	5.6759562	6.4275045	6.324958	6.4256163	5.6445394	5.848044	6.1334643	5.895339	5.9549227	6.0582056	6.2554884	6.0560956	5.6284776	6.3978205	6.3958793	6.3549147	6.418715
EIF2S1_8541	11.291882	11.650835	11.385422	11.54921	11.349591	11.514205	11.474155	11.164609	11.320093	11.562611	11.342283	11.43523	11.372171	11.5319395	11.483042	11.467905	11.609561	11.511115	11.382903	11.382112	11.605889	11.44837	11.659365	11.586906	11.760653	11.602711	11.196611	11.413321	11.587081	11.609937	11.599271	11.41145	12.306163	11.575709	11.463174	11.45073	11.549645	11.485697	11.530593	11.490874	11.495277	11.452016	11.550788	11.62081	11.317793	11.486223	12.085022	11.41009	11.508775	11.67085	11.462773
EIF4B_8549	9.606629	9.230658	8.7968645	9.019852	9.519511	9.110256	8.81562	9.37478	9.400464	9.215509	9.144158	8.960178	9.644369	9.052276	8.907156	9.14923	8.995418	9.098559	9.784961	9.580807	9.11086	9.183081	8.9078865	9.293847	9.358862	8.748166	9.320361	8.854829	8.884336	8.737315	9.135399	9.485946	9.543447	9.115244	9.530693	9.104273	9.060056	9.409354	8.490077	9.242248	9.497844	9.5805025	8.920909	9.045123	8.915169	8.912405	9.15535	9.424344	9.134729	9.680511	9.162839
EIF4E_32598	9.736161	10.11207	10.037456	9.876374	9.961804	9.910729	9.8373	9.671826	9.730022	9.81722	9.840801	9.806644	9.890605	9.84786	9.868045	9.818718	10.035423	9.83338	9.9442	9.880192	9.9595175	9.583401	9.920044	9.984123	10.061471	9.727312	9.768579	9.696174	9.663942	9.819741	9.906924	9.833232	9.8303795	9.911503	9.743659	10.01422	9.757158	9.77612	9.707554	9.894294	9.838611	9.844915	9.432889	9.872507	9.682402	9.724665	9.136358	10.063275	10.203861	9.855201	10.079408
EIF4EBP1_8550	3.6511872	3.9479325	3.6618972	3.2992017	3.947468	3.736352	3.825755	3.7431152	3.6808712	3.7731934	3.4639611	3.6222255	4.3012185	3.4448164	3.8867385	3.0329375	3.9172494	3.4158573	3.944735	3.4401016	3.2683764	3.5771093	3.4450598	3.298162	4.4040976	3.1708984	3.8289478	3.4740329	4.1321673	4.45546	3.833374	4.296811	3.018777	4.608809	4.2555523	4.453386	4.2110767	3.3510835	3.4182882	4.0942426	3.145316	3.1210482	3.8766885	3.7439134	4.4353356	3.6699069	4.249509	4.6010923	3.9941003	5.2786183	4.914352
EIF4G1_8551	10.606418	9.382228	9.565953	9.700974	10.520655	9.707703	9.028818	10.352486	10.1196375	10.072461	9.513053	9.651577	10.49858	9.461021	9.249282	9.73605	9.342585	9.849675	10.424076	10.505086	10.087863	10.742645	9.310119	9.819872	10.086394	9.482893	10.676307	9.947698	9.160821	9.028352	9.474315	10.5602255	9.914213	9.556779	10.184405	9.296826	9.382495	9.9211855	9.628718	10.010404	10.26557	10.519526	8.9709635	10.022672	9.490405	9.368952	10.423189	10.347189	10.298959	10.802172	10.220056
EIF5_8552	10.151428	10.571812	10.450281	10.46985	10.597897	10.559949	10.477629	10.156943	10.415307	10.691167	10.4783945	10.220976	10.239472	10.358604	10.379686	10.57607	10.549481	10.576038	10.472397	10.649596	10.549675	9.510292	10.620608	10.883476	10.70417	10.593863	10.120905	10.224884	10.475352	10.507704	10.700514	10.420691	10.958802	10.511577	10.421832	10.27652	10.185511	10.668894	10.200896	10.485239	10.638526	10.37141	10.236964	10.32292	10.451471	10.392504	9.064504	10.619156	10.475799	9.662053	10.704507
ELAC2_8553	2.9888134	2.3245585	0.82956785	2.622656	2.7594013	2.0292463	0.79261	2.4973207	3.0170162	1.6378721	1.2830404	2.0061407	2.0423498	1.4050055	1.6679709	2.8848794	2.23654	1.9121275	3.035508	2.0114515	2.6994162	3.2850893	0.8162666	1.6821929	3.1306887	2.1163197	2.552685	0.70663524	2.0222046	0.0	2.0422144	2.197697	1.7520065	1.8774635	2.9930947	1.6612463	1.559129	1.9381144	1.4383613	1.8370601	1.6509043	2.028597	3.0729647	1.2978095	1.7574636	1.9105306	2.7208638	2.0009227	2.8876398	4.1127377	2.609335
ELAVL1_8554	7.270636	5.933971	6.210474	6.563706	7.286324	6.382689	6.048024	6.928433	6.981208	6.2273226	6.169101	6.515887	7.3912435	6.382138	5.612023	6.511096	6.289525	6.378827	7.3228784	7.1340804	6.772647	6.2904425	5.968743	6.3832736	6.9673586	5.596019	6.845901	6.399566	5.794528	5.448061	6.055157	7.1820574	6.320886	6.4905696	6.580153	6.2199135	6.215832	6.791055	5.542364	6.5187182	6.8202972	6.92033	5.6453886	5.9086065	6.1626387	5.5185804	6.008622	6.729139	6.631429	7.134753	6.878017
ELOVL5_8556	6.884825	6.823437	6.9150615	6.6079783	6.4039783	6.4730496	6.5087657	6.6456194	6.839439	6.9565654	6.923804	6.2980967	6.6994996	6.465223	6.473021	6.536132	6.517099	6.6309457	6.62806	6.7832937	6.5610456	6.832808	6.696465	6.874659	6.7030516	6.6401234	6.9056883	6.8184266	6.508175	6.3920174	6.5270715	6.6336713	6.456748	6.6998844	6.5157537	6.974151	6.5613937	6.593675	6.508853	7.060694	6.424565	6.892549	6.5629015	6.656938	6.897941	6.9598446	6.9903407	7.316372	7.459017	7.4995027	7.617227
ELOVL6_8557	5.859162	5.9527693	6.0335045	6.0085387	6.3916354	5.6747184	5.580783	6.045465	6.2155647	5.7495775	5.9524336	5.554902	6.8533607	5.854556	6.0515943	6.322509	6.1150513	6.6208534	7.361286	6.569676	6.6082454	4.805945	5.933257	6.551277	7.5182633	5.7107325	5.7875133	5.9166527	6.5745687	5.1658797	5.9499097	5.83199	6.2175465	5.7854004	5.8943114	6.1629877	5.998764	5.6396017	5.577233	6.3355184	6.5173736	6.037419	5.4708385	5.7018085	6.1465654	5.881394	4.546629	6.60113	6.886844	6.308196	6.656179
EMILIN1_33056	5.387443	5.9713254	4.8568616	4.7036085	5.66608	4.7238755	4.812067	5.3396378	6.019129	5.030379	5.6973767	5.7494965	6.215295	5.6087337	5.3802414	5.436634	5.04128	5.09439	5.8368044	5.815876	5.744127	5.3608727	4.3772573	4.893314	6.432021	4.8254848	5.5512466	4.783652	5.166204	4.293731	5.669604	5.63777	4.53006	6.167289	4.778989	6.3274393	4.606508	5.738574	4.7049766	5.1329784	5.1965966	5.560751	5.414072	4.091199	4.9616113	5.0019855	5.799189	5.7825675	5.1053967	6.4548073	5.7409277
EMP1_32450	4.0372276	3.9479325	4.1777077	4.1659474	4.546167	4.165955	3.1785967	3.8242261	4.6234994	3.440461	4.492026	3.6222255	3.9833133	4.3770022	4.722804	4.686358	4.1156726	3.4158573	4.8256583	3.872183	4.252195	2.9185607	4.1488166	2.931203	3.9764743	3.7736044	4.2538657	3.101637	3.432763	3.5677314	3.833374	4.820931	3.9269106	4.5274987	3.3291726	4.453386	3.6645458	3.8532186	2.8620489	4.705144	3.9325047	4.54415	3.8195517	2.919052	3.2825065	3.3173459	4.201589	4.001153	3.9941003	5.0133224	3.7432039
EMP3_32795	0.82449245	3.7034745	2.5015457	2.4387863	3.1595216	2.278697	2.6148129	2.0347693	3.0170162	2.1763573	3.029906	3.216753	3.0032618	3.6481564	3.3835778	2.533521	2.4476285	2.9835122	3.035508	2.259979	3.3813758	2.772292	1.7148082	2.6216867	3.1306887	2.5034022	2.370703	2.0565722	3.163709	2.8488586	2.2923298	2.7527363	2.055782	3.6282732	1.2584345	4.249759	2.7740545	3.7044504	2.475174	2.6195595	2.1913016	2.028597	2.6167028	2.609976	2.7127588	1.2508019	1.1653116	3.6158395	2.3969975	4.2175784	2.9183865
EMR1_8558	6.1989994	5.273731	6.1952534	5.6547036	6.761388	4.591821	4.6106157	6.4163136	6.3747907	5.84101	6.3447704	6.5511265	7.301384	6.543782	5.5904503	6.5484886	5.5783186	5.684717	6.904353	6.615005	6.448837	5.779924	5.933257	6.087696	6.7243795	6.1096034	6.399831	5.886145	5.2842665	5.448061	6.3032203	6.9167314	7.1766706	6.0557156	6.5157537	6.5097065	5.95416	6.151638	6.018919	6.1519628	6.615109	6.4846582	5.628854	6.1350684	4.7650757	5.357987	5.534896	5.931947	7.0812154	7.225546	6.5479574
ENG_32663	5.9519153	5.6412954	5.316785	4.7829914	5.603241	4.544973	4.920685	5.132301	5.947221	5.1207266	4.744335	5.6227255	6.317571	5.2511215	5.103959	5.006024	4.714029	4.5728903	5.872699	5.7765203	5.959639	5.9080496	3.8005724	4.9286256	5.8095574	4.891829	5.9746127	5.16026	4.772601	3.470145	5.1733747	6.5254674	4.479903	5.7136955	5.1622505	6.233801	4.9472127	5.699796	5.015799	5.583574	5.380791	6.0204053	4.7058096	3.8929985	4.6328683	5.204499	6.320464	5.85919	5.5615234	7.4573054	6.0886884
ENO2_32652	0.82449245	3.0385108	3.2553017	2.785719	2.4136927	0.8241397	2.2206478	1.732564	2.518521	2.1763573	0.0	3.4336874	2.2924721	2.356276	2.2108426	1.7633755	1.6904588	2.5450702	2.2015305	3.223061	3.5838535	1.6721861	2.0155594	3.0641665	3.5682683	2.5034022	1.9188775	2.439345	2.951679	1.3511056	2.0422144	2.7527363	1.366725	3.7764044	1.9201866	3.3746989	1.846264	2.8820758	2.3191266	2.2807243	2.1913016	2.028597	3.4190736	1.6725745	1.7574636	3.213879	3.2779424	2.6448896	2.8876398	3.2443137	3.8196683
ENO3_33181	4.5457487	4.9758754	4.8568616	4.6622167	5.34613	5.304655	4.812067	5.033428	5.058372	5.0611277	5.3624125	4.7357945	4.822355	4.638	4.641223	4.7731557	5.008375	4.530389	4.9651947	5.253251	4.7071815	5.9426603	4.8654838	4.2786994	5.134941	4.9859533	5.268561	5.0267854	5.350728	5.102159	4.4628186	5.658412	5.3666906	4.8619547	4.9183655	4.136044	4.717422	5.069037	4.538021	5.3532734	4.952532	4.8821898	5.066604	4.9495506	4.997898	4.76633	5.6818447	5.37624	5.0445223	6.745223	5.8360367
ENOPH1_8559	3.8181863	3.9479325	2.5015457	3.1869333	3.2715344	3.1218095	3.0569396	2.4973207	2.8691986	3.6163983	2.897397	2.8143709	3.574956	1.4050055	3.0459516	3.6976154	2.631737	3.5915058	3.560594	3.5374908	3.6753457	2.772292	2.8251235	2.7847295	3.7456298	2.663887	2.9915388	2.260616	3.6594398	2.8488586	2.505423	3.3684063	2.055782	2.6664317	2.7157705	3.3746989	2.6302555	3.135555	3.0722015	3.5770605	3.3610175	3.356177	2.7449903	3.173454	2.5265856	2.3615465	3.0801287	3.7015753	2.5797195	4.0573144	3.8196683
ENPP3_8562	5.2185044	6.177169	5.5013666	5.567712	6.5991006	6.1363373	5.9489055	5.6150737	6.0537825	6.596144	6.2663403	5.666232	5.691711	5.4546	6.530793	6.154835	6.019205	5.7602215	5.683567	6.248667	6.178716	6.3301992	6.086491	6.277687	6.267416	5.7107325	6.1402097	5.6881657	5.841509	5.705577	5.8942595	5.5298853	5.8341293	6.402098	5.976364	6.0885186	5.388256	6.7250004	5.8580875	5.8799086	6.2730966	5.9502716	5.6121273	5.282528	5.9932327	6.1431627	5.4553986	6.332132	6.4555492	5.2541795	6.536675
ENTPD5_32499	5.969771	0.0	0.0	6.0731306	0.0	5.986611	0.0	0.8273256	6.6257405	0.0	6.017729	5.9387856	0.0	0.86718	0.0	0.8466378	1.6904588	0.75779927	5.6216297	0.0	5.9227743	5.741125	0.0	6.1637588	0.0	0.7374037	0.0	5.823123	0.0	0.0	5.6247144	0.78030413	5.7090826	0.0	0.0	0.0	5.743151	6.506485	0.0	0.7165108	6.011131	6.166752	5.994181	0.0	0.0	0.0	5.2586884	1.3226663	6.333634	0.0	6.4670625
EP300_32876	8.924526	8.004401	8.149156	8.142233	8.794208	8.144634	7.7808967	8.98713	8.834949	8.076475	8.210933	8.2912445	8.9592085	8.193423	7.838762	8.386688	7.9383607	8.05321	9.273105	8.984605	8.654451	8.539376	7.490235	8.1708765	8.85614	7.740308	8.871155	8.001832	7.6616516	7.1032314	7.97763	8.939719	8.616745	8.103887	8.415455	8.226315	8.102469	8.600962	7.8921957	8.724314	8.604029	8.859696	7.5683174	7.9639554	7.953228	7.737953	8.861682	8.974925	8.873302	9.274059	9.028337
EPB41L2_8564	4.3414736	4.9004173	4.5568852	4.7036085	5.2121687	4.7238755	4.6946006	3.5657802	5.3084435	4.2708697	4.4453254	5.1268883	4.242996	5.4814596	5.1636105	5.1749425	4.3956347	4.1916203	4.861828	5.224292	4.946362	3.4861825	3.542482	4.2786994	4.6908245	3.9079125	4.4953737	4.070375	4.4477034	3.1301692	4.5129476	5.813703	3.3886123	5.3848386	4.1463556	5.420078	4.4863505	4.974735	4.388982	4.34313	4.698786	4.63637	4.990991	3.173454	3.934157	4.189564	4.4677935	4.729104	4.2847056	5.502624	4.5604434
EPHB2_8566	3.7371018	4.9004173	3.6618972	4.3335214	5.559774	3.5590887	3.7492652	4.2335076	5.2196684	4.7945623	4.6650357	4.073784	6.18469	4.3186173	4.5986342	4.4953265	4.4939933	4.8741713	6.3510737	6.2342134	4.946362	4.027579	3.9500973	5.349251	6.2231526	4.39336	4.200304	4.3190255	5.190602	4.2355256	4.0525775	5.0876613	4.799106	4.0336113	4.2555523	5.395578	3.7365477	5.038283	4.1780205	3.7247438	5.251666	4.8821898	4.0849814	4.209659	3.857236	3.6699069	3.7471902	5.21065	5.44859	4.8918467	5.19832
EPHX1_8567	8.483542	8.450361	8.639892	8.467651	8.63316	8.669035	8.822637	9.27191	8.72098	8.460689	8.729971	8.473725	9.101168	8.795593	8.519043	8.505536	8.385416	8.465011	8.812238	8.517044	8.778277	8.80459	8.407588	8.542545	8.300218	8.386235	8.875433	8.993659	8.101957	8.476528	8.455665	8.979225	8.575545	8.911999	9.019474	8.84629	8.634774	8.536402	8.348393	8.68427	8.935762	8.866852	8.538191	8.570705	9.150964	8.547738	8.840326	9.281999	8.803833	9.298166	9.066101
EPHX2_33282	7.934329	7.553247	8.831733	7.6169057	7.473637	7.7597823	7.842024	7.8565445	7.595079	4.7574925	8.584015	8.086303	8.51854	4.7745767	8.819471	8.928275	7.838933	8.514912	9.227051	8.085313	5.1829906	7.8124986	8.830431	7.329083	4.966166	8.89085	8.900839	8.094812	7.5434933	7.753711	4.9730616	8.449981	7.9033127	7.4986153	8.740652	8.121905	9.339789	7.4112115	7.8212442	5.1329784	9.171782	7.937205	7.9407263	8.937652	4.997898	8.131326	8.878923	8.687728	8.41639	8.719565	9.469135
EPRS_8569	9.721745	9.684522	9.844854	9.886519	9.924808	9.848188	9.603385	9.760796	9.647346	9.707307	9.64677	9.361868	9.923414	9.568273	9.684238	9.7890835	9.7496195	9.707892	9.880615	9.706537	9.824886	9.601113	9.676214	9.8819895	9.992824	9.7498455	9.728936	9.862114	9.820661	9.584975	9.958711	9.787113	10.119598	9.508598	9.674056	9.642248	9.880475	9.465336	9.851592	9.942243	9.770715	9.602105	9.669539	9.883688	9.596268	9.714039	9.856267	9.907368	10.100182	9.970324	10.050943
ERBB2_8570	4.285542	3.8709588	2.9989855	3.1869333	3.6487305	2.8407314	3.3948803	3.8242261	4.797169	3.6163983	3.9387684	2.4661293	4.86158	3.0732796	2.7670465	3.6060004	3.196582	3.5063531	4.750479	5.253251	4.0618725	4.843061	3.1057508	3.7568672	3.1306887	2.9395516	4.813399	4.2246437	3.348533	2.0363805	2.6910543	3.7985559	4.625427	4.251827	3.5163558	4.355162	3.1353765	3.9222193	3.9308388	4.2966695	3.9983876	5.4121404	2.9717042	3.663165	4.3254046	3.413886	3.934742	4.1304426	4.1753836	5.801405	4.4201384
ERBB3_8571	4.883804	4.551584	4.6931467	4.821103	4.6326175	4.7238755	4.812067	5.2544	5.058372	4.7945623	4.744335	4.417189	4.86158	4.730472	4.5986342	4.9697304	4.445652	4.731381	4.7885585	5.224292	4.870957	5.52974	4.7881384	4.9630933	4.175426	4.43845	4.813399	4.94034	4.4477034	4.403539	3.9102025	4.7457614	5.310402	5.048385	5.270294	4.863822	4.7525764	4.5203185	4.2227526	5.441331	5.1393414	5.4121404	4.3898067	5.0160904	5.480661	5.0922785	5.5541043	5.21065	4.9144797	6.3317447	4.7285256
ERO1L_8573	7.8452444	7.5957274	7.70927	7.4925346	7.7498965	7.3332415	7.3664446	7.490929	7.8430667	7.635392	7.527396	7.4090133	7.8904243	7.401862	7.5951543	7.559199	7.4734817	7.566954	7.932733	7.7515793	7.78156	7.139205	7.16267	7.6741366	8.138828	7.4795213	7.4612427	7.1933627	7.580891	7.0703087	7.681446	7.8447385	8.151791	7.525039	7.5297546	7.622803	7.407005	7.765876	7.5189576	7.701212	7.6747494	7.7330523	7.3536744	7.5124626	7.494824	7.2810535	7.0524435	7.772714	7.952905	7.720756	7.8763533
ERO1LB_32533	2.2793405	3.1728475	1.7361541	3.0651855	2.5968776	3.2441669	2.6148129	0.8273256	3.0170162	2.875032	2.5891151	1.706109	2.6912055	3.2080395	3.3835778	2.0680585	3.6014547	2.851636	3.1569264	3.1009257	2.6994162	2.425981	3.1057508	2.6216867	4.045885	1.8752655	2.552685	0.70663524	2.4024103	2.8488586	2.6910543	2.7527363	1.7520065	2.5058906	2.3721387	3.1587603	3.2381685	1.64341	3.4182882	3.2267613	3.3610175	1.7268571	2.9717042	2.772775	2.5265856	3.5043693	3.7471902	4.989876	4.2310796	5.15206	4.767655
ESCO2_32645	1.345864	0.0	1.7361541	0.7965775	2.4136927	1.3453724	1.3012427	1.3498102	1.3654954	0.7689436	1.6554753	1.3268428	1.3559068	1.795884	0.7873415	1.7633755	1.3132819	0.0	1.6598343	2.4719195	0.8359691	2.425981	1.7148082	1.6821929	2.499557	1.2230182	2.8595514	2.0565722	2.7030282	1.3511056	1.7394503	1.2839134	1.7520065	1.2247456	1.2584345	0.0	1.846264	0.77231747	2.1441302	2.8937564	1.6509043	0.0	0.0	1.6725745	0.8429203	2.3615465	3.8124545	4.067246	3.3568892	4.8270445	3.9614177
ESM1_32480	4.1667204	3.0385108	3.9058084	4.2797976	4.500918	3.2441669	4.2709126	4.6442127	5.72872	3.440461	4.9590178	3.707994	4.1189895	4.638	4.7619276	3.8650463	4.1761804	3.889297	4.073696	4.2623773	3.8425713	3.5771093	3.1057508	3.5904546	4.2942877	3.9079125	4.1446767	2.5983527	3.163709	3.2526147	3.2595172	4.296811	3.9269106	5.0772424	3.4257977	4.0125933	3.8705926	4.224988	4.538021	4.199003	3.8634686	2.987353	3.6331644	3.7439134	3.857236	3.413886	4.201589	4.6876826	4.11745	4.613098	4.688305
ESR1_33192	8.19941	7.4244914	7.502231	7.527531	8.053935	7.538499	7.6021585	8.003095	7.8724833	7.817514	7.5931354	7.1114106	8.097645	7.1738505	7.3919306	7.7796245	7.479497	7.4914165	7.986962	7.8684926	7.8070703	8.624448	7.6948004	8.125948	7.530423	7.307909	8.284518	7.5007873	7.2329254	7.349501	7.5435495	8.014466	7.3680687	7.566336	7.867428	7.160176	7.5537357	7.9464965	7.311992	7.585198	7.659558	8.246113	7.3686895	7.7213154	7.469205	7.215599	8.170379	8.149702	8.128155	8.521341	8.115038
ETFB_8574	10.208	9.709607	9.922004	9.85816	9.850096	9.807833	9.713172	9.964619	9.8308735	9.873526	9.706159	9.559399	9.89179	9.5317955	9.556551	9.760156	9.692506	9.923382	9.867332	9.566456	9.669448	10.679919	9.700164	9.762318	9.866623	9.675286	10.18349	9.868956	9.728894	9.818502	9.812509	9.6977005	10.119598	9.697017	10.087114	10.027237	9.822721	9.721512	9.871043	10.082354	10.177657	10.473388	9.882409	10.406688	9.947697	9.984471	11.272387	10.198445	10.067088	11.0351715	10.240192
ETFDH_8575	4.1667204	4.2811027	3.6618972	4.042337	4.500918	4.44645	3.7492652	4.453426	4.7556725	4.1037073	4.128079	4.365336	4.822355	4.1942425	3.8867385	4.443337	4.586072	3.5063531	4.711368	4.860211	4.310437	4.560636	4.323448	4.2228994	3.9764743	4.0884933	4.4953737	3.8976135	3.9150798	4.2355256	3.3724391	4.666459	2.8709326	4.4413314	4.451897	5.0944223	4.050856	3.9880698	3.493234	4.2966695	4.5308495	4.63637	3.1675818	4.2654305	4.2671294	3.8183901	3.2779424	4.8085413	5.013094	4.4505234	5.015347
ETS1_8577	4.4973273	3.7896457	3.3681867	4.042337	4.546167	3.2441669	3.2907877	4.109549	4.528138	3.8456316	4.004671	4.515618	4.9369683	4.4871287	3.480585	4.2143354	3.9172494	4.245164	4.8256583	4.4239254	4.5708647	4.2091236	2.0155594	3.8333883	4.4560194	3.7014503	4.200304	2.8718307	3.7277203	2.2861977	4.0525775	4.4934416	3.3886123	4.608809	2.9930947	5.3194785	4.400299	4.606701	3.0722015	4.669124	4.2354107	4.101853	3.8195517	2.772775	3.2825065	4.344567	4.7928843	5.02356	3.710393	5.9759445	4.6469307
ETV1_8578	8.6506	7.9679036	8.100966	8.127101	8.451849	7.9059796	7.4473534	8.366834	8.3302355	7.284336	7.5823846	8.311937	8.249532	8.435859	7.4288654	8.23057	7.7913694	7.6135054	7.9369774	7.5963697	8.155781	7.447081	7.4278555	7.233486	7.436623	7.332005	8.29733	7.5257406	7.2151966	7.2719903	7.4176254	8.699437	8.662435	8.315473	8.46177	7.980808	7.909601	7.6383862	7.4547772	8.055281	8.068982	8.3553	7.611035	7.8316555	7.7287245	7.4612875	8.179685	8.2912445	7.527348	8.812461	8.004726
EVI2A_32378	5.5623865	4.6000867	4.895044	4.3335214	5.0330415	4.284773	4.6106157	4.6442127	4.6234994	5.233011	5.1163464	4.417189	4.8997664	5.1205115	4.7619276	5.2373357	5.252724	4.5728903	5.4658456	5.133753	5.302602	4.264894	4.1488166	4.0412498	5.4486337	4.346816	4.6631317	4.3190255	4.896426	5.0009694	4.1821556	5.3126874	5.094056	5.048385	5.1622505	4.7905493	5.432284	5.1575513	4.7965984	5.02312	4.9853954	4.5909967	4.4285355	4.689042	4.3254046	4.652222	3.9922063	4.8838315	5.2472124	4.613098	5.4595776
EVI2B_32891	3.9678442	3.8709588	3.8289971	2.622656	3.947468	2.278697	3.2907877	3.9010189	4.133794	2.5675821	3.64017	4.25568	3.574956	4.3186173	2.604365	4.0845833	3.510384	2.851636	4.073696	4.1436644	3.8425713	3.5771093	3.9500973	3.185903	4.4040976	3.7014503	3.9636366	2.260616	2.951679	2.9963596	3.0031052	4.1294756	4.199067	3.173584	3.225608	3.7286186	3.3341212	4.224988	3.0722015	3.5770605	3.7909622	3.1210482	3.1675818	2.919052	3.0255773	2.704639	3.1824234	4.3049483	3.453711	4.4505234	4.2647033
EXOG_32486	2.6772566	2.0728946	1.3529313	2.2280116	2.905456	2.278697	1.3012427	2.2845037	2.7044885	3.0072343	2.1965384	0.81086713	3.1371586	2.356276	1.2938309	3.0329375	2.23654	3.5915058	3.035508	2.6566756	2.6994162	3.3891368	0.8162666	2.4378424	2.499557	2.1163197	2.8595514	2.0565722	2.2247963	1.3511056	2.2923298	3.4653084	2.3065865	2.3252215	2.7157705	2.5961618	2.0856278	3.2473404	2.1441302	2.7631624	2.8915966	3.356177	2.7449903	1.2978095	1.7574636	2.1535919	3.6070757	3.0885482	1.942873	4.1127377	3.1727722
EXOSC4_8579	5.9519153	6.3852234	6.4473143	6.041196	6.0268903	6.497861	6.29671	5.8068886	5.5460544	6.2541842	6.033601	5.88456	5.713314	5.5841613	6.08283	6.001489	6.5053554	6.42596	6.0398855	5.6296487	5.657026	6.697491	6.1650763	6.4085054	6.457718	6.2426662	6.288741	5.823123	6.478758	6.378633	6.345332	5.63777	6.0211067	6.1806474	6.2113805	5.874729	6.215832	5.59803	6.1976185	6.391857	6.1624928	6.459632	5.7712574	6.382118	6.314226	6.469451	6.658879	6.4482994	6.5128493	7.148079	6.6871233
EXOSC5_32543	5.8203235	6.4528112	6.69466	6.574902	6.1782765	6.5930457	6.29671	6.3493805	6.1689057	6.3814654	6.466697	6.4797654	5.8753977	5.9344893	6.575401	5.96508	6.540304	6.42596	5.7999935	5.5847845	6.194267	6.913541	6.8278804	6.1338134	6.520026	6.20402	6.3637433	6.5819387	6.478758	6.60239	6.38625	6.184861	4.069397	6.4134583	6.3159347	7.590788	6.448014	5.83119	6.1520877	5.8799086	6.3633738	6.395099	5.900859	6.0423293	6.4382453	6.6085367	5.2586884	6.4232807	6.610582	6.971951	6.8869295
EXOSC7_8580	3.4622953	3.0385108	3.1328285	2.2280116	3.2715344	3.1218095	1.3012427	3.3635519	3.3867955	2.7294815	1.6554753	2.650732	3.7523885	3.9078133	2.9132285	2.8848794	2.631737	2.7064807	3.035508	2.259979	3.9194357	3.8924706	3.1057508	1.9802222	2.2866638	2.3228042	2.9915388	1.5340518	1.7864426	2.4990745	2.2923298	3.3684063	3.2755504	3.3729517	2.8610861	3.4716449	3.0246947	3.0143752	2.7442534	2.4600666	3.0240266	3.356177	1.9455801	2.609976	2.5265856	2.704639	5.003171	3.3230352	3.5444415	4.7591944	3.7432039
EXOSC8_8581	7.496834	7.571606	7.6094613	7.4198875	7.6549764	7.340118	7.706989	7.4971266	7.5773234	7.310166	7.2157936	7.232129	7.761563	7.5424213	7.3919306	7.363281	7.3606877	7.411704	7.702803	7.573589	7.5167475	8.152677	7.5961404	7.571759	7.9389544	7.277212	7.6428604	7.2483683	7.6528983	7.3766856	7.890246	7.932097	7.5613456	7.519793	7.556678	7.558046	7.5081797	7.5041666	7.5323467	7.683265	7.6442046	7.590474	7.5153284	7.154612	7.507465	7.6011252	8.292636	8.01385	7.675226	8.639272	7.7791724
EXT1_8582	6.807501	6.7608137	6.7990317	6.733185	7.0238047	6.714447	5.9659057	6.8039784	7.0342317	6.6678224	6.6217422	6.596812	7.315578	7.026609	6.5079613	6.7757025	6.60776	6.8797507	7.3098454	7.195053	6.9295373	6.687322	6.551868	6.7419977	7.1596804	6.0671678	6.9630957	6.6379433	6.458808	6.222574	6.4260387	7.1820574	6.3630047	6.727453	7.080687	6.789035	6.600509	6.845362	6.1404767	6.538818	6.925649	6.9743366	5.981213	6.263875	6.2554884	6.697529	6.1415496	7.015241	7.0271773	7.073217	7.1830897
F10_8585	2.491974	2.8903687	2.851444	2.785719	3.0380745	2.6765726	0.79261	2.0347693	2.0542567	2.5675821	2.4061391	2.650732	2.8556545	2.7588696	2.7670465	3.2900343	1.6904588	2.851636	3.944735	3.335659	1.7463846	1.9693668	1.7148082	2.6216867	2.8493636	2.3228042	2.7142618	2.260616	2.0222046	2.8488586	2.0422144	3.4653084	3.2755504	2.1186442	2.1637886	1.6612463	1.846264	3.135555	2.615978	3.2267613	0.0	2.028597	2.4758844	3.173454	2.7127588	1.9105306	2.4195006	5.120136	3.0200155	3.030724	2.2155063
F11R_8586	8.229366	7.648569	8.012555	7.979046	7.989873	7.8873215	7.5691643	8.290389	8.337285	7.9548454	7.361246	7.224873	8.264242	7.230366	7.539952	7.8660846	7.578093	7.5024524	8.305292	8.109271	7.7866983	8.502152	7.9469204	7.7501235	7.7334075	7.4522996	8.303693	7.807958	7.7172894	7.143356	7.851808	8.030391	8.307287	7.7744856	8.250462	7.11587	7.9780345	7.987321	7.8677573	8.079495	8.140028	8.327904	7.5683174	8.249725	7.656785	7.9459887	8.348713	8.145884	8.1926985	9.0878105	8.174482
F2_32334	7.347768	6.567021	6.81903	6.2788296	7.1537366	6.055081	5.9489055	7.017357	5.851982	7.0742927	6.3060884	4.9966097	7.2055535	6.810606	5.6542234	5.5142827	6.4328103	7.4349318	8.487065	7.5562634	7.028284	8.393758	6.1496983	8.031661	6.4058585	6.540242	8.01661	6.1655755	6.2307677	5.6839757	6.7314353	6.5805836	6.7701797	6.3557405	7.1388574	6.940674	6.531345	6.655775	6.47227	7.5803576	6.4947248	7.5962267	5.9549227	7.132287	6.829116	6.9027653	7.098963	8.026365	6.467193	7.656936	7.314415
F2R_32746	2.8414288	4.449393	3.6618972	3.2992017	3.2715344	3.1218095	2.924071	2.8470235	3.1510859	2.5675821	4.1860375	3.8656	3.574956	4.539192	3.8867385	3.0329375	3.6014547	2.7064807	3.7267091	4.080432	4.1281424	3.0513556	2.6612716	3.0641665	3.826752	3.460427	2.7142618	2.260616	3.6594398	3.365476	3.3724391	3.7221797	1.366725	3.8451312	2.1637886	5.1540623	2.904811	3.9880698	2.615978	2.6195595	3.145316	2.028597	2.3198192	2.4264417	3.5983036	3.589511	2.0380995	4.190987	3.0200155	4.5741396	3.388955
F3_32469	7.0946636	6.50469	6.8485165	6.702887	7.1242003	6.6494975	6.829845	6.1276536	6.2458525	6.4175587	6.3060884	6.662737	6.7316127	6.3533444	6.473021	6.9158287	7.2524414	6.253783	6.4730067	6.0318227	6.853224	6.479099	6.912319	6.5958915	6.60297	6.4659686	6.9630957	6.7523055	6.6291423	6.680823	6.2301807	7.1749115	6.5809097	6.7898035	6.948691	6.3783393	6.5908294	6.2754765	6.2087803	7.1285806	6.7645884	6.2854385	5.7408047	6.625315	6.917017	6.927505	5.9662323	6.8467093	6.6417413	7.305025	6.5922246
F5_33079	5.9519153	5.012174	5.6427197	5.155339	6.8270245	5.2177157	4.5214376	5.745741	6.1530113	6.2935615	5.1747684	5.5778656	7.4821386	5.050487	4.837129	6.019355	4.8315554	6.460326	7.6776586	7.8401403	6.254846	5.52974	5.107567	6.6914988	7.578063	4.6449075	6.182258	6.2398415	5.959789	4.3496795	5.554647	6.432653	6.154992	5.0772424	5.8773255	6.0099955	4.9472127	5.555225	5.594356	5.864064	6.8202972	5.9857645	4.826726	5.140615	4.8861785	4.6912694	5.2350793	6.5558057	6.90408	6.005529	6.221448
FABP1_33091	5.360625	5.2126517	5.072124	3.8344646	4.500918	4.9202075	3.8983924	5.6599574	4.133794	3.9146059	3.5547543	3.9383843	3.9833133	5.2511215	4.4144707	3.9419975	4.052516	3.5915058	6.729422	6.648091	4.1915016	3.7433898	4.1488166	4.661105	4.175426	3.7736044	5.7507257	4.015055	4.027703	4.1115565	3.5747921	4.4934416	3.999912	3.9734795	3.9653022	4.355162	3.993235	4.380197	3.632368	5.02312	3.714618	4.804812	3.9845908	3.7439134	3.7759814	4.189564	4.3844	8.87005	4.2310796	5.0133224	4.5151744
FABP4_8590	5.6971116	7.4312096	4.73585	4.821103	7.07873	5.933038	5.4896817	5.4459786	7.0255284	5.672016	6.693434	5.9028625	8.53076	5.972854	7.315098	4.4953265	4.2900763	6.378827	7.9663453	8.097342	6.047879	5.552328	7.538266	4.661105	8.781795	4.43845	5.8583884	5.9316683	6.207045	5.547102	5.1418614	8.383345	4.7576065	7.0003214	5.5314345	7.357008	5.410438	6.8630195	5.559904	4.8408523	6.204969	6.7346106	6.0070333	4.983204	5.649845	5.6825843	7.6472573	7.181131	7.459017	6.3549147	6.4670625
FADS1_8593	5.305445	4.9004173	5.072124	4.964214	5.4450064	5.2472816	5.021694	5.4713826	5.2794547	4.7574925	4.9590178	5.157699	5.0431423	5.4272304	4.641223	5.32614	4.052516	4.5728903	5.317465	5.194739	4.8317227	4.4203296	4.4792056	4.574581	4.7335253	5.1842866	4.4501987	5.615637	4.982784	4.774433	4.8995934	4.6251106	3.9269106	5.598977	4.8503594	5.5367002	5.1973376	5.370047	4.7049766	5.3532734	5.1393414	5.2754154	5.543212	5.140615	6.1626387	5.6825843	4.5077496	6.249141	5.9579415	6.2099605	6.1929836
FAH_8595	9.945774	11.9355755	11.670824	11.46934	11.140985	11.44013	12.037248	10.71481	10.88584	11.525882	11.524967	11.493002	10.187359	11.413154	11.791193	11.488894	11.696371	11.594062	10.514188	10.764061	11.358344	9.583401	12.189533	11.606118	11.274231	11.751383	10.316875	11.609614	12.045706	12.128447	11.666562	10.885934	11.315413	11.588921	11.143506	11.280963	11.58573	11.65204	11.7451105	11.287622	11.173028	10.203507	11.9934845	11.111244	11.694965	11.937198	9.322895	11.147639	11.369524	9.094708	11.301733
FAIM_8596	8.081186	8.603935	8.330756	8.229838	8.653979	8.068006	8.113958	8.112095	8.365146	8.1886425	7.98877	7.606192	8.113979	8.070553	7.8793554	8.123139	7.857528	8.319714	8.142077	8.245218	7.9558973	7.675169	8.114712	8.167186	8.477114	8.179341	8.131956	7.9911213	8.1893	8.081548	7.9460483	7.9614644	8.554495	8.211929	8.108478	8.125634	8.011071	8.25142	8.154218	8.009202	8.091798	8.405306	8.3964205	8.388055	8.22221	8.4963	8.4341345	8.472901	8.6891985	8.574126	8.329622
FAM103A1_33078	9.236211	10.117287	9.796503	9.879764	9.473405	9.483825	9.862484	9.261025	9.114793	9.494284	9.648059	9.754686	8.889754	9.913437	9.873637	9.613493	9.773071	9.682644	9.061969	9.0987	9.45544	8.406212	9.8716545	9.532025	9.698987	9.797133	8.968484	9.625212	9.79702	9.900394	9.6526	9.333845	9.702261	9.745016	9.454005	9.768063	9.937916	9.458093	9.450949	9.420735	9.51201	8.897459	9.7240715	9.496364	9.834369	9.7755165	8.266673	9.746483	9.689936	8.685699	9.661897
FAM105A_32634	3.5598304	3.7034745	3.747865	3.0651855	4.2505713	3.3569534	3.2907877	3.5657802	3.3867955	2.1763573	3.64017	3.216753	3.6663983	4.1942425	3.480585	3.8650463	3.6014547	2.851636	4.301462	3.335659	3.5838535	3.0513556	2.4763973	3.185903	4.2360806	3.0598574	2.9915388	1.8188398	3.6594398	2.9963596	3.2595172	3.641533	3.493454	3.8451312	3.9653022	2.9047132	3.5887606	4.380197	2.7442534	3.5770605	3.7909622	3.2433975	2.4758844	2.2161078	3.3956287	2.8497622	3.2779424	4.249093	3.8592093	4.1127377	4.150921
FAM129B_32749	4.227354	4.449393	4.29658	3.677126	5.2672544	4.284773	3.2907877	4.291709	4.952162	4.8307037	4.295405	4.073784	5.3494105	4.539192	4.873309	4.015051	3.510384	4.8741713	4.861828	5.194739	4.617749	5.386241	4.429132	4.8571157	5.2860236	4.39336	4.981586	4.531055	4.6371417	4.045334	4.5613933	4.820931	4.53006	4.301587	4.5408807	5.1829824	4.3087883	4.648027	4.7049766	4.9042015	5.4993024	4.8821898	4.4285355	4.7292633	4.6328683	4.802445	5.0846868	5.0564756	4.980966	5.696478	5.015347
FAM20B_8600	7.0365486	6.7714415	6.7990317	6.8575854	7.4320555	6.8066974	6.8755426	6.9556904	7.2135086	7.1970444	7.2157936	6.57415	7.4243674	6.9896655	6.872122	7.1768703	6.948573	6.8712616	7.3293514	7.7566447	7.0455337	6.8782163	6.798599	7.3873534	7.6411004	6.4659686	7.002746	6.5037155	7.064932	6.60239	7.03572	7.442245	6.759708	6.992768	6.0986524	7.5469646	6.7816024	7.2924366	6.4906774	6.906801	7.1378436	7.1874876	7.1074	6.3566666	6.926461	6.6879077	6.9106174	7.232443	7.3687835	7.134753	7.301141
FAM55B_32626	2.0298584	1.767856	2.2885845	0.7965775	3.0380745	2.278697	2.2206478	2.0347693	2.518521	2.3851907	1.9512244	2.9613252	3.574956	2.356276	1.9647921	1.3766294	1.6904588	2.1552784	3.944735	3.6287196	2.8640268	0.0	2.0155594	3.0641665	4.2942877	1.8752655	1.9188775	1.5340518	2.832704	1.7340541	2.0422144	2.197697	2.8709326	1.2247456	1.9201866	3.0373216	2.904811	2.5743628	1.9449388	1.5507082	2.7457702	1.3448509	1.0981301	0.7901686	2.0616755	2.1535919	0.6972474	2.2488987	2.8876398	1.5636727	1.9692172
FAM63A_8604	7.961355	8.07044	8.176541	8.197606	8.612036	8.261532	8.00715	7.899288	8.361692	8.259956	8.150351	8.012371	8.739932	7.4228	8.055013	8.3483305	8.201142	8.353628	9.075508	8.615122	8.266584	6.697491	8.118666	8.551067	9.116238	8.028996	7.781533	8.252612	8.593222	7.868275	8.161725	8.423091	8.526972	8.068394	8.243851	8.264022	8.067998	8.203713	7.795563	8.387252	8.661079	8.071284	8.056524	7.775141	7.976146	8.099021	6.4695373	8.457581	8.699107	8.175883	8.336144
FAM69A_8605	5.0271273	6.0256047	6.0162854	6.134954	4.1948323	5.914729	6.1556625	5.22483	5.2794547	5.2057486	5.736692	5.88456	4.182325	6.3533444	6.003434	6.054436	6.0518665	5.625377	4.8256583	5.336797	5.941324	2.6095028	5.986164	5.400454	5.7894607	5.8169923	4.813399	4.783652	5.5896263	5.995904	6.055157	5.813703	5.420866	6.2456474	5.5742245	5.685592	6.151439	5.3945365	5.6112785	5.956621	5.566001	4.165143	5.578081	6.0423293	5.649845	6.184802	3.4518747	5.877726	6.0381956	4.5741396	5.9928694
FANCD2_32782	3.122527	2.7252557	1.3529313	2.785719	3.8783808	2.6765726	3.1785967	2.8470235	3.6808712	3.2400484	3.1512616	2.2543907	3.3726006	3.33128	2.7670465	2.0680585	2.7949874	2.851636	3.7267091	4.318261	3.1457682	4.5153666	2.6612716	3.402313	2.8493636	1.5856925	4.0265417	3.389553	2.2247963	1.7340541	2.2923298	4.3485374	4.1356883	2.5058906	3.225608	1.2880224	3.0246947	3.2473404	2.475174	3.1240695	3.145316	3.9662805	2.1448007	2.772775	3.0255773	2.9816122	4.3844	4.5089707	3.710393	5.178275	4.3701644
FASN_8611	5.9155264	5.61793	5.945278	5.567712	6.234647	5.584939	5.6455216	5.8655496	6.13694	6.3814654	5.901447	5.60047	6.4649367	5.769933	5.5463123	6.001489	5.706935	5.8835325	6.2726393	6.3726153	6.013228	6.548156	5.8783355	5.566579	5.9060445	5.728995	6.3267293	5.9014797	5.6612096	5.0692115	5.4297304	6.320561	5.6871457	6.0411425	5.944101	6.233801	5.5165024	5.935011	6.315891	6.5187182	6.0427003	6.395099	5.6938853	6.4317126	5.900435	5.6029115	6.263256	6.9020867	7.050585	6.813718	6.814038
FASTKD5_8612	5.608707	4.2811027	4.5084467	4.5756903	5.420915	4.9918237	3.582927	5.4963474	5.4452467	4.719445	4.855666	5.1268883	5.713314	4.3770022	4.509489	5.041427	4.7542777	5.0649147	5.872699	5.73606	5.2138357	5.3608727	4.267554	4.4342127	5.2860236	4.0884933	5.344592	4.9103346	3.163709	3.826207	4.1821556	5.7574096	4.8786864	4.758851	5.270294	4.899109	4.717422	4.4751067	3.8187468	5.419815	5.079719	5.584097	3.8195517	5.110477	3.934157	4.344567	4.856158	5.349928	5.517405	5.990813	5.0474997
FAT1_8613	6.558885	6.8336153	6.4213862	6.332589	7.039712	6.228164	6.3233376	7.1092305	6.839439	7.0892878	6.808607	6.3389974	7.513262	6.8523617	6.872122	6.536132	6.5053554	6.854132	7.1725965	7.4908967	6.6082454	7.863065	6.1025543	6.420958	7.3362975	6.229899	7.455539	6.718073	6.6201887	6.222574	6.2301807	7.1089544	6.23277	6.890794	6.4251566	6.8889546	6.5211883	7.0748277	6.1404767	6.380764	6.6867967	7.2544985	6.7349977	6.4317126	6.3567615	6.412171	7.8356423	7.582424	7.0192895	7.924211	7.47079
FBLIM1_8615	1.7280232	1.3805355	2.038651	0.7965775	2.7594013	1.7274573	1.6765455	1.3498102	2.7044885	1.2678612	1.9512244	1.3268428	2.0423498	2.356276	1.6679709	3.0329375	1.6904588	1.61952	1.6598343	3.223061	2.0497084	2.9185607	0.8162666	2.2271013	3.2531395	2.3228042	1.6257219	1.8188398	1.7864426	1.3511056	0.0	3.2645237	0.83949393	2.5058906	0.76228935	3.1587603	2.0856278	2.5743628	2.1441302	2.07588	1.6509043	0.82376546	2.1448007	0.7901686	1.7574636	1.9105306	3.6070757	3.3230352	3.1412594	4.2175784	3.284909
FBP1_8617	11.183679	11.268315	11.161932	11.406102	11.041297	11.238674	11.412324	11.290372	10.87861	10.617438	11.112197	11.023245	10.864122	11.380972	10.945293	11.247832	11.30834	10.9755745	10.968045	10.717412	10.999193	10.489688	11.240171	10.806078	10.4967165	11.188653	10.947651	10.802314	11.122539	11.234245	11.09182	11.193193	11.311833	11.12154	11.287476	11.208971	11.30668	10.762418	10.778679	11.238541	11.0198555	10.786176	11.325959	10.988709	11.203484	11.22322	10.808773	10.769414	10.609865	10.570666	10.807259
FBXO11_8619	8.41351	8.293296	8.337705	8.288823	8.669398	8.5073805	8.035609	8.419991	8.512566	8.419751	8.3972845	8.252519	8.694492	8.512738	8.186642	8.664414	8.306407	8.353628	8.871096	8.853631	8.620322	7.735632	8.180509	8.51957	8.724732	8.152531	8.380954	7.9363403	8.101957	7.929219	8.271364	8.733882	8.717583	8.47035	8.382728	8.260634	8.003795	8.271393	7.8212442	8.441643	8.596071	8.378852	7.781543	8.204074	7.92994	7.941947	7.5501504	8.581486	8.659058	8.126248	8.702058
FBXO21_8620	4.0372276	2.3245585	1.3529313	2.9322088	3.472425	2.6765726	1.6765455	3.9010189	3.6808712	2.7294815	2.897397	1.706109	4.740553	1.795884	1.6679709	2.8848794	2.631737	3.104337	3.7267091	2.9674861	2.0497084	5.198515	2.2643013	2.4378424	2.9968727	2.5034022	4.403563	2.9913046	1.7864426	1.3511056	2.0422144	3.8710911	1.366725	2.942179	3.225608	3.0373216	2.7740545	2.5743628	2.615978	3.2267613	3.0240266	4.165143	1.9455801	3.7439134	2.7127588	1.9105306	4.4677935	3.8591263	3.1412594	5.098155	4.4201384
FBXO22_32888	8.13361	8.375708	8.16877	8.222737	8.593295	8.261532	8.231087	8.342947	8.25032	8.276429	8.224825	7.999672	8.004338	7.955523	8.232628	8.283277	8.204778	8.249394	7.9787507	8.372754	8.027096	8.021211	8.261433	8.307925	8.035967	8.26005	8.181171	8.005385	8.283047	8.208012	8.080944	8.414016	8.548424	8.169008	8.385734	8.147808	8.149386	8.397911	7.684015	8.076061	8.211217	8.2715	8.292649	7.968163	8.143411	8.301862	8.033376	8.5955515	8.345612	8.390105	8.424493
FBXO7_8621	5.514529	5.1158924	5.1996346	4.9297447	6.206737	5.2177157	4.734828	5.884585	6.0708017	4.680367	4.855666	5.5078473	6.055333	5.5337243	3.9558542	5.7888093	4.904904	4.8741713	6.071118	5.7765203	5.5401893	5.4111705	4.7478533	4.5292926	5.4486337	4.7911325	5.8409934	4.644765	4.982784	4.293731	4.9730616	5.9704947	5.3666906	5.0772424	5.4185543	5.6024013	4.6444345	5.59803	4.4277096	5.583574	5.650391	5.9502716	4.4285355	5.1990657	5.101585	5.1494794	5.7500625	6.083361	5.4718947	6.745223	5.907852
FCER1G_8623	9.202628	8.951064	8.998843	8.577491	9.037419	8.2211275	8.633443	9.041146	9.25913	8.434505	9.074902	9.210292	9.256387	9.481124	9.046368	9.153281	9.169221	8.459357	9.399979	8.895565	9.013411	9.224106	9.22096	8.507944	9.336528	9.09473	8.90503	8.613133	9.250586	8.991457	8.752851	9.593027	9.210129	9.153008	8.980238	9.058188	9.20352	9.12282	9.193018	9.132448	9.187755	9.119419	9.1994915	8.659246	8.547004	8.5845	9.39391	9.137578	9.777881	9.846031	9.61841
FCGR1A_32326	5.859162	5.8361197	5.831751	5.184869	6.2207594	5.0263414	4.734828	5.7034864	5.7709885	5.3371835	5.9356375	5.9387856	5.796631	5.854556	5.754622	6.0370026	5.7867208	5.0649147	6.1463623	5.756432	6.047879	4.4686303	5.7617917	4.7427316	6.365702	5.3349686	5.1605206	5.0267854	5.6436443	5.8089814	5.6017346	6.0191875	6.0211067	5.3615675	5.4418483	5.623653	5.93898	5.3451347	5.7088456	5.8799086	6.2730966	5.358995	5.6779003	4.983204	4.997898	5.204499	4.7601757	6.099244	6.1722803	5.481725	6.4309545
FCGR2A_8624	3.244892	3.4089699	3.1328285	3.1869333	3.947468	2.9881048	4.096643	3.9739296	4.5766063	3.7731934	3.4639611	4.073784	4.9732347	4.1942425	4.20331	3.5081706	3.9864676	3.6719112	4.9980674	4.4739904	3.76138	1.9693668	3.719566	3.676059	5.197285	2.9395516	4.1446767	2.260616	4.027703	3.975925	3.5747921	3.641533	3.7687938	4.0913367	3.225608	3.7286186	3.8051264	4.330293	3.8187468	4.1475735	4.485623	3.8933966	3.6331644	2.919052	4.206401	3.6699069	2.241367	4.1304426	4.057093	3.5150423	4.3183975
FCGR3A_8626	3.244892	2.0728946	2.5015457	3.0651855	2.7594013	2.4913077	2.6148129	2.4973207	3.4916236	1.6378721	1.2830404	3.707994	3.3726006	2.5715709	2.2108426	3.2900343	2.631737	1.2520635	2.5944383	2.8204348	3.6753457	2.215664	3.2279377	2.2271013	0.82851213	2.1163197	1.9188775	1.5340518	2.4024103	0.82825595	2.6910543	3.3684063	2.8709326	1.5877075	3.1140306	2.203147	3.0246947	3.2473404	2.615978	2.07588	3.257194	2.2780142	2.862796	2.772775	2.3127773	1.618053	2.4195006	1.7012914	3.3568892	2.63602	3.1727722
FDFT1_8628	9.131039	8.987984	9.200966	9.356307	9.430309	9.140114	9.191226	9.304078	9.262837	9.704875	9.431539	9.257282	9.717013	8.964562	9.144004	9.267941	9.411846	9.304901	9.45429	9.810053	9.369013	9.948444	9.246485	9.444774	9.438453	9.406944	9.33286	9.426216	9.440576	9.216896	9.230222	9.235958	9.477878	9.368244	9.320568	9.534169	9.125212	9.620023	9.610949	9.666618	9.523244	9.800759	9.143846	9.670431	9.321726	9.647346	9.993629	9.856876	9.918101	10.217086	9.867245
FDPS_8629	5.878196	5.61793	6.05052	5.975125	6.275524	5.819527	5.5585413	5.5920973	6.10425	6.280555	6.017729	5.666232	6.0383162	5.7915587	5.3802414	6.1868067	5.898691	5.9333158	6.2860117	6.318837	6.3550997	5.7012534	5.3148055	5.521034	5.9060445	5.833966	6.168378	6.1782217	5.625862	5.960407	5.734423	5.986909	5.967513	6.167289	6.0388036	6.233801	5.95416	5.59803	6.2633295	6.41379	6.2994714	6.070855	5.4332438	6.1647024	6.0461755	5.8122277	5.4956946	6.818203	6.954586	6.607311	6.6972923
FETUB_33027	7.347768	6.7393203	7.8568263	7.1622534	7.0476007	7.3807034	7.22533	6.656735	6.3045855	6.509613	5.8122478	7.2889004	6.003669	6.3387294	7.3085065	8.038063	6.773595	6.7561016	8.469591	8.392413	6.013228	6.025719	6.8565793	6.6603284	6.6144395	6.123476	6.669901	5.8069277	7.0179853	6.4052787	5.6473336	7.0476823	6.48245	7.0003214	6.9157953	6.0885186	7.5184283	6.339944	7.0204763	7.609159	7.5094776	7.0348907	7.4415064	6.8333693	6.8883076	6.446811	6.166726	8.511991	6.5894284	8.017917	6.276745
FEZ2_8631	2.8414288	2.538774	1.7361541	3.5005035	3.1595216	2.0292463	1.6765455	2.682742	2.518521	1.2678612	2.5891151	2.2543907	2.2924721	1.4050055	1.6679709	2.0680585	3.3089392	2.363299	2.411319	3.1009257	1.3618308	2.6095028	1.3343891	2.2271013	2.036824	2.663887	3.2240188	2.439345	2.4024103	1.3511056	1.7394503	2.7527363	3.018777	2.942179	2.3721387	2.9047132	3.1353765	1.9381144	2.3191266	2.7631624	2.7457702	3.2433975	3.340016	2.772775	2.3127773	2.1535919	3.8124545	2.460438	1.942873	3.3403132	2.609335
FGA_8632	8.59416	8.676412	8.470067	8.179384	8.343878	8.17187	8.083127	9.195843	7.8965473	8.694395	8.353695	7.8892612	8.370038	8.655201	8.225647	7.7900696	7.675629	8.272142	9.24085	9.789194	8.393256	8.913289	8.320996	8.57355	8.571343	8.15591	8.688706	8.194663	7.9986567	7.6792436	8.137962	8.198381	8.536205	8.188977	8.618199	8.42096	8.000143	8.400936	8.036996	8.593498	8.136375	8.575122	7.960683	7.9124823	8.241256	8.305012	8.663689	10.669892	8.037343	8.463891	8.115038
FGB_32596	2.491974	2.8903687	1.7361541	2.622656	2.905456	2.0292463	1.3012427	3.2507074	2.0542567	0.0	0.7796854	1.3268428	2.0423498	3.33128	2.7670465	2.71987	0.0	1.61952	3.7267091	4.2623773	2.3002052	2.425981	2.0155594	2.4378424	1.7344642	1.5856925	3.32757	0.0	1.7864426	1.3511056	1.3557978	1.6564866	0.0	2.1186442	1.6269251	0.78321815	0.721521	1.64341	1.7137712	2.07588	1.6509043	2.028597	1.438908	2.2161078	0.8429203	0.7569108	0.6972474	5.722306	1.2764089	3.4303215	2.2155063
FGF1_8633	5.4899917	5.914924	5.7714515	6.222989	5.7458224	5.819527	5.805174	5.63769	5.9286695	6.1860685	5.3370547	5.687503	6.055333	5.4272304	6.0196667	6.218085	5.509438	5.916911	5.7036357	5.8541875	5.634403	5.386241	6.310465	5.9047437	5.5947585	6.304862	5.4630322	5.705742	6.448728	5.848354	6.003493	5.83199	5.853956	5.8027835	6.023445	6.1483984	5.984049	6.1226125	5.6445394	6.380764	5.978855	5.512895	6.057327	6.0739093	6.4513893	6.2119083	5.392762	5.659417	6.1722803	6.144983	5.907852
FGF13_32529	6.6503	4.861155	5.2593985	5.5221663	6.163833	5.4642377	4.849189	5.95831	5.4711165	4.8659616	5.387332	5.0954046	6.0887756	4.8589354	4.0218096	5.041427	5.2805514	5.233359	5.8368044	5.927886	5.2138357	6.5704594	5.0753727	5.543986	5.4486337	5.045456	5.9904776	5.3732157	4.6722174	4.892143	5.554647	6.320561	5.77296	5.2894125	5.595153	4.6317945	5.365728	5.3197846	4.538021	5.3532734	5.544109	6.327544	4.7675343	5.4362297	4.678297	4.528308	5.8775225	5.914099	6.2417164	6.6453953	5.907852
FGF21_8635	1.345864	3.0385108	1.3529313	2.4387863	3.1595216	1.3453724	3.582927	1.732564	2.7044885	1.2678612	3.3670683	2.8143709	2.6912055	2.5715709	1.9647921	2.8848794	2.631737	2.363299	0.0	1.3310965	2.6994162	1.9693668	3.4450598	1.6821929	1.3514621	1.5856925	1.6257219	1.5340518	2.5605352	2.8488586	2.2923298	3.8710911	2.8709326	3.2767088	1.2584345	3.5624845	0.721521	2.8820758	1.4383613	1.1930816	1.9462588	0.0	2.7449903	2.2161078	2.87763	1.9105306	2.241367	2.6448896	0.7749885	2.63602	1.6720483
FGF9_32781	5.780411	5.0821414	5.1372876	4.964214	5.9105964	5.4642377	5.021694	5.7664127	5.9286695	5.2597675	4.6650357	4.776067	6.0383162	4.976889	5.453767	5.56382	5.36095	5.310737	5.9587126	5.8541875	5.018021	5.3350506	5.0753727	5.6745214	6.252812	4.29872	5.4401093	5.4586296	5.261414	5.473466	5.1733747	6.126794	4.6708455	5.5380054	5.552988	5.5589347	4.9472127	5.738574	4.7965984	5.1591835	5.805666	5.8575196	5.0418377	5.1990657	4.5859623	4.9705873	5.2586884	5.181105	5.744889	5.8992147	5.72113
FGFR2_8637	3.5598304	3.513961	2.6870766	3.2992017	3.6487305	3.1218095	0.79261	3.7431152	4.3721232	2.875032	3.2631965	2.8143709	4.5615644	2.5715709	2.604365	3.5081706	3.07473	3.7480712	5.418061	5.133753	4.36642	4.604528	2.9722497	3.4994485	4.966166	2.8082936	3.5999305	2.5983527	4.027703	2.8488586	2.8555002	4.1294756	3.8500173	3.5480838	3.1140306	2.9047132	2.4705205	3.6238878	2.8620489	3.3226266	3.8634686	4.339885	2.9717042	2.919052	3.5983036	2.704639	4.047469	4.1304426	3.9282308	5.5435348	4.2647033
FGFR4_8638	8.089376	6.4261546	6.3544507	6.7628593	7.6906776	6.992752	6.2137465	7.822401	7.7081704	7.3910556	6.693434	6.641095	8.185281	6.232055	6.350036	7.120049	6.682668	6.977905	8.0510235	7.954766	7.3110323	9.123989	6.5979223	6.945325	7.530423	6.1909046	8.211946	6.6830077	6.145973	5.995904	6.7208104	7.9064407	7.361158	6.5535355	7.5405846	6.8712945	6.600509	7.3930955	6.816707	7.7277203	7.738792	8.174863	6.209635	7.0710077	6.527835	6.3646507	8.901596	7.767753	7.618925	8.795625	7.975778
FGG_8639	6.5109096	6.5547686	6.148604	5.3762093	5.603241	5.779615	4.988804	6.8039784	5.02383	5.233011	5.145853	4.9621153	5.7555737	6.4918876	5.5007815	4.8550267	4.540767	5.310737	7.9621863	7.731138	5.765105	5.0476947	5.139058	6.1637588	6.2961874	4.682876	6.6095443	4.8163805	4.6371417	4.403539	5.1418614	5.286405	5.3666906	5.264536	4.9183655	4.933553	4.853174	4.648027	4.9901524	5.9861994	5.109838	5.059218	4.990991	4.7292633	5.480661	5.3820524	4.886783	9.344969	4.948106	5.5232244	4.914352
FGL1_8640	3.7371018	3.7034745	2.5015457	1.306817	1.9581286	3.1218095	0.79261	3.2507074	2.7044885	1.6378721	2.5891151	1.3268428	2.5055704	3.8263452	2.42098	2.3194807	1.9891841	3.104337	4.5872383	5.44116	3.4861639	1.9693668	2.0155594	3.0641665	3.1306887	1.5856925	3.5147316	2.0565722	2.4024103	2.2861977	2.0422144	0.78030413	1.7520065	2.942179	1.6269251	2.4129963	2.2908719	1.2726339	2.3191266	3.4125168	1.6509043	2.2780142	0.6511185	1.6725745	2.0616755	2.1535919	3.2779424	6.7393107	2.7418792	3.7429054	4.02739
FGL2_32918	3.5598304	4.0210066	3.57048	4.042337	3.2715344	2.8407314	2.924071	2.2845037	3.273749	4.043386	3.7971807	3.8656	3.0032618	3.33128	3.5714786	4.2750826	4.1156726	3.104337	3.035508	2.6566756	3.5838535	3.0513556	3.2279377	2.7847295	2.9968727	2.3228042	3.6803772	3.7697577	2.951679	2.4990745	2.2923298	3.1525764	2.8709326	3.3729517	3.7582223	2.9047132	3.7365477	3.0143752	2.7442534	2.4600666	3.714618	2.675847	3.4190736	3.2855973	1.7574636	3.3173459	3.2779424	3.3230352	3.9282308	4.613098	4.0904775
FGR_8641	3.4622953	2.0728946	2.2885845	2.622656	2.7594013	1.3453724	1.9740967	2.4973207	3.6808712	2.1763573	3.7208104	3.0946846	3.3726006	3.7400002	1.9647921	2.8848794	2.631737	1.9121275	3.469766	3.714521	2.0497084	3.4861825	3.2279377	1.9802222	2.9968727	2.8082936	2.552685	2.5983527	2.5605352	2.4990745	2.505423	3.1525764	1.7520065	3.173584	2.9930947	2.4129963	1.2002778	2.7364078	2.615978	3.5770605	3.257194	3.2433975	3.6980062	2.4264417	1.3714777	2.5432677	3.6788332	2.460438	3.1412594	3.9996767	2.7721205
FHL2_8642	4.1034265	4.0210066	3.57048	3.1869333	4.828478	3.1218095	4.157102	3.7431152	4.7556725	1.9320939	4.4453254	4.8152456	4.4110556	4.433116	4.3127503	3.2900343	3.8445423	3.21582	4.451415	3.7955046	4.617749	3.3891368	2.6612716	2.4378424	4.6908245	3.2740002	2.7142618	2.439345	3.97249	1.3511056	3.7522228	5.1472926	3.018777	4.794044	2.8610861	5.1829824	3.5087726	4.727289	2.615978	3.9212904	3.714618	3.356177	3.9316483	2.2161078	2.3127773	3.746058	3.0801287	4.6010923	3.453711	4.9838986	4.6469307
FILIP1L_32649	5.8398733	6.043253	5.8513036	5.5451183	6.7709494	5.3325086	5.2608714	5.4713826	6.778586	5.858621	7.493368	6.715463	6.7937703	6.65414	6.388045	5.9465246	5.622477	6.1453075	6.9129977	7.062258	6.162996	6.5140405	4.7881384	5.922368	7.25069	5.993544	5.9093494	6.1006265	6.001758	4.8147464	6.055157	7.2379847	6.154992	6.898899	5.695469	7.7246633	6.2531323	6.7055583	6.1050725	5.9110847	5.978855	6.299611	5.858939	5.7018085	5.1667876	5.7944055	6.6138215	6.729139	6.610582	7.402762	6.869049
FIS1_8645	8.149364	7.811915	7.7975874	7.6908097	8.034219	7.5082903	7.22533	7.8420105	7.943504	7.8084807	7.8251386	7.8331046	8.282423	7.7881184	7.621983	7.698781	7.824828	7.7678237	8.074331	7.9503517	7.7969203	8.802236	7.1929936	7.6103277	7.849577	7.20076	8.274835	7.0424542	7.031555	7.019471	7.308321	7.990246	6.661873	7.747809	7.8104033	8.595133	7.631334	7.6887627	7.1592727	7.646688	7.8455687	8.167154	6.8956633	7.6339684	7.456223	7.1817236	8.219329	8.095304	8.025579	8.970824	8.293211
FITM1_32465	2.8414288	1.767856	3.3681867	4.5304	3.0380745	3.2441669	4.2709126	2.9944959	3.6808712	3.7731934	2.7514749	2.2543907	2.6912055	3.5500658	3.3835778	4.1509175	3.6871164	4.530389	2.9029238	2.9674861	4.0618725	3.1729507	3.542482	2.931203	3.1306887	3.0598574	2.8595514	2.260616	4.229575	3.826207	2.2923298	3.5561097	4.259778	3.173584	4.028212	3.0373216	3.5087726	2.3917863	2.9709482	3.3226266	4.438932	4.035659	3.2563734	3.9621353	4.3814173	4.0158815	2.850816	4.5557666	4.5703197	4.8598094	3.8922832
FKBP10_33287	3.4622953	4.2203417	3.57048	3.0651855	4.013397	2.6765726	3.2907877	4.172859	5.058372	3.5311098	4.3970623	3.216753	3.9833133	4.7745767	4.0848813	4.2750826	3.8445423	3.5063531	4.750479	4.7425966	4.1915016	3.1729507	3.6337392	3.676059	4.6908245	3.460427	4.200304	3.7697577	4.3208203	3.2526147	4.118821	4.820931	3.1528687	4.200289	3.5163558	4.453386	3.3341212	4.428432	3.166812	3.3226266	3.548624	3.7355564	4.3898067	3.0518532	3.2825065	3.3173459	2.850816	4.8085413	4.481253	4.3153143	4.5604434
FKBP14_8647	6.243716	6.1283956	6.0162854	6.5295863	6.4641566	5.877399	5.6871214	6.279191	6.693238	5.976224	6.1834	6.417477	7.1029015	6.046653	6.297748	6.13858	6.3951225	6.3546705	7.083508	6.9605694	6.5368533	6.842005	5.7617917	5.83201	7.220987	5.947496	6.458041	5.9316683	6.1950355	5.6620464	6.071975	6.432653	6.759708	6.3791056	6.2248716	6.415369	6.1904187	6.4491878	5.9407434	6.467208	6.3881626	6.755325	6.4260535	5.721882	5.7383003	5.8981795	6.8341084	7.0401397	6.478743	7.5455446	6.7952247
FKBP1A_8648	7.580562	7.341335	7.3524847	6.820438	7.4199514	7.2110267	7.1000338	7.1253242	7.3522177	7.4386697	6.906669	7.047039	7.665091	7.277107	7.2818356	7.2005534	6.9996934	7.474702	7.6572227	7.4848046	7.3322725	8.092299	7.092018	7.0848975	7.578063	7.2394924	7.622643	7.2119317	6.919245	7.0021195	7.182327	7.131277	7.112278	7.4986153	7.5297546	7.3314037	6.987439	7.272755	7.253908	7.421634	7.290284	8.067148	6.9365444	7.5466285	7.368866	7.3251667	8.09697	7.593681	7.554891	8.541678	7.47079
FKBP4_8649	6.422911	5.2435145	4.73585	5.3762093	5.9277945	5.156702	5.0853076	5.9761677	6.184627	5.4106555	5.5725613	5.4088683	6.153422	5.6087337	4.722804	5.2971416	4.940225	4.7684255	5.975317	5.651568	5.8849425	6.8235526	4.7478533	4.893314	5.3696184	5.045456	6.096899	4.9697347	4.601192	4.965598	4.9730616	5.595579	4.8394446	5.160505	5.7147217	5.6024013	5.388256	5.6396017	4.7049766	5.9110847	5.670739	6.381839	4.7675343	5.411723	5.1667876	4.6912694	7.486587	5.802108	5.890361	7.451943	5.798742
FKBP5_8650	8.1803665	7.4773803	7.7975874	7.865098	8.053935	7.868419	7.459408	7.9132595	8.521877	7.6707144	7.635354	7.51989	8.256906	7.470505	8.375067	7.327876	8.780822	8.05321	8.199737	7.7156153	7.3038826	8.214174	7.8598228	7.4311013	7.8878865	6.9436007	8.894529	7.7370768	7.73813	7.3631573	7.4110312	7.7324076	8.653977	7.197202	9.38808	7.196086	8.639477	7.4409084	7.545613	8.387252	9.106061	9.504539	8.954471	7.6179895	8.684156	7.5595236	9.566999	8.491075	8.075878	8.96707	8.255857
FLNA_8651	5.4137716	5.6412954	5.750778	5.3762093	5.8577356	5.2762537	5.535951	5.63769	5.9655366	5.286037	5.6973767	5.7893934	6.515	6.1338897	5.754622	5.7888093	5.7671843	5.233359	6.461267	6.128772	6.209652	6.104255	5.0424438	5.6323085	6.5442147	5.7107325	5.5512466	5.2588058	5.9165626	5.0692115	6.1532454	6.03506	5.420866	6.153805	5.2440324	6.6089478	5.596074	6.248861	5.393797	5.9416013	5.453059	5.716753	5.6121273	5.1701365	5.4284406	5.5185804	6.309202	6.567271	5.9579415	6.902885	6.39392
FMO1_32787	12.000572	11.967411	12.322615	12.181135	11.88844	12.041759	11.9186535	11.938991	11.724721	11.563953	11.870604	12.045727	11.460252	11.925517	11.864923	12.047401	11.962934	11.88005	11.435976	11.428474	11.66184	11.207695	12.009566	11.633462	11.307734	11.74214	11.963703	11.744076	11.746513	11.797324	11.776136	11.979544	11.593764	11.932262	11.967239	11.794902	12.090473	11.793134	11.664814	11.7439575	11.838272	11.581628	11.551336	12.040485	11.671288	11.734528	10.438774	11.4369	11.357843	10.855946	11.368082
FMO3_8654	9.341109	9.832689	9.463275	9.520207	9.857967	9.834862	9.3742695	9.649743	9.794196	10.421781	10.184354	9.744575	9.688666	9.002147	9.8259735	10.05899	9.882665	9.984678	9.96721	10.436513	9.699727	11.065755	10.198422	10.495433	9.861818	9.489603	10.296281	9.625212	10.214877	10.113341	9.622949	9.469978	9.493762	9.545207	9.81898	9.829941	9.562896	10.84248	9.840871	9.498485	9.838611	10.516496	9.448284	9.528061	9.440192	9.522993	10.078161	9.735091	10.080417	9.335046	9.942912
FMO5_33281	6.777401	7.2530904	7.5568423	7.206117	7.1537366	7.149723	6.7535777	6.9375763	7.2287536	7.496059	6.932296	6.4301515	7.555736	6.6303353	7.5567355	7.589413	7.1730123	7.474702	7.0209045	7.6946545	7.4727926	7.573931	7.4278555	7.5492477	7.40395	6.8877983	7.612427	7.616813	7.5482216	7.07861	7.1430745	7.4541	7.8251166	7.4825253	8.07162	7.0545955	7.749155	7.21892	7.03309	7.2795525	7.6646395	7.5789	7.627774	7.301903	6.9908943	7.421202	7.8356423	7.9319625	7.624135	8.136313	7.2536955
FN1_8655	6.4098897	8.112844	6.788928	6.7530355	7.922834	6.6823378	6.0951414	6.565316	8.337285	7.2108226	7.947476	7.5608077	8.578627	7.3806157	7.782796	7.136513	6.8026733	7.5564017	8.859962	8.753305	8.131753	6.2495594	6.2250013	7.699913	9.271004	6.7515125	7.0714817	6.6651506	7.898537	5.8089814	7.8759513	8.107477	6.154992	7.455303	6.1977615	8.837221	6.8152447	8.203713	6.7722573	6.63532	7.0781584	6.873727	7.21655	5.5528817	6.5028005	6.763139	6.309202	8.213114	7.3182473	6.6453953	7.307793
FOLR2_32628	2.8414288	0.8494589	2.6870766	1.9810864	3.1595216	0.0	1.3012427	3.2507074	3.7669325	3.2400484	2.897397	3.4336874	4.4110556	3.9078133	2.42098	3.7837584	2.631737	3.104337	4.8256583	4.2042418	3.5838535	3.1729507	1.3343891	2.931203	4.175426	2.1163197	3.8978634	2.5983527	1.1536862	2.4990745	3.2595172	4.666459	3.2755504	3.6282732	3.225608	1.9574919	3.0246947	2.1827102	2.1441302	3.5770605	4.1217613	4.035659	1.9455801	2.609976	2.0616755	2.1535919	3.3675282	4.067246	3.786719	3.670877	3.662459
FOS_8657	4.5457487	2.0728946	3.3681867	3.0651855	3.2715344	2.9881048	2.7777128	3.2507074	3.7669325	3.2400484	2.5891151	2.2543907	3.0032618	3.8263452	3.2795744	2.3194807	1.9891841	2.1552784	4.2478023	2.9674861	3.1457682	3.7433898	0.8162666	1.9802222	1.7344642	1.2230182	2.8595514	2.439345	2.951679	1.7340541	2.6910543	3.641533	2.3065865	3.5480838	1.2584345	3.0373216	2.6302555	3.9222193	2.3191266	1.1930816	2.8915966	1.3448509	3.494023	1.2978095	2.3127773	1.618053	3.8124545	4.4606056	3.453711	3.876996	3.284909
FOXJ3_8661	6.846681	6.0606885	6.4853535	6.3970885	6.8542657	6.355797	5.8424716	6.656735	6.659884	6.4175587	6.1253333	6.3389974	7.1979113	6.465223	6.310999	6.3368278	6.0995126	6.3051085	7.201111	6.978023	6.6312785	6.3561077	6.3911476	6.4085054	6.6704564	5.728995	6.660015	6.3445296	5.9879036	5.7685046	6.331431	6.8008213	6.43058	6.343915	6.4483447	6.415369	6.581084	6.377285	6.3666043	6.672183	6.7927113	6.9918985	5.8870206	6.5929837	6.080421	6.0560956	6.35373	6.578646	6.7788653	7.385988	6.6972923
FOXO3_8662	5.4137716	4.2811027	4.6931467	4.7829914	5.420915	3.1218095	3.668492	5.163808	5.2794547	4.598884	4.925383	4.417189	5.713314	4.730472	4.5986342	4.3894033	4.234252	4.654311	5.3686395	5.224292	4.5224047	6.3301992	4.323448	4.5292926	5.0015373	4.1974325	5.215552	4.8163805	4.08088	3.5677314	3.7522228	5.025458	3.9269106	3.4631736	5.0755525	5.444169	4.355269	5.069037	4.1318564	4.7402864	4.9189024	5.560751	4.4285355	4.647667	4.8861785	4.189564	6.263256	4.989876	5.2472124	6.700701	4.8790526
FOXO4_8663	7.859681	8.004401	7.6602287	7.606032	8.1152725	7.9243994	7.4043517	7.851716	7.9979057	7.896364	7.5823846	7.421762	8.215873	7.261694	7.7393494	7.8411884	7.424436	7.999693	8.29871	7.954766	7.760822	8.355738	7.929016	7.9044156	8.126865	7.9916673	7.899659	8.197772	7.9132724	7.4616556	7.585149	7.8537164	7.9954505	7.6741614	8.137301	7.955889	7.668622	7.789152	7.7542605	8.037732	7.772134	8.515657	7.343577	8.189733	7.7920895	7.7747765	7.839562	7.7923875	7.9734626	8.505898	7.7791724
FPGS_8664	2.491974	0.8494589	2.5015457	1.6829898	3.0380745	2.278697	2.2206478	2.2845037	2.0542567	1.6378721	2.5891151	2.2543907	2.0423498	0.86718	1.2938309	2.3194807	1.6904588	2.7064807	2.9029238	3.223061	2.8640268	2.215664	1.7148082	1.9802222	2.499557	2.1163197	1.9188775	1.5340518	2.4024103	1.3511056	2.6910543	2.197697	3.018777	2.6664317	2.3721387	2.9047132	2.0856278	3.0143752	1.7137712	2.7631624	2.5835295	3.356177	2.862796	0.0	0.8429203	2.1535919	2.7208638	2.9552677	3.2530992	2.910767	1.2973546
FST_33195	2.6772566	3.9479325	0.0	1.6829898	3.472425	2.278697	0.0	1.732564	4.2578745	4.322547	3.3670683	2.0061407	5.647509	0.86718	3.6569836	2.0680585	2.23654	4.441436	5.5788093	4.8220615	3.8425713	4.027579	0.8162666	3.975235	5.76908	2.5034022	2.1624062	2.439345	5.1161337	1.3511056	4.1821556	3.7221797	1.7520065	1.5877075	0.76228935	4.5000987	0.721521	3.4478643	3.339235	2.8937564	4.658599	3.8166342	1.7143735	0.7901686	0.8429203	1.9105306	3.934742	4.4606056	4.1753836	4.3618064	4.4201384
FSTL1_32837	3.244892	3.513961	4.458325	4.223995	4.828478	3.5590887	3.7492652	3.7431152	4.197168	3.8456316	4.004671	2.8143709	3.6663983	4.433116	4.2590675	3.6976154	3.8445423	4.5728903	3.7267091	3.6287196	3.9924111	3.5771093	3.8772712	3.8333883	4.966166	4.29872	4.4501987	3.8976135	4.487633	4.403539	3.9831457	4.2431602	3.999912	4.146841	2.3721387	4.1940217	3.8705926	4.278601	4.5729938	4.43179	4.5308495	3.7355564	5.2289977	3.2855973	5.101585	5.496704	5.3494406	6.067301	4.9144797	5.3262887	5.7409277
FSTL1_34093	7.8403997	8.508693	8.214782	7.8421144	8.347078	7.9650035	7.618377	7.6879992	8.682743	7.738866	8.578616	8.545379	8.950138	8.276288	8.580518	8.015986	8.201142	8.126376	8.755691	8.546589	8.531288	8.231773	7.4531317	8.0275955	9.336528	8.121761	8.386959	7.607493	8.299965	7.442487	8.595996	8.651334	6.9921746	8.768978	7.06577	8.931839	7.568607	8.326524	8.008536	8.390021	7.64934	7.8532214	7.999787	7.4833603	7.507465	7.590837	8.5534725	8.445206	8.033432	9.410245	8.699531
FUCA1_33043	9.356462	8.527624	8.974531	8.893642	8.966374	8.891312	8.606594	8.879756	8.952098	8.821066	8.554066	8.62471	8.776308	8.585728	8.7481985	9.002009	8.838121	8.855549	8.975888	8.745683	8.826476	8.362144	8.661806	8.641633	8.779249	8.551839	9.164769	8.596742	8.638266	8.700137	8.569592	9.160185	9.601775	8.510577	9.15602	8.537515	9.22245	8.822447	8.541747	9.2081375	8.991424	8.768387	8.640711	9.305043	8.82967	8.625398	8.343203	9.029824	9.063647	8.761352	8.928278
FV1_8669	5.4396286	4.0210066	4.649141	4.5304	5.396415	3.736352	3.1785967	5.033428	5.3084435	4.719445	3.7971807	5.063219	6.230357	3.8263452	3.6569836	5.142704	4.3438206	4.907765	5.8185163	5.5384808	4.9826365	6.502487	2.6612716	4.5292926	5.134941	3.2740002	6.021693	3.957529	3.97249	3.826207	3.9102025	5.574012	4.9541054	4.3496885	5.2172837	3.270766	4.1596217	4.974735	4.1780205	5.3532734	5.587566	6.166752	3.8195517	5.25524	4.0071836	3.5043693	6.7365966	5.4274664	5.1921477	7.4890685	5.5065966
FYB_32909	6.39675	5.5941806	5.573774	5.5221663	6.379186	5.386652	5.0538516	6.6787124	6.2001786	5.672016	6.169101	5.920936	6.7733474	6.293974	5.9194136	6.2934365	5.9857874	5.8665485	6.878104	6.6371465	6.3271594	5.7012534	5.801695	5.566579	6.3792124	5.7648406	6.125917	5.8069277	5.455116	5.285452	5.6017346	6.8554773	6.3630047	6.258303	6.238238	5.644596	5.6529994	6.314502	5.7399545	6.240535	6.6359572	6.1354895	5.661736	5.110477	5.506079	5.283283	6.02248	6.567271	6.886844	7.066215	6.7470894
FYN_8670	6.088933	5.4691873	5.889631	5.6334424	5.8755717	4.6811867	4.2709126	5.7247686	6.36102	5.362092	5.7749643	5.434257	6.4776163	5.3993316	5.56855	5.7249184	5.04128	5.310737	6.2455173	6.424461	5.9039826	6.9394784	5.0424438	5.6745214	6.4954247	5.850742	6.182258	5.5969205	5.238194	4.929338	5.8942595	6.547767	4.8394446	5.4958773	5.552988	5.8923473	5.410438	5.9012275	5.628005	6.015183	5.9290457	6.702971	5.161626	5.4840283	5.259379	5.1494794	6.7365966	6.145871	6.006628	7.6800547	6.207286
FZD1_8671	6.088933	6.902919	6.472785	6.7130575	6.588325	6.6494975	6.2695823	6.220472	6.6710877	6.0238314	6.8893285	6.630151	6.245264	6.9421144	6.681235	6.711215	6.682668	6.3301024	5.9077225	5.756432	6.687302	4.4203296	6.1953497	6.331446	6.432021	6.4982696	5.59341	6.0872784	6.3546968	6.1922927	6.762849	5.986909	6.43058	6.5840173	6.1701326	6.57662	6.3821964	6.6957383	6.1636057	6.41379	6.1767907	5.4121404	6.044917	5.855082	6.113872	6.277527	2.5780368	6.1304955	5.907555	4.8270445	6.6457148
G0S2_32729	8.559205	8.486288	8.992253	8.555052	8.261489	8.386369	8.443214	8.329118	8.60309	8.327911	8.252214	8.75887	8.335628	8.765858	8.541701	8.294325	9.247091	8.487402	8.308572	7.8401403	8.579455	8.516583	8.552034	8.095199	8.328348	8.594794	8.532223	8.445414	8.324977	8.724147	8.386762	8.561035	8.187388	8.4972925	8.2537565	8.480414	8.517046	7.9913406	8.01491	8.539656	8.566512	7.9641466	8.661182	8.534276	8.824628	8.787334	8.469973	8.687728	8.831122	9.160295	8.778282
G3BP1_8673	9.865784	10.150235	10.105186	9.892125	10.190981	10.023957	10.094672	9.906438	9.889604	9.965794	10.086936	9.835516	9.949818	9.832294	10.011914	10.001725	10.157688	9.886999	10.163819	9.89405	9.9764805	9.892005	10.004751	10.081464	10.146881	9.798215	9.904572	9.862114	9.850635	9.96563	9.95984	10.03219	9.63939	10.132965	9.98774	10.199885	10.059581	9.936902	9.731936	9.946951	9.880707	9.825457	9.7794285	9.7023535	9.700405	9.898447	9.379176	10.034652	10.183713	9.885352	10.12438
G6PD_8674	6.639185	6.792465	6.593799	6.3716335	6.630953	6.627181	6.7633343	6.46771	6.7150526	6.898155	6.535195	6.4675207	6.633046	6.382138	6.496408	6.0716624	6.3031554	6.471602	6.6997538	6.9605694	6.396021	6.7667356	6.6534967	6.711911	6.7763596	6.455039	6.8105907	6.2031865	6.5370045	6.755211	6.5984583	6.7147465	6.650581	6.3906474	6.6418	6.8443923	6.448014	6.5398016	6.3363905	6.6446247	6.726217	6.724141	6.1296253	6.537433	6.464415	6.7446957	6.7533135	6.7891216	6.7788653	7.148079	6.8869295
GAA_8675	8.656125	8.48951	8.639892	8.85053	8.712213	8.604817	7.6968417	8.833975	8.905425	8.763801	8.613356	8.395098	8.650376	8.435859	8.424673	8.815209	8.698122	8.640114	8.538251	8.382617	8.696009	8.119026	8.540289	8.398863	8.597587	8.983135	8.956418	8.707758	9.086385	8.188968	8.363043	8.922756	9.21397	8.797439	8.643536	8.236696	8.912438	8.598329	8.729763	9.105748	9.050852	8.729657	8.344202	8.860528	9.055202	9.204932	7.970429	9.052437	8.773674	8.676533	9.044358
GADD45A_8678	8.101575	8.061808	7.899712	7.6490436	7.9313865	7.8873215	7.7370076	7.6551213	8.185387	7.7100515	7.8296914	7.7085824	8.363221	7.7554784	7.8524203	7.952312	7.8849783	7.927832	8.0896635	7.937027	7.923608	8.160049	7.651782	7.6896577	8.158549	7.666425	8.069846	7.7024765	8.082532	7.996481	8.1695595	7.940549	7.9547153	8.01719	8.176016	7.917685	7.602721	8.2447	7.4734077	8.178905	8.275739	8.193956	7.822107	7.9639554	8.060058	7.8239207	8.761955	7.9842186	8.175057	8.869886	8.2999
GADD45G_33229	5.514529	7.4773803	4.649141	6.434448	6.789884	5.3325086	4.9551463	5.2833757	6.0708017	5.386578	6.169101	4.9621153	5.6019096	4.638	4.9086037	5.109729	4.8686957	4.731381	5.2644076	6.5811424	5.2736154	5.3350506	7.544159	4.893314	6.60297	5.867325	5.369071	6.6741066	7.5482216	5.0009694	7.5069127	7.3437266	7.0957203	6.962152	8.33376	6.9236393	4.853174	7.4871874	6.838429	5.9264235	4.5308495	7.8142667	6.209635	4.6050706	5.101585	4.0158815	5.3494406	6.6232696	4.5264735	4.793518	5.3860445
GALE_8680	4.4973273	3.4089699	4.458325	2.9322088	4.013397	3.5590887	3.9675474	4.043332	4.197168	4.043386	3.4639611	3.6222255	3.9833133	4.3770022	4.0848813	3.6060004	3.196582	3.7480712	4.073696	3.335659	3.6753457	4.0906663	3.542482	3.975235	3.826752	3.842321	4.0868177	4.015055	3.85529	3.975925	3.6662335	4.4934416	4.069397	3.3729517	3.9653022	4.075639	4.050856	3.8532186	3.632368	3.652791	3.9325047	4.225773	3.7600586	3.663165	2.3127773	3.589511	4.3408227	3.7015753	4.1753836	4.4929166	3.8922832
GALM_32658	3.4622953	1.3805355	3.3681867	3.1869333	3.0380745	3.736352	2.924071	3.3635519	3.1510859	1.2678612	3.1512616	3.329294	4.1189895	2.5715709	2.2108426	3.1672053	3.07473	2.363299	3.944735	3.223061	2.8640268	4.027579	2.4763973	1.6821929	2.499557	2.1163197	4.200304	2.439345	2.4024103	1.7340541	1.7394503	3.3684063	0.83949393	3.173584	2.9930947	4.40511	3.2381685	2.8820758	1.9449388	2.6195595	3.3610175	3.9662805	0.0	2.2161078	1.7574636	2.1535919	2.0380995	3.5246851	2.3969975	4.5741396	4.02739
GALNT11_32432	10.779012	10.654516	10.155206	9.987375	10.704026	10.515838	10.033497	11.184907	10.590749	10.338727	10.813828	10.507026	10.539972	10.907127	10.387526	10.032842	9.978159	10.858589	10.530431	10.785904	10.749079	10.209638	9.864608	10.565809	9.899809	10.936014	10.959286	11.078008	10.175692	9.743477	9.990019	10.268721	10.544006	10.579337	10.623742	10.7193	10.763343	10.286817	10.049263	10.629872	10.488273	10.431368	10.208733	10.880136	10.474994	10.840762	10.257307	10.806167	10.354088	10.401555	10.647958
GAMT_8681	8.258713	7.920944	8.207214	8.032814	8.152325	8.235951	8.129129	7.9178867	7.8724833	8.489234	8.275762	7.8187175	8.13814	7.7554784	8.101508	7.8856964	8.551653	8.338311	8.14575	8.595468	7.923608	9.609216	8.617777	8.633631	8.185713	8.061787	8.407784	8.261554	8.402743	8.463909	8.310864	7.9064407	8.256053	8.198858	8.587197	8.257238	8.326058	8.403955	8.654207	8.149795	8.47691	8.796142	8.233728	8.554006	8.385191	8.462841	9.571719	8.391396	8.602109	8.903668	8.832342
GAPDH_8682	12.447467	12.841585	12.902074	12.742139	12.6577215	12.6961775	12.887714	12.477273	12.419298	12.336517	12.527528	12.818852	12.374021	12.899423	12.659096	12.702098	12.847861	12.725494	12.417035	12.348471	12.638357	12.261942	12.786096	12.441625	12.556308	12.632802	12.473715	12.50298	12.91629	12.905795	12.708628	12.552978	12.469896	12.876084	12.536781	12.647655	12.776396	12.48027	12.718055	12.741446	12.570913	12.341136	12.89118	12.656549	12.85154	12.724349	12.509541	12.534986	12.67215	12.674232	12.527366
GAR1_8683	1.345864	2.8903687	2.038651	1.9810864	3.2715344	0.0	3.0569396	2.0347693	1.7505945	1.2678612	0.0	0.81086713	0.8317068	1.795884	0.7873415	1.3766294	0.80118436	4.394814	0.0	0.8139097	0.8359691	0.7899299	0.8162666	1.9802222	2.499557	1.5856925	1.6257219	1.5340518	1.5044802	2.2861977	2.0422144	0.78030413	1.366725	1.8774635	0.76228935	0.78321815	0.0	2.1827102	2.8620489	1.5507082	1.6509043	1.3448509	4.1326733	3.486698	3.7759814	3.413886	3.1824234	2.6448896	2.8876398	2.7799242	0.7898452
GAR1_8684	3.894955	3.1728475	3.6618972	4.042337	4.5900397	2.4913077	3.3948803	4.2335076	4.197168	4.043386	3.5547543	4.073784	4.182325	2.7588696	3.5714786	3.7837584	4.234252	3.7480712	4.5872383	4.3720603	3.76138	4.647124	3.6337392	4.2786994	4.601434	3.2740002	4.30551	3.389553	3.9150798	3.1301692	3.833374	4.3485374	4.42794	3.4631736	4.451897	3.270766	4.1062636	3.6238878	3.8758812	4.388141	4.3906794	4.393726	3.6331644	3.9621353	3.2825065	4.2431035	3.8748934	4.8838315	5.013094	4.724034	4.6469307
GAS2L3_32431	2.8414288	3.7896457	2.038651	3.1869333	4.3559775	3.5590887	3.3948803	3.1282818	3.998029	3.1283326	3.4639611	3.329294	3.9833133	3.33128	2.9132285	4.2750826	3.4131749	2.7064807	4.1920695	3.7955046	3.6753457	3.1729507	3.1057508	3.0641665	3.9035544	3.460427	3.6803772	3.4740329	3.5123456	1.7340541	3.7522228	3.0312061	3.018777	4.146841	3.9653022	4.249759	3.1353765	3.9880698	3.5644774	4.248663	3.6340072	4.4957304	1.9455801	2.4264417	3.3956287	2.704639	2.7208638	3.4273803	4.4345694	3.876996	3.1727722
GAS5_8688	8.962922	9.924828	9.079808	8.834316	9.223019	8.959883	9.230444	8.879756	9.060445	8.777753	8.975694	9.497517	9.230401	9.464392	9.394838	8.902033	9.376826	8.820702	9.284808	9.078615	9.23822	9.440867	9.160863	9.000143	9.688173	8.57978	8.818801	8.627037	9.416212	9.2794485	8.933949	9.603709	8.967815	9.477816	8.64855	9.438476	9.008272	9.51225	8.766107	8.784474	9.058593	9.032991	9.318974	8.353087	8.857091	9.040782	9.8000555	9.452439	9.090244	9.720085	9.282492
GATA2_8689	2.9888134	2.0728946	0.82956785	1.6829898	2.7594013	2.278697	2.2206478	1.732564	2.304984	2.875032	2.5891151	2.650732	2.6912055	0.0	2.2108426	2.3194807	1.6904588	1.2520635	3.2689147	3.335659	2.513575	3.2850893	2.0155594	2.4378424	2.6850367	1.2230182	2.9915388	2.260616	2.5605352	1.7340541	2.505423	1.6564866	2.7061894	3.2767088	1.6269251	1.9574919	1.846264	2.3917863	1.9449388	2.2807243	2.8915966	2.8399913	2.1448007	0.7901686	1.3714777	0.7569108	3.8124545	3.2105505	3.0200155	4.3153143	2.2155063
GATA3_8690	6.903526	5.87606	5.889631	6.384417	6.5555067	6.2132597	5.2330546	6.919232	6.878627	5.672016	5.6153774	5.5778656	7.1110625	5.6087337	5.866547	6.2025304	5.334645	5.684717	6.99671	6.5109353	6.1147804	7.3728814	5.6997876	5.9047437	6.692268	5.8169923	6.9140306	5.7739816	6.0691023	5.1343713	5.776073	6.3839064	6.9093266	6.1806474	6.127671	5.8923473	5.6153	5.442302	5.488428	7.187062	7.159604	7.425798	5.7712574	7.055272	5.6724725	5.6825843	8.1420965	6.718895	7.0887723	9.063402	7.0305815
GATM_32792	13.917053	13.104507	13.557022	13.947596	13.501156	14.063288	13.863867	14.528572	13.779144	13.974445	14.1293335	13.848124	13.604078	14.293889	13.990927	13.934921	13.970892	12.9459	13.684183	13.190368	12.2661	11.989859	12.443953	13.938949	13.086005	14.715752	14.4781475	14.724706	14.317646	13.528872	14.509669	13.5783	13.635457	13.38408	13.937312	13.838856	13.536498	13.716574	13.16461	14.197548	14.052824	13.830996	13.744163	14.622454	14.630977	13.686845	12.7973795	12.65972	14.074952	12.115688	12.643673
GBE1_32816	5.6755133	5.9527693	6.132713	5.7760835	6.5774684	6.1520534	6.1105113	5.8267083	5.791667	6.2541842	6.29296	5.8472433	5.7555737	5.5841613	6.0672965	6.0716624	6.1903286	6.131156	5.872699	6.0150113	6.178716	4.7678485	6.1802926	6.207543	6.5442147	5.747029	5.572482	5.961238	6.5929904	5.978265	6.1373534	5.6988297	5.47308	5.886689	5.615782	6.4514723	5.8605886	6.1226125	5.80023	5.798887	5.8774548	5.512895	5.272226	5.873145	5.6268573	5.623246	4.249509	6.034634	6.3588552	5.2786183	5.7409277
GBP2_8691	8.59416	7.290517	8.008207	7.3948355	8.331008	7.26261	7.842024	7.9722843	8.279895	7.655682	8.353695	8.458339	7.257944	7.523161	8.116679	8.038063	7.920785	7.623649	8.758092	8.389155	8.518991	6.9047904	7.3151984	7.817606	8.865769	6.7955008	7.839617	7.715549	8.174086	7.7062826	8.137962	8.939719	8.356764	8.526359	7.583108	7.6948533	8.129465	8.320147	8.095294	8.113399	7.841087	8.083623	7.861561	7.1172094	7.2832465	8.062258	8.609633	8.280837	8.623078	9.128715	8.539176
GBP4_8692	3.3576849	3.0385108	2.038651	2.2280116	2.5968776	0.8241397	0.79261	2.0347693	2.518521	0.7689436	1.9512244	1.3268428	2.2924721	2.5715709	2.2108426	1.7633755	1.6904588	1.61952	2.5944383	2.6566756	2.6994162	2.425981	1.3343891	1.6821929	2.2866638	2.1163197	2.8595514	1.8188398	2.4024103	1.7340541	2.0422144	2.197697	2.5201793	2.3252215	1.2584345	1.2880224	1.559129	3.135555	2.615978	2.4600666	1.6509043	2.4906006	2.862796	2.4264417	1.3714777	1.2508019	3.8124545	4.067246	3.453711	4.5340996	3.4859993
GC_32893	6.1683993	6.5173736	6.0673375	5.9409184	7.3386993	6.660527	5.823943	7.0764947	5.8715396	7.012702	7.263684	5.687503	6.7526307	5.3993316	5.8484855	5.7888093	6.723789	6.7281685	7.290072	7.50902	5.7012334	7.9801493	6.798599	7.571759	7.143938	5.8837194	7.4149685	6.3104706	6.095184	7.0108213	5.913049	5.7574096	6.811324	6.736527	6.482443	6.3274393	6.490281	6.4016533	6.718606	6.2032394	5.912053	7.1011195	6.093929	6.026276	6.777864	5.77636	6.794276	7.806968	6.8693995	6.005529	6.6871233
GCAT_32974	5.0937805	5.3033276	5.620102	5.8143754	4.968024	5.5378633	5.8607645	4.9989047	4.797169	5.2057486	5.203116	5.434257	4.782034	4.730472	4.8000183	5.849991	5.5783186	5.3601093	4.7885585	4.3720603	5.386221	4.843061	5.801695	5.3750796	4.6908245	4.891829	4.740221	4.715879	5.7126584	5.035494	5.455594	4.9604516	4.625427	5.6574764	5.1900296	4.967194	5.93898	4.727289	5.2281547	5.848044	4.61726	4.723048	4.826726	5.78048	5.531057	5.5185804	4.886783	5.5710597	5.326059	6.005529	5.3860445
GCDH_8693	12.309452	12.397803	12.613065	12.475635	12.40257	12.283221	12.392153	12.0957575	12.0612755	12.535594	12.05298	12.270055	12.128566	12.161286	12.431388	12.287248	12.4034815	12.765267	11.899451	12.368669	12.211982	12.120544	12.643958	12.652173	11.974064	12.580175	12.268429	12.763273	12.60922	12.637715	12.434842	12.280174	12.844251	12.273728	12.658752	12.247901	12.619217	12.5117445	12.878458	12.69476	12.80437	12.452155	12.7878	12.761492	12.803658	12.992169	12.06654	12.684279	12.73204	12.038857	12.568975
GCLC_8699	13.961096	13.334792	12.936091	12.832371	14.575019	14.125808	13.124839	14.367872	14.050672	15.285349	13.936313	12.735942	15.050458	12.933561	13.718929	13.411335	13.937552	14.508888	15.193642	15.887388	14.482089	16.484898	14.066787	15.316374	14.717055	13.714374	14.966179	14.352856	13.73568	14.013276	14.203177	14.264682	13.650414	13.580561	14.019744	14.550083	12.7718525	15.44981	14.674052	13.858174	14.620904	15.576216	13.579825	13.749748	13.367959	13.607333	15.897234	14.189375	14.198354	13.583157	14.264142
GCLM_8700	8.849357	9.424927	8.3515005	8.666532	9.676556	9.4380865	9.042906	9.182445	9.425489	10.35588	9.747646	8.365709	9.839949	8.7158375	9.404142	9.097608	9.468893	9.5519705	9.732205	10.652316	9.286175	10.909951	9.969055	10.279937	9.631442	8.776977	9.770877	9.035961	9.265018	9.56886	9.347098	9.388924	9.272229	9.4057	9.55092	10.016231	8.514488	10.331101	9.158895	9.160286	9.715469	10.228724	9.436456	8.963173	9.14693	9.3583765	10.398162	9.79117	9.730357	9.091264	9.86837
GDF15_33113	6.693923	5.9527693	6.210474	6.772617	6.0893636	5.6963167	6.349482	5.7664127	6.36102	6.5535274	5.5284357	5.1878657	6.4901853	4.539192	5.9194136	5.2373357	5.600567	5.9333158	5.9587126	5.6944327	5.1829906	7.219024	5.634999	6.056112	6.432021	5.6734986	6.262848	6.275588	5.4751167	6.0810037	5.669604	5.5298853	5.9118514	6.1806474	6.2646046	6.3907886	6.228373	6.645609	5.0901117	6.4983344	6.0427003	6.2273154	5.2289977	6.0582056	6.1785345	5.7018332	6.85749	6.1304955	5.7826552	7.037861	5.3860445
GFPT1_8705	5.4650297	4.7365184	4.968504	4.5756903	5.4450064	5.0600524	3.9675474	5.6150737	5.418904	4.9989605	5.086223	5.217415	5.8944354	5.0141573	3.8867385	5.5392637	4.7934337	4.804542	6.2992606	5.6731596	5.679299	5.779924	4.08557	4.9286256	5.640353	4.1974325	5.4855967	4.6078486	4.526488	3.975925	4.5129476	5.776419	4.6708455	5.474343	5.4418483	5.293193	4.2607594	5.2136807	4.3491855	5.0513787	4.9853954	5.758393	4.5738235	4.983204	4.4353356	4.76633	6.1415496	5.349928	5.4948297	6.709716	5.1398697
GFPT2_32470	1.345864	2.0728946	2.851444	1.6829898	3.1595216	0.0	1.9740967	2.0347693	1.7505945	1.6378721	2.1965384	1.706109	3.0032618	2.356276	2.2108426	2.0680585	1.6904588	2.5450702	2.2015305	3.1009257	2.3002052	2.215664	2.2643013	1.6821929	2.2866638	1.5856925	1.6257219	1.1788656	1.7864426	0.82825595	0.83162844	2.5903506	1.7520065	1.8774635	1.2584345	2.9047132	1.559129	3.2473404	1.4383613	2.07588	1.2790965	1.7268571	2.3198192	0.7901686	2.0616755	1.2508019	3.1824234	3.5246851	2.3969975	3.670877	3.1727722
GHR_8706	9.376679	9.428288	9.257016	9.241554	9.942896	9.454022	9.18398	9.422775	9.582071	9.598841	9.504536	9.208454	9.561931	9.1786995	9.319804	9.303006	9.554011	9.614342	9.61524	10.104354	9.434314	9.587507	9.788456	9.74137	9.556126	9.165162	9.780033	9.538368	9.124874	9.29378	9.233963	9.691455	9.388944	9.408542	9.779528	9.591919	9.365564	9.647028	9.306466	9.249888	9.477774	9.735796	9.14239	9.215851	9.30734	9.426493	8.13892	9.654074	9.418781	8.974569	9.541475
GINS1_8707	3.7371018	3.0385108	2.851444	2.2280116	2.4136927	3.1218095	2.924071	2.4973207	3.1510859	2.875032	3.1512616	3.4336874	3.0032618	3.5500658	3.2795744	3.1672053	2.23654	2.363299	3.2689147	3.6287196	3.0117643	3.7433898	1.7148082	3.185903	3.9764743	2.1163197	3.5147316	2.439345	2.2247963	2.0363805	2.8555002	3.4653084	2.8709326	2.1186442	2.7157705	1.9574919	3.2381685	1.2726339	2.8620489	3.3226266	2.4007041	3.1210482	3.2563734	2.4264417	2.3127773	1.9105306	3.9922063	3.4273803	3.9941003	4.7591944	4.208934
GJB1_8710	4.992609	1.767856	2.2885845	2.2280116	3.3754735	3.5590887	2.2206478	4.77238	5.3368616	4.467322	3.029906	2.650732	5.8561053	0.86718	1.6679709	3.6060004	2.9416285	2.851636	5.3686395	5.0700746	4.0618725	6.455325	1.3343891	3.676059	3.7456298	1.5856925	5.4855967	3.389553	1.5044802	0.82825595	3.0031052	4.926816	3.7687938	2.942179	4.664841	2.4129963	3.2381685	4.0510454	3.4182882	4.34313	4.61726	5.737723	2.1448007	4.6050706	2.3127773	2.5432677	6.418047	4.4606056	3.5444415	7.515014	5.015347
GLIPR1_32487	5.8203235	6.823437	6.1952534	6.0249596	6.275524	5.607913	6.29671	6.1901913	6.0876226	5.568805	6.5127215	6.7360253	6.2000737	6.9896655	6.2434936	6.536132	6.9743595	5.9333158	6.4010906	6.569676	6.719901	5.3087573	6.4298577	6.2218475	6.637108	5.947496	5.572482	5.351048	6.517849	6.378633	5.9858522	6.8643885	5.8140264	6.84957	5.789261	6.177431	6.324958	6.3895206	5.9540706	6.138854	5.9290457	5.651949	6.209635	5.25524	6.2404222	6.2119083	4.9749427	6.435844	6.631429	6.3889866	6.6972923
GLOD4_8714	8.4457655	8.27847	7.8950095	7.91881	9.203733	8.008818	9.251394	7.693407	8.745035	8.679608	8.028915	8.094288	8.4397335	9.215163	9.054269	9.210778	9.030665	8.931006	8.925511	8.839378	9.050196	6.5924234	9.168513	7.868499	9.089776	8.006715	6.8888574	1.5340518	9.231606	9.182648	8.293043	8.839339	8.135683	8.321515	8.528568	8.257238	0.721521	8.974357	8.786737	7.669657	7.679778	7.8770447	7.9340124	8.346638	9.0114975	8.1801815	6.203686	7.767753	8.90789	7.5555797	8.966618
GLRX_8715	3.3576849	2.8903687	3.57048	3.4033608	3.6487305	4.102663	3.825755	2.9944959	3.7669325	3.0072343	2.1965384	4.1975594	3.3726006	3.8263452	3.167487	3.8650463	4.1761804	3.6719112	2.5944383	3.335659	3.9194357	2.215664	3.542482	2.2271013	2.6850367	2.663887	1.9188775	2.5983527	3.5123456	3.6591327	3.7522228	2.4073412	3.9269106	3.4631736	2.7157705	4.355162	3.8051264	3.538559	3.6972067	3.1240695	2.8915966	2.028597	3.1675818	1.6725745	3.1597538	3.3173459	2.850816	4.3049483	4.2310796	3.2443137	3.9614177
GLUL_32832	10.917706	11.08397	11.052164	11.205508	11.276375	11.518379	11.088687	10.916708	10.95851	11.662182	11.222332	10.543938	10.784082	10.759946	11.048776	10.90278	11.376407	11.21369	11.081192	11.454035	11.004165	11.143593	11.724066	11.718515	10.936088	11.446281	10.895417	11.394816	11.258217	11.326011	11.233567	10.997982	11.280585	11.17383	11.2778	11.112206	10.951434	11.469579	11.4888525	11.215702	11.146939	11.042031	11.45994	11.101222	11.235179	11.288735	10.656027	11.123087	11.448742	10.305222	11.455677
GLYAT_32740	8.694215	7.0234084	7.7670302	8.219174	8.943304	7.938061	6.8934236	8.665362	8.979394	7.545827	7.8522415	8.086303	8.705314	7.9362364	6.9333816	8.308925	7.9427214	7.860805	8.980008	8.615122	8.679529	8.941372	7.200476	7.5939245	7.8878865	6.570939	8.894529	7.724199	6.478758	6.7859535	7.077961	9.185295	8.030719	7.6455445	8.206937	7.1007934	7.68236	8.304077	7.5500083	9.015393	8.221598	8.378852	6.9499183	7.2125096	7.4756527	7.0970216	8.469973	8.420134	8.16794	9.0774	8.671435
GLYAT_34103	10.7891035	11.310373	10.918946	11.048713	11.141445	11.181912	11.119875	11.056506	10.719088	10.707051	11.1399555	11.259957	10.3444395	11.40353	10.903808	11.081351	11.096213	10.970119	10.594976	10.672558	10.947367	9.769628	11.107665	10.888529	10.417089	10.928625	10.727494	10.589216	10.916736	11.116727	10.923651	11.032984	10.197317	11.1180725	10.799706	11.34354	11.05627	10.952237	10.3001175	10.843407	10.680523	10.369733	10.904148	10.57615	11.096167	10.97241	8.855889	10.835503	10.841103	9.594305	10.988978
GLYATL2_32403	5.5623865	5.3607593	5.288377	5.5221663	5.6244926	5.3325086	4.6946006	5.5920973	5.364731	4.8659616	5.3370547	5.4592066	5.2931385	5.7915587	4.976704	5.3824444	5.334645	4.731381	5.3686395	5.102265	5.2440352	5.618044	4.9742417	4.8571157	4.966166	4.755942	5.572482	4.848383	4.982784	5.473466	4.7818613	5.7574096	5.190773	5.8369336	5.8601375	5.444169	5.4750075	4.606701	4.3491855	5.564092	5.1965966	5.584097	5.1844344	5.639855	4.206401	4.570806	4.6924458	5.548098	5.300253	5.749895	5.4832788
GLYCTK_33141	6.272775	5.933971	6.61683	6.4946404	6.45232	6.34216	6.620342	6.3765273	6.2001786	6.475777	6.369994	6.1978946	5.9500856	6.0645275	6.2014203	6.2334733	6.4328103	6.5049095	5.991732	6.277146	6.3411975	6.057648	6.642552	6.4085054	6.130332	6.6401234	6.3267293	6.562777	6.34386	6.2812943	6.359101	6.4445868	6.3065686	6.402098	6.5483127	6.3783393	6.1382084	6.593675	6.1404767	6.6812534	6.2188544	6.713595	6.220711	6.7576056	6.9075108	6.6782217	5.6818447	6.666554	6.307964	6.700701	6.676882
GM2A_32907	6.4098897	6.224347	6.0335045	5.5221663	6.2888966	6.1520534	5.580783	6.58872	6.3189025	5.5472465	6.197559	6.5277295	6.3729157	6.5050373	6.4611835	6.088685	6.002593	5.7417126	6.7869883	6.4867525	6.269602	5.741125	5.0424438	5.9739857	6.310361	5.5759807	6.435038	5.5969205	5.794528	5.4222007	5.836376	6.828408	6.2175465	6.435914	6.436797	6.0419197	6.0420303	6.5287814	5.2499304	5.8154593	6.3381515	6.5092573	5.628854	5.4362297	5.8615775	5.739578	5.8152	6.520853	6.2143416	7.045002	6.4670625
GMFG_32344	6.884825	7.5283985	6.9517527	6.8014994	7.364191	6.510108	7.2111416	6.8336663	7.2954307	6.280555	7.077173	7.6117663	7.2725697	7.809475	7.4349303	7.078047	7.287149	6.6409683	7.1940346	6.969322	7.096079	6.9047904	7.0006857	6.9709573	7.3569283	6.570939	6.718338	6.5433574	7.356677	7.2719903	6.9473367	7.3938265	6.8611574	7.5764785	6.580153	7.400751	7.2312355	7.1048207	6.7946534	6.7345104	6.9171576	6.702971	7.021336	6.4194727	6.935844	6.638815	6.85749	7.1509686	6.9211125	7.698286	7.0062485
GMNN_8719	3.894955	4.820794	4.1777077	3.9071345	3.2715344	4.165955	4.2709126	3.9010189	4.197168	4.512522	4.2417574	3.707994	3.9103696	3.6481564	4.3127503	3.6976154	4.1761804	3.8204114	4.5433693	3.9449909	4.5708647	2.772292	4.2094064	2.931203	4.2360806	3.2740002	3.8289478	3.8976135	4.7064605	3.6591327	3.9831457	3.7221797	4.1356883	4.608809	3.6015635	4.355162	3.8705926	3.9222193	3.6972067	3.9212904	4.2354107	3.9662805	4.3090825	3.486698	3.689876	4.344567	3.7471902	4.5557666	4.4345694	4.1127377	3.8922832
GNA11_8720	7.4339056	6.6150165	6.628209	6.6296153	7.238882	6.921183	6.5087657	7.2914286	7.386607	6.9968843	6.4070215	6.596812	7.5969954	6.0102253	6.2014203	6.9158287	6.34329	6.6208534	7.464864	7.253553	7.0108256	7.404263	6.3242292	6.7017407	6.9126663	6.410473	7.4612427	6.826483	6.4283557	6.266837	6.8628798	7.251634	7.3953843	6.6039863	7.1600804	6.498246	6.324958	6.931564	5.9803605	7.101808	7.335594	7.4890018	6.463834	6.965519	6.6004324	6.567151	7.2121196	7.427488	7.387287	8.032361	7.232874
GNA15_8722	2.9888134	0.8494589	2.851444	0.0	2.2038183	2.278697	0.0	1.3498102	3.1510859	1.9320939	2.1965384	2.9613252	2.0423498	2.9246228	1.6679709	3.1672053	2.23654	2.1552784	2.9029238	3.1009257	2.513575	3.3891368	0.0	1.3061277	2.8493636	1.8752655	3.1124566	2.0565722	1.1536862	2.0363805	2.2923298	3.4653084	3.2755504	2.8108833	2.3721387	1.9574919	1.846264	2.1827102	1.4383613	1.1930816	2.5835295	3.2433975	2.3198192	1.2978095	2.0616755	0.7569108	2.9700236	2.6448896	2.1877303	3.030724	1.9692172
GNAI1_8723	5.3332987	4.647012	5.525908	5.094401	4.6739745	4.544973	4.6106157	4.291709	4.3161297	4.7574925	5.086223	4.7357945	3.9103696	4.433116	4.837129	5.075982	4.940225	4.530389	4.9315553	5.194739	4.870957	4.2091236	5.1698766	4.7024956	4.6908245	4.755942	4.4953737	4.4076104	4.9257903	4.2355256	4.936795	4.00606	4.8394446	4.301587	4.664841	4.673151	4.820415	4.802422	4.7049766	4.808103	4.952532	4.5909967	4.4285355	4.9495506	4.8065834	5.0019855	4.152023	4.5557666	5.1638064	4.0573144	4.7285256
GNAI2_8724	8.59416	8.07044	7.8760443	7.6908097	8.53276	7.502172	7.246354	8.301055	8.474703	7.995212	7.8876038	7.8984118	9.025471	8.122671	7.847882	7.924138	7.5836883	7.927832	8.890923	8.827392	8.386503	8.859963	7.2732396	7.7842593	8.748349	7.474118	8.636729	7.680422	7.1668267	6.796057	7.6537848	8.791083	7.809971	8.032006	7.88453	8.576181	7.762151	8.224353	7.667929	7.9162254	8.372083	8.700581	7.460319	7.441604	7.501158	7.449948	8.5534725	8.769412	8.389106	9.481718	8.519252
GNAQ_33018	8.9359255	8.811279	9.009759	8.822622	8.943304	8.647021	8.767953	8.689918	8.986137	8.716294	8.835599	8.485917	9.117462	8.637398	8.70619	9.008733	8.756258	8.86413	9.283142	8.909276	8.858549	8.156367	8.733187	8.644291	9.397547	8.669977	8.785089	8.820955	8.983668	8.531989	8.9131	8.985365	8.717583	8.921976	8.868639	8.776848	8.743616	8.764908	8.72394	8.945591	8.995463	8.857303	8.453872	8.840012	8.543939	8.791832	7.97756	8.935656	9.0617285	8.953852	9.091383
GNAS_8728	11.760122	10.8608	11.025518	10.811382	11.362297	11.134244	10.5428095	11.634407	11.670277	11.194747	10.947075	11.013276	11.968509	10.884665	10.818235	11.174485	10.797746	11.114228	11.645653	11.525513	11.1789665	13.0988455	10.159602	11.0181465	11.143278	10.498613	11.8207245	10.985252	10.8300905	10.105238	10.6787195	11.777951	10.32533	11.056003	11.309804	11.200156	10.389113	11.416384	10.632477	11.346893	11.27374	12.166071	10.626071	11.180878	10.74094	10.836959	13.363003	11.151453	11.28488	13.102429	11.216803
GNB1_8730	6.1051803	4.2811027	5.168798	5.2972918	6.104568	5.0929937	4.157102	5.4963474	6.10425	5.2057486	5.0554576	5.4088683	6.452145	4.1942425	4.976704	5.587965	4.8686957	5.0649147	5.92492	6.113059	5.657026	6.479099	4.8654838	5.268869	5.662621	4.923891	6.0672855	4.9103346	4.6371417	4.174872	4.822182	6.05076	5.6192594	5.517095	5.3708076	5.3194785	5.1453815	5.5767865	4.7049766	5.2835135	5.7493777	6.368456	4.6413255	5.0796957	4.997898	4.6912694	6.6410246	6.1304955	5.890361	7.494295	6.2631183
GNB2L1_8731	11.452892	11.355219	11.54026	11.297509	11.564135	11.443327	11.1780205	11.3425	11.296323	11.454931	11.314132	11.342731	11.440958	11.319498	11.3271055	11.192313	11.376407	11.475154	11.661771	11.581892	11.498423	11.524244	11.308413	11.49014	11.724725	11.402508	11.511733	11.503699	11.289616	11.262301	11.43429	11.518002	11.076862	11.348595	11.351144	11.537966	11.396237	11.420488	11.622142	11.371969	11.483463	11.638487	11.201848	11.617465	11.292452	11.501751	11.057021	11.744276	11.803591	11.757625	11.887338
GNB5_8733	6.884825	6.314313	6.650701	6.4221015	6.379186	6.1204476	6.0639014	6.742705	6.5669756	5.87602	6.017729	6.256002	6.633046	6.5564694	6.035719	6.019355	6.6187024	6.0126505	6.338294	5.998002	6.3825088	7.287943	5.8595533	5.715534	6.2080917	6.6304407	6.4918723	6.190758	6.407691	6.4314413	6.1212845	6.6543713	6.8513274	6.1264534	6.5157537	6.3783393	6.301411	6.180091	6.031546	6.467208	6.5724864	6.911129	6.4731264	6.4914	6.6238422	6.469451	7.7382383	6.4606476	5.890361	7.8239927	6.559152
GNGT2_33125	3.6511872	4.0210066	2.5015457	2.2280116	3.8783808	2.6765726	2.7777128	3.1282818	2.304984	2.875032	3.1512616	3.0946846	3.7523885	3.5500658	3.167487	3.8650463	2.9416285	3.104337	3.7267091	3.335659	4.0618725	3.8924706	3.2279377	3.8333883	3.9035544	2.9395516	3.4241838	2.5983527	3.5123456	3.1301692	3.1370003	4.4934416	3.018777	3.5480838	3.3291726	4.075639	2.7740545	3.0143752	2.3191266	2.8937564	3.0240266	3.6496496	2.9717042	0.7901686	3.5005221	4.076129	3.9922063	3.0885482	3.0200155	4.5340996	3.5769253
GNL3_8735	8.757259	9.021759	9.174046	9.101477	9.103237	8.83644	8.964722	8.499316	8.7370615	8.626629	8.746919	9.125161	8.455843	8.969315	9.042401	8.894792	9.005875	8.908366	8.774787	8.620689	8.811429	7.963392	9.002949	8.83083	9.016023	8.884754	8.572305	8.670202	9.014746	8.768438	9.117284	8.933381	9.405831	8.9804325	8.943989	8.955078	9.301727	8.8088455	8.777396	8.773913	8.912456	8.440907	8.827998	8.616995	8.61575	9.033203	7.7796254	9.236046	9.120053	8.381669	9.151789
GNPDA1_8737	5.5623865	5.047582	4.6931467	5.2972918	5.000899	4.6811867	5.314946	5.1000905	5.1250696	4.719445	5.387332	5.6446424	5.8944354	5.3993316	4.9086037	5.436634	4.8315554	5.2066154	5.442151	4.318261	5.49067	4.949003	5.0424438	4.574581	4.5545726	4.29872	5.3931413	4.998542	4.8664517	4.5540113	4.740381	5.738146	4.1356883	4.9581795	5.509554	5.1829824	5.2719235	4.974735	4.4277096	5.524321	4.8844705	5.059218	4.4662523	5.2274265	5.0332947	4.652222	4.4677935	5.02356	5.013094	5.4389973	4.9488087
GOLT1B_8738	4.5457487	4.395448	4.60375	4.619602	5.2399745	4.95646	4.2709126	4.401509	5.1250696	4.322547	4.067694	4.776067	4.782034	5.050487	4.0848813	4.686358	4.904904	4.5728903	4.9980674	4.8220615	4.7071815	4.843061	4.323448	4.5292926	5.2860236	4.755942	5.319691	3.957529	4.3643665	4.045334	4.8614073	4.706655	4.8786864	4.6478076	4.2555523	4.355162	4.6444345	4.380197	4.854599	4.5153155	4.952532	5.216879	4.0849814	4.091199	4.2671294	4.6912694	5.3494406	4.9553866	5.300253	5.8833666	5.639104
GOT1_8739	9.931038	9.474551	9.755584	9.757344	9.75694	9.748334	9.61959	9.888869	9.727342	9.494284	9.480129	9.446962	10.001217	9.339658	9.577262	9.63538	9.506199	9.635801	10.090457	9.728617	9.6069145	9.358349	9.574791	9.441722	9.936824	9.894395	9.829383	9.800056	9.782045	9.421643	9.644191	9.60504	9.970921	9.49128	9.727163	9.377231	9.652865	9.330635	9.837279	10.026508	9.880707	9.789505	9.552778	9.977468	9.823036	9.600678	9.46667	9.804553	9.898885	10.054112	9.940774
GPATCH4_8740	5.305445	4.7365184	4.5568852	4.5304	4.5900397	4.591821	4.9551463	4.291709	4.3721232	4.372437	3.9387684	4.5624237	4.822355	4.25777	4.0848813	4.5455074	4.540767	4.0179224	4.5872383	4.2042418	4.252195	5.254689	4.5744224	3.5904546	4.601434	4.0884933	4.2538657	3.6294594	4.601192	4.2355256	4.8995934	4.993321	4.7576065	4.0913367	4.624693	4.0125933	4.4863505	4.8385706	4.5021796	4.808103	4.438932	3.8933966	4.7058096	4.02811	4.7223387	4.612088	5.8775225	5.349928	5.2739763	5.801405	4.767655
GPATCH8_8741	4.7661185	3.513961	3.57048	4.1659474	4.2505713	3.1218095	3.0569396	4.812691	4.7556725	3.7731934	3.7971807	4.073784	4.782034	4.3770022	4.3645067	4.2750826	3.6871164	4.0781755	4.9315553	4.4739904	4.5224047	4.688498	3.2279377	3.7568672	4.045885	3.5453217	4.1446767	4.015055	4.08088	2.2861977	4.0525775	5.056895	4.714878	4.5274987	3.9653022	4.40511	3.9332168	4.727289	3.632368	4.7402864	4.5308495	4.035659	3.7600586	4.091199	3.934157	3.589511	4.9167724	4.9553866	4.8800516	5.3026505	4.4684386
GPD1_32517	8.899126	8.333298	8.755956	8.594094	8.2950115	8.425691	8.446246	8.9333	8.461858	8.489234	8.573196	8.037438	8.527715	8.011883	8.283928	8.369379	8.219229	8.571029	8.305292	8.156025	8.295711	9.728068	8.25426	8.3279	8.040226	8.464616	8.873295	8.790392	8.082532	8.188968	8.554713	8.48507	8.819413	8.195572	8.742998	8.290839	8.119401	8.274694	8.712222	8.71551	8.630241	9.19718	8.26349	9.215851	8.559197	8.789585	9.598564	8.810995	8.796928	9.553576	8.928278
GPLD1_8743	3.6511872	3.295734	2.5015457	3.591516	3.8783808	2.9881048	3.2907877	3.5657802	3.8481479	3.0072343	3.2631965	2.650732	4.1189895	2.10312	2.2108426	3.4032214	2.631737	3.319303	4.2478023	3.9449909	3.2683764	4.0906663	2.4763973	2.4378424	3.826752	2.3228042	4.30551	3.7013133	2.7030282	1.3511056	2.8555002	3.7221797	3.2755504	2.8108833	3.3291726	2.7586706	3.1353765	2.3917863	3.339235	3.4971333	3.6340072	4.035659	2.9717042	2.609976	2.87763	2.9816122	4.295888	3.8591263	3.2530992	5.098155	3.051179
GPR56_8744	9.512311	8.154038	8.492032	8.637458	9.228234	8.821776	8.262385	9.467648	9.383536	8.798431	8.312004	8.482879	9.3831	8.291547	8.146552	8.89237	8.285959	8.520351	9.067786	9.070502	8.966637	9.168533	8.384781	8.536836	8.495838	8.2569065	9.601732	8.699009	8.079269	7.6846924	8.419984	9.156562	9.424183	8.505278	9.430909	8.371569	8.732654	8.743619	8.621171	9.143975	9.117225	9.21785	8.292649	9.053068	8.675781	8.295541	8.796641	9.137578	8.945836	9.011491	9.048336
GPX1_33050	9.297588	5.9527693	6.53456	7.262602	7.8480177	7.340118	4.920685	8.753426	8.620533	7.8792105	6.7132792	7.6447654	9.424618	7.329789	5.9194136	7.8311086	6.773595	7.2638884	8.802966	8.182613	7.760822	8.697199	6.0033774	6.6603284	6.9673586	5.4495306	9.082044	7.0900764	4.7399096	5.3958683	6.0209208	8.653906	7.555303	6.343915	8.83824	7.3118978	6.6938953	7.658748	6.5356936	7.8493958	8.399775	9.713475	5.543212	8.049838	7.103419	6.302961	8.774293	8.457581	7.624135	10.304478	8.167184
GPX2_8745	5.8203235	5.5941806	6.661817	5.0307755	4.013397	4.6811867	6.962812	4.5988293	4.426025	5.2057486	4.819502	6.641095	4.1189895	5.3122444	4.641223	4.9697304	5.4371037	6.31766	3.7267091	3.7955046	5.151471	2.9185607	6.2250013	4.661105	5.1664495	5.102601	4.0868177	4.6078486	5.6612096	7.1032314	6.4260387	4.7457614	4.7576065	5.239223	4.3570623	5.3194785	4.9772444	5.267708	4.3491855	4.7402864	4.8130383	4.804812	5.2933636	5.0482435	7.6396613	5.8298326	3.6788332	7.232443	5.4948297	5.659735	6.5702605
GPX3_33214	11.711868	11.001735	11.224182	11.153713	11.376068	11.273217	10.595647	11.6543	11.639593	10.984252	11.54206	11.573043	11.201147	11.844101	11.215271	11.4490795	11.025001	10.920069	11.142664	10.88522	11.544272	10.511466	10.467002	10.442212	10.2506695	10.71677	11.714886	11.0682745	9.861123	10.261066	10.564515	11.728476	11.267247	11.35192	11.690465	11.478699	11.4614315	11.042656	10.965063	11.216872	11.428883	11.317455	10.922071	11.756843	11.314199	10.813923	9.809078	11.414461	10.793916	11.128882	11.036812
GPX4_32827	9.144858	10.366324	9.856996	9.82455	9.872474	9.806592	10.11577	9.209117	9.530718	9.922492	9.905844	9.835516	9.1828	10.075365	9.948677	9.730637	10.048633	9.831192	9.061969	9.4446335	9.814861	8.469888	10.15672	10.007017	9.6949415	9.815409	9.26437	9.504875	10.015059	10.11536	9.868934	9.654684	9.630796	10.12694	9.60995	10.226174	9.868506	10.185201	9.731936	9.677991	9.801029	8.840437	10.228759	9.714928	10.1466675	10.18929	7.7507796	10.166764	10.183713	8.1059065	10.242799
GPX7_33289	4.637974	5.570033	5.168798	4.964214	4.7913756	4.544973	5.367067	4.401509	4.952162	4.420659	5.5506673	5.6446424	5.264158	5.559163	5.7152967	5.041427	5.1049194	4.530389	5.343279	5.253251	5.564326	5.109927	4.9026546	4.781876	5.8682203	5.1842866	4.58169	4.2726064	5.5524573	4.965598	5.4033947	5.507305	4.5785313	5.4958773	4.088493	5.644596	5.410438	5.1575513	4.6071386	4.9942966	4.574702	4.919376	5.1384506	3.820381	5.067844	4.7292876	5.5541043	5.5010486	4.5264735	5.6028047	5.3860445
GRB10_8746	4.1667204	3.4089699	3.9787362	3.2992017	3.5632691	3.2441669	4.3246193	3.3635519	2.518521	3.9146059	3.9387684	2.4661293	2.8556545	3.33128	3.2795744	3.4032214	3.6871164	3.104337	3.560594	2.4719195	4.0618725	2.425981	4.1488166	3.402313	3.2531395	3.9079125	3.8289478	3.2998173	2.5605352	3.9030073	3.9102025	3.1525764	4.069397	3.9734795	2.7157705	2.7586706	3.0246947	3.3510835	3.493234	3.9812746	3.7909622	3.2433975	3.6980062	3.3896487	3.7759814	3.6699069	3.7471902	4.5089707	3.629802	4.613098	4.3701644
GRB14_32726	2.0298584	1.767856	1.3529313	0.7965775	3.2715344	1.3453724	1.3012427	2.0347693	0.0	1.2678612	1.2830404	1.3268428	2.0423498	1.795884	0.0	1.7633755	1.9891841	1.2520635	1.6598343	2.259979	2.3002052	2.9185607	0.8162666	0.0	2.499557	1.5856925	1.6257219	2.260616	2.4024103	1.3511056	1.7394503	2.5903506	2.7061894	1.8774635	1.2584345	1.9574919	1.2002778	1.64341	1.9449388	2.6195595	2.7457702	1.7268571	2.1448007	1.6725745	1.7574636	2.1535919	3.3675282	3.9318867	2.5797195	3.4303215	4.208934
GRB7_8748	1.7280232	2.8903687	2.038651	2.622656	2.2038183	2.0292463	1.9740967	2.0347693	2.304984	2.5675821	2.897397	2.650732	2.5055704	0.0	2.2108426	2.71987	2.631737	0.75779927	2.9029238	2.6566756	1.3618308	1.6721861	2.8251235	1.6821929	2.2866638	1.8752655	1.9188775	1.5340518	2.4024103	2.2861977	2.2923298	1.952323	2.5201793	2.1186442	1.6269251	2.5961618	2.0856278	1.9381144	1.9449388	2.07588	1.6509043	2.028597	1.0981301	1.2978095	1.3714777	1.618053	3.4518747	3.2105505	1.2764089	2.090884	3.051179
GREB1_33127	5.6971116	3.6118274	3.9787362	4.483641	4.500918	4.226587	3.0569396	5.132301	4.8375063	4.2172728	4.4453254	4.9966097	5.647509	4.4871287	4.1453104	4.0845833	3.07473	3.6719112	5.7429543	5.0371494	4.870957	6.3432117	3.719566	3.5904546	3.6596727	4.143991	6.0672855	4.68076	3.348533	2.9963596	4.1821556	4.857096	5.338821	2.6664317	5.3463283	3.4716449	4.2607594	4.428432	4.034846	4.5942683	4.340757	6.299611	3.340016	4.879793	4.1430035	3.3173459	6.7615995	4.6876826	4.7715435	7.167839	4.9488087
GRIK2_32967	2.491974	5.5941806	5.072124	5.0307755	5.3714914	0.8241397	1.3012427	5.311781	6.46767	5.5031376	4.9918857	4.5624237	7.513262	5.187294	1.2938309	0.8466378	4.4939933	4.804542	7.6827226	6.5925183	0.0	2.425981	4.1488166	5.0932775	7.493632	3.625497	5.59341	4.5699625	6.407691	4.8539634	1.3557978	1.6564866	4.6708455	4.251827	1.9201866	5.7449813	4.567557	6.092991	4.640494	6.851626	5.670739	6.901869	3.6980062	5.0160904	5.229171	4.0158815	5.9662323	5.9842043	6.9873004	6.8710947	5.925261
GRN_8752	7.0617423	5.442835	5.7714515	5.7953563	6.440386	6.1204476	4.6946006	6.480278	6.972178	6.0547185	5.9356375	6.241693	6.9835196	5.9149175	5.8484855	6.1709094	5.843792	5.8143644	6.777552	6.7733316	6.6982503	7.5628495	4.9388924	6.056112	6.4058585	5.6734986	7.1155505	5.946529	5.514305	5.102159	5.8942595	6.9252734	7.044876	6.343915	6.537541	5.7056613	6.359573	6.2754765	5.542364	6.5684524	6.6967535	7.3664465	5.8303	6.3437705	5.759592	5.6630745	8.670305	6.634213	6.200457	8.376018	6.235472
GRWD1_8753	4.7246556	4.090557	4.1143847	3.9071345	4.1948323	3.736352	3.8983924	4.291709	4.0675077	3.1283326	3.1512616	3.4336874	4.3012185	3.9849255	3.3835778	3.9419975	3.6871164	3.889297	4.5433693	4.080432	3.8425713	5.198515	3.9500973	4.3842144	4.2942877	3.5453217	4.5391774	4.2726064	3.0615857	3.975925	4.118821	3.5561097	3.9269106	3.9734795	3.225608	3.8775816	3.993235	3.9880698	3.0722015	4.199003	3.8634686	4.4957304	4.0356593	4.091199	4.1430035	3.8183901	4.621379	4.067246	4.336409	5.2786183	4.3183975
GSK3B_8754	5.878196	4.9758754	5.525908	5.155339	5.802864	5.0929937	4.812067	5.884585	5.947221	5.0611277	5.5506673	4.6943655	5.9681687	5.4272304	5.3027663	5.587965	4.714029	5.285403	5.854863	5.7153964	5.1829906	5.6602483	4.323448	5.268869	5.31443	5.0743113	6.00617	4.8163805	4.804568	4.5540113	5.2344084	5.7574096	5.66487	5.6764603	5.4418483	5.5808315	4.7868943	5.3451347	4.465425	5.441331	5.453059	5.8765535	5.8010807	5.1990657	5.1983166	5.257497	6.166726	5.476936	5.351412	6.607311	5.2817807
GSR_8755	6.448606	5.7740564	5.168798	5.213806	6.275524	5.5137362	5.392438	6.3356133	6.2607617	5.992268	5.387332	5.6446424	6.7209873	5.8950763	4.976704	5.5392637	5.334645	5.4540567	6.2726393	5.98079	6.0648975	7.540427	5.107567	5.42539	5.5235453	4.955256	6.5572433	5.539268	4.9257903	5.2269044	4.740381	6.3962483	5.47308	5.264536	6.328487	5.66524	5.388256	5.659947	4.854599	5.6217656	6.3253727	7.093005	5.090953	6.0894437	5.3179617	5.231241	8.0503845	6.034634	5.8194575	8.596169	5.760458
GSTA2_8756	10.565904	10.976696	10.61304	10.470599	11.28349	10.778834	10.655159	11.078888	10.329523	10.673862	11.418305	10.881621	11.342586	10.633182	10.502439	10.682217	11.392435	11.0103	10.483321	10.410235	10.816574	12.45356	10.671299	10.9080105	10.555167	10.784911	10.707837	11.069548	10.82328	11.060733	10.537524	10.390934	10.469655	11.291249	11.360342	10.864166	10.4526205	10.777044	10.927976	10.662299	10.529244	11.025606	10.410842	11.442145	10.859077	10.629582	11.671332	10.669892	10.688441	11.786671	11.043304
GSTA3_33275	5.538656	4.9004173	4.73585	4.619602	4.968024	4.95646	4.988804	5.132301	5.058372	4.2172728	5.203116	4.365336	5.3767443	4.3186173	4.20331	4.5455074	4.445652	4.8741713	5.317465	5.0700746	4.791392	5.3087573	4.2094064	4.2228994	4.175426	4.346816	5.3931413	4.531055	4.487633	4.5540113	4.740381	4.783836	2.3065865	4.3962374	4.9833093	5.9773493	4.853174	4.606701	4.0841665	4.474157	4.9853954	4.919376	3.6331644	4.7292633	4.2671294	3.6699069	3.7471902	4.8085413	4.948106	5.2541795	5.4354806
GSTA4_8757	8.85897	10.438122	9.342399	9.4026	10.183841	9.840935	9.97277	10.011914	9.28306	9.229113	10.390994	9.986884	9.72634	9.832294	9.59768	9.808478	10.274727	9.604133	9.479244	9.231969	9.967458	9.279311	9.629861	9.887608	9.939106	9.705574	8.729454	9.3046055	9.957575	10.488362	9.749872	9.407333	9.676049	10.537767	9.70447	9.778759	9.5554495	10.035575	9.489214	9.18441	9.215721	9.234543	9.928737	9.502178	9.472787	9.629865	9.58462	9.45861	9.41578	9.314509	9.769426
GSTM2_8759	3.6511872	4.647012	4.0481544	4.3335214	4.546167	4.7653375	3.7492652	4.291709	4.5766063	4.161607	4.6650357	4.651712	4.5615644	3.6481564	5.1636105	4.6409187	3.9172494	4.614175	4.6298127	4.7425966	4.36642	5.3350506	3.8005724	4.574581	5.5476756	4.030775	4.403563	3.6294594	5.2145944	4.293731	4.0525775	4.4467387	4.199067	5.133281	4.951203	4.40511	4.1596217	3.9222193	4.388982	4.808103	5.079719	4.4957304	4.8554354	4.469171	4.997898	4.133961	6.375489	5.181105	4.980966	6.3200183	4.6043353
GSTM5_32667	2.491974	2.3245585	0.0	1.9810864	2.4136927	0.8241397	1.6765455	2.9944959	2.304984	3.440461	3.2631965	1.3268428	2.8556545	2.356276	0.7873415	1.7633755	1.9891841	2.1552784	2.5944383	2.4719195	3.6753457	3.4861825	1.7148082	2.4378424	3.9764743	1.5856925	2.1624062	2.0565722	2.0222046	1.7340541	1.7394503	3.8710911	2.055782	2.1186442	1.6269251	2.5961618	2.2908719	3.6238878	2.475174	2.6195595	0.7768912	3.1210482	1.9455801	1.2978095	2.0616755	2.8497622	3.6788332	3.9318867	1.6477884	3.811508	3.1727722
GSTM7_8761	2.0298584	1.767856	3.2553017	1.306817	2.905456	3.2441669	1.6765455	2.0347693	1.3654954	3.2400484	2.4061391	2.4661293	3.6663983	3.4448164	2.9132285	2.3194807	2.23654	3.6719112	3.469766	2.4719195	2.513575	3.5771093	2.6612716	3.402313	3.1306887	2.663887	2.370703	2.0565722	3.0615857	2.4990745	2.8555002	2.5903506	3.999912	3.6282732	4.088493	3.0373216	2.7740545	1.64341	2.615978	3.3226266	3.7909622	2.987353	2.6167028	2.772775	3.2825065	2.1535919	3.6788332	3.9318867	3.1412594	4.8918467	3.8196683
GSTP1_8762	7.9297748	9.056935	7.972941	7.8696513	8.378691	9.286136	9.333918	8.784162	8.442373	9.958667	9.0001335	8.133566	9.080536	8.233477	8.750632	8.741781	9.509143	9.160834	8.635478	8.73802	8.679529	9.746551	8.5607815	8.746769	8.933724	8.554401	9.283813	8.979279	9.102547	9.182648	8.783807	7.8537164	8.731047	8.577752	8.756995	9.225642	8.1427765	8.98649	9.072938	8.87224	9.153824	9.0308695	8.247333	8.616995	8.678578	9.160403	10.06901	8.888448	8.284404	8.583965	9.485365
GSTZ1_8764	8.1803665	8.929873	8.711179	8.4156685	8.891649	8.706769	8.628113	8.809283	8.789408	8.555523	8.917006	8.515954	8.366633	8.256986	8.781898	8.686946	8.723687	8.879026	8.220778	8.805563	8.509699	7.929281	8.709784	8.9014015	8.594694	8.431544	8.347467	8.5706	8.344135	8.467074	8.705135	8.807349	8.37746	8.668257	8.829435	8.927572	8.809783	9.13013	8.523984	8.496629	8.732994	8.79364	8.9226055	8.458538	9.162999	9.053949	7.7714424	9.137578	9.152867	8.230146	9.146233
GTF2E2_8766	5.4899917	5.38864	5.450994	5.155339	5.9277945	5.819527	5.4173703	5.8655496	5.685176	5.711318	5.3370547	5.6227255	6.0887756	5.5841613	5.2487035	5.7029767	5.7867208	5.605042	5.7622194	5.490641	6.0983434	5.798939	5.7414184	5.2961636	5.706152	4.955256	5.892562	5.539268	5.238194	4.600872	5.554647	5.738146	4.479903	5.3848386	5.3463283	5.943947	5.4750075	5.2136807	4.9901524	5.441331	5.453059	5.8765535	4.4285355	5.7018085	5.480661	4.9056625	5.003171	5.4274664	5.7638955	6.3317447	5.959461
GTF2H1_8768	2.2793405	2.0728946	2.2885845	2.622656	1.2885287	3.2441669	1.6765455	2.9944959	2.304984	2.5675821	1.9512244	3.0946846	2.5055704	1.4050055	0.7873415	2.71987	2.9416285	2.1552784	2.411319	2.6566756	2.513575	1.9693668	0.0	1.9802222	0.82851213	1.5856925	2.370703	1.8188398	2.951679	3.1301692	3.4771605	2.197697	0.0	2.6664317	1.6269251	3.0373216	2.0856278	1.9381144	2.1441302	2.4600666	2.5835295	2.2780142	1.9455801	0.7901686	1.3714777	2.3615465	2.9700236	2.0009227	2.8876398	3.876996	2.609335
GTPBP8_8770	6.370106	7.3269973	7.223386	7.101613	6.9072514	7.1959434	7.145509	6.2935047	6.637212	6.6876645	6.9152617	6.7762914	6.6886344	7.2064157	6.924788	7.0435414	7.16557	6.9699755	6.758492	6.626118	6.8433943	6.207484	7.0758367	6.865577	7.037199	6.989771	6.5357804	6.9932065	6.9834914	6.957804	7.2355456	6.890797	7.238312	6.652732	6.710542	6.6089478	6.8152447	6.948203	6.6465583	6.906801	6.7833977	6.4846582	6.711634	6.9314456	6.576637	6.9027653	5.733308	7.104509	7.050585	6.8710947	7.1012115
GXYLT1_32793	4.395317	3.8709588	3.747865	3.4033608	4.2505713	3.9670856	3.4919653	4.109549	4.426025	3.8456316	3.9387684	4.417189	4.5615644	2.356276	3.5714786	4.0845833	3.7679756	3.7480712	4.9315553	4.614536	3.8425713	4.688498	3.1057508	3.7568672	4.646822	3.1708984	4.4501987	3.7013133	3.0615857	3.1301692	3.4771605	4.5386796	3.018777	3.7042391	4.664841	3.270766	3.6645458	3.9880698	4.26614	4.1475735	4.1217613	4.225773	3.7600586	3.173454	2.7127588	2.8497622	4.7928843	4.645037	4.733482	5.3026505	4.3701644
H2AFX_32900	2.9888134	4.0210066	2.9989855	3.5005035	3.8783808	4.036466	4.734828	2.9944959	4.0675077	3.9804323	3.869711	3.4336874	3.574956	2.7588696	3.5714786	3.8650463	3.6871164	3.5063531	3.560594	3.1009257	3.76138	3.5771093	3.8772712	3.8333883	4.175426	3.460427	3.32757	3.2998173	3.5123456	3.2526147	3.5747921	3.1525764	3.8500173	4.5687265	3.4257977	3.1587603	3.4240882	2.5743628	3.7592564	3.5770605	3.8634686	3.460776	3.494023	3.0518532	2.5265856	3.413886	3.8748934	3.3230352	3.5444415	4.267274	3.284909
H2AFZ_33045	7.0449953	7.2756624	7.3036427	7.220447	7.2594056	7.2407284	7.246354	7.017357	7.0685287	7.0361075	7.201813	7.239349	7.2207174	7.148935	7.1844025	6.827324	7.314326	6.8712616	7.0911455	7.1495667	7.0877767	6.3688893	7.244573	6.996142	7.37052	7.245848	7.093684	7.0424542	7.2562294	7.086864	7.450152	6.8465104	6.507702	7.1368003	6.80339	7.0623984	7.161015	7.112222	6.802042	7.2123117	7.1451335	6.670622	6.7037616	6.8425655	7.144463	6.877594	5.5541043	7.316372	7.035022	6.8870773	7.239848
HAAO_8774	5.878196	6.398997	6.5821443	6.434448	6.0893636	6.8650756	6.620342	6.205411	5.8715396	6.5535274	6.579118	5.920936	6.3998117	6.0996256	6.4128385	6.308046	6.743918	6.690062	6.461267	6.691057	6.312984	7.3408017	7.0594716	7.0208945	6.5321712	6.2170177	6.5572433	6.2873096	6.6111794	6.5555787	6.4260387	6.3334546	6.2175465	6.153805	6.6418	6.5874767	6.5211883	6.6042128	6.3666043	6.467208	6.259726	7.060084	6.6474156	6.5030465	6.342722	6.535314	7.0043745	6.718895	6.8248425	6.6916294	6.7665367
HACL1_8775	2.491974	2.3245585	0.82956785	2.2280116	3.8058178	2.0292463	2.7777128	2.682742	2.8691986	1.9320939	3.3670683	2.4661293	2.0423498	2.5715709	2.42098	3.2900343	1.9891841	2.851636	2.5944383	3.335659	3.0117643	2.9185607	2.4763973	2.6216867	2.499557	1.5856925	2.1624062	2.8718307	2.7030282	2.6845412	2.0422144	2.7527363	2.5201793	3.062516	2.8610861	2.203147	3.1353765	2.8820758	0.650804	3.013504	3.0240266	2.4906006	1.9455801	1.6725745	2.3127773	1.9105306	2.7208638	2.9552677	4.057093	3.811508	2.4258175
HADH_8776	7.63193	7.1831737	7.1853757	7.169657	7.450023	7.3537736	6.945775	7.4403677	7.5165105	7.0967274	7.077173	7.134828	7.437407	7.071497	6.9074454	7.1927023	7.25945	7.069804	7.5615	7.246369	7.0625796	7.7600956	7.139502	7.053251	7.0027013	6.8465753	7.9613333	6.6470695	7.2211304	6.8744364	6.8036976	7.766084	7.8401046	7.2614765	7.6244135	6.8534155	7.3276353	6.897699	6.8878765	7.485163	7.654458	7.794388	7.3180194	7.6072383	7.488462	7.3001246	8.0503845	8.122759	7.5978947	8.534085	7.867375
HADHB_8777	9.945774	9.056935	9.164308	9.150944	9.755736	9.157737	8.514274	9.774893	9.732698	9.353879	9.088262	9.206614	10.1212225	9.252678	8.798457	9.381081	9.075038	9.247022	10.016175	9.985339	9.543066	10.093152	8.677977	9.247408	9.385882	8.794425	10.068619	8.76337	8.615919	8.585397	8.819101	9.833232	9.820337	9.368244	9.748338	9.564708	9.265678	9.569833	8.918345	9.6331215	9.817092	10.153665	9.254419	9.42009	9.405156	9.105451	10.5517845	10.225834	9.715789	10.745768	9.85367
HAO2_8778	14.101529	14.97746	14.8441725	15.004294	14.334371	14.962783	14.944796	14.089371	14.153543	14.759432	14.712518	15.159476	13.727151	15.044928	15.126112	14.595655	14.987233	15.022609	14.090824	13.967989	14.428855	13.839983	15.440323	14.68811	14.070781	15.037598	13.879127	14.494087	14.885187	15.064025	15.05488	14.1656475	14.164822	14.606524	14.31321	14.842032	14.618673	14.539623	14.973847	14.262541	14.390876	13.845558	14.5405245	14.720609	15.0240135	14.801578	13.045209	13.966608	14.065109	13.323713	14.35401
HAT1_8780	6.0048337	5.856228	6.298572	5.6756563	6.163833	5.607913	5.6242633	6.111586	6.0708017	5.8051295	5.8122478	5.7494965	6.3864264	5.5078287	6.035719	5.829884	6.1606874	5.5207086	6.2726393	6.2911773	6.194267	4.560636	5.915181	6.103233	6.281873	5.4713902	5.8055615	5.2588058	6.082202	5.570835	6.0381403	6.254306	5.9856	6.02642	5.842742	6.103723	6.16455	6.137198	5.6445394	5.9416013	6.375821	6.2273154	5.8730483	5.639855	5.506079	5.6432977	4.621379	6.567271	6.069088	5.5232244	5.959461
HAUS8_33304	3.122527	4.0210066	2.6870766	3.4033608	3.5632691	2.6765726	3.0569396	3.3635519	3.4916236	2.875032	2.5891151	3.5310342	2.8556545	3.9849255	2.7670465	3.1672053	3.07473	3.104337	2.7569108	2.8204348	2.0497084	5.3087573	2.0155594	3.0641665	3.826752	2.3228042	4.0265417	3.2041273	2.5605352	2.2861977	3.0031052	4.1294756	3.999912	3.7764044	3.6820183	2.4129963	3.0246947	3.3510835	3.339235	3.1240695	3.457868	4.393726	3.2563734	3.7439134	3.2825065	2.3615465	5.9518213	3.6158395	4.11745	5.7323084	3.4859993
HBA2_32600	10.218307	11.0619545	10.813246	9.896593	9.530811	11.036026	11.438061	10.7450695	11.24101	10.377419	10.949692	10.775741	10.746595	11.114922	11.026859	10.896148	10.071711	10.545017	9.588508	10.170369	10.263066	9.667281	10.355804	10.32038	10.652951	9.9759865	9.709897	9.934713	10.339439	10.527548	10.081102	10.712338	9.001536	10.733451	9.566898	10.828004	10.630279	10.3702135	9.916854	9.809969	9.280047	8.536751	10.595551	9.590804	10.106726	10.173002	10.542798	10.339687	9.662346	10.010093	10.047966
HBB_8782	12.332708	12.464613	12.002671	11.589444	11.264579	12.647806	12.891473	12.540336	13.289886	12.154449	12.345188	12.898683	12.966642	12.713679	12.440837	12.939491	11.81499	12.38626	11.548786	12.208771	12.147789	11.910396	11.7918825	11.840276	12.932245	11.281672	11.959175	11.553691	11.57844	12.510992	11.77003	12.630279	11.009403	12.243017	11.482608	12.440028	12.342534	12.425248	11.682436	12.115006	11.01936	11.167593	12.375775	11.588034	11.604462	11.999048	13.129858	12.45199	11.87826	12.132127	12.109914
HCK_8783	3.3576849	2.0728946	2.6870766	1.306817	2.905456	2.6765726	1.9740967	2.9944959	2.304984	2.7294815	1.9512244	3.216753	3.7523885	2.356276	1.2938309	1.7633755	2.23654	1.9121275	3.2689147	2.6566756	1.3618308	2.772292	1.7148082	2.4378424	3.1306887	1.2230182	2.8595514	2.0565722	1.5044802	1.7340541	1.3557978	3.0312061	2.3065865	3.062516	2.5541615	2.4129963	1.846264	1.9381144	1.7137712	2.2807243	2.7457702	3.1210482	2.1448007	2.4264417	2.0616755	0.7569108	3.4518747	1.7012914	3.453711	4.267274	4.0904775
HDAC2_8785	9.524444	9.621302	9.508617	9.459585	9.78788	9.610093	9.509403	9.542966	9.440298	9.083194	8.942451	9.273197	9.490222	9.083292	9.316523	9.401661	9.092804	9.461555	9.724859	9.805172	9.6680565	9.186695	9.479599	9.474945	9.863021	9.356444	9.301409	9.473155	9.454494	9.261331	9.533191	10.098837	9.669071	9.793645	9.599631	9.369389	9.279302	9.654652	9.368746	9.542702	9.596867	9.473621	9.52847	9.447473	9.555763	9.304304	9.195659	9.637853	9.377728	9.573467	9.528719
HDAC6_8786	7.0533934	5.61793	5.981219	5.3762093	6.4641566	6.1363373	4.7739644	6.7110634	6.8978286	6.393597	5.459608	5.157699	7.3573413	5.680035	5.2487035	5.9086823	5.5557218	5.778496	7.0209045	7.012309	5.765105	8.418559	5.47145	5.886901	5.5235453	4.8590384	7.4031644	5.519527	5.1161337	4.3496795	5.6473336	6.358901	6.0211067	5.7136955	6.1701326	5.960745	5.432284	6.3524985	5.506632	6.2527556	6.5724864	7.519594	5.7408047	5.6814513	5.603497	5.1211624	8.113249	6.946664	6.7313747	8.291477	6.8046618
HDGFRP3_8789	3.9678442	4.090557	3.9058084	4.1054654	4.546167	3.736352	3.668492	4.3476534	4.5766063	3.6163983	4.4453254	4.1975594	4.5615644	4.25777	3.5714786	4.3894033	3.9172494	3.6719112	4.1920695	4.3720603	4.252195	3.5771093	3.1057508	3.185903	4.85453	3.0598574	4.200304	3.2041273	3.97249	3.6591327	4.0525775	4.5825424	4.1356883	4.8619547	3.6015635	5.000068	3.7365477	4.564156	3.4182882	4.474157	3.714618	3.7355564	4.3090825	3.3896487	3.0255773	4.133961	4.3844	5.02356	4.336409	4.687995	4.2647033
HEATR1_8791	5.1883197	5.4691873	5.620102	5.611863	5.34613	5.359834	5.021694	5.132301	5.2794547	5.3371835	5.4829173	5.0954046	5.455769	4.8993344	5.103959	5.1749425	5.509438	5.4988313	5.180974	5.607391	5.3310165	5.760655	5.286961	5.4740043	5.7274346	5.261594	5.712976	5.395048	4.487633	5.035494	5.1733747	5.5521173	5.3940325	5.6187415	4.951203	5.370655	5.5165024	5.738574	5.2060456	5.2350597	5.476366	5.3858123	5.0418377	5.460327	4.678297	5.1772513	5.030858	5.7016463	5.890361	5.818174	5.6807
HEBP1_8792	4.5457487	5.148872	5.1050735	5.094401	5.4920144	4.44645	4.849189	4.453426	5.1250696	4.900378	5.3370547	4.8152456	5.204388	4.433116	4.722804	5.5392637	4.904904	5.4988313	5.5569134	5.6731596	5.2138357	5.5745673	4.6637425	5.1542134	6.252812	4.891829	5.2422996	5.081666	5.350728	4.045334	4.1821556	5.507305	5.0603204	5.2894125	5.0755525	5.7056613	5.3428426	5.293981	5.333887	4.669124	5.5218797	6.0542336	4.9382873	5.3356023	5.4016037	4.93849	5.9946303	5.802108	5.326059	6.2351537	5.660052
HELLS_32936	4.9209914	4.2811027	3.9787362	4.1054654	4.8646502	3.5590887	3.3948803	4.291709	4.797169	4.6402006	4.1860375	4.073784	4.5615644	3.9849255	3.480585	4.5455074	3.9172494	4.0781755	5.209325	4.658498	4.617749	5.5745673	3.9500973	4.4342127	4.3502374	4.0884933	4.883044	4.070375	3.7277203	3.826207	3.7522228	4.857096	4.3180375	2.5058906	3.6015635	4.075639	4.050856	3.7044504	3.2555978	4.5553317	4.9189024	4.804812	2.9717042	4.1516447	4.206401	3.413886	5.43482	5.5710597	5.2472124	6.6547613	5.6178474
HERC6_8794	4.806423	3.513961	2.5015457	3.591516	2.905456	1.7274573	2.4311502	1.732564	3.1510859	3.5311098	1.9512244	3.0946846	5.455769	3.0732796	2.42098	4.4953265	2.7949874	3.21582	4.4981246	3.223061	2.6994162	4.560636	3.9500973	4.2786994	5.1664495	3.2740002	3.5999305	1.8188398	2.4024103	1.3511056	2.6910543	5.388778	1.7520065	3.173584	3.7582223	4.967194	3.6645458	3.4478643	1.7137712	2.7631624	2.5835295	3.5583014	2.6167028	1.6725745	2.5265856	3.213879	3.7471902	4.8838315	4.733482	4.9838986	4.2647033
HERPUD1_8795	10.457763	9.153537	9.160395	9.343271	9.89013	9.645221	9.251394	9.720312	10.004779	9.753929	9.56858	8.8465805	9.909445	8.883809	9.15323	9.35845	9.523769	9.514302	9.950512	9.965789	9.297018	10.355645	9.599054	9.831578	9.787773	9.293415	10.069553	9.381804	9.317197	8.808917	9.28354	10.300259	9.836621	9.317748	9.8778105	9.629173	9.449638	9.703248	9.079033	9.827437	9.968594	10.011306	9.543986	9.605735	9.809063	9.385415	10.716949	9.95397	9.943331	10.448759	9.901732
HES1_8796	3.244892	2.0728946	1.7361541	2.622656	3.0380745	2.4913077	1.3012427	2.682742	2.7044885	2.1763573	1.6554753	2.2543907	3.2596772	1.4050055	0.7873415	3.1672053	2.9416285	2.851636	2.411319	3.9449909	3.0117643	3.819855	2.2643013	1.9802222	3.1306887	2.3228042	2.8595514	2.0565722	1.7864426	1.3511056	1.7394503	3.1525764	3.2755504	2.3252215	2.8610861	0.78321815	1.559129	2.5743628	1.0976686	1.8370601	3.257194	3.8166342	2.3198192	2.919052	2.0616755	1.9105306	2.9700236	2.9552677	2.5797195	4.613098	2.7721205
HEXA_8797	9.353064	8.6245985	8.9037285	8.988796	9.173412	9.138143	8.685685	9.362951	9.032483	8.725922	8.592076	9.013791	8.903915	8.560757	8.703681	9.340796	8.69554	8.632599	8.914791	8.740579	9.277076	8.119026	8.592407	8.562353	8.75095	8.826581	9.329745	8.860724	8.572484	8.734692	8.745007	9.106738	8.876262	8.861051	9.068935	8.399559	8.958331	8.662755	8.836159	9.11916	8.964892	8.961255	8.759396	9.111299	8.93402	8.610196	7.2886543	9.050396	8.803833	8.671927	8.778282
HGD_8799	10.20706	9.307519	9.146613	8.85053	9.965973	9.99375	8.622763	10.154005	10.051611	10.272114	9.623361	9.590784	10.205576	9.557268	9.790937	9.638273	9.64245	9.7935	9.99292	9.824597	9.888404	11.14916	9.045116	9.629132	9.859411	9.486922	10.742796	9.644707	8.666807	10.130411	9.233963	9.992096	9.344086	9.839635	10.08896	9.928227	9.219312	10.165769	9.921949	10.165503	9.955176	10.7646265	8.813438	9.612472	9.312751	9.643618	11.136825	10.035684	9.846354	9.991732	10.147742
HGF_32812	7.1661	8.856902	7.9183707	7.30356	8.947526	7.255353	7.453393	7.0847487	9.089963	8.091448	8.70541	7.952129	8.963721	7.9603047	8.442843	7.9707932	7.4734817	8.413321	9.002459	8.6179085	8.403327	7.3146143	7.355972	8.207277	9.604377	7.8693986	7.781533	7.32997	8.491337	7.1113462	8.702437	9.076381	6.3767753	8.6027775	7.381031	9.932491	7.7360415	8.7997055	7.2806	7.032619	8.002307	7.8043613	7.8329744	6.3946776	7.7287245	7.742608	7.111983	9.036027	8.342454	8.132966	8.886672
HIBADH_32345	7.361359	7.2681775	6.9697547	7.117014	7.4910975	7.3673015	7.232372	7.312667	7.4334154	7.2712455	7.222733	6.8250933	7.513262	7.269421	7.1915846	7.4775457	7.280274	7.19753	7.435164	7.532835	7.2151976	6.9733515	7.08395	7.168508	6.893965	6.903963	7.2859273	7.056222	7.0975537	6.8839407	7.182327	7.737267	6.661873	7.4497967	7.5778604	7.217211	7.292236	7.2257605	6.670976	7.199742	7.4161425	7.601956	7.0833297	7.2406096	7.403094	7.1540384	6.8103414	7.6754165	7.532899	7.7689915	7.5847287
HIF1A_8801	9.724377	9.185676	9.271602	9.429062	9.797268	9.454022	8.843483	9.627316	9.415531	9.262571	9.129463	9.221272	9.876312	9.098554	9.169689	9.433656	9.213201	9.248661	9.910061	9.658635	9.460271	9.294464	9.073917	9.391988	9.810389	9.015113	9.646226	9.290114	8.92671	8.755551	9.333215	9.620902	9.779453	9.302553	9.458295	9.409708	9.282312	9.333804	9.043628	9.584395	9.698226	9.571771	8.605229	9.469901	8.980097	8.853378	9.257021	9.464753	9.627748	9.727872	9.517284
HIST1H2BCL1_32672	6.7046256	8.693277	8.334234	7.589566	8.014231	7.653379	8.371666	6.9824424	7.266176	7.456127	7.9641356	7.8520675	6.8822575	8.6815	8.070679	8.068414	8.179135	7.735449	7.179778	6.9517627	7.6802855	5.925459	8.3072	7.803409	8.3387575	8.205663	6.502975	7.3356256	8.1893	8.686623	8.004161	7.1238747	7.238312	8.710314	7.095451	8.509247	8.238876	7.658748	7.5189576	7.3380747	7.322793	6.271126	7.9407263	7.0942936	8.248804	7.9818635	5.699204	7.632401	7.772281	7.0801854	7.821625
HIST1H2BF_33070	9.555815	10.2749815	9.668712	9.394724	9.768919	9.537163	9.846509	9.399804	9.679601	9.047168	9.769136	9.798114	9.638735	10.155731	9.775486	9.4924	9.775518	9.431555	9.679981	9.51955	9.710582	9.805328	9.627088	9.426363	9.836332	9.3207655	9.219642	8.972034	9.667206	9.761636	9.564726	9.801104	8.974623	10.150044	9.322139	10.03816	9.601971	9.655918	9.106148	9.260518	9.168208	9.568848	9.666505	8.994452	9.461463	9.409031	10.332237	9.588068	9.365336	10.304478	9.442179
HIST1H4A_32934	9.522933	9.717873	9.450511	9.288217	9.670182	9.317833	9.15277	9.264662	9.768347	9.298501	9.673608	9.729272	9.94754	9.732407	9.593619	9.216598	9.651803	9.4170475	9.903569	9.747822	9.687417	10.280688	9.464141	9.690848	9.874991	8.96976	9.769728	9.427541	9.282148	9.6449	9.490044	9.947714	9.650769	9.77505	9.696018	9.903461	9.665602	9.725137	9.212556	9.499766	9.590205	9.91333	9.461184	9.374849	9.024748	9.165612	10.525264	10.053118	10.022408	10.377714	9.443689
HIST2H2AA3_8804	10.134707	10.517605	10.327392	10.357639	10.203393	10.445042	10.296302	9.976866	10.125758	10.35588	10.168267	9.896155	10.093689	9.834901	10.340647	9.967625	10.432654	10.60064	10.173745	10.047625	9.92731	10.399908	10.517299	10.3766	10.522819	10.210954	10.131676	10.271364	10.329861	10.463221	10.201581	10.058637	9.791069	10.216406	10.204123	10.290706	10.308725	10.211284	10.194594	10.219425	10.0630245	10.153665	10.367274	10.335189	10.167725	10.333562	10.548796	10.256258	10.266007	10.665802	10.32051
HIST2H3C2_32796	8.699574	9.222935	9.130699	8.911416	8.535567	8.690719	8.870818	8.483796	8.521877	8.500496	8.662671	8.986161	8.410275	9.117942	8.933097	8.407188	8.920018	8.664884	8.563179	8.182613	8.497215	9.330849	8.688657	8.502095	9.041737	8.650948	8.6291485	8.622417	9.019861	9.424903	8.884825	8.733882	8.421307	9.15977	8.415455	9.04052	8.982593	8.608832	8.875213	8.638434	8.730573	8.820918	8.524848	9.016967	8.656047	8.687066	9.76751	8.6585455	8.636031	9.488281	8.780675
HK1_8805	4.4973273	5.0821414	4.73585	4.2797976	4.8999376	4.44645	4.9551463	4.73091	5.3368616	5.7305746	5.203116	3.4336874	5.264158	3.5500658	4.20331	5.075982	4.234252	4.5728903	5.5569134	5.3094826	4.5708647	4.647124	4.429132	5.4740043	5.8682203	4.8590384	4.403563	4.644765	5.841509	4.690261	4.6082644	4.9604516	4.6708455	5.0772424	4.8151155	4.899109	4.2110767	5.069037	4.6071386	4.9648857	5.355874	5.0255075	4.6079693	4.469171	5.0332947	4.93849	4.8248677	4.190987	5.9245467	5.4171486	5.5065966
HMG20B_8806	7.226759	6.9504595	6.5821443	6.772617	7.502621	7.2480593	6.4251876	7.0847487	6.9901814	7.028348	6.535195	6.5511265	7.3573413	6.581514	6.530793	6.867331	6.4573994	7.13508	7.373865	6.8793044	6.9295373	7.0388017	6.7787423	7.069161	7.143938	6.399113	7.1722903	6.6651506	6.655674	6.207513	6.9104095	7.573027	6.9187703	6.9465966	7.0277896	6.9906025	6.684824	7.2594833	6.687028	7.421634	7.1008306	7.393127	6.9565587	6.7281356	6.8883076	6.8258944	7.6738424	7.518893	7.560337	7.900786	7.534567
HMGA1_8807	7.1661	6.8834553	6.737319	6.661474	6.7517624	6.8840213	6.801715	6.9375763	6.963091	7.22447	6.998488	6.3523774	7.06139	6.581514	6.731376	6.7757025	6.4815764	6.6608067	6.972102	7.0038137	6.8433943	7.584929	6.7278714	7.0126905	7.128022	6.919949	7.0489316	6.8816495	6.95529	6.957804	6.699322	6.933765	7.3189845	6.7898035	6.7484016	7.188975	6.5908294	6.5176764	6.838429	7.1934156	7.1305165	7.4951725	6.6057773	6.973913	7.0087876	7.0147514	8.216318	7.281993	7.0271773	7.7861395	6.973152
HMGB2_8808	7.5333138	8.225347	8.034102	7.9362783	8.366128	7.9059796	7.94849	7.822401	8.611837	8.730711	8.463228	8.65472	8.44297	8.749376	7.847882	8.789412	8.658905	8.049453	7.550462	7.3901963	7.723797	7.1614156	7.710607	7.288886	7.830034	7.775877	7.426677	7.60281	7.9494653	7.743305	7.7561913	7.7128053	7.940877	8.09333	7.416738	7.2854724	7.482235	7.553936	8.733632	7.464296	7.586468	8.278672	8.575338	8.576229	8.509791	8.243947	8.1325445	8.813405	8.364412	8.554245	8.658482
HMGCR_8810	7.110847	6.9504595	6.978672	6.8758063	7.613063	7.0101027	6.437428	6.97358	7.3098383	7.2176623	6.7425447	6.6946034	7.5911727	6.7232842	6.681235	7.261872	7.112369	7.069804	7.6417036	7.383663	7.504325	7.391792	6.540121	6.9709573	7.301243	6.6304407	7.6775737	7.0074496	6.7241287	6.4052787	6.813731	7.231111	7.136763	7.2677493	7.088088	7.0149336	6.629165	7.1982026	7.045594	7.31495	7.2435045	7.304548	6.4164515	6.805422	6.7138567	6.648768	7.526033	7.6048503	7.527348	7.999656	7.674969
HMGCS2_8812	7.478242	6.6267695	6.716147	6.319336	6.275524	6.4478045	7.459408	6.1276536	6.0708017	5.691801	6.319098	6.9089804	6.13753	7.261694	6.607974	6.3789525	6.640341	6.6309457	6.62806	6.144315	6.284208	5.817707	6.1025543	5.735612	6.267416	7.1061225	7.220171	5.705742	6.133443	5.8089814	6.331431	6.3962483	6.055761	6.6236825	6.0540004	7.413009	6.619676	6.655775	7.8212442	6.587876	7.548486	7.232506	9.15832	7.529647	9.851822	8.840408	8.103503	10.784227	9.854135	9.473803	10.523462
HMMR_8814	5.800505	6.873624	6.7477894	6.791936	6.1492434	7.1959434	6.829845	5.568749	6.3747907	6.213702	5.9356375	6.2701707	5.647509	6.543782	6.2843747	6.700181	6.7136183	6.087849	6.2726393	6.0811114	7.0710273	4.7287188	6.60921	6.1338134	6.713755	6.706141	6.00617	5.8069277	6.6201887	6.531591	6.9473367	6.704858	7.2155037	6.447012	5.927695	5.7449813	6.5908294	6.180091	6.2417564	6.240535	5.587566	5.584097	5.2289977	6.250118	4.7650757	5.357987	3.8748934	5.722306	5.351412	5.125359	5.308562
HMOX1_8815	7.407945	5.4950676	6.8774123	5.975125	5.0952544	6.1363373	7.0845513	6.1435437	6.0876226	5.976224	6.033601	6.121806	6.169141	6.862614	5.67487	6.560741	5.7671843	4.839777	5.442151	4.782876	5.49067	5.6808968	5.7414184	5.2410483	6.310361	6.399113	6.262848	6.399566	5.455116	6.457138	6.451968	5.595579	5.77296	6.727453	6.0540004	6.0576205	6.2774734	6.0161624	5.559904	5.971486	5.566001	5.186695	5.8303	5.78048	6.328544	5.5822864	5.733308	6.3719025	6.610582	6.0487986	4.8428674
HN1L_8817	7.0865035	5.3323293	5.450994	5.5221663	6.058465	5.5137362	3.9675474	6.656735	5.8908353	5.4576373	5.1747684	5.7291265	6.823873	5.559163	4.873309	5.488861	5.4616203	6.116864	6.9301333	6.3987713	6.030658	7.30134	4.5275993	5.2961636	5.829378	4.346816	6.6991577	5.4377456	4.275919	3.9030073	4.4628186	6.6848745	5.3940325	5.452482	6.238238	5.1245503	5.2474875	5.659947	5.3133516	5.6589723	5.85984	7.051735	4.5738235	5.639855	5.1983166	4.652222	7.277141	6.485032	5.583087	7.9811616	5.959461
HNF1A_32881	3.8181863	3.513961	4.238368	3.9071345	3.6487305	3.6504412	3.4919653	4.109549	3.7669325	3.696925	3.7971807	2.4661293	3.9103696	3.7400002	3.5714786	3.5081706	3.510384	3.9550426	3.560594	4.080432	2.513575	3.7433898	3.542482	2.7847295	3.9764743	3.9706514	3.6803772	3.6294594	3.7277203	4.045334	4.118821	3.2645237	3.9269106	3.2767088	4.1463556	3.8050218	3.3341212	3.538559	3.493234	4.43179	4.061393	3.5583014	4.4285355	3.173454	4.5859623	3.9530077	4.152023	4.3049483	4.2310796	4.4068465	3.8196683
HNF4A_32734	9.719108	9.242165	9.404929	9.32017	9.455728	9.503867	9.844213	9.724279	9.445201	9.355431	9.227596	8.942594	9.613107	9.098554	9.171506	9.35845	9.483932	9.150348	9.583101	9.342216	9.141264	9.672445	9.332425	9.320678	8.976572	9.204849	9.684522	9.056655	9.380867	9.295563	9.707448	9.399691	9.757253	9.605881	9.634167	9.028619	9.344117	9.499606	9.040507	9.548909	9.807936	9.742296	9.531809	9.219385	9.591823	9.47904	9.415076	9.490575	9.343392	9.725652	9.498508
HOMER2_8820	7.4467125	6.8537583	7.267715	7.046378	7.0940466	6.948439	7.218253	7.5694904	7.150864	6.764411	7.046212	6.815464	7.287049	7.2064157	6.8359118	6.867331	6.682668	6.8627224	6.972102	7.195053	6.9295373	6.666766	6.86602	6.761713	6.734926	6.9745445	7.10101	7.1871195	6.844334	6.6698756	6.9104095	7.1164336	7.027522	7.059367	7.3004947	6.998759	7.038182	7.012904	6.9688897	7.1351967	7.2366962	7.4890018	7.0276566	7.219586	7.2610235	6.8258944	7.085824	7.5880632	6.895488	7.619159	7.146447
HOOK2_8821	9.427634	8.2407255	8.651091	8.712878	8.77533	8.821776	8.508484	9.182445	8.768697	8.889055	8.2690735	8.359097	8.956946	8.264738	8.307259	8.760491	8.375773	8.6916485	8.835161	8.555336	8.728414	9.584771	8.4800825	8.260212	8.458142	8.488932	9.362117	8.806773	8.075998	8.204223	8.4265375	8.786403	9.141207	8.577752	8.960212	8.180442	8.421984	8.5308895	8.700409	9.150522	9.148393	9.227147	8.384158	9.264562	8.8372	8.581905	9.825968	9.044255	8.945836	9.842962	9.140654
HOXA5_8822	4.1034265	3.7034745	3.747865	3.8344646	4.6739745	3.1218095	3.9675474	4.890084	4.8375063	3.5311098	3.869711	2.9613252	4.8997664	3.8263452	4.1453104	3.6976154	3.7679756	4.7684255	4.6298127	4.1436644	3.5838535	4.2091236	3.542482	3.8333883	3.7456298	4.248965	4.2538657	3.8351016	3.6594398	3.2526147	4.118821	3.2645237	3.999912	3.062516	4.028212	4.1940217	3.9332168	4.111387	3.0722015	4.8728747	4.438932	4.4456296	3.8195517	2.2161078	4.1430035	3.589511	4.8248677	4.3049483	4.057093	5.5232244	4.3701644
HPD_33114	8.678013	9.804507	10.170853	10.121318	9.703019	9.270022	9.716943	9.381495	8.92895	8.563599	9.70368	9.611798	8.307496	9.647493	9.5481825	9.394834	9.616756	9.306477	8.681739	8.252408	9.258703	7.4650497	9.745625	8.925636	9.039611	9.70442	9.105907	9.575887	9.5125	9.976776	9.57361	9.017678	9.313983	9.627992	9.105862	9.2343025	10.129781	8.875607	9.260275	9.494631	8.96695	8.676347	10.436603	9.293353	9.69627	9.990354	7.6247225	10.0893545	9.870668	8.556745	10.11303
HPN_33226	6.1837807	4.6000867	4.8568616	5.2972918	5.8755717	5.2762537	5.0538516	6.095338	6.4804635	6.008136	5.6773095	4.417189	6.4776163	4.938633	4.976704	5.462984	5.334645	5.4540567	6.1753945	6.064868	5.7012334	7.459085	5.47145	6.040056	6.0481415	4.955256	6.669901	5.634114	5.2842665	4.892143	5.1733747	6.15612	5.094056	5.474343	5.976364	5.7254553	5.4750075	5.4186172	4.6071386	5.956621	5.9950833	6.7958817	4.5738235	5.74168	5.649845	5.333513	6.6852527	6.4232807	6.307964	7.134753	6.536675
HPRT1_8824	6.055879	6.1610937	6.225536	6.3059597	6.0268903	6.021252	6.079606	6.174809	5.8120537	5.9102006	5.9356375	6.1373487	6.274623	6.0996256	5.866547	6.4465365	6.2336793	5.5844164	5.9587126	5.73606	6.0648975	6.1787357	5.951109	5.886901	6.130332	6.0671678	6.223116	5.946529	6.1829257	5.905468	5.85593	6.281174	5.127021	6.42473	6.1840134	6.8443923	5.7077637	5.5767865	5.770407	6.177829	5.8774548	5.8765535	5.8446903	6.2362285	6.2098103	6.0105085	5.18667	5.896027	6.431977	6.171326	6.656179
HPS5_8825	6.912786	5.415992	5.889631	5.567712	6.275524	5.986611	5.288162	6.4422407	6.3747907	6.213702	5.7749643	5.35671	6.8917623	5.559163	5.5904503	6.054436	5.307852	6.043202	6.8149323	6.474508	6.269602	6.8235526	5.4211016	5.9047437	6.2961874	5.261594	6.640038	5.854978	5.190602	4.774433	5.6473336	6.5254674	6.2775006	5.8027835	6.353268	5.685592	5.827999	6.1078777	5.333887	6.1519628	5.8948574	6.5806346	5.7253337	5.639855	5.900435	5.5401297	7.1503534	6.612242	6.5894284	7.293079	6.5479574
HRAS_33089	7.490663	7.3341837	7.568702	7.362896	7.319281	7.4836597	7.4832187	7.4721756	7.166782	7.4676495	7.038367	7.3096266	7.1511884	6.8929424	7.155312	7.356269	7.4491673	7.440681	7.482394	7.4031754	7.346261	7.0547104	7.5084343	7.467572	7.4811563	7.3790216	7.3050833	7.380091	7.2092385	7.053561	7.2796497	7.540036	7.3118343	7.427558	7.5351796	7.484448	7.3507614	7.713306	7.491801	7.4324183	6.967372	7.4951725	7.0833297	7.529647	7.532419	7.527516	6.7449794	7.9670095	7.7533855	7.9699497	7.75016
HS2ST1_8829	7.6761036	6.193067	6.1952534	6.552422	6.789884	6.8264203	6.4495654	7.101116	7.0167727	6.542673	6.7712283	6.641095	7.4821386	6.410368	6.035719	6.7330327	6.2336793	6.31766	7.5337434	7.1105347	7.0455337	6.3941183	6.1184406	6.4085054	6.958386	6.364486	7.041336	6.126958	6.2884216	5.9240146	6.490009	7.271869	7.5970774	6.3674703	6.8123546	6.6509547	6.806907	6.645609	6.2950954	7.121934	6.8739343	7.084845	6.198473	6.625315	6.2851562	6.567151	5.846698	6.972764	7.0583034	7.100891	6.9647584
HSD11B2_32369	8.329569	8.104464	8.466902	8.461633	8.699751	8.564281	8.296384	8.290389	8.5795	7.5833826	7.9432807	7.842617	8.593265	7.676318	7.9988036	8.923539	8.087589	8.206171	8.689307	8.152185	8.410002	7.124206	8.066391	8.156055	8.162461	7.8693986	8.564377	8.285129	8.239861	7.844132	8.356194	8.111226	8.187388	8.005977	8.162058	7.926263	8.119401	7.995349	7.55439	8.882107	8.676255	8.264292	8.1318	8.496904	8.256312	8.190439	7.15665	8.463729	8.75954	9.302642	8.919619
HSD17B10_8831	10.2089405	10.3707	10.440633	10.392861	10.557723	10.357096	10.116722	10.26258	10.20305	10.462661	10.288066	10.221887	10.376952	10.1671505	10.191904	10.265836	10.297037	10.445599	10.38655	10.404599	10.230441	10.744486	10.406016	10.360529	10.390653	10.069425	10.666465	10.531865	10.142466	10.221317	10.148062	10.227873	10.426447	10.237332	10.470779	10.384728	10.3343315	10.411297	10.43217	10.5719185	10.534806	10.713939	10.333235	10.665664	10.3888	10.447707	10.741769	10.846131	11.007331	11.024825	10.8137
HSD17B11_8832	7.791038	8.389571	8.3515005	8.111808	8.11902	8.191015	8.3394165	8.0835495	7.8130374	8.246642	8.214418	8.090301	7.6706233	7.9507256	8.164912	8.183807	8.333227	7.923733	8.015339	7.83536	7.8221626	7.428886	8.391335	8.311274	8.3248625	8.097367	7.622643	7.8716316	8.231066	8.501441	8.1966505	8.162704	8.38088	8.585305	8.196704	8.358952	8.443656	8.139963	7.9025435	8.232338	8.259037	7.994956	8.592495	7.9211893	8.191205	8.568859	7.404304	8.242018	8.431328	7.7689915	8.255857
HSD17B7_8834	5.387443	5.5941806	5.3719754	5.2699966	4.968024	4.95646	5.465978	5.2544	5.0921063	5.286037	5.2581925	5.5078473	5.578558	5.2820067	4.509489	5.4097934	5.4371037	4.839777	5.6216297	5.4661126	5.765105	5.5964694	5.896876	5.6107297	5.617736	5.016011	5.3931413	5.234793	5.350728	5.1967144	5.1733747	5.616829	5.221623	5.313867	5.807309	5.9097533	5.1186843	5.370047	5.114056	5.330393	5.1965966	5.932192	5.250774	5.8909845	5.454787	5.283283	5.2586884	5.966995	5.686319	5.8833666	5.1693907
HSD17B8_32395	4.3414736	5.0821414	4.9322414	5.155339	5.000899	5.156702	5.4173703	4.8519063	4.712946	4.6402006	5.4118285	4.9267755	4.6978445	4.8589354	5.073182	4.7731557	5.307852	5.1515937	4.9980674	4.5691915	4.5224047	5.198515	5.4959803	4.9630933	4.8927097	5.5759807	4.8486414	4.783652	5.494844	5.102159	5.2344084	4.5386796	4.7576065	4.6478076	4.4052587	4.752468	5.0066633	5.3197846	5.015799	5.3071437	4.8491964	4.919376	5.1384506	4.983204	4.997898	5.204499	5.6464868	5.120136	5.400819	5.5435348	5.22668
HSD3B_8835	6.5109096	7.0234084	6.8774123	7.0138392	7.0238047	7.101973	6.911086	6.9556904	6.6485925	7.3355417	7.0304785	7.0052977	6.974602	6.810606	6.9161425	7.1283045	7.150569	7.0772047	7.1508346	7.3303027	6.762251	7.022715	6.912319	7.275234	6.958386	7.099119	6.669901	6.9347844	6.748985	7.045114	7.0612125	7.0709653	6.7701797	6.690576	6.141964	7.0545955	6.5908294	6.550739	6.8093934	6.4028654	6.4364977	7.060084	6.220711	6.738026	6.945166	6.9757466	6.728165	8.420134	8.528998	8.417875	8.167184
HSDL2_8837	9.156599	9.084898	9.11663	8.873381	9.250619	8.995164	9.31911	9.129571	8.9498	8.754424	8.985928	8.599683	8.945582	8.952614	8.786649	8.972507	8.854414	8.822905	9.135834	8.851266	8.793673	7.8031116	8.91017	9.096445	9.206156	9.035434	8.990345	8.731548	9.299078	9.0685005	8.974766	8.805037	9.167192	9.201325	8.831641	9.2134285	9.238037	8.8928995	8.289159	8.962431	9.153824	8.586726	9.234065	8.669619	9.105956	9.297994	8.110007	9.164248	9.055957	8.613085	9.058232
HSP90AA1_8838	6.422911	5.795042	5.750778	5.567712	6.2484016	5.738567	5.367067	5.95831	6.4417377	6.3692307	6.0648313	6.0902104	5.986028	5.725684	5.9536114	5.4097934	5.7473793	5.9333158	6.231763	6.3857527	6.524604	5.836234	5.8783355	5.8505397	6.0649586	5.89993	5.6140385	5.705742	5.3722186	5.9423256	6.1998973	5.678762	5.730691	6.219998	6.2776093	6.026046	5.7605243	5.9012275	5.469992	6.0294595	6.0887957	5.9681273	5.8010807	5.943217	5.7383003	5.881394	5.7163568	6.4106064	6.1142197	5.749895	6.31687
HSP90B1_8840	9.952524	8.083293	8.46373	8.212021	9.413619	8.492026	7.842024	9.235304	9.43702	8.867471	8.636926	8.998979	9.575264	8.506213	7.9614773	8.870391	8.244174	8.413321	9.577675	9.467983	9.440846	10.147943	7.6626577	8.463491	8.814483	7.941649	9.734835	8.784201	7.5051003	7.57748	8.101567	9.427015	8.619644	8.719496	9.1185665	8.497783	8.529768	8.998523	8.330622	8.889953	9.22263	9.860535	7.807488	8.984101	8.274916	8.279614	10.00327	9.23245	9.1126585	10.503568	9.262085
HSPA1A_8841	5.878196	4.6000867	4.6931467	4.5304	5.4450064	4.6371956	3.825755	5.3669667	6.2155647	4.5563493	4.1860375	4.651712	6.345509	6.247786	5.1925364	5.6350756	3.8445423	4.940594	6.2455173	5.8541875	5.3310165	4.982656	3.3405793	4.7024956	5.978842	3.2740002	5.344592	4.175031	4.229575	3.6591327	4.6082644	5.388778	5.7519803	5.264536	5.1050344	5.5367002	4.567557	5.2136807	3.8187468	5.3071437	5.355874	5.2754154	5.8730483	4.469171	4.0071836	4.294727	5.5541043	5.3231273	5.424902	5.8673425	5.3860445
HSPA1L_33069	2.9888134	4.2203417	2.038651	0.7965775	3.1595216	0.0	1.6765455	2.8470235	3.8481479	4.5563493	3.3670683	1.706109	2.0423498	3.7400002	3.167487	1.3766294	1.6904588	2.363299	2.7569108	4.658498	5.785782	1.2974738	0.8162666	2.2271013	5.342288	3.0598574	1.9188775	1.5340518	2.0222046	0.82825595	2.6910543	5.3384995	0.83949393	5.430285	0.76228935	3.7286186	2.904811	4.380197	1.4383613	1.8370601	1.9462588	0.82376546	2.9717042	1.2978095	0.8429203	1.9105306	2.0380995	3.7015753	2.7418792	4.4929166	3.388955
HSPA2_32402	5.0937805	5.5941806	4.9322414	4.3335214	5.1253834	4.95646	4.920685	4.890084	4.988441	6.5317373	5.0554576	3.8656	6.055333	4.638	5.2487035	4.6409187	5.36095	5.5207086	6.3254	6.474508	6.269602	6.707589	5.634999	6.304817	7.062541	5.016011	5.4630322	4.848383	6.0154805	4.7329607	5.2929645	5.616829	5.127021	6.0411425	4.5408807	5.2664194	4.2607594	6.248861	5.0409975	4.7402864	5.9458404	5.512895	5.1148973	5.0482435	5.1667876	5.5822864	6.036206	6.249141	6.0993323	5.4605193	5.907852
HSPA4_8843	9.440497	9.035051	9.071496	9.118793	9.221276	8.953171	8.721161	9.368032	9.303002	9.206942	8.8954525	8.927029	9.570833	8.925974	8.85835	9.013197	8.854414	8.947252	9.613915	9.424087	9.143269	9.281002	8.8848505	8.929998	9.271004	8.815942	9.348332	8.826991	8.829071	8.783751	9.033902	9.051235	9.610542	9.13425	9.3268385	8.940332	8.933654	9.146443	8.871706	9.168372	9.210519	9.584849	8.907262	9.103668	8.926979	8.872616	9.479285	9.398903	9.3591	9.9051075	9.351725
HSPA5_8844	7.850073	7.6135573	7.562784	7.6437364	7.6906776	7.6968865	7.441288	7.269873	7.5891848	7.5239196	7.6611266	7.62285	7.001191	7.1655927	7.2339416	7.5158067	7.7270956	7.2244406	7.435164	7.532835	7.7764034	5.9930673	7.7053576	7.735243	7.6013055	7.418941	7.165319	7.6625323	7.4404464	7.52984	7.585149	7.330925	7.2078204	7.8135977	7.187901	7.61221	7.963105	7.5808616	7.50091	7.4377804	7.354585	7.2904243	7.089385	7.5578394	7.5929794	7.779314	5.733308	7.797264	8.102253	6.5279856	8.107432
HSPA8_8845	15.536365	14.776725	14.963448	15.549313	15.304274	15.322595	14.740506	15.474085	15.631259	15.348911	15.321829	15.294947	15.290702	15.008023	15.118978	15.337214	15.561433	14.9803095	15.497826	15.439915	15.759049	15.01658	15.620112	15.435441	15.76913	15.226315	15.248363	15.20624	15.20444	15.117503	15.486377	15.781908	15.857741	15.293618	15.26751	15.259835	15.535048	15.523462	15.22114	15.009274	15.460567	15.182115	15.430796	15.204795	15.011415	15.219605	15.117861	15.37604	15.375181	14.229725	15.355707
HSPB1_8847	4.9572444	5.047582	4.4063993	4.4353166	4.454204	4.226587	4.5214376	4.453426	5.1572967	4.598884	5.024022	3.707994	5.2931385	4.8589354	5.477466	4.7304096	4.8686957	5.1232753	4.861828	4.7425966	5.2138357	4.7678485	4.6197734	4.8199863	5.662621	4.565833	4.883044	4.6078486	4.3643665	4.1115565	4.4628186	3.8710911	3.7687938	5.133281	4.2555523	5.6024013	4.2607594	4.802422	4.5021796	4.9348626	4.340757	5.124364	4.826726	5.1701365	5.229171	5.231241	6.2157984	5.0564756	5.2472124	5.641007	5.0474997
HSPD1_8849	10.802242	10.821069	11.052691	10.903072	10.891015	11.043418	10.748376	10.925351	10.784383	10.839884	10.773045	10.530758	10.828684	10.479281	11.05568	11.081882	10.66483	10.93542	10.982491	11.03083	10.888838	10.593393	11.104677	10.8996935	10.544714	10.988595	11.013184	10.99556	10.882513	10.78637	10.871168	10.590751	10.35954	10.820297	10.748082	10.831433	10.797409	10.502839	10.955569	10.97647	10.801374	11.029862	10.688735	11.456069	10.955641	10.8478	9.980378	11.080714	11.47925	10.328086	11.348052
HTATSF1_8852	9.164373	9.469666	9.352724	9.300072	9.223019	9.360733	9.299127	9.147411	9.423834	9.339841	9.09773	8.793616	9.414762	9.096384	9.2371855	9.202983	9.090841	9.276252	9.4557705	9.449333	9.305993	8.880192	9.487267	9.48239	9.594275	9.268661	9.23304	9.178102	9.48687	9.127704	9.350549	9.33865	9.496918	9.2127495	9.197668	9.134198	8.958331	9.28224	9.205608	9.313982	9.320855	9.032991	9.039809	9.247354	9.04873	9.233321	8.818649	9.236046	9.258829	9.359596	9.381986
HTRA1_8856	10.605703	9.29284	9.836294	9.597726	9.905404	9.503867	9.628959	9.916877	9.8811865	9.283911	9.232761	9.46709	9.6274	9.692731	9.173322	9.542681	9.273296	9.185011	9.498039	9.145792	9.416192	9.817036	9.10415	9.179407	9.320862	9.509548	9.717067	9.3859	9.092872	9.165215	9.36085	9.690202	10.0536175	9.652168	10.064781	9.367815	9.597144	9.202999	9.242735	9.650544	9.658023	9.97092	9.373338	9.891463	9.737094	9.33545	10.323169	9.651382	9.394595	10.479392	9.351725
HYOU1_8857	7.189147	5.7527604	5.6427197	5.6756563	6.1492434	5.7997093	5.580783	6.6456194	6.659884	6.26743	6.29296	5.9028625	6.3998117	5.8950763	5.453767	6.322509	5.334645	6.043202	6.99671	6.897763	6.0817175	6.9480214	5.7617917	6.2639284	6.3243966	5.89993	6.8972974	5.9166527	5.5896263	5.102159	5.7964554	5.986909	6.2175465	6.011546	6.471166	6.365782	5.495904	6.506485	5.506632	6.5684524	6.4600716	7.084845	5.8446903	6.5710196	5.9568267	6.1710553	7.6825967	7.1201625	6.0993323	7.884955	6.3036184
IARS_33171	6.7362657	5.664288	5.750778	5.8331466	6.5219245	5.914729	5.6455216	6.174809	6.4285946	6.26743	6.3060884	5.60047	6.4776163	5.991661	5.5904503	6.5236683	5.307852	6.1024294	6.6175203	6.318837	6.1471024	6.804861	5.8595533	6.1338134	6.4058585	5.9159603	6.6991577	5.886145	6.0425406	6.0133305	6.2598414	6.1990204	6.3904157	6.167289	6.2646046	5.874729	5.969182	6.092991	5.9000072	6.2768903	6.3633738	6.4469543	5.994181	5.993624	5.975145	6.1710553	6.711153	6.645074	6.443811	7.0234723	6.418715
IARS2_8858	6.582288	6.0606885	6.3267817	6.265071	6.808574	6.1520534	5.747355	6.480278	6.290125	6.5317373	6.2254663	6.2701707	6.5393944	6.1338897	6.08283	6.7861753	6.002593	6.116864	6.758492	6.4867525	6.254846	6.381559	5.986164	6.148864	6.556159	6.1909046	6.8803678	6.366797	6.3546968	5.905468	6.451968	6.141531	6.3350625	5.8199596	6.590612	5.7254553	6.289492	6.092991	6.1636057	6.4028654	6.6359572	6.8255677	5.8010807	6.582043	6.3706656	6.790369	5.7666245	6.7393107	6.7600565	6.8467836	6.7952247
ICAM1_8859	5.608707	5.61793	5.5013666	5.155339	5.0330415	4.8448496	4.474693	5.545017	5.6402764	5.4106555	5.8664265	5.483732	5.8753977	5.5841613	5.1925364	5.5392637	5.532766	5.476618	5.7999935	5.514759	5.7012334	4.560636	4.8654838	5.4740043	5.3696184	5.35862	5.4855967	5.2588058	5.494844	4.5540113	5.3213744	5.8854995	5.57216	5.4958773	4.4052587	5.9097533	4.9165425	5.3197846	5.114056	5.2102084	5.168253	5.33167	5.1384506	5.25524	4.997898	5.1211624	4.584488	5.63783	5.2739763	5.641007	5.4595776
ICMT_8860	3.5598304	4.395448	4.1143847	3.9763188	3.947468	4.036466	3.4919653	4.5988293	3.3867955	3.696925	3.64017	3.329294	3.7523885	3.4448164	3.3835778	4.015051	4.052516	3.21582	4.451415	3.5374908	4.0618725	4.4203296	2.9722497	3.4994485	4.2360806	3.625497	4.403563	3.4740329	3.7277203	3.2526147	3.4771605	3.4653084	3.2755504	3.8451312	3.6015635	4.40511	4.1062636	3.9222193	3.6972067	4.388141	4.2354107	4.339885	3.6980062	4.3191257	4.7223387	4.076129	3.8124545	4.249093	4.386324	5.3262887	4.0904775
ID2_8861	11.205036	10.742897	10.918946	10.516324	10.950602	10.7233715	11.026239	10.761896	10.833824	10.592658	10.789497	10.50852	10.541482	10.811796	10.808341	10.677301	10.704531	10.933383	10.854269	10.53782	10.658086	10.9203	10.222509	10.687401	10.7379875	10.872743	10.520446	11.230366	10.461634	10.614329	10.765928	10.335935	10.493551	11.025325	10.827608	10.606411	10.638524	10.771796	10.9401655	10.891094	10.726202	11.1476555	10.763539	10.970473	11.001043	10.977355	10.946431	10.566569	10.839983	11.178022	10.821856
IDE_8862	10.085398	9.323857	9.608226	9.700974	10.293222	9.777757	9.13409	10.060849	9.950641	9.8306675	9.66599	9.663703	10.029478	9.757347	9.427143	9.805907	9.526677	9.69111	10.445835	10.304391	10.114671	9.166704	9.303185	9.754959	9.801636	9.178513	9.83708	9.580658	9.086385	8.989257	9.334957	10.006256	10.10416	9.80878	9.941503	9.6577835	9.744117	9.860949	9.434403	9.924209	9.978829	9.947484	9.121859	9.570191	9.374432	9.27408	8.607336	9.764026	9.951644	9.525772	9.939704
IDH2_33002	12.253379	10.263734	10.452683	10.707121	11.792829	10.750079	9.457761	11.893906	11.740097	11.216251	10.694103	10.897681	12.512539	10.815759	10.090857	11.244039	10.441926	10.674465	12.837599	12.350147	11.405034	12.117707	9.917776	10.747341	11.38552	9.793884	12.279972	10.714966	9.4979105	9.4650345	9.99994	11.920954	11.844756	10.542302	12.040117	10.884667	11.31037	10.798997	10.573254	11.564108	12.149343	12.614188	10.068637	11.3564625	10.235778	9.942606	12.313369	11.557137	11.302454	12.956575	11.338744
IDH3A_33174	10.446649	10.40949	10.741712	10.76936	10.447265	10.464053	10.246737	10.4306555	10.165912	10.373597	10.288066	10.339932	10.234812	10.454925	10.370223	10.419217	10.535836	10.396897	10.612331	10.212452	10.590647	9.639859	10.438019	10.337724	10.499812	10.608116	10.328624	10.520117	10.435715	10.427107	10.566742	10.18761	10.874564	10.362763	10.3311825	10.281542	10.60285	10.08907	10.695824	10.619292	10.606536	10.238872	10.287878	10.684326	10.30891	10.368613	9.565817	10.224929	10.4554825	9.903144	10.327074
IDI1_8863	4.6819654	6.0256047	5.4251323	5.242175	5.765088	5.759237	5.4896817	5.311781	4.9149466	6.1578956	5.636318	5.5778656	5.8167295	5.187294	5.5007815	5.767825	5.665324	5.5422583	5.7036357	6.0971737	5.588065	5.4111705	5.47145	5.886901	5.76908	5.3109226	5.268561	5.282425	5.166204	5.498431	5.530514	5.117785	5.0257773	5.9029	5.4418483	6.3783393	5.1973376	4.873835	5.577233	5.441331	5.405285	5.584097	4.797434	5.361425	5.454787	5.1494794	5.392762	6.067301	6.228094	5.3262887	5.9424624
IER2_32643	6.2140594	5.047582	4.9322414	4.9978786	5.6244926	4.7653375	4.653219	5.7664127	5.9286695	5.3118367	5.4829173	5.35671	6.551439	4.638	4.8000183	4.9697304	4.714029	5.09439	6.449431	5.835159	5.0862885	6.697491	3.719566	4.893314	5.640353	4.6449075	5.958572	5.539268	5.0104585	4.1115565	5.5059705	5.8678823	5.5234704	5.160505	5.3463283	5.444169	5.388256	5.7575793	5.137609	5.7130427	6.011131	6.1973515	4.7675343	5.386793	4.8469296	4.4393606	6.7698383	6.018019	5.855345	7.6286964	6.149205
IER3_8864	4.845632	5.1158924	5.5500393	5.0307755	4.8999376	4.4965525	4.5667157	4.73091	4.8375063	4.598884	4.347129	4.25568	5.2345824	4.4871287	4.68259	4.8942833	4.7542777	4.839777	5.2644076	4.93361	4.9826365	4.7678485	4.429132	4.6184916	5.1664495	4.8254848	4.813399	4.5699625	5.1161337	4.5540113	5.0084386	4.857096	5.2814116	4.794044	4.3570623	4.453386	4.9772444	4.9418797	4.2227526	4.8728747	4.2890453	5.059218	4.5388503	5.2274265	3.857236	4.7292876	5.7163568	4.769369	5.539633	6.476097	5.4832788
IFI30_32493	4.4472237	4.339408	4.649141	4.743846	4.8999376	4.394545	4.5667157	4.77238	3.925034	3.696925	4.782408	4.9966097	4.6978445	4.6849766	4.7619276	3.8650463	4.904904	4.1916203	4.9651947	4.9689555	4.4203105	5.198515	4.9026546	4.574581	4.5545726	4.1974325	4.9494805	4.3190255	4.8664517	4.293731	5.0084386	4.8923774	4.199067	4.0336113	4.7039027	4.249759	5.0066633	4.564156	4.388982	5.0790944	4.658599	5.059218	4.5738235	3.9621353	4.8065834	4.76633	5.6464868	4.989876	4.4345694	5.502624	5.015347
IFIT2_8867	8.3871765	7.642792	6.9963427	6.650933	7.7205906	6.6823378	6.7437544	7.401249	7.807971	6.863685	7.493368	7.2889004	7.959846	7.5614285	6.639828	7.356269	6.8122373	7.1491933	8.360057	7.928075	7.8857985	7.1614156	6.8753996	6.874659	8.538607	6.6592956	7.5334096	6.8582644	7.0975537	6.309782	7.5069127	8.455889	7.758305	8.089794	7.06577	7.2987456	6.957621	7.5755167	6.873921	7.4799747	7.553974	7.7843447	7.2054415	7.1472087	6.4901185	7.045213	7.435713	7.9969926	7.8763757	8.2016735	7.898558
IFIT3_8868	3.3576849	2.0728946	1.7361541	1.6829898	2.4136927	1.7274573	2.6148129	1.732564	1.7505945	2.7294815	2.1965384	2.4661293	0.0	2.356276	1.9647921	2.3194807	1.3132819	2.363299	2.2015305	0.0	1.7463846	2.6095028	1.7148082	1.3061277	3.3660054	2.663887	2.7142618	1.1788656	3.5123456	1.3511056	2.0422144	1.952323	2.3065865	2.3252215	2.7157705	1.2880224	2.7740545	1.9381144	1.4383613	3.4971333	2.1913016	2.675847	2.1448007	1.6725745	1.3714777	2.3615465	2.5780368	2.9552677	2.3969975	3.141468	3.284909
IFITM2_8870	6.435816	7.2831087	6.61683	6.332589	7.0476007	6.4855084	6.820529	6.565316	6.9539466	6.2541842	6.7425447	6.9623127	6.8038745	6.9989905	6.484762	6.7330327	6.5631413	6.043202	6.9803514	7.1875706	6.966232	6.1787357	6.1496983	6.6284695	7.220987	6.410473	6.2364817	6.0738053	6.789482	6.744816	6.451968	6.782132	6.8011475	7.248849	5.9110994	7.3053365	6.215832	6.772489	6.080978	6.63532	6.2188544	5.9681273	6.943247	6.250118	6.2851562	6.2119083	6.519253	6.435844	6.255212	6.4548073	6.624556
IFNAR1_8872	3.3576849	3.4089699	2.6870766	2.2280116	2.7594013	2.8407314	1.9740967	3.1282818	3.3867955	2.5675821	3.3670683	3.0946846	3.4773233	3.0732796	1.6679709	2.71987	2.7949874	2.363299	3.035508	2.4719195	3.6753457	3.662644	2.4763973	1.6821929	3.4706786	2.5034022	2.7142618	2.9913046	1.7864426	1.3511056	2.0422144	3.7985559	2.7061894	2.1186442	2.9930947	3.0373216	2.2908719	3.4478643	1.9449388	3.4971333	3.0240266	4.035659	2.7449903	2.609976	2.3127773	2.5432677	4.4677935	3.5246851	3.0200155	4.2175784	3.051179
IFNGR1_32668	6.884825	6.4528112	6.886917	6.640313	7.218062	6.3144946	6.5987062	7.051446	6.8591657	6.172051	6.7033906	6.662737	7.001191	6.98028	6.9419246	6.7330327	6.3951225	6.709241	7.1508346	6.978023	7.054082	6.406569	6.442534	6.37049	7.2941284	6.6206923	6.9711137	6.4629536	6.681727	6.252233	6.5270715	7.318009	7.282873	6.633431	6.907453	7.0778794	6.806907	6.880463	6.831225	6.835466	7.0628433	6.702971	6.8392878	6.026276	6.384437	6.556617	6.1791515	7.2252235	7.3053317	7.4785585	7.3790126
IFRD2_8875	3.894955	3.7034745	3.57048	4.2797976	4.1948323	4.226587	3.9675474	4.172859	3.998029	4.2172728	4.067694	4.25568	4.052746	4.4871287	3.8867385	3.6060004	3.6871164	3.5063531	4.1340966	4.614536	3.9194357	4.027579	3.719566	4.7427316	4.5545726	3.5453217	4.200304	4.070375	3.7929146	3.470145	3.9831457	4.993321	4.199067	4.200289	4.088493	3.6479416	3.9332168	4.7653446	2.9709482	4.474157	3.9325047	4.4456296	4.5388503	3.663165	4.1430035	3.589511	4.152023	4.5557666	4.5703197	4.1127377	4.2647033
IGF1R_8877	5.2185044	3.0385108	3.3681867	4.1659474	4.714179	3.3569534	2.4311502	5.3396378	5.1250696	4.2172728	3.9387684	3.4336874	5.1420355	3.2080395	4.68259	4.2750826	4.052516	4.693361	4.9980674	5.0371494	4.870957	5.618044	3.1057508	4.2228994	4.5061374	2.663887	5.416816	3.7697577	3.7277203	2.0363805	2.505423	4.7457614	4.799106	3.173584	4.9183655	3.6479416	4.050856	4.380197	3.9837794	4.9348626	4.7759504	5.695473	3.9845908	4.2654305	4.4353356	3.8183901	5.327282	4.645037	4.8800516	5.7145042	5.5065966
IGF2BP2_8878	5.1883197	5.38864	5.1050735	4.9978786	5.5816708	5.41298	4.3246193	5.311781	5.791667	5.0611277	5.3112435	4.6943655	6.2600183	4.25777	4.976704	5.041427	5.334645	5.233359	5.5788093	5.909811	5.49067	5.9764595	4.9388924	5.6745214	5.84893	5.286469	5.5078135	5.519527	5.762336	4.690261	5.455594	5.4132757	6.1708865	5.313867	5.1050344	5.5367002	4.717422	5.442302	5.628005	5.971486	5.9290457	5.737723	5.206888	5.78048	5.1667876	4.8720703	6.1029415	5.593662	5.7061076	6.4001675	6.1343126
IGF2R_8879	9.198848	9.331059	9.526971	9.467115	8.66684	9.08182	9.23571	8.799287	8.493758	8.541962	8.756515	8.955802	8.346037	9.081099	9.158737	9.03751	9.462833	9.218861	8.448935	8.052737	8.964371	8.228271	9.026294	8.816763	8.732648	9.119169	8.823237	8.962927	9.2864	9.178792	9.320955	9.204722	9.753299	9.32829	9.234817	8.834946	9.448299	8.5336485	8.904683	9.286012	9.050852	8.428062	8.755593	9.303379	9.164995	9.121621	8.225332	8.998407	9.176111	8.963305	9.077825
IGFALS_8880	5.9519153	5.5941806	5.686919	6.3457217	5.9105964	5.2177157	5.8424716	6.0622816	6.2001786	5.568805	5.6973767	5.4088683	5.796631	5.5337243	5.134093	6.308046	5.5783186	5.8143644	5.723429	5.514759	5.959639	4.4203296	5.342123	5.4740043	5.1664495	5.728995	6.168378	5.5969205	5.3289127	5.705577	5.836376	5.738146	6.055761	5.6574764	6.0839214	5.420078	5.8605886	5.7575793	5.2281547	6.2648735	5.6908045	5.358995	5.858939	5.460327	6.113872	5.914772	5.534896	6.1910377	5.974354	5.3026505	5.660052
IGFBP1_32306	8.251431	7.4378967	7.3247776	7.600564	8.492871	7.2770157	7.0923133	7.660653	8.002348	7.310166	7.686447	7.224873	8.771168	7.344495	6.5863404	8.123139	7.327725	7.0473723	8.085845	8.305219	7.946745	6.23567	7.123847	7.00444	7.286979	7.2957087	7.953261	7.579165	7.762748	7.2863965	7.5314403	7.7128053	8.384293	7.3587074	7.474353	8.045227	7.19974	6.655775	6.8809156	8.392784	8.429932	7.7640457	6.824843	7.9124823	7.429903	7.685736	6.5860963	7.501069	7.0812154	8.835295	7.9673996
IGFBP3_8881	8.931376	9.887454	10.104168	9.357928	9.838775	8.850957	8.882056	9.48178	9.364683	8.17465	10.302058	10.461447	9.194368	10.728058	9.816713	9.644043	9.727045	9.289055	8.953017	9.047954	9.329069	7.9967146	8.243435	8.1708765	8.960934	9.388392	9.328186	8.968398	9.11056	8.547024	9.149333	10.113861	8.720285	10.683887	8.791405	9.976518	9.379687	9.459544	9.191612	9.088805	9.060522	8.815996	10.124991	7.644523	9.330645	9.576115	10.061479	9.446243	8.480989	10.933025	9.805128
IGFBP6_33233	2.6772566	2.8903687	3.3681867	3.2992017	3.6487305	2.0292463	1.3012427	2.682742	2.8691986	3.1283326	4.492026	2.4661293	2.8556545	4.127788	4.0218096	3.0329375	4.4939933	3.5915058	2.2015305	4.1436644	3.3813758	3.0513556	3.8772712	2.6216867	4.815312	3.0598574	3.6803772	3.2998173	4.3208203	3.745087	2.505423	3.7985559	2.3065865	4.6478076	1.9201866	4.136044	3.4240882	3.9222193	2.475174	3.013504	1.6509043	3.2433975	3.6331644	2.772775	2.7127588	3.1024148	3.4518747	4.1304426	4.5264735	4.16611	3.8922832
IGFBP7_32929	12.360045	13.407497	13.356117	13.151486	12.789983	12.913601	13.055805	12.31595	12.87395	12.836797	13.202812	13.234104	12.658014	13.087642	13.407359	12.983103	13.1303005	13.19081	12.618262	12.605891	12.988527	12.151157	12.936492	12.903016	13.5105915	13.405128	12.730403	13.337769	13.690282	13.074306	13.354395	12.810247	11.98818	13.21504	12.439242	13.48287	12.932802	12.874901	13.312678	12.8977165	12.579178	12.233369	12.9309225	12.862568	12.894731	13.023584	11.647498	12.575113	12.653002	12.458719	12.686416
IGG-2A_33162	1.345864	3.7896457	3.3681867	3.1869333	3.947468	1.3453724	1.3012427	2.9944959	1.7505945	0.0	0.7796854	2.0061407	3.0032618	2.10312	3.167487	2.533521	2.23654	0.75779927	1.9559586	2.8204348	3.4861639	1.2974738	1.3343891	3.0641665	1.7344642	3.0598574	1.2573991	1.5340518	1.1536862	3.6591327	0.0	2.5903506	0.0	3.173584	2.8610861	1.2880224	1.559129	3.7807512	2.3191266	0.0	0.7768912	2.4906006	2.1448007	1.6725745	2.87763	3.3173459	2.4195006	3.5246851	3.1412594	5.0133224	3.8196683
IGH-6_32666	2.9888134	2.8903687	4.1143847	3.1869333	4.968024	1.3453724	1.3012427	2.8470235	3.1510859	3.1283326	1.2830404	3.7889483	2.8556545	3.9849255	3.3835778	2.0680585	5.5557218	0.75779927	1.2868032	3.1009257	2.6994162	5.3087573	3.719566	5.83201	2.036824	2.8082936	3.6803772	2.0565722	2.2247963	3.2526147	1.7394503	3.7221797	0.0	0.0	2.7157705	2.4129963	4.820415	3.9880698	3.2555978	0.0	2.1913016	2.8399913	2.7449903	1.6725745	3.5005221	1.2508019	3.4518747	4.9553866	4.6128726	6.343376	5.015347
IGHA_8883	0.0	0.0	0.82956785	0.7965775	1.2885287	0.0	0.0	4.5035396	0.83860815	0.7689436	4.295405	0.0	1.7395756	0.0	0.0	1.3766294	4.9747024	0.0	0.7823533	0.8139097	4.310437	3.2850893	0.0	4.4342127	0.82851213	3.2740002	5.2422996	2.8718307	2.7030282	0.82825595	1.3557978	1.952323	3.1528687	0.0	0.76228935	4.40511	0.0	0.77231747	4.1318564	0.0	0.0	1.3448509	1.438908	0.0	0.8429203	0.0	5.6102405	1.3226663	1.942873	2.090884	3.9614177
IGHMBP2_8884	3.244892	2.0728946	1.3529313	1.9810864	2.5968776	2.4913077	1.6765455	3.1282818	3.6808712	2.1763573	1.6554753	1.706109	3.574956	2.10312	1.6679709	2.533521	2.631737	2.7064807	2.7569108	2.6566756	1.7463846	3.9616058	2.0155594	0.79608655	2.8493636	2.1163197	3.32757	0.70663524	1.7864426	0.82825595	2.505423	2.7527363	2.055782	2.3252215	2.5541615	2.7586706	2.7740545	3.0143752	0.650804	2.6195595	2.1913016	2.987353	3.1675818	2.609976	2.5265856	1.618053	3.934742	2.9552677	3.0200155	3.2443137	3.662459
IGJ_32511	4.395317	5.8361197	5.686919	5.155339	5.7262964	5.489199	4.033539	5.568749	5.418904	4.7574925	4.9590178	5.666232	5.204388	5.4814596	4.9430556	5.109729	6.6510396	4.804542	4.711368	4.658498	5.9227743	3.8924706	5.258569	6.056112	5.617736	4.8590384	5.892562	4.531055	4.4066367	5.726859	5.0084386	4.7457614	4.199067	5.3379145	4.8503594	5.6024013	5.4538035	5.511111	5.755261	4.1475735	5.2243943	5.4883585	4.826726	5.0482435	5.1345544	5.231241	4.726708	6.4606476	5.44859	6.2351537	5.8902307
IGTP_8887	6.74666	6.591218	6.546604	6.702887	6.672357	6.522252	6.3100853	6.6117496	6.8093333	6.3814654	6.489893	6.562684	6.4776163	6.711988	6.2843747	6.677857	6.4573994	6.4489613	6.777552	6.359358	6.872684	5.9080496	6.3513703	6.087696	6.7453966	6.519408	6.288741	6.377803	6.5929904	6.161362	6.4260387	6.6020536	6.3350625	6.522396	6.2113805	6.6089478	6.6938953	6.506485	6.5356936	6.607041	6.8383985	6.5453873	5.914566	5.9086065	6.552442	6.412171	5.161842	6.964116	6.6417413	6.486625	6.6972923
IKBIP_32492	4.0372276	3.7896457	3.57048	4.042337	3.8058178	2.8407314	2.7777128	3.1282818	4.528138	2.875032	3.9387684	3.9383843	3.4773233	4.127788	3.480585	3.9419975	4.1761804	3.104337	4.3531976	3.714521	3.3813758	3.4861825	3.4450598	3.185903	4.815312	3.1708984	3.32757	2.8718307	3.7929146	2.8488586	3.3724391	4.069087	2.055782	3.7042391	3.1140306	4.5892177	3.5887606	3.9880698	2.7442534	3.652791	3.257194	3.356177	3.340016	2.772775	4.4353356	3.5043693	3.3675282	4.410563	3.1412594	4.16611	3.8196683
IKBKAP_8888	4.3414736	4.647012	4.5084467	4.743846	4.4059267	4.4965525	4.033539	4.551971	4.8375063	4.598884	4.347129	4.25568	5.3494105	3.5500658	4.722804	4.8550267	4.2900763	4.907765	4.897113	4.8220615	4.749901	5.386241	4.323448	4.661105	5.0015373	4.29872	4.740221	4.449943	4.08088	3.745087	4.5613933	5.025458	4.8394446	4.794044	4.583395	4.453386	4.2607594	4.648027	4.6071386	4.9648857	4.61726	4.63637	4.350009	4.091199	3.689876	4.570806	4.9461503	4.729104	4.8800516	5.3724337	4.8790526
IKBKB_8889	5.9338355	4.7792716	5.2593985	4.743846	5.34613	5.1875315	4.7739644	5.6150737	5.8120537	5.2597675	4.819502	5.0954046	5.8944354	5.559163	4.722804	4.9325	5.16587	5.335634	5.92492	5.194739	5.5401893	6.707589	4.5744224	4.8199863	5.0015373	4.4821725	5.9093494	4.998542	5.0642633	4.774433	4.9730616	5.9704947	5.1592493	5.133281	5.321426	4.863822	4.717422	5.4656053	5.0901117	5.504017	5.405285	6.381839	5.0418377	5.1701365	5.0332947	4.76633	7.717091	5.5247655	5.7061076	7.5201473	5.8543286
IKBKE_8890	5.6313214	4.090557	4.238368	4.7829914	4.9343824	4.44645	3.8983924	4.5988293	4.6234994	4.2708697	3.5547543	3.707994	4.86158	4.3186173	2.9132285	4.686358	4.1156726	3.104337	4.6298127	4.318261	4.36642	4.4686303	3.8772712	4.2228994	4.5061374	3.842321	5.4630322	3.8351016	2.7030282	2.4990745	3.833374	4.9604516	4.9903865	3.5480838	4.4970746	3.1587603	4.1062636	4.1693053	3.4182882	5.2835135	4.8491964	5.059218	2.862796	4.4208694	3.857236	3.9530077	5.57306	5.21065	5.326059	5.8511386	5.109732
IL13RA1_8891	8.980643	9.082766	9.00322	9.005443	9.086105	8.860554	8.836568	8.698011	9.331527	9.103646	9.256625	9.065481	9.312313	9.151779	9.085447	9.279107	9.110354	9.132699	9.376732	9.39352	9.102642	8.217711	9.071879	9.1885395	9.69359	9.146601	8.988371	8.957436	9.079868	8.953594	9.086577	9.352967	9.643667	9.270115	9.17352	9.223904	9.130233	9.034029	8.988026	9.231482	9.426344	9.03934	8.937787	9.169098	8.9503145	9.146421	8.35146	9.281999	9.441093	9.205608	9.498508
IL18_32962	4.227354	4.156908	3.472876	2.785719	4.5900397	3.2441669	3.8983924	3.7431152	4.0675077	2.875032	4.2417574	5.1878657	3.9833133	3.9849255	3.9558542	3.6060004	4.234252	2.851636	4.403142	3.335659	3.1457682	3.0513556	3.542482	2.2271013	3.9764743	3.2740002	4.0265417	3.101637	3.6594398	3.470145	3.9102025	4.5825424	4.42794	4.301587	3.225608	3.5624845	3.8051264	4.224988	3.493234	3.8587036	3.3610175	3.2433975	3.6331644	1.6725745	3.0255773	2.8497622	3.8748934	3.8591263	3.8592093	4.687995	4.5151744
IL1B_8892	3.9678442	4.820794	4.1143847	3.677126	4.1948323	3.2441669	4.2709126	3.5657802	3.998029	3.6163983	4.2417574	4.776067	3.574956	5.085924	4.2590675	4.8942833	4.445652	3.7480712	4.5433693	3.872183	4.1915016	2.215664	5.139058	4.2228994	3.5682683	4.248965	2.9915388	4.175031	4.3208203	4.600872	3.7522228	4.706655	3.018777	4.9888787	3.3291726	4.899109	4.527525	4.802422	4.1780205	4.248663	4.3906794	3.6496496	4.797434	3.2855973	4.076691	3.9530077	2.0380995	4.1304426	3.5444415	3.811508	5.5065966
IL1R1_8893	6.912786	6.661466	6.460106	6.5180316	7.1537366	6.1043816	5.89667	6.565316	6.7681894	5.786849	6.7521696	6.8722982	7.1352715	6.711988	6.2843747	6.7757025	5.898691	6.3051085	7.2966933	6.897763	7.0020165	6.207484	6.134154	5.9397798	7.167488	6.399113	6.9305716	6.1528177	6.029074	5.448061	6.3996353	7.442245	6.4039283	6.9069586	6.2776093	7.2031617	6.348127	6.495206	6.1520877	6.4246335	6.1480513	6.5214014	6.4450674	5.597024	5.3742585	6.0709767	6.538669	7.0401397	6.5787344	7.7118096	6.973152
IL2RG_8894	3.894955	3.8709588	2.5015457	3.0651855	4.2505713	3.3569534	4.2709126	3.6571705	2.7044885	2.875032	3.3670683	3.8656	3.9103696	4.4871287	4.0848813	3.4032214	3.196582	2.7064807	2.411319	3.335659	3.8425713	3.5771093	2.4763973	3.5904546	2.9968727	3.9706514	3.2240188	2.7415621	3.5123456	2.8488586	3.3724391	4.296811	3.018777	3.4631736	1.9201866	2.7586706	3.4240882	3.538559	3.4182882	4.1475735	1.6509043	3.9662805	3.4190736	2.772775	3.5005221	3.8872685	4.100693	3.8591263	3.629802	4.687995	3.7432039
IL4R_8896	8.005303	7.1346064	7.4129453	7.1988983	7.4853005	6.992752	7.3600287	8.003095	7.751036	8.276429	7.5984807	7.0876064	7.9370747	7.4228	7.27509	7.363281	7.1877832	7.1701074	7.8451076	8.085313	7.5290637	8.95627	7.266126	7.5492477	7.2433214	7.468694	8.347467	7.671505	6.9904566	7.045114	7.158904	7.210292	7.4354124	7.2614765	7.583108	7.585382	7.2249913	7.8655953	7.464123	7.490333	7.434109	8.067148	6.824843	7.6286616	7.3963127	6.843334	8.745339	7.7068567	7.587263	8.220717	8.072701
ILK_8899	4.9572444	4.339408	3.747865	3.9763188	4.6326175	4.165955	3.582927	3.9739296	4.712946	4.322547	3.9387684	4.7357945	5.0768657	4.7745767	4.2590675	5.006024	4.714029	3.889297	5.0924177	4.9689555	3.6753457	6.4432898	4.019423	3.975235	4.6908245	4.248965	5.1882987	3.8976135	3.7929146	3.975925	3.9831457	5.388778	4.625427	4.146841	4.3570623	4.5892177	4.4439664	4.380197	3.8187468	4.9042015	4.8844705	5.4379964	4.266961	4.209659	3.7759814	4.392742	6.538669	5.02356	5.0445223	6.745223	4.914352
IMPDH2_8901	5.859162	6.823437	6.726772	6.4466887	6.533206	6.714447	7.029015	6.02845	6.275518	6.475777	6.535195	6.1978946	6.121461	6.410368	6.691404	6.6204867	7.104606	6.690062	6.530315	5.8729677	6.67627	5.254689	6.9214034	6.606833	6.8066716	6.540242	5.892562	6.0602055	7.1790724	7.086864	6.7834177	6.170562	5.2518272	6.763411	6.353268	6.998759	6.541431	6.5287814	6.3864007	6.41379	6.3633738	5.560751	6.5365505	6.104813	6.777864	6.753947	4.4677935	6.83727	6.8248425	5.4389973	6.989795
INHBA_33300	3.4622953	3.0385108	2.9989855	1.9810864	3.7294111	3.5590887	3.0569396	3.3635519	2.518521	2.3851907	3.3670683	2.9613252	3.9833133	2.9246228	2.42098	2.533521	2.631737	2.7064807	2.5944383	2.6566756	0.8359691	3.0513556	1.3343891	3.298162	2.8493636	3.0598574	2.370703	2.5983527	2.4024103	2.8488586	3.5747921	2.5903506	1.7520065	2.6664317	1.2584345	3.270766	2.4705205	3.135555	0.650804	2.4600666	3.0240266	1.7268571	1.438908	2.2161078	1.7574636	2.1535919	2.9700236	3.7015753	3.710393	3.93964	2.609335
INHBC_32348	3.244892	3.1728475	3.2553017	3.4033608	3.3754735	2.8407314	4.096643	2.9944959	3.273749	3.0072343	2.7514749	2.650732	2.6912055	3.6481564	2.7670465	3.0329375	2.23654	3.5063531	3.3728328	2.259979	3.2683764	1.2974738	2.9722497	1.9802222	2.8493636	4.248965	2.1624062	1.5340518	3.163709	2.0363805	3.6662335	2.5903506	3.8500173	3.7764044	2.8610861	2.9047132	3.2381685	2.7364078	2.8620489	3.652791	1.2790965	2.4906006	3.4190736	3.3896487	4.076691	3.746058	2.4195006	4.1304426	3.3568892	3.670877	3.8922832
INPP1_8904	6.3834896	5.5941806	5.5971236	5.567712	6.234647	5.6963167	5.805174	5.9938064	6.1689057	6.2541842	5.5284357	4.776067	6.2600183	5.2511215	5.754622	5.56382	5.727299	6.0126505	6.519034	6.318837	6.0817175	6.747288	4.827329	6.1338134	6.192871	5.53505	6.1543627	6.1399455	6.242484	5.3417163	5.9858522	6.096859	5.8341293	5.264536	5.842742	5.960745	5.5165024	5.5767865	5.9407434	6.3123527	6.375821	6.670622	5.4332438	5.943217	5.603497	5.474491	7.124887	6.2773385	6.4555492	7.509862	6.5812845
INPP4B_8905	4.285542	3.0385108	3.747865	3.677126	3.947468	2.8407314	3.2907877	3.7431152	3.5893483	3.440461	3.5547543	3.5310342	4.5131187	3.9078133	3.8867385	3.7837584	3.510384	3.5915058	4.301462	4.2042418	3.8425713	3.819855	3.1057508	2.7847295	3.9764743	2.8082936	3.7565742	1.8188398	3.5123456	2.2861977	3.3724391	4.1294756	3.2755504	3.5480838	3.6015635	4.40511	1.846264	3.538559	2.8620489	3.7247438	3.6340072	3.8166342	2.862796	3.0518532	2.5265856	4.133961	4.100693	4.3049483	4.11745	4.793518	3.8196683
INSIG1_8906	9.593733	10.152269	9.706777	9.656874	10.24601	9.698367	9.861348	9.530934	9.81707	9.808185	10.046441	9.712508	10.03163	9.854297	9.688052	10.22215	9.996103	9.975797	10.045956	10.075254	10.224773	8.732244	9.92908	9.720115	9.861818	10.318884	9.542432	10.0621395	9.913365	9.592241	9.789814	9.646958	9.958383	10.084041	9.6048	10.500542	9.8165045	9.846598	10.522161	10.069458	9.633612	9.626203	9.948859	10.044753	10.517796	10.284133	8.447036	10.774986	10.619679	9.7144985	10.494598
INTS3_8907	7.2193146	6.478984	6.4473143	6.0888367	6.5774684	6.756177	6.2137465	6.8039784	6.935482	6.9565654	6.169101	6.2980967	7.0186486	6.396322	6.473021	6.122139	6.145635	6.6106896	7.165379	7.0457997	6.499788	8.286692	6.210252	6.4576826	6.692268	6.0814524	7.2534237	6.4629536	5.8568354	5.905468	6.359101	6.882048	6.23277	6.4905696	6.7390294	6.5546584	6.2408056	6.5287814	6.3363905	6.5487638	6.8651323	7.674441	6.209635	6.786485	6.540191	6.388606	8.639165	6.779296	7.0192895	8.511065	6.913342
IPO13_8908	5.538656	3.8709588	4.5084467	4.7829914	5.3714914	3.9670856	3.668492	5.3396378	5.6172915	5.2057486	4.4453254	5.329906	5.9681687	4.4871287	4.0848813	4.2750826	3.7679756	4.346635	5.8185163	5.5618186	5.386221	5.779924	3.719566	4.7427316	5.7894607	3.9079125	5.4401093	4.363998	3.5877666	3.365476	3.833374	5.388778	4.799106	5.2894125	5.1050344	4.7905493	4.355269	5.038283	4.0841665	4.8728747	5.0489583	5.9681273	3.6980062	4.9150934	4.7650757	4.344567	6.22781	5.548098	4.948106	6.3200183	5.109732
IQGAP1_8911	6.1683993	5.38864	5.4251323	5.125191	6.163833	5.4642377	4.474693	5.22483	6.10425	5.386578	5.2849617	5.1878657	6.5393944	5.5841613	5.7738895	5.7029767	4.9747024	5.1232753	6.338294	6.277146	5.8061666	6.3941183	4.5744224	5.1240673	5.924591	4.6449075	6.4918723	4.848383	5.514305	2.9963596	4.6536613	6.4798064	6.055761	5.638239	4.9833093	5.5141177	4.567557	5.59803	4.9374495	6.19059	6.1767907	6.327544	5.2289977	5.6814513	5.4016037	5.0922785	6.4995713	6.099244	6.084289	7.966193	6.119264
IRF7_8913	2.8414288	2.3245585	1.7361541	0.0	1.6618326	2.0292463	1.6765455	1.3498102	2.8691986	2.7294815	1.6554753	0.81086713	2.2924721	1.795884	1.9647921	1.3766294	0.80118436	1.9121275	3.560594	2.0114515	1.3618308	3.1729507	0.8162666	0.79608655	2.6850367	0.0	2.8595514	2.5983527	2.0222046	1.7340541	1.7394503	3.3684063	0.83949393	0.0	2.3721387	3.4716449	1.846264	1.64341	1.0976686	2.4600666	1.6509043	3.1210482	0.6511185	1.2978095	2.3127773	1.2508019	1.8014207	2.2488987	3.1412594	4.0573144	3.1727722
IRGM2_8916	4.285542	3.7896457	3.8289971	3.8344646	4.7913756	2.9881048	2.7777128	3.7431152	3.8481479	3.9146059	4.295405	2.9613252	3.3726006	4.433116	4.462762	4.333375	3.6871164	4.1916203	3.035508	3.872183	3.4861639	3.8924706	2.6612716	3.4994485	5.1027284	3.625497	4.5391774	4.2726064	0.689217	3.9030073	1.7394503	4.4934416	4.1356883	3.3729517	4.2555523	4.075639	3.5087726	4.5203185	2.1441302	3.8587036	3.3610175	4.9556274	4.3898067	3.486698	3.5983036	3.5043693	4.4677935	5.120136	1.942873	5.125359	4.7285256
ISG15_8918	5.9519153	4.861155	4.1143847	3.757939	4.500918	3.817433	4.033539	4.291709	5.4711165	3.8456316	5.145853	4.6077585	5.0768657	4.938633	3.8867385	4.594002	3.7679756	4.1360126	5.683567	4.7425966	4.909152	6.1787357	4.019423	3.9060543	5.4227734	3.3702228	4.813399	4.070375	4.027703	3.975925	4.1821556	5.9370947	4.9903865	4.9581795	5.0454555	5.2391396	4.567557	4.8385706	4.882748	5.2102084	4.952532	5.560751	4.4285355	4.515908	3.3956287	4.570806	6.8880877	5.1509423	5.855345	6.949294	5.308562
ISG20_33257	4.7661185	4.449393	3.747865	3.757939	4.500918	2.9881048	3.2907877	4.291709	3.925034	3.7731934	3.7971807	3.7889483	3.9833133	4.3770022	3.3835778	4.3894033	3.9864676	3.9550426	4.1920695	4.080432	4.870957	3.5771093	3.2279377	3.7568672	4.646822	3.7736044	4.403563	3.5538383	3.85529	3.470145	3.9831457	4.4467387	4.714878	3.4631736	4.028212	4.40511	2.904811	3.7807512	3.6972067	4.8728747	3.6340072	4.101853	3.4190736	3.8929985	3.857236	4.189564	4.546629	4.645037	4.5703197	4.8918467	5.4354806
ISOC1_8919	6.088933	6.2849436	7.114326	0.0	7.725517	0.0	6.2279096	6.1276536	0.83860815	6.1145773	6.23922	6.1373487	5.8561053	0.0	6.035719	7.1768703	0.0	6.9936337	6.8603354	7.5678368	6.1147804	5.618044	1.3343891	0.79608655	7.1119285	1.5856925	5.3931413	6.8661017	0.0	5.848354	0.0	6.126794	7.168777	0.0	6.40159	0.0	0.721521	0.0	5.9137144	6.0435963	6.0887957	0.0	1.0981301	6.667327	6.411592	6.0709767	4.249509	0.8078822	0.7749885	5.3262887	0.0
ITFG1_8921	9.484634	9.545928	9.5435915	9.377243	9.792582	9.266417	9.404201	9.345883	9.425489	9.548188	9.268411	9.346906	9.614542	9.233055	9.371312	9.386253	9.429043	9.545316	9.91114	9.768029	9.570138	8.960499	9.461029	9.495696	9.700334	9.084129	9.30617	9.464147	9.289227	9.2392845	9.2817335	9.537001	9.836621	9.516521	9.569545	9.115568	9.358451	9.5671425	9.374952	9.468672	9.799875	9.557098	9.092011	9.339557	9.215947	9.435145	8.7390585	9.549569	9.661078	9.352419	9.579082
ITGAE_8923	2.8414288	3.7034745	2.2885845	2.9322088	3.472425	2.0292463	2.7777128	2.8470235	4.2578745	2.7294815	3.2631965	4.007672	2.2924721	4.4871287	3.3835778	3.1672053	3.196582	2.7064807	4.010656	2.8204348	3.4861639	2.9185607	2.4763973	2.931203	3.7456298	3.0598574	3.8978634	2.5983527	4.181693	2.0363805	3.0031052	3.8710911	2.8709326	3.173584	2.7157705	3.5624845	3.1353765	2.7364078	2.3191266	3.7247438	1.9462588	2.2780142	3.7600586	2.4264417	3.1597538	3.6699069	3.2779424	4.249093	2.1877303	4.3153143	4.5604434
ITGAX_32980	2.8414288	2.0728946	0.82956785	2.2280116	1.9581286	0.8241397	1.6765455	1.3498102	3.4916236	2.1763573	1.2830404	1.706109	3.0032618	4.4871287	1.9647921	2.3194807	2.23654	1.2520635	2.5944383	2.9674861	2.6994162	2.772292	1.7148082	2.2271013	2.499557	2.3228042	1.9188775	1.8188398	1.7864426	0.0	0.83162844	3.0312061	2.5201793	2.8108833	3.225608	1.2880224	2.2908719	2.3917863	1.0976686	2.6195595	3.145316	0.82376546	2.862796	0.7901686	0.8429203	2.1535919	2.850816	3.3230352	3.453711	3.5150423	2.7721205
ITGB1_8925	8.360353	8.704412	8.573752	8.142233	8.782438	8.379709	8.514274	8.370214	8.768697	8.3056135	8.685454	8.673498	8.726715	8.557605	8.740873	8.624117	8.2996235	8.284983	8.879942	8.860705	8.706892	8.115238	8.552034	8.481437	9.2156	8.442653	8.537632	8.392131	8.664631	8.267315	8.638955	8.679378	8.090437	8.903968	8.33376	9.27852	8.537347	8.822447	8.397997	8.468088	8.53078	8.437706	8.522612	8.077366	8.13121	8.422799	7.7549357	8.803743	8.822083	8.837353	8.816102
ITGB1BP1_8926	5.9874086	5.9713254	5.573774	5.9581227	6.058465	5.9689736	6.1704044	5.8462596	6.3471174	5.672016	5.8664265	6.1527247	6.0383162	6.232055	5.5007815	6.218085	6.130424	6.131156	6.4010906	6.128772	5.72284	5.140065	6.364752	5.6107297	5.8872566	5.7107325	5.674211	5.6881657	6.0691023	6.047564	6.1532454	6.2269278	6.811324	6.098573	5.789261	5.874729	6.0977716	6.2079935	5.488428	5.895581	5.544109	5.716753	6.454481	5.2274265	6.0972433	5.9311757	5.4139442	6.161084	6.3462996	5.502624	6.2493615
ITGB5_8928	8.423263	7.2831087	7.568702	7.622312	8.206178	7.579756	6.4853764	8.376951	8.268876	7.635392	7.6611266	7.188035	8.678106	7.11503	7.1915846	7.613137	6.939874	7.6084065	8.651064	8.245218	7.8171496	7.9843087	6.696465	7.5828843	8.383017	7.2394924	8.300515	7.6848598	7.203255	6.1769104	7.242991	8.038287	8.206793	7.370413	8.010614	7.496018	7.367866	7.7422175	7.5587583	8.146523	8.252302	8.341667	6.963169	7.859104	7.1605597	7.455629	7.973999	8.1420555	8.326561	9.137093	8.1961565
ITIH1_33132	3.5598304	3.9479325	2.6870766	2.2280116	3.2715344	4.44645	4.033539	4.453426	4.6234994	3.9804323	4.347129	2.4661293	4.052746	3.9078133	3.480585	3.8650463	3.7679756	3.4158573	5.209325	4.897377	4.252195	4.688498	2.4763973	3.4994485	4.5061374	2.9395516	3.2240188	3.2041273	3.5123456	4.174872	2.505423	2.4073412	2.8709326	3.3729517	3.225608	4.075639	2.7740545	4.278601	4.5021796	4.5153155	3.0240266	2.987353	2.7449903	4.3708944	3.5005221	2.5432677	3.0801287	5.966995	4.5264735	3.9996767	3.388955
ITIH3_32422	3.122527	0.8494589	2.038651	0.7965775	1.2885287	1.7274573	1.3012427	3.9010189	1.3654954	1.9320939	2.1965384	1.3268428	2.6912055	1.795884	1.6679709	0.8466378	0.80118436	0.75779927	4.1340966	4.70116	2.513575	1.9693668	0.8162666	2.4378424	2.2866638	0.0	2.7142618	0.0	0.689217	2.0363805	0.83162844	2.4073412	0.0	2.6664317	0.76228935	1.2880224	1.2002778	1.9381144	0.650804	2.7631624	1.2790965	1.7268571	1.0981301	0.0	1.3714777	1.2508019	0.0	5.5710597	0.7749885	2.090884	0.7898452
ITPKC_32806	3.4622953	1.3805355	2.851444	3.0651855	3.3754735	3.1218095	0.79261	4.109549	2.518521	3.1283326	2.7514749	3.0946846	4.242996	2.7588696	2.7670465	3.5081706	2.23654	2.1552784	4.403142	4.1436644	2.0497084	3.5771093	2.2643013	2.931203	3.9035544	3.2740002	3.7565742	2.7415621	3.348533	1.7340541	3.2595172	3.3684063	3.6827233	2.3252215	3.8306022	3.270766	3.3341212	3.8532186	2.9709482	3.8587036	3.714618	3.8933966	2.862796	3.663165	2.5265856	1.2508019	4.3408227	4.001153	3.5444415	4.9838986	3.284909
ITPR1_32307	6.0725007	5.4950676	5.573774	5.991928	6.275524	5.839077	5.204691	6.205411	6.1689057	5.5900464	5.8122478	5.7084646	6.317571	5.559163	5.275988	5.5392637	5.727299	5.5634913	6.3510737	5.98079	6.194267	4.949003	5.4211016	5.268869	5.8872566	5.210519	5.6937237	5.351048	5.4751167	5.035494	5.1733747	5.9201007	5.89281	5.6187415	5.8601375	5.783258	5.4538035	6.137198	5.2060456	5.8318434	5.7493777	5.7787704	5.272226	5.5528817	5.6724725	5.0922785	5.371264	6.2773385	5.7061076	5.696478	6.149205
ITPR2_8931	7.3545794	6.3430967	6.460106	6.552422	7.039712	6.627181	5.6242633	6.97358	7.497755	6.2935615	6.6005874	6.641095	7.3226233	6.6303353	6.08283	7.0694976	6.002593	6.116864	7.511147	7.1105347	6.920216	5.925459	5.896876	6.551277	7.045696	5.8169923	7.1861334	6.1528177	5.9165626	5.3138585	6.3727393	7.210292	7.136763	6.522396	6.7390294	6.498246	6.2774734	6.7055583	5.9540706	7.0950365	7.2836933	7.6133475	6.3872566	6.3566666	6.0634	5.9473953	6.5289936	6.989905	6.750559	7.999656	6.8233533
IVD_8932	7.1738234	6.792465	6.838754	6.8758063	7.1242003	6.7354627	6.609565	7.0681934	7.251323	7.1405773	6.6217422	6.5855255	7.336611	6.451703	6.650292	6.953486	6.493515	6.8014884	7.3293514	7.062258	6.803393	7.2330737	6.5282774	6.979401	6.83636	6.4982696	7.2923408	6.6561384	6.732462	6.713174	6.9104095	7.231111	5.853956	6.938756	7.1027765	7.093196	6.957621	6.8891068	6.356603	7.1678305	7.0473638	7.1798463	6.655601	7.161978	7.1764784	6.9518275	6.5767345	6.7891216	6.9628344	7.385988	7.1012115
IYD_8933	7.4403234	7.3125157	7.005098	6.929128	7.07873	7.2480593	7.175048	7.164789	6.9261603	7.5294275	7.323009	6.786185	7.2942343	6.8829036	6.9333816	6.806896	7.424436	7.2043047	7.143507	7.466373	7.199872	8.32327	7.1316957	7.642585	7.301243	6.927876	7.4208345	6.971575	7.267742	7.3077397	7.0862627	6.9999576	7.4155374	7.0301466	7.338225	7.1007934	6.8802633	7.324653	6.9884515	7.2493763	7.290284	7.774231	7.3536744	7.1019726	7.3195405	7.516687	8.216318	7.4769564	7.516182	7.7818713	7.4884653
JAG1_32778	6.6053166	6.144837	5.945278	5.851677	6.966705	6.286288	5.70748	6.3899117	6.401943	7.0742927	6.331991	5.35671	7.2652755	5.187294	5.7738895	5.7249184	6.1150513	6.5587687	7.435164	7.274893	6.6198077	7.6492085	6.1025543	6.790789	7.175253	6.1096034	6.588851	6.431608	6.133443	5.473466	6.1373534	6.6336713	6.3350625	6.3557405	6.436797	6.3531137	5.5568366	7.1048207	6.662883	6.7345104	6.3381515	6.7958817	5.5952044	5.6814513	5.9568267	6.0410595	6.8262296	6.928998	7.0113587	7.161282	6.930685
JAK1_8934	8.6643715	8.004401	8.129272	8.212021	8.856156	8.136757	7.6917415	8.293953	8.776498	8.299179	8.279094	8.442786	9.133575	8.08376	7.9488177	8.533778	8.067763	8.300873	9.092731	9.056194	8.671219	8.269753	7.9907327	8.2842655	8.769023	7.8816943	8.80092	7.9363403	7.8146873	7.5115614	7.9820857	9.001612	8.878683	8.15554	8.467456	8.374705	8.099059	8.329702	8.095294	8.5195675	8.706137	8.866852	7.6888704	8.4374485	7.92994	7.8457174	8.394722	8.751934	8.752419	9.246448	8.714627
JAK2_8935	8.832377	8.9993305	8.804408	8.986702	9.108904	8.860554	8.838877	8.858252	9.07949	8.893333	9.165925	8.986161	9.082612	9.17459	8.909335	8.951724	8.807366	8.872662	9.269743	8.984605	9.112906	8.306759	8.725428	9.132856	9.280034	8.973594	8.518611	8.887924	8.895511	8.479667	9.0948305	9.202967	9.663465	9.099505	8.866489	9.024631	8.999153	9.030128	8.583078	9.075108	9.019462	8.657212	8.807941	8.705345	8.775828	8.782822	8.418498	9.054475	9.03655	8.985745	8.958185
JMJD6_8937	4.1667204	3.0385108	3.747865	3.9763188	3.7294111	3.461558	3.7492652	3.9739296	4.0675077	3.8456316	3.869711	2.8143709	3.9833133	4.127788	3.480585	3.6060004	3.8445423	3.6719112	4.3531976	3.6287196	4.0618725	5.0476947	3.6337392	3.7568672	4.175426	3.2740002	4.0868177	3.8351016	3.0615857	3.5677314	3.9831457	4.00606	3.2755504	3.7042391	3.8995237	4.0125933	3.4240882	3.7807512	3.6972067	4.038864	3.7909622	4.165143	3.1675818	3.486698	3.857236	3.8183901	4.856158	3.7825003	4.336409	4.6510324	4.6043353
JUN_8938	3.9678442	3.8709588	4.238368	4.1054654	4.1948323	3.3569534	3.1785967	4.043332	3.925034	4.2172728	4.2417574	4.007672	3.9833133	3.9849255	4.20331	4.333375	4.052516	3.7480712	2.7569108	3.1009257	3.9194357	3.5771093	3.8005724	3.9060543	3.5682683	4.030775	4.0265417	4.123652	3.85529	3.826207	4.0525775	4.4467387	3.8500173	4.0913367	3.6820183	4.6317945	3.8705926	3.7807512	3.493234	4.34313	3.3610175	3.1210482	4.4662523	4.209659	3.0255773	3.3173459	3.5315611	4.729104	4.057093	3.5150423	3.8196683
JUNB_8939	3.9678442	2.8903687	2.2885845	1.6829898	3.947468	2.6765726	2.6148129	2.9944959	3.0170162	2.3851907	2.897397	2.650732	4.1189895	2.9246228	2.604365	2.533521	2.4476285	2.7064807	3.560594	3.6287196	2.0497084	4.264894	1.3343891	2.4378424	2.499557	1.5856925	3.5999305	1.1788656	2.2247963	2.6845412	2.2923298	4.1294756	3.493454	3.5480838	2.5541615	3.1587603	2.4705205	3.2473404	1.7137712	2.6195595	3.257194	3.460776	2.4758844	2.609976	2.3127773	1.2508019	4.7928843	2.9552677	3.3568892	5.204023	2.9183865
KAT3_32958	7.6706553	8.194088	8.3515005	8.243936	8.381814	7.978288	8.651943	8.03326	8.261482	8.149832	8.289046	8.318769	7.9092655	7.9362364	8.457813	8.31617	8.13027	8.410394	7.702803	8.182613	8.31362	7.849449	8.540289	8.417625	8.467659	7.762641	7.8954525	8.121249	8.39489	8.435104	8.271364	8.246893	8.492603	8.607732	8.213719	8.201796	8.223297	8.284555	7.899102	8.201147	8.353322	8.050484	8.509124	8.207638	8.4223795	8.512742	8.286907	8.410618	8.274497	8.341634	8.493224
KAT6A_8940	7.2849703	6.706467	6.3267817	6.434448	7.1969376	6.5814853	6.1556625	7.284279	7.2808776	6.5535274	6.7132792	6.5511265	7.250575	6.9029117	6.542075	6.711215	6.1150513	6.253783	7.417046	7.0457997	6.9571457	6.922239	5.968743	6.3959446	7.3362975	5.9783573	6.9387717	6.2873096	6.498436	5.5229716	6.359101	7.3437266	6.9187703	6.7091327	6.6912336	7.085558	6.348127	7.1048207	6.0061803	6.5974903	7.1305165	7.3185344	6.231703	6.3437705	6.2251973	6.225273	6.7533135	6.8467093	6.8605976	7.76034	7.022516
KCNG1_32546	4.7246556	4.7365184	4.4063993	5.242175	4.3559775	5.0929937	4.6106157	4.9635353	4.133794	5.711318	4.4453254	3.4336874	5.0768657	3.7400002	4.9086037	4.8550267	4.540767	4.972693	4.711368	4.93361	4.6631584	6.221646	4.6637425	5.0932775	5.0697803	5.102601	5.731974	4.9697347	5.0104585	4.774433	5.0429688	3.8710911	5.967513	3.7042391	5.5314345	4.5892177	4.606508	3.9222193	5.0409975	5.6217656	5.608813	5.9681273	5.066604	5.411723	5.288968	5.0019855	5.980501	4.6010923	4.980966	6.813718	5.798742
KCNK1_8942	6.836985	6.802863	7.05654	6.829815	7.5916405	7.346962	6.723905	6.7838416	7.6917615	7.9048653	6.8450418	6.3118596	7.932477	6.1338897	7.5511622	6.7861753	6.8026733	7.5079393	8.206785	8.329218	7.5351825	7.0388017	6.8565793	8.035715	8.898975	6.570939	7.002746	7.2180686	7.6440916	6.9120846	7.212978	6.514187	6.9921746	6.435914	6.7390294	7.8151927	6.600509	7.9464965	7.1065397	7.088233	7.714495	7.4514127	6.8464565	6.9570756	6.756842	7.082408	7.0591817	7.6964526	7.8454823	7.494295	7.517451
KCNK2_32939	2.8414288	1.767856	2.038651	1.6829898	3.5632691	2.0292463	1.6765455	3.2507074	1.7505945	1.2678612	3.1512616	3.707994	2.2924721	3.0732796	2.42098	1.7633755	3.4131749	1.9121275	2.7569108	1.7110134	3.0117643	1.6721861	1.3343891	0.79608655	2.036824	1.2230182	2.7142618	2.260616	2.2247963	0.82825595	2.0422144	3.0312061	0.83949393	2.8108833	1.9201866	2.5961618	3.2381685	2.5743628	1.9449388	1.1930816	1.9462588	2.2780142	2.6167028	0.7901686	2.87763	2.5432677	2.7208638	2.0009227	2.7418792	3.4303215	3.284909
KCTD5_8949	4.395317	3.1728475	4.458325	4.619602	4.500918	4.226587	4.3763976	4.6442127	4.797169	3.5311098	4.537262	4.007672	4.182325	4.638	3.8141444	4.4953265	3.9864676	3.9550426	4.3531976	4.2623773	4.946362	4.647124	4.1488166	4.2228994	4.646822	3.7736044	4.4953737	3.8976135	4.027703	3.975925	4.118821	4.7457614	2.3065865	4.4850583	3.9653022	4.075639	4.9772444	4.428432	4.388982	4.34313	4.340757	3.7355564	3.7600586	4.515908	3.857236	4.2431035	3.934742	4.8085413	4.808627	4.8918467	4.7285256
KDELR2_8950	8.969593	8.844373	8.662204	8.621348	8.741687	8.685328	8.603882	8.719373	8.802203	8.590197	8.52909	8.75887	8.889754	8.757641	8.703681	8.875304	8.640233	8.549908	9.056127	8.877078	8.929953	9.146433	8.449009	8.641633	8.940576	8.574739	8.803166	8.408323	8.505993	8.463909	8.584321	8.786403	8.791412	8.717206	8.775449	8.811986	8.491262	8.835921	8.42696	8.706654	8.866886	9.099306	8.720909	8.56516	8.708995	8.594833	9.413762	9.066644	9.086474	9.760773	9.184689
KDM3A_8952	6.4098897	5.7527604	5.573774	6.134954	6.5991006	5.6747184	4.988804	6.3899117	6.184627	6.0238314	5.6973767	6.1978946	6.8533607	6.0102253	5.5463123	6.122139	5.334645	6.1869473	6.796363	6.732781	6.2399383	6.431153	5.65692	6.433304	6.1462226	5.4495306	6.679719	5.7572217	4.9545684	4.690261	5.6017346	6.5913587	5.9118514	5.8027835	6.156117	6.3783393	5.923639	6.1078777	5.183592	6.4353952	6.539672	6.5921946	4.96488	6.179294	5.7166896	5.6029115	6.519253	6.345511	6.3462996	6.9568863	6.6351743
KDM5A_8953	2.6772566	2.7252557	2.5015457	1.6829898	2.5968776	2.0292463	2.4311502	3.1282818	2.8691986	1.9320939	2.4061391	1.706109	3.7523885	2.7588696	2.9132285	2.0680585	1.9891841	2.9835122	3.8031044	2.6566756	3.1457682	2.9185607	2.4763973	1.6821929	3.5682683	2.8082936	3.2240188	2.7415621	2.0222046	2.0363805	3.1370003	1.952323	2.055782	3.5480838	2.9930947	3.3746989	2.2908719	2.3917863	1.4383613	3.1240695	2.5835295	1.7268571	2.7449903	2.2161078	1.3714777	1.9105306	3.7471902	4.5089707	3.1412594	4.8270445	4.150921
KDM5A_8954	8.993793	8.994802	9.154504	8.752861	9.336836	8.613358	8.628113	8.964945	8.956683	8.807528	8.866944	9.049141	9.175036	8.800935	8.904973	9.07643	8.899976	8.928963	9.433412	9.170672	8.977912	8.862225	8.854344	8.816763	9.161897	8.686425	8.946286	8.784201	8.779668	8.460736	8.924721	9.335448	9.313983	8.873444	8.966249	8.994358	8.971446	8.984475	8.694467	9.420735	9.1947975	9.072732	8.37179	8.727854	8.500337	8.550395	8.925761	9.192287	9.167215	9.486971	9.287548
KDM5B_8955	3.8181863	3.6118274	4.1777077	4.1659474	4.076445	4.102663	3.2907877	4.453426	4.197168	3.440461	3.5547543	3.4336874	4.357182	4.0581245	3.7377028	4.2750826	3.510384	4.0781755	4.897113	4.4239254	4.791392	4.4686303	3.6337392	4.1648545	4.815312	4.39336	4.5391774	3.7013133	4.6371417	3.365476	3.6662335	4.666459	4.625427	4.0913367	3.7582223	4.0125933	3.9332168	3.2473404	4.034846	4.5942683	4.8491964	3.8933966	3.8195517	3.577628	3.934157	4.189564	5.030858	4.6010923	4.5703197	5.696478	5.798742
KDR_8956	6.958215	6.728452	6.8289256	6.5063834	6.8542657	5.584939	6.2695823	6.6456194	7.2735453	5.858621	6.86292	6.562684	7.0781384	7.080309	6.388045	6.8966246	6.4328103	6.537466	6.6069036	6.4867525	6.687302	7.64396	6.551868	6.02382	6.5077777	6.71533	7.298726	6.4525805	5.841509	6.1922927	6.38625	7.138642	6.495131	7.022748	6.661777	6.8077245	6.4154806	6.6858506	6.9016986	7.039689	6.625571	7.6414385	6.580205	6.277502	6.3567615	6.100286	8.122929	7.1509686	6.788179	9.0774	7.327568
KEAP1_8957	4.845632	3.9479325	4.238368	3.757939	4.546167	4.394545	3.3948803	4.3476534	3.5893483	4.1037073	4.004671	3.329294	3.8335404	3.9078133	3.7377028	3.6060004	3.196582	3.889297	4.073696	4.3720603	3.9194357	5.198515	3.542482	4.3842144	4.5545726	4.346816	4.4953737	4.2246437	4.1321673	3.9030073	4.357012	3.9401534	4.199067	4.0913367	4.4052587	4.303423	3.4240882	4.380197	3.8187468	4.34313	3.9983876	4.9556274	3.494023	3.8929985	4.3814173	3.413886	5.5154285	4.4606056	3.629802	5.3724337	3.662459
KHK_8958	10.115787	10.660246	10.367833	10.456291	10.553574	10.776935	10.7148285	10.204114	10.146977	10.688707	10.519129	10.121917	9.761761	10.145271	10.506763	10.442578	10.697452	10.677512	9.99292	10.306119	10.374762	10.040198	10.924392	10.829619	10.2020855	10.695452	9.973044	10.502625	10.802653	10.760805	10.629864	10.092215	10.506136	10.4828825	10.492555	10.415518	10.540101	10.512661	10.586151	10.554748	10.40646	9.888932	10.548524	10.3408785	10.532558	10.6346	9.33405	10.06125	10.323187	8.978304	10.440385
KIF18B_32882	4.806423	4.692459	4.6931467	4.619602	3.8058178	4.4965525	4.734828	4.109549	4.712946	4.372437	3.9387684	4.7357945	4.5131187	4.0581245	4.0218096	4.686358	3.7679756	3.21582	3.875657	4.4739904	4.4203105	4.560636	5.0087457	4.8199863	5.0697803	3.9079125	4.883044	3.6294594	4.6722174	4.2355256	4.6536613	5.025458	4.625427	4.926812	3.6015635	3.8775816	3.9332168	4.802422	4.3491855	4.7745934	4.485623	4.165143	4.4285355	4.5611777	4.2671294	4.2431035	4.4677935	3.5246851	4.9144797	4.613098	4.3701644
KIF20A_8961	3.122527	3.1728475	3.472876	3.0651855	3.0380745	3.1218095	2.4311502	2.682742	1.3654954	2.875032	1.9512244	2.4661293	3.574956	2.9246228	2.42098	2.0680585	2.631737	1.9121275	2.7569108	2.9674861	2.3002052	2.215664	3.4450598	2.931203	3.2531395	1.8752655	3.32757	2.8718307	2.4024103	0.82825595	2.0422144	2.5903506	1.366725	1.5877075	2.7157705	2.4129963	2.4705205	2.1827102	2.3191266	3.013504	1.6509043	2.028597	1.438908	2.772775	2.7127588	1.618053	1.5181447	2.460438	1.6477884	2.7799242	2.4258175
KIF20B_8962	3.244892	4.339408	4.238368	3.9071345	3.0380745	4.340703	3.9675474	2.682742	3.5893483	4.2172728	4.128079	3.7889483	3.0032618	4.0581245	3.0459516	4.015051	4.1761804	3.889297	3.3728328	4.0143003	3.8425713	3.2850893	4.267554	4.3324213	4.2942877	4.143991	3.32757	3.4740329	4.275919	3.975925	4.0525775	3.7985559	3.5911903	3.8451312	3.3291726	3.3746989	3.5887606	3.7044504	4.034846	3.013504	3.257194	3.2433975	3.494023	4.091199	3.5983036	4.2431035	2.0380995	4.3049483	4.057093	3.876996	4.02739
KIF22_8963	4.227354	4.156908	4.3525343	3.2992017	4.2505713	4.95646	3.4919653	4.453426	4.2578745	3.1283326	3.7971807	4.1975594	4.4629893	3.7400002	3.7377028	4.0845833	3.7679756	2.1552784	4.403142	4.7425966	3.9194357	3.662644	2.9722497	3.298162	3.1306887	1.8752655	4.2538657	2.7415621	3.348533	2.8488586	3.833374	4.4467387	3.5911903	4.3496885	4.088493	3.270766	2.904811	4.278601	3.4182882	4.5942683	3.6340072	4.101853	2.7449903	2.609976	3.0255773	2.8497622	4.100693	3.9318867	4.11745	4.724034	3.051179
KIF23_32798	4.1667204	2.3245585	2.038651	3.0651855	3.5632691	3.5590887	2.7777128	3.9010189	3.4916236	3.1283326	1.9512244	3.0946846	3.4773233	2.356276	1.6679709	2.8848794	1.9891841	2.9835122	3.560594	4.0143003	3.2683764	3.7433898	2.4763973	1.9802222	3.6596727	2.3228042	4.0868177	3.2041273	2.0222046	2.2861977	3.1370003	2.7527363	3.5911903	3.2767088	2.8610861	2.7586706	3.2381685	3.7044504	2.7442534	3.4125168	2.8915966	4.225773	1.0981301	3.2855973	1.3714777	0.0	3.9922063	3.6158395	3.786719	4.1127377	4.3701644
KIF5C_8965	0.0	4.156908	4.5084467	2.785719	4.013397	3.461558	0.0	0.0	0.0	0.0	1.9512244	2.2543907	3.2596772	0.86718	0.7873415	2.71987	0.0	0.0	4.1920695	4.1436644	0.0	0.7899299	4.3772573	3.4994485	0.82851213	0.7374037	2.370703	3.8976135	0.689217	2.8488586	0.83162844	3.4653084	3.6827233	4.301587	0.0	3.4716449	3.0246947	3.3510835	0.0	3.7247438	3.8634686	2.8399913	4.1326733	0.7901686	3.857236	2.5432677	2.5780368	4.4606056	1.6477884	4.7591944	1.9692172
KIFC1_8966	4.806423	4.449393	4.238368	4.223995	4.013397	4.44645	4.920685	4.3476534	5.0921063	4.598884	4.8909454	4.5624237	5.455769	4.6849766	4.1453104	4.9697304	4.1761804	4.394814	4.897113	5.0700746	4.36642	5.198515	4.3772573	4.8199863	4.5545726	4.29872	5.268561	4.2246437	4.275919	4.2355256	4.118821	5.2045574	4.7576065	3.7042391	4.8503594	4.673151	3.8051264	4.873835	4.30826	4.5553317	4.698786	5.0255075	4.266961	3.663165	4.6328683	4.133961	5.534896	4.989876	4.7715435	4.9538627	4.3183975
KIT_8968	5.0271273	3.1728475	3.747865	4.042337	4.7913756	3.894199	3.4919653	4.172859	4.7556725	4.1037073	3.64017	3.7889483	5.1735487	3.5500658	3.5714786	4.443337	3.6014547	3.8204114	4.8256583	4.9689555	4.791392	5.741125	3.542482	4.1648545	4.646822	3.2740002	5.1605206	3.6294594	3.432763	2.9963596	4.2428265	4.706655	5.0603204	3.5480838	4.1463556	3.1587603	3.5887606	3.9880698	3.632368	5.1329784	5.7301164	5.246444	3.7600586	3.8929985	4.076691	3.6699069	5.9225593	4.249093	4.948106	6.568193	5.639104
KLF6_8969	3.6511872	2.8903687	4.1143847	3.591516	3.8058178	2.8407314	3.4919653	2.8470235	2.8691986	2.5675821	3.7208104	3.5310342	3.7523885	2.9246228	3.7377028	3.6976154	3.6871164	3.5915058	3.8031044	3.5374908	3.76138	3.9616058	2.6612716	3.5904546	3.5682683	3.7736044	3.5999305	3.2998173	3.9150798	2.6845412	3.4771605	3.8710911	3.018777	3.9107323	4.028212	5.0636516	3.2381685	3.0143752	3.8187468	3.9212904	3.6340072	3.7355564	2.6167028	3.663165	2.87763	3.6699069	2.850816	4.358722	3.629802	4.613098	4.3183975
KLHDC2_8970	6.287088	7.6657615	6.9335237	7.234636	6.8270245	7.255353	7.441288	6.46771	6.8194385	6.697484	6.7132792	7.1578717	6.345509	6.9128127	6.4250774	6.8171463	6.9311223	7.069804	6.449431	6.7832937	7.019581	5.9426603	7.287362	7.053251	7.2433214	6.927876	6.3141775	6.743823	7.37808	7.2053204	6.9654517	6.8008213	6.0727806	7.007836	6.6418	7.210203	6.541431	6.8002496	6.838429	6.6902676	6.726217	6.62633	6.9025574	6.7081494	7.2460155	7.287439	5.6464868	7.1959786	7.204594	6.3317447	7.2877436
KLHL21_8971	3.9678442	3.7034745	4.0481544	3.5005035	4.013397	3.5590887	3.582927	3.7431152	4.0675077	3.0072343	3.869711	3.216753	3.4773233	3.2080395	3.167487	4.2143354	3.7679756	2.7064807	4.4981246	4.0143003	3.5838535	3.5771093	2.8251235	3.8333883	3.3660054	3.7014503	3.2240188	3.2998173	3.348533	2.8488586	3.9102025	4.069087	3.6827233	4.146841	3.9653022	3.7286186	4.050856	2.8820758	3.5644774	3.7247438	3.548624	3.460776	3.1675818	3.663165	3.5005221	2.8497622	3.1824234	4.3049483	4.11745	4.4505234	4.914352
KLHL24_32733	5.718392	4.7792716	4.60375	4.7829914	5.9447904	5.1875315	4.988804	6.02845	5.72872	4.9989605	5.0554576	4.515618	6.331608	5.2195606	4.2590675	5.5392637	4.3438206	5.3601093	6.3637414	6.1596923	5.744127	6.23567	4.323448	4.996757	5.662621	4.682876	6.037051	4.6078486	3.7929146	4.2355256	4.357012	6.0662904	6.1226673	5.048385	6.023445	5.0636516	5.0066633	5.1575513	4.388982	5.7130427	5.453059	6.0204053	4.1326733	4.7683935	4.8469296	5.333513	6.309202	5.914099	5.4948297	6.895003	5.760458
KLHL9_8972	6.055879	6.314313	5.5500393	5.7166696	6.45232	6.1520534	6.2695823	5.95831	6.275518	6.1999516	6.1400704	6.167939	6.2000737	6.4242783	6.297748	6.3789525	6.493515	6.3546705	6.519034	6.0811114	6.3550997	5.6393003	6.1953497	6.3832736	6.5442147	5.782435	6.082168	5.9316683	6.2541065	6.1922927	6.1373534	5.9704947	5.9856	6.258303	5.807309	6.205891	6.265354	6.364945	5.9000072	6.2768903	6.1624928	6.003189	5.928144	5.873145	6.011097	6.277527	5.3494406	6.3978205	6.557105	6.005529	6.4789
KLKB1_32603	3.122527	2.7252557	3.472876	3.5005035	2.5968776	3.817433	2.2206478	2.682742	3.0170162	1.9320939	2.4061391	3.6222255	2.2924721	2.7588696	2.9132285	1.3766294	2.7949874	1.9121275	2.5944383	2.8204348	3.5838535	1.9693668	2.0155594	3.5904546	2.9968727	1.8752655	2.1624062	3.389553	2.7030282	2.9963596	3.833374	3.8710911	3.3886123	2.6664317	3.3291726	3.270766	2.904811	1.9381144	3.4182882	3.652791	3.3610175	3.356177	2.9717042	2.772775	3.689876	3.8872685	2.850816	4.190987	3.1412594	4.4068465	3.5769253
KLRA17_33064	2.6772566	3.0385108	3.2553017	2.622656	3.0380745	1.3453724	2.4311502	3.3635519	3.1510859	0.0	2.7514749	0.0	2.2924721	1.795884	2.2108426	3.5081706	2.7949874	2.5450702	3.1569264	3.1009257	2.3002052	4.4203296	3.2279377	3.185903	3.5682683	1.2230182	2.9915388	3.2041273	3.7929146	2.4990745	1.7394503	3.3684063	4.199067	3.2767088	2.8610861	1.6612463	3.0246947	2.3917863	2.7442534	4.9042015	2.1913016	3.356177	2.862796	1.6725745	3.0255773	3.1024148	4.9749427	6.263309	5.400819	6.971951	5.8543286
KMO_8974	7.729484	8.41012	8.450971	8.236904	8.137618	8.084479	8.680545	8.541904	8.075846	7.8084807	8.667765	8.263184	7.456748	8.074969	8.544509	8.072698	8.145483	8.068144	7.7518144	7.8778205	8.135786	8.000826	8.445865	8.043789	8.090369	8.182657	7.772385	8.074661	8.251503	8.463909	8.145926	8.16991	8.15579	8.858975	7.9949512	8.021405	8.377635	8.304077	8.008536	8.238496	7.8184667	7.5613627	8.5946245	7.8500123	8.500337	8.895785	8.249101	8.420134	8.124483	8.279418	8.4815035
KNG2_8975	5.0271273	4.090557	4.649141	4.1054654	3.1595216	3.6504412	3.4919653	4.109549	3.0170162	3.8456316	3.1512616	3.707994	4.242996	4.1942425	3.5714786	4.8550267	2.7949874	3.9550426	4.7885585	5.102265	3.3813758	3.0513556	3.9500973	3.298162	4.112109	1.5856925	3.5147316	2.439345	3.163709	2.9963596	2.2923298	3.5561097	2.055782	3.173584	3.6820183	3.270766	3.6645458	3.0143752	3.2555978	4.0942426	4.061393	3.1210482	3.494023	3.0518532	3.1597538	3.413886	2.7208638	6.099244	2.7418792	5.0421576	3.662459
KNTC1_8976	2.2793405	3.1728475	3.6618972	2.4387863	2.7594013	3.1218095	3.1785967	1.3498102	3.6808712	2.875032	2.4061391	2.8143709	1.3559068	2.9246228	2.2108426	2.533521	2.631737	1.9121275	2.411319	2.259979	3.1457682	0.7899299	2.6612716	2.4378424	2.499557	2.9395516	2.9915388	2.9913046	2.2247963	2.9963596	2.505423	1.952323	1.366725	3.062516	1.9201866	3.270766	2.0856278	2.3917863	2.8620489	2.2807243	3.0240266	2.028597	1.438908	2.2161078	2.0616755	2.1535919	1.8014207	2.460438	2.7418792	2.090884	2.2155063
KPNA1_32317	4.806423	3.4089699	3.9058084	3.0651855	4.454204	3.461558	2.4311502	4.401509	4.528138	3.7731934	3.7971807	3.216753	4.740553	3.4448164	3.2795744	3.6976154	3.510384	2.9835122	4.1340966	4.080432	4.310437	5.0476947	2.0155594	2.7847295	3.4706786	3.0598574	4.30551	2.9913046	2.0222046	2.2861977	3.4771605	4.3485374	2.3065865	3.173584	3.5163558	3.3746989	3.2381685	3.6238878	2.9709482	3.4971333	4.2354107	4.54415	2.9717042	3.577628	2.7127588	3.5043693	5.136579	3.8591263	3.786719	5.2541795	4.4201384
KPNB1_32711	7.334047	7.5593925	7.538867	7.6543307	7.5644073	7.4711847	7.6502767	7.7095094	7.3797946	7.3229094	7.686447	7.071516	7.6539626	7.3149323	7.562287	7.5469337	7.5325327	7.5188503	7.667477	7.496963	7.6467686	6.3688893	7.6572304	7.6947947	7.8640623	7.3498163	7.1583133	7.0003457	7.657282	7.2278876	7.343376	7.737267	7.4288177	7.477122	7.4799895	7.5690427	7.5437355	7.6937046	7.1764307	7.453748	7.309877	7.239874	7.286741	7.2952194	7.436528	7.287439	6.0766163	7.7577806	7.800169	6.9339895	7.788715
KRT18_8977	3.3576849	3.0385108	2.5015457	2.9322088	2.5968776	2.8407314	2.4311502	2.4973207	2.304984	2.5675821	2.7514749	2.650732	3.8335404	2.5715709	1.9647921	2.533521	2.9416285	3.319303	3.560594	2.4719195	3.3813758	3.2850893	2.4763973	2.7847295	3.5682683	1.2230182	3.32757	2.5983527	3.348533	2.6845412	2.505423	3.0312061	2.3065865	2.942179	2.9930947	2.203147	2.7740545	2.3917863	2.1441302	3.4971333	3.257194	3.460776	3.6980062	2.919052	3.0255773	2.3615465	4.295888	3.8591263	4.733482	5.2786183	4.208934
KRT19_33154	0.82449245	0.0	1.3529313	2.785719	2.7594013	3.1218095	2.924071	3.7431152	2.7044885	4.372437	3.4639611	2.0061407	3.9103696	3.2080395	2.604365	2.0680585	2.7949874	2.363299	3.875657	3.7955046	4.5708647	1.9693668	1.3343891	3.9060543	3.6596727	2.8082936	3.9636366	3.4740329	3.0615857	2.2861977	3.833374	2.5903506	3.6827233	3.173584	2.8610861	4.5892177	3.8051264	3.2473404	3.2555978	3.7247438	2.1913016	2.4906006	2.1448007	1.2978095	3.0255773	2.1535919	3.5315611	4.989876	3.8592093	3.3403132	4.767655
KRT7_33211	9.793682	9.375277	9.472774	9.572812	9.811237	9.805349	9.278863	9.536963	9.818331	9.542751	9.281763	8.627464	10.018674	8.55128	9.601729	9.631029	9.063071	9.758254	10.224111	9.967975	9.7933235	9.520352	9.589113	10.026502	10.324978	9.561426	9.738362	9.562685	10.241395	9.320276	9.796154	9.317715	10.254375	8.70801	9.632903	9.358338	9.502224	9.295305	9.366256	9.662045	10.266406	10.203507	9.434079	9.594892	9.401774	9.57872	10.432301	9.696457	10.419227	11.096169	10.010736
KRT8_8978	7.545272	7.2530904	7.4195094	7.6437364	7.3830185	7.420178	6.6626635	7.78743	7.5102854	7.415059	7.3984957	6.9089804	7.932477	7.32238	7.0327015	7.424899	7.367191	7.593001	7.687769	7.532835	7.8171496	8.448973	7.139502	7.342237	7.3569283	6.8127275	7.8785014	7.60281	6.7653203	6.855237	7.166754	7.808258	7.4934464	7.059367	7.8326035	7.3053365	7.7877965	6.980916	7.264644	7.5996222	7.64934	7.862798	7.0526657	7.7213154	7.616509	7.202144	8.757819	7.9927473	7.700109	8.793507	7.659449
KYNU_8979	4.592598	4.551584	5.168798	5.5221663	5.064483	5.652792	5.513002	5.132301	4.477985	4.900378	5.6973767	5.217415	4.5131187	5.559163	3.8141444	5.075982	5.4616203	5.0348244	4.5433693	4.2042418	4.5708647	4.2091236	5.3148055	4.3842144	4.815312	4.923891	4.7021914	5.16026	4.9257903	5.0692115	5.1733747	5.363858	5.5234704	5.160505	5.0755525	5.1540623	4.7868943	4.9418797	4.6071386	5.106288	4.485623	4.101853	4.737002	5.3356023	5.531057	5.062804	3.7471902	5.267985	5.1053967	4.5340996	4.9488087
LAMA3_8980	5.780411	5.9713254	5.708521	5.4751353	5.7065024	5.6747184	5.513002	6.1276536	5.8715396	5.4576373	5.736692	6.121806	6.072151	6.1507215	5.275988	5.829884	5.509438	5.1515937	6.1753945	5.756432	6.3550997	6.3561077	5.5671635	4.4825354	5.257046	4.9859533	6.082168	4.998542	4.9545684	5.3138585	5.2344084	6.5913587	5.7936397	5.918931	5.695469	5.7449813	6.0420303	5.267708	4.0841665	4.388141	4.737884	6.5214014	5.1384506	5.9086065	4.997898	5.5401297	6.1791515	6.4482994	5.5615234	7.515014	5.779727
LAMB1_32926	6.48631	7.1346064	7.106211	6.946473	7.1016445	6.921183	6.5987062	6.773667	7.2954307	6.3568916	6.982222	7.063403	6.9199076	6.5564694	7.102947	7.160863	6.5856233	6.690062	6.955461	6.978023	7.0877767	6.3941183	7.0006857	6.819291	7.25069	6.610878	6.7278333	6.5037155	6.9973884	6.3514857	7.0184712	7.271869	6.262744	6.8071337	6.40159	7.669532	6.657263	6.6353707	6.570722	6.7169757	6.74553	6.7346106	6.4731264	6.330758	6.3567615	6.587992	6.036206	7.015241	6.971036	7.2504706	7.3790126
LAMC1_8981	9.309908	8.521341	8.745544	8.893642	8.987033	8.558396	7.9697146	9.253723	9.122974	8.55822	8.763669	8.738633	9.324647	8.616345	8.693599	8.776339	8.579923	8.602142	9.261305	9.141926	9.090228	9.671156	7.736573	8.636303	9.294366	8.179341	9.417443	8.551286	8.305561	7.6516886	8.836431	9.033567	9.12498	9.09422	8.610511	8.938214	8.529768	8.866881	8.684506	8.969852	9.120926	9.389991	8.200545	8.570705	8.307809	8.5018015	10.307691	9.346633	9.308218	10.213922	9.369321
LAMP1_33255	10.972978	10.918119	10.9459095	11.108683	10.908447	10.996855	11.131693	11.147966	11.167263	10.36592	10.875124	10.7135935	10.464749	10.782396	10.765066	10.957088	10.904431	10.743534	10.603012	10.299192	10.91547	9.773237	10.805536	10.549599	10.545464	11.100223	10.961299	10.732756	11.031347	10.931498	10.860923	11.0724535	10.788968	10.909751	10.890333	10.634818	11.00298	10.939811	10.428595	10.982445	10.796174	10.724483	11.04556	10.906685	11.191783	11.165028	9.633973	10.98351	10.661455	10.366358	11.108574
LAP3_8984	10.467222	11.058703	10.934497	10.930571	10.657103	10.936879	11.302436	10.384598	10.44335	11.01746	10.817843	10.641172	10.136295	10.681761	10.934632	10.831887	11.037796	10.902472	10.260976	10.538555	10.553449	10.773014	11.348113	11.156751	10.712199	11.108529	10.404595	10.964869	11.270072	11.320771	11.033447	10.446141	11.209744	11.002469	10.836972	10.492622	10.905807	10.779952	11.115718	10.818958	10.742515	10.540563	11.239773	10.911063	10.982487	11.209836	10.3126335	10.627395	10.8693495	10.178645	10.767394
LBR_8986	7.2043095	7.1346064	7.470974	7.234636	7.3704944	7.0187006	6.911086	7.269873	7.3169885	6.9728284	7.2088203	6.9968023	7.3573413	7.238262	6.7987695	7.29158	7.16557	7.009193	7.40484	7.383663	7.6636243	6.7667356	7.1472664	7.146181	7.315367	7.012314	7.206652	6.850384	6.874767	6.921345	7.228062	7.3752427	7.16084	7.1368003	7.073248	6.949116	7.212421	7.311853	6.802042	7.332328	7.250281	7.0006003	6.802901	6.9314456	7.0611725	7.1114883	6.449161	7.382766	7.2791486	7.595036	7.8401
LCK_32705	4.3414736	4.395448	4.5084467	4.223995	4.304237	4.6371956	3.825755	4.551971	3.925034	3.3437319	4.623689	4.515618	4.86158	4.589442	4.2590675	3.9419975	3.9172494	4.441436	4.861828	4.318261	4.749901	4.604528	3.719566	5.061816	4.6908245	3.842321	4.4953737	3.8976135	4.1321673	3.745087	4.410885	4.783836	3.9269106	5.018939	3.7582223	4.355162	3.993235	4.9082584	3.6972067	3.5770605	3.9983876	3.5583014	4.0849814	3.486698	4.3814173	4.133961	4.249509	4.9553866	4.5264735	5.3262887	4.4201384
LCN2_32481	4.0372276	5.0821414	4.73585	3.9763188	5.0330415	4.544973	4.653219	4.77238	5.1888194	3.9146059	4.623689	4.5624237	5.4299054	3.9849255	4.837129	4.5455074	4.052516	4.0781755	5.5569134	6.5581174	5.119248	4.7287188	4.2094064	4.1648545	5.9060445	3.842321	4.403563	4.175031	5.0376115	3.470145	5.0084386	5.1472926	5.310402	5.3379145	4.2555523	5.0322104	4.355269	5.4186172	3.9308388	5.1329784	4.8844705	5.0255075	4.7675343	4.02811	4.7650757	3.8872685	4.886783	5.2958193	5.376327	5.9609213	5.360677
LCP1_8988	6.272775	6.2397366	5.8705945	5.9235063	6.5991006	5.584939	6.184997	6.095338	6.2001786	5.8932114	6.2254663	6.0579076	6.331608	6.3387294	5.5007815	6.4856176	5.706935	6.1732006	7.1725965	7.0291514	6.162996	5.836234	5.986164	6.277687	6.418999	6.229899	6.0522475	5.6881657	6.34386	5.6839757	6.5392175	6.7726965	5.3940325	6.42473	6.156117	6.439538	6.2408056	6.180091	5.993328	5.956621	6.5724864	5.6070704	5.8157644	5.9086065	5.801255	5.5822864	4.8248677	6.7085776	6.490202	6.422272	6.70739
LCP2_33021	3.894955	3.4089699	3.472876	2.2280116	3.947468	2.8407314	2.2206478	3.1282818	3.4916236	2.875032	3.5547543	3.216753	3.9833133	3.9849255	3.167487	2.533521	2.4476285	3.104337	4.073696	3.6287196	3.8425713	2.772292	2.6612716	2.6216867	3.4706786	3.2740002	3.1124566	2.7415621	3.0615857	3.1301692	2.0422144	4.3984737	3.493454	3.5480838	3.4257977	3.8775816	2.0856278	2.7364078	3.6972067	2.2807243	3.6340072	3.8166342	2.7449903	1.6725745	3.2825065	2.704639	2.5780368	2.6448896	3.2530992	4.8270445	4.150921
LEF1_32825	2.6772566	0.0	2.851444	2.4387863	3.0380745	2.0292463	0.79261	1.3498102	1.7505945	1.9320939	1.6554753	2.2543907	3.4773233	2.5715709	2.9132285	2.0680585	0.0	2.1552784	2.7569108	1.7110134	2.513575	1.9693668	0.8162666	3.5904546	3.3660054	2.8082936	1.6257219	2.260616	2.2247963	1.7340541	2.6910543	2.8986797	1.7520065	3.3729517	0.76228935	3.0373216	1.2002778	1.9381144	1.9449388	2.07588	0.0	2.4906006	2.3198192	1.9697882	1.7574636	1.618053	2.7208638	2.8084092	3.0200155	2.63602	2.9183865
LGALS1_33266	6.137136	7.5776744	7.0310483	7.086046	7.1242003	6.4604826	7.012747	6.363018	7.051482	6.716925	7.342254	7.2607937	6.8139086	7.4434385	7.1844025	7.0522456	7.4491673	6.774428	7.631264	7.3303027	7.434021	5.779924	7.0594716	6.5399046	7.868859	6.649741	6.1402097	6.2031865	7.7989044	6.855237	7.619875	6.9589443	6.003463	7.6835756	5.509554	8.029389	7.147872	7.252802	6.816707	6.538818	6.2326074	6.151205	7.265505	5.78048	6.6238422	6.927505	6.438864	7.507035	6.878148	6.8053317	7.3535194
LGALS3_8989	6.0220504	3.513961	3.9058084	2.9322088	4.6326175	3.817433	5.89667	3.5657802	4.197168	5.233011	3.2631965	3.707994	4.5131187	3.7400002	3.6569836	3.6976154	4.1761804	4.0781755	4.6298127	6.262976	4.7071815	2.772292	3.6337392	3.9060543	6.9673586	3.5453217	4.6229854	3.389553	4.08088	6.4314413	3.1370003	4.6251106	5.57216	3.8451312	3.4257977	6.233801	3.6645458	3.9880698	3.166812	3.5770605	6.3253727	3.9662805	4.0849814	2.4264417	3.689876	3.8183901	3.6788332	4.729104	4.7715435	4.7591944	6.39392
LGALS3BP_8990	8.846943	8.213704	8.412002	7.8513517	8.712213	7.6367197	7.7712584	8.112095	9.137183	7.7902427	8.193377	8.179331	8.702616	8.131177	8.200948	8.0248575	7.9339867	7.8565106	8.908321	8.517044	8.631788	7.353719	7.651782	7.779432	9.112198	7.8233953	8.606164	7.9548326	8.602344	7.5478897	8.289453	8.960647	7.9954505	8.389247	7.736976	8.616491	7.617099	8.5308895	8.101295	8.668392	8.305324	8.63503	7.9803677	8.14954	7.436528	7.8457174	7.7382383	8.671884	8.8907	8.855743	9.116229
LGALS8_8992	6.9402146	6.8834553	6.3544507	6.3970885	6.8452425	6.4855084	6.1704044	6.928433	6.9990997	6.319228	6.535195	6.6519566	6.93837	6.7566524	6.297748	6.655182	6.2336793	6.8367968	6.9638057	6.8320975	6.9571457	6.548156	6.2250013	6.2500377	6.86545	6.1096034	6.7652016	5.8391385	6.0154805	6.1456447	6.5270715	7.1164336	6.9187703	6.8242583	6.766965	6.403131	6.5613937	6.734624	5.6112785	6.578197	6.6666756	6.459632	6.337246	6.0894437	6.2554884	6.1290116	6.320464	6.874664	6.3958793	7.0521073	6.536675
LGMN_8994	11.976487	10.976122	11.48696	11.843459	11.171085	11.286183	11.355406	11.545631	12.190986	10.885698	11.157717	11.54855	11.385268	11.056949	12.179285	11.351962	11.017786	11.479	11.094553	10.601844	11.793061	11.759921	11.5025015	11.275076	10.398966	10.711614	12.057762	11.020354	11.910867	11.438323	10.892036	11.51906	11.969842	10.948826	12.344123	10.400206	11.892684	11.708374	11.510156	11.34903	11.350639	11.612823	10.501049	11.473193	10.88474	11.728381	10.287747	12.00545	11.016275	11.776249	10.981716
LHPP_8998	3.894955	4.6000867	4.238368	4.7036085	4.546167	5.0600524	5.465978	4.5035396	3.4916236	4.8659616	4.537262	3.9383843	3.2596772	4.589442	4.8000183	4.443337	4.6299973	4.8741713	3.944735	4.080432	4.5708647	3.8924706	5.258569	5.21268	4.175426	4.9859533	3.6803772	4.644765	4.8664517	4.774433	5.1733747	3.641533	4.3180375	5.160505	4.778989	5.3194785	4.7868943	5.1575513	4.5729938	4.5942683	4.698786	4.393726	4.4285355	4.02811	4.8065834	5.0922785	3.1824234	4.4606056	4.7715435	3.030724	5.19832
LIG1_8999	4.992609	4.156908	4.458325	4.3853164	4.076445	4.8830204	4.033539	4.551971	4.7556725	4.7945623	4.4453254	3.9383843	4.9369683	3.5500658	3.5714786	4.443337	4.1761804	4.245164	4.711368	4.4239254	3.6753457	4.5153666	3.9500973	3.676059	4.5545726	3.625497	4.3553696	4.175031	4.229575	3.365476	4.4628186	4.1874375	4.374035	4.6857796	4.624693	4.673151	3.7365477	3.9880698	4.465425	5.0790944	3.9325047	4.035659	3.2563734	4.6050706	4.1430035	4.294727	5.0580235	4.9200525	4.11745	4.9838986	4.914352
LIG4_32329	5.305445	5.3033276	4.649141	5.32408	6.475897	5.5137362	5.1462336	6.045465	5.9655366	5.362092	5.505856	5.4088683	5.9500856	5.4272304	5.4051685	5.9086823	4.904904	5.900318	6.530315	6.4621577	5.9039826	5.8545256	4.7881384	5.268869	5.8872566	4.7198715	5.892562	5.4792156	5.1161337	5.035494	5.5059705	6.03506	5.8140264	5.6187415	6.0388036	5.6024013	5.892458	5.7193155	5.065764	6.41379	5.9290457	6.037419	4.797434	5.25524	4.5859623	5.0922785	6.1029415	6.2057843	6.467193	6.548229	6.119264
LILRB4_9000	2.9888134	3.6118274	2.2885845	3.5005035	4.1368527	2.9881048	3.0569396	3.6571705	4.477985	3.2400484	4.295405	4.6943655	5.204388	3.9849255	3.167487	4.5455074	4.586072	3.104337	6.0240126	5.490641	4.0618725	4.1511106	5.342123	3.975235	5.684551	2.9395516	4.403563	2.5983527	5.190602	4.293731	4.5613933	6.307551	4.9903865	1.5877075	3.8995237	3.5624845	3.8051264	4.802422	3.6972067	3.9812746	5.0175266	3.5583014	3.9845908	2.919052	4.076691	3.3173459	4.047469	5.896027	5.583087	4.793518	5.2544937
LIN9_9003	4.5457487	4.2811027	4.777325	4.2797976	5.0330415	4.4965525	4.474693	4.291709	4.952162	4.420659	4.3970623	5.0954046	4.86158	4.4871287	4.8000183	5.006024	4.6299973	4.731381	5.393562	5.0700746	5.3310165	5.506793	4.019423	4.4342127	4.7335253	4.346816	4.777274	4.644765	4.601192	4.1115565	5.076692	5.4373636	5.221623	4.926812	4.624693	4.5453463	4.050856	5.038283	4.4277096	5.0790944	5.330519	5.216879	4.7058096	4.3191257	4.1430035	4.7292876	6.274881	5.659417	5.2199426	6.6264787	5.4109745
LIPA_9004	7.4274592	6.2087917	6.1952534	6.332589	7.286324	6.1363373	5.392438	7.0259547	6.878627	6.3692307	6.1400704	6.662737	7.2942343	6.367813	5.4051685	6.666564	5.898691	6.3667994	7.2221327	7.195053	6.8334975	6.814237	5.7414184	6.103233	6.7557917	5.6734986	7.4208345	6.2155085	5.695712	5.5229716	6.071975	7.2032847	6.811324	6.5012565	6.7852926	6.691773	6.551447	6.4256163	5.628005	6.578197	6.950827	6.702971	5.3749475	6.6359334	5.7383003	5.8122277	6.449161	6.8560877	6.8248425	7.4357347	6.70739
LMO4_32889	9.453246	8.511866	8.947535	8.779721	8.900388	8.619023	8.415638	9.049604	9.023769	9.187911	8.69297	8.65472	9.384784	8.947806	8.323695	8.960999	8.7388115	8.822905	9.576315	8.965044	9.241966	9.408733	8.12261	8.754169	9.156023	9.022535	9.0040865	8.854829	8.35497	8.157965	8.799039	9.215209	9.194663	8.957334	9.125775	8.890794	8.811868	8.897191	8.819872	8.95684	9.019462	9.389991	8.560158	9.2316885	8.943354	8.657794	9.54916	9.171779	9.25043	9.933282	9.255218
LOC100134871_32288	13.141482	14.266395	13.790479	12.993973	12.3738365	14.07093	14.732224	13.704383	14.277382	13.591676	14.023467	14.21063	13.534675	14.359498	14.288447	14.095055	13.300499	13.418531	12.603151	13.147506	13.401708	11.948946	13.529678	13.430856	14.008507	13.2153635	12.079248	13.092199	13.3207855	14.31304	13.366055	13.082968	12.179553	13.847349	12.261438	14.096396	13.861283	13.2800665	13.26869	12.314367	11.972644	11.087666	13.987658	12.116615	12.978268	13.294259	13.105347	13.005406	12.442045	11.943205	12.689126
LOC100360552_9018	6.055879	4.9386396	5.9084196	5.094401	6.0108395	5.304655	4.849189	5.568749	5.750009	5.030379	5.2849617	5.4088683	5.691711	5.3122444	5.6542234	5.488861	5.1049194	5.233359	5.723429	5.514759	5.0862885	5.721327	4.6637425	4.893314	5.0360622	5.4713902	5.7507257	5.395048	5.306762	4.774433	5.455594	5.776419	5.3666906	5.4077406	5.1900296	5.444169	5.1973376	5.185889	5.015799	5.9110847	5.4993024	5.8382316	4.9111953	5.460327	5.1345544	5.257497	6.1159263	5.7627587	5.326059	6.964438	6.1343126
LOC100360856_32354	2.2793405	2.0728946	4.29658	2.2280116	3.0380745	0.8241397	3.0569396	1.3498102	0.83860815	1.9320939	2.1965384	2.2543907	4.1189895	2.356276	0.7873415	2.8848794	1.9891841	4.441436	2.9029238	0.8139097	1.7463846	5.169586	3.8005724	3.5904546	3.826752	1.8752655	4.0265417	2.439345	3.2590787	2.0363805	3.1370003	3.641533	3.9269106	2.5058906	3.3291726	1.2880224	2.0856278	3.135555	2.615978	4.5553317	2.4007041	4.393726	2.6167028	2.919052	3.2825065	4.2431035	5.6284776	6.645074	6.281829	7.4679713	5.9928694
LOC100360908_33068	1.345864	2.3245585	2.5015457	2.2280116	3.3754735	3.1218095	3.3948803	2.9944959	3.6808712	3.1283326	3.5547543	2.9613252	3.574956	2.10312	3.480585	0.8466378	1.6904588	3.21582	3.1569264	3.872183	2.0497084	1.9693668	3.3405793	3.185903	3.826752	3.0598574	1.6257219	2.9913046	2.832704	2.8488586	2.8555002	3.0312061	2.7061894	2.1186442	1.2584345	3.0373216	2.0856278	2.8820758	2.3191266	3.4971333	1.6509043	2.028597	3.5652707	1.6725745	2.3127773	1.9105306	2.850816	2.9552677	2.5797195	2.7799242	2.609335
LOC100361830_9029	4.7661185	4.339408	3.472876	4.223995	3.6487305	3.894199	2.924071	4.927277	4.426025	3.7731934	4.537262	4.9267755	4.782034	4.127788	3.5714786	3.6976154	3.9172494	3.8204114	4.3531976	4.4739904	4.1281424	5.459774	2.4763973	4.1648545	3.9035544	3.9079125	4.813399	4.070375	3.97249	2.9963596	4.357012	4.8923774	3.7687938	4.6478076	3.225608	4.673151	3.8705926	4.606701	4.0841665	4.5153155	3.714618	4.4456296	3.5652707	3.577628	4.2671294	4.0158815	5.8152	5.02356	4.948106	6.020097	4.8057513
LOC100362324_9030	5.878196	6.1610937	6.1952534	6.5410495	6.2484016	6.355797	6.375161	5.884585	6.0365596	6.3814654	6.23922	5.7494965	5.455769	6.046653	5.9020057	6.218085	6.2618723	6.0126505	6.071118	5.945737	6.409407	4.843061	6.479907	6.2639284	6.0980153	6.455039	5.958572	6.1655755	6.5464873	6.0305486	6.0381403	5.9370947	6.23277	6.0557156	5.976364	5.8923473	6.426407	5.984247	6.3055305	6.177829	5.978855	5.8575196	5.8870206	6.3566666	6.3567615	6.3155117	4.426699	6.7891216	6.954586	6.090808	7.10885
LOC100362453_9031	10.921724	10.566482	10.507627	10.797112	10.871149	10.848612	10.396097	10.676414	10.679415	11.267004	10.630948	10.455259	10.864726	10.549187	10.485007	10.752664	10.681885	10.923152	11.21785	11.189075	10.864138	10.572135	10.872056	10.946203	10.997601	10.633181	10.85103	10.858395	10.265282	10.556068	10.847554	10.739233	11.259371	10.574285	10.897722	10.881362	10.669319	10.836348	11.079313	10.895485	11.148753	11.107941	10.356017	11.422348	10.536419	10.594609	9.928884	10.993637	11.183534	10.396679	11.157271
LOC100366216_9042	3.9678442	2.538774	2.2885845	1.306817	3.1595216	2.278697	2.7777128	2.9944959	2.7044885	1.9320939	2.7514749	2.8143709	3.3726006	3.0732796	1.6679709	3.2900343	2.9416285	2.5450702	1.9559586	2.0114515	3.3813758	2.9185607	2.9722497	1.6821929	3.3660054	1.2230182	1.9188775	2.260616	2.5605352	1.7340541	1.7394503	3.641533	2.5201793	3.2767088	1.9201866	3.6479416	2.2908719	1.9381144	3.166812	2.6195595	3.145316	2.4906006	2.6167028	2.4264417	1.3714777	1.618053	2.9700236	2.460438	3.8592093	3.670877	3.8196683
LOC100909655_33228	3.244892	2.538774	3.1328285	3.4033608	3.7294111	3.3569534	3.2907877	2.4973207	3.6808712	3.0072343	3.1512616	2.2543907	4.182325	3.2080395	2.7670465	3.4032214	3.07473	2.851636	3.7267091	3.335659	2.8640268	2.215664	2.4763973	3.4994485	3.6596727	2.8082936	3.1124566	2.7415621	3.2590787	2.8488586	3.4771605	3.7221797	3.6827233	2.6664317	2.8610861	3.0373216	2.904811	3.0143752	2.9709482	3.013504	2.7457702	3.5583014	3.1675818	3.2855973	3.1597538	3.746058	2.241367	4.067246	3.453711	3.876996	3.9614177
LOC100909675_9046	4.845632	4.9758754	5.1996346	4.821103	5.4450064	4.6811867	4.920685	5.22483	5.3920717	4.5563493	5.1747684	5.329906	5.6697793	5.2195606	4.55475	4.8942833	4.7934337	5.1793666	5.663215	5.6944327	5.465258	6.5924234	5.139058	4.9286256	6.2961874	4.565833	5.9259443	4.644765	5.9018607	4.45546	5.4810023	5.9029036	5.7519803	4.926812	5.014717	5.3452935	4.7868943	5.293981	5.542364	6.8191233	5.566001	5.246444	4.7058096	4.9150934	5.288968	5.283283	7.344883	8.107134	7.554891	8.810368	7.889717
LOC100909840_9050	6.48631	6.0077376	5.708521	6.041196	6.487542	5.7997093	4.6946006	5.9761677	6.2001786	6.1999516	5.8840427	5.483732	6.863057	5.1542892	5.4296722	6.019355	5.4371037	5.9655747	7.1940346	6.7733316	6.194267	5.5745673	5.4211016	6.0719905	7.136002	4.9859533	5.9746127	5.2588058	5.6436443	4.403539	5.6247144	6.3334546	6.0727806	6.0411425	5.927695	6.8353124	5.743151	5.776337	5.6930356	6.112273	6.4364977	6.395099	5.2933636	6.0739093	5.288968	5.1494794	5.9662323	6.6232696	6.524041	7.2318177	6.235472
LOC100909929_32704	3.3576849	3.295734	3.9787362	3.757939	3.472425	3.461558	3.3948803	3.4682064	2.8691986	2.875032	2.7514749	3.9383843	2.8556545	3.33128	3.0459516	3.6060004	3.4131749	3.6719112	3.560594	3.6287196	3.9924111	2.425981	3.1057508	1.6821929	3.1306887	2.9395516	3.6803772	3.7697577	2.832704	3.6591327	3.3724391	3.7985559	2.5201793	3.5480838	3.5163558	2.9047132	2.7740545	2.3917863	3.0722015	3.4971333	2.7457702	2.4906006	1.438908	2.609976	3.1597538	2.704639	1.1653116	4.358722	3.629802	3.141468	4.02739
LOC100910195_9055	3.244892	5.012174	3.57048	3.2992017	4.013397	3.1218095	4.033539	3.4682064	3.6808712	3.3437319	3.029906	4.6943655	3.574956	4.3770022	3.9558542	3.2900343	3.07473	3.104337	2.7569108	1.7110134	4.0618725	1.9693668	2.2643013	2.7847295	2.499557	3.2740002	2.1624062	2.5983527	3.6594398	3.365476	3.833374	4.820931	3.018777	5.3379145	2.1637886	5.0322104	3.7365477	3.7044504	2.8620489	2.2807243	3.3610175	1.7268571	3.9845908	3.173454	4.206401	4.076129	1.5181447	4.358722	3.3568892	3.3403132	3.8922832
LOC100910229_32519	2.0298584	4.339408	3.8289971	3.9071345	3.7294111	4.036466	4.3763976	3.4682064	4.426025	3.5311098	3.5547543	3.4336874	4.5615644	2.5715709	3.9558542	3.7837584	3.7679756	3.889297	4.897113	4.4239254	4.946362	1.6721861	3.2279377	4.4342127	5.342288	3.9079125	2.8595514	3.8976135	4.7064605	3.470145	3.9831457	4.3485374	4.714878	4.5687265	3.3291726	3.9466662	3.7365477	3.7807512	3.9308388	4.388141	3.9325047	3.8933966	3.0729647	4.469171	4.3814173	4.189564	2.4195006	4.8466773	4.5703197	4.687995	4.767655
LOC100910669_9062	4.883804	4.551584	4.73585	3.9763188	5.0952544	4.544973	4.7739644	5.5208874	4.8375063	4.719445	4.9918857	4.651712	5.7345986	4.8589354	5.0095854	5.2675486	4.8315554	4.693361	6.0398855	6.113059	5.0525584	4.805945	5.139058	4.9286256	6.637108	4.1974325	5.731974	4.2726064	5.190602	5.547102	4.5613933	6.170562	5.7519803	4.146841	4.664841	4.5892177	2.7740545	4.7653446	4.2227526	4.6321816	4.8130383	4.9556274	3.5652707	3.820381	4.076691	3.746058	5.371264	5.02356	4.6943884	5.8992147	4.914352
LOC100910792_33137	7.313218	7.7050977	7.3247776	7.3499193	8.002103	7.4960275	7.23938	6.9824424	7.697252	8.018901	7.716256	6.662737	8.060201	7.1655927	7.446984	7.356269	7.2240615	7.907219	8.282123	8.336001	7.504325	7.410458	7.6894927	7.190494	8.789404	7.4522996	7.317714	7.6580253	8.124293	7.396743	7.97763	7.2242045	7.643383	7.5714164	7.241982	8.125634	7.3217955	7.4928694	7.63934	7.762324	7.7861905	7.3596983	7.089385	7.4656124	6.8391514	7.367971	7.0251718	8.149702	8.120802	7.988588	7.8808217
LOC100910898_33247	5.8203235	5.2435145	5.168798	5.094401	5.5816708	4.95646	5.116092	5.2544	5.2794547	5.5900464	5.5725613	5.157699	5.6019096	5.3708825	5.3290563	5.354567	5.3867836	5.1232753	5.29118	5.3636045	5.2736154	4.4686303	5.200051	4.781876	5.684551	4.8590384	5.59341	5.0267854	4.7399096	5.1967144	5.1418614	4.857096	5.3666906	5.239223	5.321426	5.211334	4.820415	5.555225	4.910358	5.2350597	5.710594	5.155866	4.5738235	5.78048	4.3814173	5.0019855	4.426699	5.548098	5.539633	5.3262887	5.4354806
LOC100910973_9069	8.093454	8.603935	8.237249	8.004111	8.507244	7.2770157	8.035609	7.807517	8.287195	7.6607103	8.589395	9.251938	8.289631	9.27396	8.142851	8.543071	8.761204	7.980088	8.409768	8.1636715	8.459104	7.551682	8.094774	7.7501235	8.903657	8.269439	7.8570285	7.82816	8.694795	8.41885	8.282245	8.818855	7.9455047	8.897914	7.7275295	8.346223	8.394426	8.182775	8.355944	8.08975	8.347013	7.895824	8.26349	7.3986034	7.8278065	7.676036	7.5501504	8.564423	8.531774	8.549232	8.709613
LOC100910978_33295	3.6511872	5.7740564	5.4251323	5.184869	5.978193	5.0929937	5.1757584	5.393788	5.1572967	4.9989605	5.1163464	4.9966097	4.740553	5.187294	5.6332774	5.2373357	4.540767	5.3601093	4.451415	4.658498	4.7071815	1.9693668	5.200051	5.0932775	5.9609838	6.0381675	4.1446767	5.3285346	5.810359	5.3138585	5.8942595	5.776419	4.374035	5.695198	4.028212	5.2664194	4.7868943	4.9418797	6.4536247	4.199003	4.061393	5.358995	6.711634	4.9150934	6.5028005	6.277527	4.9167724	5.452413	5.326059	4.687995	5.7010565
LOC100911177_9074	6.4986625	7.1671658	6.8289256	6.358736	6.8632326	6.703823	6.919837	6.5294833	6.6141777	6.26743	6.7521696	6.515887	6.6776867	7.0082555	6.84505	6.4596815	7.1580887	6.73754	6.8956566	6.691057	6.487218	6.9480214	6.939402	6.819291	6.9939466	6.229899	6.7278333	6.3219132	7.1544766	6.713174	6.7834177	6.9167314	6.247835	6.9069586	6.4936323	6.79841	6.806907	6.923172	6.1750326	6.843569	6.950827	6.7858486	6.765572	6.382118	6.8391514	6.7993326	6.9106174	6.8560877	6.8066273	7.281033	6.70739
LOC100911481_33186	5.2185044	6.144837	5.945278	4.743846	5.0952544	0.8241397	5.7668867	0.0	0.83860815	4.8307037	4.8909454	5.0954046	6.0210967	5.7915587	5.970411	0.0	0.0	5.8665485	5.418061	5.336797	1.3618308	4.805945	1.3343891	0.0	5.227475	5.9159603	5.4855967	4.5699625	0.0	5.102159	5.0429688	5.025458	4.53006	4.5687265	5.8601375	5.2664194	2.2908719	5.099149	0.0	0.0	5.1965966	0.0	4.6079693	4.3708944	0.0	0.0	3.934742	1.3226663	0.0	6.062938	0.7898452
LOC100911553_9082	3.4622953	2.3245585	2.9989855	2.9322088	2.5968776	2.278697	1.3012427	2.4973207	3.6808712	0.7689436	1.6554753	2.2543907	3.1371586	2.10312	2.42098	0.8466378	2.631737	1.2520635	3.3728328	2.6566756	2.6994162	4.604528	1.3343891	1.6821929	2.499557	1.2230182	3.4241838	0.70663524	1.5044802	2.2861977	1.7394503	3.4653084	2.7061894	2.3252215	3.225608	1.9574919	1.2002778	2.7364078	1.9449388	3.4971333	3.257194	3.5583014	0.6511185	1.6725745	1.3714777	2.8497622	4.6924458	3.6158395	2.7418792	5.0133224	3.662459
LOC100911626_9086	7.2415338	6.987395	6.5821443	5.184869	7.450023	4.6811867	7.978118	4.9635353	6.868929	5.926992	3.7971807	6.6191235	6.3033967	6.9613233	6.9672537	4.814672	6.9996934	7.6032896	4.6298127	4.7425966	4.5224047	5.5745673	5.801695	6.865577	6.3925967	7.5633316	7.311413	4.4076104	7.123131	7.7485175	6.956423	6.9589443	3.3886123	6.573928	6.6317067	3.8050218	5.2226305	6.9147305	5.9540706	7.2185555	3.8634686	6.395099	5.3946424	7.226628	6.897941	7.1885624	3.1824234	5.3231273	6.886844	6.0487986	5.3860445
LOC100911668_32482	6.9402146	7.214667	6.942667	6.682329	7.4618783	6.9751897	6.884511	7.3610396	7.258769	6.8103843	7.1224036	6.8907557	7.364186	6.862614	6.9672537	7.136513	6.8122373	6.7468505	7.361286	7.253553	7.2966967	7.139205	6.7586083	6.856438	7.493632	6.6592956	6.9630957	6.842461	7.2151966	6.765531	6.9654517	7.101436	6.7170424	7.0521173	6.6814814	7.3821664	6.8960705	7.059594	6.679024	7.2675576	7.0395613	6.755325	7.058851	6.4914	6.724724	6.886033	7.3338113	7.3027186	7.3500395	7.560571	7.517451
LOC100911727_32894	3.8181863	3.0385108	3.2553017	2.9322088	2.7594013	2.4913077	1.6765455	3.3635519	2.7044885	3.440461	3.1512616	1.706109	3.6663983	1.4050055	3.5714786	2.8848794	2.4476285	3.104337	4.1340966	3.335659	2.513575	3.662644	2.2643013	3.298162	3.9035544	2.663887	3.8978634	2.5983527	1.5044802	2.2861977	2.505423	2.8986797	3.2755504	2.1186442	3.3291726	3.1587603	3.1353765	3.3510835	3.339235	3.4125168	3.257194	4.035659	3.2563734	3.2855973	3.1597538	3.213879	3.3675282	3.8591263	4.057093	4.793518	3.284909
LOC100911750_32851	7.0865035	6.7393203	6.886917	6.902714	7.1016445	7.1339817	6.6730523	7.0259547	7.1184916	7.2108226	6.808607	6.786185	7.364186	6.65414	6.872122	7.034785	6.948573	6.8367968	7.1940346	7.3097725	7.1528935	7.8171697	6.7887044	7.233486	7.1119285	6.706141	7.2859273	6.8184266	6.6644106	6.3920174	6.872512	7.318009	7.48075	6.866201	7.3320045	6.7605386	7.052358	6.880463	6.866892	7.2185555	7.348283	7.304548	6.7806196	6.9485826	6.926461	6.886033	7.7632127	7.3631663	7.4115953	7.8322716	7.476706
LOC100911814_9091	2.8414288	2.8903687	1.7361541	0.7965775	3.2715344	2.0292463	1.3012427	2.2845037	3.7669325	0.0	1.9512244	2.0061407	3.4773233	2.7588696	2.604365	0.8466378	2.9416285	2.5450702	3.469766	2.0114515	3.76138	2.425981	2.4763973	2.2271013	1.3514621	1.5856925	2.8595514	1.1788656	0.0	2.0363805	1.3557978	3.1525764	3.493454	2.5058906	2.9930947	1.6612463	2.0856278	1.9381144	2.1441302	3.652791	2.8915966	3.1210482	2.1448007	1.6725745	1.7574636	2.5432677	3.2779424	4.067246	1.942873	3.4303215	3.9614177
LOC100911882_32291	2.491974	1.767856	2.9989855	2.2280116	2.5968776	0.8241397	1.6765455	2.682742	2.8691986	1.2678612	1.2830404	2.650732	2.5055704	3.6481564	2.2108426	1.7633755	1.6904588	1.61952	2.411319	2.4719195	2.3002052	2.425981	0.0	0.79608655	3.1306887	3.0598574	1.6257219	2.0565722	2.4024103	1.7340541	1.7394503	2.4073412	0.83949393	2.8108833	1.6269251	3.270766	1.846264	2.5743628	1.7137712	2.6195595	1.9462588	2.4906006	2.1448007	1.2978095	2.7127588	2.3615465	2.241367	2.8084092	2.1877303	2.7799242	2.4258175
LOC100911946_9096	6.228964	6.3430967	6.1003957	5.9581227	6.192577	5.2472816	5.602687	6.159261	5.72872	5.823181	5.8305345	5.4088683	6.5272484	5.4272304	5.9194136	5.462984	5.916536	6.1732006	6.3510737	6.4621577	5.765105	5.3087573	5.8595533	5.715534	6.949357	5.4713902	5.344592	6.0464764	6.145973	5.726859	6.0885997	5.813703	6.292108	5.8369336	5.8943114	5.802022	6.111377	6.000293	5.886169	5.971486	6.027002	6.395099	5.7096953	6.179294	5.1345544	5.7018332	5.8152	6.034634	6.157983	6.433199	6.3036184
LOC100912041_9098	7.4144793	7.049841	7.2158637	6.829815	7.43807	6.8458776	6.2279096	7.034502	7.5102854	6.3568916	6.8450418	6.4675207	8.021758	6.970833	6.7115283	7.120049	6.6187024	6.8627224	7.6260157	7.6132226	6.993153	7.5233784	6.540121	6.761713	7.738658	6.3169856	7.010547	6.8184266	6.9045706	6.1456447	6.833592	7.3437266	6.84143	7.059367	7.06577	6.57662	6.469302	7.405198	6.4059296	7.6922665	7.5703125	7.14102	6.4450674	6.526062	6.777864	6.480639	7.6825967	7.427488	7.9487586	8.447817	7.5059266
LOC100912163_9101	6.6053166	6.959782	6.7477894	6.791936	7.0940466	6.776598	6.945775	6.8531246	7.150864	6.7829766	6.7993526	6.9180074	7.1110625	7.523161	7.064345	7.1768703	6.7338886	6.8367968	7.373865	6.888563	7.2075553	6.479099	6.798599	6.979401	7.175253	6.8877983	6.8632374	6.6470695	6.7073174	6.8357787	6.9654517	6.97549	7.4155374	7.1436377	6.766965	6.998759	6.6756954	7.0207915	6.570722	7.0950365	7.0551243	6.368456	6.622577	6.382118	6.5028005	6.4004364	7.15665	7.104509	7.1693883	7.0871205	7.2188244
LOC100912247_9104	3.6511872	4.090557	3.6618972	4.2797976	3.5632691	4.102663	3.7492652	4.043332	4.712946	3.9804323	4.004671	3.4336874	4.052746	3.0732796	4.20331	3.8650463	3.7679756	4.0179224	3.8031044	3.4401016	3.8425713	4.560636	3.719566	3.8333883	4.646822	2.5034022	4.403563	3.389553	4.08088	3.745087	4.118821	4.926816	4.069397	4.0336113	3.6015635	4.0125933	3.8051264	4.380197	3.339235	3.9812746	4.3906794	4.283957	3.5652707	3.8929985	3.689876	3.746058	4.201589	4.5557666	4.11745	5.070428	4.4201384
LOC100912409_9106	7.6761036	6.5299463	6.5585485	7.2132998	7.7595344	7.6255054	5.786157	7.420941	7.823117	7.403107	6.8893285	7.2749157	9.699531	6.7784767	6.25725	7.0522456	6.3823376	7.250859	8.406712	8.379337	7.373837	8.616431	6.939402	7.21215	7.657825	5.6545153	8.103061	6.4936323	6.655674	5.7685046	6.586803	8.155462	7.8500113	6.9543953	7.6744366	7.1528854	7.3564854	7.4172	6.1976185	7.3998203	7.714495	8.392139	6.8392878	7.254457	6.477324	6.3155117	8.413248	8.708587	7.7533855	8.871896	7.7839518
LOC100912608_9111	6.570634	7.5957274	7.3593287	7.1622534	7.473637	7.101973	7.4891105	6.7530994	7.4001365	7.0967274	7.5984807	6.80577	7.2131553	7.351792	7.321659	7.522086	7.016339	7.3085876	7.5724554	7.453953	7.6182303	6.073352	7.1472664	7.374606	8.073848	7.3018217	7.0863214	7.374607	7.6307797	7.0703087	7.7032	7.448185	7.3189845	7.5865498	6.899062	7.904722	7.237453	7.4928694	7.210146	7.3551784	7.309877	6.1354895	7.21655	7.4596477	7.184372	7.6214848	5.8621926	7.2179675	7.510566	6.98686	7.397841
LOC102549061_32836	8.068813	8.821543	8.157034	7.7163124	8.100181	7.9560785	8.047636	7.3542275	7.7771945	7.9048653	8.196905	8.27377	7.4045844	8.548107	8.146552	8.211269	8.103256	7.860805	7.9369774	7.705173	8.000806	7.006448	8.138278	7.663696	8.470818	8.100877	7.246834	7.706847	7.7909474	8.473384	8.1966505	7.6211405	7.0957203	8.721783	7.567308	8.465779	8.397205	7.475756	8.262626	7.7277203	7.5038176	7.393127	7.6606803	8.260058	7.532419	7.6514955	6.91805	7.701664	7.889416	8.071352	7.764739
LOC102549726_32764	6.827224	7.3197746	7.154229	6.9721055	7.3704944	7.165295	7.037081	7.034502	7.2438393	7.0438256	6.990378	7.063403	7.1979113	6.593875	7.321659	7.034785	7.040952	7.1491933	7.0209045	7.054052	6.9842353	7.353719	7.16267	7.485468	7.6184955	6.7604184	7.1583133	6.927313	7.3620577	7.1669054	7.190051	7.3627186	7.2078204	7.2802134	7.088088	7.022954	6.8960705	7.6838036	6.7107763	7.2247725	7.322793	6.775746	6.554171	7.139767	7.035218	7.483703	7.236104	7.427488	7.162243	7.6047335	7.7934628
LOC102551815_32699	7.313218	6.4261546	6.886917	6.7530355	7.3061886	6.5930457	5.823943	6.900651	7.4723625	6.801306	6.965771	6.715463	7.719481	6.569046	6.473021	6.4727077	6.60776	6.765294	7.775709	7.4224267	7.2602215	7.659649	6.070247	6.837984	7.487407	6.376121	7.4090786	6.897032	6.438578	5.6620464	6.655362	7.2584105	6.9093266	6.727453	6.729596	6.965854	6.500657	6.9147305	6.7722573	6.8108816	7.1231523	7.9189596	5.9681277	6.9400396	6.5645905	6.598301	7.3936806	7.4148507	7.549424	8.546719	7.579241
LOC102553917_33088	10.992761	11.439686	11.079363	11.230061	12.064714	10.384795	10.587432	11.066439	11.739431	11.515859	11.281686	11.380363	11.670887	11.493283	10.98407	11.062088	11.303262	11.350909	10.83108	12.117713	11.492932	9.565468	11.478083	11.375258	12.064645	11.452821	10.204896	11.735544	10.980218	11.156973	11.436321	11.144641	11.808066	11.575709	11.413963	11.723801	10.504455	11.063807	11.429264	10.856978	11.633222	11.154982	11.166842	10.628928	11.422455	11.168058	9.472992	11.386418	11.507718	10.484653	11.509329
LOC102555086_9117	8.772599	7.9539757	8.042632	8.254419	7.956743	7.854078	8.220501	8.449053	8.333764	7.5566573	7.81599	8.205371	8.134141	8.260867	7.5678167	8.203477	7.829545	7.5774293	8.227725	7.337082	8.262901	8.224759	7.901736	7.3024096	7.6852756	7.8979273	8.222059	7.626074	7.639668	8.005218	7.986528	8.530568	8.38088	7.9718056	8.104835	7.558046	8.043368	7.3373413	7.63934	8.4362955	7.893971	8.197745	7.598352	8.069554	7.7712755	7.8500376	8.490059	8.095304	7.245737	8.953852	7.798195
LOC102555634_32355	2.0298584	2.0728946	2.038651	1.306817	0.7835774	2.0292463	1.6765455	0.0	2.7044885	2.1763573	1.2830404	0.0	2.2924721	1.795884	1.9647921	2.0680585	0.80118436	2.363299	0.0	2.4719195	2.0497084	3.2850893	2.8251235	1.3061277	2.2866638	1.8752655	1.9188775	1.1788656	0.0	0.0	2.2923298	1.952323	1.7520065	2.3252215	1.6269251	2.203147	1.559129	2.3917863	1.9449388	2.7631624	1.9462588	2.2780142	0.0	2.2161078	0.8429203	1.618053	4.3408227	4.001153	3.3568892	4.1127377	3.662459
LOC259245_33313	7.648654	8.48951	6.716147	5.0307755	5.320314	6.703823	6.1105113	7.5155606	5.5460544	5.3118367	5.145853	5.246371	6.4776163	8.34005	6.681235	5.075982	4.4939933	4.5728903	9.15053	9.176353	6.1147804	5.618044	5.47145	7.4372444	6.8558183	4.565833	6.9469256	4.5699625	4.3643665	5.1343713	5.2639832	6.5913587	5.4472094	6.435914	4.9833093	5.9097533	4.3087883	5.884034	5.374102	7.1613626	5.109838	5.0255075	5.7862463	5.110477	5.8615775	5.204499	5.664274	11.277208	5.583087	5.83475	4.7285256
LOC287167_9118	9.256355	10.529393	10.285784	9.572812	9.968053	10.562156	10.871891	9.807674	10.458786	9.753929	10.043504	10.5749445	9.881092	10.616617	10.568063	10.110946	9.500295	10.737709	8.492843	9.733764	9.601093	9.112635	9.551575	9.750032	9.2156	9.888314	9.175218	9.330328	9.667206	9.415103	9.369379	9.631381	9.030138	10.45498	8.97226	10.416279	10.681342	9.553614	9.616198	9.130794	9.293232	7.9189596	10.617192	9.4399185	9.582891	9.557744	10.041202	10.037746	8.778356	9.742221	9.327378
LOC500013_9124	3.6511872	2.3245585	2.5015457	2.4387863	4.546167	2.9881048	1.3012427	3.8242261	3.8481479	2.1763573	2.7514749	2.8143709	4.740553	3.9078133	3.6569836	3.2900343	2.4476285	2.7064807	4.750479	3.223061	3.8425713	3.5771093	2.8251235	3.402313	3.7456298	3.0598574	2.9915388	3.101637	2.5605352	1.7340541	2.505423	4.1294756	4.069397	3.5480838	2.5541615	3.5624845	3.0246947	3.6238878	1.4383613	3.3226266	3.145316	4.101853	2.7449903	0.7901686	2.87763	2.704639	4.4677935	3.4273803	3.8592093	4.724034	3.7432039
LOC500183_9125	4.0372276	3.7034745	6.05052	5.155339	5.8931904	5.6747184	4.5214376	3.8242261	5.72872	4.467322	3.64017	5.217415	3.4773233	5.3122444	5.1636105	4.015051	6.2618723	4.804542	3.8031044	3.223061	5.358883	3.1729507	4.08557	6.318193	4.966166	4.9859533	5.7507257	2.8718307	4.3643665	6.519446	5.0084386	4.4934416	3.7687938	4.758851	4.8503594	5.9269514	4.2110767	5.2409472	5.8294487	1.1930816	5.304711	4.101853	5.250774	4.7683935	4.2671294	5.204499	3.7471902	6.83727	6.0537243	4.9838986	6.4063706
LOC501110_33182	6.967132	7.2301593	7.4325485	7.0055885	6.8542657	7.101973	7.5296926	6.1435437	6.55493	6.1436005	6.808607	7.1035194	6.4649367	6.9896655	7.2818356	7.0608974	6.9996934	7.0918927	6.484652	6.0811114	6.448837	5.618044	6.86602	6.4697194	6.520026	6.581028	6.6197805	6.298937	7.1790724	7.12744	6.872512	7.0938787	6.495131	6.6812077	6.8123546	6.3013	7.3100443	6.1659346	6.630047	6.708128	6.9918385	5.8765535	6.8464565	6.8241134	7.4232473	6.567151	5.161842	6.827768	6.750559	6.8303456	6.878017
LOC606294_9128	6.967132	6.843722	6.726772	6.702887	7.0157847	6.8840213	6.565632	6.8723235	7.085376	6.677778	6.932296	6.6191235	7.0099463	6.9029117	6.484762	6.8171463	6.640341	6.7925243	7.0758295	6.8606067	6.920216	6.5140405	6.479907	6.617692	7.0027013	6.7515125	6.783529	6.610213	6.9764924	6.658845	6.872512	6.8643885	6.7170424	6.772262	6.8821325	6.7117567	6.7558455	6.6042128	6.444211	6.6992254	6.856276	6.81574	7.058851	6.6038413	6.6695514	6.716581	6.1287947	7.015241	6.9211125	6.863036	7.1903076
LOC679346_9130	4.592598	2.8903687	4.5084467	4.2797976	4.1368527	4.591821	3.0569396	4.291709	4.0675077	4.512522	4.2417574	4.1369987	4.822355	4.0581245	4.20331	4.686358	3.7679756	4.441436	4.301462	4.522376	4.1281424	4.1511106	3.8772712	3.7568672	5.227475	3.9079125	4.3553696	3.957529	3.0615857	3.470145	4.1821556	4.4934416	4.199067	4.3496885	4.7419343	4.6317945	3.9332168	4.0510454	4.1318564	5.0513787	3.8634686	4.804812	3.8766885	4.4208694	3.5983036	3.589511	3.9922063	4.190987	5.326059	4.8270445	4.688305
LOC679794_32681	13.212333	14.075302	13.313471	13.466237	13.798818	13.734906	13.799313	13.504994	13.365973	13.914206	13.967374	13.61146	13.019219	13.819177	13.8007555	13.443016	14.007583	13.632767	13.498234	13.696788	13.690238	13.449676	14.08831	14.203759	13.785608	13.76821	12.978515	13.259412	13.924119	14.196423	13.73714	13.476358	13.72641	13.735045	13.515632	13.943901	13.478049	13.800867	13.566675	13.496774	13.304362	12.862312	13.899617	12.979475	13.365031	13.331328	13.670932	12.953516	12.936562	12.523419	12.894071
LOC679818_32331	5.7393622	3.4089699	4.4063993	4.743846	5.3714914	5.1251993	3.582927	5.545017	5.4452467	3.9146059	3.4639611	4.6077585	5.713314	3.6481564	3.7377028	4.443337	3.4131749	4.1916203	5.6425724	4.782876	5.018021	6.747288	3.1057508	4.661105	3.9035544	2.663887	6.037051	4.3190255	3.2590787	3.1301692	3.9831457	5.7186217	3.7687938	4.200289	5.321426	2.7586706	3.8705926	4.330293	4.2227526	4.705144	5.2243943	5.512895	2.862796	3.663165	4.206401	3.213879	6.449161	5.476936	5.424902	7.5655456	5.9928694
LOC680097_9132	9.838103	10.181452	9.90105	9.938371	10.05378	9.850598	9.677497	9.450186	9.929804	10.106026	10.130944	10.299922	10.232944	10.054275	10.026045	9.696342	10.343123	10.002278	10.163819	10.042449	10.034866	11.044501	10.081723	10.024463	10.353491	9.596662	10.196372	9.923491	9.811841	10.34174	9.886867	10.070237	9.696782	10.095548	10.153874	10.046052	10.07007	10.015979	9.898876	9.828458	10.131607	10.573741	9.879791	10.114746	9.669805	9.662162	10.715351	10.211291	10.279279	10.723131	10.118716
LOC680329_9133	1.345864	3.6118274	2.851444	3.1869333	2.7594013	3.3569534	3.2907877	2.0347693	2.0542567	0.0	3.1512616	2.650732	0.8317068	3.2080395	0.7873415	2.8848794	3.8445423	2.5450702	2.411319	0.8139097	3.0117643	1.2974738	1.3343891	2.4378424	2.036824	2.9395516	1.9188775	1.5340518	1.1536862	3.2526147	2.0422144	3.2645237	0.83949393	2.3252215	0.76228935	3.270766	1.846264	1.9381144	3.339235	2.07588	0.7768912	1.7268571	1.9455801	1.2978095	2.7127588	2.704639	1.8014207	3.4273803	3.0200155	4.3153143	3.8196683
LOC684193_9138	3.6511872	3.9479325	4.238368	2.9322088	5.34613	3.3569534	0.0	4.77238	5.02383	3.2400484	4.295405	4.365336	4.740553	5.2195606	4.509489	3.5081706	4.1156726	3.7480712	5.7429543	5.194739	3.9194357	3.4861825	3.719566	4.6184916	5.662621	4.43845	2.9915388	3.2998173	5.0642633	3.745087	3.5747921	4.783836	3.6827233	4.8619547	3.6820183	4.453386	4.2110767	4.5203185	3.632368	2.6195595	4.7759504	4.339885	4.4662523	2.609976	3.857236	2.3615465	4.426699	5.0564756	5.300253	5.5435348	4.767655
LOC684841_32802	4.9209914	6.4395447	6.05052	5.975125	5.6244926	5.738567	6.5987062	5.393788	5.5215054	5.091235	5.736692	6.5511265	4.653833	6.438056	5.9020057	5.7029767	6.145635	5.310737	5.2644076	5.7153964	5.9227743	3.4861825	6.0538177	5.4977107	6.0815816	5.6157823	3.8289478	5.823123	6.498436	6.6252375	5.7131386	5.388778	5.338821	5.8702936	5.270294	5.960745	6.111377	5.849021	5.2281547	5.46253	5.251666	4.165143	6.093929	4.647667	5.067844	5.6029115	3.4518747	5.966995	5.686319	4.8918467	5.8175097
LOC686151_32901	2.2793405	2.7252557	1.7361541	2.622656	2.2038183	2.6765726	2.6148129	2.8470235	2.304984	2.1763573	3.3670683	1.706109	1.7395756	0.0	0.7873415	2.0680585	2.4476285	1.61952	2.411319	2.4719195	2.513575	2.215664	1.7148082	2.4378424	3.3660054	2.5034022	2.1624062	2.439345	2.5605352	2.4990745	3.1370003	2.5903506	2.3065865	2.3252215	2.5541615	3.0373216	0.721521	2.1827102	2.8620489	2.6195595	1.6509043	1.7268571	1.438908	2.772775	0.8429203	2.1535919	3.6070757	2.8084092	2.7418792	3.811508	3.1727722
LOC688041_9143	5.0608387	5.047582	4.60375	4.5304	4.828478	4.544973	4.2151294	4.9635353	4.712946	4.512522	5.145853	4.6943655	4.782034	5.050487	4.4144707	5.006024	4.4939933	4.907765	5.3686395	5.224292	5.0525584	5.254689	4.2094064	4.7427316	5.3696184	4.4821725	4.740221	4.531055	4.6371417	4.3496795	4.7818613	5.3384995	4.53006	5.2894125	4.7039027	5.420078	4.885206	5.2409472	4.30826	5.330393	5.0175266	4.8821898	4.6413255	4.1516447	5.1345544	4.528308	4.886783	5.914099	5.400819	6.308196	5.72113
LOC688090_9144	3.3576849	7.7379813	8.385425	0.0	0.0	1.3453724	1.6765455	0.0	3.7669325	2.1763573	7.759846	0.0	1.7395756	3.9849255	0.0	1.3766294	0.0	0.0	4.010656	0.0	8.01401	0.0	0.0	0.0	0.0	0.0	0.0	7.3855543	0.689217	2.4990745	0.0	0.0	2.055782	8.071982	7.888774	3.7286186	0.0	1.64341	2.615978	2.6195595	0.7768912	0.0	1.7143735	1.9697882	0.8429203	0.7569108	7.4562783	0.0	3.0200155	1.8512281	3.051179
LOC689064_32448	14.347141	14.838597	14.327484	13.778279	13.312204	14.924548	15.265139	14.711426	15.281007	14.281973	14.647485	15.034154	14.764886	15.041089	14.828469	14.993881	13.937074	14.4449415	13.51439	14.111859	14.276591	13.298167	14.099172	14.112123	14.891143	13.764549	13.56151	13.785296	13.943372	14.856188	14.000747	14.464165	12.701087	14.493775	13.328934	14.668288	14.50312	14.289054	13.869324	13.669091	12.890389	12.502607	14.615216	13.247075	13.738443	14.05366	14.107502	13.911943	13.306893	13.288421	13.633583
LOC690911_9146	4.6819654	2.8903687	3.2553017	3.677126	4.1368527	3.461558	3.2907877	4.2335076	4.712946	3.696925	3.64017	3.6222255	5.1098185	2.9246228	3.167487	3.7837584	3.3089392	3.5063531	4.711368	4.4739904	3.76138	6.057648	2.2643013	4.1043754	4.045885	3.0598574	4.9494805	3.7013133	3.0615857	3.5677314	4.118821	3.9401534	3.6827233	3.2767088	3.7582223	3.8775816	3.1353765	3.6238878	3.0722015	3.793278	3.8634686	4.8440194	3.8766885	4.2654305	3.2825065	1.618053	6.3427267	4.6876826	3.9941003	6.422272	4.3701644
LOC691962_32591	7.2488647	8.45696	8.063737	8.048963	8.199113	7.8101788	8.023481	7.446786	7.8724833	8.135456	8.305482	8.024959	7.8074827	8.177085	8.320422	8.365892	8.336544	8.189196	8.097268	8.346118	7.9421473	7.1614156	8.338057	8.587426	8.75095	7.917965	7.4031644	7.7540708	8.092278	8.27456	8.223243	8.201901	8.668045	8.162291	7.8457613	8.091721	8.043368	8.4249115	7.9331493	7.7580433	8.0419	7.7537885	7.906839	7.955503	7.847826	7.9297533	6.658879	8.338848	8.297506	7.5705028	8.174482
LOXL1_9149	7.734715	8.978842	8.740311	8.215602	8.702252	7.868419	8.106312	7.581206	8.93361	8.098876	9.030111	9.358556	8.446199	9.04329	9.140297	8.684148	8.682563	8.536548	8.841968	8.942995	8.848757	6.785924	7.7417107	8.071698	9.410764	8.631662	8.01661	8.114685	8.407955	7.5418983	8.723879	9.304679	7.5613456	9.314722	7.381031	9.819618	8.408271	9.026215	8.358452	7.972727	7.762686	7.7486324	8.579647	7.1172094	8.081351	8.419896	6.5860963	8.74942	8.351906	8.162813	8.722117
LOXL2_9150	4.4472237	4.6000867	4.649141	4.042337	4.6326175	4.8448496	4.2709126	3.9010189	5.1250696	3.3437319	4.9918857	5.246371	5.321549	4.6849766	5.1925364	4.8942833	4.4939933	3.7480712	5.343279	5.6296487	4.6631584	5.254689	3.3405793	3.5904546	5.662621	3.9706514	4.403563	3.5538383	4.7399096	2.9963596	4.6082644	6.081656	3.999912	4.9888787	3.4257977	5.3194785	4.2110767	4.727289	3.8758812	3.5770605	4.2354107	4.5909967	5.314196	3.3896487	3.2825065	3.9530077	4.047469	5.840412	4.2310796	4.793518	5.8902307
LPAR2_9151	5.0271273	4.0210066	5.1050735	4.964214	5.2399745	4.8830204	4.653219	5.033428	4.7556725	5.1207266	4.623689	4.7357945	5.0086117	4.6849766	4.4144707	4.8550267	4.4939933	4.972693	5.512098	4.897377	4.946362	4.9145465	4.9388924	5.21268	5.0360622	4.0884933	5.319691	4.4076104	4.804568	4.045334	4.936795	5.574012	4.9541054	4.894748	5.3463283	4.5000987	4.9165425	5.267708	4.5021796	4.8728747	5.251666	4.764509	3.6980062	4.515908	4.8469296	4.76633	4.8248677	5.4020805	5.0752807	5.7323084	4.9824615
LPGAT1_9154	8.298114	7.7701325	7.999471	7.711248	8.433904	7.780153	7.287505	8.07114	8.4391	8.404845	7.95583	7.952129	8.697206	8.061681	7.679307	8.033675	7.8713183	7.9319196	8.606459	8.7957535	8.29931	8.645611	7.6948004	7.952385	8.1188345	7.3790216	8.548389	7.8441195	7.1668267	7.43604	7.590995	8.48507	7.742438	8.141946	8.506644	8.07253	7.7835536	8.326524	7.8357162	7.9800963	8.334313	8.857303	7.1942472	7.854565	7.847826	7.680894	8.060494	8.541355	8.389106	8.835295	8.49614
LPIN1_32940	3.6511872	3.1728475	2.2885845	0.7965775	2.2038183	2.6765726	1.6765455	2.8470235	3.5893483	2.3851907	3.2631965	1.3268428	3.3726006	1.4050055	1.6679709	3.2900343	2.7949874	2.7064807	3.560594	3.9449909	3.9194357	3.819855	2.2643013	2.4378424	2.499557	1.5856925	3.6803772	2.0565722	1.7864426	2.0363805	2.0422144	3.0312061	2.3065865	2.5058906	2.5541615	2.203147	2.4705205	2.7364078	3.4182882	3.4971333	3.145316	4.035659	2.1448007	3.2855973	1.3714777	2.5432677	3.7471902	3.6158395	3.8592093	4.8270445	3.8922832
LPL_32544	9.094884	9.423243	9.134694	9.357928	10.400292	9.544623	8.476218	9.203443	10.321547	9.910933	9.346731	9.420211	11.262423	8.666949	9.518504	9.556513	9.330988	10.442737	11.558805	11.286851	10.148992	9.236363	9.172323	10.428401	11.711769	8.870429	9.40418	9.455082	10.475352	8.588306	9.676166	9.943515	9.21205	9.356521	9.789776	10.018238	9.406145	9.862046	9.618292	9.517601	10.915013	10.381439	8.761293	8.812194	9.044398	9.004423	9.826955	10.470616	10.484418	10.223394	10.497511
LRP10_9156	8.353569	6.9504595	7.4325485	7.4627085	7.6906776	7.514383	7.175048	7.8468714	7.8821573	7.7902427	7.1734405	7.232129	8.416874	7.06263	7.04861	7.5713606	6.8405547	7.5722013	8.119847	7.8112197	7.837099	8.830234	7.170311	7.261452	7.583909	7.20076	8.287731	7.5933986	7.2387867	6.893383	7.0945168	7.932097	7.7101693	7.037507	7.778738	6.940674	7.3507614	7.4871874	7.4406447	7.8574204	7.9323993	8.506523	6.9025574	7.9168425	7.2232065	7.104273	9.002929	8.103201	7.977539	9.503913	7.9965143
LRPAP1_9158	13.492718	12.728185	12.966527	13.045437	13.126724	13.010135	12.631865	13.452144	13.1502495	13.157296	12.740446	12.892113	13.176831	12.563469	12.5843315	12.868576	12.724131	12.991042	13.17849	13.158909	13.165245	13.89065	12.830173	13.027455	12.687151	12.728377	13.542972	13.115913	12.738309	12.617739	12.779295	13.15078	13.219711	12.651948	13.442905	12.530357	12.9028	13.105634	13.051465	13.240492	13.134378	13.472597	12.880853	13.231517	12.770283	12.961303	13.867039	12.994566	12.893657	13.506663	12.975578
LRRC16A_9159	6.48631	5.731146	5.889631	5.851677	6.487542	6.0040355	5.70748	6.6231284	6.55493	5.976224	5.636318	5.7084646	6.3729157	5.769933	5.8484855	6.218085	6.0995126	5.7965417	6.519034	6.219614	6.3271594	6.832808	5.781881	5.868835	6.310361	5.7648406	6.7466383	5.3732157	5.238194	5.369046	5.6247144	6.6848745	6.417316	5.7499933	6.127671	5.7642465	6.1904187	5.866634	5.724484	6.4566817	6.550693	6.845025	5.914566	6.0582056	5.801255	5.6029115	7.6292577	6.532598	5.990581	7.6615896	6.5812845
LRRC17_32500	3.4622953	3.7896457	3.9787362	3.8344646	4.6326175	3.3569534	3.2907877	3.7431152	3.6808712	3.0072343	2.897397	3.0946846	3.0032618	4.638	3.6569836	3.6060004	3.6871164	3.319303	4.3531976	3.714521	2.6994162	2.6095028	2.8251235	2.2271013	4.601434	2.8082936	3.5999305	3.101637	3.7929146	3.5677314	4.2428265	4.00606	3.2755504	4.4413314	3.225608	3.3746989	3.0246947	4.111387	3.4182882	3.4125168	3.548624	2.8399913	3.0729647	1.9697882	3.0255773	2.704639	3.5315611	3.7825003	3.0200155	4.0573144	3.8196683
LRRC41_9160	6.817396	5.9896464	5.9988585	6.265071	6.761388	6.1520534	5.0538516	6.9375763	6.637212	6.393597	5.755955	5.9387856	7.301384	6.0821834	5.9020057	6.608734	6.3951225	6.680376	7.270024	6.803014	6.487218	7.690524	5.634999	6.318193	6.816636	5.6545153	7.4090786	6.0464764	5.9311156	5.498431	6.331431	7.145969	6.5689635	6.193884	6.729596	5.856893	6.2031813	6.561593	5.9803605	6.8025928	6.615109	7.54361	5.8446903	6.625315	6.0972433	6.1571765	7.7714424	6.920083	6.7119317	8.021542	6.850944
LSM3_33166	6.884825	8.048761	7.568702	7.664848	7.455963	7.340118	7.90508	6.7322345	7.236316	7.415059	7.4107018	7.749611	6.9566	7.955523	7.7096405	7.8311086	8.039541	7.302286	7.165379	6.8416634	7.6297135	6.3301992	7.9469204	7.21215	7.487407	7.53766	6.9630957	7.4495463	8.14629	8.052341	7.579279	7.0160418	7.721006	7.519793	7.2876954	7.669532	7.523525	7.3310113	7.3628407	7.464296	7.11575	6.670622	7.4367642	6.9053516	7.526221	7.7285986	6.5289936	7.4084907	7.499269	6.718675	7.7105465
LSM6_32830	8.339904	8.440406	8.121242	8.377813	8.538369	8.369662	8.3130865	8.136121	8.337285	8.359179	8.124646	8.179331	8.446199	8.4764805	8.153924	8.434077	8.420231	8.17547	8.433996	8.408594	8.426556	7.584929	8.464629	8.426915	8.732648	8.247437	8.181171	8.11797	8.6315975	8.345072	8.515291	8.383345	8.778502	8.629814	8.32439	8.198258	8.421984	8.608832	7.9989243	8.367721	8.611942	8.186349	8.648934	8.388055	8.32219	8.234064	7.945188	8.695585	8.580831	8.569181	8.539176
LSP1_32853	7.3271375	6.902919	6.9057407	6.6188374	6.789884	6.4604826	7.1229506	6.8336663	6.963091	6.509613	6.9152617	6.725781	6.633046	7.1572876	7.000349	7.1283045	6.831177	6.6208534	6.9386253	6.5581174	6.6082454	7.2330737	6.642552	6.751889	7.1829767	6.919949	6.8803678	6.2873096	7.058318	7.264733	6.4128976	7.031949	6.43058	7.4106507	6.2646046	6.4866943	6.469302	6.6858506	6.8527308	6.906801	6.528566	6.724141	6.8677506	6.5030465	6.328544	6.8605657	7.501506	7.135648	7.272528	7.836393	7.6064754
LSR_9162	7.2561584	6.7393203	6.9875345	6.791936	7.1969376	7.044191	6.928535	6.8531246	7.126653	7.104129	6.7231	6.5511265	7.3845267	6.6891265	6.4611835	7.078047	6.913458	6.9936337	7.398698	7.118426	6.8235326	6.7176166	6.7381897	7.21215	7.397326	6.8381877	7.108299	6.8661017	6.897177	6.7757783	6.891585	7.1164336	7.168777	6.5535355	7.058254	6.779598	6.7296205	6.8184643	6.831225	7.261523	7.385692	7.268976	6.8817744	7.0631614	6.9544287	6.9193053	6.7449794	7.4830227	7.3500395	7.391601	7.3341
LSS_9163	3.6511872	4.551584	3.8289971	4.1659474	4.1948323	3.9670856	3.9675474	3.7431152	3.5893483	4.043386	4.2417574	3.0946846	3.4773233	3.0732796	3.167487	4.2143354	3.6871164	4.1360126	3.7267091	4.080432	3.2683764	4.1511106	4.267554	3.7568672	4.045885	3.460427	3.7565742	2.5983527	2.832704	3.5677314	3.0031052	1.952323	3.493454	3.062516	3.5163558	3.270766	3.6645458	3.135555	3.4182882	3.9812746	3.548624	4.4957304	3.9845908	3.486698	3.7759814	3.213879	3.9922063	3.7015753	4.2847056	5.070428	3.7432039
LTBP1_33264	6.435816	7.1263504	6.4213862	6.041196	6.9996095	5.4388366	6.0639014	6.111586	7.4787526	6.129162	7.2365127	6.9535594	7.430902	6.6775584	6.7115283	5.96508	5.36095	6.699683	7.799215	7.5209765	6.524604	6.057648	5.4464955	6.37049	8.106704	6.20402	6.182258	5.305664	6.926526	5.3417163	6.843421	6.644058	5.1592493	6.8411818	5.63612	8.106892	5.95416	6.8630195	5.7853956	5.419815	6.2730966	5.9681273	6.463834	5.1990657	5.801255	5.881394	6.418047	6.946664	6.3958793	7.238062	6.5138416
LUM_32586	1.345864	2.3245585	2.038651	1.306817	3.2715344	0.8241397	3.1785967	1.3498102	2.518521	1.2678612	3.029906	2.2543907	0.8317068	2.10312	2.42098	2.71987	1.3132819	2.1552784	0.7823533	2.6566756	3.3813758	1.6721861	0.0	2.4378424	2.6850367	2.1163197	1.9188775	1.5340518	2.2247963	0.82825595	0.83162844	3.7985559	1.366725	2.3252215	2.1637886	2.5961618	2.7740545	2.8820758	2.1441302	1.5507082	2.4007041	2.8399913	2.4758844	1.2978095	2.3127773	0.7569108	3.7471902	3.0885482	3.2530992	3.5950627	3.662459
LY6C_32880	5.6755133	5.442835	5.1996346	4.7829914	4.546167	4.226587	4.920685	5.033428	5.3084435	3.5311098	4.782408	5.157699	5.6019096	5.4814596	5.1925364	4.686358	5.5557218	4.530389	5.5788093	4.5691915	5.386221	5.925459	4.5744224	4.661105	5.1027284	4.7198715	5.344592	4.3190255	5.3933935	4.774433	4.6976724	5.678762	3.5911903	5.048385	4.8503594	5.623653	4.527525	4.9418797	4.882748	5.2835135	4.5308495	5.4121404	4.1326733	3.9621353	4.7650757	4.344567	5.7666245	5.37624	5.351412	6.709716	5.3348546
LY86_9165	6.422911	6.224347	6.298572	6.3059597	6.499094	5.41298	6.4853764	5.8655496	6.3471174	5.786849	6.642592	6.630151	6.3033967	7.2144437	6.4492483	6.643709	6.8217382	5.5844164	6.64891	6.2911773	6.5610456	4.805945	6.1802926	5.21268	6.7030516	5.8169923	5.892562	5.8391385	6.6201887	6.2374797	6.0885997	6.8374877	6.349101	6.938756	5.976364	5.943947	6.823534	6.6146736	6.3055305	6.22821	6.539672	5.737723	6.6142015	5.460327	6.028743	6.1147203	4.9749427	7.015241	6.9462905	6.1316285	7.239848
LY96_9166	3.4622953	4.9004173	4.238368	3.8344646	4.076445	3.2441669	4.5667157	4.3476534	3.6808712	3.1283326	4.128079	4.3115497	3.3726006	4.7745767	3.7377028	4.3894033	4.2900763	3.9550426	4.5872383	3.7955046	5.018021	2.425981	4.323448	3.402313	4.3502374	4.0884933	3.8978634	3.5538383	4.229575	4.505577	4.3010488	4.00606	4.1356883	4.251827	3.4257977	4.0125933	3.9332168	3.2473404	4.0841665	3.5770605	4.061393	2.2780142	4.266961	3.820381	4.206401	3.6699069	2.4195006	5.02356	3.9282308	2.476155	4.2647033
LYN_9167	8.477315	7.496724	7.812627	7.91881	8.314757	7.291279	6.609565	8.028989	8.100917	7.8084807	7.645718	7.828325	8.462237	8.025636	7.52297	8.147714	7.549787	7.587829	8.557676	8.356164	8.175502	7.8031116	7.382528	7.615754	8.282352	7.628015	8.215324	7.5933986	7.4404464	7.1669054	7.4882393	8.487956	8.91924	7.792	7.9791164	7.5745096	7.7139163	7.8916364	7.8393116	8.08975	8.496991	8.408579	7.492662	7.7703295	7.4232473	7.4612875	7.9524446	8.179891	8.671693	8.853711	8.694463
LYPLA1_9168	8.6643715	8.03118	7.9090714	7.7163124	8.669398	7.780153	7.3009653	8.597762	8.365146	8.120935	7.980605	8.066143	8.801741	8.332693	7.883796	8.179842	7.857528	7.648701	8.658793	8.755837	8.462318	8.989756	7.629782	7.764852	7.790135	7.245848	8.688706	7.715549	7.038293	7.2574387	7.336433	8.765147	7.3261	8.211929	8.456061	8.853053	7.866124	7.883008	7.4826336	7.908522	8.248922	8.978976	7.0526657	8.0617	7.8227577	7.2681985	7.691298	8.322027	8.13547	8.994993	8.463742
LYRM1_9169	6.912786	7.1590943	7.177652	6.702887	6.6518035	7.0272474	6.919837	6.6117496	6.4931445	6.96472	6.990378	6.935893	6.3592772	6.9421144	6.7509546	6.5236683	7.1730123	6.8103967	6.596208	6.8699856	6.938799	6.8692484	7.1159554	6.277687	7.272573	6.71533	6.4806833	6.9046617	7.267742	7.4230595	6.843421	6.8008213	6.695227	7.1706686	6.776158	7.0623984	6.8802633	7.028636	7.1360736	7.0676284	6.9171576	6.911129	6.7731156	6.747849	7.2308497	6.869105	7.1376762	7.3027186	7.516182	7.334465	7.2944574
LYZ2_32611	8.741755	8.720956	8.703132	8.446473	9.201967	7.4395175	8.0792265	8.43298	8.924275	8.072707	8.835599	8.798512	9.080536	9.407755	8.415501	9.065724	8.838121	8.319714	8.982063	9.191396	8.9018135	8.832542	8.320996	8.17823	8.929139	8.638925	8.38396	8.690207	8.45151	8.617087	8.1656475	9.425511	8.804207	9.060294	8.571443	8.779217	8.653495	8.655174	8.322938	7.957875	9.175346	8.475649	8.310903	8.156932	8.210661	7.7191834	8.464907	8.62053	9.038503	9.456501	9.121902
MAD2L1_9171	5.305445	5.731146	5.1372876	5.5451183	5.0330415	5.652792	5.513002	5.4713826	5.7709885	5.3371835	5.755955	5.7084646	5.455769	5.4814596	5.5463123	5.7249184	5.68628	5.431137	5.442151	5.0700746	5.7012334	5.506793	5.3689322	4.8571157	5.134941	5.2362823	5.3931413	5.0544868	5.306762	5.6397786	5.578383	5.63777	5.930645	5.578938	5.2172837	5.1540623	5.827999	5.3945365	5.6112785	5.46253	5.1965966	5.124364	4.7675343	5.6608033	5.101585	5.5613623	5.18667	5.593662	5.8375125	6.005529	5.6178474
MAFF_9172	1.7280232	0.8494589	2.038651	2.622656	2.5968776	2.278697	0.79261	0.8273256	1.7505945	2.5675821	1.2830404	1.706109	3.4773233	1.795884	1.9647921	2.3194807	1.9891841	1.2520635	2.9029238	2.0114515	1.7463846	4.1511106	1.3343891	2.4378424	1.3514621	2.663887	3.1124566	2.7415621	1.5044802	2.0363805	1.3557978	2.4073412	1.7520065	2.1186442	3.225608	3.0373216	2.0856278	2.5743628	2.615978	2.7631624	3.145316	3.8166342	1.0981301	2.2161078	1.3714777	2.1535919	4.152023	2.0009227	2.5797195	4.16611	2.7721205
MAFK_9173	4.0372276	4.339408	3.747865	3.5005035	3.5632691	2.278697	3.8983924	3.2507074	3.6808712	2.3851907	3.4639611	4.25568	3.574956	4.0581245	3.480585	3.9419975	4.052516	2.363299	3.2689147	2.4719195	3.6753457	2.772292	2.6612716	3.0641665	2.499557	3.3702228	3.6803772	3.4740329	3.5123456	4.174872	3.1370003	4.2431602	2.055782	3.7764044	3.6820183	4.249759	3.0246947	3.6238878	2.7442534	3.2267613	3.8634686	3.460776	3.8195517	3.2855973	3.1597538	3.8183901	2.850816	3.9318867	3.629802	4.0573144	3.8922832
MAK16_9175	2.2793405	2.8903687	2.038651	3.1869333	2.7594013	2.8407314	2.7777128	1.732564	3.3867955	3.696925	1.6554753	2.4661293	2.6912055	2.9246228	2.604365	2.71987	2.7949874	2.9835122	3.035508	3.335659	3.0117643	2.9185607	2.2643013	2.4378424	3.9035544	2.663887	2.9915388	3.7013133	2.951679	3.2526147	3.0031052	3.1525764	1.7520065	3.5480838	2.1637886	2.9047132	3.0246947	2.1827102	2.8620489	3.3226266	2.5835295	2.4906006	1.9455801	2.2161078	2.7127588	3.213879	2.241367	3.6158395	3.710393	4.16611	3.1727722
MALT1_9176	2.9888134	2.7252557	3.3681867	3.4033608	3.1595216	3.1218095	3.7492652	3.9010189	2.518521	4.1037073	3.4639611	3.4336874	3.7523885	3.0732796	2.604365	3.8650463	2.631737	3.319303	3.560594	2.8204348	3.2683764	3.7433898	2.2643013	2.4378424	3.6596727	3.7736044	3.6803772	3.6294594	3.7277203	2.8488586	3.2595172	3.5561097	3.7687938	3.2767088	3.6015635	4.0125933	3.3341212	3.7807512	3.2555978	3.3226266	2.7457702	3.6496496	4.0356593	4.1516447	3.5983036	3.1024148	4.152023	3.8591263	3.5444415	3.7429054	3.9614177
MAN2B1_9177	8.669844	7.6714473	8.538002	8.605058	8.4488735	8.5875845	7.629089	8.643179	8.954392	8.57696	8.712822	8.507009	8.596174	8.295336	8.193812	8.84557	8.448104	8.119225	8.676672	8.3694515	8.665651	8.58391	8.3946	8.192827	8.162461	8.202398	9.0292635	8.319783	7.9812803	7.9060826	8.285853	8.617472	9.167192	8.531582	8.894196	8.343023	8.978887	8.525355	8.322938	8.797046	8.673738	8.527748	8.415826	8.388055	8.481238	8.117057	8.019623	8.944475	9.046286	9.178267	9.001915
MAOA_32516	4.806423	4.820794	4.238368	5.0629387	5.000899	4.6811867	4.6106157	4.73091	5.1572967	4.900378	4.6650357	4.9621153	5.578558	4.8589354	4.2590675	5.2971416	5.2805514	5.0348244	5.418061	4.860211	5.2440352	5.140065	4.6197734	4.8199863	5.1664495	4.29872	5.215552	4.94034	4.5643234	4.929338	4.6976724	5.678762	5.2518272	5.239223	5.1900296	4.6317945	5.2474875	4.4751067	4.3491855	4.808103	5.42937	5.6296844	4.4662523	4.3191257	4.924388	4.652222	4.5077496	5.4020805	5.4948297	6.171326	5.4354806
MAOB_9179	6.884825	6.706467	6.924322	6.9115725	6.8542657	6.546238	6.1407685	6.3217134	6.542783	6.1436005	6.6005874	6.6519566	6.274623	6.6182837	6.924788	6.4465365	6.76377	6.253783	6.596208	6.1899643	6.3411975	5.140065	6.675141	6.3445787	6.130332	6.1096034	6.979087	6.298937	6.1829257	5.960407	6.071975	6.7147465	7.2000957	6.5535355	6.710542	6.4275045	6.8802633	5.59803	6.273996	6.835466	6.0887957	6.2420673	5.8157644	6.330758	6.2703986	6.3402905	4.3408227	6.4728913	6.467193	5.801405	5.976262
MAP1LC3A_33215	6.7046256	6.684142	6.650701	6.640313	6.941524	6.8458776	6.387831	6.429335	6.7991567	7.104129	6.7806644	6.0902104	6.910587	6.543782	6.6606803	6.847466	6.703375	7.01691	6.7196	6.6371465	6.5610456	7.2676105	6.6204095	6.9709573	6.976276	6.8127275	6.8803678	6.897032	6.7653203	6.337718	6.5984583	6.514187	6.8709207	6.866201	7.095451	7.3249307	6.469302	6.561593	6.802042	6.996739	6.8651323	7.232506	6.231703	7.254457	6.7029076	6.6879077	7.032038	7.239627	7.3994927	7.402762	7.2944574
MAP2K5_9180	6.570634	6.4126396	6.4853535	6.0888367	6.881002	6.3959494	6.3233376	6.58872	6.682205	6.2273226	6.3947845	6.1978946	6.6666555	6.367813	6.4250774	6.560741	6.219373	6.5587687	6.739177	6.6804347	6.512249	6.5140405	6.1953497	6.4085054	6.734926	5.7648406	6.5992346	6.366797	6.0691023	6.129754	6.331431	6.5028176	6.48245	6.54323	6.4483447	6.314429	6.324958	6.30161	6.031546	6.587876	6.5173736	6.4846582	6.253438	6.2362285	6.0972433	6.1147203	6.2397223	7.1201625	6.535147	6.879108	6.656179
MAP3K4_9182	6.342961	5.047582	5.8119297	5.8331466	6.4162164	5.914729	4.920685	6.2935047	6.0537825	5.6109796	5.6773095	5.8472433	6.245264	5.8338614	5.6542234	5.9277277	5.665324	5.605042	6.3254	6.3050733	5.72284	7.1166477	5.1698766	5.6745214	6.192871	5.157569	6.5678563	5.4792156	5.0104585	4.929338	5.5059705	6.15612	5.730691	5.264536	6.156117	5.802022	5.634273	5.8131366	5.4323974	6.0714607	6.24623	6.7958817	5.414072	6.026276	5.4016037	5.3820524	6.6138215	6.220382	6.0381956	7.1145315	6.0255213
MAP7_9184	10.925733	9.956608	9.98863	10.224453	10.400292	10.495962	10.135626	10.73002	10.376479	10.674483	10.100185	9.424968	10.34876	9.39545	9.879208	10.125453	10.174471	10.023502	10.413454	10.421442	10.034866	11.064774	10.282787	10.387745	9.877373	10.491945	11.042967	10.43837	10.140119	10.068199	10.2632885	10.204376	10.57121	9.908495	10.563958	9.832225	10.153811	10.245342	10.506981	10.612196	10.388911	11.022405	10.418679	10.786742	10.5138855	10.3070965	11.29397	10.393815	10.6216345	10.957356	10.5426235
MAPK1_9185	8.305163	7.3973017	7.861655	7.8696513	7.985773	7.868419	6.945775	8.254256	7.961867	7.9048653	7.645718	7.421762	8.181411	7.705091	7.5951543	7.795264	7.2096596	7.6387324	8.38823	8.193861	7.7969203	8.616431	7.590456	7.5939245	7.8544216	7.5633316	8.047271	7.4443207	7.051674	7.3077397	7.724631	7.8581843	8.017594	7.692929	7.967125	7.9931073	7.722807	7.7937627	7.491801	7.816842	7.8982916	8.626622	7.3686895	7.929845	7.598898	7.5752654	8.34596	7.9670095	8.013719	9.158649	7.9631915
MAPK10_32770	4.1034265	0.8494589	1.3529313	0.7965775	4.076445	0.8241397	1.9740967	0.0	4.797169	3.696925	4.2417574	1.3268428	1.7395756	3.8263452	2.2108426	4.2750826	0.80118436	0.0	2.411319	2.259979	2.3002052	5.9080496	0.0	0.79608655	5.4990044	4.29872	1.2573991	3.7697577	2.0222046	4.174872	3.9102025	0.78030413	3.999912	2.6664317	0.0	5.6024013	0.721521	4.8385706	0.650804	0.7165108	2.7457702	0.82376546	1.7143735	1.9697882	0.8429203	3.3173459	5.43482	2.2488987	4.386324	1.8512281	2.609335
MAPK12_9186	4.227354	3.6118274	4.0481544	3.2992017	4.013397	2.8407314	3.582927	3.8242261	3.7669325	3.0072343	3.869711	3.4336874	4.9369683	3.5500658	3.5714786	2.8848794	3.3089392	3.5915058	3.8031044	4.2042418	3.9194357	4.4686303	2.6612716	3.676059	4.3502374	3.5453217	3.6803772	3.4740329	3.432763	2.8488586	3.5747921	4.5825424	3.493454	3.2767088	2.7157705	3.8775816	3.0246947	3.4478643	2.7442534	3.4125168	3.714618	4.165143	3.5652707	2.919052	2.87763	3.8872685	5.110866	4.001153	4.057093	5.6028047	4.6469307
MAPK13_9187	2.2793405	0.8494589	1.3529313	1.6829898	2.4136927	1.3453724	0.0	2.4973207	1.7505945	3.2400484	1.6554753	0.0	4.3012185	2.10312	1.2938309	2.3194807	1.6904588	2.1552784	3.469766	3.4401016	0.0	3.819855	0.8162666	3.0641665	3.4706786	0.7374037	2.370703	0.70663524	2.951679	0.0	1.7394503	2.197697	1.366725	0.0	0.76228935	2.7586706	1.559129	1.9381144	1.7137712	0.7165108	1.9462588	2.8399913	1.0981301	2.609976	1.7574636	1.9105306	4.201589	2.460438	1.6477884	2.476155	2.9183865
MAPK14_9188	8.82749	8.375708	8.501344	8.464645	8.896026	8.479624	8.11014	8.743033	8.874257	8.550114	8.372538	8.141295	8.901565	8.5670395	8.270426	8.752502	8.265218	8.47625	8.957203	8.986762	8.573522	8.681915	8.12261	8.565161	8.786872	8.138936	8.798668	8.319783	8.032794	7.7640424	8.300199	8.691947	8.325152	8.570159	8.74534	8.686327	8.254289	8.824701	8.205266	8.603075	8.708599	8.768387	7.9803677	8.548396	8.354034	8.162923	7.8079057	8.663896	8.6488695	8.930907	8.926118
MAPK1IP1L_9189	7.270636	7.199006	7.2893786	7.330233	7.874869	7.291279	7.0689006	7.478454	7.5653644	7.1970444	7.348613	7.3027506	7.4631376	7.080309	7.34761	7.496803	6.9996934	7.388096	7.7127395	7.607627	7.606655	6.431153	7.3082895	7.418737	7.560382	7.373228	7.165319	7.254352	7.1420197	7.0619593	7.4241896	7.6778464	7.422193	7.323009	7.1600804	7.085558	7.147872	7.272755	7.210146	7.4107685	7.5038176	7.1251917	7.03395	7.0710077	7.3123546	7.1258116	6.02248	7.4084907	7.72457	7.21292	7.8401
MAPK3_9190	5.7600327	6.314313	5.344644	5.42652	5.8931904	5.9689736	6.1105113	5.545017	6.1206875	5.4343376	5.5725613	5.6446424	5.931773	5.5078287	5.103959	5.809493	5.334645	4.614175	6.0555863	6.113059	5.9227743	6.2495594	5.0753727	5.349251	5.9609838	5.3349686	5.712976	5.1083426	5.3722186	5.5229716	5.2344084	6.4798064	6.038538	6.1264534	5.2172837	6.205891	4.885206	6.077949	4.9374495	5.419815	5.5218797	5.7988644	5.8157644	5.386793	5.8615775	5.4290123	6.8183074	6.067301	5.4718947	6.9339895	6.0255213
MAPK9_9192	8.622656	8.304316	8.479522	8.400017	8.617346	8.435356	8.579237	8.511613	8.588391	8.171131	8.18274	8.294714	8.4590435	8.299115	8.208048	8.505536	8.398173	8.371797	8.457824	8.430945	8.317175	8.45498	8.2030325	8.27057	8.553579	8.128655	8.371898	7.9062505	8.251503	8.234258	8.324965	8.686933	8.944888	8.459431	8.487183	8.095529	8.235774	8.348627	8.074089	8.617323	8.441821	8.444099	8.214464	8.211192	8.398826	8.253762	9.15849	8.511991	8.580831	9.168491	8.709613
MAPKAPK2_9193	7.7083683	6.8834553	7.13042	6.8938003	7.8525276	7.1807003	6.7437544	7.782364	7.68625	7.2513843	7.270397	7.1654716	7.82247	7.53603	6.863154	7.1927023	7.02459	7.2638884	7.94121	7.9766374	7.4405556	7.287943	5.82124	7.1081853	7.6298423	6.6401234	7.2402143	6.986032	6.5464873	6.3238177	6.88208	7.523254	6.8998203	7.3587074	7.319483	7.7730174	6.8722944	7.6486034	6.859829	7.108548	7.469384	7.3997207	6.7037616	6.9314456	6.981864	6.7446957	7.3775973	7.582424	7.393403	7.7559953	7.5117
MAPKAPK3_9194	4.992609	2.538774	3.3681867	3.2992017	4.013397	2.278697	3.7492652	3.1282818	3.273749	4.043386	3.5547543	3.8656	3.2596772	3.9078133	1.9647921	3.2900343	2.4476285	3.4158573	3.035508	3.1009257	3.1457682	4.3185883	3.8772712	3.9060543	3.3660054	3.5453217	4.0868177	3.101637	3.348533	2.8488586	2.505423	3.4653084	3.3886123	4.146841	3.3291726	3.6479416	2.7740545	3.3510835	2.7442534	4.1475735	4.574702	3.5583014	2.6167028	3.8929985	4.076691	3.589511	4.9461503	4.249093	2.8876398	5.2541795	3.388955
MAPKAPK5_9195	5.305445	4.395448	4.29658	4.894432	4.968024	4.6371956	3.825755	5.1946416	5.058372	5.1207266	4.3970623	4.651712	5.481177	4.589442	4.2590675	4.3894033	4.6299973	4.530389	5.418061	5.336797	5.0525584	6.666766	3.542482	4.996757	5.0015373	4.143991	5.59341	4.9697347	3.5123456	4.1115565	4.6976724	5.738146	4.9541054	5.105534	5.4185543	5.0944223	4.3087883	4.7653446	4.5021796	4.808103	4.698786	6.070855	4.1788387	5.110477	4.8065834	4.189564	6.676515	5.181105	5.326059	7.073217	5.360677
MAPT_32343	9.40156	8.423659	8.9037285	8.952772	8.874012	9.090002	8.966834	9.364647	9.0962105	9.19139	9.034062	8.627464	9.213445	8.746611	8.688531	8.799787	8.514054	8.836051	9.090828	8.991066	8.80131	9.531764	8.808565	8.912468	8.846446	9.003908	9.270881	9.136586	8.61817	8.653664	8.985901	8.960647	9.064578	9.042112	9.307947	8.433049	8.799314	8.939414	9.077512	9.312523	9.133809	9.236386	8.713087	9.215851	9.124538	9.048321	9.2989	9.302724	9.125574	9.243347	9.343655
MARC1_9196	6.846681	7.1911116	8.105044	5.611863	7.039712	7.1260457	6.1407685	7.720145	6.9990997	6.898155	6.4311886	7.543413	5.713314	7.261694	5.477466	6.054436	7.049064	6.028007	7.631264	5.815876	7.434021	7.5460653	6.5282774	5.4977107	5.227475	7.1809964	8.350544	6.3445296	5.9455237	5.570835	7.242991	6.890797	7.7530355	8.175695	5.9110994	7.093196	5.4538035	6.655775	6.47227	8.353605	7.335594	6.459632	7.160133	7.6705775	6.314226	6.7446957	7.620173	8.172402	7.0192895	8.556745	7.4884653
MARCKSL1_32320	4.4472237	4.9386396	4.458325	4.1659474	4.7532935	3.817433	3.3948803	4.043332	4.797169	3.6163983	4.295405	4.4672427	4.9732347	4.0581245	4.9430556	4.2750826	4.3438206	4.1360126	4.1340966	5.224292	3.8425713	4.688498	3.542482	4.6184916	4.815312	3.7736044	4.403563	3.7697577	4.3643665	3.2526147	4.5129476	5.056895	3.2755504	4.9581795	3.4257977	5.644596	3.2381685	4.8385706	3.5644774	4.34313	3.8634686	4.225773	3.6980062	3.577628	3.2825065	4.076129	5.161842	4.8085413	4.336409	5.801405	4.4684386
MAST2_9198	3.244892	2.8903687	2.6870766	1.306817	3.8058178	2.4913077	3.2907877	2.8470235	3.273749	2.3851907	2.1965384	2.9613252	3.6663983	2.356276	2.42098	2.71987	1.9891841	1.61952	2.7569108	2.9674861	2.8640268	0.7899299	2.8251235	2.6216867	2.9968727	2.5034022	2.8595514	0.70663524	2.4024103	1.3511056	1.7394503	3.2645237	3.493454	3.2767088	3.225608	3.0373216	1.846264	3.2473404	2.475174	3.3226266	2.1913016	2.8399913	2.4758844	2.772775	3.2825065	2.9816122	2.0380995	3.5246851	2.7418792	3.141468	3.284909
MAT2A_9199	9.413026	9.224869	8.940705	8.959195	10.103818	9.163564	8.772791	9.378141	9.561147	9.76097	9.309732	8.62471	10.227324	8.824728	9.085447	8.904438	9.200511	9.851834	9.975487	10.499054	9.476261	11.463718	9.529466	9.702372	9.874991	8.868371	10.220114	9.257712	8.859823	9.115652	9.137398	9.719965	8.997086	9.385653	9.665424	9.531362	9.000982	9.8117895	9.41164	9.805828	9.745756	10.376433	8.770744	9.273089	9.046566	9.089096	10.471345	9.747743	9.875045	9.683947	10.110179
MBL1_9200	4.5457487	4.501393	5.229826	4.7829914	4.968024	4.284773	4.812067	4.6882124	5.2794547	5.480567	4.9590178	4.073784	5.2931385	4.433116	4.9086037	4.443337	4.940225	5.431137	4.861828	5.336797	5.4130507	6.1345105	6.0538177	5.6107297	5.4227734	4.891829	5.1605206	5.16026	5.238194	4.774433	4.6536613	4.820931	6.154992	5.018939	5.615782	5.000068	5.035495	5.5333366	4.736168	4.474157	4.5308495	5.651949	5.7096953	4.647667	5.55561	5.357987	4.3408227	5.896027	5.890361	5.2541795	5.6807
MBNL1_9201	9.620825	9.421556	9.508617	9.3399935	9.712974	9.2754135	9.328999	9.724279	9.519914	9.373919	9.70244	9.412247	9.572311	9.673932	9.532713	9.482774	9.62492	9.477023	9.800185	9.67478	9.637098	9.083852	9.3170185	9.626447	9.805393	9.284182	9.383302	9.238217	9.396683	9.143617	9.57361	9.663646	9.3804245	9.753981	9.442503	9.832225	9.470903	9.653384	9.246801	9.495916	9.578137	9.344577	9.259798	8.954716	9.09762	9.221699	8.784494	9.848678	9.733976	9.616044	9.76339
MBNL2_9202	9.725691	10.095248	9.742555	9.836228	9.988687	9.7444515	9.774763	9.655296	9.9379425	9.948423	10.012805	9.847377	9.82266	9.97852	9.988395	9.930339	9.809342	9.815791	10.169242	10.05072	10.010917	9.439353	9.861071	9.806884	10.385641	9.828172	9.637437	9.676252	9.940593	9.628032	9.826203	9.932964	10.098977	10.055321	9.694807	10.082003	9.744117	9.745509	9.671702	9.883528	9.83636	9.751347	9.604433	9.845315	9.639977	9.647346	9.444968	9.939706	9.848581	10.042563	9.919214
MBOAT7_33082	6.1989994	5.6412954	6.0673375	5.6334424	6.104568	5.6963167	5.341242	6.4163136	6.290125	6.129162	5.4829173	5.7291265	6.6886344	5.3418612	5.2208934	5.6350756	5.622477	5.703967	6.3254	6.1596923	6.209652	6.104255	5.5201	6.040056	6.0980153	5.7648406	6.387902	5.5587425	5.607858	5.369046	5.931597	5.738146	6.2021604	5.6764603	6.238238	5.874729	5.923639	5.984247	5.7088456	5.971486	6.24623	6.4721994	5.8730483	6.0582056	5.759592	5.6432977	6.3316383	6.4606476	6.268582	6.9416623	6.832609
MBTPS1_9203	7.760589	6.823437	7.4772797	7.330233	7.5698953	7.2480593	6.820529	7.671654	7.6751637	7.534915	7.2969427	7.127064	8.19299	7.123581	7.133102	7.2693563	7.1730123	7.587829	7.9156284	8.06095	7.5653944	8.365337	7.0429187	7.21215	7.7281384	7.0048385	8.004942	7.346871	7.123131	6.567425	7.190051	8.038287	7.1923294	7.292571	7.5620027	7.3249307	6.9500694	7.6280966	7.045594	7.6327286	7.623476	8.292911	7.160133	7.471553	7.119977	7.1679473	8.329333	8.126639	7.8980446	9.007841	7.929081
MCCC1_32646	7.453074	7.2681775	7.0815897	7.2968135	8.092575	7.6085186	7.267076	7.5576787	7.85785	7.9912257	7.5441136	7.038787	8.017423	7.344495	7.27509	7.5158067	7.1877832	7.6286945	8.116109	8.223432	7.453537	8.192767	7.5732684	7.7501235	7.696111	7.0850096	7.977344	7.266247	7.203255	6.984556	7.2355456	7.977981	7.637676	7.5302663	7.8413887	7.758681	7.5587096	7.761175	7.28588	7.613904	7.8320813	8.050484	7.177291	7.495072	7.290579	7.16101	7.787762	8.091338	7.927844	7.999656	7.889717
MCCC2_9204	7.1738234	6.638428	6.661817	6.9378266	7.0238047	6.786701	6.0951414	7.0000052	6.9539466	6.764411	6.454958	6.562684	7.1979113	6.543782	6.350036	6.560741	6.6510396	6.774428	6.99671	7.012309	6.853224	6.8692484	6.296568	6.6284695	6.7453966	6.352757	7.041336	6.5335484	6.0154805	6.457138	6.345332	6.8643885	6.811324	6.6998844	6.996669	6.3783393	6.9651337	6.897699	6.47227	6.8834124	7.181041	7.084845	6.2426114	7.205398	6.767391	6.6085367	6.3646507	7.0483446	6.8605976	7.1145315	7.1685443
MCL1_9205	10.139645	10.491326	10.165981	10.403105	10.538959	10.029285	10.321286	9.983502	10.43762	10.057289	10.46675	10.334886	9.992408	10.36583	10.293028	10.515988	10.245904	10.261348	10.351205	10.05381	10.417623	9.257138	10.334709	10.081464	10.225648	10.264363	9.854523	10.225645	10.247949	9.924772	10.272412	10.10543	9.902361	10.459783	10.254324	10.387061	10.316088	9.912732	9.927027	10.398526	10.129771	9.705514	9.833642	10.080174	10.27512	9.772105	8.625609	9.926413	10.238245	9.473803	10.470343
MCM10_32579	2.8414288	2.0728946	2.851444	3.5005035	3.3754735	2.8407314	3.668492	2.0347693	1.7505945	2.7294815	2.1965384	1.3268428	2.2924721	2.9246228	1.9647921	1.3766294	2.631737	1.2520635	2.7569108	2.4719195	2.3002052	2.6095028	1.7148082	2.2271013	2.6850367	2.3228042	1.9188775	0.70663524	2.7030282	2.2861977	3.0031052	1.2839134	2.055782	2.1186442	1.2584345	3.8775816	1.559129	2.1827102	2.615978	2.8937564	3.0240266	2.2780142	3.4190736	1.2978095	3.1597538	2.704639	1.5181447	2.8084092	2.3969975	3.5950627	4.02739
MCM2_9206	6.8942056	6.177169	6.1952534	6.3716335	6.6518035	6.522252	6.1556625	6.9912505	6.6141777	6.5535274	6.0648313	6.3254924	7.336611	6.438056	6.08283	6.498413	6.1755843	6.402586	7.256502	7.118426	6.772647	6.9480214	5.8595533	6.6284695	7.062541	6.20402	7.064004	6.190758	5.9018607	5.6171613	6.331431	6.882048	6.706176	6.652732	6.671663	6.5323577	6.359573	6.248861	6.5879226	6.7257695	6.7927113	7.1011195	5.914566	6.5710196	5.975145	5.6432977	6.954648	7.232443	7.0033836	7.3402815	6.860025
MCM3_9207	4.7661185	3.8709588	4.238368	4.223995	4.8646502	4.4965525	3.582927	4.8519063	4.9149466	4.5563493	4.6650357	4.417189	4.9369683	4.433116	4.1453104	4.7304096	4.2900763	3.889297	5.317465	4.522376	4.909152	4.7678485	4.5275993	4.7427316	4.7749977	4.0884933	5.0738254	4.015055	4.3208203	3.5677314	4.6082644	5.3384995	5.310402	4.3962374	3.9653022	4.7133546	4.567557	4.6882024	4.736168	4.6321816	4.5308495	5.246444	2.6167028	4.7292633	2.87763	3.9530077	5.664274	5.120136	5.1053967	5.914891	4.6469307
MCM4_9208	4.845632	4.9004173	5.1050735	5.0307755	5.420915	5.0600524	4.6106157	4.453426	5.02383	4.6402006	4.819502	4.651712	5.3494105	4.8173723	4.7619276	5.3824444	4.7934337	4.839777	5.512098	5.281641	5.4393907	4.3703556	4.7881384	5.42539	5.8682203	4.891829	5.3931413	4.2246437	4.7399096	4.1115565	5.1418614	5.3384995	5.2518272	4.9888787	4.8151155	5.3452935	5.1973376	5.038283	4.7049766	4.9648857	5.2243943	5.0255075	4.3090825	4.7292633	4.487312	4.612088	4.295888	5.742674	5.326059	5.5435348	5.660052
MCM6_9210	2.8414288	3.0385108	2.6870766	2.622656	2.4136927	3.1218095	2.924071	2.0347693	3.0170162	3.0072343	3.1512616	2.2543907	3.2596772	3.33128	3.167487	3.4032214	3.07473	2.851636	3.3728328	3.6287196	3.3813758	3.2850893	2.8251235	3.0641665	3.1306887	2.5034022	3.1124566	2.5983527	2.0222046	2.2861977	3.1370003	3.4653084	2.055782	3.173584	2.9930947	3.0373216	2.4705205	3.135555	2.8620489	3.652791	2.5835295	3.356177	2.4758844	3.486698	2.7127588	1.9105306	3.6070757	3.7015753	2.8876398	3.9996767	3.284909
MCOLN1_9212	2.6772566	2.8903687	1.7361541	1.9810864	2.4136927	1.7274573	2.4311502	2.4973207	1.7505945	2.7294815	1.2830404	2.2543907	2.8556545	1.4050055	2.7670465	1.3766294	2.23654	0.75779927	2.2015305	2.259979	3.2683764	2.6095028	2.9722497	2.4378424	2.6850367	2.5034022	3.2240188	2.9913046	1.5044802	2.8488586	2.8555002	2.197697	3.018777	1.2247456	1.6269251	0.78321815	2.0856278	3.538559	1.9449388	2.8937564	3.0240266	2.675847	2.7449903	2.2161078	2.7127588	2.3615465	2.7208638	2.9552677	3.0200155	3.3403132	1.6720483
MCUR1_32908	8.550332	8.99026	9.185644	9.011635	8.955934	8.9237175	9.090188	8.6570835	8.859642	9.023943	8.9445505	8.498007	8.655966	8.966941	8.956474	8.983926	9.075038	8.922814	8.601119	8.664467	8.887536	7.540427	8.928308	8.983449	9.016023	8.8518	8.543021	8.68135	9.121706	8.76072	9.288945	8.855072	8.741728	8.995629	8.827226	9.096694	8.879025	8.884279	8.585221	9.015393	8.897425	8.437706	8.8531275	8.700295	8.85462	9.087268	6.9031463	8.808582	9.140195	7.9848795	9.133183
MDM2_9214	8.28391	8.174203	8.277552	8.250933	8.53276	8.235951	7.8512025	8.390331	8.358232	8.030601	8.132037	7.9739337	8.44297	8.229521	7.778033	8.22288	8.067763	8.158128	8.340964	8.372754	8.214154	7.8765535	7.95579	7.935126	8.3248625	7.8652763	8.084703	8.111392	7.8911123	7.5657163	8.085093	8.590872	8.15579	8.228104	8.330644	7.9305325	7.9891315	8.268083	7.6759944	8.514502	8.24214	8.296449	7.879144	7.881585	8.051451	7.7472477	7.7382383	8.485043	8.434297	8.863842	8.436684
ME1_9215	5.7600327	6.357276	6.53456	5.6334424	5.8931904	6.3283935	6.3623786	5.7034864	5.5460544	6.475777	6.197559	5.4088683	5.713314	5.5841613	6.172674	5.889383	5.7473793	6.0126505	6.1896944	6.3726153	5.9227743	5.9930673	6.239601	6.3832736	6.130332	6.4217443	5.6140385	6.0602055	6.242484	6.113686	6.0885997	5.678762	5.3666906	5.996517	6.40159	6.2199135	5.4538035	6.1078777	5.8580875	5.7130427	6.448333	6.3413105	5.6938853	5.943217	6.1626387	6.0709767	5.664274	6.666554	6.371302	6.0487986	6.989795
ME2_9216	5.608707	4.861155	5.1372876	5.125191	5.686433	4.805641	4.5667157	5.5920973	6.1206875	4.598884	4.925383	5.434257	5.8365517	4.8589354	4.837129	5.075982	4.586072	4.940594	6.1463623	5.756432	5.959639	5.198515	5.0087457	5.0932775	5.8095574	4.7911325	5.268561	4.644765	4.8358417	4.3496795	5.349236	5.232359	6.3065686	5.048385	5.0755525	5.1540623	4.9165425	5.5767865	4.26614	5.2350597	5.670739	5.818682	4.4662523	4.3708944	4.7650757	4.8376775	5.534896	5.680686	5.974354	6.673313	5.8360367
MEF2C_9217	3.3576849	4.395448	3.6618972	3.677126	3.7294111	3.3569534	3.4919653	3.9739296	3.0170162	2.1763573	3.64017	3.707994	3.2596772	3.9078133	4.3127503	4.0845833	3.07473	3.104337	3.2689147	4.1436644	3.9924111	2.425981	3.4450598	2.2271013	4.3502374	3.7014503	2.552685	3.2041273	4.4477034	3.5677314	4.1821556	3.8710911	2.055782	4.6478076	2.9930947	3.7286186	4.4439664	3.7807512	3.2555978	3.793278	3.9325047	2.675847	3.340016	2.4264417	2.0616755	3.1024148	2.0380995	4.5557666	3.3568892	4.724034	4.7285256
MEP1B_32655	3.9678442	5.181114	4.5084467	3.9763188	4.6739745	4.4965525	4.3246193	4.9635353	4.528138	5.786849	4.925383	3.4336874	4.9732347	4.127788	4.509489	4.7731557	5.1357164	4.972693	5.237129	5.651568	4.4203105	6.4432898	5.139058	5.83201	4.601434	4.7198715	5.1605206	4.2726064	4.5643234	5.035494	4.6082644	4.4934416	4.8394446	4.3496885	4.9183655	5.5367002	4.050856	5.6396017	4.673095	4.8408523	5.079719	5.8382316	4.1788387	4.9150934	4.3814173	5.0327153	5.4553986	5.239602	5.424902	4.7591944	5.5295434
MEST_9219	3.9678442	2.3245585	2.9989855	3.2992017	3.5632691	2.278697	0.79261	3.3635519	3.5893483	2.3851907	3.029906	2.8143709	3.7523885	3.0732796	2.2108426	3.0329375	2.7949874	2.5450702	3.944735	3.223061	3.1457682	3.4861825	2.2643013	1.6821929	3.3660054	2.3228042	3.5999305	2.7415621	1.1536862	3.470145	2.2923298	3.4653084	2.8709326	3.2767088	3.5163558	2.203147	3.1353765	1.9381144	2.615978	3.793278	3.0240266	3.460776	2.1448007	2.772775	2.7127588	2.704639	3.3675282	2.460438	3.5444415	4.724034	3.7432039
MET_9220	8.329569	8.274739	8.555988	8.40316	8.958028	8.610517	8.216955	8.496225	8.611837	8.641966	8.469076	8.212726	9.068014	8.379854	8.310561	8.635746	8.423355	8.6916485	9.218359	9.378813	8.9089	8.510828	8.374895	9.059091	9.310322	8.068974	8.729454	8.455838	8.653704	8.077412	8.506039	8.659037	9.151257	8.510577	8.643536	8.723711	8.2665	8.785887	8.400433	8.6977415	8.866886	8.820918	7.8544674	8.372266	8.350532	8.1801815	8.182773	8.7163315	8.877672	8.495511	8.873281
METRN_9221	6.5938478	7.150978	7.372921	7.450603	6.799259	7.2185097	7.3406086	6.900651	6.788908	6.906646	7.270397	6.8815565	6.215295	7.071497	7.064345	7.2391815	7.2939916	7.113648	6.709711	6.4497013	6.8823166	6.057648	7.335729	6.781162	6.6704564	7.0920815	6.5139933	7.168226	6.9764924	7.1032314	7.2053757	6.6747785	7.044876	7.088008	7.0277896	7.0778794	7.3041325	6.845362	6.9289517	6.967378	6.959123	6.4721994	6.8817744	6.814798	7.2684693	7.1258116	5.5154285	6.718895	6.9953647	6.1843195	6.8869295
MFAP2_33232	4.227354	6.0256047	5.1996346	4.3853164	5.1253834	4.340703	4.096643	4.5035396	5.1888194	4.043386	5.3370547	5.063219	5.264158	5.4814596	5.6332774	4.8550267	5.008375	4.5728903	5.1520553	4.7425966	5.2440352	4.7287188	4.08557	3.5904546	5.84893	4.030775	5.369071	4.2246437	5.0104585	4.2355256	4.5129476	5.7951813	3.1528687	5.6764603	3.8306022	5.467864	4.853174	5.59803	3.6972067	4.5942683	4.340757	4.54415	4.9382873	3.8929985	4.206401	3.8183901	5.59177	5.4274664	4.057093	6.4001675	5.19832
MFAP4_32762	5.15749	7.067197	6.69466	5.7367473	6.487542	4.9202075	5.70748	6.363018	6.788908	5.1496277	7.3737698	6.3523774	5.7555737	7.2064157	6.7798333	6.3789525	6.2336793	5.4540567	5.683567	5.756432	6.4617443	5.0476947	4.7881384	4.6184916	5.84893	6.432928	6.828354	6.1006265	5.4142623	6.113686	6.2450876	7.702903	4.42794	7.5406647	4.201987	6.1917315	5.969182	6.5830603	6.1404767	6.3355184	5.330519	5.6296844	6.231703	5.1990657	5.9382734	6.198419	6.7025714	6.4728913	6.006628	7.4626484	6.939279
MFSD10_9223	4.0372276	4.551584	3.57048	3.4033608	3.3754735	3.3569534	3.9675474	3.2507074	4.197168	3.440461	3.64017	3.8656	3.9833133	4.127788	3.0459516	4.4953265	2.7949874	3.889297	4.3531976	3.872183	3.6753457	4.1511106	3.3405793	3.185903	4.112109	2.5034022	3.8289478	3.2041273	4.1321673	2.6845412	3.5747921	3.8710911	4.1356883	3.9734795	3.6015635	2.4129963	4.050856	4.330293	3.0722015	3.9812746	3.714618	3.2433975	3.6331644	2.919052	3.1597538	3.589511	3.5315611	4.249093	3.2530992	4.793518	4.150921
MGC108823_9225	6.54704	7.3484507	6.788928	6.829815	6.7026486	6.0717025	6.437428	6.205411	6.6141777	6.26743	6.8178024	7.030487	6.3998117	6.6891265	6.1580834	6.711215	7.150569	6.3051085	7.0209045	6.3726153	7.0794263	5.435677	6.8181853	6.3959446	7.4105444	6.1096034	6.3141775	5.652357	7.4302373	6.7757783	6.7419825	7.210292	6.2021604	7.059367	6.3896604	6.6195645	6.911706	6.506485	6.326177	7.2185555	6.5724864	6.070855	6.2959504	5.943217	6.2851562	6.6085367	4.8248677	7.281993	7.0887723	6.762654	6.947822
MGC109340_32287	0.82449245	2.538774	2.5015457	1.306817	1.9581286	2.278697	2.2206478	2.0347693	1.3654954	0.7689436	2.5891151	1.706109	0.8317068	1.4050055	1.6679709	0.8466378	1.6904588	1.2520635	1.2868032	1.3310965	2.0497084	2.425981	2.8251235	0.79608655	1.7344642	2.3228042	2.8595514	1.1788656	2.2247963	1.7340541	1.3557978	2.197697	0.0	1.5877075	0.0	1.6612463	1.2002778	1.64341	2.615978	3.2267613	0.0	2.028597	2.3198192	1.2978095	2.0616755	2.1535919	3.6788332	3.7825003	3.0200155	4.1127377	3.5769253
MGC112715_33057	8.056333	7.014489	6.81903	6.4221015	7.531034	6.534295	6.29671	7.1253242	7.446515	6.7072372	7.0540147	6.86298	7.9370747	7.32238	6.7411985	7.534563	6.596734	6.6608067	8.085845	7.8112197	7.4405556	7.8899174	6.3242292	6.5737567	7.3906713	6.6206923	7.6726656	6.927313	6.34386	5.6839757	6.1532454	7.990246	7.441977	6.930872	7.356726	7.160176	6.4586973	7.155853	6.838429	7.1613626	7.8455687	7.7225714	6.6142015	6.443849	6.2554884	6.0410595	7.7085443	7.5247855	7.608448	8.306412	7.579241
MGC112830_9226	4.6819654	5.047582	4.1777077	4.894432	5.4920144	5.1875315	5.341242	5.067144	5.4452467	5.386578	4.9918857	5.246371	5.264158	5.1542892	4.837129	5.2675486	5.334645	4.940594	5.5788093	5.73606	4.909152	3.2850893	5.107567	5.0296535	5.31443	5.0743113	4.740221	4.3190255	4.804568	4.774433	5.2344084	5.388778	4.9541054	5.3379145	4.583395	5.0322104	4.68139	5.267708	4.6071386	4.9042015	5.0175266	4.8821898	4.266961	5.1701365	4.7223387	4.9056625	4.426699	5.476936	5.376327	5.5232244	5.5295434
MGLL_9227	8.236759	6.843722	7.106211	7.117014	7.2661824	7.298358	6.962812	7.8851805	7.3098383	7.599183	7.129806	6.5394754	7.797404	6.8523617	6.4250774	7.034785	6.682668	6.8881903	7.42915	7.3771	6.67627	8.995949	6.540121	7.0126905	7.1596804	6.989771	8.004942	7.0424542	6.5745687	6.469817	6.88208	7.3627186	7.3118343	6.8157215	7.5513334	6.8534155	6.839971	7.155853	6.8455977	7.377672	7.5918136	8.178701	6.580205	7.590959	7.297874	7.2486978	9.322895	7.582424	7.4295616	9.084349	7.3599353
MGP_33209	6.4986625	7.74339	7.2893786	7.3693404	7.37677	5.7997093	7.541081	6.363018	7.142839	6.306452	7.270397	7.9608903	6.610197	7.64696	7.838762	7.078047	7.4491673	6.5693035	6.8513684	6.424461	7.4727926	6.406569	7.446854	6.118604	7.1983013	7.041833	6.660015	6.421006	7.626315	7.6235967	7.567467	7.556626	5.949197	8.009725	6.290498	7.123349	7.808825	6.7631154	7.3528132	7.1351967	6.7359056	6.395099	8.099161	5.639855	6.9908943	7.0970216	6.719684	7.501069	7.1693883	7.430291	7.664641
MGST1_33167	9.426019	8.158093	8.365167	8.226293	9.28105	7.6915193	7.95276	9.494226	9.253551	9.260917	8.3972845	7.402596	10.214125	8.525701	7.901424	8.71188	8.548796	8.517634	9.826735	9.806395	8.920633	10.732172	8.0987835	8.408275	8.435689	7.70384	9.845828	8.737969	7.7989044	8.118251	7.959668	9.395086	8.082056	8.269326	9.565574	8.396476	8.504211	9.098803	8.171435	8.752558	9.335267	10.136003	7.822107	8.750016	8.58328	8.250498	10.365916	9.660779	8.812986	10.415397	9.073928
MICALL1_9229	4.4973273	4.156908	4.458325	3.9071345	3.947468	3.6504412	3.1785967	4.3476534	4.133794	3.0072343	3.029906	3.8656	4.5131187	4.589442	4.0218096	4.5455074	3.6871164	3.7480712	4.301462	3.9449909	3.0117643	4.688498	3.6337392	3.402313	4.6908245	3.7736044	4.3553696	3.2998173	2.951679	3.826207	3.5747921	4.296811	3.9269106	3.8451312	3.6015635	3.5624845	3.5087726	4.0510454	3.632368	4.43179	3.9983876	4.165143	3.9316483	3.820381	3.2825065	3.8872685	4.9167724	4.645037	4.336409	5.2541795	4.914352
MIF_9231	9.869355	10.60858	10.261328	10.595421	10.376219	10.612014	10.538554	10.403692	10.112464	10.819796	10.689101	10.301647	10.265297	10.096152	10.573571	10.408241	10.703888	10.650481	10.044972	10.238935	10.3670635	10.822057	10.874982	10.703418	10.572912	10.545093	10.501887	10.647789	10.841692	10.678543	10.611287	10.180491	10.268294	10.293747	10.543915	10.719917	10.499936	10.619105	10.90457	10.506445	10.741312	10.441788	10.88904	10.945082	11.055858	10.765002	10.569001	10.688386	10.679085	10.462824	11.096139
MKI67_9232	5.6755133	4.9004173	5.003877	4.964214	4.968024	5.0929937	4.6106157	5.5208874	5.1888194	4.2172728	4.8909454	5.35671	5.0086117	5.4272304	4.3127503	5.354567	4.6299973	4.614175	4.861828	4.897377	5.0525584	4.4686303	4.5275993	4.1648545	4.85453	4.1974325	5.215552	4.8163805	4.601192	4.3496795	5.0429688	5.3126874	4.42794	4.926812	4.4970746	4.8276505	4.885206	4.6882024	4.465425	4.8728747	4.9853954	4.804812	3.8195517	4.5611777	4.5859623	3.589511	4.3844	5.21065	4.6943884	5.2541795	4.8790526
MKNK1_9234	2.6772566	2.8903687	3.472876	3.5005035	2.905456	2.0292463	2.2206478	2.682742	2.7044885	2.1763573	1.2830404	2.650732	1.3559068	3.4448164	2.604365	1.7633755	1.6904588	1.9121275	1.2868032	2.0114515	1.3618308	3.0513556	2.2643013	2.6216867	2.499557	2.5034022	3.2240188	2.439345	2.832704	2.2861977	2.0422144	1.952323	2.7061894	3.062516	2.7157705	1.2880224	2.7740545	2.3917863	2.8620489	3.2267613	2.7457702	2.987353	2.3198192	2.772775	2.87763	3.1024148	3.9922063	3.7825003	3.453711	3.030724	1.9692172
MLEC_9235	10.334839	9.948435	10.215857	10.186636	10.010039	10.210009	9.956914	10.286929	10.204014	10.232139	10.048395	9.918817	10.17962	9.931811	9.75624	10.273299	9.933943	9.924408	10.450295	10.260491	10.1844635	9.671156	10.091817	10.291002	10.059374	10.114402	10.382973	10.048429	9.841034	9.718462	9.913938	10.230459	10.331531	10.203376	10.130769	9.89037	10.227502	10.140654	9.950489	10.240289	10.228302	10.33317	9.839941	10.262532	10.194355	10.134562	9.399231	10.301581	10.274316	10.076064	10.136576
MLF1_32449	1.345864	2.7252557	1.3529313	0.0	1.9581286	0.8241397	2.6148129	2.4973207	0.83860815	4.933993	1.6554753	0.81086713	2.0423498	3.2080395	1.2938309	2.0680585	2.23654	1.9121275	2.411319	4.318261	5.4130507	2.425981	1.3343891	2.4378424	5.31443	2.5034022	1.9188775	1.5340518	2.0222046	0.82825595	3.3724391	4.4467387	1.7520065	5.7499933	1.9201866	1.2880224	1.559129	4.1693053	1.9449388	3.1240695	1.9462588	2.028597	1.7143735	0.0	1.7574636	1.9105306	3.4518747	4.001153	3.0200155	5.0421576	3.662459
MMP2_9238	5.7600327	6.299703	6.8774123	6.0888367	6.799259	5.839077	5.878829	6.111586	6.8093333	5.926992	7.144498	6.899897	6.9291687	6.831635	6.7606454	6.2934365	6.2336793	6.131156	6.886907	7.0291514	6.7517796	6.455325	5.0424438	5.4499016	7.25069	5.89993	7.026024	6.275588	6.10805	5.8089814	6.7834177	7.101436	4.714878	7.43872	5.014717	7.0623984	5.4538035	7.4584374	6.315891	6.0575957	5.787146	6.354947	5.994181	4.7292633	5.55561	5.847225	7.466452	6.7085776	6.6621466	7.3690176	6.676882
MMP9_32531	4.592598	1.767856	2.2885845	3.0651855	2.4136927	2.6765726	0.0	3.9739296	3.4916236	2.1763573	2.5891151	2.4661293	3.2596772	3.2080395	2.42098	2.533521	0.80118436	1.2520635	3.469766	3.1009257	2.0497084	4.2091236	1.7148082	1.9802222	3.3660054	1.5856925	3.2240188	2.439345	1.5044802	1.7340541	2.2923298	4.296811	3.3886123	2.6664317	2.7157705	1.6612463	3.0246947	3.6238878	2.1441302	3.5770605	3.145316	4.4456296	1.0981301	2.609976	1.3714777	1.9105306	4.584488	3.4273803	3.2530992	5.990813	3.051179
MMRN2_32997	3.244892	2.8903687	3.57048	3.0651855	3.0380745	2.278697	2.4311502	2.4973207	3.925034	1.9320939	1.2830404	2.4661293	3.9103696	3.33128	3.0459516	2.533521	2.4476285	2.9835122	4.1920695	3.1009257	3.4861639	4.264894	3.3405793	1.6821929	3.2531395	3.0598574	3.4241838	2.0565722	2.0222046	1.3511056	2.505423	4.1294756	2.5201793	3.7764044	1.9201866	3.3746989	3.2381685	3.6238878	3.166812	2.6195595	3.0240266	4.283957	2.7449903	1.9697882	2.3127773	2.1535919	3.7471902	3.7825003	3.0200155	4.724034	3.662459
MNAT1_9239	7.4657125	7.995363	7.772168	7.5840354	7.769108	7.65889	7.5296926	7.5155606	7.7404385	7.297309	7.676372	7.525807	7.7248087	7.8041654	7.8524203	7.577403	7.8010087	7.6084065	7.775709	7.7566447	7.791818	7.2811975	7.635314	7.5492477	7.8640623	7.2895694	7.6428604	7.480509	7.713085	7.8245225	7.6977925	7.8402286	8.021982	7.830646	7.5987363	7.7777653	7.829551	7.8786745	7.3171587	7.9874277	7.6947594	7.54361	7.684877	7.4110208	7.538591	7.676036	7.9952354	7.918597	7.8676167	8.214397	7.81697
MPC2_33219	5.7600327	6.1283956	5.4764	5.7367473	5.7262964	5.6747184	5.9827075	5.884585	6.019129	5.786849	5.5284357	6.0414805	5.931773	6.1168594	5.7738895	5.96508	6.275765	5.981438	6.007962	5.98079	5.8262677	6.207484	5.933257	5.566579	5.197285	5.4273343	5.6544313	5.2588058	5.8568354	6.0133305	5.967993	5.5521173	5.3940325	5.950468	5.63612	5.9097533	5.93898	6.031859	5.160784	5.9416013	5.9950833	5.9502716	5.4892755	5.818263	5.975145	5.623246	5.8152	5.7825675	6.281829	6.222612	5.959461
MPZL1_9243	3.5598304	3.4089699	3.2553017	2.622656	3.472425	2.8407314	2.6148129	1.3498102	2.8691986	2.7294815	3.869711	2.4661293	4.052746	1.795884	3.8867385	3.7837584	2.9416285	3.889297	3.944735	3.223061	4.1915016	2.772292	3.2279377	3.0641665	4.5545726	2.5034022	3.6803772	0.70663524	4.4477034	3.470145	3.4771605	2.8986797	3.2755504	3.6282732	2.7157705	4.6317945	3.2381685	3.6238878	3.0722015	3.2267613	3.6340072	2.028597	3.0729647	2.919052	2.7127588	3.1024148	3.1824234	3.2105505	3.2530992	4.4505234	3.662459
MRC1_33067	2.9888134	2.8903687	2.2885845	2.785719	2.905456	1.7274573	2.2206478	2.682742	2.304984	2.7294815	1.6554753	2.650732	3.8335404	2.356276	3.167487	2.533521	3.196582	2.7064807	3.560594	3.223061	2.513575	2.215664	0.8162666	3.185903	4.045885	2.663887	3.4241838	2.5983527	2.951679	3.1301692	3.2595172	3.641533	2.7061894	1.8774635	2.5541615	1.9574919	1.559129	2.1827102	2.7442534	1.1930816	3.257194	2.4906006	1.7143735	2.4264417	2.0616755	2.8497622	2.0380995	3.0885482	3.0200155	4.267274	4.0904775
MRPL12_9245	10.088466	10.710817	10.491363	10.309019	10.010039	10.30269	10.723601	10.068152	10.147981	10.211728	10.199383	10.176534	10.083357	10.25052	10.29553	10.130599	10.611051	10.239252	10.198706	9.995016	10.153971	9.850457	10.597416	10.289306	10.524339	10.491277	9.91915	10.067247	10.585826	10.605739	10.326851	10.176024	10.240321	10.259534	10.150344	10.218338	10.36376	10.25457	10.206475	10.358799	10.029934	10.171114	10.569795	10.169672	10.353353	10.542844	10.5136595	10.266844	10.389704	10.468146	10.30978
MRPL19_9246	6.6053166	6.6267695	6.9057407	6.99729	6.5991006	6.9574113	6.6833673	6.721688	6.388431	6.846136	6.4311886	6.2126427	6.4130745	5.972854	6.6606803	6.7757025	6.793045	6.5587687	6.596208	6.5925183	6.719901	6.7275753	6.8084254	6.6284695	6.9033456	6.706141	6.8888574	6.826483	6.6903076	6.8455405	6.891585	6.4445868	7.2607646	6.7898035	6.720101	6.2475557	6.619676	6.506485	6.508853	6.794256	6.9000235	6.8831687	6.3674603	7.161978	6.788261	6.943765	6.459385	6.8654056	7.0428243	6.813718	7.3210063
MRPS16_9249	6.6053166	5.9713254	5.344644	5.5451183	6.0427637	5.779615	5.4173703	5.8267083	6.13694	5.5253606	5.848592	5.8282166	6.57523	5.6328945	5.5007815	5.809493	5.9857874	5.665207	6.596208	6.1749077	6.284208	7.0467777	4.9026546	5.21268	5.4227734	5.210519	6.209625	4.879691	5.0904317	5.5941844	5.2929645	6.15612	5.498495	5.695198	6.377631	5.783258	5.6897388	5.7193155	4.9374495	6.0294595	6.1624928	7.0092497	5.7096953	5.818263	5.900435	5.6825843	6.954648	6.145871	6.1142197	7.9125457	6.207286
MRPS2_9250	4.285542	4.501393	4.29658	4.5756903	4.4059267	3.9670856	3.8983924	4.109549	4.477985	4.598884	3.7208104	4.25568	3.9103696	4.3770022	4.1453104	4.443337	4.2900763	3.7480712	4.9315553	4.4739904	4.36642	3.2850893	4.1488166	3.676059	4.7335253	4.682876	4.4953737	4.4076104	4.027703	3.5677314	4.6976724	4.6251106	4.3180375	4.5687265	4.1463556	4.1940217	3.8705926	3.7044504	4.0841665	4.8728747	4.3906794	4.764509	3.9845908	4.515908	4.3254046	4.76633	3.6788332	5.4274664	4.8447814	4.8918467	5.22668
MS4A1_34110	3.9678442	3.4089699	1.3529313	2.9322088	0.7835774	1.3453724	3.2907877	2.0347693	1.3654954	1.9320939	2.7514749	2.650732	1.7395756	2.5715709	2.9132285	2.8848794	1.9891841	2.851636	0.7823533	2.0114515	2.6994162	2.425981	2.2643013	3.5904546	3.2531395	1.2230182	2.370703	1.8188398	1.1536862	2.0363805	2.0422144	2.7527363	2.8709326	3.062516	2.5541615	3.4716449	2.6302555	1.9381144	1.4383613	2.2807243	1.9462588	1.7268571	2.4758844	0.0	2.3127773	2.8497622	1.5181447	4.249093	3.710393	3.4303215	3.388955
MSMO1_9252	2.9888134	2.8903687	2.851444	2.2280116	2.4136927	2.4913077	2.924071	1.3498102	2.518521	2.5675821	1.2830404	1.3268428	2.8556545	2.5715709	1.9647921	2.533521	2.9416285	1.9121275	2.7569108	2.0114515	2.0497084	2.215664	1.7148082	3.185903	3.1306887	2.3228042	3.32757	2.5983527	2.951679	2.9963596	2.6910543	3.0312061	2.3065865	2.1186442	2.5541615	1.6612463	2.2908719	2.7364078	2.9709482	2.8937564	2.5835295	2.987353	1.7143735	1.2978095	2.3127773	1.618053	1.8014207	3.6158395	3.710393	3.3403132	3.051179
MSN_9253	10.867989	10.645156	10.7715225	10.6743145	10.775235	10.65263	10.57986	10.71614	10.493912	10.892125	10.662552	10.417567	10.777047	10.264119	10.772868	10.529298	10.678621	10.66406	10.8621025	10.696478	10.558714	12.378911	10.746063	10.880097	10.830635	10.701823	11.105309	10.944193	10.886251	10.727537	10.727302	10.708014	10.681422	10.673293	10.836972	10.71683	10.595608	10.835789	10.897689	10.758106	10.716447	11.256098	10.692221	10.553926	10.440802	10.842932	12.508772	10.993106	11.338559	12.173644	11.104759
MSRA_9254	10.983453	11.762925	11.831423	11.663749	11.004788	11.829406	12.37396	10.813092	11.379355	12.075461	12.063407	12.274674	10.819998	11.244057	12.269649	11.505231	11.9012575	12.051401	10.768747	10.950221	11.255547	10.457139	12.225734	11.994035	11.382169	12.03807	10.789451	12.189844	12.282072	12.188886	12.34516	11.29722	12.102659	11.810799	11.903912	11.635345	11.766157	11.697958	12.117245	11.47792	11.76001	11.095303	12.662795	11.552046	12.394175	12.062782	9.893503	11.739217	11.731196	9.69193	11.55268
MT1A_9255	9.394967	9.943745	9.568909	9.855867	8.32128	9.167436	9.981155	9.182445	8.824952	8.636871	8.439595	9.376676	8.79669	9.795308	9.518504	9.363704	9.686018	9.311192	8.80761	7.43512	9.318464	8.111441	9.668141	7.759959	8.807005	9.486922	8.553739	8.231533	10.150261	9.78592	9.997741	9.738259	9.240572	9.667668	9.725978	9.635725	10.032126	9.096938	8.325503	8.926647	9.451553	9.23085	11.150283	8.939796	10.540268	9.990354	9.3464985	9.937499	9.291943	10.092527	9.651475
MT2A_9256	9.245402	10.8768835	10.252164	10.047888	9.483617	9.428439	10.58124	9.453376	9.555112	8.878304	9.578081	10.791789	9.271028	10.647335	10.526778	10.239402	10.559454	9.777689	9.362601	8.437269	9.923816	7.459085	10.114768	8.630954	9.553149	9.421054	8.962463	9.108781	10.889516	10.413225	10.089386	10.5840225	8.673634	10.492288	10.132559	10.653666	10.611852	9.817461	8.9386	9.416668	9.811376	9.109398	11.278384	8.774249	10.922986	10.073987	7.5879183	10.2938385	9.584301	9.355294	10.173467
MTA1_9257	6.7672267	5.3607593	5.4251323	5.7760835	6.073997	5.5378633	4.812067	6.3493805	6.3747907	6.26743	5.7171683	5.60047	6.515	5.3418612	5.5463123	5.869821	5.825018	5.8665485	6.519034	6.3726153	5.634403	6.9733515	5.0753727	5.9397798	6.1619406	5.6157823	6.435038	5.990214	5.0104585	5.0692115	5.6017346	6.346234	6.349101	5.695198	6.2514815	5.685592	5.5368104	5.680009	5.4323974	6.098797	6.011131	7.148869	5.272226	6.3437705	5.4284406	5.758086	7.476555	6.532598	6.1864376	7.892892	6.3036184
MTF2_9259	7.361359	7.2378435	7.3524847	7.498427	7.6906776	7.255353	7.0451016	7.46587	7.4135404	7.3542843	7.4046116	7.402596	7.469499	7.4365916	7.1699305	7.3841143	7.3008013	7.6286945	7.636493	7.607627	7.5594025	6.559351	7.322075	7.275234	7.7799854	7.174348	7.4090786	7.110014	6.9764924	7.0280695	7.4241896	7.4362807	8.069391	7.2802134	7.1947727	7.3118978	7.3334517	7.349919	6.9949136	7.7320914	7.5594406	7.2617555	6.580205	7.1838512	6.999869	7.16101	6.154193	7.599276	7.832037	7.689199	8.05304
MTFR1_9260	8.064665	6.89322	7.048093	7.0055885	7.644612	7.2185097	6.7437544	8.179155	8.002348	7.2176623	6.7712283	7.295842	7.9688554	7.1064277	6.375486	7.528338	6.693059	7.0322213	8.0510235	7.7866683	7.7764034	7.7600956	6.6534967	7.2192974	7.037199	6.2803044	7.7304893	6.8184266	6.5370045	6.507198	6.762849	7.682893	7.4155374	6.9851747	7.649642	7.357008	7.1009054	7.481483	6.630047	7.453748	7.762686	7.895824	6.622577	7.191069	6.8391514	6.9914756	7.6825967	7.8404284	7.4295616	8.239514	7.654238
MTMR2_33004	7.347768	7.417742	7.0815897	6.811	7.2796416	7.149723	7.2532945	7.277094	7.3241034	6.96472	7.077173	7.2749157	7.2131553	7.246115	7.095309	7.3421426	7.150569	7.024586	8.174794	7.3166485	7.0455337	7.353719	7.170311	7.0770507	7.3637404	6.9745445	7.108299	6.7267075	7.267742	6.658845	7.1745615	7.271869	7.018766	7.323009	7.06577	7.437217	7.052358	7.3373413	6.7107763	7.2735677	7.2160764	7.1874876	7.160133	6.860785	7.103419	6.9518275	7.5644293	7.458604	7.0736184	7.790395	7.416427
MUG1_33047	6.1051803	6.4918942	6.593799	5.213806	5.420915	6.893402	5.7275553	6.565316	5.1250696	5.0611277	5.594128	5.35671	5.6697793	6.7344933	5.735093	5.2373357	4.8315554	5.5207086	7.8895855	7.3967004	6.030658	5.109927	5.258569	6.1338134	6.4954247	4.605912	6.4694066	5.0544868	4.772601	5.285452	4.9730616	5.4373636	5.190773	4.722778	5.1900296	5.444169	5.5165024	5.099149	5.271382	5.7821217	5.2784324	5.358995	5.0418377	5.0796957	5.780574	5.451931	5.304778	9.416442	5.351412	5.4171486	5.22668
MUT_9264	7.521256	7.36959	7.005098	7.1770234	7.769108	7.1959434	6.375161	7.0000052	7.2735453	7.2646556	7.0694947	7.030487	7.6371074	7.1820607	6.84505	7.471069	7.150569	7.177012	8.082018	7.941482	7.407582	7.6544385	6.8939776	7.288886	7.524356	6.529863	7.432496	6.9932065	6.1583962	6.680823	6.813731	7.5119557	7.408851	7.0003214	7.7510314	6.671508	7.2862506	7.155853	6.630047	7.291448	7.586468	7.9051228	6.3773923	7.3217683	6.724724	6.8170943	7.0524435	7.565373	7.4821553	7.790395	7.416427
MVD_9265	4.592598	3.7034745	3.6618972	3.757939	3.8783808	4.226587	3.3948803	3.9010189	3.6808712	4.2172728	3.3670683	3.329294	3.8335404	1.795884	3.2795744	3.7837584	3.4131749	3.5915058	3.8031044	3.5374908	4.0618725	4.560636	3.1057508	3.9060543	4.2360806	3.9706514	4.4953737	4.2246437	3.9150798	3.6591327	3.4771605	4.069087	4.199067	3.6282732	3.6820183	4.1940217	3.8705926	3.7044504	4.4277096	3.9212904	3.714618	4.4957304	3.8195517	4.2654305	4.3814173	3.6699069	4.546629	4.989876	4.5264735	4.9838986	3.8922832
MVP_9266	7.313218	6.0077376	6.3406825	6.692645	7.0077195	6.510108	5.580783	7.490929	6.868929	6.585607	6.1253333	6.378771	7.3573413	6.309047	6.2014203	6.4332705	5.7671843	6.4375067	7.06811	6.8699856	6.813498	7.685424	5.4959803	6.2218475	6.6704564	5.931814	7.4725833	6.366797	5.5335073	5.2269044	5.913049	7.3938265	7.354214	6.2328796	7.2747817	6.3274393	6.510959	6.43745	6.1636057	6.851626	6.9171576	7.419323	5.928144	7.109611	6.2703986	6.184802	8.023074	6.989905	7.0113587	8.233275	6.850944
MX1_9267	8.410245	7.2224336	6.69466	5.9235063	7.0317802	5.877399	6.0639014	7.1172996	7.1746755	6.0998435	6.7993526	6.7960105	6.8822575	6.8929424	5.830195	6.9441633	6.723789	6.6106896	8.082018	7.1495667	7.2075553	6.9394784	5.933257	6.5848665	7.5544395	6.255322	6.979087	6.1655755	6.748985	6.4314413	6.4260387	7.97387	7.2078204	7.3048234	6.8821325	6.498246	6.6938953	6.8184643	6.9016986	7.2247725	7.0705214	7.3798485	6.2854395	6.7081494	6.0461755	6.6187	7.230145	7.143328	8.160788	7.811485	7.8029113
MX2_9268	5.8969817	4.339408	4.5568852	3.4033608	4.1948323	4.036466	4.096643	4.2335076	4.528138	4.043386	4.004671	4.417189	4.5615644	3.9849255	3.167487	4.2750826	3.7679756	3.8204114	5.343279	4.4739904	4.5224047	5.5964694	4.019423	4.3842144	5.84893	3.9706514	4.777274	3.2998173	5.306762	4.646259	3.9831457	5.4132757	3.7687938	4.3496885	3.8995237	4.5892177	4.2110767	4.564156	4.1318564	5.1329784	4.5308495	4.9909906	4.0849814	4.515908	4.3254046	4.4845195	5.980501	5.7016463	5.604333	6.308196	5.6178474
MXRA8_32384	3.4622953	4.2203417	3.57048	3.5005035	4.9343824	4.036466	1.3012427	3.3635519	3.6808712	3.696925	3.7208104	3.9383843	3.9833133	3.2080395	3.9558542	3.9419975	3.510384	3.7480712	4.1340966	4.1436644	4.1915016	3.2850893	2.9722497	3.185903	4.045885	2.9395516	4.30551	3.389553	2.4024103	3.6591327	2.6910543	5.056895	3.018777	3.8451312	3.8306022	4.136044	3.8051264	4.278601	2.9709482	3.1240695	3.145316	3.8933966	3.0729647	2.4264417	2.7127588	3.213879	3.0801287	4.4606056	3.1412594	4.4068465	3.9614177
MYBL1_32391	6.6279836	7.601695	6.716147	7.0703096	8.133918	7.780153	7.273918	7.4403677	7.406854	8.777753	7.8522415	6.4919066	7.812496	6.98028	7.704629	6.9901857	7.9074616	7.817275	7.9663453	8.623465	7.6636243	8.199938	8.110745	8.761532	8.296662	7.3905406	7.8483486	7.635275	7.4404464	7.9107394	7.5435495	7.1532593	7.461494	7.5302663	7.5297546	8.176852	6.9500694	8.621855	7.3777523	7.199742	7.872171	7.9051228	7.6068196	7.219586	7.526221	7.2421384	7.746611	8.315243	8.113411	6.3549147	7.6698146
MYBPC2_33202	3.5598304	2.8903687	3.9058084	2.785719	4.1948323	3.2441669	3.2907877	3.9739296	3.3867955	3.7731934	3.1512616	3.6222255	4.5615644	4.0581245	2.7670465	3.6060004	3.196582	3.21582	3.3728328	2.4719195	3.76138	2.772292	3.1057508	3.402313	3.9764743	4.030775	4.9166446	3.4740329	2.832704	3.826207	2.8555002	3.3684063	3.493454	4.0913367	2.5541615	3.4716449	3.993235	3.135555	2.1441302	3.793278	3.257194	4.165143	2.3198192	4.02811	3.934157	2.5432677	3.4518747	3.0885482	3.1412594	4.6510324	3.5769253
MYC_9271	3.4622953	3.1728475	3.3681867	3.8344646	2.905456	2.0292463	1.6765455	3.4682064	4.0675077	4.161607	4.2417574	3.216753	3.4773233	3.2080395	4.0218096	3.6976154	3.3089392	3.21582	4.010656	3.5374908	3.1457682	3.5771093	3.542482	3.7568672	4.175426	3.1708984	3.4241838	3.389553	2.832704	3.2526147	3.0031052	3.2645237	3.1528687	3.8451312	3.225608	3.6479416	2.4705205	3.3510835	3.4182882	3.2267613	2.8915966	3.8166342	2.4758844	2.919052	2.7127588	3.3173459	3.6070757	4.067246	4.057093	4.1127377	3.284909
MYCBP_9272	2.8414288	3.7034745	2.5015457	3.4033608	3.1595216	2.278697	4.096643	3.3635519	2.304984	2.875032	3.2631965	2.650732	3.3726006	2.7588696	3.480585	2.71987	3.9864676	3.104337	3.560594	3.223061	3.1457682	2.6095028	2.8251235	3.0641665	3.3660054	3.842321	2.7142618	2.9913046	3.5877666	1.3511056	3.5747921	2.5903506	3.3886123	3.2767088	2.7157705	3.8775816	2.2908719	3.2473404	2.1441302	3.9212904	3.257194	3.356177	2.1448007	3.0518532	3.7759814	2.5432677	3.9922063	4.3049483	3.5444415	3.670877	4.02739
MYCBP2_9273	4.9572444	5.2126517	5.288377	5.4015837	5.396415	5.156702	4.9551463	5.4459786	5.1888194	4.900378	5.2849617	4.9621153	5.321549	5.1542892	5.041734	5.7465315	5.3867836	5.310737	5.6425724	5.0371494	4.6631584	4.3703556	4.9388924	5.6107297	5.706152	4.955256	4.9166446	5.2588058	5.306762	5.369046	5.0429688	5.3126874	5.094056	5.239223	4.9833093	5.0322104	5.1453815	5.511111	5.114056	5.106288	5.0489583	4.9556274	4.503008	4.9495506	5.3463845	5.1772513	4.6573496	5.0564756	5.666255	5.15206	5.4595776
MYL12A_33284	5.125987	5.5941806	5.450994	5.3762093	5.396415	5.5137362	5.6871214	5.4459786	5.2794547	5.5253606	5.6569595	6.182995	5.9681687	5.972854	5.3027663	5.354567	5.04128	4.972693	5.6425724	5.224292	5.4393907	4.949003	4.9388924	5.268869	5.640353	5.045456	5.344592	4.9103346	5.1161337	4.892143	5.554647	5.678762	4.8786864	6.0411425	5.1050344	5.960745	5.576589	5.4186172	4.9374495	5.1849217	5.42937	5.155866	4.6413255	4.9495506	5.0332947	5.231241	4.7601757	5.452413	5.4718947	5.5833173	5.7010565
MYL12B_32708	9.961476	9.999051	9.519352	9.453531	9.750913	9.647995	9.71443	9.812652	10.080258	9.572403	9.608867	9.562281	10.040202	9.97498	9.578632	9.760156	9.376826	9.464379	9.979608	9.749093	9.690162	11.187996	9.4119215	9.5074215	9.885679	9.512187	10.122705	9.529759	9.553053	9.330739	9.65818	10.192041	9.476279	9.996106	9.557599	10.03717	9.413029	9.6609745	9.513046	9.697122	9.651639	10.318456	9.791551	9.903597	9.718186	9.563017	11.4974375	9.917481	9.718227	11.489067	9.903929
MYL2_32406	3.7371018	5.2435145	6.3949833	0.7965775	1.6618326	3.2441669	3.4919653	0.0	0.0	1.6378721	1.2830404	0.0	7.6539626	5.050487	0.7873415	0.0	2.23654	0.0	3.560594	2.8204348	0.8359691	1.6721861	0.0	0.0	3.1306887	0.0	2.7142618	0.0	0.0	0.82825595	0.0	4.5825424	0.83949393	2.8108833	0.76228935	1.6612463	0.0	6.5176764	1.0976686	2.4600666	1.2790965	0.82376546	2.1448007	0.0	2.7127588	1.618053	1.5181447	7.5247855	5.2472124	5.3026505	5.9928694
MYL9_9276	4.4973273	4.861155	4.777325	4.2797976	5.320314	4.165955	5.021694	4.77238	4.528138	4.2708697	5.145853	5.2747564	4.5131187	4.8173723	5.3548756	4.2750826	4.3956347	4.5728903	4.7885585	4.5691915	4.749901	4.604528	4.5744224	4.4825354	5.748408	4.39336	4.9494805	4.4076104	4.7399096	4.600872	5.2929645	4.857096	4.5785313	4.6857796	3.8306022	5.5808315	4.820415	4.8385706	4.30826	5.106288	4.061393	3.7355564	4.797434	4.1516447	4.0071836	3.8183901	4.6924458	5.1509423	5.2739763	5.622032	5.109732
MYLK_9277	6.7046256	7.2978873	6.858213	6.640313	7.5753627	6.4730496	6.437428	6.656735	7.595079	6.7829766	7.440772	7.370076	7.676134	7.3806157	7.0327015	6.8966246	6.8774667	7.113648	7.9069996	7.741395	7.434021	6.747288	6.3780103	6.639168	8.126865	6.570939	7.165319	6.4834785	6.7073174	6.113686	7.151011	8.126122	6.5325193	7.880615	6.661777	8.025403	6.911706	7.6738334	6.4536247	6.7431984	6.8739343	6.805845	6.8956633	5.799495	6.5645905	6.808241	7.2538342	7.891489	7.1764984	8.119499	7.622573
MYLPF_32295	4.1034265	5.38864	3.2553017	3.9763188	4.013397	4.036466	4.920685	4.109549	4.0675077	5.5900464	4.855666	4.073784	3.6663983	3.9849255	3.7377028	3.6060004	3.9172494	3.6719112	3.7267091	3.7955046	4.252195	4.805945	4.5275993	5.061816	1.7344642	4.1974325	3.8289478	3.957529	3.85529	5.0692115	3.4771605	3.5561097	4.6708455	3.6282732	3.9653022	4.303423	3.9332168	4.111387	4.0841665	3.652791	3.145316	3.9662805	3.8766885	4.689042	2.5265856	2.5432677	3.2779424	4.5089707	4.4345694	2.476155	5.308562
MYO10_9278	7.869226	6.4126396	7.13042	6.6188374	7.38924	6.703823	6.2137465	7.490929	7.5227084	7.2712455	7.166259	6.8722982	7.8373036	6.5564694	6.95886	7.1446753	6.95722	6.953985	7.6623588	7.416038	7.2749224	8.152677	6.4298577	6.9624634	7.4236426	6.778066	7.8219924	7.161873	6.458808	6.2374797	6.793593	7.3244815	7.1528587	6.890794	7.50232	6.9150457	6.6756954	6.9646525	6.96231	7.2855124	7.250281	7.809323	6.6057773	7.379775	6.658259	6.911059	8.0503845	7.593681	7.272528	8.648678	7.4884653
MYOF_33305	4.592598	3.0385108	3.9787362	2.785719	3.8058178	3.817433	2.924071	3.7431152	3.0170162	3.440461	3.2631965	3.5310342	4.052746	3.0732796	4.0848813	3.2900343	1.9891841	3.4158573	4.010656	3.335659	3.3813758	5.169586	3.2279377	3.9060543	3.9764743	3.0598574	3.8978634	3.2998173	2.7030282	2.9963596	2.6910543	4.2431602	4.069397	2.6664317	3.1140306	3.0373216	3.5887606	3.9880698	2.1441302	3.4971333	3.3610175	4.035659	2.9717042	3.173454	2.0616755	2.5432677	5.799189	3.0885482	3.5444415	4.9538627	4.208934
NAA10_32633	4.4973273	3.4089699	3.472876	3.591516	4.076445	2.9881048	3.0569396	4.3476534	4.133794	3.696925	3.9387684	4.1975594	4.242996	3.8263452	3.5714786	4.2143354	2.23654	2.7064807	4.073696	4.3720603	3.3813758	5.506793	2.9722497	2.6216867	3.3660054	3.7014503	3.6803772	3.2041273	3.432763	3.1301692	3.3724391	3.9401534	3.1528687	3.4631736	3.7582223	3.4716449	4.050856	4.224988	3.7592564	3.793278	3.6340072	4.4957304	3.8195517	3.663165	3.934157	3.8183901	5.9225593	4.4606056	3.9941003	6.486625	3.7432039
NAAA_32484	4.6819654	4.7365184	4.29658	4.5756903	4.5900397	3.817433	3.825755	4.890084	4.8375063	4.7574925	4.2417574	4.25568	5.1420355	4.4871287	4.0218096	5.1749425	4.940225	3.5915058	5.442151	4.8220615	4.909152	4.560636	4.3772573	4.661105	5.257046	3.625497	4.740221	4.4076104	4.08088	3.9030073	4.1821556	5.5298853	4.7576065	4.146841	4.7419343	4.453386	4.7525764	4.974735	4.1780205	4.808103	5.380791	4.804812	4.3898067	4.3191257	4.487312	4.133961	4.584488	4.190987	5.134897	5.749895	5.0789514
NADK2_32534	1.345864	1.767856	2.2885845	1.9810864	3.5632691	2.278697	2.4311502	1.3498102	2.518521	1.9320939	3.029906	0.81086713	2.6912055	0.86718	1.6679709	2.8848794	1.3132819	1.9121275	3.3728328	1.7110134	1.7463846	2.215664	2.2643013	2.931203	2.036824	1.8752655	2.9915388	1.1788656	2.0222046	0.0	2.505423	2.8986797	1.7520065	2.1186442	2.3721387	2.5961618	2.4705205	1.64341	1.9449388	2.4600666	1.9462588	0.82376546	2.1448007	2.2161078	1.7574636	1.618053	2.241367	3.3230352	2.5797195	3.3403132	3.5769253
NARFL_9282	4.6819654	2.7252557	2.851444	2.9322088	4.500918	3.2441669	1.9740967	4.6442127	4.6234994	3.1283326	2.5891151	3.0946846	4.5615644	3.4448164	3.2795744	3.6060004	1.9891841	2.5450702	4.2478023	4.658498	3.4861639	3.5771093	2.9722497	3.185903	3.2531395	0.7374037	4.200304	2.9913046	2.0222046	0.82825595	2.6910543	4.2431602	3.018777	3.2767088	4.5408807	3.7286186	3.3341212	3.538559	1.9449388	3.652791	3.7909622	4.5909967	2.9717042	3.173454	3.1597538	3.1024148	4.546629	4.6010923	3.453711	4.613098	4.4684386
NAT1_33063	6.639185	6.638428	6.737319	6.6296153	6.722495	6.3693056	6.5877657	6.3899117	6.46767	6.574993	6.3824425	6.662737	6.2890816	6.4918876	6.7214866	6.643709	6.629562	6.5587687	6.709711	6.743026	6.499788	6.6032815	6.4550996	6.77147	6.7243795	6.519408	6.7466383	6.4732523	6.5929904	6.9305468	6.77317	6.8008213	6.661873	6.736527	6.471166	6.630104	6.551447	6.593675	6.3864007	6.8676066	6.801965	6.4721994	5.8870206	6.479658	6.73551	6.412171	6.089839	7.0401397	6.878148	7.0940223	6.947822
NAT2_33165	2.8414288	4.339408	3.8289971	4.1054654	4.714179	3.9670856	4.653219	4.043332	4.477985	4.5563493	4.295405	4.073784	3.2596772	3.9078133	4.3645067	3.8650463	4.1761804	4.731381	4.301462	4.4239254	3.9924111	4.3185883	3.3405793	4.0412498	4.175426	3.0598574	3.8289478	3.7013133	4.3643665	4.293731	3.5747921	4.2431602	3.9269106	3.3729517	4.028212	4.5892177	3.8051264	3.9880698	3.9308388	4.388141	4.574702	3.8933966	4.266961	3.820381	4.0071836	4.294727	4.5077496	5.267985	5.351412	5.6782236	5.22668
NCAPD2_9284	3.5598304	2.0728946	2.2885845	2.785719	3.8058178	2.6765726	2.924071	3.7431152	4.133794	2.5675821	3.5547543	2.4661293	3.9833133	3.2080395	2.42098	3.5081706	3.07473	2.9835122	3.035508	3.9449909	3.0117643	4.7287188	2.0155594	2.2271013	3.4706786	1.8752655	4.200304	3.4740329	1.7864426	0.82825595	2.8555002	4.1874375	2.3065865	3.3729517	3.8995237	2.7586706	2.4705205	2.8820758	2.7442534	4.2966695	2.5835295	4.339885	2.7449903	3.173454	2.7127588	1.618053	4.9167724	3.2105505	3.629802	4.9231877	3.388955
NCK1_9286	6.725796	6.1283956	5.686919	5.42652	6.533206	5.6747184	5.314946	6.6787124	6.59077	5.362092	5.848592	6.0741496	6.3592772	6.3387294	5.9366136	6.1709094	5.3867836	5.7229633	6.842345	6.474508	6.3825088	6.832808	5.4464955	5.6745214	6.2380586	4.4821725	6.1402097	5.4586296	5.455116	4.892143	5.2344084	6.97549	5.9856	6.207	6.1701326	6.475049	5.8605886	6.137198	5.183592	6.177829	6.1624928	6.805845	5.6779003	5.411723	5.6724725	5.204499	6.954648	6.220382	6.200457	7.391601	6.235472
NCK2_9287	5.2480707	5.545475	5.6427197	4.9978786	5.765088	5.386652	5.367067	4.6442127	6.4285946	5.87602	5.4359164	5.4088683	5.8944354	5.6087337	5.134093	5.436634	5.3867836	5.3601093	5.872699	5.6731596	5.657026	5.3350506	5.678513	5.588823	6.0481415	6.444026	5.2422996	5.790549	5.794528	5.3958683	5.967993	5.5298853	5.2814116	5.4077406	5.2440324	6.4514723	5.1973376	5.3945365	4.9901524	5.9416013	5.2243943	5.358995	5.272226	5.6814513	5.259379	5.474491	5.0846868	5.088657	4.9144797	5.9609213	5.308562
NCKAP1L_33041	3.244892	3.1728475	0.0	2.622656	3.3754735	2.8407314	1.3012427	2.4973207	2.518521	2.7294815	2.1965384	2.0061407	2.8556545	2.7588696	2.42098	0.8466378	1.6904588	1.2520635	3.560594	2.259979	2.513575	2.425981	2.0155594	2.2271013	1.7344642	2.1163197	3.2240188	3.101637	0.689217	0.82825595	2.2923298	3.7221797	0.83949393	3.9107323	1.6269251	2.5961618	2.4705205	3.2473404	2.1441302	1.8370601	2.7457702	2.987353	1.9455801	2.4264417	2.3127773	1.618053	2.9700236	2.6448896	3.1412594	4.16611	2.9183865
NCL_9288	9.933315	8.978842	9.255182	9.260747	9.608859	9.460348	9.002285	9.833618	9.532254	9.41467	8.973639	9.087651	9.95209	9.052276	9.095055	9.43199	8.982769	9.196949	9.950512	9.719566	9.442475	10.472765	9.17802	9.249154	9.449701	9.085901	9.906663	9.324652	9.201908	8.758139	9.222711	9.652114	9.801317	9.110017	9.733076	9.261673	9.291306	9.3369665	9.234567	9.354237	9.811376	10.184541	8.907262	9.693486	9.13476	9.187967	10.543399	9.563948	9.641943	10.816326	9.581828
NCOA1_9289	5.4137716	4.6000867	4.777325	4.8582335	5.2672544	5.2177157	3.825755	5.4201193	4.876746	5.0611277	4.8909454	4.8152456	5.691711	4.6849766	4.68259	4.7304096	4.3438206	4.245164	5.29118	5.490641	4.4722605	5.5745673	4.4792056	4.7427316	5.474039	3.9706514	5.3931413	4.531055	4.487633	3.6591327	4.8995934	5.1472926	5.094056	5.1872244	5.4873366	5.1829824	4.4863505	5.267708	4.673095	4.7402864	5.109838	5.8382316	4.3898067	4.5611777	4.8861785	4.189564	6.0632715	5.476936	5.326059	6.2842574	5.109732
NCOA3_9290	7.5512137	6.695348	6.4473143	7.0302005	7.455963	6.9574113	6.5987062	6.8139424	7.658373	7.028348	6.8540087	6.641095	7.567645	6.9896655	6.9838963	7.2693563	6.76377	6.9620023	7.5941186	7.453953	7.1207023	7.1166477	6.7381897	6.761713	7.4811563	7.01975	7.233564	7.069859	6.8520026	5.978265	6.9473367	7.3500853	7.448512	6.969867	7.381031	6.7117567	7.00212	7.2661347	7.045594	7.2855124	7.5594406	7.701378	6.711634	7.1172094	6.724724	6.535314	7.0591817	7.188574	7.613696	7.6143665	7.267411
NDN_32953	2.9888134	3.7896457	3.472876	1.6829898	3.1595216	2.278697	2.2206478	2.8470235	3.1510859	1.2678612	3.2631965	3.5310342	3.1371586	2.5715709	2.7670465	3.5081706	3.07473	2.851636	3.8031044	2.8204348	2.8640268	3.1729507	2.8251235	1.3061277	3.9764743	3.0598574	3.1124566	1.8188398	2.5605352	2.0363805	2.2923298	3.8710911	1.7520065	4.146841	2.1637886	3.3746989	3.3341212	2.1827102	1.7137712	2.2807243	2.5835295	2.4906006	3.340016	1.9697882	3.5005221	3.213879	3.0801287	3.5246851	3.0200155	3.2443137	2.4258175
NDRG1_32364	15.404288	14.506578	15.008363	15.003939	15.017025	14.812853	15.600453	15.324442	14.824093	14.9570055	15.313828	14.89383	14.859807	14.895425	15.013349	14.956661	14.657047	15.156141	14.677207	14.304672	14.747429	14.461734	14.230713	14.902077	14.345699	15.713039	15.449392	15.851703	14.744666	14.88576	15.020265	13.676518	14.592849	15.020474	15.23816	14.642045	14.935146	14.410022	15.446231	15.641643	15.110335	15.210871	15.085152	15.603256	15.686395	15.6298	15.048206	14.604798	15.239582	14.502635	14.969589
NDRG2_32998	2.2793405	3.0385108	2.5015457	1.306817	3.2715344	2.6765726	3.0569396	2.8470235	1.7505945	1.2678612	2.4061391	2.2543907	2.6912055	2.356276	2.9132285	2.71987	2.7949874	2.363299	2.5944383	3.6287196	2.3002052	0.7899299	2.0155594	3.0641665	3.5682683	2.1163197	1.6257219	2.439345	2.7030282	0.82825595	2.2923298	2.8986797	0.83949393	3.062516	2.1637886	2.203147	2.4705205	2.3917863	2.9709482	3.1240695	2.5835295	1.7268571	2.6167028	1.9697882	1.7574636	3.1024148	0.6972474	3.0885482	3.453711	3.3403132	3.4859993
NDUFAF4_9292	4.4973273	4.449393	3.2553017	4.5304	4.7532935	4.44645	3.825755	3.8242261	4.952162	4.1037073	4.067694	3.7889483	4.782034	4.730472	3.8141444	4.1509175	4.1156726	4.1916203	4.1920695	4.522376	4.5224047	4.2091236	4.267554	4.574581	4.4040976	4.030775	4.6229854	3.7013133	3.5123456	3.975925	3.5747921	5.025458	4.625427	4.0913367	3.8995237	4.7133546	4.3087883	4.802422	2.9709482	4.43179	4.7759504	4.68036	3.5652707	3.3896487	3.2825065	3.9530077	3.6070757	5.722306	4.808627	5.125359	5.0789514
NDUFB8_33155	8.461626	9.6999035	9.6437	9.333416	9.136904	9.257364	9.681361	8.373587	8.561551	8.8097925	9.243037	9.009574	8.468602	9.1370735	9.479426	9.12055	9.53392	9.225536	9.098427	8.867745	8.929953	8.259494	9.500965	9.388822	9.430364	8.998272	8.664188	9.080429	9.6497135	9.8479395	9.322713	8.779352	8.709444	9.538737	9.011711	9.216929	9.273263	8.8928995	9.256247	9.178017	9.19304	8.475649	9.1554365	9.273089	9.013714	9.581321	7.9811125	9.135654	9.270505	8.536621	9.502863
NDUFV3_32394	10.408698	10.564191	10.703225	10.616569	10.058667	10.629661	10.759387	10.365248	10.215538	10.178808	10.322391	9.782136	10.026245	9.855581	10.413096	10.328083	10.291064	10.568181	10.043989	9.617464	9.814861	10.420774	10.506021	10.324529	10.33281	10.720768	10.21337	10.522598	10.824742	10.273775	10.492948	10.014285	10.877594	10.4025	10.459411	10.164977	10.280401	10.081549	10.489354	10.660007	10.434249	10.316714	10.828785	10.819715	10.636198	10.60551	11.050695	10.529683	10.692166	11.000237	10.382481
NEB_32342	4.395317	2.3245585	2.5015457	2.4387863	3.8783808	2.4913077	1.6765455	2.682742	3.1510859	3.9804323	3.1512616	2.9613252	4.242996	1.795884	0.7873415	3.2900343	2.23654	2.5450702	4.403142	4.4739904	3.3813758	4.0906663	1.3343891	3.5904546	3.7456298	1.8752655	4.30551	2.439345	2.951679	0.82825595	2.0422144	3.7221797	4.8786864	1.8774635	4.4970746	1.6612463	2.6302555	2.7364078	1.9449388	3.793278	3.257194	5.155866	2.3198192	3.2855973	2.7127588	2.3615465	5.0580235	3.0885482	3.3568892	5.76727	4.4201384
NEFH_33218	2.0298584	0.0	0.82956785	0.7965775	0.7835774	1.7274573	1.6765455	1.732564	2.304984	2.3851907	2.1965384	0.81086713	2.2924721	2.356276	1.9647921	0.8466378	1.3132819	1.9121275	1.9559586	2.9674861	1.7463846	2.425981	2.8251235	1.9802222	2.6850367	2.3228042	3.32757	2.260616	2.951679	2.6845412	1.3557978	0.78030413	3.1528687	2.1186442	2.3721387	0.78321815	1.2002778	2.7364078	2.3191266	2.4600666	2.1913016	2.675847	2.3198192	2.919052	0.8429203	0.7569108	3.3675282	3.0885482	2.5797195	3.7429054	3.1727722
NENF_9296	6.039064	5.87606	5.686919	5.7367473	5.8577356	5.561593	4.988804	6.205411	5.8908353	5.5031376	5.6153774	5.35671	6.610197	6.3239646	5.67487	5.6117125	5.727299	5.5634913	6.2591424	6.2342134	6.047879	6.8235526	4.706411	5.9047437	6.031126	5.4047914	6.5992346	5.7572217	5.0104585	5.3958683	5.6247144	6.346234	5.9856	5.7319584	5.976364	5.7449813	5.7605243	6.2754765	5.6112785	6.0714607	5.9950833	6.775746	5.0418377	5.799495	5.3463845	5.231241	6.9761696	6.4728913	5.8011737	7.3286247	6.3430133
NET1_9297	9.836887	9.232581	9.497802	9.056257	9.101344	9.278996	8.962605	9.984606	9.496488	9.018077	9.356229	9.115384	9.576738	9.268187	9.104598	9.171371	8.974274	8.947252	9.702595	9.575084	9.271588	9.837871	8.642709	9.155388	9.1677475	8.96976	9.558485	9.2245655	9.074963	8.681182	9.0013485	9.745513	9.375289	9.554215	9.570866	9.071782	9.131902	9.329048	8.821691	9.379534	9.406764	9.813161	8.937787	9.289996	9.057352	9.036998	9.664121	9.542325	9.191986	10.435914	9.100989
NEURL3_9298	4.4973273	2.7252557	3.747865	2.785719	3.5632691	2.4913077	3.3948803	4.291709	3.8481479	3.3437319	2.897397	2.9613252	4.3012185	2.9246228	2.604365	4.2143354	3.6014547	3.104337	4.750479	4.7425966	3.8425713	5.779924	3.1057508	3.8333883	4.6908245	2.8082936	3.9636366	2.9913046	2.5605352	3.365476	3.4771605	4.1874375	3.493454	3.6282732	4.624693	3.8050218	3.3341212	4.224988	3.0722015	4.2966695	4.485623	5.33167	2.6167028	3.820381	2.0616755	2.9816122	5.110866	3.7825003	3.8592093	5.4605193	4.6469307
NEXN_33316	6.7975373	7.058545	6.9150615	6.2788296	7.1537366	6.257519	6.400391	6.7939453	7.258769	6.0393577	7.303504	7.402596	6.610197	7.053709	6.7987695	6.7330327	6.316658	6.460326	7.083508	6.9250154	7.16083	7.006448	5.4211016	6.751889	7.2653155	6.364486	6.9056883	6.3219132	6.8520026	5.9240146	6.8236957	7.6929326	5.6871457	7.471698	5.927695	7.7197375	6.4154806	7.405198	6.4347353	6.3355184	6.1909485	6.395099	7.0149875	5.530294	6.1626387	7.0070343	7.7836995	6.920083	6.65198	7.9736967	7.2258663
NFATC3_9299	6.967132	6.6728487	6.81903	6.434448	7.4199514	6.3144946	6.7730255	7.0681934	7.1347685	6.5317373	6.932296	6.6734376	7.0781384	7.0082555	6.5079613	6.560741	6.693059	6.087849	7.3098454	7.164889	6.993153	6.1787357	6.1802926	6.8098526	7.2580214	6.1508265	6.8803678	6.4834785	6.438578	5.6397786	6.762849	6.9589443	6.4039283	7.2987103	6.6113057	7.0388613	6.7384152	6.9728074	6.579348	6.7169757	6.983729	6.835329	6.397054	6.1499615	6.2851562	6.3155117	6.0766163	7.2106752	6.886844	7.0521073	6.930685
NFE2L2_9301	9.804916	9.742389	10.166957	10.0256195	10.06451	9.862588	9.757781	9.885329	9.815809	9.649041	9.687469	9.883538	9.614542	10.109128	9.844317	10.20078	10.279906	9.847513	9.966171	9.638196	10.07637	8.581167	9.839667	9.842034	9.87141	9.850238	9.42476	9.758554	9.896778	9.653262	9.870136	9.761105	10.203126	10.113071	9.835565	9.652623	9.798745	9.743127	9.619338	10.106123	9.994049	9.261944	9.831838	9.572957	10.024462	9.804743	8.340439	10.032585	10.210804	9.298166	10.159742
NFIA_9302	8.265957	7.5094776	7.9276104	7.905568	7.94834	8.017424	7.7170644	8.132144	7.8773284	8.065143	7.980605	7.2536807	7.861692	7.716441	7.8063793	7.9476542	7.627685	7.8392043	7.794544	7.766722	7.6636243	8.111441	7.878601	7.845588	7.612788	7.8898335	7.916365	7.9138317	7.6703525	7.52984	7.861514	7.615873	8.021982	7.787641	8.203534	7.7344646	7.833661	7.830126	7.684015	7.889081	7.8455687	8.025121	7.5464745	8.092864	7.852788	7.9174557	8.012697	8.046985	7.9023395	8.338732	8.167184
NFIL3_9304	4.227354	3.1728475	0.82956785	1.306817	4.454204	2.278697	2.7777128	4.109549	4.6689157	3.7731934	3.5547543	2.9613252	3.8335404	3.4448164	1.9647921	3.2900343	2.631737	3.104337	4.2478023	4.7425966	3.6753457	4.264894	0.8162666	1.6821929	3.1306887	3.0598574	3.32757	3.389553	1.7864426	1.3511056	2.505423	1.6564866	1.7520065	3.3729517	3.5163558	3.7286186	1.846264	3.4478643	1.9449388	3.793278	3.9983876	4.393726	2.3198192	3.2855973	2.7127588	2.704639	4.621379	3.9318867	3.9282308	4.3153143	3.5769253
NFKB1_9305	6.8753834	6.5547686	6.7990317	6.6719394	6.6518035	6.714447	6.7922153	7.0847487	7.126653	6.726548	6.663144	6.715463	7.1110625	6.7999754	6.496408	6.608734	6.7136183	6.73754	7.06811	6.986671	6.9013906	6.7954235	6.4170694	6.304817	7.1596804	6.6782165	6.9630957	6.421006	6.655674	6.129754	6.7101064	7.448185	6.6730766	7.2987103	6.6912336	6.9150457	6.448014	6.90624	6.838429	6.616529	6.7833977	6.835329	6.8606877	6.5929837	6.646878	6.658653	7.098963	7.1661286	6.9628344	7.5354395	7.0624003
NFKBIA_9307	3.4622953	3.513961	3.2553017	3.677126	4.2505713	3.894199	3.668492	2.8470235	2.7044885	3.3437319	3.869711	3.6222255	3.7523885	3.6481564	3.8141444	3.4032214	3.4131749	3.319303	4.1340966	3.9449909	3.4861639	4.949003	2.9722497	3.7568672	4.2360806	3.7736044	3.7565742	3.4740329	3.7277203	3.365476	3.4771605	2.8986797	3.1528687	4.0913367	1.9201866	4.355162	4.2110767	3.6238878	3.7592564	3.652791	3.457868	3.460776	4.266961	2.772775	3.3956287	2.8497622	4.295888	3.7015753	3.3568892	4.687995	4.6043353
NFKBIB_9308	5.6971116	6.4659567	6.1798706	6.4946404	6.0268903	6.534295	6.565632	5.4201193	5.685176	6.475777	6.0493007	5.866022	5.691711	5.4814596	6.1284513	6.105509	6.3694386	6.3424387	5.317465	5.3094826	5.846092	5.5964694	6.492152	6.318193	5.706152	6.769269	5.6544313	6.0872784	6.458808	6.494845	6.1689644	5.7951813	5.9856	6.1806474	6.127671	5.856893	6.2774734	6.30161	6.3864007	6.2648735	6.1334643	5.6738753	6.057327	6.6980515	6.314226	5.979297	5.2110777	6.435844	6.3462996	5.801405	6.4670625
NFKBIE_9309	3.4622953	3.513961	2.9989855	2.9322088	3.8783808	3.5590887	2.2206478	3.9010189	4.3721232	3.0072343	3.029906	3.4336874	3.6663983	3.7400002	2.604365	3.1672053	2.23654	3.21582	3.7267091	3.7955046	3.5838535	3.8924706	2.8251235	2.7847295	3.5682683	2.1163197	3.32757	2.439345	2.951679	0.0	2.2923298	4.6251106	2.7061894	4.0913367	3.3291726	4.136044	2.6302555	3.538559	2.475174	2.8937564	3.257194	3.6496496	3.494023	2.4264417	2.3127773	2.9816122	4.249509	3.3230352	3.453711	5.3949647	3.8922832
NGRN_33016	5.4650297	4.861155	4.8568616	5.5899563	5.0952544	5.2762537	5.341242	5.1946416	5.5939345	4.5563493	5.2581925	4.8152456	5.264158	5.2511215	4.722804	5.56382	5.0734506	5.1793666	5.683567	4.9689555	5.515642	5.109927	5.0424438	4.893314	5.617736	5.102601	5.103307	4.750163	5.0104585	5.1658797	5.349236	5.484366	5.57216	5.2894125	5.4873366	4.5892177	4.68139	5.006859	4.6071386	5.375797	5.380791	4.804812	5.3749475	4.9150934	5.101585	5.3820524	5.9225593	5.877726	5.583087	6.197197	6.0574503
NGRN_9310	6.422911	5.4691873	5.3987985	5.851677	6.134505	5.7175965	4.812067	6.045465	5.947221	5.5253606	5.6153774	5.5078473	6.763026	5.6328945	5.1636105	5.7465315	5.307852	5.7602215	6.6796308	6.1749077	5.9039826	6.276943	4.7478533	5.4977107	6.130332	4.9859533	6.182258	5.5969205	4.601192	4.45546	5.7553983	6.2269278	6.003463	5.4958773	5.8943114	5.8388333	5.8605886	5.680009	4.9374495	6.0714607	6.375821	6.5092573	4.826726	5.74168	4.924388	4.528308	5.7163568	5.896027	6.371302	6.709716	6.7372665
NGRN_9311	5.8203235	5.61793	5.168798	5.7166696	5.7840996	5.630527	4.920685	5.8068886	5.8321557	5.4576373	5.387332	5.3025947	6.169141	5.1542892	5.5237265	5.6117125	5.6440597	5.778496	5.991732	6.04844	5.4393907	6.263316	5.3148055	5.6951737	5.8095574	5.4273343	5.712976	5.282425	5.0642633	5.035494	5.0084386	5.678762	5.420866	5.4077406	5.5742245	5.0322104	5.2226305	5.511111	4.5729938	5.6217656	5.823951	5.932192	5.3749475	5.639855	5.55561	5.1494794	5.9946303	5.742674	5.8194575	6.5279856	5.760458
NGRN_9312	6.370106	6.299703	5.8119297	5.8331466	6.2888966	6.182981	5.6242633	5.9938064	6.659884	5.823181	5.505856	5.35671	6.4262156	5.656657	5.9536114	5.96508	5.934163	5.7417126	6.413328	6.5228763	6.209652	6.23567	5.65692	5.8132386	6.713755	5.6352787	6.168378	5.7402654	6.0691023	5.256475	6.055157	6.5254674	6.2021604	5.85371	5.6759562	6.0885186	5.576589	6.339944	5.8294487	6.785871	6.3124804	6.5806346	5.8303	5.309309	5.4284406	5.6432977	6.7698383	6.677175	6.371302	7.045002	6.2902446
NHEJ1_9313	5.3332987	5.6412954	5.229826	5.4988422	5.1838164	5.607913	5.878829	5.5208874	5.1888194	5.091235	5.5506673	5.5778656	5.554822	5.559163	5.3290563	5.1749425	5.334645	5.4540567	5.1520553	5.3636045	5.465258	5.109927	5.342123	5.6745214	5.5476756	5.4273343	5.344592	5.0267854	5.1161337	5.8676443	5.109645	5.176209	5.420866	5.5380054	5.3463283	5.5808315	5.2474875	5.7193155	5.542364	5.375797	5.355874	5.651949	5.3749475	5.3356023	5.4284406	5.231241	4.9749427	5.5010486	5.6459084	5.3262887	5.760458
NHP2_32664	5.7600327	8.382656	7.451889	7.3499193	7.1826806	7.5444655	8.155302	6.3076777	6.9990997	7.2513843	7.361246	7.6117663	6.169141	8.16056	7.589728	7.411432	7.5611763	7.333522	6.413328	6.8127737	7.453537	5.169586	7.77717	7.4249325	7.506	7.418941	6.4465857	6.956971	7.8225145	8.000855	7.437229	6.933765	7.0789704	7.822147	6.9157953	7.258554	7.4769897	7.861209	7.051806	6.906801	6.8739343	5.8382316	7.7047353	6.5710196	7.2000318	7.685736	4.5077496	7.6432757	7.592589	5.4605193	7.8029113
NID2_32818	5.7600327	5.2126517	5.229826	4.9978786	5.9447904	4.95646	3.825755	5.5208874	5.983623	5.0611277	5.459608	5.6227255	5.9681687	4.8173723	5.453767	5.488861	5.22435	5.2066154	5.9419155	5.8541875	5.9955854	5.5964694	4.5275993	4.4825354	5.829378	4.565833	6.0672855	4.363998	4.9257903	3.826207	5.109645	5.6988297	4.42794	5.517095	4.8503594	6.0419197	4.606508	5.6189656	4.9374495	5.3071437	5.079719	5.6738753	4.8554354	4.515908	5.229171	4.7292876	5.7500625	6.034634	5.6252704	6.3777184	6.207286
NIP7_9316	3.8181863	4.6000867	4.895044	4.894432	4.2505713	4.394545	3.582927	4.9635353	4.6234994	4.719445	4.067694	4.007672	4.5615644	4.589442	4.3127503	4.2143354	4.1156726	4.7684255	5.061648	4.522376	4.4722605	4.3703556	4.5744224	4.5292926	4.5545726	3.9706514	4.4501987	3.5538383	3.7277203	3.470145	3.9102025	4.4467387	3.999912	4.4850583	4.778989	4.136044	4.567557	4.6882024	4.6071386	5.1329784	4.8130383	4.283957	3.6331644	4.4208694	5.067844	3.746058	4.100693	4.8838315	5.013094	5.3724337	4.9824615
NIPSNAP1_9317	9.111065	8.854404	9.00322	8.845916	9.3124895	9.03597	8.80857	9.176664	8.608928	8.55822	8.020975	8.746255	8.804259	8.535346	8.652551	8.390125	8.349739	9.029664	8.305292	8.68852	8.620322	8.846318	8.519502	8.683578	8.166363	8.772582	8.705625	8.868548	8.268794	8.409009	8.584321	8.745988	8.090437	8.863124	8.898412	8.698896	8.363492	8.611446	8.69645	8.406523	8.12536	9.187686	8.23646	8.891874	8.859558	8.47408	8.367836	9.015248	9.090244	9.457839	9.060204
NISCH_9318	5.538656	4.551584	4.73585	4.5304	5.559774	4.165955	4.849189	5.1000905	5.791667	4.8307037	5.230917	4.776067	5.8561053	4.8993344	4.509489	4.7731557	4.1156726	5.004093	5.6003785	5.4661126	5.4393907	5.9080496	4.267554	4.3842144	5.3964405	4.346816	5.674211	4.491069	3.85529	4.174872	4.3010488	5.83199	4.8786864	4.894748	4.951203	3.9466662	4.68139	5.2409472	4.673095	5.25949	5.405285	6.3413105	4.4285355	4.8064904	4.5859623	4.392742	6.036206	5.02356	4.9144797	6.5878844	4.7285256
NIT1_9319	7.490663	8.44705	8.302625	8.315767	7.816046	8.501259	8.625441	7.649568	7.9481163	8.500496	8.4749	7.713775	7.4631376	7.733301	8.439831	8.369379	8.326569	8.246115	7.588733	7.923578	7.9604516	7.5119	8.882527	8.576336	7.9615827	8.237903	7.781533	8.169549	8.791679	8.457558	8.356194	7.540036	8.043725	8.297191	8.250462	8.084075	8.071483	8.217505	8.002135	8.178905	7.965719	7.9641466	8.497786	8.270317	8.791418	8.620348	7.105488	8.322027	8.708948	7.5901628	8.564395
NIT2_9320	8.573873	8.483058	8.466902	7.438395	8.301623	7.4960275	8.358852	8.665362	8.347796	8.525517	8.036812	8.710335	8.877847	8.749376	8.323695	8.492804	8.560192	8.413321	8.7604885	8.810442	8.715	8.5478325	7.9689927	8.102947	8.293098	8.114833	8.883951	8.3254795	8.305561	8.355357	8.359623	8.533364	8.736398	8.4972925	8.862179	8.619139	8.210712	8.585091	7.9892473	8.605459	8.7257185	8.934258	7.3982587	8.186125	8.05576	8.301862	8.774293	8.888448	8.237581	9.152051	8.689377
NLRX1_33261	5.9155264	5.012174	5.3987985	5.0629387	5.6244926	5.652792	5.1462336	5.681886	4.876746	5.5472465	5.203116	4.5624237	5.691711	4.730472	4.722804	5.109729	4.8686957	5.2066154	5.4658456	5.514759	5.151471	5.6602483	5.139058	5.349251	5.197285	5.4047914	5.572482	5.4377456	4.6371417	4.1115565	5.455594	5.4132757	5.8341293	5.264536	5.509554	4.6317945	5.295953	4.8385706	5.660887	5.895581	5.7493777	5.2754154	4.9111953	6.4071283	5.067844	5.4290123	5.7829986	5.802108	5.8375125	5.659735	6.2493615
NMT1_9325	7.0617423	7.2978873	7.0310483	7.0781994	7.4320555	7.284165	7.160354	7.1879606	7.2881722	6.9968843	7.129806	7.1035194	7.1669316	7.269421	6.9672537	7.327876	7.321041	7.13508	7.4471173	7.3638835	7.366992	6.221646	7.2153254	7.329083	7.136002	7.0850096	6.9550333	6.8816495	7.2151966	7.30066	7.242991	7.039837	7.354214	7.2232566	7.1600804	7.217211	7.1212215	7.0823846	6.679024	7.121934	7.1083097	7.109188	7.211006	6.7181773	6.926461	7.202144	6.1287947	7.2467747	7.0812154	6.779877	7.146447
NNT_9326	8.1176815	8.365221	7.999471	8.250933	8.541166	8.2099085	7.828146	8.147985	8.481083	7.762446	7.9390736	7.947728	8.533798	7.9698205	8.249931	8.207378	7.9940457	7.980088	8.593073	8.555336	8.478285	7.2330737	8.078624	8.189192	8.574283	7.9219394	7.8742323	7.8120213	8.213314	7.7380743	8.051568	8.201901	7.1528587	8.005977	8.358452	8.578904	8.229549	7.967053	7.7117405	7.99108	8.150933	7.9774313	7.4462323	7.9168425	8.007631	7.8106833	6.2515373	8.469851	8.277807	8.270307	8.648034
NOC2L_9327	6.958215	6.177169	6.1798706	6.1043735	6.5219245	6.242916	5.7668867	6.7530994	6.4804635	5.7305746	5.9186435	6.1527247	6.105211	6.0645275	6.0196667	6.1868067	5.7671843	6.0126505	6.6997538	5.998002	6.3550997	7.2744203	5.968743	6.0719905	6.3243966	5.782435	6.660015	6.333266	5.4751167	5.1343713	5.9858522	6.514187	6.320886	5.7854004	6.4598007	5.993765	6.084037	6.2622304	5.6112785	6.2157784	6.2730966	6.4341645	5.7862463	6.12002	5.4284406	5.5822864	7.446032	6.6232696	6.490202	8.017917	6.5812845
NOD1_32821	2.0298584	3.295734	3.2553017	1.306817	4.2505713	3.1218095	2.6148129	3.5657802	3.273749	0.7689436	3.5547543	0.81086713	0.0	3.7400002	2.7670465	0.8466378	3.9864676	2.5450702	2.7569108	3.5374908	2.513575	4.2091236	0.8162666	1.6821929	2.8493636	2.1163197	4.3553696	3.389553	3.85529	2.2861977	2.8555002	4.1874375	1.366725	2.6664317	3.1140306	3.1587603	0.0	3.6238878	3.8187468	4.474157	3.8634686	3.1210482	0.0	3.173454	2.5265856	3.413886	4.6573496	2.2488987	3.453711	4.4068465	3.662459
NOLC1_9330	5.514529	5.273731	5.072124	5.213806	4.968024	5.0263414	4.849189	5.4713826	5.364731	5.4106555	5.1163464	5.0302987	5.1735487	4.976889	5.3802414	5.206476	5.0734506	5.1232753	5.6216297	5.6296487	5.2138357	5.4834747	5.286961	5.42539	5.8682203	4.346816	5.823386	4.715879	5.190602	5.256475	4.6082644	5.1472926	5.730691	5.105534	5.3948784	4.899109	5.091484	5.069037	4.465425	5.419815	5.2243943	5.6296844	5.272226	4.9495506	5.1667876	5.062804	5.8310347	5.615915	5.604333	6.308196	5.72113
NOP56_9343	7.609325	7.8624973	8.291933	7.741372	7.3386993	7.947098	8.117765	7.78743	7.5653644	7.4790807	7.4107018	7.7189493	7.2207174	7.635047	7.9403152	7.747829	7.9296	7.411704	7.229072	7.0291514	7.5290637	7.3408017	7.9907327	7.759959	7.6633573	7.708449	7.466924	7.6121607	7.9314823	8.000855	7.9820857	7.636828	8.056616	7.5612383	7.593546	7.490245	7.812994	7.622924	7.7389436	7.9690285	7.322793	7.2975035	7.4788895	7.5854917	7.556949	8.001415	7.339358	7.877742	8.113411	7.9125457	8.188968
NOP58_9344	4.992609	4.820794	4.968504	5.4510326	5.0330415	4.805641	5.392438	4.927277	4.5766063	4.719445	4.6650357	4.365336	4.608436	4.8993344	4.55475	4.8942833	4.7542777	5.1793666	4.897113	4.8220615	4.9826365	4.3703556	4.7881384	4.4342127	5.197285	4.7911325	4.777274	4.94034	4.772601	4.403539	4.740381	4.820931	5.310402	4.722778	5.270294	5.0944223	4.717422	5.2136807	4.9901524	4.7745934	5.168253	4.5909967	4.9382873	4.879793	4.8861785	4.802445	3.9922063	5.349928	5.326059	4.613098	5.0789514
NOS1_32409	2.491974	0.8494589	2.6870766	2.785719	2.7594013	1.7274573	2.2206478	2.682742	2.304984	2.3851907	1.6554753	1.706109	1.7395756	0.86718	1.2938309	0.8466378	1.3132819	2.1552784	2.9029238	3.1009257	2.513575	3.2850893	1.3343891	2.4378424	0.0	0.7374037	2.552685	0.70663524	1.5044802	1.3511056	1.3557978	3.0312061	1.366725	1.8774635	2.3721387	2.7586706	0.0	1.2726339	1.9449388	1.1930816	2.7457702	2.4906006	0.6511185	1.9697882	2.0616755	2.5432677	3.5315611	3.0885482	2.3969975	3.93964	2.4258175
NOTCH4_32539	5.608707	3.8709588	3.6618972	3.677126	3.947468	3.1218095	1.6765455	4.3476534	5.1572967	3.8456316	4.6650357	3.9383843	5.2345824	3.8263452	4.0848813	3.4032214	3.7679756	3.8204114	5.5346794	4.522376	4.749901	7.0388017	2.0155594	4.1043754	3.9764743	3.460427	5.5078135	4.2726064	3.163709	2.4990745	4.2428265	5.232359	4.9541054	4.5687265	4.8847632	4.303423	3.2381685	5.038283	3.9837794	5.4834228	3.8634686	5.4121404	3.8766885	4.1516447	4.0071836	4.4393606	8.151586	4.8085413	4.948106	7.5655456	5.3348546
NOX4_9349	8.861363	9.247884	8.949803	9.330116	9.001319	9.067389	9.305819	9.286295	8.888726	8.352979	8.9234085	9.101584	8.429981	9.577639	8.777132	9.333674	8.986998	8.6098175	8.587684	8.312117	9.243835	6.7667356	8.875533	8.595689	7.9705353	8.876586	8.574938	8.484123	8.664631	8.949074	8.996951	9.049283	9.1927185	9.183188	8.738302	8.681268	9.245769	8.445567	8.333174	9.100686	8.698724	8.212801	8.891754	8.690142	8.703512	8.829512	6.786176	8.8349085	8.789991	8.156234	8.722117
NPAS2_9350	6.1837807	5.38864	5.5500393	5.0629387	6.5665293	5.304655	4.920685	6.4422407	6.4931445	5.959999	5.230917	6.3118596	6.8917623	5.5841613	4.873309	5.7029767	3.9172494	5.8143644	6.4374967	6.359358	5.61142	6.5704594	3.719566	5.2410483	5.706152	5.5556607	6.3637433	6.0738053	4.9545684	4.3496795	4.9730616	4.993321	5.420866	5.6764603	6.238238	5.370655	5.0637608	6.062749	5.594356	6.558642	5.978855	6.381839	4.5388503	6.382118	5.55561	5.6029115	7.085824	5.680686	5.9245467	7.281033	5.552131
NPC1_9351	6.0220504	5.3033276	5.4251323	5.42652	5.839676	4.9202075	4.734828	5.545017	5.851982	4.8659616	4.819502	5.4088683	5.8561053	5.2195606	4.9086037	5.5392637	4.445652	5.09439	6.0398855	5.6731596	5.61142	5.779924	4.2094064	5.3750796	5.31443	4.43845	5.731974	5.234793	4.526488	4.600872	4.822182	6.1990204	5.3940325	5.239223	5.6759562	5.5141177	5.1453815	5.555225	4.7667	5.375797	5.823951	5.9681273	4.826726	4.7292633	5.101585	4.528308	6.3646507	5.896027	5.8375125	6.538143	5.5295434
NPDC1_9352	5.2770433	5.012174	5.038404	4.964214	5.1838164	4.8830204	4.5214376	4.9989047	5.2498713	4.5563493	4.295405	4.8152456	5.264158	4.539192	5.041734	4.8550267	4.7934337	4.4865975	5.418061	5.194739	4.909152	5.4834747	4.267554	4.2228994	4.646822	4.43845	5.4401093	5.0544868	4.3208203	4.403539	4.5613933	5.4132757	4.9903865	4.894748	5.1050344	5.211334	4.7525764	4.802422	4.5729938	5.106288	4.952532	5.124364	4.6413255	4.647667	5.0332947	4.652222	5.304778	5.452413	5.6252704	6.222612	5.0474997
NPEPL1_9353	3.7371018	2.7252557	1.3529313	3.2992017	3.3754735	2.6765726	1.3012427	3.2507074	3.4916236	2.5675821	3.029906	2.2543907	4.052746	1.4050055	1.6679709	3.4032214	1.6904588	2.5450702	4.010656	3.335659	2.8640268	3.8924706	2.2643013	1.9802222	2.499557	1.8752655	3.5147316	2.9913046	1.7864426	1.7340541	2.505423	3.5561097	3.2755504	2.5058906	2.9930947	2.203147	2.4705205	3.0143752	2.1441302	3.1240695	3.457868	4.101853	1.9455801	2.919052	2.0616755	2.3615465	3.7471902	3.7825003	2.7418792	4.4505234	3.1727722
NPL_33133	5.780411	6.57917	6.9607816	7.0220428	6.192577	6.558083	7.0451016	6.1901913	5.851982	5.691801	6.3824425	6.630151	5.7345986	6.465223	6.2434936	6.308046	6.596734	6.1453075	5.237129	5.003455	6.284208	5.0476947	6.631523	5.653569	5.8872566	6.733535	5.958572	6.1399455	6.397247	6.1456447	6.5270715	5.83199	6.7908983	6.6812077	6.3159347	6.1917315	6.4154806	5.555225	6.5356936	6.358319	6.286344	5.463397	6.679882	6.5710196	6.767391	6.716581	5.4139442	6.520853	6.4555492	6.3317447	6.878017
NPM1_32887	10.7643795	11.447162	11.297731	11.292432	10.938986	11.185735	11.358627	10.706812	10.883434	10.989757	11.176156	11.158877	10.697986	11.289888	11.2323475	11.099835	11.402364	11.214529	10.904443	10.786523	11.067281	10.535757	11.377291	11.1266575	11.264254	11.229312	10.739279	10.952499	11.462062	11.363862	11.328915	10.957433	10.9781275	11.164616	10.950445	11.190843	11.238958	11.0421715	11.008026	11.091502	11.143303	10.738855	11.019633	11.250331	11.101388	11.181405	10.521609	11.166608	11.266671	10.735322	11.216803
NPRL2_9354	4.592598	4.647012	5.1372876	4.5756903	5.2672544	4.95646	5.1462336	4.927277	5.058372	4.7945623	4.067694	4.6943655	5.3494105	4.433116	4.68259	4.594002	4.4939933	4.940594	4.5433693	4.8220615	4.36642	4.647124	4.323448	4.781876	4.7335253	4.39336	4.740221	4.94034	5.3289127	4.690261	4.936795	4.820931	4.799106	4.5687265	4.664841	4.453386	4.4439664	4.648027	4.640494	5.1591835	4.485623	4.393726	4.8554354	4.647667	5.1983166	4.6912694	4.5077496	5.1509423	5.424902	5.204023	4.9488087
NQO1_33055	2.491974	2.0728946	2.5015457	2.4387863	2.905456	2.6765726	1.9740967	3.5657802	2.518521	2.5675821	2.4061391	2.0061407	4.740553	2.10312	3.2795744	3.1672053	3.510384	2.851636	2.7569108	3.4401016	3.0117643	4.949003	3.1057508	2.6216867	3.7456298	1.2230182	3.5999305	3.2998173	2.4024103	2.0363805	2.6910543	3.7985559	2.8709326	3.2767088	2.7157705	3.5624845	2.4705205	3.538559	3.166812	2.07588	3.6340072	4.165143	2.3198192	2.919052	1.7574636	2.5432677	4.9461503	4.001153	4.386324	4.9838986	3.662459
NR1D1_9357	3.4622953	2.8903687	2.6870766	2.622656	0.0	2.4913077	1.9740967	1.3498102	2.518521	0.7689436	1.9512244	1.3268428	3.574956	0.86718	0.7873415	2.533521	2.4476285	1.61952	1.9559586	0.0	1.7463846	4.2091236	2.8251235	2.4378424	2.6850367	0.0	2.9915388	0.0	1.5044802	2.6845412	2.2923298	4.00606	3.018777	1.2247456	2.5541615	0.78321815	2.0856278	1.9381144	0.0	0.7165108	2.1913016	3.2433975	1.9455801	0.7901686	2.0616755	2.5432677	2.241367	3.2105505	1.2764089	5.3724337	2.2155063
NR1D2_9358	7.8010464	7.693968	7.6767616	7.8187585	7.055446	7.702234	6.6730523	7.133304	7.2058253	6.801306	6.4783416	6.6946034	7.3845267	6.606131	6.975599	7.3841143	8.063766	7.19753	7.737285	6.9605694	7.6411057	7.8448815	7.892526	7.197749	7.6354823	5.931814	7.5708237	6.1399455	7.774901	7.019471	7.513084	8.527766	7.9999065	6.9069586	6.9567986	6.7605386	7.367866	7.349919	6.3465323	6.914514	7.4221563	7.658034	6.929811	6.4194727	6.527835	6.7260137	6.658879	8.114967	7.265877	8.458553	7.7743773
NR1H2_9359	5.305445	5.4950676	5.8705945	5.5221663	5.420915	5.5378633	5.805174	5.6599574	5.1888194	5.568805	5.636318	5.3025947	4.9369683	5.2511215	5.6542234	5.56382	5.7473793	5.335634	4.5872383	5.389922	5.2736154	2.425981	6.0203876	5.653569	5.829378	5.747029	4.5391774	5.4586296	5.9311156	5.705577	6.0885997	5.507305	5.3666906	5.160505	4.8847632	5.467864	5.596074	5.293981	5.6770506	5.375797	5.587566	4.804812	5.35498	5.639855	6.028743	6.0560956	3.1824234	5.8213873	6.371302	4.3618064	6.1343126
NR1H3_32917	4.637974	5.273731	5.229826	5.2972918	5.0330415	5.2762537	5.441879	4.890084	5.02383	4.420659	5.203116	4.7357945	4.8997664	4.8589354	5.56855	5.2971416	5.4371037	5.1515937	5.1520553	4.9689555	5.0525584	4.8792467	5.4464955	5.0932775	3.9764743	4.7198715	4.6631317	4.715879	5.3289127	5.2269044	5.0429688	4.993321	4.8394446	5.452482	5.1900296	4.933553	5.319588	5.2409472	4.673095	4.9042015	4.952532	4.9556274	5.1844344	4.7683935	5.55561	5.4290123	5.304778	5.452413	5.300253	5.5635633	5.3348546
NR1H4_33039	7.609325	6.902919	7.2749724	7.362896	7.444059	7.5082903	7.182339	7.7359533	7.5165105	7.020546	7.2157936	7.3435216	7.5255256	7.3149323	7.102947	7.6072426	7.479497	7.4802947	7.464864	7.012309	7.723797	7.219024	7.328918	7.2192974	7.205903	6.71533	7.5602326	6.986032	7.2562294	7.212882	7.807305	7.483318	7.6992507	7.2987103	7.4799895	7.04675	7.2312355	7.4172	6.873921	7.6605134	7.309877	7.3115582	7.008611	6.667327	7.375777	7.5595236	7.1877294	7.4148507	7.560337	7.7559953	7.654238
NR1I2_33293	4.7661185	4.692459	5.3719754	4.894432	5.1253834	4.8448496	4.5667157	5.1946416	5.0921063	3.9804323	4.6650357	4.8533883	5.204388	4.4871287	4.509489	4.9325	4.904904	4.693361	5.061648	4.2042418	5.0525584	4.688498	4.9742417	4.2228994	4.2942877	4.891829	5.268561	5.16026	4.772601	4.505577	5.0429688	4.993321	5.310402	4.894748	4.778989	4.075639	4.7868943	5.370047	4.7049766	5.524321	5.1965966	4.919376	4.5388503	4.6050706	4.9616113	5.0019855	4.7928843	5.37624	5.326059	5.7323084	5.925261
NR2F2_32621	7.0782967	6.843722	7.238314	6.782309	7.1092024	6.776598	6.5544367	7.1725545	7.3452406	7.0361075	7.1224036	6.630151	7.343554	6.7006025	7.1181035	7.0171103	6.7136183	6.953985	7.441153	7.409621	7.112541	8.145267	6.210252	6.7419977	7.474878	6.9357595	7.397226	6.8816495	6.498436	6.2374797	6.9473367	7.5511174	6.7701797	7.229697	6.92409	7.4190993	6.5712724	7.374749	6.741844	7.366469	7.1451335	7.5613627	6.7427025	7.015166	6.7138567	6.7993326	8.611926	7.7120304	7.675226	8.822885	7.907345
NR3C1_9361	7.234165	7.3197746	7.1853757	7.323611	7.4910975	7.0014534	7.160354	7.0259547	7.5713563	6.8896146	7.5048003	7.35686	7.1902285	7.604828	7.04861	7.2315383	7.373665	7.2896004	7.386335	7.370507	7.577304	6.164144	7.20792	7.335675	7.530423	7.226697	7.0863214	6.942218	7.2151966	6.9487753	7.343376	7.7755632	7.2755413	7.6163487	7.2151947	7.5357976	7.2060943	7.6280966	6.9016986	7.2735677	6.9999027	6.7346106	6.929811	7.0313425	6.981864	7.104273	6.320464	7.6964526	7.487882	7.0306845	7.428686
NR4A3_32375	2.491974	2.7252557	1.3529313	1.9810864	1.9581286	0.0	2.7777128	2.4973207	2.518521	3.0072343	4.1860375	1.706109	2.5055704	2.5715709	2.42098	2.8848794	1.6904588	3.104337	2.9029238	3.1009257	2.0497084	2.772292	1.3343891	0.0	3.1306887	1.5856925	1.9188775	2.0565722	1.5044802	1.3511056	2.2923298	2.4073412	0.0	1.8774635	2.1637886	3.1587603	1.2002778	2.1827102	1.4383613	2.2807243	1.2790965	2.2780142	0.6511185	0.0	0.8429203	2.5432677	1.5181447	2.6448896	2.8876398	3.4303215	2.9183865
NRAS_9363	4.883804	5.4691873	4.60375	4.821103	4.7913756	4.7238755	4.920685	4.6442127	5.4452467	4.467322	4.8909454	4.6077585	4.782034	5.1205115	4.837129	4.814672	5.04128	4.346635	5.393562	4.7425966	5.2736154	3.8924706	4.6197734	4.6184916	5.0360622	4.7198715	4.2538657	3.5538383	4.4477034	4.3496795	4.5613933	5.574012	5.094056	4.894748	4.778989	5.370655	4.606508	4.873835	3.9308388	4.388141	4.9853954	4.723048	4.826726	4.091199	4.8065834	4.612088	5.0846868	5.0564756	5.1638064	5.659735	5.308562
NREP_9364	7.956886	8.017853	8.273934	7.4866185	7.715648	7.188342	7.645009	7.899288	8.272558	7.3604784	7.619666	7.4280944	8.339106	8.693037	8.150243	8.253395	7.430659	7.7118707	7.6468954	7.5209765	8.159746	8.813968	7.244573	7.503144	7.988276	7.7976704	8.439915	7.4390764	7.261997	7.8873024	8.349312	7.8220468	7.7997847	8.585305	7.5620027	7.9971843	7.5184283	7.6788273	7.6959624	7.443123	7.5811033	8.058841	7.6728296	8.115802	7.802385	8.414072	8.176589	8.394617	8.254478	9.742221	8.095948
NRIP1_9365	6.558885	6.823437	6.7990317	6.2371535	7.0077195	6.088135	6.829845	6.6456194	6.682205	6.585607	6.5898924	6.3656344	6.215295	7.277107	6.5079613	6.8171463	6.4573994	6.48279	6.8241277	6.0971737	6.772647	6.804861	6.586546	6.3959446	6.7243795	6.352757	6.387902	6.3445296	6.527458	6.4184194	6.813731	6.7726965	6.154992	6.6039863	6.2514815	6.965854	6.404471	6.715312	6.2525835	6.538818	6.6666756	6.637531	6.057327	6.559911	6.299764	6.491741	6.567312	6.989905	6.7788653	6.8467836	6.6972923
NRP1_9366	7.3201947	6.4126396	6.8678446	6.563706	7.1969376	5.858365	6.0157356	6.900651	7.6184173	6.7072372	7.092408	6.9968023	7.579457	6.9128127	6.7606454	6.8171463	6.3564234	6.378827	7.423111	7.2819366	7.0455337	7.4349766	5.896876	6.2639284	7.397326	6.267867	7.206652	6.7267075	6.0558825	5.88668	6.6100197	7.737267	6.759708	7.20376	6.776158	7.13079	6.7816024	6.923172	6.6465583	6.8834124	7.2229824	7.346107	6.463834	6.7959843	6.314226	6.5776095	7.5738707	7.421183	7.324662	8.217561	7.2188244
NRROS_32404	5.4650297	4.2811027	5.038404	3.9763188	4.7913756	3.817433	3.4919653	4.9635353	4.7556725	4.512522	4.4453254	3.707994	5.8167295	4.433116	4.4144707	4.6409187	4.1761804	4.346635	5.512098	5.1645684	4.8317227	4.8792467	4.019423	4.2228994	5.2860236	4.030775	5.268561	4.015055	3.5877666	2.9963596	4.6536613	5.176209	4.625427	5.0772424	5.1622505	4.355162	4.567557	4.802422	4.736168	4.43179	5.1393414	4.4957304	4.0356593	4.1516447	3.7759814	3.213879	4.3844	4.5557666	4.6943884	5.5833173	5.639104
NSDHL_9369	5.6313214	5.545475	6.132713	5.7565494	6.1782765	6.182981	6.1257195	5.8655496	5.685176	5.5031376	6.080196	6.2980967	6.169141	5.854556	5.9366136	6.105509	5.951577	5.7965417	6.007962	5.6296487	6.312984	5.9930673	5.5671635	5.886901	5.942902	5.833966	5.9904776	5.9014797	6.10805	5.9240146	6.288905	5.574012	5.4472094	6.0411425	5.9110994	6.403131	5.7077637	6.047386	6.2417564	6.000764	5.7683854	5.8382316	5.414072	5.943217	6.328544	6.0857058	5.8152	6.532598	6.371302	6.745223	6.6871233
NSG1_32675	0.82449245	2.3245585	1.7361541	2.2280116	1.2885287	1.7274573	1.6765455	1.732564	2.7044885	1.2678612	2.7514749	1.3268428	1.3559068	1.795884	2.42098	1.7633755	0.0	2.7064807	2.9029238	1.3310965	1.3618308	2.215664	0.8162666	0.0	3.5682683	1.8752655	1.9188775	1.8188398	1.1536862	2.2861977	1.7394503	1.952323	0.0	1.8774635	3.3291726	3.1587603	2.0856278	2.5743628	0.650804	2.4600666	0.7768912	2.4906006	2.6167028	1.2978095	0.0	2.1535919	4.047469	2.460438	3.2530992	3.4303215	1.9692172
NT5DC2_9371	4.1034265	3.6118274	2.851444	3.2992017	3.947468	3.817433	2.7777128	3.7431152	3.6808712	3.6163983	3.7208104	2.9613252	4.822355	2.9246228	2.604365	3.6060004	3.6014547	2.851636	4.4981246	3.872183	3.76138	4.4686303	2.9722497	4.2228994	4.7335253	3.3702228	3.5147316	3.7697577	3.6594398	2.8488586	3.0031052	3.5561097	3.2755504	2.8108833	3.6820183	3.8050218	2.7740545	3.0143752	3.493234	3.4125168	3.714618	4.283957	2.7449903	3.9621353	3.1597538	3.413886	4.152023	3.4273803	3.9282308	4.3618064	4.0904775
NUCB2_9374	9.243568	10.021484	9.675583	9.137792	9.937599	9.155789	9.391673	9.257379	9.742025	9.175669	9.83402	9.762225	9.388145	9.969061	9.821351	9.603164	9.779181	9.380127	9.628423	9.472608	9.677769	8.689577	9.397346	9.067036	10.30742	9.535721	9.515272	9.154297	9.43548	9.458688	9.534708	9.864659	9.405831	10.209906	8.960212	10.082962	9.382495	9.744319	9.540915	9.266558	9.124619	8.90443	9.714309	8.6722	9.0871315	9.267635	9.131571	10.019081	9.441093	9.591868	9.640976
NUDT11_32363	2.0298584	2.0728946	2.5015457	2.622656	2.2038183	2.4913077	3.3948803	2.4973207	1.3654954	1.6378721	2.1965384	1.3268428	1.7395756	2.10312	1.9647921	3.2900343	2.7949874	2.9835122	2.2015305	0.8139097	3.2683764	2.6095028	1.3343891	2.4378424	2.2866638	2.1163197	2.7142618	3.6294594	2.5605352	2.0363805	3.3724391	2.8986797	1.7520065	2.8108833	1.9201866	2.7586706	1.559129	1.64341	1.0976686	3.013504	1.6509043	3.7355564	2.6167028	2.4264417	3.689876	2.1535919	3.4518747	3.3230352	3.1412594	4.267274	2.9183865
NUDT9_9377	7.478242	6.987395	7.223386	7.1548114	7.292976	7.085699	7.0530787	7.4078426	7.420196	7.1114926	6.8893285	6.8250933	7.730117	6.543782	6.95886	6.9719524	6.703375	7.1064324	7.6154613	7.3901963	7.1687236	8.412398	6.912319	7.0208945	7.2580214	6.6782165	7.6072917	7.0215535	6.828874	6.579174	6.992205	7.2918243	7.2155037	7.1436377	7.344418	7.3378477	6.994798	7.2325683	6.694988	7.032619	7.309877	7.9552217	7.021336	7.4355392	6.935844	6.9757466	8.512326	7.402102	7.4055567	8.879905	7.47079
NUF2_33136	3.5598304	4.090557	4.458325	4.223995	4.2505713	4.340703	4.3763976	3.6571705	4.133794	4.2172728	4.347129	4.25568	4.052746	4.0581245	4.1453104	4.814672	4.3438206	3.9550426	4.301462	4.4739904	4.5224047	3.7433898	4.1488166	3.8333883	4.112109	3.7736044	4.5391774	4.123652	4.4477034	3.745087	4.5129476	4.069087	4.3180375	3.7042391	4.3570623	4.0125933	4.7868943	3.4478643	4.0841665	3.793278	3.145316	4.165143	3.340016	3.8929985	3.2825065	3.746058	3.8124545	4.5089707	3.9941003	4.3618064	3.388955
NUP133_9378	5.6755133	5.8361197	5.7918324	5.7367473	5.839676	5.607913	5.535951	5.681886	5.4452467	5.786849	5.6973767	5.483732	5.530689	5.2511215	5.6542234	5.7249184	5.2805514	5.849363	6.086484	5.96337	5.588065	5.109927	5.5671635	5.6951737	6.2961874	5.947496	5.769237	5.615637	5.350728	5.3417163	5.9499097	5.176209	6.1708865	5.3615675	5.321426	5.7254553	5.5368104	5.794854	5.6112785	5.9416013	5.670739	5.8765535	5.272226	5.4840283	5.067844	5.6630745	5.5541043	6.067301	6.2417164	6.343376	6.009288
NUP153_9379	5.2185044	4.861155	4.60375	4.7036085	5.2399745	4.544973	4.033539	5.3669667	4.988441	3.7731934	4.2417574	5.157699	5.1098185	4.3186173	4.509489	4.814672	4.445652	3.9550426	5.8185163	5.194739	4.5708647	4.027579	3.1057508	4.3324213	5.1027284	3.0598574	4.9494805	3.2041273	3.7929146	4.403539	4.410885	5.3126874	3.7687938	4.6478076	4.8151155	4.355162	4.1062636	4.5203185	4.0841665	4.669124	4.8491964	4.54415	4.0356593	3.173454	4.7650757	3.9530077	3.3675282	5.0564756	5.1638064	5.15206	5.0474997
NUP62_9381	6.329194	6.224347	6.0335045	5.7760835	6.1782765	5.9689736	5.6871214	5.903373	5.685176	6.0699177	5.848592	6.106095	6.5272484	5.4814596	5.970411	6.13858	5.968784	6.116864	6.6796308	6.0318227	5.9955854	6.502487	5.65692	5.868835	6.192871	5.799817	6.4465857	5.7739816	5.455116	5.3958683	5.8752217	6.6747785	5.66487	5.996517	6.353268	5.943947	5.495904	6.4491878	5.755261	6.0714607	6.027002	6.3136454	5.628854	6.12002	5.900435	5.847225	6.8262296	6.249141	6.5679603	7.2318177	6.418715
NUP85_9382	5.8203235	5.8361197	5.3719754	5.0307755	5.2399745	4.9918237	5.1757584	5.8068886	5.6402764	5.7683334	5.387332	4.9267755	5.4299054	5.1542892	5.1925364	5.041427	5.307852	5.2596154	5.7622194	5.4661126	5.2736154	5.890428	5.1698766	5.774947	5.4227734	5.1842866	5.416816	5.6881657	5.494844	5.498431	5.349236	5.2045574	5.310402	5.6574764	5.5314345	5.444169	5.365728	5.849021	5.333887	5.46253	5.608813	5.758393	5.507479	4.983204	5.531057	5.77636	6.0498023	5.914099	5.539633	6.700701	5.596273
NUP88_9383	7.150528	6.863725	7.1384	7.0302005	7.116721	7.165295	6.811153	6.919232	7.0428824	7.2646556	7.0540147	6.7960105	7.1352715	6.789266	6.9838963	7.0171103	6.7338886	7.1838837	7.3422103	7.164889	7.2675905	7.1466465	6.8181853	7.2820764	7.679827	7.099119	6.8371544	7.103399	6.919245	6.93969	7.1745615	6.9422073	7.253319	6.977541	7.117317	7.4312034	7.009405	7.1342025	7.1764307	6.974775	7.0158973	7.1798463	6.622577	6.973913	7.069721	7.089733	7.1440287	7.369729	7.527348	7.6239357	7.19749
NUP93_9384	4.285542	5.38864	5.1372876	4.5304	5.000899	4.7653375	4.9551463	4.927277	4.712946	4.719445	4.6650357	4.8533883	4.782034	4.8173723	5.041734	4.9325	4.6299973	4.804542	5.180974	4.897377	4.617749	4.5153666	4.323448	4.781876	5.1664495	4.43845	4.5391774	3.957529	5.4751167	4.646259	4.7818613	4.820931	4.9903865	4.301587	4.664841	5.0636516	5.0066633	5.267708	4.30826	5.1591835	4.9189024	4.4957304	4.5388503	4.515908	4.8065834	5.3820524	4.100693	4.5089707	5.326059	4.5340996	4.8428674
NUSAP1_9385	3.122527	2.3245585	2.038651	1.306817	2.4136927	2.278697	0.79261	2.682742	3.0170162	1.6378721	1.9512244	2.4661293	3.1371586	2.7588696	1.9647921	1.7633755	1.3132819	2.7064807	2.5944383	3.4401016	3.0117643	3.0513556	1.3343891	1.9802222	3.3660054	1.2230182	3.5999305	1.5340518	2.0222046	2.0363805	2.6910543	2.5903506	2.7061894	2.1186442	3.225608	1.6612463	2.2908719	2.8820758	2.3191266	2.4600666	2.7457702	3.5583014	0.6511185	2.609976	1.7574636	1.618053	2.7208638	2.460438	2.7418792	4.0573144	2.2155063
NVL_9386	5.9338355	5.570033	5.7714515	5.0629387	5.9105964	5.4642377	5.4173703	5.884585	6.13694	5.3118367	5.086223	5.5078473	6.121461	5.6087337	5.2208934	5.587965	5.7473793	5.335634	5.975317	6.1749077	5.588065	6.525502	4.5744224	5.6951737	5.76908	5.3109226	5.8755765	5.134535	5.0642633	4.892143	5.530514	5.8678823	6.003463	5.8027835	5.7147217	5.0322104	5.5165024	5.4885373	5.0901117	5.8318434	5.9290457	6.103534	5.4521637	5.1701365	5.1983166	5.3086166	6.658879	5.722306	5.5615234	7.0234723	5.872391
OAS1A_9388	6.1837807	5.3607593	4.4063993	4.3335214	4.7913756	4.102663	4.096643	4.5035396	5.685176	4.6402006	4.623689	4.1369987	4.9369683	4.589442	4.0218096	4.9697304	4.714029	4.693361	6.007962	4.7425966	5.386221	4.3185883	4.7478533	4.9286256	6.192871	4.248965	4.9494805	4.715879	5.872	5.0009694	4.6536613	5.461056	4.479903	5.1872244	4.7419343	4.752468	4.567557	4.7653446	4.640494	5.9264235	5.109838	5.303817	4.0849814	5.361425	3.5005221	4.344567	4.8248677	5.349928	6.084289	5.6028047	5.308562
OASL_9389	4.4973273	3.1728475	2.9989855	2.785719	3.3754735	2.278697	1.6765455	2.682742	3.1510859	2.3851907	3.2631965	2.4661293	2.8556545	3.2080395	1.9647921	2.3194807	2.7949874	3.5063531	3.3728328	3.1009257	3.1457682	3.1729507	2.8251235	2.7847295	3.3660054	2.5034022	3.6803772	3.2041273	3.348533	2.6845412	3.0031052	4.1294756	3.2755504	2.8108833	2.9930947	3.270766	1.846264	3.2473404	2.615978	3.3226266	3.3610175	3.8933966	1.0981301	3.7439134	2.7127588	2.5432677	4.546629	2.8084092	3.453711	4.8598094	3.4859993
OBP3_33099	4.9572444	5.7527604	2.9989855	1.6829898	2.7594013	3.1218095	3.2907877	4.812691	2.304984	1.6378721	1.2830404	0.81086713	2.8556545	5.6087337	3.8141444	1.7633755	1.3132819	1.9121275	6.2992606	6.1899643	3.1457682	2.215664	1.3343891	4.2228994	3.4706786	1.5856925	4.3553696	1.8188398	0.689217	0.82825595	1.3557978	3.5561097	2.055782	2.3252215	2.5541615	2.4129963	1.559129	2.3917863	1.4383613	4.474157	1.6509043	2.028597	3.0729647	1.9697882	1.7574636	0.7569108	2.9700236	8.416968	3.3568892	2.7799242	1.6720483
OLFM1_32405	2.6772566	4.090557	2.9989855	3.2992017	3.6487305	3.5590887	3.8983924	2.682742	3.7669325	2.7294815	3.3670683	3.707994	4.3012185	3.4448164	3.8867385	3.4032214	3.7679756	3.8204114	4.1340966	3.9449909	3.0117643	4.0906663	3.3405793	3.298162	4.112109	3.7014503	3.32757	3.957529	3.0615857	2.9963596	2.8555002	3.5561097	2.5201793	3.3729517	2.5541615	4.453386	3.3341212	3.2473404	2.9709482	3.7247438	3.457868	3.5583014	3.9316483	4.469171	3.5005221	4.0158815	3.3675282	3.5246851	3.5444415	4.724034	4.02739
OPN3_9396	2.2793405	3.295734	2.5015457	2.4387863	3.5632691	2.6765726	1.6765455	2.682742	2.7044885	2.5675821	1.6554753	1.3268428	2.0423498	1.795884	1.2938309	1.7633755	2.23654	0.75779927	2.9029238	1.3310965	3.3813758	1.2974738	1.7148082	3.0641665	4.2360806	2.3228042	2.7142618	1.5340518	2.4024103	0.82825595	2.2923298	3.1525764	1.7520065	2.5058906	2.1637886	2.5961618	2.0856278	2.1827102	1.7137712	2.4600666	2.1913016	2.8399913	1.0981301	2.772775	2.0616755	1.9105306	1.8014207	3.3230352	3.1412594	4.0573144	4.02739
ORC6_9399	2.2793405	3.1728475	3.9058084	2.2280116	2.7594013	1.3453724	2.4311502	1.732564	2.304984	2.1763573	2.897397	2.2543907	1.7395756	2.5715709	2.42098	3.1672053	3.3089392	1.9121275	1.6598343	1.3310965	1.7463846	1.6721861	3.1057508	2.2271013	3.4706786	2.9395516	1.9188775	1.8188398	3.0615857	2.9963596	2.505423	2.4073412	2.7061894	2.6664317	1.9201866	2.4129963	2.2908719	2.1827102	2.1441302	2.6195595	3.145316	2.675847	2.7449903	1.9697882	0.0	3.1024148	2.4195006	3.0885482	2.1877303	1.5636727	3.1727722
ORM1_9400	3.894955	3.8709588	2.2885845	2.2280116	2.4136927	2.4913077	1.9740967	2.4973207	2.518521	2.3851907	1.6554753	0.81086713	3.2596772	2.9246228	2.9132285	1.7633755	2.631737	2.9835122	3.2689147	4.2623773	0.8359691	0.7899299	3.542482	3.0641665	2.9968727	1.8752655	2.9915388	1.1788656	0.689217	1.7340541	0.83162844	2.8986797	1.7520065	2.5058906	1.9201866	2.203147	1.559129	2.7364078	1.0976686	2.6195595	2.4007041	1.3448509	2.7449903	2.4264417	1.3714777	1.2508019	2.4195006	5.659417	2.5797195	2.910767	1.6720483
OSGIN1_33191	6.0220504	6.813187	6.1798706	5.4015837	6.991453	7.044191	6.2558246	6.220472	6.972178	7.8130045	6.466697	5.7084646	7.364186	5.559163	6.5194225	6.689062	6.886549	7.127971	7.0128846	7.253553	6.687302	8.306759	7.1080203	7.808157	6.9673586	6.2170177	7.1155505	6.6561384	6.9409795	6.337718	6.288905	6.1990204	5.5959015	6.633431	6.3032722	6.897704	5.725566	7.374749	6.326177	6.4028654	6.8913794	7.304548	6.081831	6.4071283	6.5028005	6.535314	7.521161	7.402102	7.435501	6.2962766	7.4102583
OSTF1_33042	10.540739	11.263147	10.5198965	10.653342	10.961081	10.722713	11.026239	10.573866	10.763599	10.531527	10.577137	10.130679	10.783444	10.846432	10.0686	10.912971	10.710936	9.981724	10.886449	10.736766	10.344592	9.689104	10.832273	10.733681	10.221904	10.405881	10.199787	10.286043	10.971444	10.765954	10.791539	10.851614	10.8005085	10.926698	10.5586405	10.72607	10.593185	10.821749	10.195296	10.611603	10.647537	10.590409	10.904577	10.015574	10.419223	10.5131855	9.564633	10.615019	10.541982	10.354192	10.277948
OTC_9401	1.7280232	3.1728475	2.2885845	1.9810864	1.2885287	2.4913077	1.3012427	2.2845037	1.7505945	1.9320939	2.1965384	1.706109	2.0423498	0.86718	1.9647921	0.8466378	2.23654	1.2520635	3.1569264	3.223061	0.8359691	0.7899299	2.0155594	2.6216867	2.2866638	2.3228042	2.370703	2.0565722	2.2247963	3.1301692	2.6910543	0.0	2.5201793	2.1186442	1.2584345	2.7586706	0.721521	2.1827102	1.9449388	1.5507082	1.6509043	1.3448509	2.4758844	1.9697882	0.0	1.9105306	0.0	4.6010923	2.5797195	1.2041633	2.2155063
OXA1L_9402	9.711168	7.981699	8.412002	8.549387	8.646207	8.522573	7.8047147	9.384842	8.907795	8.713878	8.172024	8.498007	9.256387	8.066124	7.8882236	8.242027	8.043607	8.470641	9.289795	8.714785	8.65726	10.388185	7.816656	8.14108	8.158549	8.189268	9.56247	8.58729	7.470647	7.594947	8.117856	8.88165	8.7862625	8.0356865	9.383575	8.140454	8.475567	8.196768	8.436486	8.958706	9.146578	10.064146	7.822107	9.490524	8.307809	8.120637	10.715884	8.781767	8.98888	10.9540415	8.991623
OXCT1_9403	11.349705	11.1434765	10.982943	11.196475	11.761995	11.132265	10.820245	11.376514	11.482324	11.421995	11.05405	11.292424	11.558635	11.378294	10.822289	11.517855	11.080964	11.053149	12.003287	11.993687	11.546167	10.000708	10.833476	11.346988	11.470808	11.149783	11.08421	10.787947	11.02712	10.798358	11.135475	11.4563465	11.469548	11.298543	11.277395	11.333096	11.108085	11.263567	10.895533	11.221542	11.400989	11.192965	10.460744	10.779577	10.808897	10.637726	9.812073	10.959238	10.895438	10.232806	10.801968
OXSR1_9404	7.7451205	7.1346064	6.924322	7.169657	7.586235	7.1260457	6.543154	7.478454	7.4851146	7.2712455	6.7231	6.76633	7.8274317	7.097774	6.639828	7.1033945	6.8217382	7.120827	8.1272955	7.7515793	7.414237	8.619108	6.7586083	6.9624634	7.493632	6.733535	8.128376	7.0630565	6.6988373	6.378633	7.0271215	7.9150434	7.448512	6.9465966	7.416738	6.9150457	7.066396	7.212047	7.051806	7.4107685	7.4221563	8.402025	6.7731156	7.7213154	6.7138567	6.9836326	8.51478	7.7627754	7.6293263	9.196017	7.6010695
P4HA2_9407	6.243716	5.7092023	5.686919	6.119745	6.134505	7.0272474	5.6455216	5.6150737	6.0537825	6.7737236	5.6569595	6.3118596	5.796631	5.769933	6.2434936	5.680696	6.629562	6.131156	6.1316237	6.1596923	6.3825088	6.041772	6.5979223	6.639168	6.5077777	6.352757	5.712976	5.4792156	5.826018	5.285452	6.2744465	6.2130413	6.695227	5.638239	5.9110994	6.0885186	6.4372506	6.2754765	6.5879226	5.8799086	5.978855	6.5689807	5.9415956	5.993624	6.4382453	5.979297	5.110866	6.6232696	6.3958793	5.8511386	6.39392
PACSIN3_9411	5.0271273	5.87606	5.1050735	5.4510326	5.686433	5.839077	5.392438	5.4713826	5.851982	5.4106555	5.505856	5.5078473	5.6019096	4.3186173	5.5904503	5.849991	5.2805514	5.605042	5.317465	5.0700746	5.8061666	5.890428	5.781881	5.83201	5.924591	4.8254848	5.8055615	5.134535	5.607858	5.726859	5.6915355	5.117785	5.853956	5.0772424	5.552988	4.752468	5.7946563	5.2136807	5.469992	5.864064	5.380791	5.33167	5.066604	5.721882	5.900435	5.357987	5.4956946	6.161084	5.604333	6.2099605	5.925261
PAF1_9412	7.478242	6.7714415	6.9697547	6.692645	6.682525	6.9303255	6.7437544	7.4721756	7.158845	7.22447	6.5573235	6.4919066	7.3296337	6.0645275	6.542075	6.608734	6.76377	6.765294	7.1361423	6.7531986	6.872684	8.510828	6.696465	6.6707935	7.128022	6.649741	7.5115867	6.691854	7.1482615	6.7859535	7.151011	7.0160418	7.238312	6.736527	7.080687	6.463309	6.84812	7.012904	6.9016986	7.4377804	6.9755735	7.8817625	7.0276566	7.3734436	7.2684693	7.1953692	9.153776	7.4647474	7.560337	8.849639	7.5001297
PAFAH1B1_9413	7.810986	7.4312096	7.7823896	7.7708807	8.02226	7.538499	7.410574	7.666164	7.9060616	7.767116	7.7260575	8.078273	8.3181095	7.749966	7.4648776	7.905045	7.4734817	7.8392043	8.174794	8.140608	8.031431	8.103814	7.5084343	7.7451806	7.952574	7.384793	8.117581	7.579165	7.3512764	7.335715	7.740497	8.099952	7.774	7.8765163	7.8588004	8.041284	7.668622	7.5808616	7.5500083	8.016387	7.9281797	8.095856	7.1829653	7.881585	7.501158	7.2810535	7.851256	8.191051	8.14275	8.603443	8.18536
PAH_9415	11.549561	10.950046	11.421022	11.418586	11.411268	11.246931	11.149008	11.616728	11.153849	10.658863	11.0933895	11.356492	11.231408	11.260143	11.11779	11.168493	11.008976	11.212851	10.964411	10.530445	11.014604	10.247332	10.913051	10.518068	10.373035	11.059312	11.131927	11.188005	10.939858	10.843508	10.8285055	11.188323	10.684886	11.21823	11.615304	10.876391	11.544013	10.693158	10.926708	11.21375	11.083848	11.15059	10.971267	11.391349	11.180973	11.093499	10.266798	11.064625	10.871541	11.373277	10.913571
PAK1_9416	4.285542	4.647012	4.6931467	4.821103	4.546167	4.591821	4.5214376	4.8519063	4.3161297	4.043386	4.1860375	4.6943655	4.4110556	4.638	4.509489	4.594002	3.9864676	4.245164	4.403142	4.4739904	3.8425713	3.7433898	4.6197734	5.061816	4.815312	4.7198715	3.7565742	4.8163805	4.6722174	4.5540113	4.6082644	4.3485374	3.2755504	4.3962374	4.3570623	5.2664194	4.885206	4.0510454	4.5729938	4.474157	4.485623	4.035659	3.6980062	4.515908	4.1430035	4.7292876	2.7208638	4.6876826	4.4345694	4.3153143	4.6469307
PAK4_9418	2.9888134	2.538774	2.6870766	2.9322088	2.5968776	2.278697	1.6765455	2.0347693	1.7505945	2.7294815	2.4061391	2.0061407	2.0423498	3.0732796	2.604365	2.71987	2.631737	2.7064807	3.2689147	3.223061	2.3002052	2.6095028	2.2643013	3.0641665	3.2531395	2.8082936	2.1624062	2.5983527	3.2590787	3.2526147	3.1370003	2.4073412	2.055782	1.8774635	1.9201866	2.5961618	2.4705205	3.135555	2.1441302	2.8937564	2.5835295	2.8399913	1.9455801	2.4264417	1.7574636	1.2508019	3.1824234	3.2105505	2.8876398	4.16611	2.9183865
PAK6_9419	3.4622953	2.7252557	0.82956785	1.306817	3.472425	2.8407314	1.9740967	2.682742	3.7669325	1.9320939	3.029906	0.0	3.9103696	1.4050055	3.167487	2.533521	1.3132819	1.61952	3.6460412	3.4401016	2.513575	4.5153666	1.3343891	2.2271013	3.4706786	2.5034022	3.2240188	2.439345	2.4024103	1.3511056	2.2923298	4.1874375	3.8500173	2.3252215	2.9930947	1.9574919	1.559129	2.8820758	2.8620489	3.652791	3.145316	4.225773	2.3198192	2.2161078	1.7574636	2.8497622	5.0846868	2.8084092	4.1753836	4.8270445	4.3701644
PANK1_9421	9.587963	8.486288	9.128698	8.789366	9.378086	9.163564	9.105611	9.30231	9.288526	9.205221	8.965387	8.72069	9.631661	9.045542	9.056237	8.760491	8.856727	9.248661	9.667264	9.500051	9.11495	10.080581	9.03469	9.589692	9.09797	9.026233	9.094942	9.006125	9.011326	8.900733	9.145366	9.514532	9.133116	8.899935	9.404475	9.369389	8.96958	9.19779	8.808911	8.603075	9.120926	9.868875	8.271501	8.984101	8.998123	8.922696	9.39391	9.495084	9.668663	10.037202	9.405435
PAPD7_9422	6.039064	4.6000867	5.1372876	5.567712	6.4641566	5.986611	4.812067	5.9938064	6.55493	5.691801	5.4829173	5.7494965	6.515	5.6087337	5.2208934	6.001489	5.1954064	5.8665485	6.904353	6.546466	6.0817175	6.23567	4.7478533	5.6745214	6.2380586	5.1842866	6.1543627	5.416555	4.982784	3.5677314	5.4033947	6.5805836	5.66487	5.430285	5.6759562	5.420078	5.2226305	5.884034	5.469992	6.177829	6.011131	6.5214014	4.4662523	5.411723	5.480661	5.1494794	6.2515373	6.1149545	6.0537243	7.187332	6.221448
PAPSS2_33237	6.7975373	6.224347	6.5585485	6.6188374	7.1537366	6.604514	6.0157356	7.0764947	7.0600305	7.1405773	7.0304785	6.378771	7.7141333	6.581514	6.607974	6.5484886	6.5631413	6.9214625	7.588733	7.532835	6.665153	7.573931	6.7174783	6.979401	7.011403	6.3169856	7.226883	6.834494	6.715748	6.113686	6.451968	7.101436	6.759708	6.736527	6.940537	7.145558	6.6938953	7.1982026	6.630047	6.9374075	6.9918385	7.4128184	6.916249	6.646474	6.756842	6.277527	7.2538342	7.402102	7.0659814	7.5655456	7.314415
PAQR9_9424	11.755304	11.520267	11.167304	11.411187	11.240692	11.478033	11.169791	11.538137	11.487878	11.85438	11.278359	10.944816	11.844286	11.19368	11.314413	11.068538	11.06755	11.470945	11.497979	11.800288	11.004716	11.485889	11.553058	11.346988	11.246857	11.091868	11.939389	11.666259	11.094126	11.371483	11.111781	11.198489	11.66002	11.043718	11.840965	10.918917	11.397626	11.482131	11.169194	11.360369	11.811604	11.63115	11.101683	11.726426	11.297464	11.448615	10.935028	11.445468	11.251601	10.551364	11.097099
PARP1_9425	7.1661	6.567021	6.661817	6.597037	7.0476007	6.558083	6.2558246	7.312667	6.849336	6.697484	6.683408	6.4797654	7.287049	6.9029117	6.731376	6.806896	6.693059	6.4489613	7.3228784	7.295922	6.993153	6.8602242	6.1953497	6.4455447	6.7966385	6.3409314	7.206652	6.2155085	5.9311156	5.848354	6.4647603	6.97549	7.104023	7.0003214	7.0200725	6.8353124	6.864281	6.809386	6.4906774	6.952471	6.959123	7.084845	5.8730483	6.537433	6.1785345	5.8981795	6.166726	7.295843	6.90408	6.926276	7.307793
PARP12_9426	2.491974	2.8903687	2.5015457	2.2280116	2.4136927	3.2441669	2.924071	1.3498102	2.7044885	2.1763573	2.1965384	2.0061407	0.8317068	2.7588696	2.604365	2.533521	2.23654	2.5450702	1.6598343	2.9674861	3.1457682	1.6721861	2.4763973	2.7847295	2.499557	2.1163197	2.370703	1.5340518	2.2247963	2.0363805	2.8555002	2.4073412	1.366725	2.6664317	2.5541615	2.203147	2.2908719	2.8820758	2.475174	1.5507082	2.5835295	1.3448509	2.4758844	1.2978095	2.87763	2.5432677	0.6972474	1.7012914	2.1877303	2.090884	3.051179
PARP14_9427	6.1683993	4.551584	4.968504	4.7829914	5.3714914	4.4965525	4.3246193	5.63769	5.3368616	4.9989605	5.230917	4.890548	5.6248894	5.050487	4.8000183	4.3894033	5.008375	4.7684255	5.5788093	5.4157686	5.588065	5.6808968	4.2094064	4.8571157	5.706152	4.565833	5.8055615	4.94034	4.275919	4.174872	4.6536613	5.4373636	5.190773	5.160505	4.9183655	5.0636516	4.7525764	5.267708	5.2281547	4.9042015	5.710594	5.818682	4.96488	4.647667	5.0332947	4.294727	5.846698	5.840412	5.424902	6.568193	5.2544937
PARP2_9428	4.592598	4.2203417	4.8568616	5.094401	4.8646502	4.9918237	5.0853076	4.8519063	5.1888194	4.8659616	4.623689	4.8533883	5.2345824	4.8589354	4.509489	5.1749425	4.714029	5.0348244	5.1225443	4.93361	4.870957	5.721327	4.5744224	4.661105	4.9299054	4.1974325	5.1605206	4.491069	4.6371417	4.690261	5.076692	4.783836	4.9168887	4.4850583	5.1900296	4.1940217	5.1186843	4.9082584	4.640494	5.2102084	5.109838	5.6070704	4.3090825	5.25524	4.6328683	5.0327153	6.0498023	5.088657	5.2472124	5.9759445	4.9488087
PARP9_9429	3.3576849	3.0385108	2.6870766	2.4387863	2.4136927	3.1218095	2.6148129	2.8470235	3.1510859	2.7294815	2.5891151	2.650732	2.6912055	3.2080395	2.9132285	3.1672053	2.4476285	2.5450702	3.6460412	2.0114515	2.513575	2.215664	2.4763973	2.7847295	2.9968727	2.9395516	3.1124566	1.8188398	2.832704	1.7340541	2.6910543	3.2645237	1.7520065	3.3729517	2.5541615	3.0373216	2.7740545	2.1827102	2.1441302	3.1240695	2.4007041	3.7355564	1.9455801	2.2161078	2.5265856	2.8497622	2.4195006	2.9552677	3.710393	2.7799242	3.8196683
PATL1_9431	4.0372276	4.692459	4.8568616	3.9763188	4.013397	4.4965525	4.474693	4.77238	4.6689157	4.043386	4.581123	4.1975594	4.242996	4.433116	3.5714786	4.594002	4.9747024	4.245164	4.1920695	4.614536	4.4203105	4.4203296	3.6337392	4.3842144	4.966166	4.248965	4.4501987	3.957529	3.7277203	4.403539	4.2428265	4.926816	3.3886123	4.722778	4.2555523	3.9466662	4.1596217	4.4751067	3.9308388	4.388141	4.61726	4.283957	3.6980062	4.4208694	4.076691	4.133961	4.426699	5.02356	4.6542063	4.724034	4.3183975
PAX8_9432	9.456416	9.01283	9.455311	9.128324	9.184187	9.44926	9.145328	9.379819	9.400464	9.627374	9.074902	9.079629	9.772091	8.7158375	9.224987	9.216598	9.034756	9.497852	9.793179	9.513578	9.10058	10.452643	9.139613	9.660977	10.063564	9.183487	9.623515	9.427541	9.380867	9.095341	9.29433	9.364005	9.557118	9.07825	9.405956	8.89517	9.051259	9.383589	9.404377	9.584395	9.666914	10.035853	9.05536	9.7023535	9.095529	9.262783	10.218706	9.602071	10.092684	10.244485	9.737755
PBK_32309	1.7280232	3.7034745	2.5015457	3.2992017	3.2715344	3.2441669	3.825755	3.1282818	3.3867955	3.0072343	2.897397	3.5310342	2.5055704	3.7400002	3.0459516	2.71987	2.7949874	3.104337	3.2689147	3.6287196	3.1457682	1.2974738	3.2279377	2.4378424	2.8493636	3.7014503	3.1124566	2.0565722	1.5044802	2.9963596	3.0031052	2.8986797	2.8709326	3.062516	2.7157705	1.9574919	2.7740545	2.5743628	3.632368	3.3226266	2.7457702	2.4906006	1.9455801	3.0518532	2.3127773	2.1535919	2.241367	3.0885482	3.3568892	3.030724	2.609335
PC_9434	7.347768	6.661466	6.9697547	7.0781994	6.941524	6.776598	6.5877657	7.0847487	7.2808776	6.9150867	6.906669	6.608011	7.2055535	7.1820607	6.629288	6.9441633	6.693059	6.6706243	7.036812	6.897763	6.8235326	7.2811975	6.8181853	6.8003526	6.6814036	7.0707603	7.1861334	6.399566	6.397247	6.457138	6.793593	7.3373404	7.0705223	6.992768	7.3320045	7.13079	7.174039	7.089902	6.499794	7.018374	7.209137	7.109188	6.9499183	7.169306	7.2758765	6.3155117	7.1376762	7.427488	6.8066273	7.684634	7.2258663
PCBD1_9435	9.700515	11.2303	10.926455	10.973505	10.38247	10.7597275	11.165198	9.919187	9.962089	9.956624	10.784816	10.995797	9.283718	11.099291	10.966383	10.7712345	11.082941	10.693851	9.464618	9.577948	10.570679	8.542201	11.008851	10.466442	10.012464	10.861405	9.715874	10.569552	11.022455	11.039628	10.934612	10.310076	10.480856	10.755379	10.204123	10.7019205	10.973485	10.443194	10.690857	10.69121	10.114068	9.476743	10.834655	10.606159	10.920034	10.877729	7.96685	10.178025	10.30627	8.793507	10.276254
PCCB_9437	6.39675	6.357276	5.9269667	5.8143754	6.206737	6.1981997	5.6871214	6.205411	6.36102	6.008136	5.7171683	5.7893934	6.5633836	5.991661	5.7152967	6.019355	5.8806224	5.9971285	6.2591424	6.4867525	5.7012334	6.7176166	5.8783355	6.236011	5.924591	5.8837194	6.00617	5.946529	5.9879036	5.4222007	5.8165536	5.7186217	6.349101	6.2956176	6.2113805	5.856893	6.0701704	6.235367	5.724484	6.19059	6.2730966	6.4341645	5.8730483	6.0100427	5.6268573	5.720829	6.794276	6.5558057	6.0993323	7.1145315	6.4309545
PCK1_9439	12.62381	12.023502	12.247823	13.117076	12.385554	12.67015	11.760798	12.648867	12.289008	11.672176	12.20132	12.361189	13.032304	12.006345	12.086497	12.714317	12.607443	13.084776	12.593101	12.30007	12.932402	12.5473795	12.4223175	11.494933	10.754929	11.882336	12.657128	12.787463	12.807727	11.704158	12.676857	12.71123	12.642801	11.927814	13.248344	11.794902	12.242143	11.54296	12.337897	12.419739	13.237516	13.391906	12.121255	12.534176	13.353153	12.254833	12.830866	11.9786	12.153129	12.612634	12.6389
PCK2_9440	3.244892	3.8709588	2.2885845	3.4033608	3.3754735	3.5590887	0.79261	2.9944959	3.3867955	3.0072343	2.1965384	2.8143709	3.7523885	2.7588696	2.2108426	2.533521	2.9416285	2.851636	3.7267091	3.714521	3.4861639	4.5153666	3.2279377	3.0641665	3.4706786	3.1708984	3.8978634	2.260616	3.163709	2.9963596	2.6910543	3.1525764	3.018777	2.8108833	3.4257977	3.3746989	2.6302555	2.7364078	2.7442534	3.8587036	3.7909622	4.4957304	2.7449903	4.3708944	3.857236	2.5432677	4.9461503	4.410563	4.481253	5.2786183	4.150921
PCM1_9441	4.7246556	3.513961	3.2553017	3.1869333	4.3559775	3.736352	3.4919653	4.5035396	4.0675077	3.3437319	3.64017	3.707994	4.3012185	2.7588696	3.2795744	3.4032214	3.3089392	3.889297	4.1920695	4.318261	4.1915016	3.8924706	2.9722497	3.402313	4.2360806	3.5453217	4.403563	3.2998173	3.5123456	3.365476	2.505423	3.1525764	3.018777	4.608809	3.8995237	3.270766	3.2381685	3.0143752	2.7442534	3.9812746	4.658599	3.9662805	2.4758844	3.0518532	3.5005221	3.213879	3.6788332	3.8591263	4.4345694	4.8598094	4.4684386
PCNA_9442	8.899126	8.997068	8.735057	8.889164	8.871792	9.001684	8.908676	8.82907	8.97488	8.884764	9.039968	9.026366	8.970466	8.9998255	8.762737	8.86546	9.016255	8.664884	9.235691	8.890965	9.0002	8.502152	8.868505	8.894721	9.071168	8.714192	8.759855	8.486668	8.730594	8.935427	8.742383	8.9668665	8.85182	8.915998	8.789136	8.950881	8.792995	8.890749	8.668426	8.819813	8.960767	8.668178	8.5946245	8.654032	8.577297	8.5870905	8.386708	8.6314945	8.478115	8.70386	8.679152
PCOLCE_32370	6.582288	7.2978873	7.1384	6.470864	6.991453	6.0040355	5.8424716	6.1435437	6.972178	6.6169896	7.4228053	6.9269776	7.1590815	7.026609	7.1844025	6.054436	6.316658	6.3907557	7.0603485	7.118426	7.028284	6.548156	6.268366	6.3575926	7.992677	6.6782165	6.7743945	6.3104706	6.9119263	5.9423256	6.688457	7.196244	5.47308	7.1021175	5.5314345	7.6898246	6.4154806	7.0519166	6.687028	6.41379	5.9624424	6.354947	6.788085	6.12002	6.2098103	6.1147203	6.5578275	7.3366127	6.557105	7.540501	6.7372665
PCSK6_9443	1.345864	3.1728475	1.3529313	0.0	4.454204	2.4913077	2.4311502	2.682742	3.925034	3.8456316	3.029906	2.4661293	5.796631	2.10312	2.2108426	2.71987	1.6904588	4.693361	6.086484	5.756432	4.4722605	4.5153666	2.4763973	4.7024956	5.8872566	2.1163197	3.2240188	3.389553	5.0904317	1.7340541	3.4771605	4.00606	2.055782	3.2767088	3.225608	4.8276505	1.2002778	3.6238878	3.2555978	2.4600666	3.9983876	3.8166342	2.6167028	2.4264417	0.8429203	2.3615465	3.3675282	3.6158395	4.8447814	3.5950627	3.662459
PDE1B_32328	5.305445	5.0821414	4.238368	4.3335214	5.7262964	4.4965525	3.3948803	4.812691	5.2498713	4.043386	4.295405	4.007672	5.204388	4.6849766	4.55475	3.9419975	3.6871164	4.394814	5.1225443	5.4157686	4.617749	4.647124	4.6197734	3.7568672	5.1027284	4.030775	4.4953737	4.4076104	4.181693	4.45546	4.5613933	5.616829	5.2814116	4.0336113	4.8503594	4.5453463	4.885206	4.380197	3.9837794	5.1591835	5.0489583	4.804812	4.96488	4.3708944	4.4353356	4.392742	5.534896	4.410563	4.980966	6.8385878	4.7285256
PDGFB_33104	4.4472237	3.9479325	4.1143847	3.4033608	4.4059267	3.736352	3.8983924	4.5035396	4.6689157	4.1037073	3.7208104	3.9383843	4.3012185	3.8263452	3.9558542	4.1509175	3.196582	4.0179224	4.4981246	3.6287196	3.2683764	3.2850893	4.08557	3.298162	4.4040976	3.5453217	3.6803772	4.2246437	4.229575	3.2526147	3.9102025	4.2431602	3.2755504	3.9734795	4.1463556	3.0373216	3.4240882	3.8532186	3.4182882	4.0942426	4.1217613	4.101853	3.9316483	3.663165	4.076691	3.589511	4.152023	3.6158395	3.786719	4.2175784	3.284909
PDIA5_9451	4.395317	5.7092023	5.573774	5.094401	5.6244926	4.102663	3.4919653	4.73091	4.952162	4.2708697	5.2849617	2.0061407	4.3012185	5.085924	5.6542234	4.3894033	4.7542777	4.907765	2.5944383	4.2623773	4.791392	5.506793	4.4792056	4.2228994	0.0	5.0743113	4.4953737	1.1788656	5.3289127	1.3511056	4.5613933	5.025458	4.1356883	4.828399	5.0454555	5.7254553	3.8705926	4.564156	3.8758812	5.375797	5.1965966	5.186695	5.4521637	4.7292633	4.4353356	1.2508019	5.281917	4.645037	3.9941003	5.696478	5.308562
PDIA6_33272	6.137136	5.9527693	5.750778	5.155339	6.4641566	6.021252	5.0538516	6.3217134	6.0537825	5.6316133	5.848592	5.9738355	6.230357	5.854556	5.1925364	6.0716624	5.7671843	5.4540567	6.3510737	6.474508	6.254846	5.4111705	5.47145	5.521034	6.031126	5.3349686	5.9746127	5.2588058	5.2145944	4.774433	5.7131386	6.126794	5.89281	5.9659815	5.8251343	5.874729	5.725566	6.077949	4.7049766	6.0294595	6.05823	6.408239	5.334732	5.530294	5.6268573	5.5185804	5.8926916	6.1304955	6.281829	6.2599144	5.872391
PDK1_32702	6.055879	4.861155	5.1372876	5.2699966	5.6454363	5.2177157	4.7739644	5.2544	5.9655366	4.966842	4.855666	4.8152456	6.3033967	5.1542892	5.1925364	5.6117125	4.7934337	5.4988313	6.4010906	6.3857527	5.8262677	6.431153	4.6197734	5.183743	5.748408	4.43845	6.4116626	4.998542	4.3208203	4.293731	4.4628186	5.9370947	6.055761	5.5380054	5.7524724	5.783258	5.2226305	5.1575513	4.7049766	5.864064	6.2326074	6.299611	4.6413255	5.5073466	5.1345544	4.189564	6.1029415	6.145871	6.1289554	6.9568863	6.235472
PDK2_32491	8.933653	8.174203	8.470067	8.682146	8.582477	8.516516	8.431024	8.926428	8.745035	8.292715	8.193377	8.427065	8.647574	8.34005	8.112902	8.6035385	8.2996235	8.386765	8.774787	8.418216	8.634641	8.866737	8.086721	8.114493	8.201009	8.357177	9.063415	8.34524	8.195341	8.157965	8.439555	8.823433	8.8738365	8.38059	8.933756	8.176852	8.562327	8.329702	8.107273	8.840203	8.742638	9.03511	8.379223	8.752458	8.884001	8.537061	8.983578	8.955424	8.730847	9.579627	8.934739
PDLIM1_9452	4.285542	4.339408	3.6618972	3.591516	4.3559775	3.817433	2.2206478	4.043332	4.6234994	3.9146059	4.2417574	3.8656	4.357182	4.589442	3.3835778	4.2750826	3.6871164	3.6719112	4.9315553	4.9689555	4.749901	5.140065	3.542482	4.2786994	5.227475	3.9706514	4.4501987	3.7697577	3.9150798	3.1301692	3.5747921	4.7457614	3.7687938	4.8619547	3.225608	4.967194	3.8705926	4.224988	3.4182882	4.199003	4.1797047	4.54415	3.9316483	3.173454	3.7759814	3.8183901	4.6924458	4.9200525	4.1753836	4.9231877	4.208934
PDS5A_9454	4.6819654	4.9758754	4.4063993	4.2797976	5.0952544	4.6371956	3.582927	5.132301	4.426025	4.420659	4.581123	4.365336	5.1420355	4.539192	4.3127503	4.594002	4.234252	4.0781755	5.29118	5.224292	4.946362	5.3608727	3.542482	4.4342127	4.601434	3.842321	5.1605206	3.8351016	4.229575	3.826207	3.6662335	4.783836	4.069397	4.0913367	4.3570623	4.5000987	4.2110767	4.9418797	3.8758812	4.808103	4.8130383	4.9909906	3.6331644	3.9621353	4.3814173	3.8872685	4.886783	5.0564756	4.5264735	5.914891	4.6469307
PEBP1_33087	10.573952	10.330837	10.6044235	10.405458	10.630432	10.485146	10.25454	10.465049	10.491544	10.438711	10.2427	10.247177	10.769334	10.205918	10.292192	10.53862	10.270396	10.374546	10.603012	10.649596	10.456025	10.5315	10.281905	10.454378	10.871836	10.333877	10.438243	10.459245	10.367799	10.337422	10.506157	10.457228	10.194404	10.312831	10.365847	10.433681	10.384919	10.473684	10.307924	10.741941	10.724986	10.778607	10.4490185	10.532776	10.647663	10.466821	10.699804	10.521603	10.406432	11.238838	10.5802
PECAM1_32814	7.609325	6.542411	6.497813	6.1649003	6.7517624	6.0717025	6.2279096	7.1253242	7.386607	6.0998435	6.906669	6.0902104	7.62576	6.932413	6.530793	6.3789525	5.8806224	6.2796745	7.3925295	6.897763	6.9571457	6.6770806	5.286961	6.087696	7.062541	6.023446	7.199845	5.9316683	6.0558825	5.2269044	6.359101	7.4717016	6.495131	7.0809007	6.141964	7.04675	6.469302	6.9728074	6.1976185	6.6812534	6.550693	6.911129	6.454481	5.7018085	5.7166896	5.9949875	7.1503534	7.023588	6.8693995	7.803086	7.1315255
PECR_9456	7.9388685	8.096032	8.207214	8.396866	8.195567	8.307867	8.184644	7.894601	8.088435	8.026711	8.235157	8.121895	7.8373036	8.358278	8.236105	8.123139	8.401345	8.0644245	8.350542	8.117168	7.7764034	8.084572	8.569476	8.260212	8.369543	8.234711	7.76779	8.043899	8.508421	8.495254	8.238221	7.9489517	8.339288	8.40356	8.349242	7.9971843	8.683406	7.9993463	8.110252	8.292767	8.214685	8.033625	8.444454	8.025818	8.343498	7.9818635	7.900863	8.677184	8.264523	8.05376	8.393558
PELI1_32584	5.608707	4.7365184	5.4251323	5.094401	5.4920144	4.9202075	5.021694	5.4963474	5.4452467	5.233011	5.3112435	5.063219	5.321549	5.2820067	5.4051685	5.32614	5.008375	5.335634	5.7429543	5.607391	5.588065	5.2268753	4.7881384	5.21268	5.7274346	4.9859533	5.319691	5.4377456	5.4142623	4.929338	5.204214	5.4132757	5.338821	5.3848386	4.951203	5.7056613	5.035495	5.4885373	5.137609	5.2350597	5.6297517	5.6296844	5.1384506	5.110477	5.067844	4.8376775	5.136579	5.877726	5.604333	6.171326	6.163946
PEX11A_9460	1.345864	0.0	0.82956785	1.306817	2.905456	2.0292463	1.6765455	2.8470235	1.7505945	1.6378721	0.7796854	2.0061407	2.8556545	2.10312	0.7873415	1.7633755	2.23654	1.61952	2.411319	2.259979	2.0497084	3.9616058	0.0	1.3061277	1.3514621	1.2230182	3.4241838	2.260616	1.7864426	1.7340541	2.0422144	3.0312061	0.83949393	2.1186442	2.7157705	0.78321815	0.721521	1.2726339	1.0976686	2.2807243	1.2790965	2.4906006	0.0	2.919052	1.3714777	1.9105306	4.047469	0.8078822	1.942873	4.1127377	1.9692172
PF4_32963	7.9433937	8.057472	7.445471	7.9578204	7.039712	8.228559	8.763098	7.9132595	8.646308	8.337362	8.629112	8.822746	7.567645	8.87117	9.07189	8.463739	8.141695	8.465011	7.6927977	7.343829	8.194958	7.9675994	8.771368	7.6265464	8.936011	7.5531178	7.026024	8.285129	7.7046394	9.408532	8.004161	7.871506	7.0534754	8.009725	6.996669	8.399559	8.70824	8.488859	7.926404	7.174269	6.8739343	7.060084	8.619945	7.139767	7.556949	8.005294	8.2608385	7.787494	7.527348	7.8568263	9.077825
PFDN4_33123	9.175957	10.04138	9.705434	9.747482	9.341657	9.321313	9.860212	9.02408	9.213881	9.670389	9.723387	9.840272	9.234141	9.894824	9.70195	9.645481	9.970705	9.438754	9.359442	9.367269	9.58053	9.177643	9.836069	9.571656	9.844878	9.67293	9.093106	9.533455	9.901405	9.968983	9.757689	9.298117	9.6592455	9.68183	9.340846	9.9002	9.611577	9.434668	9.603568	9.387869	9.453022	9.256505	9.520649	9.652241	9.509383	9.590387	9.37783	9.685977	9.794151	9.493511	9.810993
PFKL_9463	5.125987	4.647012	4.73585	4.4353166	4.500918	5.0929937	3.9675474	5.2833757	4.712946	5.4106555	4.128079	4.365336	5.0768657	4.1942425	4.68259	4.594002	4.1156726	4.907765	5.317465	5.224292	4.791392	6.104255	4.706411	4.9630933	5.134941	4.8254848	5.0129924	4.4076104	4.526488	4.293731	5.1418614	4.7457614	3.8500173	4.722778	4.9833093	4.673151	4.6444345	4.5203185	4.538021	5.02312	5.168253	5.246444	4.1788387	5.140615	5.101585	4.612088	5.8775225	5.593662	4.808627	5.8833666	5.19832
PFKP_32690	6.865879	6.4918942	6.7477894	6.5180316	7.364191	6.8555083	5.805174	6.480278	7.2135086	7.0892878	6.331991	6.284201	7.8809104	5.559163	6.650292	6.632145	6.0518665	7.3519435	8.174794	8.109271	7.1368876	6.913541	6.7484355	7.342237	8.6033535	6.560779	6.6894712	6.897032	7.312895	5.8676443	6.77317	6.7147465	7.1528587	6.2328796	6.8563595	7.0778794	6.3821964	7.089902	6.764714	6.914514	7.5263247	7.3185344	5.8303	6.8241134	6.515372	6.3279543	6.719684	7.2750177	7.719711	7.4465604	7.232874
PFN2_9464	4.7246556	5.2126517	5.5500393	5.2972918	4.9343824	5.738567	4.88538	4.73091	5.2196684	5.568805	5.0554576	4.6943655	5.691711	4.127788	5.103959	5.5142827	5.2805514	5.431137	5.1520553	4.9689555	4.9826365	4.647124	5.47145	5.349251	5.9964814	5.016011	4.9166446	5.185535	5.7785215	4.892143	5.455594	4.4934416	5.094056	5.2894125	5.0755525	5.2391396	4.7868943	5.2136807	4.7965984	5.25949	5.2243943	5.358995	4.503008	5.799495	4.8065834	5.623246	4.726708	5.722306	5.583087	6.1582146	5.7010565
PGAM1_9465	12.123561	12.010103	12.07877	12.167102	12.236086	11.967096	12.00317	12.140243	12.29965	12.16952	12.014009	12.211375	12.470341	12.197428	11.950495	12.410622	11.982126	11.956027	12.63844	12.470059	12.460288	11.3530855	11.979166	12.097534	12.1636	11.887173	12.089413	12.136369	11.874856	11.796066	12.049648	12.280799	12.804207	12.202048	12.417559	12.091767	12.322203	12.078898	12.312739	12.128747	12.244894	12.208235	11.925936	12.239847	11.987216	11.787011	11.122018	12.203736	12.010963	11.570191	11.94208
PGAM2_32589	5.9155264	5.7092023	5.7918324	6.1649003	6.0268903	5.2177157	5.878829	5.1946416	5.3920717	5.1496277	5.5506673	5.157699	4.6978445	6.0645275	5.987017	6.1709094	5.600567	5.8319697	5.5346794	5.003455	6.67627	5.760655	6.0033774	5.4740043	5.5947585	5.35862	5.5078135	5.519527	5.5335073	5.726859	5.3213744	5.8854995	6.48245	6.140194	5.8943114	4.933553	5.9081326	5.3945365	4.882748	6.467208	6.4003987	5.8575196	5.756111	6.1350684	6.1465654	5.451931	7.926884	5.37624	5.5615234	7.305025	6.7952247
PGM1_9466	7.4144793	6.750107	7.3107224	7.1916437	7.1898265	7.4395175	7.218253	7.3610396	6.849336	7.734103	7.270397	6.80577	7.443883	6.7232842	7.110545	7.034785	7.195112	7.3396883	7.398698	7.428787	7.3392835	8.42163	7.3082895	7.5549088	7.3500843	6.9668703	7.772385	7.5933986	7.329469	7.279211	7.052765	7.145969	7.643383	7.248849	7.485605	6.8889546	7.1933575	7.498529	7.4547772	7.5209694	7.6077313	7.549552	7.388469	7.685987	7.5447364	7.548933	8.562985	8.026365	7.781637	8.505898	8.021011
PGR_32824	3.122527	2.0728946	0.82956785	1.306817	3.5632691	2.8407314	2.4311502	2.4973207	2.7044885	2.3851907	1.9512244	2.650732	3.6663983	2.5715709	2.9132285	2.8848794	2.631737	1.9121275	3.1569264	4.0143003	1.7463846	2.9185607	1.7148082	2.4378424	3.9764743	1.5856925	2.1624062	2.5983527	2.951679	1.3511056	2.8555002	3.1525764	1.7520065	2.6664317	1.6269251	2.4129963	1.846264	2.3917863	1.9449388	3.2267613	3.145316	2.4906006	2.862796	0.7901686	2.5265856	2.5432677	3.8124545	3.0885482	3.0200155	5.098155	4.150921
PGRMC1_9467	10.235937	9.469666	9.665954	9.855867	9.997876	9.887446	9.510852	10.375376	9.932134	9.9308405	9.81118	9.459381	10.155163	9.525356	9.515645	9.947936	9.798556	9.801341	10.140084	9.971246	9.94695	10.673494	9.479599	9.61836	9.475087	9.454364	10.449047	9.759607	9.198904	9.428155	9.475896	9.944566	10.221366	9.57965	10.241937	9.733047	9.7797	9.848815	9.397077	9.93941	10.194445	10.533084	9.591692	9.832679	9.902949	9.617248	10.770794	10.296424	10.108569	11.075396	10.176195
PHGDH_9470	7.0865035	5.7740564	5.288377	5.9409184	5.839676	5.630527	4.9551463	6.7322345	6.46767	6.1860685	5.4829173	6.024864	6.7526307	6.293974	5.2208934	5.56382	5.3867836	5.1793666	6.1753945	5.44116	6.0983434	6.842005	4.6637425	5.2961636	5.706152	4.8590384	6.8972974	5.4792156	4.1321673	4.774433	5.1418614	6.3839064	5.967513	6.0844283	6.661777	6.2611804	5.743151	5.3451347	5.183592	5.602796	6.1767907	6.873727	4.797434	6.4194727	5.7383003	5.1772513	7.1376762	5.802108	5.7826552	7.6475844	5.8360367
PHKA1_9471	2.6772566	2.7252557	2.2885845	1.9810864	2.2038183	2.6765726	3.2907877	3.1282818	2.8691986	2.1763573	2.897397	3.0946846	2.0423498	2.9246228	2.604365	3.1672053	2.4476285	0.75779927	2.411319	2.4719195	2.0497084	1.9693668	2.2643013	2.4378424	2.036824	2.5034022	1.9188775	1.8188398	1.1536862	1.3511056	1.3557978	1.952323	2.055782	2.8108833	1.2584345	3.1587603	2.0856278	2.5743628	1.4383613	2.6195595	2.1913016	2.675847	3.0729647	2.2161078	2.0616755	2.3615465	2.9700236	2.9552677	3.0200155	3.4303215	2.2155063
PHKB_9472	2.6772566	3.1728475	2.9989855	3.2992017	3.8058178	3.5590887	2.6148129	3.5657802	3.998029	2.875032	3.2631965	3.0946846	2.6912055	2.5715709	3.2795744	3.6976154	2.23654	3.4158573	2.411319	3.335659	2.6994162	2.772292	2.9722497	2.6216867	3.9035544	2.5034022	2.370703	0.70663524	2.5605352	2.9963596	2.505423	3.7985559	2.3065865	3.9107323	2.1637886	3.1587603	3.0246947	3.9222193	2.9709482	3.1240695	2.5835295	1.7268571	2.1448007	1.6725745	2.7127588	2.5432677	1.8014207	4.1304426	3.3568892	3.4303215	2.7721205
PI4KA_32535	5.6313214	4.861155	5.1996346	5.3762093	5.396415	5.386652	4.653219	5.2833757	5.418904	5.362092	4.8909454	4.7357945	5.2931385	4.976889	4.976704	5.4097934	5.4371037	5.335634	5.9587126	5.7765203	5.657026	5.3350506	5.1698766	5.1542134	5.227475	4.7911325	5.8583884	4.644765	4.9257903	4.965598	4.7818613	5.658412	5.310402	5.1872244	5.2172837	5.395578	5.388256	5.370047	4.882748	5.504017	5.670739	5.895339	5.161626	5.361425	5.7166896	4.612088	5.136579	5.63783	5.6459084	5.6782236	5.72113
PIEZO1_33107	4.637974	3.513961	4.0481544	3.757939	4.4059267	3.5590887	3.825755	4.043332	4.9149466	3.8456316	4.347129	3.0946846	5.6019096	4.3186173	4.0218096	4.1509175	4.6299973	4.1360126	5.209325	4.70116	4.36642	4.982656	3.4450598	3.8333883	5.1027284	3.3702228	4.7021914	3.8351016	3.97249	3.2526147	4.357012	5.117785	4.625427	3.6282732	3.4257977	4.303423	4.1596217	4.278601	4.0841665	4.5153155	4.1797047	4.9556274	3.4190736	4.1516447	2.7127588	3.589511	5.110866	4.645037	4.8447814	5.8673425	5.360677
PIGB_9476	2.2793405	1.3805355	2.038651	1.9810864	1.2885287	2.278697	2.7777128	2.0347693	2.7044885	1.6378721	2.4061391	2.650732	2.8556545	0.86718	2.7670465	2.533521	2.631737	2.7064807	1.6598343	2.6566756	1.3618308	2.215664	2.9722497	1.3061277	2.2866638	2.663887	2.1624062	0.70663524	2.832704	2.2861977	2.6910543	1.952323	1.366725	1.5877075	2.1637886	2.4129963	2.0856278	2.5743628	1.9449388	2.7631624	2.8915966	1.7268571	3.1675818	1.6725745	2.3127773	2.1535919	2.0380995	2.460438	2.1877303	2.910767	1.9692172
PIGX_9477	7.0533934	7.490305	7.4582787	7.169657	7.218062	7.255353	7.273918	6.9824424	7.0167727	7.3542843	7.379991	7.239349	7.174739	7.4088755	7.4043474	7.2768025	7.611343	7.19753	7.1361423	7.246369	7.112541	6.525502	7.496327	7.503144	7.3432074	7.120028	7.3050833	6.9788213	7.4251056	7.1746707	7.37082	7.517616	6.7908983	7.3469057	7.1100655	7.3945827	7.3041325	7.044198	7.253908	7.4954844	7.290284	7.1251917	6.929811	7.3217683	7.347933	7.2681985	5.980501	7.4890633	7.781637	7.0306845	7.517451
PIGZ_32744	4.4472237	2.538774	0.0	3.8344646	4.546167	5.1251993	5.1462336	4.6882124	4.9149466	5.4576373	3.9387684	3.9383843	1.7395756	1.795884	2.2108426	4.8550267	4.904904	1.9121275	4.7885585	4.93361	4.4203105	6.5368733	5.634999	5.6107297	5.0015373	1.8752655	5.712976	4.175031	5.2145944	4.7329607	3.1370003	3.641533	3.6827233	3.8451312	2.7157705	3.9466662	4.4439664	5.069037	5.0409975	5.3071437	4.2890453	5.716753	4.7058096	3.486698	5.288968	4.6912694	5.7829986	5.63783	5.583087	2.63602	5.5065966
PIK3C2A_9479	6.1528525	6.941076	6.9335237	6.661474	6.4162164	6.983998	6.7633343	5.7867928	6.1530113	6.6477036	6.673311	6.7461977	5.8561053	6.7006025	6.8898916	6.9992166	6.753878	6.42596	6.425463	5.835159	6.524604	5.435677	7.08395	6.6914988	7.079192	6.8959036	6.082168	6.6741066	6.797447	6.8648686	6.9473367	6.320561	7.245835	7.037507	6.340931	6.897704	6.8722944	6.1941094	6.3666043	6.653869	6.259726	5.895339	6.1644597	6.2910013	7.0525727	6.513692	5.534896	6.567271	6.524041	5.914891	6.8869295
PIK3C2B_9480	3.5598304	0.0	1.3529313	3.1869333	2.4136927	1.3453724	2.4311502	2.9944959	1.3654954	1.2678612	1.6554753	0.81086713	3.0032618	1.795884	1.9647921	1.7633755	0.80118436	2.363299	2.5944383	2.6566756	3.2683764	1.6721861	0.8162666	1.9802222	3.4706786	0.0	2.552685	0.70663524	2.2247963	0.82825595	2.6910543	3.2645237	0.0	1.8774635	0.76228935	1.6612463	2.0856278	3.4478643	2.8620489	2.8937564	1.6509043	2.028597	2.1448007	1.2978095	2.0616755	1.2508019	2.5780368	3.0885482	2.8876398	2.7799242	2.7721205
PIK3CA_9482	3.9678442	3.1728475	2.851444	2.4387863	3.2715344	2.8407314	2.2206478	3.4682064	3.5893483	4.2708697	3.7208104	3.707994	3.6663983	3.0732796	3.167487	3.4032214	3.07473	3.4158573	4.073696	3.4401016	3.4861639	3.1729507	2.6612716	2.6216867	2.9968727	2.1163197	3.5147316	2.5983527	2.4024103	2.8488586	2.0422144	4.00606	2.5201793	3.4631736	3.4257977	2.9047132	2.4705205	3.135555	3.166812	3.4125168	4.061393	3.356177	3.1675818	2.772775	2.5265856	2.704639	2.850816	3.6158395	3.2530992	4.0573144	3.5769253
PIK3R1_32562	9.998914	9.673231	9.884538	9.829232	10.366792	9.350553	9.24966	9.967969	10.274574	10.12616	9.649347	9.611798	10.353067	9.678292	9.648149	9.711533	9.520856	9.849675	10.388876	10.385107	9.919145	10.234295	9.290971	9.867278	10.499812	9.871972	9.966041	10.0553	9.783048	9.1691065	9.787271	10.014285	9.667671	9.926448	9.776095	10.293195	9.551712	10.232664	9.873675	10.129506	9.871945	10.108091	9.792479	9.762945	9.564863	9.535117	10.55715	10.347189	10.233992	10.70859	10.283022
PIK3R3_9483	7.57474	7.084347	7.2821937	7.2132998	7.5140533	7.0525885	6.6936088	7.240622	7.8430667	7.1114926	7.166259	7.134828	7.941658	7.097774	7.4409695	7.559199	7.040952	7.2703595	8.244946	7.882462	7.6239834	7.353719	6.7787423	7.4433613	8.4739685	6.6592956	7.5279846	7.069859	7.1972475	6.0974374	7.286871	7.4717016	7.8251166	7.3290205	7.0045123	7.258554	7.3507614	7.3310113	7.232193	7.474767	7.906894	7.8142667	6.7955117	7.1472087	6.658259	6.911059	7.9846563	7.632401	7.880736	8.73951	7.735432
PIK3R4_9484	2.0298584	2.0728946	2.851444	2.622656	3.1595216	2.9881048	1.9740967	2.0347693	1.7505945	1.6378721	2.1965384	3.0946846	2.8556545	3.6481564	1.6679709	3.0329375	2.631737	2.5450702	2.9029238	2.4719195	1.7463846	2.215664	2.0155594	2.2271013	2.036824	2.5034022	2.7142618	2.0565722	2.832704	2.0363805	1.7394503	3.0312061	2.8709326	3.062516	2.5541615	3.6479416	2.7740545	2.8820758	2.3191266	3.013504	2.4007041	2.2780142	2.1448007	1.6725745	1.3714777	1.2508019	3.1824234	3.5246851	3.2530992	3.3403132	2.9183865
PIN1_9485	8.280337	8.715463	8.681448	8.400017	8.418777	8.71208	8.721161	8.474403	8.231524	8.472175	8.412539	8.301627	8.249532	8.428976	8.594131	8.624117	8.637546	8.506714	8.406712	8.38589	8.522076	8.687028	8.5980835	8.576336	8.654249	8.41472	8.287731	8.336804	8.491337	8.585397	8.419984	8.36148	8.502058	8.624936	8.552841	8.543102	8.509359	8.486013	8.335722	8.468088	8.53078	8.481876	8.515883	8.4374485	8.703512	8.615281	8.832481	8.7793045	8.882028	9.121977	8.655877
PINK1_32483	8.89212	8.340453	8.431618	8.271724	8.717167	8.552487	8.113958	8.766312	8.693772	8.55822	8.463228	8.420728	9.00372	8.185277	8.40627	8.536882	8.265218	8.536548	8.940388	8.867745	8.383115	9.936688	8.169113	8.457459	8.480251	8.383355	9.070895	8.608469	8.32222	8.018223	8.321452	9.08784	8.37746	8.426168	9.094883	8.405706	8.559849	8.320147	8.348393	8.7760315	9.083471	9.667769	8.268835	9.133947	8.703512	8.625398	10.105272	9.011056	8.761905	10.510677	8.825404
PINK1_34101	5.3332987	4.156908	3.8289971	3.8344646	4.6326175	4.6371956	3.1785967	5.311781	4.712946	4.680367	4.004671	3.8656	4.653833	3.8263452	3.2795744	4.4953265	3.6871164	4.530389	5.061648	4.318261	4.0618725	5.890428	3.2279377	3.9060543	4.112109	4.0884933	4.883044	4.2246437	3.432763	3.1301692	2.2923298	5.056895	2.8709326	3.4631736	5.509554	4.5000987	2.6302555	4.0510454	3.166812	4.8408523	4.737884	5.584097	3.8195517	5.6814513	4.1430035	3.9530077	5.9946303	4.769369	4.9144797	6.2842574	5.3348546
PIP4K2B_9486	5.387443	5.3323293	5.072124	5.3762093	5.7065024	4.6811867	4.157102	5.4201193	5.3368616	5.233011	4.744335	5.3830247	5.5061455	5.2195606	4.68259	5.32614	4.8315554	5.335634	5.723429	5.224292	5.0862885	5.109927	4.3772573	4.9630933	5.5947585	4.755942	5.4855967	4.848383	5.0376115	4.600872	5.0429688	5.7186217	4.9903865	5.160505	5.321426	5.293193	4.9772444	5.4186172	4.7965984	5.3071437	4.8844705	5.560751	4.826726	4.983204	4.8469296	4.9056625	5.6284776	5.7016463	5.4948297	6.5279856	5.8543286
PIR_9487	3.8181863	4.339408	3.1328285	3.677126	3.0380745	2.8407314	3.825755	4.6442127	4.0675077	3.7731934	3.9387684	3.4336874	4.8997664	4.127788	4.1453104	4.1509175	3.9864676	2.5450702	3.560594	4.782876	3.9194357	4.2091236	3.6337392	4.0412498	4.045885	3.625497	4.0265417	4.015055	3.0615857	3.975925	3.4771605	4.2431602	3.6827233	4.251827	4.1463556	4.0125933	2.904811	4.873835	4.1318564	3.652791	4.1797047	3.8933966	3.2563734	2.919052	4.4353356	4.392742	5.136579	3.8591263	3.786719	4.3153143	4.4684386
PKLR_9489	4.4472237	4.090557	3.6618972	3.8344646	5.000899	4.544973	3.825755	5.4459786	4.528138	3.9146059	3.4639611	2.8143709	4.3012185	4.0581245	3.2795744	4.5455074	3.9864676	4.839777	4.7885585	5.336797	3.6753457	6.0094852	3.8005724	4.5292926	3.826752	3.5453217	5.1605206	3.8976135	3.5123456	3.2526147	3.2595172	4.5386796	4.799106	4.722778	4.451897	4.40511	3.6645458	4.380197	3.339235	4.5942683	4.574702	4.68036	4.673928	4.4208694	4.206401	3.8872685	5.43482	4.6010923	4.336409	5.178275	4.150921
PLA1A_9490	3.9678442	3.513961	3.2553017	2.4387863	4.304237	3.461558	3.8983924	4.109549	4.6689157	2.875032	3.3670683	4.007672	4.5131187	3.6481564	3.2795744	3.2900343	3.9172494	3.319303	4.1340966	4.7425966	4.1915016	3.0513556	2.2643013	2.931203	4.966166	3.3702228	4.2538657	3.2998173	3.5123456	1.3511056	3.4771605	4.820931	3.2755504	4.3496885	2.7157705	4.249759	3.3341212	3.8532186	3.7592564	3.5770605	3.548624	3.7355564	3.8766885	1.6725745	3.2825065	3.413886	3.8748934	4.9553866	4.5264735	4.5340996	4.5151744
PLA2G4A_9494	4.285542	5.4950676	2.9989855	3.757939	5.0952544	3.5590887	4.096643	3.6571705	5.8908353	4.043386	4.782408	4.1369987	4.4110556	4.4871287	3.167487	4.6409187	4.052516	4.346635	5.991732	5.5847845	4.9826365	3.7433898	4.2094064	4.9630933	6.365702	3.7736044	3.8289478	4.175031	5.5896263	4.045334	4.8995934	4.820931	4.1356883	3.3729517	3.4257977	5.5808315	4.9165425	4.4751067	2.615978	3.4125168	4.574702	4.68036	3.7600586	3.173454	3.3956287	4.294727	4.3844	5.4020805	5.0445223	5.0421576	4.3701644
PLAC8_32356	10.245131	10.795262	10.634357	10.624672	10.2511425	10.231433	10.751443	10.258937	10.064414	9.502709	10.621134	10.780698	9.573789	10.907746	10.321133	10.329874	10.570767	9.99546	9.706329	9.233787	10.176656	8.780875	10.549881	10.267062	9.760932	10.130806	9.770877	10.179217	10.7144375	10.863463	10.189109	10.319017	10.156987	10.952724	10.031581	10.219211	10.678489	10.085315	10.087558	10.133642	10.018071	9.670499	10.7411175	10.046744	10.601244	10.283334	8.888413	10.515697	10.392759	9.7032585	10.432797
PLAU_33051	10.492918	9.644612	9.869035	9.80804	10.603929	9.860198	9.747987	10.284244	10.2727375	10.625175	10.040562	9.580872	10.77961	9.418219	9.486744	9.907736	9.461314	10.050072	10.696732	10.874192	10.073219	11.609513	9.8949	10.413678	10.493614	9.647952	10.560852	10.249061	10.135413	9.7551775	9.6526	10.200863	10.303867	9.818426	10.5188055	9.730599	9.887411	10.271196	9.910031	10.569478	10.39733	10.904491	9.425728	10.267662	9.782006	9.871076	11.237909	10.120818	10.492274	11.020303	10.187963
PLCB1_9495	7.2488647	6.6267695	6.737319	6.8014994	7.1826806	6.6494975	6.079606	6.656735	7.3522177	6.574993	6.663144	7.330059	6.9923825	6.8929424	6.731376	7.1033945	6.640341	6.6106896	7.158125	7.1340804	7.1921477	6.3301992	6.540121	6.277687	6.7865343	6.4217443	7.13709	6.6008496	6.170713	6.1922927	6.938193	6.9999576	6.706176	6.7810593	6.9567986	6.1483984	6.500657	6.836452	6.866892	7.0813975	6.829376	7.1874876	6.5365505	7.0393634	6.4382453	6.100286	6.1159263	7.2033453	7.162243	7.305025	6.981498
PLCB3_9496	3.894955	2.3245585	2.2885845	3.1869333	3.3754735	2.6765726	2.4311502	2.9944959	3.4916236	2.3851907	2.5891151	2.650732	3.9833133	3.2080395	2.2108426	3.2900343	2.23654	2.851636	4.1340966	2.8204348	3.1457682	3.8924706	1.7148082	2.6216867	3.1306887	2.663887	3.1124566	2.439345	3.2590787	1.7340541	2.6910543	3.5561097	2.055782	2.6664317	3.8995237	3.7286186	2.904811	3.3510835	2.8620489	3.3226266	3.714618	4.035659	3.4190736	3.173454	3.1597538	3.3173459	3.6788332	3.6158395	3.0200155	4.8270445	3.662459
PLD4_32807	4.883804	4.395448	4.6931467	4.042337	4.9343824	3.894199	2.2206478	4.401509	4.6689157	4.043386	4.004671	4.417189	5.321549	4.6849766	3.5714786	5.041427	4.445652	4.394814	5.512098	5.133753	5.1829906	4.3703556	3.2279377	3.0641665	5.3696184	3.625497	5.0129924	4.123652	3.5877666	2.9963596	3.9102025	5.507305	4.199067	4.251827	4.8847632	3.6479416	4.717422	4.648027	4.2227526	4.474157	5.6297517	5.0255075	3.9316483	3.486698	3.857236	3.746058	3.9922063	5.1509423	4.8800516	5.5232244	5.22668
PLEK_33161	4.227354	3.7896457	4.1143847	2.9322088	4.1368527	3.817433	3.668492	3.7431152	3.8481479	3.9804323	4.2417574	4.4672427	3.9103696	4.730472	4.0218096	3.9419975	4.234252	3.4158573	4.711368	4.318261	4.909152	4.027579	4.08557	3.402313	4.4040976	3.625497	3.2240188	4.2246437	3.9150798	4.1115565	3.7522228	4.993321	3.5911903	4.0336113	4.028212	3.6479416	3.9332168	3.9880698	3.9837794	3.793278	4.061393	3.6496496	3.8766885	3.173454	3.0255773	3.9530077	4.249509	4.9200525	4.9144797	4.267274	4.8057513
PLEKHJ1_9499	2.0298584	2.3245585	3.2553017	2.9322088	2.5968776	2.8407314	2.6148129	2.0347693	3.0170162	1.2678612	2.1965384	2.650732	2.2924721	1.4050055	3.167487	2.3194807	2.9416285	1.2520635	1.9559586	1.7110134	2.3002052	4.027579	3.2279377	2.2271013	2.2866638	2.3228042	2.552685	2.0565722	2.5605352	2.6845412	2.6910543	1.952323	0.0	3.7042391	1.6269251	3.4716449	2.0856278	2.8820758	1.9449388	2.8937564	1.9462588	3.2433975	2.6167028	3.577628	2.87763	2.3615465	1.5181447	2.460438	0.7749885	3.811508	2.9183865
PLEKHM1_9500	2.9888134	3.1728475	1.7361541	3.591516	3.472425	3.461558	2.2206478	3.7431152	3.0170162	3.1283326	2.4061391	2.2543907	3.4773233	2.7588696	1.9647921	3.0329375	1.3132819	2.7064807	3.8031044	3.7955046	3.1457682	1.6721861	3.2279377	2.7847295	2.499557	2.8082936	2.1624062	2.9913046	3.2590787	2.8488586	3.5747921	2.7527363	3.493454	2.5058906	2.1637886	3.0373216	3.2381685	3.538559	3.166812	2.7631624	1.6509043	2.4906006	3.2563734	3.577628	2.7127588	3.8872685	2.0380995	2.9552677	3.5444415	3.3403132	3.662459
PLG_9501	2.2793405	3.1728475	2.038651	1.9810864	1.2885287	3.1218095	1.6765455	2.8470235	2.7044885	1.9320939	2.5891151	0.81086713	2.6912055	3.5500658	2.42098	2.0680585	0.80118436	1.2520635	4.451415	3.6287196	1.7463846	2.215664	0.8162666	2.7847295	3.3660054	0.7374037	2.1624062	0.70663524	0.689217	1.3511056	1.7394503	2.4073412	0.0	1.5877075	1.6269251	1.9574919	0.721521	0.77231747	1.4383613	2.07588	0.0	0.0	1.438908	1.9697882	1.7574636	1.2508019	1.5181447	5.802108	0.7749885	1.8512281	1.6720483
PLIN2_9502	6.48631	6.314313	6.1798706	5.9581227	6.5443993	6.3693056	6.437428	6.3217134	6.1530113	6.0547185	6.3824425	6.3656344	6.5393944	6.642287	6.2434936	6.308046	5.727299	6.043202	6.541508	6.0150113	6.6082454	6.276943	5.968743	6.420958	6.0139074	6.1776686	6.578392	6.0738053	6.0425406	6.047564	6.4647603	6.7536373	6.154992	6.54323	6.5157537	6.3531137	6.4586973	6.2079935	5.927292	6.369585	6.4003987	6.845025	6.093929	6.3946776	5.9568267	5.9949875	6.4695373	6.7494116	6.5894284	6.994257	6.368691
PLK4_9505	5.0271273	4.7365184	5.5971236	5.155339	4.9343824	4.8830204	4.734828	5.22483	5.4452467	5.480567	5.3112435	5.217415	5.578558	5.2511215	4.4144707	5.436634	5.008375	4.530389	5.6425724	5.3094826	5.8262677	3.8924706	4.9026546	4.996757	5.5235453	4.891829	4.813399	4.68076	4.4477034	4.892143	5.2639832	5.461056	4.8786864	5.578938	4.9183655	5.000068	5.2474875	5.3197846	4.854599	4.7745934	5.2243943	4.764509	4.673928	4.7683935	4.7650757	4.4393606	3.8124545	5.21065	5.2472124	4.9538627	4.8428674
PLOD1_33035	4.9209914	2.538774	3.1328285	3.5005035	4.828478	3.6504412	2.924071	4.2335076	4.197168	3.1283326	3.3670683	4.3115497	4.5615644	3.33128	2.9132285	3.6976154	2.7949874	3.889297	4.6711664	4.782876	3.6753457	5.254689	2.4763973	3.185903	4.175426	2.663887	4.30551	3.389553	2.951679	2.9963596	3.4771605	4.5825424	3.7687938	2.8108833	4.028212	4.136044	3.7365477	4.111387	2.9709482	4.5153155	3.548624	4.101853	3.2563734	4.02811	3.7759814	3.413886	4.856158	4.6876826	3.9941003	5.229319	4.3701644
PLOD2_9506	3.6511872	4.7365184	3.3681867	3.5005035	3.472425	2.8407314	3.1785967	3.3635519	4.797169	3.7731934	3.9387684	3.6222255	5.0768657	2.10312	3.7377028	3.6060004	3.4131749	4.346635	5.6003785	5.3094826	4.7071815	3.4861825	3.542482	4.2228994	6.0980153	3.1708984	3.1124566	2.9913046	4.08088	3.5677314	3.6662335	5.056895	3.1528687	3.3729517	3.3291726	4.40511	3.0246947	4.648027	2.475174	3.3226266	3.7909622	3.6496496	3.2563734	3.486698	3.0255773	3.589511	3.5315611	4.8838315	4.4345694	3.141468	4.5604434
PLOD3_9507	3.8181863	2.7252557	2.038651	3.1869333	3.7294111	2.6765726	2.6148129	4.453426	4.7556725	1.9320939	3.9387684	3.707994	4.4110556	3.33128	2.604365	4.333375	3.07473	2.851636	4.2478023	2.8204348	4.7071815	3.1729507	0.8162666	2.931203	3.5682683	2.5034022	2.7142618	3.2041273	2.4024103	1.3511056	3.2595172	4.296811	4.42794	4.3496885	2.5541615	3.6479416	4.1062636	4.224988	2.8620489	3.2267613	3.3610175	4.339885	3.7600586	3.486698	2.3127773	2.704639	4.3408227	4.1304426	3.2530992	4.0573144	4.150921
PLP2_32738	5.538656	5.012174	4.8568616	4.2797976	5.7458224	5.1251993	4.5667157	4.9635353	5.02383	4.2172728	4.6650357	4.6943655	6.003669	4.638	4.7619276	4.9325	4.445652	4.530389	5.343279	5.5847845	4.870957	4.982656	4.7478533	4.6184916	5.342288	4.7911325	4.9166446	4.070375	5.5335073	4.403539	4.8614073	5.2596354	5.127021	5.4077406	4.8151155	4.899109	4.3087883	5.4186172	4.3491855	4.9942966	4.9189024	4.723048	5.0166383	4.3191257	4.7650757	4.189564	5.6284776	5.1509423	4.6128726	5.6028047	5.4109745
PLSCR1_9508	3.6511872	3.7034745	2.5015457	3.4033608	4.013397	3.3569534	3.7492652	3.4682064	4.133794	3.6163983	3.7208104	4.1369987	3.4773233	3.33128	4.0218096	3.8650463	3.4131749	2.1552784	3.6460412	4.2042418	3.5838535	3.5771093	3.719566	3.975235	3.7456298	3.2740002	3.1124566	2.7415621	3.5877666	3.365476	3.6662335	4.706655	4.069397	3.4631736	3.6820183	4.075639	3.5887606	3.3510835	3.166812	4.1475735	3.0240266	3.7355564	3.8766885	2.919052	3.857236	2.3615465	4.100693	4.4606056	4.2847056	4.724034	4.3183975
PLSCR3_9509	7.010907	6.224347	5.729804	5.6756563	6.262027	5.759237	4.88538	6.363018	6.747169	6.2541842	5.9524336	5.9738355	7.573563	6.046653	5.3027663	5.587965	5.5783186	5.665207	7.1361423	6.7733316	6.178716	7.9759784	4.706411	5.3750796	6.432021	4.9859533	7.0183063	5.4377456	4.8664517	4.646259	5.8752217	6.9506	5.930645	5.918931	6.537541	5.943947	5.5165024	6.506485	5.488428	6.3355184	6.3881626	7.5846987	4.96488	6.0894437	5.4284406	5.3820524	8.713658	6.612242	6.255212	8.814551	6.5702605
PLTP_32412	4.4472237	5.148872	4.5084467	3.677126	4.6326175	3.2441669	3.7492652	5.033428	5.4452467	3.5311098	4.623689	3.4336874	5.1420355	5.769933	5.041734	4.814672	3.7679756	3.9550426	4.5433693	4.70116	4.7071815	4.7678485	3.8005724	3.402313	4.7749977	4.1974325	5.4855967	3.5538383	3.85529	3.2526147	4.9730616	5.176209	3.018777	4.6857796	3.225608	4.8276505	3.4240882	4.8385706	4.673095	4.199003	4.3906794	3.8166342	4.5388503	3.8929985	4.076691	4.344567	4.249509	4.8838315	4.948106	6.1181498	5.19832
PMM1_9510	4.592598	4.2811027	4.895044	4.619602	5.0330415	4.805641	4.5214376	4.73091	4.876746	4.933993	3.7971807	4.776067	4.822355	4.25777	4.837129	4.594002	4.540767	4.972693	5.1225443	4.93361	4.749901	4.949003	4.5275993	4.893314	5.662621	4.682876	4.6229854	4.644765	5.0376115	4.045334	4.6082644	4.706655	5.310402	4.4413314	4.778989	5.2664194	4.9165425	5.069037	4.4277096	4.8728747	4.952532	5.5370216	4.883585	4.5611777	4.7650757	4.8376775	4.7601757	5.02356	5.725629	5.76727	5.3348546
PMM2_9511	7.0365486	7.7648234	7.550875	7.498427	7.175499	7.6807246	7.913867	7.133304	7.4787526	7.22447	7.4107018	7.5836782	6.8533607	7.366276	7.6690526	7.6013236	7.7521563	7.3519435	7.417046	6.978023	7.2075553	6.887129	7.8068852	7.663696	7.674358	7.722189	7.0489316	7.5007873	7.8911123	7.8343606	7.590995	7.2918243	7.9362345	7.5865498	7.344418	7.3249307	7.654752	7.54849	7.514467	7.669657	7.263739	7.164441	8.002998	7.2952194	7.73948	7.8457174	7.0043745	7.787494	7.743844	7.5655456	7.929081
PMP22_32290	4.992609	5.6412954	5.4764	4.619602	5.8755717	4.6371956	4.849189	5.067144	5.8715396	4.900378	6.00168	5.9028625	5.8944354	5.9149175	5.7738895	4.5455074	5.4371037	5.310737	5.7622194	5.835159	5.7012334	5.52974	4.2094064	4.8571157	6.1619406	5.286469	5.416816	4.94034	5.494844	4.690261	5.349236	6.15612	4.8786864	6.1806474	4.1463556	6.177431	5.035495	5.6396017	4.736168	4.8408523	4.9853954	5.651949	5.314196	4.5611777	4.9616113	5.3086166	5.5154285	5.7825675	5.0752807	6.788412	5.779727
PNKD_34104	5.9519153	5.047582	5.229826	5.155339	5.2940283	4.9918237	4.734828	5.4459786	5.5215054	5.233011	5.0554576	5.0954046	5.986028	4.8173723	5.2487035	4.8942833	4.6726246	5.0348244	5.2644076	5.607391	4.946362	5.9426603	4.429132	4.7024956	5.134941	4.39336	5.6544313	4.848383	4.4477034	4.403539	4.357012	5.7951813	4.8786864	5.133281	5.6759562	4.933553	5.0637608	4.8385706	5.0409975	5.441331	5.476366	5.3858123	5.3749475	5.140615	5.259379	5.231241	5.9518213	5.659417	5.0752807	6.6916294	5.4109745
PNKP_9513	2.491974	3.1728475	2.6870766	2.622656	2.2038183	2.8407314	2.2206478	2.0347693	2.7044885	2.7294815	2.1965384	3.216753	3.1371586	2.10312	1.9647921	2.533521	2.631737	2.5450702	2.411319	2.8204348	2.3002052	3.662644	3.3405793	3.676059	3.7456298	1.8752655	2.9915388	2.7415621	2.2247963	2.0363805	2.6910543	3.1525764	2.7061894	2.5058906	2.1637886	3.3746989	2.0856278	1.2726339	3.0722015	3.4971333	2.7457702	2.8399913	1.7143735	2.919052	3.5005221	3.1024148	3.6788332	3.3230352	2.8876398	3.93964	3.7432039
PNO1_9515	7.8010464	5.914924	7.4772797	5.9581227	7.4199514	6.055081	5.878829	5.8462596	8.024356	5.8051295	5.8664265	7.4280944	5.6697793	7.222427	5.67487	7.356269	7.3606877	5.684717	6.1167336	8.266681	7.5594025	6.559351	5.200051	6.118604	7.785069	5.89993	7.8175526	6.0186195	8.075998	7.13542	7.5435495	5.678762	7.7530355	5.8369336	6.2514815	5.9773493	5.827999	6.0161624	7.4406447	7.6742077	7.7436023	6.5334444	5.4332438	6.3694487	7.1281853	7.318947	5.799189	6.920083	7.977539	7.0591784	7.898558
PNPLA2_32913	6.272775	5.5941806	4.777325	5.4751353	5.7262964	5.489199	4.988804	6.3217134	6.3471174	5.7495775	5.6773095	5.2747564	6.7526307	5.2820067	5.103959	5.7465315	4.7934337	5.4540567	6.413328	6.4497013	5.5401893	7.6492085	4.5275993	5.8132386	5.924591	4.8254848	6.524928	5.395048	5.3289127	4.403539	5.2929645	6.432653	6.3350625	5.6187415	6.436797	5.5589347	5.091484	5.5333366	4.882748	6.4776583	6.4364977	7.2833104	5.8303	6.0582056	5.6724725	5.1772513	8.219329	6.1149545	5.7638955	8.384487	6.4063706
POLA1_33208	2.2793405	2.7252557	3.57048	3.2992017	3.2715344	2.9881048	2.7777128	2.8470235	2.8691986	2.3851907	3.64017	2.650732	3.1371586	2.7588696	3.6569836	3.2900343	3.8445423	2.9835122	3.3728328	3.335659	3.0117643	1.2974738	3.1057508	2.6216867	2.9968727	2.9395516	2.9915388	2.9913046	3.7277203	3.5677314	2.2923298	3.1525764	2.8709326	3.3729517	2.7157705	3.5624845	3.1353765	2.3917863	3.339235	3.9212904	2.5835295	1.7268571	2.1448007	3.486698	3.2825065	3.213879	0.6972474	3.4273803	3.3568892	2.910767	4.0904775
POLB_9518	6.2583184	6.4126396	6.132713	6.179643	6.134505	6.182981	6.048024	6.174809	6.1689057	6.1145773	6.0493007	6.0902104	6.3998117	6.309047	5.866547	6.4063673	6.204924	6.2140546	6.5745764	6.332471	6.284208	5.2268753	5.896876	6.304817	6.4703965	5.867325	5.8409934	5.6703725	6.001758	5.9423256	6.003493	6.3334546	6.2175465	5.7678056	5.842742	6.2611804	6.0977716	6.031859	5.6112785	6.098797	6.1767907	6.103534	5.4892755	5.597024	5.8417487	5.9311757	5.2110777	6.1304955	6.2949557	6.1316285	6.4309545
POLE2_9520	2.6772566	1.3805355	1.3529313	2.2280116	2.905456	1.3453724	2.2206478	2.2845037	1.3654954	2.1763573	2.5891151	1.706109	0.8317068	2.356276	0.7873415	2.3194807	0.0	2.1552784	2.5944383	2.8204348	2.6994162	0.7899299	0.0	1.3061277	1.7344642	1.8752655	2.1624062	1.1788656	2.0222046	0.82825595	2.505423	2.197697	2.7061894	2.5058906	1.9201866	2.4129963	1.2002778	2.3917863	2.615978	2.6195595	1.6509043	2.028597	1.7143735	1.2978095	2.0616755	2.1535919	4.100693	3.2105505	2.7418792	3.9996767	3.1727722
POLG2_9521	6.055879	7.0757976	6.8774123	6.782309	6.732317	6.627181	7.3009653	6.492738	6.849336	6.3692307	6.8540087	6.9269776	6.245264	6.970833	6.7509546	6.9719524	6.5631413	6.6208534	6.1463623	6.546466	6.409407	5.3087573	6.83751	6.711911	6.1619406	6.304862	6.096899	6.591425	6.7653203	6.9305468	6.688457	6.4445868	5.730691	7.044831	6.537541	6.7314677	6.7384152	6.655775	5.8721967	6.4880333	6.24623	5.7988644	6.306386	6.3437705	6.540191	6.6187	5.0846868	6.263309	6.333634	5.83475	6.559152
POLR1B_32822	3.7371018	1.3805355	2.9989855	2.9322088	2.905456	1.7274573	2.7777128	4.043332	2.7044885	2.3851907	2.4061391	2.0061407	4.052746	2.10312	3.480585	0.8466378	2.7949874	2.9835122	3.875657	3.1009257	3.0117643	4.688498	1.3343891	2.2271013	3.3660054	1.8752655	3.32757	2.5983527	2.0222046	2.4990745	2.0422144	3.641533	1.366725	2.8108833	3.3291726	2.4129963	2.904811	1.9381144	1.9449388	2.6195595	3.7909622	3.5583014	1.7143735	2.609976	2.7127588	1.2508019	4.152023	4.358722	3.2530992	4.8270445	4.150921
POLR1C_9522	3.6511872	3.4089699	3.1328285	3.0651855	2.5968776	1.7274573	2.2206478	2.2845037	3.6808712	3.5311098	3.1512616	1.706109	4.242996	3.8263452	2.42098	2.8848794	2.9416285	3.104337	4.301462	2.0114515	2.513575	4.982656	2.4763973	3.0641665	2.499557	2.8082936	4.3553696	2.7415621	2.7030282	3.2526147	2.6910543	4.296811	3.018777	2.5058906	3.225608	2.5961618	2.6302555	2.5743628	2.9709482	3.5770605	3.9325047	3.8933966	2.4758844	3.0518532	2.5265856	2.8497622	5.327282	2.8084092	3.629802	5.15206	3.5769253
POLR1E_9523	4.3414736	3.8709588	3.1328285	3.677126	4.5900397	3.6504412	1.9740967	4.401509	4.7556725	4.2172728	3.869711	4.25568	5.1420355	3.9078133	3.9558542	4.2143354	4.1156726	4.346635	5.061648	4.4739904	3.8425713	4.982656	3.1057508	3.975235	3.9764743	3.2740002	4.813399	3.7013133	3.5123456	2.0363805	3.6662335	4.8923774	4.479903	4.146841	4.028212	3.6479416	3.8051264	3.9880698	4.0841665	4.388141	4.2354107	5.4121404	3.1675818	4.3191257	3.1597538	2.5432677	4.4677935	4.645037	4.386324	5.8511386	4.3183975
POLR2H_32522	8.723453	9.0634365	9.033489	9.124518	9.1643715	8.804478	8.897644	8.748239	8.92895	8.966221	8.9445505	8.973228	8.804259	8.9502125	8.874059	8.911631	9.236475	8.971283	8.873312	9.086682	9.060839	8.785649	8.889487	9.045081	9.289008	8.734673	8.766781	8.64537	8.854107	8.84829	9.057317	9.306315	9.358037	9.122184	8.79367	8.866487	8.83255	9.074378	8.8487	9.332811	9.091041	8.737487	8.596752	8.616995	8.765341	8.789585	8.439309	9.316378	9.032637	8.818724	9.248318
POLR2K_9525	4.7661185	4.9004173	3.57048	4.7036085	4.968024	4.6811867	4.3763976	4.9635353	4.9149466	4.161607	4.925383	4.5624237	4.9732347	4.589442	4.4144707	4.6409187	4.7934337	4.1360126	5.0924177	4.5691915	4.5708647	5.6602483	4.6637425	4.1648545	4.85453	4.143991	4.6631317	2.7415621	4.3643665	4.8539634	4.5613933	4.783836	3.999912	4.6857796	4.4052587	4.249759	3.9332168	4.606701	3.9308388	4.5553317	4.340757	4.9909906	4.8554354	3.9621353	4.5374804	4.189564	5.8775225	5.120136	4.980966	6.4548073	5.0789514
POLR3B_32505	5.2185044	4.861155	5.1050735	4.4353166	5.3714914	5.1251993	4.157102	5.3669667	5.1250696	5.362092	5.024022	4.651712	5.5061455	4.730472	4.3645067	5.006024	4.9747024	4.7684255	5.180974	5.5847845	4.617749	5.9426603	4.5275993	5.3229513	5.0697803	4.8590384	5.268561	4.4076104	5.0376115	5.1343713	4.357012	4.9604516	5.1592493	4.9581795	5.1622505	5.000068	4.400299	4.9082584	4.465425	5.2835135	4.8130383	5.246444	4.7058096	5.110477	4.7223387	4.528308	5.8926916	5.7016463	5.326059	6.3200183	5.639104
POLR3D_9526	3.6511872	4.2811027	4.458325	4.4353166	3.3754735	4.7653375	4.6946006	4.043332	4.197168	3.6163983	4.004671	3.0946846	3.0032618	4.3186173	4.2590675	3.7837584	3.9864676	2.9835122	3.560594	4.2042418	4.5224047	2.9185607	4.5275993	4.2228994	4.3502374	4.39336	3.1124566	3.957529	4.6371417	4.3496795	4.3010488	3.7985559	4.199067	3.6282732	3.7582223	4.303423	3.993235	4.111387	3.4182882	4.038864	3.0240266	4.339885	4.0356593	3.7439134	4.2671294	4.2431035	3.5315611	4.6876826	3.710393	3.876996	4.914352
POR_9531	8.514285	6.89322	7.6876793	7.8966722	7.623656	7.790231	6.987995	8.380308	7.9799986	8.109948	7.481845	7.1654716	8.24212	7.253926	7.573326	7.630677	7.6651115	7.7678237	7.867518	7.629881	7.974029	8.490503	7.8645406	7.52638	7.2134647	7.4133053	8.572305	7.8201127	7.078069	7.3147845	7.4944906	8.107477	8.199062	7.20376	8.230536	7.108351	7.631334	7.6788273	7.8500447	7.762324	8.265741	8.395443	7.2761617	8.225324	7.556949	7.483703	8.5677185	8.18734	7.8275275	8.46921	7.862865
PPAN_9534	4.637974	3.7896457	5.229826	4.5756903	4.5900397	4.8448496	4.6946006	4.6882124	4.3721232	4.467322	4.492026	4.1369987	4.5131187	3.33128	4.20331	4.2143354	4.540767	4.245164	4.8256583	3.872183	4.36642	5.140065	4.429132	4.7427316	4.8927097	4.29872	4.740221	4.491069	4.9257903	3.1301692	4.2428265	4.1294756	4.8394446	4.3962374	5.014717	4.40511	4.2607594	4.0510454	4.673095	4.705144	4.658599	4.54415	4.0356593	4.4208694	4.7650757	4.7292876	5.003171	4.8085413	5.013094	5.3949647	4.6043353
PPAP2B_32335	8.400404	7.7379813	8.28116	8.278587	8.391144	7.8492656	7.8783927	8.144041	8.534202	7.690517	8.262353	7.8520675	8.724057	8.092498	8.371909	8.135479	7.7913694	8.272142	8.624992	8.245218	8.167645	7.3408017	7.710607	7.960938	8.841575	7.999211	8.488205	8.213216	8.213314	7.51768	8.267718	8.1735	8.139728	8.250447	7.897225	8.439055	8.207549	8.054176	8.1221075	8.35644	8.31828	8.003639	8.062694	7.7557993	7.872466	7.9779215	7.60183	8.7034	8.64118	8.989451	8.758993
PPARA_32870	5.6755133	4.692459	5.3987985	5.9058814	5.559774	5.7997093	4.096643	6.095338	5.685176	5.091235	5.5284357	5.88456	6.153422	6.247786	5.275988	6.2637663	5.5557218	5.310737	5.6003785	5.6296487	6.0817175	4.8792467	5.4464955	5.6107297	5.706152	5.3818903	6.00617	5.081666	4.9545684	4.7329607	6.0209208	6.9081383	6.292108	5.695198	5.8251343	5.1540623	5.923639	5.4656053	4.7667	5.6589723	5.9624424	6.299611	5.0166383	5.460327	5.454787	5.357987	5.8152	5.548098	5.517405	6.090808	5.7409277
PPARD_9536	3.6511872	2.0728946	2.2885845	1.6829898	3.472425	2.6765726	3.8983924	4.172859	3.998029	4.043386	3.1512616	3.0946846	3.8335404	2.356276	3.3835778	2.533521	1.9891841	3.5063531	4.1920695	3.7955046	3.1457682	4.3185883	1.3343891	3.185903	3.826752	3.2740002	3.6803772	3.8351016	2.7030282	2.9963596	3.0031052	1.952323	2.055782	2.3252215	4.201987	3.1587603	2.2908719	3.0143752	3.4182882	4.7745934	3.3610175	4.4456296	4.3090825	4.9150934	4.3814173	4.7292876	5.4956946	4.1304426	3.8592093	4.8270445	3.9614177
PPARG_32510	2.491974	3.0385108	2.6870766	0.0	3.2715344	2.6765726	1.6765455	3.1282818	2.8691986	2.1763573	2.4061391	1.706109	3.3726006	2.5715709	1.6679709	2.8848794	2.4476285	2.9835122	3.6460412	3.5374908	4.0618725	3.662644	2.6612716	3.298162	3.3660054	2.663887	1.6257219	1.5340518	2.2247963	2.4990745	3.3724391	4.1294756	2.8709326	2.5058906	1.2584345	2.203147	2.904811	2.7364078	1.0976686	2.8937564	2.7457702	2.028597	2.3198192	2.772775	2.0616755	1.9105306	2.9700236	3.8591263	4.6128726	3.9996767	4.208934
PPARGC1A_33189	4.845632	4.0210066	4.3525343	4.3853164	4.828478	4.340703	4.5214376	3.8242261	4.712946	4.161607	4.295405	3.7889483	5.1735487	3.9078133	4.1453104	4.443337	4.6299973	4.654311	5.3686395	5.0371494	3.9924111	5.552328	4.2094064	4.781876	5.31443	4.030775	4.981586	4.644765	5.190602	4.045334	4.3010488	4.3485374	4.3180375	4.200289	4.4052587	4.5000987	4.717422	4.0510454	4.388982	4.669124	4.658599	5.463397	3.8195517	4.7292633	3.7759814	4.189564	5.534896	5.120136	5.300253	6.1843195	5.4354806
PPCS_9540	7.5029783	7.9586334	7.847121	7.5729103	7.4677696	8.1128645	8.140405	7.6327786	7.5832663	7.8398523	7.8251386	7.389676	7.3084984	7.83052	7.8063793	7.630677	8.023163	7.923733	7.4471173	7.526918	7.6124544	7.5233784	7.960204	7.908843	7.9389544	7.7537494	7.9573026	7.8120213	7.864822	8.026829	8.055801	7.7755632	7.1286473	7.6975827	7.8237643	7.6015387	7.8418455	7.553936	7.5367827	7.5108294	7.9366064	7.9189596	7.2493706	7.929845	7.925237	7.527516	6.8183074	7.7776575	8.098515	7.4785585	7.9547396
PPIA_32595	13.058393	13.940385	13.934497	13.911826	13.494227	13.676676	13.7964945	13.162311	13.111195	13.65194	13.550601	13.846204	12.968047	13.764695	13.891963	13.536026	13.867034	13.81242	13.150662	13.088091	13.468178	12.342317	13.867863	13.677988	13.742566	13.966489	13.070595	13.796681	13.977458	14.015574	13.843047	13.076871	13.237627	13.596845	13.279891	13.750147	13.784677	13.409243	13.957727	13.53261	13.456138	12.883343	13.545687	13.695743	13.633424	13.658723	11.615855	13.343825	13.541479	12.392031	13.344102
PPIC_9541	9.693815	10.435618	9.75688	9.844347	10.357303	10.712151	10.297142	9.796411	10.090726	11.485008	10.670188	9.264378	10.25152	9.176646	10.409251	9.99384	10.632803	10.791	10.34403	11.188138	10.212417	12.060748	11.143528	11.658983	10.765255	10.175604	10.62069	10.329207	10.8946295	10.812736	10.520012	10.028231	10.121644	10.350257	10.652106	10.582869	9.964396	11.3630905	10.584009	10.307	10.687406	10.885238	10.634378	10.482184	10.206036	10.40577	11.049427	10.372733	10.58403	9.948594	10.734443
PPM1D_33020	5.6535864	4.7365184	4.458325	4.1054654	5.537539	4.284773	3.8983924	5.2833757	5.4711165	4.2708697	4.6650357	5.063219	5.6248894	4.8589354	3.9558542	4.594002	4.1156726	4.4865975	5.7429543	5.5847845	5.588065	4.5153666	3.8005724	4.3842144	5.197285	3.5453217	4.9494805	3.957529	3.97249	3.826207	4.1821556	5.117785	4.625427	4.758851	4.624693	5.370655	4.355269	4.5203185	4.0841665	5.02312	5.079719	5.4121404	4.1788387	4.3191257	3.934157	4.2431035	5.5541043	5.3231273	5.2739763	5.8511386	5.360677
PPOX_9542	5.718392	6.7175016	6.6728477	6.4096494	6.3539605	6.4604826	6.6833673	6.3356133	5.6172915	6.0238314	6.3060884	6.5511265	6.153422	6.5309825	6.4250774	6.4198813	6.528748	6.2406616	6.101688	5.815876	5.959639	6.303817	6.0371995	6.3575926	6.2961874	6.304862	6.1543627	6.366797	6.6380405	6.691687	6.451968	6.096859	5.7090826	6.4134583	6.127671	6.2199135	6.301411	6.4491878	6.284584	6.6902676	6.375821	6.103534	6.3674603	6.6878824	6.6238422	6.8170943	6.2157984	6.4482994	6.7021112	6.762654	6.7952247
PPP1R13B_9543	5.4396286	3.8709588	4.73585	4.3853164	5.420915	4.102663	3.668492	4.9635353	5.3084435	4.966842	4.819502	4.9621153	5.6019096	4.938633	4.68259	5.109729	4.2900763	4.5728903	5.180974	5.102265	5.151471	6.4189134	3.8005724	4.7427316	5.0360622	3.9706514	5.3931413	4.9697347	4.3208203	3.745087	4.6976724	5.9370947	5.127021	4.794044	5.4647717	4.6317945	4.567557	4.9418797	4.673095	5.6404886	5.1965966	5.8575196	3.9845908	5.1990657	3.857236	4.4845195	6.7533135	4.989876	5.5615234	7.0871205	5.9424624
PPP1R15A_9544	5.6971116	5.1158924	5.7918324	5.2699966	5.6244926	5.1251993	4.5667157	5.4459786	5.6402764	5.233011	5.5506673	4.515618	5.986028	4.8589354	5.103959	5.2675486	5.04128	5.004093	6.007962	5.6944327	5.302602	6.4189134	4.9388924	5.6951737	6.177489	5.210519	5.712976	5.081666	5.7785215	4.5540113	5.3765697	5.9029036	6.1226673	5.4077406	5.3708076	5.623653	4.853174	5.866634	4.7965984	5.524321	5.670739	5.6296844	5.35498	5.361425	5.101585	5.4290123	7.0658884	6.1910377	5.890361	7.167839	5.7010565
PPP1R3B_9545	4.227354	3.7896457	3.8289971	3.8344646	3.7294111	2.9881048	2.6148129	4.109549	4.3721232	3.440461	3.869711	4.1975594	4.4110556	4.127788	3.480585	3.7837584	3.6014547	3.5915058	4.861828	5.336797	4.5224047	5.0155416	1.7148082	3.7568672	3.826752	4.030775	4.403563	4.715879	4.229575	2.4990745	3.9831457	4.4467387	3.999912	4.4413314	2.9930947	4.40511	3.4240882	4.606701	3.339235	4.248663	4.061393	4.339885	3.0729647	3.663165	3.5005221	3.8872685	4.9167724	5.088657	4.808627	5.914891	4.5604434
PPP2CA_32614	10.001086	10.618915	10.605144	10.481051	10.450988	10.724686	10.686264	9.913405	10.190452	10.694235	10.475492	10.2017	10.048725	10.308858	10.602822	10.417534	10.632129	10.690236	10.377209	10.35453	10.40264	9.639859	10.949587	10.793563	10.739298	10.680281	10.078858	10.634085	10.706528	10.870651	10.691699	10.021275	9.822854	10.3354025	10.343603	10.60374	10.497348	10.419524	10.69731	10.351715	10.389678	10.064146	10.140385	10.630257	10.451471	10.498814	8.600424	10.227641	10.500797	9.467173	10.649923
PPP2R1B_9546	7.9834967	6.314313	6.460106	6.5063834	7.6906776	6.8264203	5.9827075	8.024706	7.3729496	7.3037515	6.7132792	7.013743	7.812496	7.132082	6.25725	6.722165	6.5856233	6.854132	7.867518	7.81608	7.318147	8.021211	6.0538177	6.649787	6.7661123	5.8169923	7.772385	6.610213	5.5711617	5.88668	6.5392175	7.589244	7.5492353	6.8826427	7.474353	7.0778794	6.6756954	7.2661347	6.3055305	7.2493763	6.9171576	7.895824	6.6142015	6.6776414	6.540191	6.546005	7.9952354	7.680704	6.9791913	8.136313	7.054511
PPP2R3C_9548	7.158335	8.087552	7.671272	7.6543307	7.450023	7.7443137	7.766415	6.9824424	7.1347685	7.484762	7.493368	7.687622	7.250575	7.8968716	7.679307	7.659446	7.367191	7.5722013	7.3549557	7.3901963	7.5533853	5.9764595	7.8550897	7.7890706	7.5364647	7.762641	6.994903	7.1490817	7.8107576	7.992093	7.713955	7.138642	7.8450665	7.830646	7.474353	7.590788	7.722807	7.4871874	7.051806	7.237127	7.6182466	6.7858486	7.5769625	7.0631614	7.616509	7.695372	6.1287947	7.3027186	7.265877	6.497077	7.416427
PPP2R5A_9549	9.937858	10.338005	10.158153	10.256967	10.452474	10.167148	10.048537	10.075419	10.234543	9.99992	10.0983	10.118005	10.170863	10.275674	10.1928	10.166116	10.158626	10.134077	10.59699	10.306983	10.365348	8.59211	10.111794	10.17173	10.561107	10.090765	9.634915	9.89121	10.270298	10.005361	10.198712	10.176919	9.90355	10.195171	9.990704	10.205182	10.216529	10.01795	9.878925	10.056445	10.08309	9.684067	9.764369	9.924318	9.924318	9.942606	7.963262	9.927525	10.10205	9.213552	10.154217
PPP2R5E_9550	7.4594073	7.084347	6.788928	6.9721055	7.2729278	6.911982	6.437428	7.2553215	7.3026524	6.801306	6.923804	6.76633	7.4178033	6.569046	6.564378	6.722165	6.6510396	7.0772047	7.3675895	6.933986	7.1528935	7.659649	6.8939776	6.711911	7.2284703	6.6968927	7.2859273	6.6561384	6.7571754	6.378633	6.7834177	7.562114	7.044876	6.9851747	7.167086	7.2720757	6.831776	7.044198	6.5620446	7.174269	6.856276	7.239874	6.5453877	6.7576056	6.8786097	6.6684704	7.904609	7.006845	7.1906147	8.270307	7.093532
PPP3CB_32635	6.75698	6.1283956	6.4473143	5.9409184	7.0077195	6.4730496	6.0157356	6.46771	6.935482	6.5207176	6.6217422	6.106095	6.9199076	6.5050373	6.172674	6.4727077	6.2336793	6.5266953	6.8332653	6.7733316	6.6982503	6.3432117	5.915181	6.2639284	6.692268	6.0955963	6.578392	6.2873096	6.029074	6.129754	6.3173943	7.0160418	6.661873	6.402098	6.328487	6.475049	6.2408056	6.8184643	6.326177	6.891251	6.528566	6.4469543	6.2641845	6.263875	6.3980784	6.469451	6.6138215	7.0483446	6.7313747	6.863036	6.973152
PPRC1_9551	3.5598304	2.538774	3.2553017	0.7965775	2.2038183	2.6765726	1.6765455	3.4682064	1.3654954	1.9320939	1.6554753	2.2543907	2.5055704	1.4050055	1.6679709	2.0680585	1.9891841	1.61952	2.9029238	1.3310965	3.0117643	2.425981	2.2643013	2.2271013	2.2866638	1.2230182	2.370703	2.260616	2.4024103	2.4990745	2.2923298	2.8986797	1.7520065	1.8774635	0.76228935	2.9047132	1.559129	2.7364078	1.9449388	2.07588	1.9462588	2.8399913	2.7449903	1.6725745	2.0616755	1.618053	1.5181447	2.2488987	3.2530992	3.670877	2.609335
PQLC3_9554	2.2793405	4.156908	3.1328285	3.2992017	3.8783808	3.3569534	3.2907877	3.2507074	3.7669325	4.512522	3.7208104	3.4336874	4.1189895	3.4448164	4.0848813	3.5081706	3.9864676	3.7480712	3.3728328	4.318261	3.4861639	3.4861825	4.2094064	3.7568672	4.175426	3.842321	3.6803772	3.2041273	4.3643665	4.403539	4.410885	3.4653084	3.999912	3.9107323	3.7582223	4.136044	3.7365477	4.8385706	3.2555978	3.3226266	3.8634686	3.5583014	3.7600586	3.0518532	3.3956287	3.3173459	3.2779424	4.410563	3.9282308	3.4303215	3.8922832
PRAF2_9555	5.9338355	6.2549634	6.1166444	5.8143754	6.3021464	6.1363373	6.2695823	6.02845	6.13694	6.319228	6.0648313	6.378771	6.3864264	5.8338614	6.3371406	5.9833994	6.130424	5.9333158	6.5745764	6.5347195	6.030658	6.025719	5.5438237	6.331446	6.9219265	6.16431	6.1402097	5.723107	6.5745687	6.129754	6.1689644	6.081656	5.967513	6.193884	5.770984	6.7017994	5.95416	6.062749	5.8580875	6.358319	6.3881626	6.25667	6.081831	6.3566666	6.1626387	6.2516365	6.538669	6.3849196	6.443811	6.616926	6.276745
PRC1_9556	5.0937805	4.7365184	4.8568616	4.821103	4.3559775	5.1875315	4.3763976	4.8519063	5.5939345	4.598884	4.2417574	4.7357945	4.782034	5.2511215	4.2590675	5.006024	4.4939933	4.0179224	4.9651947	5.514759	5.1829906	4.4203296	4.019423	3.975235	4.7335253	4.891829	5.268561	4.531055	4.08088	3.5677314	5.076692	4.706655	5.3666906	4.828399	4.664841	4.136044	4.9772444	4.564156	4.465425	4.705144	4.340757	4.4957304	3.0729647	4.2654305	3.857236	3.413886	4.3844	4.358722	4.4345694	4.8918467	4.3183975
PRDX1_32791	10.185255	10.844536	10.693103	10.473593	10.39798	10.454578	10.89093	10.040837	10.266287	10.711904	10.622446	10.679497	10.240402	10.344957	10.66219	10.485786	10.952794	10.298229	10.138243	10.40056	10.496572	10.917583	10.701276	10.500575	10.44947	10.5026	10.664613	10.491269	10.803642	10.748501	10.448561	10.174234	9.687144	10.740233	10.688469	11.133198	10.512168	10.567538	10.479019	10.575572	10.638526	10.631605	10.159218	10.760902	10.810811	10.647687	9.535936	10.414593	10.672813	10.555745	10.73691
PRDX2_32311	9.451658	9.906864	9.678322	9.541765	9.458689	9.711685	10.090802	9.37141	9.536855	9.6828	9.548007	9.405845	9.566389	9.4711075	9.752603	9.56566	9.526677	9.680216	9.584455	9.492479	9.367298	9.746551	9.698844	9.707463	9.815367	9.810058	9.421838	9.485927	9.96555	9.590791	9.684392	9.053185	9.503209	9.677125	9.39257	9.591919	9.383897	9.513648	9.32838	9.681386	9.570035	9.659552	9.769092	9.471384	9.708639	9.762971	9.867827	9.549569	9.639373	10.100261	9.647547
PRDX3_32368	8.780208	8.483058	8.614371	8.717937	8.763404	8.604817	8.309762	8.708732	8.649143	8.852168	8.454411	8.616416	8.936426	8.672788	8.544509	8.815209	8.615865	8.7320595	8.975888	8.82257	8.60586	9.342236	8.572362	8.484406	8.467659	8.406233	9.152482	8.501838	8.553798	8.576632	8.575502	8.848351	8.599232	8.742198	8.92138	8.556977	8.773874	8.614056	8.494644	8.913236	8.824378	9.368303	8.349257	8.911672	8.487633	8.555695	8.93678	8.933442	9.026748	9.775874	8.947576
PRKAA1_9558	6.039064	6.4528112	6.210474	5.991928	6.499094	6.3144946	6.375161	5.95831	6.2458525	6.331892	6.154659	6.3523774	6.13753	5.991661	6.629288	5.9086823	6.3694386	6.4143205	6.6175203	6.128772	6.209652	5.6393003	6.540121	6.493496	6.7661123	6.2426662	5.9423504	5.990214	6.805368	6.7757783	6.5392175	6.1990204	6.262744	6.4134583	6.0839214	6.1629877	5.984049	6.2622304	6.1050725	6.22821	6.6359572	6.070855	6.253438	5.78048	6.2098103	6.4004364	5.3494406	6.729139	6.8248425	6.1582146	6.939279
PRKAA2_9559	7.3748236	5.7527604	5.945278	5.7367473	6.9158964	6.088135	5.6664715	7.533762	6.972178	6.5535274	6.331991	6.1527247	7.1110625	6.65414	5.4296722	6.105509	5.5783186	5.8143644	6.9129977	6.995268	6.772647	7.226066	5.139058	5.9397798	5.748408	5.286469	7.246834	5.946529	5.0904317	5.1967144	5.6915355	7.0554852	6.2775006	6.2456474	6.830118	6.8261747	6.336589	6.5398016	6.0564737	6.358319	6.3633738	7.247205	6.105926	6.4317126	6.328544	5.739578	7.725587	6.8654056	6.006628	7.977434	6.330001
PRKAB1_9560	10.262438	10.132825	10.229929	10.35926	10.15035	10.190165	10.335255	10.19937	9.716568	10.023533	9.789144	9.712508	10.1212225	9.824449	10.07735	10.289954	10.04458	10.294266	10.186279	9.872046	10.142994	9.012335	10.005819	9.574446	10.371346	10.392338	10.12899	10.183928	9.962896	9.784653	10.480405	9.598378	10.762987	9.861574	9.922998	9.685838	9.858457	9.774955	10.212033	10.213185	10.259705	10.06207	10.116121	10.6689	10.308008	10.390281	9.200238	9.884636	10.124282	9.870356	10.272008
PRKAB2_33204	3.4622953	3.6118274	3.9787362	3.2992017	3.8058178	3.5590887	2.6148129	3.8242261	3.5893483	3.6163983	3.7208104	4.073784	4.608436	3.2080395	2.7670465	4.5455074	3.3089392	3.8204114	4.451415	4.318261	3.4861639	3.7433898	2.4763973	3.185903	4.175426	2.8082936	3.7565742	3.2998173	3.5877666	2.6845412	3.7522228	4.1294756	3.5911903	4.251827	3.7582223	3.6479416	3.3341212	3.9222193	3.6972067	4.0942426	3.6340072	3.8166342	3.1675818	3.8929985	3.5983036	3.413886	3.8748934	4.410563	4.057093	4.5741396	4.02739
PRKACA_9561	8.276755	7.775422	7.5863113	7.480678	8.155978	7.568088	7.385523	8.06698	8.157776	7.9630094	7.6405454	7.173032	8.416874	7.5101757	7.488396	7.826042	7.622258	7.716617	8.427978	8.178845	7.7130413	8.507942	7.266126	7.615754	7.897307	7.167669	8.062361	7.168226	7.2504387	7.2278876	7.5435495	8.319974	7.7997847	7.8474956	7.774157	7.887255	7.5784364	7.8211207	7.2267127	7.881231	7.9323993	8.378852	7.4788895	7.6550016	7.5870366	7.585665	8.696473	8.030513	7.7675805	9.104995	8.130131
PRKACB_9562	6.7975373	5.3033276	5.1372876	5.213806	6.722495	5.607913	4.5667157	6.656735	6.3189025	5.3118367	5.9356375	5.35671	6.0383162	6.0645275	5.1925364	5.9086823	5.934163	6.116864	5.991732	6.345977	6.487218	6.525502	4.5275993	4.781876	5.8095574	4.755942	5.8055615	5.0267854	5.261414	5.3138585	5.2344084	6.184861	3.6827233	5.452482	5.770984	6.8443923	5.388256	4.873835	4.9374495	5.375797	5.7493777	5.716753	5.272226	5.818263	5.3463845	5.4290123	6.089839	6.083361	5.400819	7.148079	6.2493615
PRKAG1_33315	6.7975373	6.7714415	6.9517527	7.0543995	6.991453	7.0014534	6.884511	6.946662	7.2211514	6.8372808	6.5682616	6.935893	7.1669316	6.7566524	6.881034	6.9158287	6.8774667	7.0014343	7.215159	7.086598	6.665153	7.0937314	6.7787423	6.987796	7.2580214	6.8714504	7.0183063	6.628759	6.9904566	6.921345	7.03572	7.2379847	7.0534754	6.727453	6.821264	6.4275045	6.7816024	6.8891068	6.7797613	7.1548653	6.959123	6.956558	6.580205	6.8333693	6.897941	6.9914756	6.9973745	7.1201625	7.162243	7.4732747	7.211748
PRKAG2_9563	7.6761036	6.969045	6.9057407	7.046378	7.649803	7.0272474	6.349482	7.38797	7.406854	7.1549025	6.9152617	6.562684	7.735406	6.9029117	6.81746	7.1688886	6.913458	6.8881903	7.8405833	7.409621	7.1528935	7.176035	6.586546	6.936679	7.5121446	6.7955008	7.632787	6.897032	6.7653203	6.543635	6.843421	7.3938265	7.6827164	6.914974	7.1388574	7.108351	7.080299	7.1195865	6.596446	7.366469	7.553974	7.6689925	6.5973034	7.124768	6.7462153	7.0602064	7.511367	7.530654	7.435501	8.078329	7.232874
PRKAR2B_33052	5.9155264	6.478984	5.945278	6.0888367	6.6621165	5.933038	6.1994433	6.264734	6.9539466	6.854937	6.3824425	5.6227255	7.0099463	6.789266	6.437214	5.767825	6.407795	6.3301024	6.6897273	7.0374994	6.6082454	6.5368733	7.03457	6.901566	7.301243	6.529863	5.9904776	5.9166527	6.145973	5.848354	6.1532454	6.4564223	5.930645	6.754505	5.321426	7.16743	5.671486	6.5830603	5.80023	5.330393	6.5060935	6.62633	6.337246	5.74168	5.3179617	6.3155117	6.3316383	7.0483446	7.103769	6.3889866	6.7665367
PRKCB_9566	5.4396286	4.090557	4.5568852	4.483641	5.6454363	4.165955	3.9675474	5.2544	5.1572967	4.2708697	4.295405	4.515618	5.2345824	4.6849766	4.641223	4.8942833	4.1156726	4.804542	5.317465	5.0371494	4.4203105	5.435677	4.4792056	1.9802222	5.0697803	4.565833	4.6229854	4.2726064	4.3208203	4.045334	4.357012	5.5298853	4.9168887	4.4413314	4.4052587	4.303423	4.527525	4.8385706	4.1780205	4.8728747	4.9189024	5.059218	4.1326733	3.8929985	3.5983036	4.4845195	5.161842	4.1304426	4.8800516	6.1316285	5.4595776
PRKCD_9567	6.639185	5.520491	5.8513036	5.567712	5.8931904	5.489199	4.988804	6.1901913	6.3471174	5.84101	5.6973767	5.3830247	6.4130745	5.6087337	5.56855	5.5142827	5.1954064	5.384176	6.496204	6.248667	6.047879	7.353719	5.258569	5.990789	6.192871	4.923891	6.8016267	5.416555	5.810359	4.965598	5.2639832	5.9029036	6.1062293	5.598977	6.0986524	5.856893	5.671486	5.4186172	5.354135	6.391857	6.3124804	6.892549	5.272226	5.597024	5.4284406	5.6432977	7.6650352	6.332132	6.443811	7.844601	6.4551263
PRKCQ_9569	4.0372276	4.6000867	4.3525343	4.223995	5.0330415	4.4965525	3.825755	4.453426	4.797169	5.2597675	4.623689	3.4336874	5.4035697	4.0581245	4.3645067	5.075982	4.4939933	4.654311	5.9077225	6.248667	4.870957	5.52974	4.706411	5.0932775	5.5947585	3.842321	5.268561	4.2726064	4.772601	4.45546	3.7522228	5.232359	4.259778	4.5687265	4.7419343	5.370655	4.355269	5.3945365	4.034846	4.248663	5.1393414	4.919376	3.9845908	4.02811	4.3814173	3.9530077	5.327282	4.9553866	5.1638064	5.4171486	5.3348546
PRLR_9571	9.560241	9.562851	9.437634	9.541765	9.827364	9.546111	8.897644	9.632956	9.698887	10.178808	9.764389	9.167408	10.262552	8.798266	9.470597	9.700501	9.649137	9.794623	10.14926	10.722598	9.618487	11.474847	10.187168	10.344276	9.723026	8.967838	10.301855	9.572299	9.307468	9.291997	9.477474	9.724866	9.238688	9.284106	9.581392	9.510121	9.458981	10.348441	9.514172	9.614302	9.706873	10.103049	9.228589	9.403096	8.672978	9.58262	10.693321	9.898318	9.877229	9.128715	9.602266
PRMT1_32372	8.439371	8.896278	8.846422	8.957057	8.661709	8.881917	8.954111	8.360049	8.409303	8.560912	8.594754	8.61086	8.380203	8.49637	8.7481985	8.689737	8.976402	8.681973	8.661362	8.47156	8.623198	8.037314	8.877868	8.667992	9.089776	8.754867	8.419552	8.584917	8.791679	8.776114	8.804081	8.640999	8.930955	8.829596	8.620753	8.713837	8.685681	8.769596	8.674477	8.817758	8.693761	8.2679	8.638648	8.722882	8.493999	8.725194	7.9120727	8.970614	8.882028	8.28546	8.993688
PRMT5_9573	5.4396286	5.3323293	5.750778	5.2699966	5.5816708	5.4388366	5.6664715	5.6599574	5.7071123	5.3371835	5.3370547	5.0954046	5.3767443	4.938633	5.4296722	5.5142827	5.3867836	5.2066154	5.78123	5.102265	5.358883	6.276943	5.634999	5.268869	5.3964405	5.6352787	5.6937237	5.4377456	5.2842665	5.2269044	5.776073	5.63777	5.6871457	5.2894125	5.6561756	5.211334	5.495904	5.1575513	5.3133516	5.7821217	5.355874	5.6738753	5.7096953	5.7018085	5.603497	5.6630745	6.166726	5.7016463	6.022498	6.5279856	5.798742
PROC_9575	5.2770433	5.7740564	5.525908	6.0572515	5.420915	5.7997093	6.1407685	5.5208874	5.5215054	5.568805	5.5506673	4.6943655	5.0086117	5.085924	5.2487035	5.2373357	5.1357164	5.605042	5.209325	5.253251	5.1829906	5.0791464	5.8595533	6.118604	5.2860236	5.53505	5.572482	5.0267854	5.8870077	5.2269044	5.3213744	4.857096	5.642245	5.8027835	5.296087	5.2391396	5.7946563	5.3197846	5.354135	5.8318434	4.8844705	5.2754154	6.093929	5.873145	5.801255	5.5401297	5.136579	5.4274664	5.424902	4.8918467	5.2817807
PROCR_32752	3.894955	3.6118274	3.9787362	2.9322088	3.2715344	2.9881048	2.4311502	2.682742	2.304984	3.0072343	2.7514749	2.2543907	2.8556545	2.5715709	2.42098	3.6976154	2.631737	2.7064807	2.5944383	2.6566756	3.3813758	2.425981	2.4763973	3.402313	3.7456298	2.8082936	3.32757	2.7415621	3.163709	2.4990745	3.1370003	3.3684063	2.5201793	2.8108833	2.3721387	3.270766	1.846264	3.7807512	2.7442534	2.07588	3.0240266	3.2433975	3.340016	2.772775	2.5265856	2.8497622	2.0380995	3.9318867	3.0200155	3.3403132	3.5769253
PROS1_9577	5.0271273	5.0821414	5.038404	5.2699966	5.1253834	4.226587	4.920685	4.5035396	5.2498713	4.933993	5.145853	4.7357945	4.822355	4.6849766	4.8000183	5.206476	5.1954064	5.2066154	5.1520553	5.389922	5.302602	4.4686303	4.9742417	5.4977107	6.0481415	4.7198715	4.813399	4.848383	5.514305	4.600872	5.204214	5.025458	4.5785313	5.0772424	4.7419343	5.7056613	4.606508	5.038283	4.8258905	4.705144	5.476366	4.804812	4.96488	4.091199	4.487312	4.6912694	3.2779424	5.267985	5.2739763	4.9231877	5.4595776
PRPF4_9578	6.993556	6.6150165	6.8678446	6.682329	6.9158964	6.776598	6.4128428	6.656735	6.8882594	6.585607	6.579118	6.6191235	6.823873	6.8727946	6.4250774	6.9253354	6.6187024	6.8965807	7.12874	6.8606067	6.6082454	7.0467777	6.8084254	6.551277	7.028651	6.668787	6.854595	6.5723896	6.3654523	6.6477294	6.586803	6.8100753	6.749159	6.8242583	7.1100655	6.7605386	6.6665087	6.781802	6.570722	6.8191233	7.0158973	7.164441	6.093929	6.7959843	6.6695514	6.638815	6.7025714	6.83727	7.103769	7.652268	7.307793
PRR15L_9579	3.244892	2.7252557	2.9989855	3.0651855	3.3754735	3.1218095	2.4311502	3.1282818	4.0675077	3.2400484	3.2631965	3.0946846	3.4773233	2.9246228	0.7873415	3.1672053	2.9416285	3.8204114	3.560594	3.4401016	2.6994162	4.647124	2.4763973	2.931203	2.6850367	2.1163197	3.8978634	2.9913046	1.5044802	3.1301692	2.8555002	4.00606	2.3065865	2.8108833	3.225608	2.203147	2.7740545	3.538559	2.615978	3.7247438	3.145316	3.7355564	3.0729647	2.4264417	2.3127773	2.704639	4.4677935	2.8084092	3.8592093	4.7591944	3.8196683
PRSS23_9581	5.6535864	6.2087917	6.0335045	5.4015837	5.559774	5.41298	4.920685	5.63769	5.983623	5.480567	6.3060884	6.1978946	5.8944354	5.4814596	6.003434	6.019355	5.622477	6.31766	5.975317	5.514759	6.178716	6.3301992	4.5275993	5.79422	6.3520646	4.8590384	5.823386	5.5587425	5.9879036	4.403539	5.554647	6.4445868	6.154992	6.2456474	5.960323	6.340334	5.5568366	6.3895206	4.5729938	5.7479954	5.823951	6.408239	5.2933636	5.25524	5.101585	5.8122277	6.954648	5.722306	6.3958793	7.4732747	6.727376
PRUNE_9582	2.8414288	3.6118274	1.7361541	2.622656	2.905456	2.0292463	3.0569396	2.8470235	3.1510859	3.0072343	0.0	2.2543907	3.1371586	3.7400002	1.6679709	2.533521	2.9416285	2.1552784	2.5944383	3.223061	2.6994162	3.4861825	2.4763973	2.931203	3.3660054	2.8082936	2.552685	2.8718307	3.5123456	2.6845412	1.7394503	3.1525764	0.83949393	2.8108833	3.225608	2.4129963	0.721521	2.5743628	2.7442534	2.7631624	3.257194	3.460776	2.7449903	2.609976	2.0616755	3.1024148	3.3675282	2.6448896	2.7418792	3.7429054	3.8922832
PSAT1_9583	10.836099	10.2523985	10.425222	10.173807	10.3469515	10.350299	10.108134	10.596411	10.435159	10.272935	9.881932	10.247177	10.665107	10.231855	10.015965	10.178095	9.762011	10.300603	10.514188	10.136768	10.3722	10.95356	9.645021	9.614299	9.430364	9.521385	10.994621	9.832419	9.171586	9.494804	9.625799	10.14893	10.25903	10.426528	10.883969	9.996002	10.199113	10.146072	9.77669	10.255551	10.382757	10.962983	9.665492	10.435084	9.938391	10.0241995	10.796728	10.438981	9.9629965	11.599892	10.1960535
PSEN1_9584	2.491974	3.4089699	2.9989855	1.306817	2.905456	2.4913077	3.1785967	3.3635519	2.518521	1.6378721	1.9512244	3.216753	2.5055704	3.4448164	3.167487	1.7633755	1.6904588	2.7064807	2.9029238	2.6566756	3.4861639	2.772292	1.7148082	2.4378424	1.3514621	2.3228042	2.8595514	2.0565722	1.5044802	2.6845412	1.7394503	3.641533	2.3065865	2.942179	2.7157705	2.5961618	2.0856278	2.8820758	2.1441302	2.6195595	1.9462588	2.8399913	2.862796	1.6725745	2.7127588	2.8497622	3.2779424	2.0009227	2.3969975	3.030724	3.284909
PSEN2_32895	4.592598	2.0728946	2.9989855	3.5005035	3.6487305	3.461558	1.9740967	4.172859	3.925034	3.2400484	2.5891151	3.329294	4.5615644	3.6481564	2.7670465	3.1672053	2.7949874	3.21582	4.6711664	3.5374908	4.617749	4.647124	2.4763973	2.4378424	4.175426	2.3228042	4.3553696	3.101637	2.5605352	0.0	3.3724391	4.3485374	3.1528687	2.942179	4.201987	2.5961618	2.7740545	2.1827102	2.8620489	3.652791	4.2354107	4.8821898	2.9717042	3.486698	3.5983036	2.5432677	4.584488	3.6158395	3.453711	4.7591944	3.388955
PSIP1_9585	7.8974876	8.326107	7.8519816	8.212021	8.409625	7.9335217	7.860323	8.050219	8.05033	7.8398523	8.044665	7.9344444	8.085271	8.139633	7.9530497	8.143647	8.091522	7.9521856	8.334544	8.23073	7.923608	7.3277674	8.070479	8.1335335	8.574283	7.9337974	7.5495634	7.6580253	8.111572	7.7844853	8.14195	8.166312	8.328699	8.2724495	7.9988832	8.091721	8.053976	8.061842	7.655746	7.9690285	8.049689	7.789375	8.012589	7.612624	7.962439	7.9297533	7.725587	8.138217	8.033432	7.9047165	7.9965143
PSMA5_33243	9.290502	9.541278	9.342399	9.305122	9.47194	9.312598	9.092125	9.109486	9.272064	9.212089	9.296638	9.442277	9.411462	9.600791	9.298342	9.335459	9.464351	9.372628	9.448357	9.450897	9.463484	9.329215	9.376029	9.261324	9.524559	9.066284	9.395268	9.085473	9.219799	9.266789	9.29612	9.537001	9.422524	9.417032	9.38808	9.353577	9.395064	9.335386	9.0467415	9.158663	9.492138	9.398246	8.998576	9.286631	9.164995	9.1638775	8.99943	9.656759	9.504621	9.623219	9.45572
PSMB10_9588	3.7371018	3.1728475	3.6618972	3.677126	3.7294111	3.3569534	2.2206478	3.6571705	3.7669325	3.6163983	3.7208104	4.5624237	4.242996	3.7400002	3.167487	3.6976154	3.4131749	3.21582	3.469766	3.872183	2.6994162	3.9616058	2.9722497	3.676059	4.4040976	3.625497	3.9636366	3.7013133	3.2590787	3.470145	3.9102025	3.641533	3.5911903	4.3962374	2.8610861	3.7286186	3.0246947	3.4478643	3.166812	3.4125168	3.7909622	4.339885	3.7600586	3.820381	2.7127588	3.8872685	4.9749427	3.2105505	3.5444415	4.687995	4.2647033
PSMB3_9589	8.265957	8.96502	8.732424	8.710342	8.568837	8.811916	8.789598	8.202099	8.576524	8.69929	8.770789	8.710335	8.400321	8.858418	8.798457	8.675724	8.835779	8.560507	8.568661	8.523002	8.570546	8.702258	8.801202	8.670601	8.891924	8.631662	8.3929405	8.670202	8.807542	8.905407	8.814112	8.389531	8.839441	8.835941	8.475944	8.793352	8.830495	8.767254	8.61069	8.735242	8.574634	8.7504425	8.655071	8.587213	8.67017	8.846908	8.871286	8.922324	8.901468	9.304131	8.930435
PSMB8_9591	6.2140594	6.144837	6.164322	5.5899563	6.3539605	5.5378633	5.288162	6.111586	6.2001786	4.9989605	5.848592	6.3254924	6.5393944	6.3533444	5.7152967	5.7465315	5.8623247	5.8835325	5.890317	6.3050733	5.386221	6.5814834	5.107567	5.42539	6.365702	5.3109226	5.9746127	5.961238	5.6612096	4.892143	5.9499097	6.828408	5.2518272	6.331991	5.4647717	6.205891	5.8605886	6.1941094	5.506632	5.2102084	6.286344	6.354947	5.8010807	4.9495506	5.288968	5.5401297	6.658879	6.60113	5.890361	7.7818713	6.559152
PSMB9_9592	5.3332987	5.914924	5.450994	4.894432	4.500918	4.6811867	4.6946006	5.033428	5.3084435	4.322547	5.459608	5.1268883	4.5615644	5.4546	5.5904503	4.8550267	4.940225	4.7684255	5.1520553	4.614536	4.7071815	5.140065	4.6637425	4.7427316	5.5476756	4.891829	4.777274	5.081666	5.3722186	5.256475	5.0429688	4.9604516	4.3180375	5.3848386	4.3570623	5.420078	4.853174	4.606701	5.137609	5.3071437	4.340757	4.63637	5.314196	4.5611777	4.7223387	4.344567	5.5541043	4.6010923	5.326059	4.9538627	5.360677
PSMC1_32624	9.297588	9.787591	9.682422	9.775655	9.580593	9.698367	9.843062	9.4047575	9.467863	9.684035	9.579433	9.36682	9.442513	9.643039	9.621806	9.655513	9.686018	9.767432	9.316105	9.460241	9.543066	9.476735	9.944757	9.706192	9.824037	9.709028	9.3344145	9.539594	9.907857	9.890998	9.80624	9.552247	9.613454	9.641339	9.497729	9.613324	9.674794	9.695877	9.590826	9.550147	9.640076	9.586295	9.815492	9.582594	9.704528	9.632375	9.4005575	9.67277	9.813664	9.821291	9.859342
PSMD10_9594	5.969771	5.520491	5.620102	5.4988422	5.839676	5.0263414	4.920685	5.6150737	5.3920717	5.976224	5.6153774	5.329906	6.13753	5.1542892	5.453767	5.006024	5.5783186	5.7965417	6.1167336	5.998002	5.386221	5.779924	4.7478533	5.735612	6.0980153	5.4713902	6.00617	5.870646	5.4348335	4.8539634	5.109645	5.7951813	5.5959015	5.7136955	5.8251343	5.820545	5.671486	6.077949	5.2060456	5.7479954	5.710594	6.2273154	5.2289977	5.6608033	5.4284406	5.474491	5.136579	6.291233	6.431977	5.7323084	6.235472
PSMD4_9599	9.026152	9.266786	9.277034	8.948474	8.913398	9.13023	9.185795	8.831525	8.886325	9.156219	8.983887	8.736083	8.870655	8.768586	9.046368	9.015425	9.030665	8.90629	8.850992	8.770935	8.984634	9.217054	9.019964	9.119548	9.204259	9.188445	8.968484	9.120296	9.192878	9.186494	9.143377	8.861763	9.345837	9.049413	9.096719	9.083333	9.138562	9.012435	9.144435	9.204996	8.9974785	9.236386	9.207866	9.321582	9.204348	9.228352	9.230402	9.15478	9.241982	9.440344	9.179257
PSMD6_9600	9.931038	10.477599	10.417865	10.444132	10.109482	10.358789	10.609236	9.881782	10.07183	10.251431	10.341644	10.323042	9.823902	10.267981	10.318675	10.297296	10.434204	10.271867	10.073206	9.965789	10.176656	9.699261	10.644806	10.258414	10.402279	10.46155	9.975039	10.209565	10.550326	10.534354	10.506157	10.090317	10.687651	10.321902	10.195582	10.13384	10.360203	10.075882	10.304676	10.342453	10.153461	9.895946	10.243088	10.469625	10.198259	10.465414	9.608933	10.343026	10.5440445	10.066446	10.39112
PSMD9_9602	5.7600327	5.545475	5.344644	5.094401	5.34613	5.607913	5.0538516	5.5208874	5.3368616	5.091235	5.387332	5.0302987	5.8365517	5.5841613	4.9430556	5.488861	5.7671843	5.431137	5.442151	5.4157686	5.358883	5.3608727	5.3148055	5.3229513	5.8872566	5.4929237	5.572482	5.0544868	5.350728	5.1343713	5.6017346	5.7186217	5.77296	5.6187415	5.695469	5.5808315	5.3428426	5.6189656	4.9640417	5.7479954	5.608813	5.186695	5.0418377	5.4362297	5.649845	5.3820524	5.4756875	5.7016463	5.8375125	5.7145042	5.760458
PSME1_9603	8.754686	9.22873	8.591301	8.048963	9.388994	8.485838	8.6173935	8.991527	9.234797	9.342972	9.160514	7.127064	8.760831	8.557605	8.814828	8.830469	9.259379	8.796247	9.214868	8.960662	9.262397	9.663395	8.495371	9.247408	8.933724	8.507565	9.359065	8.620102	8.815408	7.8634787	8.664129	9.364005	8.836953	8.464901	8.747679	9.448931	8.470298	9.016385	8.914942	9.380927	9.021443	9.137284	8.465559	9.101755	8.034082	8.796316	9.624918	9.129867	9.291943	10.122371	9.188298
PSME2_9604	4.0372276	4.7365184	3.747865	3.5005035	4.500918	3.894199	4.849189	3.4682064	4.133794	3.440461	4.067694	4.651712	3.6663983	4.1942425	4.722804	4.2750826	4.052516	3.7480712	4.073696	3.714521	4.36642	3.4861825	3.542482	3.676059	3.7456298	3.625497	3.4241838	3.389553	3.9150798	4.2355256	3.6662335	4.2431602	3.7687938	4.3962374	3.225608	4.40511	3.993235	3.6238878	3.632368	4.0942426	3.8634686	4.035659	4.5738235	3.173454	3.7759814	3.746058	4.6924458	4.410563	4.057093	5.204023	4.6469307
PSME3_32547	8.380518	8.061808	8.341166	8.130898	8.381814	8.15637	8.090897	8.304593	8.113291	8.038348	8.113488	7.8800526	8.38694	7.9362364	7.8569446	8.135479	7.8342466	8.060697	8.344164	8.219769	7.98301	8.45498	8.094774	8.14108	8.260619	8.0400095	8.322617	7.9548326	7.845745	7.839255	8.335449	8.33608	8.214481	8.15554	8.122962	8.219352	8.011071	8.186286	7.972973	8.283862	8.279057	8.18253	7.6728296	8.211192	8.22604	8.0130205	8.176589	8.432724	8.398258	8.701603	8.569941
PSME3_32872	9.249063	8.463529	8.695038	8.702707	9.082271	8.78445	8.646682	8.900946	8.990617	8.882614	8.787267	8.482879	9.163312	8.790233	8.33671	8.768436	8.577121	8.657497	9.188408	9.068467	8.848757	9.135255	8.458402	8.797791	8.829323	8.650948	8.962463	8.494272	8.195341	8.355357	8.734482	9.033567	9.657836	8.768978	9.057672	8.798034	8.792995	8.907863	8.53067	9.057799	8.925215	9.149073	8.328929	9.016967	8.678578	8.555695	9.34512	9.054475	9.028713	9.481718	9.19549
PSMF1_9605	3.122527	3.1728475	3.2553017	2.9322088	3.8058178	4.036466	3.8983924	3.9739296	4.426025	4.043386	3.3670683	4.007672	4.182325	3.2080395	3.6569836	3.5081706	3.9864676	4.1916203	2.9029238	4.1436644	3.4861639	2.6095028	3.9500973	3.8333883	4.045885	3.460427	3.32757	3.389553	4.027703	3.470145	3.3724391	3.7221797	3.8500173	4.3962374	3.225608	3.5624845	3.9332168	3.135555	3.339235	4.1475735	3.714618	3.8166342	3.5652707	2.772775	3.1597538	4.0158815	3.3675282	4.1304426	3.9941003	4.1127377	3.051179
PSMG1_9606	7.99662	8.33688	8.195788	8.024671	8.412683	8.17187	8.035609	7.894601	8.165719	8.164066	7.8251386	8.074241	8.24212	7.901851	7.8614545	8.183807	8.240637	8.232923	8.261963	8.101329	8.022747	8.207073	8.078624	8.14108	8.335297	7.905976	8.095746	7.9803305	8.302766	8.110174	8.017245	8.053952	7.8150373	8.1073885	7.9550333	8.125634	7.970589	8.147187	7.9892473	8.182103	8.197257	8.334802	7.8111563	8.123368	7.953228	8.069686	7.970429	8.460658	8.206658	8.5985985	8.522116
PTBP1_32416	10.290237	8.969642	9.337207	9.442877	9.825071	9.360733	8.831939	9.9724245	9.777447	9.695106	9.392069	8.981863	10.170863	9.124348	9.13658	9.304829	9.247091	9.375632	10.064503	9.829413	9.466688	10.487492	8.868505	9.458429	9.73621	9.148298	10.134356	9.496064	8.73682	8.3991	9.19994	9.794126	9.915393	9.545207	9.731895	9.405113	9.339789	9.617424	9.424863	9.890388	9.701939	10.233345	9.189661	9.696025	9.13068	9.243209	10.704647	9.90511	9.867376	10.926757	9.816834
PTGDR_33049	0.82449245	0.0	0.0	1.9810864	0.0	0.0	0.79261	0.8273256	2.0542567	0.0	2.1965384	0.81086713	0.0	0.0	1.2938309	1.3766294	0.0	0.75779927	2.2015305	1.7110134	1.7463846	2.772292	0.0	1.3061277	2.8493636	1.5856925	1.6257219	0.0	2.2247963	0.0	1.3557978	2.4073412	3.1528687	0.73861325	0.0	0.78321815	0.721521	1.2726339	2.3191266	3.1240695	0.7768912	2.028597	0.0	1.2978095	0.8429203	1.618053	3.8124545	4.001153	4.4345694	5.2786183	4.02739
PTGER4_9610	5.718392	5.570033	5.2593985	5.184869	5.5149565	4.7238755	4.2151294	4.9635353	5.1572967	4.719445	5.4829173	5.666232	5.6697793	5.6087337	5.2208934	5.7888093	5.2805514	5.3601093	5.393562	5.5847845	5.465258	5.459774	4.2094064	5.21268	5.5947585	5.3109226	5.344592	5.185535	5.3722186	4.5540113	4.822182	6.5366607	5.310402	5.85371	5.1622505	6.1483984	5.091484	5.7193155	4.882748	5.25949	5.608813	5.695473	4.4662523	4.9150934	4.487312	5.257497	5.8152	5.877726	5.725629	6.964438	5.907852
PTGS1_32494	3.9678442	2.538774	3.2553017	3.677126	4.828478	3.817433	3.0569396	4.2335076	4.2578745	3.6163983	2.5891151	3.9383843	5.8167295	3.0732796	2.7670465	3.7837584	3.196582	3.5063531	5.3686395	5.0700746	4.252195	5.0476947	2.4763973	3.7568672	5.942902	2.5034022	4.2538657	2.8718307	3.5123456	2.0363805	2.6910543	3.5561097	4.259778	3.173584	3.8995237	3.4716449	3.5887606	3.7807512	3.493234	3.5770605	4.2354107	4.723048	3.6980062	2.609976	2.87763	1.9105306	4.7601757	4.6010923	4.386324	5.6782236	4.150921
PTGS2_9612	6.54704	4.692459	5.573774	5.2972918	6.4641566	6.286288	4.9551463	5.940229	7.6639915	5.3118367	4.623689	5.3830247	5.7762485	4.938633	5.2487035	6.122139	5.04128	5.0649147	7.2359786	6.648091	7.0710273	3.4861825	3.719566	5.061816	6.9033456	5.102601	5.9259443	6.0738053	6.029074	5.3138585	6.7524533	6.6336713	5.949197	5.9029	5.9922295	5.6024013	6.301411	5.699796	5.2060456	5.7821217	6.0887957	4.63637	5.161626	4.879793	5.531057	4.9056625	4.5077496	6.1304955	6.6621466	5.8673425	7.685224
PTK2_9613	7.2991633	6.591218	6.7477894	6.640313	6.808574	6.4855084	5.70748	6.928433	6.9901814	6.677778	6.7993526	6.756299	7.22824	6.7784767	6.437214	7.008191	6.6187024	6.6706243	7.441153	7.5562634	7.3110323	8.017158	5.896876	6.6284695	7.2653155	6.2926354	7.662799	6.9198017	5.872	6.0643806	6.575053	7.4775214	6.7385325	6.6622863	6.9887824	6.7314677	6.6756954	6.897699	6.4629774	7.3551784	7.1451335	8.054668	6.220711	7.0710077	6.299764	6.446811	7.7382383	7.343297	7.1976213	8.258069	7.2188244
PTPLAD1_9615	5.1883197	5.6869197	5.6649885	5.7367473	5.396415	5.738567	5.0538516	5.4459786	5.496531	5.2597675	5.636318	5.5078473	5.8944354	5.5841613	5.612023	5.809493	5.16587	4.940594	5.991732	5.490641	5.5401893	4.9145465	5.5901318	5.4740043	6.177489	5.4713902	5.572482	5.0267854	5.1161337	4.8539634	5.2639832	5.776419	5.498495	5.6187415	5.7524724	5.420078	5.4538035	5.3945365	5.374102	5.971486	5.405285	5.358995	5.1148973	5.411723	5.480661	5.0327153	4.546629	5.931947	5.890361	5.2786183	6.207286
PTPN12_9617	5.360625	4.9758754	4.9322414	4.6622167	5.66608	4.6371956	4.096643	4.5988293	4.952162	5.1496277	4.6650357	5.1878657	5.0768657	4.539192	5.073182	5.2373357	4.714029	4.804542	5.2644076	5.102265	5.151471	5.552328	4.5275993	4.4825354	5.257046	4.682876	4.403563	4.644765	4.5643234	4.2355256	4.8995934	4.8923774	4.53006	5.133281	5.0755525	5.491176	4.885206	4.9082584	4.465425	4.705144	4.9189024	5.6070704	4.266961	5.0160904	5.067844	4.570806	5.7666245	5.02356	5.539633	6.222612	5.1398697
PTPN6_9618	7.539305	7.565512	7.3456078	7.1548114	7.502621	7.420178	7.2039948	7.5155606	7.504034	7.0967274	7.3549433	7.127064	7.549744	7.592561	7.379406	7.5469337	7.287149	7.314862	7.6154613	7.4908967	7.3532043	7.5794406	7.2732396	7.146181	7.397326	7.3905406	7.323989	7.260312	7.0910883	7.1113462	7.2053757	7.826614	7.3189845	7.455303	7.20842	7.4432063	7.174039	7.4172	7.051806	7.5996222	7.469384	7.4640517	7.2761617	7.2406096	7.3338065	7.337527	7.9811125	7.382766	7.6651516	8.279418	7.64376
PTPRB_32629	2.9888134	1.767856	3.6618972	2.9322088	1.2885287	1.3453724	1.9740967	2.2845037	3.1510859	1.2678612	2.5891151	0.81086713	3.9103696	3.0732796	1.9647921	0.8466378	0.80118436	2.5450702	2.9029238	2.4719195	2.0497084	3.5771093	2.0155594	2.4378424	1.7344642	1.8752655	3.6803772	1.1788656	0.689217	0.0	1.7394503	3.4653084	1.366725	2.942179	1.9201866	2.4129963	0.0	2.3917863	1.4383613	2.2807243	1.9462588	3.5583014	1.0981301	1.9697882	2.0616755	2.1535919	4.621379	2.9552677	2.7418792	4.793518	2.9183865
PTPRC_9619	3.8181863	3.6118274	3.2553017	3.4033608	3.8058178	3.461558	3.2907877	3.6571705	3.8481479	2.875032	4.347129	3.329294	3.3726006	4.8173723	4.3645067	3.4032214	3.8445423	3.104337	3.560594	3.872183	3.6753457	2.9185607	3.2279377	3.676059	4.2360806	2.5034022	2.9915388	2.8718307	3.348533	3.2526147	2.6910543	4.296811	2.5201793	4.0336113	3.1140306	3.3746989	3.1353765	4.278601	2.475174	2.8937564	3.714618	2.8399913	3.494023	1.9697882	3.0255773	3.5043693	3.8124545	3.9318867	4.733482	5.125359	4.7285256
PTPRF_9621	6.121247	4.820794	4.8568616	5.42652	6.0108395	5.6747184	4.988804	5.393788	6.0014853	5.786849	5.230917	4.9966097	6.4130745	4.0581245	4.462762	5.6350756	5.2805514	5.2596154	6.160951	6.1596923	5.61142	6.5368733	4.7478533	5.521034	5.829378	5.045456	6.021693	5.3285346	5.2842665	4.774433	5.349236	5.484366	5.5480204	5.452482	6.0079217	5.444169	5.1453815	5.3197846	5.0901117	5.9264235	5.710594	6.5214014	4.7058096	5.5751214	5.531057	4.612088	6.1791515	5.742674	6.3588552	6.9339895	6.0886884
PTPRK_9622	9.378351	9.147429	9.128698	9.24331	9.618159	9.338585	9.030839	9.658064	9.655829	9.36162	9.251545	9.46709	9.752661	9.557268	9.020387	9.381081	9.158013	9.193548	9.629735	9.478751	9.574601	9.201061	8.9506645	9.219166	9.544182	9.265535	9.590065	8.993659	9.00618	8.955849	9.269028	9.407333	9.700893	9.146215	9.455437	9.075643	8.963966	9.475416	8.946956	9.364127	9.408279	9.634612	9.036679	9.378015	9.198512	9.203244	9.257021	9.405305	9.491852	9.251086	9.18288
PUF60_9624	7.5272975	7.067197	6.8963594	6.8014994	7.218062	7.077492	6.3364687	7.3542275	7.251323	7.244703	6.86292	6.7762914	7.488417	6.7999754	6.731376	7.1848083	6.6510396	7.1838837	7.242852	7.209902	7.1449127	8.475808	6.696465	6.8836837	7.3223777	6.7604184	7.213427	7.3580294	6.9623923	6.4052787	7.0442677	7.145969	6.650581	6.7810593	7.131713	7.1528854	6.8960705	7.1342025	6.8527308	7.053726	7.0933127	7.9685884	6.463834	7.2952194	6.6695514	6.877594	8.884625	7.446238	7.324662	8.877907	7.3790126
PVR_9625	3.244892	2.3245585	2.2885845	1.9810864	2.2038183	2.4913077	1.3012427	2.4973207	2.7044885	1.9320939	2.7514749	2.2543907	2.8556545	2.5715709	1.9647921	2.533521	2.23654	2.7064807	3.035508	3.7955046	2.3002052	3.819855	0.8162666	1.9802222	2.8493636	0.7374037	3.4241838	1.5340518	2.2247963	0.0	0.0	3.7221797	2.3065865	2.5058906	2.5541615	2.203147	0.721521	1.64341	2.3191266	3.4971333	3.0240266	3.7355564	0.0	1.9697882	0.8429203	1.618053	3.7471902	2.9552677	3.2530992	4.4505234	1.9692172
PWP1_9626	5.9155264	4.9386396	5.3987985	5.094401	5.2121687	5.304655	5.0853076	5.568749	5.7071123	5.651956	4.8909454	5.5078473	5.8167295	5.559163	5.275988	5.767825	5.307852	5.2066154	5.9587126	5.7963324	5.2736154	5.721327	5.1698766	5.42539	5.5476756	4.891829	5.7875133	5.234793	5.0104585	5.2269044	5.2639832	5.6988297	5.642245	5.558617	6.0690384	5.3194785	5.4538035	5.4186172	5.137609	5.2835135	6.027002	5.4121404	5.1148973	5.1990657	4.9616113	4.76633	5.5541043	6.435844	5.686319	6.1843195	6.009288
PXDN_9628	3.5598304	4.6000867	3.6618972	3.0651855	3.947468	2.9881048	2.7777128	3.2507074	4.8375063	3.8456316	4.295405	4.073784	4.9369683	4.539192	3.480585	3.9419975	4.1156726	4.0781755	4.301462	4.522376	4.749901	4.3185883	2.9722497	4.0412498	5.1664495	3.3702228	4.2538657	3.389553	3.7277203	2.9963596	4.357012	4.6251106	2.055782	4.200289	4.028212	4.5892177	3.4240882	4.564156	3.8758812	2.7631624	3.0240266	3.8933966	2.4758844	3.0518532	3.7759814	3.8872685	4.201589	4.6876826	3.9941003	5.3262887	4.9488087
PXMP2_9629	3.9678442	5.795042	5.4251323	5.2972918	4.546167	4.95646	5.288162	4.2335076	5.02383	4.8307037	5.145853	5.0954046	3.9103696	4.976889	5.2208934	4.814672	5.36095	4.8741713	4.5433693	3.872183	4.4722605	3.8924706	5.1698766	4.6184916	4.815312	5.1842866	4.0868177	4.4076104	5.826018	5.0692115	4.8995934	3.9401534	3.2755504	5.313867	4.778989	6.0419197	5.0637608	4.5203185	4.7667	4.6321816	5.079719	4.283957	4.9111953	5.1701365	4.9616113	5.357987	3.0801287	4.8838315	5.326059	4.4068465	6.0255213
PXN_9630	2.491974	2.7252557	2.9989855	2.785719	3.1595216	2.9881048	2.924071	2.9944959	2.8691986	2.7294815	3.3670683	2.4661293	2.8556545	2.7588696	2.604365	2.71987	2.631737	2.363299	3.035508	3.335659	2.6994162	3.5771093	3.1057508	2.931203	2.499557	2.663887	2.8595514	3.2041273	2.0222046	1.7340541	3.0031052	2.5903506	2.7061894	3.062516	3.225608	3.6479416	3.4240882	3.4478643	3.2555978	3.3226266	2.7457702	3.1210482	3.494023	2.4264417	3.0255773	3.3173459	3.8124545	4.1304426	3.710393	4.5741396	3.9614177
PYCARD_33242	5.2770433	4.9386396	4.6931467	4.619602	4.454204	4.44645	4.5667157	4.6442127	5.364731	4.7574925	4.819502	4.8533883	5.455769	5.2511215	5.1636105	4.9697304	4.940225	4.614175	5.4891567	4.93361	5.2138357	5.109927	4.5744224	3.9060543	5.31443	4.4821725	5.103307	4.491069	4.526488	4.3496795	4.6536613	5.507305	5.4472094	5.3379145	4.664841	5.2391396	4.9165425	5.185889	5.015799	5.3071437	5.1965966	5.3858123	3.8195517	4.3191257	4.7223387	4.344567	6.0498023	5.722306	5.744889	6.4548073	5.798742
PYGL_9632	8.455302	8.393017	8.678715	8.566315	8.223692	8.342525	8.279485	8.634772	8.024356	8.377619	8.146707	8.205371	8.512392	8.428976	7.978186	8.594628	8.059756	8.060697	8.285456	8.20131	8.187206	8.092299	8.0290575	7.935126	7.9705353	8.284951	8.518611	8.228496	8.012409	8.17355	7.8711553	8.386441	8.094609	8.231317	8.388734	8.294157	8.366332	7.9711294	7.769417	8.446971	7.9323993	8.385511	7.973836	8.225324	8.267504	8.295541	7.9415455	8.615016	8.234178	8.5239	8.396681
PYGM_32527	3.7371018	4.9758754	4.1143847	3.9763188	5.2399745	3.817433	3.2907877	4.453426	4.6689157	3.5311098	4.295405	4.9966097	4.4110556	4.6849766	4.20331	4.594002	3.7679756	3.319303	4.451415	4.2623773	4.252195	3.9616058	3.719566	3.975235	4.966166	3.7736044	4.4501987	4.123652	3.7277203	2.8488586	4.5613933	4.6251106	3.7687938	4.758851	3.4257977	4.752468	4.2110767	4.7653446	3.6972067	3.8587036	3.714618	3.8933966	4.266961	2.772775	3.3956287	3.5043693	4.726708	4.358722	4.057093	5.5232244	5.1398697
PZP_9633	9.877655	11.059246	10.95836	10.975091	10.649996	10.834071	10.919572	10.4306555	10.490753	10.132508	10.894809	11.020104	9.524232	10.831503	10.925508	11.017782	10.848012	10.730687	10.088551	10.156065	10.7292	7.0625997	11.068335	10.731808	10.127999	10.525636	9.221323	10.459892	11.231275	10.822655	10.941492	10.227009	10.5576725	11.0829315	10.346691	10.41932	11.252453	10.54447	10.368898	10.43719	10.149842	8.640607	11.169703	8.793346	10.980788	10.872961	5.7829986	10.310989	10.147082	6.8467836	10.086195
QDPR_9634	10.86322	10.132825	10.193051	10.173807	10.512128	10.220295	10.103341	10.696076	10.645736	10.46769	10.134628	10.19336	10.832391	10.276633	9.9801235	10.1600895	10.037463	10.166529	10.74957	10.50659	10.299471	11.482953	9.916641	10.080483	9.864223	10.004377	10.756778	10.351012	9.867758	9.863637	9.958711	10.6100855	10.487218	10.277519	10.847913	10.262193	10.319023	10.298219	10.147517	10.283367	10.538271	11.264251	10.295755	10.549721	10.244299	10.196941	11.516536	10.49183	10.231434	11.613765	10.374581
RAB11FIP2_9636	4.4472237	4.6000867	4.1143847	4.483641	4.828478	4.6811867	3.668492	4.812691	5.2196684	3.9146059	4.3970623	3.6222255	4.6978445	4.589442	4.20331	4.443337	3.7679756	4.2967916	4.9315553	5.0371494	4.5708647	4.4686303	3.719566	4.5292926	4.5061374	3.842321	4.5391774	4.015055	4.181693	4.174872	4.357012	4.926816	4.3180375	3.7764044	4.4970746	4.673151	4.2607594	4.6882024	3.493234	4.5942683	4.8491964	4.8821898	3.6331644	4.3708944	3.1597538	3.8183901	3.8748934	4.410563	4.7715435	5.0133224	5.015347
RAB1A_33291	9.9748	9.489112	9.3731575	9.459585	9.72286	9.508452	9.12466	9.82379	9.562652	9.373919	9.19797	9.40424	9.833798	9.341492	9.23197	9.531831	9.396033	9.2272005	9.886113	9.7221575	9.521653	9.414909	9.10415	9.323997	9.554638	9.078799	9.733657	9.10216	9.210881	9.109589	9.243274	9.610346	8.878683	9.359461	9.590541	9.521488	9.338344	9.316286	9.045185	9.426141	9.528828	9.610656	8.619945	9.373263	8.973278	9.00636	8.709381	9.613175	9.617334	9.786564	9.544295
RAB21_9637	8.442572	8.35112	8.046878	8.226293	8.622637	8.332214	7.961262	8.322153	8.452148	8.249983	8.200425	7.9299893	8.230929	8.122671	8.197385	8.466997	8.2264	8.182349	8.394417	8.312117	8.320722	7.476906	8.070479	8.079575	8.538607	8.315486	8.095746	7.9024444	8.036164	8.043887	8.275	8.395691	8.981399	8.478486	8.3736725	8.336603	8.169035	8.3233385	7.7234616	8.600687	8.378283	8.007961	8.260809	8.193331	8.05576	8.073385	7.660611	8.469851	8.281109	8.258069	8.402908
RAB27A_9638	4.285542	3.8709588	3.57048	3.8344646	4.546167	4.102663	4.3763976	4.109549	4.528138	3.8456316	4.347129	4.515618	4.782034	4.589442	4.55475	4.686358	4.2900763	4.441436	5.0924177	4.4739904	4.0618725	4.4203296	4.267554	3.9060543	4.5061374	4.0884933	3.8289478	3.7697577	4.229575	3.9030073	3.833374	4.820931	3.999912	4.5274987	4.4970746	4.5892177	3.9332168	4.330293	3.7592564	3.9212904	3.457868	4.68036	3.494023	3.663165	3.857236	3.746058	5.003171	4.8085413	4.1753836	5.2786183	4.02739
RAB30_9639	3.7371018	3.295734	3.3681867	3.4033608	3.947468	3.461558	2.6148129	3.9010189	3.925034	3.5311098	3.4639611	4.1369987	3.3726006	3.4448164	3.6569836	3.0329375	2.4476285	3.319303	4.1920695	3.6287196	3.8425713	3.1729507	2.8251235	3.4994485	4.045885	3.7736044	3.8289478	3.5538383	3.2590787	3.365476	3.1370003	3.7221797	2.8709326	3.7764044	3.225608	3.0373216	3.9332168	3.6238878	3.4182882	3.9812746	3.9983876	3.8933966	1.9455801	2.4264417	3.0255773	3.8872685	3.0801287	4.5557666	3.9282308	4.5741396	4.7285256
RAB31_9640	7.226759	7.7050977	7.2007003	7.0938506	7.769108	6.4855084	6.911086	7.0000052	7.8130374	6.8810234	7.481845	7.330059	7.7141333	7.846105	7.679307	7.390992	7.2168784	7.1838837	7.8360453	7.954766	7.652409	6.922239	6.685842	7.00444	8.3248625	7.4412656	7.354957	6.942218	7.4556255	6.7757783	7.45657	7.871506	7.340225	7.6975827	6.600996	8.087903	7.3100443	7.6637945	6.7107763	6.9821334	7.1231523	7.3529186	7.1829653	6.208042	6.897941	7.0602064	7.305754	7.421183	7.2321525	8.085273	7.8401
RAB4A_9643	8.820127	8.039998	8.248353	8.494432	8.206178	8.352761	8.421812	8.577434	8.358232	8.362268	7.996889	8.070197	8.542876	8.03019	8.058945	8.379789	8.0107565	8.300873	8.601119	8.325813	8.372902	8.021211	8.378199	8.114493	8.425959	8.377579	8.548389	8.448027	8.420902	8.169669	8.465245	8.240062	9.038825	8.2724495	8.464616	8.260634	8.235774	8.121743	8.210828	8.675219	8.48842	8.676347	8.50006	8.826169	8.442267	8.510015	8.167264	8.509022	8.617865	8.735102	8.605472
RAB5A_9644	8.43295	8.615779	8.273934	8.461633	8.782438	8.41596	8.255488	8.511613	8.640619	8.249983	8.436614	8.41117	8.672603	8.55128	8.330217	8.588657	8.47545	8.470641	8.971757	8.978114	8.576492	7.8078127	8.525472	8.472492	8.940576	8.281862	8.191503	7.9511533	8.297159	8.334712	8.446021	8.625357	8.826957	8.75118	8.447455	8.745686	8.331881	8.406967	7.8357162	8.4389715	8.414932	8.431284	8.346732	7.8362665	8.465129	8.099021	8.191999	8.729148	8.58618	8.712855	8.666267
RAC1_9645	8.861363	8.28219	8.072094	8.01237	8.661709	8.132802	7.471362	8.6570835	8.606011	8.19212	8.356853	8.287766	8.983859	8.661087	8.131693	8.23057	7.824828	7.999693	9.120987	8.844145	8.55256	9.355141	7.20792	8.110655	8.64029	7.7537494	8.676499	7.998271	7.7003975	7.053561	7.918417	8.958568	8.421307	8.70801	8.394714	8.925435	8.071483	8.536402	7.8176036	8.247684	8.378283	8.934258	8.040987	8.186125	8.098164	7.819522	9.672934	8.784225	8.326561	10.02642	8.655877
RAC2_9646	4.227354	4.0210066	4.4063993	4.042337	3.947468	3.894199	3.582927	3.4682064	4.197168	3.8456316	4.067694	3.7889483	3.9833133	4.6849766	3.9558542	4.4953265	4.234252	3.5063531	4.301462	4.522376	3.6753457	3.8924706	4.3772573	3.9060543	3.7456298	4.143991	3.1124566	3.6294594	3.7929146	3.975925	3.4771605	4.706655	3.8500173	3.7764044	3.8306022	4.5453463	3.8051264	4.1693053	3.8187468	4.038864	3.257194	3.8166342	3.6980062	2.919052	3.5005221	4.2431035	3.3675282	4.5089707	4.5264735	5.3495455	4.8057513
RACGAP1_9647	3.9678442	3.7034745	3.1328285	2.622656	2.905456	3.3569534	2.4311502	4.2335076	2.7044885	3.0072343	2.5891151	1.706109	3.9833133	3.33128	2.9132285	3.4032214	3.3089392	2.851636	4.1340966	3.714521	3.1457682	3.3891368	2.9722497	2.6216867	4.4560194	2.5034022	4.1446767	2.5983527	3.6594398	2.4990745	3.2595172	3.641533	3.3886123	3.6282732	2.5541615	3.4716449	3.0246947	3.7807512	3.632368	3.9212904	3.145316	4.101853	3.0729647	3.486698	1.7574636	2.8497622	4.047469	3.0885482	3.629802	4.5741396	4.02739
RAD18_9649	3.244892	3.0385108	2.6870766	3.591516	3.7294111	3.2441669	2.6148129	2.8470235	3.1510859	2.3851907	3.4639611	4.007672	3.574956	2.356276	2.9132285	3.2900343	2.9416285	2.363299	3.944735	3.223061	4.252195	3.1729507	2.0155594	1.9802222	3.1306887	2.1163197	2.8595514	2.260616	3.163709	1.7340541	2.0422144	3.7985559	3.2755504	3.4631736	2.9930947	3.3746989	2.7740545	2.7364078	2.475174	2.2807243	2.8915966	2.675847	2.862796	1.9697882	2.5265856	2.1535919	2.850816	3.7825003	2.5797195	3.5150423	3.4859993
RAD21_33184	9.64186	10.153286	10.11533	9.91983	10.343751	10.054591	9.88835	9.832394	9.980218	9.909877	9.967047	9.712508	10.059307	9.966687	9.835175	10.106773	9.841224	10.004221	10.271938	10.015234	9.876404	9.116429	10.073597	10.296926	10.31183	9.983612	9.553154	9.996713	10.21562	9.879166	10.182348	10.200863	9.90355	10.1910515	9.8333645	10.016231	9.854417	10.113249	9.698674	9.819243	10.020055	9.457911	9.9396715	9.441432	9.878829	10.065653	8.698633	9.898318	10.014494	9.448445	9.925716
RAD51C_9650	4.7661185	4.551584	4.8176413	4.8582335	5.0952544	4.7653375	4.653219	4.927277	4.5766063	5.091235	4.537262	4.417189	5.0431423	4.8173723	4.3645067	4.7304096	4.904904	4.1916203	5.1520553	5.253251	4.946362	5.0155416	4.9388924	4.996757	4.7749977	4.39336	4.9494805	4.848383	5.0104585	4.7329607	4.6976724	4.9604516	4.42794	4.9581795	4.664841	5.1540623	4.68139	4.974735	4.5021796	4.9942966	4.438932	4.723048	4.6079693	4.469171	4.7650757	4.4845195	5.0580235	5.349928	4.9144797	5.914891	4.9488087
RAD9A_9651	2.9888134	3.513961	3.3681867	3.677126	4.6739745	0.0	0.0	0.0	4.133794	4.1037073	2.897397	0.0	3.574956	3.33128	2.7670465	3.8650463	0.0	3.5063531	2.7569108	4.0143003	3.1457682	2.425981	4.827329	4.1648545	3.9035544	3.1708984	0.0	3.8351016	4.229575	2.9963596	3.5747921	4.1874375	0.83949393	4.146841	3.6015635	3.8050218	4.1062636	3.2473404	2.475174	4.038864	3.145316	3.356177	3.6331644	0.0	4.0071836	0.0	3.3675282	3.2105505	4.057093	3.7429054	3.662459
RAE1_9652	4.845632	3.6118274	3.8289971	4.3853164	4.968024	4.394545	3.668492	4.77238	4.797169	4.1037073	4.492026	3.329294	5.321549	4.589442	4.0218096	4.686358	4.4939933	4.1360126	5.2644076	4.1436644	4.4203105	5.52974	3.1057508	4.1648545	3.9764743	3.2740002	5.215552	4.531055	3.0615857	3.6591327	4.2428265	4.1874375	3.6827233	4.3962374	4.664841	4.6317945	3.8705926	3.4478643	4.1780205	4.705144	4.7759504	5.6070704	3.5652707	4.515908	4.678297	3.413886	4.9167724	4.410563	4.6542063	6.005529	4.688305
RAI14_9653	5.387443	4.861155	5.229826	4.6622167	5.5816708	4.44645	4.653219	5.4459786	5.496531	4.900378	4.744335	5.554902	5.9500856	5.2820067	5.073182	4.4953265	4.7934337	4.614175	5.512098	5.5618186	5.358883	5.5745673	3.542482	4.8571157	5.134941	4.43845	5.572482	4.531055	2.951679	3.2526147	4.5129476	5.678762	5.094056	5.048385	4.8503594	5.491176	4.9165425	5.185889	4.5729938	5.2102084	5.304711	5.651949	5.0166383	4.9495506	4.7650757	4.8720703	6.1415496	5.840412	5.4948297	6.8870773	5.3860445
RALA_9654	8.168818	8.315252	8.226059	8.080728	8.291694	8.160261	7.9570174	7.958876	8.487434	7.8748903	8.087112	8.365709	8.524663	8.221577	7.990592	7.998079	8.175435	8.097554	8.619721	8.462288	8.284857	8.45198	7.95579	8.17823	8.4739685	7.6992154	8.188067	7.607493	8.079269	7.9338017	8.093353	8.487956	8.303687	8.389247	7.9988832	8.423992	7.862106	8.415967	7.853605	7.935306	8.362733	8.494252	7.947409	7.997278	8.060058	7.970004	8.683449	8.520863	8.572769	8.763517	8.380995
RALB_9655	4.5457487	3.4089699	4.1777077	3.8344646	3.8783808	3.461558	3.9675474	3.7431152	3.8481479	4.043386	3.3670683	2.8143709	3.8335404	3.7400002	3.5714786	4.4953265	3.9864676	3.5063531	4.1340966	3.872183	4.0618725	3.8924706	3.8005724	3.0641665	3.7456298	3.3702228	4.2538657	2.9913046	3.5123456	2.8488586	4.3010488	4.1874375	3.999912	3.3729517	3.8306022	3.8050218	3.6645458	3.3510835	3.339235	4.34313	4.2890453	4.283957	2.862796	3.2855973	3.857236	3.6699069	3.6788332	3.4273803	3.786719	4.7591944	4.208934
RAMP2_32728	6.243716	6.603166	6.3815985	5.8331466	5.994609	6.182981	6.1556625	5.3669667	6.2155647	5.858621	6.3060884	5.866022	5.9681687	6.4786167	6.7893324	6.4596815	6.407795	5.8835325	6.6385226	5.7765203	6.0983434	5.459774	6.3378634	6.056112	6.826532	6.0671678	6.1114807	5.5779576	6.2307677	5.9423256	6.359101	6.42062	5.642245	6.563768	5.595153	6.5323577	5.9081326	6.314502	5.724484	6.3355184	6.0427003	5.8575196	5.994181	5.74168	6.0461755	5.6825843	4.9461503	6.4232807	6.307964	6.854933	6.418715
RAN_9657	8.924526	10.11416	9.980885	9.877505	9.50526	9.859001	10.172707	9.074685	9.352556	9.737366	9.831752	9.7151	8.938721	9.583849	9.843178	9.785172	10.029285	9.738553	9.191964	9.1046715	9.625674	7.9421673	10.021745	9.774499	9.734897	9.94605	8.927867	9.713654	10.10525	9.95665	9.89752	9.154747	9.129054	9.854298	9.347028	9.927159	9.726543	9.7118	9.866646	9.6331215	9.402207	8.79364	9.603375	9.598968	9.634225	9.921209	7.0182724	9.44469	9.862976	8.242623	10.029975
RAP1GAP_9659	4.395317	4.6000867	3.9058084	3.757939	4.500918	4.7653375	3.4919653	3.9010189	4.797169	4.2708697	4.347129	3.329294	4.8997664	1.795884	4.5986342	4.015051	3.6871164	4.5728903	4.711368	5.4157686	3.5838535	5.2268753	4.323448	5.0296535	5.924591	3.842321	4.2538657	4.6078486	5.514305	3.6591327	3.6662335	4.3485374	4.625427	4.251827	4.3570623	4.5000987	3.6645458	4.5203185	4.034846	4.9042015	4.737884	4.764509	3.2563734	4.3191257	3.689876	3.9530077	5.57306	4.5557666	5.2472124	5.8511386	4.5604434
RAPGEF2_33109	3.894955	3.4089699	3.6618972	4.1659474	4.1948323	4.102663	3.8983924	4.291709	4.6234994	4.8659616	4.067694	3.7889483	4.608436	3.6481564	3.3835778	4.443337	3.9864676	3.889297	4.4981246	4.1436644	3.8425713	4.0906663	3.8772712	4.2228994	4.112109	3.2740002	4.403563	3.7013133	3.9150798	3.1301692	4.410885	4.1294756	4.259778	4.5274987	4.451897	4.075639	4.2607594	4.4751067	4.3491855	4.34313	4.1797047	4.63637	3.340016	4.515908	4.1430035	4.294727	3.6070757	5.239602	4.5264735	4.6510324	4.8790526
RARRES1_33060	7.394788	9.003844	7.317767	7.680481	8.714692	7.8052177	7.818819	7.7463965	8.301685	9.045247	8.581318	6.6946034	8.339106	7.635047	7.8016934	7.370259	7.6964364	8.392708	7.6623588	9.001772	8.528224	8.732244	9.000808	9.355152	9.154059	8.266315	7.9573026	7.495744	8.781676	8.700137	8.496727	7.459991	7.537023	8.389247	8.0145035	8.950881	7.7535	9.012435	8.307446	7.646688	7.463565	8.405306	8.742204	7.6072383	7.5508556	8.0510435	7.317043	8.612251	8.840106	6.895003	8.293211
RARS_9660	5.360625	5.4950676	4.8568616	5.0307755	5.420915	5.359834	5.441879	5.22483	5.7709885	5.0611277	5.203116	5.1878657	5.713314	5.5078287	5.103959	5.6580663	5.4616203	5.1515937	5.8368044	5.909811	5.8262677	5.254689	5.5671635	5.566579	5.7274346	4.7911325	5.1882987	5.1083426	5.261414	4.8539634	5.4297304	5.678762	5.7936397	5.474343	5.4647717	5.7056613	5.5368104	4.873835	4.7667	5.25949	5.251666	5.303817	5.250774	5.3356023	5.7383003	4.93849	4.9167724	5.742674	5.990581	5.7323084	5.798742
RASA1_9661	7.5333138	7.522119	7.526758	7.606032	8.046081	7.4266534	7.347111	7.9722843	7.7190065	7.5512524	7.691458	7.7445455	7.8568473	7.53603	7.528653	7.9845004	7.538307	7.411704	8.217293	8.06095	7.932907	6.9733515	7.3082895	7.74022	8.181864	7.3200073	7.5602326	7.607493	7.4096003	7.2278876	7.6759562	7.9363294	7.5247064	7.535475	7.4400606	7.563555	7.390361	7.5041666	7.3171587	7.550969	7.553974	7.674441	6.9828196	7.1982517	7.184372	7.4327693	6.658879	7.988489	8.064425	7.451943	8.016957
RASSF1_32475	6.272775	5.933971	5.6649885	5.5451183	6.119614	5.986611	5.204691	6.264734	6.3747907	5.8932114	5.5725613	5.6446424	6.6666555	6.0102253	5.2208934	5.869821	5.934163	5.605042	6.552615	6.437136	5.9039826	6.998245	5.0087457	5.886901	6.5321712	5.6922355	6.1960063	5.499512	5.350728	4.646259	5.7131386	6.4798064	5.89281	6.098573	5.789261	5.993765	5.671486	5.935011	5.6770506	5.971486	5.7683854	6.3136454	5.35498	5.7018085	5.0332947	5.283283	7.305754	6.1149545	6.228094	7.4626484	6.2902446
RASSF4_33075	2.2793405	1.3805355	1.7361541	0.7965775	3.2715344	2.0292463	2.2206478	2.2845037	2.304984	3.2400484	2.897397	2.8143709	2.6912055	2.10312	2.9132285	2.8848794	1.9891841	2.851636	2.5944383	3.335659	2.513575	1.6721861	3.2279377	1.9802222	3.6596727	2.3228042	2.552685	2.260616	2.4024103	2.0363805	2.6910543	2.7527363	3.493454	3.2767088	1.9201866	3.7286186	1.2002778	3.6238878	0.650804	1.8370601	3.145316	2.2780142	0.6511185	1.6725745	2.0616755	2.3615465	2.241367	2.460438	3.3568892	3.030724	3.5769253
RB1_9662	9.82222	9.734263	9.888092	9.797325	10.055737	9.839722	9.660628	10.06607	9.755246	9.865926	9.797301	9.67173	9.936102	9.555689	9.8271265	9.914912	9.663738	9.904785	10.246513	10.153187	9.971976	9.650367	9.646392	10.03564	10.132993	9.711326	9.734835	9.877705	9.822614	9.418377	9.796154	9.832096	10.454314	9.942221	9.821202	9.702163	9.713222	10.029724	9.769169	9.817187	9.870847	9.931646	9.582061	9.809416	9.775489	9.730535	9.772644	9.91972	10.047832	9.9148855	9.928956
RBKS_9663	6.055879	5.664288	6.0673375	5.7565494	6.1782765	5.9511175	5.7668867	5.95831	6.019129	6.319228	5.7937264	5.7291265	5.8561053	5.9537992	5.477466	5.6580663	6.0838046	6.058238	6.1316237	5.73606	5.785782	6.025719	5.7617917	5.868835	5.942902	5.7107325	6.1402097	5.854978	5.6436443	5.570835	5.554647	6.05076	6.349101	5.7678056	6.3655014	5.993765	5.9081326	6.30161	5.4513173	6.1519628	6.3381515	6.299611	6.044917	6.0739093	5.480661	6.184802	5.2586884	6.2057843	6.1722803	6.0769405	6.1040573
RBL1_9664	3.4622953	4.9004173	4.895044	4.3853164	4.076445	3.817433	4.157102	3.9739296	4.5766063	4.966842	4.70523	4.7357945	4.4629893	4.3186173	4.462762	4.6409187	3.9864676	3.6719112	4.6298127	4.658498	4.4203105	3.1729507	5.0753727	4.5292926	4.8927097	3.9079125	4.0265417	4.2246437	4.804568	4.5540113	4.8614073	4.666459	3.6827233	5.0772424	3.8995237	4.355162	4.355269	4.4751067	5.065764	4.474157	4.2890453	4.101853	3.9316483	4.647667	4.6328683	4.4845195	1.5181447	4.8838315	4.5264735	3.876996	4.8057513
RBM12B_32289	3.9678442	3.9479325	3.57048	4.6622167	4.2505713	4.036466	4.3246193	3.9739296	4.133794	4.322547	4.8909454	4.417189	3.8335404	4.3770022	4.509489	4.7731557	4.234252	4.394814	4.010656	4.522376	3.9194357	3.8924706	4.1488166	3.676059	4.4560194	3.7736044	4.1446767	3.8351016	3.5877666	3.975925	4.1821556	4.296811	3.6827233	4.301587	4.028212	3.6479416	4.606508	4.0510454	3.5644774	4.1475735	3.7909622	3.7355564	3.0729647	4.02811	3.7759814	4.4393606	2.9700236	4.1304426	5.013094	4.16611	4.8428674
RBM34_9666	4.3414736	4.9386396	4.968504	4.223995	4.6326175	4.8830204	5.1462336	4.453426	4.876746	4.7945623	4.347129	5.1878657	5.2345824	5.085924	4.509489	4.7304096	4.540767	4.530389	4.711368	5.003455	4.617749	4.8792467	4.706411	4.7427316	4.7749977	4.524609	4.813399	4.4076104	5.0376115	4.1115565	4.357012	4.6251106	4.53006	5.0772424	4.624693	4.7133546	4.6444345	5.069037	4.673095	4.8408523	4.7759504	5.059218	4.350009	3.8929985	4.8065834	4.9056625	4.9461503	4.8085413	5.134897	5.2541795	4.9488087
RBM6_9668	6.836985	6.542411	6.4853535	6.4096494	6.8178287	6.382689	6.241935	6.773667	6.659884	6.3814654	6.5127215	6.40469	6.910587	6.451703	6.473021	6.632145	6.6187024	6.650922	7.0525455	6.7531986	6.853224	7.2811975	6.2825356	6.7017407	6.7966385	6.2170177	6.854595	6.4732523	6.34386	5.960407	6.3173943	7.210292	6.8011475	6.2328796	6.5157537	6.1629877	6.4586973	6.5830603	6.3363905	7.074529	6.81116	6.835329	6.4355917	6.2362285	6.384437	6.513692	7.5501504	7.3231506	7.103769	8.182374	7.3210063
RBP1_9669	9.613745	10.094191	10.272248	9.740042	9.442327	9.615771	10.095638	9.330348	9.311977	8.3183975	9.288393	9.914312	9.049025	9.425154	9.695649	9.812326	9.522313	9.587386	8.574121	8.392413	8.915952	9.133383	8.970494	8.693876	9.073248	9.498945	9.12759	9.3514185	9.608432	9.844293	9.56621	9.307949	9.159246	9.507273	9.354719	9.378794	9.472222	8.7951145	9.005733	9.749806	9.57679	8.938793	9.443564	9.878108	10.3419285	9.895315	8.565354	9.044255	9.188474	9.776946	9.434601
RBPJ_9670	3.5598304	4.6000867	3.747865	3.9763188	4.500918	4.036466	3.7492652	4.401509	4.876746	4.2172728	3.869711	4.9267755	4.3012185	4.730472	4.2590675	4.686358	4.2900763	4.0781755	4.9980674	4.4239254	4.4722605	4.4686303	4.267554	4.2786994	4.646822	4.755942	4.30551	3.8976135	4.3643665	4.505577	4.2428265	4.296811	3.6827233	4.301587	3.8995237	4.933553	4.1596217	4.1693053	3.9837794	4.7745934	4.2890453	4.101853	3.7600586	2.919052	3.934157	3.8872685	3.8124545	4.8466773	4.980966	5.2541795	5.308562
RCN1_33000	3.8181863	3.8709588	3.9787362	4.2797976	4.7913756	3.817433	3.4919653	3.9739296	4.712946	3.696925	3.7208104	4.4672427	3.9103696	3.2080395	3.480585	3.7837584	4.3438206	3.9550426	4.2478023	3.6287196	4.252195	4.027579	3.8772712	2.6216867	4.2942877	3.625497	4.0265417	3.6294594	3.163709	3.2526147	3.1370003	4.00606	3.5911903	4.0336113	2.7157705	4.355162	3.993235	4.224988	3.4182882	3.4125168	3.6340072	4.035659	4.3898067	3.2855973	4.206401	4.076129	4.100693	4.9553866	4.481253	5.229319	4.4684386
RCN3_32684	4.395317	5.38864	5.288377	4.821103	5.537539	4.102663	4.849189	4.5035396	5.5460544	4.719445	5.4359164	5.063219	6.0383162	5.2195606	5.4296722	4.3894033	4.8315554	4.394814	5.872699	5.6296487	5.3310165	5.169586	3.9500973	4.3842144	6.114264	4.8254848	5.572482	3.8351016	5.306762	4.5540113	5.349236	6.294423	4.069397	5.9659815	3.3291726	6.1917315	4.2607594	5.3197846	4.2227526	4.5942683	4.658599	4.4456296	5.1384506	4.2654305	4.3254046	4.8720703	5.371264	6.145871	5.1921477	6.3777184	5.959461
REEP5_9673	10.204234	9.992252	10.216799	10.004038	10.190091	10.328854	9.880527	10.042957	10.239255	10.576785	10.113315	9.572321	10.507109	9.749082	10.293028	10.17112	10.223679	10.344195	10.514897	10.485388	10.087863	11.830348	10.176774	10.630904	10.564067	10.104819	10.544153	10.35171	10.231874	10.336557	10.211102	10.092215	10.454314	9.863646	10.231949	10.182984	9.933136	10.3413725	10.158352	10.45581	10.721942	11.011683	10.172113	10.504085	10.080527	10.374623	12.225681	10.176155	10.632016	11.687202	10.422107
RELA_32444	7.471991	7.1263504	6.737319	6.4096494	6.9072514	6.786701	6.079606	6.964663	7.0428824	6.8810234	6.998488	6.6519566	7.411209	6.8727946	6.3628173	6.9253354	6.4573994	6.7281685	7.0758295	7.2024965	6.8235326	8.739644	6.3378634	6.8836837	7.2797937	6.570939	7.5760903	6.9347844	6.32194	6.047564	6.6100197	7.4121747	6.6841946	6.8744454	6.8821325	7.181829	6.5712724	6.791055	6.544531	6.959944	7.0158973	7.8289986	6.6474156	7.254457	6.646878	6.6782217	9.049355	7.2538877	7.2524815	9.22931	7.5626497
RELB_9675	5.1883197	4.820794	5.1996346	4.5756903	5.6244926	5.1875315	5.1462336	5.4201193	5.496531	5.030379	5.4829173	5.063219	5.7345986	5.812865	4.9086037	5.2373357	4.6299973	4.839777	5.6425724	5.6944327	5.119248	5.779924	5.258569	4.9630933	5.4227734	4.7198715	5.215552	4.5699625	5.0904317	4.8147464	4.8614073	5.5298853	4.8394446	5.430285	4.8503594	5.444169	4.820415	5.5333366	5.2060456	5.5443435	5.109838	5.4883585	5.250774	5.0482435	4.2671294	4.570806	6.154193	5.21065	5.376327	6.4001675	5.9424624
RFC4_9678	6.1051803	6.6499934	6.05052	6.119745	6.3916354	6.1204476	6.1105113	5.884585	6.0876226	6.331892	6.3060884	6.3118596	6.2600183	6.1838074	6.113404	6.536132	6.5053554	6.028007	6.62806	6.5925183	6.5490003	5.3608727	6.3911476	6.103233	6.365702	5.9783573	6.00617	5.7739816	6.2884216	6.0974374	6.071975	6.9167314	6.5447702	6.42473	5.6561756	6.13366	6.359573	6.364945	5.660887	6.112273	6.286344	5.8575196	5.6938853	5.5751214	6.1626387	5.881394	4.7601757	6.634213	6.2949557	5.76727	6.221448
RFC5_9679	7.9067864	8.087552	8.255709	8.123293	7.9939613	8.228559	8.241595	7.9722843	8.137726	8.195588	7.8387537	7.6717	8.034686	7.7444324	8.093863	7.890558	8.027275	8.10843	8.311844	8.156025	7.932907	8.088441	8.410816	8.360589	7.979433	8.010453	7.9451427	7.8441195	7.9847727	8.081548	8.307318	8.194854	8.690272	8.039357	8.056608	7.782497	8.122764	8.09957	7.9025435	7.8332105	8.221598	8.046288	7.9306436	7.9639554	8.05576	7.9779215	7.4253187	8.18734	8.05674	8.276387	8.11124
RFNG_9680	7.334047	7.383512	7.5328255	7.55606	7.450023	7.5913296	7.6917415	7.46587	7.2735453	7.501674	7.323009	7.030487	7.3912435	7.035699	7.315098	7.390992	7.424436	7.496945	7.417046	7.1262746	7.245369	6.998245	7.2732396	7.4125147	7.62418	7.506239	7.2534237	7.4390764	7.5292153	7.2574387	7.46296	7.138642	7.4550176	7.335007	7.306852	7.1528854	7.482235	7.54849	7.4022675	7.5159082	7.4518547	7.304548	6.969749	7.5466285	7.409843	7.438518	7.0658884	7.4890633	7.592589	7.4357347	7.595643
RFX5_9681	5.4137716	5.545475	5.1372876	5.125191	5.3714914	4.8448496	4.812067	5.22483	5.1572967	5.233011	5.230917	4.776067	4.9369683	5.1542892	5.1636105	5.4097934	4.904904	5.0348244	4.9980674	5.194739	5.785782	4.982656	5.1698766	4.574581	5.342288	4.9859533	5.3931413	4.750163	5.607858	5.0692115	4.8995934	5.388778	4.199067	5.133281	5.0454555	6.0731525	4.9165425	5.1286454	4.9374495	5.524321	5.2784324	4.68036	4.9382873	4.879793	5.101585	4.93849	3.8124545	5.4020805	5.2739763	5.8992147	5.976262
RGD1304728_9682	4.6819654	4.449393	4.73585	4.483641	3.947468	4.165955	4.2709126	4.401509	4.9149466	4.512522	4.067694	4.7357945	3.8335404	4.6849766	4.3127503	4.8550267	4.7542777	4.654311	4.5433693	4.522376	4.4203105	4.1511106	4.5275993	4.5292926	4.8927097	4.29872	4.883044	4.2246437	4.1321673	4.403539	4.740381	4.069087	4.1356883	4.722778	4.5408807	4.40511	4.1596217	4.564156	3.9308388	4.9648857	4.340757	4.4456296	4.6413255	3.8929985	4.6328683	3.8872685	3.8748934	4.249093	4.8447814	4.6510324	5.1693907
RGD1305347_32873	9.913847	9.902037	9.865434	10.040839	9.926947	10.210009	9.976969	9.797667	9.801861	10.1753	9.918721	9.470161	9.955494	9.334143	9.7453	9.898112	10.119679	10.089945	9.818706	9.933723	9.702448	10.69776	10.150939	10.067671	9.972914	10.0358925	10.187797	10.038926	9.945082	9.931663	9.948501	9.678881	10.302064	9.935342	10.091723	9.803413	9.805038	9.8903055	9.9694805	10.388178	9.839734	10.225944	9.932952	10.328658	10.262124	10.227979	10.935944	10.07135	10.129787	10.757226	10.189764
RGD1307929_9686	7.9114137	7.014489	7.154229	7.2132998	7.705712	7.2407284	6.6936088	7.666164	7.6695886	7.3229094	7.0617757	6.786185	7.7770324	7.401862	6.9074454	7.3206897	6.904544	7.2638884	8.054934	7.8684926	7.5167475	7.5233784	6.60921	7.418737	7.462239	6.706141	7.8827577	6.8582644	6.508175	6.755211	6.983342	7.7517476	7.5970774	7.066581	7.634558	7.3442626	6.980042	7.481483	6.694988	7.4270363	7.6747494	8.029379	6.9025574	7.1765966	7.1117215	7.147033	7.5972075	7.7120304	7.7909327	8.353187	7.2877436
RGD1308428_9687	5.387443	5.38864	5.831751	5.125191	5.6454363	5.4388366	5.580783	5.4713826	5.662901	5.691801	5.4118285	5.60047	6.215295	5.2511215	5.4296722	5.56382	5.509438	5.605042	5.6425724	5.815876	5.151471	5.8545256	5.342123	5.588823	5.7894607	5.4713902	5.9746127	5.790549	5.9879036	4.690261	5.8752217	6.03506	5.221623	5.558617	5.5742245	5.8388333	5.1453815	6.1078777	5.7853956	5.848044	5.079719	5.4379964	5.543212	5.6814513	5.506079	5.3820524	5.8775225	6.034634	6.255212	6.3777184	6.0886884
RGD1309995_9688	5.3332987	5.415992	5.288377	5.3762093	5.154896	4.95646	5.367067	4.401509	4.9149466	4.8307037	5.086223	5.217415	4.5615644	4.589442	4.873309	5.462984	5.334645	5.09439	5.237129	4.614536	4.7071815	5.3087573	5.3148055	4.996757	5.1027284	5.4495306	5.0129924	4.9103346	5.4348335	5.5941844	5.455594	4.7457614	4.9168887	5.018939	4.8847632	4.967194	5.319588	4.5203185	4.9901524	5.106288	4.9853954	5.124364	4.6413255	5.386793	5.1983166	4.76633	4.5077496	5.0564756	5.517405	5.3949647	5.5295434
RGD1561778_33259	4.227354	3.7034745	4.0481544	4.4353166	4.2505713	2.4913077	3.7492652	4.172859	4.477985	4.2172728	4.6650357	3.329294	4.86158	4.6849766	4.5986342	3.6060004	2.9416285	4.2967916	4.6711664	4.70116	3.6753457	4.4203296	3.542482	3.975235	5.5235453	4.248965	5.04373	3.2998173	4.181693	3.745087	4.5129476	4.4934416	2.5201793	4.3962374	3.4257977	4.303423	3.5087726	4.224988	3.632368	4.43179	4.340757	3.6496496	3.340016	2.4264417	3.3956287	1.618053	3.4518747	3.7825003	4.481253	4.8598094	5.2817807
RGD1562178_32879	8.370471	6.9782495	7.0649385	7.2968135	7.634172	7.340118	6.9712553	8.103996	7.7081704	7.0438256	7.1224036	7.47166	8.008714	7.32238	6.7015014	7.3841143	7.150569	6.9857907	7.8763857	7.172489	7.4791546	7.963392	6.912319	6.819291	6.9673586	6.455039	8.121188	6.9122515	6.527458	6.3651233	6.6328692	8.122413	7.5613456	7.163958	8.169054	7.1007934	7.3959303	7.059594	6.570722	7.714527	7.520731	8.003639	6.711634	7.675732	6.8491178	6.8258944	7.7796254	7.9319625	7.6293263	8.785002	7.807613
RGD1562997_32695	3.122527	2.7252557	1.7361541	2.9322088	2.905456	2.8407314	2.6148129	4.043332	3.273749	3.440461	3.029906	2.4661293	3.574956	1.795884	3.0459516	4.015051	2.4476285	3.4158573	3.560594	3.872183	3.3813758	4.688498	2.4763973	3.298162	3.1306887	2.1163197	3.2240188	3.5538383	3.163709	3.6591327	3.2595172	3.2645237	3.3886123	2.942179	3.4257977	3.270766	3.2381685	3.9880698	2.9709482	3.793278	4.061393	4.035659	3.2563734	2.919052	3.3956287	3.1024148	5.003171	4.4606056	4.6128726	4.8270445	3.7432039
RGD1564420_9693	7.791038	7.727103	7.8760443	7.9275703	7.444059	7.6367197	7.9654946	7.761921	7.3026524	7.4676495	7.5441136	7.5722885	7.6427474	7.32238	7.782796	7.7424607	7.8713183	7.735449	7.528127	7.3166485	7.7291446	7.2676105	7.797048	7.6103277	7.589731	7.7714787	7.565538	7.671505	8.008984	7.753711	7.8469305	7.5455875	7.774	7.787641	7.3628407	7.5961733	7.749155	7.349919	7.4594574	7.8413258	7.5811033	7.658034	7.3786135	7.590959	7.6396613	7.896724	7.350387	7.891489	7.7628646	7.8072915	7.889717
RGD1565002_9697	5.0271273	5.2435145	4.4063993	4.483641	5.1253834	4.6371956	4.7739644	4.9635353	5.418904	4.933993	5.387332	5.1878657	5.0768657	5.0141573	4.4144707	4.9697304	4.6299973	5.310737	4.861828	5.102265	5.657026	3.9616058	5.3689322	5.1542134	5.8682203	4.682876	4.4501987	5.234793	5.190602	5.3138585	4.9730616	4.993321	4.799106	5.452482	4.583395	5.211334	5.5165024	5.3451347	4.5729938	4.9648857	4.9853954	4.4957304	5.1844344	4.8064904	4.206401	4.528308	3.4518747	5.452413	5.400819	5.070428	5.1693907
RGD1565355_33245	4.883804	5.933971	5.3719754	5.4015837	5.8755717	4.8830204	6.079606	5.2544	5.7709885	4.8307037	5.8305345	5.5315666	5.796631	5.725684	5.9194136	5.6350756	5.7473793	5.2066154	5.7622194	6.0318227	5.302602	5.2268753	5.258569	5.3750796	6.3520646	5.35862	5.59341	4.750163	5.2145944	5.369046	5.2929645	6.081656	4.9541054	5.558617	5.0755525	6.3907886	5.6529994	6.1226125	5.183592	4.705144	5.2784324	5.0255075	5.5952044	4.6050706	5.506079	5.257497	5.57306	6.1304955	5.666255	6.020097	6.2902446
RGD1565356_32319	3.244892	2.7252557	2.9989855	2.2280116	2.5968776	2.278697	0.0	3.2507074	2.518521	1.9320939	3.2631965	3.329294	3.2596772	2.7588696	3.167487	1.3766294	1.3132819	2.363299	2.411319	2.4719195	2.6994162	3.819855	1.3343891	2.4378424	3.7456298	2.8082936	2.9915388	0.70663524	1.5044802	1.7340541	1.7394503	4.00606	0.83949393	2.942179	1.9201866	2.203147	3.0246947	2.8820758	1.9449388	3.1240695	1.9462588	3.8166342	2.862796	0.0	2.5265856	1.9105306	3.1824234	3.0885482	2.3969975	5.15206	3.7432039
RGD1565775_9698	4.9572444	5.181114	5.3987985	4.743846	5.5149565	5.2762537	4.653219	4.5035396	5.0921063	5.2597675	5.3112435	5.35671	5.0431423	5.085924	4.873309	5.2675486	4.9747024	5.2596154	5.8185163	5.490641	5.465258	5.0791464	4.7881384	5.268869	5.9060445	4.7911325	5.5078135	5.0267854	5.261414	4.646259	5.3765697	5.63777	5.7936397	5.474343	5.3708076	5.0322104	4.9772444	5.794854	4.8258905	5.848044	5.544109	5.3858123	5.560752	4.8436074	5.288968	5.4290123	5.3494406	5.7627587	5.941341	5.6782236	5.6807
RGN_9699	6.912786	7.1831737	7.267715	6.733185	8.01825	7.579756	6.8934236	7.2479906	6.7681894	8.466443	7.81599	6.515887	7.851986	6.8727946	7.6945534	7.29158	7.7118473	7.7950068	7.7275167	8.495996	7.498073	9.540264	7.77717	8.636303	7.868859	7.0850096	8.088393	7.745599	7.6128373	7.727555	7.2940564	7.1089544	6.0727806	7.4607887	7.854467	8.287515	6.7384152	7.8211207	7.810294	7.3608346	7.6182466	7.9641466	6.8747797	6.9570756	7.501158	7.1114883	7.501506	7.7274423	7.9151483	7.509862	7.7743773
RGS1_33288	0.0	1.3805355	2.6870766	2.785719	2.4136927	1.7274573	2.7777128	2.0347693	1.3654954	1.2678612	3.1512616	3.707994	1.7395756	2.5715709	2.7670465	2.71987	2.7949874	2.851636	2.5944383	0.8139097	1.3618308	0.7899299	2.6612716	0.79608655	2.8493636	3.0598574	0.7615591	2.0565722	2.7030282	2.6845412	2.505423	2.8986797	3.2755504	1.8774635	1.9201866	1.9574919	2.6302555	2.5743628	1.4383613	1.8370601	2.7457702	0.82376546	2.9717042	1.6725745	1.7574636	1.2508019	2.5780368	2.6448896	1.942873	3.141468	3.5769253
RGS10_32464	4.4973273	5.273731	4.8568616	4.821103	5.2399745	3.5590887	4.474693	4.73091	4.426025	4.1037073	4.581123	5.246371	3.9833133	5.4814596	5.103959	5.109729	5.68628	4.1916203	4.897113	4.4239254	5.151471	3.662644	5.139058	4.2786994	5.662621	5.261594	4.4501987	4.644765	5.607858	5.3138585	4.5613933	4.857096	4.069397	5.474343	4.4052587	5.467864	5.2226305	4.564156	4.538021	4.199003	4.9189024	4.339885	5.090953	4.02811	4.206401	4.612088	2.850816	4.769369	5.134897	4.613098	5.2817807
RGS2_9701	3.4622953	3.0385108	3.747865	3.0651855	3.2715344	2.6765726	2.7777128	2.9944959	3.1510859	2.3851907	3.3670683	2.650732	3.574956	3.8263452	2.2108426	3.9419975	3.6014547	3.4158573	3.944735	2.9674861	3.3813758	3.819855	3.2279377	2.7847295	4.2942877	1.8752655	3.5999305	3.2998173	2.7030282	2.8488586	2.8555002	4.1294756	3.3886123	3.4631736	3.225608	3.270766	2.7740545	2.8820758	2.615978	3.013504	3.9325047	2.987353	4.1326733	2.772775	3.3956287	2.704639	3.934742	3.9318867	3.0200155	4.0573144	3.662459
RHEB_9704	6.2140594	6.57917	6.2551956	6.179643	6.475897	6.4350147	6.6833673	6.159261	6.388431	6.1860685	6.4431224	6.57415	6.274623	6.711988	6.270876	6.0370026	6.3694386	6.590145	6.1316237	6.248667	6.3550997	5.9080496	6.364752	6.37049	6.7865343	6.267867	6.168378	6.0464764	6.740747	6.4314413	6.359101	6.3334546	5.8735137	6.736527	6.2514815	6.779598	6.336589	6.5287814	6.1976185	6.2768903	6.1038394	6.2420673	6.6142015	6.12002	6.635406	6.524544	6.02248	6.249141	6.1289554	5.8511386	6.656179
RHOA_9705	10.518165	9.819947	9.844854	9.792538	10.122611	9.797876	9.309153	10.150078	10.26444	9.849505	9.654489	9.755946	10.520957	9.714121	9.640296	9.927977	9.573826	9.822412	10.4934435	10.145484	10.073219	11.209473	9.374375	9.671437	10.058325	9.646752	10.466876	9.765904	9.443116	9.4200115	9.67479	10.169748	10.2692175	9.819494	10.184405	9.944153	9.808174	9.810653	9.638038	10.018478	10.185634	10.829554	9.458847	10.097564	9.458211	9.6235695	11.593401	10.115948	10.239094	11.493967	10.191564
RHOC_9707	7.0617423	7.3341837	7.2749724	6.988944	6.6621165	6.497861	7.145509	6.9375763	6.747169	6.475777	6.808607	7.022139	6.515	7.044732	6.6606803	6.796573	6.913458	6.5693035	6.5636377	6.248667	6.6082454	5.890428	6.675141	6.3575926	6.637108	7.012314	6.588851	6.5037155	6.583809	6.966777	6.655362	6.7726965	6.292108	7.3877954	6.8650017	6.9575095	7.0872006	6.364945	6.3864007	6.5974903	6.6666756	6.775746	6.802901	6.3043756	7.144463	6.5027585	4.886783	6.989905	6.6922235	6.949294	6.7568455
RIOK3_9709	7.925206	7.785943	7.7039022	7.766004	7.764329	7.8298545	7.459408	7.802521	7.833126	7.822009	7.5551524	7.713775	8.105835	7.5614285	7.621983	7.924138	7.6964364	7.692727	7.932733	7.8257527	7.8121185	7.7257295	7.74683	7.759959	7.85925	7.780262	7.985283	7.71988	7.5196176	7.589148	7.740497	7.8174653	7.637676	7.851677	7.9550333	7.878442	7.704971	7.6536846	7.576101	7.889081	7.9323993	8.120015	7.4556384	8.057757	7.807505	7.641561	7.300077	8.118869	7.952905	8.276387	8.18536
RIPK1_9710	6.121247	5.148872	6.778753	5.6547036	6.732317	6.7664237	5.021694	7.017357	5.7709885	6.3692307	6.524002	6.167939	6.8533607	6.642287	6.691404	6.4465365	6.219373	6.493892	6.9129977	7.3303027	6.8235326	6.5814834	5.0753727	5.42539	6.7865343	6.687585	6.669901	6.355706	6.001758	5.9240146	5.7131386	6.081656	6.811324	6.5840173	6.6317067	6.932182	6.5712724	6.031859	6.831225	6.6992254	6.7740235	6.151205	5.507479	6.222204	6.080421	5.062804	6.2978525	6.8838625	5.8375125	7.073217	7.64376
RIPK3_9712	2.6772566	3.1728475	3.1328285	2.785719	1.9581286	3.1218095	3.2907877	2.0347693	2.518521	2.1763573	2.1965384	2.650732	2.5055704	3.6481564	2.7670465	2.8848794	3.196582	2.9835122	2.9029238	2.8204348	3.3813758	2.215664	3.4450598	3.0641665	2.2866638	3.0598574	2.370703	1.8188398	2.7030282	2.4990745	2.0422144	2.5903506	2.3065865	2.3252215	3.6015635	2.4129963	3.3341212	3.4478643	2.8620489	2.6195595	2.5835295	2.8399913	2.7449903	1.9697882	3.7759814	2.704639	2.850816	2.0009227	3.5444415	3.141468	3.284909
RNASET2_32523	9.774762	10.378542	10.094971	10.068828	10.292393	10.006773	10.123367	10.0312605	10.280073	9.816093	10.033672	10.299922	10.067718	10.015746	10.226405	10.296379	10.23261	9.967855	10.252486	10.114254	10.311998	8.084572	10.2049465	10.123975	10.287854	9.858557	9.646226	9.71148	10.327112	10.247325	10.067539	10.318207	10.397187	10.256384	10.024848	10.221827	10.182291	10.384802	9.8542595	10.007703	10.18475	9.554146	10.345304	9.604384	10.072042	10.055401	7.878179	10.266844	10.265174	9.111812	10.394249
RNF167_9717	9.045224	9.242165	9.284245	9.344908	9.455728	9.30031	9.302476	9.117553	9.350815	9.270816	9.30647	8.753838	9.426253	9.011392	9.273174	9.266071	9.329324	9.287461	9.617887	9.501559	9.327307	8.818634	9.434307	9.404583	9.486055	9.344649	9.277361	9.320379	9.41103	9.188413	9.432601	9.413418	9.858869	9.326789	9.183919	9.042493	9.214592	9.220227	9.312946	9.459475	9.394582	9.149073	9.251721	9.337932	9.126589	9.502557	8.960369	9.243211	9.41578	9.173388	9.399219
RNH1_9718	5.305445	5.2435145	5.1050735	5.4015837	5.0952544	5.5137362	5.314946	5.033428	5.1572967	5.177961	5.3370547	5.0302987	5.3767443	3.9078133	5.1925364	5.32614	5.04128	5.3601093	5.418061	4.782876	4.36642	6.6459136	5.200051	5.268869	5.1027284	4.891829	5.369071	5.16026	5.5524573	5.473466	5.2344084	5.2045574	5.127021	5.2894125	5.1622505	5.3194785	5.1453815	4.802422	5.2499304	5.564092	5.330519	6.3136454	5.1148973	5.411723	5.288968	5.496704	6.728165	5.742674	5.6459084	6.902885	5.9928694
RNMT_9719	8.129644	7.882244	7.7358117	7.7562017	7.973403	8.008818	7.8141327	7.998733	7.9799986	7.9425116	7.745462	7.8187175	8.173639	7.9362364	7.8749013	7.7796245	7.742184	7.886307	8.023346	8.105305	8.031431	8.033305	7.6626577	7.7151604	8.031696	7.5734735	8.012731	7.4906836	7.639668	7.657242	7.5375075	8.180654	8.167721	7.839095	7.88453	7.9133773	7.568607	7.8959312	7.1933866	7.8574204	7.923948	7.9462414	7.5726466	7.8083763	7.563017	7.527516	7.945188	8.018034	7.8275275	8.236399	7.971595
RNPS1_9720	7.9746804	7.7701325	7.802618	7.7512755	7.788067	7.7075615	7.761555	7.7095094	8.058886	7.8792105	7.614399	7.4469266	8.081122	7.5424213	7.6894894	7.8611393	7.5892615	7.968196	7.9951267	7.9503517	7.5713615	8.528025	7.7262425	7.840962	7.997065	7.8233953	8.051058	7.7582884	7.5244246	7.5478897	7.7819743	7.812869	8.363695	7.747809	7.828191	7.64895	7.6869106	7.7230077	7.9827595	8.139959	8.165346	8.428062	7.5683174	8.253178	7.73948	7.7702246	8.659261	8.018034	8.160788	9.150396	8.008815
RPA1_9721	7.313218	7.049841	7.1384	6.946473	7.3704944	6.8840213	6.2558246	7.305622	7.4914484	7.290837	7.2365127	6.944753	7.797404	6.7344933	6.863154	7.28421	6.9996934	7.16317	8.031308	7.766722	7.3874297	7.15405	6.7278714	7.3681903	7.8878865	6.9436007	7.5279846	7.083369	7.367418	6.8648686	7.0442677	7.4541	7.4679413	7.2987103	7.2016125	7.563555	7.107709	7.349919	6.949059	7.1678305	7.729122	7.7691474	6.8464565	6.896548	6.635406	6.935658	7.2121196	7.6378484	7.660088	8.050215	7.5626497
RPA2_9722	5.15749	5.012174	3.8289971	4.1054654	4.828478	4.6371956	3.582927	4.6882124	5.058372	4.719445	4.2417574	4.3115497	5.1735487	4.638	3.7377028	4.2143354	4.234252	4.394814	5.343279	5.0371494	4.1281424	5.140065	4.08557	4.1043754	4.7335253	3.2740002	4.6229854	4.070375	3.6594398	3.365476	4.410885	4.993321	4.799106	4.200289	4.4970746	4.303423	4.1062636	4.278601	4.1780205	4.5942683	4.8491964	5.246444	3.7600586	4.3708944	3.5005221	4.0158815	5.281917	5.02356	4.5264735	5.3495455	4.5151744
RPA3_9723	5.9155264	7.451178	6.737319	6.692645	6.8721447	6.921183	7.287505	6.1276536	6.6485925	6.6678224	6.7231	7.1578717	6.5633836	7.457035	7.2546625	6.8171463	7.016339	6.709241	6.6897273	7.070417	6.8823166	5.836234	7.123847	6.8472404	7.037199	6.352757	6.1543627	6.431608	6.874767	7.349501	6.7524533	6.704858	6.780576	7.3587074	6.6113057	7.196086	6.629165	7.2924366	6.1636057	6.446078	6.24623	6.151205	7.1427684	6.263875	6.6695514	6.869105	5.799189	7.031888	6.954586	6.005529	6.9220395
RPF2_9724	4.7246556	5.570033	5.450994	5.4015837	5.1838164	5.3325086	5.931703	4.551971	5.3084435	5.5253606	5.5506673	5.4592066	4.9369683	5.3122444	5.2487035	5.109729	5.6440597	5.4540567	5.237129	5.336797	5.61142	5.0791464	5.678513	4.996757	5.5947585	5.102601	4.777274	5.351048	5.678564	5.473466	5.4297304	5.3126874	5.3666906	5.4958773	5.3708076	5.7449813	5.7077637	5.3197846	5.2060456	5.0513787	5.330519	5.216879	5.3946424	5.4362297	4.997898	5.474491	4.7601757	5.181105	5.686319	4.5741396	5.6178474
RPIA_9725	5.4899917	4.9386396	5.316785	5.125191	5.0330415	5.0600524	5.367067	5.3669667	5.5215054	5.362092	5.505856	5.1878657	4.9732347	5.972854	4.9086037	5.32614	5.509438	5.0348244	5.512098	5.003455	5.8061666	4.805945	5.2296066	5.774947	5.2860236	5.210519	5.103307	5.305664	5.5896263	4.892143	5.2639832	5.5298853	5.3940325	5.7678056	4.8151155	6.0731525	5.5165024	5.3451347	4.882748	5.8799086	5.6908045	4.9909906	5.578081	5.1990657	5.6947503	5.3086166	4.6924458	5.5247655	5.1921477	5.481725	5.639104
RPL19_9731	11.947777	12.856635	12.690754	12.675116	12.555103	12.485941	12.907923	12.094481	12.295358	12.526843	12.756525	12.932483	11.977184	12.94416	12.962959	12.465412	13.055767	12.579407	12.247119	12.124096	12.583317	11.547972	12.83709	12.788155	12.841981	12.773616	12.0626955	12.544627	13.057192	13.039778	12.740537	12.3557825	12.797983	12.781713	12.482707	12.971126	12.918725	12.734627	12.830489	12.7407675	12.572603	12.066506	13.180357	12.550929	12.803337	13.044822	11.64666	12.761326	12.9133415	11.937461	12.871096
RPL35_32720	13.322723	15.401744	14.947071	14.634807	14.439192	14.562869	15.264361	13.625252	14.024158	14.26644	14.764454	15.297976	13.2761135	15.223066	15.224008	14.527018	15.1596575	14.569547	13.6848135	13.650597	14.630617	13.1148205	15.16048	14.652665	14.644746	14.918918	13.356717	14.639892	15.282351	15.319832	14.806446	14.154565	14.0862	15.048296	13.997748	14.70567	14.823665	14.62145	14.943449	14.149134	14.121131	13.322355	15.314973	14.098789	14.849533	15.126712	13.270044	14.34485	14.483966	13.245285	14.626185
RPL6_9738	10.360445	10.3254385	10.23552	10.064862	10.255406	10.228657	10.289566	10.175418	10.135901	10.269648	10.051322	10.146127	10.337501	10.155731	10.222905	10.071887	10.378158	10.078927	10.468737	10.238935	10.1638775	10.589303	10.259693	10.124926	10.417089	10.193798	10.169621	10.116537	10.333288	10.197694	10.199669	10.213995	10.197317	10.144941	10.229442	10.226174	10.199113	10.2026415	10.206475	10.1443405	10.360225	10.595444	9.971166	10.184215	10.119133	10.305525	10.629674	10.2990055	10.31435	11.188943	10.407471
RPLP0_9739	3.894955	3.4089699	4.1777077	3.677126	4.714179	3.5590887	4.096643	4.77238	4.797169	3.8456316	4.70523	3.7889483	4.1189895	4.0581245	4.1453104	4.686358	4.3956347	3.7480712	4.1920695	4.658498	4.5708647	3.5771093	3.9500973	4.1043754	3.4706786	3.460427	4.0265417	4.2726064	4.487633	4.690261	4.357012	4.3984737	4.42794	4.200289	3.8995237	4.863822	4.1596217	4.564156	3.4182882	4.5153155	4.1217613	4.339885	4.6079693	4.1516447	4.3254046	4.6912694	3.4518747	5.2958193	4.6943884	4.4929166	4.4684386
RPN1_9740	8.8661375	8.908366	8.896688	8.757782	9.078425	8.794498	8.554164	9.004637	9.003969	8.849968	8.9445505	8.699905	8.8341465	8.64038	8.750632	8.972507	8.775942	8.796247	9.000432	9.062344	9.125128	8.722318	8.758753	8.983449	9.112198	8.704996	8.843033	8.638522	8.84645	8.903072	8.831501	9.202967	9.017008	8.9804325	8.716979	8.757751	8.723824	9.098803	8.570153	8.913236	8.923096	8.996482	8.683371	8.661846	8.783644	8.76463	8.770192	9.184863	8.9949255	9.11011	9.20443
RPP38_9741	4.5457487	4.861155	4.458325	4.7829914	4.4059267	4.6811867	4.3246193	4.2335076	4.712946	5.091235	4.537262	3.329294	5.1420355	4.8173723	3.3835778	3.1672053	3.9864676	4.245164	4.6711664	4.7425966	5.018021	4.843061	4.5744224	4.5292926	5.134941	4.29872	4.1446767	4.070375	3.2590787	4.646259	4.410885	4.666459	4.42794	4.608809	4.624693	4.303423	4.1062636	4.974735	4.26614	4.248663	3.9983876	4.68036	4.3090825	4.3708944	3.2825065	2.704639	4.7601757	5.267985	4.6943884	4.8270445	4.5151744
RPS19_33100	11.826547	12.640862	12.400579	12.258037	12.403338	12.077689	12.507126	11.930716	12.134939	12.16134	12.321141	12.578867	12.088572	12.588973	12.508358	12.127061	12.523873	12.268973	12.373462	12.203447	12.492485	11.68492	12.406634	12.353426	12.53421	12.344743	11.821557	12.262716	12.582531	12.499251	12.3833475	12.312483	12.001851	12.482295	12.079405	12.666016	12.399786	12.489715	12.510049	12.123141	12.23083	12.076572	12.641316	12.1317	12.399694	12.722584	11.661404	12.618123	12.544694	11.883211	12.660988
RPS27A_32458	9.877655	11.533595	10.929332	10.82258	10.782935	10.610593	11.218038	10.005407	10.457169	10.681304	11.020096	11.367242	9.901233	11.417071	11.215271	10.8557	11.296889	10.791	10.370948	10.509594	10.920154	9.375868	11.143528	10.809042	11.011765	10.883483	10.002681	10.546571	11.170858	11.248571	10.906173	10.750692	10.534056	11.267187	10.353617	11.350727	10.997953	10.79957	10.805119	10.587079	10.61837	9.953098	11.057578	10.697692	10.935903	11.1606865	8.983578	11.20519	11.204554	9.794001	11.241335
RPS5_9747	11.154701	11.973464	11.584743	11.529923	11.735076	11.51078	11.733138	11.1231365	11.547987	11.553854	11.626902	11.865286	11.385268	11.861778	11.772157	11.545474	11.918517	11.628156	11.681194	11.684129	11.779272	10.734026	11.766587	11.782339	11.769016	11.516301	11.093421	11.356036	11.711112	11.732054	11.620504	11.792322	11.732096	11.796769	11.463885	11.620226	11.66167	11.800025	11.597938	11.384866	11.626075	11.2597275	11.783809	11.2870035	11.4583	11.854145	10.631371	11.821708	11.719683	10.885086	11.848228
RPS6_32332	13.43945	13.770002	13.514924	13.447039	13.8415575	13.364904	13.457433	13.379991	13.648229	13.545956	13.612345	13.799115	13.748806	13.873261	13.700561	13.48068	13.674741	13.629388	13.895833	13.841324	13.82597	13.743826	13.5954485	13.666268	13.845005	13.525515	13.3280325	13.478618	13.708481	13.634526	13.556231	13.890729	13.316887	13.692548	13.566606	13.641206	13.59305	13.813479	13.564572	13.35279	13.743279	13.672331	13.697726	13.290251	13.523172	13.754949	14.074417	13.77612	13.567911	13.912752	13.6750145
RRAGA_9750	8.244114	8.413517	8.28116	8.240424	8.504381	8.42892	8.147873	8.217195	8.294458	8.057538	8.164836	8.194268	8.328646	8.283937	8.055013	8.151769	8.179135	8.165091	8.311844	8.459185	8.369481	7.937885	8.348198	8.14108	8.181864	8.2569065	8.135529	7.9024444	8.059534	7.947464	7.9551425	8.290524	8.605094	8.318497	8.18984	8.387186	8.235774	8.1792555	8.00534	7.96532	8.225042	8.186349	7.92049	8.171602	8.163518	8.073385	7.791814	8.0054455	8.178603	8.270307	8.080492
RRM1_32657	8.380518	8.141804	7.9043994	7.9099956	8.39733	8.042936	7.82349	8.217195	8.351283	7.9217186	8.044665	8.241775	8.47494	8.41859	7.7969923	8.110693	8.027275	7.935996	8.554917	8.339381	8.32426	8.493424	7.8311887	7.735243	8.393041	7.7448025	8.099408	7.840146	7.762748	7.5358815	7.9997725	8.377131	8.566562	7.952466	8.075348	8.339817	7.966852	8.165091	7.846476	7.9315104	8.315052	8.351904	7.879144	7.951258	7.786914	7.8413844	9.327088	8.410618	8.223919	9.015131	8.115038
RRM2B_33011	8.467922	8.992534	8.970067	8.836643	8.838077	8.83644	8.906477	8.490025	8.422623	8.786981	8.9715805	8.562749	8.581566	8.695908	8.800807	8.66725	8.999609	8.773649	8.736338	8.743134	8.7859955	8.259494	8.921533	9.006354	8.868167	8.89085	8.434126	8.740103	8.767554	8.67572	8.868071	8.646175	9.196606	8.879601	8.775449	8.892983	8.896811	8.741234	8.950285	8.605459	8.604029	8.388829	8.715046	8.511393	8.633159	8.870491	7.97756	8.968453	9.004946	8.5815115	8.951829
RRP12_9752	3.3576849	2.8903687	4.1143847	4.483641	3.8783808	3.9670856	4.3763976	2.9944959	4.197168	4.719445	3.4639611	4.073784	4.1189895	3.2080395	4.7619276	4.443337	3.07473	3.7480712	3.3728328	3.335659	3.5838535	3.662644	5.258569	4.574581	4.2942877	3.5453217	3.4241838	3.8351016	4.3643665	4.3496795	3.9831457	4.2431602	4.714878	3.5480838	4.201987	4.303423	4.4863505	4.0510454	3.9837794	3.793278	3.548624	3.460776	4.0356593	3.7439134	3.934157	4.189564	3.934742	4.769369	3.5444415	4.16611	5.015347
RRP1B_9753	2.6772566	1.3805355	2.5015457	3.4033608	1.9581286	1.3453724	1.9740967	3.2507074	3.0170162	2.7294815	2.1965384	2.8143709	3.4773233	2.356276	1.9647921	3.0329375	3.3089392	3.5915058	3.8031044	3.5374908	2.3002052	3.8924706	2.8251235	2.6216867	2.8493636	2.3228042	2.8595514	2.8718307	1.5044802	1.3511056	3.0031052	3.641533	2.8709326	2.1186442	2.9930947	0.78321815	1.2002778	3.538559	2.475174	2.6195595	2.7457702	3.8933966	1.9455801	2.919052	0.8429203	2.5432677	3.9922063	3.7015753	3.710393	4.8918467	3.5769253
RRP8_9754	3.7371018	3.4089699	3.6618972	3.1869333	3.3754735	3.1218095	1.6765455	4.172859	3.7669325	3.6163983	3.3670683	3.4336874	4.357182	4.127788	3.8141444	3.0329375	3.07473	3.5915058	4.750479	4.4739904	3.8425713	4.3703556	3.2279377	3.402313	3.826752	3.0598574	4.30551	3.2041273	3.348533	2.6845412	2.505423	3.5561097	3.1528687	3.4631736	2.3721387	3.3746989	3.5887606	4.111387	3.339235	4.038864	4.061393	4.54415	2.1448007	3.820381	3.5005221	2.9816122	4.5077496	3.9318867	4.11745	5.3724337	4.3183975
RRS1_9755	5.9338355	6.3852234	6.5101666	6.0888367	5.6454363	5.9511175	5.8607645	6.1901913	5.8908353	5.7683334	5.7749643	5.434257	6.003669	5.5078287	5.9194136	6.0370026	6.2336793	5.778496	5.8368044	5.5847845	5.9955854	6.455325	6.3513703	6.103233	6.0649586	6.1508265	5.8409934	6.1782217	5.872	5.978265	6.5270715	5.8854995	6.247835	6.219998	5.8601375	5.993765	6.124855	6.047386	5.9407434	5.8799086	6.259726	6.327544	6.4067855	6.277502	6.328544	6.1571765	6.7780304	6.263309	6.157983	6.745223	6.4063706
RSAD2_32612	4.592598	3.6118274	4.3525343	3.591516	3.7294111	5.0263414	4.734828	4.927277	4.3161297	3.696925	4.004671	3.9383843	4.1189895	4.539192	4.2590675	4.686358	2.4476285	4.0179224	3.875657	3.9449909	4.946362	1.6721861	4.7478533	3.676059	4.8927097	3.9079125	3.6803772	3.8351016	4.08088	3.365476	3.833374	4.4467387	3.5911903	4.0336113	3.6820183	4.303423	3.5887606	4.380197	3.8758812	4.248663	3.457868	3.8166342	4.3090825	3.0518532	3.2825065	3.6699069	4.249509	4.769369	4.386324	4.613098	4.5151744
RSU1_9756	5.7600327	6.1283956	6.460106	6.1043735	6.5555067	6.1676	6.29671	6.159261	6.36102	6.331892	6.29296	6.1978946	5.7762485	5.991661	6.564378	6.2334733	6.407795	6.253783	6.231763	5.835159	6.0983434	6.041772	6.1184406	6.040056	6.432021	6.399113	6.2497253	6.0738053	6.468817	6.378633	6.5392175	6.0662904	5.930645	6.2832866	5.842742	6.57662	6.056169	6.0161624	6.128772	5.895581	6.05823	6.0204053	5.628854	6.12002	6.2098103	6.4004364	5.2586884	6.083361	6.4555492	5.990813	6.178538
RT1-A2_33098	7.189147	5.273731	7.0649385	7.5332823	8.050013	7.1959434	5.9659057	8.050219	7.2954307	6.5317373	7.56064	7.5375686	8.363221	6.4918876	7.2818356	8.029273	7.373665	7.5722013	0.7823533	8.280814	6.853224	8.111441	7.2732396	7.4372444	7.9838614	7.3200073	8.290938	6.9046617	7.290495	5.547102	7.242991	8.364624	7.136763	5.6764603	7.88453	6.6612678	7.833661	7.6435037	6.2417564	0.7165108	8.411913	8.506523	7.0954146	6.7181773	7.361922	7.385934	7.7714424	7.9969926	7.3687835	8.827033	7.659449
RT1-A2_9758	5.305445	4.395448	5.6427197	5.8331466	6.0108395	5.738567	4.88538	5.8068886	5.2498713	5.233011	5.736692	5.687503	6.452145	4.8589354	5.866547	6.001489	6.0838046	5.5422583	1.9559586	6.0811114	4.5224047	6.666766	5.8405237	5.521034	6.3792124	5.799817	6.168378	5.946529	5.7126584	4.7329607	5.931597	6.081656	5.57216	5.1872244	6.0839214	4.40511	5.827999	5.866634	4.1780205	2.07588	6.5060935	6.25667	5.8157644	5.2274265	6.1465654	5.5401297	7.15665	5.896027	5.907555	7.256635	5.7010565
RT1-CE10_32808	8.529414	7.3269973	7.6876793	7.949242	8.237551	7.7128696	7.0530787	8.103996	8.149789	7.8574777	8.016989	7.799308	9.381414	7.8666267	7.5842814	7.9845004	7.960033	7.7071085	8.181965	8.06095	8.103206	9.099274	7.710607	7.710096	8.238553	7.9916673	8.564377	7.859905	8.002108	7.2863965	7.6759562	8.233198	8.021982	7.4049706	7.9830914	7.84264	7.9442234	8.132703	7.7466226	8.250733	8.6405945	8.989943	7.6647415	8.349867	7.7341123	7.8413844	9.225918	8.273856	8.454911	9.641001	8.717128
RT1-CE11_32928	10.220173	10.296296	9.335473	5.9409184	6.732317	5.914729	8.962605	6.6456194	10.131853	9.530442	7.5441136	5.9910464	8.53076	9.678292	5.56855	6.3368278	6.219373	5.9971285	11.025478	6.8511662	10.0868225	7.4349766	5.7414184	7.5884147	6.457718	6.2926354	7.0863214	9.281349	5.9165626	9.608098	5.8752217	7.517616	10.025483	10.459097	9.820092	9.646148	5.7605243	7.1842237	9.957124	11.013301	6.676771	7.7691474	6.463834	9.429275	5.881137	5.3820524	9.099244	7.2538877	10.034198	8.327063	10.241062
RT1-CE5_32445	5.15749	5.3323293	5.5013666	4.9978786	6.262027	4.7238755	4.2151294	6.0112324	5.364731	5.091235	5.755955	5.5078473	6.783595	6.0996256	4.873309	5.3824444	4.8686957	5.3601093	1.2868032	5.6296487	4.9826365	5.198515	4.9742417	4.4825354	5.9060445	5.157569	6.2364817	5.185535	5.1161337	2.9963596	5.2639832	6.294423	5.127021	5.695198	5.807309	5.685592	5.7077637	5.984247	4.5729938	0.0	6.1624928	6.087287	5.334732	6.222204	5.288968	5.0019855	5.7829986	5.914099	5.744889	7.0591784	5.552131
RT1-DA_9760	5.718392	6.144837	5.945278	2.2280116	2.5968776	1.7274573	6.048024	2.2845037	5.2794547	5.3371835	6.535195	2.0061407	6.121461	7.080309	2.7670465	2.533521	2.7949874	1.9121275	6.6997538	2.6566756	7.3038826	1.6721861	2.2643013	2.4378424	1.7344642	2.5034022	2.370703	5.4792156	2.0222046	5.5941844	2.0422144	2.7527363	5.47308	6.3906474	5.3708076	5.993765	1.846264	0.77231747	6.0930753	6.015183	2.1913016	0.0	3.340016	5.0482435	2.87763	1.618053	4.7601757	3.4273803	5.8729587	3.141468	6.930685
RT1-DB1_9761	8.926813	8.039998	8.470067	7.600564	8.268256	7.1807003	6.839101	8.186844	8.372028	7.771771	7.9178505	7.45315	9.875115	8.8221035	7.7442417	8.175864	7.143009	7.1561985	8.512885	8.03617	8.487782	9.427183	6.516336	7.0126905	7.4558773	7.522035	8.222059	8.255599	6.3761287	6.444347	6.7834177	8.444048	8.502058	8.423362	8.786864	7.8151927	7.6777954	7.602046	7.9565134	7.976416	8.638013	8.88811	6.9230456	7.840863	7.4820714	6.763139	9.967899	7.8685036	8.164369	10.130785	9.060204
RT1-DMA_32874	4.637974	4.2811027	4.458325	5.3762093	4.714179	4.8448496	4.653219	5.067144	4.988441	3.7731934	4.067694	4.7357945	5.4035697	5.3122444	5.1636105	4.7304096	4.4939933	4.394814	4.7885585	4.4739904	4.617749	5.0791464	4.267554	4.4825354	5.0015373	4.6449075	4.981586	3.7697577	4.08088	4.174872	4.0525775	5.363858	5.3940325	4.6857796	5.2172837	4.5000987	5.1973376	5.1575513	4.854599	4.808103	5.380791	5.3858123	5.090953	3.3896487	5.288968	5.0019855	4.7928843	5.0564756	4.5703197	5.83475	5.639104
RT1-DMB_32359	7.0449953	5.2126517	5.1050735	5.567712	6.5665293	5.4388366	4.653219	5.884585	6.602521	5.9435897	5.3112435	5.434257	7.143252	5.6328945	5.073182	6.001489	4.8686957	5.431137	6.7196	5.945737	6.7412314	6.998245	4.6197734	5.3750796	5.748408	4.682876	6.3391733	5.395048	4.3643665	4.965598	5.109645	6.828408	7.027522	5.0772424	6.651823	5.1540623	5.2474875	5.738574	6.18637	6.538818	6.6359572	7.393127	4.6079693	6.12002	5.506079	5.0019855	8.204209	6.345511	6.4555492	7.844601	7.0144053
RT1-N2_32930	6.3012605	6.094939	6.1952534	5.9409184	7.0157847	6.088135	6.3364687	6.5173383	4.477985	4.9989605	5.5725613	6.786185	5.6697793	5.7915587	6.5079613	6.4332705	5.1357164	5.4988313	2.7569108	5.945737	4.0618725	5.3608727	5.801695	5.21268	5.7894607	4.8590384	5.823386	5.081666	5.9455237	4.505577	5.7964554	6.9506	4.8394446	6.5840173	6.2514815	6.1629877	5.8605886	4.5203185	4.673095	4.9348626	6.0735936	4.4957304	6.032399	5.140615	6.0461755	5.357987	4.426699	6.83727	3.8592093	6.8870773	5.552131
RT1-S3_9763	6.54704	5.933971	5.729804	5.4015837	5.994609	5.41298	5.465978	5.1946416	6.963091	6.542673	6.7132792	5.7494965	6.5393944	5.972854	5.5463123	6.0716624	5.951577	5.981438	7.3098454	6.064868	6.5490003	5.4834747	6.0203876	6.02382	6.568005	6.329008	5.6937237	5.4377456	6.1950355	5.5941844	5.6915355	6.184861	6.3350625	6.02642	5.7337203	6.177431	5.6529994	6.377285	6.080978	5.8154593	6.24623	6.42126	5.0166383	5.78048	5.506079	5.623246	5.43482	6.05106	6.5894284	6.745223	6.8046618
RUNX1_33176	1.7280232	1.767856	2.5015457	1.306817	2.5968776	1.7274573	2.6148129	2.4973207	2.518521	1.6378721	3.2631965	1.3268428	2.6912055	1.795884	1.9647921	3.1672053	1.6904588	3.21582	2.411319	1.3310965	2.6994162	2.9185607	1.3343891	2.4378424	2.036824	0.7374037	3.1124566	2.9913046	2.2247963	0.0	2.2923298	3.0312061	2.5201793	2.1186442	1.9201866	3.6479416	1.559129	3.3510835	2.3191266	2.8937564	1.9462588	2.2780142	2.862796	2.609976	0.8429203	2.1535919	3.4518747	3.2105505	2.5797195	3.811508	2.609335
RUP2_9767	5.8203235	5.8361197	5.450994	5.155339	4.8646502	5.914729	5.0538516	5.3396378	4.7556725	4.900378	3.9387684	4.515618	4.653833	5.4814596	4.976704	4.9697304	4.714029	4.245164	5.9587126	6.1749077	4.8317227	4.843061	4.5275993	4.9630933	5.3964405	4.524609	5.572482	4.998542	4.275919	5.0692115	4.6536613	5.117785	4.5785313	4.722778	4.451897	4.673151	3.9332168	4.224988	4.4277096	4.9348626	4.658599	4.101853	4.3898067	4.5611777	4.8065834	4.4845195	5.003171	7.816608	4.8447814	4.4068465	4.3701644
RUVBL1_9768	4.6819654	4.156908	3.9058084	4.3335214	4.500918	4.102663	4.6946006	4.8519063	4.477985	4.8659616	4.067694	4.6943655	4.357182	4.6849766	4.0848813	4.0845833	4.3438206	4.394814	4.9980674	4.5691915	4.8317227	5.552328	4.5275993	3.9060543	5.2860236	3.7736044	4.883044	3.957529	3.7929146	4.7329607	3.5747921	4.7457614	4.479903	4.5274987	4.951203	4.752468	4.2607594	4.4751067	4.26614	4.6321816	4.737884	5.124364	4.350009	3.9621353	4.4353356	3.8872685	5.534896	5.181105	4.8447814	6.1045437	5.2544937
RXRA_32828	8.370471	7.7216334	7.6602287	7.7512755	7.9356437	7.675297	7.347111	8.400286	8.024356	7.3849916	7.676372	7.376639	8.118034	7.635047	7.7196116	7.9707932	7.386526	7.668434	8.28878	7.937027	7.8070703	7.347275	6.948318	7.3224607	7.901994	7.6805696	7.9971104	7.6670256	7.3886633	7.086864	7.7561913	8.155462	7.7155976	7.6882596	8.029957	7.847164	7.5286045	7.7422175	7.337641	8.037732	7.8544908	8.167154	7.7047353	7.9168425	7.73948	7.761078	7.7590804	8.067315	7.8499365	8.500714	8.033105
S100A10_32340	7.7451205	8.764166	7.932208	7.9958043	8.445892	7.7075615	8.0112505	7.899288	8.620533	8.246642	8.634326	8.179331	8.644766	8.829963	8.510453	8.00706	8.413963	8.082924	8.786595	8.929602	8.439663	8.572905	8.04161	8.570759	9.188998	7.72674	8.051058	7.6580253	8.505993	8.317279	8.260401	8.5935545	7.9033127	8.782184	7.7556863	8.948777	8.311398	8.722011	7.853605	7.8332105	8.221598	8.260674	8.477151	7.2406096	8.102336	7.9133334	8.579484	8.759451	8.6488695	9.12535	8.283119
S100A11_9770	8.995973	9.898405	9.5420885	9.399454	9.404434	9.352255	9.337188	8.919522	9.709793	9.6170635	9.349904	9.253721	9.907103	9.343323	9.930548	9.435321	9.589206	9.66924	10.016175	9.869711	9.614159	9.828648	9.484204	9.905441	10.919424	9.326774	9.345251	9.5086355	10.446518	9.628032	9.765465	9.234241	9.26299	9.573333	9.063314	10.118015	9.227144	9.728753	9.368746	9.545188	9.602174	9.5482235	9.613915	9.189063	9.458211	9.330821	10.123871	9.548122	10.029297	10.292527	9.7228985
S100A13_9771	2.9888134	3.1728475	2.038651	2.9322088	2.2038183	2.6765726	3.1785967	3.7431152	1.7505945	1.9320939	0.7796854	2.650732	2.8556545	2.9246228	2.2108426	2.3194807	2.9416285	2.7064807	2.7569108	2.9674861	2.0497084	3.662644	2.8251235	3.298162	2.6850367	2.1163197	1.9188775	2.439345	3.2590787	3.2526147	3.4771605	2.5903506	1.366725	1.5877075	2.5541615	3.3746989	2.4705205	1.2726339	2.3191266	3.2267613	2.1913016	2.2780142	2.1448007	2.609976	1.3714777	2.1535919	3.3675282	3.7015753	2.5797195	4.3618064	3.5769253
S100A4_9772	4.883804	5.570033	5.3987985	5.5451183	5.7458224	4.8448496	5.367067	5.4713826	5.750009	5.0611277	5.8122478	6.0080543	5.931773	5.725684	5.6542234	5.5392637	5.706935	5.4540567	6.0555863	5.514759	5.4393907	6.381559	4.827329	5.1542134	6.692268	4.43845	5.572482	4.848383	6.0425406	5.6171613	5.4297304	5.986909	3.493454	5.452482	4.451897	6.118769	5.0637608	5.293981	5.0409975	5.0790944	5.1393414	5.155866	4.6079693	4.209659	5.3463845	5.1772513	4.886783	5.7825675	5.941341	6.709716	6.009288
S100A6_9773	9.22696	10.097362	9.408234	9.685563	9.998894	9.192349	9.036885	9.163087	9.810753	8.929196	9.450876	9.7993355	10.708781	10.253445	9.940174	9.614963	9.916313	9.823512	10.846393	10.040374	11.263401	10.742645	9.371064	9.297228	11.406289	9.206479	9.728936	9.310362	10.667405	9.690298	9.6526	10.36055	9.027958	9.824821	9.021408	10.38395	9.566605	9.355797	9.131296	9.345705	10.234296	9.380022	9.660417	9.41239	9.561836	9.170802	11.247897	9.628306	11.180884	10.986857	10.11113
S100A9_9775	3.5598304	4.2203417	3.472876	1.9810864	2.5968776	3.3569534	3.1785967	3.6571705	4.3721232	2.7294815	3.3670683	3.707994	3.0032618	4.0581245	2.604365	3.4032214	2.631737	2.9835122	3.560594	2.9674861	3.6753457	2.425981	3.719566	3.4994485	3.2531395	2.9395516	3.5999305	3.4740329	3.7929146	2.6845412	3.4771605	3.1525764	2.055782	4.200289	4.088493	3.6479416	3.7365477	2.7364078	3.0722015	5.106288	3.0240266	2.675847	3.4190736	2.609976	3.7759814	3.3173459	3.5315611	4.067246	5.2472124	4.8918467	5.976262
S1PR3_32754	5.9874086	7.341335	6.942667	6.179643	6.9750013	6.1204476	5.786157	5.884585	7.4135404	6.0547185	7.2770796	7.3232803	8.185281	7.292356	6.6709943	6.511096	6.1606874	6.8014884	8.015339	7.993899	6.793217	6.23567	5.3148055	6.649787	9.136267	6.123476	6.6095443	6.3104706	7.2504387	5.7478323	7.0612125	7.589244	5.338821	7.190614	5.7147217	8.033365	6.3709292	7.349919	5.927292	5.6589723	6.286344	6.003189	6.4731264	5.1701365	5.6947503	6.446811	6.089839	7.38924	6.750559	7.4838233	7.232874
SACM1L_9776	9.700515	9.550563	9.612529	9.718749	9.724092	9.699705	9.350194	9.729553	9.523009	9.285539	9.722162	9.740764	9.5454645	9.628092	10.013941	9.999476	9.391255	9.903746	9.818706	9.639567	9.346572	9.364744	9.670837	9.796169	9.417326	9.463937	9.772024	9.580658	9.329608	9.348011	9.753786	9.729751	10.045019	9.608355	9.895845	9.561957	9.647038	9.858749	9.947993	10.015792	9.722796	9.792014	9.035111	9.520918	9.716826	9.820239	8.954959	9.626937	9.805661	9.611241	9.600912
SARS_9779	6.243716	3.8709588	4.5084467	3.5005035	4.9343824	4.805641	4.2151294	5.1000905	5.058372	4.5563493	4.537262	4.3115497	5.7555737	4.4871287	4.509489	5.2971416	3.6014547	4.804542	5.663215	5.4157686	5.1829906	6.8692484	4.323448	4.4342127	4.7749977	3.9079125	5.5078135	4.363998	4.1321673	4.690261	3.9831457	5.595579	4.7576065	4.9581795	4.9833093	4.863822	4.527525	4.8385706	4.465425	5.3071437	5.2784324	5.913883	4.883585	4.647667	4.678297	4.133961	7.236104	4.8838315	4.481253	7.5555797	5.4832788
SAT1_32312	10.475839	9.788899	10.00727	9.90549	10.369941	9.937048	9.327354	10.061894	10.26444	9.649041	9.654489	10.039531	10.518658	10.040793	9.562102	10.431779	9.479436	9.804688	10.83677	10.486151	10.185436	8.868989	9.219119	9.790182	10.413812	9.170183	10.100035	9.626366	9.495464	9.261331	9.634316	10.387074	10.515502	9.851169	10.005436	9.988854	9.917732	9.9169655	9.362513	10.494273	10.745515	10.262578	9.304731	9.632493	9.627003	9.422148	8.657042	10.375182	10.423715	10.717555	10.496055
SATB1_9780	3.7371018	2.538774	2.6870766	3.0651855	3.3754735	2.4913077	2.7777128	3.7431152	3.1510859	3.440461	1.6554753	3.216753	4.182325	3.6481564	2.42098	3.2900343	3.07473	3.5915058	4.301462	3.335659	4.310437	2.6095028	1.3343891	3.4994485	2.8493636	2.3228042	3.9636366	2.9913046	2.7030282	2.4990745	3.0031052	4.4467387	3.2755504	2.3252215	3.6015635	3.5624845	3.2381685	2.5743628	3.2555978	3.4125168	2.5835295	2.4906006	3.4190736	2.4264417	2.3127773	3.213879	4.201589	4.001153	3.2530992	4.3618064	3.5769253
SCAND1_9782	9.344535	8.905957	8.990049	8.843603	9.341657	8.740946	8.067461	9.42765	9.231016	9.090665	8.794271	9.280215	9.802645	8.819474	8.524741	9.002009	8.965729	8.987083	9.631045	9.744001	9.429394	10.505691	8.407588	9.121457	8.958686	8.488932	9.804919	8.962927	7.927859	8.425374	8.439555	9.668742	9.40247	8.991845	9.343941	8.834946	8.721608	9.095072	8.69645	9.120828	9.673231	10.465552	8.650983	9.469901	8.465129	8.605094	11.199161	9.700367	9.388484	11.118766	9.028337
SCCPDH_9785	10.211757	10.232344	10.156189	10.085559	10.411798	9.998104	9.774763	10.252541	10.339213	10.154953	10.275607	10.276425	10.233878	10.411938	9.936973	10.245108	10.076679	10.152585	10.38965	10.439666	10.464066	10.019069	9.8949	10.217955	10.145893	9.917471	10.161761	10.029361	9.854458	9.888639	10.031451	10.395552	10.48404	10.391771	10.386252	10.167693	10.276632	10.306308	9.786035	10.055573	10.300267	10.251685	9.943019	9.996132	10.174677	10.012685	9.725769	10.323721	10.054601	10.184315	10.238453
SCD_9786	1.7280232	3.7896457	3.1328285	2.785719	3.0380745	2.0292463	2.4311502	3.1282818	2.304984	3.440461	3.1512616	3.329294	2.6912055	2.356276	2.7670465	3.2900343	2.9416285	1.9121275	2.2015305	3.714521	2.513575	2.215664	3.9500973	2.2271013	1.7344642	3.460427	3.1124566	2.8718307	3.2590787	2.2861977	1.7394503	2.7527363	0.0	3.4631736	2.9930947	4.752468	3.2381685	3.538559	1.4383613	3.013504	2.8915966	3.5583014	2.6167028	2.609976	4.206401	3.1024148	1.1653116	5.3231273	4.6542063	3.93964	4.7285256
SCN7A_32495	2.0298584	2.3245585	2.5015457	1.6829898	2.5968776	0.0	1.9740967	0.8273256	2.0542567	0.7689436	1.9512244	1.706109	0.8317068	2.7588696	2.7670465	1.3766294	0.80118436	2.1552784	2.411319	0.0	2.0497084	2.9185607	1.3343891	1.3061277	2.499557	1.8752655	1.9188775	2.5983527	1.5044802	2.2861977	2.0422144	1.6564866	2.7061894	1.5877075	0.0	2.4129963	0.721521	2.3917863	2.475174	2.8937564	1.6509043	1.7268571	1.0981301	1.2978095	2.3127773	1.2508019	3.5315611	3.7015753	3.8592093	5.818174	4.5151744
SCP2_9788	6.1528525	5.3323293	5.316785	5.4988422	5.994609	5.2472816	4.920685	5.7247686	5.2196684	5.6109796	5.4359164	5.7695827	6.245264	5.2195606	4.9086037	5.075982	5.5557218	5.703967	6.3887477	5.815876	5.4130507	6.431153	5.107567	5.4977107	5.134941	5.261594	6.288741	5.3285346	5.455116	4.8147464	5.578383	5.738146	4.9168887	4.722778	5.7147217	5.0636516	5.4538035	5.738574	5.333887	5.8318434	6.0735936	6.459632	4.4662523	5.721882	5.7383003	5.333513	5.4139442	5.85919	5.8011737	6.9568863	5.660052
SCRN1_9789	4.637974	5.181114	5.8513036	5.5451183	5.468702	5.607913	4.653219	5.7034864	5.4711165	4.598884	5.636318	4.890548	4.86158	5.8338614	6.003434	5.2373357	5.7473793	5.4540567	4.6711664	5.1645684	5.0862885	5.6393003	4.429132	4.781876	5.4990044	5.6545153	6.288741	4.68076	5.190602	5.5229716	5.734423	5.9201007	4.479903	6.02642	4.583395	5.623653	4.820415	5.293981	5.5246086	5.8154593	4.8130383	4.919376	5.250774	4.8436074	4.8065834	4.8376775	6.418047	5.21065	5.44859	6.247587	5.6178474
SCYL3_9790	6.884825	6.5173736	6.5703945	6.470864	6.9158964	6.534295	6.4128428	6.7003603	6.963091	6.5207176	6.5127215	6.2980967	7.044445	6.593875	6.7115283	6.6204867	6.640341	6.7561016	7.1725965	6.897763	6.920216	7.568401	6.551868	6.7220097	6.9673586	6.304862	7.129946	6.4936323	6.6111794	6.1922927	6.7419825	6.8465104	6.5809097	6.4905696	6.661777	6.5546584	6.541431	6.625059	6.3864007	6.785871	6.925649	7.2026505	6.3674603	6.6776414	6.646878	6.3155117	7.4305253	7.3231506	7.211533	7.988588	7.307793
SDC2_9793	7.99662	8.8342705	8.323774	8.048963	8.378691	8.60196	8.554164	7.875698	8.071624	8.587559	8.589395	8.322173	7.904578	8.131177	8.330217	8.3483305	8.445034	8.433642	8.2720785	8.424595	8.345307	7.8124986	8.667216	8.630954	8.6033535	8.394839	7.706677	8.453239	8.530093	8.3957815	8.462059	7.9278526	7.869622	8.445664	8.311803	8.634924	8.078426	8.39488	8.15998	8.082922	8.172499	7.7537885	7.8038096	8.096712	8.159519	8.442959	6.3427267	8.20946	8.342454	7.1414313	8.507742
SDHA_9796	11.06618	11.881414	11.322459	11.14341	11.809452	11.551346	11.638567	11.730581	11.840269	10.867873	11.547598	11.702102	11.540998	11.698595	11.234088	11.825157	11.165942	11.087451	11.880293	11.586878	11.620352	10.802168	11.187962	11.369648	11.409173	11.0741205	10.867231	10.9171	11.684516	11.028422	11.036128	11.685753	11.280585	12.008686	11.268466	11.436165	11.433271	11.55625	10.765511	11.094051	11.381059	11.0003395	11.95317	10.176962	11.483712	11.403035	11.274198	11.2311	11.025165	11.5436535	11.16828
SDHB_9797	13.713782	14.137666	14.22962	14.396645	13.953773	14.091579	14.052553	13.765186	13.744097	13.947439	13.988204	14.166278	13.555475	14.156434	14.148526	14.042034	14.283176	14.231826	13.725716	13.593443	14.028435	13.3278265	14.377383	14.000721	14.041474	14.33939	13.713668	14.152944	14.350795	14.44556	14.259724	13.859731	14.660905	13.976048	13.988385	13.862512	14.28603	13.852328	14.31289	14.243913	14.048578	13.520084	14.21583	14.269817	14.025019	14.172208	13.678952	13.769931	13.863796	13.318014	13.800597
SDPR_32765	6.5350966	7.4109607	7.483558	7.4925346	6.9499664	6.983998	6.723905	6.909971	7.166782	5.672016	7.0999656	6.7461977	6.317571	6.216151	7.0327015	7.424899	6.783353	6.913216	7.6776586	7.2391486	6.8433943	7.204836	7.08395	7.233486	7.7281384	5.6922355	7.385275	6.9932065	6.2541065	6.6698756	6.586803	6.991848	7.374946	7.43872	6.7390294	7.13079	7.292236	6.9646525	6.60492	7.108548	7.7674174	7.900481	7.412819	7.301903	5.759592	6.9193053	8.665898	7.806968	7.670198	9.315987	7.1390057
SEC11A_32884	8.495918	9.397745	9.35615	9.315172	8.958028	9.094075	9.380623	8.547887	8.88392	8.82555	9.140499	9.391334	8.737299	9.315603	9.173322	9.247244	9.462833	9.037272	8.80761	8.645477	9.192493	7.5572767	9.342605	8.914671	9.169692	9.155067	8.6189785	8.990078	9.279307	9.452313	9.367678	9.009667	9.137167	9.2111225	8.791405	9.170753	9.339789	9.049534	9.123945	9.068209	8.899582	8.227701	9.107013	8.900706	9.255826	9.228352	7.118449	9.150975	9.145639	8.306412	9.389844
SEC11C_9799	7.883426	8.141804	7.932208	8.052972	8.347078	8.140701	7.978118	8.024706	8.149789	8.038348	7.8963103	8.209053	8.3181095	8.16056	8.023162	8.257164	8.289388	8.090258	8.295407	8.395664	8.255508	7.7006707	8.070479	8.114493	8.386366	7.8652763	7.9653525	7.67597	7.988256	8.0481205	8.004161	8.194854	8.259773	8.082696	8.186397	8.125634	8.169035	8.21407	7.8817725	8.08975	8.15455	7.994956	7.72821	7.9211893	7.750157	7.8413844	7.7632127	8.161098	7.9693747	7.9086366	8.099787
SEC24D_32308	8.903778	8.696069	8.954331	8.862	9.047289	8.799497	8.559773	8.791743	8.961254	9.016117	8.955007	8.81068	9.322891	8.721482	8.691067	8.867928	8.648265	8.686819	9.327466	9.198857	8.922969	9.040569	8.53438	8.460478	8.894279	8.231512	9.204418	8.4029455	8.005549	7.9338017	8.380025	8.656473	9.3563	8.829596	8.943989	8.919003	8.557365	8.822447	8.828943	8.880138	8.929443	9.13531	8.736427	9.115098	8.612828	8.677375	8.995922	9.102547	8.9374895	9.295175	9.040369
SEL1L_32748	6.817396	6.57917	6.788928	6.7130575	7.0632496	6.7664237	6.4616013	6.5770655	7.1746755	6.697484	6.683408	6.815464	7.1825047	7.026609	6.7214866	6.827324	6.4573994	6.5693035	7.1361423	7.094621	7.1921477	5.760655	6.1025543	6.819291	7.136002	6.304862	6.845901	6.6195154	6.478758	5.8676443	6.833592	7.1677303	6.43058	6.6998844	6.907453	6.789035	6.7471566	6.90624	6.596446	6.625955	7.0933127	6.775746	6.347388	6.277502	6.527835	6.469451	5.664274	7.232443	7.1478453	6.411262	7.4102583
SELL_32554	3.4622953	1.767856	3.3681867	1.9810864	2.4136927	2.278697	2.924071	2.2845037	2.8691986	3.1283326	3.1512616	3.0946846	2.2924721	3.33128	1.9647921	3.4032214	2.631737	3.319303	2.9029238	2.4719195	3.0117643	1.2974738	3.3405793	3.402313	2.499557	2.1163197	3.1124566	1.5340518	1.5044802	2.9963596	2.0422144	3.0312061	2.5201793	2.942179	2.5541615	1.9574919	3.1353765	1.9381144	2.1441302	3.2267613	2.7457702	0.82376546	2.1448007	0.7901686	2.0616755	2.3615465	3.4518747	3.7015753	3.710393	4.5340996	4.3701644
SEMA6D_32964	7.7758937	7.901724	7.7358117	7.5784836	8.25469	7.978288	7.9739227	7.671654	8.075846	8.3024	8.09091	7.4406767	8.208285	7.11503	7.749118	7.7585053	7.7669864	8.278577	8.809926	8.793291	8.240607	8.681915	7.03457	8.649591	8.908324	7.46325	8.160285	7.3855543	8.803593	7.9107394	7.5495663	7.9861693	8.310878	7.4607887	8.498336	7.585382	7.548744	8.274694	8.251875	8.274902	8.606671	8.68986	7.4880857	6.747849	8.139356	7.391872	8.246151	8.153511	7.9362464	8.466553	8.533512
SENP6_9804	7.5630245	7.935193	7.802618	7.521757	7.7786183	7.4459066	7.3664446	7.277094	7.4914484	7.7810364	7.802158	7.600597	7.4631376	7.652879	7.8524203	7.624854	7.7220306	7.513405	7.667477	7.50902	7.702205	7.124206	7.5500283	7.956668	8.106704	7.446793	7.489428	7.607493	7.849581	7.52984	7.46296	7.540036	7.637676	7.756756	7.6141977	7.851674	7.8580766	7.622924	7.545613	7.7708464	7.5811033	7.6960306	7.363702	7.4355392	7.604792	7.8106833	7.1312957	7.8592057	7.9693747	8.126248	7.920426
SEPT5_32632	4.6819654	4.820794	3.3681867	3.9071345	5.0330415	4.340703	3.582927	4.5035396	4.712946	4.043386	4.3970623	3.7889483	5.204388	3.9849255	3.8141444	3.9419975	3.7679756	4.614175	4.861828	4.658498	5.018021	4.3185883	3.9500973	4.0412498	5.4486337	3.9706514	3.8978634	4.175031	4.4477034	3.365476	4.5129476	4.6251106	3.3886123	4.6478076	3.8995237	4.453386	4.2110767	4.278601	3.6972067	4.8408523	4.8844705	4.393726	4.1326733	4.2654305	4.076691	3.8872685	5.030858	4.4606056	5.134897	5.3949647	4.8428674
SEPW1_32392	5.4137716	5.047582	4.458325	4.7829914	5.1253834	4.591821	4.5667157	4.73091	5.058372	4.322547	5.086223	5.3830247	5.2931385	5.1205115	4.68259	5.109729	4.7934337	4.839777	5.5569134	4.93361	4.8317227	5.3087573	4.5275993	4.8199863	5.2860236	4.346816	5.0738254	4.2726064	4.804568	4.929338	4.4628186	5.8678823	4.9168887	4.6478076	4.9183655	5.211334	4.9472127	5.038283	4.640494	4.248663	4.9189024	5.303817	4.4285355	4.8064904	3.857236	4.4845195	6.2978525	5.452413	4.948106	6.709716	5.308562
SERPINA1_9807	4.1034265	5.148872	4.8568616	3.8344646	3.472425	5.0263414	3.1785967	4.551971	3.6808712	3.2400484	3.3670683	4.007672	4.1189895	4.433116	4.641223	3.2900343	3.196582	4.1916203	5.7999935	5.224292	2.8640268	3.662644	3.719566	3.7568672	4.3502374	3.0598574	4.813399	3.6294594	3.6594398	3.2526147	2.6910543	3.2645237	3.5911903	3.7042391	3.3291726	3.270766	3.2381685	3.4478643	2.7442534	3.9812746	3.7909622	3.460776	3.6331644	3.486698	3.5005221	3.413886	3.3675282	6.808574	3.2530992	3.5150423	2.9183865
SERPINA3C_32925	3.3576849	3.1728475	2.2885845	2.4387863	1.6618326	1.7274573	2.7777128	2.4973207	1.7505945	1.6378721	1.6554753	1.3268428	2.6912055	1.4050055	1.6679709	2.3194807	1.9891841	1.9121275	3.944735	3.714521	1.7463846	2.425981	0.0	2.4378424	2.036824	1.2230182	4.4501987	1.8188398	2.0222046	1.7340541	1.3557978	0.78030413	0.0	1.8774635	2.5541615	0.78321815	2.6302555	0.77231747	1.0976686	3.013504	0.7768912	1.3448509	2.3198192	1.6725745	1.7574636	0.7569108	2.9700236	3.4273803	2.7418792	2.910767	3.051179
SERPINA3M_33119	1.7280232	4.0210066	3.3681867	1.9810864	3.1595216	0.8241397	1.3012427	1.732564	1.7505945	0.7689436	2.7514749	2.4661293	2.8556545	0.86718	2.42098	3.0329375	2.4476285	3.104337	3.1569264	2.6566756	2.0497084	1.6721861	3.1057508	2.4378424	0.82851213	1.8752655	2.1624062	0.70663524	2.0222046	2.0363805	1.3557978	2.8986797	2.7061894	2.942179	1.6269251	0.0	3.4240882	1.64341	2.1441302	3.3226266	2.7457702	0.82376546	1.9455801	2.4264417	3.689876	1.2508019	1.8014207	4.5089707	3.3568892	3.030724	3.388955
SERPINA3M_9809	0.82449245	3.0385108	1.3529313	2.622656	2.905456	0.8241397	1.6765455	2.0347693	2.0542567	1.9320939	2.4061391	0.0	3.1371586	2.9246228	1.9647921	1.7633755	2.23654	3.319303	3.469766	3.714521	1.3618308	2.9185607	3.1057508	2.7847295	1.7344642	1.2230182	2.9915388	2.260616	2.4024103	2.4990745	1.3557978	2.197697	1.366725	3.062516	1.9201866	0.0	2.2908719	2.3917863	1.9449388	2.6195595	2.1913016	2.028597	3.2563734	2.609976	2.0616755	1.9105306	3.4518747	5.181105	3.9282308	3.4303215	2.7721205
SERPINB9_32899	3.4622953	4.2203417	4.0481544	3.0651855	2.905456	3.2441669	2.7777128	1.732564	2.518521	2.3851907	3.7208104	3.4336874	3.2596772	3.6481564	3.0459516	3.0329375	3.6014547	2.5450702	3.469766	2.8204348	3.3813758	2.772292	3.8772712	2.6216867	3.1306887	2.9395516	2.9915388	2.260616	3.9150798	1.3511056	3.4771605	3.8710911	2.8709326	3.6282732	2.9930947	3.5624845	3.2381685	3.538559	2.3191266	3.013504	3.3610175	2.675847	3.7600586	2.919052	2.87763	2.5432677	3.5315611	3.8591263	3.629802	4.4929166	4.0904775
SERPINC1_32513	11.034186	12.161454	12.171616	12.188443	11.54789	12.044919	12.305492	11.6382675	11.567229	11.325956	12.039042	11.719631	10.7917185	11.899301	11.989391	12.020764	12.018729	11.948228	11.018485	11.106677	11.843861	9.342236	12.165124	11.504472	11.232972	12.272461	10.804673	11.794742	12.280297	12.238121	12.190109	11.385762	12.340166	12.096101	11.580307	11.5473795	12.201775	11.590106	11.604555	11.792637	11.594803	10.285011	12.245758	11.551345	12.401177	12.210161	9.293195	11.57393	11.368748	10.175395	11.528322
SERPINE2_32301	5.2185044	6.077915	5.168798	4.4353166	6.119614	4.9918237	5.204691	4.812691	6.454762	5.1496277	6.0953994	5.6227255	5.713314	4.976889	5.453767	6.2025304	5.8059964	5.476618	6.3254	6.0150113	6.269602	4.688498	4.4792056	5.0296535	6.692268	5.6352787	5.416816	4.3190255	5.0376115	4.293731	6.1532454	5.9704947	4.5785313	5.950468	3.5163558	6.7412233	4.6444345	6.180091	4.882748	4.808103	4.737884	5.9857645	4.96488	4.02811	4.4353356	4.8720703	5.0846868	6.358767	5.725629	5.749895	5.4354806
SERPINF1_32761	12.097912	13.020687	13.04901	12.916052	12.542773	12.816783	12.974797	12.245455	12.4545765	12.598359	12.932309	12.485749	12.013827	12.469538	12.52053	12.748861	12.650566	12.644992	11.877259	12.233733	12.448178	10.663154	13.01987	12.63407	12.239402	12.80798	12.19972	12.80617	12.41598	13.048257	12.76789	12.231282	12.777042	12.816493	12.318593	12.323511	12.711159	12.576221	12.4279585	12.563104	12.468939	11.941877	12.732043	12.380267	12.309412	12.537438	10.644872	12.385541	12.54332	11.036068	12.170021
SERPINF2_9814	6.777401	4.6000867	5.003877	5.2699966	5.9447904	5.7997093	5.0538516	6.5770655	6.59077	6.4643197	5.2581925	5.5778656	7.1979113	4.8589354	4.3127503	5.587965	5.412163	6.087849	6.9885535	7.0457997	6.254846	9.13899	5.0087457	5.4740043	5.1027284	5.286469	7.47822	5.351048	3.7929146	4.403539	4.740381	6.320561	6.5689635	5.4958773	6.729596	5.5589347	4.820415	6.288603	5.559904	6.300628	6.967372	7.5135274	4.9111953	6.19374	4.7650757	5.4057236	8.925761	6.5558057	6.069088	8.453195	6.5922246
SERPING1_32597	5.7600327	2.8903687	5.1996346	4.5304	5.6244926	5.607913	5.0538516	0.0	5.8908353	7.1970444	2.7514749	4.8152456	2.5055704	5.5337243	5.5237265	1.7633755	5.2805514	5.233359	1.2868032	6.803014	2.0497084	6.479099	6.60921	5.956984	5.706152	5.9159603	2.552685	5.395048	5.261414	4.965598	5.4033947	5.9370947	4.799106	6.02642	5.3463283	6.7412233	5.6897388	5.7193155	5.354135	6.1649537	6.2326074	5.5370216	5.3749475	5.9770164	5.229171	2.5432677	3.1824234	6.532598	5.376327	3.4303215	5.1398697
SERPINH1_9815	7.3062077	7.727103	7.5448837	7.2900357	7.8570237	7.6367197	7.218253	7.945342	7.9249043	7.4386697	7.8963103	7.370076	7.513262	7.48385	7.4707937	7.2315383	7.6491904	7.1064324	7.7804413	7.7362757	8.052915	6.7275753	7.200476	7.7451806	8.3073015	7.53766	7.0489316	7.2180686	7.334952	7.212882	7.579279	7.5999546	7.4155374	8.0755625	7.0200725	8.184023	7.5537357	7.8479695	7.3628407	7.464296	7.085756	7.0766387	7.807488	6.805422	7.6680884	7.548933	7.8743634	7.501069	7.3563147	7.0306845	7.579241
SERTAD1_33143	6.137136	5.895623	6.460106	6.3059597	6.3916354	6.3283935	6.4128428	6.2935047	6.46767	6.4527707	6.29296	6.3118596	6.4262156	6.1168594	6.0515943	6.2637663	6.6616597	6.471602	6.1463623	6.204865	6.254846	6.7954235	6.516336	6.318193	6.3925967	6.1909046	5.9259443	6.0738053	6.407691	6.494845	6.4128976	6.281174	6.443723	6.258303	6.340931	6.630104	6.3821964	6.550739	6.1750326	6.3355184	6.24623	6.354947	6.0070333	6.4194727	6.1942573	6.225273	6.0498023	6.5558057	6.7974324	6.5582457	6.814038
SESN1_9816	3.3576849	1.3805355	2.2885845	1.9810864	3.6487305	2.278697	1.9740967	2.0347693	3.273749	2.7294815	1.9512244	2.0061407	4.3012185	2.9246228	2.2108426	2.0680585	2.4476285	1.61952	3.1569264	2.8204348	2.8640268	3.3891368	2.0155594	2.931203	2.036824	2.3228042	2.8595514	2.439345	2.0222046	2.0363805	2.6910543	2.4073412	2.5201793	1.2247456	2.9930947	1.9574919	2.904811	3.3510835	1.0976686	3.013504	2.5835295	3.5583014	2.6167028	3.173454	2.3127773	2.3615465	4.047469	2.8084092	2.3969975	4.613098	2.4258175
SESN2_9817	6.4612837	5.815727	6.1166444	6.2788296	6.134505	5.8961844	5.9827075	6.4550314	6.36102	5.7683334	6.4191556	5.7695827	6.055333	5.769933	6.0515943	6.2637663	5.600567	6.058238	5.991732	5.998002	6.0983434	4.843061	5.6127396	5.774947	5.662621	5.799817	6.1114807	5.4377456	5.5524573	5.547102	5.967993	6.170562	5.8735137	6.447012	6.1701326	6.0576205	6.1904187	5.984247	6.0440636	6.0294595	6.4947248	5.932192	5.5952044	6.208042	6.2251973	6.2903	5.136579	6.4970713	6.1142197	6.433199	6.6351743
SGCB_9821	4.1034265	3.295734	4.1143847	4.483641	4.968024	3.736352	3.582927	4.172859	4.426025	4.420659	3.9387684	4.515618	5.1735487	3.9078133	3.7377028	4.7304096	4.2900763	4.346635	5.1225443	4.3720603	4.5224047	3.8924706	3.8005724	4.4342127	4.4040976	3.842321	3.8289478	3.4740329	3.97249	3.470145	3.9102025	4.857096	4.714878	4.3962374	4.4970746	4.7905493	3.993235	4.5203185	3.6972067	4.038864	4.7759504	4.4957304	4.0356593	3.9621353	4.0071836	4.294727	4.047469	4.769369	5.0445223	5.0133224	4.8790526
SGK2_32380	5.608707	4.449393	5.450994	4.9297447	4.9343824	5.41298	4.734828	5.8462596	4.7556725	5.177961	4.9590178	4.776067	5.264158	5.3122444	4.9430556	4.686358	4.8315554	5.4078474	5.393562	5.4157686	5.2440352	6.7954235	4.7881384	5.21268	4.3502374	5.1842866	6.1543627	5.134535	4.3208203	4.929338	5.2639832	4.9604516	5.6871457	4.6857796	5.7337203	4.5892177	4.7868943	4.380197	5.0409975	5.3071437	5.0489583	6.395099	3.8195517	5.818263	4.8469296	5.1772513	6.2515373	5.3231273	5.5615234	7.167839	5.925261
SGK3_33138	6.993556	6.6728487	6.8774123	6.829815	7.168281	7.188342	6.6626635	6.9912505	6.4153304	6.5643	6.7033906	6.786185	6.8822575	6.9989905	6.975599	6.796573	6.743918	6.680376	6.842345	6.6804347	6.9013906	6.559351	6.5282774	6.781162	7.020053	6.8212643	6.7466383	6.842461	6.6468844	6.6477294	6.8236957	7.0240173	6.2775006	6.8242583	6.972879	7.093196	6.919461	6.6042128	6.4059296	6.9221854	6.5832605	7.0348907	6.4450674	6.814798	6.6004324	6.567151	6.0766163	6.6232696	7.0033836	7.3286247	6.973152
SH3BP5_9823	7.313218	6.6150165	6.726772	6.8014994	7.2796416	6.4478045	5.602687	6.7110634	6.839439	6.4527707	6.7328553	6.4919066	7.257944	6.6891265	6.7015014	6.2637663	6.3823376	6.953985	7.263279	7.2678146	6.762251	7.3277674	6.134154	6.4816566	6.826532	6.432928	7.455539	6.777457	6.6291423	6.2812943	6.666478	7.2651553	6.7170424	6.866201	7.2016125	6.671508	6.6938953	6.8002496	6.425197	6.751835	7.1008306	7.4514127	6.5887794	6.582043	6.328544	6.524544	7.699947	6.9983997	6.6922235	8.576592	7.2877436
SHB_9824	4.9572444	4.7365184	4.60375	4.3335214	4.6739745	4.4965525	4.5214376	5.2544	4.528138	4.372437	4.537262	4.073784	5.0431423	4.730472	3.7377028	3.7837584	3.9172494	4.0781755	5.343279	4.318261	4.1915016	5.386241	4.5275993	4.0412498	4.6908245	4.248965	4.981586	4.4076104	4.08088	4.293731	3.9831457	4.2431602	4.259778	4.0336113	4.9833093	4.453386	4.355269	4.380197	4.034846	4.5153155	4.8844705	5.0255075	2.862796	4.4208694	4.1430035	4.4393606	4.9461503	4.989876	4.8447814	6.020097	5.015347
SHC1_9825	8.068813	7.4244914	7.2965283	7.407416	7.5140533	7.2407284	6.6936088	7.720145	7.497755	7.1901054	7.1224036	7.173032	8.034686	7.3948145	7.155312	7.5095	7.0651526	7.302286	7.970492	7.8112197	7.4599843	7.7006707	6.7174783	7.0770507	7.8398385	6.8297505	7.8175526	7.069859	7.0247865	6.469817	7.1270695	7.7708316	7.4679413	6.8744454	7.338225	7.265331	7.298197	7.520948	6.9423876	7.4270363	7.602445	7.8387365	6.824843	7.023277	7.07822	7.2355494	7.878179	7.945205	7.618925	8.556745	8.021011
SIRT3_9828	5.4650297	6.1283956	6.6394987	6.4096494	6.192577	6.1520534	6.3100853	5.5920973	5.8120537	5.568805	6.1253333	5.866022	5.4035697	5.5841613	5.792903	5.6350756	6.067924	6.131156	6.0240126	5.815876	5.515642	5.2268753	6.239601	5.7554135	6.0649586	6.432928	5.9093494	6.2031865	6.3329415	6.531591	6.105035	5.388778	5.967513	6.140194	6.1701326	6.0099955	6.3709292	5.442302	6.1976185	6.380764	6.011131	5.4883585	5.8446903	6.0582056	6.1942573	6.446811	4.9461503	5.8213873	6.006628	5.3495455	6.31687
SIX4_32716	2.9888134	0.8494589	1.7361541	1.306817	2.2038183	1.3453724	0.79261	2.682742	3.1510859	2.1763573	0.0	1.3268428	3.574956	0.86718	0.7873415	1.7633755	1.6904588	2.1552784	3.035508	2.0114515	1.3618308	4.4686303	2.9722497	0.79608655	2.499557	1.2230182	2.9915388	1.5340518	0.689217	1.3511056	2.2923298	2.8986797	2.7061894	1.8774635	1.9201866	1.9574919	1.559129	1.9381144	1.4383613	2.8937564	2.8915966	3.9662805	0.0	3.173454	1.7574636	1.2508019	4.295888	2.9552677	3.5444415	4.9231877	3.051179
SKIV2L_9830	4.7246556	4.7792716	3.9058084	4.1659474	4.500918	4.9202075	3.4919653	4.77238	4.528138	4.8659616	4.581123	4.515618	4.5131187	4.3186173	3.7377028	4.814672	3.9172494	4.245164	4.6711664	4.860211	4.4203105	5.0476947	4.6197734	4.6184916	4.5545726	3.7736044	4.30551	4.175031	4.275919	3.826207	4.410885	4.8923774	4.069397	4.3962374	4.4970746	3.8050218	4.6444345	4.727289	4.465425	4.34313	4.9189024	5.512895	3.9316483	5.2274265	4.7223387	4.2431035	5.2586884	4.1304426	4.6542063	5.502624	5.1398697
SKP1_9831	12.196224	12.273173	11.756277	11.805347	12.142737	11.797598	12.036242	12.028891	12.220836	12.201357	12.0296755	11.845611	12.414148	11.9491625	11.921091	12.271494	11.634709	12.037716	12.345994	12.239624	11.945279	12.557185	11.99861	11.9260435	11.942276	11.677492	12.410077	12.463812	11.941065	12.004035	12.320741	12.101859	11.386477	12.169964	12.306152	12.266599	11.849701	12.17082	11.829557	12.080713	12.23532	12.352226	11.81817	12.322486	12.063031	12.169475	12.133116	11.987694	12.007479	12.227598	11.951669
SLC10A1_9832	2.0298584	3.295734	3.57048	3.4033608	2.7594013	2.6765726	3.2907877	3.1282818	2.7044885	2.875032	4.581123	2.4661293	0.0	2.9246228	3.167487	3.2900343	2.7949874	2.1552784	2.7569108	2.8204348	2.513575	1.2974738	3.6337392	3.402313	2.8493636	2.663887	2.8595514	3.101637	2.4024103	3.470145	2.2923298	2.5903506	2.055782	2.6664317	2.8610861	3.3746989	3.7365477	2.5743628	2.7442534	3.1240695	2.1913016	0.82376546	3.0729647	3.663165	3.1597538	3.1024148	0.6972474	4.5557666	2.5797195	1.2041633	3.051179
SLC10A2_9833	4.4472237	5.2126517	5.072124	5.32408	5.1253834	5.156702	4.849189	4.9635353	4.5766063	5.568805	5.230917	5.3830247	5.1098185	4.4871287	4.9430556	5.2373357	5.008375	5.2066154	5.29118	5.003455	4.5224047	4.647124	5.5438237	5.521034	5.0697803	5.5759807	5.1882987	5.4377456	5.141386	5.256475	5.7964554	4.7457614	5.6871457	5.1872244	5.1622505	4.249759	5.0066633	5.2409472	5.015799	5.0513787	5.2243943	5.358995	5.334732	4.689042	5.288968	5.4290123	4.726708	5.966995	5.8194575	5.7145042	5.976262
SLC11A2_9834	5.878196	4.7365184	5.1050735	4.9297447	5.994609	5.584939	4.5667157	5.940229	5.5460544	5.3371835	5.3370547	5.1878657	5.3494105	5.0141573	5.1636105	5.488861	5.22435	4.804542	6.007962	5.4661126	5.959639	5.6808968	4.9026546	4.9630933	4.966166	4.682876	5.4855967	4.491069	4.229575	4.505577	4.9730616	6.184861	5.2518272	5.695198	4.9833093	5.293193	5.035495	5.83119	4.30826	4.9348626	5.4993024	5.716753	5.3749475	4.091199	4.8065834	4.652222	5.4139442	6.0012107	4.8447814	6.3317447	5.109732
SLC13A2_32360	6.74666	6.270031	6.472785	6.4096494	6.1492434	6.776598	6.29671	7.1253242	6.8093333	6.3568916	6.454958	6.7762914	6.8822575	6.0996256	6.25725	6.655182	6.4695387	6.5158434	6.376299	7.020755	6.435813	6.747288	6.4675565	6.1338134	6.0139074	6.2170177	6.8105907	6.562777	6.207045	6.0643806	6.331431	6.933765	6.780576	6.0557156	7.035466	5.293193	6.3709292	6.5287814	6.2633295	6.906801	6.7740235	7.148869	6.554171	6.4558845	6.464415	6.513692	5.8621926	6.946664	6.546168	6.6547613	6.930685
SLC13A4_9836	1.7280232	3.6118274	2.9989855	3.5005035	3.3754735	3.1218095	3.0569396	2.2845037	3.3867955	3.6163983	3.869711	3.216753	3.4773233	3.4448164	4.4144707	3.2900343	3.6014547	3.8204114	3.560594	3.6287196	3.3813758	2.9185607	4.019423	3.8333883	3.6596727	2.9395516	3.1124566	3.2998173	3.0615857	3.5677314	3.3724391	4.1294756	4.069397	3.9107323	3.8995237	3.270766	3.9332168	4.4751067	4.034846	2.8937564	3.457868	4.393726	4.0849814	3.0518532	3.1597538	3.6699069	3.4518747	4.190987	4.11745	3.030724	3.7432039
SLC16A7_9838	9.891772	9.048222	9.14859	9.4026	10.314628	9.555005	8.651943	9.541468	9.873932	9.691424	9.09016	9.121258	10.479795	8.727104	9.032436	9.95143	9.110354	9.732707	10.85875	10.780318	9.938895	9.729308	9.166605	10.07852	10.656424	8.832928	9.8771	9.551793	9.708976	8.678453	9.131393	9.778889	9.435741	8.730892	9.710477	9.920734	9.153435	9.1410265	9.123945	10.043314	10.62164	10.542798	8.722857	9.750785	8.998123	8.840408	9.73842	9.847503	10.268505	11.318345	10.11777
SLC17A3_9840	9.684384	9.603568	9.872627	9.40417	9.989711	9.612935	9.809317	9.825022	9.713862	10.439443	9.820359	9.52584	9.94754	10.011146	9.624462	9.865149	9.769394	9.7501745	9.625796	10.095386	9.859435	10.117971	9.594802	9.757416	9.7335825	9.966397	10.061127	9.792879	9.541244	10.157114	9.95984	9.696453	9.643667	10.002702	9.992677	9.791725	9.728752	10.256241	9.893698	10.086627	9.924789	9.898275	9.379528	9.737288	9.925496	10.109555	9.961619	9.918601	10.226303	9.848074	10.310608
SLC1A2_33059	1.345864	1.3805355	1.3529313	1.6829898	3.0380745	2.4913077	1.3012427	2.9944959	2.0542567	3.696925	2.5891151	2.0061407	3.1371586	2.356276	3.2795744	1.7633755	3.6014547	1.61952	2.9029238	3.6287196	3.1457682	2.6095028	3.6337392	2.931203	2.499557	2.1163197	1.9188775	2.260616	2.4024103	2.9963596	1.3557978	2.7527363	3.2755504	3.062516	2.3721387	3.3746989	2.904811	3.135555	2.9709482	2.07588	2.1913016	2.675847	3.9845908	3.173454	2.0616755	2.3615465	2.241367	4.249093	4.6128726	3.5150423	3.5769253
SLC1A3_32817	2.8414288	2.3245585	1.7361541	0.7965775	2.2038183	2.278697	1.6765455	2.2845037	3.3867955	2.1763573	2.4061391	2.0061407	3.8335404	1.4050055	1.9647921	1.7633755	0.80118436	3.104337	3.3728328	3.5374908	3.6753457	2.215664	1.3343891	1.9802222	3.3660054	2.3228042	3.1124566	2.439345	2.0222046	2.0363805	1.3557978	2.8986797	1.366725	1.5877075	1.2584345	2.7586706	1.559129	2.8820758	0.650804	1.8370601	3.3610175	2.2780142	2.7449903	2.4264417	2.3127773	2.1535919	3.2779424	2.460438	3.2530992	3.670877	4.02739
SLC1A5_32581	5.4650297	4.6000867	4.649141	4.894432	5.1253834	4.591821	3.4919653	4.6882124	4.876746	4.900378	4.581123	4.1369987	5.8365517	4.0581245	4.1453104	4.6409187	4.1156726	5.285403	5.9077225	5.389922	5.515642	5.169586	4.08557	5.1240673	5.706152	4.346816	5.132197	4.4076104	4.6371417	3.826207	4.6536613	5.232359	5.5480204	4.0336113	4.624693	5.293193	4.527525	4.802422	4.034846	4.669124	5.544109	5.3858123	3.7600586	4.515908	3.934157	3.8183901	5.59177	4.8085413	5.583087	6.1181498	5.4595776
SLC20A1_9844	6.912786	6.299703	6.3544507	6.586012	7.175499	6.546238	5.602687	6.823838	7.0167727	6.677778	5.848592	5.866022	7.3226233	6.410368	5.970411	6.5236683	6.4695387	6.3667994	7.488191	6.9605694	6.8433943	6.785924	6.210252	6.4085054	7.2359147	6.20402	6.7743945	5.946529	6.1583962	6.161362	6.003493	7.145969	6.8214293	6.447012	6.3896604	6.79841	5.876611	6.781802	6.1404767	6.607041	7.1667852	7.1874876	6.1296253	6.222204	6.1942573	6.587992	6.5767345	7.188574	6.9953647	7.2504706	7.2467885
SLC22A1_33065	9.524444	9.01283	9.455311	9.114963	9.437832	8.860554	9.084362	9.368032	9.297591	8.958075	9.204996	9.451632	9.414762	9.379473	8.803153	9.297526	9.090841	8.814073	9.379853	9.045887	9.332586	8.926319	8.8376465	8.881267	8.880095	9.044576	9.534337	9.133343	8.692661	8.857968	8.922404	9.837764	9.517265	9.443594	9.7471695	9.052322	9.468263	9.102524	8.93188	9.3669405	9.33845	9.308239	8.728689	9.243887	9.172952	9.142904	8.93495	9.573929	9.411266	10.161499	9.515849
SLC22A2_9845	9.537972	9.424927	9.172103	8.684732	9.741218	9.569707	9.11326	9.795154	9.720617	10.595286	9.636413	8.844214	10.557994	8.806256	9.337718	9.481163	9.80216	9.616883	10.237938	10.831023	9.648433	12.487654	9.896052	10.160634	9.87141	9.016973	10.490079	9.550578	9.412327	9.642103	9.386287	9.610346	9.46987	9.369702	9.9476185	9.828797	9.2442255	10.32315	9.658534	9.538964	10.063987	10.950127	9.29821	9.26285	9.484024	9.329275	11.817839	9.706861	9.91704	10.352755	9.785006
SLC22A5_9846	7.070043	5.3323293	5.729804	5.7953563	6.6621165	5.819527	4.849189	7.133304	6.682205	5.9102006	5.9690366	6.4919066	6.9199076	5.7915587	5.2487035	6.4063673	5.8059964	5.6454296	7.263279	6.0318227	6.3550997	6.381559	5.1698766	5.6107297	5.474039	4.755942	6.9630957	5.6881657	3.7929146	4.045334	5.1418614	6.6747785	5.5480204	5.517095	6.621542	5.623653	6.3132324	6.000293	5.506632	6.1256247	6.375821	6.4341645	4.6079693	5.597024	5.55561	4.7292876	5.57306	6.3978205	5.5615234	6.964438	6.2631183
SLC22A6_33307	9.876472	7.7161427	8.306171	8.145991	8.625275	8.235951	7.107713	9.48646	9.012803	8.299179	7.95583	8.4302225	9.239736	8.379854	7.422775	8.635746	7.8482604	7.7905116	9.245991	8.525971	8.744348	8.823285	7.369311	7.5605474	7.8926044	7.457785	9.583543	8.008929	6.7653203	7.1113462	7.585149	9.263167	8.836953	8.082696	9.147191	8.041284	8.651168	8.261441	8.0180855	8.53466	8.899582	9.281712	7.9639826	8.722882	8.487633	7.8326793	9.0391655	8.974925	8.364412	9.665532	8.78783
SLC22A7_9847	2.0298584	2.538774	2.5015457	2.2280116	2.5968776	2.0292463	2.924071	2.0347693	2.304984	2.7294815	2.4061391	1.706109	3.2596772	2.10312	1.2938309	2.0680585	0.80118436	2.363299	2.2015305	3.335659	2.0497084	2.6095028	3.3405793	2.6216867	3.4706786	1.8752655	0.7615591	1.8188398	3.0615857	2.0363805	1.3557978	2.197697	0.0	2.5058906	1.6269251	1.6612463	1.2002778	3.538559	1.9449388	0.7165108	0.7768912	2.987353	2.4758844	0.7901686	1.7574636	2.1535919	3.2779424	3.5246851	2.8876398	3.030724	3.051179
SLC22A8_9848	9.049428	7.5283985	8.072094	7.809309	8.433904	8.479624	7.471362	9.039024	8.72098	7.870557	7.870031	8.125795	8.766008	8.185277	7.562287	8.413958	7.386526	7.9879622	8.391327	8.073183	8.393256	7.8899174	7.2300234	7.288886	6.958386	7.72674	9.11679	7.4906836	7.064932	7.279211	7.308321	8.800401	7.9269047	8.071982	8.91307	7.7634754	7.992811	7.737439	7.505443	8.146523	8.387532	8.623809	7.307668	8.795715	8.4389715	7.548933	7.963262	8.345522	7.7099433	9.118597	8.115038
SLC25A13_9850	9.620825	10.012553	10.193051	10.094338	9.633965	10.068115	10.243255	9.5987835	9.553599	9.919349	9.87424	9.706009	9.29092	9.970247	9.962388	10.178095	10.105164	10.001307	9.730984	9.629939	9.703807	8.632421	10.326184	9.989358	9.659394	10.204442	9.576991	9.976039	10.10043	10.168825	9.993334	9.458254	9.714514	9.859499	9.889505	9.777575	10.038371	9.597785	10.060859	10.124527	9.912026	9.5482235	9.644054	10.331927	10.0056505	9.93754	7.521161	9.785046	10.196011	8.458553	10.113979
SLC25A24_9855	1.345864	3.0385108	2.6870766	2.622656	3.2715344	0.8241397	2.6148129	1.732564	3.0170162	0.7689436	2.4061391	2.0061407	3.6663983	2.7588696	1.2938309	2.533521	2.631737	0.75779927	3.035508	2.6566756	3.2683764	2.215664	1.7148082	1.3061277	3.2531395	1.5856925	1.9188775	3.101637	2.7030282	2.0363805	2.0422144	2.5903506	0.83949393	3.2767088	0.76228935	3.5624845	1.559129	2.3917863	1.0976686	1.1930816	2.1913016	0.82376546	2.6167028	1.2978095	2.87763	1.9105306	2.241367	2.2488987	1.2764089	1.5636727	3.5769253
SLC25A30_9856	9.774762	9.249785	9.342399	8.924604	10.023101	9.441287	9.31911	9.478651	8.707439	9.676608	9.185593	8.756356	9.336877	8.942984	9.100788	8.862989	9.2611265	8.961319	9.237412	9.929244	8.731082	10.413081	8.968304	9.796169	8.996432	8.619477	9.13653	9.075368	9.260703	8.611377	9.016631	9.013679	9.3632345	8.835941	8.988171	9.113691	8.70824	9.395771	9.008929	9.098995	9.325675	9.302973	8.917509	8.931201	8.6897135	9.008294	8.954959	9.280258	9.574915	9.043931	9.148087
SLC25A4_9857	9.304641	9.65182	9.805302	9.805666	9.608859	9.831205	9.75656	9.352735	9.357766	9.892884	9.549388	9.437577	9.331648	9.4320545	9.609794	9.794281	9.774296	9.63078	9.522254	9.383732	9.541548	8.719825	9.890281	9.752498	9.775054	9.770931	9.459371	9.533455	9.972602	9.975665	9.804983	9.181734	9.975452	9.537439	9.721226	9.762085	9.713222	9.28388	9.70657	9.904012	9.614043	9.252868	9.444746	9.838436	9.771564	9.610897	8.191999	9.502568	9.585637	8.752654	9.697794
SLC25A46_9858	7.603618	7.8968782	7.4390244	7.55606	7.5140533	7.4960275	7.16772	7.414407	7.5165105	7.3165517	7.335868	7.3232803	7.5376854	7.5801883	7.3540254	7.411432	7.399274	7.4175463	7.6468954	7.5907083	7.5105495	7.0547104	7.369311	7.720207	7.790135	7.3674107	7.4612427	7.454753	7.470647	7.4616556	7.437229	7.589244	7.2974267	7.669431	7.6193147	7.3506494	7.147872	7.4112115	7.0393558	7.3887887	7.463565	7.6525235	6.727252	7.7113094	7.645392	7.337527	6.9474025	7.6964526	7.7862926	7.633442	7.867375
SLC26A1_9859	7.1815057	7.2301593	7.6657605	7.611479	6.8178287	7.26261	7.6129913	7.133304	6.7681894	7.1970444	7.1876965	7.030487	6.4392385	6.98028	7.133102	7.327876	7.549787	6.9214625	6.659223	6.3857527	7.0369344	5.9426603	7.51445	7.146181	6.5797544	7.603479	6.9711137	7.180849	7.2211304	7.403367	7.4882393	6.8374877	6.003463	7.2361093	7.073248	7.739341	7.1675415	6.625059	7.141908	7.025514	6.8651323	6.648646	6.5715795	7.1838512	7.526221	7.505776	4.7928843	6.7988806	7.1976213	6.0487986	7.7403584
SLC26A2_33072	5.125987	5.7527604	5.1996346	5.3762093	5.9615884	5.5378633	5.2608714	5.5920973	5.9655366	5.5900464	5.3370547	5.3830247	5.530689	5.680035	5.3027663	5.142704	5.532766	5.5207086	6.2455173	6.144315	5.959639	5.3350506	5.139058	5.8132386	6.4703965	4.9859533	5.5078135	5.282425	5.4348335	5.3958683	5.6473336	6.2678027	5.77296	5.264536	5.1622505	5.7642465	5.0066633	5.935011	5.6445394	5.6589723	5.566001	5.155866	5.090953	5.110477	5.259379	4.652222	5.304778	5.9842043	5.7638955	5.9759445	5.8360367
SLC27A1_33025	3.3576849	4.395448	4.1777077	3.8344646	3.1595216	4.165955	3.9675474	3.2507074	4.0675077	4.2708697	4.004671	3.329294	3.3726006	4.0581245	3.0459516	4.0845833	3.3089392	4.1360126	4.1920695	4.5691915	3.4861639	3.3891368	3.1057508	2.4378424	4.646822	4.1974325	5.0129924	3.7013133	4.3208203	3.826207	3.833374	4.1874375	4.1356883	3.7764044	3.8306022	4.136044	3.9332168	4.564156	3.8187468	3.8587036	4.698786	4.8440194	2.6167028	4.5611777	3.3956287	3.9530077	3.3675282	3.8591263	4.980966	4.4505234	4.914352
SLC27A2_9860	11.17264	10.430597	10.483552	10.521397	11.383099	10.886684	10.539265	11.327363	10.971029	10.803975	10.388682	10.5512085	10.925566	10.609786	10.355111	10.725713	10.675349	10.501675	10.9529295	10.996986	10.717813	10.867236	10.667254	10.759036	10.349207	10.428407	11.226225	10.518252	10.265282	10.463221	10.27423	11.114144	10.347353	10.576181	11.035684	11.02105	10.613048	10.807001	10.339368	10.755961	11.028258	10.555403	10.57412	10.375347	10.854755	10.603592	9.964314	10.889021	10.497962	10.40086	10.722045
SLC27A3_9861	3.244892	3.4089699	3.747865	3.0651855	3.0380745	3.1218095	3.0569396	3.7431152	3.8481479	3.6163983	3.7971807	3.9383843	4.1189895	4.127788	4.0218096	4.594002	3.6014547	4.1360126	3.3728328	3.1009257	3.2683764	3.8924706	2.2643013	2.6216867	3.9035544	2.9395516	3.9636366	3.8976135	2.4024103	3.365476	4.118821	4.7457614	3.9269106	3.9734795	2.1637886	3.1587603	3.3341212	3.7044504	3.4182882	3.9812746	3.7909622	3.8166342	3.9316483	2.2161078	3.3956287	2.5432677	3.9922063	3.7825003	4.336409	5.5232244	4.7285256
SLC2A1_9862	5.125987	5.415992	5.038404	4.1054654	5.8577356	5.0929937	4.6106157	4.2335076	5.418904	5.672016	4.6650357	4.651712	5.9681687	4.6849766	5.3290563	5.109729	4.714029	5.3601093	6.3254	6.277146	5.0525584	5.254689	4.9388924	5.715534	6.2231526	4.29872	5.344592	5.081666	5.9311156	4.293731	5.0429688	5.4132757	4.53006	4.0913367	5.0755525	5.5367002	5.0066633	5.59803	4.7049766	5.0790944	5.85984	5.8575196	4.3898067	5.0482435	5.259379	4.8720703	4.295888	5.476936	5.4718947	5.229319	5.6178474
SLC2A2_9863	5.2185044	5.664288	6.408245	6.2371535	5.6454363	6.228164	6.7535777	5.163808	5.364731	5.386578	6.0493007	6.0902104	4.6978445	6.5180683	5.5463123	5.96508	6.8683267	6.2140546	5.6003785	5.133753	6.298668	4.5153666	5.896876	5.715534	5.3696184	6.591047	5.369071	5.7402654	6.6021137	5.9240146	6.345332	5.986909	6.5809097	5.918931	6.0540004	5.395578	6.4586973	4.9082584	6.2525835	6.4566817	5.42937	4.8440194	5.560752	5.78048	6.011097	6.025865	3.6070757	6.1304955	5.8375125	5.5232244	6.3813605
SLC2A3_32965	3.3576849	3.8709588	2.2885845	3.2992017	3.5632691	2.278697	0.79261	3.5657802	4.197168	4.161607	3.5547543	3.329294	4.182325	3.8263452	2.2108426	2.8848794	2.23654	2.851636	3.875657	4.318261	4.946362	3.4861825	2.2643013	2.931203	5.197285	2.1163197	3.2240188	2.5983527	3.2590787	1.3511056	3.2595172	5.025458	0.83949393	5.430285	2.1637886	3.7286186	2.6302555	4.0510454	2.475174	1.1930816	2.8915966	3.356177	2.4758844	2.4264417	3.3956287	1.9105306	3.4518747	4.249093	3.3568892	4.4068465	4.208934
SLC2A5_9864	3.4622953	5.6412954	4.29658	4.3335214	4.7532935	5.5378633	5.602687	3.1282818	4.6234994	4.719445	4.3970623	4.7357945	4.182325	2.7588696	3.7377028	4.015051	5.412163	5.335634	4.2478023	5.3636045	4.6631584	4.647124	5.200051	6.304817	4.7335253	4.346816	4.777274	4.175031	4.772601	5.0692115	5.3213744	4.666459	5.5234704	5.160505	5.5314345	4.249759	4.68139	4.648027	3.9308388	3.8587036	4.3906794	4.5909967	4.797434	4.7683935	4.0071836	4.612088	3.1824234	4.645037	4.808627	3.93964	4.5604434
SLC30A7_33012	7.835539	8.570854	8.454171	8.596843	8.48998	8.293768	8.173711	7.9270964	8.361692	8.416782	8.427632	8.574215	8.433239	8.535346	8.4755745	8.644406	8.525728	8.404523	8.43099	8.492964	8.5495405	7.482797	8.603738	8.454433	8.771586	8.333501	8.073575	8.047349	8.254399	8.230537	8.607577	8.401825	8.741728	8.478486	8.196704	8.362116	8.446342	8.457239	8.370926	8.420132	8.459472	7.9189596	8.2282505	7.951258	8.21837	8.434354	7.265535	8.844363	8.630864	7.9624267	8.739444
SLC34A3_32462	3.3576849	3.295734	2.9989855	2.9322088	2.7594013	2.8407314	3.1785967	3.1282818	2.7044885	2.1763573	2.5891151	2.8143709	2.8556545	3.4448164	2.42098	2.71987	3.4131749	1.61952	3.035508	2.8204348	2.6994162	2.9185607	2.2643013	2.931203	2.499557	2.5034022	3.32757	2.9913046	2.7030282	2.6845412	2.505423	3.3684063	2.5201793	3.062516	2.9930947	2.5961618	3.1353765	1.2726339	2.3191266	3.1240695	2.1913016	2.987353	2.862796	2.2161078	3.1597538	2.1535919	1.5181447	4.001153	2.8876398	3.2443137	2.9183865
SLC35A1_9868	8.8661375	9.377018	9.497802	9.413555	9.060993	9.326516	9.44114	9.028366	9.071056	9.35698	9.324324	9.351911	8.91328	9.546179	9.340952	9.545766	9.297332	9.179864	8.961376	8.877078	9.5551605	7.573931	9.10415	9.271674	9.224982	9.539606	8.634207	9.334571	9.379541	9.2392845	9.365973	9.102979	9.385542	9.341731	8.99606	9.4593115	9.06356	9.374384	9.580122	9.291945	8.9974785	8.873973	8.765081	9.217619	9.358821	9.285289	6.5578275	9.114319	9.588305	7.609558	9.464678
SLC35A3_9869	9.301119	9.416488	9.53455	9.4213295	9.539228	9.695689	9.294087	9.262845	9.295782	9.537293	9.655771	8.975392	9.329901	9.260453	9.371312	9.497189	9.614025	9.510207	9.592549	9.565013	9.48419	8.90892	9.491847	9.757416	9.539677	9.461208	9.1489525	9.381804	9.4469185	9.315016	9.369379	9.140144	9.561646	9.340244	9.307947	9.507266	9.522733	9.643201	9.377427	9.448892	9.457421	9.519752	9.098031	9.652241	9.358821	9.652301	8.504942	9.563948	10.020433	9.413008	9.705372
SLC35B1_9870	7.7399273	6.2549634	6.497813	6.041196	6.7517624	5.9689736	6.3364687	7.2479906	6.6257405	6.4175587	6.1400704	6.5855255	7.174739	6.6303353	5.67487	6.0370026	6.067924	5.9971285	6.7680535	6.8699856	6.6082454	7.5061264	5.5201	5.7554135	6.0980153	5.4273343	7.2534237	5.961238	5.2145944	5.788885	5.6473336	7.1238747	6.055761	6.3906474	6.3032722	6.6089478	6.215832	6.625059	5.628005	6.5684524	6.3124804	7.232506	5.994181	6.2910013	6.011097	6.3279543	7.926884	6.8560877	6.7021112	8.288472	6.7372665
SLC37A4_9871	7.2634153	6.863725	6.9875345	7.1916437	7.0710106	7.0525885	7.1229506	7.164789	6.788908	6.542673	6.880579	6.9535594	6.823873	7.044732	6.9074454	7.363281	7.0080404	6.8103967	6.869247	6.5109353	7.1368876	6.3688893	7.0512185	6.4697194	6.482965	6.591047	7.1441994	6.6651506	7.1482615	6.9120846	7.009769	7.2242045	6.7385325	6.8826427	7.1100655	6.7314677	7.2436438	6.8002496	6.866892	7.2675576	6.801965	6.775746	6.8102517	6.7576056	7.361922	7.147033	5.7829986	7.096618	7.1764984	6.971951	7.1538506
SLC38A3_9873	5.538656	5.6412954	4.968504	4.9297447	6.4162164	6.3693056	5.8424716	6.1901913	6.3189025	6.98891	5.7171683	4.651712	7.3979297	4.730472	5.3548756	5.767825	5.7473793	6.42596	6.739177	7.5963697	5.9039826	8.926319	5.781881	6.5052385	6.0649586	5.5556607	7.367161	6.1528177	5.7294083	5.828802	5.530514	5.9201007	5.89281	5.452482	6.436797	6.0419197	5.035495	7.0207915	6.2087803	6.5974903	6.483266	7.5376434	5.2289977	5.5751214	5.6947503	6.225273	8.818649	6.818203	6.5128493	7.3746967	6.956315
SLC39A1_32758	9.668072	9.875189	10.24109	9.949166	9.761744	9.843356	9.953722	9.453376	9.644506	9.826199	9.827206	9.595011	9.69275	9.788602	10.014954	9.764135	9.977097	9.912046	9.786138	9.60066	9.724036	9.673734	9.896052	10.0326	10.180064	10.212577	9.728936	10.046705	10.140901	9.861233	10.191034	9.641785	10.037454	9.85534	9.60995	9.889274	10.003227	9.81406	10.109312	10.034493	9.812521	9.804491	9.848892	10.134537	9.939557	10.115848	9.748877	9.912995	10.206469	10.197192	10.126263
SLC39A10_9874	4.5457487	4.861155	4.73585	4.5304	4.7913756	3.894199	3.7492652	4.401509	4.712946	4.467322	4.492026	3.9383843	4.5615644	4.3770022	4.1453104	4.4953265	4.3956347	4.5728903	4.9315553	4.9689555	4.749901	4.2091236	4.3772573	5.21268	4.4560194	4.346816	3.8289478	4.5699625	4.1321673	4.505577	4.936795	4.5825424	4.1356883	4.251827	4.2555523	4.752468	3.993235	4.1693053	3.8187468	4.7402864	4.574702	4.101853	3.1675818	4.3191257	4.076691	3.8183901	3.4518747	4.8466773	4.2310796	4.8270445	5.015347
SLC40A1_9877	5.8969817	5.3607593	5.8705945	5.9058814	5.9447904	5.652792	5.1757584	6.174809	6.10425	5.0611277	5.9356375	5.5778656	5.8944354	5.6328945	5.477466	5.6350756	5.532766	5.5422583	5.6003785	5.4157686	5.465258	4.949003	5.47145	5.0932775	5.0697803	5.4929237	5.7875133	5.7402654	5.0376115	5.035494	5.6473336	5.8500476	5.66487	5.695198	5.615782	5.9269514	5.7946563	5.95161	5.333887	5.504017	5.787146	6.166752	5.272226	5.4362297	5.975145	5.6825843	5.799189	6.3186274	6.0381956	6.476097	5.959461
SLC51A_33157	7.292084	7.5283985	8.334234	7.3499193	6.8542657	7.631123	7.8327866	7.0259547	7.553305	7.8084807	7.6611266	7.875426	7.871333	8.048269	7.4589376	7.613137	8.175435	7.405838	7.201111	7.054052	7.6691995	7.5903964	7.5961404	7.21215	7.417108	8.263186	8.004942	7.4495463	8.152513	7.9609985	7.242991	6.967241	7.6715875	7.9832864	7.6695113	7.75387	7.3450146	7.586187	7.3973975	7.6559196	7.9533143	8.405306	7.188617	8.300665	8.361017	8.419896	7.5405517	8.213114	8.274497	8.487671	8.689377
SLC51B_32490	1.7280232	0.0	1.3529313	1.9810864	1.2885287	2.278697	2.7777128	1.732564	1.7505945	2.7294815	1.2830404	2.650732	2.2924721	2.7588696	2.604365	2.3194807	2.4476285	2.7064807	2.2015305	2.4719195	2.6994162	3.4861825	2.8251235	1.6821929	1.7344642	2.8082936	2.7142618	1.8188398	2.0222046	3.470145	2.6910543	2.4073412	2.7061894	2.5058906	3.1140306	2.203147	2.2908719	2.8820758	1.7137712	2.07588	1.6509043	2.2780142	2.3198192	2.4264417	3.1597538	3.1024148	3.2779424	2.9552677	3.1412594	2.476155	3.662459
SLC5A6_9881	3.9678442	2.7252557	2.6870766	1.6829898	3.472425	3.461558	1.9740967	3.9739296	3.925034	3.2400484	3.2631965	2.8143709	4.182325	3.6481564	3.2795744	3.2900343	2.631737	2.9835122	3.875657	4.7425966	3.6753457	4.7287188	1.7148082	2.4378424	3.6596727	1.8752655	3.4241838	2.260616	1.5044802	1.3511056	2.8555002	4.069087	2.3065865	3.173584	3.5163558	2.203147	2.7740545	2.5743628	2.8620489	3.7247438	3.457868	4.101853	2.3198192	2.919052	2.7127588	2.5432677	3.6788332	3.5246851	3.453711	4.16611	3.388955
SLC6A13_32644	6.6722765	5.9713254	6.661817	6.319336	6.6926217	6.6494975	6.7437544	6.928433	6.7577176	6.596144	6.319098	6.417477	6.502646	6.711988	6.1433434	6.498413	6.1903286	5.9655747	6.338294	6.626118	6.8433943	6.381559	6.1496983	6.4576826	6.1462226	6.0527406	6.8105907	6.032615	6.029074	6.0810037	6.0209208	7.031949	6.5325193	6.718322	6.80339	6.403131	6.581084	6.7631154	6.1169705	6.41379	6.4003987	6.6596756	6.554171	6.4317126	6.3980784	6.638815	6.2397223	7.0401397	6.7409987	6.5780725	6.31687
SLC6A18_32647	5.8398733	6.2087917	5.9269667	6.0249596	6.073997	6.2132597	6.2279096	5.95831	6.290125	7.0818095	6.319098	5.8472433	6.452145	5.4546	6.0196667	5.889383	6.5053554	5.849363	6.2455173	6.8320975	5.959639	7.476906	6.4675565	6.936679	6.192871	6.123476	6.4233975	5.961238	5.9739146	6.337718	6.055157	6.170562	5.6192594	5.7854004	6.1977615	5.943947	6.056169	6.593675	6.3465323	6.4028654	6.3381515	7.0006003	6.2426114	6.0100427	6.2251973	6.7722726	7.105488	6.578646	6.9379463	6.926276	6.5702605
SLC6A8_32561	6.846681	4.9004173	5.3987985	5.2972918	6.0108395	5.759237	5.0538516	6.7110634	6.4931445	5.7495775	4.819502	5.554902	6.3864264	5.6328945	4.55475	5.7029767	5.2805514	5.310737	6.530315	6.204865	5.2138357	6.0094852	4.706411	5.349251	5.197285	4.9859533	6.7372665	5.961238	4.3208203	3.470145	5.0429688	6.0031385	5.853956	5.133281	6.932337	5.1829824	5.091484	5.185889	5.2499304	5.6952434	6.011131	7.0766387	4.0356593	5.855082	5.7383003	5.231241	5.8775225	6.1149545	6.0993323	6.9339895	6.276745
SLC7A12_32838	6.4612837	8.896278	7.1223955	6.4946404	8.472506	8.679917	8.125352	6.4422407	7.559347	9.820593	8.098475	6.9180074	7.7770324	7.548785	8.673221	7.7370725	7.9470687	8.209542	8.1891	8.642744	7.5473433	7.573931	8.9078865	9.595197	8.651468	7.8898335	7.064004	7.67597	8.486418	8.803919	7.5968175	6.5805836	6.695227	8.275565	8.067882	9.32791	6.4586973	9.146443	7.684015	7.4590316	8.037989	7.7843447	7.286741	6.7769227	8.155509	7.59599	5.980501	8.252708	8.376812	5.3724337	7.1164484
SLCO1A1_9885	9.6748905	10.367201	9.671464	9.639649	11.004282	10.631764	9.818706	9.791376	9.82336	11.483235	10.883359	9.483904	10.340975	9.75872	10.423047	9.95143	10.669441	10.573423	10.682266	11.71308	10.300369	11.130048	10.72157	11.483106	10.926343	10.147875	10.458345	10.419852	10.184071	10.868259	10.385209	9.934023	9.785918	10.458412	10.699383	10.971664	9.631779	10.931466	10.427401	10.061665	10.606536	10.661406	9.834544	9.771397	10.264918	9.919154	9.591609	10.177091	10.376643	8.953852	10.535557
SLCO2B1_32680	2.491974	2.8903687	2.6870766	2.785719	2.905456	1.7274573	1.3012427	2.0347693	1.3654954	2.7294815	2.897397	2.4661293	3.0032618	3.6481564	0.7873415	2.0680585	2.23654	1.2520635	3.1569264	2.0114515	2.6994162	2.9185607	1.7148082	1.3061277	2.036824	2.1163197	2.552685	1.8188398	1.5044802	1.7340541	3.0031052	3.7221797	2.055782	2.1186442	2.8610861	2.7586706	2.7740545	3.0143752	2.9709482	2.7631624	2.5835295	2.675847	3.0729647	1.6725745	0.8429203	1.2508019	2.9700236	3.5246851	1.942873	3.2443137	3.051179
SLFN2_32654	7.0865035	5.181114	5.1050735	4.1054654	5.5816708	4.036466	4.2151294	5.4201193	5.7709885	4.8659616	4.537262	5.3025947	5.7345986	4.8589354	4.20331	5.109729	4.714029	4.530389	6.1753945	5.6296487	4.6631584	6.119462	4.5275993	4.893314	5.5235453	4.1974325	6.0522475	4.848383	4.982784	4.2355256	4.1821556	6.704858	4.9168887	5.1872244	4.8847632	4.673151	4.4439664	5.59803	4.910358	6.0435963	5.1393414	6.395099	4.4662523	5.4362297	4.2671294	4.294727	5.980501	5.63783	6.3462996	6.994257	5.6807
SLPI_9890	5.125987	5.9896464	6.460106	4.8582335	5.2121687	4.8448496	4.812067	6.58872	5.4452467	5.7495775	6.2663403	5.9738355	5.5061455	6.593875	6.187119	6.806896	6.130424	4.839777	5.1520553	5.336797	6.396021	4.4686303	4.9742417	5.735612	6.3520646	5.728995	6.223116	5.2588058	5.625862	5.6620464	4.822182	5.461056	1.366725	5.6187415	5.321426	6.2199135	5.7776914	5.3197846	5.7399545	5.7479954	5.168253	5.216879	5.066604	4.7292633	6.2404222	5.357987	4.9461503	6.099244	5.8729587	6.197197	6.913342
SMAD1_32578	5.2185044	5.047582	5.003877	4.6622167	5.154896	4.6371956	5.0853076	4.6882124	5.662901	4.8307037	4.925383	4.6943655	5.6248894	4.6849766	4.873309	4.9325	4.3438206	5.09439	5.8368044	5.389922	5.1829906	4.982656	4.429132	4.781876	5.640353	4.29872	5.319691	5.305664	4.3643665	4.505577	4.6536613	5.363858	5.221623	4.9581795	5.1050344	5.000068	4.4863505	5.3945365	4.910358	5.106288	5.168253	5.092159	4.826726	5.1990657	5.229171	5.0019855	5.110866	4.8838315	4.980966	5.125359	4.9824615
SMAD3_9891	5.4137716	5.520491	4.4063993	5.32408	5.154896	5.0263414	4.7739644	5.5208874	5.983623	4.5563493	5.6153774	5.554902	5.6248894	4.539192	4.837129	5.4097934	4.4939933	5.0649147	5.5346794	5.44116	5.515642	5.5745673	3.8772712	4.5292926	4.9299054	4.1974325	4.813399	4.531055	4.772601	3.6591327	5.2929645	5.63777	4.9168887	5.213458	4.1463556	5.6024013	4.6444345	5.1575513	5.137609	5.602796	5.1393414	5.4883585	4.9382873	4.879793	4.7223387	4.9056625	6.428493	5.452413	4.948106	6.6825004	5.6178474
SMAD4_9892	4.9572444	4.2811027	4.3525343	4.223995	5.2672544	4.805641	4.3246193	4.927277	4.8375063	4.598884	4.3970623	4.9966097	5.530689	4.638	4.8000183	5.206476	4.714029	4.839777	5.061648	5.102265	4.5708647	5.506793	4.019423	4.661105	4.85453	4.605912	5.103307	4.531055	4.1321673	3.5677314	4.6082644	5.056895	5.2518272	4.5274987	4.8151155	4.7133546	4.7525764	5.1286454	3.8758812	5.2835135	5.251666	4.9909906	4.9382873	4.7683935	4.4353356	5.1211624	5.4139442	5.2958193	4.7715435	5.481725	4.9824615
SMAD5_9893	8.477315	8.201966	8.125262	8.212021	8.734375	8.051341	7.6917415	8.514671	8.763472	8.120935	8.363147	8.016579	8.81928	8.425523	8.019131	8.372858	8.114896	8.259188	8.839702	8.661769	8.50347	8.009015	7.51445	8.019429	8.737901	7.9494576	8.465681	7.962164	7.849581	7.2278876	8.181232	8.640999	8.656802	8.47578	8.186397	8.611181	8.061004	8.313741	8.071034	8.569273	8.516797	8.554587	8.050329	7.942731	8.064342	7.7883463	8.113249	8.587129	8.460747	8.576592	8.7295685
SMARCA4_9894	8.1176815	6.750107	7.106211	7.0138392	7.3704944	7.4136734	7.076747	7.714837	7.6695886	7.6607103	7.270397	6.715463	7.986706	6.5050373	6.898695	7.1446753	6.831177	7.283215	7.8451076	7.678732	7.447061	8.939231	6.798599	7.4494524	7.4494877	6.8465753	7.9369793	7.312868	6.9119263	6.5908284	7.37082	7.459991	7.9455047	7.20376	7.393032	7.085558	7.0593944	7.4112115	7.088525	7.920062	7.684789	8.515657	7.0772486	7.7703295	6.868846	7.2088876	9.525026	7.530654	7.7390494	9.375261	7.7055173
SMARCD2_9896	4.4973273	4.551584	3.9058084	3.591516	4.1368527	4.44645	3.3948803	4.5988293	4.712946	3.9804323	4.492026	3.5310342	4.653833	3.0732796	3.9558542	4.0845833	3.7679756	3.8204114	4.7885585	4.658498	4.5224047	4.9145465	2.8251235	4.2786994	4.5545726	3.3702228	4.4953737	3.389553	3.5877666	3.6591327	4.3010488	4.4934416	3.7687938	4.3496885	3.8306022	4.249759	3.993235	4.380197	3.632368	4.1475735	4.658599	4.8440194	4.1788387	3.663165	4.4353356	3.8183901	5.18667	4.769369	4.5703197	5.6028047	4.3701644
SMC1A_9897	6.817396	6.802863	7.0898438	6.7530355	6.9072514	6.8165927	6.5087657	6.7003603	6.916778	7.0892878	6.8269396	6.756299	6.9566	6.8929424	6.6606803	6.827324	6.8955746	6.8712616	7.083508	6.8320975	6.793217	6.9649577	6.8278804	7.092702	7.1199975	6.6782165	6.8803678	6.591425	6.9623923	6.457138	6.7101064	7.101436	6.9832006	6.914974	6.890622	7.0778794	6.720772	6.871768	6.7797613	7.121934	7.1667852	7.109188	6.622577	6.786485	6.552442	6.943765	6.5094457	7.2889347	7.1976213	7.2504706	7.093532
SMC2_9898	5.4650297	5.3607593	5.686919	5.851677	5.7458224	5.561593	5.580783	5.5208874	5.4711165	5.87602	5.6973767	5.217415	5.2345824	5.3418612	5.6542234	5.3824444	5.898691	5.625377	5.4658456	5.96337	5.765105	5.140065	5.65692	5.4499016	5.9964814	5.5759807	5.5512466	5.416555	5.6612096	5.2269044	6.105035	5.484366	5.4472094	5.8027835	5.9110994	5.783258	5.5568366	5.3945365	5.577233	5.6404886	5.6908045	5.6738753	4.883585	5.411723	5.101585	5.1494794	4.7601757	6.05106	5.6252704	5.8673425	5.6178474
SMC3_9899	8.489744	8.460248	8.466902	8.48556	8.791862	8.383043	8.255488	8.342947	8.503193	8.460689	8.372538	8.241775	8.689051	8.456313	8.297306	8.420695	8.285959	8.473448	8.857725	8.931843	8.455881	8.6767845	8.384781	8.502095	8.940576	8.288034	8.537632	8.450635	8.39489	8.348508	8.613334	8.493711	8.752331	8.428969	8.418393	8.540311	8.349209	8.585091	8.232864	8.65003	8.508343	8.62099	8.012589	8.493989	8.21837	8.276408	8.543897	8.394617	8.691682	9.045712	8.56717
SMC4_9900	4.1034265	3.6118274	2.9989855	4.619602	3.8058178	3.894199	3.825755	3.6571705	3.5893483	4.1037073	4.128079	3.8656	4.242996	3.9849255	4.0218096	3.1672053	4.3438206	3.7480712	3.944735	4.4239254	4.1915016	3.7433898	3.542482	3.9060543	4.2942877	3.1708984	3.8289478	2.9913046	3.85529	3.470145	3.5747921	3.641533	4.069397	4.0336113	3.9653022	3.270766	3.0246947	3.9222193	3.6972067	3.9212904	3.8634686	4.4456296	2.7449903	4.091199	3.2825065	4.076129	3.8124545	4.067246	4.808627	4.2175784	3.8196683
SMN1_9902	6.0725007	5.795042	5.620102	6.1649003	6.2484016	6.0717025	5.823943	6.3899117	6.333079	6.129162	5.848592	5.9910464	6.3729157	5.6328945	6.0672965	6.1868067	5.7867208	6.1732006	6.203854	6.0318227	5.679299	6.6770806	5.47145	5.6323085	6.0649586	5.6545153	6.2758527	5.823123	5.6612096	5.570835	6.1998973	6.184861	5.967513	6.167289	5.770984	6.118769	5.8443856	5.738574	5.8580875	6.000764	6.027002	6.5572324	5.7712574	5.9602156	5.9568267	5.739578	6.428493	6.176139	6.1722803	6.9568863	6.2493615
SMNDC1_33297	9.21765	8.96502	8.99665	8.911416	9.354432	9.1789875	8.897644	9.0911665	8.990617	9.1650915	8.766047	8.783773	9.324647	8.631413	8.7603245	8.94473	9.129607	9.132699	9.437911	9.208132	8.991326	9.736723	8.97268	9.269954	9.417326	8.811665	9.257831	8.966577	8.95369	8.76072	9.076196	9.187072	9.354562	8.712615	8.98421	8.875373	8.765293	9.18029	8.961876	9.198693	9.200057	9.351396	8.575338	8.916034	8.733413	8.904119	9.526242	9.297571	9.597606	9.849094	9.499961
SMNDC1_9903	7.9524026	7.8015823	7.9183707	8.024671	8.046081	8.160261	7.6968417	7.7975082	7.6470695	7.9217186	7.614399	7.666353	7.982264	7.3806157	7.8659506	7.8055964	8.043607	7.9481554	8.0510235	8.182613	7.791818	8.152677	7.6948004	8.291065	8.42921	7.758202	8.020478	7.92513	7.9601483	7.7743	7.918417	7.9861693	8.233526	7.778884	7.828191	8.274137	7.503028	8.147187	7.9196267	8.156315	8.117969	7.999304	7.5855565	8.053803	7.706969	7.87569	7.5549254	8.388166	8.676716	8.458553	8.561615
SNRPF_9910	7.713676	8.764166	8.58839	8.470652	8.141309	8.561342	8.688249	7.851716	8.088435	8.243295	8.500823	8.464513	7.620053	8.87117	8.631579	8.444032	8.7977705	8.416242	8.015339	7.668018	8.317175	7.353719	8.600914	8.51957	8.458142	8.496947	7.596966	8.163202	8.757382	8.747765	8.6557865	8.240062	8.569562	8.641937	7.7510314	8.755346	8.475567	8.418955	8.251875	8.319155	8.311816	7.6635237	8.689363	8.112004	8.6099	8.760046	7.277141	8.695585	8.684218	7.7516375	8.608169
SNURF_33140	7.859681	8.112844	7.7874737	8.052972	8.343878	7.9013376	7.2111416	7.8804474	8.21248	7.3165517	7.696452	8.365709	8.181411	8.343714	7.944573	8.191708	7.8200955	7.7814794	8.174794	8.06095	7.98301	7.6280985	7.715838	7.6845026	8.110759	7.424555	7.799655	7.254352	7.334952	7.5657163	7.585149	8.26383	8.060887	8.231317	7.8457613	8.080237	7.7094502	7.7937627	7.301604	7.942868	8.010313	8.079521	8.006203	7.6072383	7.519996	7.548933	8.318141	8.18734	7.8980446	8.735102	7.946237
SNX11_9911	2.6772566	2.538774	3.2553017	2.9322088	3.3754735	2.9881048	2.4311502	3.3635519	2.8691986	1.2678612	2.7514749	2.650732	3.1371586	4.0581245	1.9647921	2.533521	2.631737	1.9121275	3.1569264	2.6566756	3.1457682	2.425981	2.2643013	2.4378424	2.6850367	2.1163197	2.1624062	1.5340518	1.7864426	0.0	2.2923298	3.641533	2.7061894	2.5058906	2.3721387	3.0373216	2.2908719	2.8820758	0.650804	3.3226266	2.7457702	2.675847	2.1448007	2.4264417	3.0255773	2.9816122	3.934742	2.9552677	1.942873	3.5150423	3.284909
SNX13_9912	9.616581	9.736977	9.883351	9.847813	9.9576235	9.779022	9.665839	9.624489	9.62879	9.77379	9.820359	9.568027	9.620272	9.6504545	9.862431	9.842747	9.711796	9.832286	9.822152	9.884826	9.77146	8.499249	9.708059	10.058734	10.0081215	9.7554245	9.447926	9.8021	9.555404	9.587886	9.843448	9.658532	10.025483	9.700499	9.871391	9.534169	9.740838	9.692178	9.634937	9.793333	9.9130945	9.636009	9.4137125	9.750785	9.669805	9.660933	7.8589997	9.743959	9.91704	8.959532	9.884035
SNX6_9913	10.025834	10.2561865	10.122388	10.099194	9.996859	10.166181	10.330339	10.048243	9.958664	9.651569	10.183464	10.082315	9.60012	10.284281	10.045994	9.974509	10.272996	9.993505	9.817555	9.596429	10.139986	9.076078	10.077666	9.929609	9.959485	10.053209	9.659931	9.866028	9.960238	10.065068	10.1775	10.31496	10.410637	10.213972	10.030621	9.848111	10.100234	9.968851	9.988225	10.024728	9.8431	9.543765	9.820961	10.099483	10.100481	9.99816	9.164752	9.660779	9.653455	9.330669	9.745126
SNX7_33286	7.4144793	7.464339	7.393072	6.920377	7.607737	7.326332	7.196812	7.2032037	7.386607	7.534915	7.2296395	7.0795836	7.4946685	6.9989905	7.064345	7.1283045	7.443024	7.295957	7.441153	7.646349	7.3038826	8.502152	7.408603	7.720207	7.397326	6.8212643	7.6578403	6.9496136	7.185156	7.5115614	7.151011	7.573027	7.2155037	7.3290205	7.319483	7.085558	7.237453	7.498529	7.0702825	7.3380747	7.385692	7.8338757	6.9094195	7.0942936	7.354944	7.438518	8.689976	7.6432757	7.549424	8.395702	7.798195
SOAT1_33217	5.5623865	3.6118274	5.072124	5.4510326	5.8577356	4.9202075	4.157102	5.033428	5.364731	4.9989605	4.295405	5.1268883	5.7762485	4.8589354	4.9086037	5.809493	4.586072	4.441436	6.086484	5.815876	5.386221	5.169586	4.6637425	4.3324213	5.4990044	4.143991	5.9423504	4.6078486	4.6371417	4.174872	4.5129476	5.738146	4.8786864	4.894748	5.3463283	4.933553	5.295953	4.648027	5.015799	5.564092	5.7683854	5.7787704	4.4285355	4.689042	4.1430035	4.076129	4.3844	5.2958193	6.022498	6.4001675	6.1040573
SOCS2_9914	6.088933	6.902919	6.5821443	6.470864	7.0710106	6.1363373	6.1704044	6.8723235	7.386607	6.5207176	6.5682616	6.815464	6.93837	7.071497	6.731376	6.857433	6.4451575	6.6608067	7.3422103	7.062258	7.0369344	5.8725886	5.634999	6.207543	7.690704	6.7955008	6.1402097	6.4936323	6.4283557	5.498431	6.6214895	6.828408	5.57216	7.519793	5.6759562	7.606884	5.6529994	7.423164	6.3465323	6.9894547	6.1038394	6.0204053	6.802901	5.411723	5.975145	6.0105085	5.733308	7.5423203	6.8428307	6.779877	6.8046618
SOCS3_32863	2.491974	3.1728475	0.82956785	1.9810864	2.7594013	1.7274573	0.0	1.732564	2.8691986	3.0072343	2.4061391	2.0061407	1.3559068	1.4050055	2.604365	2.0680585	1.9891841	1.9121275	2.411319	2.6566756	2.3002052	2.6095028	2.8251235	1.3061277	2.499557	2.9395516	1.6257219	1.8188398	3.0615857	0.82825595	2.0422144	2.197697	2.3065865	3.2767088	2.1637886	1.9574919	1.2002778	3.3510835	2.615978	2.4600666	3.0240266	3.9662805	1.7143735	2.4264417	2.7127588	1.618053	3.6788332	3.0885482	1.942873	4.4929166	2.609335
SOD1_33183	13.189656	13.687356	13.6511	13.471769	13.357827	13.337031	13.76717	13.492156	13.320671	13.626867	13.692404	13.39751	13.034987	13.72591	13.603525	13.449825	13.876253	13.383329	13.148262	13.288824	13.421042	13.421004	13.766198	13.520194	13.33118	13.554524	13.261353	13.500812	13.651741	13.832733	13.51368	13.193173	13.591939	13.839014	13.42265	13.704985	13.47575	13.617897	13.568369	13.553136	13.352589	13.1254635	13.993118	13.689385	13.708562	13.793309	13.425125	13.48558	13.5576515	12.744041	13.541248
SOD2_32976	10.1631155	10.629177	10.772163	10.727958	10.490588	10.58042	10.698394	10.258025	10.424439	10.507308	10.640697	10.54175	10.214125	10.776985	10.502439	10.525396	10.634152	10.56292	10.413454	10.445951	10.561715	9.267414	10.697975	10.718629	10.662651	10.76015	10.157376	10.472781	10.70547	10.6426	10.655196	10.211378	10.659761	10.709457	10.273114	10.628919	10.667018	10.446858	10.465124	10.544222	10.478206	9.928229	10.730501	10.375347	10.740271	10.690474	9.1106415	10.711821	10.634601	9.827516	10.68356
SOD3_33241	7.934329	7.067197	7.223386	7.444512	7.715648	7.3673015	6.184997	8.116127	8.096768	7.7948236	7.3100348	8.090301	7.9688554	7.676318	6.9672537	7.795264	7.02459	6.953985	8.391327	7.9679284	8.035753	8.061136	6.939402	6.919229	6.6814036	6.352757	8.669126	7.0900764	6.34386	6.765531	6.67751	8.0732975	7.0957203	7.581523	7.649642	7.3053365	7.390361	7.6738334	6.4347353	7.421634	7.733965	8.845276	6.630904	7.5744944	6.4901185	6.567151	8.650364	7.9626746	7.272528	9.204014	7.3599353
SORBS3_9916	6.523054	5.3323293	5.3719754	5.7367473	6.4641566	5.4642377	4.5667157	5.8462596	6.290125	5.7305746	5.8840427	5.8472433	7.2357235	5.6087337	5.9194136	5.6580663	5.252724	6.028007	6.709711	6.4497013	6.047879	7.1905074	4.2094064	5.2961636	6.3520646	5.0743113	6.3267293	5.6881657	5.3722186	4.45546	5.455594	6.9589443	5.89281	5.886689	5.3948784	5.943947	4.885206	6.1078777	5.3133516	6.380764	6.375821	6.681486	5.8730483	5.6185985	5.480661	5.1494794	7.8356423	6.3849196	6.0537243	8.276387	6.656179
SORL1_32956	7.496834	6.661466	5.889631	6.222989	7.5083485	6.569832	5.535951	6.773667	7.541144	7.104129	6.4070215	5.3025947	8.212085	6.0821834	6.1433434	6.1868067	5.6440597	6.9699755	8.385127	8.263126	7.1921477	7.2811975	6.504295	7.5828843	8.271526	5.6734986	6.8803678	6.126958	6.681727	5.035494	6.331431	7.2379847	6.9467363	5.7854004	6.757713	6.906401	5.671486	7.059594	5.993328	6.653869	7.7768345	7.6414385	5.2289977	6.3694487	5.6268573	5.231241	7.0388722	7.088684	7.0113587	7.720756	7.0465784
SOS1_9918	6.039064	5.6869197	5.729804	5.184869	6.192577	5.630527	4.9551463	6.159261	6.019129	5.5253606	5.4829173	5.9738355	5.8365517	5.6328945	5.3548756	5.889383	5.334645	5.605042	6.007962	5.756432	5.564326	4.3703556	5.0424438	5.1542134	5.9964814	5.157569	5.416816	4.998542	5.5524573	4.646259	5.1733747	6.254306	5.5234704	5.313867	5.695469	5.420078	5.4538035	5.738574	5.2060456	5.4834228	5.304711	5.2754154	5.1844344	4.8436074	5.480661	4.802445	4.9461503	5.742674	5.8011737	5.5232244	5.5065966
SPAG7_9922	6.0725007	5.9713254	5.831751	5.9058814	6.2207594	5.759237	5.786157	6.045465	6.333079	5.8051295	6.00168	5.483732	6.317571	5.854556	5.7152967	6.0370026	6.275765	5.684717	5.8368044	5.945737	5.72284	6.1494036	6.134154	6.056112	5.829378	5.6157823	6.096899	5.961238	5.6612096	5.88668	5.85593	5.9704947	6.247835	5.7854004	6.290498	6.2199135	5.95416	5.794854	5.6112785	6.19059	5.8774548	5.9681273	5.6938853	5.7612104	5.8615775	5.758086	5.8621926	6.3186274	6.4080124	6.272137	6.4309545
SPARC_33251	8.367106	8.354658	7.899712	8.036868	8.5157995	7.4960275	7.896239	8.366834	8.640619	7.588669	8.6159935	8.245365	8.6587515	8.50294	8.463758	8.22288	7.8529015	7.8736124	8.711776	8.609534	8.7496195	9.010297	7.5674934	7.3873534	8.789404	7.758202	9.035011	7.8948026	8.022637	7.2719903	8.458865	9.021667	7.518508	8.7489395	7.684236	8.663422	7.7139163	8.650098	7.871274	8.4549265	7.889637	8.408579	8.163715	7.5124626	7.7341123	7.6613617	9.985693	8.827776	8.367522	10.097688	8.749251
SPC24_9924	4.9209914	5.3607593	4.0481544	4.4353166	5.1838164	4.591821	4.5214376	4.551971	5.496531	4.7574925	4.581123	5.157699	5.578558	5.3418612	4.2590675	4.2143354	4.586072	4.5728903	4.9315553	4.7425966	5.2440352	5.4111705	4.9026546	4.5292926	4.9299054	4.9859533	5.1882987	4.6078486	4.487633	4.403539	5.2639832	5.117785	4.8786864	4.5687265	4.9833093	4.6317945	4.4439664	4.727289	4.8258905	4.8728747	4.438932	5.5370216	3.9316483	5.411723	4.3814173	3.8183901	5.57306	4.645037	4.6128726	5.3262887	4.4201384
SPHK1_32682	2.0298584	2.7252557	1.3529313	2.622656	3.472425	1.3453724	0.79261	2.2845037	3.0170162	3.0072343	1.6554753	0.81086713	3.7523885	1.4050055	2.42098	2.3194807	2.4476285	2.9835122	3.944735	3.6287196	3.5838535	1.6721861	3.1057508	3.402313	3.9035544	1.8752655	2.1624062	2.5983527	3.85529	1.7340541	2.505423	2.5903506	1.7520065	1.2247456	0.76228935	2.7586706	2.0856278	2.3917863	3.166812	2.7631624	2.4007041	2.987353	1.7143735	1.2978095	2.0616755	1.618053	0.6972474	2.8084092	3.0200155	0.7242294	3.5769253
SPINK1_32461	8.7208185	8.289603	7.9504538	8.157208	8.378691	8.025978	7.541081	8.71672	8.323151	7.5403814	8.028915	9.17684	8.12611	8.560757	7.8614545	8.771075	8.303019	7.6387324	8.7142515	7.646349	8.471919	6.431153	7.8215165	7.275234	7.40395	7.277212	8.121188	7.6848598	7.5387497	7.57161	7.4693213	8.622733	7.1528587	7.765648	8.400671	7.8244	8.9620905	7.2257605	7.1933866	7.829136	8.037989	8.147699	7.432007	7.3670845	8.034082	7.421202	6.519253	8.547156	8.220484	8.4096	8.2489605
SPP1_9929	9.270831	10.095248	9.075658	9.574207	10.113245	8.937386	8.726158	9.246384	9.870291	10.106026	9.338768	8.442786	10.839775	9.022864	9.911101	9.7694235	9.424374	10.341125	10.664457	10.692518	10.022942	9.711856	8.887171	10.120161	11.71743	9.107001	9.439282	9.829416	10.787237	7.9609985	9.77705	8.741158	8.905056	8.742198	9.301595	10.047036	9.21774	9.469665	9.813713	9.442237	10.500402	9.739699	9.179763	9.206977	9.441839	8.766916	10.463112	10.459892	10.294064	10.8940115	10.441897
SPP2_32854	5.360625	3.7034745	3.57048	3.5005035	3.472425	3.894199	3.2907877	4.73091	3.925034	3.8456316	3.2631965	3.707994	4.4110556	4.0581245	3.2795744	3.6976154	2.7949874	2.7064807	4.2478023	4.080432	4.252195	4.9145465	2.6612716	2.6216867	3.6596727	2.9395516	4.403563	2.8718307	1.7864426	2.6845412	3.0031052	4.5386796	3.999912	2.6664317	4.583395	3.4716449	3.7365477	2.1827102	2.9709482	4.43179	3.7909622	4.4456296	2.7449903	3.173454	3.2825065	1.2508019	5.327282	3.6158395	3.0200155	4.8918467	3.1727722
SPR_9930	5.6313214	6.2397366	5.3987985	5.9409184	6.192577	5.584939	5.9659057	5.9938064	6.0708017	5.6316133	5.505856	5.666232	5.8944354	5.559163	5.884385	5.809493	5.5783186	5.916911	5.9587126	5.98079	5.8656483	5.9930673	5.781881	5.922368	5.5235453	5.5759807	5.712976	5.395048	5.494844	5.3138585	5.530514	5.9538913	5.221623	5.7678056	6.3159347	5.8388333	6.0420303	5.794854	5.2499304	5.7130427	5.670739	6.0204053	5.2289977	5.530294	5.9194784	5.623246	5.8152	6.3978205	5.8729587	6.3549147	6.207286
SPRED2_9931	6.329194	5.7527604	6.0162854	5.9058814	6.630953	6.0717025	5.288162	6.46771	6.4931445	6.240816	6.0493007	5.554902	7.001191	5.812865	5.695225	6.054436	5.8806224	6.0731196	6.748867	6.3857527	6.3411975	6.467261	5.5671635	5.868835	6.2380586	5.6734986	6.399831	5.652357	5.762336	5.256475	5.8942595	6.5028176	5.5959015	6.011546	6.023445	6.026046	5.7077637	6.5398016	5.6930356	6.446078	6.259726	6.5689807	5.7096953	6.0739093	5.649845	5.739578	6.320464	6.2057843	6.420044	7.167839	6.5479574
SPRR1A_33122	0.82449245	0.0	1.3529313	0.7965775	0.7835774	0.8241397	1.6765455	1.3498102	0.83860815	0.7689436	0.7796854	0.81086713	2.0423498	1.4050055	0.0	0.8466378	0.80118436	2.1552784	3.035508	0.0	5.4130507	3.2850893	0.0	2.6216867	2.6850367	0.0	2.1624062	1.1788656	1.7864426	0.0	0.0	1.2839134	0.0	0.73861325	0.0	1.2880224	0.0	1.64341	0.0	2.2807243	2.5835295	0.0	2.6167028	1.6725745	0.0	0.0	4.201589	2.2488987	4.948106	3.811508	4.688305
SPTAN1_9932	10.658265	10.423035	10.618042	10.4987955	10.6744	10.4257765	10.373979	10.591351	10.615608	10.368228	10.439458	10.359115	10.6385355	10.508957	10.673136	10.449183	10.290209	10.563578	10.804612	10.700426	10.61757	10.329728	10.424504	10.54605	10.648077	10.437459	10.662757	10.272839	10.307725	10.077548	10.48355	10.677368	10.9809475	10.847249	10.686033	10.761254	10.499936	10.758885	10.386823	10.641537	10.601908	10.440189	10.367274	10.246166	10.387946	10.354999	10.299177	10.590647	10.4333935	10.701263	10.411337
SPTLC2_9934	6.787504	6.299703	6.7477894	6.5410495	6.630953	6.1363373	6.0639014	6.565316	7.093726	6.7737236	6.5682616	6.80577	7.3084984	6.7006025	6.0672965	7.034785	6.517099	6.6409683	7.5224895	7.172489	7.112541	5.798939	5.82124	6.711911	7.2580214	5.931814	6.8016267	6.410326	6.1829257	5.5941844	6.7208104	6.8994937	6.6841946	6.6998844	6.6418	6.79841	6.5712724	6.836452	6.2417564	6.4353952	6.9000235	7.060084	6.2426114	6.3566666	6.2554884	6.302961	5.57306	7.006845	7.0271773	7.1145315	6.930685
SQLE_9935	7.63193	7.8624973	7.999471	8.175712	8.174108	7.8636546	7.90508	7.604355	7.9060616	8.492058	8.18984	7.600597	8.51854	7.3948145	7.7539773	7.998079	7.8436046	8.172019	8.324859	8.5289345	8.163701	8.49634	8.074557	8.148587	8.1467495	7.957225	8.121188	7.998271	7.9812803	7.978849	7.8663425	7.4717016	8.421307	7.7297463	7.942839	8.313903	7.7535	7.904483	8.666403	8.062241	8.165346	8.469394	7.422445	8.362708	7.857733	7.8151093	8.4315405	8.56156	8.615251	8.487671	8.1961565
SQRDL_9936	7.4844656	7.245487	6.8963594	7.1548114	7.4138613	7.149723	6.4128428	7.414407	7.420196	7.1901054	7.2157936	6.8250933	7.7718945	6.4918876	7.1699305	7.0435414	6.596734	7.358032	7.822344	8.125024	7.0455337	7.633405	6.8278804	7.168508	7.754295	6.4875827	7.379262	6.5530996	7.1972475	6.8357787	7.2723923	7.5455875	7.9547153	7.292571	7.7084484	6.7605386	7.2060943	7.564767	6.2308483	7.320766	7.867771	8.3553	6.8817744	6.8241134	6.73551	7.2421384	7.839562	7.4084907	7.527348	8.827033	6.913342
SQSTM1_9937	7.539305	7.0322733	7.3036427	7.1548114	6.9499664	7.093859	7.0845513	7.4721756	7.2211514	7.1405773	7.348613	6.8250933	7.602794	6.7999754	6.9074454	7.2083626	7.049064	7.1064324	7.263279	6.978023	6.993153	8.424693	7.3759346	6.9279804	6.9939466	6.9591556	7.9410667	7.199579	7.004287	6.993365	7.286871	7.145969	7.168777	7.0003214	7.518843	7.400751	7.212421	6.948203	6.9688897	7.3887887	7.263739	7.8532214	6.5453877	7.495072	7.2684693	7.2617273	8.405337	7.6859727	7.6550064	8.903668	7.659449
SRC_9938	4.992609	3.7034745	3.9787362	3.591516	3.8058178	3.894199	4.474693	4.5988293	4.3161297	4.161607	3.7971807	3.707994	4.653833	4.25777	3.7377028	4.7731557	3.510384	3.104337	4.6298127	4.2623773	4.0618725	5.109927	2.9722497	3.298162	3.9764743	4.143991	4.200304	3.8351016	3.5877666	3.365476	3.7522228	4.706655	4.8786864	4.0336113	4.5408807	3.9466662	4.6444345	4.278601	3.7592564	4.0942426	4.2354107	4.804812	3.9845908	4.647667	4.076691	4.076129	5.7829986	4.5089707	3.8592093	5.801405	4.6469307
SRD5A1_32503	4.395317	2.538774	3.1328285	3.2992017	4.3559775	3.2441669	1.6765455	4.77238	3.925034	3.3437319	3.2631965	2.0061407	5.1420355	3.6481564	1.2938309	3.9419975	3.3089392	3.7480712	5.061648	4.7425966	4.1915016	4.843061	2.6612716	3.402313	4.5545726	2.8082936	4.981586	3.8351016	2.7030282	2.8488586	3.0031052	4.4934416	4.199067	3.173584	2.9930947	3.1587603	3.3341212	3.0143752	2.475174	4.474157	4.438932	5.092159	2.7449903	4.02811	3.5983036	3.5043693	5.4553986	4.8838315	4.6542063	6.1045437	4.6469307
SRD5A3_9939	4.637974	5.148872	4.895044	4.8582335	5.5816708	4.44645	4.653219	5.1000905	5.3084435	4.7574925	4.855666	4.9966097	5.8561053	5.085924	4.8000183	5.206476	4.586072	5.2066154	5.723429	5.5847845	5.0862885	4.604528	4.6637425	4.7427316	5.8872566	5.016011	5.103307	4.2246437	4.275919	4.3496795	4.822182	5.3126874	4.799106	5.558617	4.7419343	5.7056613	4.885206	5.038283	4.538021	4.5553317	5.168253	4.919376	4.4662523	4.209659	4.8065834	4.76633	4.9167724	5.5010486	5.376327	5.0133224	5.1693907
SREBF1_32750	5.1883197	3.9479325	4.3525343	4.1659474	5.559774	4.8448496	5.1462336	5.5920973	4.7556725	4.966842	4.782408	4.6077585	5.2931385	3.9849255	3.8867385	5.206476	3.6014547	4.731381	4.9651947	5.5847845	5.2440352	4.027579	4.4792056	4.9630933	4.85453	5.261594	5.344592	4.998542	3.6594398	3.745087	3.9831457	5.6988297	5.2518272	4.5687265	5.0755525	5.5141177	4.1596217	4.330293	3.9837794	5.8154593	5.476366	5.695473	4.6413255	5.5751214	5.067844	5.257497	5.5154285	5.5710597	5.686319	5.5232244	6.2902446
SRFBP1_9940	5.2770433	5.570033	5.5500393	5.5899563	5.7065024	5.4388366	5.8607645	5.132301	5.5460544	5.2597675	5.387332	5.5315666	5.264158	5.8950763	5.67487	5.006024	5.7671843	5.4078474	5.1520553	5.1645684	5.386221	4.8792467	5.3689322	5.268869	5.662621	5.2362823	5.4630322	4.9103346	5.6436443	5.5229716	5.4297304	5.461056	5.3666906	6.0701437	4.8503594	5.6024013	5.634273	5.3945365	5.015799	4.9648857	5.168253	4.5909967	5.981213	5.0160904	5.7166896	5.5401297	5.43482	5.9495773	5.6459084	5.76727	5.760458
SRPX_33152	2.9888134	3.8709588	3.8289971	2.9322088	3.1595216	2.0292463	0.79261	0.8273256	4.133794	1.9320939	3.029906	3.6222255	2.5055704	4.127788	2.604365	3.5081706	3.4131749	2.7064807	3.035508	2.6566756	3.2683764	1.6721861	2.9722497	1.6821929	3.6596727	3.5453217	2.370703	2.260616	2.7030282	0.82825595	2.2923298	3.9401534	2.055782	3.3729517	2.3721387	3.6479416	2.7740545	3.2473404	3.166812	2.7631624	2.7457702	2.8399913	3.2563734	0.0	2.5265856	2.3615465	2.0380995	3.2105505	2.5797195	3.670877	2.609335
SRSF1_32864	9.962591	9.719245	9.526971	9.848967	10.10003	9.765038	9.580112	9.853077	10.014708	9.719405	9.514467	9.512493	10.114135	9.571401	9.495475	9.961862	9.867837	9.689903	10.152	10.129953	9.844729	9.380609	9.866961	9.641157	10.003768	9.440578	9.755872	9.207702	9.378214	9.283045	9.494728	9.686439	10.306567	9.78164	9.789776	9.490011	9.518909	9.885994	9.258933	10.192716	9.881798	9.855746	9.781301	9.480249	9.526563	9.502557	9.881198	9.875442	9.990488	9.929428	10.045979
SRXN1_9943	3.4622953	3.8709588	3.8289971	2.785719	3.1595216	3.5590887	3.668492	4.109549	3.4916236	4.8659616	3.029906	3.4336874	5.1420355	4.589442	3.6569836	3.1672053	4.540767	3.889297	5.1520553	4.7425966	3.8425713	3.662644	3.719566	5.400454	4.112109	4.6449075	4.8486414	3.4740329	3.7929146	4.045334	4.822182	4.069087	4.53006	4.4413314	4.3570623	4.7133546	3.5087726	4.1693053	4.034846	3.5770605	3.145316	3.6496496	3.2563734	4.02811	4.5374804	4.344567	4.3408227	3.4273803	4.1753836	4.613098	4.150921
SSBP2_9944	5.1883197	4.501393	4.8568616	4.2797976	4.968024	3.894199	3.582927	4.9635353	4.876746	4.7574925	4.347129	4.5624237	5.4035697	4.938633	3.3835778	4.4953265	4.586072	4.1916203	5.5788093	5.389922	4.5224047	5.5964694	4.08557	4.4342127	5.31443	4.143991	5.04373	4.2246437	3.5877666	3.2526147	4.1821556	5.83199	5.3940325	5.160505	4.7419343	5.0636516	3.5887606	5.2409472	3.9837794	4.7745934	5.304711	5.6070704	4.0849814	4.469171	4.3814173	4.294727	5.327282	5.21065	5.351412	6.5279856	4.688305
ST14_32674	6.435816	5.815727	6.0335045	6.3457217	6.9072514	6.1204476	4.734828	6.4550314	6.693238	6.6477036	6.154659	5.063219	7.6427474	5.085924	5.9020057	6.498413	5.36095	6.73754	8.035273	7.761692	7.0877767	6.6459136	5.4211016	7.168508	7.9838614	5.3818903	6.399831	5.9166527	6.95529	5.035494	5.776073	6.1990204	6.5325193	5.578938	6.2646046	6.7314677	5.827999	6.4608307	6.031546	6.6992254	7.463565	6.9385576	5.066604	5.7018085	5.506079	5.6432977	6.9474025	6.9020867	6.8517413	7.4248276	6.814038
ST3GAL1_32507	3.3576849	3.295734	3.57048	3.0651855	3.472425	2.0292463	2.4311502	2.8470235	3.998029	2.3851907	3.7208104	4.9267755	3.4773233	4.0581245	4.0848813	2.8848794	4.052516	3.319303	4.073696	3.5374908	3.3813758	3.9616058	2.6612716	2.7847295	3.5682683	3.2740002	4.0868177	2.5983527	3.0615857	3.365476	2.8555002	4.3485374	2.3065865	3.7764044	3.225608	3.4716449	3.7365477	3.6238878	3.2555978	3.013504	3.145316	3.6496496	3.340016	1.9697882	2.5265856	2.704639	4.152023	4.067246	4.2310796	4.8270445	3.284909
ST3GAL2_9946	2.6772566	1.3805355	1.3529313	1.6829898	2.4136927	0.8241397	1.6765455	2.2845037	2.518521	2.3851907	2.7514749	2.0061407	3.6663983	2.10312	0.0	2.71987	1.9891841	2.363299	2.411319	3.1009257	0.8359691	4.647124	0.0	1.6821929	2.499557	1.5856925	3.4241838	2.0565722	2.0222046	0.82825595	1.7394503	2.7527363	2.7061894	2.8108833	2.1637886	3.4716449	1.559129	2.3917863	0.650804	1.8370601	3.257194	3.1210482	1.438908	3.0518532	1.7574636	0.7569108	5.003171	2.2488987	2.1877303	4.5741396	2.2155063
ST3GAL5_9948	7.340924	6.823437	6.3406825	6.5063834	6.799259	6.4478045	6.3623786	6.7530994	7.0255284	6.7737236	6.252844	6.86298	7.7248087	6.9029117	6.1580834	6.2934365	6.574426	6.1593213	7.3422103	7.209902	6.5490003	7.476906	5.951109	6.3832736	6.7865343	6.229899	6.629945	6.1528177	6.001758	5.828802	6.1689644	7.727532	6.5689635	6.5535355	6.661777	6.7314677	5.998764	6.6858506	6.018919	6.380764	6.6867967	7.1798463	6.554171	6.179294	6.7029076	6.9193053	7.530889	7.295843	6.535147	8.01064	6.6351743
ST6GAL1_9950	8.846943	9.5366125	9.774909	9.50126	9.798437	9.47916	9.463757	9.364647	9.443569	10.146017	10.002761	9.246573	9.54245	9.141291	9.527046	9.544225	9.670327	9.642052	9.467555	9.792897	9.679152	9.004165	10.097839	10.2748	9.934538	9.66109	9.216272	9.559064	9.789053	9.66709	9.751178	9.249627	9.1927185	9.516521	9.413341	9.819618	9.106651	10.009056	9.47426	8.788677	9.51201	9.32219	9.102529	9.107489	9.520339	9.6235695	7.9083457	9.447795	9.7872	8.239514	9.643608
ST6GALNAC2_9951	7.1967483	7.1012955	6.9607816	7.0543995	7.740194	6.242916	6.7922153	7.2032037	7.6527324	7.572752	7.3100348	6.76633	7.932477	6.9421144	7.08763	7.2391815	6.8405547	7.3396883	7.919924	7.9591665	7.827159	6.3301992	7.1000414	6.8472404	8.703409	6.687585	7.3488164	6.709386	8.105169	6.543635	7.46296	7.8759193	7.4288177	7.650354	6.757713	7.7246633	6.8152447	7.5320277	6.838429	7.343798	7.714495	7.2617555	6.8817744	6.7576056	7.1281853	6.943765	6.676515	7.143328	7.3053317	7.939619	7.92476
ST7_9952	7.110847	6.843722	6.9697547	6.640313	7.473637	6.966328	6.945775	6.928433	7.2135086	7.162012	6.8269396	6.608011	7.4631376	6.6182837	6.607974	6.9810977	6.9743595	6.977905	7.303284	7.50902	7.054082	7.584929	6.86602	7.288886	7.4105444	6.9357595	7.336456	7.1554914	6.8132463	6.796057	6.575053	7.1749115	7.4679413	7.0301466	7.1600804	6.7700996	7.009405	7.368582	7.1650147	7.261523	7.1231523	7.507435	6.8887353	7.3478374	6.829116	7.0602064	7.236104	7.104509	7.4115953	7.256635	7.267411
STAMBP_9954	3.3576849	3.295734	3.6618972	3.5005035	2.905456	3.5590887	4.096643	2.0347693	3.6808712	3.6163983	4.6650357	3.0946846	2.6912055	3.5500658	3.7377028	3.9419975	3.6871164	3.319303	2.9029238	3.1009257	3.1457682	3.2850893	3.9500973	2.6216867	4.112109	2.1163197	2.8595514	3.5538383	3.5877666	3.5677314	3.6662335	3.3684063	4.069397	3.2767088	2.5541615	3.6479416	3.5087726	3.6238878	3.4182882	3.652791	3.9325047	2.4906006	3.7600586	3.2855973	3.857236	4.344567	2.9700236	2.460438	4.1753836	3.2443137	4.0904775
STAR_32299	3.122527	1.767856	2.6870766	3.0651855	2.905456	3.461558	1.9740967	3.4682064	4.133794	3.2400484	4.004671	3.6222255	3.4773233	3.6481564	1.9647921	3.5081706	3.3089392	2.851636	3.035508	3.223061	2.8640268	2.425981	1.7148082	3.185903	2.6850367	3.0598574	3.1124566	2.5983527	2.4024103	2.2861977	2.6910543	3.3684063	2.5201793	3.6282732	2.3721387	2.5961618	2.7740545	3.0143752	2.7442534	3.4971333	2.5835295	4.101853	3.0729647	3.2855973	2.7127588	2.5432677	3.1824234	4.249093	3.9941003	4.8598094	4.02739
STAT1_32366	6.137136	5.415992	5.1372876	5.35038	5.7262964	5.4642377	5.204691	5.568749	5.6172915	5.091235	5.230917	5.483732	5.986028	5.3122444	4.9430556	5.436634	5.1049194	5.431137	5.8368044	5.514759	5.744127	5.435677	5.0753727	5.061816	5.662621	5.3109226	5.674211	5.2588058	5.2145944	4.892143	5.109645	5.738146	5.221623	5.239223	5.5314345	5.993765	5.295953	5.185889	5.137609	5.6952434	5.7301164	5.818682	4.6413255	5.386793	4.9616113	5.1494794	5.5154285	5.548098	5.8729587	6.709716	6.149205
STAT1_9957	4.9572444	5.012174	4.4063993	4.5304	5.420915	4.284773	3.8983924	4.3476534	4.477985	4.598884	4.855666	4.417189	4.9732347	4.589442	4.1453104	4.8942833	4.3956347	4.839777	5.2644076	5.607391	4.946362	3.2850893	4.5275993	4.4825354	5.1664495	4.6449075	4.6229854	4.070375	4.9257903	4.403539	4.822182	5.3126874	4.9903865	4.9581795	4.1463556	4.303423	4.400299	4.6882024	4.30826	4.388141	4.952532	5.092159	4.673928	4.209659	3.934157	4.344567	4.152023	5.02356	4.6943884	4.7591944	4.5604434
STAT3_9959	9.329056	8.495933	8.915386	8.730508	8.896026	8.543578	8.365273	8.917213	9.19654	9.157997	8.817377	8.673498	9.5454645	8.704483	8.853829	8.94473	8.537308	8.987083	9.55714	9.306395	9.054462	10.599506	8.388062	8.809678	9.315601	8.667612	9.45509	8.95008	8.832951	8.126282	8.826553	9.021667	9.21205	8.719496	9.027195	9.27852	8.690221	8.860303	8.819872	9.249888	9.291591	9.809451	8.451524	9.210533	8.736101	8.715755	11.055337	9.15478	9.36378	10.989635	9.498508
STAT5B_9960	5.360625	5.3033276	4.895044	5.242175	5.468702	4.95646	5.288162	5.1000905	5.7071123	4.6402006	5.4359164	4.890548	5.264158	5.3418612	5.2208934	5.2675486	5.412163	4.839777	5.3686395	5.133753	5.302602	5.386241	4.7478533	5.1240673	5.617736	4.8254848	5.04373	4.783652	5.7294083	4.8539634	5.2344084	5.595579	4.9168887	5.1872244	5.552988	5.0944223	5.319588	5.1286454	4.640494	5.602796	5.476366	5.584097	5.250774	5.0160904	5.55561	5.5613623	5.59177	5.7016463	5.517405	5.990813	5.907852
STEAP4_32408	5.360625	5.933971	5.889631	5.35038	5.765088	5.359834	4.5214376	4.9989047	6.46767	4.900378	6.1400704	6.2980967	5.554822	5.9537992	6.310999	5.809493	6.130424	5.7229633	6.0398855	6.0318227	6.298668	4.264894	3.8772712	5.1240673	6.338297	5.157569	4.9166446	4.94034	5.9879036	4.3496795	5.6473336	6.432653	4.53006	5.886689	4.7419343	6.974151	5.1973376	6.077949	5.2281547	5.3071437	5.7301164	4.165143	6.081831	3.577628	5.3742585	5.1494794	4.886783	6.304995	5.4948297	6.2351537	6.1343126
STK10_9962	3.4622953	3.513961	3.3681867	3.4033608	3.5632691	3.736352	2.2206478	4.172859	4.0675077	3.2400484	3.4639611	4.3115497	4.6978445	3.33128	3.9558542	3.9419975	3.6014547	3.889297	4.5872383	3.714521	3.4861639	4.647124	2.0155594	2.4378424	2.6850367	2.9395516	4.740221	2.5983527	3.163709	2.6845412	2.8555002	4.820931	3.6827233	3.5480838	3.7582223	4.303423	2.4705205	4.1693053	3.339235	4.038864	3.714618	4.68036	2.9717042	3.486698	3.689876	3.746058	5.664274	3.6158395	4.2310796	6.090808	4.767655
STK25_9963	3.244892	1.767856	1.7361541	2.4387863	3.6487305	2.6765726	2.2206478	2.4973207	3.4916236	2.3851907	2.1965384	2.0061407	4.3012185	2.5715709	2.7670465	1.3766294	2.631737	3.319303	3.035508	3.1009257	2.0497084	4.688498	0.8162666	2.6216867	2.499557	1.2230182	4.0868177	2.439345	3.163709	1.7340541	2.6910543	3.7985559	2.3065865	3.2767088	2.7157705	1.6612463	1.846264	2.5743628	1.4383613	3.9212904	2.1913016	4.723048	2.862796	3.2855973	2.7127588	2.3615465	6.02248	3.6158395	2.7418792	5.125359	2.7721205
STK3_33031	3.4622953	2.3245585	1.7361541	0.7965775	2.7594013	1.7274573	2.2206478	2.2845037	2.7044885	1.6378721	1.9512244	1.3268428	2.6912055	2.10312	0.0	1.7633755	2.4476285	1.2520635	3.035508	2.9674861	1.3618308	1.2974738	0.8162666	1.3061277	1.7344642	2.3228042	2.552685	1.1788656	2.0222046	0.0	0.83162844	2.5903506	3.1528687	2.6664317	3.3291726	0.0	1.559129	1.9381144	2.1441302	2.07588	0.7768912	2.675847	1.438908	0.7901686	1.7574636	0.7569108	2.7208638	3.2105505	2.7418792	3.5950627	3.1727722
STMN1_32298	11.826853	11.544867	11.680421	11.661781	11.2290325	11.741568	11.233914	11.635461	11.500102	11.80414	11.341486	11.3393755	11.558262	11.179909	11.4141035	11.487692	11.65079	11.39747	11.283072	11.376364	11.520566	13.063163	11.570126	11.713779	11.501632	11.545898	11.814333	11.75097	11.600515	11.582107	11.750575	11.245292	12.112208	11.553417	11.868894	11.172483	11.530468	11.442309	11.609301	11.74666	11.550881	12.020721	11.209166	12.108061	11.241814	11.103937	12.830497	11.291536	11.365252	12.268782	11.208828
STRBP_33130	8.863752	8.585985	8.670483	8.526503	9.219532	8.682625	8.400087	8.90794	8.745035	8.6007	8.556814	8.66011	8.929522	8.774029	8.32696	8.6035385	8.349739	8.6451025	9.174095	9.0765915	8.9089	8.490503	8.374895	8.863129	8.884838	8.176017	8.681395	8.392131	8.171023	8.154042	8.310864	8.94603	8.187388	8.547136	8.721745	8.73352	8.5722	8.877779	8.221889	8.891907	8.877867	8.88811	7.9306436	8.38176	8.497171	8.375634	7.855133	8.820608	8.89286	8.793507	8.888892
STS_9964	5.538656	4.2811027	4.238368	4.483641	5.154896	4.9918237	5.0538516	5.3396378	5.02383	5.5472465	5.230917	4.1369987	6.0210967	4.1942425	4.1453104	4.4953265	4.714029	5.0348244	5.393562	5.7765203	4.1915016	6.221646	5.342123	5.2961636	5.3696184	5.35862	5.5512466	4.750163	5.190602	4.7329607	4.6976724	5.658412	5.5480204	4.6478076	5.3708076	5.802022	4.2607594	5.680009	4.736168	4.9942966	5.544109	5.913883	4.883585	5.140615	5.1983166	5.3086166	6.1415496	5.5710597	5.400819	5.83475	5.2817807
STUB1_9965	5.9874086	4.090557	4.649141	5.0629387	5.396415	5.2177157	3.4919653	5.7664127	5.662901	5.030379	4.9590178	4.6077585	6.230357	4.3186173	4.722804	5.2971416	4.2900763	4.346635	5.890317	5.8541875	5.2736154	5.798939	3.9500973	4.781876	4.8927097	3.7014503	5.59341	4.3190255	4.027703	3.6591327	4.4628186	5.678762	4.9168887	4.6857796	4.7419343	5.444169	4.4439664	5.370047	3.9308388	5.25949	5.544109	6.1196003	4.503008	4.689042	4.206401	4.133961	6.203686	4.769369	4.6542063	6.343376	5.925261
STX4_9967	6.3012605	5.3033276	5.3719754	5.9235063	6.163833	5.5378633	5.7275553	6.078904	6.3747907	5.8051295	5.848592	5.666232	6.3864264	6.0102253	5.735093	6.3510065	5.8623247	5.8665485	6.338294	6.3050733	6.1147804	5.721327	5.3952527	5.6323085	6.177489	5.3818903	6.1543627	5.2588058	5.6436443	5.6620464	5.7964554	6.4564223	5.9118514	6.140194	5.7524724	5.943947	5.892458	6.339944	5.114056	6.2648735	6.1624928	5.9681273	5.8010807	5.0482435	5.531057	5.283283	6.154193	6.612242	6.467193	6.788412	6.4063706
STXBP1_9968	4.1667204	4.7365184	4.0481544	4.5304	4.304237	3.9670856	4.096643	4.172859	4.9149466	4.7945623	5.024022	4.3115497	4.608436	3.5500658	4.8000183	4.4953265	4.540767	4.693361	4.750479	4.614536	3.9194357	5.4834747	4.6197734	5.183743	5.257046	4.7198715	5.04373	4.715879	4.772601	4.45546	4.936795	4.2431602	5.310402	4.608809	4.5408807	4.899109	4.6444345	4.0510454	4.9640417	4.5553317	4.698786	5.246444	4.883585	4.02811	4.6328683	3.9530077	5.161842	4.645037	4.5264735	5.7145042	5.015347
STXBP2_9969	6.4612837	4.861155	5.5013666	5.611863	5.765088	5.4642377	5.116092	5.8462596	5.8908353	5.8051295	4.9590178	4.8533883	6.121461	5.3418612	4.837129	5.2971416	4.540767	5.4078474	5.92492	5.5384808	5.61142	6.5140405	5.0087457	5.42539	5.662621	5.210519	6.209625	5.6703725	4.9545684	4.8147464	5.5059705	5.6988297	6.1062293	4.6857796	5.944101	5.6024013	5.0637608	5.3945365	5.374102	6.112273	5.650391	6.724141	5.090953	5.78048	5.55561	5.739578	6.880499	6.161084	6.3958793	7.2870684	6.1343126
SULT1B1_32942	8.579699	9.177708	9.035627	8.574705	9.60084	9.295011	8.431024	8.801792	9.19654	9.432419	9.883027	9.358556	8.204477	7.798836	9.24411	9.183308	9.38486	9.419961	8.3632145	9.28902	9.509274	9.844749	9.372721	9.717593	9.114219	8.491609	9.383302	8.707758	9.7950325	9.657424	8.455665	8.8505945	7.864744	8.970853	9.468255	8.931839	8.42471	9.932728	9.496063	9.591629	9.47633	9.752635	8.908975	9.649623	9.757081	9.413417	9.077837	9.025675	10.031259	8.546719	9.715413
SULT1C2_33309	11.13456	10.383746	10.525232	10.404675	10.742198	10.446635	10.430183	9.715005	10.504911	8.413808	8.712822	10.84482	10.406262	9.041035	10.0686	9.760156	9.254127	9.800223	9.913296	9.375524	10.55194	9.825173	9.673529	9.36324	8.409594	9.623755	9.926385	9.574692	9.299078	8.538022	9.347098	9.944566	10.473665	10.432124	9.511556	9.435474	9.560418	9.9921055	9.372473	8.786577	9.629719	10.363	8.782004	10.410558	9.379599	9.35382	9.059471	9.878897	9.753126	10.784681	9.406984
SULT1C2A_9970	9.4308605	10.013673	9.491586	9.39788	9.633965	9.661783	9.23571	9.74786	10.243014	10.398643	10.55943	9.9466505	9.239736	10.350431	10.091817	9.856478	9.765707	8.782731	10.1243515	9.879031	10.485555	9.683999	10.434057	10.232157	10.195419	10.385878	9.7063	9.846353	10.447151	10.759515	10.003232	9.589	9.83911	10.11742	9.287198	10.642647	10.097673	10.770042	10.255739	10.139413	10.230017	10.160476	9.490079	9.944746	9.708639	10.3843355	8.931281	9.475441	10.143458	9.480402	10.385628
SULT1C3_9971	1.345864	2.538774	2.2885845	1.9810864	2.5968776	0.8241397	2.2206478	2.4973207	1.7505945	2.5675821	1.9512244	1.3268428	2.0423498	2.5715709	1.6679709	3.0329375	2.9416285	2.851636	3.875657	3.4401016	2.3002052	2.215664	2.0155594	2.6216867	3.2531395	2.663887	3.8978634	1.8188398	1.5044802	3.2526147	2.6910543	2.5903506	3.018777	1.8774635	1.6269251	2.4129963	2.6302555	2.5743628	0.650804	4.1475735	2.4007041	2.2780142	2.9717042	1.6725745	3.1597538	1.618053	2.7208638	5.088657	2.1877303	4.3618064	2.2155063
SULT1E1_32446	2.0298584	2.8903687	2.038651	0.7965775	1.6618326	2.0292463	0.0	2.682742	0.83860815	1.2678612	1.2830404	0.81086713	2.0423498	1.4050055	2.42098	0.8466378	1.9891841	0.75779927	3.875657	3.5374908	0.8359691	2.425981	1.3343891	1.9802222	2.499557	0.7374037	2.552685	1.1788656	1.7864426	1.3511056	1.3557978	1.2839134	0.83949393	0.73861325	0.0	0.0	0.0	1.2726339	0.650804	3.1240695	0.0	1.7268571	0.6511185	0.0	2.0616755	2.1535919	3.4518747	6.1910377	2.5797195	5.3026505	3.1727722
SULT2A2_33196	1.345864	0.0	1.3529313	0.0	1.9581286	1.7274573	0.0	0.0	0.83860815	1.2678612	1.6554753	2.0061407	0.0	0.0	0.7873415	1.3766294	1.6904588	0.0	1.9559586	1.3310965	0.8359691	2.6095028	1.7148082	0.0	0.82851213	0.0	1.9188775	0.70663524	1.7864426	1.3511056	0.0	1.2839134	2.3065865	0.0	0.0	0.78321815	1.846264	0.77231747	1.7137712	3.1240695	1.6509043	0.82376546	1.438908	0.7901686	0.8429203	2.704639	3.2779424	5.181105	5.013094	5.5635633	4.8057513
SUMF1_32831	8.085287	7.4244914	7.5328255	7.527531	7.939888	7.5204496	7.3664446	7.782364	7.7823696	7.572752	7.538563	7.4655166	8.109913	7.699382	7.2546625	7.9335904	7.5892615	7.2043047	8.058834	7.9635544	7.6636243	7.5460653	7.349256	7.4433613	7.764626	7.3790216	8.024337	7.3909965	7.393926	7.212882	7.430724	7.884706	7.637676	7.6788764	7.7463617	7.5745096	7.548744	7.570152	7.0204763	7.6186333	7.9154463	7.9189596	7.3982587	7.3606973	7.409843	7.3739834	7.265535	7.927521	7.719711	8.214397	7.907345
SUOX_9974	9.534977	8.831734	9.200966	9.31684	9.229969	9.270022	8.748436	9.335546	9.417195	9.292034	8.950833	8.94038	9.398184	8.893842	8.8560915	9.458424	9.012112	9.339162	9.329082	9.250041	9.247567	9.427183	8.992211	8.940848	8.945125	9.153378	9.666119	9.213857	9.0568285	8.914711	9.080358	9.4641285	9.471475	9.088917	9.507422	8.961351	9.298757	9.043739	9.272295	9.418025	9.349538	9.506066	9.189661	9.683285	9.172952	9.1947775	9.351996	9.122113	9.140195	9.541005	9.123788
SUPV3L1_9975	6.055879	6.077915	6.05052	5.975125	6.3021464	6.055081	6.1407685	6.429335	5.791667	5.87602	6.4431224	5.7084646	6.274623	6.1338897	5.9194136	5.9086823	6.4328103	5.9655747	6.3123894	6.1749077	6.298668	5.618044	6.0538177	6.193095	6.3243966	6.0527406	6.223116	6.1399455	6.3867264	6.2812943	6.4128976	5.484366	5.9856	5.9659815	6.2248716	5.9773493	6.4154806	6.339944	5.9803605	6.3355184	6.3633738	6.3136454	5.6779003	6.12002	5.9382734	6.0560956	5.392762	6.304995	6.7313747	6.6640673	6.814038
SUV39H1_34119	3.7371018	3.9479325	4.238368	4.483641	4.6739745	4.591821	4.3246193	4.812691	4.6234994	4.7574925	4.067694	3.8656	4.5615644	3.7400002	3.8867385	4.443337	4.1761804	4.394814	4.9651947	4.93361	4.749901	3.4861825	4.3772573	4.2228994	4.85453	4.39336	4.3553696	3.8976135	4.3208203	3.470145	4.6082644	4.666459	4.8786864	4.3962374	4.028212	4.355162	4.050856	4.873835	4.640494	4.2966695	4.340757	4.101853	4.6413255	3.663165	4.3814173	4.528308	3.0801287	5.120136	4.6542063	4.1127377	4.4201384
SYNE2_9977	6.6053166	5.442835	5.831751	5.6334424	6.6204133	5.839077	5.1462336	6.565316	6.778586	6.4056277	5.4829173	5.157699	6.965629	6.0102253	5.3290563	5.9833994	6.0995126	5.605042	7.215159	6.933986	5.9955854	7.410458	5.1698766	5.886901	6.177489	4.524609	6.70878	5.5779576	5.238194	5.1658797	5.2929645	6.4798064	5.8735137	5.160505	6.651823	5.783258	5.2719235	6.4016533	5.2925196	6.177829	6.528566	7.4640517	5.1384506	5.8909845	5.506079	5.231241	7.3338113	6.532598	6.3462996	8.116114	6.5812845
SYPL1_9979	8.829936	9.341796	9.214241	9.064223	9.38433	9.460348	9.228684	8.94014	9.03031	9.534557	9.337171	9.1348715	9.016809	9.141291	9.087375	9.290187	9.422813	9.072876	9.034502	9.3046665	9.088148	8.850881	8.97922	9.44934	9.348597	8.971678	8.93198	9.075368	9.153083	9.2794485	9.086577	8.979225	8.557521	9.209495	9.129367	9.57019	9.082679	9.36202	9.150236	9.1374	9.311166	8.954554	8.470207	8.954716	9.089235	9.031302	7.660611	9.386012	9.491852	8.279418	9.556915
SYTL2_32351	5.9874086	6.728452	6.1166444	5.8331466	7.055446	5.738567	5.914293	5.9761677	6.839439	6.1145773	6.489893	6.7762914	7.2725697	5.9537992	6.4250774	6.6204867	6.1150513	6.73754	7.435164	7.350545	6.772647	6.614058	5.8595533	6.979401	7.548473	5.6734986	6.182258	5.7739816	6.1583962	5.369046	6.359101	7.0632463	6.154992	6.3906474	6.2113805	6.897704	6.16455	6.931564	5.886169	6.369585	6.286344	6.62633	5.8303	5.639855	5.603497	5.9949875	6.0498023	6.928998	7.0113587	7.2504706	6.814038
TAGLN_9981	7.63193	8.225347	7.245721	7.622312	8.817463	7.1959434	7.076747	7.3610396	8.246581	7.9217186	8.578616	8.349119	8.113979	8.666949	8.303948	7.6013236	8.047661	7.6437254	8.674131	8.916083	8.602949	8.306759	7.369311	7.840962	8.972121	7.527262	7.772385	7.1490817	7.97778	6.921345	7.880732	8.410977	6.5325193	8.53938	7.235332	9.75488	8.032683	8.351757	7.810294	6.959944	6.8202972	7.276161	8.093147	6.6359334	7.152534	7.66627	8.213301	8.803743	8.332939	8.471861	8.396681
TAGLN2_9982	2.8414288	3.6118274	3.2553017	3.9071345	2.7594013	3.2441669	3.4919653	3.8242261	3.1510859	3.2400484	3.7971807	3.329294	2.6912055	3.0732796	3.6569836	2.3194807	4.052516	3.6719112	2.5944383	2.6566756	2.513575	2.215664	3.8772712	3.9060543	3.9035544	3.460427	3.1124566	2.9913046	3.2590787	3.745087	3.3724391	3.4653084	3.493454	3.062516	2.3721387	4.075639	3.7365477	3.135555	3.5644774	3.652791	2.7457702	2.8399913	2.7449903	3.663165	2.3127773	3.5043693	1.1653116	4.001153	2.1877303	2.63602	3.1727722
TALDO1_32399	9.179797	8.259721	8.501344	8.476634	8.909074	8.769245	8.170048	9.135542	9.083689	8.747351	8.722647	8.507009	9.338615	8.74384	8.384499	8.6005745	8.407668	8.544579	9.304653	9.114569	8.767922	9.569626	8.27567	8.454433	8.609098	8.036348	9.386303	8.30256	8.18627	8.17742	8.181232	9.108615	8.92628	8.737686	9.094883	8.890794	8.509359	8.790508	8.18845	8.763275	8.812981	9.325657	8.509124	8.677349	8.478031	8.363598	9.268696	9.108445	8.82661	9.842962	8.864283
TATDN2_9984	8.390494	8.0267515	8.214782	8.168339	8.568837	8.059697	7.873896	8.594876	8.372028	8.124579	8.146707	8.090301	8.4397335	8.172972	8.039175	8.098139	7.9771395	8.229606	8.643291	8.486881	8.143817	8.2106285	7.906318	8.2567425	8.412882	8.145749	8.268342	8.179018	8.14629	7.8920207	8.109735	8.569234	8.752331	8.339493	8.388734	8.267402	8.229549	8.234563	8.25726	8.353605	8.42395	8.595369	8.093147	8.293976	8.183349	8.298704	8.2608385	8.598349	8.4981165	8.879905	8.402908
TAX1BP3_32829	6.827224	6.357276	6.2697997	5.8699727	6.630953	6.088135	6.1407685	6.6117496	6.36102	6.429392	6.252844	5.9738355	6.863057	6.451703	6.375486	5.6580663	6.219373	6.3051085	6.8603354	6.546466	6.499788	7.1614156	5.4464955	6.433304	6.9402714	6.20402	6.660015	6.333266	5.9165626	6.3514857	6.38625	6.3962483	6.247835	6.3791056	6.290498	6.2475557	6.448014	6.3272786	6.3465323	6.3123527	6.4125323	6.6596756	5.8446903	6.4914	6.1942573	6.0105085	7.032038	6.634213	6.8157635	7.884955	6.6457148
TBC1D10C_32813	2.8414288	2.538774	2.038651	2.9322088	1.9581286	3.1218095	1.9740967	3.2507074	3.273749	1.6378721	3.2631965	3.0946846	1.7395756	3.2080395	1.9647921	3.1672053	2.631737	1.9121275	2.5944383	2.8204348	2.6994162	3.3891368	2.4763973	2.4378424	3.5682683	1.5856925	3.2240188	2.0565722	2.0222046	2.9963596	2.0422144	3.7985559	1.366725	3.7042391	1.9201866	2.4129963	2.904811	3.135555	2.3191266	3.1240695	2.1913016	2.8399913	2.4758844	2.4264417	1.3714777	2.5432677	3.6788332	3.8591263	2.5797195	4.16611	4.0904775
TBC1D9B_9985	3.122527	2.3245585	2.6870766	2.9322088	2.2038183	2.4913077	1.9740967	2.9944959	1.7505945	2.875032	2.4061391	0.81086713	3.7523885	2.10312	0.7873415	2.3194807	1.3132819	2.9835122	2.7569108	2.9674861	2.3002052	3.7433898	2.6612716	1.3061277	0.82851213	1.2230182	3.1124566	2.8718307	1.7864426	1.7340541	2.0422144	2.197697	3.1528687	1.8774635	1.2584345	2.7586706	2.0856278	2.1827102	1.9449388	3.793278	2.1913016	3.6496496	2.3198192	2.609976	0.8429203	1.2508019	3.8124545	3.4273803	2.8876398	4.1127377	3.388955
TBP_9986	3.244892	3.7896457	3.8289971	3.591516	3.947468	3.2441669	3.9675474	3.2507074	3.273749	3.0072343	3.5547543	3.5310342	1.7395756	3.4448164	3.8141444	3.8650463	3.8445423	3.6719112	3.3728328	2.6566756	3.3813758	3.5771093	3.719566	3.7568672	3.6596727	3.1708984	3.1124566	2.439345	3.0615857	2.9963596	3.3724391	2.8986797	3.3886123	3.8451312	2.9930947	2.7586706	3.5087726	3.8532186	2.8620489	4.0942426	3.9983876	1.7268571	2.6167028	2.609976	3.3956287	3.1024148	3.2779424	3.8591263	4.2847056	4.724034	4.767655
TBPL1_9987	4.6819654	4.820794	4.968504	4.483641	4.968024	4.4965525	4.3246193	4.8519063	4.988441	3.5311098	4.9918857	4.8533883	5.1098185	4.7745767	4.9086037	4.8942833	4.2900763	4.2967916	5.317465	4.522376	5.0525584	5.3087573	4.019423	4.2228994	4.7749977	2.8082936	5.0129924	4.070375	4.526488	3.6591327	3.2595172	5.3384995	4.53006	4.794044	4.583395	5.685592	4.6444345	4.380197	3.6972067	4.6321816	4.3906794	4.8821898	4.503008	3.8929985	4.5859623	3.9530077	4.4677935	5.349928	5.0445223	6.197197	5.360677
TBXA2R_9988	3.3576849	2.3245585	2.2885845	0.7965775	2.4136927	0.8241397	1.3012427	1.3498102	3.0170162	2.1763573	3.029906	1.3268428	3.1371586	1.795884	1.9647921	1.7633755	2.4476285	1.2520635	2.9029238	2.0114515	1.3618308	3.7433898	1.3343891	1.6821929	1.7344642	0.7374037	1.9188775	2.439345	0.0	0.0	1.7394503	3.3684063	1.366725	1.8774635	2.7157705	2.7586706	2.2908719	2.3917863	1.0976686	2.07588	2.1913016	3.7355564	1.438908	0.7901686	1.3714777	0.7569108	3.0801287	3.0885482	2.8876398	4.4929166	2.2155063
TBXAS1_32570	2.9888134	2.7252557	2.5015457	2.2280116	2.5968776	2.6765726	1.6765455	2.682742	2.8691986	0.7689436	1.9512244	2.2543907	3.3726006	3.0732796	2.7670465	1.7633755	1.9891841	0.75779927	2.9029238	2.4719195	2.0497084	1.6721861	0.0	0.79608655	3.1306887	1.5856925	2.552685	1.8188398	1.5044802	2.2861977	2.0422144	3.7985559	2.7061894	1.8774635	2.7157705	2.203147	1.559129	3.135555	1.9449388	2.4600666	3.714618	3.2433975	2.3198192	0.0	0.0	1.618053	3.0801287	2.460438	3.2530992	3.9996767	2.609335
TCEA2_9990	2.6772566	3.4089699	2.038651	2.4387863	2.7594013	2.278697	3.1785967	2.9944959	3.4916236	3.8456316	2.5891151	2.4661293	2.6912055	3.2080395	3.5714786	2.533521	1.9891841	3.4158573	3.035508	3.223061	4.252195	1.6721861	2.6612716	2.6216867	4.5061374	2.8082936	1.6257219	2.7415621	3.163709	1.3511056	2.6910543	4.6251106	2.7061894	4.4413314	2.3721387	2.203147	2.4705205	4.111387	1.7137712	2.7631624	2.8915966	2.675847	2.9717042	1.9697882	2.7127588	2.5432677	2.850816	3.3230352	2.8876398	2.7799242	3.662459
TCEAL1_9991	1.7280232	3.0385108	2.851444	3.5005035	3.0380745	3.1218095	2.6148129	2.682742	3.4916236	1.6378721	3.1512616	3.0946846	3.4773233	2.7588696	3.167487	2.8848794	3.196582	3.5063531	2.9029238	2.6566756	2.3002052	2.6095028	2.9722497	2.931203	2.2866638	3.0598574	2.9915388	2.260616	3.432763	1.7340541	3.1370003	1.2839134	2.5201793	2.1186442	1.9201866	3.5624845	1.846264	2.5743628	2.615978	2.8937564	3.145316	2.987353	2.862796	3.173454	3.1597538	2.1535919	2.241367	3.2105505	2.8876398	3.7429054	3.051179
TCEB1_33163	9.369971	9.751812	9.393305	9.389977	9.464594	9.201818	9.084362	9.021933	9.869076	9.709735	9.720938	9.835516	9.914116	9.91836	9.795658	9.722481	9.745882	9.5386305	10.107504	9.947079	9.818628	10.147943	9.752004	9.554804	10.025409	9.556322	9.894068	9.533455	9.473261	9.792244	9.646999	9.879022	9.740042	9.826947	9.814526	9.874945	9.778634	9.571177	9.629756	9.8079	9.79293	9.979748	9.454162	9.766574	9.61683	9.563017	9.919657	9.888068	9.965051	10.418837	9.965176
TCERG1_9992	9.863398	9.466398	9.540584	9.548881	9.931217	9.500801	9.050895	9.806427	9.936783	9.688966	9.461183	9.607619	10.218852	9.616022	9.469121	9.831414	9.510612	9.647034	10.401985	10.343631	9.966327	9.986264	9.189345	9.752498	10.178133	9.259267	9.776607	9.494801	9.0601425	9.030493	9.533191	10.073123	10.393805	9.730329	9.737789	9.361505	9.516355	9.773788	9.486923	9.875647	9.929019	10.130067	9.153993	9.556284	9.164995	9.158663	9.936223	9.929748	9.968127	10.396679	9.818
TCF19_9993	3.3576849	2.0728946	2.2885845	1.6829898	3.472425	2.278697	3.4919653	3.5657802	3.273749	3.2400484	1.9512244	2.2543907	4.4110556	3.2080395	2.7670465	2.71987	3.3089392	2.5450702	3.560594	3.5374908	2.3002052	4.264894	1.7148082	3.185903	3.1306887	3.3702228	3.5147316	2.439345	2.0222046	2.8488586	3.1370003	3.2645237	2.3065865	2.3252215	3.4257977	3.9466662	1.846264	3.9222193	3.6972067	3.4125168	3.145316	4.283957	2.6167028	3.0518532	2.3127773	1.618053	3.3675282	3.7825003	3.710393	4.3153143	3.9614177
TCF4_32341	7.515189	7.084347	7.46464	6.929128	7.4968705	6.8361816	6.884511	7.4403677	7.535025	6.7072372	7.137171	6.725781	7.885675	6.932413	6.9838963	7.034785	7.0080404	7.069804	7.620748	7.3638835	7.289475	8.053239	6.7278714	7.1311026	7.668868	6.6968927	7.5060787	7.1426435	6.7734194	6.2956085	6.9654517	7.835705	6.5809097	7.43315	7.058254	7.496018	7.00212	7.21892	6.9423876	7.2309628	7.202164	7.5962267	6.943247	6.6776414	6.691874	7.0147514	8.179685	7.953966	7.476405	8.818724	7.7304893
TCTA_9995	2.0298584	3.6118274	2.5015457	1.9810864	2.5968776	3.3569534	3.1785967	2.682742	1.7505945	3.1283326	2.1965384	2.650732	2.8556545	2.356276	1.9647921	0.8466378	1.6904588	3.104337	3.035508	1.7110134	3.0117643	2.6095028	2.0155594	2.4378424	2.6850367	2.1163197	2.1624062	2.439345	2.2247963	2.0363805	2.505423	1.6564866	3.3886123	2.5058906	2.5541615	2.4129963	3.2381685	2.5743628	2.3191266	3.2267613	2.8915966	1.7268571	2.7449903	3.2855973	2.3127773	1.9105306	3.0801287	2.8084092	3.2530992	1.8512281	3.7432039
TCTN1_9996	6.088933	5.2126517	5.288377	5.0307755	5.8755717	5.359834	4.426382	5.7867928	5.8321557	5.3371835	5.1163464	4.515618	5.8753977	5.050487	4.641223	5.56382	5.1357164	5.3601093	5.9077225	5.891507	5.564326	5.9426603	4.429132	4.893314	5.706152	4.755942	5.9746127	5.134535	4.804568	4.293731	5.2929645	5.5521173	5.5480204	4.9581795	5.4873366	4.863822	5.5568366	5.3451347	5.114056	6.0575957	5.453059	6.4469543	4.673928	5.6814513	4.8065834	4.9056625	6.375489	5.840412	5.941341	7.180864	5.5295434
TDG_33164	3.4622953	3.7034745	4.3525343	3.9071345	4.013397	4.102663	3.7492652	3.9010189	3.7669325	3.9804323	2.897397	3.329294	3.0032618	4.0581245	3.167487	4.015051	3.8445423	3.319303	3.6460412	3.6287196	4.36642	4.1511106	3.3405793	4.5292926	4.175426	4.143991	4.3553696	4.175031	4.3208203	4.174872	4.118821	3.5561097	3.9269106	3.6282732	3.8995237	4.136044	2.904811	3.6238878	3.7592564	4.1475735	4.3906794	4.393726	2.7449903	4.7292633	4.076691	3.746058	3.9922063	4.1304426	4.336409	3.7429054	4.208934
TERF2IP_9998	5.8969817	6.2087917	6.312746	6.3716335	5.686433	6.30046	6.3100853	6.205411	5.791667	5.8932114	6.3447704	5.7893934	5.8167295	6.293974	6.5079613	6.4063673	6.493515	6.31766	5.9587126	5.490641	6.0983434	4.8792467	6.2540555	6.2500377	6.0815816	6.0955963	6.209625	5.9757986	6.448728	6.047564	6.38625	5.616829	5.6871457	6.331991	6.0388036	6.2199135	6.1904187	5.9182177	6.031546	6.2527556	6.1038394	5.6070704	5.7253337	6.548716	6.6238422	6.225273	4.249509	6.435844	6.9211125	5.801405	6.39392
TES_10000	5.125987	5.815727	5.3987985	5.155339	6.0268903	5.304655	5.392438	4.890084	6.2458525	5.651956	5.5284357	5.434257	5.6019096	5.769933	4.9086037	5.32614	5.334645	5.5844164	5.975317	6.0150113	5.564326	5.254689	4.9742417	5.8505397	6.3520646	5.130347	5.344592	5.234793	5.6612096	5.1343713	5.913049	5.595579	5.127021	5.6574764	5.2440324	5.9097533	5.1453815	5.6396017	5.015799	5.524321	5.355874	5.6070704	5.507479	5.110477	5.3742585	5.231241	5.4553986	5.9495773	5.9245467	6.2599144	5.7409277
TESK1_10001	7.1661	6.603166	6.5101666	6.7628593	7.2457557	7.110042	6.6936088	7.1092305	7.5773234	7.244703	6.8540087	6.3254924	7.812496	6.8420353	6.6606803	6.666564	6.672202	6.945923	7.775709	7.9145417	7.054082	7.3792124	6.9031777	6.95392	7.524356	6.7515125	7.226883	6.769122	6.715748	6.4052787	6.7314353	7.2448254	7.2000957	6.890794	7.131713	6.630104	6.5908294	7.0973806	6.2308483	6.9374075	7.007922	7.7225714	6.6391835	6.973913	6.540191	6.7446957	6.9401197	7.127926	7.1764984	7.397192	7.054511
TEX10_10002	2.8414288	1.3805355	2.038651	3.4033608	2.905456	3.3569534	0.79261	3.5657802	0.83860815	1.6378721	2.897397	2.9613252	4.182325	0.86718	1.2938309	4.8550267	4.1761804	2.851636	4.010656	2.9674861	3.9924111	2.215664	3.2279377	4.3324213	2.499557	0.0	3.9636366	1.8188398	0.689217	1.7340541	3.3724391	3.641533	2.3065865	0.73861325	3.5163558	1.9574919	4.1062636	1.9381144	2.8620489	2.6195595	2.1913016	1.7268571	0.6511185	3.486698	2.3127773	2.704639	5.327282	5.02356	2.5797195	3.7429054	4.2647033
TF_10003	9.259988	9.264907	9.112585	8.434231	8.815154	9.503867	8.910872	8.614962	8.829959	9.893952	8.9715805	8.045698	9.519641	8.570171	9.2950115	9.175362	9.204148	8.947252	9.669816	10.183594	8.573522	10.107523	9.488794	9.836235	9.726994	8.403393	9.459371	8.620102	9.244772	8.702825	8.747626	9.140144	8.300078	8.721783	8.870787	9.744004	8.175526	10.231815	8.478595	8.444309	9.572741	8.983373	8.351778	8.944075	8.531615	9.440885	9.246727	10.683785	9.136554	7.9699497	9.227418
TFAM_33077	3.7371018	3.1728475	2.2885845	3.1869333	3.7294111	3.1218095	3.0569396	4.3476534	4.0675077	3.696925	3.5547543	3.216753	4.5615644	3.8263452	3.480585	3.7837584	3.07473	3.7480712	4.403142	4.5691915	4.4722605	3.4861825	2.9722497	3.185903	3.2531395	2.1163197	3.9636366	3.101637	2.951679	2.2861977	3.1370003	3.9401534	4.1356883	2.8108833	3.7582223	3.8775816	3.6645458	3.2473404	2.615978	4.038864	3.9983876	3.9662805	2.862796	2.919052	2.3127773	3.1024148	4.100693	3.6158395	4.2847056	5.070428	4.3701644
TGFB1_33273	2.2793405	3.9479325	2.5015457	2.4387863	2.4136927	2.9881048	1.6765455	0.0	3.0170162	2.5675821	2.7514749	3.216753	2.5055704	3.33128	3.167487	2.533521	2.23654	2.5450702	2.5944383	2.6566756	2.8640268	2.772292	0.8162666	3.0641665	2.2866638	2.3228042	2.1624062	1.8188398	3.0615857	2.2861977	2.6910543	3.2645237	2.7061894	2.5058906	1.6269251	3.270766	0.721521	2.3917863	2.7442534	2.07588	1.9462588	1.7268571	2.6167028	1.2978095	2.87763	1.618053	2.9700236	2.8084092	2.7418792	2.7799242	3.284909
TGFB3_10006	2.6772566	2.7252557	2.851444	2.2280116	2.905456	3.461558	1.6765455	2.8470235	3.273749	1.6378721	2.7514749	2.650732	2.8556545	3.33128	3.0459516	1.3766294	2.631737	2.363299	3.944735	2.6566756	3.0117643	3.2850893	2.0155594	2.4378424	3.1306887	1.5856925	3.2240188	0.0	2.2247963	2.2861977	2.8555002	3.2645237	2.055782	2.5058906	1.9201866	2.4129963	3.1353765	3.2473404	1.9449388	3.1240695	2.4007041	1.3448509	3.340016	2.4264417	2.3127773	2.5432677	3.6070757	3.4273803	3.3568892	4.4929166	2.9183865
TGFBR2_10008	6.329194	6.0606885	5.8119297	5.9409184	6.379186	5.6963167	5.4173703	5.95831	6.5305324	6.0547185	6.331991	5.4088683	6.3592772	5.972854	5.67487	6.322509	5.706935	5.8665485	6.2591424	6.332471	6.1310315	5.798939	5.286961	5.521034	6.5914087	5.9159603	6.387902	5.282425	5.7294083	5.3138585	6.0381403	6.4084854	6.3904157	6.4134583	5.5742245	6.3907886	5.7946563	5.9182177	5.660887	6.380764	5.805666	6.1973515	6.198473	5.74168	5.9568267	5.739578	6.5094457	6.2348332	6.524041	7.3460746	6.6457148
TGIF1_10009	2.491974	4.156908	3.6618972	2.2280116	2.905456	3.2441669	3.825755	2.9944959	3.5893483	3.6163983	2.897397	3.329294	3.3726006	1.795884	3.167487	2.3194807	3.8445423	3.21582	3.1569264	2.6566756	3.0117643	2.772292	3.4450598	3.5904546	2.499557	3.2740002	3.2240188	2.7415621	2.7030282	3.365476	3.9102025	3.1525764	3.2755504	2.8108833	2.7157705	2.5961618	2.0856278	3.538559	3.0722015	3.3226266	3.0240266	3.356177	2.862796	2.609976	3.2825065	4.133961	2.850816	3.9318867	3.710393	4.2175784	3.7432039
THAP11_10011	3.894955	3.6118274	3.2553017	2.2280116	3.472425	2.9881048	3.2907877	2.8470235	3.273749	3.696925	3.3670683	3.707994	3.7523885	3.8263452	2.7670465	3.5081706	3.510384	3.7480712	4.4981246	3.872183	3.76138	3.8924706	2.4763973	3.676059	3.2531395	2.3228042	3.2240188	3.2041273	2.0222046	3.1301692	3.1370003	3.5561097	3.2755504	3.4631736	3.4257977	3.1587603	2.904811	2.8820758	3.493234	3.4125168	3.7909622	4.165143	2.6167028	3.663165	2.5265856	1.618053	3.7471902	4.190987	4.1753836	5.178275	4.02739
THRB_32521	7.6976933	6.969045	7.317767	7.139811	7.764329	7.1260457	6.437428	7.6879992	7.8130374	7.562042	7.4046116	6.86298	8.0475	7.292356	6.992146	7.2005534	7.150569	7.469087	8.062724	8.190122	7.577304	8.460961	6.939402	7.329083	7.589731	6.927876	7.776966	7.607493	7.064932	6.7859535	7.102724	7.6211405	7.120486	7.2677493	7.6939697	7.5245433	6.957621	7.6435037	7.232193	7.8968887	7.684789	7.9685884	6.765572	7.4656124	6.8590155	6.808241	8.198117	7.971331	7.608448	8.667308	7.7550364
THRSP_33314	0.82449245	2.7252557	0.82956785	0.7965775	1.9581286	1.7274573	1.3012427	1.3498102	0.83860815	0.7689436	0.7796854	0.81086713	3.3726006	1.4050055	1.2938309	1.3766294	0.80118436	2.851636	3.7267091	2.4719195	2.513575	1.2974738	3.9500973	1.9802222	3.7456298	1.5856925	3.1124566	2.0565722	2.5605352	0.82825595	2.2923298	5.3384995	0.0	0.73861325	1.6269251	0.78321815	0.0	1.64341	1.0976686	0.7165108	1.9462588	2.2780142	1.0981301	1.2978095	1.7574636	0.7569108	2.241367	4.6010923	2.1877303	1.5636727	1.2973546
THY1_33010	4.395317	5.4950676	4.5084467	3.5005035	5.420915	3.461558	3.582927	4.2335076	5.983623	4.7574925	5.4118285	4.1369987	6.3864264	4.1942425	4.7619276	4.7731557	3.3089392	4.4865975	6.709711	6.0971737	5.8849425	5.140065	3.8005724	5.400454	6.1619406	4.0884933	4.1446767	3.7697577	6.0558825	4.045334	5.2929645	4.706655	4.259778	3.9107323	4.088493	6.7700996	3.8051264	4.330293	4.034846	4.9648857	5.168253	4.54415	3.8195517	4.515908	3.0255773	4.2431035	5.3494406	5.1509423	5.326059	5.3724337	5.4595776
TIAM1_10014	3.7371018	2.8903687	2.2885845	4.223995	3.947468	3.6504412	1.9740967	3.3635519	4.0675077	3.440461	2.897397	2.2543907	4.608436	2.7588696	2.604365	3.2900343	3.196582	3.7480712	4.403142	4.782876	3.8425713	4.3185883	2.4763973	4.0412498	5.0015373	3.3702228	4.3553696	3.7013133	3.2590787	2.6845412	3.7522228	4.3485374	4.42794	4.0913367	4.201987	3.6479416	3.0246947	3.2473404	3.0722015	3.4125168	4.3906794	4.339885	3.1675818	3.2855973	2.7127588	2.704639	4.295888	3.5246851	4.8800516	5.3724337	4.5604434
TICAM1_10015	4.395317	4.395448	3.6618972	4.3853164	4.1368527	3.461558	3.582927	3.7431152	4.426025	4.043386	4.581123	4.3115497	4.608436	4.8173723	3.8141444	4.3894033	4.6299973	3.5915058	4.7885585	4.3720603	4.4722605	4.264894	3.3405793	3.9060543	4.5061374	3.3702228	4.740221	3.2998173	3.85529	4.600872	4.5129476	4.4467387	4.9903865	4.5687265	3.9653022	4.249759	4.050856	4.1693053	3.7592564	4.388141	4.658599	4.225773	4.5388503	3.2855973	3.857236	4.392742	5.2110777	4.8838315	4.1753836	5.098155	4.4684386
TIMM22_10019	6.2140594	6.57917	6.650701	6.6188374	6.45232	6.42211	6.820529	6.264734	6.1689057	6.213702	5.9524336	6.3917885	6.13753	6.5050373	6.6606803	6.4332705	6.3564234	6.765294	6.2591424	6.1749077	6.254846	6.073352	6.575079	6.318193	6.5077777	6.3169856	6.2758527	6.2155085	6.789482	6.6138587	6.688457	6.1990204	6.1062293	6.4905696	6.290498	5.993765	6.5712724	6.3272786	6.2633295	6.708128	6.5173736	6.1354895	6.50971	6.5146003	6.777864	6.6782217	6.0632715	6.5558057	6.721686	6.4548073	6.6351743
TIMM9_10020	3.6511872	4.6000867	4.458325	3.2992017	3.5632691	3.9670856	3.3948803	3.7431152	2.7044885	3.1283326	3.7971807	3.9383843	2.6912055	3.5500658	3.6569836	3.7837584	3.8445423	3.21582	3.875657	2.8204348	3.3813758	3.1729507	4.1488166	3.9060543	3.4706786	3.0598574	3.4241838	2.7415621	4.4066367	3.6591327	3.3724391	3.8710911	1.366725	3.7042391	3.4257977	5.6024013	3.5087726	3.7807512	3.166812	3.1240695	2.1913016	2.8399913	2.1448007	3.3896487	3.5983036	3.8872685	0.0	3.6158395	3.453711	2.7799242	5.2817807
TIMM9_10021	6.0048337	6.111764	6.1003957	5.9409184	5.802864	5.986611	5.747355	5.940229	6.2001786	5.691801	6.2254663	6.106095	6.0887756	6.382138	6.1284513	6.019355	6.2478447	5.5422583	6.160951	5.96337	6.0648975	5.6393003	5.915181	6.420958	5.474039	5.782435	5.7875133	5.652357	5.841509	5.8089814	5.530514	5.9704947	6.038538	6.02642	6.238238	6.13366	6.124855	5.555225	5.542364	6.000764	6.1187277	6.354947	5.4708385	5.7612104	5.8417487	5.864411	6.2515373	6.034634	5.8194575	6.98686	6.2631183
TIMP1_10022	6.088933	6.50469	6.164322	5.975125	6.6621165	5.652792	6.2279096	6.045465	6.2001786	5.976224	6.357437	6.6191235	6.345509	6.65414	6.542075	6.365047	6.204924	5.5207086	6.3510737	6.4988947	6.687302	6.467261	5.3952527	5.4977107	6.9126663	5.7107325	6.125917	5.7739816	6.32194	5.960407	6.4128976	6.4798064	6.0211067	6.9465966	5.1900296	6.671508	6.084037	6.30161	6.5356936	5.895581	5.670739	5.8575196	6.4450674	5.597024	5.9932327	6.1290116	6.9690313	7.0565033	6.490202	7.316873	6.5812845
TIMP2_10023	6.3152947	6.3430967	6.298572	5.8880386	6.7517624	5.359834	4.988804	6.111586	6.4417377	5.1496277	6.4431224	6.7960105	6.863057	6.367813	6.350036	6.1709094	6.0995126	5.9971285	6.64891	6.71207	6.5490003	6.3688893	4.7478533	5.543986	6.9033456	5.8837194	6.209625	5.961238	5.5711617	5.0692115	5.85593	7.1164336	4.479903	6.772262	5.960323	7.188975	5.923639	6.5176764	5.8580875	5.8154593	5.85984	6.42126	5.7862463	5.25524	5.6947503	6.0709767	6.676515	6.578646	6.420044	7.638171	6.8957877
TINAG_33073	6.370106	6.4528112	6.81903	6.470864	6.7026486	6.3959494	6.2695823	6.6456194	6.3045855	6.306452	6.579118	6.756299	5.7555737	6.6891265	6.08283	6.4465365	6.793045	6.253783	6.007962	5.998002	6.596589	4.4686303	6.516336	6.118604	6.1462226	6.5088778	6.2364817	6.3445296	6.0691023	6.0305486	6.2744465	6.694901	6.6841946	6.6812077	6.3159347	6.8443923	6.4372506	6.495206	6.2308483	6.528803	6.2730966	5.8575196	5.9549227	6.3176274	6.299764	6.2119083	5.7666245	6.8467093	6.621043	6.005529	6.869049
TIPARP_10024	6.6831403	7.2978873	7.615191	7.220447	6.789884	7.2698307	7.494978	6.565316	6.8093333	6.7737236	7.0225472	7.1578717	6.0887756	7.238262	7.3085065	7.1927023	7.497393	6.8103967	6.9638057	6.0971737	6.8433943	5.9426603	7.20792	6.936679	6.8845224	7.3905406	6.458041	6.8661017	7.058318	7.606475	7.242991	6.5697274	6.9832006	7.273995	6.580153	6.8077245	7.434325	6.6042128	6.8809156	6.9449587	6.9000235	6.3136454	6.9025574	7.3217683	7.192223	7.3127003	5.7500625	7.0565033	7.499269	6.497077	7.404063
TJP1_10025	8.782736	8.149972	8.466902	8.437301	8.794208	8.386369	8.121564	8.838863	8.794539	8.401845	8.400348	7.999672	9.01028	8.314136	8.504699	8.463739	8.208405	8.341388	9.058077	8.706955	8.5465145	9.09351	8.214164	8.553897	8.898975	8.192562	8.762168	8.033496	8.277362	7.82945	8.446021	8.72657	8.7707	8.442896	8.523118	8.402637	8.18842	8.762558	8.191266	8.617323	8.708599	8.857303	8.152191	8.508507	8.229858	8.227438	9.356106	8.7034	8.75717	9.66669	8.756564
TLE1_10026	3.4622953	2.538774	3.57048	3.1869333	3.3754735	3.2441669	3.3948803	2.9944959	4.133794	3.2400484	3.3670683	2.9613252	3.574956	4.0581245	3.0459516	3.1672053	3.4131749	3.21582	3.7267091	3.6287196	4.4722605	3.5771093	1.3343891	3.0641665	4.5061374	3.7736044	3.5999305	3.2041273	3.2590787	2.6845412	2.505423	3.641533	3.018777	3.9107323	3.225608	3.1587603	3.5887606	3.9880698	2.9709482	4.0942426	3.7909622	3.7355564	3.2563734	3.577628	2.5265856	2.8497622	3.6788332	4.645037	4.1753836	4.3153143	4.4201384
TLK2_10027	3.122527	4.0210066	3.57048	4.4353166	4.1368527	4.44645	4.2151294	4.2335076	4.876746	4.2172728	3.869711	4.25568	4.182325	3.8263452	4.3127503	3.6976154	4.4939933	4.530389	4.1920695	4.4239254	4.1915016	3.819855	3.3405793	4.1648545	5.0360622	3.1708984	4.30551	3.957529	3.6594398	3.745087	4.2428265	3.7985559	4.259778	4.3496885	4.4970746	3.6479416	3.993235	4.224988	3.493234	3.8587036	4.2890453	4.165143	4.350009	4.2654305	3.7759814	3.8183901	4.426699	4.729104	4.2310796	4.4929166	4.767655
TLR1_10028	5.608707	4.647012	4.0481544	3.9071345	4.9343824	4.591821	2.7777128	5.22483	4.6234994	4.6402006	4.744335	4.365336	5.2345824	4.938633	3.8867385	5.109729	4.3438206	4.394814	5.683567	5.514759	5.2440352	4.027579	2.8251235	4.1043754	3.2531395	4.030775	5.344592	3.7697577	3.6594398	3.470145	3.9831457	5.63777	4.9903865	3.8451312	5.63612	4.5892177	4.820415	4.974735	4.388982	4.2966695	5.251666	5.4883585	3.4190736	4.209659	4.076691	3.589511	4.047469	4.989876	4.9144797	6.0487986	5.4832788
TLR2_10029	3.4622953	1.3805355	2.2885845	1.306817	3.5632691	2.278697	1.6765455	3.5657802	3.273749	2.5675821	3.2631965	2.4661293	3.574956	2.7588696	2.42098	1.3766294	2.23654	1.9121275	3.875657	3.7955046	3.9924111	3.4861825	1.3343891	2.2271013	3.5682683	1.2230182	3.5147316	2.439345	2.2247963	2.4990745	1.3557978	3.4653084	2.5201793	1.8774635	3.225608	2.4129963	3.1353765	1.9381144	3.166812	3.3226266	3.8634686	3.6496496	1.438908	1.9697882	2.7127588	1.618053	3.1824234	2.9552677	2.8876398	3.811508	3.8922832
TLR4_10030	2.0298584	0.8494589	1.3529313	2.622656	3.3754735	1.7274573	1.9740967	2.682742	2.304984	1.9320939	2.5891151	2.650732	2.8556545	3.4448164	2.7670465	2.3194807	2.9416285	1.9121275	3.2689147	2.6566756	3.0117643	1.2974738	2.0155594	1.3061277	3.3660054	1.5856925	1.6257219	2.439345	2.951679	0.82825595	2.0422144	2.7527363	0.83949393	2.8108833	1.9201866	2.7586706	2.0856278	2.1827102	1.9449388	3.013504	2.4007041	2.4906006	3.2563734	1.2978095	2.87763	2.1535919	3.1824234	2.460438	2.5797195	4.9231877	3.284909
TLR8_33238	4.1034265	1.767856	3.2553017	1.9810864	4.5900397	2.8407314	1.3012427	3.6571705	3.1510859	3.3437319	2.7514749	3.329294	4.782034	2.356276	1.9647921	3.9419975	3.07473	2.7064807	4.9651947	4.522376	3.76138	3.1729507	2.6612716	2.6216867	3.826752	2.663887	4.1446767	2.8718307	2.7030282	2.0363805	2.505423	4.00606	3.5911903	1.8774635	4.2555523	3.9466662	2.6302555	3.2473404	2.9709482	3.1240695	4.2890453	4.5909967	2.1448007	3.7439134	2.0616755	2.1535919	3.6070757	3.9318867	4.11745	5.0133224	4.8428674
TM7SF2_10031	3.4622953	4.7792716	4.3525343	4.619602	4.304237	4.284773	4.474693	3.1282818	4.133794	4.8659616	4.537262	3.9383843	4.4629893	3.5500658	4.462762	4.3894033	4.714029	5.2066154	5.061648	4.658498	4.8317227	3.819855	4.8654838	5.2410483	5.3964405	4.6449075	3.4241838	4.2246437	4.804568	4.774433	5.0429688	4.666459	4.7576065	4.4413314	4.5408807	4.5892177	4.885206	5.2409472	4.538021	4.5553317	4.9853954	4.225773	4.7675343	4.3708944	5.0332947	5.5822864	3.5315611	5.2958193	5.604333	4.1127377	5.7409277
TM7SF3_32966	3.4622953	3.4089699	3.1328285	3.591516	2.2038183	2.9881048	1.9740967	2.4973207	1.7505945	1.9320939	2.7514749	3.6222255	3.7523885	2.5715709	3.0459516	3.6060004	2.631737	3.104337	3.3728328	2.6566756	2.6994162	2.9185607	3.542482	2.7847295	2.8493636	3.1708984	1.9188775	2.439345	2.832704	3.1301692	3.833374	1.952323	3.3886123	2.8108833	3.1140306	3.0373216	3.3341212	3.0143752	3.5644774	3.4125168	2.8915966	3.1210482	2.862796	3.7439134	3.934157	2.704639	3.4518747	3.0885482	2.8876398	3.4303215	4.02739
TM9SF2_10032	9.396618	9.501932	9.312733	9.40417	9.626083	9.362423	9.004343	9.369722	9.513704	9.550899	9.278437	9.217622	9.499577	9.2911415	9.2950115	9.513039	9.375214	9.125578	9.710054	9.7221575	9.584961	9.184889	9.5324335	9.423271	9.610117	9.237107	9.398245	9.125202	9.388797	9.196063	9.315669	9.227349	10.045019	9.271676	9.407436	9.364663	9.374055	9.452272	9.191612	9.516335	9.575441	9.461066	8.959438	9.331414	9.172952	9.04267	8.894077	9.46322	9.634217	9.597951	9.681238
TM9SF3_10033	4.395317	2.7252557	3.8289971	3.1869333	3.947468	3.894199	3.1785967	3.2507074	3.6808712	4.161607	3.029906	3.216753	4.782034	3.6481564	2.604365	3.8650463	3.510384	3.21582	4.711368	4.3720603	3.6753457	5.0791464	2.6612716	2.931203	4.6908245	2.8082936	4.2538657	3.8351016	3.0615857	2.6845412	3.6662335	4.3485374	3.1528687	2.942179	3.3291726	3.270766	2.6302555	4.5203185	3.4182882	3.793278	4.3906794	4.8440194	3.0729647	3.663165	3.0255773	2.704639	5.161842	4.6010923	4.057093	5.3495455	4.2647033
TMA16_10034	3.122527	1.767856	2.038651	2.9322088	2.4136927	2.9881048	3.2907877	2.682742	2.518521	2.7294815	2.4061391	2.8143709	3.2596772	2.10312	0.7873415	2.0680585	1.6904588	1.9121275	3.1569264	1.7110134	2.6994162	2.215664	2.0155594	1.9802222	3.2531395	1.8752655	2.8595514	2.439345	3.163709	2.2861977	2.505423	2.8986797	2.5201793	3.173584	2.3721387	2.4129963	2.7740545	2.5743628	2.475174	2.4600666	2.8915966	2.675847	2.1448007	2.4264417	2.3127773	1.618053	3.2779424	2.2488987	1.2764089	3.141468	1.6720483
TMCO1_10035	8.842104	9.555183	9.406582	9.3118305	9.209019	9.271822	9.493371	8.708732	9.006183	9.288791	9.249847	9.368468	9.042639	9.4320545	9.428663	9.401661	9.459794	9.295415	9.012548	9.163063	9.409546	8.029285	9.474978	9.2333555	9.236162	9.245061	8.890307	9.144664	9.335091	9.590791	9.347098	9.095428	9.301403	9.458752	9.244784	9.293515	9.444273	9.12282	9.141526	9.0871	9.22263	8.8644705	9.253071	9.221149	9.389875	9.473451	7.893341	9.398903	9.429236	8.867874	9.406984
TMED10_10036	2.9888134	3.7896457	3.1328285	2.785719	1.6618326	3.2441669	2.6148129	2.8470235	1.3654954	2.3851907	2.4061391	2.9613252	3.1371586	1.795884	2.604365	2.8848794	1.6904588	2.363299	2.7569108	2.0114515	2.8640268	1.9693668	2.9722497	2.4378424	1.7344642	2.1163197	3.1124566	2.260616	2.7030282	3.365476	2.2923298	2.8986797	0.83949393	2.5058906	2.1637886	2.7586706	2.6302555	3.2473404	2.8620489	2.07588	2.1913016	2.2780142	1.438908	2.772775	2.87763	1.618053	0.6972474	4.001153	3.5444415	3.9996767	3.5769253
TMEM109_10038	3.244892	3.8709588	2.851444	3.0651855	3.472425	3.461558	2.6148129	3.3635519	3.0170162	2.7294815	2.897397	2.9613252	3.574956	2.7588696	2.7670465	2.71987	2.4476285	2.851636	3.875657	3.6287196	3.5838535	3.5771093	2.9722497	2.7847295	3.2531395	3.0598574	3.4241838	2.5983527	2.7030282	2.0363805	2.8555002	3.3684063	3.018777	3.3729517	2.8610861	3.3746989	3.1353765	3.2473404	2.475174	2.7631624	3.257194	4.4957304	2.862796	3.0518532	2.5265856	2.1535919	4.3408227	3.5246851	2.3969975	4.793518	3.051179
TMEM176A_32932	7.394788	6.5173736	6.408245	6.661474	7.5140533	6.0717025	5.999316	6.964663	7.076977	6.3568916	6.683408	6.608011	7.82247	6.65414	6.08283	6.9992166	6.5856233	6.1732006	7.28342	7.5445967	6.9108343	6.757045	5.8783355	6.5399046	7.3569283	6.1508265	7.3488164	6.591425	6.1829257	5.8676443	6.359101	7.4121747	7.08737	6.7091327	6.907453	6.8261747	6.806907	6.625059	6.4347353	7.3887887	7.4400487	7.084845	6.4355917	6.382118	6.2851562	5.914772	6.54828	7.316372	7.374978	7.790395	7.5001297
TMEM176B_33294	10.035404	10.316395	9.890457	9.259013	9.896696	9.827539	9.920317	10.017314	10.04409	9.475859	10.029721	10.328976	10.184462	10.171281	10.228153	9.846505	9.86669	9.64579	10.37877	9.52698	10.026204	8.542201	9.590537	9.351904	10.298559	10.068528	9.752387	9.756448	10.320909	9.93966	9.963224	10.116661	9.450466	9.879092	9.81898	10.40328	9.891359	10.032653	9.292108	9.749806	9.822786	9.806973	9.250371	9.723664	10.076291	9.40022	8.764019	9.552456	10.296514	9.816083	10.023927
TMEM38A_33190	5.0271273	4.2811027	4.238368	4.5756903	5.0952544	4.226587	4.426382	5.2833757	5.5701933	4.467322	4.9590178	4.5624237	5.2931385	4.6849766	3.9558542	4.5455074	4.7934337	4.5728903	5.2644076	5.4157686	4.909152	3.8924706	3.9500973	4.7427316	5.617736	4.6449075	5.1882987	4.6078486	4.601192	3.745087	4.6976724	4.8923774	5.127021	4.3962374	4.5408807	4.8276505	4.4863505	4.802422	4.538021	4.9348626	5.5218797	5.5370216	4.4662523	4.9495506	4.487312	4.8720703	5.0580235	5.181105	5.2739763	6.005529	5.109732
TMEM43_32474	5.8203235	5.38864	6.0673375	5.8331466	6.3021464	5.759237	5.914293	6.174809	6.5669756	5.672016	6.033601	5.7893934	6.3998117	6.0102253	5.8484855	6.001489	6.219373	5.684717	6.4374967	6.4988947	6.435813	4.8792467	5.5201	5.8505397	6.192871	5.747029	6.0522475	6.1655755	5.6612096	5.448061	5.776073	6.096859	6.3065686	6.1125803	6.141964	5.8388333	5.8605886	5.83119	5.6930356	6.2527556	6.1187277	5.7787704	5.8730483	5.5751214	6.080421	6.025865	5.0580235	6.176139	6.320856	5.930398	6.418715
TMEM5_10045	5.387443	5.9713254	5.708521	5.6334424	6.0108395	5.607913	5.7275553	5.22483	5.662901	5.711318	5.7171683	5.3830247	5.796631	5.8749585	5.754622	5.849991	5.622477	5.7965417	5.9419155	6.128772	5.72284	5.254689	5.801695	5.79422	6.031126	5.8837194	5.344592	5.823123	5.872	5.448061	5.7131386	5.484366	5.338821	5.3615675	5.8601375	6.103723	5.9081326	5.7193155	5.755261	5.504017	6.027002	5.463397	5.066604	5.6608033	4.997898	5.720829	4.546629	5.21065	5.8729587	5.4171486	5.798742
TMEM50A_10046	10.433841	10.839494	10.810126	10.845875	10.684554	10.757161	10.8531685	10.369476	10.540473	10.896395	10.736541	10.605298	10.63571	10.402307	10.739568	10.806389	10.92331	10.785929	10.788847	10.672558	10.789954	10.254237	10.931716	10.906904	11.109228	10.7919855	10.544826	10.70626	11.0601845	10.959299	10.955722	10.545064	11.094679	10.601855	10.602582	10.714974	10.70509	10.723076	10.802818	10.946219	10.73287	10.27339	10.674204	10.727162	10.586426	10.988665	9.946254	10.37355	10.476519	9.92072	10.574695
TMEM97_10047	4.3414736	3.513961	2.851444	3.4033608	3.8058178	3.1218095	4.096643	3.8242261	3.5893483	3.9146059	3.3670683	3.5310342	4.86158	3.7400002	3.480585	3.4032214	3.510384	3.5915058	4.861828	4.5691915	4.36642	3.5771093	3.1057508	3.298162	4.5061374	3.460427	3.5999305	3.957529	3.5123456	2.9963596	3.5747921	4.3485374	3.3886123	3.7764044	3.4257977	3.9466662	3.5887606	4.380197	3.0722015	4.1475735	4.3906794	4.339885	3.1675818	3.0518532	3.1597538	4.076129	4.152023	4.3049483	4.2310796	4.267274	4.5151744
TMSB10_32772	9.847792	10.317302	9.635265	9.603204	10.015078	9.4105835	9.525259	9.614547	9.941417	9.298501	9.900444	10.195218	9.810184	10.325631	9.993541	9.868849	9.997151	9.450199	10.103733	9.939303	10.127891	9.90413	9.40708	9.434063	10.29767	9.369599	9.697869	9.039431	9.699443	9.439479	9.771913	10.425967	9.153258	10.146645	8.980238	10.13106	9.511232	10.008065	9.482331	9.4301815	9.530221	9.7692795	9.7240715	8.979939	9.499926	9.329275	10.5319395	9.975643	10.023394	10.620513	9.949308
TNC_33066	5.4137716	6.4918942	3.9058084	4.619602	6.722495	4.95646	4.812067	5.6599574	6.0708017	5.091235	6.23922	6.0414805	5.8753977	6.593875	6.1580834	4.2750826	4.940225	5.4988313	5.854863	7.3097725	6.3411975	4.4686303	3.8772712	5.4499016	7.272573	4.8590384	6.375873	4.4076104	5.514305	3.365476	5.204214	5.738146	4.069397	6.633431	3.8995237	6.8712945	3.9332168	5.1575513	3.7592564	3.9212904	4.2890453	4.68036	5.7253337	3.486698	3.2825065	4.76633	3.934742	6.099244	4.6542063	5.696478	5.574371
TNFAIP3_32414	2.8414288	2.0728946	3.57048	2.622656	2.7594013	1.3453724	2.6148129	2.4973207	2.518521	3.0072343	2.7514749	2.650732	2.5055704	2.9246228	3.167487	2.8848794	2.9416285	2.9835122	3.2689147	2.6566756	1.7463846	2.6095028	2.6612716	3.402313	3.2531395	3.2740002	2.7142618	3.101637	2.951679	2.9963596	3.1370003	3.4653084	1.7520065	2.1186442	2.8610861	3.0373216	2.904811	3.4478643	2.475174	1.1930816	2.7457702	2.4906006	2.6167028	2.919052	2.5265856	2.3615465	2.7208638	3.2105505	3.2530992	3.4303215	3.1727722
TNFRSF1A_32996	3.244892	3.6118274	3.1328285	3.757939	3.2715344	3.3569534	3.7492652	2.8470235	3.4916236	3.5311098	3.9387684	2.8143709	3.4773233	4.0581245	3.2795744	3.2900343	3.6014547	2.9835122	3.3728328	3.335659	3.6753457	3.0513556	2.4763973	3.676059	4.045885	2.663887	2.9915388	2.9913046	3.348533	2.6845412	3.833374	4.1294756	3.5911903	3.3729517	3.3291726	3.8775816	2.7740545	3.4478643	2.7442534	3.1240695	3.3610175	3.356177	3.8766885	3.0518532	3.857236	3.413886	3.6070757	3.0885482	2.1877303	3.811508	3.662459
TNFRSF21_10050	6.1989994	4.9004173	5.229826	5.2972918	6.262027	5.584939	5.314946	6.25013	6.290125	5.6316133	5.901447	4.9966097	6.610197	5.4814596	5.2487035	5.6117125	5.8059964	5.981438	6.2726393	6.3857527	5.386221	6.9565144	5.5671635	5.521034	5.3964405	5.4713902	6.7743945	5.0267854	5.5335073	5.035494	5.2639832	6.184861	5.0603204	4.9888787	6.600996	5.211334	5.596074	5.9012275	5.2499304	5.864064	6.259726	6.873727	5.8870206	5.3356023	5.6268573	5.257497	7.5501504	6.358767	5.990581	7.2870684	6.5812845
TNIP1_10051	9.011141	7.944615	8.012555	7.8696513	9.252326	8.191015	7.751786	8.771434	8.755599	8.574297	8.262353	7.828325	9.213445	7.9117594	7.562287	8.1956415	7.960033	8.202792	8.844229	9.297733	8.413328	9.587507	7.892526	8.562353	8.376296	7.5479836	8.791894	8.137529	7.576269	7.1032314	7.918417	8.879455	8.5962925	8.053948	8.523118	8.114418	7.6869106	8.745999	7.871274	8.643084	8.563795	9.221576	7.8544674	8.186125	7.957841	7.8326793	9.830898	8.726593	8.711397	9.514241	8.7196245
TNNI1_33096	0.0	1.767856	2.6870766	1.9810864	2.905456	2.278697	2.4311502	2.2845037	2.7044885	1.2678612	1.6554753	2.0061407	0.8317068	0.86718	1.9647921	2.533521	1.9891841	2.363299	2.2015305	2.0114515	2.3002052	2.6095028	1.3343891	0.0	0.82851213	2.1163197	2.552685	2.260616	1.7864426	2.0363805	2.0422144	2.197697	2.8709326	2.5058906	1.6269251	2.7586706	2.4705205	1.9381144	1.7137712	2.6195595	0.7768912	2.8399913	1.438908	3.173454	2.7127588	3.746058	2.9700236	2.6448896	3.3568892	2.63602	2.609335
TOMM34_10055	8.221935	7.7701325	7.9684715	7.680481	8.36297	8.042936	7.574716	8.058624	8.019981	8.315211	8.012991	7.62285	8.512392	7.670494	7.9614773	7.961582	7.9470687	8.060697	8.527033	8.477708	7.969517	8.611061	8.261433	7.973673	8.4739685	7.5835447	8.368867	7.7750354	7.8068175	7.4868245	7.7561913	8.107477	8.599232	8.138527	8.140864	8.041284	7.963105	8.451415	8.002135	8.096547	8.07281	8.545696	7.627774	8.11959	7.5690594	8.054791	8.405337	8.164875	8.425371	8.300456	8.289855
TOMM70A_10058	7.8787084	8.117018	8.214782	8.348756	8.177707	8.389687	8.059564	7.899288	8.075846	8.061345	8.135718	7.8235292	7.866521	7.809475	8.043151	7.9845004	8.035464	8.090258	7.919924	7.945924	7.8810015	8.269753	8.054053	8.307925	8.048705	7.7889924	8.024337	7.9363403	8.133761	7.8489933	8.085093	8.293825	7.2231464	7.702222	7.9949512	8.064782	7.886049	7.9423494	7.7312236	7.816842	7.8982916	7.886465	7.393372	8.156932	7.9715915	7.7838373	7.4253187	7.9969926	8.199696	8.217561	8.409108
TOP2A_10059	3.5598304	2.538774	2.9989855	2.785719	3.3754735	2.8407314	3.2907877	3.6571705	3.7669325	2.5675821	2.1965384	3.707994	3.6663983	3.6481564	2.7670465	2.71987	0.80118436	1.2520635	4.073696	3.9449909	3.2683764	3.819855	3.3405793	3.0641665	2.6850367	2.1163197	3.8978634	3.7013133	1.7864426	2.0363805	2.8555002	3.5561097	2.055782	3.3729517	2.8610861	2.9047132	3.0246947	3.7044504	2.8620489	3.1240695	2.1913016	3.460776	3.0729647	3.0518532	0.8429203	1.9105306	4.047469	2.460438	2.1877303	4.3618064	2.2155063
Topbp1_34126	5.7393622	5.415992	4.5084467	5.2699966	5.66608	4.7238755	5.1462336	4.812691	5.3368616	4.966842	4.744335	4.9966097	5.455769	5.2511215	5.0095854	5.041427	4.940225	5.431137	5.5788093	5.490641	5.0525584	5.3087573	5.0753727	4.8199863	5.31443	4.43845	5.103307	4.9697347	5.0642633	4.5540113	4.822182	5.507305	5.190773	5.0772424	4.7419343	4.967194	4.7525764	5.935011	4.538021	5.4834228	5.1393414	5.0255075	4.737002	4.9495506	4.487312	5.3086166	5.371264	5.722306	5.4718947	5.8992147	6.0574503
TOPORS_33193	6.4986625	6.0077376	6.593799	6.458827	6.4162164	6.182981	6.079606	6.363018	6.13694	6.3692307	6.110444	6.378771	6.610197	6.1673594	5.970411	6.392725	6.219373	6.537466	6.425463	6.3726153	6.3825088	6.0094852	6.0538177	5.9739857	6.5077777	6.352757	6.3391733	6.3219132	6.3867264	6.1769104	6.0885997	6.0191875	6.417316	6.098573	6.340931	6.314429	6.1904187	6.288603	6.2308483	6.625955	6.424565	6.615041	5.414072	6.3694487	6.3980784	5.8981795	5.8926916	7.181131	7.0192895	6.8467836	6.9647584
TOR1A_10061	6.6722765	6.314313	6.628209	6.458827	6.712606	6.3283935	6.2695823	6.565316	6.542783	6.306452	6.2663403	6.5394754	6.6666555	6.1507215	6.1580834	6.4727077	6.4815764	6.579762	6.9129977	6.8320975	6.435813	6.467261	6.310465	6.5737567	6.6594257	6.2170177	6.9711137	6.227726	5.762336	6.113686	6.4128976	6.5366607	6.8314643	6.3906474	6.6317067	6.4866943	6.448014	6.8891068	6.3864007	6.5187182	6.716462	6.5806346	6.032399	6.5710196	6.42498	6.184802	6.1287947	6.8467093	6.8157635	6.411262	6.443091
TP53_10062	7.0449953	6.969045	7.154229	7.1916437	7.1826806	7.225954	7.107713	6.9556904	7.102029	7.1114926	7.180586	6.662737	6.9291687	6.642287	6.9161425	7.1927023	7.0080404	7.295957	6.8056774	7.0038137	7.019581	7.006448	7.382528	7.1235037	7.436623	7.1542172	7.1227665	6.942218	7.084594	6.543635	7.197734	7.0862813	7.2755413	7.037507	7.073248	6.9236393	6.864281	6.871768	6.7722573	7.2185555	7.2435045	7.068385	7.1074	7.4171896	7.207798	7.2421384	6.6677237	7.3631663	7.2791486	7.187332	7.476706
TP53BP1_10063	5.4899917	4.156908	4.238368	3.591516	4.9343824	3.817433	3.2907877	4.5988293	5.418904	4.2708697	4.004671	3.6222255	5.8167295	4.3186173	3.0459516	3.7837584	2.9416285	4.0179224	5.663215	4.9689555	4.791392	5.7012534	3.2279377	3.402313	5.0697803	3.0598574	5.369071	3.957529	3.0615857	2.2861977	4.0525775	5.286405	4.374035	4.0336113	4.451897	4.136044	3.7365477	4.648027	3.8758812	4.9942966	4.737884	5.651949	3.340016	4.3191257	4.076691	3.746058	6.1159263	5.181105	4.980966	6.994257	4.767655
TP53BP2_10064	5.7393622	5.442835	5.6427197	5.5899563	5.6244926	6.021252	5.535951	5.903373	5.750009	5.786849	5.594128	5.6446424	5.9500856	5.656657	5.866547	5.9277277	5.4857273	5.916911	5.890317	5.7153964	5.8061666	5.386241	5.8405237	5.886901	6.031126	5.850742	5.8409934	5.5587425	6.0425406	5.6397786	5.8165536	5.286405	6.003463	5.695198	5.927695	5.5367002	5.725566	5.9182177	5.5246086	5.9861994	5.9624424	5.716753	5.6453886	5.6185985	6.028743	5.1211624	5.4553986	5.896027	5.8729587	6.3200183	5.779727
TP53INP2_32755	3.6511872	3.0385108	2.6870766	2.622656	3.0380745	2.9881048	3.3948803	3.3635519	3.4916236	2.7294815	2.7514749	3.0946846	3.2596772	2.9246228	1.6679709	2.3194807	1.6904588	2.851636	3.3728328	2.8204348	2.513575	3.3891368	2.6612716	2.6216867	3.826752	2.5034022	3.32757	3.2041273	2.4024103	2.8488586	3.7522228	4.00606	3.1528687	3.3729517	3.3291726	3.270766	2.4705205	2.8820758	2.615978	2.8937564	3.0240266	2.4906006	2.6167028	3.663165	3.5005221	2.1535919	3.6070757	3.5246851	2.3969975	3.3403132	2.609335
TPD52L2_10067	8.2330675	8.315252	8.58839	8.452556	8.240995	8.20615	8.378031	8.24692	8.189289	8.19212	8.289046	8.171803	8.307496	8.233477	8.164912	8.22288	8.375773	8.2977085	8.227725	7.954766	8.131753	8.2457	8.3616085	8.192827	8.345656	8.281862	8.248688	8.191547	8.213314	8.249043	7.9460483	8.358329	8.7628565	8.237721	8.418393	8.396476	8.524693	8.175727	8.246469	8.058764	8.279057	8.163284	8.276816	8.362708	8.175449	8.416987	8.225332	8.555816	8.591509	8.820806	8.463742
TPM2_32337	6.055879	7.383512	6.788928	6.2511797	7.0632496	6.0717025	6.9796495	6.5294833	7.2135086	5.976224	7.3984957	7.549235	6.8533607	7.7827296	7.573326	7.3350267	6.9743595	6.5266953	6.729422	7.4601765	7.3322725	6.5704594	6.1025543	6.639168	7.430147	6.16431	6.5465517	6.126958	6.8520026	5.7685046	7.0271215	7.5838585	5.094056	7.738806	5.8773255	8.136764	6.806907	7.7517276	6.3961983	6.0294595	6.1480513	6.0542336	7.1427684	4.7292633	5.9932327	6.886033	6.961858	7.6594353	7.225312	6.994257	7.397841
TRAF6_10072	4.285542	2.8903687	2.9989855	3.0651855	4.1948323	3.5590887	2.924071	4.172859	3.4916236	3.9804323	2.897397	3.6222255	4.182325	4.127788	2.42098	3.6976154	3.7679756	3.4158573	4.5872383	4.522376	3.0117643	4.3185883	2.4763973	2.4378424	4.112109	2.5034022	4.1446767	3.101637	3.7929146	2.2861977	3.833374	2.7527363	3.6827233	3.7764044	4.201987	3.6479416	3.0246947	3.9222193	3.339235	3.652791	4.3906794	4.68036	2.862796	4.091199	3.934157	3.3173459	3.7471902	3.7015753	3.9282308	5.0133224	3.7432039
TRAK2_10073	7.292084	6.5173736	7.154229	6.8667245	7.0940466	6.8264203	7.0451016	7.1879606	6.9901814	7.2646556	6.808607	6.3656344	7.45033	6.5050373	6.8267155	6.857433	6.793045	6.8103967	7.303284	7.054052	6.872684	7.2119474	6.965986	7.138662	7.2433214	6.8877983	7.397226	7.1426435	7.004287	6.8648686	7.0612125	7.101436	6.9187703	6.193884	7.306852	6.7412233	6.7384152	6.9728074	6.802042	7.320766	6.7740235	7.393127	6.679882	7.139767	6.829116	7.139994	7.092408	7.3298974	7.3687835	7.992287	7.4884653
TRAP1_10074	8.026785	7.553247	7.7515054	7.407416	7.6703854	7.5622187	7.459408	7.6383967	7.7351103	7.4445124	7.2296395	7.330059	8.081122	7.4088755	7.2818356	7.693227	7.443024	7.3211083	7.7851577	7.8917007	7.541276	8.290055	7.408603	7.6048803	7.578063	7.313971	7.617544	7.2423587	7.261997	7.455294	7.343376	7.657483	7.6146164	7.566336	7.8631206	7.4610257	7.4179955	7.349919	7.094555	7.7189384	7.6747494	8.242449	7.3536744	7.7989583	7.456223	7.548933	8.40004	7.863862	7.608448	9.135421	7.8401
TRAPPC3_10075	5.608707	5.7740564	5.3719754	5.8880386	5.9615884	5.6963167	5.9827075	5.4201193	5.8715396	5.691801	6.1834	5.60047	5.9681687	5.991661	5.6332774	5.56382	6.130424	5.2596154	5.975317	5.98079	5.8656483	5.836234	5.3689322	5.6745214	5.942902	5.833966	5.8055615	5.282425	6.1829257	5.448061	5.7553983	5.8854995	6.2175465	5.85371	5.927695	5.7449813	5.7605243	5.794854	5.2060456	5.6217656	5.85984	5.737723	5.9681277	5.818263	5.801255	5.8298326	6.203686	6.161084	6.143542	6.3889866	6.0886884
TRAPPC6A_10076	7.7083683	8.876724	8.617229	8.700152	8.369279	8.814387	8.836568	8.075289	8.06739	8.263267	8.436614	8.216389	7.7770324	8.131177	8.521895	8.664414	8.736301	8.560507	7.775709	7.5678368	8.244347	7.2676105	8.957305	8.448364	8.432453	8.66287	7.6921988	8.440173	8.923075	8.773561	8.734482	7.932097	8.431239	8.682412	8.31496	8.647947	8.690221	8.488859	8.434111	8.398295	8.269081	7.6960306	9.020925	8.397446	8.964137	8.822933	7.4095864	8.378437	8.528998	8.046661	8.771079
TRIAP1_32347	6.422911	6.57917	6.8678446	6.692645	6.533206	6.604514	6.6730523	6.1435437	6.3189025	6.5317373	6.8269396	6.7360253	5.8561053	6.7232842	6.731376	6.536132	6.886549	6.913216	6.2726393	6.569676	6.709116	6.263316	6.60921	6.790789	6.5914087	6.8127275	6.5465517	6.355706	6.8596306	6.855237	6.7101064	5.9704947	6.262744	6.5840173	6.600996	6.79841	6.619676	6.675895	6.5356936	6.6630554	6.6967535	6.327544	6.274851	7.254457	6.540191	6.790369	5.8621926	6.874664	7.1835737	6.9339895	7.2467885
TRIB1_10078	9.272631	8.304316	9.231131	8.669146	8.582477	8.698766	8.964722	8.942412	8.679974	8.555523	8.403405	8.470661	8.429981	8.449527	8.469679	9.022085	8.879651	8.667337	8.206785	7.6999235	8.773109	7.0388017	7.797048	8.785806	8.018806	8.734673	8.569667	8.874389	8.330477	8.573698	8.936248	7.6316175	8.593347	8.85273	8.721745	8.257238	8.542377	8.1435795	8.758532	9.05954	8.855821	8.167154	8.037859	9.568807	9.029138	8.8810835	7.501506	8.332143	8.879851	7.9848795	8.989555
TRIM13_10080	5.6313214	5.61793	5.729804	5.7953563	5.4450064	5.630527	5.7668867	5.5208874	5.8120537	5.6316133	5.8840427	5.35671	5.554822	5.725684	5.5463123	5.680696	5.6440597	5.7965417	5.663215	5.607391	5.744127	5.386241	5.781881	5.774947	5.3696184	5.833966	5.712976	5.519527	5.166204	5.4222007	5.6915355	5.7574096	6.1062293	5.8027835	5.842742	5.2664194	5.9081326	5.776337	5.7853956	6.2888083	5.805666	5.651949	4.96488	5.855082	5.8615775	5.6630745	5.664274	5.840412	6.431977	6.813718	6.2631183
TRIM59_10085	6.39675	5.815727	5.8513036	5.5451183	5.7840996	5.652792	5.021694	5.8267083	5.7709885	5.4106555	5.505856	5.5315666	5.2345824	5.769933	5.4051685	5.7888093	5.307852	5.285403	5.418061	5.5618186	5.7012334	5.8545256	5.107567	5.2410483	5.342288	5.3818903	6.096899	5.185535	4.5643234	5.3138585	5.1418614	5.3126874	4.6708455	5.105534	5.3708076	5.9097533	5.2474875	5.370047	5.6112785	5.3071437	5.109838	5.584097	4.3898067	5.7018085	4.5859623	4.9056625	4.7601757	5.615915	5.8729587	6.4654913	5.9424624
TRMT6_10088	4.395317	2.7252557	3.2553017	3.0651855	3.472425	3.817433	3.4919653	4.551971	4.6689157	4.161607	4.004671	4.1369987	5.0086117	3.8263452	2.9132285	4.0845833	2.9416285	4.1360126	4.451415	3.7955046	4.1915016	4.7678485	3.719566	3.4994485	4.4560194	3.0598574	4.58169	3.101637	3.2590787	2.6845412	3.0031052	4.857096	4.479903	4.251827	4.5408807	2.7586706	3.5087726	3.9880698	2.8620489	4.1475735	4.485623	4.804812	2.7449903	3.7439134	3.5983036	3.589511	4.886783	5.120136	4.4345694	5.622032	4.4684386
TRPC3_10090	3.4622953	3.7896457	2.851444	3.9763188	3.8058178	3.1218095	2.2206478	3.7431152	3.3867955	3.0072343	3.4639611	2.650732	3.3726006	3.5500658	2.42098	4.333375	2.631737	3.4158573	3.6460412	2.9674861	3.9924111	1.6721861	2.9722497	2.7847295	2.2866638	3.0598574	3.2240188	3.5538383	1.7864426	1.7340541	2.6910543	4.2431602	3.1528687	2.3252215	3.4257977	1.9574919	3.6645458	3.4478643	2.3191266	3.1240695	3.457868	3.5583014	1.9455801	2.4264417	3.1597538	2.5432677	1.5181447	3.7015753	2.7418792	3.93964	3.4859993
TRPC6_10091	3.244892	2.3245585	3.472876	4.1054654	4.1948323	1.7274573	3.2907877	2.9944959	3.6808712	3.0072343	2.897397	3.4336874	3.7523885	3.7400002	3.167487	3.5081706	3.196582	2.363299	3.560594	2.8204348	3.6753457	1.9693668	2.8251235	3.4994485	3.5682683	2.8082936	2.7142618	3.2998173	2.7030282	3.365476	3.7522228	3.7221797	2.3065865	3.3729517	3.1140306	3.270766	2.7740545	3.7044504	2.475174	4.1475735	4.1217613	2.028597	2.862796	2.609976	2.0616755	2.1535919	1.8014207	3.6158395	3.9282308	1.2041633	3.662459
TSEN2_10093	3.6511872	4.090557	2.9989855	3.9763188	4.454204	3.461558	4.5667157	4.5035396	4.6689157	3.6163983	4.067694	2.9613252	4.653833	4.0581245	3.5714786	4.686358	3.196582	4.731381	4.451415	4.2042418	4.5708647	4.5153666	4.5744224	4.1648545	4.045885	3.842321	4.4501987	3.2041273	4.181693	4.403539	4.5613933	4.4467387	4.53006	4.5274987	4.451897	3.9466662	4.1062636	3.6238878	4.2227526	4.1475735	4.1217613	4.283957	3.6331644	4.209659	4.2671294	4.133961	3.6070757	4.190987	4.5703197	4.6510324	4.2647033
TSKU_10094	8.573873	7.3625774	7.654675	7.510139	7.977538	7.6698484	7.665966	8.079425	8.239072	7.9217186	7.913568	7.4154015	8.370038	7.64696	7.21996	8.038063	7.327725	7.7213483	7.949637	7.573589	7.414237	7.7649393	6.8565793	7.3224607	7.430147	7.3018217	8.499335	7.7915907	6.7734194	7.0619593	7.648188	7.7226396	8.026358	7.5458355	8.517648	7.3314037	7.7360415	7.6435037	7.703873	8.378914	8.288962	8.186349	7.5464745	8.598114	8.183349	7.925666	8.129347	8.009654	8.005756	8.364647	8.178118
TSPAN3_10095	9.6748905	9.683115	9.570384	9.570017	9.845578	9.508452	9.569029	9.581389	9.933297	9.303331	9.561755	9.592195	9.94754	9.611469	9.45128	9.644043	9.293922	9.451624	9.951561	9.834213	9.549127	9.482628	9.304921	9.32896	9.947065	9.3207655	9.490384	9.350022	9.543613	9.192244	9.467976	9.81266	9.177064	9.698178	9.465417	9.527138	9.606782	9.49395	9.110618	9.416668	9.6192875	9.6443615	9.330523	9.154402	9.180865	9.347723	9.444968	9.695151	9.436659	10.4029455	9.545703
TSPAN4_32769	3.3576849	3.295734	2.9989855	3.4033608	4.076445	2.0292463	1.3012427	3.3635519	3.8481479	2.875032	2.4061391	1.3268428	3.574956	4.127788	3.0459516	2.533521	3.4131749	2.7064807	4.010656	3.7955046	4.1915016	3.3891368	2.8251235	3.0641665	3.3660054	3.3702228	3.5147316	2.7415621	2.4024103	2.2861977	2.505423	4.5825424	3.999912	2.3252215	3.3291726	4.136044	3.2381685	3.2473404	2.7442534	2.6195595	3.257194	3.2433975	3.0729647	3.3896487	3.5983036	2.5432677	3.7471902	4.1304426	4.11745	4.4929166	4.02739
TSPAN6_10096	2.6772566	4.090557	2.2885845	3.4033608	3.472425	2.6765726	4.157102	2.4973207	4.0675077	3.3437319	2.1965384	3.5310342	3.3726006	2.9246228	3.5714786	3.4032214	4.1156726	3.6719112	4.1340966	4.0143003	3.0117643	2.215664	3.2279377	3.5904546	4.646822	2.8082936	1.6257219	2.7415621	3.432763	3.1301692	2.6910543	2.4073412	2.055782	3.9107323	3.6820183	4.075639	3.2381685	3.3510835	2.615978	3.2267613	2.8915966	3.1210482	4.0356593	2.4264417	3.2825065	3.213879	1.8014207	4.001153	3.710393	2.7799242	3.662459
TSPAN8_33212	6.54704	7.2831087	6.3815985	6.7628593	7.6023917	6.627181	6.375161	6.492738	7.4135404	6.898155	6.4191556	6.8250933	8.109913	5.9344893	6.564378	7.008191	6.793045	7.3273287	8.460774	8.077238	7.5105495	7.3146143	6.4298577	7.3873534	8.393041	6.0527406	6.578392	6.5433574	7.639668	6.469817	6.813731	7.210292	7.16084	6.343915	6.907453	7.3945827	6.7730675	6.675895	6.356603	6.7689533	7.564887	7.3323865	6.50971	6.646474	6.2251973	6.446811	7.4715123	7.4148507	7.6902075	8.367498	7.434777
TSR1_10097	7.2193146	6.969045	6.9875345	6.7628593	7.1092024	6.9303255	7.1153517	7.2553215	7.102029	6.8896146	6.8893285	6.988257	7.174739	6.9517508	7.0327015	6.7757025	7.088954	6.774428	7.208152	7.012309	6.5610456	7.321206	6.696465	6.790789	7.1906595	6.4217443	7.4149685	6.8582644	6.844334	6.482385	6.7834177	7.0554852	7.1528587	6.772262	7.080687	7.0309296	6.8802633	7.0207915	6.613344	6.9449587	7.1739306	7.432245	6.765572	6.88769	6.8190103	6.753947	7.322654	7.143328	7.2389607	7.7689915	7.085812
TST_33151	10.391413	10.875652	10.918946	10.681454	10.621211	10.825521	10.823163	10.406988	10.270897	10.348887	10.604626	10.891394	10.187359	10.959413	10.5974245	10.4483595	10.708377	10.707626	10.294443	10.18077	10.4608555	10.510024	10.763217	10.486574	10.140945	10.820476	10.243472	10.78019	10.65376	10.822655	10.72531	10.548524	10.447805	10.821897	10.7017975	10.599724	10.681911	10.444661	10.646398	10.769846	10.593938	10.553186	10.538047	10.902294	10.666103	10.81889	10.60686	10.411415	10.533008	10.902883	10.394249
TSTA3_10098	5.9519153	6.4659567	6.3544507	5.8143754	6.206737	6.3144946	6.1257195	5.7664127	5.662901	6.1860685	6.033601	5.9738355	5.713314	5.6328945	6.035719	5.9086823	6.2478447	5.9971285	5.4891567	5.756432	5.7012334	6.7176166	6.239601	6.3445787	6.1619406	6.304862	5.6937237	5.886145	6.145973	6.680823	6.1689644	5.8500476	5.930645	5.996517	5.960323	6.314429	5.8605886	5.680009	6.284584	6.0575957	6.2994714	6.1354895	5.981213	6.0739093	6.2098103	6.42381	6.02248	5.896027	6.1289554	6.5878844	6.2631183
TTC17_32457	5.7393622	5.415992	6.0673375	5.567712	5.396415	5.652792	5.5585413	6.0112324	5.7071123	5.672016	5.594128	5.5778656	5.264158	5.747978	6.098198	5.869821	5.2805514	5.6454296	5.663215	5.4661126	5.679299	5.5964694	5.139058	5.566579	5.8682203	5.7648406	5.6140385	5.5779576	5.8870077	5.285452	5.913049	5.595579	5.6871457	5.996517	5.615782	5.943947	5.295953	5.5767865	5.755261	6.000764	5.42937	5.358995	6.093929	5.721882	5.7166896	5.7018332	5.8152	5.659417	6.255212	6.090808	6.4551263
TTK_32727	2.6772566	0.8494589	2.5015457	1.9810864	3.472425	2.0292463	2.4311502	3.2507074	2.518521	2.5675821	1.2830404	2.2543907	2.2924721	2.7588696	2.2108426	3.2900343	2.7949874	2.363299	2.2015305	2.6566756	3.6753457	1.9693668	1.7148082	0.79608655	2.6850367	2.5034022	1.9188775	1.8188398	3.0615857	2.2861977	3.0031052	2.4073412	2.5201793	2.1186442	2.3721387	1.6612463	2.0856278	2.1827102	2.3191266	3.013504	1.9462588	1.7268571	0.6511185	2.4264417	1.3714777	1.2508019	1.5181447	3.3230352	1.2764089	3.5950627	3.051179
TTPA_33200	5.2185044	5.9527693	5.981219	6.0249596	5.1253834	5.738567	5.8607645	5.033428	4.952162	5.4106555	5.636318	5.7494965	4.5131187	6.20007	6.324129	6.001489	6.0838046	5.8835325	5.1225443	5.194739	5.465258	4.4203296	5.781881	5.4499016	5.0360622	5.867325	5.2422996	5.3732157	5.9879036	5.3958683	5.6915355	5.616829	4.3180375	5.9029	5.3463283	5.802022	5.9081326	4.9418797	5.3133516	5.5443435	5.079719	4.101853	5.206888	5.140615	5.9194784	5.5613623	3.8124545	6.567271	5.9245467	5.4171486	6.119264
TTR_10102	7.102778	8.244545	6.9517527	5.5899563	6.2888966	6.8555083	6.1105113	9.131564	5.4711165	5.786849	6.1253333	5.4088683	7.3845267	8.043771	7.0327015	5.32614	5.16587	5.09439	9.083188	9.865028	6.0817175	5.2819767	5.4959803	6.9624634	7.3293543	5.045456	7.76779	5.282425	4.8358417	5.369046	4.740381	6.5028176	5.221623	6.4134583	4.8847632	6.2746778	5.0637608	6.000293	5.488428	7.108548	4.658599	5.5370216	5.6779003	5.1990657	5.780574	5.283283	4.9461503	10.725317	5.0445223	4.8918467	4.3701644
TUBA1C_32945	6.2583184	6.2549634	6.408245	5.9235063	6.192577	6.182981	5.89667	6.111586	6.275518	5.992268	6.0648313	6.1527247	6.57523	6.3387294	6.098198	6.4332705	6.0356283	5.9495354	6.507664	5.96337	6.269602	6.0094852	5.801695	6.291316	6.418999	6.0527406	6.182258	5.854978	6.448728	5.978265	5.8165536	6.320561	4.199067	6.2456474	5.927695	7.1746473	5.6153	5.984247	5.7853956	6.0851936	6.027002	6.271126	4.9382873	6.3946776	5.9568267	5.881394	5.030858	5.9842043	6.1722803	6.949294	6.7470894
TUBB2A_10104	5.514529	5.7527604	5.889631	5.213806	5.4450064	5.156702	5.392438	5.393788	5.0921063	5.6316133	5.203116	5.4088683	5.8561053	5.3122444	5.612023	5.9465246	5.8059964	5.1232753	5.6003785	5.490641	5.302602	5.6808968	5.7617917	5.4977107	5.8095574	5.4713902	5.8409934	5.2588058	6.0425406	6.047564	5.3213744	4.993321	5.2518272	5.9347854	5.4185543	5.685592	5.2474875	4.974735	5.2060456	5.798887	5.670739	5.9857645	5.7253337	6.12002	5.579752	5.6029115	5.5541043	5.548098	5.8194575	6.854933	5.8902307
TUBB4B_34097	5.305445	5.38864	4.9322414	4.7829914	5.34613	5.0600524	5.204691	5.6150737	5.1250696	5.4106555	4.9590178	5.434257	5.7555737	5.4546	5.134093	5.7029767	5.0734506	4.907765	5.4658456	5.224292	5.2440352	5.6808968	4.827329	4.7427316	5.1664495	5.4273343	5.4401093	5.081666	4.9545684	4.7329607	5.2344084	5.461056	5.47308	5.3615675	5.270294	4.5000987	5.091484	4.9082584	5.015799	5.524321	5.405285	5.737723	5.206888	4.689042	5.3463845	5.257497	6.309202	5.802108	5.351412	6.497077	5.660052
TUBB5_10105	6.4612837	6.4126396	5.9633603	6.0731306	6.8452425	6.088135	5.89667	6.279191	6.4804635	6.26743	6.5898924	6.4427156	6.910587	6.7232842	6.2434936	6.4596815	6.3564234	5.9655747	6.842345	6.822468	6.872684	5.9764595	5.781881	6.2218475	7.175253	6.229899	6.4233975	5.7402654	6.133443	5.1967144	6.6328692	7.0554852	5.949197	6.5328507	5.8943114	6.721646	6.111377	6.5398016	5.9000072	5.864064	6.1624928	6.2420673	5.914566	5.7018085	6.011097	5.5613623	6.0766163	6.937858	6.3958793	7.0940223	6.6665673
TUBG1_10107	6.6166945	6.3852234	6.225536	5.9058814	6.379186	6.1676	5.747355	6.205411	6.7041864	6.5207176	5.9186435	5.8089356	6.9835196	6.0821834	6.1284513	6.584937	5.934163	6.402586	6.842345	6.906904	6.6312785	7.573931	5.933257	6.493496	6.556159	5.89993	6.8803678	6.2873096	5.826018	5.473466	6.288905	6.6848745	6.469656	6.2456474	6.7484016	6.3274393	6.027752	6.4256163	6.2087803	6.6446247	6.204969	6.9831443	5.9681277	6.973913	6.4513893	6.1290116	7.6110306	7.031888	6.5894284	7.9624267	7.0144053
TUSC3_10108	3.8181863	5.731146	4.0481544	0.0	5.7262964	0.0	0.0	3.9010189	0.83860815	3.9804323	3.869711	0.0	4.9732347	3.8263452	5.56855	0.0	4.1761804	5.0348244	5.512098	4.782876	5.4393907	0.0	5.107567	3.7568672	4.815312	3.625497	4.2538657	4.2726064	4.8664517	4.505577	0.0	3.3684063	0.0	4.251827	4.028212	4.967194	0.721521	0.0	4.5021796	0.0	4.737884	0.0	3.5652707	4.879793	0.0	5.1211624	1.5181447	0.0	0.0	3.5150423	5.8902307
TXLNA_10110	5.1883197	4.820794	5.1050735	4.3335214	5.1253834	4.8448496	3.825755	5.2544	5.2498713	4.680367	4.1860375	4.417189	5.2931385	4.638	4.1453104	5.2971416	3.8445423	4.5728903	5.393562	5.133753	4.749901	4.949003	4.2094064	4.4342127	4.7335253	4.030775	5.416816	4.5699625	4.3643665	4.5540113	4.3010488	5.461056	4.625427	4.251827	4.8503594	4.5453463	3.7365477	4.9082584	4.538021	5.397974	4.952532	4.9909906	4.350009	4.689042	4.206401	4.0158815	4.886783	5.120136	5.326059	5.5232244	5.3348546
TXNDC9_10111	10.939956	11.278596	11.219488	11.284355	11.013373	11.003908	11.211816	10.819907	10.915585	11.014026	10.975085	11.214888	10.896353	11.16186	11.228861	11.199677	11.366704	11.021372	11.112959	10.893291	11.096024	10.437555	11.3388195	11.049061	11.1717	11.001329	10.94968	10.863787	11.229068	11.359611	11.205739	11.087753	11.755672	11.112856	11.069726	10.926952	11.331594	10.9858675	11.051297	11.106731	11.102224	10.905649	11.069115	11.092093	11.034727	11.105744	10.432301	11.216156	11.279111	10.899439	11.105237
TXNRD1_10114	8.759827	7.7379813	7.871264	8.004111	8.02226	8.068006	7.7808967	8.112095	8.19318	8.519995	7.735792	7.6447654	8.753029	7.699382	7.847882	8.139568	7.9470687	8.038121	8.394417	8.212414	8.027096	9.078025	7.840797	7.9694405	7.966066	8.006715	8.862559	8.047349	7.6616516	7.442487	8.133964	7.9531345	7.83013	8.1351	8.68317	8.166029	7.878112	7.950631	8.055662	8.362091	8.31828	8.815996	7.640202	8.508507	7.989724	7.779314	8.5677185	8.426442	8.320155	9.147081	8.493224
TXNRD2_33001	4.227354	4.820794	5.003877	3.677126	5.0952544	4.4965525	3.2907877	4.5988293	4.712946	3.9146059	4.537262	3.8656	4.782034	3.9849255	4.20331	4.443337	4.1156726	4.346635	4.451415	4.5691915	4.310437	4.3185883	4.5275993	4.996757	4.045885	5.016011	4.3553696	4.2726064	4.7064605	3.9030073	4.2428265	4.5386796	4.714878	4.0336113	4.4970746	4.7905493	4.2607594	4.4751067	3.9837794	4.7402864	4.8130383	4.4456296	4.7058096	4.1516447	4.3254046	4.392742	5.0580235	4.6876826	4.481253	4.724034	5.1693907
TYK2_32670	4.883804	2.538774	3.9787362	2.9322088	4.1948323	3.1218095	3.2907877	4.291709	3.5893483	3.8456316	1.6554753	3.707994	4.9732347	3.7400002	2.7670465	3.7837584	3.4131749	3.319303	4.073696	4.080432	3.76138	5.760655	2.4763973	3.298162	3.7456298	1.8752655	4.883044	3.8976135	2.7030282	2.4990745	3.3724391	4.926816	2.8709326	3.2767088	3.9653022	3.0373216	3.2381685	3.3510835	2.7442534	4.248663	4.2354107	4.8440194	3.0729647	3.173454	2.7127588	2.704639	6.418047	4.4606056	4.386324	6.497077	4.8057513
TYMS_32803	7.796051	8.044386	8.368563	8.400017	8.264876	8.168011	8.289648	7.802521	8.242831	7.9342303	8.207438	8.27025	8.013075	8.256986	8.161259	8.476729	8.548796	8.268914	8.285456	8.010956	8.262901	7.030781	8.52249	8.106806	8.454956	7.9916673	7.76779	8.104783	8.379054	8.035383	8.5813875	7.8581843	8.444377	8.096858	7.971133	7.972549	8.386055	7.917216	8.16858	8.219942	8.456545	7.4951725	7.92049	8.045862	8.085573	8.298704	6.9690313	8.457581	8.4981165	8.132966	8.475608
TYROBP_10115	4.0372276	5.3323293	4.895044	4.9297447	4.8999376	4.226587	5.288162	4.401509	4.876746	4.680367	5.145853	5.3830247	4.653833	5.769933	5.3290563	5.2675486	5.6440597	5.09439	4.750479	5.194739	5.0862885	3.0513556	5.342123	4.893314	5.706152	4.891829	4.5391774	4.6078486	5.514305	5.2269044	5.4810023	5.232359	4.6708455	4.8619547	4.8151155	5.2664194	4.9165425	5.3197846	5.137609	4.9648857	5.0489583	4.68036	5.525456	4.5611777	5.0332947	4.8720703	3.2779424	5.63783	5.686319	4.8270445	5.7010565
UBA3_32850	6.7152495	7.1096954	7.238314	6.9805493	7.1537366	6.8165927	7.037081	6.689577	6.9901814	6.8896146	7.2157936	7.013743	7.0099463	7.366276	6.8541303	7.152792	7.6003447	6.8367968	7.2767377	7.209902	7.1368876	6.3301992	7.154989	7.1536617	7.462239	6.8796477	6.8194995	6.7607384	6.797447	7.053561	6.956423	7.2379847	7.742438	7.2232566	7.058254	7.2854724	6.980042	7.212047	6.694988	7.3265586	7.007922	7.017847	7.165875	6.5710196	7.069721	7.174852	7.1440287	7.6432757	7.639653	7.580366	7.6801057
UBE2A_10117	3.4622953	3.513961	3.472876	3.2992017	3.947468	3.3569534	4.033539	3.1282818	3.8481479	3.5311098	2.4061391	3.4336874	3.3726006	3.5500658	2.9132285	3.0329375	3.07473	2.9835122	3.035508	3.6287196	2.8640268	2.425981	3.8005724	3.298162	4.2360806	3.1708984	2.7142618	3.2998173	3.163709	3.2526147	3.4771605	3.2645237	3.5911903	3.2767088	2.8610861	3.3746989	3.6645458	2.7364078	2.8620489	3.1240695	2.8915966	2.675847	3.0729647	2.919052	3.0255773	2.9816122	2.0380995	3.7825003	3.710393	3.670877	3.7432039
UBE2D1_10119	3.3576849	3.1728475	3.57048	4.2797976	3.8783808	4.165955	3.4919653	3.8242261	3.8481479	3.5311098	3.029906	3.216753	3.9833133	3.5500658	3.3835778	3.7837584	3.510384	3.5915058	4.010656	3.4401016	2.6994162	3.819855	4.08557	3.5904546	4.112109	3.7736044	3.7565742	3.5538383	4.027703	3.826207	3.833374	3.7221797	4.259778	3.7764044	4.028212	4.0125933	3.8051264	3.7807512	2.9709482	4.2966695	3.8634686	4.165143	3.7600586	3.173454	3.857236	4.0158815	3.3675282	4.5089707	4.336409	4.5741396	3.662459
UBE2J1_10122	7.4013815	6.843722	6.858213	6.650933	7.1092024	6.660527	6.6730523	7.1802783	7.3729496	6.906646	6.6217422	6.7762914	7.488417	6.5564694	6.564378	7.0522456	6.8122373	6.765294	7.4765744	7.3303027	7.1528935	7.022715	6.3780103	6.837984	7.2580214	6.399113	7.041336	6.6008496	6.6291423	6.4184194	6.8531833	7.251634	7.268172	7.0809007	7.167086	6.779598	6.551447	7.2393446	6.5620446	6.959944	6.959123	7.148869	6.824843	6.7576056	6.4513893	6.567151	7.085824	7.316372	7.225312	7.689199	7.1164484
UBE2T_10125	2.6772566	2.538774	2.851444	0.0	0.7835774	2.8407314	1.9740967	2.0347693	3.0170162	1.2678612	0.0	2.9613252	3.1371586	0.86718	2.2108426	2.533521	1.6904588	1.2520635	2.2015305	2.9674861	2.6994162	2.9185607	0.0	2.2271013	3.1306887	0.7374037	2.9915388	1.8188398	2.5605352	0.0	2.0422144	2.8986797	2.055782	2.8108833	2.1637886	2.203147	1.559129	2.3917863	2.475174	3.1240695	2.4007041	2.2780142	1.438908	1.6725745	1.7574636	0.0	2.4195006	2.460438	2.3969975	3.3403132	2.9183865
UBE3B_10126	6.4986625	5.8361197	6.210474	6.265071	6.428352	6.257519	6.0157356	6.429335	6.13694	6.1145773	5.9690366	6.1373487	6.6666555	5.769933	5.9536114	5.96508	5.7671843	5.981438	6.376299	6.359358	6.409407	6.3688893	6.0033774	6.1637588	6.365702	5.9783573	6.6894712	5.9014797	5.3933935	5.7478323	6.3173943	6.294423	6.3350625	5.517095	6.4483447	5.960745	6.0420303	6.137198	5.7853956	6.653869	6.286344	6.6596756	5.6779003	6.6776414	6.1303115	6.1431627	5.733308	6.4106064	6.371302	6.7712913	6.5922246
UBE3C_10127	5.608707	4.7365184	5.5013666	4.8582335	5.7262964	4.544973	5.2608714	5.4201193	5.662901	4.9989605	5.145853	5.6446424	5.647509	5.812865	5.3802414	5.462984	5.008375	5.1793666	5.317465	5.194739	5.634403	4.4686303	4.429132	5.1240673	5.617736	4.955256	4.9494805	4.750163	4.8358417	4.600872	5.2639832	5.5521173	5.7936397	5.264536	4.9833093	5.5589347	5.1453815	5.4656053	4.882748	5.330393	5.168253	4.9909906	4.8554354	4.9495506	5.3742585	5.0019855	4.6573496	5.452413	5.4948297	5.2541795	5.760458
UBQLN2_10128	5.878196	7.014489	6.6394987	6.6719394	6.5219245	6.8165927	6.400391	6.1901913	6.578922	6.574993	6.3447704	6.0579076	5.9500856	6.7784767	6.691404	6.700181	6.3694386	6.5481567	6.530315	6.204865	6.6312785	5.2268753	6.7687106	6.420958	6.5442147	6.570939	5.8583884	6.275588	6.781473	6.7859535	6.7208104	6.2678027	6.2775006	6.772262	6.4598007	6.6195645	6.056169	6.655775	6.1750326	6.0435963	6.615109	5.913883	6.337246	6.559911	6.411592	6.3155117	4.295888	6.2057843	6.7409987	5.3949647	6.814038
UBR7_10129	5.0937805	4.7792716	4.9322414	4.5756903	5.154896	5.2472816	4.5214376	5.033428	4.7556725	4.6402006	3.7971807	5.1268883	5.1420355	3.8263452	4.4144707	5.109729	4.052516	4.5728903	5.5569134	4.614536	5.2440352	4.949003	4.267554	4.996757	4.646822	3.9706514	5.04373	4.491069	4.5643234	4.2355256	4.118821	5.0876613	3.1528687	4.3962374	4.624693	5.420078	4.606508	4.278601	3.6972067	4.5153155	4.340757	5.216879	3.6980062	4.02811	4.6328683	4.392742	3.2779424	5.120136	5.2199426	4.9838986	5.574371
UFM1_10130	5.969771	6.863725	6.53456	6.332589	6.5991006	6.558083	6.733864	6.1276536	6.0708017	6.344446	6.3824425	6.3917885	5.9500856	6.4918876	6.7015014	6.0370026	6.517099	6.471602	5.9419155	6.411673	6.409407	5.741125	6.60921	6.304817	6.338297	6.255322	6.209625	5.990214	6.527458	6.765531	6.288905	6.096859	5.0603204	6.4134583	6.2776093	6.7314677	6.2531323	6.235367	6.2525835	6.3469634	6.0427003	5.8765535	5.9415956	6.2910013	6.42498	6.513692	4.621379	6.485032	6.5679603	6.2599144	6.7761626
UGDH_10131	9.16631	9.211272	8.983419	9.08395	8.980866	9.180904	9.078512	9.141489	8.895906	9.008248	9.22932	9.022186	8.783985	9.18075	9.058204	9.132912	9.200511	8.902129	9.046337	8.685867	9.155236	8.661282	9.082042	9.0906105	8.786872	9.077018	8.738876	8.850884	8.906599	8.903072	9.135399	9.060959	9.1927185	9.202963	9.371496	8.973818	9.322347	9.068683	8.940275	8.943707	9.168208	9.27276	8.851347	9.199839	9.122486	9.148176	8.407979	9.096624	9.0958805	9.19762	9.2379055
UGGT2_33061	2.0298584	3.0385108	2.6870766	1.9810864	1.9581286	2.278697	1.3012427	2.8470235	3.4916236	2.5675821	3.1512616	3.5310342	3.3726006	1.4050055	3.3835778	3.2900343	2.4476285	0.75779927	2.5944383	3.223061	2.513575	1.2974738	1.7148082	1.3061277	4.2942877	2.663887	2.1624062	1.1788656	2.7030282	2.0363805	3.1370003	3.5561097	2.3065865	2.8108833	1.2584345	2.9047132	3.1353765	2.8820758	2.475174	2.7631624	1.2790965	2.675847	3.494023	2.2161078	2.87763	3.1024148	1.8014207	3.7825003	3.2530992	3.5150423	3.051179
UGT1A1_33117	7.002258	6.9782495	7.3107224	6.929128	7.1316414	7.3537736	7.145509	7.042999	6.839439	8.279701	7.458518	7.1654716	7.756369	6.711988	7.3018847	7.464563	7.491452	7.452111	7.303284	7.8684926	7.4599843	7.745467	7.154989	7.642585	7.436623	7.113092	7.9451427	7.5933986	7.2211304	7.3563457	7.069611	6.8008213	6.5447702	6.962152	7.7556863	7.960072	6.70291	7.7422175	7.742788	7.377672	7.6646395	7.799383	6.2426114	7.315177	7.706969	7.089733	6.1287947	7.232443	7.893737	7.0306845	8.45478
UGT2B15_33121	2.0298584	3.1728475	2.038651	0.7965775	1.9581286	2.4913077	0.79261	2.4973207	1.3654954	1.9320939	1.9512244	0.0	2.2924721	2.10312	1.2938309	2.0680585	1.6904588	1.9121275	3.7267091	3.714521	2.6994162	2.6095028	2.6612716	3.4994485	3.7456298	1.2230182	2.9915388	2.260616	1.1536862	0.82825595	0.83162844	2.197697	0.83949393	1.8774635	1.9201866	3.5624845	1.2002778	1.2726339	2.615978	3.7247438	0.0	2.4906006	1.9455801	1.6725745	0.0	2.5432677	3.3675282	5.593662	4.11745	4.8598094	4.0904775
UGT2B7_33032	5.387443	5.4691873	5.9269667	5.42652	5.9615884	5.41298	5.0853076	7.381284	5.7071123	5.8051295	6.252844	6.0414805	6.2600183	6.0996256	5.8484855	6.392725	5.008375	5.7602215	5.723429	5.73606	5.515642	5.3350506	4.7478533	5.3229513	5.3964405	5.4713902	6.0672855	6.399566	4.3208203	5.978265	5.204214	6.15612	5.47308	5.239223	6.710542	5.874729	5.365728	6.000293	5.559904	6.8834124	6.950827	5.895339	5.1148973	5.7612104	5.4284406	5.9473953	6.649979	5.914099	5.666255	6.971951	6.2493615
UNC93B1_10134	3.894955	4.090557	3.57048	0.0	3.5632691	4.036466	4.2709126	4.9989047	3.6808712	3.8456316	4.067694	4.8152456	0.8317068	4.0581245	3.8867385	3.6976154	4.1761804	2.9835122	5.030208	1.3310965	4.1281424	3.3891368	0.8162666	0.0	4.5545726	3.460427	5.215552	3.7013133	3.9150798	4.646259	3.6662335	1.2839134	4.8786864	3.9734795	1.2584345	3.8775816	0.0	0.77231747	3.5644774	3.793278	4.574702	4.393726	0.0	4.8436074	1.3714777	4.392742	0.6972474	3.9318867	0.7749885	2.090884	4.5151744
UNG_32960	6.137136	4.9004173	4.9322414	5.32408	4.8999376	5.359834	4.9551463	5.3669667	5.058372	4.7945623	4.819502	4.6943655	5.6248894	4.539192	4.9086037	4.7731557	4.586072	4.972693	5.854863	4.5691915	4.9826365	6.6459136	5.0424438	4.574581	4.815312	4.955256	5.8755765	4.6078486	4.229575	4.403539	4.357012	5.3384995	4.8394446	4.828399	4.951203	5.0322104	5.1715937	4.648027	4.7965984	4.8728747	5.670739	6.5092573	4.7675343	5.597024	4.678297	4.8720703	6.1029415	5.2958193	5.1638064	6.895003	4.914352
UPB1_33048	5.6535864	4.9758754	4.649141	4.5304	5.2121687	5.1251993	4.988804	5.4201193	5.3920717	5.091235	4.4453254	4.9966097	5.4299054	4.8993344	4.641223	5.6350756	4.3438206	4.8741713	5.6425724	5.490641	5.151471	6.666766	5.1698766	4.9286256	3.9764743	4.8254848	6.082168	4.531055	4.982784	4.505577	4.5613933	5.7951813	5.1592493	5.4077406	5.770984	5.293193	5.035495	5.7193155	4.26614	5.971486	5.405285	5.8575196	5.090953	5.282528	4.8861785	5.231241	5.371264	6.1910377	5.7638955	6.5878844	5.959461
URAD_32538	3.9678442	2.0728946	4.4063993	3.1869333	3.8783808	3.461558	3.2907877	3.5657802	3.998029	2.875032	3.1512616	2.8143709	3.7523885	2.7588696	1.6679709	2.0680585	2.7949874	2.7064807	3.7267091	3.9449909	3.2683764	2.215664	2.0155594	2.931203	3.1306887	2.3228042	3.7565742	2.260616	2.832704	1.7340541	3.1370003	3.4653084	3.2755504	2.5058906	2.8610861	2.4129963	3.2381685	2.5743628	3.5644774	4.2966695	3.9325047	4.54415	2.9717042	3.3896487	3.5983036	3.3173459	4.100693	4.001153	4.11745	5.2786183	4.02739
USP1_10136	5.9519153	5.815727	5.729804	5.3762093	6.3152757	5.9689736	5.5585413	6.50509	6.184627	6.084958	5.6569595	5.866022	6.3864264	6.216151	5.7738895	5.829884	5.5783186	5.849363	6.6897273	6.5228763	6.3688693	5.760655	5.342123	5.9739857	6.281873	5.4495306	6.2497253	5.305664	5.514305	5.473466	5.9499097	6.644058	5.47308	6.0701437	5.944101	6.3783393	5.811424	6.288603	5.137609	6.015183	6.0887957	6.327544	5.628854	5.6608033	5.4016037	5.5185804	5.733308	6.578646	6.069088	6.3889866	6.119264
USP14_10137	9.318643	9.320243	9.354438	9.286514	9.592775	9.231709	9.030839	9.304078	9.450088	9.384595	9.145986	9.257282	9.655572	9.368723	9.140297	9.440303	9.337626	9.258459	9.681247	9.643675	9.387732	8.877958	9.187464	9.471956	9.65801	8.948486	9.372748	9.061783	9.007897	9.064326	9.312135	9.513116	9.706357	9.259137	9.377548	9.186904	9.219312	9.378994	9.040507	9.387869	9.523244	9.344577	8.822556	9.284945	9.020345	9.094568	8.529411	9.452439	9.6121	9.142096	9.523013
USP18_10138	4.9572444	4.647012	3.6618972	3.0651855	4.1948323	3.5590887	2.924071	3.3635519	4.6689157	2.875032	3.64017	3.5310342	4.4629893	2.7588696	3.0459516	3.7837584	3.510384	3.5915058	4.8256583	4.2042418	4.1281424	4.2091236	3.542482	3.4994485	4.5545726	3.3702228	3.32757	2.9913046	4.181693	2.8488586	3.5747921	5.056895	4.069397	3.7764044	3.5163558	4.355162	3.9332168	4.380197	2.8620489	4.1475735	4.574702	4.339885	3.9316483	3.3896487	3.2825065	2.8497622	4.249509	3.4273803	5.0445223	4.8918467	4.8057513
USP22_10140	6.967132	6.043253	6.240442	6.194237	6.732317	6.3693056	5.392438	6.429335	6.944744	6.429392	6.489893	6.4427156	6.8726892	5.8950763	6.08283	6.4727077	6.2478447	6.378827	7.06811	6.7531986	6.5848384	7.287943	5.6127396	6.331446	6.556159	5.782435	6.8803678	5.9757986	5.9739146	5.6171613	6.055157	6.644058	6.4039283	6.5840173	6.353268	6.8077245	6.301411	6.66587	5.7853956	6.4566817	6.615109	7.1874876	5.9549227	6.19374	6.011097	5.5822864	7.366775	6.435844	6.7788653	7.698286	6.5922246
USP6NL_10141	2.491974	3.4089699	3.3681867	3.8344646	3.472425	2.4913077	2.4311502	3.6571705	3.273749	3.5311098	3.4639611	4.007672	3.3726006	4.433116	3.9558542	4.3894033	2.9416285	3.5915058	3.469766	2.8204348	4.0618725	2.425981	2.9722497	3.4994485	3.6596727	3.625497	3.4241838	2.439345	3.6594398	3.1301692	2.505423	4.069087	3.493454	4.251827	2.3721387	3.8050218	3.0246947	3.7807512	3.2555978	3.2267613	3.457868	2.675847	3.6980062	2.4264417	2.7127588	3.213879	2.9700236	3.8591263	2.5797195	3.141468	4.3183975
USP7_10142	8.605626	8.061808	7.9043994	7.914409	8.472506	8.191015	7.4653974	8.526838	8.46508	8.276429	7.992835	7.9165406	8.462237	8.00727	7.8295836	8.059807	7.7220306	8.038121	8.788945	8.595468	8.359171	8.719825	7.629782	8.0275955	8.335297	7.905976	8.493781	7.8201127	7.5669804	7.3631573	7.9090877	8.582796	8.526972	8.043019	8.260323	7.909056	7.8004503	8.254768	7.5889726	8.271903	8.402819	8.646164	7.6068196	8.164286	7.9014893	7.5647902	8.64813	8.469851	8.466559	9.061644	8.472651
UST4R_32736	4.1034265	3.6118274	2.9989855	2.9322088	4.454204	4.165955	2.7777128	4.109549	4.0675077	4.161607	4.2417574	3.6222255	4.052746	3.0732796	3.480585	4.2750826	3.4131749	4.1360126	4.711368	5.514759	3.9924111	5.4111705	3.6337392	4.4825354	4.6908245	3.0598574	4.8486414	3.7013133	2.832704	3.975925	3.2595172	5.232359	3.7687938	3.2767088	3.7582223	5.3452935	2.0856278	4.224988	2.8620489	4.248663	4.3906794	4.63637	2.4758844	3.3896487	4.076691	3.5043693	4.621379	5.5247655	4.6128726	5.5833173	5.0474997
UST5R_10143	7.9922585	8.186167	7.7975874	7.7163124	8.463689	8.383043	7.882875	7.936248	7.8773284	8.725922	8.012991	7.5316997	8.146105	7.2064157	8.139141	7.8954034	8.333227	8.383783	8.023346	9.012398	8.31362	9.314424	8.426853	8.856269	8.585981	7.8233953	8.242077	8.434914	7.7172894	8.485921	8.030211	8.177081	7.2078204	7.8600044	7.8104033	8.578904	7.3450146	8.593048	8.077137	7.6787434	8.12536	8.79364	7.160133	7.881585	7.6106625	7.7144523	8.167264	8.194751	8.636031	7.924211	8.266141
UTP14A_10144	3.6511872	4.339408	3.9787362	3.9763188	3.5632691	4.036466	3.825755	4.5035396	3.3867955	3.8456316	4.1860375	4.25568	4.242996	2.356276	3.9558542	3.9419975	2.9416285	3.5915058	4.301462	3.7955046	3.4861639	4.0906663	3.3405793	3.8333883	4.112109	3.625497	3.6803772	3.4740329	2.7030282	3.745087	3.7522228	3.8710911	3.1528687	3.9107323	4.088493	3.8775816	4.2607594	4.0510454	2.615978	3.2267613	4.061393	4.283957	2.3198192	3.2855973	3.934157	3.8183901	3.2779424	3.8591263	3.8592093	4.7591944	4.02739
VAMP2_10146	6.228964	6.0256047	5.831751	5.7565494	6.475897	6.055081	6.0951414	6.3493805	6.829473	6.4527707	6.489893	5.7893934	6.7209873	6.3387294	6.187119	6.154835	5.706935	6.0126505	6.5745764	6.4988947	6.047879	7.2119474	6.0203876	6.2639284	6.6594257	6.1508265	6.578392	5.961238	6.207045	5.828802	6.331431	6.5913587	6.292108	6.1264534	6.3655014	6.4866943	6.0420303	6.3524985	5.4323974	6.369585	6.204969	6.4341645	6.3270326	6.0739093	6.1626387	5.979297	7.8198586	5.9842043	6.2949557	7.351845	6.178538
VAPB_10147	6.725796	6.50469	6.8485165	6.6719394	6.836162	6.8165927	6.7826524	6.721688	6.542783	6.8103843	6.642592	5.9738355	6.4130745	6.028554	6.496408	6.7651525	6.640341	6.8881903	6.3254	6.359358	6.5490003	5.798939	7.0512185	6.7017407	6.893965	6.78681	6.783529	6.964291	6.7734194	6.702471	6.5984583	6.2130413	6.456748	6.42473	6.661777	6.498246	6.5712724	6.495206	7.088525	7.1613626	6.8202972	6.4341645	6.069631	7.4110208	6.588584	6.9836326	5.030858	6.769403	7.0271773	6.3317447	7.07805
VARS2_32745	3.8181863	3.7034745	3.6618972	3.677126	4.2505713	3.894199	4.3763976	3.4682064	4.0675077	4.2172728	3.3670683	3.4336874	3.4773233	3.2080395	3.0459516	3.5081706	3.7679756	4.0179224	4.2478023	4.4739904	3.8425713	4.3185883	4.5275993	3.975235	3.3660054	3.9079125	4.200304	3.8976135	4.3643665	3.975925	3.833374	4.1294756	3.6827233	3.5480838	3.6820183	4.0125933	3.2381685	3.6238878	3.339235	3.5770605	3.7909622	4.101853	2.9717042	3.663165	4.0071836	4.0158815	4.047469	4.1304426	4.5264735	4.267274	3.5769253
VASP_10148	7.4013815	7.6995435	7.3593287	7.227559	7.444059	7.2698307	7.182339	7.3405066	7.658373	7.0818095	7.379991	7.295842	7.5617027	7.277107	7.714635	7.458028	7.436855	7.364095	7.880799	7.741395	7.5290637	6.656378	7.170311	7.467572	8.486506	7.207288	6.9550333	6.9788213	7.7545886	7.086864	7.7352276	7.4775214	7.374946	7.626147	6.8650017	7.874015	6.8802633	7.6838036	7.3973975	7.3887887	7.367109	7.0433373	7.3231673	6.9570756	7.2308497	7.1186676	6.6410246	7.5710793	7.6802373	7.6937494	8.008815
VAT1_10149	5.7600327	3.8709588	4.73585	5.3762093	5.5149565	5.386652	4.3246193	5.5208874	5.6402764	6.0998435	4.581123	3.5310342	6.633046	5.050487	4.9086037	5.5392637	4.3956347	5.7229633	6.217876	6.437136	5.465258	6.998245	4.267554	4.781876	6.0815816	5.3349686	6.3515105	4.879691	4.9257903	4.1115565	4.740381	5.9370947	5.094056	4.8619547	6.340931	5.491176	5.2719235	5.5333366	4.5021796	5.848044	5.85984	6.911129	4.4285355	6.026276	4.206401	4.189564	6.5953975	5.966995	5.855345	7.4573054	5.907852
VAV1_33194	4.992609	4.647012	4.1777077	4.2797976	4.454204	3.6504412	2.924071	3.6571705	4.2578745	4.2172728	4.744335	4.1975594	4.9369683	5.725684	4.55475	4.7304096	3.9172494	3.8204114	5.209325	4.897377	4.5224047	5.3087573	3.3405793	4.2786994	4.7335253	4.605912	4.813399	4.2246437	3.5877666	2.4990745	3.833374	5.738146	4.069397	4.894748	4.1463556	4.136044	3.7365477	5.038283	4.465425	4.6321816	4.61726	5.186695	4.2235727	4.3708944	4.3254046	3.8183901	5.0580235	4.6876826	5.0752807	5.76727	5.2544937
VAV3_10150	3.4622953	3.4089699	4.238368	3.591516	4.1368527	3.6504412	3.4919653	3.9010189	3.8481479	4.2708697	3.64017	3.707994	3.574956	2.7588696	4.1453104	3.4032214	2.631737	3.319303	4.301462	4.0143003	3.1457682	3.8924706	3.8005724	4.2228994	4.175426	3.1708984	3.9636366	4.879691	3.348533	2.9963596	3.2595172	4.3485374	4.1356883	3.7764044	3.4257977	3.7286186	3.2381685	2.3917863	3.8187468	3.5770605	4.485623	3.8933966	3.1675818	3.9621353	4.0071836	3.1024148	3.6070757	4.4606056	4.1753836	4.9231877	5.19832
VCAM1_32349	5.7393622	7.092846	6.7581844	6.434448	6.8178287	6.0040355	6.0639014	5.8655496	7.2135086	6.172051	7.250162	7.376639	6.7526307	7.230366	7.1405435	6.632145	6.7136183	6.5049095	7.106301	7.0785303	7.2602215	5.925459	6.134154	6.007399	7.286979	6.7604184	6.524928	5.946529	6.7653203	5.7478323	6.813731	7.5062737	5.2518272	7.659924	5.770984	7.5690427	6.265354	7.044198	6.315891	5.971486	6.011131	6.271126	6.7194643	5.5073466	6.3980784	6.1431627	6.632014	7.2538877	6.672242	7.045002	7.022516
VDAC1_32318	9.620825	9.151504	9.007583	9.111122	9.626083	9.18473	8.977352	9.750457	9.536855	9.213799	9.09395	9.154099	9.537917	9.2720375	8.738423	9.017648	8.917806	9.1184225	9.61524	9.713066	9.298818	9.861805	8.81589	9.032964	9.018184	8.631662	9.52211	8.802695	8.690524	8.683905	8.927033	9.398158	9.27407	9.438043	9.536115	9.469618	9.000982	9.377459	8.7258835	9.403026	9.341627	9.587739	9.396722	9.118888	9.033515	8.980979	10.241102	9.597884	9.262175	10.047905	9.5583105
VDAC2_10151	9.339394	8.7127075	8.96783	8.952772	9.221276	9.159682	8.820302	9.280917	9.021583	9.01022	8.952922	8.986161	9.496466	8.925974	8.733511	9.070016	9.131518	9.002713	9.458726	9.306395	9.147269	9.29781	8.946221	9.037014	9.054423	8.853882	9.325061	8.907043	8.880592	8.845861	8.985901	9.202967	9.390641	8.833829	9.226458	9.248053	8.884978	9.070584	8.812574	9.152154	9.319244	9.412988	8.718957	9.303379	8.832185	8.809687	9.153776	9.205188	9.110804	9.681658	9.304278
VEGFA_32415	9.422781	8.344017	8.761133	8.728003	9.157098	8.649792	8.132898	9.161137	9.211965	8.503298	8.466155	8.308509	9.466565	8.310395	8.5859785	8.858033	8.375773	8.689236	9.566759	8.90472	8.739056	9.667281	8.04577	8.533973	9.048094	8.327521	9.239693	8.633939	8.553798	7.924621	8.5989	9.149288	8.75497	8.478486	8.92138	8.176852	8.213869	8.647553	8.469343	9.493343	8.971058	9.181959	8.369304	8.592674	8.574296	8.282814	9.989225	9.088691	9.140195	10.271372	9.2379055
VEGFB_32839	7.9297748	7.553247	7.632245	7.7061653	7.675485	7.7952437	7.7712584	7.78743	7.697252	7.734103	7.5104823	6.9269776	7.904578	7.1655927	8.047115	7.698781	7.549787	7.6437254	7.482394	7.3572297	7.5105495	7.4650497	7.6242294	7.663696	7.9159656	7.717623	7.8483486	7.7750354	7.594669	7.264733	7.837126	7.682893	7.7263937	7.692929	7.7969174	7.3249307	7.691447	7.5264983	7.6352096	8.139959	7.748397	8.107986	7.8544674	8.14583	8.214521	7.8413844	7.516272	7.97564	8.189188	8.233275	8.152476
VGLL4_10152	6.967132	6.111764	6.546604	6.811	6.9583597	6.1204476	6.048024	7.240622	7.158845	6.677778	6.4070215	5.88456	7.3084984	5.8950763	6.113404	6.643709	6.1903286	6.48279	7.186924	7.012309	6.5490003	7.5233784	6.3378634	6.236011	7.175253	6.476816	7.041336	6.9788213	6.468817	5.570835	6.331431	6.8374877	7.0957203	6.573928	7.0045123	6.779598	6.151439	6.734624	6.4347353	7.6922665	6.6967535	7.1798463	6.3674603	6.738026	6.314226	5.5613623	7.491577	7.458604	7.2321525	8.223867	7.1164484
VIL1_33160	7.765709	7.6253223	7.6657605	7.7562017	7.444059	7.868419	8.035609	7.427446	7.142839	7.501674	7.458518	7.224873	7.315578	7.230366	7.379406	7.7043138	7.485487	7.6830587	7.186924	7.274893	7.245369	7.353719	7.6948004	7.342237	7.143938	7.8318696	7.5279846	7.3691025	7.7003975	7.7169576	7.430724	7.2379847	7.6547313	7.3587074	7.684236	7.138193	7.695969	7.21892	7.5323467	7.6967463	7.329208	7.3529186	7.233053	7.868139	7.786914	7.585665	7.16292	7.599276	7.493587	7.803086	7.397841
VIM_10153	6.055879	6.2549634	5.525908	5.4751353	6.119614	5.6747184	5.0538516	5.7664127	6.36102	5.5472465	5.901447	5.1878657	6.3998117	6.1673594	5.8484855	5.5392637	5.600567	5.4540567	6.2726393	6.5109353	6.1310315	6.3170686	4.827329	5.1542134	6.3243966	5.130347	5.9093494	5.4377456	5.7785215	4.690261	5.913049	6.4564223	4.9168887	5.5380054	5.1622505	5.960745	5.1186843	5.738574	5.2499304	5.602796	5.2243943	6.381839	5.4892755	4.9150934	5.531057	5.1494794	6.632014	6.034634	5.7638955	7.161282	5.925261
VKORC1L1_10156	7.1188707	7.3484507	7.8176055	7.7757406	7.039712	7.597082	7.441288	7.051446	7.158845	7.0967274	7.1947722	6.944753	6.7209873	7.11503	7.1181035	7.327876	7.5836883	7.364095	7.28342	6.8320975	7.318147	6.23567	7.5558734	7.1158648	7.2134647	7.3498163	6.9469256	7.1933627	7.367418	7.1669054	7.4693213	7.381464	7.83013	7.444269	6.948691	7.0149336	7.466441	7.162998	7.051806	7.3551784	7.2968445	6.873727	7.1074	7.3217683	7.3051324	7.5752654	5.9518213	7.3027186	7.670198	7.0016165	7.557077
VLDLR_32971	6.6053166	5.6412954	5.750778	5.8331466	6.533206	5.5378633	4.920685	6.50509	6.0537825	5.480567	5.8122478	5.9910464	6.6666555	5.8749585	5.275988	6.105509	5.1049194	5.476618	6.777552	6.4497013	6.3825088	5.6602483	4.7478533	5.3229513	5.942902	5.130347	6.209625	5.3285346	4.804568	4.45546	5.4033947	6.3962483	6.1226673	5.918931	6.1840134	5.420078	5.998764	6.031859	5.4323974	5.730625	6.1334643	6.070855	4.7675343	5.5751214	4.8469296	4.9705873	5.7500625	6.291233	6.157983	6.7712913	6.149205
VNN1_10157	9.29582	9.089152	9.41646	8.740485	8.555068	8.912228	9.584247	8.681779	8.534202	8.454911	8.52909	9.165515	8.9592085	9.426882	8.750632	8.992996	8.637546	8.73674	8.372646	8.3694515	8.6767645	7.287943	8.683327	8.5846615	8.331827	9.084129	9.357537	8.782131	8.865518	9.034766	8.809105	8.931263	9.557118	9.32829	8.889968	9.383473	9.442928	8.947712	8.940275	8.971703	9.5577965	9.10537	10.10645	9.616498	10.244299	10.044132	8.3011875	10.817013	10.272658	9.68509	10.244534
VPS28_10158	6.949243	7.9257097	8.195788	8.020582	7.5083485	7.686132	7.891798	7.490929	7.2735453	7.456127	7.696452	7.9388857	7.1352715	7.6290536	7.982333	7.720786	7.9296	7.716617	7.263279	7.1875706	7.4727926	6.922239	7.811779	7.393685	7.925205	7.8233953	7.4208345	7.8832636	8.059534	7.868275	7.7665596	7.251634	7.1286473	7.421944	7.485605	7.5690427	7.7835536	7.362387	7.8817725	7.7537503	7.542978	6.9743366	7.7320857	7.6910872	8.051451	7.7838373	6.7780304	7.593681	8.009743	7.747266	7.958972
VPS37A_10159	7.3271375	7.1831737	7.1463366	6.7130575	7.1242003	7.0014534	6.8574367	7.1879606	6.8093333	6.8103843	6.8269396	6.988257	7.0697885	7.329789	6.8359118	6.9901857	7.1877832	7.024586	7.158125	6.8511662	7.1687236	6.23567	6.83751	7.061228	7.3906713	6.8549147	6.640038	6.700647	6.844334	6.8744364	6.872512	7.3244815	7.245835	7.022748	7.1388574	6.8534155	6.7816024	6.923172	6.5356936	6.777437	6.9755735	7.1172123	6.802901	6.5146003	6.999869	6.9027653	6.386247	7.0726833	7.133302	7.2318177	7.301141
VPS72_10160	6.1683993	5.2126517	5.686919	5.5899563	6.0427637	5.607913	5.1757584	5.745741	6.13694	5.7305746	5.1163464	5.2747564	6.4649367	5.2511215	5.2208934	5.7888093	5.1049194	5.703967	6.425463	5.96337	5.634403	6.4189134	5.5901318	5.543986	6.0649586	5.3109226	6.021693	5.351048	5.4142623	5.1658797	5.6247144	6.0031385	5.7936397	5.558617	6.2113805	5.623653	5.6529994	5.699796	5.559904	5.8318434	6.1624928	6.702971	5.3946424	6.0423293	5.3463845	5.231241	6.418047	5.680686	6.084289	6.9794245	6.2631183
VWF_32396	7.603618	7.7379813	7.9684715	7.865098	8.768187	7.1959434	8.548532	7.7463965	7.635677	7.372787	7.0225472	6.80577	7.648366	7.470505	7.0327015	7.1927023	7.104606	7.2703595	7.0209045	7.8257527	7.318147	6.9308844	7.287362	8.203678	8.044472	7.4902678	6.9711137	7.848082	7.721482	7.3699374	6.6214895	7.448185	7.0705223	7.183996	7.736976	7.3442626	7.367866	8.46304	7.051806	6.751835	7.800112	8.773473	6.4067855	8.138382	7.4820714	7.9459887	6.0632715	7.9583273	7.459017	6.6264787	7.992391
WARS_33156	5.9874086	5.442835	5.6427197	5.7565494	5.686433	5.759237	4.9551463	5.7247686	5.5939345	5.9102006	5.848592	5.5315666	6.055333	5.769933	5.134093	5.7465315	5.665324	5.5844164	5.92492	6.04844	5.9955854	5.779924	5.0424438	5.183743	5.662621	5.6352787	5.731974	5.3285346	5.3722186	5.8089814	5.6247144	5.9029036	5.8735137	5.9659815	5.960323	5.685592	5.1715937	5.3945365	5.2060456	5.798887	5.8420067	6.1973515	5.2933636	5.4840283	5.480661	5.4057236	5.9518213	6.018019	6.320856	6.308196	6.0886884
WASF3_10163	3.244892	3.7896457	2.2885845	3.1869333	3.8783808	3.3569534	1.3012427	4.291709	4.0675077	3.5311098	2.4061391	2.8143709	4.608436	2.9246228	3.6569836	3.6060004	2.9416285	3.104337	4.5433693	4.522376	3.4861639	4.027579	4.2094064	3.9060543	4.112109	2.3228042	4.403563	3.5538383	3.2590787	2.6845412	3.1370003	4.2431602	2.3065865	2.942179	3.7582223	4.075639	3.2381685	2.5743628	2.8620489	3.652791	3.6340072	4.764509	2.1448007	3.2855973	2.87763	2.9816122	2.241367	4.1304426	4.336409	4.8598094	4.208934
WBSCR22_10164	5.9519153	6.177169	6.2842574	6.150005	6.533206	6.3693056	6.048024	6.045465	5.947221	6.393597	5.848592	5.6227255	5.9681687	5.8950763	6.324129	6.3368278	6.0995126	6.3667994	6.231763	6.411673	6.209652	5.925459	6.492152	6.3445787	6.4954247	6.023446	6.037051	6.126958	6.145973	6.0810037	6.451968	6.0191875	6.520164	6.447012	6.2113805	6.5982523	6.510959	6.062749	6.2087803	6.616529	6.1038394	6.368456	6.2854395	6.4914	6.527835	6.376678	5.6464868	6.435844	6.535147	6.411262	6.7761626
WDR1_10165	6.836985	6.661466	6.312746	6.4221015	6.799259	6.242916	5.931703	6.5173383	6.6710877	5.959999	6.331991	6.40469	6.5393944	6.5309825	6.2014203	6.001489	6.145635	6.266787	6.2726393	6.318837	6.3825088	5.9930673	5.896876	6.1637588	5.942902	5.867325	6.5139933	6.1006265	5.9455237	6.0133305	6.2450876	6.644058	6.292108	6.8411818	6.377631	6.671508	6.469302	6.43745	5.7853956	6.4028654	6.4003987	6.368456	6.1296253	6.1350684	6.080421	6.225273	5.5154285	6.589932	6.524041	6.59763	6.7470894
WDR12_10166	4.992609	5.047582	5.1372876	4.5756903	5.0330415	4.7653375	5.1462336	4.551971	5.2498713	5.2597675	4.581123	5.0302987	5.455769	5.1542892	4.722804	5.075982	4.2900763	4.654311	5.3686395	5.224292	4.909152	5.2268753	4.7881384	4.8199863	5.197285	4.8254848	4.9494805	4.644765	4.7064605	5.256475	4.936795	5.232359	4.42794	5.160505	5.1050344	4.5000987	4.853174	5.1575513	4.7667	4.5153155	5.380791	5.4121404	4.350009	5.0796957	5.067844	4.76633	4.856158	4.8838315	5.376327	5.659735	4.8057513
WDR43_10168	7.394788	7.682751	7.9183707	7.589566	7.5753627	7.4071393	7.8512025	7.38797	7.1746755	7.244703	7.458518	7.3096266	7.315578	7.4297123	7.621983	7.313467	7.4491673	7.4233646	7.482394	7.094621	7.4599843	7.321206	7.840797	7.275234	7.929803	7.468694	7.4031644	7.346871	7.7829466	7.6955276	7.7193027	7.789666	7.238312	7.659924	7.2219386	7.0545955	7.5081797	7.4584374	7.4263725	7.30911	7.575718	7.3185344	7.5063047	7.529647	7.507465	7.779314	7.5644293	7.701664	7.7390494	8.264201	7.849249
WDR61_10169	6.1989994	6.077915	6.2842574	6.222989	6.328286	6.3693056	6.400391	6.045465	6.4931445	6.3814654	6.454958	6.630151	6.4262156	6.4242783	6.2843747	6.5968847	6.3951225	6.4143205	6.203854	5.998002	6.524604	5.817707	6.7687106	6.3445787	6.568005	6.255322	6.0672855	6.4936323	6.6730947	6.702471	6.3173943	6.081656	6.349101	6.4580255	6.2646046	6.5323577	6.5211883	6.506485	6.2417564	6.391857	6.1480513	6.2420673	5.8446903	6.1647024	6.515372	6.658653	5.18667	6.645074	6.6922235	6.1843195	6.5702605
WDR77_32860	5.0608387	5.3607593	5.038404	5.094401	4.8999376	4.7653375	5.6455216	4.927277	4.988441	5.177961	5.2581925	4.8533883	5.1735487	5.2195606	5.103959	5.075982	5.412163	5.384176	5.030208	5.0700746	5.2440352	4.982656	4.9026546	4.893314	5.1664495	4.755942	5.319691	4.68076	5.0642633	4.690261	4.6536613	5.507305	4.5785313	5.160505	4.9833093	5.623653	5.295953	4.564156	4.673095	4.5153155	5.1393414	4.9909906	5.578081	4.9495506	5.259379	5.0922785	5.304778	5.7627587	5.539633	5.9457407	5.4832788
WDTC1_10172	8.436164	8.039998	8.46055	8.278587	8.552299	8.448143	8.276081	8.801792	8.537266	8.295951	8.221364	7.995414	8.599078	7.901851	8.093863	8.390125	8.027275	8.353628	8.658793	8.308672	8.494078	8.346074	7.995042	8.392553	8.609098	8.531173	8.482607	8.511864	8.16488	7.8920207	8.439555	8.398762	8.542328	8.240913	8.555513	8.212355	8.238876	8.307305	8.275953	8.583857	8.49414	8.385511	8.230992	8.587213	8.522303	8.402354	8.27827	8.59275	8.398258	8.861821	8.618908
WFDC2_10174	3.8181863	3.7034745	3.472876	3.757939	3.8058178	3.3569534	2.2206478	3.6571705	4.0675077	3.696925	3.4639611	3.0946846	4.1189895	4.127788	4.3127503	4.686358	4.234252	3.21582	3.944735	3.872183	4.4722605	3.8924706	2.8251235	2.6216867	4.966166	3.5453217	4.0868177	3.4740329	4.6371417	3.470145	3.2595172	4.00606	2.3065865	2.6664317	4.3072	4.863822	3.4240882	3.538559	3.2555978	4.7745934	4.340757	4.339885	3.8766885	1.9697882	4.4353356	1.618053	4.249509	4.6010923	4.336409	5.659735	4.4684386
WIPF2_10177	2.6772566	2.0728946	1.7361541	2.2280116	2.5968776	2.6765726	1.9740967	2.4973207	2.7044885	2.3851907	1.6554753	2.8143709	2.0423498	2.7588696	1.9647921	2.533521	1.9891841	2.9835122	2.2015305	1.7110134	0.8359691	2.6095028	2.6612716	2.4378424	1.3514621	2.9395516	3.1124566	3.2998173	1.7864426	1.3511056	2.505423	2.197697	1.366725	3.173584	2.5541615	1.9574919	1.559129	2.3917863	2.475174	3.013504	2.4007041	2.4906006	3.1675818	3.486698	2.87763	2.704639	3.4518747	2.6448896	3.9941003	3.5950627	2.9183865
WIPI1_32665	4.806423	5.012174	5.003877	4.483641	4.828478	4.7238755	5.314946	5.4459786	4.8375063	4.467322	4.9590178	4.4672427	4.9369683	4.8993344	4.3645067	4.5455074	4.445652	4.346635	4.8256583	5.003455	4.6631584	5.3087573	4.6197734	4.2786994	5.0015373	4.0884933	4.58169	4.015055	4.6722174	3.6591327	4.740381	5.5521173	3.999912	5.3379145	4.951203	5.211334	4.2110767	4.380197	4.465425	4.9042015	4.8130383	4.9556274	4.6413255	4.3708944	4.678297	4.294727	5.733308	4.8085413	4.6943884	6.2099605	5.22668
WRB_10178	2.8414288	2.7252557	2.5015457	1.9810864	3.0380745	2.9881048	3.2907877	3.7431152	3.4916236	3.1283326	2.897397	3.216753	2.6912055	2.7588696	3.0459516	3.2900343	1.6904588	2.851636	3.8031044	3.5374908	3.1457682	2.772292	2.6612716	1.6821929	3.3660054	2.663887	3.2240188	2.0565722	3.348533	2.2861977	3.3724391	3.7221797	3.7687938	3.062516	2.8610861	3.1587603	3.8705926	3.3510835	3.0722015	3.4971333	1.6509043	3.8166342	3.340016	2.2161078	2.87763	2.8497622	2.5780368	4.001153	2.8876398	3.3403132	3.4859993
XBP1_10179	7.313218	5.856228	5.750778	5.242175	6.6621165	6.382689	5.535951	6.5294833	7.051482	5.9435897	5.8664265	7.0795836	7.475833	6.3533444	5.754622	6.392725	6.1903286	6.1024294	6.8513684	6.8416634	6.813498	6.998245	4.7881384	5.715534	6.6594257	4.891829	6.669901	5.723107	5.455116	4.8147464	5.578383	7.6523466	5.77296	6.447012	6.2776093	6.2475557	5.811424	6.931564	5.2925196	6.3469634	6.4947248	7.0006003	6.1413307	5.4362297	5.8615775	5.847225	7.526033	7.1661286	6.490202	8.050215	7.0062485
XDH_10180	10.026901	9.525668	10.000719	9.957745	9.916216	9.370842	9.16202	10.186965	9.94834	8.966221	9.748849	9.886991	9.783625	9.481124	9.40723	10.024019	9.651803	9.583493	9.55438	9.342216	9.859435	8.273157	9.23742	9.298916	9.09797	9.138084	9.755872	9.845362	9.096104	8.843428	9.336699	9.450877	10.005678	9.796902	10.091723	9.471084	9.989478	9.240633	9.699663	9.687025	9.933236	8.981176	9.475125	9.728634	9.767629	9.313719	8.413248	9.765271	9.204214	9.3766775	9.670956
XIAP_33225	3.8181863	3.1728475	3.2553017	3.4033608	3.3754735	2.6765726	3.2907877	3.2507074	2.8691986	2.3851907	3.4639611	2.0061407	4.357182	2.9246228	0.0	3.4032214	2.631737	2.9835122	4.1340966	3.7955046	3.0117643	3.0513556	2.6612716	3.298162	3.6596727	2.3228042	2.370703	3.2998173	3.5123456	3.1301692	2.2923298	3.3684063	2.3065865	2.1186442	3.225608	3.0373216	3.0246947	2.5743628	2.3191266	2.6195595	3.257194	2.987353	1.0981301	1.9697882	3.2825065	1.9105306	1.1653116	2.8084092	2.7418792	4.4068465	3.8196683
XPNPEP1_10181	7.1967483	6.7608137	6.81903	6.8848314	6.8452425	6.4350147	6.9796495	6.97358	6.8194385	6.26743	6.808607	6.815464	7.1511884	6.7566524	6.388045	6.796573	6.60776	6.6106896	7.083508	6.4867525	6.5848384	7.0467777	6.9747396	6.433304	6.5442147	6.8877983	6.9469256	6.2873096	7.0910883	6.8839407	6.490009	7.031949	6.9187703	6.6431136	6.8650017	6.498246	6.864281	6.364945	5.9407434	7.18068	6.5173736	6.603663	6.7427025	6.104813	6.646878	6.352522	7.5879183	6.937858	6.6621466	7.888929	7.07805
XPO1_32314	6.912786	6.638428	6.9335237	6.6719394	7.2594056	6.786701	6.0951414	6.656735	6.659884	6.726548	6.8450418	6.596812	7.0099463	6.767606	6.6186705	6.83743	6.8026733	6.493892	7.2767377	7.164889	7.019581	5.9426603	6.504295	6.711911	7.1038136	6.5088778	6.524928	6.777457	6.3867264	6.161362	6.6100197	7.1749115	6.349101	6.6998844	6.830118	7.1528854	6.469302	6.715312	6.481503	6.587876	6.959123	6.4721994	6.1872244	6.4194727	5.8417487	6.376678	5.327282	6.946664	6.9462905	6.753965	7.2258663
XPO7_10182	6.7975373	6.6267695	6.8090653	6.811	7.3451147	6.983998	6.848298	6.492738	7.0255284	6.801306	6.7712283	6.562684	7.1590815	6.789266	6.863154	6.6204867	6.8026733	6.73754	7.00482	7.2172694	7.0794263	6.9308844	6.7484355	7.00444	6.86545	6.410473	6.502975	6.591425	6.681727	6.5908284	6.6328692	7.0938787	6.6045094	6.671778	6.5483127	6.779598	6.70291	7.0823846	6.3864007	6.708128	6.8651323	6.7655716	6.7806196	6.4558845	6.7029076	6.808241	6.786176	6.7393107	7.225312	7.24428	7.093532
YKT6_10189	5.859162	6.4261546	6.225536	5.851677	6.499094	5.839077	6.1704044	5.7034864	6.1530113	5.9102006	6.017729	6.1978946	6.317571	6.3533444	6.187119	5.849991	5.8806224	5.9655747	6.1463623	6.345977	6.312984	5.3087573	6.0203876	5.566579	6.418999	5.6157823	5.8583884	6.0186195	5.9879036	5.726859	5.6017346	6.3839064	5.6192594	6.258303	6.0540004	6.3783393	5.5368104	6.047386	5.660887	6.138854	6.3633738	6.1354895	5.6121273	5.799495	6.1626387	5.6432977	5.304778	6.435844	6.2949557	6.3777184	6.368691
YME1L1_32545	5.7393622	6.7175016	6.7581844	6.563706	6.6204133	6.1676	6.3623786	5.9219184	6.6485925	6.3692307	6.7806644	6.662737	6.7209873	6.3533444	6.4611835	6.9901857	6.693059	6.5693035	6.8056774	6.626118	6.7517796	5.9080496	6.6643596	6.207543	6.7966385	6.16431	6.6991577	6.355706	6.6644106	6.531591	6.4390616	6.882048	5.0603204	6.4580255	6.2776093	7.6541233	6.336589	6.377285	6.0061803	6.4028654	6.4364977	6.4721994	5.7096953	6.330758	5.975145	5.9473953	4.249509	7.0401397	7.103769	6.902885	7.5626497
YTHDF1_10190	7.5090966	6.2397366	6.1798706	6.2511797	7.1016445	6.34216	5.513002	7.326654	7.158845	6.393597	6.1253333	6.4301515	7.531618	6.20007	5.830195	6.689062	5.9857874	6.2140546	7.5168295	7.4031754	6.67627	7.6544385	5.8405237	6.040056	6.86545	5.5759807	7.317714	6.3104706	5.2145944	5.1343713	6.0209208	7.138642	5.0603204	6.5328507	7.124533	6.8077245	6.013331	6.561593	6.031546	6.3123527	6.9340906	7.6798687	5.272226	6.3566666	6.028743	5.474491	7.105488	6.578646	6.2949557	8.204865	6.6457148
YWHAB_10191	8.960691	8.117018	8.133271	7.8140416	8.460738	8.017424	7.665966	8.893917	8.696516	8.312019	8.255602	8.15663	8.89449	8.361897	8.1279545	7.9569545	7.8667364	8.060697	8.709297	8.790824	8.352256	9.236363	7.3759346	8.1297455	8.489623	7.8360877	8.778251	7.92513	7.4251056	7.396743	8.034509	8.753202	8.656802	8.312442	8.5474825	8.605851	8.029103	8.471698	7.8956532	8.277895	8.555612	9.236386	7.7665052	8.514274	7.9110355	7.7928414	9.399231	8.55869	8.528998	9.9148855	8.2999
YWHAH_10193	9.013295	8.473327	8.237249	8.322426	8.598675	8.366299	8.241595	8.526838	8.531131	8.775437	8.164836	8.263184	9.074288	8.1522255	8.093863	8.3341255	8.261732	8.19601	8.9382715	8.817731	8.531288	9.383761	8.239808	8.553897	8.807005	8.15928	8.664188	8.13104	7.861027	7.978849	8.249353	8.622733	8.454152	8.247276	8.688049	8.399559	8.323138	8.491699	8.2024765	8.395543	8.4447775	9.17621	7.906839	8.493989	8.114781	8.311293	9.066176	8.413796	8.706493	9.546046	8.56717
YWHAZ_10194	12.419927	11.313558	11.238174	10.6334	11.581898	11.473349	10.934762	11.898595	12.084767	11.4440365	11.289969	11.500157	12.428097	11.643172	11.072311	11.279219	10.990666	11.116923	11.917016	11.968259	11.576152	13.284636	10.512047	11.067493	11.674244	11.198107	12.047135	11.058475	11.023304	10.432785	11.199534	11.985172	11.298782	11.446194	11.6095295	11.682942	11.177634	11.632869	10.935554	11.405538	11.702184	12.3808365	10.602977	11.405768	11.340931	11.175393	14.378971	11.621793	11.571474	13.63842	11.374038
ZDHHC6_10196	5.800505	6.2087917	6.0162854	5.8143754	6.3021464	5.9689736	5.9489055	6.0112324	5.8715396	6.4056277	6.0493007	6.0741496	6.0887756	5.991661	5.9536114	5.849991	5.843792	6.2140546	6.203854	6.1899643	6.047879	5.798939	5.933257	6.087696	5.84893	5.5759807	6.399831	6.126958	6.2541065	5.995904	5.931597	6.126794	6.1389203	5.9347854	5.9110994	6.3274393	6.027752	6.235367	5.6770506	5.8318434	6.1187277	6.5092573	5.507479	6.0582056	5.881137	6.0410595	5.281917	6.5090113	6.490202	6.2099605	6.624556
ZEB2_33022	4.7661185	5.7527604	5.038404	4.5756903	5.5816708	4.340703	4.88538	4.9635353	5.7071123	4.900378	5.736692	5.434257	5.7345986	5.3708825	5.612023	4.814672	4.445652	4.804542	5.7622194	6.1749077	5.679299	4.805945	4.5744224	4.996757	5.9964814	4.955256	5.215552	4.449943	5.141386	3.975925	5.2929645	6.468162	3.9269106	6.0411425	4.088493	6.415369	4.9772444	5.5767865	4.538021	4.5942683	4.737884	5.124364	5.206888	3.8929985	4.4353356	5.0019855	5.2110777	5.722306	5.424902	5.9609213	5.22668
ZFAND2A_10197	3.3576849	3.4089699	2.6870766	3.591516	3.8783808	3.1218095	2.2206478	3.9739296	2.304984	3.1283326	2.7514749	4.007672	4.052746	3.7400002	3.0459516	3.5081706	3.07473	3.104337	4.010656	3.872183	3.9194357	3.0513556	2.6612716	3.7568672	3.9035544	2.5034022	3.2240188	2.5983527	2.951679	2.2861977	2.6910543	3.8710911	3.493454	3.7042391	2.3721387	4.0125933	3.3341212	4.0510454	3.0722015	3.793278	2.8915966	3.8933966	2.9717042	1.9697882	3.1597538	2.5432677	4.249509	4.4606056	3.710393	4.4068465	4.150921
ZFP110_10199	3.5598304	5.181114	5.525908	4.894432	5.064483	5.0263414	6.0157356	4.812691	5.02383	5.030379	5.3112435	5.329906	4.782034	5.4814596	5.453767	5.32614	5.4371037	5.0348244	4.711368	4.9689555	5.3310165	3.2850893	5.3148055	4.6184916	5.1027284	5.045456	4.6631317	4.879691	5.5335073	5.448061	5.2344084	5.507305	4.069397	5.313867	4.664841	5.5141177	5.5368104	5.293981	4.9374495	4.5153155	4.61726	3.460776	5.161626	4.3708944	5.3463845	5.0922785	3.1824234	4.9200525	5.0752807	4.3153143	5.596273
ZFP131_10200	5.1883197	4.861155	3.9787362	4.964214	5.603241	5.584939	4.474693	5.311781	5.2794547	4.900378	4.3970623	4.8533883	5.4299054	5.3122444	4.3645067	4.3894033	5.252724	4.940594	5.1225443	5.4661126	5.564326	4.7678485	4.3772573	4.574581	5.197285	3.9706514	4.813399	4.8163805	4.4066367	3.826207	4.822182	5.176209	5.2814116	4.9581795	4.8503594	4.863822	5.1973376	5.069037	3.493234	4.9348626	5.2784324	4.919376	4.737002	4.3191257	5.1667876	3.8183901	5.003171	5.85919	5.0752807	5.7323084	5.6178474
ZFP318_10202	5.4899917	5.7527604	5.573774	5.125191	6.2207594	5.877399	5.367067	5.2544	6.2155647	5.568805	5.736692	5.434257	5.713314	5.656657	5.56855	5.587965	5.252724	5.5634913	6.071118	5.945737	6.0648975	4.5153666	5.82124	5.715534	5.9964814	5.286469	5.4630322	5.351048	5.514305	5.256475	5.2639832	5.9538913	5.2518272	5.7319584	5.4647717	5.685592	5.596074	6.314502	5.374102	6.0851936	5.805666	5.303817	5.0166383	5.140615	5.975145	5.474491	4.7601757	5.63783	5.855345	5.098155	5.872391
ZFP354A_10203	8.383851	7.806758	8.080402	8.342218	8.285036	8.311371	8.00715	7.9899707	8.242831	7.8354125	8.366283	8.710335	7.959846	8.479815	7.704629	7.924138	8.490419	7.8988905	8.418901	8.089334	8.512803	7.404263	7.892526	7.7302485	7.583909	7.901957	8.0320215	7.648968	7.2504387	7.6461134	7.9044003	8.273898	8.233526	8.145357	8.418393	8.320425	8.328972	7.5320277	7.7466226	8.420132	8.183162	7.858018	7.4415064	7.817733	8.085573	7.1885624	6.849738	7.9969926	8.503781	7.9624267	8.8911085
ZFP36_10204	5.2770433	5.87606	5.6649885	6.0731306	5.994609	5.359834	5.8607645	5.311781	5.685176	5.651956	6.00168	5.7494965	5.713314	5.3418612	5.2487035	5.5392637	5.7671843	5.2066154	6.338294	5.4157686	5.465258	5.817707	5.0753727	5.1240673	5.7894607	5.4273343	6.00617	5.395048	5.826018	5.2269044	5.2929645	6.081656	6.23277	5.7136955	5.770984	6.1483984	5.3428426	5.83119	5.2499304	6.015183	5.9624424	5.737723	5.560752	5.3356023	6.011097	4.802445	5.43482	6.161084	6.431977	5.930398	6.850944
ZFP367_10205	4.1667204	5.148872	5.450994	4.3853164	5.2672544	4.9918237	4.849189	4.2335076	4.988441	4.9989605	4.492026	5.217415	5.0431423	4.1942425	5.3290563	4.6409187	4.940225	5.09439	5.4891567	5.253251	4.791392	4.647124	5.2296066	4.9630933	5.3696184	4.955256	4.58169	4.8163805	5.0642633	4.965598	4.936795	4.2431602	5.127021	5.0772424	4.778989	4.933553	5.1186843	4.278601	5.0409975	4.669124	5.109838	4.9909906	4.3090825	4.9150934	4.6328683	4.8720703	4.295888	5.452413	5.134897	5.4389973	5.2544937
ZFP451_10207	3.122527	2.3245585	2.2885845	2.4387863	2.7594013	2.278697	3.0569396	3.2507074	2.304984	2.1763573	1.9512244	2.4661293	3.2596772	2.7588696	0.7873415	2.0680585	3.196582	2.1552784	2.5944383	3.335659	2.8640268	3.4861825	2.4763973	2.4378424	3.5682683	2.3228042	2.9915388	2.7415621	2.4024103	2.2861977	2.2923298	3.0312061	1.7520065	2.5058906	2.5541615	1.2880224	3.1353765	3.135555	2.3191266	3.3226266	3.457868	3.6496496	2.7449903	3.173454	3.0255773	2.704639	3.9922063	3.3230352	3.1412594	5.229319	3.662459
ZMIZ1_10210	8.723453	7.522119	8.051111	8.080728	8.810526	8.140701	7.410574	8.614962	8.8424015	8.30882	8.175605	7.799308	9.01028	8.00727	7.6166573	8.127264	7.737172	8.038121	9.195511	9.008157	8.359171	8.564595	7.4150496	8.334497	8.517381	7.8148713	8.814351	8.267484	7.465657	7.279211	7.807305	8.779352	8.6397705	8.228104	8.5121565	8.253836	7.963105	8.670297	8.179968	8.598294	8.7281475	8.985566	7.6968246	8.375437	7.8428473	7.8799214	8.786526	8.729148	8.833374	9.447098	8.61623
ZWINT_10214	9.125076	9.68733	9.670088	9.492431	9.191325	9.336866	9.886119	9.220398	9.223426	9.411691	9.30647	9.388089	9.00372	9.365122	8.415501	9.353177	9.536808	9.48817	9.040432	9.022947	9.255001	8.979375	9.714606	9.413958	9.352027	9.470736	8.946286	9.297379	8.615919	9.7782955	9.477474	9.059019	9.3563	9.600922	8.379716	9.296826	9.489256	9.484	9.348703	9.2695675	8.129041	9.151028	9.440015	8.235832	8.692484	9.586509	8.89972	9.358231	9.448455	9.546046	9.40233
