Chip: BioSpyder S1500_Rat
Provider: BioSpyder

=== Experiment Description ===
Experiment Type: In Vivo
Test Article: Perfluoro 3 Methoxypropanoic Acid
Species: Rat
Strain: Sprague-Dawley
Sex: Male
Organ: Liver
Chip File Creation Date: 10/31/24
Log Transformation: BASE2
BMDExpress3 Version: BMDExpress 3.20.119 BETA
Timestamp: 12/04/2025 07:38.05

Something	A36	A38	A20	A18	A33	A45	A44	A16	A15	A46	A41	A37	A30	A29	A8	A26	A40	A35	A1	A3	A12	A17	A42	A24	A4	A7	A11	A51	A32	A22	A2	A14	A39	A5	A6	A9	A31	A48	A21	A49	A47	A34	A13	A27	A28	A50	A25	A10	A23	A43	A19
Doses	2.5931726	3.3854282	3.5141387	3.6250265	3.628988	3.788687	3.7926803	3.815366	3.9186504	3.9751415	4.0292673	4.0892115	4.097743	4.112363	4.1832037	4.2116084	4.2200017	4.2352924	4.244742	4.3821325	4.388235	4.451598	4.464495	4.469871	4.505169	4.534491	4.557952	4.563557	4.599311	4.6583104	4.6593394	4.7262454	4.79782	4.8654995	5.006382	5.0213404	5.0354204	5.04631	5.096006	5.099319	5.1098113	5.1122093	5.137241	5.192965	5.2462397	5.279571	5.2816496	5.2856517	5.396859	5.6775246	5.966314
AADAC_7934	5.75113	7.715341	7.7486134	7.4127965	7.447993	6.1000614	7.665757	7.7077622	7.5982447	7.595909	6.9550576	6.5434766	6.263618	7.5219784	6.700421	7.3106027	7.3668995	7.7809114	6.278379	7.72306	6.6942115	7.110085	6.2531624	7.305486	5.9903183	6.400572	6.046291	6.8599706	7.2402997	6.2174373	6.863011	7.916136	7.775135	7.793644	6.915559	7.251612	7.9625926	7.6087036	7.217048	7.6974473	8.2837105	6.575417	7.7902427	6.106947	7.5837307	8.221692	7.044826	7.3249545	7.6730714	6.333063	7.545345
AARS_7935	8.618538	7.2196493	6.066645	6.887291	6.39906	8.601823	6.1826763	6.188416	7.7573714	6.211899	6.1100693	8.626101	8.533727	6.2227674	8.321476	6.1031203	5.8357673	6.075051	8.49729	7.8201303	7.9256234	6.540177	8.250364	7.638778	8.739818	8.445529	8.265595	8.393869	6.2940006	8.731583	7.5060887	5.554164	6.2032847	6.24927	8.009814	5.9414716	6.687074	6.8544564	7.3438745	6.580107	6.0201087	7.843732	5.963979	8.537894	6.317553	6.3786845	7.5140057	7.1051555	6.111148	8.460513	6.6357064
AASS_7936	8.7592745	8.638541	8.334448	8.785216	8.900441	8.571206	8.850031	8.95817	8.829872	7.944128	7.7820077	8.97006	9.115063	7.9097714	8.5571995	7.879532	8.319729	8.914465	9.38853	8.856377	9.220067	8.616609	8.987146	8.846961	8.398675	8.882308	8.631819	8.655844	8.212681	8.468782	8.153844	7.4974504	8.771838	8.338334	8.921059	7.990466	8.097235	8.787652	8.795531	8.723644	8.4443035	8.92213	7.94654	8.694775	7.930367	8.635521	8.287897	8.883956	8.118947	8.611284	8.255211
AATF_32691	2.0518599	2.8678937	1.9183995	2.5029805	2.8206856	2.1687598	2.951459	1.9899611	3.0110276	2.6036353	1.70226	2.8891323	3.0294778	2.7372885	2.7953992	1.9419785	2.5384767	2.4073083	2.5332706	2.7828603	0.775823	1.7539579	3.1422062	2.5451083	2.7541187	2.7802737	1.5525111	2.4159133	2.406994	1.8567106	2.5736196	2.7354863	2.570392	2.597612	2.3652024	0.58460927	2.6266706	1.8332981	1.5622083	2.1514747	2.5996156	1.8741015	2.4416173	0.7197537	1.4944088	2.7807593	2.4585013	2.2186248	1.1924393	2.3260906	2.838406
ABAT_32557	7.248186	7.7453012	7.171645	6.9586477	7.4604664	7.654338	7.5193663	7.3977656	7.071035	7.5883155	7.4587626	7.4054556	7.7861457	7.149701	7.415181	7.1223245	7.571249	7.6806917	7.4577265	7.518431	7.037014	7.0180016	7.7827	7.283261	7.540414	7.4469676	7.1575828	6.963858	7.147005	7.094644	7.181228	6.762041	7.4881225	7.1907	7.425713	7.3118296	7.315036	7.5408134	6.9546905	7.3368616	6.8985314	7.2518477	6.837255	7.1032467	7.199719	6.5691605	7.3361735	7.291691	7.2174215	7.499695	7.3952546
ABCB11_33142	9.395964	8.132985	7.178583	7.7971606	7.859394	9.090821	7.665757	7.432933	8.154148	7.4568787	7.269398	8.876774	9.225671	7.75749	9.047665	7.5335417	7.669197	7.2506227	9.106213	8.415444	8.759172	7.9991064	9.030988	8.871378	9.071381	9.263793	8.929378	9.11665	7.29272	9.1329155	8.40216	7.169031	7.447872	7.5597734	8.649946	7.0157566	7.9540143	8.060501	8.368136	7.7406635	7.645923	8.604111	7.503557	8.91377	7.335789	7.726181	8.846371	8.362705	7.2049065	8.765632	7.9913774
ABCC1_32904	1.8143951	3.200062	1.6252826	2.1159258	2.011671	3.1950624	1.5043167	2.1911569	2.8787735	2.6036353	1.4871172	2.6150863	2.919921	2.8829715	2.6512198	2.109709	3.0843768	2.2295449	2.8044732	4.039196	2.1892972	3.254318	2.0039802	2.5451083	2.6106799	2.7802737	2.621851	3.1225834	2.004529	2.482375	2.895092	2.8811386	2.8779507	2.9062183	3.2179284	1.9992051	1.6862907	3.0089254	3.4283133	3.0805616	2.992627	3.331059	2.4416173	1.8430203	2.5476058	2.297121	2.4585013	1.2997124	2.8927681	2.3260906	2.2300112
ABCC2_32541	5.6996546	4.4867115	3.4235945	4.346329	3.7147906	5.0209155	3.8550549	3.688074	4.761664	2.8265579	2.8701653	5.6900024	5.497773	4.331278	5.296251	4.0964723	3.1725283	3.2644873	5.2061815	5.1816163	5.4027786	3.574707	4.9869895	5.019585	6.004736	5.641408	5.974179	5.605918	3.198022	5.2615604	4.9640923	3.013425	3.0101936	4.501759	5.386482	3.3913584	3.5048723	4.550328	4.7570624	4.8057427	4.717334	4.445774	3.63202	5.0594006	4.214827	3.142335	4.8062587	4.6507454	3.7236884	5.16156	4.3271203
ABCF1_7945	5.4731483	4.3146935	3.679778	4.0880117	3.628988	5.4442406	3.8550549	3.5484548	5.1249337	3.7756202	4.144076	5.34806	5.399156	3.923187	5.2216306	3.178435	4.044227	4.0333714	5.2293878	4.994639	4.4831705	4.354535	5.509808	4.654355	5.7375817	5.1786733	5.4006453	5.097908	3.798159	5.2366967	4.768235	3.4468794	3.8487759	4.1376824	5.12557	3.5225942	3.8389206	4.8358083	4.721904	4.582081	4.2740407	4.8706985	3.5563867	5.1672235	3.047878	3.7438102	4.9023523	4.564248	3.411482	5.2145143	3.7990685
ABCF3_7946	5.493443	4.8119817	4.1996894	4.644416	4.424204	5.5376925	4.364126	4.365758	5.263986	4.1910696	4.6376967	5.2542853	5.497773	4.5651484	5.695968	4.1358805	4.925664	4.712268	5.3821487	5.2389193	5.1073456	4.0988927	5.411172	4.722014	5.666818	5.5439353	4.9068465	5.4556193	4.378299	5.3798304	4.9640923	3.9212065	4.1068897	4.1376824	4.8420568	4.168924	4.488219	4.8678265	4.313212	4.863757	4.1250777	4.703648	3.7038848	4.6401196	4.4727483	4.535035	4.7727504	4.8828907	3.7922184	4.79509	4.570675
ABCG2_32656	3.6955848	3.9532623	3.5993342	4.605421	4.204518	4.532545	4.3205805	4.1411605	4.326662	4.269137	4.6890273	4.2436	3.3996527	4.6891985	5.3672004	3.252017	4.13479	4.370112	5.3612914	5.059695	5.249167	3.8838544	4.6831694	5.3752427	4.830612	4.4072366	5.025772	5.322979	3.3879275	5.610228	4.30899	3.4468794	4.3257575	4.305072	4.488855	4.522548	4.825725	4.8030634	5.4368343	5.3431377	5.2362657	4.817136	4.4937305	4.8808637	4.586254	5.126309	3.5753076	3.6661186	3.980205	4.0923586	4.77899
ABCG5_7947	4.3131304	2.257008	2.8589911	2.1159258	1.7112163	2.7713106	2.2245977	1.7560883	2.8787735	1.823375	1.8894439	1.1900772	3.4790516	2.7372885	3.7596574	3.3220272	1.8765994	2.7081409	3.8843899	2.7828603	2.7435865	2.7430372	2.8119028	2.9355001	4.238611	2.4764907	4.5968914	1.769436	2.8125298	3.6778624	1.7976378	2.8811386	2.8779507	3.7302246	2.157111	1.5842559	1.3096737	0.71446705	1.5622083	1.7203709	1.1797101	1.0470449	2.0586884	3.4200125	3.4981349	2.0916321	2.617958	2.2186248	2.8927681	2.6673462	2.708643
ABHD1_7949	3.6237552	2.737684	2.1619017	2.8078547	2.472159	3.3678806	2.0220141	2.7958763	1.9352914	2.9263053	3.0379322	3.8537283	2.919921	2.5752249	2.6512198	2.7408507	3.7893128	2.0267587	3.318902	1.6806879	2.3986237	2.841842	4.3413258	1.773262	3.7149374	4.00006	3.4149964	4.855332	2.284903	3.52196	2.895092	2.3909085	1.6401663	3.038847	3.3214288	2.1691005	2.2317815	4.2437115	2.6341627	4.891912	4.1250777	2.3964808	2.7439313	3.3300724	2.3897877	4.4514565	2.7615314	2.6126575	2.2798173	3.7052414	1.5087776
ABHD4_7950	2.4342844	1.8155732	1.2570211	1.8748931	0.0	2.6425977	0.689121	1.1302094	3.243922	2.0168164	0.0	2.455695	3.2264056	2.3926249	3.3566325	1.275699	1.3803144	1.1570135	3.318902	3.1839569	1.9443585	2.2619886	2.8119028	2.008209	3.0042105	2.2966683	1.1946218	2.8607516	0.8958736	2.786402	1.9897953	1.2719984	2.3879235	1.2890483	2.5470278	1.8065978	1.3096737	1.8332981	1.5622083	0.6542548	0.0	2.0700042	0.0	2.4668374	1.4944088	0.72461534	2.074421	2.4290519	2.4591324	2.9431233	3.067424
ABHD6_7951	2.2557068	2.053109	1.6252826	1.5853512	2.967741	2.6425977	2.8324869	2.1911569	2.3886938	2.4777672	2.956486	2.455695	1.7605959	2.1835182	2.1047523	2.6348078	2.6654315	1.7907331	1.7631619	3.0622413	1.2775879	2.9343114	2.3827975	2.38735	2.0677924	2.2966683	1.8390311	3.1225834	1.4443876	2.0966876	1.9897953	3.1345942	2.1789894	2.204507	2.157111	1.9992051	3.5959105	3.6479805	2.778033	3.4268885	3.4754093	2.0700042	2.2628205	2.0821931	2.3897877	3.2451882	2.617958	2.2186248	2.2798173	2.506785	1.7911546
ABL1_7952	3.548161	2.053109	1.2570211	2.3223944	1.7112163	3.661585	0.689121	1.9899611	2.8787735	1.0112327	1.4871172	3.1193392	3.315628	1.2732412	2.6512198	1.275699	1.6496927	0.6915133	3.6291769	3.6740434	3.2548962	1.2772086	3.4902585	3.0452297	3.9113815	4.217966	3.1264923	2.8607516	0.5163865	3.1481903	2.6889215	1.2719984	2.1789894	2.7601511	3.1064248	0.58460927	1.9846656	1.8332981	1.8496284	0.6542548	2.0577211	3.0813484	1.1804214	2.9009168	0.6833182	2.911615	3.011828	2.7755125	1.1924393	3.174549	2.027206
ACAA1A_7954	7.5046477	6.13545	5.368437	5.850239	6.437425	8.57562	6.0556335	6.1160746	6.1903405	8.161851	7.5343857	6.592201	6.671139	6.07897	6.780584	5.3163295	6.4699574	6.542978	6.560441	6.0379024	6.243697	5.8916993	8.6917925	5.838562	7.1113987	6.918927	6.674893	10.016802	5.488565	7.135569	5.9865913	5.417558	6.042685	5.2948856	6.5504937	5.6994	5.616557	9.912287	6.4200845	10.546106	9.722745	6.2910557	5.1110473	6.960675	5.763224	9.889309	5.9843163	6.770473	6.111148	8.884773	5.5207915
ACAA2_7955	11.843179	12.376377	12.234042	12.015184	12.48053	12.2908	11.936086	12.203045	12.1480465	13.068221	12.58165	11.635161	10.901094	12.1463785	12.063417	12.170496	11.890224	12.549438	11.247174	12.059763	11.906732	12.171138	11.981008	11.5557995	11.582925	11.105575	11.676284	12.788792	11.534627	11.23665	11.53737	12.244629	11.7344055	12.180204	11.467678	12.250127	12.086903	13.429126	11.548984	14.069509	13.474528	11.318075	12.059852	11.657176	12.077609	13.956989	11.52337	11.872591	11.902467	12.258358	12.338737
ACACA_32532	6.711925	6.055713	5.1876664	6.109099	5.0374327	6.9400506	5.0102134	5.433164	6.867979	5.109188	5.807358	7.4850183	8.13462	5.294991	7.57358	4.2835584	5.3223767	5.4407325	7.697093	6.5491133	6.973027	5.981123	7.359301	6.929708	7.7258873	7.4947023	7.311829	7.4665627	5.24837	7.3935223	6.378858	4.801377	4.722696	5.8037276	7.3358693	4.7269006	5.928219	5.981055	6.8527384	6.672274	5.7417493	6.924707	4.9130273	7.6456256	4.7575912	5.4826813	7.5735974	6.6910577	5.183811	6.8589854	5.923084
ACADL_32776	4.709909	4.6403866	3.111882	3.3697603	4.0807066	5.0209155	3.512115	4.235235	4.4714575	4.343196	3.7194197	4.5502152	4.737421	3.854183	4.424094	3.735168	4.090219	3.7333038	5.2293878	3.9040134	4.5722427	3.9295027	4.9869895	5.0980773	5.14887	4.4933076	5.187583	5.5770845	3.2641406	4.6203685	4.196571	2.7354863	2.570392	3.6495402	4.1938534	3.1689827	2.9363732	5.278421	4.3597	5.050195	4.9418035	4.2167525	3.7038848	4.9428635	4.1174774	4.9548087	3.9195037	3.965136	3.7922184	4.6488495	4.1384206
ACADM_7957	10.002068	8.802222	8.091427	8.664733	8.683501	10.11398	8.606631	8.554971	8.8696165	8.67696	8.344917	9.691784	9.811269	8.609865	9.630517	8.015158	8.6938505	8.583141	9.76813	8.925636	9.689454	8.34907	10.033758	9.1189165	10.033591	9.667099	9.5392	10.366103	8.307839	9.551097	8.819298	8.060761	8.4231205	8.431768	8.943539	8.213263	8.407938	9.558479	8.752625	9.756802	9.431697	9.053874	8.11746	9.662264	8.500141	9.668823	9.07835	8.974781	8.267759	10.086902	8.816129
ACADSB_7959	5.940423	6.6056986	6.363101	5.8994265	6.2051535	6.4079103	6.2653866	5.9732223	6.1903405	5.952752	5.660788	6.1335855	6.274787	5.985267	6.3727903	5.6515374	6.3709626	6.7549667	6.1746016	6.4063444	6.071065	6.3349786	6.464676	6.3145776	5.885148	6.0204997	5.8667536	6.127289	5.5692406	5.8256187	6.0951004	5.698733	6.4561114	6.499964	6.0901766	6.128238	6.1396775	6.3866925	6.2577295	6.424969	6.0752954	5.9111943	5.8258595	6.173109	6.6918845	6.2361183	5.878028	6.9770937	5.7977653	6.1548753	6.088735
ACADVL_7960	9.533395	8.103547	7.390617	7.8057866	7.896589	9.266266	7.4753685	7.691259	8.332229	7.7937665	7.7879057	9.071492	9.169931	7.835639	9.230032	7.3149014	7.789076	7.9872947	9.15399	8.744587	8.960269	7.748387	9.222041	8.480139	9.438294	9.371415	9.116877	9.984229	7.64263	9.254014	8.378736	7.278268	7.5600185	7.6192446	8.538904	7.5688014	7.5720816	8.376488	7.9974513	8.865282	8.591167	8.641187	7.3663454	8.981803	7.560768	8.656668	8.278975	8.2837	7.387654	9.155786	7.8407784
ACAT2_7961	5.3224826	4.8752856	3.5993342	4.605421	4.014574	3.661585	3.587535	4.794435	4.6443586	3.3420844	4.0292673	4.2915974	4.704761	4.052019	4.8445063	4.318231	3.7893128	4.086562	4.834698	4.102316	4.4831705	4.138305	4.2066507	4.6192975	5.1746025	4.3621955	4.7077756	4.341534	3.5019276	5.9378533	3.6878698	4.223962	4.22047	4.251405	4.2990336	3.753906	4.8628597	3.6479805	4.791384	4.231731	4.881152	4.335803	4.4526014	4.6401196	4.166973	4.268201	4.386319	3.965136	5.0502715	4.6488495	4.712838
ACD_7963	2.8664734	2.737684	2.552146	3.77313	2.967741	2.9986892	3.0613632	2.3676975	3.3476372	2.719398	2.8701653	2.6150863	2.1961572	2.8829715	2.4910152	2.8396301	2.5384767	2.2295449	2.8044732	3.831355	2.581391	2.7430372	3.1422062	3.0452297	2.451389	2.7802737	2.765496	1.769436	2.6239645	2.482375	3.1578226	2.3909085	2.570392	0.7839461	2.853671	2.1691005	2.7898166	3.0089254	2.4743395	3.1752434	4.226075	2.2424579	1.5358759	3.0207527	2.2125611	3.5159345	2.617958	2.9218345	3.411482	2.506785	2.5660443
ACLY_7965	7.6563563	8.371207	7.591129	8.138426	6.015299	8.033765	7.833925	8.632651	9.176476	6.91701	8.871908	9.261222	9.238563	6.2896256	8.887943	7.0673313	8.005545	7.851757	8.906537	7.937282	8.500118	7.890772	8.503541	8.027701	8.486047	9.020984	8.425567	8.633263	7.023593	9.338237	8.188548	7.5198693	7.114847	7.9407644	8.528126	7.4040875	8.671311	7.9110203	8.924838	9.194031	8.155135	8.852285	7.5771604	8.780044	6.3500595	7.989562	8.801382	8.252921	7.872201	8.17009	7.844645
ACO1_7966	7.1038523	5.4950523	4.494753	5.2610955	4.424204	6.818694	4.982539	5.074458	6.1763225	4.343196	4.215834	6.846328	6.48172	5.395548	7.05582	4.174241	4.339067	4.8103905	7.334726	6.668628	6.684255	5.155557	6.63169	6.2357554	7.2265854	6.987266	7.0424047	7.647331	4.436806	7.0237446	5.5565214	3.9212065	4.9372616	4.935233	6.0455284	4.2843966	4.580281	5.7079153	6.0466185	5.936621	5.352524	6.124657	4.177663	6.44357	4.657249	5.9467025	6.4653163	5.4634604	4.993191	6.79957	5.501328
ACO2_7967	2.5931726	2.257008	2.713711	2.3223944	2.472159	3.7265353	3.3483052	2.3676975	3.0110276	2.8265579	1.70226	3.2219887	3.0294778	2.3926249	3.2605107	1.5335042	1.8765994	3.2644873	3.1345234	3.4974551	3.0217755	2.7430372	3.326703	3.2424362	3.5673409	3.4306927	3.5795677	3.8571408	2.5195544	3.251095	3.07545	0.77186805	3.0101936	1.9587818	2.9855762	1.3212922	1.6862907	3.49237	2.6341627	3.4268885	3.4754093	3.0813484	2.99374	3.3300724	2.2125611	2.911615	3.2250526	3.0546732	2.762189	2.9431233	2.838406
ACOT12_32718	8.846664	7.723965	7.3965797	7.4681854	7.9725804	8.83324	7.552683	7.270237	7.6034923	7.4145637	7.230949	8.060384	8.464693	7.8176284	8.391225	7.2263947	7.362221	7.832424	8.51864	8.025416	8.107982	7.8107014	8.67701	8.298151	8.75908	8.450916	8.159041	8.821727	7.8234496	8.157177	7.6903467	6.762041	7.5327883	7.8933716	8.334494	7.1333737	7.2879868	8.328399	7.607356	8.2747555	8.102974	8.052246	7.132446	7.9883337	7.7873535	8.421598	7.887176	7.975552	7.622211	8.325609	7.752983
ACOT2_7969	4.2667212	2.987318	1.9183995	3.0594068	2.011671	3.3678806	2.8324869	1.7560883	4.1656966	1.823375	2.5750768	3.4076753	2.919921	3.2482674	4.4677963	3.3887968	2.7821121	3.1690745	3.8843899	3.2961977	3.0217755	2.5224707	4.0049734	4.010254	3.8488257	3.5154157	3.65531	6.5094476	2.004529	3.8840604	3.2357452	2.1818647	2.8779507	2.7601511	2.5470278	2.8064463	3.5048723	3.9763792	3.242334	5.3017626	5.5794387	2.9874854	2.7439313	3.6604056	3.1498733	5.7853985	3.3209047	2.2186248	2.075009	3.9117455	3.7990685
ACOT4_7971	4.117802	3.7655318	3.111882	3.4599617	4.318538	3.661585	3.0613632	3.6199527	4.047455	2.6036353	3.448644	3.3178172	2.8013556	3.2482674	2.7953992	3.971344	3.2556021	3.7985182	2.9230795	3.0622413	2.889376	3.391122	2.5404441	4.010254	3.4029047	2.6363633	3.65531	4.306832	3.4460533	2.6423824	3.3096738	2.7354863	3.917761	3.1603029	3.1064248	2.5840793	4.284343	3.6479805	3.242334	5.1928163	5.396525	2.6625395	3.4765677	2.7702174	3.2451313	5.641965	3.3209047	2.9218345	3.1230586	2.8118143	2.9574547
ACOX1_7973	8.549949	7.6579943	6.5985913	7.0845013	7.454243	8.405066	7.38313	7.225093	7.709503	7.6911545	7.6162205	8.257542	8.158935	7.2130766	8.251312	6.793156	7.470517	7.2564373	8.31406	7.8248167	8.232767	7.2870917	8.87319	8.007507	8.32303	8.15334	8.476048	10.340061	7.0889006	8.11004	7.412722	6.388449	7.3199096	7.0166574	7.930185	6.911838	6.9598207	8.923336	7.9142404	10.072642	9.564196	7.883362	6.5751457	8.199899	7.0093236	9.609811	7.663189	7.9586964	6.706997	8.800688	7.336059
ACOX2_32902	6.613372	6.8771276	7.0253787	6.203515	6.813063	6.5492644	5.2143483	6.5040216	5.8802776	6.55352	6.165487	6.440795	6.5291266	6.573392	6.7186236	5.756401	6.7097993	7.1291256	6.964755	6.302658	6.216322	5.903185	6.93126	6.1151133	7.4589896	7.108134	5.8825984	6.6053796	5.682379	6.472985	5.8569765	5.596968	6.24415	7.040585	6.451297	6.5914083	6.6556764	7.1300073	5.8970385	6.951795	7.030055	6.320226	6.168322	6.023326	6.889118	6.4122286	6.378874	6.346937	6.042472	6.700959	6.008286
ACSM3_7976	4.5251174	4.268282	4.1440635	5.5345488	5.1025486	5.555678	5.762088	5.2649307	3.9186504	4.1910696	3.617124	2.455695	4.286138	5.2687173	3.9565632	4.8788834	5.180765	5.9077983	4.150632	3.831355	4.338317	5.174639	4.9311295	4.3031607	3.6430259	3.8118882	4.8434935	4.70353	5.44647	3.8840604	4.6593394	4.474071	3.9835975	4.4067645	4.3488812	4.3565435	4.488219	6.185435	3.3383183	6.0903225	4.609299	4.643371	3.7038848	5.9037127	4.166973	5.603762	4.0370674	4.518974	4.4730663	3.7052414	4.60755
ACSS2_7977	4.3131304	4.3146935	1.9183995	3.2735412	3.7957757	3.661585	3.1634846	3.1256318	4.326662	2.6036353	3.3878083	3.8537283	4.371847	3.7054071	4.2844353	3.3220272	3.0843768	3.066902	4.456222	3.6740434	3.4555352	2.5224707	3.4902585	4.164128	3.9113815	4.1664968	4.557952	3.9043298	1.8408495	4.9611974	3.3096738	2.3909085	3.4435291	3.038847	3.8226066	2.905972	3.7623768	3.49237	3.8094523	3.7059622	3.8365083	3.7861276	1.8208362	4.6401196	2.8193185	3.2451882	4.1971946	3.965136	3.321599	4.3026175	3.8614638
ACTN1_7980	3.3839397	4.220327	2.1619017	3.1704433	2.8206856	3.522194	2.8324869	3.7531235	3.7772083	4.269137	2.2036915	3.3178172	2.919921	3.781712	3.8283224	3.3887968	3.546998	3.066902	3.6291769	4.480447	3.6316473	3.254318	3.7053368	3.1471999	3.0042105	3.0310833	2.621851	3.651246	2.8125298	3.0373778	3.8941805	2.5734606	3.7000437	2.7601511	3.7502577	2.9990726	2.4426951	3.6479805	4.110652	3.8275614	2.7428484	3.4055345	3.30232	3.504673	3.3344872	3.671778	3.7229755	3.4896183	3.2257414	3.7052414	3.9786994
ACVRL1_32420	2.5931726	3.8308609	2.713711	2.5029805	3.335922	2.8894746	2.7028143	3.1256318	3.1321692	2.6036353	2.2036915	2.8891323	2.6721666	2.3926249	3.531564	1.5335042	2.399263	3.3539796	2.8044732	4.039196	2.1892972	2.841842	2.5404441	2.8167326	2.451389	2.4764907	2.077968	2.65541	2.406994	2.6423824	3.07545	1.9373132	2.3879235	2.204507	2.7084813	2.3210802	1.6862907	3.4077816	3.0287817	2.7523265	3.2054758	2.5356345	2.99374	1.5561608	2.5476058	2.476957	3.2250526	2.6126575	2.2798173	2.506785	3.5183966
ACY3_32489	4.8423924	5.412101	5.3439584	5.1298494	6.2345014	6.024587	4.0806427	5.372352	4.274977	4.879594	5.004799	5.2542853	6.134694	5.1585584	5.1696496	4.6799564	5.2431655	6.434324	5.7937107	4.5724864	5.450551	5.369398	5.83303	4.2119765	4.4216714	4.984295	5.054033	5.4869576	5.1292453	5.530639	4.9868054	4.223962	5.5933557	5.445866	5.006382	4.391308	4.787609	6.9322233	4.8897076	6.2833586	6.6576357	4.947489	4.4937305	5.0311365	5.2462397	6.3786845	5.1573243	5.414854	5.7119226	5.3626266	4.60755
ADAM10_7983	2.4342844	2.053109	0.0	1.5853512	2.011671	1.735917	2.0220141	1.1302094	2.3886938	2.0168164	1.70226	2.6150863	1.7605959	1.2732412	2.1047523	1.9419785	2.072621	1.5083932	2.375796	2.6198554	2.1892972	1.7539579	2.2057867	2.008209	1.8294263	2.911122	2.621851	1.5496027	1.1960433	1.8567106	2.4482956	1.6426728	2.1789894	1.9587818	2.3652024	1.8065978	1.3096737	2.2765746	1.8496284	2.7523265	2.261813	2.6625395	1.1804214	2.0821931	2.0104735	3.031582	1.8356827	1.6747757	1.8362379	2.3260906	2.027206
ADCK3_7987	4.3131304	3.5496664	2.9909706	3.0594068	3.7957757	4.208036	3.0613632	2.7958763	2.1797314	3.7756202	2.2036915	3.0088224	2.8013556	3.1364734	3.68756	2.2599542	3.2556021	3.6650012	2.5332706	2.4360592	2.7435865	3.180722	3.4902585	2.6873035	3.7149374	3.141831	3.1264923	3.8571408	3.2641406	3.437199	2.895092	1.2719984	3.0101936	3.8792007	3.1064248	2.3210802	3.4077	4.8678265	3.0287817	3.5018787	3.8365083	2.5356345	1.5358759	2.6264875	3.6450963	3.2451882	2.074421	2.7755125	3.5760143	3.3739324	2.9574547
ADH5_7991	7.432905	6.7729383	6.9216805	6.4435196	6.73307	7.285454	6.918994	6.6563253	6.927774	6.6874957	6.9963956	7.5004177	7.581	7.0218196	7.392684	6.4465394	7.224657	7.077509	7.200253	7.37882	6.817753	6.706741	7.538216	6.886131	7.0639963	7.334872	7.1045246	7.8922944	6.624884	7.108415	6.9290032	6.2744064	6.943468	6.693493	7.042161	6.5611935	6.9425793	7.262365	7.0849233	7.38718	7.71271	6.676632	6.369549	6.9829793	7.069126	7.703781	6.7499394	7.0264587	6.5175886	7.211366	7.044873
ADHFE1_7993	7.1038523	6.577426	5.85775	6.3285027	6.277434	7.3944016	6.1826763	5.8146553	6.1621666	6.033262	6.091113	7.013071	7.0418105	6.0013127	6.806345	5.8541565	6.0133643	5.8929443	7.019031	6.514724	6.514835	5.9702435	7.0209575	6.4404244	6.688716	6.7973022	6.7631307	7.09676	5.787286	6.4941196	6.074042	5.73751	6.175383	6.0902305	6.4398417	5.628318	5.8927493	7.2683744	6.6337767	7.1039705	6.433103	6.6230154	5.759956	6.160117	5.9864197	6.6082783	6.333629	6.563083	6.0840683	6.9862514	6.4451327
ADI1_7994	5.940423	6.8693748	6.818856	6.6004896	6.659242	6.183398	6.781223	6.7389374	6.5027056	6.270014	6.459569	5.858812	5.865947	7.0374665	6.0947695	6.5882316	6.3139586	6.968382	6.244609	6.8076854	6.6539674	6.532801	5.863194	6.6889005	5.63009	5.6968794	5.818147	6.792593	6.6436353	6.3275027	6.644725	6.9220963	7.0081677	7.3713684	5.9192343	6.188779	6.7676067	7.437926	6.585694	7.4213867	7.768192	6.1680903	6.658896	6.296973	6.595757	7.4148088	6.50667	6.167864	6.8179913	5.6962624	6.819818
ADK_32788	7.6382427	6.805805	6.3385315	6.3043566	6.615294	7.755065	6.5743184	6.6563253	6.885318	6.6515107	6.4447126	7.4108987	7.373285	6.461855	7.475299	6.1710877	7.055293	6.4445467	7.510778	6.668628	7.1926084	6.4646683	7.5659914	6.722326	7.6817064	7.661997	7.276286	7.5542393	6.286066	7.294599	6.361582	5.9001613	6.24415	6.642287	6.4049206	6.1385064	6.6556764	7.4164376	6.566003	7.347067	7.243861	6.7063985	6.035358	7.3347774	6.2730393	7.263745	6.93551	6.6177917	6.5276737	7.6799564	6.4552836
ADRB2_7997	2.4342844	2.8678937	2.3701787	2.5029805	2.011671	1.1146706	0.689121	1.9899611	3.3476372	1.3353969	0.92724514	1.8332136	2.6721666	1.2732412	2.4910152	1.275699	1.6496927	1.7907331	1.7631619	2.9293032	2.1892972	2.1116846	1.769281	2.5451083	2.451389	2.2966683	2.621851	2.9534101	0.5163865	1.2084577	2.895092	1.2719984	1.2698381	0.7839461	1.2534345	1.9992051	2.2317815	1.8332981	2.6341627	2.9792266	2.5996156	2.0700042	2.6006784	2.4668374	2.2125611	1.2047167	2.8921008	1.2997124	3.1230586	1.588432	2.4077895
ADSL_32625	4.934336	4.1193533	2.9909706	4.143508	3.628988	5.071795	2.2245977	3.9323316	4.8348827	3.927788	3.1882064	4.80295	4.5293536	3.539506	4.7766256	3.100898	3.546998	3.3539796	4.8041124	4.6590047	4.5722427	4.320673	5.214615	4.469871	4.2865996	4.7939124	4.557952	5.0143414	3.4460533	5.2615604	4.413279	3.3501055	3.619502	3.038847	4.616441	2.9990726	2.6266706	3.572272	4.531982	4.7140985	3.7711594	4.612261	3.837692	4.30452	3.840789	3.5959594	4.513486	4.03112	3.1230586	4.4860954	4.0339284
AFM_7999	7.687518	6.9815073	7.040691	6.8544073	6.7227516	7.550538	7.232674	7.002397	6.814677	7.16688	7.0852904	7.744125	7.6383314	6.73565	7.8461547	6.2085357	7.2451305	7.2506227	7.7701216	7.37882	7.5677595	6.891081	7.8595266	7.3164716	7.951033	7.689606	7.5733495	7.5798993	6.6058865	7.5480394	7.253253	6.8880315	7.000237	6.5891957	7.042161	6.6283073	6.522771	6.9170017	7.185134	7.09794	6.9875326	7.231519	7.12592	7.4985576	7.1139836	7.300036	6.8815155	7.2713585	6.476529	7.636958	6.903753
AFP_32524	2.0518599	1.176321	1.6252826	2.663456	2.011671	1.4584783	2.5603254	0.6730612	1.9352914	1.823375	1.70226	2.2764814	1.7605959	1.9388802	1.5756721	1.9419785	1.0488179	2.0267587	1.483266	2.7828603	2.3986237	0.9628306	2.0039802	2.008209	2.2723026	2.6363633	2.621851	2.7617311	0.8958736	2.0966876	2.159341	1.9373132	1.9345882	2.4144073	1.2534345	1.8065978	2.4426951	3.0089254	2.0891902	3.1752434	3.2054758	1.6473541	2.2628205	1.1977407	2.3897877	2.7807593	1.1920056	1.9721766	2.4591324	1.588432	1.7911546
AGMAT_33108	6.5175333	5.6836934	5.368437	5.634777	6.113347	6.5311985	5.4748697	5.392909	5.791102	4.721964	5.004799	6.0935307	5.951954	5.681025	6.202168	5.227913	5.159351	5.4201593	6.26721	5.829861	5.765866	5.0967493	5.964062	5.8077517	6.101815	6.197601	6.032154	6.2047286	5.5951605	6.1524553	5.8195076	5.6179037	5.790167	5.7659516	6.17553	5.8318486	5.701008	6.080044	5.9282207	6.138121	6.3234067	5.818831	5.3977675	6.586381	5.6632867	5.733268	5.37393	5.744827	5.3746824	6.1548753	5.9944305
AGMO_33265	6.040364	5.9420424	4.9809566	5.6540136	5.715683	6.183398	4.8961816	4.7312627	5.390806	5.151027	4.714023	5.6537337	5.820941	5.556239	6.176059	5.246035	5.3415184	5.096293	5.9415503	5.3729453	6.188417	5.434171	5.6199064	6.0768614	5.720214	5.660136	5.262155	6.5471034	4.8350935	5.858587	5.0528755	5.368989	4.9701138	5.3469877	5.386482	4.613693	5.7414494	6.7890763	5.765097	6.5887337	6.883149	5.4654803	5.522252	5.532412	5.2230263	7.088091	5.619891	5.364553	5.131869	5.7147603	5.24465
AGRN_33146	4.2667212	3.9532623	2.1619017	4.0880117	2.8206856	3.9605298	3.587535	3.5484548	4.274977	2.8265579	2.6802902	4.1425314	4.5293536	3.923187	4.2844353	2.9320772	2.2451668	2.837896	4.6055846	3.9731874	3.5462768	3.1031692	4.158812	4.5087037	4.7978716	4.5745316	3.5795677	4.234818	2.284903	4.1198797	4.0746455	2.7354863	1.9345882	3.2723231	4.1938534	2.8064463	2.6266706	3.0089254	4.4047375	3.8847218	4.071798	3.7861276	1.8208362	3.6604056	3.1498733	3.4312084	4.2468505	3.288475	3.2257414	4.0923586	3.1696014
AGTR1A_33175	3.1985953	3.8933594	3.679778	3.9074347	3.7957757	3.9054923	3.9148438	3.9874403	3.849662	3.4125795	2.3383918	3.9762692	3.759049	3.539506	3.446748	3.3220272	3.2556021	3.6650012	3.7624195	4.6590047	4.05898	3.4549482	3.410797	3.4953887	2.884577	3.24468	3.5795677	3.8083558	2.8983095	3.3471458	4.0746455	3.9870539	3.7000437	3.6495402	3.5085077	3.753906	3.4077	3.916409	4.110652	4.275133	3.7711594	3.840832	2.99374	3.1313937	4.214827	4.113659	4.3413115	3.7468808	4.0931673	3.7052414	3.6655471
AGXT2_32707	7.205767	6.8925095	6.708136	6.150322	5.416054	7.274636	6.6109295	5.0487785	6.841574	6.75688	6.7099624	7.4850183	6.729128	6.048407	7.1324973	5.6784763	6.192713	7.2564373	6.4162154	6.8358164	7.333043	5.844819	7.5335345	6.771055	7.2388344	6.6268835	6.2915096	7.4307494	4.8350935	6.7873874	6.7938547	5.5322757	5.790167	6.70352	6.873604	5.6136713	6.0459146	6.830285	5.414987	6.622732	6.6394405	6.5834603	6.536304	6.6894436	6.167558	7.031655	6.345074	7.376631	5.5432262	6.6149426	6.4037995
AHNAK_32407	5.2527614	5.769504	4.1996894	5.404291	4.5694714	4.82722	3.587535	4.5600543	5.341408	4.378847	3.7194197	5.278307	5.3785973	5.214689	5.802208	4.597668	4.5837555	3.6650012	4.864649	6.3424187	4.4831705	4.9494233	5.348582	5.571419	5.0959854	4.8274393	5.697927	5.9587	4.1171956	5.105513	5.2346654	4.5192814	4.274074	4.251405	4.910049	4.0864654	4.284343	6.2597146	5.8159995	4.891912	5.792034	5.4654803	5.3537655	6.6152267	4.349544	5.204974	5.746118	5.439362	4.9337583	4.6488495	4.902835
AHR_32572	7.3294573	7.9243345	7.129301	8.327011	8.810734	7.8673306	7.528964	7.6576753	7.6345844	7.2219	7.1780353	7.3834763	7.5259767	8.133735	8.640713	7.1658096	7.172165	8.072159	7.0904756	7.640409	6.9482813	8.04649	7.4564853	7.853866	7.998631	7.4894757	6.9172277	7.543101	7.343302	7.336157	8.16135	6.8706927	7.7469764	7.6192446	7.631045	7.421011	8.47543	8.616827	7.906432	7.431013	7.5662947	7.261906	7.388323	7.897317	8.140086	7.505664	8.302648	7.5328355	7.319631	7.2435713	7.4571767
AHSG_8003	13.348199	12.349809	11.794334	11.948098	12.002534	13.057902	12.337327	12.356635	12.386846	12.732536	12.79261	13.375033	13.199891	11.958056	13.37751	12.017523	12.807798	12.175624	13.288758	12.711694	13.074365	12.464092	13.397514	12.693094	13.296217	13.484427	13.309106	12.691998	12.274534	13.558885	12.538208	11.654443	12.038994	12.115262	12.039603	12.478341	11.951246	11.942979	12.793279	11.776467	11.630256	12.832161	11.898848	13.435479	12.085072	11.697845	12.99812	12.5453415	12.105473	13.266561	12.289057
AIF1_32886	3.764007	5.4747577	4.882416	5.3813906	4.7014403	4.114065	5.1411405	4.794435	6.118846	5.0660996	4.5292096	4.5502152	4.4915595	5.599045	5.0014257	4.653045	5.115544	4.9604125	4.772864	6.0855417	4.5722427	5.4182487	4.158812	5.8077517	4.333043	3.595438	4.1501555	4.676601	4.649651	4.2744603	5.3265657	5.344077	5.2630587	5.184672	5.386482	4.7269006	5.572402	5.278421	5.6575656	5.4792633	5.9181404	5.1774263	4.7185583	4.7825623	4.9107227	5.991775	5.5622196	5.2856517	5.5232043	3.9744961	5.8633523
AIMP2_8006	3.8918242	4.603475	4.0862064	4.0880117	4.318538	4.766741	3.659207	3.9874403	4.221371	4.378847	3.9473164	4.2436	4.286138	4.331278	3.8938673	3.7855976	4.55124	3.9207184	3.0326717	4.779769	4.338317	3.254318	4.5779715	4.06339	3.6430259	3.6712542	4.3907466	4.271274	4.4651933	3.6778624	3.379998	3.1345942	4.22047	4.501759	4.488855	3.9990063	4.170472	4.929807	3.9375708	4.5470986	4.817839	4.445774	3.5563867	4.155379	3.6450963	4.493851	4.630346	4.26847	3.920224	4.201315	3.733852
AK2_33292	6.921157	6.739305	6.2622066	6.5704327	6.39906	7.3226914	6.417811	6.8322062	6.9526606	6.2982163	6.8852496	6.9015017	7.160967	6.4962306	7.2929516	6.226901	6.6800323	6.338905	6.74083	7.0669904	6.742987	6.7197905	7.1731873	6.8335686	7.42723	7.038267	6.8381786	6.9186068	6.599498	6.9491796	6.754688	6.26116	6.467661	6.642287	7.220106	6.3208814	6.487539	7.1496754	6.760461	7.247074	7.0508556	6.8796945	6.168322	6.9380193	6.2387285	7.081156	6.4118996	6.6910577	6.3571906	6.755581	6.6086764
AKAP8_8008	5.1542273	4.0660863	3.4235945	3.5448534	3.5377576	5.4442406	3.7274868	3.5484548	4.274977	3.7756202	3.563121	4.80295	4.9192286	4.225969	4.741449	3.735168	3.546998	3.9207184	4.978596	5.121943	4.5722427	4.016682	5.1910257	4.258289	5.3876147	4.860204	5.262155	4.7299657	3.4460533	4.7664943	4.6873436	3.013425	3.8487759	3.5640745	5.261916	3.2469792	2.9363732	3.4077816	4.7570624	4.745298	3.9589443	4.947489	3.772339	5.267545	3.7784617	3.812416	4.871027	4.9526534	2.8927681	5.16156	3.067424
AKAP8L_8009	6.6857076	5.9567504	5.0430994	6.163805	4.2626543	5.998525	4.447462	4.365758	7.001182	4.1910696	3.9473164	6.472374	6.274787	5.985267	6.395598	4.1358805	4.178025	4.370112	6.4362993	6.778995	6.3228383	6.125402	5.7221947	6.3145776	6.652549	6.5078583	6.032154	6.7219133	4.253646	6.303759	6.0846095	4.1103654	4.274074	5.184672	5.780815	4.3565435	4.8990626	5.2544	5.6198635	5.074966	5.3071384	6.5673294	4.61052	6.079608	4.9107227	5.76823	6.1630673	5.4634604	4.903098	6.2593746	5.614353
AKR1D1_32336	9.84904	10.742062	9.641817	10.105181	10.359824	9.568201	9.977616	10.46982	10.406728	10.293823	10.070531	9.930285	9.662955	10.309761	10.161396	10.467126	10.426322	9.436397	9.015678	10.772096	10.07005	10.6037655	9.67949	10.641741	9.172221	9.577575	9.972073	9.46634	9.608859	10.090591	10.198886	10.337925	10.328708	10.389573	9.2510195	10.454268	10.416504	9.3014555	10.826062	10.382103	10.179942	10.412206	10.485794	9.704264	10.078408	10.475749	10.36815	10.191932	10.495704	9.915588	10.65874
AKR7A2_8014	6.787834	5.985725	5.7123384	6.150322	5.796619	6.7733026	5.3065157	5.6191387	5.9478507	5.379389	5.540179	6.5434766	6.7127957	6.1088986	6.6252217	5.967714	5.3415184	5.3566184	6.7245893	5.9718337	6.270563	5.4809113	6.5781384	6.258719	7.474611	6.727984	6.3150544	7.394025	5.6579924	6.614812	5.806799	5.698733	5.6753287	6.429221	5.9678993	5.338816	6.061971	6.5033927	5.58115	6.8478312	6.8118243	5.9979987	5.97854	6.6803727	5.856685	6.797866	6.136968	6.3075414	5.7119226	6.575002	5.908381
AKR7A3_8015	5.2043357	5.205937	5.462397	4.923396	5.981077	5.3234696	5.5709143	5.3088636	5.316059	5.497613	4.3494563	4.959713	5.155082	5.7395906	5.390095	5.581903	4.6466675	5.4810195	5.0057306	5.586682	5.7468586	4.734792	4.95933	5.53426	5.0687976	4.613491	5.506693	6.1371994	6.3859606	5.667165	5.3442636	5.8829684	5.5933557	5.92866	4.7336545	5.685461	5.680354	5.8747706	5.6006365	5.6538353	6.1797132	4.8706985	5.919392	5.5121055	5.574369	5.01427	4.7384453	7.456846	5.676102	5.475404	4.872856
AKT1_8016	5.998377	5.4950523	4.25325	5.2610955	4.9338927	5.889298	4.8662076	5.3514986	5.366318	5.288588	4.94271	5.826593	6.059192	5.5343504	6.2150474	4.510401	4.6771235	5.0701213	5.8091955	6.21969	5.5634885	5.680997	5.705642	5.883578	5.885148	5.4609194	5.7333097	5.7549553	4.649651	6.1391	5.6305075	4.427398	4.79782	5.4928746	6.060565	4.6428385	4.3380756	5.302049	5.6943073	5.6538353	4.717334	5.973726	4.819067	6.173109	4.8514056	5.279571	5.728748	5.414854	4.2955856	5.2145143	5.441312
ALAD_8017	5.4731483	4.1707234	3.7559724	3.4599617	3.5377576	5.071795	2.7028143	3.9874403	4.1656966	2.719398	2.2036915	5.1277866	5.3785973	4.112363	4.810965	3.0189555	3.9475968	3.3539796	5.839675	4.480447	4.5722427	3.4549482	5.214615	4.2119765	5.7717032	5.523625	4.9375095	5.5770845	3.5557184	5.629458	4.157063	3.013425	3.3467786	4.077273	4.910049	2.8064463	3.911607	3.719913	4.531982	4.358206	4.365437	4.643371	3.63202	5.361342	3.573486	3.7438102	4.630346	4.1546707	3.5760143	5.0782957	3.9212723
ALAS1_8018	6.943457	5.7527456	5.0430994	5.0155153	5.607677	6.593464	5.6433964	5.6705575	6.089226	5.6512866	5.102689	5.519093	5.8511004	5.371058	6.5959797	5.8182697	4.9000707	6.2130017	6.7884817	6.381113	6.4457955	4.7602787	6.362792	5.3540745	6.359102	5.767672	6.541525	5.8544264	5.7415996	6.0562634	5.7415185	5.596968	5.2893295	5.6669426	6.5504937	5.806314	5.0354204	5.742866	6.0607576	6.826108	6.128449	5.675697	5.188244	5.5121055	4.4727483	6.2235765	5.581701	6.4945707	5.5029	5.821026	5.6501427
ALAS2_8019	2.98588	3.3854282	3.326985	2.9391065	3.223322	2.6425977	3.1634846	2.7958763	4.047455	3.7756202	3.1882064	2.8891323	1.7605959	3.352018	3.1575243	2.109709	3.6114979	2.9569383	1.1356703	2.7828603	2.3986237	2.3981004	2.3827975	3.7756684	2.2723026	2.7802737	2.621851	3.0404751	2.284903	1.5686922	2.6889215	2.7354863	3.0101936	3.1603029	2.9855762	2.905972	3.7623768	3.4077816	3.5130224	3.6410902	4.071798	2.0700042	3.30232	2.9009168	3.047878	3.671778	3.8569224	2.2186248	2.4591324	2.506785	2.9574547
ALB_8020	15.789854	15.916468	16.121738	15.710322	15.958026	16.141802	16.02372	15.909667	16.034914	16.737844	16.454868	15.48074	15.6105	15.771649	15.793204	16.038351	16.619001	15.86008	15.720346	15.944704	15.749408	16.041246	16.217842	16.115284	15.579477	15.687147	15.488679	16.104895	16.02942	15.71324	16.04547	16.192863	15.740605	16.160666	15.111446	16.021948	16.024366	16.038101	16.152525	16.006016	16.14561	15.832422	16.360472	15.62248	15.874113	16.311665	16.083633	15.749147	16.085953	15.857576	16.069792
ALDH1A1_8022	6.6409245	7.5162487	7.2329183	6.5602727	7.303154	7.3742743	7.0580673	7.1180377	7.5282273	8.366606	7.837088	6.6393337	6.182919	7.634281	7.874844	7.882431	8.029348	7.064311	5.3821487	7.2171254	7.9043384	7.618539	8.238907	8.637346	4.545173	5.8515406	8.078788	9.393791	6.9651613	7.410296	6.0951004	7.3043323	7.2004004	7.4977455	5.667523	7.66783	8.131875	8.755923	8.051554	9.791778	9.8606825	6.4665623	8.549194	6.576636	7.302956	9.898214	7.5391355	8.203697	7.278418	7.178426	7.952491
ALDH1L1_32662	4.777671	4.8119817	3.5141387	4.143508	4.5226555	5.071795	4.027466	3.023864	4.326662	2.9263053	3.5070176	5.205009	5.225846	4.279584	5.677475	3.3220272	3.1725283	4.2352924	5.084199	5.1816163	4.9829097	4.2140403	4.503321	4.3466787	4.3780375	5.098552	4.671753	5.0143414	3.657633	5.1856456	4.157063	3.7797458	4.6836143	4.251405	3.5936723	3.8063707	4.389879	4.8991494	4.3597	3.9397032	4.9117966	4.3733993	3.5563867	4.748248	3.2451313	3.5159345	4.871027	5.230547	3.411482	4.8294463	4.1384206
ALDH3A2_8024	6.172101	5.73579	5.3925066	5.9469924	5.776807	5.91739	5.514058	5.5658197	6.433673	5.0216846	5.483158	6.3187046	6.4226956	5.7958717	6.5761504	5.263932	5.3415184	5.4610167	6.1382813	6.36833	6.116198	5.654057	6.0969267	6.4702425	6.2783327	6.3204226	5.8825984	6.232729	5.24837	6.5756927	5.793977	5.2666516	5.6349244	5.3469877	5.9518595	5.1282535	5.701008	5.9514785	6.3867993	5.88152	6.3460236	6.124657	5.2130847	6.0933423	5.2230263	6.105507	5.728748	6.211205	5.620647	5.8038497	5.8325324
ALDH4A1_8025	5.0207696	2.737684	0.0	3.0594068	2.8206856	4.9947867	2.0220141	1.7560883	3.3476372	2.4777672	0.92724514	4.700005	4.947421	2.7372885	4.2844353	0.96157944	2.2451668	1.7907331	4.740924	3.2961977	3.9959817	2.7430372	4.2066507	3.8379865	4.954615	5.0137186	4.299267	4.7814264	1.1960433	4.3225136	2.3110406	1.2719984	2.570392	0.0	3.5936723	1.8065978	1.9846656	2.455791	3.5130224	1.7203709	3.1029732	3.4763536	2.0586884	4.350994	2.5476058	3.5959594	3.3209047	2.6126575	1.1924393	4.686823	2.9574547
ALDH6A1_8027	9.028028	8.145878	6.962451	7.7262306	7.6022997	9.022952	7.894578	7.3772783	8.092034	7.530051	7.200319	8.896308	9.062864	8.004365	8.933464	6.994165	7.3668995	7.1850686	9.254973	8.47628	8.381897	7.7829924	9.045858	8.746973	9.066235	9.198029	8.740148	9.519402	6.950176	8.985868	8.025349	7.0197153	7.5546136	7.4508977	8.284138	6.8815923	7.6696157	7.83207	8.30123	7.615394	7.9115524	8.49748	7.4099708	8.725966	7.3941092	7.6947227	8.439735	8.160127	7.272433	8.923059	7.757092
ALDH7A1_8028	10.393543	9.43354	8.545059	9.396473	9.471359	10.509597	9.392493	9.1024475	9.33473	8.980886	8.775762	10.43118	10.441326	8.845869	10.795817	8.288672	8.936613	9.252256	10.377101	9.6215725	10.091867	9.085945	10.180974	9.688289	10.371328	10.27102	10.116414	10.277589	9.232094	10.260562	9.292461	8.331793	9.187797	8.785677	9.85635	8.799842	8.961839	9.448973	9.212926	9.330153	9.061585	9.632611	8.222123	10.376923	9.224839	9.136396	9.648634	9.531262	8.678613	10.229601	9.126739
ALDOA_32991	5.0756426	4.779257	4.0259314	4.755449	4.014574	5.4248013	4.447462	4.7312627	5.5730453	4.4476104	4.1804013	5.0179405	5.535407	4.9092603	5.695968	4.0964723	4.044227	4.6069818	4.950942	5.848391	5.4027786	4.7602787	5.1178517	5.456941	5.837617	4.860204	5.4006453	5.5176296	3.6075757	5.739745	4.741772	4.7262454	4.6836143	4.7150254	5.1538897	4.1282835	4.046838	5.018054	4.531982	5.4792633	4.849843	5.357059	4.2752476	5.6298685	4.5115843	5.179226	5.37393	4.9526534	3.7922184	5.2145143	5.399867
ALDOA_8031	6.393433	6.1093574	4.4495783	5.781932	5.281925	6.136368	5.0640182	5.372352	6.433673	5.6943684	4.9843984	6.1466937	6.350636	5.599045	6.176059	4.8788834	5.663936	5.3992887	6.2331743	6.479494	5.8573174	5.58442	6.3199344	6.176695	6.697618	6.2966805	6.541525	6.439087	4.674177	6.31568	6.2994328	5.005808	4.9701138	4.8654995	6.357004	4.9297123	5.7414494	6.185435	6.3867993	6.229214	6.154309	6.0684595	5.188244	6.586381	4.789545	5.76823	6.262985	5.894137	4.903098	6.3917203	5.8633523
ALDOB_8033	13.001943	12.578169	12.007809	12.141306	12.173989	13.059381	12.176604	12.168438	12.519075	12.200727	12.484667	12.902793	13.118929	11.808205	13.290347	11.970443	12.279498	12.331446	13.217016	12.822306	12.800076	12.36621	12.952064	12.493237	13.043994	12.990322	12.936833	12.836236	12.400804	12.730207	12.522627	11.778458	11.99028	12.121351	12.507069	12.186911	11.763034	12.393702	12.350433	12.534958	12.14978	12.918842	12.033944	12.769498	11.925711	12.560373	12.23229	12.688473	11.936219	12.82345	12.35797
AMACR_8038	11.358501	10.715821	10.29643	10.833736	10.4688	10.552772	10.622464	9.984075	10.361757	9.852869	9.893118	10.5574045	11.571373	10.755198	10.919986	9.993645	9.792024	10.300452	11.401035	11.300488	9.9995365	10.090281	10.402547	10.357883	11.640322	11.591485	10.467764	10.495007	10.615079	10.926094	11.11212	10.36913	11.077055	10.541236	11.05879	9.429394	10.571754	11.021927	9.726769	10.499404	10.388376	11.040561	10.355888	10.436053	11.026286	9.359139	11.074629	10.942404	9.928787	10.531697	10.330295
AMBP_33085	10.934747	10.169934	9.8331375	9.670058	10.333789	11.139278	10.017366	10.041352	9.455729	10.074925	10.066897	11.121447	10.892056	9.648063	10.898689	9.4070425	10.319359	10.348878	10.8288965	10.134113	10.7673235	9.984771	11.071526	10.012614	10.975045	11.178025	10.741964	10.648402	10.043577	10.665247	10.113739	9.534752	10.079605	9.874462	10.382153	9.931894	9.7670355	10.590877	10.239944	10.332246	10.133569	10.098142	9.566672	10.95119	9.829316	9.919754	10.197923	10.228427	9.659758	11.200161	9.844765
AMY1A_8041	9.775329	9.440098	9.324412	9.192875	9.002063	9.595625	9.34574	9.027188	9.478757	9.27737	8.705833	9.562036	9.561724	9.168947	9.660252	8.892373	9.286938	9.414461	9.724902	9.301784	9.64009	9.306337	9.768843	9.66269	9.444919	9.52873	9.787676	9.957211	8.945183	9.640299	9.367941	9.11623	9.389487	9.380528	9.0715275	8.844433	9.399508	9.499665	9.432708	9.483731	9.585736	9.354552	9.318875	9.484767	9.126623	9.586738	9.432301	9.222587	9.089369	9.661619	9.355327
ANGPTL3_8045	4.0645385	4.1193533	4.0862064	4.24848	4.318538	3.5935724	3.7274868	4.1889644	4.047455	3.7756202	3.5070176	4.5502152	4.5293536	3.62484	4.379027	3.971344	4.13479	4.326557	4.8041124	4.432127	4.5722427	3.574707	4.0049734	4.5465183	5.041088	4.450914	4.3457317	4.0372877	4.0809665	4.006783	3.79471	3.9212065	4.470548	4.7150254	4.2990336	4.0864654	4.170472	4.7352557	4.313212	4.4744816	4.532502	4.2575374	4.0729947	4.523225	3.6450963	4.6519713	4.2468505	4.692124	4.1979237	3.9744961	4.2358537
ANO10_8049	4.8423924	4.711492	3.326985	4.392873	4.318538	4.766741	4.487392	4.59596	3.7772083	4.8544893	4.4421306	4.80295	4.975073	4.6891985	5.059707	3.252017	4.70695	4.6429377	4.864649	4.5272	5.1657577	4.419964	5.2378244	4.936576	4.658931	4.9235835	4.77723	5.648115	3.8847718	4.9305177	3.987233	3.013425	3.9835975	3.7302246	4.80682	3.753906	4.8990626	4.550328	5.096006	5.170004	4.320462	4.7328677	4.4102645	4.2564993	4.349544	4.860753	5.233197	5.051353	4.4730663	5.18828	4.902835
ANXA1_33262	1.8143951	2.435626	1.2570211	2.5029805	2.011671	2.5012665	2.0220141	1.1302094	3.7009227	1.59992	2.6802902	2.455695	3.2264056	1.9388802	2.6512198	3.100898	2.2451668	1.1570135	2.1990027	3.2961977	0.775823	2.1116846	2.2057867	3.415899	2.451389	1.5639434	2.765496	3.5361161	1.8408495	3.251095	2.9880874	2.7354863	2.1789894	2.9062183	1.9138626	1.8065978	1.6862907	3.719913	3.242334	1.7203709	3.4754093	2.887088	3.3920732	3.8009534	2.3897877	3.812416	3.011828	2.7755125	2.762189	2.3260906	2.708643
ANXA4_32944	3.764007	3.8308609	3.2234385	3.9074347	3.335922	3.2840576	3.7926803	3.023864	3.9844897	3.4125795	3.563121	4.5502152	4.286138	3.854183	4.1297936	3.0189555	3.6732368	3.7985182	3.9417143	4.5724864	4.5283937	3.574707	4.2066507	3.8379865	4.2865996	3.8118882	4.041434	5.0774655	3.752821	4.5413523	3.5111294	3.6228914	3.534197	3.5640745	3.5936723	3.753906	3.5959105	4.769558	4.055234	4.4744816	4.1250777	4.4100404	3.9601355	3.2341504	3.840789	4.6519713	4.2468505	4.26847	3.2257414	3.5490766	4.60755
ANXA5_32426	3.4683857	4.9653196	4.25325	3.8418446	4.424204	2.8894746	3.587535	4.365758	4.8701444	3.8788273	3.5070176	3.4076753	4.4915595	4.476096	4.630459	4.2835584	3.7893128	4.4534655	3.6291769	5.347118	4.2329803	4.8579483	3.326703	5.148129	4.1375628	4.6883883	3.7272735	4.563557	3.9262035	4.3690176	4.5415487	4.427398	3.9835975	3.8792007	3.8915	3.642881	4.4398866	5.842908	5.300493	5.3017626	5.840625	4.5804653	4.53372	4.7825623	3.9579048	5.279571	4.6672864	4.608145	4.4730663	3.2776825	5.044041
AP2M1_8054	6.257645	6.014129	6.0815277	6.095092	6.4624467	6.171783	6.4074416	5.959506	6.2717047	6.8035364	6.1194544	6.1725583	6.3293686	6.1526594	6.337889	5.8182697	6.43474	6.5805435	6.036704	6.593727	5.275932	6.0132775	6.159035	5.997174	6.2544003	6.3321486	5.974179	6.2601967	6.072035	5.983403	6.008956	5.9001613	6.1324925	6.429221	6.4626613	6.0757713	5.7612524	6.729333	6.463303	6.3044596	6.6210127	6.009984	5.655087	6.388935	6.118083	6.210925	5.998881	6.12318	5.8944583	6.2467184	6.2373104
AP3M1_32866	3.6955848	4.1193533	4.354751	4.0880117	3.9452639	3.788687	4.0806427	3.9874403	4.4714575	3.8281465	3.7679703	3.6478724	3.9934368	3.62484	3.2605107	3.735168	3.732442	4.4534655	3.8843899	4.5724864	3.9959817	4.058373	3.6371455	4.010254	3.5673409	3.743284	3.8612514	3.5361161	3.6075757	3.6778624	3.3096738	3.7797458	3.8487759	4.547009	3.8915	3.6994612	4.3380756	4.5103173	4.3597	4.231731	4.5714116	3.7861276	3.5563867	3.2341504	3.3344872	5.126309	4.7033043	3.3925493	3.65174	3.629271	4.8109617
APCS_8057	6.943457	6.764603	6.9216805	7.077394	7.012599	6.567107	6.5650187	6.5955462	7.0404058	6.260489	5.8974023	6.6939325	6.753284	7.156882	6.644392	6.933955	6.398642	6.424028	6.5327263	7.1136937	6.457534	6.625861	6.7970705	7.3327947	6.5382657	7.045408	6.3610215	6.8112826	6.50011	6.5855722	6.7144275	7.1971254	6.8046546	7.5149283	6.451297	6.6210027	7.7007146	7.5107102	6.99942	6.3957725	7.2854095	6.9119887	7.3156357	6.9755826	6.586692	7.639144	7.6214437	6.372616	7.1208005	6.344987	6.9331026
APEX1_8058	4.009233	4.0660863	3.9630284	3.4599617	3.7957757	3.661585	3.2588525	3.4732275	4.1656966	3.4125795	3.6691785	3.5721645	3.3996527	3.352018	4.1297936	3.4526122	3.6114979	3.7985182	3.2296562	3.4974551	4.119342	3.0212092	3.2374017	3.4953887	3.8488257	3.8773775	3.2292056	4.1195726	3.2641406	3.602016	3.6313283	3.1345942	3.7763257	3.2723231	3.5085077	3.9059012	3.5048723	4.142642	4.215484	4.0437536	4.1764603	2.9874854	3.837692	3.9890227	3.1498733	3.940554	3.2250526	3.4896183	3.0125036	3.4641607	3.5938473
APOA1_33150	14.886711	15.7087755	16.500345	15.923717	15.985174	14.263226	15.278835	15.995592	15.948581	14.720974	15.635455	15.879044	14.663589	16.089916	15.396504	16.326435	15.194355	15.974652	15.189569	16.124557	15.130632	15.661848	14.271886	15.666851	15.263367	14.976537	15.801615	15.1807	15.989248	15.499119	15.677794	16.292093	16.26455	16.18656	15.643514	16.323498	16.25178	15.019913	15.547768	15.650992	15.592244	15.089869	15.857414	15.795398	16.047396	15.444817	15.785002	15.677839	16.373306	14.028175	16.09975
APOA2_33095	11.715638	12.82885	12.565288	12.444649	12.345614	12.402158	12.047333	12.058735	12.315089	12.804452	12.55033	11.873593	12.228595	12.357439	12.08594	12.119495	12.43155	12.766162	12.051989	12.456902	11.827531	12.113439	12.43225	12.179291	11.844228	11.93739	11.176072	12.356297	12.288503	12.048222	11.796752	12.418395	12.853305	12.511554	12.223494	12.515994	12.604317	12.59317	11.596163	12.90207	13.464228	11.931192	12.909741	11.991503	12.400401	13.109171	11.95098	12.005476	12.414697	12.169583	12.340449
APOC1_8063	14.853975	14.7920065	14.812148	14.868972	15.053558	14.711987	14.556449	14.890717	14.785642	14.647287	15.111972	14.007627	14.625278	15.276391	14.105281	15.224695	14.863495	14.968973	14.829309	14.538419	14.235249	14.961991	14.426304	14.517762	14.612976	14.81996	14.076004	14.217731	15.278082	14.26129	14.785052	14.71137	15.352119	15.321217	14.342444	14.629577	15.388503	14.9895115	14.034261	14.536693	15.34787	14.428897	15.325821	14.715966	14.83225	15.11349	14.368835	14.606512	15.439323	14.767981	14.881857
APOC3_32553	10.173016	10.14607	10.31071	10.20719	10.23197	9.921087	10.279316	10.110474	10.37869	9.9456835	10.084975	9.80876	10.154388	10.41832	10.098494	10.246913	10.088885	10.20145	10.155755	10.283721	9.791526	10.129314	9.831211	9.972374	10.050194	10.430881	9.664777	9.58875	9.819352	10.19834	9.851353	10.341076	10.230439	10.565491	9.740912	9.794169	10.235448	10.406306	9.834592	9.679157	10.426679	10.258061	10.597317	9.713186	9.933989	10.272349	9.94504	9.843936	10.337734	9.882224	10.372417
APOE_8064	13.474727	13.666408	14.464473	13.37077	14.154511	13.336971	14.833247	13.38844	12.923162	14.741339	13.9008665	13.278686	13.22521	12.98574	12.905466	13.983906	14.802153	14.302896	13.092628	13.5009985	12.666592	13.142114	13.152287	12.573986	13.252617	13.38344	13.042431	12.474116	13.701031	12.942094	13.606656	14.079511	13.502907	13.740059	13.262782	14.694576	13.803508	14.243222	13.890578	13.533232	12.93773	13.074784	13.132803	13.08828	14.63215	13.579144	13.318223	13.375024	13.1781435	13.453791	13.107519
APOH_32855	12.877414	12.852146	12.93459	12.786921	13.070439	13.103892	13.096709	12.879637	12.709974	13.708932	13.531382	12.99231	12.818594	12.765329	13.002445	12.69567	13.510715	13.128289	12.900218	12.829027	12.753967	12.844948	13.413448	12.812117	12.9037895	12.831707	12.860382	12.851648	13.143552	12.819777	12.80006	12.843031	12.889578	12.7121935	12.590698	13.0735	12.802191	12.957516	12.873692	12.895783	13.066838	12.887515	12.990874	12.824572	12.8681135	13.124958	12.772223	12.99216	12.808196	13.279336	12.749715
APOM_32774	5.7844543	6.448072	6.4573984	6.267362	6.4624467	6.136368	6.5272083	5.959506	6.118846	6.6220627	6.3601484	5.61653	5.909591	6.048407	6.384239	6.1992645	6.5948567	6.2130017	5.6803994	6.316034	5.5193686	5.6942806	6.1950564	6.0242286	5.8694773	6.063341	5.4652047	5.728978	5.986488	5.5100365	5.963875	6.0616803	6.3602295	6.752634	6.030333	6.148702	6.62358	6.7205925	6.00335	6.7201705	6.762237	5.8983564	6.565533	6.079608	6.07983	6.919491	6.0132995	5.7643576	6.227083	5.8038497	6.2606506
APON_8066	6.040364	5.818643	7.2329183	6.81222	6.3327594	6.8699064	7.110148	6.5777	6.385745	7.316858	7.051368	6.271615	6.4720488	6.656801	6.566133	6.0421996	7.4128675	6.704818	7.0649033	6.005246	6.5807204	6.0653257	7.4061527	6.4702425	6.47754	6.366766	5.9291153	7.4704876	7.0566163	6.2796183	6.1664753	6.9220963	6.720272	6.5340757	6.485126	6.416805	6.8985515	7.627528	6.7776837	7.180153	7.408705	6.009984	6.7294664	6.5960603	7.0626025	7.341253	5.9547386	6.8085995	6.6891365	7.2243347	6.7718906
APP_8067	6.8908772	6.764603	4.882416	6.6963854	5.854474	5.6756635	5.6256146	6.0911317	7.024844	5.497613	4.6635904	6.601752	6.8310027	6.5075097	6.7892222	5.6917596	5.180765	5.768263	6.289462	7.1514907	6.5260267	6.2018	5.83303	7.0131025	6.4980674	6.4765015	6.6001983	6.2960253	5.296559	6.837858	6.7007537	6.0919228	5.5933557	6.3030148	6.1047573	4.8569574	5.701008	5.9364595	6.7776837	6.0781217	5.7417493	6.6230154	6.062949	6.248696	5.399047	6.1191134	7.044826	6.540605	5.282401	6.085498	7.010866
APPBP2_8068	4.638807	4.4867115	4.622362	5.0155153	4.6148157	4.913435	4.447462	4.630994	4.938183	4.378847	4.2841916	4.66399	4.4915595	4.279584	4.7766256	4.4175134	4.260792	4.5322647	4.1011696	5.0911546	4.388235	4.451598	4.3835616	4.5465183	4.5840974	4.3621955	4.517932	4.3754215	3.657633	4.8343573	4.6593394	4.2775726	4.274074	4.455044	4.8764534	4.3565435	3.7623768	4.8991494	4.531982	4.682209	4.365437	4.9965014	4.4937305	4.2564993	4.432838	4.6889343	4.8390064	4.3739457	4.3420444	4.723822	4.77899
AQP9_32709	6.9870486	8.032429	7.5859194	7.5474744	7.5448875	7.4435253	7.267491	7.500795	7.5392227	7.63329	6.9655037	7.7949653	8.084723	7.79939	8.082369	6.933955	7.58336	7.596098	7.496502	7.8977966	7.4434114	7.601013	7.650576	7.883717	7.394756	7.8450084	6.8543386	7.3132815	6.91973	7.542978	7.52561	7.4861093	7.5546136	7.9989142	7.3234563	7.3343368	7.887996	7.9110203	7.8546224	7.514876	7.7213855	7.6619873	7.6607966	7.493387	7.9481716	7.7871127	8.227342	7.4508314	7.668521	7.016388	8.025842
AR_32869	2.8664734	2.053109	0.76129264	2.9391065	2.2602103	3.3678806	1.5043167	2.3676975	1.2703954	1.0112327	0.0	2.6150863	1.7605959	2.3926249	1.8643311	2.2599542	1.8765994	1.7907331	3.0326717	2.2253819	4.2866096	3.180722	3.1422062	3.4953887	4.3780375	3.4306927	2.077968	2.7617311	1.4443876	1.8567106	2.9880874	2.7354863	1.9345882	1.2890483	3.3214288	1.8065978	0.79861236	4.142642	2.778033	1.9519659	3.3909214	4.1315517	0.7077145	1.5561608	2.2125611	1.5643196	2.074421	4.1546707	2.4591324	3.629271	2.5660443
ARCN1_8074	6.913646	6.416499	6.0210533	6.0229416	6.4119616	7.224924	5.9163136	6.3961487	6.4570527	5.722391	5.9509535	6.9168854	6.8460565	6.236389	6.763151	5.7437024	6.3427424	6.424028	6.780648	6.908256	6.5699463	6.0343227	6.8048625	6.4800467	7.124661	6.91113	6.796968	6.82361	6.1614923	6.5855722	6.2249637	5.847955	5.9135237	6.3674974	6.73988	5.881601	6.401823	6.7466564	6.4200845	6.766528	6.454076	6.575417	5.9042187	6.6528125	5.7792277	6.1591787	6.8736343	6.385286	5.7810006	6.380178	5.9520473
ARF1_32413	8.459999	8.633973	8.418903	8.405723	8.842055	8.537664	8.319204	8.522688	8.357297	8.138642	8.560085	8.104719	8.353209	8.458273	8.5571995	8.273292	8.6310625	8.811593	8.153491	8.657952	8.208658	8.426728	8.314537	8.096234	8.625519	8.4854555	8.3392105	8.299943	8.678951	7.962413	8.425209	8.331793	8.509463	8.588774	8.522707	8.532272	8.796547	9.420921	8.641774	9.5928135	9.406364	8.425481	8.378531	8.403789	8.706704	9.185722	8.468799	8.614824	8.734103	8.25785	8.529518
ARFIP2_8077	2.736285	2.053109	0.0	2.1159258	0.8140356	2.5012665	1.153547	1.4768263	2.3886938	0.0	0.92724514	3.1193392	2.372859	2.1835182	2.4910152	0.5594628	1.6496927	1.1570135	2.5332706	2.2253819	1.2775879	2.1116846	2.6825488	2.008209	3.1146789	3.141831	2.282898	3.5948293	1.6561947	2.3023815	2.895092	1.2719984	1.2698381	1.2890483	2.853671	1.3212922	1.9846656	1.1901431	2.6341627	1.4443535	0.0	2.887088	1.1804214	3.0207527	1.1451283	1.5643196	2.7615314	1.6747757	1.1924393	2.8118143	1.7911546
ARG1_33267	11.265682	9.664995	9.00539	9.618356	9.643967	10.943153	8.822979	8.968478	10.533795	8.657134	8.380482	10.824364	12.293009	9.202299	11.225448	8.480741	8.348398	8.709322	11.287464	10.132224	11.06411	9.922639	11.449075	11.0042925	11.589814	10.969075	10.80568	11.813344	9.318261	11.289741	10.451444	8.299761	8.714828	9.145158	10.331913	8.492799	8.946785	9.450295	9.841775	9.109633	9.162193	10.354626	9.1230755	10.933165	8.533546	9.273515	10.041403	10.483917	9.206998	11.381506	9.679252
ARHGAP1_8078	3.8293307	3.6252677	2.1619017	3.1704433	2.2602103	3.5935724	2.0220141	2.6667733	3.6203768	2.8265579	1.70226	3.9762692	1.9947519	3.4488056	3.6116695	1.275699	2.072621	2.2295449	3.6291769	3.5884495	2.1892972	2.636965	3.0402825	3.5707264	3.8488257	3.5154157	3.4149964	3.5948293	1.4443876	4.1732683	3.3096738	1.6426728	2.8779507	2.9062183	3.5085077	1.9992051	2.6266706	3.2220936	3.4283133	3.4268885	2.992627	3.2525284	2.99374	3.504673	2.3897877	3.031582	2.8921008	3.0546732	2.075009	3.7774107	3.6655471
ARHGAP30_32923	2.4342844	2.737684	1.2570211	2.8078547	2.011671	1.735917	2.8324869	3.393861	3.6203768	2.0168164	2.0551069	1.8332136	1.4809296	1.9388802	3.68756	1.7521499	2.2451668	1.1570135	1.9974787	3.2961977	2.1892972	2.5224707	1.769281	2.9355001	2.2723026	2.2966683	1.8390311	2.4159133	2.5195544	2.482375	2.3110406	2.1818647	1.2698381	2.204507	3.4179986	0.9994701	1.3096737	2.2765746	3.0287817	2.1514747	2.992627	2.887088	2.4416173	2.4668374	2.2125611	3.2451882	2.279205	0.7915216	2.2798173	1.2253668	2.708643
ARHGDIB_32723	2.8664734	3.8933594	2.9909706	3.5448534	3.628988	2.5012665	2.7028143	3.023864	3.1321692	3.5440083	3.115025	3.0088224	3.2264056	3.4488056	2.9264696	3.252017	3.6114979	3.1690745	3.0326717	4.22083	2.889376	3.6310537	3.5655706	3.6423242	3.5673409	3.4306927	2.765496	3.273985	2.284903	2.9173408	3.6313283	2.5734606	2.1789894	2.9062183	3.5085077	3.1689827	2.6266706	3.49237	3.5130224	3.2640922	3.8365083	3.331059	3.104098	3.2341504	3.4186301	3.8779073	3.4953897	3.288475	3.65174	3.174549	3.7990685
ARHGEF12_8080	5.9255633	5.0223646	3.5993342	4.24848	4.204518	5.816578	3.512115	3.309873	5.390806	4.2306314	3.1882064	5.9058294	5.742663	4.052019	5.32029	3.0189555	3.4086447	4.0333714	5.955534	4.855005	5.1941	4.1766696	5.671957	5.148129	6.061007	6.0912113	5.750681	5.9918475	3.3273613	5.610228	4.917564	3.9212065	3.917761	4.3568144	5.1538897	3.320974	3.8389206	3.916409	5.4368343	4.775837	3.555222	5.1774263	3.3920732	5.872193	3.840789	3.7438102	4.9023523	5.1135902	3.980205	5.2402797	5.070697
ARNTL_8086	6.527409	5.9713106	4.354751	5.883216	5.629935	6.512903	5.5709143	5.4723263	6.4914274	5.1715	4.9637046	5.9955034	4.8904743	5.867652	6.4619327	5.0741076	4.999828	5.577073	6.551262	6.3292866	6.130934	5.58442	5.964062	5.9556165	6.21774	5.961324	6.4699135	6.0766897	5.2153263	6.0419827	5.78104	5.0372314	5.5505533	5.5158167	6.1191926	5.208422	5.3019614	5.2544	6.2329693	6.11442	5.460108	6.3008447	4.572631	6.3436866	4.7575912	5.9467025	5.5424714	5.894137	5.440215	6.2966895	5.558947
ARPC1B_32419	4.5251174	4.603475	2.8589911	4.644416	3.9452639	4.3384256	3.4325337	4.091718	4.6443586	4.378847	3.3878083	4.700005	5.002205	4.052019	5.195874	3.7855976	3.7893128	3.3539796	4.456222	4.8178773	4.8819904	4.5425406	4.058097	5.2661505	5.0128355	4.9542584	4.4343996	4.5035305	4.005659	4.5413523	4.6593394	3.4468794	3.7763257	4.0142226	4.6956315	2.8064463	4.2285304	4.338161	5.06828	3.9397032	4.365437	4.6738243	3.63202	4.816079	3.573486	4.493851	5.351407	4.423926	3.7236884	4.4423666	4.643507
ASAH1_8089	6.327136	7.138115	6.2089834	7.1332927	6.277434	5.8750443	6.2422347	6.6648026	7.3080554	6.2019815	5.7601366	6.430113	6.671139	6.7260265	6.936468	5.781468	5.875707	6.2600656	6.3958483	7.3202877	6.216322	6.517936	5.977913	7.305486	5.8536353	6.2603183	6.243235	6.6953287	5.9962473	6.5557275	6.6659913	6.623986	6.3477836	6.693493	6.507246	5.9531536	6.6556764	6.8057013	7.064018	6.7966256	6.883149	6.735563	6.536304	6.3664885	6.261693	6.919491	6.9802356	6.5961566	6.5175886	6.1548753	7.044873
ASCC3_8090	6.6409245	6.148321	5.368437	6.580521	6.2345014	6.7655964	6.120553	6.1405935	6.672111	5.4648113	5.246685	6.9015017	6.720985	5.7395906	6.763151	5.6240854	5.5696816	5.8929443	6.649157	6.778995	6.684255	6.002639	6.2302	6.58371	6.775356	6.736833	6.372288	6.6545095	5.7646236	6.5855722	6.3263965	5.812072	5.771651	5.5606346	6.964346	5.338816	6.7379313	6.120473	6.535953	6.490882	6.1797132	6.4665623	5.5022364	6.285054	6.284297	6.0064917	6.904904	6.585216	5.282401	6.333063	6.272181
ASGR2_32685	8.041165	7.0099936	7.2329183	7.355196	7.7416854	8.040167	7.3989186	7.3772783	7.123119	7.366538	7.5343857	7.677947	7.754582	7.2130766	7.7026424	6.9283547	7.7750645	7.8401885	7.713644	7.1289315	7.052577	7.100139	8.270199	7.033219	8.062046	7.849095	7.5287347	7.674807	7.4141784	7.5530834	6.992109	7.035362	7.3638372	7.4686446	7.3358693	7.2277656	7.3805194	7.9638224	7.119106	7.689449	7.681927	7.136318	7.052119	7.8001685	7.302956	7.46362	7.3532767	7.4326363	7.319631	7.771154	7.227717
ASNS_8091	2.5931726	2.737684	2.552146	2.5029805	3.8724551	3.1002145	2.5603254	3.4732275	2.7331607	1.0112327	2.0551069	3.4076753	2.372859	2.7372885	2.9264696	1.5335042	3.0843768	2.4073083	2.5332706	2.6198554	3.9301062	2.2619886	2.6825488	5.072385	3.2172866	2.7802737	3.7958171	4.0790167	3.4460533	3.437199	3.7422786	3.1345942	3.3467786	2.7601511	2.3652024	1.9992051	3.6815434	3.6479805	3.1395056	3.0805616	2.7428484	3.4763536	2.2628205	3.8664052	2.6898494	2.6368403	4.0370674	3.3925493	3.7236884	3.7052414	2.4077895
ASPDH_32567	5.8330407	5.985725	5.613402	5.7465267	5.694719	5.816578	5.712411	5.5838127	5.5730453	5.4141674	5.393165	5.3251815	5.497773	5.6406174	5.601038	5.2095604	5.7088504	5.9225006	4.978596	5.7532673	5.1368475	5.212062	5.8022223	5.4369464	5.684837	5.641408	5.135637	5.0356913	5.3734603	4.9912386	5.4129605	5.2398915	5.8084483	5.6462984	4.910049	5.5067577	5.4557147	5.981055	5.32413	5.936621	5.840625	5.338169	5.9042187	5.243111	6.06685	5.8683033	4.6672864	5.3387294	5.620647	5.18828	5.37869
ASS1_33159	10.057643	9.288471	8.008194	8.785216	8.781205	10.239593	8.859571	8.621807	9.245236	8.319224	8.790525	10.115859	11.17067	8.074297	10.511246	7.577141	8.553154	8.763407	11.092431	9.515419	9.788044	8.714387	10.190671	9.450957	10.677234	10.421992	9.800243	9.8247385	8.268111	10.291826	8.976508	7.569073	8.475544	8.487959	9.562276	8.213263	7.7058334	8.863058	8.957323	7.979143	8.145497	9.768452	8.302445	10.095743	8.073511	7.970924	9.090301	9.447657	8.297534	10.557547	8.432661
ATF1_8094	3.0961545	2.8678937	2.1619017	1.5853512	1.7112163	2.9986892	1.7862632	3.309873	2.1797314	1.3353969	1.70226	3.4922628	2.5302608	2.3926249	2.4910152	0.0	2.072621	0.0	3.318902	2.6198554	2.1892972	2.1116846	2.8119028	3.2424362	2.2723026	2.4764907	2.8961248	3.0404751	1.6561947	2.482375	1.9897953	2.1818647	2.1789894	2.4144073	2.5470278	1.3212922	3.303507	3.119443	2.2945795	2.6239195	2.8731365	2.5356345	1.8208362	1.1977407	1.4944088	1.8519349	2.617958	2.2186248	1.1924393	3.0634718	2.027206
ATF4_8096	5.628032	5.050063	3.5141387	4.644416	3.7147906	6.136368	3.8550549	4.59596	5.414885	4.665346	4.6376967	5.826593	5.0806675	4.112363	5.561245	3.7855976	4.2200017	3.9207184	5.730055	5.3729453	5.606299	4.1766696	6.146826	5.4961185	6.192772	5.5030246	6.0878897	5.9361706	3.8847718	6.191795	5.2535195	4.3791647	4.1647973	4.1376824	5.5230193	4.425254	4.3380756	4.469166	4.95172	4.582081	4.7851095	5.357059	4.4102645	5.919218	3.7784617	4.614036	5.619891	4.809582	3.8576405	6.1136503	4.60755
ATF5_8097	5.276378	3.3854282	3.111882	3.0594068	3.335922	5.2590685	3.1634846	4.235235	4.6443586	3.4125795	3.324294	4.66399	4.371847	2.7372885	4.5102134	3.0189555	3.546998	2.7081409	4.3330874	3.6740434	4.2866096	3.0212092	4.749268	3.4953887	5.041088	4.9235835	4.8434935	4.4408975	3.198022	4.8343573	4.413279	3.013425	3.7000437	4.0142226	4.2990336	2.1691005	3.5959105	3.2220936	3.8094523	2.6239195	4.071798	4.4100404	2.7439313	4.67707	2.0104735	3.2451882	3.7229755	3.7468808	2.8927681	3.9117455	3.3545144
ATF6_8098	4.4440207	4.603475	4.494753	4.298234	4.658778	4.885265	4.564081	4.4854455	4.938183	4.576022	4.714023	4.867713	4.602095	4.9092603	4.9406905	4.4175134	4.6771235	4.6429377	4.834698	4.855005	4.1772795	4.734792	4.749268	4.2119765	4.1889715	4.1131234	4.557952	4.855332	4.7220135	4.4577565	4.5719104	3.1345942	4.79782	4.7150254	4.8420568	3.8063707	5.00252	5.5976768	4.7570624	5.4792633	4.9117966	4.612261	4.3216715	4.5632515	4.657249	4.6889343	5.2083473	4.4722323	4.5142236	4.4423666	4.3271203
ATF6B_32767	3.6955848	2.053109	1.2570211	2.8078547	2.8206856	3.1950624	1.7862632	2.3676975	2.7331607	1.3353969	1.4871172	3.0088224	3.315628	2.5752249	3.68756	2.109709	1.3803144	2.4073083	3.2296562	3.0622413	2.581391	2.636965	2.6825488	2.5451083	3.7834342	4.1131234	3.4996274	3.474912	2.1515164	3.437199	2.7956865	1.6426728	1.6401663	2.597612	2.853671	1.9992051	2.6266706	2.2765746	3.0287817	1.9519659	3.7711594	3.2525284	1.5358759	2.4668374	1.4944088	2.297121	3.122376	3.0546732	2.2798173	2.9431233	3.1696014
ATG3_8099	6.729142	5.8504963	5.3439584	6.052236	5.694719	6.6278734	5.589379	5.3514986	6.37351	5.6657906	5.497626	6.909214	7.11199	5.850039	6.5959797	5.0119224	5.6175785	5.4810195	6.9368315	6.3424187	6.548154	5.465499	6.531942	6.4404244	6.775356	6.8389935	6.638029	6.9968886	5.1468773	6.933793	5.929115	5.2398915	5.413955	5.92866	6.451297	5.374005	5.355054	5.760029	6.2329693	5.5865192	5.962726	6.395249	5.7258396	6.576636	5.3570137	5.524181	6.4964423	5.9117594	5.7295046	6.4031706	5.80104
ATIC_8100	3.3839397	2.594546	1.2570211	3.1704433	2.2602103	3.1950624	1.7862632	1.9899611	2.7331607	1.823375	1.4871172	2.8891323	3.759049	2.1835182	3.1575243	2.2599542	2.2451668	1.5083932	3.0326717	3.1839569	3.1430392	1.7539579	2.2057867	3.6423242	2.6106799	3.340682	3.7272735	3.8083558	2.1515164	3.1481903	2.895092	2.1818647	1.9345882	2.597612	2.3652024	1.5842559	3.4077	2.8892338	2.4743395	3.1752434	2.8731365	3.331059	2.6006784	2.9009168	2.3897877	2.7807593	3.011828	3.0546732	2.4591324	1.8782536	2.4077895
ATMIN_8101	4.117802	3.4698832	2.713711	3.8418446	3.9452639	4.2962584	3.7926803	3.023864	4.516664	3.6054895	3.3878083	3.7883198	4.2412953	3.4488056	3.8283224	3.0189555	3.0843768	3.5178556	3.8843899	4.1627893	3.5462768	3.7375457	4.058097	3.9550858	3.5673409	3.340682	4.1501555	3.9043298	3.6075757	3.602016	4.157063	3.013425	3.7763257	3.8792007	4.6565795	3.320974	3.0694053	3.9763792	3.8094523	3.8275614	3.9589443	4.1315517	3.5563867	3.6604056	3.2451313	3.4312084	4.0924416	4.03112	2.8927681	4.1478653	3.3545144
ATP11C_33283	6.613372	7.7621465	6.871184	7.689413	7.4417152	6.8842106	6.8820252	7.002397	7.2355485	6.8613887	5.9082727	7.399992	8.071976	7.3446736	7.538145	6.6643224	6.6496377	6.982483	7.2119503	8.104628	7.1855674	7.100139	7.1304216	8.102594	6.8411064	7.194178	7.028229	7.09676	6.8886275	7.4755073	7.5714116	6.6031394	7.713414	7.491972	7.6158557	6.4827676	7.443159	7.2563295	7.6025314	7.061219	6.973075	7.816694	7.44709	7.163078	7.569997	7.2759433	7.9181566	7.474741	6.476529	6.825334	7.5782285
ATP1A1_32617	5.048467	3.6252677	2.8589911	3.77313	3.628988	4.82722	3.659207	3.393861	3.3476372	2.719398	3.5070176	5.073909	5.0549846	3.781712	4.810965	2.7408507	3.896741	3.9207184	4.950942	3.9040134	4.614798	3.574707	5.066922	4.3889227	4.505169	4.724427	4.5968914	5.0143414	3.752821	4.867128	3.8453023	2.7354863	2.3879235	3.8066347	3.9572527	2.905972	3.8389206	3.8538375	4.4047375	3.7680426	3.7711594	3.9935026	3.837692	4.7825623	3.2451313	3.671778	4.1457686	4.03112	3.411482	5.049438	2.9574547
ATP1B1_8103	5.910549	5.390596	4.1996894	5.2610955	5.281925	5.51948	5.1903563	5.3303385	5.414885	5.4813056	4.5571055	5.7078004	6.2180586	4.803421	6.149468	4.510401	5.2633796	5.4810195	5.5574236	5.7920723	5.3280163	5.174639	5.509808	5.8232393	5.8050365	5.204421	5.7333097	5.675576	4.5734663	5.590739	5.0528755	4.801377	4.760747	5.445866	4.8764534	4.7538667	5.24684	5.760029	5.7477226	5.170004	4.646217	5.219322	4.4102645	5.8880386	5.2690854	5.603762	5.502146	5.364553	5.0779867	5.6585402	5.24465
ATP2C1_8107	5.179499	5.3687654	4.354751	4.858544	4.7428775	5.2590685	5.0102134	4.4854455	5.2902575	4.693933	4.215834	5.1277866	5.002205	4.9092603	5.3672004	3.9271011	4.5179744	5.096293	5.3186493	5.447765	4.8819904	5.076602	5.0926113	5.515315	5.409452	5.1786733	4.9068465	5.390823	4.187033	4.5814013	4.768235	4.3292627	4.869225	4.4067645	5.181664	4.522548	4.534984	4.4268055	5.06828	4.775837	5.3071384	5.412288	4.22728	4.748248	4.3917923	5.126309	5.1311197	4.732349	4.631086	5.0782957	4.872856
ATP5C1_8109	9.572076	10.88925	10.77399	10.556769	10.893008	9.842686	10.646359	10.68878	10.66946	10.506682	10.372333	9.832276	9.829372	10.635644	10.1404505	10.80937	10.363919	10.974396	9.527244	10.742063	10.048867	10.621258	9.66565	10.416493	9.3365345	9.504322	9.861489	9.892129	10.844448	9.528227	10.3878	10.870583	10.795372	10.986805	10.172354	10.685441	10.749574	10.950838	10.344776	11.013507	11.15671	10.254288	10.920827	9.778401	10.709864	11.299666	10.139968	10.702163	10.826013	9.796901	10.8142185
ATP5L_33116	4.6747956	5.665901	5.693086	5.6540136	5.070358	4.6034255	5.037367	5.372352	5.9144597	4.4476104	4.5844727	4.66399	5.155082	5.556239	5.2216306	5.415738	4.7361727	5.3566184	4.772864	6.0855417	5.1368475	5.193472	4.6489487	5.2886386	5.14887	4.860204	4.9375095	5.5176296	4.9600377	4.7664943	5.2535195	6.0150948	5.2630587	5.4928746	5.096683	4.6994205	5.7414494	5.8589272	4.7570624	5.809545	6.454076	5.338169	5.7258396	4.9121966	4.8514056	6.367327	5.305279	5.2021847	5.3746824	4.95923	5.399867
ATP6AP1_33058	6.8908772	6.959767	6.153722	6.6777096	6.879594	7.190805	6.5462375	6.375638	7.032646	6.6874957	6.2618666	7.089731	7.172956	6.7260265	7.5483584	5.900657	6.274665	6.6703897	7.0904756	7.2730613	7.1057615	6.832213	7.2263727	6.9858365	6.872891	6.964844	6.970093	7.0450587	6.4512773	7.108415	6.911303	6.26116	6.5994883	6.45319	7.1655154	6.3027344	6.5457892	6.694049	7.2666864	6.911104	6.7021446	6.9435763	6.155564	7.0964427	6.502437	6.4875917	7.159463	7.264517	6.163828	7.1310077	6.858577
ATP6V0D1_33093	4.709909	4.6403866	4.1440635	3.9701722	4.424204	4.114065	4.0806427	4.406767	4.603037	4.1910696	4.1804013	4.3380494	4.704761	3.781712	4.705393	4.0964723	4.4490504	4.4534655	4.375311	4.432127	4.9164205	3.4549482	4.109333	4.258289	4.545173	4.217966	4.3907466	4.4408975	4.152537	4.2744603	3.5724802	3.537568	4.5157533	4.195664	3.6740885	3.458468	4.4398866	4.589258	4.448411	4.775837	4.646217	3.7861276	4.22728	4.713098	3.4981349	4.860753	4.7384453	4.2126923	4.554239	3.9744961	4.370676
ATP6V1D_8113	6.3043423	6.294434	6.6593714	6.59054	6.680724	6.466124	6.707067	6.5413313	6.9690166	6.3971505	5.377605	6.2105064	6.3293686	6.656801	6.29	6.349303	6.4258	6.338905	6.3855557	6.85427	6.116198	6.554816	6.0583363	6.628475	6.20531	6.0204997	6.6473336	6.4863734	6.333032	6.4406905	6.0951004	6.3005395	6.620334	6.652674	6.357004	5.881601	6.717803	6.962193	6.6985087	6.938359	7.414067	6.395249	6.771882	6.248696	6.0001397	7.088091	6.526911	6.0294333	6.466079	6.2467184	6.6086764
ATP6V1F_8114	7.362933	8.011448	7.521893	8.075614	8.105597	7.731524	7.9810286	7.6954026	7.86179	7.6769047	7.466138	7.225654	7.488093	7.826662	7.674943	7.5518684	7.886781	7.969706	7.4429126	7.919866	7.1498384	7.635854	7.3486795	7.780392	7.5304837	7.4789653	7.2520947	7.389886	7.9137597	7.1556044	7.7677994	7.774152	7.95	7.871304	7.733115	7.5573664	7.932342	7.9071736	7.882751	8.17517	8.09965	7.7891393	7.870507	7.408042	7.9446282	8.044074	7.5881186	7.825581	7.748308	7.4943514	7.8977156
AZGP1_33120	12.356843	11.91264	11.749026	11.6031275	11.975629	12.141194	12.093946	11.705393	11.883458	11.880159	11.87857	12.386522	12.21362	11.75093	12.066086	11.812583	12.010025	12.273668	12.221062	11.878374	11.929299	11.718101	12.011629	11.6226015	12.136258	11.989227	12.046344	11.847322	12.1006775	11.888296	11.785258	11.822241	12.078134	11.769155	11.897408	11.769398	11.886789	11.92882	11.833406	11.944247	11.880247	11.885979	11.685501	11.867608	11.968431	12.08213	11.89903	12.113886	11.717709	12.354942	11.807393
B3GNT2_32526	4.8103943	4.843981	3.7559724	4.605421	4.3723383	4.2528214	4.364126	4.7631946	5.034578	4.108535	3.8604286	4.0338454	4.1950135	4.225969	4.551419	4.9246063	4.6155543	4.2816463	5.158619	5.059695	4.7354136	3.8838544	4.424596	4.164128	4.0289	4.6514254	4.7429204	4.8064847	4.4651933	3.9467263	4.5415487	4.427398	4.79782	4.195664	4.3488812	3.8569942	3.9808064	4.589258	4.6109753	4.649599	4.817839	4.5804653	4.4526014	4.748248	4.306021	5.01427	4.47233	4.9181933	4.903098	4.7598963	4.712838
B4GALT1_8124	4.009233	3.8933594	2.1619017	3.7009778	2.967741	4.8565345	2.4022055	3.6199527	4.1077867	3.7211092	3.6691785	4.5102053	4.0465326	3.539506	4.2844353	2.9320772	2.9904869	2.7081409	4.740924	3.9731874	3.9301062	3.6310537	4.464495	4.3466787	3.9113815	3.8118882	4.3457317	4.676601	3.5019276	4.6583104	3.9414568	2.8811386	3.2430704	4.077273	4.3970637	3.2469792	2.6266706	3.572272	4.055234	3.8275614	4.1764603	3.5438585	3.63202	4.350994	2.93812	3.4312084	4.47233	3.580566	3.411482	4.5697665	3.7990685
BACE2_8127	3.8293307	4.6763773	3.4235945	4.0880117	3.9452639	3.522194	3.3483052	3.4732275	4.326662	3.7211092	3.324294	3.9762692	3.8213115	4.225969	3.446748	3.4526122	3.732442	4.1873994	3.9968476	4.616394	3.7885811	3.7375457	3.6371455	4.469871	3.2172866	3.5154157	3.4149964	4.1590195	3.4460533	3.437199	4.031601	3.9870539	3.7000437	3.5640745	4.4436893	2.6995428	3.9808064	4.589258	4.9817553	4.4744816	4.7516193	4.174781	3.63202	3.4200125	3.7133195	4.1670337	4.2468505	3.8959892	3.5760143	3.9744961	4.570675
BAG3_8129	4.2187696	3.200062	2.552146	2.8078547	2.6569214	4.7036157	3.0613632	3.2206914	2.1797314	2.9263053	2.6802902	4.0338454	4.286138	2.5752249	3.7596574	2.9320772	2.399263	3.5178556	3.318902	3.7548423	3.8610783	3.180722	3.410797	2.9355001	4.4216714	3.4306927	4.041434	3.3441162	2.1515164	4.0644393	2.9880874	2.8811386	2.8779507	3.2723231	4.616441	2.8064463	2.7898166	4.469166	2.0891902	3.6410902	3.3909214	2.5356345	3.104098	3.8664052	2.2125611	2.297121	3.4107835	2.9218345	2.075009	3.5490766	2.708643
BAK1_33110	3.1985953	2.8678937	2.3701787	3.3697603	3.8724551	2.7713106	2.5603254	3.7531235	4.4247885	3.189834	2.3383918	3.5721645	4.0465326	4.225969	4.016648	2.109709	3.0843768	3.4382432	2.9230795	4.3303432	3.4555352	3.0212092	2.2057867	3.8379865	3.0042105	3.141831	3.4996274	3.8571408	2.8983095	3.0373778	4.2724814	1.9373132	2.570392	3.7302246	3.6740885	3.2469792	3.1911995	3.7884288	3.8094523	3.8275614	4.226075	3.5438585	2.4416173	3.4200125	3.2451313	3.5159345	3.3209047	3.176305	3.4960926	2.9431233	4.1384206
BAMBI_8130	2.8664734	2.737684	2.552146	3.6250265	3.4403665	3.1950624	2.5603254	3.2206914	3.1321692	3.4797902	3.115025	2.8891323	3.4790516	3.0152833	3.446748	2.2599542	2.7821121	2.5655518	3.0326717	3.0622413	3.1430392	3.254318	3.410797	3.7756684	3.6430259	3.8118882	3.2292056	3.273985	2.284903	3.7499197	3.6878698	3.013425	3.4435291	3.6495402	3.5936723	2.5840793	3.303507	4.469166	3.3383183	3.2640922	3.2054758	3.5438585	3.3920732	3.1313937	2.8193185	2.297121	3.9195037	2.7755125	3.1230586	2.506785	2.5660443
BANF1_8131	2.0518599	2.257008	1.9183995	2.5029805	2.6569214	2.3445714	2.2245977	3.2206914	1.9352914	2.1873605	3.1882064	1.5471903	2.372859	2.3926249	2.9264696	2.7408507	2.8900583	2.9569383	2.675235	2.7828603	1.9443585	3.0212092	2.2057867	2.8167326	2.7541187	2.091197	2.462306	2.2793913	2.406994	2.482375	2.4482956	1.9373132	2.1789894	2.7601511	1.6211139	2.1691005	2.4426951	2.0718946	2.6341627	3.4268885	3.1029732	2.5356345	1.1804214	2.7702174	2.5476058	2.911615	2.7615314	2.2186248	2.075009	2.506785	3.1696014
BAX_8132	6.0125084	5.985725	5.2149196	5.8994265	5.607677	5.5909896	5.328666	5.392909	5.89747	4.879594	5.212011	5.9809394	5.880642	5.3461456	5.7850356	5.1909714	5.503241	5.5007486	5.6289735	6.1316576	5.8394847	5.284115	5.369748	5.4766626	5.7547436	5.5030246	5.834532	5.805548	5.1815076	6.0275593	5.7415185	3.9870539	5.094515	5.445866	5.9678993	5.3208947	5.2184687	6.1598	5.799231	6.0781217	6.0201087	6.0684595	4.882382	5.4915085	5.43989	5.697437	5.5424714	5.8214126	5.5432262	5.7330236	5.6501427
BBOX1_8133	8.452244	8.21174	7.9806714	8.061276	7.8115106	7.9410224	7.7946796	7.8631735	8.210261	7.4316387	7.635974	8.406653	8.524399	7.988353	8.582268	7.5591345	7.534294	8.058911	8.77866	8.531792	8.2698555	7.761067	8.365477	8.556256	8.575689	8.404466	8.336337	8.497521	7.39217	8.6538925	7.85988	7.7073517	7.945877	7.8578997	8.198364	7.391264	7.949706	7.7399235	8.144102	7.880718	7.9115524	8.106277	8.001045	8.292106	7.527994	8.110291	8.141338	7.9069147	7.682129	8.153235	8.092395
BCL2A1_8136	1.5299913	1.176321	2.1619017	2.8078547	2.6569214	1.9685107	2.8324869	2.6667733	2.5711837	3.189834	2.4615827	2.6150863	1.9947519	3.62484	2.4910152	2.7408507	2.2451668	2.5655518	1.9974787	3.4974551	1.6491554	1.7539579	1.488839	2.38735	2.2723026	0.0	2.077968	2.2793913	2.8125298	0.7272255	2.159341	3.1345942	3.1313257	2.204507	2.9855762	2.5840793	2.6266706	3.49237	3.0287817	2.4829574	3.8990247	1.6473541	2.6006784	2.7702174	2.8193185	3.5159345	2.074421	2.9218345	3.411482	1.2253668	2.9574547
BCL2L1_8137	5.102316	3.8933594	2.9909706	4.1969485	3.7957757	4.7036157	3.3483052	3.6199527	4.603037	3.0196002	3.3878083	4.3380494	4.831187	3.923187	5.1157255	2.2599542	3.2556021	3.066902	4.6748405	4.5724864	3.2548962	4.2140403	4.781215	4.3031607	4.545173	4.5745316	4.1501555	4.7299657	3.3273613	4.867128	3.8941805	3.1345942	3.1313257	3.1603029	4.616441	2.5840793	3.1911995	4.0339556	3.9375708	3.5018787	4.0164742	4.514691	3.30232	4.6401196	3.047878	3.3411944	4.47233	4.0942173	2.6186037	4.5697665	4.2822084
BCL2L2_32990	4.2187696	3.200062	3.111882	2.3223944	4.204518	3.7265353	2.951459	3.1256318	3.7772083	3.3420844	3.448644	3.7198045	3.6939778	3.352018	3.1575243	3.0189555	3.7893128	3.5178556	3.318902	2.7828603	3.2548962	3.391122	3.326703	2.9355001	3.8488257	4.1664968	3.0159018	3.8083558	3.2641406	2.9173408	3.2357452	2.1818647	3.7000437	2.9062183	3.8226066	2.9990726	3.0694053	4.664103	3.1395056	4.0437536	4.5714116	3.4055345	2.7439313	3.504673	3.573486	4.113659	3.3209047	3.580566	2.075009	3.5490766	3.3545144
BDH1_8139	8.361308	7.3534966	6.669257	7.3074007	7.118716	8.734061	6.9832406	7.1180377	7.6750245	7.541894	7.5656204	8.387456	7.962269	7.4478054	8.309516	6.8827524	7.833695	7.233038	8.180532	7.72306	7.8113446	7.1731143	8.552956	7.669092	8.7268305	8.445529	8.155785	8.858135	6.8728213	8.452678	7.5563054	6.723926	7.0081677	6.9675775	7.532029	7.1436057	7.10637	7.856212	7.4604473	7.8197365	7.4033237	7.6467156	6.6129694	8.0635195	7.275012	7.263745	7.554006	7.504081	6.801461	8.381673	7.2628174
BECN1_8140	7.283579	5.6111693	4.916016	5.492423	5.1025486	6.926292	4.7396665	5.124485	6.28483	5.250605	4.8555355	7.194434	7.01542	5.4666176	7.05582	4.35209	5.159351	5.2440724	6.998916	6.7398314	6.8448205	5.6126795	6.7574687	6.628475	7.195501	7.0310907	6.9774895	7.1564507	4.8989177	6.846101	5.9865913	5.0372314	5.094515	5.0653367	6.1616507	4.7538667	5.0354204	5.725497	6.2577295	5.950074	5.635596	6.5009394	4.851072	6.9227157	4.724913	5.179226	6.4335046	5.99678	4.903098	6.719397	5.702215
BGN_32910	6.883207	7.085549	5.5506105	6.5083714	6.5112243	5.889298	6.0688534	6.0657496	6.6919537	5.8674827	5.483158	6.513432	6.897541	6.8901343	6.6726785	6.823644	5.3223767	5.2672954	6.3542304	7.1289315	6.1742597	6.3349786	6.134512	7.0265446	6.48784	6.636373	6.383467	6.5545177	5.5294666	6.614812	7.308391	6.150569	6.5994883	6.8001313	6.485126	5.869323	6.401823	6.984269	6.725386	6.938359	7.169728	6.7570558	6.347281	6.2730365	5.901239	6.1591787	7.1723695	6.701227	6.9810004	6.1548753	6.5903707
BHLHE40_8141	6.859948	6.2828074	4.8127723	4.9547606	4.9692383	4.5684204	4.7723575	4.7312627	6.4914274	4.0654263	4.8778276	5.9058294	6.3293686	5.100155	6.429147	4.2835584	4.483924	4.6429377	7.713644	7.14401	6.817753	5.0967493	6.587203	5.7440844	5.0128355	6.455212	7.006702	6.8954372	4.649651	6.255067	5.196201	4.6056614	5.1529117	4.1376824	5.5658035	4.5839467	3.911607	3.572272	6.8031383	6.0155177	4.646217	6.8599653	5.084369	6.0517416	4.349544	6.5491967	5.763282	5.3387294	5.2090974	6.344987	6.424614
BHMT_8143	9.263383	9.230642	8.786713	8.37996	8.89815	9.936612	8.6268835	9.0867605	9.061059	8.806963	9.170544	10.076159	10.752225	8.796148	10.55812	8.484562	9.184655	8.68366	10.102549	9.522648	10.095629	9.277944	10.165171	9.721728	10.096362	10.413738	9.128551	10.236692	8.2189455	9.660304	9.192194	8.199164	9.048619	8.845761	9.359871	8.327619	8.017143	9.042097	8.715124	8.643109	8.271947	9.666134	8.408414	9.672593	8.42075	8.642604	9.132191	9.729354	8.545979	9.647246	8.800288
BHMT2_8144	10.887605	9.746612	9.114333	9.1663265	9.433898	10.9107685	9.360599	9.281241	9.636827	9.740028	10.057773	11.011546	11.0652685	8.989537	10.890684	8.789557	9.952363	9.792085	11.026892	10.103586	10.340329	9.56502	10.96733	9.660537	11.16072	10.879015	10.369988	10.576931	9.2175665	10.906522	9.538104	8.532567	9.3195095	9.156152	10.253929	9.21932	8.822699	9.89879	9.797078	9.764436	9.58811	9.99865	8.546754	10.370592	9.131307	9.153027	9.510617	10.184702	8.910171	10.986528	9.287349
BID_8145	4.601897	4.1707234	2.9909706	3.5448534	2.967741	4.4957547	4.181454	3.393861	3.7772083	3.2679667	3.0379322	4.1425314	4.452749	3.539506	4.4677963	3.178435	3.0843768	4.1378617	3.8246934	4.5272	3.8610783	3.180722	4.541129	3.2424362	4.0289	4.5745316	4.041434	3.7578633	2.8983095	3.602016	3.79471	3.3501055	2.1789894	3.038847	4.138241	3.0865276	3.1911995	3.7884288	3.7408574	3.2640922	4.1764603	3.7292666	2.7439313	4.3960176	3.4186301	3.940554	3.7229755	3.7468808	3.65174	4.201315	3.5183966
BIRC2_8146	7.587224	7.1763196	6.0210533	6.8036327	5.715683	6.417777	6.120553	5.859658	7.071035	5.4141674	5.0643263	7.427105	6.6879463	6.2498837	6.797809	6.2177477	5.2431655	5.78445	7.6505737	7.597237	7.501265	5.733413	7.232163	6.574588	6.5965385	7.073623	7.0564423	7.398152	6.0440793	7.148957	6.679997	6.482766	6.512955	6.4048476	6.8391385	5.9531536	5.7414494	6.185435	6.769098	6.8621335	6.8118243	7.152628	6.2900596	6.867838	6.040535	6.617894	7.023616	6.799162	6.311225	7.2750735	6.8813415
BIRC3_8147	4.358093	4.220327	3.9630284	4.605421	3.4403665	3.788687	3.512115	3.688074	5.0954394	3.7211092	2.6802902	4.3830523	3.315628	3.7054071	3.68756	3.6829114	3.4794793	3.1690745	4.6055846	4.9265103	3.7885811	3.1031692	3.7704499	4.164128	4.0289	4.00006	4.299267	4.306832	3.5557184	4.1198797	4.2350254	3.7034492	3.9835975	3.1603029	4.488855	3.3913584	3.6815434	4.089322	4.4047375	3.9926662	4.226075	4.3733993	3.9002123	5.087121	3.047878	4.8279877	4.2948537	4.0942173	3.321599	3.0634718	3.9786994
BLCAP_8149	5.388989	3.4698832	3.5141387	3.8418446	4.318538	5.608327	3.9148438	3.8750339	4.274977	3.0196002	3.6691785	5.1539893	4.5661826	3.9890406	5.1157255	3.178435	3.2556021	3.7985182	5.462688	4.994639	4.4364834	3.6310537	4.424596	4.5087037	5.788466	5.5030246	5.108945	4.925635	3.706012	4.899171	4.413279	3.7797458	4.4238806	4.305072	4.910049	3.8063707	3.6815434	4.9598265	4.3597	4.919528	4.1764603	4.514691	2.6006784	5.1672235	3.840789	3.5159345	4.513486	4.4722323	3.65174	4.98993	3.6655471
BLMH_8150	5.646274	4.843981	3.7559724	4.644416	3.4403665	5.1684685	3.512115	3.7531235	5.153837	3.7211092	3.2578542	5.7427506	5.742663	4.4294205	5.5409293	3.0189555	4.260792	3.7333038	5.5389676	4.6590047	5.4967923	4.4825535	5.167044	5.2886386	5.720214	5.8018064	5.6799045	5.8544264	3.6075757	5.667165	4.1164427	3.7034492	3.534197	4.3568144	5.362414	3.9990063	4.580281	4.627166	5.2018695	4.946625	4.9418035	4.8706985	4.2752476	5.532412	3.573486	4.9241333	5.0495234	4.608145	2.8927681	5.3626266	4.3271203
BLOC1S2_33034	4.358093	4.010777	4.304893	4.0880117	4.2626543	4.3384256	4.131929	4.091718	4.3765597	4.4476104	3.5070176	4.0338454	4.2412953	3.7054071	3.8283224	3.881458	4.4490504	3.9207184	4.0499516	4.3303432	4.338317	3.787982	4.613897	4.583367	4.464024	4.217966	3.9838378	4.4408975	3.0559347	4.8343573	3.987233	3.2463703	3.3467786	4.077273	4.2990336	3.6994612	3.303507	4.550328	4.3597	4.1408014	5.1360044	4.174781	3.5563867	4.155379	4.1174774	4.1670337	4.630346	4.1546707	4.0377917	4.397271	3.9212723
BLVRA_8151	1.8143951	3.200062	0.0	1.2227256	2.2602103	1.9685107	0.0	1.4768263	2.3886938	1.823375	2.3383918	2.0718052	2.8013556	2.7372885	2.4910152	1.7521499	2.7821121	1.7907331	1.9974787	2.4360592	1.6491554	2.3981004	3.0402825	2.2101986	1.1871207	2.2966683	2.077968	2.5406258	2.1515164	3.437199	2.5736196	1.6426728	1.9345882	2.597612	2.157111	1.3212922	1.9846656	2.2765746	2.2945795	2.9792266	1.5350422	2.3964808	1.1804214	1.5561608	1.4944088	2.297121	2.074421	1.6747757	2.075009	2.1194797	1.5087776
BMF_8152	4.934336	3.5496664	2.1619017	3.2735412	3.1011837	4.766741	3.2588525	2.6667733	3.9186504	3.0196002	2.2036915	4.4266934	4.1471977	3.1364734	4.630459	3.0189555	2.8900583	2.0267587	4.244742	3.7548423	3.712247	3.0212092	3.8327506	3.4953887	5.1226697	4.4933076	4.096819	3.8571408	3.1287267	3.1481903	3.6878698	2.3909085	3.2430704	4.195664	3.8915	2.1691005	4.109979	4.338161	3.8094523	2.8702326	2.8731365	4.086987	2.99374	3.9290164	3.2451313	2.6368403	3.791503	3.6661186	3.7236884	3.9117455	3.733852
BNIP3_8154	5.179499	4.3596587	4.0862064	4.143508	3.9452639	4.4580016	3.512115	3.1256318	3.7009227	3.0196002	3.1882064	5.0179405	4.737421	4.225969	5.030861	3.3220272	3.8440266	3.2644873	5.4429708	4.994639	4.388235	3.973751	4.9311295	4.786641	4.8626266	4.9235835	4.810742	5.3573	3.3879275	4.3690176	3.8941805	2.7354863	4.3257575	3.5640745	4.8764534	2.9990726	4.284343	4.383164	4.055234	3.3477855	4.2740407	4.5479527	3.63202	4.602197	3.9579048	4.493851	4.4299655	4.1546707	3.4960926	5.16156	3.7990685
BNIP3L_8155	7.524507	7.7537484	7.048287	7.7262306	7.409911	7.8234673	7.2789125	7.242188	7.926032	7.3076386	6.67856	7.3498664	7.7939296	7.576547	7.825307	7.004847	6.908993	7.4362407	7.4772444	7.6457157	7.687228	7.5868382	7.6199875	8.064005	7.495179	7.206972	7.3915086	8.002117	6.9799924	7.592812	7.2810855	6.9798403	7.114847	7.531909	7.4022965	6.5988636	7.196402	7.9338865	7.5732408	7.7054014	7.755576	7.5759187	7.5185814	7.380302	7.35193	7.505664	7.5441093	7.704425	7.2174215	7.5261188	7.797549
BPHL_8157	5.388989	5.07724	5.2416673	5.2100205	5.337082	6.610771	5.393147	5.2870646	5.182173	5.7362013	5.102689	5.7253814	6.0331206	5.681025	5.456678	4.7063746	6.3522105	6.075051	5.7622337	5.495572	5.727598	4.8813667	6.531942	4.9924426	6.37028	5.7502966	5.486098	6.3309855	5.5428467	5.4891353	4.819748	4.9736853	5.094515	4.6334615	5.54457	4.7803383	4.8990626	5.981055	5.123209	6.6311083	5.283899	5.357059	5.5022364	6.037604	5.43989	6.1722903	5.183061	5.439362	5.9253006	6.141264	5.501328
BTG3_33276	2.5931726	3.097608	2.713711	3.8418446	2.472159	2.3445714	3.1634846	3.5484548	3.535067	2.4777672	2.8701653	3.6478724	3.315628	3.923187	3.446748	2.8396301	2.399263	3.5933034	3.6291769	3.4974551	1.6491554	2.3981004	2.3827975	3.3317733	3.7149374	2.4764907	1.8390311	3.5361161	2.8983095	2.9173408	3.07545	3.2463703	3.3467786	3.038847	3.5936723	1.8065978	3.1911995	3.0089254	3.5930324	3.1752434	3.7027097	2.887088	4.0729947	4.10203	3.1498733	2.476957	3.2250526	2.7755125	2.6186037	3.2776825	3.1696014
C1QA_8167	2.736285	2.8678937	0.76129264	3.6250265	0.8140356	2.3445714	1.153547	2.5249715	3.9844897	2.8265579	0.0	3.2219887	3.6258323	3.2482674	3.2605107	0.96157944	0.6176906	1.1570135	3.6291769	3.9040134	3.1430392	3.1031692	1.769281	4.4299645	3.4029047	3.595438	3.4149964	3.273985	1.1960433	3.3471458	3.3096738	1.6426728	1.2698381	2.204507	3.1064248	0.9994701	2.2317815	1.1901431	4.110652	3.1752434	1.1797101	2.9874854	1.8208362	3.0207527	2.0104735	1.2047167	3.7229755	3.288475	1.5499562	2.6673462	3.8614638
C1QB_8168	2.8664734	4.403265	3.9630284	4.298234	4.424204	2.5012665	3.8550549	4.280068	4.6443586	4.544975	3.5070176	2.6150863	3.1312993	4.5213094	3.8283224	3.7855976	4.13479	4.1873994	3.2296562	4.9609766	4.338317	3.6310537	2.930607	4.5087037	3.4874642	2.911122	2.282898	3.651246	3.966478	2.6423824	4.157063	3.3501055	4.470548	4.501759	3.8226066	4.0433984	4.534984	4.664103	3.6688373	4.745298	4.717334	3.8935378	4.22728	2.4668374	4.3917923	5.4826813	4.1457686	3.8959892	4.2955856	2.8118143	4.0871205
C1QBP_8169	4.3131304	4.4455914	4.354751	4.5241194	4.658778	4.5684204	4.6719747	4.665197	4.1656966	4.378847	4.921405	4.80295	4.8904743	4.4294205	4.7766256	4.174241	4.413313	4.493403	4.8939905	4.740627	5.1073456	3.973751	5.2378244	4.878458	4.0842543	4.7595882	4.517932	5.214828	3.5019276	4.6952806	4.478839	4.223962	4.6434445	4.1376824	4.770701	4.425254	4.825725	5.4574223	4.531982	5.3017626	5.374692	4.5479527	4.4937305	4.816079	4.3917923	4.8927913	4.7033043	4.8828907	4.247581	4.60985	4.643507
C1QC_8170	5.388989	6.4584446	5.768599	6.352251	5.891794	5.0209155	6.2768245	5.6705575	6.651992	6.8987064	6.091113	5.4361095	6.3400416	6.2764993	6.3727903	5.5675635	6.6185894	6.06183	5.8546762	6.9602942	5.35337	6.256555	5.637466	6.8181925	5.666818	5.4175487	5.486098	5.805548	5.5692406	5.4464016	6.378858	5.7182517	6.270765	5.92866	6.623192	5.964741	5.97984	6.0524473	6.6803083	6.444111	6.167067	6.422406	5.759956	5.114319	6.0271955	6.455774	6.5665593	5.6217394	6.227083	5.338973	6.524408
C1R_8171	3.8293307	2.053109	2.3701787	2.3223944	2.472159	3.9605298	1.7862632	1.7560883	2.3886938	2.4777672	1.2341714	3.7198045	3.6939778	3.1364734	3.3566325	1.5335042	1.8765994	1.5083932	4.375311	3.0622413	4.05898	1.9438806	3.1422062	2.9355001	4.238611	4.1664968	3.5795677	3.0404751	2.004529	4.1198797	2.9880874	2.1818647	2.1789894	1.9587818	3.8226066	2.1691005	2.6266706	2.7587066	3.0287817	2.7523265	2.7428484	2.5356345	0.7077145	3.8009534	2.0104735	1.5643196	2.4585013	3.288475	1.8362379	3.846141	2.027206
C1S_8172	7.861553	7.085549	5.7868752	6.6004896	6.4870415	7.974833	6.969209	6.4945416	6.2717047	6.75688	6.5103946	7.9488153	8.078363	7.0060015	7.7826853	5.299074	7.21431	6.552461	8.141308	7.1289315	7.199615	6.63966	7.7140183	7.305486	8.212475	8.075253	7.4243546	6.779997	5.905939	7.8315387	6.863011	6.388449	6.786325	6.35483	8.051806	6.0757713	6.4993787	6.440911	7.1786656	5.7337894	6.2533484	6.839962	6.168322	8.00296	6.717026	5.8683033	7.4358783	7.0663433	6.2516284	7.852758	6.424614
C2_32411	6.146698	5.155827	3.8283436	5.0449595	4.14394	5.625458	4.706218	4.365758	4.6443586	4.544975	3.324294	5.8903265	6.171013	4.5651484	6.2530107	3.7855976	3.9475968	3.9207184	6.15049	5.5188947	5.302209	4.320673	5.348582	5.4369464	5.666818	6.104947	5.784808	5.9587	3.798159	5.685655	4.8937244	3.4468794	4.1068897	4.305072	5.235658	4.0864654	4.580281	5.370696	4.9817553	4.919528	5.187006	5.4827843	3.9601355	5.9037127	3.900535	4.6889343	5.5224495	4.9526534	3.980205	5.821026	4.872856
C2CD2_8173	3.294242	2.987318	1.2570211	2.663456	1.7112163	2.7713106	2.5603254	2.914369	1.9352914	2.3398588	1.8894439	1.5471903	2.6721666	1.6441145	2.3107724	1.5335042	3.1725283	1.7907331	3.2296562	2.9293032	2.7435865	2.2619886	2.0039802	2.5451083	2.2723026	2.2966683	2.621851	2.7617311	1.4443876	2.3023815	1.7976378	0.77186805	1.9345882	1.2890483	1.9138626	2.5840793	1.9846656	3.2220936	3.0287817	2.6239195	2.261813	2.7791781	1.5358759	3.0207527	2.3897877	1.5643196	0.0	2.4290519	0.7160639	2.9431233	1.1573405
C2CD2L_8174	5.9255633	5.301219	4.1996894	4.8249907	4.6148157	6.2621818	4.181454	4.7631946	5.0954394	4.8289404	4.144076	5.635252	5.8511004	5.0078626	5.4994187	3.6829114	4.84748	5.3781114	5.252226	5.541846	5.221896	4.80994	5.770742	4.878458	5.931163	5.976347	5.6616545	5.8663917	4.520345	5.077782	5.361747	4.474071	4.470548	4.1376824	5.999454	4.391308	4.666819	5.478313	5.3928037	5.8531594	5.1360044	4.896752	4.3216715	5.685331	3.4981349	4.614036	5.6009226	5.051353	3.2257414	5.518157	4.643507
C3_8175	13.853412	12.757139	10.884196	12.024221	11.814312	13.88688	11.924997	11.813707	12.401794	12.129427	11.868168	14.131119	14.226034	11.63487	13.7395735	10.926718	11.816041	11.733395	13.63231	13.063688	13.915056	12.709529	14.303381	13.478514	14.161676	13.762063	13.746784	13.983236	11.541309	13.812728	12.730372	10.859089	11.534074	11.733511	13.959746	11.547522	11.467742	11.792633	13.3477745	11.540074	11.274136	13.481353	11.379885	14.0891075	11.582945	11.351379	13.297846	13.127928	11.355339	14.094403	12.030648
C4A_8176	7.3350906	5.9567504	4.304893	5.1298494	5.224576	7.711609	4.982539	4.446643	5.1249337	4.5132446	4.2504177	7.4537177	7.6555233	4.803421	6.98239	4.0964723	4.55124	4.570107	7.045422	5.884751	6.116198	5.385866	7.485863	6.1276417	7.321782	7.5905695	7.028229	7.402267	4.0809665	7.0525236	5.6870804	3.9212065	4.722696	4.195664	7.723699	3.458468	4.2285304	5.7937536	6.6051197	5.3225985	5.617119	6.630798	4.126278	7.583728	4.691478	5.7853985	6.7238746	6.0131993	4.593174	7.0385847	5.37869
C4BPA_32954	10.776577	10.712576	9.717608	10.44801	10.466483	10.606604	9.917686	9.764034	9.999279	9.321551	9.47562	10.821813	11.008696	10.299253	10.88213	9.720669	9.5450535	9.971582	11.059225	10.465008	10.7965	10.644968	10.444923	10.83843	10.822155	11.085796	10.715116	10.825859	9.7496605	10.895642	10.2230015	9.746803	10.179554	10.1484785	11.660127	9.622823	10.165649	10.244243	10.740265	10.153363	10.40799	10.914329	9.961517	11.213395	9.971907	10.941201	10.661532	10.686892	10.184422	10.586084	10.478872
C4BPB_8177	8.420799	8.242075	7.873585	8.314976	7.8873796	8.261776	8.117695	8.223137	8.357297	7.9764853	8.206457	8.872835	8.488873	8.215102	8.569788	7.622932	8.528311	8.228235	8.456079	8.455278	8.4944315	8.224132	8.841343	8.535251	8.514033	8.683822	8.31606	8.981533	7.924022	8.720417	8.06057	8.131622	8.057087	7.750772	8.918998	8.161335	8.259194	8.121532	8.719586	8.377896	8.377262	8.641187	8.384011	8.87255	8.173771	8.675207	8.71801	8.406869	8.125603	8.6013775	8.350746
C7_8179	5.7678885	7.170022	4.6625075	5.8334627	6.4870415	5.8750443	5.1158886	6.3961487	6.546958	5.044063	4.5292096	5.951363	6.059192	6.5626183	6.98239	6.010747	5.553356	3.9207184	5.462688	7.608152	5.892334	5.598619	5.0926113	6.7790194	5.573184	6.538548	6.1149697	6.422974	4.4651933	5.906667	6.2719555	5.678946	5.946914	5.995475	5.6870337	5.356518	5.638138	7.757121	6.8608418	5.9093337	7.0018463	6.6230154	6.712145	5.361342	5.537208	6.4875917	7.70376	6.6177917	6.0840683	4.4860954	6.4753737
C8A_8180	8.67071	8.21174	7.085676	7.8228855	7.6736755	8.577822	7.58064	7.691259	8.132529	7.541894	7.315041	8.611992	8.459808	8.201277	8.699175	7.2713265	7.630812	7.3077383	8.523341	7.9966326	8.661059	8.102365	8.1407385	8.357859	8.267318	8.577001	8.307282	8.387655	7.0843325	8.549237	7.85988	7.3362637	7.718257	7.8488936	8.251749	7.1887717	8.143239	8.337003	8.86365	8.377896	8.251127	8.36611	7.3440275	8.760809	7.3139834	8.604419	8.423633	7.820925	7.7697096	7.9060464	8.102118
C8B_8181	6.2093854	5.3465996	4.25325	4.9547606	4.8223433	5.9853153	4.982539	4.59596	5.366318	4.8289404	4.4421306	6.3530397	6.3819604	5.0392876	6.1086397	4.2116084	4.874015	4.5322647	6.198317	5.347118	6.130934	4.993074	6.4044127	5.3325906	6.4249067	6.3204226	5.9137754	6.3395944	4.2858334	6.2426324	5.176577	4.3292627	4.6434445	4.455044	5.6477447	4.522548	4.666819	4.627166	5.7301364	4.4744816	3.1029732	5.80514	5.0012403	6.1470075	4.820807	4.6519713	5.9547386	5.4634604	4.903098	6.221069	5.2678723
C8G_8182	8.822804	8.885297	8.927218	8.601733	8.758656	9.078434	8.848116	8.675232	8.230754	8.787199	8.745774	9.002869	8.93494	8.633223	8.927608	8.239771	8.634947	9.249343	8.943843	8.970734	8.430354	8.398602	9.055687	8.501956	9.054155	8.942834	8.470817	8.925448	8.591519	8.651543	8.531379	8.5075445	8.989759	8.735252	8.447484	8.50078	8.568286	8.816649	8.304205	8.867056	8.711446	8.512302	8.419129	8.697025	8.922011	8.506874	8.439735	8.726081	8.655805	8.692856	8.565105
C9_8183	10.349689	9.95601	9.403531	9.743733	9.687062	10.138055	9.557498	9.4587	9.747629	9.306589	9.182906	10.5314045	10.497822	9.696913	10.48224	9.3294935	9.544021	9.828645	10.391959	10.199624	10.400098	9.971875	10.25962	10.292624	10.056263	10.376709	10.539479	10.479997	9.653486	10.46773	9.844374	9.382506	9.431376	9.483041	11.133575	9.158813	9.866379	10.113475	10.43506	9.715058	10.089012	10.2835865	9.685705	10.635206	9.477452	10.319519	10.533584	10.246768	9.271431	10.2020035	9.974823
CALCOCO1_32442	3.8918242	2.737684	1.6252826	2.663456	1.7112163	1.9685107	2.0220141	1.9899611	2.3886938	2.0168164	1.70226	3.2219887	3.0294778	2.8829715	2.7953992	1.275699	1.8765994	1.5083932	3.6291769	2.6198554	2.1892972	2.1116846	3.5655706	3.1471999	2.884577	3.8773775	2.077968	3.7055392	1.4443876	2.6423824	0.580436	2.1818647	0.7703406	2.204507	2.9855762	1.3212922	0.0	2.2765746	2.778033	2.6239195	2.8731365	2.9874854	1.5358759	3.2341504	1.1451283	2.7807593	1.8356827	3.0546732	0.7160639	3.2776825	1.7911546
CALR_8190	9.625923	9.718838	9.02477	8.961549	9.235893	9.770406	9.392493	9.059694	8.933518	9.630605	9.565059	9.769047	9.562863	9.007524	9.751482	9.079595	10.287635	9.275349	9.779966	9.330077	9.456322	9.148809	9.911889	9.328783	9.773291	9.59593	9.556588	9.670355	9.155772	9.573609	9.217622	9.254667	9.110707	9.2836	9.746736	9.654472	10.181353	9.594804	9.835621	10.0940075	9.351533	9.385933	9.180882	9.713186	9.502974	9.797095	10.07873	9.583049	9.47667	9.675851	9.510629
CALU_8191	8.8046465	9.119016	8.947669	9.060377	8.886642	8.840593	8.500872	8.841496	9.081888	8.253526	8.106169	8.868886	8.89388	8.936281	9.201194	8.823142	8.336522	8.746981	9.088872	9.20085	9.114662	9.102231	8.799058	9.332846	8.972158	8.931315	8.876949	9.107857	8.474206	9.109139	8.914184	8.872348	8.6953125	9.156152	9.120781	8.3476715	9.664291	9.2138605	9.504292	9.287074	9.185894	9.021678	9.074764	8.963224	8.770139	9.16127	9.777762	9.137148	8.95943	8.3642025	9.358034
CAMSAP2_8192	5.2287517	4.779257	3.9630284	4.985458	4.204518	4.941065	4.447462	4.7312627	5.263986	4.02099	3.5070176	5.4361095	5.4591317	4.975738	5.2469354	4.510401	3.9475968	3.8609118	5.6971416	5.6085877	5.0772285	4.571624	4.297816	5.4766626	5.4936395	5.2297173	5.486098	5.689113	3.6075757	5.3798304	5.074243	4.3292627	4.5157533	5.001751	5.1538897	2.9990726	4.284343	5.074023	4.9817553	5.237387	4.9418035	5.1122093	4.22728	5.6108966	4.1174774	4.493851	5.3961062	4.732349	4.0931673	4.95923	5.2678723
CANT1_8193	4.5251174	3.6252677	2.713711	3.8418446	4.14394	5.1684685	3.4325337	3.688074	3.9186504	3.6054895	3.324294	4.5102053	3.9934368	3.352018	4.2844353	2.8396301	3.6732368	3.2644873	4.3330874	4.5272	3.9301062	4.0988927	4.5779715	3.7756684	4.730073	4.267662	4.7077756	4.7814264	3.6075757	4.1732683	3.79471	3.2463703	3.1313257	3.7302246	4.2990336	2.8064463	3.5048723	4.089322	3.6688373	4.7140985	3.555222	4.2167525	3.30232	4.67707	3.6450963	4.535035	4.1457686	4.0942173	2.4591324	4.723822	4.0871205
CAR14_8195	4.8423924	5.050063	4.581067	4.298234	4.6148157	4.8565345	4.982539	4.630994	4.4247885	5.044063	5.1764827	5.597562	5.2933	4.6891985	5.0014257	3.735168	5.302978	4.7457223	4.8939905	5.121943	4.6561337	5.0354424	4.8430624	4.96478	4.333043	5.0137186	5.108945	5.097908	4.4651933	4.8008246	4.8937244	4.0500264	4.722696	5.033894	4.1938534	5.1887937	4.624199	5.4147105	5.2271647	5.1232677	5.2362657	4.947489	4.7185583	4.972892	5.2230263	5.01427	5.417947	5.258363	5.0502715	4.98993	4.960986
CAR3_8196	12.033642	11.273582	11.583444	12.172489	11.759844	11.699844	11.854944	12.004872	11.048489	11.057855	11.81681	10.662103	12.565605	12.237677	11.842082	11.196809	11.246379	11.654953	13.009926	11.059356	12.643333	11.73828	12.70201	11.424876	13.227001	12.22014	11.631859	12.176812	11.942619	12.844158	11.764459	12.074978	11.365668	11.417107	11.516888	11.557361	11.31659	11.623019	11.443335	11.862573	11.440347	12.162369	11.895015	12.409944	12.265073	11.65412	11.389186	11.944983	11.891282	12.53015	12.430832
CAR5A_32361	6.585283	7.2257347	6.5985913	6.8544073	6.670023	7.026419	6.3544474	6.770702	6.7593293	6.2888765	6.236213	6.375484	7.32575	6.716338	7.3640594	6.616368	6.641938	6.903165	7.019031	7.0982933	6.742987	6.838209	6.4247813	7.0983176	6.857086	7.299471	6.1149697	6.524628	6.229267	6.7082076	6.856859	5.966954	6.6711683	7.0796037	6.7948656	6.5381103	6.853138	7.1300073	6.671121	6.8478312	6.5834355	6.866572	6.536304	6.8598247	6.6834054	6.3327103	6.6240616	6.9259796	7.1074142	6.1548753	7.010866
CARS2_32316	3.764007	3.6252677	2.8589911	2.9391065	2.967741	3.661585	2.7028143	3.5484548	2.5711837	2.4777672	2.6802902	3.0088224	3.554308	3.352018	3.3566325	1.275699	1.6496927	2.7081409	3.4029472	3.0622413	3.4555352	2.9343114	3.8327506	3.4953887	3.9713368	3.8118882	3.3250897	3.474912	2.5195544	3.52196	2.9880874	2.3909085	2.3879235	3.038847	2.7084813	3.5839908	1.9846656	2.7587066	3.5130224	2.9792266	2.7428484	3.1694758	3.2066107	3.7323904	3.1498733	1.8519349	3.7229755	3.6661186	2.8927681	3.2776825	3.4387813
CASK_8198	2.5931726	2.8678937	1.2570211	1.2227256	1.7112163	2.5012665	2.4022055	2.1911569	2.8787735	1.59992	1.4871172	3.0088224	2.1961572	2.3926249	2.7953992	2.6348078	1.0488179	1.7907331	2.8044732	2.6198554	3.1430392	2.2619886	2.0039802	2.9355001	1.8294263	1.2043949	1.1946218	2.7617311	1.4443876	1.2084577	2.3110406	1.6426728	1.9345882	2.204507	2.7084813	1.3212922	2.4426951	2.8892338	2.4743395	2.8702326	2.4405787	2.3964808	0.0	1.1977407	2.0104735	0.0	2.7615314	1.9721766	2.2798173	1.588432	1.5087776
CASP1_32985	2.4342844	3.8308609	3.326985	3.2735412	3.5377576	2.1687598	3.4325337	3.1256318	3.3476372	3.6644573	2.0551069	2.0718052	3.4790516	3.9890406	3.531564	2.5203478	3.0843768	3.066902	3.0326717	3.831355	2.7435865	2.9343114	2.3827975	4.5465183	3.6430259	2.7802737	3.4149964	3.410996	2.6239645	3.0373778	3.987233	2.8811386	2.7323515	3.3762684	4.0201387	3.1689827	2.9363732	3.119443	3.5130224	2.6239195	3.3011763	3.4763536	2.8742359	2.6264875	2.93812	3.4312084	3.8569224	2.7755125	2.075009	2.1194797	3.5938473
CASP2_8200	4.009233	3.6252677	2.9909706	3.3697603	3.335922	3.661585	2.7028143	3.023864	3.4443936	3.4797902	2.4615827	3.9762692	2.919921	3.352018	3.8938673	2.5203478	2.399263	3.5178556	3.5576375	3.831355	3.1430392	3.574707	3.326703	3.4953887	3.4874642	3.340682	3.5795677	3.9500241	2.8125298	3.9467263	3.1578226	3.4468794	2.7323515	3.8066347	3.8226066	3.0865276	3.303507	3.2220936	3.8749332	3.7680426	4.609299	3.4055345	3.7038848	4.5632515	3.4981349	4.3162427	4.47233	3.4896183	2.762189	3.7052414	4.2358537
CASP3_8201	4.8103943	5.07724	4.916016	5.157071	4.9692383	4.637601	4.8355975	4.996006	5.46187	5.0216846	4.9843984	4.700005	4.947421	4.803421	4.810965	4.732318	4.7928996	5.0701213	5.058514	5.347118	4.4831705	4.2140403	4.6489487	4.848497	5.0959854	4.7939124	4.7077756	5.4713736	4.674177	4.4577565	4.446431	4.68716	4.5595846	5.2130246	4.616441	4.522548	5.2184687	5.4362245	4.95172	5.7645707	5.792034	5.067034	5.3977675	4.602197	4.9107227	5.7853985	4.1457686	4.8828907	4.704046	4.5697665	5.016884
CASP7_8203	4.117802	4.7457724	4.25325	4.346329	4.2626543	4.82722	4.60095	4.235235	4.9710355	4.3066416	4.215834	4.3830523	4.097743	3.854183	4.424094	3.735168	4.178025	4.086562	3.9968476	4.8178773	4.4831705	4.5425406	3.8924718	4.654355	3.4874642	4.613491	4.671753	4.1590195	3.8421152	4.7664943	4.478839	3.537568	4.6021237	4.3568144	4.7336545	4.4908404	4.389879	4.8030634	4.448411	5.215274	5.460108	4.514691	3.104098	4.0466323	4.349544	4.6519713	3.791503	4.26847	4.1979237	3.3739324	4.5328317
CASP8_32959	2.4342844	3.3854282	1.6252826	1.8748931	1.3312725	1.9685107	2.2245977	2.3676975	3.0110276	2.3398588	1.4871172	1.8332136	1.7605959	2.7372885	2.1047523	2.9320772	1.8765994	2.2295449	1.9974787	3.4974551	2.3986237	2.841842	3.0402825	2.2101986	2.2723026	2.2966683	1.8390311	2.65541	2.004529	1.5686922	2.3110406	3.013425	2.7323515	2.204507	2.5470278	0.9994701	2.6266706	3.4077816	3.242334	3.0805616	1.8199238	1.8741015	2.2628205	2.7702174	1.7753943	1.8519349	2.4585013	2.4290519	2.075009	2.1194797	2.9574547
CASP9_8204	3.0961545	2.737684	1.9183995	0.7371988	2.6569214	2.8894746	2.7028143	2.6667733	2.8787735	2.0168164	2.5750768	3.2219887	3.4790516	1.9388802	3.2605107	2.6348078	2.399263	2.2295449	3.5576375	3.400333	3.0217755	2.2619886	3.4902585	2.2101986	3.4029047	2.6363633	3.1264923	3.0404751	1.4443876	3.437199	2.6889215	1.2719984	1.9345882	1.2890483	2.5470278	1.3212922	3.0694053	2.6151845	2.778033	2.7523265	3.3011763	2.6625395	0.0	3.8009534	1.4944088	1.5643196	3.65103	1.6747757	2.2798173	2.506785	2.708643
CAST_8205	7.6786833	7.18259	6.0364113	6.81222	6.879594	7.4769425	6.5272083	6.6219087	7.2951407	6.3530197	6.1194544	7.416321	7.625302	6.716338	7.480642	5.8182697	6.274665	6.679074	7.4478674	7.3269095	7.1498384	6.925282	7.3271995	7.5154953	7.4694223	7.49991	7.276286	7.50916	6.117457	7.264165	6.7809167	6.076881	6.467661	6.262895	7.0497165	6.1588264	6.7279024	6.3977003	7.2296185	6.375974	6.770621	7.125342	6.5164833	7.41899	6.423176	7.0671854	7.1464396	6.8085995	6.4555526	7.4173875	6.8276534
CAT_8206	11.920861	10.862162	9.631741	10.713969	10.524068	12.038421	10.350056	10.488445	10.986072	10.704921	10.4746065	11.920139	11.867674	10.459555	12.051574	10.123075	10.490968	10.275616	11.872464	11.131581	11.597551	10.834236	12.378767	11.1960535	11.905299	11.925344	11.659426	12.168983	10.27766	11.915234	10.971515	9.746803	10.248963	10.244315	11.117488	10.060312	10.391309	10.863712	11.058725	11.027058	10.678554	11.375077	9.994131	11.640611	10.268965	10.8333845	11.156887	11.37086	10.230684	12.068707	10.683778
CAV1_32536	3.764007	4.565594	2.3701787	3.9074347	3.335922	3.2840576	2.8324869	3.6199527	4.3765597	2.6036353	2.4615827	3.3178172	3.315628	3.923187	4.016648	3.100898	3.334152	3.1690745	2.675235	4.9609766	3.1430392	3.787982	3.2374017	4.848497	3.0042105	3.5154157	3.4149964	4.8064847	3.1287267	3.1481903	3.9414568	4.223962	3.3467786	3.7302246	3.6740885	2.9990726	3.5048723	4.8678265	4.6858673	4.0437536	4.881152	4.844166	4.0729947	3.5846395	3.7133195	4.4514565	4.7384453	4.03112	3.411482	2.506785	4.4939694
CBR1_8208	4.5251174	5.412101	5.1315656	5.44903	5.629935	4.766741	4.8355975	5.219618	5.2902575	5.2115946	5.0447555	4.6270533	5.248683	4.9092603	4.8772855	5.153059	5.302978	5.2440724	4.950942	5.6723776	4.9164205	4.785323	4.8124704	4.722014	4.830612	4.613491	4.5968914	5.2699165	5.5951605	4.899171	4.9640923	5.0372314	4.6434445	5.5606346	4.9749804	5.1887937	5.4312	5.9663424	4.921047	6.3659725	6.167067	5.219322	5.522252	5.114319	4.9953613	6.210925	4.8062587	5.3387294	5.158074	4.6488495	5.1970515
CCDC80_8213	2.2557068	3.200062	0.76129264	2.3223944	1.7112163	0.6624132	2.4022055	1.7560883	2.1797314	0.5924607	1.2341714	2.0718052	0.67545027	2.7372885	1.5756721	2.109709	2.072621	1.7907331	0.6768118	2.2253819	1.6491554	1.9438806	0.68006337	2.5451083	1.1871207	1.2043949	1.1946218	0.567391	2.406994	1.5686922	1.9897953	2.1818647	2.3879235	3.038847	2.7084813	1.8065978	1.9846656	2.455791	2.2945795	2.8702326	2.7428484	2.0700042	2.4416173	2.4668374	2.5476058	3.5159345	1.5494484	2.7755125	2.762189	0.7390483	2.4077895
CCDC86_8215	2.2557068	3.097608	2.552146	2.663456	2.472159	3.8482714	1.7862632	2.914369	2.5711837	2.1873605	1.8894439	2.455695	3.0294778	2.5752249	3.2605107	2.5203478	2.399263	2.5655518	1.9974787	2.4360592	2.7435865	1.7539579	2.8119028	2.6873035	3.2172866	3.4306927	3.1264923	2.8607516	2.7213259	2.3023815	2.159341	2.3909085	1.9345882	1.9587818	3.1064248	1.9992051	1.9846656	2.7587066	2.9088483	3.1752434	4.320462	2.2424579	2.0586884	3.5846395	1.4944088	2.476957	3.122376	1.6747757	2.8927681	3.174549	1.5087776
CCL24_33270	4.4016967	5.3465996	2.8589911	5.0155153	3.1011837	4.2528214	4.2293363	4.280068	5.7155666	4.636182	3.324294	5.2542853	4.637135	5.2687173	4.705393	3.7855976	3.7893128	3.9781444	4.8041124	4.5724864	4.7734776	4.3876204	4.109333	5.3325906	4.2865996	4.057699	4.041434	4.831115	3.5557184	3.8840604	5.074243	3.3501055	3.4435291	4.077273	5.208914	3.5839908	3.9808064	3.4077816	5.414987	4.4744816	3.8990247	4.9223433	3.9601355	5.7211556	3.4981349	4.362736	5.4606605	4.1546707	4.430701	3.629271	5.221047
CCL5_32784	2.4342844	1.8155732	0.76129264	3.1704433	1.7112163	2.6425977	0.689121	2.3676975	2.5711837	2.1873605	1.4871172	1.5471903	2.372859	2.8829715	1.5756721	2.109709	1.3803144	1.7907331	2.5332706	2.7828603	1.9443585	1.9438806	1.1403992	2.008209	2.7541187	2.7802737	2.282898	2.1285868	1.6561947	2.3023815	1.5758953	1.6426728	2.1789894	3.038847	1.6211139	2.1691005	3.303507	2.2765746	1.2029109	1.7203709	3.2054758	2.0700042	2.2628205	2.9009168	2.0104735	3.7438102	2.279205	1.2997124	3.4960926	0.7390483	2.2300112
CCL6_32398	1.1754036	3.6252677	2.1619017	3.5448534	2.2602103	0.6624132	1.5043167	1.9899611	3.4443936	3.6054895	2.956486	2.6150863	1.9947519	3.539506	2.6512198	2.7408507	2.5384767	3.066902	2.675235	3.7548423	2.7435865	2.9343114	0.0	3.5707264	2.2723026	1.851524	1.5525111	2.65541	2.7213259	2.482375	3.07545	2.8811386	2.570392	3.038847	3.1064248	2.4585645	3.0694053	3.2220936	2.9088483	2.1514747	2.992627	3.2525284	3.104098	0.7197537	2.5476058	3.3411944	2.7615314	2.6126575	2.6186037	1.588432	3.2650185
CCNB2_8223	3.9517226	3.097608	3.2234385	2.5029805	3.335922	3.2840576	4.131929	3.9323316	4.1077867	3.6054895	3.9888737	4.0892115	3.554308	4.052019	4.1832037	2.9320772	3.1725283	3.8609118	3.2296562	4.616394	4.119342	3.254318	3.4902585	4.5465183	3.8488257	4.6883883	4.096819	5.214828	2.7213259	4.2247515	3.7422786	4.427398	3.2430704	3.038847	3.7502577	2.1691005	2.7898166	3.8538375	4.215484	3.0805616	4.532502	4.3733993	3.104098	3.504673	3.9579048	3.671778	2.8921008	3.8233604	2.2798173	2.3260906	3.1696014
CCNC_32560	7.27774	7.501277	7.7251115	7.4790125	7.4163284	6.593464	7.290244	7.551963	7.4719563	6.584386	7.094838	7.3037996	7.3576136	7.4001894	7.453727	7.127221	7.0260134	7.764684	7.0967984	7.8248167	7.3457317	7.4681244	6.6663175	7.421958	6.896278	7.066621	7.3635545	7.2868156	7.4642615	7.3765507	7.299347	7.590414	7.493782	7.5652823	7.553447	7.307286	7.348149	7.6553125	7.8008823	8.005154	7.4921875	7.4139714	7.6149316	7.1760435	7.3836794	7.6249084	7.341897	7.420377	7.266423	6.8082094	7.73643
CCND1_8224	3.8293307	2.594546	2.3701787	2.9391065	2.8206856	3.3678806	2.4022055	3.023864	3.3476372	2.719398	2.0551069	3.2219887	2.919921	3.1364734	3.0466177	2.9320772	2.8900583	2.5655518	1.9974787	2.6198554	2.3986237	3.1031692	2.5404441	3.1471999	3.4874642	3.743284	3.4996274	1.769436	2.6239645	3.1481903	3.07545	3.013425	1.2698381	2.204507	3.2179284	1.5842559	1.9846656	3.49237	2.4743395	3.1752434	1.5350422	3.4055345	2.2628205	1.8430203	2.5476058	2.6368403	2.279205	1.6747757	2.075009	1.588432	2.4077895
CCNH_8229	5.048467	5.130104	5.0430994	5.0155153	5.1025486	5.2808566	4.406396	5.148863	5.6358576	4.952388	4.94271	5.046196	5.0288363	5.6609626	4.9406905	5.03295	4.84748	4.712268	5.2747087	5.4232535	5.221896	5.13622	4.613897	4.8179007	4.6219993	4.534491	4.9068465	5.5176296	5.0750184	4.6583104	5.4129605	5.0679846	5.2893295	4.935233	5.181664	4.45842	5.7414494	5.8267083	5.58115	5.6205697	6.3460236	5.1122093	5.3312507	5.0594006	4.9107227	5.991775	4.386319	4.9526534	5.3746824	5.049438	5.5399957
CCP110_8230	2.8664734	1.176321	1.9183995	2.1159258	1.3312725	1.9685107	1.153547	1.9899611	2.3886938	1.59992	1.4871172	2.2764814	2.372859	2.1835182	2.4910152	1.9419785	1.6496927	1.7907331	2.5332706	2.2253819	1.9443585	1.2772086	2.3827975	2.38735	2.6106799	2.091197	1.1946218	2.2793913	1.4443876	1.5686922	2.4482956	0.0	1.9345882	2.4144073	2.7084813	0.9994701	1.9846656	3.4077816	2.4743395	2.1514747	2.7428484	2.6625395	2.2628205	3.0207527	1.7753943	2.911615	2.074421	1.9721766	1.1924393	1.8782536	1.5087776
CCT2_8233	3.9517226	3.7655318	3.679778	3.6250265	3.7147906	3.3678806	3.512115	3.6199527	4.047455	4.02099	3.563121	3.1193392	3.6939778	3.4488056	3.8938673	3.3220272	3.4086447	3.5178556	3.4823647	4.1627893	4.05898	3.51607	3.5655706	3.7105362	3.7834342	3.6712542	3.4996274	4.341534	3.3879275	4.3690176	3.5111294	3.013425	3.8487759	3.4732254	4.1938534	3.5839908	2.7898166	3.572272	4.16402	3.9397032	4.1250777	3.6083453	3.63202	3.4200125	3.3344872	5.15301	3.7229755	4.03112	3.411482	3.9117455	3.6655471
CCT7_8237	4.564018	3.8308609	4.0862064	4.1969485	4.0807066	4.2528214	3.9722536	4.280068	4.047455	3.8281465	3.7194197	4.0338454	4.329629	3.4488056	4.5914803	2.9320772	4.260792	4.4123907	3.9417143	4.2766256	4.5722427	3.1031692	4.716597	3.2424362	4.464024	4.4933076	3.9238462	3.9943156	3.5557184	4.1732683	3.7422786	3.1345942	3.7000437	3.6495402	3.8915	3.9059012	3.9808064	4.627166	4.215484	4.1408014	4.226075	3.6700726	3.30232	4.350994	3.6450963	4.614036	3.7229755	4.2126923	3.7922184	4.1478653	4.0871205
CD320_8242	3.764007	3.6252677	1.6252826	3.6250265	2.2602103	2.3445714	3.0613632	2.3676975	3.7009227	2.6036353	2.5750768	3.1193392	3.0294778	3.1364734	3.1575243	3.252017	2.7821121	1.7907331	3.8246934	3.400333	3.5462768	2.636965	2.930607	3.3317733	3.1146789	2.911122	2.077968	2.9534101	2.284903	2.9173408	2.9880874	2.8811386	2.8779507	2.204507	2.3652024	3.1689827	2.7898166	2.7587066	2.778033	2.1514747	3.8365083	3.1694758	2.8742359	2.4668374	2.5476058	3.3411944	3.3209047	3.0546732	2.4591324	3.0634718	2.4077895
CD36_8243	2.0518599	4.843981	2.713711	3.3697603	3.1011837	2.6425977	3.587535	3.4732275	3.0110276	3.3420844	2.6802902	2.2764814	3.1312993	3.781712	3.2605107	2.2599542	3.1725283	2.2295449	1.7631619	4.480447	3.0217755	3.4549482	3.326703	4.8179007	1.1871207	1.2043949	2.077968	4.8064847	2.6239645	2.482375	2.4482956	2.7354863	4.0465603	2.9062183	3.9572527	1.9992051	4.284343	4.4268055	3.8749332	5.050195	5.3300095	2.9874854	3.4765677	2.6264875	3.047878	6.1191134	3.791503	3.3925493	3.980205	2.1194797	3.5183966
CD37_33149	1.5299913	1.8155732	2.1619017	2.9391065	1.7112163	1.1146706	2.8324869	2.914369	2.5711837	1.823375	2.2036915	2.2764814	2.372859	2.7372885	2.3107724	2.9320772	2.7821121	2.2295449	2.375796	2.9293032	1.6491554	2.2619886	1.1403992	2.9355001	1.8294263	2.911122	2.077968	2.2793913	2.004529	2.786402	2.7956865	1.6426728	1.9345882	2.597612	2.7084813	2.1691005	1.9846656	1.8332981	1.5622083	2.1514747	2.4405787	2.0700042	2.0586884	2.2872965	2.5476058	3.940554	2.8921008	2.4290519	2.4591324	1.588432	1.7911546
CD4_8246	2.0518599	3.2957203	1.2570211	2.8078547	2.6569214	2.1687598	2.4022055	2.3676975	3.1321692	3.0196002	1.8894439	2.0718052	2.8013556	2.8829715	1.8643311	0.5594628	2.6654315	2.5655518	2.8044732	3.5884495	2.7435865	2.1116846	2.3827975	2.5451083	2.2723026	1.2043949	2.282898	2.2793913	1.4443876	2.9173408	2.3110406	1.2719984	0.7703406	2.7601511	1.9138626	1.8065978	2.2317815	3.119443	2.9088483	2.4829574	2.0577211	2.6625395	1.1804214	2.4668374	2.6898494	1.8519349	3.65103	2.4290519	0.7160639	1.588432	2.838406
CD48_8249	3.1985953	5.8024487	5.2679276	4.923396	5.0037384	2.9986892	5.1903563	4.884291	5.438569	5.1916866	4.8778276	3.3178172	3.759049	5.0078626	4.332506	4.7828455	5.3415184	4.6069818	3.0326717	5.651426	3.8610783	4.3876204	3.4902585	4.9924426	3.1146789	3.141831	3.0159018	3.9500241	4.436806	3.437199	4.478839	5.6179037	5.0336547	5.0653367	4.532649	4.208451	5.0675874	5.616645	5.1499085	5.0249915	5.6896486	4.78959	5.3977675	3.504673	4.9107227	5.7853985	5.0495234	4.6507454	5.183811	3.2776825	5.24465
CD53_8250	3.0961545	3.200062	2.1619017	3.4599617	0.0	1.735917	1.153547	1.9899611	3.7009227	2.8265579	2.3383918	2.0718052	3.0294778	1.6441145	3.3566325	1.5335042	1.8765994	0.6915133	3.0326717	4.039196	2.1892972	2.5224707	1.488839	4.258289	1.8294263	3.5154157	2.462306	3.3441162	2.1515164	3.3471458	3.9414568	1.2719984	1.2698381	2.4144073	3.2179284	1.9992051	1.9846656	2.455791	3.6688373	2.1514747	1.8199238	3.6083453	2.2628205	3.5846395	2.0104735	3.031582	3.5753076	2.7755125	0.7160639	2.506785	3.2650185
CD68_8251	2.8664734	5.454173	4.701566	5.5345488	4.8976593	3.3678806	4.6719747	5.0996885	6.118846	5.109188	3.9888737	3.9762692	4.637135	5.419629	5.0014257	3.834324	3.996721	4.4123907	4.6055846	6.0539575	5.1657577	4.708847	3.4902585	5.515315	4.0289	4.00006	4.096819	4.4725537	3.752821	4.8343573	4.8937244	4.427398	4.6434445	4.7150254	5.235658	4.2843966	4.825725	4.8991494	4.8897076	5.3833585	5.1098113	5.0897985	4.4937305	4.350994	4.5115843	5.4826813	5.638614	4.986309	5.158074	4.201315	5.558947
CD74_8252	6.7795944	6.8615804	6.051607	7.3957567	6.523165	7.2416854	6.1331935	6.465722	8.27418	7.0390153	5.723678	7.8360047	7.054827	6.940935	8.213304	6.7556996	6.7097993	6.617156	7.713644	8.258033	6.1455207	7.475837	6.789237	7.0919385	6.9039903	6.7101216	6.7716646	7.6438594	5.9962473	6.4076567	8.208011	6.106809	6.5994883	6.621284	7.477051	6.5611935	6.7773647	7.366886	7.1458807	6.9179664	7.01602	8.025928	5.919392	6.6803727	6.7498813	7.2011538	7.7518463	7.6318517	6.988322	6.970944	7.257026
CD81_32607	7.813934	7.6122756	7.212782	6.518902	8.201602	7.9647727	7.58064	7.392671	7.187435	7.339652	6.626849	8.070737	8.329304	7.3128824	7.930567	6.967108	7.6880136	7.74414	7.3506866	6.9939723	7.5998917	6.7582464	7.974526	7.520254	7.5938416	7.624343	7.538769	8.076107	7.0092053	7.4213715	6.6659913	7.558283	7.3883505	7.232849	7.042161	7.5106983	7.437016	8.566501	7.6686487	8.152075	8.129291	6.924707	6.603606	7.239178	7.56539	7.639144	7.823145	7.749222	7.1406493	8.261	7.487169
CD83_32673	1.1754036	2.257008	1.6252826	2.8078547	2.472159	1.9685107	2.0220141	2.3676975	1.2703954	1.823375	2.3383918	1.8332136	2.1961572	3.2482674	2.3107724	2.2599542	2.5384767	2.7081409	2.675235	3.400333	1.6491554	1.9438806	2.0039802	2.6873035	2.0677924	1.2043949	2.282898	3.273985	2.6239645	2.3023815	3.3096738	2.1818647	0.7703406	2.204507	2.3652024	2.8064463	1.6862907	3.0089254	3.242334	2.1514747	2.0577211	2.9874854	2.0586884	3.2341504	2.5476058	3.4312084	2.7615314	3.3925493	3.2257414	0.7390483	2.5660443
CD86_32871	1.1754036	2.737684	1.6252826	3.0594068	2.472159	1.4584783	2.8324869	2.7958763	3.0110276	2.719398	2.3383918	1.8332136	1.4809296	2.8829715	2.7953992	2.5203478	2.5384767	2.9569383	1.9974787	3.1839569	1.9443585	2.7430372	1.1403992	2.8167326	1.1871207	2.2966683	2.077968	1.2901436	2.8983095	1.8567106	2.5736196	2.7354863	2.3879235	1.9587818	3.1064248	1.9992051	2.4426951	2.455791	2.0891902	2.7523265	3.3909214	2.7791781	2.4416173	3.0207527	2.93812	2.911615	2.7615314	3.0546732	2.6186037	1.588432	2.5660443
CD97_8254	4.873696	5.629645	5.2679276	5.51364	5.7567186	5.04658	4.804324	5.392909	5.8274364	5.2115946	4.7385936	4.7351427	5.478582	5.4895506	5.1696496	5.1141233	5.070365	4.7457223	5.058514	5.848391	5.0150394	5.7204866	4.3835616	5.571419	4.505169	4.5745316	5.2377234	5.214828	5.1292453	4.7664943	5.9865913	4.7643	5.389877	5.2948856	5.386482	4.9297123	5.5946484	6.3531556	5.832576	6.0658164	5.460108	5.156013	5.375934	5.532412	5.2690854	6.035482	6.027576	5.600164	5.5232043	4.60985	5.8633523
CDC20_8255	2.8664734	2.435626	2.1619017	1.5853512	1.3312725	2.5012665	2.4022055	2.7958763	2.3886938	2.3398588	2.8701653	3.9762692	3.2264056	2.1835182	2.9264696	1.7521499	1.6496927	1.7907331	2.375796	3.2961977	2.1892972	2.2619886	2.0039802	3.0452297	2.884577	4.6514254	3.9238462	4.5338564	0.8958736	2.0966876	2.5736196	1.9373132	2.3879235	2.4144073	2.7084813	1.3212922	1.6862907	3.719913	3.4283133	2.4829574	2.992627	3.0813484	1.1804214	1.5561608	2.5476058	2.7807593	2.074421	2.6126575	1.5499562	3.0634718	1.1573405
CDC25A_8256	3.3839397	1.5310675	1.2570211	2.9391065	2.472159	2.6425977	1.5043167	1.9899611	2.1797314	1.823375	1.70226	2.6150863	1.9947519	1.6441145	2.4910152	1.275699	2.399263	1.1570135	3.2296562	2.9293032	1.6491554	1.7539579	2.930607	2.8167326	2.6106799	3.4306927	3.4149964	2.5406258	1.4443876	3.7499197	3.3096738	0.77186805	2.1789894	1.2890483	3.2179284	1.9992051	1.9846656	1.8332981	3.0287817	2.3267155	3.7027097	2.7791781	0.0	2.0821931	1.1451283	3.2451882	3.011828	2.6126575	1.5499562	3.2776825	2.027206
CDH1_8262	4.777671	3.7655318	1.6252826	3.9074347	2.967741	5.191657	3.2588525	2.6667733	3.7772083	3.4797902	3.324294	4.9891205	5.478582	3.4488056	6.080765	2.109709	3.4794793	1.7907331	5.340128	4.855005	4.950048	3.4549482	5.688898	4.8179007	5.702634	5.349945	5.135637	4.7299657	2.5195544	4.7313266	3.6878698	2.1818647	3.3467786	3.4732254	4.80682	3.0865276	1.9846656	3.4077816	4.6109753	3.6410902	2.8731365	4.514691	2.4416173	4.9428635	2.5476058	3.2451882	4.6672864	3.8959892	2.6186037	4.60985	3.4387813
CDH2_32994	5.0756426	4.010777	2.9909706	3.7009778	3.628988	5.36486	3.659207	3.6199527	4.516664	3.4797902	3.115025	5.34806	5.2026415	4.225969	5.271804	3.178435	3.334152	3.6650012	5.182596	4.5272	5.0150394	4.0988927	5.2378244	4.5087037	5.342922	5.303049	4.8434935	5.3055077	3.4460533	5.5100365	4.2724814	3.7797458	3.534197	3.7302246	4.488855	3.458468	3.9808064	4.291709	4.8249087	4.582081	3.3909214	4.643371	3.3920732	5.406049	3.4186301	3.4312084	4.963034	3.965136	2.075009	5.475404	4.1384206
CDK19_8265	3.764007	2.257008	1.2570211	2.8078547	1.7112163	2.7713106	2.0220141	2.3676975	2.1797314	1.3353969	2.0551069	3.0088224	3.0294778	2.1835182	3.1575243	0.96157944	1.6496927	1.7907331	2.5332706	3.5884495	2.3986237	2.2619886	2.5404441	2.6873035	2.7541187	2.091197	3.1264923	3.8083558	2.406994	3.251095	2.9880874	1.9373132	3.0101936	2.4144073	3.1064248	0.58460927	2.2317815	2.7587066	2.6341627	2.3267155	2.992627	3.1694758	2.6006784	3.1313937	0.6833182	2.0916321	2.279205	1.9721766	2.075009	2.9431233	2.838406
CDK4_8267	6.081163	6.340025	6.275211	5.8164897	6.144603	5.816578	5.9016123	5.874352	6.385745	5.8163943	5.4237905	6.079928	5.8951893	6.473405	6.0523405	5.8182697	5.3974643	6.1766677	5.6803994	6.2617702	5.9925566	6.002639	5.348582	6.0768614	5.975755	5.9308004	6.046291	6.304845	5.6331873	5.842197	5.8569765	6.3514276	6.3602295	6.441255	5.9356394	5.8937755	6.198963	6.6670074	6.431011	6.931593	7.057723	5.9979987	6.4657073	5.7211556	6.0271955	7.1018615	6.096912	5.744827	6.150837	5.431345	6.035604
CDKN1B_8272	5.984105	4.6763773	3.5993342	4.4816837	4.6148157	5.739997	3.9148438	3.7531235	4.221371	4.269137	3.448644	5.8102098	5.9379706	4.331278	5.7142267	2.3960178	3.4794793	3.4382432	5.64632	5.0911546	4.696318	4.0988927	5.6199064	5.310782	5.7717032	5.7502966	5.212871	5.7420254	3.6075757	5.2366967	4.9640923	3.1345942	3.7000437	4.3568144	5.181664	3.320974	3.1911995	4.5103173	3.7408574	3.9926662	3.6308496	4.7615075	3.63202	5.218256	3.7784617	4.0582333	5.183061	4.732349	4.0377917	5.7330236	4.4939694
CDKN3_8274	2.4342844	2.053109	1.6252826	1.8748931	1.3312725	2.3445714	2.0220141	2.7958763	2.3886938	0.5924607	2.4615827	2.2764814	1.1336887	3.0152833	1.2144328	1.7521499	2.072621	2.0267587	0.6768118	3.7548423	1.2775879	2.636965	0.68006337	2.8167326	2.0677924	3.4306927	1.5525111	3.0404751	0.8958736	2.0966876	1.3137702	3.013425	1.2698381	0.7839461	1.6211139	0.9994701	1.6862907	2.6151845	2.2945795	1.7203709	2.5996156	2.5356345	2.6006784	1.5561608	1.1451283	2.476957	1.5494484	0.7915216	1.8362379	0.0	2.838406
CDO1_8275	11.922031	11.208243	11.780149	11.597859	11.772092	11.89789	11.125849	11.334668	11.732067	11.243352	10.95464	11.948252	12.511751	11.460132	11.753541	10.835413	11.177812	11.392558	11.962206	11.5736265	11.783617	11.821598	12.230451	11.633899	12.304851	11.925344	11.491028	11.933197	11.818842	11.837523	11.60706	11.368198	11.506346	11.634136	11.514159	11.127257	11.619882	11.428763	11.214663	10.906737	11.329449	11.493183	11.812335	11.508462	11.378515	11.007172	11.58198	11.5053425	11.234709	12.042174	11.667328
CEACAM1_8277	6.9941874	6.5869117	5.8227477	6.3043566	6.4247494	7.167602	6.655424	5.9175572	6.28483	5.9288993	5.735934	6.8382707	6.7770424	6.3659687	6.831654	6.0317917	6.105824	6.3714175	7.019031	6.2617702	6.3482823	6.283173	6.8203206	6.7869396	7.0639963	7.0525136	7.1045246	6.3984623	6.0155706	6.595385	6.5639496	5.393478	6.217036	6.329155	6.269119	5.869323	6.7966843	6.6207814	6.3060107	6.2939477	6.0059757	6.4665623	5.793284	7.026581	6.2730393	5.900176	6.7839756	6.563083	5.970362	6.585091	6.2490277
CEBPA_8279	6.3606653	5.9420424	5.1598887	4.985458	4.7428775	6.5759463	5.393147	5.5838127	5.6960483	5.151027	5.1400576	5.8102098	6.6455545	4.975738	6.0086255	4.510401	5.6331973	5.5007486	6.023489	6.101078	5.9925566	5.0354424	6.78136	5.2661505	6.7239985	6.3204226	5.9137754	6.3309855	5.111395	6.5354824	5.8321056	5.3187275	5.896534	5.5825324	6.256115	5.441908	4.8990626	5.7079153	5.4795613	6.1614394	5.9772873	5.9239197	5.137241	6.1470075	5.2462397	5.641965	5.693367	5.744827	4.7391872	6.663361	5.6501427
CEBPB_32843	3.3839397	2.435626	1.2570211	2.663456	1.3312725	2.3445714	2.8324869	1.7560883	2.8787735	2.6036353	2.2036915	2.8891323	2.372859	2.8829715	3.0466177	2.7408507	0.6176906	1.1570135	3.318902	2.4360592	2.581391	1.7539579	3.7053368	2.2101986	2.451389	2.7802737	3.1264923	2.8607516	2.284903	3.437199	2.6889215	2.1818647	2.1789894	1.6624343	3.1064248	1.9992051	0.79861236	1.1901431	2.4743395	1.1027291	1.5350422	3.0813484	0.7077145	3.3300724	1.4944088	1.2047167	1.8356827	2.2186248	1.5499562	2.8118143	2.5660443
CEBPB_8280	5.628032	4.994124	3.679778	4.4379616	4.2626543	5.236946	5.1411405	4.040521	5.791102	4.378847	4.068561	5.205009	5.2933	3.781712	5.7850356	4.4175134	3.546998	4.9022617	5.2747087	5.7133894	5.1657577	3.574707	5.637466	4.4299645	5.409452	5.1524577	5.898271	5.1180644	4.9399505	5.77471	4.8937244	4.646986	4.79782	3.9482906	5.261916	4.425254	3.5959105	4.5103173	4.857672	5.363388	4.717334	5.357059	4.819067	5.361342	3.7133195	3.940554	4.2468505	5.439362	4.7391872	5.0782957	5.044041
CEBPB_8282	7.747893	7.535972	6.2089834	7.2067795	7.004103	7.252753	8.213062	7.392671	7.5982447	7.2021346	6.9178886	6.8301687	7.0418105	7.142484	7.674943	7.8766265	6.843366	7.73584	7.3924055	7.941603	6.997356	6.8441806	7.136609	6.7549944	7.2449203	6.942068	7.9531164	6.7219133	8.099525	7.233074	7.612156	7.998266	8.068509	7.204887	7.994236	8.02685	7.018594	7.5991983	7.553378	8.490356	8.102974	7.4049225	7.478164	7.700497	7.199719	7.6153393	7.0307207	7.9243827	7.4631605	7.651434	7.856183
CEBPD_8283	4.934336	4.779257	4.0259314	5.102104	4.7014403	3.1950624	3.9722536	4.091718	5.0653296	3.8281465	3.563121	4.2915974	4.8904743	5.214689	5.390095	4.510401	3.8440266	4.6429377	4.495037	5.2389193	4.2866096	4.2504673	4.2066507	5.072385	4.2865996	4.217966	4.4767704	4.1974163	4.0809665	4.414069	5.0311866	3.7797458	4.3756533	3.9482906	5.12557	3.9532046	3.911607	4.664103	4.721904	4.8350415	5.5794387	4.896752	4.126278	5.7561126	4.349544	5.179226	4.5924344	3.965136	4.4730663	4.3507204	5.070697
CEBPZ_8284	3.4683857	2.987318	1.9183995	3.4599617	2.6569214	4.114065	1.5043167	2.6667733	3.9186504	2.1873605	1.70226	3.9162993	3.6939778	3.1364734	4.1297936	1.7521499	1.8765994	2.7081409	3.6291769	4.3821325	4.2866096	2.3981004	4.464495	4.3031607	4.6949406	4.057699	4.4767704	4.3754215	2.5195544	4.1198797	3.2357452	2.7354863	2.1789894	2.4144073	3.8915	2.8064463	2.2317815	3.0089254	3.8094523	2.8702326	3.3011763	3.7292666	3.104098	4.350994	2.6898494	2.911615	3.3209047	3.176305	1.8362379	3.846141	2.9574547
CEP57_8291	1.8143951	2.737684	2.3701787	2.8078547	3.1011837	3.1002145	2.2245977	1.9899611	2.8787735	2.6036353	2.4615827	3.6478724	2.919921	1.6441145	2.1047523	1.5335042	2.7821121	2.2295449	2.375796	3.4974551	1.6491554	2.636965	2.8119028	2.2101986	2.884577	2.2966683	2.077968	3.1225834	1.4443876	3.52196	2.5736196	1.6426728	1.2698381	1.9587818	3.1064248	1.9992051	2.2317815	1.8332981	2.2945795	2.6239195	3.3011763	2.7791781	1.5358759	2.6264875	0.6833182	2.297121	2.4585013	2.2186248	2.4591324	3.3739324	2.5660443
CERK_8293	2.736285	2.737684	1.2570211	2.663456	2.2602103	2.7713106	1.153547	2.5249715	2.8787735	1.3353969	1.4871172	3.0088224	3.3996527	2.3926249	3.68756	1.5335042	2.2451668	2.0267587	3.4029472	3.0622413	1.9443585	2.7430372	2.8119028	3.0452297	2.884577	2.091197	3.2292056	3.410996	2.284903	2.482375	2.9880874	1.2719984	2.570392	1.2890483	2.7084813	0.9994701	2.2317815	1.5472676	2.778033	2.3267155	3.1029732	3.0813484	2.4416173	3.1313937	1.4944088	2.297121	3.2250526	2.6126575	1.5499562	2.8118143	2.838406
CES1D_32914	9.418693	7.7537484	5.462397	7.0340014	6.670023	9.42634	6.001509	6.103657	7.395361	5.9878078	5.263715	8.290395	9.008706	6.957479	9.413026	6.5882316	5.3604093	6.1766677	9.276021	7.671961	9.204477	7.033763	8.712651	8.010892	8.859669	8.906039	9.2093	9.554955	6.4863257	9.033564	7.9052973	5.865568	7.023899	6.855138	7.057233	6.188779	7.0511336	6.5730247	8.370976	6.7966256	6.851884	8.208625	6.103371	9.102164	6.473222	6.8640056	8.999066	8.330311	6.368457	9.309734	7.4970293
CFD_33235	3.4683857	3.2957203	3.111882	4.0302944	2.967741	1.9685107	2.951459	3.393861	4.4714575	4.0654263	2.5750768	3.7198045	4.097743	3.7054071	3.68756	2.7408507	3.1725283	2.5655518	4.289591	4.740627	3.7885811	3.4549482	3.0402825	4.010254	3.3130789	3.0310833	3.5795677	3.5948293	2.6239645	4.0644393	3.6313283	3.1345942	3.9835975	3.7302246	4.080398	2.905972	4.4398866	3.7884288	4.7570624	4.0930934	4.071798	4.041002	3.104098	3.1313937	3.3344872	4.0582333	4.2948537	3.0546732	3.321599	1.2253668	4.1879597
CFHR1_8295	10.355937	10.069473	10.137272	9.904966	10.092675	10.380587	10.053559	9.658688	10.295211	9.296139	9.483819	10.774039	10.759697	10.16947	10.511898	9.689556	9.373176	9.976874	10.712772	10.44079	10.477804	9.81198	10.334872	10.493533	10.349607	10.568599	10.449264	10.460395	9.797192	10.385995	9.9885025	10.167351	9.887688	10.052698	10.793924	9.638282	10.028364	10.189078	10.517464	9.959133	10.424024	10.151188	10.107776	10.395749	10.127678	10.635759	10.459173	10.112245	9.708226	10.479918	10.335799
CFI_32585	12.104417	11.966095	11.642032	11.609608	12.002001	11.865813	11.651412	10.548659	11.768147	11.620657	11.694982	12.487375	12.446733	11.633262	12.341304	11.446187	11.750869	12.142058	12.297677	12.105735	12.45964	12.176028	11.901257	12.271793	12.071816	10.977033	11.084423	12.225526	11.837793	12.55225	11.9257765	10.437702	11.841482	11.51856	12.550987	11.580612	11.754414	11.775064	12.470971	11.330401	11.728206	11.140708	11.764823	12.553319	11.858571	11.8008995	12.251803	12.14565	11.498092	12.031147	11.952405
CFLAR_8297	3.548161	3.4698832	2.552146	3.5448534	3.7147906	3.3678806	2.5603254	2.6667733	3.7772083	2.6036353	2.4615827	3.1193392	3.4790516	2.7372885	3.68756	2.9320772	2.399263	2.0267587	3.2296562	3.7548423	3.0217755	3.324341	3.0402825	3.3317733	3.4029047	3.24468	3.0159018	3.7578633	3.198022	2.9173408	3.1578226	1.9373132	3.1313257	3.3762684	3.8226066	2.905972	2.9363732	3.2220936	3.242334	3.7680426	3.1029732	3.7292666	2.4416173	3.5846395	2.5476058	2.911615	4.0370674	3.3925493	2.762189	3.7052414	2.9574547
CGRRF1_8300	6.575797	6.4789686	6.7176943	6.497763	6.680724	6.5036683	6.498186	6.770702	6.4914274	6.4144316	6.375897	6.295352	6.6018796	6.605238	6.395598	6.33244	6.1499224	7.0442853	6.5695624	6.689333	6.3732853	6.075514	6.513041	6.188702	6.697618	6.411667	6.6839633	6.462924	6.8460865	6.350862	6.462265	6.6547017	6.512955	6.621284	6.4626613	6.4418955	6.6343584	6.7117987	6.4418554	6.4153028	6.5834355	6.4665623	6.6222725	6.308794	6.5498514	6.701669	6.356429	6.5177712	6.466079	6.491643	6.819818
CHCHD4_8302	2.4342844	2.987318	3.5993342	3.4599617	3.5377576	3.522194	3.9148438	3.2206914	2.8787735	3.9751415	2.8701653	2.6150863	1.7605959	3.1364734	2.6512198	3.178435	2.9904869	3.6650012	1.7631619	3.5884495	1.6491554	3.254318	2.6825488	2.6873035	2.6106799	1.851524	2.621851	2.7617311	3.6075757	1.2084577	3.1578226	1.6426728	3.3467786	4.3568144	2.3652024	2.3210802	2.9363732	3.916409	3.1395056	3.2640922	3.3909214	3.0813484	3.63202	2.7702174	3.4981349	3.5159345	3.7229755	2.4290519	3.7236884	2.9431233	2.9574547
CHDH_8303	5.3671594	4.711492	2.9909706	3.7009778	3.4403665	5.4248013	3.1634846	3.309873	4.4714575	3.6054895	3.115025	5.101099	5.6427536	4.170284	5.1157255	3.100898	3.2556021	2.9569383	5.7622337	4.616394	4.696318	3.8838544	5.1426578	4.469871	5.45216	5.349945	5.135637	5.728978	3.198022	4.899171	3.987233	1.6426728	3.7000437	3.6495402	4.2474017	3.5225942	2.7898166	3.49237	4.313212	4.3172674	4.532502	4.703648	3.5563867	5.361342	3.840789	2.911615	4.47233	4.9526534	3.7236884	5.0782957	3.6655471
CHEK1_8304	2.736285	2.8678937	2.1619017	1.8748931	2.2602103	2.3445714	1.7862632	0.6730612	2.7331607	1.59992	1.4871172	2.8891323	2.6721666	2.1835182	3.3566325	2.109709	1.6496927	3.1690745	3.4029472	2.6198554	1.2775879	2.7430372	1.769281	3.2424362	2.451389	3.0310833	3.7958171	3.651246	1.8408495	3.437199	2.159341	1.9373132	1.6401663	2.204507	2.157111	1.3212922	0.79861236	1.8332981	2.9088483	2.7523265	2.992627	2.0700042	1.8208362	1.8430203	2.3897877	3.2451882	2.279205	2.2186248	1.1924393	2.6673462	2.9574547
CHKB_8309	5.817026	4.994124	3.897257	5.3344693	4.8604927	5.9034123	4.636899	4.59596	5.6762624	3.9751415	3.6691785	5.519093	5.497773	4.170284	5.767657	4.4175134	3.546998	3.5178556	5.611416	5.9376287	5.450551	4.734792	4.6831694	4.9078097	6.0747385	5.3728333	5.378467	5.4713736	4.0809665	5.402364	5.290505	4.3791647	4.5157533	4.455044	5.362414	4.2843966	4.3380756	5.1798387	3.7408574	4.231731	4.365437	5.5167813	4.2752476	5.361342	4.4727483	4.362736	5.3961062	4.2126923	4.1464963	4.7598963	4.0339284
CHP1_33118	2.5931726	3.097608	1.6252826	2.9391065	2.472159	2.5012665	2.5603254	2.3676975	2.1797314	3.0196002	2.5750768	1.1900772	2.1961572	2.8829715	2.1047523	2.2599542	2.072621	2.0267587	3.5576375	2.9293032	1.2775879	2.5224707	2.2057867	1.4924659	1.8294263	3.24468	3.0159018	1.9601587	2.406994	2.786402	2.4482956	1.9373132	2.3879235	2.597612	2.157111	2.3210802	2.6266706	3.0089254	2.9088483	3.7680426	3.7711594	3.0813484	3.3920732	3.1313937	2.3897877	4.113659	3.2250526	1.6747757	3.2257414	1.2253668	2.4077895
CHPT1_33298	7.248186	7.4397864	6.375231	7.1469355	6.832387	7.358992	6.844084	6.730886	6.7017736	6.3708344	6.3442264	7.013071	7.373285	6.7547073	7.693468	6.323934	6.3332114	6.8426104	7.6245527	6.9602942	7.227306	6.789528	7.4465585	7.5249977	7.5551825	7.0310907	7.077245	8.185215	6.6436353	6.9943795	6.748055	6.571294	6.8317204	6.881874	7.1655154	6.4335804	6.7076325	7.8441916	7.10553	7.756063	7.4717655	7.1031356	6.565533	7.0408263	6.568389	7.901759	6.50667	7.291691	6.897915	7.4563828	6.903753
CHSY1_8317	3.0961545	2.053109	2.1619017	2.663456	2.011671	1.1146706	2.4022055	2.914369	3.0110276	2.3398588	1.8894439	3.4076753	2.372859	3.1364734	2.9264696	2.5203478	2.7821121	2.5655518	2.375796	4.2766256	2.1892972	3.1031692	1.488839	3.8379865	2.884577	2.7802737	1.8390311	2.9534101	2.004529	1.8567106	3.79471	2.8811386	2.1789894	2.9062183	3.5936723	2.5840793	1.9846656	3.119443	3.1395056	3.1752434	2.8731365	3.331059	3.3920732	3.1313937	2.6898494	3.5959594	3.791503	2.7755125	3.0125036	1.588432	3.1696014
CIB1_33206	4.117802	4.603475	4.8480144	4.985458	4.3723383	4.208036	4.364126	4.794435	4.8701444	4.378847	3.8604286	3.7883198	3.8809977	4.9092603	3.8938673	4.8074613	4.5837555	4.5322647	3.9968476	4.480447	3.8610783	4.0988927	3.8924718	4.5087037	3.7149374	3.8773775	3.5795677	4.4085307	4.5734663	3.52196	3.9414568	4.474071	4.6836143	4.900788	3.8915	4.208451	5.2184687	5.5589757	4.7570624	5.7023377	5.6538396	3.7292666	4.819067	3.5846395	4.5115843	5.5645204	4.2948537	3.965136	5.0779867	3.7774107	4.5328317
CIDEC_32477	4.6747956	4.4867115	3.8283436	3.9701722	5.3097672	4.7036157	4.8961816	4.884291	3.7009227	4.8289404	4.94271	4.0338454	4.097743	4.279584	4.424094	3.735168	4.764815	5.0701213	3.7624195	3.9731874	3.9959817	4.2140403	4.95933	3.7756684	4.5840974	4.00006	4.041434	4.4085307	4.674177	3.437199	3.8941805	4.1103654	5.064406	4.305072	4.3970637	4.208451	3.5959105	4.989234	4.448411	5.2806215	4.6822133	3.6700726	4.3216715	3.9290164	4.01308	5.01427	3.7229755	4.3221717	4.3420444	4.3026175	4.4129558
CIRBP_8321	4.5251174	4.4867115	3.4235945	3.6250265	3.7147906	4.8565345	3.4325337	3.8750339	4.904565	3.3420844	2.7783492	4.7694445	5.1790576	3.7054071	4.909336	3.178435	3.0843768	3.5933034	4.6055846	4.3303432	4.05898	3.8838544	4.6831694	4.469871	4.924599	4.6883883	3.65531	4.4725537	3.4460533	4.2744603	4.917564	2.8811386	4.1647973	3.1603029	4.3488812	2.6995428	3.8389206	4.7352557	3.9375708	3.8275614	3.8365083	4.896752	3.104098	3.9290164	3.7784617	4.000593	4.386319	4.4722323	3.411482	4.6488495	4.2358537
CISD1_8322	8.824808	8.8561735	8.584774	8.688249	8.909568	8.8803835	8.715709	8.675232	8.615448	8.662568	8.855152	8.498986	8.590696	8.917378	8.621493	8.8155775	8.792782	9.046169	8.406038	8.739633	8.03151	8.651079	8.5436735	8.432968	8.792703	8.362199	8.473435	8.440637	8.977568	8.183436	8.478269	8.703896	8.785746	8.942066	8.594202	8.648199	8.907338	9.187145	8.662784	9.480259	9.434338	8.368439	8.845743	8.582399	8.712966	9.179242	8.515129	8.6201935	8.944451	8.7274275	8.733044
CKS2_8325	5.276378	5.3687654	5.0123625	4.644416	5.3097672	5.1684685	4.7396665	4.825013	5.0954394	4.693933	4.2504177	5.1539893	4.5293536	5.214689	5.271804	5.0741076	4.999828	4.8103905	4.864649	5.447765	4.614798	4.9270926	4.95933	5.2886386	4.7643704	5.2297173	4.9375095	5.5770845	4.520345	4.7664943	5.1365104	4.9408307	5.340479	4.547009	4.6565795	4.4908404	5.0990524	5.370696	5.3702736	5.146825	5.5009913	5.0203977	5.0571885	4.9121966	4.622188	5.603762	5.1044307	4.423926	5.396859	4.8957973	5.016884
CLEC4A_32636	1.8143951	2.737684	2.1619017	1.8748931	0.8140356	0.0	2.4022055	1.4768263	1.640813	1.0112327	2.0551069	1.5471903	2.1961572	1.6441145	3.2605107	1.5335042	2.8900583	1.5083932	2.675235	3.5884495	1.9443585	1.9438806	1.1403992	2.008209	1.5437274	1.2043949	1.5525111	2.5406258	0.8958736	1.5686922	2.5736196	2.3909085	0.7703406	1.2890483	2.5470278	1.3212922	1.3096737	2.455791	2.4743395	2.6239195	2.992627	2.3964808	1.8208362	1.1977407	2.3897877	2.0916321	3.3209047	2.6126575	1.8362379	1.8782536	2.2300112
CLEC4A3_8330	1.8143951	4.220327	3.5141387	4.24848	3.7957757	2.8894746	3.1634846	3.6199527	4.047455	3.4797902	1.8894439	1.5471903	2.1961572	3.781712	2.4910152	1.9419785	2.2451668	0.0	3.0326717	4.22083	0.775823	4.138305	2.2057867	4.6192975	1.5437274	0.0	1.8390311	0.0	2.8983095	1.2084577	3.3096738	3.013425	3.534197	4.455044	4.2474017	1.9992051	4.3380756	3.0089254	4.055234	0.6542548	4.0164742	0.0	3.104098	1.1977407	0.0	4.4514565	3.122376	3.0546732	4.3870535	1.8782536	4.60755
CLIC1_8331	4.117802	4.220327	3.326985	4.298234	4.0807066	4.419234	4.027466	3.7531235	4.8348827	3.8788273	3.617124	3.8537283	3.759049	4.170284	4.016648	3.3887968	4.044227	3.7333038	4.198454	5.0275335	4.119342	4.3876204	3.7704499	4.6192975	3.8488257	4.1131234	3.4996274	4.271274	3.4460533	4.0644393	4.478839	3.2463703	3.619502	4.1376824	4.8420568	2.6995428	3.5959105	4.550328	4.6858673	3.8847218	5.1098113	4.612261	3.9002123	4.9121966	3.7133195	3.5159345	4.7727504	3.7468808	3.8576405	3.9744961	4.1879597
CLIC4_8332	8.081943	7.085549	6.0210533	6.714823	6.8702755	7.9647727	6.9621415	6.7389374	7.346121	6.3349824	6.3601484	7.6869483	7.629658	6.6363964	7.747658	6.33244	6.578815	6.7384434	7.7053924	7.422758	7.2341466	6.6802816	7.471249	7.154496	7.7302322	7.8572335	7.760767	7.497667	6.493234	7.582982	7.2810855	5.8829684	6.444469	6.441255	7.2919474	6.2373586	6.2418814	7.200849	7.152498	7.3419733	6.753804	7.436348	6.391478	8.021037	6.7003136	6.797866	7.498715	7.0264587	6.287681	7.41173	6.788044
CLK1_32739	3.6955848	3.097608	2.8589911	3.0594068	2.472159	3.8482714	2.4022055	2.1911569	3.7772083	3.0196002	2.6802902	3.3178172	2.6721666	3.4488056	3.1575243	2.109709	3.2556021	2.0267587	3.4029472	3.0622413	1.9443585	3.0212092	3.5655706	3.6423242	3.1146789	2.4764907	3.2292056	3.651246	1.6561947	2.3023815	3.6878698	3.2463703	1.6401663	2.9062183	3.1064248	2.5840793	1.9846656	3.4077816	2.9088483	3.1752434	3.555222	2.887088	3.104098	3.0207527	1.4944088	3.2451882	3.4953897	2.4290519	3.0125036	3.7774107	2.838406
CLK2_32549	1.1754036	2.257008	2.1619017	1.8748931	1.7112163	2.6425977	2.0220141	0.6730612	3.1321692	1.3353969	1.4871172	2.455695	2.5302608	0.77274704	3.0466177	1.275699	1.3803144	2.4073083	2.375796	0.7951595	2.7435865	2.1116846	2.3827975	2.008209	1.8294263	2.6363633	2.462306	2.7617311	1.1960433	2.786402	1.7976378	0.77186805	0.0	1.6624343	2.157111	1.9992051	1.3096737	1.1901431	2.0891902	2.4829574	1.1797101	2.2424579	1.5358759	2.4668374	1.4944088	1.8519349	3.011828	1.6747757	2.075009	1.8782536	1.7911546
CLPX_8334	6.446445	6.499205	5.3439584	6.052236	6.0487275	6.593464	6.0288253	5.8146553	6.385745	5.964532	5.567866	5.7427506	5.693573	5.867652	6.8809776	5.8422933	5.6331973	5.8929443	6.6143227	6.2617702	6.3482823	5.820795	5.770742	6.663313	6.019011	5.976347	6.167652	6.501797	5.111395	5.8908176	5.8195076	5.5322757	5.771651	6.221627	6.030333	5.2843695	5.680354	6.2230525	6.409075	6.571429	6.6756043	6.320226	5.3312507	6.0933423	5.6283746	7.0099087	6.2508674	5.8214126	6.227083	6.0996428	6.201576
CLTC_8337	6.754589	7.0516953	6.0815277	7.2067795	6.277434	6.960446	6.396997	6.9547973	7.2490053	6.7226048	6.278719	7.123275	7.105749	6.940935	7.019572	6.0525336	6.537913	6.224912	7.005652	7.4040914	6.9482813	6.6049123	6.78136	7.375441	6.7413216	6.7802825	7.1112647	6.969416	6.317546	6.8128433	6.679997	6.4005814	6.372569	6.837034	7.1998763	6.0969877	6.6343584	6.870349	7.1786656	6.655948	6.666648	7.046077	6.788505	6.843664	6.622615	6.4341655	6.6973305	6.574192	6.7158446	6.682283	6.976038
CLU_32773	6.0945106	5.6836934	5.484961	5.5754795	5.891794	6.4373107	5.55221	5.491516	4.761664	5.854879	5.361875	5.478198	5.8951893	5.1868963	5.852531	5.493647	6.0370407	5.735333	6.036704	5.121943	5.803145	5.174639	6.0969267	5.2886386	5.7547436	5.899617	5.135637	5.620121	5.3734603	5.4891353	5.290505	5.2666516	6.24415	5.397274	5.9678993	5.0433664	5.380885	6.4620404	5.6943073	6.518234	6.0059757	5.156013	5.3537655	5.685331	6.2035823	6.2972417	5.9843163	5.858233	5.3060308	5.7510586	5.221047
CMBL_32468	5.4731483	5.4950523	5.4394746	5.5345488	5.070358	5.0965776	4.954324	4.8549566	5.46187	4.975858	4.6376967	4.835695	5.225846	5.556239	5.561245	5.03295	3.7893128	5.701634	5.7937107	5.586682	4.8105626	5.076602	5.066922	5.607645	5.14887	5.326688	5.1618433	5.9474792	4.979849	5.402364	4.196571	4.837524	5.4838705	5.8037276	5.261916	4.8063326	4.8990626	5.3252964	5.2271647	5.099319	6.368291	5.4479666	5.3312507	4.972892	5.4598856	6.4770637	5.417947	5.14373	5.5232043	4.927862	5.558947
CNDP2_8341	3.764007	3.200062	2.3701787	3.1704433	3.4403665	3.7265353	3.0613632	2.5249715	2.5711837	1.59992	2.7783492	3.0088224	3.1312993	2.5752249	3.9565632	2.2599542	2.399263	3.2644873	3.8843899	3.400333	3.0217755	3.4549482	3.4902585	3.415899	4.1375628	3.6712542	3.5795677	3.3441162	2.5195544	3.1481903	2.5736196	2.3909085	2.7323515	3.038847	2.9855762	2.8064463	1.9846656	3.119443	3.6688373	2.4829574	2.0577211	3.331059	2.6006784	3.7323904	2.6898494	3.3411944	3.3209047	3.176305	2.762189	2.506785	2.708643
CNKSR3_32548	2.2557068	2.053109	0.76129264	1.8748931	2.6569214	2.6425977	0.689121	0.6730612	1.640813	2.6036353	1.70226	2.6150863	2.372859	2.3926249	3.0466177	1.7521499	2.072621	2.4073083	2.675235	0.0	1.2775879	2.1116846	1.769281	2.5451083	2.884577	2.091197	1.8390311	2.2793913	2.1515164	2.0966876	1.9897953	1.9373132	0.7703406	1.2890483	2.157111	0.9994701	0.0	2.2765746	2.778033	3.2640922	0.70722115	1.8741015	1.1804214	2.7702174	0.6833182	1.2047167	1.5494484	1.9721766	1.1924393	1.8782536	0.0
CNN2_32878	2.98588	4.010777	3.326985	3.6250265	4.0807066	2.7713106	3.512115	4.091718	4.274977	3.4797902	3.324294	3.5721645	3.759049	4.279584	3.446748	3.735168	3.7893128	3.2644873	3.1345234	4.432127	3.4555352	3.4549482	3.2374017	3.8379865	3.4874642	2.091197	1.8390311	3.5948293	3.198022	2.786402	3.9414568	3.537568	3.3467786	4.1376824	4.1938534	3.2469792	3.6815434	4.1940618	4.110652	4.4367547	4.9117966	3.5438585	3.837692	4.0466323	3.9579048	3.671778	3.791503	3.8959892	3.920224	1.8782536	3.5938473
CNN3_32615	6.958134	7.157344	6.782885	6.7330275	7.0625477	6.6614814	7.031305	6.891196	7.001182	6.529929	6.3837075	6.592201	6.8683467	6.915758	7.0341806	7.2535214	6.8025074	6.542978	6.83461	6.9258113	6.7714806	6.6119294	6.2068663	7.0790944	6.435588	6.5586505	7.006702	6.6953287	6.91973	6.5756927	6.679997	6.938832	6.9015064	7.4803553	6.357004	6.39127	6.7966843	7.713736	7.064018	7.8487554	7.5420127	6.839962	7.0452185	6.6894436	6.85177	7.748239	6.904904	6.872988	7.1472054	6.719397	7.341542
CNPY3_8345	4.8103943	3.9532623	3.4235945	4.4816837	3.628988	5.2590685	3.512115	4.040521	4.1656966	3.1072266	2.4615827	4.2436	4.975073	4.052019	4.551419	2.3960178	2.8900583	3.1690745	5.2061815	4.480447	4.1772795	4.016682	4.3413258	4.258289	5.0959854	4.6883883	4.5968914	4.4085307	3.6075757	4.3690176	4.3445973	3.4468794	3.619502	2.9062183	4.080398	3.0865276	1.3096737	3.8538375	4.215484	3.9926662	4.2740407	4.041002	2.8742359	4.7825623	4.01308	3.8779073	4.0370674	3.580566	2.6186037	4.8294463	2.708643
COASY_8346	5.3671594	3.6971037	2.8589911	4.0880117	2.6569214	5.4248013	2.5603254	3.5484548	4.274977	3.8281465	3.1882064	5.046196	5.271164	3.7054071	4.630459	2.9320772	3.1725283	2.837896	5.084199	4.5724864	4.696318	3.7375457	5.214615	4.688581	5.14887	5.349945	4.671753	5.8900285	3.1287267	5.2113967	4.1164427	1.9373132	3.2430704	3.7302246	4.5751534	1.9992051	3.5048723	3.6479805	4.215484	3.7680426	3.7027097	4.4100404	3.5563867	4.9428635	3.1498733	3.4312084	4.871027	4.03112	1.5499562	5.106588	4.1879597
COG4_8348	2.0518599	3.3854282	2.9909706	2.3223944	2.967741	2.7713106	2.5603254	2.1911569	2.7331607	1.59992	2.7783492	2.0718052	1.7605959	2.7372885	1.5756721	2.6348078	2.8900583	2.4073083	1.9974787	3.1839569	2.1892972	1.9438806	2.5404441	2.6873035	0.7123662	2.7802737	0.0	3.0404751	2.284903	0.7272255	1.5758953	2.7354863	3.0101936	2.4144073	2.157111	2.4585645	3.6815434	2.6151845	3.0287817	3.5018787	3.6308496	1.3782007	2.4416173	2.6264875	2.93812	3.3411944	2.279205	1.2997124	3.411482	2.1194797	3.5183966
COL14A1_8350	4.99253	5.6836934	3.5141387	5.073815	4.6148157	4.0135446	4.487392	4.5232325	5.46187	4.343196	3.8604286	5.0179405	5.336579	5.419629	5.195874	5.03295	3.8440266	4.086562	4.7082605	6.069836	4.2866096	4.834144	4.3835616	5.8232393	4.545173	4.9542584	5.08175	4.948328	3.5019276	4.8008246	5.601367	4.223962	4.9372616	4.8654995	5.0672064	4.0864654	4.968852	5.498905	5.765097	4.863757	5.283899	5.043904	4.4102645	4.9428635	4.657249	4.724974	5.693367	4.9526534	5.183811	4.7598963	5.0968685
COL1A2_8353	5.910549	5.9567504	4.581067	5.2610955	5.5150447	5.236946	5.0102134	5.5475993	5.594288	5.2312317	5.083635	5.9211674	5.7744856	5.7958717	6.080765	5.36689	4.874015	4.7784185	5.2747087	6.7497225	4.9829097	5.44992	5.8780427	6.4201975	5.90065	6.0204997	6.193289	6.055942	4.220724	5.467927	6.308477	5.5100503	5.8084483	5.6669426	5.9356394	4.522548	5.1599956	6.1598	6.575882	5.4030566	6.3572	6.0569525	5.690897	5.361342	4.789545	5.327242	6.1759424	5.744827	5.7640386	4.8630033	5.8480244
COL3A1_8354	9.036697	9.364898	8.407137	9.47158	8.960953	8.661174	8.195089	8.826462	9.813643	8.438055	8.350906	9.246076	9.625276	9.945213	9.73481	9.600805	8.101301	7.7565017	9.233614	10.518055	8.928991	9.303089	9.30542	10.101831	9.327961	9.685498	9.472713	9.674615	8.067481	9.612785	10.105331	9.168605	9.259315	9.660806	9.31825	8.683691	9.119745	9.760663	10.226681	9.042144	10.315758	9.80158	9.180882	8.736945	8.593605	9.337478	10.245265	9.565065	9.623777	8.706784	9.390137
COL4A2_8356	3.4683857	4.711492	3.5993342	4.4816837	4.204518	4.3384256	4.447462	4.406767	4.274977	4.693933	3.563121	4.6270533	4.286138	4.476096	4.2347074	4.5691614	3.8440266	3.9781444	3.697336	4.740627	3.5462768	4.016682	3.7704499	4.848497	3.4874642	4.1131234	3.9838378	3.7055392	3.8847718	3.6778624	4.8694844	3.6228914	4.6434445	4.900788	4.910049	4.0864654	4.2285304	4.9598265	4.572019	5.099319	5.000007	3.6083453	4.851072	4.350994	4.01308	4.6519713	4.5924344	4.732349	3.8576405	3.846141	4.5328317
COL5A1_8357	2.0518599	2.987318	1.6252826	2.1159258	2.011671	2.6425977	0.0	2.7958763	2.3886938	2.1873605	1.2341714	2.0718052	2.8013556	1.2732412	3.2605107	0.5594628	0.6176906	1.1570135	1.483266	1.9785899	2.1892972	1.9438806	1.769281	2.6873035	2.2723026	2.4764907	1.8390311	1.2901436	0.5163865	1.8567106	2.7956865	2.5734606	2.1789894	2.9062183	1.9138626	1.3212922	0.79861236	2.7587066	1.5622083	2.7523265	3.2054758	2.6625395	2.0586884	2.0821931	1.4944088	2.297121	2.4585013	2.6126575	1.8362379	1.8782536	2.9574547
COL6A1_33258	6.382593	7.037928	5.891923	6.6777096	6.8514557	5.971984	5.7291603	6.63059	7.130409	6.022032	6.0126963	6.7292166	6.8609548	7.2671638	7.070068	7.11248	6.1280417	5.6317782	5.99669	7.547073	6.4691777	6.706741	6.4448667	7.2944164	6.381372	6.2846613	6.459387	6.9859624	5.905939	6.5149493	7.56765	6.6547017	6.9015064	6.752634	6.6729636	6.0864186	6.7379313	7.823932	7.4551044	7.004324	7.650473	7.0576706	6.347281	6.296973	6.2502565	6.9952273	7.554006	6.9854393	6.936275	6.2593746	6.8662047
COL6A3_33029	4.0645385	4.3146935	2.8589911	3.7009778	2.8206856	3.2840576	3.0613632	3.393861	4.938183	3.3420844	2.956486	4.2436	4.947421	3.854183	4.971378	3.971344	2.8900583	2.7081409	4.495037	5.2940326	3.3587008	4.058373	3.5655706	4.3031607	3.7149374	4.1664968	4.3907466	4.621186	2.7213259	4.50016	4.5719104	3.537568	3.1313257	4.0142226	4.3488812	2.3210802	3.7623768	4.2437115	5.096006	3.8275614	4.365437	4.817136	3.9002123	4.350994	2.5476058	3.3411944	5.0495234	4.6507454	3.65174	2.9431233	3.8614638
COMT_32835	11.77046	11.103914	10.3027935	10.846856	10.215507	11.215501	11.661264	11.677387	12.627856	11.410657	10.734498	11.436673	12.018555	11.276189	11.946168	11.942933	10.419583	10.484487	11.849948	11.743499	11.25529	11.00653	11.110949	10.637367	11.988808	11.767511	11.1631565	11.048959	10.626906	11.529643	10.635642	10.620618	10.349145	11.423945	11.967143	12.343236	11.731695	11.630913	11.15413	11.859234	11.778956	11.796048	11.545515	11.965368	11.099015	10.913651	11.562196	12.316005	11.57487	11.174915	10.855523
COPA_8359	7.097237	6.4271	6.2622066	6.3756156	6.5350084	7.045637	6.120553	6.55051	6.5898933	5.8799767	5.8530827	7.1099505	7.01542	6.236389	7.1660476	5.781468	5.8357673	6.3606615	7.012357	7.090531	6.826832	6.1545277	6.9383616	6.7468963	7.4164863	6.987266	7.0564423	6.9859624	6.0155706	6.837858	6.2719555	6.1361294	6.2838902	6.3030148	6.8391385	5.8444486	6.6662183	6.7890763	6.819862	6.490882	6.422501	6.669093	5.963979	6.671244	6.092694	6.3327103	6.8254213	6.5292335	5.7295046	6.4808764	6.1649346
COPB2_8360	7.300955	6.373297	5.484961	6.3756156	5.928173	7.167602	6.0688534	6.5413313	6.641826	5.250605	4.714023	7.332763	7.28214	6.2090154	6.9899035	4.8554664	5.159351	5.751892	7.5755935	6.7398314	6.799422	6.3264723	6.6917534	6.848783	7.2809043	7.4789653	7.5733495	7.543101	5.670237	7.135569	6.4703465	5.7182517	5.9303155	5.8037276	6.915559	5.208422	6.077851	6.4515142	6.828151	6.3957725	6.0341043	6.8466606	5.9042187	7.583728	5.2690854	6.4122286	6.767058	6.4828286	5.7640386	6.6916513	6.617743
COPS7A_8361	4.485139	4.268282	3.326985	4.0302944	3.5377576	4.913435	4.2756796	4.406767	4.221371	4.3066416	4.6635904	3.9162993	3.9383125	3.2482674	4.2844353	3.4526122	4.413313	4.1873994	4.198454	4.22083	4.119342	3.9295027	5.066922	4.010254	4.505169	4.1131234	4.810742	4.3754215	3.9262035	3.8185487	4.1164427	3.3501055	4.722696	3.5640745	4.3488812	3.8063707	4.170472	4.769558	4.055234	4.231731	4.226075	3.7861276	3.63202	4.30452	4.0662227	4.362736	3.791503	4.0942173	3.411482	4.60985	3.733852
CORO1A_8364	2.8664734	3.6971037	2.8589911	3.3697603	3.1011837	3.3678806	2.951459	2.5249715	3.849662	2.6036353	1.8894439	3.6478724	3.3996527	3.62484	3.3566325	3.252017	2.5384767	2.2295449	3.318902	3.9731874	3.2548962	2.841842	2.930607	3.1471999	3.4029047	3.24468	3.4996274	3.5361161	2.004529	3.251095	4.0746455	3.537568	3.0101936	3.038847	3.8226066	2.1691005	3.7623768	3.916409	3.4283133	3.5731628	3.3011763	3.6700726	2.4416173	4.206825	3.2451313	3.3411944	3.9794827	2.7755125	3.321599	1.588432	3.1696014
CP_8366	9.984251	10.452743	9.715225	9.910975	10.382943	10.063022	9.896526	9.79139	9.984271	10.132842	9.626415	10.232645	10.012318	9.696913	10.294771	9.509989	10.128684	9.904663	10.104903	10.180555	10.045955	10.194452	10.14306	10.679991	9.941043	10.0929365	9.827104	10.326591	9.654258	10.003916	9.894033	9.877334	9.765515	9.894296	11.005879	9.388035	10.091324	10.143212	10.574626	10.020196	10.283167	10.098142	10.010165	10.379727	9.9286175	10.5610895	10.354766	10.016743	9.614345	10.164647	9.937293
CPA3_8367	1.5299913	3.200062	1.2570211	1.8748931	2.011671	1.735917	2.2245977	3.2206914	2.5711837	3.0196002	0.92724514	0.0	1.1336887	3.539506	3.0466177	0.96157944	2.6654315	2.0267587	1.1356703	3.1839569	2.581391	2.5224707	1.1403992	2.6873035	1.5437274	2.7802737	1.1946218	1.2901436	0.8958736	1.8567106	2.159341	2.5734606	1.6401663	2.204507	2.157111	2.5840793	0.0	4.089322	3.1395056	3.0805616	3.555222	2.7791781	3.2066107	1.5561608	0.6833182	3.142335	2.4585013	0.7915216	0.7160639	0.7390483	3.2650185
CPAMD8_8368	9.986043	10.256441	9.26209	10.028028	9.639859	10.371731	9.545727	9.717934	10.4641075	9.548848	8.871908	10.385604	10.110648	9.479318	10.324789	9.447737	9.264548	9.636923	10.158024	10.534597	10.331586	9.965726	10.203991	10.247418	10.129633	10.13622	9.900922	10.566884	9.370787	10.244282	10.178065	9.474333	9.753771	9.767409	9.974192	9.286654	9.821105	10.577022	10.11424	10.870497	10.622918	10.234632	9.554575	10.085472	9.606387	10.580891	10.090677	10.174702	9.662048	10.213431	9.871542
CPB2_8369	9.036697	9.050389	9.234056	9.116926	9.298025	9.212013	9.049925	9.140935	8.8208885	9.163169	8.79346	9.344641	8.926113	9.105414	9.28145	8.848568	9.31747	9.352022	9.351994	9.352968	9.364226	9.112163	8.987146	9.47076	9.3004675	9.253038	8.919811	9.060471	8.965198	8.928802	9.104046	9.302328	9.121715	9.106007	9.171874	9.048791	9.16876	9.182379	9.134883	9.131938	8.960777	9.238378	9.477219	9.176628	9.086992	9.422239	9.413399	9.168638	9.186457	9.114587	9.245555
CPNE3_8370	3.0961545	3.200062	2.3701787	2.3223944	2.011671	3.1002145	2.2245977	2.1911569	2.7331607	3.1072266	0.53686917	2.8891323	2.919921	2.3926249	2.6512198	1.275699	0.6176906	2.0267587	1.7631619	3.1839569	1.9443585	2.636965	2.930607	3.2424362	2.0677924	1.5639434	2.282898	2.65541	1.6561947	2.3023815	3.379998	2.7354863	1.9345882	2.4144073	2.7084813	1.8065978	2.6266706	1.5472676	2.4743395	2.7523265	2.8731365	2.5356345	2.4416173	2.4668374	1.1451283	1.8519349	1.1920056	2.2186248	0.7160639	2.6673462	2.027206
CPQ_33239	7.952321	7.593575	7.6621523	7.839784	8.007002	7.913391	7.998405	7.7758675	7.389297	7.970656	7.8484206	8.063843	8.3715315	7.8039713	7.9029746	7.2400217	8.044029	8.237083	7.9864707	7.8341436	7.657004	7.5471225	8.143813	7.3164716	8.058596	8.126657	7.7083874	7.795489	7.614392	7.7371902	7.7645173	7.7647963	8.041715	7.6086125	8.005936	7.425211	7.424651	7.9563966	7.6169567	7.689449	7.8376675	7.6994743	7.5085826	7.924462	7.7431636	7.536412	7.7604194	8.072749	7.622211	8.149841	7.7322617
CPS1_32421	8.877876	9.609065	8.959803	9.568539	9.512373	9.176131	9.538618	9.663983	9.278425	9.648059	9.658961	9.166259	9.834099	9.001553	9.822634	8.784917	9.701398	9.255163	9.50958	9.709085	9.6490755	9.474566	9.818759	9.6562195	9.223971	9.010076	8.965161	9.411253	8.986163	9.00624	9.102746	8.987421	9.407589	9.071582	9.324492	8.98336	9.001925	9.737021	9.681736	9.506673	9.17646	9.735446	9.147444	9.055569	9.072454	9.177618	9.148612	9.7794075	9.378394	9.701583	9.479883
CPSF4_8372	5.910549	5.8661633	5.3925066	5.781932	6.2345014	6.160074	5.945275	5.9175572	6.217975	5.497613	5.4685435	6.107006	6.5840325	6.3026333	6.349617	5.263932	5.6175785	6.2130017	5.713692	6.5827026	5.803145	5.8684497	6.3307686	6.164587	6.0747385	5.8018064	5.6054764	6.195273	5.7063594	6.1524553	5.905467	5.368989	5.5933557	5.240831	6.5820994	5.553551	5.616557	6.2230525	5.7301364	6.490882	5.8564644	6.2308826	5.3312507	6.0517416	5.7950554	5.9467025	5.9696035	5.8762965	5.4614143	6.027489	5.5207915
CPT2_8374	7.3518605	5.927182	5.462397	5.6540136	5.873255	7.132083	5.4748697	5.6364827	6.7687025	5.2115946	5.4537797	6.5825872	6.263618	5.395548	6.8890367	6.0627937	5.4156413	5.1720743	6.7164	6.4063444	6.8086166	5.6403956	6.464676	6.70571	6.8003645	6.422677	7.2212734	7.385735	5.682379	6.5557275	5.714556	5.156497	5.3653893	5.2130246	6.3324356	5.3027477	5.2184687	5.905945	6.3060107	6.481648	6.5052114	6.220605	5.1629677	6.2609177	5.4796085	6.9349594	5.693367	6.280667	5.7977653	6.6916513	5.816872
CRAT_8375	6.040364	5.205937	3.679778	4.24848	4.9338927	5.6756635	4.9255457	4.406767	5.2902575	3.927788	4.5571055	4.0892115	3.3996527	5.214689	4.668412	5.383357	3.9475968	4.9022617	5.2061815	4.8178773	4.5283937	4.138305	4.5779715	5.2661505	5.0687976	4.9542584	5.4006453	6.1072617	4.0809665	5.2366967	4.2724814	4.168281	4.8339643	4.0142226	3.8915	3.6994612	4.389879	5.3928714	3.9976015	5.6372986	5.962726	5.156013	3.63202	5.192965	3.840789	6.0064917	4.47233	4.4722323	5.1051793	4.927862	4.872856
CREB1_8377	5.3671594	4.8752856	4.354751	4.719379	4.3723383	4.9947867	4.526246	4.630994	5.0031567	3.6054895	3.9473164	5.558861	5.2026415	4.6891985	5.343936	3.971344	3.996721	4.7457223	5.158619	5.447765	4.8819904	4.6001325	4.716597	5.196502	5.041088	5.1524577	4.875518	4.992671	4.043804	5.2860026	4.8448305	4.3791647	4.470548	4.935233	5.478927	4.0864654	4.708216	5.205123	4.572019	4.8350415	5.2602787	5.299631	4.4526014	4.9121966	4.586254	4.614036	4.871027	4.564248	4.3420444	5.019991	4.902835
CREG1_8380	8.953074	8.892964	8.5369835	8.4170265	9.074856	8.84791	8.595256	8.525019	8.300268	8.808598	8.003464	8.561498	8.871984	8.77063	9.772327	9.31347	8.123588	9.154447	9.09678	9.407094	8.612011	8.380226	8.183204	8.650429	8.975822	8.833642	9.579857	8.939675	8.933802	8.54418	8.367962	8.426799	8.987755	8.914275	8.525419	8.587657	8.907338	9.172798	8.5719185	9.335288	9.259222	8.414251	8.448192	8.836256	8.51694	9.420867	8.527739	9.120194	9.601273	8.640604	8.675594
CRELD2_8381	6.292809	5.301219	4.538555	5.3104234	4.658778	6.742228	4.8355975	4.5232325	5.182173	4.7764435	4.832893	6.6300297	6.059192	4.6076946	5.948199	4.2480316	4.7928996	4.2352924	6.446237	5.7728004	6.2571926	4.993074	6.275765	5.3540745	6.381372	5.641408	5.784808	6.462924	4.674177	6.614812	5.272131	4.9408307	3.917761	4.455044	6.39309	4.613693	6.2698	5.5589757	6.0179176	5.5159087	5.540748	6.0684595	4.786336	6.285054	4.2611446	5.524181	6.994841	5.3899226	4.871772	5.7147603	5.3132257
CRIP1_32865	5.1542273	5.230354	4.9809566	5.672997	5.0374327	5.0209155	4.447462	5.2649307	6.3611703	4.9989533	4.5844727	5.073909	5.478582	5.867652	6.1628246	5.1909714	5.601789	4.4534655	5.1094346	6.514724	4.8819904	5.174639	5.348582	5.997174	5.14887	5.1786733	5.784808	6.147042	4.91958	5.3569393	5.5258307	6.412613	5.209036	5.4217744	5.6477447	4.8063326	5.503528	6.5534706	6.0466185	5.6372986	6.7195706	5.749038	5.9042187	5.9037127	4.9107227	6.728547	6.136968	5.55602	6.111148	4.2528553	5.441312
CRK_8382	3.8293307	2.8678937	2.1619017	3.0594068	2.6569214	3.9054923	3.659207	3.5484548	3.9186504	3.5440083	2.956486	3.5721645	3.6939778	3.352018	3.531564	1.9419785	2.5384767	3.2644873	3.4029472	3.5884495	2.889376	3.1031692	4.252953	3.6423242	3.7834342	3.8118882	3.4149964	3.8571408	2.8125298	3.7499197	3.1578226	2.1818647	3.2430704	2.9062183	3.2179284	2.8064463	2.7898166	4.291709	3.6688373	3.8847218	2.992627	2.9874854	3.104098	3.1313937	2.8193185	2.476957	3.4107835	2.7755125	3.1230586	3.5490766	3.5183966
CROT_8384	8.932782	8.384867	7.7808857	7.7621317	8.412099	8.5354	8.271404	8.228865	8.836573	7.8520036	7.8624625	8.992015	7.762538	8.096874	8.106762	8.284295	8.534562	8.355583	8.165572	8.612603	8.400259	8.08482	8.522566	8.238755	7.924738	7.928486	8.49421	9.069555	8.329232	9.07448	7.7873387	8.253687	8.315388	7.4508977	7.1724534	8.253972	8.481412	8.816649	8.521692	9.340405	9.201481	8.30419	8.778684	8.703755	8.115086	8.440687	7.835369	7.647713	8.85917	8.355388	9.251392
CRP_8385	12.806442	12.394891	11.328974	11.910601	11.768022	12.770885	11.700014	11.61969	12.452113	11.777051	11.582839	12.796866	12.791998	11.659093	12.780798	11.743107	11.842105	11.49386	12.65342	12.434464	12.5296	12.131862	12.645232	12.651811	12.562731	12.626051	12.7380705	12.498347	11.740441	12.329504	12.219401	11.522577	11.798115	11.68373	12.175954	11.519314	11.722569	11.826122	12.60274	11.855888	11.824966	12.822424	11.834267	12.2465105	11.728619	11.885931	12.4713545	12.06575	11.742274	12.931559	12.014006
CRYL1_8388	3.764007	3.7655318	2.713711	3.2735412	2.6569214	3.9054923	2.4022055	3.023864	3.3476372	2.4777672	2.956486	3.4922628	3.1312993	2.8829715	3.0466177	2.8396301	2.6654315	2.837896	3.4029472	3.400333	3.8610783	2.7430372	3.5655706	3.9550858	3.7149374	4.450914	3.1264923	3.5361161	3.4460533	3.7499197	3.1578226	3.013425	2.1789894	2.597612	2.9855762	3.0865276	3.0694053	3.4077816	2.4743395	3.0805616	1.8199238	3.4763536	2.4416173	3.3300724	2.93812	3.142335	2.617958	4.4722323	3.7922184	3.9744961	2.708643
CSF1R_33318	4.4440207	5.4332905	3.679778	5.634777	4.204518	3.9605298	4.027466	4.794435	5.2902575	5.2312317	4.068561	4.867713	5.535407	4.803421	5.1429396	3.3887968	4.6771235	4.8103905	4.495037	6.0855417	4.1772795	5.13622	4.058097	5.2433057	4.830612	4.00006	4.875518	4.341534	4.436806	4.6583104	5.673144	3.3501055	4.722696	4.251405	5.31304	4.320921	4.3380756	4.0339556	5.5613966	5.2591662	4.717334	5.219322	4.0176687	4.972892	4.214827	4.218504	5.763282	4.8828907	4.9337583	4.5697665	5.2907276
CSGALNACT2_8391	2.2557068	3.3854282	1.9183995	2.5029805	2.011671	3.1002145	2.2245977	2.6667733	3.243922	2.9263053	1.8894439	3.2219887	2.919921	2.7372885	2.9264696	2.109709	1.8765994	0.6915133	3.0326717	3.5884495	1.9443585	1.9438806	3.7704499	3.2424362	3.0042105	2.091197	2.077968	2.65541	1.8408495	2.482375	2.3110406	1.9373132	1.9345882	0.7839461	2.5470278	2.3210802	1.9846656	1.5472676	2.778033	0.6542548	2.7428484	2.3964808	1.8208362	3.0207527	2.5476058	1.2047167	2.7615314	1.2997124	1.8362379	2.1194797	2.838406
CSK_8392	3.6955848	3.2957203	1.6252826	2.3223944	2.011671	4.2528214	2.2245977	2.5249715	2.7331607	2.3398588	2.7783492	3.7198045	3.1312993	2.7372885	3.2605107	2.3960178	2.6654315	2.837896	3.4823647	2.2253819	2.581391	2.5224707	3.326703	3.7756684	3.7834342	3.743284	3.4149964	3.7055392	1.8408495	3.52196	3.79471	1.9373132	2.7323515	2.204507	3.5085077	2.5840793	1.6862907	3.49237	3.3383183	2.9792266	3.8365083	3.0813484	1.1804214	3.1313937	2.0104735	2.6368403	3.011828	3.176305	2.762189	4.034631	2.2300112
CSNK1A1_8393	6.467116	6.567877	6.00553	6.352251	6.1599803	6.315933	6.2422347	6.2232704	6.832664	5.9046454	5.7601366	6.2352614	6.412619	6.1382194	6.7892222	5.8422933	5.8085127	5.8627696	6.289462	6.514724	6.5035553	5.91458	6.2980185	6.7140417	6.101815	6.3086004	6.383467	6.4863734	5.729948	6.2174373	6.3352737	6.0919228	6.0271583	6.135372	6.821592	5.713206	6.363469	6.9397745	6.364175	6.5973086	6.433103	6.4752336	6.1935053	6.3664885	5.9725676	6.1325927	6.201352	6.182456	5.830722	6.1949544	6.3394904
CSNK2A2_8395	2.2557068	2.435626	0.76129264	2.663456	2.011671	3.2840576	1.7862632	1.4768263	2.5711837	2.3398588	1.70226	3.4076753	1.9947519	2.1835182	2.7953992	2.2599542	2.6654315	2.0267587	2.375796	2.7828603	3.0217755	1.7539579	3.326703	2.5451083	2.6106799	2.911122	3.1264923	3.0404751	2.004529	2.482375	1.9897953	1.6426728	1.9345882	2.4144073	1.6211139	0.0	2.7898166	2.0718946	3.1395056	1.1027291	2.992627	1.8741015	1.5358759	3.0207527	1.7753943	2.6368403	3.011828	1.9721766	2.075009	2.9431233	2.5660443
CSNK2B_32771	2.0518599	1.8155732	1.9183995	2.9391065	2.2602103	2.8894746	2.0220141	2.3676975	2.5711837	2.3398588	1.4871172	1.8332136	2.6721666	1.6441145	2.6512198	1.7521499	2.6654315	2.2295449	2.5332706	2.9293032	1.6491554	2.1116846	2.8119028	0.6821822	3.2172866	2.2966683	2.765496	3.0404751	1.4443876	2.786402	2.159341	2.3909085	2.8779507	2.597612	2.7084813	2.1691005	2.9363732	2.6151845	2.6341627	1.9519659	2.992627	2.2424579	2.0586884	3.6604056	0.6833182	1.5643196	2.8921008	1.2997124	1.1924393	2.506785	2.5660443
CSRNP1_32455	1.8143951	2.053109	2.1619017	1.2227256	0.8140356	1.735917	2.4022055	1.4768263	1.640813	1.3353969	1.70226	1.5471903	2.6721666	1.9388802	2.1047523	1.5335042	2.399263	1.5083932	2.1990027	2.2253819	2.3986237	1.5351875	3.5655706	2.2101986	1.8294263	2.2966683	2.282898	2.4159133	2.004529	1.8567106	2.3110406	0.77186805	2.1789894	0.7839461	2.5470278	1.8065978	0.0	2.455791	1.5622083	1.9519659	1.5350422	2.5356345	0.7077145	1.8430203	2.0104735	1.8519349	2.7615314	2.6126575	1.5499562	2.3260906	1.7911546
CSRP1_8396	4.358093	4.6403866	4.581067	4.4379616	4.318538	4.3384256	5.0102134	4.630994	5.034578	3.3420844	4.144076	4.7351427	4.1950135	3.9890406	4.4677963	4.449145	4.764815	3.6650012	4.640628	4.779769	5.1073456	4.058373	4.058097	4.010254	4.333043	4.9542584	4.517932	3.8083558	4.253646	4.3690176	4.510535	4.223962	4.1647973	4.1376824	4.80682	3.9532046	4.170472	4.8678265	4.95172	4.649599	3.8365083	4.514691	3.9601355	4.206825	3.7133195	4.0582333	4.7384453	3.965136	3.980205	3.9117455	4.4129558
CTCF_32905	5.2527614	4.3146935	3.897257	4.24848	3.8724551	5.236946	4.2293363	3.9874403	4.3765597	3.7756202	3.617124	4.835695	4.8904743	4.170284	4.9406905	3.100898	3.4794793	3.8609118	4.8939905	5.210552	5.0464687	4.0988927	4.716597	4.9924426	5.2731752	5.1257567	4.671753	4.879149	3.3273613	5.1856456	4.6593394	3.2463703	4.22047	4.455044	4.910049	3.753906	3.5959105	4.469166	4.6109753	4.973223	4.226075	4.7615075	3.837692	4.816079	3.3344872	4.113659	4.9330125	4.564248	3.7922184	5.134336	4.2358537
CTH_32463	8.39136	8.233042	7.2195253	7.32551	8.007002	8.217272	7.9949465	8.527345	7.8485913	8.21952	7.82853	7.9488153	8.806153	7.4001894	8.635932	7.5445657	8.472969	7.824618	8.421233	8.67881	8.077878	7.905124	8.328117	8.137084	8.005816	8.1665	7.9791417	8.4839945	6.91973	8.277862	7.651781	7.774152	7.775135	8.182173	8.139392	7.7704344	7.6324654	8.670005	7.89464	8.303862	7.8175783	8.309049	7.360798	8.190345	7.527994	8.371318	7.9855223	8.406869	8.033058	8.650246	7.8600082
CTNNAL1_8399	4.2667212	2.737684	2.1619017	3.77313	3.4403665	4.0135446	2.5603254	3.1256318	3.6203768	3.4797902	3.3878083	3.8537283	3.759049	2.7372885	3.3566325	2.5203478	3.2556021	1.7907331	4.198454	4.1627893	3.9959817	3.391122	4.424596	3.7756684	4.6219993	3.743284	4.3907466	3.474912	2.9792736	4.0644393	4.031601	3.013425	3.1313257	2.4144073	4.0201387	3.3913584	3.5959105	3.3179228	3.0287817	3.0805616	3.2054758	3.8935378	3.104098	4.439678	3.4981349	2.7807593	3.2250526	3.8959892	2.6186037	4.2528553	3.5938473
CTNNB1_8400	6.5175333	5.4950523	4.0259314	5.404291	5.164852	6.20635	4.526246	4.825013	5.9144597	4.9989533	4.5007634	6.533531	6.547662	5.512124	6.5253515	4.732318	4.70695	4.4123907	6.657736	6.289157	5.8394847	5.076602	6.493889	6.164587	6.6433635	6.7630596	6.30333	6.82361	4.5734663	6.5456405	5.8445945	4.223962	5.1240087	4.6334615	5.851684	4.2843966	5.0675874	5.5784564	6.245403	5.533888	5.0282516	6.146537	4.851072	6.6247153	4.3917923	4.6519713	5.862184	5.704953	4.593174	6.356813	5.8480244
CTNND1_8401	7.88094	7.9865785	6.167737	7.665916	7.1108246	7.991446	7.004036	7.275782	8.034916	7.0990295	6.524593	8.121415	7.9166517	7.178212	8.282238	6.4698577	6.602811	6.9397597	7.898725	8.295652	8.066425	7.3639154	7.6199875	8.096234	7.9323	7.9741044	7.8195662	7.96643	6.862187	7.8232117	7.724534	6.482766	7.0624933	7.1691546	8.201759	6.6500025	6.687074	7.584822	7.9789567	7.775084	7.231767	8.022974	6.813086	7.916758	6.995691	7.352816	7.967123	7.749222	6.9133816	7.622336	7.66825
CTSC_32456	9.421343	10.0239315	9.610092	9.733598	9.826095	9.440929	9.614954	9.653373	9.582055	9.402806	8.878833	9.565701	9.560583	9.6670475	9.821581	9.624376	9.388211	9.71817	9.195825	9.735457	9.602256	9.672961	9.145869	9.947856	9.194403	9.31344	9.427524	9.388615	9.594475	9.292223	9.405304	9.825405	9.517241	9.939539	9.394403	9.370718	9.998433	10.2669325	9.926252	10.024177	10.37194	9.643231	10.033015	9.4703665	9.727834	10.205363	9.75005	9.612983	9.895102	9.250745	9.825329
CTSD_8403	6.796027	6.5582647	5.368437	6.409967	5.835446	6.8112273	5.712411	6.128386	6.37351	6.044405	5.329891	6.7972965	6.671139	6.236389	6.9208302	5.447408	5.7380347	5.701634	6.364748	6.6046686	6.0557013	5.8086314	6.596211	6.70571	6.7152586	6.6551666	6.638029	7.1169324	5.44647	6.4941196	6.1464405	5.865568	5.963324	6.2897654	6.428295	5.9414716	6.169625	6.2353773	6.6894374	6.345758	6.3792973	6.10244	5.7258396	6.768614	6.130612	6.3558803	6.378874	6.372616	5.657853	6.9240212	6.306228
CTSK_33244	1.5299913	3.200062	2.713711	3.5448534	2.967741	1.735917	1.5043167	3.2206914	3.243922	2.8265579	1.70226	1.8332136	2.1961572	3.539506	1.8643311	2.109709	1.6496927	3.4382432	2.675235	3.2961977	3.0217755	2.5224707	2.5404441	3.6423242	0.7123662	2.4764907	2.077968	2.65541	1.8408495	2.0966876	3.379998	2.7354863	3.0101936	3.2723231	2.5470278	2.3210802	3.1911995	3.6479805	3.1395056	3.0805616	2.992627	2.5356345	3.9601355	2.9009168	2.5476058	3.2451882	3.4107835	2.9218345	2.762189	1.8782536	3.9212723
CTSS_8404	4.4016967	6.9742966	6.3872595	7.187106	6.783583	4.6709857	6.7404966	6.29055	7.078592	6.952934	6.183496	5.205009	5.742663	6.7260265	5.917009	6.0421996	6.6800323	6.434324	5.8091955	7.3269095	5.7080765	6.2919374	4.716597	6.7790194	5.409452	4.267662	5.054033	5.3402414	6.3483534	5.3569393	6.5487647	6.2875323	6.84063	6.3800554	6.702023	6.3739924	6.8157487	6.729333	6.5560555	6.7966256	6.5350447	6.5591955	6.007229	5.114319	6.6576653	6.728547	6.4861417	6.372616	6.8343344	4.60985	6.873793
CTSZ_8405	5.276378	6.028124	4.7766476	5.44903	4.8604927	4.82722	4.60095	4.4854455	5.46187	5.044063	4.317193	5.936344	5.865947	5.4666176	6.080765	4.174241	4.975528	4.326557	5.8245153	6.316034	5.5850525	4.9494233	4.6489487	5.883578	5.0959854	5.523625	5.715727	5.390823	4.8350935	6.191795	5.7281003	4.68716	4.869225	5.2130246	5.8688707	4.831867	4.666819	5.074023	5.8489633	5.0249915	4.4090514	5.7632694	4.61052	5.9943395	4.4727483	5.2551312	5.9547386	5.55602	4.593174	5.265593	5.8325324
CTTN_8406	5.7341747	4.994124	4.354751	4.605421	4.4742694	5.831418	3.7926803	4.4854455	5.0954394	4.2306314	4.317193	5.3927565	5.535407	3.781712	5.456678	4.318231	4.3004603	4.9604125	5.501332	5.121943	4.9829097	4.655514	5.6548142	5.2661505	5.931163	5.303049	5.9137754	6.034892	4.0809665	5.550952	5.3265657	4.223962	4.5595846	4.1376824	4.910049	4.45842	4.2285304	5.018054	4.8897076	5.3017626	4.817839	4.947489	4.647439	5.3838687	4.724913	5.099104	5.1044307	5.0191975	4.3870535	5.6000404	4.570675
CTTNBP2_33124	4.9637265	4.9359283	3.2234385	4.4816837	4.14394	4.1618156	4.406396	4.5600543	4.938183	3.6644573	2.3383918	4.899036	4.704761	4.9092603	4.971378	4.014271	3.334152	4.2352924	5.084199	5.3729453	4.950048	4.80994	3.7053368	5.2200937	4.464024	4.724427	4.8434935	4.4725537	3.6075757	4.3225136	4.819748	4.7262454	4.22047	4.455044	4.532649	3.6994612	4.4398866	3.7884288	5.123209	4.775837	3.8365083	5.0203977	4.177663	4.713098	3.7784617	5.0713763	4.9023523	4.4722323	4.247581	4.3507204	5.357197
CXCL12_32815	8.690621	8.690064	8.2579	8.715972	8.389446	8.920841	8.045975	8.5910015	8.751672	7.68048	7.822796	8.915582	8.855341	9.040897	8.865655	8.7231865	7.953618	8.286226	8.502061	9.042898	8.619867	8.639108	8.131474	8.583796	8.746266	9.2484045	8.051013	8.208902	7.8798933	8.869384	9.093619	8.270311	8.577667	9.006253	8.418597	8.163851	8.891702	8.911864	8.598815	9.005568	9.086983	8.447681	8.181794	8.171046	8.418197	8.292452	8.735509	8.419243	8.755714	7.8359575	8.730956
CXCL12_8410	5.048467	5.050063	4.402944	4.4816837	4.5226555	5.0209155	4.131929	4.5232325	4.761664	3.8788273	3.81494	5.34806	5.336579	5.0078626	5.0014257	4.7063746	3.6732368	4.370112	4.864649	5.0275335	4.6561337	4.451598	4.5779715	4.688581	4.830612	5.2545776	4.517932	4.234818	3.752821	5.550952	5.361747	3.8522093	4.5157533	5.1557508	4.2474017	4.4908404	4.934379	5.1798387	4.448411	5.1232677	5.2362657	4.78959	4.61052	4.350994	4.691478	4.4077783	5.1044307	4.8828907	5.0779867	4.0923586	4.4939694
CYBA_32388	2.8664734	4.526692	4.304893	4.4379616	3.7147906	2.8894746	4.406396	4.4854455	4.560497	3.927788	3.7679703	2.455695	3.3996527	4.6891985	3.446748	4.8554664	4.6155543	4.570107	3.5576375	4.616394	3.2548962	3.8367145	2.5404441	4.3889227	3.4029047	2.7802737	3.3250897	3.0404751	3.798159	3.1481903	4.196571	4.474071	4.6021237	4.0142226	4.488855	3.9532046	4.534984	4.929807	3.9375708	5.074966	5.418032	4.1315517	4.3216715	3.2341504	4.586254	5.230271	3.791503	4.03112	4.9637804	3.0634718	4.712838
CYBB_32987	4.777671	5.9121675	3.9630284	6.5083714	4.2626543	4.637601	4.706218	5.491516	6.1763225	5.6657906	4.2504177	5.2542853	5.4394155	5.681025	5.62053	4.055957	4.5179744	4.1873994	5.482139	6.615527	5.473857	5.3015795	4.541129	6.378873	4.7978716	4.6514254	5.1618433	5.4556193	4.54715	5.2615604	5.8692527	4.2775726	4.4238806	5.001751	5.9678993	3.6994612	4.934379	4.291709	6.142801	5.4030566	4.881152	5.8458295	4.972431	5.4494114	4.586254	5.524181	6.1759424	5.704953	4.704046	4.8957973	5.8633523
CYCS_8414	2.2557068	3.5496664	4.916016	3.6250265	3.5377576	3.4470994	2.951459	3.1256318	4.603037	3.189834	2.956486	3.1193392	3.315628	3.7054071	4.379027	4.055957	3.2556021	3.7333038	3.4823647	4.039196	3.9959817	3.180722	2.930607	3.6423242	3.4029047	2.6363633	3.65531	3.9500241	3.4460533	3.7499197	3.447053	3.7034492	3.1313257	3.5640745	3.3214288	3.3913584	3.7623768	4.291709	3.6688373	4.1869826	4.4513865	3.0813484	4.3216715	3.1313937	3.2451313	4.794461	3.8569224	2.9218345	3.980205	2.8118143	4.1384206
CYP17A1_32365	2.5931726	1.176321	1.6252826	1.2227256	3.5377576	2.5012665	2.5603254	1.4768263	2.7331607	3.4125795	2.5750768	1.1900772	1.7605959	2.5752249	0.7313985	2.109709	2.7821121	2.2295449	1.9974787	2.7828603	1.9443585	2.5224707	2.0039802	2.5451083	0.0	1.2043949	2.621851	5.1575522	0.8958736	1.2084577	2.159341	2.3909085	0.7703406	0.7839461	0.758765	2.1691005	1.3096737	4.089322	2.778033	3.9397032	4.971199	2.3964808	2.2628205	0.0	2.2125611	3.7438102	0.7157622	1.2997124	2.075009	3.2776825	2.027206
CYP1A2_8416	9.62132	9.138499	7.32959	7.8057866	8.061241	9.2233095	7.99148	7.91384	7.5282273	8.066689	8.3084545	8.308005	9.310874	7.9097714	9.429696	7.745828	8.120821	8.082015	9.926491	8.364859	7.950758	7.558063	8.763515	7.883717	9.2887335	9.120696	9.38644	8.410309	7.07975	9.225864	8.102771	7.3107753	8.356348	8.149539	8.654908	8.222945	8.097235	7.960114	8.426628	7.411696	7.896309	8.244574	7.7052484	9.200619	8.133877	8.240489	8.671039	8.242514	7.807451	8.886814	8.12773
CYP2A1_32717	3.1985953	2.435626	1.2570211	0.7371988	0.8140356	1.9685107	1.7862632	1.1302094	1.640813	1.59992	0.53686917	3.1193392	2.5302608	1.9388802	3.0466177	2.109709	1.0488179	1.7907331	3.2296562	1.9785899	2.581391	1.5351875	2.6825488	2.38735	2.0677924	2.7802737	1.5525111	3.3441162	1.1960433	2.9173408	1.5758953	1.2719984	0.7703406	1.2890483	1.6211139	1.3212922	1.6862907	2.455791	0.7233562	1.1027291	2.0577211	1.6473541	1.1804214	2.6264875	1.7753943	2.297121	2.617958	1.2997124	1.1924393	2.8118143	1.7911546
CYP2B1_32451	4.4440207	2.594546	2.552146	3.3697603	4.424204	5.5909896	1.7862632	2.6667733	2.5711837	5.044063	2.956486	2.2764814	3.9934368	3.4488056	5.195874	2.8396301	2.7821121	4.0333714	4.289591	2.9293032	3.9301062	3.0212092	5.167044	3.415899	2.6106799	2.2966683	3.3250897	6.195273	4.2858334	3.251095	1.7976378	2.8811386	2.7323515	3.038847	2.3652024	2.6995428	3.6815434	4.929807	3.1395056	5.88152	5.560223	3.331059	3.3920732	3.7323904	3.7133195	7.1947427	3.011828	3.176305	2.762189	4.201315	3.4387813
CYP2B2_32473	8.402135	8.643095	8.214677	8.611607	8.860997	8.286219	9.087757	8.766678	9.209545	8.9736185	8.806592	8.420211	8.689982	9.16717	9.084977	8.932092	8.472969	9.052867	8.86083	9.274638	8.536545	9.103477	8.328117	9.016539	7.947306	8.823293	8.455008	9.130359	8.986163	8.372203	9.172516	9.359384	8.714828	9.161617	8.541586	8.630119	9.299787	9.36453	9.248877	9.539304	9.500097	9.589334	8.701788	8.403789	9.118784	9.743197	9.158376	9.387527	9.063608	8.915084	8.933328
CYP2B3_32867	10.62616	11.145031	10.771697	11.078511	11.148997	10.450744	11.409837	10.952535	11.66306	10.953474	11.253162	10.904202	11.034387	11.423014	11.16035	11.239834	11.007381	11.278253	11.04499	11.508853	10.945646	11.441636	10.454862	11.4169235	10.573455	11.045408	10.731066	10.522205	11.237254	10.737368	11.636761	11.50372	11.105056	11.468725	11.024692	10.988689	11.490536	10.964321	11.7020035	10.913621	10.997965	11.860142	10.986236	10.818465	11.37753	10.877583	11.448086	11.434343	11.366971	10.855124	11.327663
CYP2C11_32593	12.016871	11.722941	12.182557	12.464873	11.834218	12.268992	12.08706	12.086608	12.184614	11.98563	12.877946	11.285247	12.802285	12.3026495	12.272314	12.631204	12.465073	12.563285	12.94876	10.860901	12.643975	12.251544	12.430519	12.083668	12.309576	12.402207	11.957968	12.723482	12.566367	12.279596	12.582919	12.257819	11.954302	12.434258	12.421571	12.272299	12.385327	13.119105	12.324116	13.015884	12.956913	12.52304	12.159664	12.527786	12.374628	13.1236925	12.241314	12.700721	12.186279	12.536825	12.30826
CYP2C13_8419	9.028028	9.462172	8.459347	9.637811	8.336292	9.8842	9.718193	9.265999	5.5730453	8.678748	4.5007634	8.864925	9.890549	5.7958717	10.2894535	5.227913	8.730615	4.7784185	5.501332	9.874165	5.668223	8.424738	5.348582	10.837954	8.506454	9.228151	4.9969473	9.494561	8.700006	5.020667	5.1160517	10.012921	9.562375	9.429678	4.910049	8.630119	8.710036	6.1468096	9.44758	9.731707	6.3234067	9.5580435	10.309131	8.144907	5.0225058	6.4875917	5.1573243	5.082807	9.404624	4.723822	9.679252
CYP2C23_32352	2.4342844	3.200062	1.9183995	1.8748931	3.223322	2.7713106	2.0220141	3.023864	1.640813	3.4797902	2.956486	1.8332136	1.9947519	3.9890406	2.6512198	1.9419785	3.4794793	2.5655518	2.8044732	2.9293032	1.9443585	2.5224707	3.0402825	2.2101986	1.8294263	1.2043949	2.077968	2.9534101	2.406994	2.0966876	2.3110406	1.2719984	2.7323515	3.1603029	2.5470278	1.9992051	0.79861236	2.8892338	2.0891902	3.5731628	3.6308496	2.0700042	2.7439313	2.2872965	3.1498733	3.2451882	2.074421	1.9721766	3.321599	2.9431233	2.2300112
CYP2C6V1_33169	10.921701	11.833911	11.478775	11.637359	11.551904	10.920343	11.467436	11.550754	11.048008	11.512971	10.265426	11.291531	11.390034	11.277837	11.539196	11.2998905	11.335001	11.232525	10.84307	12.084887	10.411458	11.163712	10.426103	11.811104	10.258547	11.084497	10.712902	11.175171	11.489129	10.818675	10.927432	12.097046	11.671502	12.043315	10.928078	11.236449	11.60352	11.329505	11.630635	11.665148	11.684228	11.218623	12.290517	10.635206	11.453359	11.967875	11.249627	11.335796	10.4691305	10.304787	11.645329
CYP2D1_32660	7.6198983	6.805805	6.1816173	6.340426	6.925305	7.409315	6.555659	6.4062953	6.433673	6.599575	6.422137	7.1298904	7.4041266	6.328302	7.2868648	5.967714	6.702415	6.9397597	7.4626307	6.9517508	6.939937	6.5029163	7.441569	6.6718926	7.2927027	7.4031687	7.1179733	7.050313	6.5671234	6.8624463	6.679997	5.5757246	6.588951	6.4650264	6.856474	6.1178966	6.475601	7.274359	6.8848825	6.931593	6.5152245	6.749927	5.9492693	7.1032467	6.7660327	6.872064	6.9126167	6.751025	6.444949	7.5520678	6.6086764
CYP2D3_8420	6.746156	6.96705	6.399189	6.409967	7.046089	7.107908	7.388412	6.754907	6.1763225	7.265406	7.2438793	6.813826	6.875701	6.898726	7.070068	6.33244	7.219493	7.3946652	6.893906	6.6370025	6.8625875	6.4877386	6.9939475	6.556169	6.5965385	6.5685983	6.6839633	7.402267	6.9094367	7.181893	6.5563774	6.376214	6.959917	6.2897654	6.5290318	6.6784306	6.6450567	8.057034	6.828151	8.077422	7.8731375	6.4924216	6.301687	6.9903383	6.733547	7.639144	6.7923603	6.770473	6.680123	6.9240212	6.7960534
CYP2D5_32296	0.0	0.0	0.0	0.0	0.0	4.766741	0.0	0.0	0.0	0.0	4.317193	4.5102053	0.0	0.0	4.4677963	0.0	4.260792	0.0	0.0	0.0	4.614798	0.5602896	0.68006337	4.2119765	0.0	0.0	0.0	5.05673	0.0	5.667165	4.2724814	2.7354863	0.0	2.9062183	0.0	0.0	0.0	0.0	5.096006	4.7140985	5.2362657	4.2167525	4.0729947	4.206825	0.0	0.0	3.8569224	0.0	0.7160639	0.7390483	0.0
CYP2E1_8421	10.239108	10.040423	7.960686	9.027566	8.776225	10.194387	8.874705	8.776489	8.034916	9.441253	8.683861	9.414044	10.481044	9.323715	10.909129	8.624473	8.909613	8.403533	10.788941	9.762578	9.012928	8.754571	10.08425	9.249322	10.379649	9.786973	9.609913	9.728051	9.166616	9.875915	9.318436	8.306225	9.134451	9.28527	9.082619	8.916314	8.991484	8.966486	9.665636	9.213683	8.503346	9.559064	8.597162	9.611866	9.539842	9.649029	9.4759	8.595872	8.933115	9.599519	9.214516
CYP2F4_8422	5.6820793	5.9121675	5.4161816	5.358121	5.715683	6.0374436	5.945275	5.3088636	5.594288	5.396883	5.5950313	6.0099216	5.9238505	5.8850527	6.149468	5.246035	5.536844	6.224912	5.778058	5.9548326	5.976329	5.598619	5.390609	5.607645	6.3018746	6.272541	5.444004	5.5176296	5.885079	5.7573338	6.030979	5.7182517	5.963324	5.6669426	5.9518595	5.568818	6.2835593	6.172674	5.414987	5.9634023	5.8721323	5.9979987	5.1110473	6.1470075	5.592596	5.126309	5.9696035	5.9117594	5.878786	5.2145143	5.399867
CYP2J4_32580	5.5908422	5.155827	4.494753	3.8418446	5.337082	5.816578	4.8662076	4.5600543	4.560497	5.6068783	4.6890273	5.4573073	5.5167127	4.476096	5.1157255	4.4800982	5.0931315	4.7457223	5.2061815	4.855005	5.275932	4.708847	6.2980185	5.0462265	5.3876147	4.984295	5.4224877	7.060765	4.979849	5.629458	4.6873436	4.9072104	5.0336547	5.001751	5.208914	4.391308	4.787609	6.47249	5.32413	7.0550075	7.575894	4.9223433	4.7185583	4.848835	4.724913	7.392573	5.619891	5.3387294	4.3870535	6.27192	5.122574
CYP3A1_32809	10.383384	10.154865	9.927796	10.199027	10.302952	10.174156	9.903921	10.160788	9.620095	9.985975	9.525893	8.940258	9.878702	10.401793	9.806768	10.545125	10.201862	10.219422	9.698121	9.195432	9.759879	9.948507	10.204727	10.051763	9.60607	9.584945	10.368583	10.066916	10.342697	9.241571	10.041673	9.842182	10.0917845	10.476196	9.028202	10.089053	10.413379	10.601031	10.088592	10.531079	10.590137	9.739051	10.394407	9.592655	10.463499	10.883076	10.031697	9.979627	10.193952	9.915588	10.153773
CYP3A2_32374	15.17674	15.286948	14.354324	15.497905	15.240502	14.961511	14.774857	15.299688	14.229311	14.8165655	14.198808	14.045354	15.15413	15.655727	15.00721	15.291349	14.744588	14.386921	14.26594	13.379549	15.172243	15.205578	14.877219	15.523373	14.543391	14.894112	15.730466	14.890223	15.004991	14.603155	15.338715	14.119571	14.227404	15.209587	14.217828	15.511603	15.149277	15.045018	14.977936	15.048783	14.7558155	15.098401	15.276589	14.942496	15.564689	15.383797	15.222994	15.24165	14.962801	14.969226	14.913837
CYP3A23/3A1_33326	5.75113	5.818643	5.673574	5.9469924	6.144603	5.3023205	5.6256146	5.8448124	5.791102	5.1715	4.8997808	4.4266934	5.726485	5.902246	5.030861	6.180541	5.7380347	6.03502	5.158619	4.6590047	5.4967923	5.6403956	5.1910257	5.853724	5.14887	5.303049	5.9888926	5.8663917	5.9568067	5.2366967	6.041866	5.73751	6.0732465	6.24927	4.8420568	5.568818	6.093558	6.4302287	6.2329693	6.444111	6.7453218	5.7346654	5.9929557	5.4494114	6.191674	6.9116936	5.657097	5.7836275	5.8629417	5.019991	6.3394904
CYP4A1_33111	7.9151926	7.4810696	5.925305	5.7993145	5.694719	9.996271	7.909351	5.9732223	6.6620865	9.855245	9.097625	8.091222	6.2858696	6.07897	6.265446	5.768989	7.9690857	6.338905	6.8117304	6.4555206	6.559091	5.540965	10.107275	6.7387524	7.0845027	6.9497004	7.380392	11.133078	5.645643	6.633981	5.673144	5.5322757	5.413955	5.8037276	6.22975	5.227787	6.093558	9.958553	6.4739084	10.999423	10.772339	5.7632694	5.8258595	6.7251678	6.215393	11.140739	6.4227424	5.894137	5.5629745	10.108047	6.2254972
CYP4A2_32530	11.029867	9.257621	6.7176943	9.309679	8.87271	10.468653	7.4553747	6.754907	9.898279	8.174585	6.7161617	9.751993	9.368049	9.41788	10.9867525	9.209948	9.243079	7.368059	7.824471	8.903656	9.465071	8.444525	8.918781	9.509569	8.027161	10.243341	10.629676	10.418852	9.152503	10.15172	9.572297	8.270311	8.813165	7.0796037	8.318945	8.230165	7.267362	9.649935	9.500406	10.287245	9.425074	9.825514	9.2694025	8.771526	9.608628	10.8047285	9.90597	9.493727	8.47479	10.531697	7.619435
CYP4A2_8425	6.622615	4.6763773	2.1619017	4.392873	3.7147906	6.0753393	2.5603254	2.1911569	4.560497	2.719398	1.2341714	5.073909	4.7693586	4.8395705	6.5253515	3.834324	3.6114979	1.5083932	3.2296562	3.5884495	4.696318	3.4549482	5.0141287	4.848497	3.8488257	6.145386	5.8507323	6.373527	4.4651933	5.5100365	4.0746455	3.013425	3.7763257	1.2890483	2.9855762	3.320974	2.2317815	5.074023	3.9375708	5.3017626	4.532502	4.703648	4.819067	4.439678	4.8514056	5.461475	4.7384453	4.518974	3.2257414	5.9515357	2.5660443
CYP4A2_8426	6.233717	4.526692	1.6252826	4.392873	4.204518	6.171783	2.2245977	1.7560883	5.6762624	2.9263053	0.53686917	5.2298574	4.412865	4.728286	6.566133	4.3851724	4.55124	1.1570135	2.375796	4.432127	5.1657577	3.6310537	4.2066507	4.469871	3.1146789	5.4821253	5.9888926	5.4072967	4.253646	5.968379	4.8694844	3.4468794	3.534197	2.204507	3.6740885	2.6995428	0.0	4.7352557	4.7570624	5.0249915	4.320462	5.4998827	4.22728	3.8664052	4.586254	5.9467025	5.481552	4.809582	3.8576405	6.308916	2.4077895
CYP4A8_32747	4.873696	4.403265	5.0123625	3.1704433	4.9338927	3.522194	3.587535	3.1256318	3.7772083	2.4777672	1.8894439	3.5721645	4.452749	3.1364734	3.6116695	4.2116084	2.072621	5.4810195	5.058514	3.400333	3.5462768	3.7375457	4.3835616	2.9355001	3.4874642	4.4072366	4.299267	3.3441162	2.7213259	2.9173408	3.6878698	3.013425	3.0101936	4.305072	4.532649	3.1689827	3.8389206	3.119443	3.9375708	3.1752434	3.8990247	4.4100404	2.4416173	4.3960176	3.573486	2.7807593	2.4585013	4.518974	1.5499562	2.1194797	3.6655471
CYP4F4_32350	8.1884775	7.413371	6.5672135	7.1604505	7.1343703	7.841906	6.76507	7.0419827	7.704628	6.666013	6.524593	8.018213	8.422635	7.0374665	7.991721	6.093144	6.5043354	6.7794023	8.456079	7.465398	7.8740015	7.313157	8.096985	7.7961745	7.8940873	8.126657	7.8760624	8.535486	6.6804214	7.67377	7.40431	6.220675	6.8843737	7.0085926	7.532029	6.399832	6.7676067	7.1626396	7.4497423	7.295304	7.2072706	7.7467947	6.496387	7.60785	7.2174463	6.972921	7.602495	7.4326363	6.6710525	7.976724	7.038136
CYP51_8429	8.085289	7.9017086	6.9299273	7.6468387	6.659242	7.224924	6.8593802	7.5473857	7.4662066	6.7837253	7.5308733	8.077598	7.383639	6.915758	7.453727	6.4148498	6.9153943	7.141746	7.355968	7.495101	7.0448165	7.4209614	7.7098746	7.7764196	7.6174874	7.550978	7.592744	7.250755	6.668263	8.842856	7.1362214	6.9553757	7.136716	6.3420496	7.3542914	6.7336597	7.114091	6.3644214	7.9714923	6.7966256	6.5834355	7.8995585	6.631516	7.673322	6.167558	5.9618835	7.690363	7.2781677	7.185928	7.541744	7.4921074
CYR61_32555	3.6955848	2.257008	2.1619017	3.6250265	1.3312725	2.8894746	1.7862632	1.7560883	2.3886938	1.3353969	1.2341714	2.6150863	2.5302608	4.9092603	3.8283224	3.100898	1.0488179	2.5655518	2.375796	4.779769	3.4555352	2.7430372	4.3835616	3.4953887	2.7541187	2.7802737	3.9238462	3.7055392	1.1960433	2.6423824	3.07545	1.9373132	2.3879235	2.204507	2.3652024	1.5842559	1.9846656	3.6479805	3.1395056	2.4829574	4.365437	4.041002	1.8208362	3.1313937	2.0104735	3.5159345	3.9794827	1.6747757	2.4591324	3.174549	2.708643
CYTB_32443	6.659005	7.819601	7.757908	7.567902	7.941773	7.658505	7.8454933	7.9593453	7.714362	7.7501945	7.132408	6.737904	7.0612917	8.190821	6.905021	7.488584	7.172165	8.001213	6.551262	7.569584	6.086267	7.6289525	6.9871154	7.3381953	6.3478365	6.548634	6.7019353	6.406679	7.39217	6.451536	7.421085	8.515934	7.7469764	8.185754	6.4398417	7.747138	7.7658806	7.8482094	7.119106	8.027534	8.446922	6.676632	7.889894	6.223938	7.654846	8.2467	7.6447845	7.2507353	8.38056	6.773338	7.87521
DAAM1_32393	5.628032	5.155827	4.581067	4.923396	5.070358	5.944945	4.7723575	5.0226336	5.263986	4.665346	4.8997808	5.6537337	5.497773	5.1585584	5.4994187	4.5400805	4.925664	4.8416686	5.2968464	4.8178773	5.302209	5.0967493	6.071315	5.072385	5.8694773	5.899617	5.6054764	5.620121	4.5734663	5.1327214	5.1365104	3.1345942	4.9372616	4.547009	4.8764534	4.4908404	4.968852	5.742866	5.300493	5.2591662	5.2602787	5.279969	4.4937305	5.73874	4.586254	4.614036	5.6009226	5.7250276	4.247581	5.619805	5.1726503
DAB2_33094	4.0645385	4.268282	2.713711	3.77313	2.8206856	3.788687	3.2588525	3.6199527	4.4247885	3.9751415	2.4615827	4.1939507	3.8213115	3.7054071	4.2844353	3.3220272	2.072621	3.1690745	3.697336	4.7003927	3.8610783	3.180722	2.8119028	4.583367	3.7834342	3.595438	3.4996274	4.3754215	2.7213259	4.0644393	4.1164427	3.013425	2.3879235	3.6495402	4.080398	2.4585645	3.911607	3.8538375	4.721904	3.8847218	4.1764603	3.6083453	3.7038848	4.30452	2.8193185	3.142335	4.5924344	3.176305	2.2798173	3.4641607	4.5328317
DAG1_8435	1.8143951	2.053109	1.2570211	1.5853512	2.2602103	3.1950624	1.7862632	0.6730612	2.1797314	0.5924607	0.92724514	2.2764814	2.6721666	1.6441145	2.3107724	0.96157944	2.2451668	1.7907331	2.375796	1.6806879	1.6491554	1.5351875	0.68006337	1.1434783	2.2723026	1.2043949	3.0159018	2.5406258	1.8408495	2.3023815	1.9897953	1.6426728	1.2698381	1.2890483	1.9138626	1.8065978	1.6862907	1.8332981	2.9088483	2.6239195	3.3011763	2.0700042	1.1804214	1.8430203	2.2125611	2.476957	2.617958	1.9721766	1.8362379	2.3260906	1.7911546
DAK_8436	3.8293307	2.737684	1.2570211	3.1704433	2.472159	2.7713106	2.7028143	2.5249715	3.849662	1.59992	2.7783492	3.7198045	4.7693586	2.5752249	3.7596574	1.9419785	1.3803144	2.4073083	4.7082605	3.400333	3.3587008	1.9438806	3.7053368	3.7105362	4.1375628	4.057699	3.65531	4.0790167	2.6239645	4.0644393	2.9880874	2.3909085	1.9345882	1.9587818	2.7084813	2.4585645	2.7898166	2.7587066	3.3383183	2.6239195	1.5350422	3.0813484	2.0586884	3.8009534	1.7753943	2.7807593	3.2250526	3.176305	2.075009	2.6673462	2.2300112
DAO_8437	7.6962996	8.168167	8.453638	7.994934	8.326104	8.367376	7.8416476	8.152558	7.383208	8.224427	7.972724	7.9525523	8.36109	8.024133	8.692284	7.8172617	8.118049	8.742845	8.28943	8.104628	8.093009	7.861632	8.206921	8.232968	8.514033	7.9741044	7.67238	8.239125	8.635898	7.848049	7.4294	7.949551	7.8911777	8.47631	8.121578	8.078428	7.5265226	8.101474	7.607356	8.375405	8.079547	7.335186	7.950238	8.425667	8.013894	8.407806	7.1398835	8.336848	8.315108	7.4060497	7.268585
DAXX_8438	5.628032	5.4332905	3.897257	4.644416	4.6148157	5.7711186	5.0901866	4.8549566	5.594288	4.636182	4.068561	5.2298574	5.248683	4.7663426	5.5409293	3.100898	4.413313	4.4123907	5.501332	5.7920723	5.450551	4.512859	5.2378244	5.12332	5.513941	5.7149057	5.378467	5.1959877	4.436806	5.629458	5.272131	4.0500264	4.5157533	4.0142226	5.8166847	4.425254	3.7623768	4.929807	5.32413	5.074966	5.2362657	5.394112	4.4526014	5.790242	4.820807	4.4077783	5.37393	5.258363	3.980205	5.2145143	5.0968685
DBP_8439	4.169169	4.6403866	5.673574	3.9701722	4.14394	4.3384256	3.659207	4.091718	4.6443586	2.8265579	3.6691785	4.899036	8.763183	4.728286	5.343936	4.014271	3.4086447	3.8609118	5.058514	4.8912005	4.9164205	3.973751	3.8327506	4.754689	3.7149374	4.892242	4.5968914	5.9808826	4.74535	4.8008246	4.7942214	3.7034492	4.0465603	4.590883	3.8226066	3.9990063	4.2285304	3.8538375	4.4047375	4.1869826	4.609299	3.9443858	5.636843	4.523225	5.291575	4.575076	4.630346	4.423926	4.1979237	3.174549	3.5938473
DCK_8440	1.8143951	3.4698832	1.9183995	1.8748931	2.2602103	1.4584783	3.0613632	2.3676975	2.1797314	2.3398588	2.3383918	2.8891323	2.5302608	2.5752249	1.2144328	2.109709	2.6654315	1.1570135	2.675235	3.1839569	3.1430392	2.2619886	2.0039802	2.5451083	2.0677924	2.911122	2.462306	2.7617311	1.4443876	1.8567106	2.159341	2.1818647	2.8779507	2.597612	2.5470278	2.4585645	2.6266706	3.2220936	3.242334	2.7523265	3.7711594	2.2424579	2.2628205	2.7702174	2.2125611	2.0916321	2.8921008	2.4290519	2.6186037	0.7390483	2.708643
DCP1B_33178	2.8664734	4.711492	3.897257	3.77313	4.318538	2.6425977	3.8550549	4.1411605	4.047455	3.2679667	3.0379322	3.2219887	3.9383125	3.62484	3.1575243	3.735168	2.7821121	4.6069818	2.9230795	3.9731874	3.2548962	4.016682	2.5404441	3.8379865	3.4874642	3.4306927	3.2292056	3.273985	3.752821	4.1198797	3.79471	3.7797458	4.1647973	4.305072	3.3214288	3.753906	3.7623768	4.700118	3.6688373	4.0930934	4.7516193	3.840832	4.4102645	3.4200125	3.7133195	4.614036	3.791503	4.2126923	4.0931673	3.0634718	4.2358537
DCUN1D4_8444	3.9517226	4.0660863	3.8283436	4.143508	4.5694714	4.532545	3.659207	3.6199527	4.4247885	4.343196	4.0292673	3.6478724	4.2412953	4.5213094	4.016648	4.014271	3.7893128	3.9781444	4.1011696	4.855005	4.2866096	3.574707	4.058097	4.3889227	4.1889715	4.217966	4.041434	4.234818	4.0809665	3.6778624	4.1164427	3.4468794	4.1647973	4.305072	4.080398	3.642881	3.8389206	4.8991494	4.3597	4.8350415	4.717334	4.514691	3.3920732	3.7323904	3.840789	3.8779073	4.0370674	3.580566	4.0931673	3.9117455	3.4387813
DCXR_8445	7.2180147	7.579388	7.372578	7.3074007	7.5853148	7.31215	7.665757	7.3086114	7.0404058	7.3620915	7.339342	6.8859515	7.1907544	7.3819203	7.3407445	7.1223245	7.500631	7.3946652	7.0322866	7.6135783	6.8888345	7.110085	7.3053946	6.9858365	7.214232	7.18127	6.6097493	6.847952	7.3622937	6.778801	7.0032916	7.043122	7.7517076	7.33313	7.1087775	7.27041	7.5207253	7.985873	7.3087616	7.450075	7.65953	6.974487	7.052119	7.220526	7.615276	7.2202177	7.1332974	7.1724896	7.3986855	7.1310077	7.308327
DDB2_8446	4.117802	3.097608	3.111882	3.4599617	2.6569214	4.114065	1.153547	3.309873	3.243922	2.719398	2.6802902	3.8537283	3.759049	3.2482674	3.8938673	2.5203478	2.8900583	2.837896	3.7624195	3.6740434	3.9301062	2.2619886	3.6371455	3.5707264	3.9713368	3.8118882	3.4996274	4.4085307	2.8125298	4.414069	3.447053	1.9373132	3.1313257	3.5640745	3.5085077	2.905972	2.4426951	4.1940618	2.2945795	3.5731628	3.3011763	3.6083453	2.7439313	3.7323904	3.2451313	3.5959594	3.65103	3.288475	3.321599	3.2776825	3.9212723
DDIT3_8449	5.2527614	5.301219	4.916016	5.3344693	5.4909263	4.82722	4.706218	4.665197	5.2099624	4.4808006	3.3878083	5.1797247	5.1790576	5.6406174	5.343936	3.971344	4.5179744	5.1219983	4.978596	5.6723776	4.9829097	5.1166196	4.781215	5.515315	4.7978716	4.724427	4.299267	5.05673	4.520345	4.6952806	5.0528755	5.0980964	5.389877	4.9688754	5.667523	4.320921	5.328752	5.8747706	5.3702736	5.809545	5.7417493	4.9722033	5.0012403	4.848835	5.1010027	5.5645204	5.37393	4.9181933	4.554239	4.60985	5.5776534
DDX10_8452	5.344994	5.1039143	4.354751	5.2610955	5.416054	5.482351	4.954324	4.8549566	5.316059	4.269137	4.4421306	5.8903265	5.625408	5.1868963	5.390095	4.014271	4.9000707	5.4610167	5.4429708	5.152088	5.275932	4.6001325	5.066922	5.0462265	5.573184	5.563964	5.2377234	5.9474792	4.1171956	5.402364	5.601367	4.646986	4.722696	5.0653367	5.851684	4.168924	5.00252	5.1279006	5.6575656	5.6205697	5.4806943	5.0203977	4.4937305	5.5121055	4.724913	4.535035	5.693367	5.082807	4.807002	5.0782957	4.9322033
DDX18_8453	3.294242	3.6252677	2.9909706	2.3223944	3.223322	3.1002145	3.0613632	3.5484548	3.243922	3.189834	2.7783492	3.2219887	3.3996527	2.7372885	3.446748	3.178435	2.8900583	3.3539796	3.4029472	4.039196	3.9959817	2.5224707	3.1422062	3.7105362	2.7541187	2.7802737	2.8961248	3.273985	3.0559347	3.437199	3.8453023	3.7034492	2.3879235	2.9062183	3.7502577	2.3210802	2.4426951	3.8538375	2.9088483	3.1752434	4.492514	3.1694758	3.4765677	3.8664052	3.3344872	4.000593	3.7229755	2.4290519	2.2798173	2.8118143	2.4077895
DDX21_8454	4.8423924	4.6403866	3.8283436	4.605421	3.7957757	5.0209155	3.7926803	4.091718	5.263986	3.7211092	3.8604286	4.5891457	5.002205	4.476096	4.9406905	3.3887968	4.044227	3.5178556	5.182596	5.447765	5.221896	3.973751	4.9869895	4.3466787	5.14887	4.6514254	5.1618433	5.214828	3.8421152	4.7313266	4.741772	3.7797458	4.0465603	3.9482906	4.488855	3.458468	3.0694053	4.5103173	4.8249087	4.919528	3.8990247	4.9722033	4.366648	5.0023084	3.6450963	4.794461	4.8062587	4.518974	3.321599	4.98993	4.2358537
DDX39A_32661	3.9517226	4.0660863	4.1996894	4.8249907	3.628988	4.1618156	4.406396	5.0226336	4.761664	3.6644573	4.144076	4.700005	4.5293536	4.649022	4.1297936	3.881458	3.6732368	4.4123907	4.8041124	4.616394	4.4364834	4.3876204	4.058097	4.164128	4.7978716	4.613491	4.7077756	4.5926595	4.043804	4.5413523	4.446431	4.837524	3.9835975	3.8792007	4.6565795	4.0433984	4.580281	3.7884288	4.215484	4.973223	4.646217	4.514691	4.572631	4.67707	3.7784617	4.6519713	4.8062587	3.8959892	4.1464963	3.174549	4.1384206
DDX42_8455	5.128505	5.4332905	4.304893	5.235784	5.070358	5.3443136	5.0102134	5.148863	5.8274364	4.802931	4.317193	5.3927565	5.726485	5.2687173	4.971378	4.5691614	4.820448	4.570107	5.5936418	5.495572	5.1657577	5.3358874	5.3271003	5.6254225	5.7547436	5.641408	5.212871	5.1959877	4.9399505	5.530639	5.290505	4.7262454	4.9036446	5.3469877	5.54457	4.425254	4.787609	5.7079153	5.096006	5.5159087	4.817839	5.156013	4.851072	5.5721884	4.789545	5.50358	5.305279	5.439362	4.3870535	5.7510586	5.5207915
DECR1_8458	7.534335	8.116705	7.637186	7.627506	8.182905	8.052886	8.195089	7.744218	7.395361	9.062626	8.403713	7.1032424	6.6195083	7.8130903	7.0629616	7.972258	8.629117	8.300366	6.780648	7.767552	7.0448165	7.368066	8.267382	7.807899	6.6797585	6.2355576	7.317669	9.136548	7.951873	7.0525236	7.0632944	7.569073	7.878255	7.6610065	7.226787	7.5876603	7.726128	9.36453	7.492094	9.939034	9.6598215	7.231519	7.709619	6.751392	7.9375153	9.93137	7.4034033	7.8758273	7.708966	8.310487	7.9632006
DENND2D_8461	1.1754036	3.3854282	2.3701787	2.663456	1.7112163	0.6624132	2.8324869	1.4768263	1.9352914	1.3353969	2.3383918	1.5471903	1.7605959	2.1835182	1.2144328	1.5335042	2.8900583	1.7907331	2.375796	2.7828603	1.9443585	1.5351875	1.488839	2.6873035	2.0677924	1.5639434	2.462306	2.4159133	1.8408495	1.5686922	1.7976378	1.2719984	2.1789894	2.204507	2.157111	2.6995428	2.4426951	2.7587066	2.778033	3.0805616	2.7428484	2.887088	2.6006784	1.1977407	2.6898494	2.7807593	2.4585013	2.2186248	2.2798173	1.8782536	0.6917391
DEPTOR_32826	2.736285	3.200062	2.8589911	2.1159258	3.223322	2.7713106	2.8324869	2.7958763	2.3886938	3.3420844	2.7783492	2.2764814	2.5302608	1.9388802	2.3107724	2.7408507	3.4794793	3.5933034	1.9974787	2.9293032	3.1430392	2.1116846	2.8119028	2.6873035	2.6106799	2.091197	2.077968	3.2002692	3.2641406	2.786402	1.5758953	2.1818647	2.3879235	3.038847	2.7084813	2.8064463	1.6862907	4.1940618	2.9088483	2.4829574	3.2054758	2.5356345	2.7439313	2.6264875	2.5476058	4.1670337	2.8921008	3.0546732	2.762189	2.9431233	3.067424
DERA_8462	5.3224826	5.205937	5.3439584	4.891334	5.4663982	5.36486	5.165958	5.0996885	5.46187	5.1916866	5.102689	5.1539893	5.726485	5.294991	5.32029	5.1337223	5.977105	5.5394154	5.5574236	5.6723776	5.1657577	5.385866	5.390609	5.0980773	5.3654413	5.641408	5.378467	5.7158117	5.24837	5.3798304	5.4624186	5.127592	5.7146325	5.445866	5.54457	5.3208947	5.380885	5.7937536	5.3473864	5.936621	5.374692	5.430238	4.7185583	5.3152056	5.291575	5.544492	5.1311197	5.3899226	4.7391872	5.3626266	5.7850323
DFFA_8463	2.5931726	2.053109	1.9183995	1.8748931	1.3312725	2.5012665	2.0220141	1.4768263	1.9352914	0.5924607	1.8894439	1.8332136	2.372859	2.1835182	2.1047523	1.275699	1.0488179	2.0267587	1.7631619	1.9785899	1.2775879	1.9438806	2.3827975	2.9355001	2.2723026	2.7802737	2.282898	3.3441162	1.4443876	3.251095	2.4482956	0.0	1.9345882	1.6624343	2.157111	1.8065978	0.79861236	0.71446705	2.6341627	1.9519659	2.261813	2.2424579	2.0586884	2.7702174	1.7753943	2.6368403	2.074421	3.0546732	1.5499562	2.3260906	1.1573405
DFFB_8464	2.5931726	1.8155732	2.3701787	2.3223944	0.8140356	3.1950624	0.689121	1.4768263	3.243922	0.5924607	1.2341714	2.8891323	3.6939778	1.2732412	3.1575243	1.275699	1.8765994	1.7907331	3.2296562	2.6198554	3.1430392	1.7539579	3.0402825	2.38735	3.0042105	3.5154157	2.765496	2.9534101	1.8408495	2.9173408	2.159341	2.1818647	1.2698381	1.9587818	2.7084813	1.5842559	2.6266706	2.6151845	2.0891902	2.1514747	2.261813	3.4055345	1.1804214	3.3300724	2.6898494	1.8519349	1.8356827	2.9218345	1.8362379	2.506785	2.2300112
DHCR7_8466	6.0125084	5.050063	2.713711	3.9701722	4.204518	5.3234696	4.2293363	4.1889644	4.6845293	3.7211092	4.4421306	4.700005	4.737421	3.854183	5.1696496	4.0964723	4.178025	4.2352924	5.340128	3.9040134	3.7885811	4.138305	4.3835616	3.8379865	5.7547436	5.523625	5.586253	5.0774655	3.198022	5.2860026	3.07545	3.3501055	4.1647973	3.9482906	4.532649	3.9059012	4.3380756	4.1940618	4.791384	4.231731	4.2740407	4.4100404	2.4416173	5.1672235	4.349544	3.7438102	3.8569224	4.518974	3.7922184	5.265593	2.4077895
DHDDS_8467	4.9043345	3.5496664	2.8589911	3.4599617	3.7957757	4.3793955	3.2588525	3.309873	3.849662	2.1873605	3.617124	4.3380494	4.704761	3.352018	4.0743294	3.3887968	3.0843768	3.5178556	4.456222	4.102316	3.9301062	3.0212092	4.613897	3.8379865	4.8939457	4.6514254	4.201591	5.2334256	3.1287267	4.2744603	3.8453023	3.013425	3.4435291	3.1603029	4.2474017	3.320974	3.5048723	4.589258	3.8094523	3.8847218	3.4754093	3.7861276	3.63202	4.482056	3.2451313	4.860753	3.4107835	3.8959892	3.2257414	3.9744961	3.2650185
DHFR_32436	2.98588	4.779257	4.882416	4.1969485	3.7957757	3.522194	3.9722536	4.1889644	3.9844897	3.7756202	4.068561	3.6478724	3.3996527	4.279584	3.3566325	4.3851724	3.6732368	4.2352924	4.244742	4.740627	4.05898	3.574707	4.0049734	4.114638	3.5673409	3.5154157	2.621851	4.1974163	2.7213259	4.006783	3.5111294	4.7643	3.619502	5.268111	3.5085077	4.3565435	4.109979	3.6479805	4.3597	4.682209	5.2602787	3.8935378	4.126278	4.0466323	4.3917923	4.9241333	3.8569224	3.7468808	3.8576405	3.9744961	3.067424
DHRS3_8468	6.12084	6.148321	5.6337395	5.9625053	6.1290593	6.3575373	6.001509	5.859658	5.438569	5.3072114	5.6216946	5.6719823	6.0720534	5.814154	6.122378	5.6515374	5.503241	6.3498244	6.162596	5.651426	5.7468586	5.981123	6.018685	5.9272313	6.20531	6.118553	5.974179	5.675576	5.9568067	5.77471	5.673144	5.865568	5.963324	6.120481	5.607356	5.628318	6.3504543	6.4515142	5.881191	6.4153028	5.8084135	5.791318	5.580685	5.9943395	6.0271955	5.679182	5.9843163	5.9633703	6.1894636	5.6775246	6.1772523
DHRS7_8469	6.6945	5.4332905	5.7123384	6.7330275	5.981077	6.9331875	6.0688534	6.455986	5.7725854	5.6943684	6.3680444	5.478198	6.679567	6.3026333	6.4833837	5.36689	5.9272966	6.5238214	7.4128213	5.829861	6.6020303	5.8086314	7.2776666	5.760267	7.3892717	6.8057375	6.4487824	6.94141	6.034639	6.633981	6.253342	5.5100503	5.9135237	6.0902305	7.057233	5.6428175	5.819082	6.772258	5.5613966	6.444111	6.5834355	6.25122	5.636843	7.1565514	5.8415227	6.1722903	6.188703	6.8819566	5.7977653	7.2435713	5.893527
DLD_8474	7.036295	6.548588	5.750088	6.4212384	5.981077	6.6943245	5.79428	6.301465	6.841574	6.044405	6.091113	6.9168854	7.105749	5.9690404	6.9208302	5.900657	6.192713	6.126754	7.0322866	6.8450727	6.704099	6.0856304	7.1610975	6.9720078	7.029158	6.8141236	6.7019353	7.6403794	5.5428467	7.264165	6.3263965	5.756515	5.8084483	6.1791444	6.856474	5.628318	6.376367	6.7466564	6.515567	6.5973086	6.9137516	6.669093	6.103371	6.8837314	5.9444575	6.455774	6.8335695	6.2253675	6.1244993	6.842258	6.5530477
DLG3_32844	5.998377	5.1810994	4.7395954	5.2610955	4.8604927	5.4050965	4.7723575	4.884291	5.2902575	4.952388	4.6376967	5.635252	5.758662	4.6891985	5.7850356	4.4175134	4.413313	5.1472535	5.8546762	5.6723776	5.0464687	4.9714136	5.369748	5.660333	5.9903183	5.976347	5.506693	5.605918	4.6247005	5.629458	4.741772	4.3292627	4.8339643	5.5158167	5.706284	4.0864654	4.968852	5.4147105	5.782265	5.146825	5.396525	5.5499954	4.851072	5.6670794	4.789545	5.544492	5.021266	5.3124347	4.704046	5.4535427	5.3132257
DMGDH_8476	7.6059856	6.499205	5.3439584	6.4870763	6.64838	7.7511683	5.678316	6.3122973	6.7498946	5.4312468	5.51195	7.9109035	8.232382	6.2632527	7.934466	5.5961013	5.5696816	5.979857	8.183506	7.286713	7.401488	6.3685102	7.4112654	7.416863	7.866723	8.078737	7.311829	7.7829185	5.1815076	7.5480394	6.806678	5.417558	5.8443303	6.135372	6.948266	5.2843695	6.1090956	7.0131874	6.707524	6.2833586	6.128449	7.2056985	5.690897	7.2636786	5.5182624	5.733268	6.9654803	7.0183473	5.7640386	7.1982803	6.4653635
DNAJA3_8477	7.8886223	7.2793756	6.708136	7.1332927	7.2101917	7.7705483	6.4883804	6.9478674	7.3647833	6.636862	6.6136265	7.5943055	7.854736	6.855245	7.791311	6.3659706	6.869976	7.097082	7.8471513	7.3851795	7.615693	6.789528	7.5887356	7.4521565	7.7729735	7.6195664	7.777813	7.87759	6.7910833	7.912264	7.1157584	6.471308	6.720272	6.5452695	7.2791486	6.5988636	6.889582	7.490287	7.197984	7.611166	7.2795467	7.2867484	6.6129694	7.6126266	6.733547	7.600866	7.386887	7.414208	6.577067	7.3656507	7.173412
DNAJB1_8478	3.0961545	2.8678937	2.9909706	3.6250265	3.335922	3.9605298	2.951459	3.688074	3.0110276	3.6054895	2.7783492	3.0088224	3.6939778	3.2482674	2.9264696	2.5203478	3.6114979	3.3539796	2.8044732	3.400333	3.2548962	3.180722	3.7053368	3.415899	2.884577	2.7802737	3.2292056	3.410996	2.406994	3.6778624	3.3096738	3.3501055	2.8779507	3.2723231	4.0201387	3.0865276	3.4077	3.8538375	3.1395056	3.7059622	2.7428484	3.6083453	2.6006784	3.8009534	2.93812	3.142335	3.011828	3.3925493	1.8362379	2.9431233	3.1696014
DNAJB2_8480	4.2667212	3.7655318	2.713711	4.1969485	3.8724551	5.1684685	3.2588525	3.688074	3.7009227	3.4125795	3.0379322	4.0338454	4.4915595	3.2482674	4.5102134	2.9320772	2.6654315	2.5655518	4.456222	4.5724864	4.1772795	3.7375457	4.0049734	4.010254	4.5840974	4.217966	4.671753	4.5926595	3.1287267	4.3225136	3.8453023	2.8811386	3.534197	3.8792007	3.7502577	2.8064463	3.0694053	3.7884288	3.3383183	4.0437536	3.6308496	4.4100404	2.7439313	4.30452	2.3897877	4.1670337	4.1971946	3.8959892	2.6186037	3.7774107	3.9786994
DNAJB6_8481	2.98588	2.594546	2.3701787	1.2227256	2.011671	2.9986892	1.7862632	1.4768263	2.5711837	1.3353969	0.92724514	2.455695	1.9947519	2.5752249	1.8643311	2.3960178	1.3803144	0.0	2.675235	2.9293032	2.1892972	1.9438806	1.769281	2.6873035	2.6106799	3.0310833	1.8390311	3.474912	0.8958736	2.0966876	1.9897953	2.3909085	1.9345882	1.6624343	2.157111	0.9994701	0.0	0.71446705	2.4743395	2.1514747	2.0577211	2.5356345	1.5358759	2.9009168	1.4944088	1.2047167	2.279205	1.2997124	1.5499562	2.8118143	2.9574547
DNAJC15_8483	7.2422023	8.37395	8.643621	8.507054	8.496287	7.3435464	8.136652	8.426261	8.529838	7.8740315	7.9064994	7.5307317	7.4442496	8.520834	7.8041534	8.31895	8.078664	8.50226	7.376902	8.494042	7.851935	8.317225	7.1427703	8.322876	7.0361934	7.073623	7.3350472	7.691717	8.079007	7.101546	8.000451	8.691606	8.452479	8.841228	7.841556	8.2205305	8.604365	8.743033	8.205844	8.822038	9.165376	7.9251003	8.573378	7.4135265	8.238868	9.219274	8.164133	8.307194	8.637295	7.110199	8.675594
DNM1L_8487	2.0518599	3.097608	2.1619017	1.5853512	2.2602103	1.9685107	2.2245977	2.7958763	3.535067	1.823375	1.4871172	2.0718052	2.6721666	2.1835182	3.2605107	2.109709	1.3803144	2.2295449	2.375796	3.7548423	2.3986237	2.1116846	2.3827975	2.6873035	2.7541187	2.091197	2.765496	2.4159133	1.4443876	2.482375	3.379998	1.2719984	2.3879235	2.597612	2.5470278	2.1691005	1.6862907	3.3179228	3.1395056	2.9792266	3.3909214	2.7791781	2.99374	3.0207527	1.7753943	2.7807593	3.122376	2.4290519	1.1924393	2.8118143	3.1696014
DNMT1_8488	4.8103943	3.8933594	2.1619017	3.5448534	2.2602103	4.8565345	2.0220141	4.235235	4.274977	2.9263053	2.2036915	4.80295	4.861135	3.4488056	4.705393	2.3960178	2.2451668	1.7907331	4.375311	4.5724864	4.05898	3.574707	4.3413258	4.8179007	4.8939457	5.1786733	4.4343996	4.5926595	2.8983095	5.049507	4.031601	3.1345942	3.1313257	3.1603029	4.532649	1.5842559	3.0694053	3.2220936	4.4908013	3.9926662	3.7027097	3.9935026	3.772339	4.67707	2.5476058	3.671778	3.9794827	4.26847	3.2257414	3.846141	4.1384206
DNMT3A_8489	3.548161	3.2957203	2.8589911	2.5029805	2.2602103	4.114065	3.512115	3.2206914	3.6203768	3.189834	3.324294	3.1193392	3.3996527	3.781712	3.531564	1.275699	2.5384767	2.4073083	3.2296562	3.831355	3.3587008	2.3981004	3.410797	3.3317733	3.9713368	3.340682	4.041434	3.651246	2.6239645	3.437199	3.987233	2.1818647	3.4435291	3.3762684	2.5470278	2.4585645	3.4077	3.3179228	3.7408574	3.0805616	2.992627	3.840832	2.2628205	3.504673	2.6898494	2.911615	3.3209047	4.0942173	3.2257414	3.174549	2.5660443
DPP4_33201	9.516141	9.881845	9.043893	9.1511755	9.328966	9.011595	9.296018	9.525388	9.607091	9.198513	8.880214	9.806697	9.711025	9.344305	9.777763	8.958434	9.175351	9.418357	9.613558	9.887665	9.384352	9.286739	9.081575	9.908466	9.330824	9.547713	9.541697	9.493597	9.090074	9.713083	9.189749	9.231083	9.168465	9.608404	9.257559	8.973356	9.151981	9.24009	9.665636	9.412634	9.187461	9.288439	9.572683	9.379409	9.300253	9.373403	9.396997	9.473103	9.221049	9.271198	9.829237
DPP7_8492	3.9517226	4.4455914	3.2234385	4.346329	2.6569214	3.1950624	3.0613632	4.280068	4.8348827	3.927788	3.324294	4.3830523	4.329629	4.728286	4.332506	3.100898	3.334152	3.4382432	3.9417143	4.9265103	4.388235	3.51607	3.949819	4.96478	4.238611	3.8118882	3.7958171	4.0790167	3.3273613	3.7499197	4.3445973	3.6228914	3.1313257	4.1376824	4.532649	3.320974	3.911607	3.8538375	4.4047375	4.1408014	4.492514	4.086987	3.7038848	4.30452	3.6450963	3.812416	4.6672864	3.8959892	3.7236884	3.629271	4.370676
DPYD_8493	7.312423	7.4810696	5.804923	6.5293565	6.372904	7.4043612	6.9479017	6.9616942	7.086109	6.6146054	6.8686485	7.479849	7.2257056	7.120615	7.243521	6.4148498	6.746165	6.4136586	7.7421594	7.569584	7.4255934	6.8441806	6.1095643	7.8725953	7.2985654	6.8224616	7.380392	6.87189	5.7646236	6.5045724	6.196016	6.030791	7.4064665	6.5114245	7.482644	5.793375	6.1843686	6.772258	6.984664	7.010758	7.7039814	6.5345163	6.4237595	7.269739	6.782005	6.53911	6.4964423	6.540605	6.2516284	6.380178	7.308327
DPYS_8494	9.014048	8.601582	8.462193	8.556449	8.675498	9.037423	8.446202	8.768645	8.487889	8.082992	7.892882	9.2090645	9.261201	8.523614	9.400395	8.282101	8.078664	8.807638	9.152473	9.064853	8.918413	8.418748	8.940164	8.604111	9.1002	9.028211	8.737972	9.019533	8.525656	8.924915	8.337358	8.178175	8.760145	8.903442	8.713163	8.275068	8.19512	9.04385	8.485463	8.858164	8.766975	8.686696	8.191201	8.87851	8.197783	8.943401	8.471412	8.726081	8.443171	8.73877	8.673422
DPYSL2_8495	5.128505	5.4950523	4.701566	5.3813906	4.5226555	4.766741	4.7723575	5.148863	5.438569	4.928529	3.8604286	4.9891205	5.225846	4.9092603	5.4994187	4.597668	4.13479	5.0701213	4.640628	5.651426	4.6561337	4.834144	3.949819	5.983454	4.4216714	4.724427	4.875518	4.992671	4.1171956	4.9611974	4.917564	4.9072104	4.760747	4.6334615	5.3379383	4.522548	5.1298456	5.5976768	5.521059	5.441663	5.8564644	5.4827843	5.137241	5.087121	4.724913	5.679182	5.693367	5.14373	5.0502715	4.201315	5.461596
DRAM2_33198	9.224453	9.640151	9.402049	9.553251	9.491252	9.421445	9.412075	9.190215	9.430852	8.7888565	8.732073	9.3894415	9.01538	9.684544	9.413026	9.359975	8.872259	9.654644	9.203169	9.784393	9.211427	9.339477	8.814578	9.379425	9.1235075	9.268377	9.241911	9.345454	9.340459	9.049712	9.040329	9.318404	9.524171	9.429678	9.574112	9.149959	9.453759	9.564597	9.492605	9.513485	9.816828	9.387082	9.629148	9.083363	9.510183	9.883342	9.437656	9.62772	9.357344	9.070383	9.670565
DRAP1_8496	3.6955848	3.2957203	1.6252826	3.0594068	3.628988	3.4470994	1.7862632	1.9899611	3.243922	2.0168164	1.8894439	3.0088224	3.6939778	3.62484	3.531564	2.6348078	2.9904869	2.4073083	3.4029472	2.6198554	2.889376	2.1116846	2.5404441	2.9355001	3.6430259	3.5154157	3.2292056	3.410996	2.284903	3.8185487	2.7956865	3.013425	3.2430704	2.204507	3.3214288	1.8065978	2.9363732	3.119443	3.0287817	2.1514747	2.5996156	3.2525284	2.8742359	3.0207527	2.3897877	4.0582333	3.3209047	3.3925493	2.6186037	3.0634718	2.4077895
DSG2_8499	7.5634236	6.9227896	5.5927734	6.465462	6.4624467	7.2305326	6.299432	6.2573028	6.557812	5.708448	5.540179	7.713619	7.581	5.9690404	7.583546	5.3163295	5.553356	5.847442	7.2690554	7.1514907	7.098283	6.5978613	6.683325	7.5531344	7.144328	7.200589	7.1833973	7.136827	5.798485	7.1152515	6.378858	5.678946	6.088288	6.3674974	6.496228	5.685461	6.6450567	6.493165	7.558369	6.261944	6.5448537	7.010726	5.708474	7.299666	6.130612	6.728547	7.5241103	6.6910577	6.3571906	6.6050606	6.679661
DTX3L_8500	4.564018	5.5734925	4.25325	5.0155153	5.607677	5.5376925	5.660962	5.1964164	5.7348247	4.7494607	4.8997808	5.635252	5.553862	5.0078626	5.1157255	5.153059	4.55124	5.4610167	5.611416	5.4718666	5.765866	5.3527403	4.9311295	4.754689	4.730073	5.098552	5.4006453	5.322979	5.0377	5.1327214	5.308648	4.646986	5.46094	4.900788	5.386482	5.1887937	5.4798193	5.842908	5.4795613	6.272691	5.8564644	5.8983564	4.572631	5.9345584	5.610596	5.6606936	6.096912	5.14373	5.1051793	5.518157	5.8633523
DUSP11_8501	5.048467	5.3240876	4.1440635	5.358121	4.5694714	5.846107	4.804324	5.0226336	5.6762624	5.151027	4.4421306	5.073909	5.5900784	4.874836	5.2216306	4.968925	4.764815	5.1219983	5.2293878	5.4232535	5.249167	5.0561686	5.671957	5.2886386	5.53396	4.892242	5.4006453	5.969834	4.4078493	5.2615604	5.176577	5.005808	4.722696	4.8654995	5.5011415	4.553574	5.3019614	5.5589757	4.921047	5.074966	5.560223	5.394112	4.7528453	5.361342	4.7575912	5.6606936	5.1311197	5.1732535	4.871772	5.5390677	5.044041
DUSP14_8502	2.0518599	2.257008	1.2570211	2.8078547	1.3312725	1.4584783	2.4022055	2.1911569	2.1797314	1.0112327	1.70226	1.5471903	2.8013556	3.352018	2.1047523	2.109709	1.6496927	2.0267587	2.5332706	1.3048255	1.9443585	2.3981004	1.488839	2.5451083	3.0042105	1.5639434	2.765496	1.769436	1.6561947	0.7272255	2.7956865	2.3909085	2.1789894	1.2890483	1.6211139	1.5842559	1.6862907	2.8892338	2.4743395	1.7203709	2.4405787	2.0700042	1.8208362	2.2872965	2.2125611	3.142335	2.279205	1.6747757	0.7160639	0.0	2.027206
DUSP3_8504	4.2187696	4.403265	4.622362	5.102104	4.4742694	4.0135446	4.2756796	5.242452	4.938183	3.7211092	4.381014	4.7351427	4.861135	5.0392876	4.2347074	4.174241	4.413313	4.326557	4.4163337	4.5272	4.4364834	4.8813667	4.3413258	5.0980773	4.7643704	4.5745316	4.810742	4.676601	3.706012	4.899171	4.5415487	4.7643	4.6021237	4.935233	4.770701	4.168924	4.8990626	5.6901174	4.921047	5.2806215	5.4392233	4.6738243	4.786336	5.0311365	3.7133195	5.2551312	4.630346	4.03112	4.704046	4.1478653	5.1478295
DUSP6_8506	4.777671	5.515066	4.916016	4.0302944	5.195023	4.637601	5.037367	3.6199527	4.938183	4.4476104	4.4118958	5.478198	4.602095	5.395548	5.1157255	4.4800982	4.6771235	2.7081409	5.1342363	5.210552	5.1073456	3.574707	5.688898	4.848497	4.0289	5.5837183	5.3559427	5.4072967	3.4460533	4.006783	3.6313283	4.427398	3.7000437	3.6495402	4.4436893	3.3913584	3.8389206	3.916409	5.2271647	4.8350415	4.6822133	5.4479666	4.9130273	4.30452	5.126247	5.395919	5.693367	4.4722323	4.430701	5.134336	4.989206
DYNLL1_32638	3.1985953	3.7655318	3.111882	3.6250265	3.1011837	3.522194	2.5603254	3.023864	3.7009227	2.6036353	2.5750768	3.1193392	3.1312993	3.923187	3.68756	3.0189555	3.0843768	3.066902	3.1345234	3.9731874	3.5462768	2.636965	2.8119028	3.5707264	3.5673409	3.595438	3.0159018	2.1285868	3.1287267	3.437199	3.1578226	3.9870539	2.8779507	3.1603029	3.5936723	2.905972	3.911607	4.589258	3.5930324	3.8847218	5.418032	3.4763536	3.772339	3.504673	2.93812	4.3162427	4.2468505	2.2186248	3.321599	2.3260906	3.4387813
DYNLT3_8507	6.040364	6.259269	6.545909	6.6396165	5.891794	4.114065	5.393147	5.799337	6.814677	4.721964	5.51195	5.6719823	4.7693586	6.573392	6.149468	6.14235	5.553356	6.126754	4.8041124	6.7981853	6.243697	5.598619	5.1178517	6.292493	5.4936395	5.5030246	5.333061	5.214828	5.885079	6.0129905	5.8934965	6.7526064	6.3848042	6.837034	5.8342905	6.0864186	6.169625	6.1980834	6.3867993	6.5450764	6.8985314	6.320226	6.2783375	4.439678	6.32847	6.4875917	5.3285275	6.1531224	5.5432262	4.79509	6.873793
EAPP_8512	7.142919	7.2557807	7.265867	7.378513	7.2321825	7.285454	6.866968	7.1606193	7.68496	6.250901	6.0227346	7.123275	7.2765946	7.5818925	7.2684484	6.945091	6.4524565	7.2679963	7.18846	7.495101	7.090765	7.028528	6.8879027	7.1907687	7.4002194	7.3694243	7.0703444	7.3773975	6.91973	7.0382056	7.1209016	7.1971254	7.129463	7.537525	7.226787	6.657162	7.4972997	7.4954195	6.828151	7.411696	8.158334	7.130841	7.3156357	7.0408263	7.0885215	7.6532407	7.044826	6.845744	7.3426633	6.5546093	7.2098417
EBNA1BP2_8513	5.276378	5.6836934	5.989838	5.7465267	5.9100986	5.36486	5.7291603	6.0911317	5.931252	5.9408746	5.723678	5.61653	5.625408	5.7773542	6.037915	5.8541565	6.192713	5.768263	5.8695235	6.0539575	5.8394847	5.58442	5.2606664	5.515315	5.837617	5.439397	5.9593134	6.2960253	5.2153263	5.685655	5.714556	5.658884	5.995594	5.8586	6.0901766	5.8318486	5.638138	6.8860683	5.7301364	6.453587	6.7021446	5.067034	5.9042187	5.5721884	6.167558	6.950264	5.829964	5.929169	5.9404783	5.4088006	6.008286
ECD_8515	3.548161	4.565594	2.9909706	3.6250265	3.628988	3.4470994	3.587535	3.4732275	3.4443936	3.5440083	3.0379322	3.7883198	3.9383125	3.0152833	3.7596574	3.513724	3.6114979	2.7081409	3.9968476	3.9731874	4.2866096	3.391122	3.4902585	3.897724	4.0289	3.743284	4.251255	4.1974163	2.9792736	4.1732683	3.9414568	3.2463703	3.1313257	2.204507	3.2179284	3.5839908	3.5048723	3.3179228	3.9976015	4.0930934	3.9589443	4.1315517	3.104098	4.206825	3.4186301	4.000593	3.8569224	4.2126923	3.5760143	3.7052414	3.6655471
ECH1_8516	7.534335	7.170022	7.366515	7.378513	7.726273	7.185039	7.0580673	7.0993967	7.187435	7.29836	6.5456324	6.6112394	6.350636	7.6848345	7.0841765	7.344639	7.2653174	7.65451	6.3222094	7.1810308	6.790168	6.801853	7.034275	7.299962	6.8003645	6.455212	7.013913	8.913965	7.481735	6.4623003	6.5022273	7.265057	7.221019	7.29385	6.7210755	6.929686	7.577677	8.725666	6.939467	9.7777	9.624412	6.853328	7.017283	6.6803727	7.5561314	10.263186	6.93551	6.993737	7.1406493	6.682283	7.4316983
ECHDC2_8517	8.703745	8.438249	8.331338	8.2342005	8.490217	8.805324	8.170772	8.328271	8.015362	8.03352	7.8199205	8.519286	8.617263	8.492733	8.689979	8.025686	7.789076	8.805657	8.499677	8.424735	8.360174	7.98296	8.587244	8.404937	8.682679	8.681532	8.181631	8.853634	8.210587	8.414389	8.102771	8.16401	8.3901205	8.425724	8.221963	7.8876877	8.213206	8.727848	7.9900823	8.544571	8.628546	8.109066	8.194324	8.3447275	8.339435	8.5094595	7.9708214	8.400642	8.234282	8.643021	7.129714
ECHDC3_8518	7.6919155	7.2438374	6.6393948	6.3986073	6.952052	7.735474	6.990206	6.7469444	6.631588	6.673209	6.459569	7.4431314	7.4736257	6.828513	7.1858096	6.1992645	6.836636	6.857989	7.486905	6.709745	6.989292	6.838209	7.354	6.929708	7.338953	7.671259	7.323485	7.926985	6.599498	7.181893	6.8813105	6.0919228	7.0081677	6.556377	6.812738	6.545846	6.310691	7.5408134	6.6337767	7.162926	7.2010813	6.931024	6.2182565	7.1234674	6.3065524	7.129015	6.576304	7.1724896	6.3458357	7.41173	6.5049934
ECHS1_8519	11.264945	11.421078	10.995937	11.054282	11.279243	11.189818	10.9476795	11.048786	11.149261	10.76088	10.531081	11.413136	11.51862	10.990927	11.427089	10.7770195	10.599302	11.428411	11.467806	11.37027	11.328231	11.022416	10.987582	11.282627	11.302038	11.173144	11.188475	11.164004	11.027509	11.351479	11.027359	10.84084	11.298543	11.049073	11.292475	10.819518	10.954301	11.063993	10.913874	10.967118	10.89867	11.228594	11.005471	11.171928	11.19161	10.726332	10.993318	11.335389	10.979009	11.207119	11.17365
ECI1_8520	7.5919375	6.294434	5.925305	6.163805	5.9982896	7.4043612	5.9595404	5.452878	6.4570527	7.3214455	6.6136265	5.4987903	5.4194264	6.605238	6.72764	6.3659706	6.3522105	6.075051	5.9274297	6.101078	6.2969375	5.44992	7.5146546	6.2241354	6.3250384	5.622433	7.006702	9.427496	5.905939	6.2917395	5.3265657	6.030791	5.506442	5.7659516	5.6870337	5.6571727	5.8927493	8.447067	6.156032	9.684197	9.59048	5.5663204	5.934408	6.3551326	5.714121	10.191745	5.481552	6.1969023	6.2757635	6.9398327	6.2490277
ECI2_8521	7.9038653	7.9865785	7.8778543	7.6323633	8.291615	7.981501	8.288456	8.1066265	8.099483	8.013813	8.254103	7.5004177	7.521295	8.051361	7.7956047	8.167924	8.177844	8.467591	7.5389132	8.061601	7.5945854	7.5212674	8.022092	7.891084	7.6221704	7.397599	7.899614	8.04749	8.172358	7.387887	7.7211514	7.774152	7.945877	7.9742794	7.982441	7.8815875	7.4734874	8.423024	7.9335775	8.798061	8.557647	7.684596	7.939114	7.3231683	7.8530912	8.545176	7.498715	7.9963484	8.125603	7.68934	7.848501
ECI3_8522	8.967654	8.703208	8.24804	8.559002	8.446993	8.943217	8.279955	8.234571	8.791302	8.154157	7.7581716	8.83487	8.8993025	8.504039	9.143414	7.9938674	8.072949	8.048896	9.107779	8.964377	8.837624	8.264767	9.0589485	8.996186	8.769671	8.866268	8.855031	9.593257	7.8289213	8.936542	8.081824	8.153295	8.286334	8.134794	8.659854	7.8846407	8.180487	8.365315	8.586652	8.725601	9.044401	8.606086	8.336758	8.651334	8.185827	9.16127	8.492149	8.649374	8.246546	8.731975	8.483143
EDEM1_8524	5.3671594	5.534806	5.3925066	5.3104234	6.0487275	5.846107	5.745718	5.601584	5.5730453	5.4648113	5.1764827	5.7078004	5.758662	5.0392876	6.0233445	4.653045	5.8625164	6.126754	5.778058	5.586682	5.5850525	5.9592814	6.464676	6.247283	6.0747385	5.2545776	5.3559427	6.2419434	4.9399505	5.159426	5.2346654	4.3791647	5.8619423	5.2948856	6.1047573	4.9989734	5.8927493	6.3071914	5.912714	6.696421	5.9181404	5.319029	5.7258396	5.5916724	4.724913	5.5645204	5.998881	5.83994	5.657853	5.619805	5.7191634
EED_8526	2.736285	2.987318	1.6252826	2.1159258	2.472159	2.8894746	2.0220141	2.6667733	3.9844897	1.0112327	2.2036915	4.0892115	3.6258323	3.539506	4.2844353	2.2599542	2.5384767	2.2295449	4.375311	2.7828603	3.9301062	2.7430372	3.8327506	3.1471999	3.9713368	4.00006	3.65531	4.271274	1.4443876	4.1198797	2.7956865	2.1818647	2.1789894	2.9062183	3.5936723	1.3212922	2.4426951	3.49237	3.6688373	3.5018787	2.992627	3.0813484	2.99374	3.7323904	2.0104735	3.671778	3.3209047	3.4896183	2.075009	3.9117455	2.9574547
EEF1E1_8529	3.8918242	3.3854282	3.5993342	3.8418446	2.8206856	3.522194	2.7028143	3.688074	3.535067	3.4797902	2.6802902	3.9162993	3.554308	3.2482674	3.531564	3.252017	3.0843768	3.7985182	2.8044732	3.400333	3.7885811	2.9343114	4.252953	3.7105362	3.4029047	3.340682	3.9238462	3.474912	2.8125298	3.1481903	3.379998	3.6228914	3.7763257	3.8792007	4.080398	2.4585645	4.170472	3.719913	3.1395056	4.0930934	3.1029732	3.5438585	2.99374	3.5846395	2.5476058	2.911615	3.4107835	3.0546732	3.7236884	3.4641607	2.9574547
EFCAB14_32678	2.736285	2.987318	0.76129264	0.7371988	0.8140356	2.5012665	2.2245977	2.1911569	1.2703954	2.8265579	1.2341714	1.5471903	1.4809296	0.77274704	2.3107724	1.275699	1.3803144	2.4073083	1.483266	2.4360592	2.1892972	1.7539579	2.2057867	1.4924659	2.884577	2.2966683	2.282898	1.769436	2.1515164	1.2084577	1.9897953	1.9373132	2.7323515	1.2890483	2.853671	1.3212922	1.6862907	2.0718946	1.8496284	2.4829574	1.8199238	2.6625395	1.5358759	2.4668374	2.0104735	2.0916321	2.8921008	2.4290519	1.5499562	2.1194797	2.027206
EGF_8530	3.9517226	2.594546	2.552146	3.4599617	2.2602103	4.3384256	2.7028143	2.914369	3.0110276	2.9263053	2.5750768	3.4076753	4.0465326	3.352018	4.2347074	2.7408507	3.2556021	3.066902	4.1011696	3.6740434	3.0217755	2.3981004	4.464495	3.1471999	4.1889715	4.724427	3.1264923	3.9500241	2.004529	3.52196	3.379998	1.6426728	3.0101936	1.9587818	3.6740885	2.3210802	3.303507	3.49237	3.9976015	2.9792266	2.7428484	3.331059	2.8742359	3.2341504	2.93812	3.5959594	3.5753076	3.0546732	2.4591324	3.9117455	3.1696014
EGR1_8533	2.736285	3.200062	3.2234385	4.0302944	2.8206856	3.2840576	2.7028143	3.023864	1.640813	2.1873605	3.324294	3.7198045	4.5293536	3.9890406	3.446748	2.5203478	2.2451668	1.7907331	3.318902	2.9293032	2.889376	3.391122	3.5655706	4.3889227	3.2172866	3.5154157	2.621851	3.273985	1.6561947	1.8567106	3.6878698	3.013425	2.3879235	2.204507	3.4179986	2.9990726	4.2285304	4.0339556	3.3383183	2.1514747	3.3011763	3.331059	1.1804214	4.350994	4.691478	2.476957	4.386319	3.0546732	2.8927681	1.8782536	3.5183966
EHHADH_8534	6.796027	5.515066	4.1996894	5.073815	4.6148157	8.743899	5.5709143	5.413177	5.46187	7.40595	6.414532	5.6537337	5.497773	5.100155	6.0666227	4.732318	5.3415184	5.4407325	5.9831014	5.4718666	5.784626	5.284115	8.524926	5.552959	6.128393	5.867745	5.8507323	10.639278	4.378299	5.2366967	5.601367	4.0500264	4.9036446	5.0653367	4.7336545	3.9990063	5.0675874	9.215417	5.782265	9.837735	9.804632	5.1774263	4.4937305	5.823583	4.214827	9.493182	5.7802434	5.704953	5.3292794	8.548219	5.122574
EI24_32946	9.488603	8.869838	8.120541	8.769869	8.773728	9.311954	8.608895	8.426261	8.889087	8.502097	8.37069	9.179075	9.225671	8.823481	9.339945	8.182112	8.408628	8.6815	9.576712	9.288275	9.190477	8.597293	9.18072	9.272072	9.370331	9.452888	9.257185	9.521295	8.231395	9.4302025	8.833465	8.312659	8.334437	8.657437	9.154459	8.07576	8.525502	8.740873	9.094218	8.777457	8.682858	9.026112	8.308222	9.311997	8.514552	8.589834	9.071476	9.020167	8.221912	9.138762	8.8141575
EIF1A_8536	7.6742454	7.540861	6.9050436	6.7949934	6.64838	7.523378	6.940729	6.5777	7.844165	7.1359606	6.474274	8.478396	8.427647	7.4825134	6.98239	6.566764	6.1714764	7.476651	7.1943684	8.254563	8.1556	6.510446	7.3053946	8.412636	8.465346	7.0944285	8.268614	7.688351	6.970122	8.0435	7.1209016	7.0888257	6.1179075	6.4767666	7.7747416	6.0542383	7.3546815	7.774116	7.745063	7.8665996	7.608998	7.6390185	7.452316	7.80435	6.6576653	7.3354363	8.401878	7.4865484	6.111148	7.158294	7.487169
EIF2AK2_8539	4.0645385	4.3146935	3.326985	4.985458	4.3723383	4.3793955	4.406396	4.698608	5.2099624	4.02099	3.5070176	3.9762692	3.759049	4.170284	3.7596574	3.513724	4.6771235	4.493403	4.289591	5.059695	4.2329803	3.9295027	4.109333	4.3466787	4.0289	3.4306927	4.7077756	4.1590195	3.657633	4.0644393	4.5719104	5.156497	4.8339643	4.7922235	5.456365	4.3565435	4.2285304	4.929807	4.4047375	5.6036453	5.1098113	4.896752	4.819067	3.9890227	4.214827	4.9848456	4.630346	4.564248	4.668027	3.7052414	4.872856
EIF2B3_8540	3.9517226	3.6971037	4.304893	3.77313	4.5226555	3.7265353	4.0806427	4.040521	4.4714575	4.02099	3.324294	3.7198045	3.9934368	3.352018	3.2605107	3.881458	3.7893128	4.4123907	4.198454	3.5884495	4.2866096	3.1031692	3.2374017	4.6192975	3.7149374	3.0310833	3.5795677	4.5338564	3.8421152	4.006783	4.2724814	3.2463703	3.7763257	3.6495402	3.8226066	3.5839908	3.8389206	4.4268055	4.2651753	4.4367547	4.4090514	4.174781	4.4102645	4.30452	3.573486	4.614036	4.5535	3.8233604	4.0377917	3.7052414	3.5938473
EIF2S1_8541	8.750869	9.253159	9.482745	9.228599	9.318726	8.867842	8.848116	9.210624	9.519581	8.209655	8.217424	9.047232	8.990191	9.184841	8.998228	8.988346	8.3672	9.455478	8.804	9.521205	9.232077	8.922009	8.503541	9.13607	8.863629	8.841867	9.154885	9.131598	9.136044	9.121077	9.100144	9.332722	9.213748	9.206376	9.389946	8.945848	9.161326	9.680678	9.203399	9.712101	9.612801	9.199658	9.137746	8.953845	8.955848	9.555804	9.027758	9.106869	8.994392	8.514302	9.185846
EIF4B_8549	7.236193	6.988682	5.7868752	6.7420444	6.626407	7.3742743	6.107801	5.945658	6.6919537	5.829337	5.660788	7.207003	7.34707	6.74521	7.3289437	5.8303313	5.977105	6.0881515	7.1093616	7.3530984	6.780854	6.540177	7.1304216	7.2720184	7.344631	7.1551023	7.077245	7.5281143	5.8955464	7.148957	6.679997	6.0919228	6.651049	6.24927	6.948266	5.780319	6.1244674	6.685091	6.6242876	6.4345717	6.592922	6.9866676	6.1297035	7.28777	6.013731	6.4011335	7.044826	6.799162	6.0976715	7.045908	6.7718906
EIF4E_32598	7.289394	7.5310664	7.33581	7.3074007	7.2822266	7.504983	7.160414	7.402842	7.6345844	6.790359	6.758827	7.479849	7.214149	6.8640466	7.2245393	7.2713265	6.9407196	7.3946652	7.3506866	7.441187	7.120604	6.969658	7.092728	7.3164716	7.4484806	7.0944285	7.4351387	7.4586806	7.047258	6.9943795	7.052569	7.176106	7.345175	7.273802	7.2983046	7.0596437	7.210876	7.560539	7.394992	7.8050056	7.5321846	7.0634327	7.2571197	7.3289847	7.036209	7.596009	7.0657296	7.120393	7.2174215	7.0819783	7.2628174
EIF4EBP1_8550	4.358093	4.7457724	4.7766476	3.9701722	4.7831573	4.2528214	4.406396	3.9323316	4.221371	4.3066416	4.144076	3.4922628	3.6939778	4.225969	4.424094	3.735168	4.413313	4.570107	3.5576375	4.5272	3.9301062	4.058373	4.158812	4.722014	3.7834342	4.267662	4.041434	4.7814264	4.436806	3.7499197	4.1164427	4.646986	4.6021237	4.67482	4.4436893	3.6994612	4.284343	4.8991494	3.9976015	4.7140985	5.187006	4.1315517	4.7185583	4.816079	4.2611446	5.01427	4.2468505	4.732349	4.593174	4.1478653	4.2822084
EIF4G1_8551	8.585833	7.6122756	6.399189	7.289061	6.860896	8.633922	6.8820252	7.0223255	7.689902	6.855074	6.8348627	8.571253	8.435133	6.8463893	8.792355	6.0525336	6.8765526	6.6616526	8.421233	8.009039	8.081676	7.4408007	8.913385	8.161659	8.673684	8.4562845	8.579312	8.541096	6.612247	8.623045	7.619442	6.412613	6.858287	6.5674	7.9745235	6.3739924	6.871475	7.309756	8.13076	7.162926	6.7453218	8.187673	6.4448857	8.455217	6.3713307	6.919491	8.19924	7.9963484	6.3228545	8.527442	7.2453737
EIF5_8552	8.105207	8.384867	7.9766965	8.444906	8.259853	8.256288	8.092026	8.039762	8.578617	7.3486695	7.277805	8.475802	8.3452835	8.070499	8.508334	7.859072	7.435314	8.512014	8.300428	8.548886	8.590849	8.012425	7.8891473	8.586067	8.181081	8.246134	8.384427	8.892184	7.9987483	8.305024	8.40216	7.797279	8.299319	8.282573	8.659854	7.5303273	8.143239	8.959073	8.437506	8.783106	8.621611	8.524886	8.110867	8.327399	8.003714	8.45417	8.227342	8.391252	7.748308	8.219502	8.422349
ELAVL1_8554	5.344994	4.565594	2.713711	4.5241194	3.628988	5.3023205	3.587535	3.4732275	4.8348827	3.0196002	3.448644	4.5502152	4.975073	4.279584	4.971378	3.3887968	3.546998	2.4073083	5.3612914	5.210552	5.1073456	3.9295027	4.503321	4.936576	5.430964	5.4609194	5.108945	5.4556193	3.198022	5.077782	4.2724814	3.3501055	3.8487759	3.3762684	4.8764534	3.5225942	4.580281	3.9763792	5.2018695	4.649599	3.555222	4.896752	3.7038848	5.267545	3.3344872	4.362736	4.963034	3.7468808	3.7236884	4.3507204	4.3271203
ELOVL5_8556	7.7646885	7.2968216	7.0099025	7.2389836	7.1265645	7.518801	7.084343	7.4672627	7.333544	6.7226048	7.596193	7.560422	7.5118866	6.573392	7.5226884	6.4698577	7.567189	7.2032447	7.73812	7.422758	7.240955	7.2425756	7.4907017	7.196727	7.668184	7.782279	7.752168	7.7051044	6.9799924	7.282502	7.2200885	6.6748214	7.000237	6.8641047	7.1862297	6.8191285	7.0908027	7.673542	7.3028255	8.030703	7.1948647	7.1142817	6.9815845	7.2267704	7.10766	7.175337	7.185162	7.5721536	6.936275	7.217865	6.8813415
ELOVL6_8557	2.98588	4.010777	4.1996894	3.4599617	2.6569214	1.735917	3.2588525	4.1411605	4.047455	1.823375	3.6691785	4.66399	5.225846	3.7054071	4.0743294	3.0189555	3.546998	4.086562	3.4029472	3.831355	3.2548962	3.973751	2.930607	4.164128	3.7834342	3.8118882	4.201591	4.0372877	3.3879275	4.6952806	2.895092	3.013425	2.3879235	4.4067645	3.3214288	3.458468	4.666819	3.4077816	4.791384	5.099319	3.6308496	3.9443858	3.104098	3.5846395	2.8193185	4.724974	4.6672864	3.176305	4.1979237	3.2776825	4.1384206
EMILIN1_33056	4.0645385	3.8933594	1.9183995	4.0880117	3.7147906	2.9986892	2.951459	3.023864	4.274977	3.7211092	1.70226	3.4922628	4.412865	3.62484	3.68756	4.2480316	2.9904869	2.837896	3.697336	4.2766256	3.2548962	2.5224707	3.410797	3.415899	3.6430259	4.1131234	3.9238462	3.273985	2.406994	3.3471458	4.0746455	3.3501055	3.534197	3.3762684	2.7084813	2.6995428	3.6815434	4.700118	4.055234	3.8275614	2.992627	3.4763536	3.5563867	4.0466323	3.1498733	3.8779073	4.386319	3.8233604	3.7236884	3.5490766	3.2650185
EMR1_8558	4.009233	5.534806	4.402944	5.2100205	5.1340365	3.788687	4.487392	4.996006	5.7348247	4.576022	3.8604286	4.2915974	4.704761	5.129652	5.2469354	3.6829114	4.13479	4.9022617	5.158619	5.884751	5.0150394	4.4825535	4.058097	5.853724	4.464024	4.267662	3.9838378	4.7559257	4.3173184	4.5413523	5.429636	4.427398	4.760747	4.8293266	5.54457	3.9059012	5.0354204	5.205123	5.3702736	5.5159087	4.646217	4.78959	4.572631	4.7825623	4.789545	4.724974	5.6009226	5.5334306	5.158074	3.7774107	5.399867
ENG_32663	4.0645385	4.603475	3.5141387	3.9701722	2.8206856	3.8482714	2.951459	2.914369	4.274977	3.8788273	3.5070176	3.7198045	3.6939778	3.62484	3.2605107	3.0189555	3.2556021	3.1690745	4.1011696	4.6590047	3.3587008	3.8367145	3.2374017	4.114638	4.0289	4.057699	3.9238462	3.5948293	3.1287267	3.9467263	4.031601	2.8811386	2.7323515	4.501759	3.8226066	2.5840793	3.5959105	3.119443	4.448411	3.4268885	4.226075	4.445774	4.0729947	3.8009534	3.6450963	3.5159345	4.0924416	3.580566	3.2257414	3.7052414	4.370676
ENO3_33181	2.4342844	1.8155732	0.76129264	2.5029805	2.6569214	2.7713106	2.2245977	2.6667733	3.0110276	2.0168164	2.0551069	2.8891323	3.1312993	2.5752249	2.7953992	2.109709	2.072621	1.7907331	2.9230795	3.4974551	2.7435865	2.2619886	3.4902585	2.38735	3.2172866	2.7802737	3.2292056	3.8571408	1.6561947	2.786402	2.5736196	1.6426728	2.570392	3.7302246	3.2179284	2.1691005	1.6862907	3.2220936	2.9088483	3.0805616	2.7428484	3.0813484	1.5358759	3.2341504	2.6898494	2.911615	1.1920056	2.7755125	2.2798173	3.3739324	2.027206
ENPP3_8562	6.2093854	6.0961323	5.4161816	5.850239	6.03211	5.931233	5.8717523	6.0911317	5.594288	5.3255973	5.4388633	5.6719823	5.993108	5.320795	6.653883	5.55308	5.553356	5.701634	6.1382813	5.848391	6.270563	5.654057	5.7865677	6.2357554	5.430964	5.961324	6.046291	6.0766897	5.1292453	5.424551	5.361747	5.678946	6.088288	5.9114614	5.851684	5.0650606	6.169625	6.2597146	6.245403	6.424969	6.1414366	5.777362	5.461352	5.919218	5.499065	6.57904	6.3104634	6.077068	5.7119226	5.8038497	6.152511
ENTPD5_32499	0.0	0.0	0.0	3.3697603	0.0	0.6624132	0.0	0.0	0.0	3.189834	0.0	3.6478724	0.0	3.923187	4.0743294	0.0	3.334152	3.2644873	0.0	0.0	4.6561337	0.0	2.8119028	0.0	0.0	0.0	1.1946218	0.0	3.657633	2.9173408	0.0	0.0	3.619502	3.3762684	3.6740885	2.9990726	1.3096737	0.0	0.7233562	4.231731	2.7428484	0.0	0.0	4.155379	0.0	0.0	0.0	0.7915216	3.65174	0.7390483	3.5183966
EP300_32876	6.487495	5.73579	4.25325	5.850239	4.8604927	5.9585276	4.706218	4.968878	5.6762624	4.636182	4.144076	6.1725583	6.402472	5.1868963	6.314143	4.5691614	4.260792	4.712268	6.255954	6.1909385	5.9095287	5.248538	6.0841775	6.176695	6.381372	6.247991	5.8015738	6.2601967	4.1171956	6.2796183	5.9865913	4.427398	4.470548	4.8654995	6.0754466	3.9990063	4.708216	4.989234	5.865167	5.497702	5.6538396	5.872332	4.851072	6.173109	4.586254	5.2551312	6.0557113	5.4634604	4.631086	6.221069	5.752474
EPB41L2_8564	0.70423484	3.4698832	2.9909706	3.1704433	2.011671	2.6425977	2.2245977	2.7958763	3.243922	3.0196002	1.70226	2.455695	2.5302608	1.9388802	1.5756721	2.2599542	1.6496927	1.1570135	1.7631619	2.4360592	1.6491554	1.7539579	2.2057867	2.8167326	2.6106799	1.5639434	2.282898	2.5406258	2.004529	2.482375	2.5736196	1.9373132	2.7323515	3.4732254	2.7084813	0.9994701	1.3096737	3.0089254	1.8496284	2.8702326	3.7027097	2.6625395	2.2628205	2.9009168	2.2125611	2.297121	2.7615314	1.6747757	1.1924393	1.2253668	3.067424
EPHX1_8567	9.376973	8.168167	8.008194	7.739798	8.245509	9.334267	7.890861	8.408703	8.132529	8.29377	7.5995502	9.158191	9.252753	8.404988	9.056636	8.2307	8.180504	8.15853	8.693613	8.358409	9.046348	8.282466	8.95949	8.415193	9.110234	9.49913	9.577425	9.513707	8.578585	9.083223	8.40216	7.5198693	7.8387766	8.255567	7.9665627	7.914824	8.6234255	8.516881	8.808159	8.661626	8.66273	8.398382	8.342398	9.083363	8.435972	8.345506	8.74634	9.346003	8.243489	9.412461	8.219923
EPHX2_33282	6.2694616	2.053109	5.0430994	4.4816837	5.6518545	5.3234696	5.328666	4.968878	2.8787735	5.6801505	4.786514	4.867713	5.5900784	2.5752249	6.2278132	5.03295	4.7928996	5.877936	5.1342363	4.3821325	4.846719	5.4809113	5.214615	5.4369464	5.1998844	4.7939124	2.8961248	6.76729	4.152537	2.482375	5.0091667	5.5100503	5.995594	4.1376824	4.6565795	3.9059012	4.170472	5.742866	5.1499085	6.622732	7.124656	4.3733993	4.366648	4.816079	4.214827	6.3443418	2.279205	5.6429973	4.5142236	3.4641607	6.0220094
EPRS_8569	9.109177	8.427729	8.401217	8.287524	8.535134	9.247025	8.349311	8.570846	8.602402	8.072144	8.409464	8.921313	9.174411	8.377589	9.069104	7.902564	8.676995	8.751104	9.066496	8.786029	8.785024	8.158555	9.039268	8.682626	9.09347	9.002757	8.724848	9.224005	8.329232	9.042558	8.488253	7.7600956	8.590929	8.199989	9.209462	7.938524	8.360041	8.999377	8.482841	9.152449	9.012945	8.718085	8.246392	9.192666	8.118235	8.904644	8.71801	8.817731	7.895752	9.231605	8.219923
ERBB3_8571	4.0645385	2.435626	1.9183995	2.8078547	3.5377576	3.1002145	2.8324869	2.914369	2.8787735	2.719398	2.3383918	2.6150863	3.6258323	3.539506	3.6116695	2.5203478	1.8765994	1.7907331	3.8843899	3.1839569	2.889376	2.841842	3.2374017	2.8167326	3.2172866	3.4306927	3.1264923	3.474912	2.004529	3.52196	3.1578226	1.6426728	2.3879235	2.4144073	3.3214288	1.8065978	2.7898166	3.3179228	2.2945795	2.1514747	0.0	2.887088	1.1804214	3.3300724	2.8193185	3.031582	3.2250526	3.3925493	1.8362379	3.174549	1.5087776
ERO1L_8573	5.7678885	5.818643	5.7868752	6.0080686	5.7363467	5.7864313	5.5332603	5.5475993	5.7725854	4.9989533	5.0643263	6.159684	6.5103507	5.4895506	5.835951	5.36689	5.3223767	6.075051	5.9415503	5.902593	5.8394847	5.555596	5.565907	5.9556165	6.180124	5.8351526	5.6431704	5.591573	5.280674	6.2426324	5.714556	5.6179037	5.1240087	5.4695616	6.0754466	5.583925	5.962837	6.3303566	5.7477226	6.1614394	6.433103	5.7632694	5.708474	6.1204243	5.555908	6.2972417	6.1759424	6.1969023	5.3521595	5.18828	5.8785186
ERO1LB_32533	2.5931726	3.8933594	3.679778	3.7009778	2.8206856	3.4470994	3.659207	3.8750339	3.1321692	2.719398	3.2578542	3.3178172	3.2264056	3.539506	3.7596574	3.100898	2.8900583	3.8609118	3.6291769	3.2961977	3.2548962	3.574707	3.7704499	3.5707264	3.1146789	3.8118882	2.621851	3.9943156	3.3879275	3.6778624	3.07545	3.013425	3.534197	3.8792007	4.3970637	2.8064463	4.748459	3.9763792	4.055234	3.8847218	4.4090514	3.8935378	4.126278	3.5846395	3.6450963	4.000593	4.2948537	3.965136	4.247581	2.506785	3.4387813
ESR1_33192	5.628032	4.711492	4.1440635	5.3104234	4.6148157	6.315933	5.0102134	4.4854455	5.791102	4.02099	3.563121	6.7551246	5.0549846	4.4294205	5.3672004	3.6286907	4.70695	4.2352924	5.64632	5.6301656	5.727598	4.993074	5.671957	5.6254225	6.141501	6.158618	6.1415515	4.9025793	3.706012	5.402364	5.361747	2.8811386	3.3467786	4.0142226	5.3379383	4.881619	4.580281	4.9598265	5.541369	4.582081	4.6822133	5.2398224	4.4937305	5.6108966	3.6450963	2.476957	4.9330125	5.2021847	3.4960926	4.723822	4.2358537
ETFB_8574	8.552368	8.042806	7.5859194	7.5474744	8.148627	8.228527	7.55738	7.614566	7.8082547	7.541894	8.091937	8.278535	8.033041	7.785558	8.213304	7.6054916	7.9316816	8.06555	8.053017	7.8248167	7.987657	7.6799235	8.386399	7.6033354	8.371119	8.130019	8.061491	8.192362	7.7532415	8.021833	7.5751634	7.6009674	7.586744	7.7313013	7.9383483	7.6713705	7.627079	8.345554	7.7318687	8.67181	8.49325	7.809854	7.478164	7.916758	7.871869	8.524875	7.519067	7.8758273	7.887944	8.044101	7.7322617
ETFDH_8575	4.601897	3.3854282	2.552146	3.6250265	3.5377576	4.637601	3.1634846	3.309873	3.9186504	3.6644573	3.6691785	4.4266934	4.5661826	3.62484	3.8938673	3.252017	3.896741	2.0267587	4.198454	3.831355	4.388235	3.6310537	4.613897	4.114638	4.4216714	4.5745316	3.8612514	5.3573	2.6239645	4.899171	3.5724802	2.7354863	3.0101936	3.6495402	4.0201387	2.905972	3.1911995	3.4077816	3.0287817	4.4367547	3.4754093	3.6700726	3.7038848	4.482056	3.840789	4.362736	3.8569224	3.8959892	3.321599	4.2528553	3.1696014
ETS1_8577	3.4683857	3.5496664	2.3701787	3.2735412	2.2602103	1.735917	2.4022055	3.023864	3.3476372	3.2679667	1.2341714	2.2764814	3.1312993	2.3926249	3.531564	2.5203478	2.5384767	2.7081409	2.9230795	3.5884495	1.9443585	2.7430372	2.3827975	3.8379865	2.7541187	2.7802737	2.621851	2.7617311	1.8408495	2.786402	3.2357452	2.7354863	2.1789894	2.597612	2.853671	1.8065978	2.2317815	2.0718946	3.6688373	2.8702326	2.5996156	3.1694758	2.8742359	3.3300724	2.2125611	3.2451882	3.122376	2.4290519	1.1924393	2.3260906	3.5183966
ETV1_8578	2.5931726	2.594546	1.6252826	2.663456	2.472159	1.9685107	2.0220141	1.1302094	1.9352914	2.3398588	2.4615827	1.1900772	2.5302608	3.1364734	3.0466177	1.7521499	1.8765994	2.5655518	2.375796	3.7548423	3.0217755	2.2619886	2.6825488	2.2101986	2.884577	1.5639434	3.0159018	2.1285868	2.406994	2.0966876	3.1578226	1.9373132	3.1313257	2.9062183	2.3652024	1.5842559	2.9363732	1.5472676	3.242334	2.6239195	2.4405787	3.4055345	1.5358759	2.0821931	1.4944088	2.6368403	2.7615314	2.6126575	2.762189	1.588432	3.1696014
EXOSC4_8579	3.548161	4.268282	3.4235945	3.2735412	3.7957757	3.661585	3.9148438	3.7531235	3.7772083	3.8788273	4.5292096	3.7198045	3.8213115	3.2482674	3.446748	3.3887968	3.9475968	4.1378617	4.375311	2.9293032	3.3587008	3.324341	3.7704499	3.5707264	4.0289	4.057699	3.1264923	3.7055392	3.4460533	3.52196	2.7956865	2.1818647	3.2430704	3.2723231	2.9855762	3.753906	3.0694053	4.7352557	3.9976015	4.231731	4.492514	3.6083453	3.3920732	2.7702174	3.3344872	4.3162427	4.47233	4.03112	3.65174	3.9744961	2.5660443
EXOSC5_32543	3.8293307	3.6252677	2.1619017	3.7009778	3.7147906	3.9605298	2.951459	3.688074	2.7331607	3.9751415	3.617124	3.5721645	3.3996527	3.7054071	3.68756	3.4526122	4.260792	3.8609118	3.6291769	3.2961977	3.2548962	3.51607	4.252953	4.010254	4.238611	2.6363633	3.65531	4.1974163	3.3273613	3.52196	2.6889215	2.8811386	3.4435291	2.597612	3.6740885	3.642881	3.1911995	4.089322	3.242334	4.9993396	4.1764603	3.0813484	2.99374	3.4200125	3.4981349	3.5959594	3.122376	3.0546732	3.411482	3.846141	3.1696014
EXOSC8_8581	5.910549	5.554279	4.9809566	5.71023	5.337082	5.642388	5.2143483	5.124485	5.6562014	4.928529	4.3494563	5.34806	5.659893	5.7395906	5.5203233	4.8316636	5.180765	5.1472535	5.5574236	5.902593	5.1657577	5.0561686	6.005222	5.3325906	5.702634	5.818576	4.9675345	5.8423615	5.1468773	5.467927	5.308648	5.4645452	5.413955	5.746686	5.5011415	5.2843695	5.572402	5.635367	5.3702736	5.5516458	6.047966	5.8458295	5.2130847	5.4706135	5.4796085	5.697437	5.728748	5.3124347	5.396859	5.4969387	5.59612
EXT1_8582	5.2043357	5.2543645	4.8127723	4.985458	5.070358	4.532545	4.487392	4.365758	5.0031567	4.576022	4.4421306	5.2542853	5.225846	4.728286	5.1696496	4.055957	4.7361727	4.1873994	5.032364	5.564438	5.0464687	4.2504673	5.369748	5.3752427	5.1746025	4.5745316	4.9969473	5.2699165	4.005659	4.867128	4.6873436	3.537568	4.6434445	4.590883	4.9749804	4.1282835	5.0990524	4.0339556	5.1499085	4.6162353	4.320462	4.8706985	3.9601355	5.6108966	4.820807	4.575076	5.257627	5.3387294	5.183811	4.4423666	4.9322033
F10_8585	9.936873	10.198061	9.966393	9.783581	10.280264	9.908021	9.993301	10.122833	9.940361	10.16638	10.519608	10.1690235	10.058287	9.872926	10.363625	9.74795	10.630278	10.586678	9.958959	10.080259	10.037181	10.155363	10.196606	9.946973	9.758478	9.92694	10.060921	10.18687	10.212696	10.127409	9.905255	9.76803	9.956929	9.920322	10.112287	10.053545	9.882291	10.572171	10.340436	10.485614	10.421364	10.053964	9.843181	10.010547	10.058056	10.429402	10.162784	10.303773	9.902871	9.999078	10.015695
F11R_8586	6.172101	5.515066	5.2149196	5.073815	5.562104	6.7104697	5.55221	5.452878	5.8802776	5.3437514	5.7113175	6.430113	6.4720488	5.0392876	6.202168	4.4800982	5.5696816	5.78445	6.456107	6.021667	6.0244746	5.0967493	6.683325	5.9556165	6.6797585	6.6920347	6.372288	6.3566604	5.556104	6.614812	5.997817	4.3292627	5.389877	4.4067645	5.9192343	5.2468953	5.1895285	6.1337013	5.865167	5.718149	4.7851095	6.2612824	5.2615185	6.1470075	5.1510572	4.362736	5.998881	5.6217394	4.807002	6.2593746	5.24465
F12_8587	7.713703	6.055713	5.3190575	5.3104234	5.873255	8.052886	5.9876547	5.4723263	5.862878	6.260489	6.1194544	7.8520994	7.9862475	5.556239	7.6702743	5.153059	6.0832586	5.979857	7.6025043	6.689333	6.9231033	5.783992	8.221547	6.292493	8.279226	7.7122173	7.1705475	7.583528	5.515961	7.4213715	6.541112	5.3187275	5.8793416	5.625355	6.7948656	5.3912826	5.328752	6.4515142	6.34119	6.355901	6.047966	6.551016	5.2615185	7.136792	5.574369	5.915852	6.8815155	6.721353	5.5232043	8.014544	5.5207915
F2_32334	13.157785	11.845566	10.817421	11.4956045	11.268643	13.066357	10.993894	11.122571	11.663375	11.005717	10.9628105	13.219143	12.9687395	11.3649025	12.815304	10.896203	10.756867	11.026365	13.236743	12.057276	12.664219	11.745078	13.063228	12.393341	13.16537	13.229327	13.028701	12.923827	10.954922	12.956203	11.909337	10.650769	11.098571	11.150594	12.212386	10.931524	11.296797	11.361834	12.243705	11.288323	11.480828	12.411835	10.936761	13.123845	10.994509	11.636785	12.427953	11.982207	11.07411	13.031667	11.658568
F5_33079	8.347438	6.739305	5.1315656	6.279799	6.248955	8.208773	5.7291603	5.874352	6.621277	5.722391	5.660788	7.8640532	7.8878455	6.048407	8.170965	5.4629865	5.723516	6.16435	8.006759	7.1514907	7.6416507	6.6668677	7.93602	7.154496	8.433728	7.959058	7.938031	7.7017694	5.9568067	7.582982	6.5714827	5.417558	6.1612277	5.6462984	7.548122	5.583925	6.3373213	6.4515142	7.372496	6.3044596	5.211846	7.4319	5.3977675	8.255927	6.155348	6.2852225	7.3701797	6.9854393	5.970362	7.7930803	6.3504095
F9_8588	10.490125	10.624353	10.487335	10.111283	10.801597	10.808538	10.625822	10.137374	9.872428	10.097837	9.816567	10.449146	10.680553	10.302495	10.30007	10.033968	10.044311	10.9936695	10.878365	10.468755	10.09938	10.050807	10.333527	10.307154	10.609866	10.590122	10.233015	10.229183	10.303929	10.145889	10.277559	10.164685	10.550601	10.470336	10.714747	10.005267	10.453491	10.461775	10.188557	10.482145	10.611296	10.209517	10.258571	10.38532	10.585691	10.361623	10.363233	10.36662	10.081213	10.448486	10.148309
FABP1_33091	13.67999	14.333578	13.898444	13.988232	13.360112	13.155296	13.474445	13.834578	14.783007	14.067839	14.254444	13.990745	13.0438	14.169848	13.848196	14.033289	14.109879	13.136885	13.392145	14.361552	13.997901	13.899142	13.577223	14.221316	13.435928	13.418152	13.68995	14.809584	13.410511	14.013045	13.336697	14.490927	13.399202	13.862223	13.32355	13.680233	13.965716	14.3773	14.242561	14.950426	15.344122	13.874675	14.316282	13.676791	13.191148	15.61091	13.6305275	13.492215	14.079964	13.4592	14.525481
FABP2_32859	3.9517226	4.3146935	4.4495783	3.3697603	3.4403665	3.1002145	3.1634846	4.1889644	5.414885	3.1072266	4.3494563	4.5502152	3.0294778	4.331278	3.8283224	4.35209	4.339067	3.7333038	2.9230795	4.480447	3.5462768	3.6310537	3.8327506	4.469871	4.0289	2.2966683	4.299267	4.4725537	3.2641406	3.8185487	3.07545	4.168281	3.7000437	3.1603029	3.7502577	4.0864654	3.303507	2.2765746	4.6109753	4.1408014	4.646217	3.1694758	4.22728	3.4200125	4.0662227	4.9241333	3.4953897	2.9218345	4.3870535	1.8782536	4.643507
FABP4_8590	3.3839397	4.3146935	3.9630284	3.2735412	3.7957757	2.3445714	2.4022055	3.8750339	5.034578	3.8281465	2.6802902	4.2915974	3.759049	3.781712	3.7596574	3.881458	3.0843768	2.2295449	3.318902	3.9040134	3.7885811	3.324341	2.8119028	4.258289	3.3130789	3.6712542	4.3907466	5.1959877	1.4443876	3.6778624	4.9410152	4.5192814	3.1313257	3.038847	3.5936723	3.1689827	3.303507	4.929807	5.9282207	5.2806215	6.277081	5.0203977	4.61052	2.6264875	3.1498733	5.733268	5.305279	3.965136	2.4591324	2.8118143	4.989206
FABP7_8592	10.132342	9.349654	9.362992	10.059927	9.680413	10.389388	9.514665	9.166532	9.73931	9.470463	9.155796	9.040225	9.241412	10.106888	9.477246	9.8669	9.610625	9.225827	9.047036	9.608043	9.572878	9.61477	9.559118	9.467069	8.871518	9.609243	9.510169	10.581021	9.831669	9.612785	9.880452	9.625416	9.474947	9.323156	9.373483	8.817525	10.686242	10.512026	9.502997	10.385201	10.798711	9.543687	9.74865	9.664566	9.417366	11.240983	10.463118	9.376465	9.693744	9.18593	10.038661
FADS1_8593	5.646274	5.515066	4.581067	4.9547606	4.204518	5.816578	5.0901866	4.94123	5.237227	4.0654263	5.377605	5.7078004	4.975073	4.803421	5.835951	4.5691614	5.2833147	4.712268	5.058514	5.2940326	4.9164205	4.7602787	5.390609	5.456941	6.180124	5.641408	5.6799045	6.11731	3.966478	5.667165	4.510535	4.427398	3.7763257	4.7922235	5.5011415	4.6994205	4.624199	5.3928714	5.881191	5.6372986	5.1617303	5.1985264	3.9601355	5.790242	4.1174774	5.230271	4.9924436	5.1135902	4.4730663	5.3626266	4.989206
FAH_8595	8.991037	10.3394575	10.50193	10.028949	10.445459	9.262164	10.370218	10.448498	10.112195	10.121049	10.080176	9.164649	9.24851	10.176553	9.376232	10.399922	10.093832	10.632109	9.280194	10.161231	9.411763	10.122575	9.002474	9.769479	8.845721	9.105403	8.830734	9.314127	10.4008	9.095375	9.880452	10.335557	10.468914	10.38802	9.551672	10.095656	10.322164	10.629326	9.911699	10.563168	10.662875	9.434541	10.517924	8.828065	10.271796	10.629236	9.716296	9.914469	10.514841	9.102345	10.441064
FAIM_8596	5.5908422	5.130104	5.484961	5.672997	5.3097672	5.1684685	5.0640182	5.219618	5.551485	4.693933	5.0643263	5.34806	5.478582	5.320795	5.4994187	4.990584	5.3223767	5.768263	4.740924	5.586682	5.249167	5.4182487	5.2378244	5.898276	4.3780375	5.303049	4.557952	5.0356913	5.111395	5.020667	4.8448305	4.801377	5.209036	4.9688754	4.6956315	5.0433664	5.274664	6.0663114	6.0607576	6.3044596	6.0752954	5.319029	4.61052	5.267545	5.419613	6.1191134	5.81358	5.8214126	5.3746824	5.3626266	5.9376383
FAM103A1_33078	5.969691	6.3950596	7.0330553	6.751005	6.832387	6.0501866	6.6641607	6.730886	6.730839	6.5378356	6.156397	5.7768745	5.865947	6.7260265	5.802208	6.717244	6.478629	7.084063	5.7622337	6.9345098	5.9599166	6.525388	5.964062	6.409977	5.7375817	5.976347	5.898271	6.147042	6.5671234	5.424551	6.3263965	6.8264112	6.822755	6.9923263	6.4739375	6.6784306	6.925129	7.2380724	6.707524	7.017163	7.118101	6.178747	7.0861335	5.773278	6.717026	7.129015	6.4964423	6.3598337	6.7333794	5.9199986	6.8276534
FAM20B_8600	4.709909	4.994124	3.9630284	4.298234	3.223322	4.2528214	4.131929	4.235235	4.6443586	3.4797902	3.6691785	3.7198045	4.412865	4.5213094	4.332506	4.014271	3.4086447	4.1378617	4.150632	4.5272	3.7885811	4.058373	4.2066507	4.848497	4.545173	4.450914	4.3907466	4.1974163	3.4460533	4.2744603	3.79471	4.223962	4.4238806	4.455044	4.8420568	3.5839908	3.911607	4.769558	4.2651753	4.5470986	4.609299	3.8935378	3.7038848	4.713098	4.2611446	4.493851	4.47233	4.423926	3.8576405	4.0923586	4.60755
FAM55B_32626	5.2996144	5.6111693	4.622362	5.235784	5.164852	5.4248013	5.414016	5.3514986	5.2902575	4.975858	5.083635	5.205009	5.336579	5.3461456	5.62053	5.43166	5.070365	5.196475	5.501332	5.5188947	5.606299	5.13622	5.2378244	5.589646	4.7978716	5.2297173	5.3559427	5.0356913	5.24837	4.9305177	4.9410152	5.344077	5.2630587	5.8037276	5.4334445	4.8063326	5.8927493	5.905945	5.5613966	5.718149	5.460108	5.394112	5.481939	5.5721884	5.0491486	5.802365	5.581701	5.082807	5.282401	5.6000404	6.0490713
FAM63A_8604	5.8008323	6.3059673	5.840355	5.71023	5.4663982	6.1122656	5.841261	5.529146	5.9804864	5.6068783	5.377605	6.079928	6.519769	5.681025	6.240467	5.6784763	5.3790555	6.2715955	6.023489	6.3554325	5.9095287	5.626604	5.6199064	6.247283	6.230064	6.389391	5.750681	6.2047286	5.798485	6.070404	5.952381	5.344077	6.088288	6.3030148	6.307441	5.2843695	5.8927493	6.3188205	6.220428	6.11442	5.9181404	6.2102537	5.7429986	6.185985	5.7792277	6.0210595	6.4009748	5.9117594	5.601678	5.8380003	5.893527
FAM69A_8605	3.0961545	4.9359283	4.538555	4.858544	4.8976593	3.3678806	4.2293363	4.5232325	4.3765597	4.150392	4.0292673	3.7198045	3.9383125	4.975738	4.379027	4.449145	4.413313	4.370112	1.483266	4.5724864	3.1430392	4.3876204	3.410797	4.5087037	2.2723026	3.340682	3.4149964	3.474912	4.6247005	3.1481903	4.0746455	3.7797458	4.22047	4.4067645	4.1938534	4.613693	4.8628597	5.1279006	4.055234	4.863757	4.646217	3.9443858	4.851072	3.2341504	4.8514056	4.8279877	4.2948537	4.423926	3.0125036	3.5490766	4.0871205
FASN_8611	5.7170177	6.173724	5.8749375	5.5955176	3.7957757	5.642388	5.371972	5.9316764	6.814677	5.1916866	6.8630724	7.5206976	8.621644	3.781712	6.9208302	4.8074613	6.2342706	5.8929443	7.2119503	6.4675574	6.3856263	5.991921	6.37331	6.5280914	7.0220885	6.847189	6.745909	6.6545095	4.7909193	7.714859	6.5714827	5.127592	4.470548	5.9114614	7.3358693	5.356518	6.69739	5.2544	6.5560555	6.655948	5.887632	6.6230154	5.809664	7.2079563	3.4186301	5.461475	7.1332974	6.4590545	4.7391872	6.2080708	6.1649346
FASTKD5_8612	3.1985953	2.257008	1.6252826	2.5029805	1.7112163	3.7265353	1.5043167	2.914369	3.243922	2.0168164	2.2036915	3.1193392	3.315628	2.8829715	2.9264696	1.275699	1.3803144	2.0267587	3.4823647	2.7828603	3.5462768	1.9438806	3.6371455	3.0452297	3.5673409	2.911122	3.3250897	3.3441162	1.8408495	3.437199	3.2357452	2.5734606	0.0	1.9587818	3.4179986	2.1691005	0.79861236	1.8332981	2.778033	2.4829574	1.8199238	3.2525284	2.7439313	3.3300724	2.0104735	1.5643196	3.2250526	2.2186248	2.2798173	3.2776825	2.2300112
FAT1_8613	3.8293307	3.200062	1.9183995	2.3223944	2.2602103	3.8482714	2.2245977	3.2206914	2.7331607	2.3398588	2.7783492	3.2219887	3.1312993	1.2732412	3.0466177	2.109709	2.072621	1.7907331	3.9417143	3.1839569	2.7435865	2.636965	3.1422062	2.9355001	2.884577	3.24468	3.8612514	3.474912	2.284903	2.3023815	2.4482956	2.7354863	3.0101936	1.9587818	3.4179986	2.8064463	2.2317815	1.8332981	3.4283133	2.7523265	2.7428484	2.3964808	1.8208362	3.8009534	2.2125611	2.7807593	2.617958	2.7755125	2.4591324	3.629271	1.7911546
FBP1_8617	8.475386	8.032429	8.183976	7.945049	8.30551	8.304948	7.945635	7.795302	8.042664	7.510095	7.712389	8.128039	8.733132	7.9598975	8.297456	7.72982	7.9061956	8.333749	8.70814	8.364859	8.205181	7.632407	7.9289074	8.182824	8.590102	8.7132635	8.1261425	8.197107	7.877255	8.014538	7.8690786	7.894851	8.053259	8.011076	8.0704975	7.494801	7.503192	8.423024	7.673258	8.001927	7.9854426	8.169087	8.124024	8.024626	7.9657593	8.150599	7.851509	8.149025	7.6730714	7.68934	7.9702964
FBXO11_8619	5.5908422	5.6111693	4.622362	5.8334627	5.4909263	4.968176	5.3065157	5.5475993	6.1763225	4.6064157	4.144076	5.3927565	5.880642	5.100155	5.948199	4.757803	4.339067	5.3126483	5.5936418	6.1467075	6.116198	5.3358874	4.8430624	5.9414935	5.61137	5.678625	5.5667706	5.5176296	4.6247005	5.858587	5.6305075	5.0372314	5.1529117	5.2130246	5.667523	4.8063326	4.787609	5.995619	6.2699523	5.718149	5.0559535	5.9239197	5.308379	5.7561126	4.9107227	5.8520994	5.619891	5.704953	4.871772	5.6775246	5.37869
FBXO22_32888	5.179499	5.3240876	4.916016	5.3104234	5.0374327	4.913435	4.2293363	4.698608	4.9710355	4.413638	4.6635904	4.5502152	4.947421	4.5651484	5.059707	4.4800982	4.6155543	4.8722835	4.8939905	4.855005	4.846719	4.512859	5.167044	4.688581	5.2731752	4.1131234	4.77723	5.2699165	4.599311	4.8008246	4.1164427	5.0980964	5.002234	4.900788	4.4436893	4.522548	5.0990524	5.8267083	5.011177	5.6538353	5.887632	5.043904	4.647439	4.9121966	4.8514056	5.2551312	5.077238	4.846702	4.1464963	4.7598963	5.016884
FBXO7_8621	3.764007	3.5496664	2.713711	3.2735412	3.335922	4.114065	2.7028143	3.2206914	3.4443936	3.189834	2.956486	4.0892115	4.4915595	3.352018	4.5914803	3.252017	3.334152	2.837896	3.9417143	3.9731874	3.9959817	3.0212092	3.2374017	3.897724	4.1889715	4.1131234	3.8612514	4.4408975	2.7213259	3.7499197	3.6878698	1.6426728	2.3879235	3.1603029	3.8226066	2.5840793	3.6815434	3.6479805	4.6109753	3.1752434	2.0577211	3.7861276	2.99374	4.0466323	3.1498733	3.5159345	4.5535	3.4896183	3.0125036	3.7774107	3.3545144
FCER1G_8623	6.5175333	7.2378283	6.577749	7.378513	7.172779	6.54026	6.866968	6.8246603	7.346121	7.0165577	6.22756	6.295352	6.9190555	7.253831	7.012212	6.4621267	7.0494847	7.103548	6.7648525	7.6926184	6.0244746	6.554816	6.0841775	7.2026596	6.4141455	6.2966805	6.6192374	6.0766897	6.493234	6.2673945	7.095001	6.482766	7.054857	6.837034	7.366443	6.6355753	6.985303	7.1561723	7.4551044	6.8692317	7.461445	6.918362	6.8844113	6.6894436	7.0820856	7.16881	7.1332974	7.1354704	7.3311934	6.32104	7.6329126
FCGR1A_32326	2.0518599	4.268282	3.5993342	4.4379616	4.14394	2.6425977	3.8550549	3.6199527	4.7236123	4.108535	3.448644	2.6150863	3.554308	4.112363	2.7953992	3.7855976	4.178025	3.5933034	3.0326717	5.0275335	2.7435865	3.8838544	2.0039802	4.5465183	2.2723026	2.4764907	2.621851	3.410996	2.9792736	3.3471458	3.7422786	4.168281	3.9835975	4.0142226	4.138241	3.3913584	3.911607	4.589258	4.2651753	4.275133	4.817839	4.086987	3.837692	3.3300724	3.900535	5.01427	4.2948537	3.8233604	3.920224	3.0634718	4.746293
FCGR2A_8624	1.1754036	3.4698832	3.111882	3.6250265	4.014574	1.1146706	3.4325337	2.6667733	3.4443936	2.9263053	2.3383918	1.8332136	2.1961572	3.4488056	2.9264696	3.178435	2.6654315	3.1690745	2.675235	3.400333	2.1892972	3.0212092	2.3827975	4.010254	2.0677924	1.851524	1.8390311	1.769436	2.406994	1.8567106	2.5736196	3.013425	3.1313257	3.5640745	3.1064248	2.905972	3.1911995	4.0339556	3.242334	3.8847218	3.3011763	3.2525284	3.2066107	2.6264875	3.4186301	3.671778	3.7229755	3.7468808	3.411482	1.8782536	3.3545144
FCN1_32819	4.5251174	5.8024487	4.4495783	5.977854	5.5150447	3.3678806	4.954324	4.968878	6.118846	5.448127	4.61133	4.5891457	5.4591317	5.6609626	5.5409293	4.2480316	5.159351	5.4610167	4.8939905	6.393784	4.846719	5.174639	4.0049734	6.357758	4.8939457	4.5745316	3.9838378	4.5338564	4.9993916	5.1327214	5.510237	4.5192814	5.3151307	5.5383997	5.9678993	4.8569574	4.787609	5.539229	5.712333	5.7023377	5.2602787	5.299631	4.61052	5.0311365	5.175448	5.279571	5.8461637	5.3387294	5.3292794	4.5285373	6.0490713
FDFT1_8628	8.697199	8.820431	7.637186	8.15877	7.7416854	8.436952	8.233751	8.068798	8.35107	7.9231524	8.258357	8.614353	8.626011	7.9266744	8.815795	8.244286	8.15097	8.164726	8.730678	8.190647	8.119111	7.8378882	8.0453	8.530541	8.675939	8.719974	8.4629345	8.347671	7.700489	9.21158	8.257885	7.8645153	8.308982	7.6506786	8.664783	7.834995	8.626128	7.8522162	8.348101	8.377896	8.326987	8.429949	7.814794	8.708225	7.8530912	8.167067	8.682362	8.2837	8.38334	8.495704	8.3425665
FDPS_8629	7.3848267	7.7829294	5.768599	6.497763	5.816163	7.019956	6.6728444	6.912709	7.639702	5.854879	6.6593847	7.608587	7.214149	6.0637693	7.3755774	6.4148498	6.843366	6.5238214	7.0322866	6.7981853	6.7714806	6.3264723	6.7574687	6.951013	7.1828766	7.2753787	7.3350472	7.317646	5.9962473	8.064846	6.8813105	6.723926	6.2968974	6.3030148	7.206651	6.664286	7.399598	6.3188205	7.272773	7.4920654	6.890861	7.2669086	6.631516	7.3055778	5.930195	6.9952273	7.5687246	6.585216	6.8901186	7.287484	6.7054048
FETUB_33027	14.39978	13.993394	13.682761	13.510564	13.804105	14.286172	14.057476	13.830815	13.432489	13.812726	14.474599	14.159789	14.570392	13.193032	14.13009	13.554427	13.801987	14.051226	14.388217	13.773875	14.0042925	13.831339	14.24444	13.663914	14.666736	14.114687	14.480132	13.90183	14.112575	14.62977	13.988754	13.671265	14.3202095	13.7130165	13.86168	14.179276	13.648737	13.090664	14.409908	13.280588	12.376969	14.0821705	13.382304	14.363694	14.18503	13.171307	14.201845	13.578874	13.845614	14.112173	14.061299
FGA_8632	15.977469	15.257551	14.872024	15.080442	15.30068	15.734555	14.932406	15.241857	15.315717	15.118681	15.166876	16.09092	15.578413	15.044564	15.828613	15.051775	15.180615	15.2517	15.921877	15.707507	15.673571	15.463081	15.805977	15.368432	16.02503	15.95152	15.939812	15.901827	15.242167	15.927531	15.455956	14.6924515	15.2271805	14.784524	16.139828	15.178422	14.948433	14.995043	15.647585	15.120625	14.732166	15.856541	14.893873	15.9945345	14.9958	15.015182	15.757044	15.38005	14.955437	16.000961	15.123425
FGB_32596	10.245852	9.107528	8.413033	8.836632	8.803408	9.849992	8.451259	8.610881	9.064869	8.622234	8.405633	10.175433	10.00563	8.775303	10.022687	8.377663	8.862353	8.183159	10.356829	9.427264	9.894427	8.890617	9.962401	9.517921	10.269036	10.296681	9.781351	10.321167	8.249869	10.087987	9.01845	8.290011	8.652944	8.700629	9.780048	7.8815875	8.905114	9.412806	9.72344	9.189784	9.310434	9.648032	8.46121	10.242402	8.480699	9.560799	10.070135	8.974781	8.548457	9.840719	8.837628
FGFR2_8637	4.117802	4.4867115	3.4235945	4.0302944	3.223322	4.4957547	3.0613632	3.1256318	3.6203768	2.8265579	3.2578542	4.2915974	4.704761	4.170284	4.741449	3.3887968	2.399263	3.1690745	4.375311	4.8912005	3.6316473	3.324341	4.0049734	4.164128	4.505169	4.6514254	3.4996274	4.4085307	3.1287267	3.8840604	4.601646	2.3909085	3.7763257	4.251405	3.9572527	2.905972	3.6815434	4.0339556	3.9375708	2.7523265	3.2054758	4.086987	3.2066107	4.5632515	3.4981349	3.3411944	4.513486	4.3221717	3.5760143	3.174549	3.6655471
FGFR4_8638	6.435997	4.1193533	2.713711	3.8418446	3.628988	6.5847316	3.7274868	3.5484548	5.0954394	2.8265579	3.115025	5.9058294	6.20644	3.923187	6.302122	3.0189555	3.6114979	2.837896	6.198317	5.152088	5.784626	3.9295027	6.0320234	4.654355	6.3364825	6.2846613	5.9291153	6.0135303	2.8983095	5.8256187	5.272131	2.8811386	3.3467786	4.1376824	5.208914	2.8064463	3.1911995	3.8538375	4.4908013	4.398015	3.6308496	5.5167813	2.8742359	6.0933423	2.8193185	3.812416	5.481552	4.732349	3.65174	6.1275234	3.9212723
FGG_8639	15.260353	14.716908	14.596006	14.4938755	14.6303215	15.112339	14.444266	14.508777	14.892432	14.710847	14.828894	15.43606	15.0159645	14.388597	15.218026	14.461694	14.886993	14.568155	15.314142	15.08053	15.271043	14.818765	15.172753	14.945971	15.226745	15.354005	15.282325	15.376708	14.661702	15.417486	14.953221	14.408374	14.557362	14.354419	15.491351	14.607888	14.384128	14.46993	15.22642	14.58411	14.45712	15.341215	14.608306	15.589736	14.478366	14.647103	15.317481	14.75683	14.32923	15.178188	14.620794
FGL1_8640	11.576611	10.8165245	11.418144	10.92762	11.478292	11.716179	10.708917	10.907257	10.726491	10.571186	10.636984	11.036849	11.450689	11.507245	11.265078	11.026415	10.738031	11.69484	11.74416	10.896952	11.032576	11.733262	11.506045	11.339605	11.282572	11.594835	11.2235	11.775575	11.14814	11.821675	11.134542	10.933517	11.229415	10.721653	13.144826	10.848737	11.885098	11.702293	12.028574	10.6640625	12.274766	11.674717	11.429085	12.371008	11.282484	12.681527	11.980864	11.068052	10.854336	11.312969	11.271323
FGR_8641	2.736285	2.737684	1.6252826	1.8748931	2.011671	2.1687598	1.153547	0.6730612	1.640813	2.1873605	0.53686917	2.455695	2.1961572	2.5752249	2.7953992	1.7521499	2.2451668	2.2295449	2.675235	2.4360592	0.775823	2.1116846	2.5404441	2.2101986	3.3130789	2.4764907	1.5525111	2.2793913	2.004529	1.5686922	1.9897953	1.9373132	1.2698381	2.597612	2.3652024	2.1691005	0.79861236	0.71446705	2.2945795	1.9519659	2.5996156	2.6625395	0.7077145	3.2341504	1.7753943	2.0916321	1.8356827	1.6747757	1.5499562	1.8782536	2.4077895
FILIP1L_32649	4.009233	4.1193533	1.9183995	3.8418446	3.223322	3.4470994	2.2245977	3.4732275	4.4247885	3.1072266	2.956486	4.1425314	4.0465326	4.170284	4.5102134	3.3220272	3.334152	3.7333038	3.8843899	5.266739	3.7885811	3.8367145	3.4902585	4.114638	3.6430259	4.267662	4.201591	3.7578633	3.198022	3.437199	4.30899	2.1818647	2.8779507	3.2723231	4.616441	2.1691005	3.1911995	4.1940618	4.721904	4.919528	3.8365083	3.9935026	3.4765677	3.6604056	3.4186301	4.535035	4.630346	3.3925493	3.4960926	2.506785	4.60755
FIS1_8645	5.8645453	5.390596	4.304893	5.183789	5.070358	5.816578	4.7723575	4.5600543	5.551485	5.0660996	5.329891	5.8102098	6.059192	5.4666176	5.9635444	4.968925	5.468837	4.2816463	6.1010227	5.6085877	5.473857	4.8579483	6.3307686	5.7920966	6.230064	6.104947	5.4006453	6.278222	4.5734663	5.8256187	5.2155614	4.9408307	5.0336547	5.0653367	5.667523	4.6994205	5.1599956	5.3481746	5.06828	5.074966	5.1098113	5.1122093	5.0571885	5.8070087	4.724913	6.2235765	5.693367	5.3124347	5.5232043	5.7688713	4.9322033
FKBP14_8647	3.4683857	4.3596587	2.9909706	3.3697603	2.8206856	4.0135446	2.5603254	3.7531235	4.1656966	2.9263053	2.4615827	3.7883198	3.554308	3.2482674	3.531564	3.178435	2.7821121	2.9569383	3.6291769	4.3821325	2.1892972	2.7430372	3.949819	4.164128	3.2172866	2.4764907	3.4149964	3.9943156	3.198022	2.9173408	3.447053	2.8811386	3.7000437	2.4144073	4.080398	2.905972	2.6266706	3.719913	3.8749332	3.5018787	4.1250777	3.7861276	3.30232	3.5846395	3.3344872	3.4312084	4.2468505	3.288475	2.8927681	2.3260906	3.733852
FKBP1A_8648	6.067691	5.665901	5.3190575	5.6917334	5.694719	5.8015833	5.5332603	5.413177	5.89747	5.250605	4.94271	6.2595987	5.9658027	5.512124	5.852531	4.653045	5.433592	5.5394154	6.162596	5.447765	5.627237	5.7204866	6.146826	5.515315	5.946181	5.8351526	5.784808	5.7930655	4.979849	5.77471	5.272131	4.9736853	5.2630587	5.0653367	5.9192343	5.5067577	5.1599956	5.760029	6.1821365	5.6205697	5.3300095	5.9239197	5.2615185	6.3664885	5.6632867	5.524181	5.797008	5.7643576	5.0779867	6.012615	6.2135863
FKBP4_8649	5.0207696	3.8308609	2.3701787	3.5448534	2.6569214	4.532545	3.512115	3.309873	3.7009227	3.2679667	3.324294	4.0338454	4.7693586	3.4488056	4.9406905	3.252017	2.7821121	3.2644873	4.5328355	4.1627893	4.5283937	3.324341	4.541129	3.4953887	4.3780375	4.534491	4.5968914	4.1195726	1.1960433	4.9912386	3.5111294	3.1345942	3.2430704	2.7601511	4.0201387	2.5840793	3.303507	3.2220936	4.448411	4.0930934	3.7711594	3.7861276	2.99374	4.206825	3.047878	3.940554	3.4953897	4.03112	3.5760143	3.7774107	2.838406
FKBP5_8650	5.344994	5.230354	4.354751	5.3344693	5.607677	5.4248013	4.7723575	4.280068	5.153837	4.928529	4.2841916	5.1277866	5.742663	4.649022	5.7850356	4.3851724	5.433592	4.93163	5.2747087	5.0911546	4.9829097	4.9494233	5.950077	5.677477	5.5924034	5.5837183	4.9068465	5.8900285	5.05648	5.2615604	5.1160517	4.168281	4.5595846	4.8654995	5.1538897	4.391308	5.4557147	5.8267083	5.2018695	5.838767	5.5210066	4.9965014	4.7528453	5.406049	4.691478	5.395919	5.711166	5.414854	4.631086	5.6585402	4.960986
FLNA_8651	2.8664734	4.010777	2.3701787	3.4599617	2.472159	2.5012665	2.7028143	3.1256318	3.243922	2.719398	2.5750768	3.1193392	2.6721666	3.62484	3.3566325	2.3960178	3.546998	2.7081409	3.1345234	3.6740434	2.3986237	3.0212092	2.5404441	3.415899	3.1146789	2.2966683	3.0159018	3.5361161	2.6239645	3.0373778	3.3096738	3.6228914	2.1789894	3.038847	3.1064248	2.5840793	3.4077	4.338161	3.4283133	3.6410902	3.7711594	2.887088	2.99374	3.3300724	3.1498733	3.2451882	3.122376	3.0546732	3.2257414	2.6673462	2.838406
FMO1_32787	7.205767	7.6029553	6.853951	8.124702	7.772025	7.758951	7.141769	7.29229	6.7872686	6.935084	6.7284813	6.6939325	7.668284	7.7622066	7.6275616	6.922733	7.4037905	7.4156027	7.750204	7.3851795	7.7882905	7.475837	8.0746	7.744238	7.6545334	7.12171	6.909515	6.9582787	7.028357	7.79794	7.6266913	7.140379	7.674077	7.745929	6.915559	7.8286676	7.6904225	7.1300073	7.2296185	6.8478312	6.2170005	7.6428723	7.280812	7.3577194	7.894085	6.44501	8.049882	7.291691	7.554773	7.823228	7.893989
FMO3_8654	7.9449716	7.375558	7.6621523	8.096857	7.941773	7.599042	6.555659	7.275782	6.557812	7.8003545	6.758827	7.7949653	7.478464	6.9241996	8.170965	6.691026	8.385759	7.706407	8.209996	8.226505	8.21904	6.9859533	8.300827	8.389414	7.802156	7.2570415	7.06341	7.912632	7.2687626	6.886623	6.593848	7.569073	7.954111	7.414736	7.8928657	7.307286	6.1244674	7.2319345	7.064018	7.59413	7.3761106	7.395817	7.092841	7.075837	7.5791674	7.5414734	6.6973305	7.376631	7.127447	8.282859	7.1978
FMO5_33281	8.061698	8.106848	6.845257	7.105614	8.245509	7.274636	6.343611	7.3459916	7.0169997	7.3076386	7.0166287	7.327017	8.5429945	7.1852527	8.039568	7.1418133	6.192713	7.5729866	7.548171	8.009039	6.5807204	6.751908	7.3750877	7.8310657	6.849118	7.9552717	7.6354513	7.6984262	7.3509283	7.8190303	6.905354	6.482766	7.5654035	6.693493	8.0704975	6.545846	6.687074	7.1300073	7.538299	5.88152	6.994707	7.974867	7.1646385	7.795975	7.5745893	7.685607	6.9430614	6.9259796	6.7420673	7.6321006	7.4109864
FN1_8655	9.254492	8.701026	6.962451	8.566635	7.840431	9.321183	7.8105063	7.795302	8.55714	7.719239	7.2651763	9.606594	9.446691	8.208206	9.532312	7.373776	7.1009393	7.0239773	9.367765	9.080612	9.065651	8.673051	9.331276	9.221831	9.266471	9.576344	9.361217	9.215845	7.64263	9.102274	8.575128	7.29786	7.742229	8.464566	8.987475	7.325376	8.234613	8.128157	9.247332	8.448316	7.650473	9.278564	7.388323	9.693032	7.302956	7.9213066	9.430959	8.708544	7.302112	8.845443	8.495492
FOLR2_32628	2.4342844	4.1193533	1.2570211	3.7009778	1.7112163	1.9685107	2.2245977	3.5484548	3.6203768	2.719398	1.4871172	3.2219887	3.6258323	2.8829715	3.0466177	0.96157944	2.072621	0.6915133	2.8044732	3.4974551	3.1430392	2.7430372	2.3827975	4.2119765	3.4029047	3.595438	3.4149964	3.3441162	1.4443876	3.251095	3.9414568	2.5734606	2.3879235	2.597612	4.080398	1.9992051	3.1911995	2.455791	3.7408574	4.0930934	2.261813	3.9443858	1.1804214	2.9009168	2.5476058	1.8519349	4.47233	3.580566	3.2257414	2.8118143	3.1696014
FOXJ3_8661	4.169169	3.2957203	2.3701787	3.9074347	2.8206856	4.1618156	2.5603254	3.2206914	3.849662	3.5440083	2.4615827	4.1425314	4.0465326	2.7372885	3.8938673	2.6348078	2.8900583	2.837896	4.375311	3.7548423	3.7885811	3.685282	4.541129	4.3031607	4.4216714	4.315703	4.7077756	3.9500241	2.6239645	4.006783	3.8941805	2.8811386	1.9345882	3.1603029	4.2474017	2.8064463	2.7898166	2.8892338	3.3383183	3.3477855	2.5996156	4.041002	2.7439313	4.439678	2.8193185	2.7807593	4.1457686	3.6661186	2.6186037	4.6488495	3.4387813
FOXO3_8662	4.117802	2.435626	0.0	0.7371988	2.472159	3.2840576	0.689121	0.0	2.5711837	2.0168164	1.8894439	2.7586064	3.0294778	1.2732412	2.4910152	0.5594628	1.6496927	1.1570135	3.8843899	2.9293032	2.3986237	0.9628306	4.058097	1.4924659	3.4029047	2.2966683	3.2292056	3.3441162	0.8958736	2.482375	2.4482956	0.77186805	1.9345882	1.6624343	3.1064248	0.9994701	0.79861236	1.1901431	2.778033	3.1752434	2.5996156	2.6625395	0.0	2.7702174	0.6833182	1.2047167	1.8356827	2.6126575	3.1230586	3.3739324	2.9574547
FOXO4_8663	4.8423924	4.3146935	3.5141387	3.6250265	4.7014403	4.637601	2.2245977	3.9323316	4.221371	3.6644573	3.9888737	4.7694445	4.371847	3.2482674	4.668412	3.3220272	3.996721	4.1378617	4.6055846	4.2766256	3.6316473	4.058373	4.6831694	4.164128	4.333043	4.6883883	3.7958171	4.306832	3.0559347	4.4577565	3.6313283	2.8811386	3.619502	2.597612	3.9572527	3.8063707	3.303507	4.291709	4.055234	3.7680426	3.7711594	3.840832	2.8742359	3.8009534	3.2451313	3.940554	3.65103	4.564248	3.7922184	4.4423666	4.4129558
FSTL1_32837	1.8143951	3.097608	2.3701787	2.8078547	2.472159	1.735917	2.5603254	3.7531235	3.243922	1.0112327	2.2036915	0.71442115	2.372859	1.9388802	2.1047523	2.3960178	1.3803144	2.7081409	1.7631619	1.6806879	1.6491554	3.0212092	2.2057867	2.9355001	2.0677924	2.4764907	2.8961248	3.9500241	1.6561947	2.9173408	3.1578226	1.9373132	1.6401663	2.4144073	2.3652024	2.1691005	3.303507	4.0339556	3.5130224	3.7680426	3.7027097	1.6473541	2.4416173	1.5561608	1.7753943	4.218504	2.074421	3.7468808	2.075009	1.588432	3.067424
FSTL1_34093	5.2043357	5.818643	4.4495783	5.5754795	5.070358	4.4580016	5.0102134	5.5104537	5.8274364	5.6218333	5.2805457	5.101099	5.1790576	5.3461456	5.343936	5.3502326	4.999828	5.3781114	4.7082605	5.693029	4.846719	5.174639	5.0407667	5.7762694	4.730073	5.4821253	5.2377234	5.097908	4.649651	5.1327214	5.5565214	4.801377	5.209036	5.604102	5.006382	4.9531703	5.2184687	5.539229	6.0466185	5.5865192	5.5984015	5.1774263	5.4192753	4.602197	4.724913	6.248552	5.4606605	5.258363	4.9337583	5.019991	5.335379
FUCA1_33043	6.2457304	5.896995	5.0123625	5.0449595	5.4663982	6.3575373	5.037367	5.3514986	5.46187	4.9042687	4.8997808	6.375484	6.412619	5.294991	6.3727903	5.094254	5.3604093	5.1720743	6.244609	5.7920723	6.116198	5.13622	6.4146333	6.1276417	6.2422833	6.378123	5.8667536	6.6545095	4.979849	5.953197	5.429636	5.344077	5.389877	5.126238	5.6477447	4.9297123	4.934379	6.0524473	5.8489633	5.569188	5.5794387	5.9239197	5.2375045	6.4328074	5.499065	5.395919	5.581701	5.7836275	4.8397503	6.141264	5.420738
FV1_8669	3.294242	2.053109	0.0	1.8748931	2.011671	2.1687598	1.153547	1.1302094	1.640813	0.0	0.92724514	3.0088224	2.1961572	0.77274704	2.3107724	0.0	1.0488179	0.6915133	2.1990027	1.9785899	3.1430392	1.7539579	2.930607	2.008209	2.451389	2.911122	3.0159018	3.273985	0.5163865	3.0373778	2.6889215	0.0	0.7703406	1.6624343	3.2179284	0.58460927	0.79861236	1.8332981	1.8496284	0.0	0.70722115	2.5356345	1.1804214	3.2341504	1.1451283	2.911615	2.7615314	2.2186248	0.7160639	2.3260906	1.1573405
FXYD1_33322	4.169169	3.6971037	2.8589911	3.6250265	2.967741	4.2528214	2.951459	2.5249715	3.243922	3.1072266	2.0551069	4.2436	4.1950135	2.8829715	2.3107724	2.9320772	3.8440266	2.9569383	3.8246934	3.400333	3.2548962	3.0212092	4.109333	4.164128	4.333043	3.8118882	3.3250897	3.8083558	2.7213259	3.8840604	3.5724802	2.8811386	3.0101936	2.7601511	2.3652024	2.905972	1.3096737	3.3179228	3.0287817	3.4268885	2.261813	3.1694758	2.4416173	3.504673	2.8193185	4.0582333	3.3209047	3.8233604	3.411482	4.034631	2.838406
FYB_32909	3.8293307	4.8752856	3.111882	5.0449595	3.5377576	3.8482714	3.9722536	3.6199527	4.9710355	3.8281465	2.6802902	4.4266934	4.371847	4.052019	4.551419	3.252017	3.1725283	4.0333714	4.6055846	5.651426	3.9301062	4.2140403	3.5655706	4.936576	4.2865996	4.057699	3.5795677	4.1974163	3.6075757	4.414069	4.6873436	3.1345942	3.917761	4.077273	4.910049	2.9990726	3.6815434	4.929807	5.3473864	4.863757	3.555222	4.9223433	3.837692	3.9290164	3.9579048	4.268201	4.5924344	4.3739457	3.920224	4.0923586	4.989206
FYN_8670	3.6237552	3.7655318	2.552146	3.7009778	3.1011837	2.3445714	3.2588525	3.5484548	3.9844897	3.6644573	2.3383918	3.4076753	3.759049	3.854183	3.3566325	2.109709	3.2556021	3.3539796	3.697336	3.1839569	2.3986237	2.841842	2.5404441	3.9550858	3.3130789	3.141831	3.2292056	3.9943156	2.284903	2.482375	3.3096738	2.7354863	2.3879235	2.4144073	3.5936723	2.5840793	1.9846656	3.8538375	3.9976015	3.5018787	4.226075	2.887088	4.126278	3.4200125	3.6450963	3.031582	3.2250526	3.4896183	2.6186037	3.174549	4.0339284
FZD1_8671	1.5299913	2.737684	1.9183995	2.3223944	0.0	1.735917	1.7862632	2.1911569	3.1321692	2.0168164	1.70226	2.0718052	2.372859	2.3926249	0.7313985	1.275699	2.7821121	1.7907331	1.9974787	1.3048255	2.889376	2.2619886	2.5404441	2.2101986	1.1871207	2.2966683	2.462306	1.2901436	1.1960433	1.8567106	2.6889215	1.2719984	2.8779507	1.6624343	0.0	0.0	3.4077	1.1901431	2.0891902	3.6410902	1.8199238	3.5438585	1.5358759	2.0821931	1.7753943	3.5159345	2.4585013	3.7468808	1.5499562	1.2253668	1.1573405
G0S2_32729	6.7032385	7.1186266	6.608901	6.7949934	6.1902523	7.8234673	7.830048	6.8839526	8.073245	6.545699	6.422137	6.503277	6.565962	6.6967645	7.0486426	5.956752	6.634197	7.8555927	7.2293205	7.791689	7.178492	6.63966	6.7574687	8.01427	7.214232	6.972357	7.3635545	6.478599	6.6804214	7.486095	7.3744764	7.1475954	7.549188	7.6139383	7.695078	7.107472	6.5796432	6.7117987	7.5128126	7.550638	7.1569934	6.771209	8.050124	7.1167583	5.7792277	7.8859286	6.605148	7.456846	6.661925	6.2339506	7.6812816
G3BP1_8673	7.427642	7.5554295	7.0176616	7.270485	7.18034	7.581592	7.141769	7.1902833	7.511575	6.7703648	6.9016614	7.338487	7.3311095	7.2335978	7.553438	6.8942885	6.9961267	7.346415	7.2293205	7.6823263	7.1570554	7.1199627	7.1054025	7.0726295	7.598602	7.3464813	7.56846	7.1996517	7.0566163	7.2703032	7.344013	7.176106	6.992263	7.40862	7.285562	6.917812	7.018594	7.769886	7.235863	7.827046	7.6774755	7.2467923	7.360798	7.477765	7.0025234	7.5813384	7.2895474	7.3445506	7.1472054	7.256255	7.5019345
G6PD_8674	3.0961545	4.565594	3.2234385	4.346329	3.4403665	2.3445714	4.3205805	4.1889644	5.0031567	2.9263053	4.5844727	4.66399	3.1312993	3.1364734	3.9565632	3.4526122	4.7928996	3.4382432	4.772864	4.1627893	2.889376	3.973751	3.4902585	4.2119765	3.9713368	3.743284	3.3250897	3.9500241	3.4460533	3.602016	3.6313283	4.1103654	3.7000437	3.4732254	4.138241	3.9532046	4.787609	4.338161	4.16402	4.231731	4.609299	3.7292666	4.4937305	4.155379	3.7784617	3.8779073	3.791503	4.518974	3.5760143	4.2528553	4.0871205
GAA_8675	5.344994	5.412101	4.8480144	5.183789	5.5387664	5.831418	4.8961816	5.1964164	5.237227	4.9989533	4.1804013	5.7599134	5.693573	5.395548	5.932688	4.6256223	4.9000707	5.2672954	5.5574236	5.3208194	5.3280163	4.993074	5.60213	5.2886386	5.3876147	5.641408	5.526998	5.620121	4.649651	5.2113967	5.308648	4.168281	5.1812468	4.8293266	5.4334445	4.5839467	4.8990626	5.616645	5.6760535	5.718149	5.635596	5.675697	4.9130273	5.114319	5.1010027	5.2551312	5.305279	5.6429973	4.8397503	5.6775246	5.221047
GADD45A_8678	4.169169	3.5496664	3.326985	3.2735412	4.7428775	3.1002145	3.9148438	3.6199527	3.7009227	3.2679667	3.9473164	4.9891205	4.5661826	3.9890406	4.4677963	2.9320772	4.339067	3.6650012	4.5328355	3.4974551	4.338317	3.1031692	4.252953	3.5707264	2.6106799	5.070825	4.251255	4.5338564	4.3481307	4.006783	3.07545	2.1818647	3.1313257	3.6495402	3.5936723	2.8064463	3.0694053	3.119443	4.055234	3.5018787	4.320462	3.9935026	3.30232	4.0466323	4.4727483	4.268201	4.6672864	3.6661186	4.593174	4.397271	2.9574547
GADD45G_33229	6.2093854	4.4455914	5.2679276	2.663456	5.1340365	2.9986892	3.587535	1.9899611	4.4714575	3.1072266	4.786514	5.3927565	5.5167127	6.07897	5.343936	5.7179646	5.115544	2.5655518	6.560441	4.6590047	5.4268627	1.9438806	4.5779715	3.1471999	3.4029047	6.104947	5.135637	6.11731	5.916257	3.3471458	2.895092	2.5734606	3.2430704	1.6624343	3.7502577	2.3210802	3.5048723	4.383164	4.3597	3.7680426	4.226075	6.4043584	1.8208362	2.2872965	5.8107114	3.671778	5.257627	3.176305	5.3746824	3.7774107	3.5938473
GALE_8680	3.764007	2.435626	2.3701787	2.663456	2.472159	3.5935724	2.2245977	2.7958763	3.6203768	0.5924607	2.7783492	2.7586064	3.0294778	2.3926249	2.9264696	2.5203478	2.5384767	1.7907331	2.675235	3.0622413	2.889376	1.2772086	2.6825488	2.2101986	3.1146789	2.911122	3.0159018	2.5406258	2.284903	3.1481903	2.159341	1.6426728	1.2698381	2.7601511	2.157111	2.1691005	2.4426951	3.0089254	2.2945795	3.5018787	2.7428484	2.7791781	2.99374	2.6264875	2.0104735	2.476957	2.7615314	2.7755125	3.1230586	2.8118143	2.708643
GALNT11_32432	5.179499	5.554279	4.882416	5.0155153	4.424204	5.51948	4.526246	4.406767	5.6358576	5.1916866	5.246685	5.6900024	5.726485	5.214689	5.917009	4.055957	4.7361727	4.493403	5.182596	5.693029	5.275932	5.465499	5.7385592	5.53426	5.2247305	5.303049	5.3559427	5.7549553	4.1171956	5.3569393	5.176577	4.68716	4.869225	4.501759	5.725281	4.553574	5.1298456	4.142642	5.2271647	4.682209	4.4513865	5.5167813	4.882382	5.5121055	4.657249	4.794461	5.9547386	5.684595	4.3870535	5.385898	5.1726503
GAMT_8681	9.248533	8.645367	8.407137	8.2906	8.356456	9.039022	8.471309	8.584314	8.372746	8.543919	8.880214	8.949637	9.00368	8.133735	9.1076	8.228422	8.870613	8.894096	9.250727	8.709542	8.683724	8.46985	9.131999	8.402361	9.434306	9.206017	8.636498	8.844589	8.520593	9.031757	8.537161	8.216425	8.58033	8.499516	8.433112	8.395548	8.2765	8.373703	8.65115	8.566572	8.086279	8.643111	8.34521	9.163668	8.57539	8.39108	8.331702	8.695886	8.443171	8.94281	8.455597
GAPDH_8682	9.658866	10.076224	9.664234	9.573598	9.6897135	9.354956	9.556325	9.829593	10.054928	9.736598	9.896534	9.503374	9.615425	9.516079	9.769056	9.766116	9.864943	9.650234	9.78878	9.95974	9.572878	9.439498	9.6200075	9.930979	9.872927	9.786973	9.529168	10.079178	9.505019	9.685787	9.602944	9.894593	9.275833	9.870018	9.63314	9.585781	9.812826	10.067686	9.841775	10.252378	10.118869	9.8861065	10.029524	9.647212	9.448973	10.209344	9.625356	9.589907	9.856616	9.433554	9.82435
GAS5_8688	6.7032385	7.402668	7.2980804	7.276704	7.5796084	7.3742743	6.889495	6.9685583	7.477683	7.0990295	6.5175114	7.2802024	7.11199	7.623955	6.9899035	6.994165	6.664915	7.340953	6.504469	7.712984	6.5807204	7.313157	6.89522	7.5107207	7.0776997	6.918927	6.6839633	7.6611342	6.5069532	6.5252523	7.40431	7.111146	7.3822613	7.3963094	7.101526	6.382657	7.503192	7.960114	7.091825	7.59413	8.401757	7.0285096	7.1898856	6.907248	6.995691	7.940593	7.307209	6.9346256	7.307976	6.624757	6.9970355
GATM_32792	4.3131304	5.515066	3.9630284	5.404291	4.8223433	3.8482714	5.414016	5.1728354	5.9478507	5.529685	4.1804013	4.5102053	4.5661826	5.5343504	4.630459	5.0741076	5.3223767	4.5322647	4.244742	5.7920723	4.614798	5.6126795	3.6371455	5.3961053	4.2865996	4.1131234	4.8434935	3.273985	4.4651933	3.7499197	4.2350254	4.3791647	4.3257575	4.7922235	4.7336545	4.391308	5.5498075	4.589258	5.414987	6.0903225	4.1764603	4.703648	5.0294857	4.5632515	5.1510572	5.0431056	5.1573243	5.1135902	4.7734933	4.034631	6.0490713
GBE1_32816	6.0125084	6.4584446	5.840355	6.5083714	6.1902523	6.1000614	6.7487345	6.6477976	6.6620865	6.505946	6.758827	6.079928	6.0720534	6.2090154	6.6633115	5.989391	6.767552	6.626166	6.3436356	6.778995	6.3978624	6.4646683	6.3837523	6.8026505	6.0747385	6.034922	5.818147	6.232729	6.072035	6.1788	6.3528657	6.313431	6.2968974	6.04363	6.451297	5.9531536	5.9966445	6.440911	6.535953	6.9247956	6.495128	6.684131	6.1297035	6.1470075	6.013731	6.5084205	6.378874	6.6070147	6.4342666	6.141264	6.722316
GBP2_8691	4.3131304	6.519161	6.1816173	5.8164897	6.081399	5.236946	5.841261	5.6364827	6.118846	5.776855	4.832893	5.4573073	6.182919	6.6363964	6.4180503	4.2835584	5.8357673	6.434324	5.2968464	7.3002367	5.4027786	6.2202835	4.3835616	6.722326	5.2731752	4.3621955	5.6244464	5.7549553	5.5294666	5.2113967	6.767862	5.9505434	6.2838902	6.3925047	6.898923	5.713206	6.2559085	6.772258	6.34119	6.1843863	6.803677	6.449062	5.919392	6.6984577	6.903791	6.7461915	6.367695	5.7643576	6.7158446	4.95923	6.8040185
GC_32893	13.229581	12.479446	12.253681	12.438421	12.462039	13.487659	12.744378	12.24658	12.236414	13.330857	13.151279	12.985029	13.071684	12.133924	13.17808	11.916834	12.966293	12.508152	13.011391	12.696433	12.886467	12.614142	13.754713	12.56437	13.271744	13.089299	12.997095	12.342843	12.6221895	12.672858	12.639112	11.939659	12.27112	12.136928	12.852425	12.311114	12.179502	11.868774	12.892836	11.620624	11.754333	12.996569	12.235884	13.003083	12.566951	11.854755	12.776853	13.115625	11.985756	13.55302	12.387425
GCAT_32974	2.4342844	3.6252677	3.679778	3.5448534	3.5377576	3.4470994	4.027466	3.7531235	3.4443936	4.269137	3.563121	3.2219887	3.6258323	3.352018	3.68756	3.0189555	3.6732368	3.9207184	3.7624195	3.7548423	3.0217755	1.9438806	3.5655706	3.6423242	2.884577	3.340682	3.4149964	2.9534101	3.5019276	3.437199	3.3096738	2.7354863	4.22047	3.9482906	2.9855762	3.8063707	3.0694053	2.8892338	3.4283133	2.6239195	4.226075	2.887088	3.2066107	3.504673	4.3917923	3.142335	3.2250526	4.26847	4.0377917	3.846141	4.2822084
GCDH_8693	10.021414	10.0677805	9.765627	9.752685	10.117502	10.637542	9.798753	9.585786	9.556578	9.803713	9.586366	9.806697	9.952718	9.869652	9.803574	9.707651	9.506352	10.249616	10.253084	9.608043	9.973202	9.889818	10.278629	9.904832	9.925971	9.622435	9.754694	10.6017475	9.877934	9.650925	9.772663	9.390132	10.137692	9.766214	9.974192	9.5458355	9.8045	10.465703	9.681736	10.633642	10.351127	9.709957	9.434289	9.868017	9.935775	10.375152	9.858843	10.018777	9.751896	10.306313	9.771507
GCK_8697	3.764007	2.8678937	1.2570211	1.5853512	2.967741	3.788687	2.951459	3.309873	4.221371	2.719398	3.2578542	3.2219887	3.2264056	0.77274704	3.7596574	0.96157944	3.732442	3.3539796	4.4163337	3.0622413	3.7885811	2.1116846	3.8924718	4.469871	3.7149374	3.6712542	3.9238462	4.1195726	1.8408495	5.1327214	2.5736196	2.1818647	2.8779507	4.251405	4.2990336	2.3210802	1.6862907	2.6151845	3.1395056	3.7059622	4.881152	2.7791781	1.1804214	3.5846395	1.1451283	4.0582333	2.7615314	3.0546732	2.6186037	4.5697665	2.4077895
GCKR_8698	3.6955848	2.8678937	2.1619017	2.1159258	2.8206856	4.1618156	1.5043167	2.7958763	2.1797314	2.0168164	2.5750768	3.7198045	2.8013556	2.7372885	4.1297936	1.5335042	1.3803144	1.7907331	3.9417143	2.7828603	3.6316473	2.1116846	3.1422062	2.5451083	4.2865996	3.9400225	2.621851	2.7617311	1.4443876	3.7499197	3.2357452	1.2719984	2.570392	2.7601511	3.4179986	2.1691005	3.4077	3.0089254	2.778033	3.5731628	4.0164742	3.6083453	1.8208362	3.9290164	1.7753943	1.8519349	3.011828	1.6747757	1.1924393	3.4641607	1.5087776
GCLC_8699	8.518109	6.7976584	6.2224746	6.7949934	6.5112243	8.482322	7.2443733	6.5686936	7.6034923	6.867676	7.0415277	8.302159	7.9023204	7.098409	8.167657	6.4851966	6.5295916	6.474787	8.236009	7.3002367	7.760131	6.936505	7.921759	7.567	8.177903	7.869356	8.627124	8.268728	6.5539675	8.209227	6.7938547	6.684777	6.5568705	6.8278966	6.882093	6.69939	6.907465	7.083045	7.766788	7.1337495	7.1569934	7.4094543	6.5941815	8.084301	6.473222	7.3059964	7.408867	7.4924164	6.507433	7.5103226	7.3250303
GCLM_8700	5.552668	5.130104	4.304893	4.644416	4.7428775	5.2808566	4.7396665	4.4854455	4.938183	4.413638	4.5571055	4.80295	5.336579	4.7663426	5.4348235	5.0536757	4.483924	4.1873994	5.1342363	5.121943	5.4967923	4.419964	5.1426578	5.3325906	5.2731752	5.303049	5.6431704	5.661911	4.599311	5.3569393	4.5415487	4.474071	4.760747	4.7541404	4.7336545	4.425254	4.624199	5.302049	4.8249087	4.5470986	4.817839	4.9223433	4.61052	5.267545	4.9953613	4.860753	5.0495234	5.439362	4.807002	5.5390677	4.746293
GDF15_33113	2.4342844	3.200062	1.2570211	1.5853512	0.8140356	2.1687598	1.153547	0.6730612	3.4443936	1.3353969	2.2036915	3.7198045	2.6721666	1.2732412	1.5756721	0.96157944	1.0488179	0.6915133	2.9230795	2.7828603	2.3986237	1.9438806	2.6825488	2.008209	2.451389	2.7802737	3.2292056	3.273985	2.406994	3.52196	2.3110406	1.6426728	1.2698381	2.204507	2.3652024	0.9994701	3.303507	2.0718946	4.4908013	2.7523265	2.261813	2.887088	0.7077145	3.0207527	1.7753943	2.297121	2.8921008	2.9218345	1.5499562	2.6673462	2.9574547
GFPT1_8705	3.9517226	3.2957203	0.76129264	3.1704433	1.7112163	3.2840576	1.153547	2.7958763	2.5711837	1.823375	2.3383918	3.1193392	3.6939778	3.2482674	3.1575243	1.5335042	2.072621	2.0267587	3.5576375	4.2766256	4.1772795	2.3981004	3.1422062	3.3317733	4.0289	3.5154157	4.201591	3.9500241	2.1515164	4.006783	3.07545	0.77186805	2.7323515	1.9587818	3.6740885	0.9994701	2.9363732	3.4077816	3.242334	3.2640922	2.7428484	3.4055345	0.7077145	3.4200125	2.6898494	3.031582	3.4953897	3.6661186	2.2798173	2.9431233	3.3545144
GHR_8706	9.024546	8.687862	7.856381	8.461378	8.53808	8.8910475	8.321967	8.426261	8.6386385	7.767109	7.7671566	9.123802	9.353637	7.9762263	9.095463	7.677366	8.008541	8.322707	9.207558	8.749525	9.237193	8.424738	8.741356	8.867648	9.116886	9.18677	8.86304	9.499372	8.193721	9.172784	8.198312	7.590414	8.51782	8.231515	9.007012	7.831835	8.300383	8.626218	8.869687	8.769892	8.6354475	8.868833	7.858748	9.014653	8.261829	8.45417	8.759229	8.865989	8.360952	9.229998	8.690709
GJB1_8710	8.515631	5.3465996	1.6252826	4.9547606	2.967741	8.147831	2.8324869	2.3676975	5.791102	2.4777672	1.2341714	7.9147396	8.315849	4.3811836	7.651447	0.96157944	1.8765994	1.5083932	8.674717	6.479494	7.1498384	5.284115	8.087434	6.54687	9.156165	8.837761	7.451166	8.590622	2.004529	8.308011	6.686949	1.6426728	1.2698381	3.038847	6.73988	1.8065978	3.0694053	2.0718946	5.7301364	2.9792266	2.7428484	6.220605	2.2628205	8.108173	2.5476058	3.031582	7.20414	5.9117594	2.075009	7.8898587	4.872856
GLIPR1_32487	3.1985953	4.6403866	4.1996894	4.891334	4.4742694	2.8894746	4.0806427	4.323549	4.603037	3.6054895	3.2578542	3.3178172	4.097743	4.7663426	4.1297936	4.449145	3.8440266	4.2816463	3.5576375	5.266739	2.7435865	4.320673	2.6825488	4.5465183	2.6106799	2.6363633	3.2292056	3.9500241	3.5019276	3.7499197	4.1164427	4.223962	4.1647973	4.590883	4.1938534	3.6994612	4.2285304	5.074023	4.6109753	4.4744816	4.9117966	4.2167525	4.53372	4.2564993	4.0662227	5.2551312	4.513486	3.965136	4.668027	3.5490766	4.370676
GLOD4_8714	5.4525642	5.985725	6.4912295	6.6103716	6.7635894	5.608327	6.375879	6.586651	6.7687025	6.307496	5.8864493	6.408509	6.1099634	5.681025	5.1157255	5.3502326	6.4436255	0.0	6.1135497	5.9202175	6.335616	6.1056533	4.95933	5.0462265	5.931163	5.279017	6.30333	5.390823	5.403109	6.2796183	5.290505	6.494134	5.655268	5.945656	6.2028947	5.1887937	7.018594	6.901618	6.409075	6.7741113	7.512325	5.3757043	6.7465825	4.439678	6.433325	7.017194	6.4653163	6.4828286	1.1924393	6.1683593	6.747316
GLRX_8715	3.294242	3.5496664	4.0259314	3.6250265	4.14394	3.4470994	3.1634846	3.2206914	3.1321692	3.3420844	3.7194197	2.8891323	3.315628	3.4488056	3.7596574	3.178435	3.2556021	3.8609118	3.4029472	3.0622413	2.3986237	3.574707	3.1422062	3.415899	3.1146789	2.4764907	3.3250897	3.474912	3.5557184	2.482375	2.6889215	3.4468794	3.9835975	3.4732254	2.853671	3.5839908	3.1911995	4.1940618	2.9088483	3.5018787	3.8365083	2.5356345	3.9002123	2.7702174	3.7784617	4.6519713	3.3209047	3.3925493	4.0377917	3.846141	3.733852
GLUL_32832	6.5662484	6.8458633	5.840355	7.055861	6.969612	6.636349	6.59274	6.8766727	7.0634384	6.4483852	6.2533665	6.2229366	7.0805125	6.957479	6.700421	6.323934	6.8567324	6.679074	6.9011493	7.166336	6.2969375	6.4490805	6.5225224	6.6889005	6.2422833	6.7190804	6.4699135	6.8419046	6.6185794	6.690006	7.474294	6.6547017	7.829855	6.9423966	6.7305083	7.05423	7.308321	7.389119	6.7776837	7.0550075	6.7021446	6.95602	6.313221	5.9943395	7.2522607	6.5084205	7.871433	7.2849455	6.497205	6.6050606	7.017732
GLYAT_32740	5.410494	4.4455914	1.9183995	3.3697603	4.14394	4.6709857	2.0220141	1.9899611	4.047455	3.0196002	3.115025	5.0179405	5.7101226	3.2482674	5.948199	3.3220272	3.1725283	1.5083932	5.1342363	3.0622413	4.6561337	4.1766696	4.252953	3.5707264	5.702634	5.2545776	4.4767704	4.879149	2.406994	4.1732683	4.157063	0.77186805	1.6401663	3.1603029	4.3488812	2.1691005	2.6266706	3.0089254	2.778033	0.6542548	2.4405787	4.896752	2.0586884	3.9290164	2.0104735	1.5643196	3.8569224	2.9218345	2.762189	4.6488495	2.4077895
GLYAT_34103	7.0083604	7.163697	6.669257	6.7330275	7.004103	7.11399	6.6641607	6.3859296	6.6919537	6.6803703	6.3522096	6.408509	6.50087	6.855245	6.9672446	6.5079036	6.4699574	6.617156	6.985348	6.908256	6.989292	6.4012804	6.89522	6.965043	6.47754	6.4870296	6.8381786	7.1068816	6.144039	6.5149493	6.1862364	6.538729	7.3388996	6.9923263	7.0115366	6.0757713	6.310691	6.63945	6.836394	7.036209	7.5420127	6.8264713	6.9523764	6.6435075	6.7417374	7.571475	6.4009748	6.7800994	6.8179913	7.281292	6.9689703
GLYATL2_32403	3.4683857	3.4698832	2.8589911	3.4599617	3.335922	2.7713106	2.4022055	2.5249715	2.7331607	2.9263053	2.0551069	2.8891323	3.1312993	3.62484	4.0743294	2.2599542	2.399263	2.9569383	3.697336	3.4974551	3.6316473	3.0212092	3.949819	3.5707264	2.884577	2.7802737	3.2292056	4.5926595	2.406994	3.3471458	3.1578226	2.3909085	3.0101936	3.4732254	2.853671	2.5840793	3.5048723	3.6479805	2.9088483	3.0805616	3.7711594	2.6625395	3.7038848	3.0207527	2.6898494	3.812416	2.8921008	3.8233604	2.6186037	3.2776825	2.708643
GLYCTK_33141	4.358093	3.9532623	4.1440635	4.1969485	4.2626543	4.3384256	4.3205805	4.235235	4.274977	4.665346	4.144076	4.5502152	5.0288363	4.4294205	4.7766256	3.0189555	4.413313	4.2352924	4.198454	4.6590047	4.338317	4.3876204	4.8730197	4.164128	5.14887	4.4933076	4.096819	4.6491594	4.152537	4.7313266	4.196571	3.1345942	4.6434445	4.4067645	4.80682	3.9990063	3.7623768	5.205123	4.2651753	4.745298	5.1360044	4.1315517	3.772339	4.602197	3.9579048	4.113659	4.513486	4.846702	3.980205	4.95923	4.5328317
GM2A_32907	7.3956504	6.173724	5.1598887	6.267362	5.9460244	7.3944016	5.930867	6.0268197	6.3361697	5.2312317	5.7956967	7.389003	7.214149	5.902246	6.912947	5.5961013	6.071842	5.847442	7.25216	6.6790175	6.8358545	6.1056533	7.2088614	6.4702425	7.5649447	7.28144	7.1705475	6.9186068	5.5692406	7.3125563	6.5714827	5.5322757	6.4208984	6.0902305	6.592483	5.7268806	6.093558	5.760029	6.844589	5.8531594	5.460108	6.4313464	5.919392	7.220526	6.215393	5.7154636	6.9430614	6.8819566	5.440215	7.0819783	6.1894655
GMFG_32344	5.0207696	5.8504963	5.9739733	6.109099	5.629935	3.9605298	5.0901866	5.5475993	6.2584586	5.087805	4.9637046	4.5891457	5.271164	5.93603	5.3672004	4.990584	5.433592	5.4201593	5.3186493	6.2053857	4.614798	5.434171	4.6831694	5.9414935	4.7643704	4.5745316	4.251255	5.0356913	5.05648	5.105513	5.4785347	6.030791	5.4838705	5.8222513	5.3379383	5.2468953	5.819082	6.0663114	5.782265	5.8531594	6.5545964	5.3757043	5.8733835	4.816079	5.419613	6.091771	5.6009226	5.5104823	5.878786	4.8630033	6.114585
GNA11_8720	4.873696	4.3596587	3.111882	3.5448534	3.335922	4.968176	3.2588525	3.6199527	4.1656966	3.6054895	3.448644	4.929693	5.357741	4.279584	4.909336	3.100898	3.6114979	4.1378617	4.834698	4.740627	4.5283937	3.973751	4.902367	4.688581	5.2247305	4.860204	4.6348076	4.855332	3.2641406	5.1856456	4.2350254	3.537568	3.4435291	4.305072	4.7336545	3.2469792	3.0694053	4.338161	3.9375708	3.8275614	4.492514	4.4806437	3.837692	4.5632515	3.4186301	3.5959594	4.8390064	4.0942173	2.075009	4.201315	3.5183966
GNAI2_8724	5.7678885	6.1610785	4.25325	6.203515	5.195023	5.6756635	4.7723575	5.2870646	6.204224	5.4648113	4.61133	6.1979675	6.084801	5.4433146	6.265446	4.5400805	4.925664	4.8416686	6.0101514	6.709745	5.3280163	5.832857	5.964062	6.3254943	5.8694773	6.158618	5.715727	6.223456	4.7220135	5.968379	6.115856	4.7262454	5.0336547	5.707365	6.014976	4.391308	4.968852	5.760029	6.452619	6.1729584	5.4392233	6.25122	5.188244	6.079608	4.9107227	5.50358	6.1237392	5.83994	4.0377917	5.7688713	5.966314
GNAQ_33018	6.107735	5.9567504	5.613402	6.0666633	5.873255	5.931233	5.9595404	5.859658	6.1334314	5.6943684	5.5815125	5.966227	5.9658027	5.7958717	6.037915	5.2816105	5.3974643	6.114001	5.7622337	6.3424187	5.9925566	5.5112505	5.7385592	6.399683	5.8536353	5.523625	6.046291	5.8544264	5.718202	5.858587	5.8195076	5.368989	5.963324	5.707365	6.39309	5.208422	5.4312	5.981055	6.282072	6.0534053	6.0887685	5.961435	5.776716	5.872193	5.499065	5.697437	6.0417123	5.7643576	5.3746824	5.431345	5.9376383
GNAS_8728	8.893232	7.859283	7.437645	8.064875	7.781998	8.803443	7.786701	8.052738	8.099483	7.8036375	7.712389	8.41751	8.266351	7.7480116	8.671409	7.2889147	8.167154	7.7190948	8.408582	8.288885	8.119111	7.941785	8.831841	8.004113	8.746266	8.552149	8.549847	8.362531	7.4394374	8.262547	7.8444176	7.11851	7.59203	7.6086125	8.211897	7.466552	7.605331	8.299344	7.838299	8.07128	7.9709644	8.022974	7.3552294	8.327399	7.592814	7.648557	7.925799	8.200116	7.494349	8.501041	7.856183
GNB1_8730	3.6955848	3.200062	2.3701787	3.6250265	2.2602103	3.4470994	0.689121	3.023864	3.9186504	2.719398	2.2036915	3.7883198	4.286138	1.6441145	3.8938673	2.2599542	2.6654315	2.0267587	3.9968476	3.2961977	3.3587008	1.9438806	3.7704499	3.6423242	3.9713368	3.5154157	3.8612514	3.3441162	2.1515164	4.006783	3.3096738	2.5734606	3.0101936	3.1603029	3.8226066	1.8065978	1.9846656	2.7587066	2.778033	3.0805616	3.4754093	3.5438585	2.0586884	3.7323904	2.5476058	2.0916321	3.65103	3.3925493	2.762189	3.5490766	3.3545144
GNB2L1_8731	9.11082	9.143329	8.467868	8.535857	8.934372	9.076878	8.744828	8.750838	9.080007	9.089771	9.101182	9.175881	9.127438	8.845869	9.351657	8.605297	9.15791	8.961496	9.183995	9.14386	8.978715	8.793666	9.351367	9.117347	9.285785	8.948559	9.179145	9.417365	8.535728	9.102274	8.879708	8.605132	8.604071	8.647084	9.13328	8.846	8.5427685	8.955353	9.2411375	9.169801	9.163785	9.1147995	8.745012	9.071268	8.62715	9.276554	8.882163	9.150198	8.830942	9.217081	8.974492
GNB5_8733	2.5931726	2.737684	2.3701787	3.0594068	2.6569214	2.1687598	2.2245977	1.9899611	3.4443936	1.3353969	2.2036915	3.6478724	2.6721666	1.9388802	1.8643311	2.7408507	3.0843768	2.2295449	2.675235	3.1839569	2.3986237	2.2619886	2.8119028	2.6873035	3.2172866	2.4764907	2.462306	2.7617311	2.5195544	2.0966876	2.7956865	2.7354863	1.9345882	3.5640745	2.3652024	2.8064463	2.2317815	2.8892338	3.0287817	2.7523265	1.1797101	2.2424579	2.2628205	2.2872965	2.2125611	1.5643196	2.617958	1.6747757	3.1230586	1.8782536	2.2300112
GNGT2_33125	2.0518599	2.8678937	2.1619017	3.0594068	3.223322	1.1146706	2.0220141	2.3676975	4.047455	1.823375	1.70226	0.0	1.9947519	3.62484	1.8643311	1.7521499	2.399263	2.2295449	2.675235	2.6198554	2.3986237	2.1116846	1.488839	2.2101986	2.0677924	1.5639434	1.1946218	1.9601587	1.8408495	1.8567106	2.7956865	1.2719984	3.0101936	2.7601511	2.7084813	1.9992051	2.4426951	2.455791	3.0287817	2.6239195	3.9589443	1.8741015	2.99374	2.4668374	2.8193185	3.5159345	2.7615314	2.6126575	3.0125036	1.2253668	3.067424
GNL3_8735	6.8521113	7.0788417	7.278839	7.289061	7.3904867	7.1792502	6.76507	7.5925183	7.57706	6.8359623	6.236213	6.592201	6.745277	7.2199492	6.4068675	7.2309513	6.6724935	7.976767	6.9011493	7.7479467	7.0602956	7.0901237	6.733175	7.669092	6.37028	6.6173315	7.1379137	7.5281143	7.164423	6.483591	7.7413287	7.6677437	8.014414	7.520611	7.819627	7.256335	6.7773647	7.769886	7.07102	8.245049	8.485631	7.2768626	7.6517396	7.136792	7.286255	8.196243	7.17878	7.5214024	6.9513383	6.79957	7.511695
GOLT1B_8738	1.8143951	2.435626	2.552146	1.8748931	2.011671	1.9685107	2.0220141	1.7560883	1.9352914	1.0112327	2.0551069	2.455695	2.5302608	1.9388802	1.5756721	1.7521499	1.8765994	1.5083932	1.483266	2.4360592	1.9443585	2.2619886	1.769281	2.008209	2.7541187	2.4764907	1.8390311	0.567391	2.284903	1.8567106	1.3137702	1.9373132	1.6401663	1.9587818	2.5470278	1.8065978	1.6862907	2.7587066	1.2029109	2.8702326	2.8731365	1.8741015	2.2628205	1.8430203	1.4944088	2.6368403	2.7615314	1.2997124	2.075009	2.1194797	2.2300112
GOT1_8739	7.7977047	7.4759736	7.6168976	7.3433948	7.7106943	7.8852205	6.820831	7.6619163	7.221965	7.130742	7.3867493	7.6914277	8.610667	7.1352315	7.808409	6.6439652	8.032296	8.045542	8.5786	7.979923	7.806763	6.795704	8.546	7.0726295	8.142484	7.9889956	7.4243546	7.8477244	7.6332784	7.759181	7.3614993	6.6445355	7.732688	7.2670565	8.412749	7.6062756	6.7076325	8.649429	6.9006896	7.9358497	7.7428493	8.161048	7.4153323	7.9128904	6.995691	7.9174185	7.549066	7.975552	6.401737	8.476862	7.646266
GPATCH4_8740	2.98588	2.987318	2.1619017	2.3223944	2.6569214	2.1687598	2.0220141	1.4768263	3.0110276	1.823375	1.4871172	1.8332136	2.372859	2.7372885	2.7953992	2.109709	2.072621	2.5655518	3.4029472	3.9040134	1.9443585	2.1116846	3.4902585	2.008209	3.4029047	2.7802737	2.462306	2.2793913	2.004529	2.3023815	2.4482956	1.6426728	3.0101936	2.9062183	3.3214288	1.5842559	1.6862907	3.0089254	1.8496284	3.8275614	3.555222	2.0700042	2.8742359	2.6264875	1.1451283	3.671778	3.122376	3.0546732	2.4591324	4.034631	2.5660443
GPD1_32517	8.185362	7.5310664	6.8099465	6.9114704	7.0294414	8.231327	7.077819	7.4817295	7.4312186	6.701642	7.755164	8.104719	8.2437935	7.2335978	8.103303	6.5302587	7.4791856	7.4565873	8.091519	7.738044	7.91289	7.191967	8.437413	6.922536	8.503919	8.34783	7.9938054	8.410309	7.300618	7.8064127	7.3787766	6.8793883	7.2141786	7.0085926	7.7517643	7.1282306	7.2393956	7.876026	7.4497423	8.298614	7.2378273	7.4886765	6.685766	7.8209543	6.9680324	7.820809	7.408867	7.866821	7.073396	7.9260287	7.285752
GPLD1_8743	7.5777507	6.0693126	5.073195	5.866822	6.081399	7.453152	5.82577	5.372352	5.8093834	5.6943684	5.7956967	7.200732	7.0483336	5.4666176	7.305049	5.1337223	5.9017324	6.06183	7.3185863	6.381113	6.6437283	5.8086314	7.5335345	6.4504323	7.3275285	7.206972	6.9017606	6.9012647	5.515961	6.829568	6.2811728	5.127592	5.73389	5.5383997	6.571641	5.227787	5.4798193	6.295468	6.3295584	6.518234	5.6896486	6.2410874	5.1110473	6.915003	5.574369	6.0064917	6.238647	6.4709907	5.4614143	7.045908	5.614353
GPX1_33050	8.410163	6.1986876	4.0259314	5.5551596	4.204518	7.607688	4.60095	4.884291	6.5898933	4.6064157	4.4421306	8.202113	8.039603	5.4433146	8.017682	2.8396301	4.7361727	3.4382432	8.049761	7.286713	7.5568876	5.654057	7.907356	7.277651	8.47055	8.474916	7.782043	8.018294	3.657633	8.262547	6.378858	4.1103654	4.1068897	4.305072	6.7584424	3.458468	3.9808064	4.0339556	6.3755317	4.1869826	3.8365083	6.899158	4.366648	7.5982494	3.4981349	4.493851	7.099909	6.4590545	4.3870535	7.434229	5.501328
GPX4_32827	5.609557	7.63988	7.4434175	7.5577245	7.5331254	6.315933	7.460399	7.1784906	7.352369	7.339652	7.277805	5.9211674	6.402472	7.6496344	6.814831	7.5149794	7.474858	7.324441	5.4229803	7.535684	6.6942115	7.0901237	6.6663175	7.277651	5.342922	5.5837183	5.309811	6.708682	7.1816325	6.191795	6.679997	7.7647963	7.633637	7.7313013	6.9320054	6.929686	7.726128	8.154355	7.3028255	8.058915	8.214723	7.034389	7.5675607	5.5916724	7.163597	8.451484	6.7839756	7.298405	7.5743647	6.2080708	7.5213895
GPX7_33289	2.2557068	2.737684	2.3701787	2.663456	2.011671	2.5012665	2.951459	3.023864	2.5711837	2.6036353	1.8894439	1.8332136	2.8013556	3.1364734	2.6512198	3.0189555	3.1725283	3.066902	2.375796	2.6198554	1.9443585	3.4549482	2.3827975	2.38735	3.2172866	2.2966683	2.077968	2.4159133	2.284903	1.5686922	2.7956865	2.3909085	2.570392	3.6495402	2.5470278	2.3210802	3.5048723	2.7587066	3.0287817	1.9519659	3.7027097	2.2424579	2.7439313	2.0821931	2.6898494	3.5959594	3.122376	2.6126575	3.0125036	2.506785	4.0871205
GRB14_32726	3.764007	2.8678937	2.8589911	2.663456	3.5377576	3.4470994	1.7862632	2.6667733	2.5711837	3.0196002	2.0551069	3.9162993	2.919921	2.7372885	3.1575243	2.2599542	2.399263	2.7081409	3.1345234	2.2253819	2.7435865	2.2619886	3.2374017	3.9550858	3.4874642	3.743284	3.4996274	3.651246	2.5195544	3.251095	2.4482956	2.7354863	2.7323515	2.9062183	2.9855762	1.9992051	2.7898166	3.119443	2.2945795	3.0805616	3.1029732	3.5438585	2.8742359	3.8664052	3.2451313	2.476957	3.4953897	2.7755125	1.5499562	3.4641607	2.708643
GRN_8752	4.2187696	4.0660863	2.8589911	4.0302944	3.1011837	2.7713106	2.951459	3.2206914	4.6443586	3.189834	2.3383918	4.0338454	4.5293536	4.170284	4.5914803	1.7521499	2.9904869	2.9569383	4.0499516	4.480447	3.8610783	4.058373	3.8924718	4.878458	3.8488257	4.4072366	3.5795677	4.4085307	2.8983095	3.7499197	4.2724814	2.5734606	2.8779507	3.038847	4.616441	2.905972	3.1911995	3.49237	4.8249087	3.6410902	3.8365083	4.174781	3.4765677	4.482056	3.1498733	3.142335	4.1971946	3.4896183	3.321599	3.5490766	4.454031
GSK3B_8754	3.6955848	2.435626	1.2570211	3.1704433	2.2602103	3.4470994	2.2245977	3.309873	3.3476372	1.59992	2.0551069	3.4076753	2.8013556	2.5752249	3.0466177	1.275699	2.5384767	2.4073083	3.8843899	3.1839569	3.3587008	2.3981004	3.4902585	3.0452297	2.884577	3.340682	3.1264923	3.5361161	2.004529	3.437199	2.9880874	1.6426728	3.0101936	2.7601511	2.853671	2.3210802	2.4426951	3.719913	3.5930324	2.6239195	2.7428484	3.4055345	1.8208362	3.4200125	2.2125611	3.031582	3.122376	2.4290519	1.1924393	3.4641607	3.7990685
GSR_8755	3.8918242	1.8155732	2.1619017	2.3223944	0.8140356	3.1950624	2.5603254	0.6730612	1.2703954	1.59992	2.4615827	3.9762692	2.5302608	1.6441145	3.1575243	2.3960178	2.072621	2.2295449	4.198454	2.2253819	2.889376	2.2619886	3.0402825	3.2424362	3.8488257	3.5154157	3.4996274	3.474912	1.1960433	3.251095	2.6889215	1.9373132	1.2698381	1.9587818	2.5470278	1.3212922	1.3096737	3.2220936	3.0287817	2.3267155	2.0577211	3.1694758	0.7077145	3.0207527	2.2125611	0.0	2.279205	2.7755125	1.1924393	2.6673462	2.838406
GSTA2_8756	9.1173725	8.546737	8.69775	9.652232	9.322147	9.354956	9.697063	9.397706	8.565231	9.746014	9.404464	8.721174	9.007032	9.32212	10.0454	8.854486	9.4413	8.736618	10.06273	9.541276	8.6146345	8.462105	9.256541	8.521075	8.935	9.395366	8.605804	8.918282	9.667297	9.544781	8.580738	9.18448	8.56159	9.19576	8.287337	8.898299	9.274171	9.454255	8.373811	8.570932	9.005861	9.6970415	9.970651	8.994667	9.343946	9.573209	8.87823	10.387238	9.454374	9.149	9.02648
GSTA3_33275	3.8293307	3.2957203	2.1619017	2.1159258	2.8206856	4.2962584	2.2245977	2.5249715	3.7772083	3.189834	3.0379322	4.2915974	3.6258323	3.1364734	4.2844353	2.2599542	3.6732368	2.2295449	3.9417143	3.9731874	3.3587008	1.7539579	3.949819	3.897724	3.4874642	3.340682	4.041434	4.948328	1.4443876	4.0644393	3.1578226	2.1818647	2.570392	2.204507	2.853671	2.5840793	3.4077	2.7587066	3.0287817	2.9792266	3.4754093	3.331059	2.8742359	3.504673	2.3897877	1.8519349	2.279205	3.3925493	3.8576405	3.7774107	2.5660443
GSTA4_8757	6.4041924	7.2498217	6.913386	7.26424	7.0377893	6.7733026	6.723879	6.905574	6.859231	6.1200867	5.8864493	6.5533543	6.988538	7.3064394	7.105084	6.749361	6.304235	6.7631583	7.146408	7.195577	6.6742296	6.576499	5.950077	6.9927015	6.6707454	6.7716966	6.394561	6.583801	6.52729	6.7959228	6.813047	7.0737514	6.935173	7.5652823	5.9678993	6.4827676	7.315036	7.389119	6.8527384	6.8762956	7.456257	6.6462383	7.4259963	6.454253	7.132789	7.7828445	6.800697	6.960256	7.010065	6.5339246	7.024565
GSTM2_8759	7.2541456	6.805805	7.085676	6.846068	7.2175593	7.31215	7.038042	7.242188	6.089226	7.104364	6.758827	6.7972965	7.248545	7.156882	6.944224	6.967108	7.417385	7.1227736	7.313166	6.689333	6.939937	6.274355	7.4614234	5.9272313	7.6772127	7.066621	6.8861256	7.0711412	6.9094367	6.9182405	6.7212157	7.043122	7.2278266	7.132515	6.623192	6.9237614	7.503192	8.248567	6.364175	7.841555	7.0915775	6.509407	7.220835	6.662058	7.3941092	7.7871127	6.994841	6.9854393	7.296225	7.347985	6.8040185
GSTM7_8761	4.009233	3.200062	2.8589911	2.8078547	3.335922	4.3793955	3.3483052	3.7531235	3.243922	3.6054895	3.563121	4.0892115	4.4915595	3.854183	3.6116695	2.8396301	3.7893128	3.7333038	5.058514	3.400333	3.8610783	2.5224707	3.949819	2.2101986	4.238611	4.5745316	3.4996274	5.532725	3.657633	3.7499197	3.5724802	2.1818647	3.4435291	3.1603029	3.7502577	2.6995428	3.4077	4.929807	3.6688373	4.919528	4.2740407	3.1694758	2.99374	3.8009534	3.1498733	5.0431056	3.9195037	3.176305	3.7236884	4.5697665	3.9212723
GSTP1_8762	3.3839397	3.9532623	3.2234385	3.9074347	3.4403665	3.4470994	3.587535	3.023864	3.6203768	1.3353969	2.6802902	3.2219887	2.6721666	3.923187	2.9264696	3.3220272	3.2556021	3.1690745	2.9230795	4.102316	2.889376	2.9343114	1.488839	3.6423242	3.8488257	2.2966683	2.462306	3.5948293	2.7213259	2.3023815	3.5724802	3.013425	3.0101936	2.7601511	2.9855762	1.9992051	3.1911995	4.0339556	3.0287817	3.8847218	4.1764603	2.7791781	4.0176687	2.6264875	3.3344872	3.5159345	3.2250526	4.26847	2.762189	2.9431233	3.5183966
GSTZ1_8764	8.973084	8.972919	8.224768	8.73642	8.776225	9.277147	8.611156	8.675232	8.772788	8.46733	8.405633	9.158191	9.217011	8.821223	8.971911	8.084778	8.419929	8.442308	9.306346	9.130673	9.131247	8.899246	9.005857	9.208625	8.966645	9.049676	8.801861	9.2821045	8.262056	8.674868	8.591892	8.216425	8.486939	8.654857	8.708398	8.341018	8.534162	8.701439	8.934468	9.080876	8.713622	8.732624	8.342398	8.862559	8.303923	8.956723	8.569806	8.879485	8.553402	9.149	8.583733
GTF2E2_8766	3.1985953	3.4698832	2.713711	3.4599617	3.8724551	4.1618156	3.659207	3.6199527	3.9844897	3.5440083	3.563121	4.3380494	4.097743	2.8829715	4.0743294	2.7408507	3.9475968	3.5933034	3.8843899	3.9040134	3.8610783	3.51607	4.716597	3.7756684	3.9713368	3.4306927	3.65531	4.234818	3.0559347	3.251095	3.447053	3.013425	3.0101936	3.2723231	4.080398	2.3210802	2.7898166	3.8538375	3.8749332	3.7059622	4.646217	4.2575374	3.2066107	3.9890227	3.4981349	2.297121	3.9794827	3.3925493	4.0377917	4.0923586	3.4387813
GTPBP8_8770	3.8918242	4.3146935	4.9488516	3.9074347	4.7428775	3.8482714	4.181454	4.1889644	4.4247885	3.4125795	4.1804013	3.9762692	4.0465326	4.8395705	3.0466177	3.881458	3.896741	4.7784185	4.1011696	4.432127	4.4831705	4.0988927	4.058097	4.010254	3.4874642	4.1131234	4.299267	4.1195726	4.3173184	3.602016	4.478839	4.0500264	4.4238806	4.1376824	4.5751534	3.9059012	4.534984	5.1279006	4.3597	4.863757	5.000007	3.6700726	4.4937305	3.8664052	4.214827	4.218504	4.1457686	4.608145	4.631086	3.7052414	4.454031
GULO_8772	7.46409	7.455406	6.7176943	7.521526	7.2248893	7.703565	7.250188	7.472101	7.31447	6.7500896	7.3353205	7.116628	7.629658	7.4478054	7.6980624	6.7556996	6.9900746	7.1227736	7.725934	7.535684	7.300825	7.154012	7.3486795	6.9439464	7.5938416	7.510269	7.0703444	6.94141	6.668263	7.650427	7.2718678	7.0275598	7.5327883	7.3713684	7.151539	7.2132664	7.50906	7.4538345	7.3668175	7.300565	7.137678	7.2004786	7.0382853	7.28777	7.2056527	6.6834683	7.794212	7.2576423	7.3986855	7.636958	7.5310197
GXYLT1_32793	2.98588	0.0	1.6252826	2.1159258	0.8140356	2.5012665	2.2245977	1.1302094	2.7331607	1.0112327	0.92724514	2.2764814	2.5302608	2.1835182	2.4910152	0.5594628	1.3803144	1.1570135	3.4029472	3.1839569	1.9443585	0.9628306	2.3827975	2.9355001	2.2723026	2.911122	1.8390311	2.7617311	0.5163865	2.482375	2.895092	1.6426728	0.7703406	0.0	2.7084813	1.3212922	1.3096737	1.1901431	1.8496284	1.4443535	2.4405787	1.6473541	0.7077145	2.2872965	1.4944088	1.5643196	2.4585013	1.2997124	0.0	2.1194797	2.708643
H2AFZ_33045	4.4440207	4.8119817	4.1996894	4.0302944	4.8223433	4.5684204	4.636899	4.365758	5.0954394	4.802931	5.0643263	4.3830523	4.1471977	4.225969	4.1832037	4.2835584	5.503241	4.712268	4.0499516	4.6590047	4.6561337	4.6001325	4.8124704	4.5465183	4.2865996	4.7939124	4.8434935	5.2699165	4.152537	4.5413523	4.30899	4.872788	4.1647973	4.077273	4.9428797	3.9990063	4.046838	4.989234	5.096006	4.863757	4.365437	4.817136	4.61052	4.2564993	4.306021	4.6519713	4.386319	4.6507454	4.7391872	4.60985	4.570675
HAAO_8774	4.4016967	4.3146935	4.0862064	3.9701722	4.6148157	4.208036	4.364126	4.1411605	3.9844897	4.4476104	4.7627525	4.7351427	5.002205	3.7054071	4.5102134	3.834324	4.975528	4.5322647	4.740924	4.102316	4.2866096	3.973751	4.3835616	3.7756684	4.830612	4.7939124	4.1501555	4.948328	4.0809665	4.1732683	3.79471	4.1103654	4.0465603	3.9482906	4.5751534	3.9059012	3.5048723	4.929807	3.9375708	4.5470986	4.4090514	4.445774	4.4526014	4.3960176	4.586254	4.794461	4.0370674	4.2126923	3.7922184	4.5697665	4.1879597
HACL1_8775	4.117802	2.8678937	2.713711	1.5853512	2.472159	3.2840576	1.7862632	2.6667733	2.1797314	2.0168164	1.8894439	2.2764814	2.372859	1.2732412	2.9264696	2.2599542	2.072621	2.5655518	4.740924	3.400333	3.2548962	1.9438806	4.0049734	3.7105362	3.2172866	2.911122	3.5795677	4.3754215	1.4443876	3.0373778	2.5736196	2.5734606	3.1313257	2.4144073	2.9855762	1.3212922	1.9846656	3.119443	1.5622083	2.9792266	3.555222	3.4055345	1.1804214	2.9009168	1.1451283	4.575076	2.279205	2.2186248	2.6186037	3.0634718	2.5660443
HADH_8776	6.6040697	5.534806	5.1026754	5.8164897	5.854474	6.4850183	5.494597	5.529146	6.1478705	5.576495	5.7113175	6.513432	6.679567	5.758596	6.644392	5.6240854	5.3415184	5.735333	6.542024	6.21969	6.799422	5.4809113	6.7654767	6.1400623	6.7152586	6.4444485	6.326684	7.5542393	5.164296	6.829568	5.8195076	5.2666516	5.389877	5.746686	6.060565	5.1282535	5.7807875	6.611356	5.865167	7.0735636	6.8676014	5.9490376	5.375934	6.44357	4.657249	6.7106843	5.878028	5.663946	5.830722	6.380178	5.966314
HADHB_8777	8.276015	7.1186266	5.7123384	6.943093	6.437425	8.310255	6.081953	6.301465	7.144878	6.545699	6.0426044	7.5055146	7.439295	6.6967645	7.8788967	6.3906174	6.0252514	6.2484426	7.4279456	7.14401	7.7021065	6.3602	8.064899	7.625589	7.8062773	7.6099653	7.8440504	9.395857	6.1352324	8.01819	6.748055	6.2875323	6.2968974	6.441255	7.206651	5.713206	6.1843686	7.5005345	7.2107215	8.178031	8.211647	7.236628	6.205934	7.636274	6.155348	8.446095	7.051828	7.298405	6.3571906	8.036768	6.8813415
HAO2_8778	8.477934	8.652161	9.215624	9.479689	9.186065	8.883947	9.632868	8.940823	8.8321085	9.070824	9.305149	8.007475	8.639034	9.390727	8.742075	8.916618	9.235424	9.513682	8.7548685	9.173555	8.747268	8.611366	9.150463	8.2673435	9.135022	8.770405	8.265595	8.583391	9.795795	8.240829	9.470213	9.603278	9.55968	9.665942	9.10998	9.082421	9.123575	9.830363	8.307173	9.479099	9.450083	9.175918	9.140986	8.67436	9.270842	8.762327	9.025981	9.272885	9.016046	8.659824	8.724675
HAT1_8780	3.4683857	3.4698832	2.9909706	3.5448534	2.6569214	3.3678806	2.5603254	3.4732275	4.1077867	2.4777672	2.2036915	3.4922628	3.8809977	3.781712	4.1297936	3.513724	3.896741	3.2644873	3.4029472	4.039196	3.3587008	3.254318	3.326703	3.1471999	3.2172866	3.743284	3.7272735	4.3754215	2.8983095	3.6778624	3.6313283	4.168281	3.1313257	3.7302246	3.7502577	2.5840793	3.5048723	4.338161	3.5130224	3.4268885	4.226075	3.7292666	3.104098	3.9890227	3.2451313	3.5159345	3.7229755	3.7468808	2.762189	3.2776825	3.5183966
HBA2_32600	8.428724	8.46164	7.9281216	8.466827	6.960859	7.7075925	7.166576	7.917392	9.467289	8.077578	7.648994	7.7866154	8.052639	8.545665	8.219708	7.647	7.7028913	7.2794633	7.2061133	9.076689	7.7882905	7.8107014	7.4515305	8.788987	7.854835	7.716697	7.8113117	8.215933	7.0043774	7.6921763	8.525574	7.70246	7.6181746	8.292571	8.194962	6.69939	7.588802	8.649429	8.706157	8.209135	7.996207	7.9961114	8.299549	7.2636786	7.6933603	7.8819437	8.393635	8.394388	7.807451	8.2259655	7.813419
HBB_8782	10.345509	10.282947	9.400566	10.226593	8.386181	9.561541	8.655644	9.252002	11.419274	10.044031	9.452599	9.7921715	10.075953	10.093852	10.153054	8.902406	9.707866	8.566855	9.16907	10.80804	9.647796	9.544996	9.518235	10.628028	9.88856	9.818577	9.737371	10.293739	8.284134	9.633172	10.467177	9.417256	9.005692	9.6646595	10.229189	8.349882	9.410522	10.082258	10.669946	9.617263	9.744189	10.04889	9.912121	9.203788	8.945248	9.336022	10.483327	10.322834	8.987102	10.282484	9.697539
HCK_8783	2.0518599	2.257008	1.6252826	2.9391065	2.011671	0.6624132	0.0	1.7560883	2.8787735	1.59992	0.92724514	1.5471903	3.1312993	1.9388802	3.0466177	0.96157944	1.6496927	1.1570135	2.375796	3.4974551	1.9443585	1.9438806	2.2057867	2.6873035	3.1146789	2.2966683	1.1946218	2.5406258	2.004529	2.0966876	2.895092	0.0	1.6401663	0.7839461	1.9138626	0.0	1.3096737	1.8332981	2.0891902	0.0	2.7428484	2.2424579	1.1804214	2.7702174	1.1451283	2.7807593	2.279205	2.2186248	1.8362379	0.7390483	2.838406
HDAC2_8785	6.6679606	6.8693748	6.6790757	7.5057297	6.3327594	7.62908	6.9550395	7.05494	7.680001	6.886374	6.9810324	6.7116823	6.171013	6.8463893	7.243521	6.4698577	6.4258	6.746729	7.589112	8.179714	7.7168326	6.554816	7.136609	7.266364	7.7215295	7.2692924	7.703935	7.7860713	6.2780876	7.664478	7.7279086	7.258406	7.0776463	7.0326533	7.595351	6.425217	6.6343584	7.8116384	7.4763575	7.6363487	7.7213855	7.2109	6.907424	6.843664	6.1054444	7.1155024	7.0657296	7.1354704	6.557512	7.2435713	7.0039673
HDAC6_8786	2.736285	2.435626	1.2570211	2.3223944	0.0	3.1002145	0.689121	2.1911569	1.640813	2.0168164	1.2341714	2.0718052	2.919921	2.5752249	3.0466177	0.5594628	1.0488179	1.1570135	3.6291769	2.2253819	3.0217755	1.7539579	3.1422062	1.773262	3.4874642	3.141831	2.765496	3.5361161	1.4443876	3.3471458	1.7976378	1.2719984	0.0	1.6624343	1.6211139	0.58460927	0.79861236	2.6151845	2.0891902	1.1027291	2.0577211	2.3964808	2.0586884	3.2341504	1.1451283	1.8519349	2.279205	2.2186248	1.1924393	3.2776825	0.6917391
HEATR1_8791	3.294242	3.8933594	3.7559724	2.663456	3.4403665	3.522194	3.0613632	3.7531235	2.7331607	3.2679667	3.3878083	3.5721645	3.6258323	3.0152833	3.7596574	3.178435	3.546998	3.7985182	3.1345234	3.7548423	3.2548962	2.9343114	3.0402825	3.9550858	2.7541187	3.0310833	4.041434	3.9500241	2.004529	3.0373778	3.379998	1.9373132	3.2430704	3.5640745	3.8226066	1.8065978	4.046838	3.916409	3.9976015	3.5731628	3.1029732	2.3964808	3.104098	3.504673	2.5476058	4.113659	3.4953897	3.4896183	3.321599	2.3260906	3.2650185
HEBP1_8792	6.649993	6.448072	5.840355	6.0666633	5.9982896	6.0753393	6.094935	6.2795525	6.6108913	6.191995	6.4068875	6.6393337	6.5840325	5.7773542	6.8890367	5.967714	6.5043354	6.16435	6.9083567	6.8450727	6.270563	6.274355	6.2185802	6.378873	6.48784	6.5685983	6.372288	6.6682444	6.0627766	6.5045724	6.008956	5.830125	6.058047	6.0593314	6.4049206	5.8569393	5.8000617	6.65788	6.452619	6.696421	6.6302557	6.5994124	5.9042187	6.185985	5.9444575	6.950264	6.238647	6.585216	6.5376883	6.544304	6.4753737
HELLS_32936	5.817026	5.5734925	3.7559724	4.6823845	4.014574	5.8015833	4.2293363	4.5232325	5.237227	4.9042687	4.1804013	5.9955034	6.097437	5.0392876	6.202168	4.055957	4.483924	4.4123907	5.9693837	5.829861	5.0772285	4.708847	5.9072895	5.4166703	5.8694773	5.915293	5.6616545	5.9361706	4.3173184	6.2300897	5.1365104	4.5631175	4.3756533	4.9688754	5.4334445	4.168924	5.274664	4.5103173	5.4795613	5.170004	5.1098113	5.675697	4.943035	5.192965	4.820807	5.373388	6.0833087	5.1732535	4.1464963	5.619805	5.1726503
HERC6_8794	1.8143951	1.5310675	1.2570211	2.9391065	2.2602103	2.6425977	1.153547	2.3676975	2.3886938	0.0	0.92724514	2.7586064	3.8213115	2.7372885	1.5756721	0.96157944	0.6176906	0.6915133	1.9974787	1.3048255	0.775823	0.9628306	2.6825488	1.4924659	1.1871207	2.911122	2.8961248	3.1225834	0.8958736	0.7272255	3.1578226	1.9373132	1.2698381	0.0	3.3214288	1.3212922	0.0	1.8332981	1.5622083	2.6239195	0.0	2.5356345	0.7077145	2.6264875	0.6833182	1.2047167	2.8921008	2.4290519	1.1924393	1.588432	1.7911546
HERPUD1_8795	7.6245065	7.085549	6.1953654	7.26424	7.0625477	8.908648	6.655424	6.933907	7.389297	6.880168	6.4297013	8.16394	8.260744	6.7065845	8.184125	5.978593	6.7389646	7.4515276	6.8719544	7.66675	7.626132	6.9025717	7.9145756	7.744238	8.328772	7.49991	7.94936	8.293311	7.014017	7.4378266	7.529483	6.448116	6.9842443	7.0326533	8.271269	6.8998156	7.449276	8.239418	6.8608418	8.329823	7.7723727	6.7782335	6.2900596	8.206232	6.782005	6.9952273	7.8595114	7.0264587	6.412662	7.5365543	6.843198
HEXA_8797	6.0125084	5.647887	4.6625075	5.2100205	5.164852	5.6920176	4.706218	5.0487785	4.904565	5.0660996	5.102689	6.066196	5.880642	4.9092603	6.0086255	4.2480316	5.2833147	4.9886317	5.6634603	5.7133894	5.4967923	4.8813667	6.0583363	5.677477	5.7375817	5.660136	5.9291153	6.2047286	4.520345	5.739745	4.819748	3.8522093	4.79782	3.9482906	5.0672064	4.881619	4.708216	5.616645	5.6198635	5.363388	5.4806943	5.067034	4.2752476	5.9497375	4.586254	4.614036	5.3961062	5.14373	4.593174	5.9670496	4.902835
HGD_8799	8.9103155	8.259975	6.5566006	7.2132783	8.156316	8.633922	6.9479017	7.7402124	7.830803	6.8987064	7.484413	8.498986	9.22279	7.247118	8.487254	7.184724	6.602811	7.1604724	8.722523	8.205098	8.4213915	7.572522	8.195111	7.9345145	8.698286	8.159935	8.213302	8.489808	6.8886275	8.193162	7.5410395	7.190153	7.047179	8.295888	8.055564	7.981938	8.000577	7.726889	7.4763575	6.8692317	7.44058	8.254683	7.548168	7.7748237	7.0295343	7.833245	8.0844345	8.064895	7.735313	8.129304	7.825208
HGF_32812	5.848879	6.6695905	5.1876664	6.7056336	6.372904	5.9853153	5.745718	6.188416	6.397877	6.1095147	5.2805457	5.34806	6.0331206	6.473405	6.5253515	5.900657	5.536844	6.0077024	6.0497994	6.9170604	5.765866	6.0550656	5.1426578	6.7140417	5.53396	5.5837183	4.9969473	5.423585	5.403109	5.685655	6.686949	5.847955	6.3477836	6.5999713	6.3199925	5.8318486	6.061971	6.4620404	6.294091	6.4345717	6.8359933	6.3860817	6.021362	5.5524373	6.215393	6.5289526	6.378874	6.346937	6.214652	5.385898	6.747316
HIBADH_32345	5.344994	5.4332905	4.1996894	5.0449595	4.7831573	5.816578	4.982539	4.630994	4.8348827	4.879594	4.8997808	5.2298574	5.3151016	4.7663426	5.6587424	4.3851724	5.047234	4.8722835	5.9274297	5.152088	5.378286	4.5425406	5.8780427	5.552959	5.409452	5.4175487	5.212871	5.878258	4.4651933	5.424551	4.7942214	4.5192814	4.760747	4.7541404	5.478927	4.391308	4.580281	5.616645	5.0400114	5.5516458	4.9418035	4.9722033	4.177663	5.7033544	4.4727483	5.835711	5.417947	5.258363	5.2090974	5.7147603	5.016884
HIF1A_8801	6.828342	6.519161	6.0210533	6.6963854	6.4624467	6.6861835	6.417811	6.29055	6.8504295	6.3530197	5.783941	6.805585	7.002042	6.166956	7.0048137	5.447408	6.192713	6.316816	6.772772	7.0669904	6.973027	6.3849883	6.741318	6.841196	7.0776997	6.8224616	6.970093	6.980468	5.787286	6.9943795	6.7809167	6.1215434	6.3602295	6.45319	7.1087775	5.9296947	5.874682	6.3866925	6.74303	6.4345717	6.3460236	6.699014	6.1935053	6.794067	6.053753	5.819134	6.605148	6.711325	5.8944583	6.9398327	6.7054048
HIST1H2BCL1_32672	5.2043357	5.8024487	5.7868752	6.0376635	6.1902523	5.120941	6.32169	6.103657	6.0589848	5.591767	5.686274	4.5102053	4.1471977	6.2764993	4.630459	6.637115	5.7946897	6.305643	4.150632	5.6085877	4.5283937	5.434171	4.252953	5.2661505	3.7834342	4.4933076	4.77723	4.992671	5.885079	4.2247515	5.308648	6.388449	5.8793416	6.221627	4.9428797	5.458396	6.825187	7.274359	5.638838	6.7589045	7.2010813	5.4479666	6.021362	4.8808637	5.7792277	6.57904	5.728748	4.9181933	6.476529	3.629271	5.8480244
HIST1H2BF_33070	7.5440965	7.2196493	7.040691	7.2326	7.253843	6.960446	6.9832406	7.1725583	7.7573714	6.75688	6.5103946	6.909214	6.988538	7.853428	7.2746134	7.244536	6.9153943	6.895733	7.2967825	7.879895	7.0832076	7.0127096	6.3837523	7.543816	7.137802	7.161689	7.1179733	7.2643833	6.493234	7.2393465	6.8002806	7.416122	7.031701	7.4568377	6.9959774	6.69939	7.7311573	7.9338865	7.645382	8.086587	7.9077563	7.236628	7.2269464	7.004945	6.9680324	7.791368	7.4412208	6.6177917	7.5248775	6.5546093	7.4822135
HIST1H4A_32934	6.3606653	7.347928	6.845257	7.2067795	7.0377893	5.7081885	6.107801	7.048476	6.8055983	6.270014	6.287072	6.2595987	6.5929837	7.4122415	6.429147	6.7237253	6.843366	6.7631583	6.3855557	7.640409	6.5807204	6.9025717	5.9072895	7.305486	6.7152586	6.518161	6.326684	6.6475925	6.429832	6.5657444	6.8382454	7.271678	6.5994883	7.183554	6.702023	6.365275	7.1294103	7.361274	6.819862	7.4548016	7.618318	6.5834603	7.457523	6.421964	7.3411894	7.9174185	6.4441867	6.628489	7.382106	6.4590983	7.330555
HIST2H2AA3_8804	7.4117346	7.9757876	7.5859194	7.8228855	7.9941897	7.389396	7.6830544	7.9031315	7.442976	7.829634	7.4476285	7.3834763	7.5764937	7.6648254	7.3170457	7.584281	8.041104	8.032046	6.8496637	7.9966326	7.267871	7.4048915	7.547534	7.850091	7.777179	7.4087167	7.5287347	7.7412906	7.502428	7.3478136	7.5900745	7.616654	7.8825755	7.9322624	7.9383483	7.5725927	7.878961	8.511825	7.6121645	8.414749	8.349548	7.3160057	7.7312765	7.2937303	7.560768	8.237372	7.8595114	7.456846	7.6730714	7.5103226	8.008713
HIST2H3C2_32796	4.8103943	5.647887	5.1876664	4.985458	4.8976593	4.4580016	4.8355975	5.2870646	5.5730453	5.6068783	5.1583853	4.9891205	4.097743	5.681025	5.0879884	5.36689	5.159351	5.096293	4.4163337	5.9202175	5.0150394	5.212062	4.3413258	5.3325906	4.545173	4.4072366	4.9068465	5.502375	4.649651	4.3690176	4.630781	5.2398915	5.2893295	5.0961084	5.667523	4.9989734	5.274664	6.010037	5.638838	6.272691	6.19225	5.1985264	5.308379	4.155379	5.537208	6.3443418	5.021266	5.2856517	5.620647	4.397271	5.59612
HMG20B_8806	5.533195	4.7457724	4.1996894	4.565343	4.7428775	5.642388	4.636899	4.406767	5.6358576	4.1910696	4.068561	5.101099	5.4194264	4.170284	5.6587424	3.834324	4.3004603	4.5322647	5.032364	5.059695	4.9164205	4.354535	4.781215	4.848497	5.3876147	5.1524577	5.1618433	5.5176296	4.005659	5.5100365	4.6593394	3.8522093	4.3257575	4.305072	5.1538897	3.9532046	3.8389206	5.1279006	4.6858673	4.9993396	5.0282516	4.7328677	3.9002123	5.114319	4.166973	5.303603	4.871027	4.8828907	4.0377917	4.397271	4.643507
HMGA1_8807	4.117802	4.3146935	2.3701787	3.3697603	3.8724551	3.5935724	3.4325337	3.6199527	3.9186504	3.0196002	2.956486	3.6478724	4.412865	3.781712	3.9565632	3.513724	3.6114979	3.1690745	3.8843899	3.9731874	2.889376	3.254318	4.109333	4.3466787	3.8488257	3.5154157	3.9838378	3.651246	2.8125298	3.8185487	3.447053	2.8811386	3.534197	3.6495402	4.138241	2.3210802	3.7623768	4.5103173	3.0287817	3.8847218	3.2054758	2.887088	2.4416173	3.8664052	3.573486	4.000593	4.1971946	3.288475	3.65174	3.846141	4.0339284
HMGB2_8808	4.5251174	4.9653196	5.8227477	5.2610955	5.070358	4.3384256	4.447462	5.945658	5.46187	4.269137	3.81494	4.3830523	4.412865	5.214689	5.2216306	4.5691614	4.6155543	5.3566184	4.0499516	5.2940326	5.1073456	5.284115	4.9869895	5.760267	4.0842543	4.6883883	5.309811	6.494106	4.9399505	4.8008246	4.7942214	5.6385393	4.6836143	4.077273	5.096683	4.8063326	4.748459	6.846444	6.088627	7.0235395	7.359533	5.338169	5.580685	3.7323904	4.7575912	6.559213	4.513486	5.684595	4.7391872	3.629271	5.80104
HMGCR_8810	6.936062	6.235341	5.0123625	5.634777	5.5150447	6.171783	5.678316	5.9316764	6.6820664	5.2697215	6.2618666	6.295352	6.5840325	5.320795	6.634839	5.415738	5.9272966	5.83195	6.74083	6.626305	6.480728	5.3188353	5.671957	6.58371	6.47754	6.145386	7.1445	6.5094476	4.8131757	7.723833	6.4294786	5.4645452	6.651049	5.604102	6.344772	5.9058485	5.4798193	5.4574223	6.566003	6.472355	6.311964	6.4043584	5.9042187	6.9227157	4.657249	5.62299	6.188703	6.092603	5.830722	7.178426	5.893527
HMGCS1_8811	2.5931726	3.200062	1.2570211	2.5029805	1.7112163	2.7713106	3.3483052	3.2206914	1.640813	2.6036353	2.5750768	1.1900772	1.1336887	3.4488056	2.3107724	2.2599542	2.7821121	2.2295449	2.1990027	1.9785899	1.6491554	1.2772086	2.6825488	2.38735	2.2723026	2.4764907	3.4149964	2.4159133	1.6561947	2.9173408	2.6889215	2.3909085	2.7323515	2.9062183	2.3652024	0.58460927	2.4426951	2.2765746	2.6341627	2.3267155	3.8365083	1.8741015	2.99374	2.0821931	2.6898494	2.911615	1.5494484	3.176305	2.4591324	2.1194797	2.838406
HMGCS2_8812	12.208021	11.837889	11.68834	11.70001	12.170434	12.195617	11.81652	11.847845	11.614177	11.836955	11.814825	11.849494	11.795113	11.851445	12.105959	11.799029	11.500613	12.12746	11.860902	11.799328	11.6690235	11.792557	11.984871	11.835891	12.093056	11.93595	11.992373	12.811017	12.240809	11.906884	11.65571	11.46525	11.894322	11.594611	11.771411	11.709316	11.590088	12.704433	11.350349	13.058525	12.78691	11.62785	11.494185	11.738088	11.820655	12.738421	11.413851	11.796967	11.657558	11.913968	11.75417
HMMR_8814	1.8143951	3.097608	2.8589911	2.1159258	2.011671	1.9685107	3.587535	3.309873	3.7772083	2.6036353	2.3383918	2.6150863	1.4809296	3.539506	1.2144328	2.2599542	2.072621	2.4073083	1.9974787	3.4974551	2.7435865	2.841842	1.1403992	4.114638	1.1871207	3.0310833	3.4149964	3.3441162	3.0559347	1.8567106	1.3137702	3.537568	1.2698381	1.9587818	3.4179986	2.4585645	2.6266706	1.8332981	3.242334	3.0805616	4.646217	3.8935378	2.99374	1.8430203	2.6898494	3.2451882	2.4585013	3.176305	1.5499562	2.1194797	3.733852
HMOX1_8815	5.128505	6.1224627	5.4161816	6.3043566	5.9982896	5.1684685	5.514058	6.0528893	6.2717047	6.325878	5.6084247	5.8427925	5.4591317	5.902246	5.9787283	5.581903	5.553356	5.979857	5.032364	6.689333	5.7080765	5.5261846	4.781215	5.838562	4.7643704	4.860204	4.9068465	5.4556193	6.229267	5.3798304	5.714556	6.220675	6.3352294	6.011706	6.17553	6.010184	5.701008	6.5632806	6.102362	6.688417	6.3234067	6.25122	5.308379	6.0089054	5.6459365	5.76823	6.0417123	5.684595	5.8944583	5.338973	5.9520473
HN1L_8817	5.4316826	3.3854282	2.3701787	3.0594068	3.223322	5.6591215	1.7862632	3.309873	3.849662	2.3398588	2.4615827	4.9891205	5.1059012	3.1364734	4.810965	2.6348078	3.0843768	2.5655518	5.0057306	4.3303432	4.614798	3.685282	5.0141287	4.2119765	5.430964	4.6514254	5.135637	4.879149	2.8125298	5.1327214	3.8941805	2.3909085	3.4435291	2.4144073	4.488855	2.3210802	3.0694053	4.0339556	3.8094523	3.5731628	3.3011763	4.174781	3.4765677	4.7825623	2.2125611	3.142335	4.6672864	3.6661186	2.8927681	4.79509	2.9574547
HNF4A_32734	7.479433	6.9815073	5.8227477	6.820757	7.0210447	8.194494	6.7154975	6.912709	6.7964625	6.6874957	6.0524373	7.3212476	7.36808	6.5517635	7.36983	6.2806354	6.0832586	7.0442853	7.4577265	6.985626	7.029169	6.4012804	7.385517	6.951013	8.158691	7.45235	7.477488	6.5618944	7.343302	7.226775	7.1463447	5.9171515	7.3262677	6.837034	7.6259995	6.2373586	6.475601	7.432584	6.751772	7.377256	6.6576357	6.962202	6.4657073	7.5739646	6.215393	6.455774	6.7326155	6.551888	6.557512	7.4836044	6.4753737
HOMER2_8820	4.4016967	3.6252677	3.326985	2.663456	3.5377576	3.4470994	3.9148438	2.5249715	3.7009227	3.6054895	3.448644	3.7883198	3.2264056	2.3926249	4.1297936	3.3220272	3.7893128	4.0333714	3.5576375	3.2961977	3.3587008	3.0212092	4.749268	3.1471999	3.6430259	3.9400225	3.7272735	4.0372877	3.5557184	3.8185487	3.5111294	2.7354863	3.9835975	2.9062183	4.0201387	2.3210802	3.4077	3.119443	3.5930324	3.8275614	2.5996156	3.331059	3.104098	3.3300724	3.4981349	3.2451882	2.4585013	3.288475	3.411482	2.6673462	2.9574547
HOOK2_8821	3.548161	3.200062	2.713711	3.2735412	2.8206856	4.532545	2.5603254	3.4732275	4.1656966	3.2679667	3.563121	3.9162993	3.9934368	1.9388802	4.5102134	2.6348078	3.0843768	2.837896	3.697336	3.5884495	3.8610783	3.685282	3.7704499	2.9355001	4.2865996	4.217966	3.3250897	4.621186	3.3273613	4.1732683	3.2357452	3.537568	1.6401663	2.597612	3.6740885	2.6995428	3.911607	3.572272	3.242334	3.2640922	3.4754093	3.7292666	2.99374	4.206825	2.5476058	2.911615	3.9794827	3.3925493	0.7160639	4.1478653	2.708643
HP_8823	9.513659	7.144553	6.2880993	7.2132783	6.8702755	8.986953	6.4883804	6.6982226	7.166313	6.2019815	6.303634	8.772815	9.2917595	6.7735157	8.834695	6.454354	6.4524565	6.16435	9.543536	7.8434105	8.715846	7.210576	8.988857	8.314681	9.59896	9.22501	8.834812	9.296548	6.3559537	9.590879	7.717761	6.247791	6.5568705	7.0246778	8.800844	6.04335	6.871475	7.1167445	8.209021	6.481648	7.1049004	8.441057	6.5941815	9.646048	6.5591497	7.804059	8.31434	7.719512	6.412662	9.032176	7.452117
HPD_33114	7.82198	8.779651	8.328221	8.428244	8.570088	8.030553	8.41807	8.552689	8.110582	8.696517	8.661548	7.7047834	8.28856	8.133735	8.134144	8.179757	9.047134	8.709322	8.446208	8.62609	7.657004	7.9991064	8.038707	8.194781	8.037715	8.068258	7.6354513	7.688351	8.041794	7.931759	8.227214	8.056934	8.750722	8.799767	7.8240395	8.464509	8.66344	9.120602	8.286265	8.847421	8.747994	8.100684	8.231272	7.9883337	8.712966	8.872871	8.284929	8.004583	8.5851345	7.897975	8.48066
HPN_33226	5.3671594	3.5496664	3.2234385	4.0302944	3.7957757	5.191657	3.587535	3.9874403	3.9186504	4.02099	3.9045265	5.073909	5.535407	3.352018	5.3672004	3.252017	4.413313	4.086562	5.2747087	4.9265103	4.950048	3.685282	5.770742	4.469871	5.648571	5.3953643	4.8434935	5.4713736	3.198022	4.414069	4.379347	3.4468794	3.1313257	3.1603029	4.6565795	3.1689827	3.911607	3.9763792	4.215484	3.9926662	3.8365083	4.4806437	3.2066107	5.192965	4.166973	2.7807593	4.0924416	4.3739457	3.0125036	5.385898	3.8614638
HPRT1_8824	4.117802	4.4455914	4.0259314	4.0880117	3.7147906	3.9054923	4.364126	4.1889644	4.6845293	4.4808006	3.9888737	3.7198045	3.9934368	4.8395705	3.6116695	4.1358805	4.3766675	4.0333714	4.772864	4.5724864	3.9301062	4.285997	4.8124704	4.4299645	3.9713368	3.340682	4.251255	4.621186	3.8421152	4.3690176	3.8941805	4.474071	4.1647973	3.4732254	4.0201387	3.6994612	3.9808064	4.700118	4.4908013	4.8350415	4.4513865	3.9935026	4.2752476	3.7323904	4.01308	5.0713763	3.9195037	3.8959892	4.554239	3.846141	4.3271203
HPS5_8825	3.6955848	3.4698832	2.1619017	2.3223944	1.7112163	4.0135446	2.0220141	2.914369	3.6203768	2.719398	1.8894439	3.4922628	3.3996527	2.8829715	4.1297936	1.7521499	2.9904869	2.7081409	4.0499516	3.9040134	3.712247	2.3981004	3.7704499	3.4953887	4.1889715	3.6712542	3.5795677	4.0790167	1.8408495	4.0644393	2.9880874	1.9373132	1.6401663	2.7601511	3.5936723	1.5842559	2.9363732	2.455791	2.0891902	3.6410902	2.0577211	3.4763536	1.8208362	3.4200125	0.0	2.7807593	3.9794827	3.288475	1.1924393	2.6673462	3.3545144
HPX_8826	10.191767	10.886852	10.919827	10.652532	11.158598	10.118525	10.816675	10.977419	10.604858	10.568294	10.554191	10.742548	10.443184	10.762865	10.3729925	10.698174	10.68094	11.343894	10.435016	10.88129	10.364691	11.134164	10.296701	10.5838175	10.262302	10.442422	9.8842945	10.245881	11.022443	10.29935	10.720672	10.734627	11.157699	10.770761	11.779954	10.810315	11.06101	11.421703	10.913874	11.062326	11.279654	10.705415	10.97448	10.817948	11.073691	11.537998	11.207141	10.742727	10.835685	10.269249	10.900329
HRAS_33089	5.1542273	4.711492	4.354751	4.9547606	4.8976593	5.36486	4.706218	5.2649307	5.1249337	4.7764435	4.8778276	5.205009	5.1059012	4.3811836	5.0879884	3.7855976	5.3415184	5.0701213	5.4229803	4.5272	5.1368475	4.834144	5.3271003	4.8179007	4.6219993	4.6883883	4.7429204	5.423585	4.520345	4.7664943	4.9640923	4.168281	4.722696	4.7541404	4.9428797	4.7269006	4.4398866	5.478313	4.791384	5.2806215	5.187006	5.0203977	4.882382	4.9121966	4.349544	5.461475	4.871027	4.986309	4.430701	4.5697665	4.678589
HS2ST1_8829	5.3224826	3.8933594	3.2234385	4.392873	3.4403665	4.82722	3.7926803	3.688074	4.274977	3.7211092	3.3878083	4.5891457	5.002205	3.923187	4.2844353	3.0189555	3.0843768	3.6650012	4.375311	4.5724864	4.05898	3.7375457	4.0049734	4.010254	4.333043	5.326688	5.108945	4.8064847	2.9792736	5.020667	4.1164427	3.7797458	3.534197	3.5640745	5.12557	3.1689827	3.303507	3.7884288	4.313212	3.5731628	3.8990247	3.7861276	3.5563867	4.816079	3.2451313	4.113659	4.5924344	4.1546707	3.1230586	4.1478653	3.6655471
HS3ST3B1_33019	2.4342844	1.8155732	1.9183995	1.8748931	2.8206856	3.2840576	2.2245977	2.5249715	1.2703954	2.9263053	2.3383918	1.1900772	1.7605959	2.5752249	2.4910152	1.9419785	2.7821121	2.837896	2.1990027	0.7951595	1.6491554	2.1116846	2.930607	1.773262	2.451389	1.851524	2.621851	2.7617311	1.8408495	1.5686922	2.3110406	2.1818647	1.9345882	1.6624343	2.5470278	2.4585645	0.79861236	3.2220936	1.8496284	2.9792266	3.3909214	1.8741015	1.1804214	2.0821931	2.2125611	2.0916321	2.279205	2.6126575	2.762189	2.8118143	2.027206
HSD17B10_8831	9.165596	8.943684	8.534282	8.601733	8.900441	9.104631	8.769328	8.606486	8.720615	8.763794	8.813837	8.904048	9.0003195	8.540184	9.079705	8.3507	9.001231	8.945389	9.254973	8.894769	8.855479	8.4966345	9.368555	8.769133	8.9849415	8.850047	8.709383	9.418382	8.732483	8.766744	8.591892	8.510346	8.890284	8.602235	8.8664875	8.626476	8.451251	9.226263	8.566974	9.417484	9.516391	8.840589	8.597162	8.8883915	8.702515	9.634891	8.379791	8.883956	8.707733	9.436343	8.818096
HSD17B11_8832	9.11246	8.976532	8.891771	8.745416	9.062635	9.475588	8.887818	8.623982	8.325893	8.762107	8.3084545	8.5785265	9.122809	8.751783	8.552133	8.898114	8.563381	9.034373	9.028965	8.842579	8.566665	8.454318	8.727075	8.501956	8.735501	8.825369	8.433656	8.681467	8.77704	8.078903	8.393685	8.716083	9.184301	9.266792	8.274497	8.545837	9.223321	9.552335	8.685774	9.988766	9.688865	8.294423	8.926817	8.642019	8.945248	9.98251	8.67331	8.497186	8.927413	8.84754	8.98854
HSD17B7_8834	5.1542273	5.412101	3.897257	5.102104	3.9452639	4.2962584	4.027466	4.7312627	4.6845293	4.413638	5.0249157	4.4266934	5.271164	3.9890406	5.0014257	4.318231	3.996721	4.9022617	5.032364	4.994639	4.7354136	4.285997	4.252953	4.9924426	4.984019	4.3621955	4.77723	4.5926595	4.3173184	5.7219396	4.9410152	4.5192814	4.9372616	4.455044	5.2877045	4.2469234	4.934379	4.089322	4.921047	4.682209	4.646217	4.643371	4.851072	5.0023084	4.5115843	4.3162427	4.6672864	4.6507454	5.0779867	4.686823	4.746293
HSD17B8_32395	1.8143951	3.2957203	1.9183995	2.5029805	2.011671	2.3445714	2.7028143	2.7958763	2.5711837	1.823375	2.3383918	2.2764814	2.5302608	2.7372885	2.3107724	2.3960178	2.6654315	2.837896	2.675235	2.6198554	2.889376	2.3981004	2.8119028	0.6821822	1.8294263	2.2966683	1.8390311	2.9534101	2.406994	2.0966876	1.5758953	2.3909085	2.7323515	1.6624343	2.5470278	2.1691005	1.9846656	3.49237	2.778033	2.3267155	2.992627	1.3782007	1.5358759	2.4668374	3.047878	1.8519349	2.074421	1.9721766	2.8927681	1.8782536	2.9574547
HSD3B_8835	1.1754036	1.8155732	1.2570211	1.8748931	2.2602103	1.9685107	1.7862632	3.023864	1.640813	1.3353969	2.0551069	1.1900772	1.4809296	0.0	1.5756721	0.96157944	1.6496927	1.5083932	2.375796	1.3048255	0.775823	1.9438806	1.488839	1.1434783	1.5437274	1.5639434	0.71758246	7.373211	1.1960433	0.0	0.0	1.2719984	1.6401663	0.7839461	0.758765	1.3212922	0.0	8.060501	1.2029109	7.5681925	8.341129	0.61649555	0.7077145	0.7197537	1.7753943	8.39108	1.8356827	0.0	1.1924393	0.7390483	1.5087776
HSD3B5_8836	8.1822405	8.746175	8.851095	9.519563	9.273492	8.773018	9.213608	8.896521	8.908297	8.321516	7.6195316	8.176777	8.7065735	9.216114	8.531688	8.950167	8.605557	9.266732	8.506817	8.647409	8.482991	8.822686	8.07782	8.897218	8.4283905	8.482828	7.903502	8.277716	8.976335	8.010877	9.183618	8.857021	9.22059	9.241209	9.2624445	9.185056	8.737788	9.577966	8.426628	9.1669235	9.223024	8.456467	8.9361725	8.306916	9.149889	9.2582245	8.348859	9.350855	9.016046	8.527442	8.986792
HSDL2_8837	6.6945	5.769504	4.8127723	5.3813906	5.6734457	5.889298	5.037367	5.242452	5.7538285	4.4808006	4.8555355	5.1797247	5.0549846	5.320795	5.819178	5.967714	4.999828	5.577073	5.64632	5.347118	5.541597	4.8813667	4.902367	5.456941	5.430964	4.8274393	6.338221	5.8423615	5.1468773	5.402364	5.074243	4.9408307	5.2630587	5.1557508	5.2877045	4.613693	5.503528	5.905945	5.2271647	6.0155177	6.0616956	5.1122093	4.683437	5.361342	4.9107227	7.188303	4.871027	5.1732535	5.5432262	4.686823	5.8480244
HSP90AA1_8838	3.6237552	3.4698832	3.111882	2.5029805	2.2602103	3.1002145	3.0613632	3.393861	4.047455	3.4125795	2.8701653	3.1193392	3.2264056	3.1364734	3.8938673	3.4526122	2.9904869	2.2295449	3.8843899	4.039196	3.9959817	3.180722	3.1422062	2.9355001	3.1146789	2.7802737	3.7272735	3.7578633	2.8125298	3.8840604	2.9880874	3.2463703	3.1313257	1.2890483	4.080398	2.9990726	2.6266706	3.4077816	3.6688373	4.1408014	3.3909214	3.6083453	3.30232	3.2341504	2.0104735	3.3411944	3.2250526	2.2186248	2.4591324	2.9431233	3.4387813
HSP90B1_8840	8.358544	7.3025904	6.0210533	6.497763	6.1751957	8.487016	6.59274	6.3337216	7.255687	6.7770605	6.414532	8.521804	8.3715315	6.573392	8.374101	6.0213075	7.156038	5.937055	8.8117075	7.7330666	8.089241	6.547515	8.629539	7.520254	8.821493	8.461633	7.997448	8.387655	6.0627766	8.677179	7.253253	6.4005814	6.0732465	6.752634	7.9585576	6.1688795	7.883486	6.493165	7.8747697	7.4019394	6.753804	7.6428723	6.1297035	8.401031	6.06685	7.1155024	9.031304	7.1429505	6.5175886	8.276648	6.788044
HSPA4_8843	6.257645	6.0693126	5.293719	6.0376635	5.3902073	6.4850183	5.695464	6.0268197	6.2584586	5.087805	5.1764827	6.601752	6.565962	5.3461456	6.4939904	5.6101613	5.3790555	5.4810195	6.6405272	6.116449	6.559091	5.654057	6.2531624	6.3145776	6.7669225	6.7190804	6.2915096	6.3984623	5.4321604	6.6622653	5.6305075	5.441243	5.826501	5.784963	6.1334844	5.2843695	5.572402	6.3531556	6.364175	6.345758	6.1414366	6.2811995	5.3312507	6.475385	5.537208	6.210925	6.4227424	6.2670393	5.601678	6.071213	6.127338
HSPA5_8844	6.456817	6.7135553	6.4110203	6.4435196	6.2914653	7.070869	6.498186	6.484999	6.397877	6.513985	6.156397	6.94717	6.45251	6.094012	6.634839	6.0317917	6.5544133	6.552461	6.255954	6.729872	6.826832	6.1830764	6.973353	6.399683	6.381372	6.272541	6.521425	6.4707828	6.034639	6.1788	5.975278	6.494134	6.217036	6.642287	7.003778	6.2750783	7.3546815	6.729333	7.112334	7.168691	6.819926	6.4134107	6.3584576	6.4328074	5.826199	6.6650352	7.5832944	6.372616	6.287681	6.2080708	6.4653635
HSPA8_8845	11.213879	11.068802	11.163108	11.597239	10.863373	11.669711	10.696195	11.235006	11.631941	10.87099	10.396661	11.776529	11.740271	11.050455	11.895564	10.426485	10.376154	11.378963	10.969475	12.423693	12.295004	11.365834	11.270683	11.753157	11.175929	11.206972	11.924157	11.820088	11.025425	12.028665	11.341458	11.064153	11.010017	11.210268	12.336681	11.005968	10.513835	10.804459	11.539233	11.810745	11.925062	11.157305	11.598914	11.533236	10.492304	11.997643	11.525258	10.914268	10.496987	10.654754	11.492914
HSPB1_8847	3.6237552	2.257008	2.1619017	1.8748931	3.8724551	3.2840576	2.4022055	1.9899611	2.1797314	1.59992	2.8701653	2.0718052	1.9947519	3.0152833	2.7953992	2.9320772	2.7821121	2.837896	2.8044732	2.4360592	1.9443585	0.9628306	3.0402825	2.2101986	2.7541187	1.851524	3.7958171	2.7617311	3.4460533	2.482375	1.7976378	3.4468794	2.7323515	0.7839461	2.7084813	2.3210802	0.79861236	3.2220936	2.4743395	4.398015	4.881152	2.887088	2.4416173	2.6264875	2.93812	4.1670337	2.4585013	2.9218345	2.8927681	3.3739324	2.5660443
HSPD1_8849	7.849795	7.90929	6.698514	7.3134623	7.3839536	8.144863	7.8026147	7.6057873	7.454638	7.935176	7.6905165	7.7866154	7.5259767	7.2671638	8.294425	7.127221	7.630812	7.4616294	7.73812	7.866321	7.946599	7.191967	7.974526	7.8874054	7.515459	7.4469676	8.159041	8.633263	6.92995	7.5530834	7.229642	7.058518	7.186489	7.3901143	7.6209364	7.173873	7.0908027	8.266693	7.948863	8.79992	8.263061	7.5959353	7.0452185	7.8001685	6.9469347	8.547693	6.972877	7.588681	7.365334	7.703302	7.6418285
HTATSF1_8852	6.859948	6.9450893	6.818856	7.091573	6.832387	6.919363	6.781223	6.730886	7.055802	6.098865	5.818926	7.089731	6.8385496	6.8194914	6.8399925	6.6643224	6.001379	6.834859	6.929765	7.2027955	6.8801384	6.5029163	6.6229014	6.763047	7.0639963	6.6829057	6.9921694	7.121932	6.8886275	7.0737376	6.462265	6.2744064	7.031701	6.9675775	6.907265	6.1788635	7.067132	7.389119	6.924081	7.0487685	7.590174	6.721054	6.5751457	6.733962	6.227108	7.081156	6.817227	6.701227	6.6710525	6.27192	6.873793
HTRA1_8856	7.988518	7.8034177	6.9543886	7.4014587	7.3773904	7.7858667	7.166576	7.4769235	7.6997356	6.8987064	6.9339356	7.895455	7.7939296	7.3383713	7.898989	6.7869806	7.0436525	7.340953	7.9095407	7.941603	7.7265677	7.330276	7.5659914	7.784354	8.165124	7.966601	8.159041	8.034293	7.304551	7.848049	7.290245	7.284828	7.1439323	7.4803553	7.7928634	6.9473157	7.3805194	7.7656436	7.6778517	7.975858	7.5662947	7.6543717	7.2023454	7.8855247	7.199719	7.8658924	7.9634147	7.7879066	7.3311934	7.656227	7.4316983
HYOU1_8857	6.2093854	5.205937	3.326985	3.9701722	4.2626543	6.512903	4.636899	4.040521	5.0954394	4.2306314	3.448644	6.440795	5.4591317	4.052019	6.314143	4.318231	4.4490504	3.4382432	6.036704	5.347118	5.473857	3.685282	6.071315	5.2200937	6.3478365	5.961324	6.0741563	6.223456	3.8847718	5.7573338	4.630781	3.3501055	4.274074	3.6495402	6.29478	4.168924	5.8000617	5.04631	5.5004597	4.682209	4.1250777	4.9722033	3.30232	6.037604	3.900535	4.8279877	6.8815155	4.608145	3.7236884	5.6000404	4.4129558
IARS_33171	4.7441874	4.268282	4.25325	3.5448534	3.628988	5.463422	4.406396	4.280068	4.516664	3.8281465	3.7194197	4.2436	4.2412953	3.923187	4.7766256	3.7855976	4.178025	3.9207184	4.5328355	3.9731874	4.8105626	3.9295027	4.6489487	4.6192975	4.954615	4.450914	5.025772	4.5338564	3.752821	4.50016	4.819748	2.5734606	4.274074	4.3568144	5.181664	3.9059012	4.284343	4.8991494	4.215484	5.0249915	4.365437	4.5479527	3.9601355	4.9121966	3.4186301	4.362736	4.7384453	4.1546707	4.0377917	4.3507204	4.454031
IARS2_8858	4.358093	3.4698832	3.5993342	3.8418446	3.4403665	4.913435	3.7926803	3.5484548	3.7772083	3.5440083	3.9045265	4.4266934	4.286138	3.352018	4.741449	2.5203478	3.732442	3.9207184	4.3330874	4.039196	3.9959817	2.9343114	5.1178517	4.4299645	4.830612	4.267662	3.8612514	4.676601	3.4460533	4.0644393	3.6878698	2.7354863	4.1647973	3.2723231	4.138241	3.320974	2.6266706	4.383164	3.9976015	4.1408014	4.717334	3.8935378	3.30232	3.8664052	3.900535	4.1670337	3.4107835	3.4896183	3.4960926	4.397271	3.8614638
ICAM1_8859	3.8293307	3.2957203	3.5993342	3.9074347	3.7957757	3.9054923	2.5603254	3.6199527	3.849662	3.1072266	3.7679703	5.278307	5.271164	3.1364734	4.5102134	3.4526122	4.260792	4.1378617	4.772864	4.3303432	4.8819904	3.787982	3.8924718	3.3317733	4.464024	4.7595882	4.041434	4.7299657	3.3273613	3.9467263	4.3445973	3.6228914	3.9835975	4.3568144	4.910049	3.1689827	3.8389206	4.550328	4.4047375	4.4367547	4.7851095	4.1315517	2.8742359	5.685331	3.7784617	4.535035	3.791503	4.3739457	2.762189	3.9117455	4.1384206
ID2_8861	6.6857076	6.351201	5.989838	6.829243	6.934276	8.261776	6.9832406	6.9616942	6.4914274	7.104364	6.7346015	6.657764	7.01542	6.6363964	7.323007	6.1992645	7.23493	6.4647775	6.3751893	7.575157	6.3228383	6.789528	7.111698	6.9995337	7.4849315	7.5954432	6.788583	6.9186068	6.4370155	7.6122737	7.641082	6.684777	7.254741	7.0085926	7.2727065	6.347681	6.9598207	7.9376626	6.725386	7.174433	6.6576357	6.669093	6.4657073	7.169575	6.5591497	6.980395	6.6973305	6.751025	6.0976715	7.0819783	6.7718906
IDE_8862	8.213161	7.621536	6.3135357	7.651632	6.9783125	8.165506	6.6900573	6.912709	7.9995265	6.3884315	6.218854	8.070737	8.266351	7.260513	8.20687	6.5739555	6.105824	6.474787	8.085173	7.911079	7.9631624	7.479678	7.7827	8.070509	7.9805098	7.966601	8.168766	8.474255	6.7512937	8.137163	7.299347	6.3005395	6.3602295	6.693493	7.6510515	6.347681	6.825187	6.7205925	7.779668	7.236134	6.928813	8.072389	6.861026	8.298048	6.7003136	7.3295965	7.875385	7.438727	6.3571906	7.656227	7.3899727
IDH2_33002	7.7093716	6.13545	4.538555	5.9469924	5.281925	7.5415416	4.447462	4.9130416	5.845266	4.3066416	4.0292673	6.998684	7.562891	5.5343504	7.453727	4.3851724	4.178025	4.5322647	7.9554935	6.6370025	6.939937	5.832857	7.2664247	6.886131	8.13922	7.4894757	7.413489	7.619322	4.7683144	7.341997	6.2153788	4.9072104	4.79782	5.945656	6.6729636	4.881619	6.077851	5.905945	6.1821365	5.4792633	5.6896486	6.721054	5.084369	7.5241337	4.9676967	5.15301	7.0587955	6.3598337	5.258378	7.423023	6.2606506
IDH3A_33174	6.081163	5.9713106	5.804923	5.883216	6.0651555	6.20635	5.9876547	6.0268197	6.231596	5.4312468	5.8864493	5.858812	6.059192	6.032879	6.5458865	6.1326423	6.105824	6.3714175	5.6971416	6.4187965	5.784626	5.626604	5.935955	5.677477	6.033146	6.2103643	6.372288	6.0971427	5.905939	6.1524553	6.008956	5.6385393	5.46094	5.876436	5.9678993	5.7268806	5.24684	6.185435	6.00335	6.1614394	5.9181404	6.320226	5.5996485	5.823583	6.053753	6.0497613	5.9843163	6.1079726	5.601678	5.7688713	5.9520473
IDI1_8863	4.4440207	5.412101	3.5141387	4.346329	3.628988	4.4957547	3.9148438	4.091718	4.9710355	3.7211092	3.7194197	3.9762692	4.286138	4.7663426	4.0743294	4.653045	3.996721	4.6429377	4.244742	4.3303432	3.9959817	3.9295027	4.058097	4.848497	4.1889715	3.5154157	4.9068465	4.4085307	3.5019276	5.7219396	4.6873436	4.9072104	4.869225	4.0142226	4.488855	4.391308	3.5959105	3.8538375	4.6858673	4.5470986	4.849843	4.514691	4.972431	4.602197	4.549402	4.575076	4.3413115	4.0942173	4.668027	3.846141	4.4129558
IER2_32643	5.6996546	4.779257	3.4235945	4.0302944	3.7957757	4.532545	3.7274868	2.7958763	3.9844897	3.6054895	3.115025	4.959713	5.248683	4.5213094	5.5203233	4.174241	4.044227	3.2644873	5.611416	5.6301656	5.275932	3.685282	6.241727	4.583367	4.464024	5.4175487	5.4652047	5.661911	4.220724	4.3225136	4.5415487	3.3501055	3.7000437	3.1603029	4.6956315	2.9990726	3.8389206	3.916409	4.6858673	4.231731	2.7428484	5.4479666	3.30232	5.0311365	4.1174774	4.000593	5.7802434	4.732349	4.1979237	5.134336	4.2822084
IER3_8864	3.4683857	3.4698832	3.2234385	2.3223944	3.223322	2.1687598	2.951459	1.9899611	1.9352914	2.1873605	2.5750768	3.5721645	3.8809977	3.2482674	3.446748	1.275699	3.334152	2.5655518	3.2296562	3.400333	2.889376	2.7430372	3.7053368	2.008209	2.451389	4.1664968	2.621851	3.7055392	2.1515164	2.6423824	3.5111294	2.5734606	2.7323515	2.597612	2.5470278	3.2469792	2.7898166	3.119443	2.2945795	2.7523265	2.4405787	2.6625395	1.5358759	3.0207527	4.166973	3.142335	3.4953897	1.6747757	3.0125036	3.3739324	1.5087776
IFI30_32493	2.736285	2.435626	2.3701787	1.5853512	1.7112163	2.6425977	1.5043167	2.1911569	1.640813	1.59992	2.3383918	2.0718052	2.372859	2.8829715	2.7953992	1.9419785	2.2451668	2.2295449	1.483266	1.9785899	1.2775879	1.7539579	2.8119028	2.008209	3.0042105	2.7802737	1.5525111	2.4159133	2.284903	2.0966876	2.3110406	1.2719984	2.570392	2.597612	2.5470278	1.8065978	1.6862907	3.119443	1.5622083	2.1514747	2.5996156	2.2424579	0.7077145	2.2872965	2.0104735	3.031582	2.074421	2.4290519	1.8362379	2.9431233	2.5660443
IFIT2_8867	5.998377	7.3534966	5.804923	6.9034557	6.0487275	6.2289424	6.5835586	6.51344	7.358589	6.325878	5.393165	6.9768314	6.8157907	7.2199492	7.1858096	5.6650696	5.6940336	5.937055	6.244609	7.1364903	6.5699463	5.981123	5.83303	7.5623927	5.90065	6.5078583	6.909515	6.930053	5.9568067	6.5456405	6.62314	6.4245443	5.896534	6.4048476	6.940159	5.685461	6.7478914	6.5534706	6.769098	6.8692317	6.9137516	6.805995	6.9815845	6.960675	6.813429	7.2576065	7.197842	6.711325	6.3228545	5.7864666	7.280052
IFITM2_8870	1.8143951	2.435626	2.3701787	2.9391065	1.3312725	1.735917	1.7862632	2.7958763	2.7331607	2.0168164	0.53686917	1.1900772	2.372859	1.9388802	2.3107724	2.6348078	1.3803144	1.5083932	1.483266	3.2961977	1.9443585	1.9438806	1.769281	3.2424362	1.1871207	1.2043949	0.71758246	1.5496027	1.6561947	2.482375	2.159341	2.7354863	1.6401663	1.9587818	2.157111	1.9992051	2.4426951	2.2765746	1.8496284	3.1752434	2.8731365	2.5356345	2.7439313	1.8430203	2.0104735	2.0916321	1.8356827	1.2997124	2.2798173	0.7390483	2.027206
IFNGR1_32668	4.8103943	4.994124	4.622362	4.923396	5.0037384	4.968176	4.526246	4.5600543	5.4848013	4.7494607	3.81494	4.4266934	4.947421	4.803421	5.059707	4.2835584	4.3766675	4.493403	4.244742	5.6085877	4.388235	4.7602787	4.3835616	4.96478	4.4216714	4.6883883	4.7077756	4.6491594	4.005659	4.6952806	4.917564	4.474071	4.0465603	5.0653367	4.6956315	4.2843966	4.748459	4.989234	5.2018695	5.4030566	5.3300095	5.0203977	3.63202	4.2564993	4.7575912	5.099104	4.386319	4.8828907	4.2955856	4.5697665	4.712838
IFRD2_8875	2.0518599	1.8155732	1.9183995	2.1159258	2.472159	1.735917	2.5603254	2.5249715	2.1797314	1.59992	1.2341714	2.6150863	3.1312993	2.5752249	2.4910152	2.2599542	1.3803144	2.0267587	1.9974787	1.9785899	1.9443585	1.9438806	2.0039802	2.5451083	1.1871207	1.851524	1.8390311	2.2793913	1.1960433	2.3023815	2.5736196	1.2719984	0.0	1.9587818	2.7084813	1.5842559	1.9846656	2.0718946	2.4743395	1.9519659	1.8199238	1.0470449	2.0586884	2.6264875	1.4944088	2.6368403	2.7615314	2.6126575	1.5499562	2.3260906	1.7911546
IGF1_8876	4.2667212	5.6111693	5.613402	5.634777	5.281925	4.208036	5.28402	5.7682037	6.1478705	4.8544893	4.921405	4.7351427	5.002205	5.9526296	4.9406905	5.756401	5.180765	4.93163	4.864649	5.733466	4.9829097	5.369398	3.7704499	5.571419	4.545173	4.4933076	4.201591	5.097908	4.8350935	4.4577565	5.2346654	5.966954	5.5933557	5.625355	4.9428797	5.148717	6.198963	6.185435	5.638838	6.3148956	6.2652636	5.1122093	6.1165977	4.30452	5.0225058	6.063901	5.5424714	4.4722323	5.5029	4.2528553	5.8633523
IGF2R_8879	4.009233	2.435626	2.3701787	1.5853512	2.472159	3.522194	2.2245977	1.7560883	3.4443936	2.0168164	1.2341714	3.6478724	3.9934368	3.0152833	3.8283224	1.7521499	2.6654315	2.9569383	4.0499516	3.0622413	3.4555352	1.9438806	3.8327506	3.1471999	3.6430259	4.1131234	3.1264923	3.5948293	2.9792736	3.52196	2.895092	0.0	1.9345882	2.597612	2.853671	2.8064463	2.7898166	2.8892338	3.5130224	2.7523265	3.2054758	2.887088	2.2628205	3.6604056	2.6898494	2.7807593	3.7229755	3.0546732	3.65174	3.9744961	2.9574547
IGFALS_8880	8.361308	7.843541	6.913386	7.187106	7.5093102	7.978171	7.54797	7.7159433	7.5392227	6.7086635	7.1370363	8.607259	8.2237625	6.8194914	8.362572	6.5522723	7.5953703	7.481624	8.186473	7.911079	8.122802	6.9967155	7.72227	7.3859086	8.524076	8.954261	8.2473545	7.647331	6.8352523	8.157177	7.710956	6.9717317	7.4184184	7.040585	7.6209364	7.4167986	7.5207253	8.028989	7.659387	8.021174	7.1569934	7.4886765	6.7034054	8.183941	7.4147453	7.188303	8.118178	7.583193	7.229829	7.68934	7.1041365
IGFBP1_32306	6.2216024	5.8504963	4.494753	5.634777	5.5387664	6.4943733	3.9722536	4.884291	4.4714575	4.3066416	4.2504177	4.6270533	5.8360996	5.2419558	6.302122	4.8074613	4.820448	5.096293	6.0101514	2.6198554	2.889376	6.64651	5.167044	5.589646	6.849118	5.5030246	4.557952	5.2699165	7.164423	3.437199	5.4624186	4.0500264	5.8443303	5.2130246	5.31304	5.740427	7.2604213	6.341801	4.3597	2.1514747	3.2054758	4.5804653	4.177663	7.004945	6.7579794	3.3411944	5.728748	5.3387294	5.746875	6.9862514	4.2358537
IGFBP3_8881	6.054092	6.351201	4.7395954	6.267362	5.607677	5.236946	4.982539	5.687298	5.845266	5.396883	4.714023	5.951363	6.084801	6.5075097	6.176059	5.9457064	5.047234	4.9604125	6.15049	6.699575	5.727598	5.783992	5.5287514	6.409977	5.8536353	6.197601	6.017877	5.7158117	4.2858334	6.0844073	6.8506813	5.2666516	6.372569	5.746686	5.9837627	5.265754	5.5268536	6.107122	6.3060107	5.8531594	5.8084135	6.0336595	4.972431	5.5721884	4.9107227	5.50358	7.0307207	5.414854	6.042472	5.475404	5.8633523
IGFBP6_33233	1.1754036	2.594546	1.9183995	0.0	2.472159	0.6624132	0.689121	2.1911569	1.640813	0.5924607	1.4871172	2.2764814	1.7605959	0.0	0.0	1.275699	1.0488179	1.1570135	1.1356703	2.4360592	0.775823	0.9628306	2.0039802	3.3317733	0.7123662	1.851524	1.8390311	3.3441162	0.0	1.2084577	0.9932049	3.3501055	1.2698381	1.9587818	0.0	1.3212922	1.6862907	4.291709	3.6688373	2.1514747	4.226075	2.7791781	2.99374	0.7197537	0.6833182	2.297121	2.617958	2.2186248	2.762189	1.2253668	1.5087776
IGFBP7_32929	6.12084	7.3367267	6.5351377	6.687078	7.2027864	5.931233	7.0712647	6.9889565	7.282109	7.16688	6.9286065	6.74654	6.875701	7.2199492	6.797809	7.410393	7.0896626	7.13545	5.955534	7.6510034	6.480728	6.861947	6.8203206	7.260688	6.557953	6.5078583	6.6192374	6.5396504	6.5406904	6.4623003	7.1362214	6.995923	7.100082	7.139918	6.898923	6.8693137	7.0750656	7.713736	7.3205614	7.004324	7.65953	6.924707	7.017283	6.388935	6.961034	7.311933	7.3645673	6.9259796	7.2421303	6.181718	7.319484
IGG-2A_33162	1.1754036	1.8155732	0.0	1.2227256	3.7147906	2.1687598	2.7028143	1.1302094	0.0	1.0112327	2.4615827	1.1900772	1.4809296	1.6441145	0.7313985	1.7521499	1.3803144	1.5083932	2.675235	1.6806879	1.2775879	2.2619886	0.0	1.773262	1.5437274	2.4764907	1.1946218	2.2793913	0.5163865	2.0966876	2.4482956	1.9373132	0.7703406	0.0	0.0	1.9992051	3.5048723	4.627166	1.2029109	2.6239195	3.6308496	1.8741015	1.5358759	2.6264875	0.6833182	4.218504	0.7157622	1.2997124	2.075009	2.3260906	2.4077895
IGH-6_32666	2.0518599	0.70487076	2.3701787	1.5853512	2.472159	3.2840576	1.5043167	0.0	1.2703954	2.1873605	0.92724514	3.2219887	2.5302608	1.2732412	1.2144328	1.275699	0.6176906	2.2295449	3.7624195	1.6806879	3.3587008	0.9628306	2.6825488	2.9355001	2.451389	2.4764907	1.1946218	2.4159133	0.0	1.2084577	1.9897953	0.77186805	1.2698381	0.7839461	0.758765	2.1691005	2.2317815	3.6479805	2.4743395	2.9792266	3.1029732	1.3782007	1.1804214	3.4200125	1.7753943	2.476957	2.4585013	3.0546732	2.4591324	2.9431233	2.9574547
IGJ_32511	2.98588	3.2957203	3.326985	4.392873	4.204518	3.522194	2.4022055	3.393861	3.4443936	3.6054895	1.8894439	3.2219887	3.759049	4.649022	4.2844353	3.3220272	3.4794793	3.3539796	4.7082605	4.2766256	3.6316473	3.0212092	2.5404441	4.2119765	4.0289	4.1664968	3.2292056	3.651246	1.6561947	4.006783	4.2724814	3.2463703	1.9345882	3.9482906	3.3214288	3.8063707	3.6815434	4.8358083	2.6341627	3.8275614	4.4090514	3.6083453	2.8742359	4.350994	4.0662227	4.362736	4.3413115	3.3925493	4.1464963	4.034631	4.60755
IGTP_8887	5.910549	6.0827847	4.7395954	5.883216	5.1340365	6.4079103	5.973666	5.6536207	6.1903405	5.708448	5.004799	6.620665	6.146902	5.599045	6.265446	5.153059	5.663936	5.5202117	6.0627766	6.4187965	5.9433155	4.904411	5.75474	5.9414935	5.45216	6.063341	6.394561	6.024251	4.74535	5.8908176	5.9173393	5.2666516	5.4838705	4.9688754	6.242993	5.148717	5.274664	5.995619	6.0179176	5.923042	6.0341043	6.009984	5.188244	6.3551326	5.5182624	5.0713763	6.226322	6.061364	5.582456	5.5596795	5.7359147
IKBKAP_8888	2.2557068	2.987318	0.76129264	1.8748931	0.0	2.3445714	1.7862632	1.4768263	3.3476372	1.59992	1.70226	3.1193392	3.2264056	2.1835182	3.0466177	1.5335042	1.3803144	1.5083932	3.318902	3.1839569	1.6491554	2.5224707	2.5404441	2.8167326	3.0042105	2.911122	1.8390311	3.0404751	0.8958736	2.482375	1.9897953	2.3909085	2.570392	0.7839461	2.853671	0.9994701	1.3096737	2.8892338	2.2945795	2.9792266	0.70722115	2.6625395	1.1804214	2.0821931	2.2125611	1.5643196	2.279205	1.2997124	2.2798173	2.8118143	2.2300112
IKBKB_8889	3.9517226	3.6252677	3.2234385	3.2735412	3.1011837	3.788687	2.5603254	2.7958763	4.274977	3.0196002	2.7783492	4.2915974	4.2412953	3.352018	4.2347074	3.100898	3.4794793	2.837896	3.9417143	4.1627893	3.712247	2.9343114	4.158812	3.897724	4.333043	4.315703	4.201591	4.306832	2.406994	3.602016	3.5111294	2.8811386	2.570392	2.204507	3.9572527	1.9992051	3.1911995	4.1940618	3.242334	3.7059622	3.1029732	3.6083453	2.2628205	4.439678	2.0104735	3.3411944	3.9794827	2.9218345	2.4591324	3.5490766	2.5660443
IKBKE_8890	4.3131304	3.4698832	2.1619017	3.3697603	2.011671	4.4580016	3.2588525	2.1911569	2.8787735	2.1873605	1.8894439	4.0338454	4.452749	3.2482674	3.531564	2.109709	3.0843768	2.2295449	4.6748405	3.4974551	3.6316473	3.324341	4.613897	3.897724	4.4216714	4.1131234	3.1264923	4.4085307	2.284903	3.9467263	3.07545	1.2719984	2.3879235	1.9587818	4.138241	2.3210802	2.2317815	2.2765746	3.5930324	2.9792266	2.261813	4.041002	2.2628205	4.2564993	2.0104735	2.6368403	3.791503	3.4896183	1.5499562	3.5490766	3.5183966
IL13RA1_8891	7.063699	8.161834	7.32959	7.860633	7.721099	7.3691983	7.5713806	7.462408	7.812793	6.8487315	6.8630724	8.118092	7.581	7.7143373	7.9029746	7.1418133	6.9961267	7.5542274	7.3924055	8.233571	7.5514207	7.7031074	7.136609	8.1858225	7.170141	7.4252343	7.472262	7.6086764	7.028357	7.294599	7.52561	7.2109704	7.3071094	7.7015934	7.9745235	7.526423	7.7361693	8.011181	8.058617	7.7637014	7.880903	7.684596	7.4418454	7.5190544	7.4847317	7.936756	7.887176	7.758991	7.514773	6.773338	8.012155
IL18_32962	1.5299913	3.5496664	2.1619017	3.2735412	0.8140356	2.1687598	2.951459	2.3676975	3.4443936	3.0196002	2.2036915	2.2764814	2.372859	2.1835182	3.446748	1.7521499	2.8900583	2.0267587	2.375796	3.9040134	2.889376	2.1116846	2.0039802	3.1471999	3.0042105	2.6363633	1.8390311	2.9534101	2.406994	1.2084577	2.5736196	2.5734606	2.1789894	2.597612	3.6740885	1.5842559	2.2317815	3.4077816	2.4743395	2.4829574	3.3909214	2.887088	3.104098	2.6264875	1.7753943	4.1670337	2.4585013	2.2186248	3.321599	2.3260906	3.4387813
IL1A_32861	1.5299913	3.3854282	2.1619017	2.8078547	2.011671	1.735917	2.5603254	1.9899611	3.6203768	3.1072266	2.2036915	1.5471903	1.9947519	3.352018	2.1047523	1.7521499	0.6176906	2.2295449	1.483266	3.5884495	2.1892972	1.5351875	2.0039802	2.008209	2.0677924	2.2966683	2.282898	0.567391	2.004529	0.7272255	2.5736196	3.013425	1.6401663	2.204507	2.157111	1.5842559	1.9846656	1.5472676	3.5930324	2.3267155	2.7428484	2.7791781	3.104098	1.1977407	1.1451283	3.142335	2.4585013	0.7915216	2.8927681	1.588432	3.067424
IL1B_8892	0.70423484	3.097608	4.304893	4.1969485	3.1011837	0.6624132	2.7028143	3.9874403	3.0110276	2.8265579	1.8894439	1.8332136	1.7605959	4.476096	3.531564	3.6286907	3.6732368	3.7333038	1.483266	3.1839569	1.6491554	3.4549482	1.769281	2.6873035	2.451389	1.5639434	1.5525111	2.1285868	3.1287267	0.7272255	2.6889215	4.1103654	3.3467786	2.597612	2.853671	3.320974	3.1911995	3.572272	3.3383183	4.1869826	4.532502	3.6700726	3.9002123	2.7702174	4.214827	3.940554	2.617958	3.4896183	3.980205	0.7390483	3.2650185
IL1R1_8893	8.058296	7.6534867	6.7737503	6.629934	7.1343703	7.4627156	6.7154975	6.2232704	7.500366	6.4733357	6.1100693	7.560422	8.407493	6.828513	7.6702743	5.9457064	6.4436255	6.8426104	8.618697	7.558372	7.58926	6.8441806	8.093808	8.155555	7.8144846	8.186017	7.445843	8.246011	6.813337	7.512229	6.774404	6.4597588	6.2968974	6.221627	7.65601	5.9876413	6.363469	6.729333	7.6121645	6.605833	7.0439553	7.5959353	6.7034054	8.752176	6.8288875	7.1556664	7.2228723	7.4806566	6.7246385	7.324088	7.3632674
IL4R_8896	6.257645	5.205937	4.0259314	5.1298494	4.8223433	6.0501866	5.165958	5.074458	4.8348827	5.087805	4.7627525	6.0935307	6.2180586	4.942882	6.771894	4.597668	4.5837555	4.9022617	5.4229803	5.495572	5.606299	5.174639	5.863194	5.883578	6.6248155	6.4444485	5.9593134	5.502375	4.8566833	5.906667	5.3265657	3.537568	4.1647973	4.590883	5.9837627	4.4908404	4.4398866	5.1279006	5.8159995	4.745298	4.971199	5.705482	3.9601355	6.160117	4.622188	4.4077783	5.638614	5.9117594	4.668027	5.6393027	5.1726503
ILK_8899	2.736285	2.737684	1.9183995	2.5029805	2.472159	3.1002145	1.5043167	1.9899611	2.7331607	2.0168164	1.8894439	3.3178172	3.4790516	2.7372885	3.2605107	1.7521499	1.8765994	2.2295449	2.9230795	3.2961977	2.889376	2.3981004	2.930607	3.1471999	2.7541187	2.7802737	3.2292056	3.5361161	1.1960433	3.0373778	2.9880874	1.2719984	1.6401663	2.9062183	2.7084813	1.5842559	1.3096737	2.2765746	2.2945795	2.6239195	2.8731365	2.887088	2.0586884	3.504673	1.7753943	2.297121	3.3209047	2.7755125	2.075009	2.8118143	2.4077895
IMPDH2_8901	4.009233	5.155827	4.9488516	4.719379	5.195023	4.2962584	4.3205805	5.4723263	4.516664	5.2115946	5.212011	3.8537283	4.0465326	4.649022	4.668412	4.901926	5.2633796	5.4610167	3.8246934	5.3208194	3.9959817	4.7602787	3.7704499	4.754689	3.7834342	4.1131234	4.251255	4.5338564	5.2153263	3.8840604	4.478839	5.156497	4.9372616	5.240831	4.4436893	5.0650606	5.1599956	5.995619	5.1499085	5.718149	6.128449	4.612261	5.481939	3.8664052	4.8514056	6.0064917	4.9023523	4.9526534	5.440215	4.034631	5.24465
INHBA_33300	7.043195	5.8504963	4.6625075	5.235784	4.8976593	6.9671803	5.165958	4.794435	5.9804864	4.975858	5.497626	6.493049	5.659893	5.2419558	6.472698	5.1909714	5.115544	5.3348007	6.748882	6.0855417	5.926521	5.598619	6.4448667	5.883578	6.2422833	7.087527	6.8861256	5.767771	4.7909193	6.1524553	6.115856	4.2775726	4.9372616	5.268111	5.667523	4.9297123	5.0354204	5.205123	6.0179176	5.8531594	5.540748	6.178747	4.4102645	6.173109	4.7575912	5.8520994	6.0557113	5.3899226	5.4187	5.9515357	5.37869
INHBC_32348	8.407492	8.752511	8.550419	8.579268	8.7662115	8.514862	8.55824	8.885682	8.923062	8.236623	8.25197	8.810368	8.484069	8.498397	8.867696	8.59296	8.428905	8.921802	8.551235	8.727171	8.855479	8.694694	8.250364	8.615274	8.454884	8.412772	8.693751	8.895107	8.491561	8.630222	8.714331	8.674221	8.890284	8.752257	8.847106	8.639188	9.112054	9.468681	9.075191	9.521392	9.162193	8.739839	8.734327	8.705992	8.698312	9.262829	8.842338	8.688237	8.641945	8.282859	8.690709
INPP1_8904	2.8664734	2.435626	2.713711	1.8748931	2.011671	3.1002145	2.7028143	1.7560883	3.243922	2.1873605	2.8701653	3.4076753	3.1312993	2.5752249	2.6512198	1.7521499	2.5384767	2.4073083	3.0326717	1.9785899	3.1430392	2.9343114	3.0402825	2.5451083	3.0042105	3.0310833	2.765496	1.769436	1.8408495	2.0966876	3.07545	2.3909085	2.570392	1.6624343	2.5470278	1.9992051	2.4426951	2.0718946	3.1395056	1.9519659	3.3909214	2.0700042	2.4416173	2.7702174	2.8193185	2.297121	2.074421	2.9218345	2.2798173	2.506785	2.4077895
INSIG1_8906	10.470424	10.918659	8.558419	10.88348	9.785773	8.661174	10.76431	10.801189	12.290694	9.426423	10.106963	10.641415	10.0639305	9.209223	10.871491	10.043713	9.850818	11.189486	11.566209	10.387145	10.096567	10.353618	8.900717	11.523573	10.849372	9.365721	11.050197	10.72925	9.71166	11.92475	10.103384	10.348141	11.202451	9.713853	11.11028	10.906583	10.515293	10.637475	10.979072	11.244981	11.597642	11.032138	10.206175	10.738783	8.334028	10.569167	9.810124	10.326123	9.909635	10.347642	10.756385
INTS3_8907	4.4440207	4.268282	3.111882	2.8078547	3.5377576	4.637601	3.4325337	3.023864	3.243922	3.2679667	3.617124	3.9762692	4.329629	3.7054071	4.2347074	2.3960178	2.8900583	3.2644873	4.1011696	4.039196	3.712247	3.0212092	4.541129	3.7105362	4.6219993	4.267662	4.557952	4.0372877	3.3273613	4.2744603	3.6313283	2.3909085	3.1313257	3.3762684	4.0201387	3.0865276	2.7898166	3.6479805	3.5130224	3.8275614	3.6308496	3.4055345	2.4416173	4.602197	2.93812	3.3411944	4.2948537	4.03112	3.5760143	4.3507204	3.733852
IPO13_8908	3.1985953	2.435626	1.2570211	3.1704433	1.7112163	2.5012665	0.689121	1.4768263	3.1321692	1.59992	1.4871172	3.2219887	3.0294778	2.7372885	3.1575243	2.2599542	1.8765994	2.2295449	3.2296562	3.4974551	3.712247	2.3981004	3.326703	3.0452297	3.7149374	3.595438	3.0159018	3.1225834	2.004529	3.7499197	2.7956865	1.2719984	2.3879235	2.4144073	2.9855762	1.8065978	1.6862907	2.7587066	2.4743395	1.7203709	1.8199238	3.5438585	1.1804214	3.7323904	1.4944088	2.6368403	3.3209047	1.9721766	2.4591324	3.174549	2.4077895
IQGAP1_8911	1.5299913	2.987318	1.6252826	2.5029805	1.3312725	1.735917	1.7862632	1.9899611	2.7331607	1.823375	0.53686917	1.8332136	2.6721666	1.2732412	3.1575243	1.7521499	1.0488179	1.5083932	1.9974787	3.400333	2.1892972	1.5351875	1.488839	2.2101986	1.1871207	2.091197	2.077968	1.5496027	0.8958736	2.0966876	2.3110406	0.77186805	1.9345882	2.4144073	2.157111	1.8065978	1.6862907	2.455791	2.6341627	2.8702326	3.3011763	2.9874854	0.7077145	2.2872965	1.1451283	1.8519349	2.8921008	1.6747757	2.6186037	1.588432	2.2300112
IRGM2_8916	5.0756426	4.603475	2.1619017	3.0594068	2.6569214	5.1449003	2.5603254	3.5484548	4.560497	1.823375	1.4871172	5.205009	4.8904743	3.1364734	4.379027	2.6348078	3.334152	2.9569383	4.9227476	4.9265103	3.3587008	3.324341	5.0141287	5.2433057	6.37028	5.4821253	4.810742	6.3309855	2.284903	3.8840604	4.1164427	3.537568	0.7703406	1.2890483	5.006382	1.5842559	4.2285304	2.7587066	4.4047375	1.1027291	4.071798	2.9874854	2.8742359	5.4706135	1.4944088	3.4312084	5.746118	2.9218345	3.2257414	4.5697665	2.5660443
ISG15_8918	2.5931726	4.6403866	2.1619017	3.1704433	2.967741	3.788687	3.0613632	2.5249715	3.4443936	3.2679667	2.4615827	4.66399	4.7693586	3.781712	3.2605107	2.6348078	2.399263	1.7907331	3.0326717	4.9609766	3.712247	2.2619886	3.0402825	4.010254	4.0842543	4.7595882	3.4149964	3.474912	2.8125298	4.1732683	4.379347	3.2463703	2.8779507	3.1603029	5.780815	1.8065978	3.303507	3.9763792	3.6688373	4.682209	3.555222	4.086987	3.104098	2.6264875	2.8193185	3.8779073	4.0924416	2.2186248	3.0125036	3.174549	4.3271203
ISG20_33257	3.0961545	4.7457724	1.6252826	3.0594068	3.8724551	3.9054923	3.0613632	3.1256318	4.326662	3.0196002	2.0551069	2.0718052	3.6939778	3.62484	3.6116695	3.513724	2.2451668	0.0	2.5332706	4.5272	2.7435865	2.5224707	1.488839	2.8167326	1.8294263	4.057699	3.65531	2.4159133	3.798159	2.482375	3.5111294	3.3501055	3.3467786	3.7302246	4.138241	3.320974	4.3380756	4.550328	3.5130224	4.275133	4.2740407	3.5438585	3.3920732	2.4668374	3.7133195	4.860753	4.6672864	1.9721766	3.321599	2.3260906	4.0339284
ISOC1_8919	0.0	4.8752856	0.0	5.5955176	4.014574	4.208036	5.2143483	4.996006	0.0	3.4797902	3.6691785	0.0	4.831187	0.0	4.8772855	0.0	0.0	0.0	5.839675	4.6590047	0.0	3.973751	0.0	4.9924426	4.5840974	4.267662	4.4343996	0.567391	4.649651	4.2744603	4.601646	5.2398915	4.22047	0.0	4.2474017	3.6994612	4.109979	4.589258	5.9587436	0.0	1.1797101	0.0	0.7077145	0.0	0.6833182	4.6889343	5.233197	4.1546707	5.3521595	4.4423666	4.4129558
ITFG1_8921	6.2216024	6.1986876	5.9087105	5.672997	5.6518545	6.2621818	5.712411	5.8298125	5.964261	5.6218333	5.5540886	6.430113	6.307783	5.7395906	6.314143	5.3502326	5.553356	5.951464	6.5876336	6.431142	6.0401726	6.1155615	6.1950564	6.258719	6.528321	6.455212	6.243235	6.2510986	5.488565	5.968379	5.929115	5.4645452	6.257519	5.84054	6.39309	5.3027477	5.874682	5.890442	6.0466185	5.88152	6.0059757	5.9979987	5.3312507	5.9943395	5.574369	6.091771	6.027576	6.1969023	5.7810006	5.8380003	6.008286
ITGB1_8925	5.2043357	5.7527456	5.0430994	5.492423	5.7363467	5.573442	5.28402	5.8298125	5.7155666	5.2115946	4.786514	5.61653	5.3151016	5.214689	6.080765	5.2816105	5.2633796	4.9022617	5.2968464	6.0855417	5.378286	5.248538	5.390609	5.6429834	5.0959854	5.6968794	5.2377234	5.728978	5.164296	4.7664943	5.290505	4.7262454	5.3653893	5.784963	5.096683	4.9531703	5.503528	6.080044	5.8970385	6.2069745	6.204678	5.412288	5.188244	5.243111	5.2230263	6.4122286	5.9092035	5.3387294	5.0779867	5.3149257	5.632359
ITGB1BP1_8926	3.1985953	3.200062	3.111882	3.8418446	2.472159	3.2840576	2.8324869	2.3676975	3.3476372	2.0168164	1.4871172	3.3178172	3.4790516	3.352018	3.3566325	2.109709	2.072621	2.7081409	3.5576375	3.0622413	3.4555352	3.391122	2.3827975	3.2424362	2.7541187	3.141831	2.8961248	3.7055392	3.198022	3.1481903	2.9880874	2.3909085	2.8779507	3.4732254	2.9855762	3.2469792	2.6266706	4.383164	3.5930324	2.6239195	3.8990247	3.7292666	3.2066107	3.504673	2.2125611	4.113659	3.9794827	3.0546732	2.4591324	3.4641607	3.1696014
ITGB5_8928	6.197064	4.8119817	3.7559724	4.8249907	4.3723383	5.998525	4.3205805	4.5232325	4.798738	4.378847	3.9888737	5.3927565	5.336579	4.279584	6.0086255	4.014271	4.090219	4.2816463	5.839675	5.564438	5.7468586	4.4825535	5.8927402	5.456941	6.101815	5.8018064	5.444004	5.805548	3.5557184	5.5100365	4.510535	2.8811386	3.7763257	4.455044	5.8166847	3.9990063	3.1911995	4.700118	5.300493	4.8350415	4.717334	5.0203977	3.7038848	5.9497375	4.1174774	4.724974	5.638614	5.55602	4.247581	5.9670496	4.4939694
ITIH1_33132	11.404775	10.778739	9.960367	10.208817	10.542519	11.126551	10.662255	10.44604	10.245726	9.941964	9.929589	11.586388	11.416747	10.103175	11.189192	9.905892	9.904094	10.491899	11.22894	10.851172	10.960675	10.334126	10.771996	10.579264	11.432407	11.506717	11.221166	10.939949	10.247333	11.231154	10.544329	9.752731	10.291013	10.225303	10.705211	10.05761	10.124194	10.706604	10.449908	10.287907	10.297017	10.558107	9.957848	11.190816	10.173807	9.932333	10.67916	10.559927	9.840525	11.032874	10.048752
ITIH2_32512	9.239551	9.144936	8.754571	8.793914	8.991358	9.427562	9.007646	8.970189	8.845459	9.410363	9.504561	9.620755	9.195134	8.575445	9.46112	8.631383	9.647622	8.979185	9.043768	9.255674	9.193991	9.098489	9.53121	9.143801	9.086709	9.19963	9.244979	9.360337	8.694021	9.197154	9.063219	8.643922	9.00371	8.894717	8.985507	8.916314	9.094599	9.708572	9.444888	9.675113	9.422416	9.380173	8.911721	9.348247	8.961119	9.768241	9.379017	8.9494095	8.917859	9.3308735	8.956738
ITIH3_32422	11.196189	9.704748	8.633558	9.051337	9.252127	10.848755	9.458015	8.90549	9.795416	9.1847315	9.23024	11.039487	11.265748	8.843646	11.133889	8.67718	9.257008	9.140367	11.053954	10.04555	10.601328	9.284546	10.699137	9.888361	11.686328	11.15097	10.752242	10.871841	8.854198	11.242908	9.691162	8.496283	8.977694	9.161617	9.989004	8.630119	8.991484	9.282279	9.765053	8.854591	8.955272	9.890164	8.841766	10.968992	8.936355	8.986721	10.118454	9.486395	8.689882	10.759251	8.898413
ITIH4_32725	10.077944	10.480363	10.052002	9.926878	10.426511	10.082537	10.4544735	10.21591	9.883256	10.234857	10.334551	10.572661	10.438846	9.765458	10.44309	9.891574	10.479133	10.632668	9.995795	10.423902	10.373237	10.397931	10.447414	10.472202	9.985335	10.244118	10.392987	10.474144	10.28365	10.462378	10.065208	9.7312765	10.32077	9.975153	11.307916	10.03923	10.058688	10.895124	10.798905	10.321936	10.695165	10.563708	10.005729	10.563012	10.1715355	10.429402	10.438621	10.346514	9.918285	10.304024	10.293284
ITPR2_8931	5.2043357	4.603475	3.897257	4.719379	4.14394	5.6591215	4.027466	3.815366	4.326662	3.6644573	3.6691785	5.597562	5.8360996	4.279584	5.4348235	4.055957	3.4794793	4.1873994	5.6971416	5.059695	4.950048	4.512859	5.5287514	5.4766626	5.837617	5.349945	5.378467	5.728978	3.9262035	5.667165	5.272131	3.1345942	3.917761	4.077273	5.2877045	3.8569942	4.8990626	4.291709	5.2018695	4.1408014	4.320462	5.156013	3.9601355	5.3838687	4.01308	3.7438102	5.5424714	4.423926	3.920224	4.79509	4.4939694
IVD_8932	5.4316826	5.2779818	4.304893	4.605421	4.5226555	5.5376925	4.7396665	4.323549	4.274977	4.952388	4.714023	5.4361095	5.758662	4.975738	5.1696496	3.881458	4.925664	4.1378617	5.9274297	5.3729453	5.4268627	4.138305	5.863194	4.688581	5.2731752	5.326688	5.212871	5.817924	4.152537	5.6484346	4.157063	4.223962	5.1529117	4.501759	4.6565795	3.9059012	4.748459	5.3252964	4.721904	5.1928163	4.4513865	4.703648	4.177663	5.1672235	5.3137193	4.362736	5.077238	4.8828907	4.1464963	5.6000404	4.4939694
IYD_8933	5.3224826	5.2779818	4.7766476	4.719379	5.195023	5.463422	4.7723575	5.0487785	4.274977	4.6064157	4.381014	5.3019347	5.6078515	4.728286	5.601038	4.318231	5.952416	5.800458	5.5756464	4.779769	5.1368475	4.8813667	5.0926113	4.654355	5.53396	5.883769	5.08175	5.7549553	4.91958	5.333679	4.6593394	4.9408307	5.6753287	5.184672	4.6565795	4.5839467	5.1298456	5.9514785	5.1499085	5.6538353	5.5984015	4.9722033	5.0294857	5.267545	5.126247	6.0210595	5.1044307	5.3899226	4.631086	5.4535427	5.24465
JAG1_32778	4.2187696	3.200062	2.1619017	2.3223944	2.011671	1.735917	1.5043167	1.9899611	2.3886938	1.823375	1.4871172	2.6150863	2.919921	1.6441145	2.6512198	1.5335042	0.6176906	1.7907331	2.8044732	3.400333	2.7435865	2.5224707	3.410797	2.5451083	2.6106799	3.141831	2.8961248	3.5948293	2.004529	2.482375	2.5736196	1.2719984	1.6401663	1.6624343	2.3652024	1.9992051	1.9846656	3.119443	2.4743395	3.3477855	2.0577211	3.4055345	2.8742359	1.8430203	1.1451283	2.0916321	3.3209047	3.288475	2.6186037	3.174549	1.7911546
JAK1_8934	7.362933	7.423995	6.5023327	7.3374577	6.925305	7.280055	6.756925	6.730886	7.7667575	6.584386	6.1745195	7.6227283	7.832233	7.0060015	7.910912	5.781468	6.416804	6.60809	7.7300076	7.5639887	7.5945854	6.856049	7.3486795	7.842511	7.6033463	7.6195664	7.329278	7.8386426	6.378517	8.014538	7.239133	6.5926023	6.372569	7.056319	7.6854095	6.3208814	6.5684466	7.2441835	7.538299	6.9179664	7.0645576	7.6920543	6.5558558	7.435259	6.483026	6.839557	7.5241103	7.298405	6.6341896	7.2307754	7.4005175
JAK2_8935	5.817026	6.567877	6.0210533	6.279799	5.9460244	6.024587	5.82577	5.9316764	6.7872686	5.7634306	4.8997808	5.7936387	6.1947274	6.573392	6.326065	6.161572	5.5696816	6.434324	6.0497994	6.872491	5.6882873	6.2202835	5.60213	6.3893156	5.7717032	5.7149057	5.9137754	6.0454555	5.9667683	6.0129905	6.387419	5.698733	6.0732465	6.3800554	6.749191	5.5067577	6.3504543	6.685091	6.5460396	6.229214	6.8118243	6.320226	6.168322	6.802452	6.1054444	6.6369357	6.7413034	6.4226418	6.111148	5.431345	6.524408
KAT3_32958	9.260425	9.519024	9.275095	9.204338	9.549336	9.3651905	9.234289	9.283996	9.068668	8.979436	8.715149	8.900184	9.162435	9.416385	9.202811	9.149857	8.648459	9.372245	9.291264	9.407094	9.242291	9.19159	9.015963	9.440953	8.746266	8.850047	9.077839	9.101543	9.351907	8.807414	9.085751	9.123569	9.500472	9.3758335	9.099097	9.0226965	9.176155	9.709678	9.151494	9.541527	9.7851095	9.194416	9.2694025	9.048536	9.196815	9.975047	8.986332	9.204827	9.181674	8.987234	9.257206
KAT6A_8940	4.0645385	3.8933594	2.3701787	3.0594068	2.2602103	3.8482714	2.951459	3.4732275	4.8348827	2.8265579	2.0551069	4.5102053	4.412865	3.781712	4.1832037	3.3887968	2.2451668	2.4073083	4.456222	4.5724864	4.119342	3.9295027	3.6371455	4.06339	4.545173	3.8773775	4.096819	4.234818	2.8125298	4.1198797	4.30899	3.2463703	2.3879235	3.8792007	3.9572527	2.4585645	3.5959105	2.6151845	3.8749332	2.9792266	3.8365083	4.1315517	2.8742359	4.30452	3.1498733	3.142335	4.0370674	3.176305	2.4591324	3.4641607	4.1879597
KCTD5_8949	3.3839397	2.435626	3.326985	2.9391065	3.1011837	3.1002145	3.1634846	2.6667733	2.5711837	2.8265579	2.0551069	2.7586064	3.1312993	2.8829715	3.531564	2.109709	3.4794793	2.9569383	2.1990027	3.6740434	2.1892972	3.0212092	2.930607	3.2424362	2.884577	3.8118882	2.8961248	3.5948293	3.0559347	3.251095	2.9880874	2.7354863	2.570392	3.3762684	1.9138626	2.905972	2.9363732	3.2220936	3.242334	2.6239195	3.6308496	2.7791781	3.2066107	3.4200125	2.6898494	3.940554	2.617958	2.4290519	3.2257414	3.2776825	3.1696014
KDELR2_8950	7.7223268	7.342338	6.782885	7.0845013	6.9783125	7.691415	6.9832406	7.093129	7.327214	6.513985	6.7707887	7.722401	7.693472	7.0606227	7.72982	6.888532	6.8567324	6.982483	7.7340693	7.3851795	7.466832	6.9309044	7.2998915	7.305486	7.751761	7.6758676	7.5782228	7.826444	6.7162924	7.6783934	7.0363297	7.066155	6.935173	7.211929	7.3172092	6.9473157	7.6748457	7.4954195	7.507661	7.6974473	7.0439553	7.163399	6.868863	7.4619713	6.6662965	7.3585634	7.6494074	7.1651616	7.248242	7.1310077	7.148604
KDM3A_8952	5.048467	4.526692	2.3701787	4.1969485	2.6569214	4.1618156	3.7274868	2.7958763	4.516664	3.1072266	2.7783492	3.7883198	3.8809977	4.225969	4.5102134	2.9320772	3.334152	3.2644873	4.456222	3.9731874	3.8610783	3.7375457	4.0049734	4.878458	4.7978716	3.9400225	3.9838378	4.234818	3.1287267	4.2247515	4.1164427	3.013425	3.0101936	3.1603029	4.5751534	2.5840793	3.0694053	3.8538375	4.110652	3.8847218	3.7711594	4.9223433	2.4416173	4.2564993	2.93812	4.268201	4.2468505	3.4896183	2.762189	4.6488495	4.5328317
KDM5A_8954	6.456817	7.0788417	6.0962586	6.687078	6.4747963	6.796177	6.428106	6.323049	6.841574	5.8674827	5.4537797	6.737904	6.671139	6.42664	6.6912327	6.1031203	5.7380347	6.338905	6.605481	7.4165626	6.3228383	6.2202835	6.5413003	6.8713074	6.8411064	6.422677	6.2915096	6.569234	5.9568067	6.4406905	6.7809167	6.1790214	6.4208984	6.3800554	7.034566	5.568818	6.3240676	6.862425	6.409075	6.8692317	6.778956	6.684131	6.4237595	6.7427034	6.261693	6.839557	7.023616	6.5292335	6.1894636	6.6538067	6.747316
KDM5B_8955	2.4342844	2.594546	1.9183995	2.3223944	2.011671	2.3445714	2.5603254	1.9899611	2.5711837	1.59992	1.70226	3.0088224	2.372859	1.2732412	2.3107724	1.9419785	1.3803144	1.5083932	1.7631619	2.2253819	2.3986237	0.5602896	2.0039802	2.38735	1.8294263	1.5639434	2.077968	2.4159133	2.284903	2.786402	2.895092	0.77186805	0.7703406	2.9062183	1.9138626	1.9992051	2.2317815	2.455791	2.2945795	2.3267155	2.7428484	2.7791781	1.5358759	2.2872965	1.7753943	2.7807593	3.011828	2.6126575	1.1924393	1.588432	1.5087776
KDR_8956	5.102316	6.884839	5.9087105	6.47631	6.1751957	5.3234696	6.2305183	6.200128	6.867979	6.3971505	5.51195	5.205009	5.399156	6.9492307	5.581279	5.3502326	5.9145713	6.4032135	5.2061815	6.6370025	5.6882873	6.309308	5.390609	6.4603715	5.1746025	5.0425544	5.2861795	5.702524	5.8206253	5.629458	6.052671	5.9505434	6.1469316	6.3925047	5.7440305	5.6713862	6.0459146	6.4086246	6.452619	6.4055705	6.5834355	6.02187	6.1426916	5.0311365	5.747041	6.4770637	5.81358	6.045487	5.8629417	5.2145143	6.911146
KEAP1_8957	3.4683857	2.435626	1.6252826	1.5853512	2.6569214	2.8894746	0.689121	1.1302094	1.9352914	2.6036353	1.70226	2.2764814	3.2264056	2.3926249	2.3107724	1.275699	2.2451668	2.0267587	1.483266	2.4360592	2.581391	2.9343114	3.0402825	2.8167326	3.0042105	3.24468	2.765496	2.9534101	1.8408495	2.482375	2.3110406	0.77186805	1.2698381	1.6624343	2.5470278	2.5840793	2.2317815	2.2765746	2.778033	2.1514747	2.0577211	2.2424579	0.7077145	2.7702174	1.7753943	1.5643196	2.074421	0.7915216	1.5499562	3.3739324	1.1573405
KHK_8958	8.1791115	8.132985	8.2579	7.987371	8.356456	8.253535	8.3601055	8.185335	8.061852	8.036313	8.138842	7.9488153	8.17094	7.901245	8.321476	8.087294	8.041104	8.521703	8.297687	8.194274	8.137471	7.902265	7.918172	8.057472	7.9323	8.133374	7.895715	8.036942	7.951873	7.8724656	7.7279086	7.797279	8.160334	8.210574	8.085278	7.602572	8.037587	8.688051	8.103701	8.309092	8.324142	8.005121	8.057001	8.049498	7.8606315	8.286435	8.056859	8.178441	8.309274	7.910065	8.059502
KIT_8968	1.8143951	2.594546	0.76129264	3.2735412	1.7112163	1.1146706	2.0220141	2.6667733	3.3476372	2.0168164	1.4871172	2.0718052	1.4809296	2.1835182	2.9264696	0.5594628	1.6496927	1.1570135	2.375796	3.2961977	1.9443585	1.7539579	1.488839	2.5451083	2.451389	2.091197	1.1946218	1.2901436	1.1960433	2.3023815	3.07545	1.6426728	0.7703406	1.2890483	2.853671	1.9992051	1.3096737	2.0718946	2.9088483	2.7523265	2.261813	2.2424579	2.0586884	3.2341504	2.2125611	1.5643196	2.279205	1.6747757	0.7160639	1.8782536	3.1696014
KLHDC2_8970	3.8918242	4.6403866	5.1315656	4.790639	4.7831573	4.419234	5.237948	5.219618	4.603037	4.5132446	4.7627525	4.4690537	4.1471977	4.7663426	4.5102134	4.653045	4.5837555	4.9022617	4.5328355	4.8178773	4.4831705	4.0988927	3.7053368	4.5465183	3.9713368	3.8773775	4.041434	4.3754215	4.7220135	3.8185487	4.30899	4.5631175	5.064406	5.1557508	4.770701	4.553574	5.0675874	5.3481746	4.2651753	5.6036453	5.1098113	4.4806437	4.7528453	4.155379	4.306021	5.01427	3.5753076	4.518974	4.9637804	4.1478653	4.4939694
KLHL24_32733	3.9517226	3.200062	1.6252826	2.5029805	2.2602103	3.788687	2.4022055	2.1911569	3.1321692	1.823375	1.8894439	4.2436	3.4790516	3.1364734	3.9565632	1.5335042	2.5384767	2.2295449	4.4163337	3.831355	4.2329803	2.841842	3.7704499	3.415899	4.333043	3.340682	3.4149964	4.1974163	1.4443876	4.414069	2.6889215	1.9373132	3.1313257	2.4144073	3.2179284	0.0	3.1911995	2.6151845	2.6341627	2.3267155	3.1029732	3.2525284	2.6006784	3.5846395	2.5476058	3.142335	3.8569224	2.6126575	2.075009	3.0634718	3.6655471
KLHL9_8972	3.294242	3.5496664	3.326985	4.298234	3.7957757	4.0135446	3.3483052	2.914369	3.849662	3.6644573	2.4615827	3.9762692	3.9934368	3.923187	3.9565632	3.513724	3.334152	3.066902	3.2296562	3.9731874	2.889376	3.0212092	3.4902585	3.9550858	3.8488257	3.141831	3.7272735	3.7055392	3.5019276	3.437199	3.5111294	4.0500264	3.4435291	3.7302246	3.5936723	3.2469792	4.046838	3.4077816	3.1395056	4.4367547	3.6308496	3.9935026	3.104098	3.7323904	3.3344872	4.113659	4.3413115	3.580566	2.6186037	3.2776825	4.3271203
KLKB1_32603	9.041874	9.120649	8.953749	8.734162	9.219474	8.810949	8.779415	9.064508	8.825387	8.88961	8.86495	9.054205	8.819562	8.942527	8.779406	8.8155775	9.091623	9.140367	8.551235	8.828648	8.805836	9.052811	8.925944	8.824051	8.441698	8.498523	9.012734	8.601401	8.887356	8.729357	8.819298	8.681697	9.262633	8.67283	9.0320215	8.658938	9.274171	9.3687315	9.164646	9.310731	9.359892	8.962777	9.049126	8.710455	9.207203	9.225577	9.122248	8.997652	8.936904	8.800688	8.929691
KMO_8974	6.233717	6.7812257	6.2622066	6.109099	6.386041	6.9054046	6.32169	6.188416	5.7538285	5.8799767	5.6478744	6.2229366	6.48172	6.048407	6.7366	5.43166	5.780733	6.542978	6.446237	6.3424187	6.2300744	6.3264723	5.991632	6.4702425	6.101815	6.3437805	5.5470214	6.390198	5.7531576	6.098276	6.008956	5.8829684	6.270765	6.6318235	5.6276917	5.780319	6.4993787	7.5005345	6.1950135	7.257932	6.859764	6.2308826	5.97854	6.173109	5.958581	7.2075367	6.2869196	6.12318	6.624825	6.1683593	6.38268
KNG1L1_32433	6.5175333	6.373297	4.354751	5.615281	6.1902523	6.6943245	5.454869	5.3088636	5.6762624	2.8265579	5.3136296	6.3643055	6.538424	5.867652	6.240467	4.2480316	4.2200017	4.7784185	5.3186493	4.779769	5.0150394	6.3264723	5.369748	4.878458	6.557953	6.538548	5.8507323	6.3309855	2.406994	6.3964753	6.3440967	4.5192814	4.79782	4.7541404	7.3358693	4.5839467	5.1298456	5.9514785	5.3473864	4.775837	5.6896486	6.4838533	5.0012403	7.380302	6.130612	6.1191134	6.136968	5.439362	2.2798173	6.141264	5.2678723
KNG1L1_34113	8.862355	8.58511	7.94856	7.8647666	8.4056635	8.599657	8.207096	7.9524374	8.23752	8.246306	7.9010677	8.848974	8.64335	8.242362	8.828423	8.023062	8.665648	8.482552	8.786505	8.826313	8.34129	8.446489	8.442417	8.835551	8.171528	8.73551	8.373255	8.49174	8.079007	8.476768	7.872132	7.3613095	8.022266	7.953424	10.443665	7.5106983	8.460365	8.546857	8.791298	7.6405034	8.685078	8.418754	8.63212	9.16041	7.9339457	9.435894	8.884126	7.9922132	7.872201	8.490345	8.029243
KNG2_8975	10.846779	10.659618	10.593679	10.343768	10.519604	10.498016	10.337139	10.14875	10.435703	10.468412	10.415832	11.158724	11.1072645	10.0130625	10.760562	10.138921	10.298082	10.766528	11.000999	10.840798	10.717547	10.545863	10.669037	10.965998	11.297288	11.220048	11.136148	11.160061	10.467657	10.951624	10.550059	10.735226	10.566129	10.834881	11.057854	10.098289	10.5087185	10.468968	11.286735	10.266561	10.101527	11.086913	10.717207	10.852178	10.623302	10.6232815	10.75673	10.264879	10.329831	10.5395	10.914654
KPNA1_32317	2.98588	1.5310675	0.76129264	2.1159258	1.3312725	2.5012665	2.7028143	1.4768263	1.2703954	1.823375	0.92724514	2.6150863	2.6721666	2.1835182	2.7953992	1.9419785	1.6496927	0.0	2.8044732	2.4360592	2.581391	1.9438806	2.6825488	2.38735	2.0677924	2.7802737	2.8961248	3.273985	0.5163865	3.0373778	2.3110406	1.2719984	1.6401663	1.6624343	2.3652024	0.0	2.4426951	1.8332981	2.2945795	1.4443535	1.1797101	1.6473541	0.7077145	3.0207527	0.0	1.2047167	2.074421	2.7755125	0.7160639	2.506785	2.027206
KPNB1_32711	5.8645453	6.148321	5.3439584	5.3344693	5.5387664	6.0628176	5.0102134	5.491516	5.551485	4.952388	5.246685	5.578341	5.8511004	5.0392876	5.412633	5.1909714	5.0237255	5.6317782	5.746234	5.902593	5.302209	5.13622	5.431446	5.727719	5.53396	5.5030246	5.6244464	5.7158117	4.877955	5.6484346	5.6305075	4.646986	5.5505533	5.397274	5.607356	4.6994205	5.616557	6.172674	5.832576	6.149827	5.9917026	5.598426	5.0571885	5.532412	5.1994333	6.0210595	5.797008	5.2021847	5.4187	5.4969387	5.908381
KRT18_8977	5.533195	5.230354	5.0430994	5.426834	5.0374327	5.846107	5.1158886	4.825013	5.237227	5.044063	4.6890273	5.8903265	6.134694	5.0392876	5.917009	4.4800982	4.7361727	5.096293	4.978596	5.693029	5.4967923	4.834144	5.390609	5.660333	6.0747385	5.883769	5.715727	5.9247727	4.979849	5.874792	5.2535195	4.9072104	5.094515	4.935233	6.1476364	4.7538667	5.4798193	5.074023	5.32413	5.0249915	5.187006	5.598426	4.882382	6.320519	5.0225058	5.461475	5.7802434	5.2856517	4.593174	4.95923	5.1726503
KRT8_8978	6.12084	5.73579	4.9809566	5.235784	5.441446	6.3677535	5.165958	5.5475993	5.791102	5.2697215	5.2805457	6.6112394	6.8234167	5.599045	6.771894	5.246035	6.105824	5.196475	6.1865077	6.0379024	5.874932	5.13622	6.569017	6.4504323	6.5183067	6.75437	6.551471	6.675063	5.164296	6.4623003	5.3442636	5.4645452	4.869225	5.4928746	6.22975	4.9989734	5.5498075	5.842908	6.6985087	5.569188	5.374692	5.8591413	5.308379	7.374689	5.2690854	6.0497613	6.188703	5.83994	4.704046	6.380178	5.37869
KYNU_8979	5.128505	5.515066	4.7766476	5.235784	5.0037384	5.4248013	4.60095	4.698608	5.153837	4.8544893	4.3494563	5.3927565	5.478582	5.371058	5.0879884	4.510401	4.55124	5.0701213	5.713692	5.4718666	5.221896	4.354535	4.3413258	5.1725183	5.90065	5.883769	5.108945	5.3402414	4.649651	5.333679	5.176577	5.4874773	4.3756533	5.268111	5.3379383	4.9989734	4.534984	5.229972	4.572019	5.6701846	5.1617303	5.5663204	5.5022364	5.291572	4.9953613	5.279571	4.871027	5.0191975	5.3292794	4.79509	4.678589
LAMA3_8980	3.6955848	2.257008	0.76129264	2.9391065	2.472159	3.522194	2.0220141	3.023864	3.1321692	2.0168164	2.3383918	2.7586064	2.8013556	2.7372885	3.3566325	1.275699	1.6496927	1.1570135	3.9968476	2.4360592	3.3587008	2.3981004	3.2374017	1.773262	3.6430259	2.6363633	3.4149964	3.410996	2.004529	3.8185487	2.6889215	1.9373132	2.8779507	1.6624343	2.5470278	2.1691005	2.9363732	1.8332981	3.5130224	2.7523265	3.3909214	2.5356345	1.1804214	2.0821931	1.4944088	2.6368403	3.4953897	2.6126575	2.075009	3.174549	1.5087776
LAMC1_8981	6.6945	6.211009	4.7766476	5.44903	5.776807	6.6861835	5.7782736	5.903299	6.1903405	5.7362013	5.5261335	6.6393337	6.3922524	6.048407	6.4180503	5.383357	5.6486483	5.3348007	6.278379	6.6370025	6.008604	5.856683	6.341522	6.292493	6.1544905	6.3321486	6.372288	6.3566604	5.164296	6.255067	6.494323	5.3187275	5.46094	5.5825324	6.4398417	5.4083557	5.2184687	6.341801	6.1950135	6.680368	6.2170005	6.2910557	5.759956	6.536984	5.0753083	6.2361183	6.188703	6.4348817	5.5232043	6.2593746	5.816872
LAMP1_33255	7.390249	6.9742966	6.5672135	6.6587887	6.995558	7.4769425	6.5272083	6.905574	6.641826	6.7432675	6.488831	6.9546423	7.414263	6.4962306	7.480642	6.1899333	6.570727	6.7384434	7.3506866	7.1364903	7.199615	6.7833257	7.1489053	6.9927015	6.9494176	7.0238786	6.9626584	7.321997	6.52729	6.5756927	6.6012273	6.3005395	6.84063	6.890677	6.8038297	6.2843556	6.463564	7.579998	7.0849233	7.3822265	7.118101	6.5009394	6.4448857	7.2016296	6.6047654	7.0741873	6.9654803	7.1354704	6.661925	7.1717467	6.747316
LAP3_8984	9.099279	9.712352	9.601083	9.601114	9.87467	9.155641	9.707667	9.643756	9.275141	9.355499	9.324553	9.285129	9.419273	9.520262	9.433834	9.663668	9.409908	9.9803915	9.243621	9.583366	9.27251	9.2456	8.954245	9.2174425	9.144819	9.22501	9.115201	9.036842	9.75542	9.473412	9.353813	9.572777	9.575778	9.898666	9.283425	9.7654705	9.75844	9.913245	9.505585	9.705175	9.70645	9.383632	9.7770405	9.137393	9.6678505	9.434535	9.125569	9.552482	9.6226015	8.998601	9.782635
LBR_8986	3.548161	4.1707234	2.552146	4.143508	3.5377576	3.7265353	3.9722536	3.5484548	4.221371	4.3066416	3.2578542	3.5721645	3.9383125	4.279584	3.8938673	3.100898	3.6114979	3.3539796	3.697336	4.2766256	3.7885811	3.254318	3.7704499	4.754689	3.8488257	3.141831	3.9838378	3.8083558	3.8421152	4.50016	3.8941805	3.013425	3.534197	3.9482906	4.6565795	3.642881	4.2285304	2.455791	3.9976015	4.5470986	4.646217	3.9443858	3.4765677	3.8009534	3.840789	4.268201	4.0370674	4.1546707	3.980205	3.4641607	4.2358537
LCK_32705	1.1754036	3.2957203	2.552146	3.3697603	2.472159	2.5012665	2.7028143	2.1911569	3.0110276	2.6036353	2.4615827	2.0718052	1.9947519	2.1835182	2.1047523	2.2599542	1.6496927	2.9569383	2.5332706	3.400333	1.9443585	2.1116846	2.2057867	2.8167326	2.0677924	1.851524	1.8390311	2.1285868	2.1515164	1.5686922	2.7956865	2.7354863	0.7703406	2.4144073	2.3652024	1.3212922	2.4426951	4.089322	1.8496284	3.6410902	3.555222	2.2424579	2.99374	3.1313937	2.0104735	3.3411944	2.4585013	1.9721766	2.2798173	2.1194797	3.3545144
LCN2_32481	1.8143951	4.010777	4.1440635	3.0594068	3.7957757	3.1002145	2.0220141	2.7958763	2.8787735	2.4777672	2.8701653	3.7198045	2.6721666	2.3926249	2.6512198	2.5203478	2.7821121	2.837896	1.9974787	5.5188947	3.0217755	3.324341	4.781215	2.8167326	2.6106799	2.6363633	3.1264923	4.234818	3.1287267	1.2084577	4.379347	2.8811386	2.570392	3.9482906	3.8226066	3.3913584	3.1911995	4.089322	4.9817553	3.1752434	4.6822133	4.514691	3.9002123	5.7561126	2.93812	4.268201	3.65103	3.965136	4.5142236	2.1194797	2.708643
LCP1_8988	1.8143951	4.0660863	2.8589911	3.9074347	3.335922	2.9986892	3.7926803	3.6199527	4.047455	3.4797902	2.4615827	3.4076753	3.2264056	4.170284	3.446748	3.178435	3.1725283	3.3539796	3.2296562	4.7003927	2.581391	3.180722	2.6825488	4.010254	3.8488257	2.4764907	2.621851	2.65541	3.0559347	2.3023815	3.3096738	3.3501055	4.0465603	3.4732254	4.138241	2.6995428	3.5048723	3.49237	3.5130224	3.1752434	3.7027097	3.6083453	3.5563867	3.504673	3.573486	3.142335	3.8569224	3.6661186	3.7236884	1.2253668	3.9212723
LGALS1_33266	2.736285	3.6971037	3.111882	3.6250265	2.6569214	2.5012665	2.951459	3.2206914	4.047455	2.719398	2.956486	2.455695	3.0294778	4.112363	2.7953992	2.9320772	3.334152	3.5178556	1.7631619	4.5724864	2.3986237	3.0212092	1.769281	3.4953887	2.6106799	2.091197	2.8961248	3.5361161	2.1515164	2.786402	2.4482956	3.7797458	3.0101936	3.1603029	2.853671	3.642881	3.1911995	4.8991494	3.5130224	3.8275614	5.396525	3.1694758	3.2066107	3.3300724	3.2451313	4.362736	3.011828	3.176305	3.321599	1.8782536	4.4129558
LGALS3_8989	3.294242	2.987318	1.6252826	3.0594068	2.2602103	1.735917	1.153547	2.7958763	2.8787735	2.4777672	0.53686917	1.1900772	1.4809296	2.7372885	2.3107724	1.5335042	1.0488179	2.2295449	0.6768118	3.400333	1.2775879	2.2619886	1.769281	1.773262	3.4874642	0.7243909	3.0159018	2.4159133	4.599311	2.0966876	2.159341	1.9373132	5.094515	2.204507	5.478927	0.9994701	4.787609	2.7587066	4.721904	2.9792266	5.0282516	2.3964808	2.4416173	2.2872965	1.7753943	0.72461534	5.257627	2.7755125	1.8362379	1.8782536	1.1573405
LGALS3BP_8990	5.179499	6.596336	5.0123625	5.615281	5.4663982	5.04658	5.841261	5.433164	5.9478507	5.379389	4.5007634	5.8427925	6.519769	5.556239	5.750066	4.990584	5.601789	5.3348007	5.5389676	6.1467075	5.784626	5.57008	4.3835616	6.102475	5.342922	5.6968794	4.9068465	5.390823	4.649651	5.4464016	6.2994328	5.2126255	5.752894	5.5825324	6.7767687	4.881619	5.5268536	6.1598	6.431011	6.4345717	6.3460236	5.80514	5.084369	5.5121055	5.4598856	6.1722903	5.9547386	5.8762965	5.7640386	4.79509	6.2254972
LGALS8_8992	5.8008323	5.050063	4.494753	5.28597	4.5694714	5.642388	4.564081	4.1411605	5.6562014	3.7211092	3.115025	5.4573073	5.97952	4.942882	6.0233445	4.6256223	4.13479	4.370112	5.5202723	5.564438	5.8214293	4.512859	5.167044	5.6944194	5.915987	5.7149057	5.4652047	6.3818865	4.493033	6.303759	5.361747	4.68716	4.5157533	5.2130246	5.5867295	4.2843966	5.4798193	5.1279006	5.2018695	4.8057427	4.881152	5.749038	4.0729947	5.4915085	5.126247	4.9241333	5.581701	5.230547	4.871772	5.3149257	5.044041
LGMN_8994	5.2043357	5.2543645	5.0123625	5.850239	5.7567186	4.968176	5.037367	5.372352	5.791102	5.529685	4.94271	5.597562	5.726485	5.070042	5.677475	4.055957	5.752408	4.9604125	4.978596	6.3424187	5.8573174	5.746225	4.9869895	6.1523767	5.3654413	5.1257567	5.025772	5.805548	4.91958	5.4891353	5.6305075	4.427398	4.760747	4.547009	6.1476364	4.391308	5.503528	5.205123	5.6760535	5.0249915	5.283899	5.5824623	5.0294857	5.5916724	5.9444575	5.802365	6.110388	5.1135902	4.593174	4.397271	5.441312
LHPP_8998	2.5931726	2.987318	2.3701787	2.9391065	2.472159	2.1687598	2.4022055	2.6667733	1.2703954	2.4777672	3.115025	2.0718052	2.5302608	2.7372885	1.2144328	2.5203478	2.5384767	3.066902	2.9230795	2.2253819	1.2775879	2.841842	2.6825488	2.6873035	1.8294263	2.2966683	1.8390311	1.769436	1.4443876	2.0966876	1.7976378	0.77186805	1.9345882	2.597612	1.6211139	2.5840793	1.9846656	2.8892338	2.6341627	2.6239195	3.2054758	2.2424579	1.5358759	2.6264875	2.0104735	2.297121	1.5494484	1.6747757	2.4591324	2.9431233	2.5660443
LIG4_32329	3.4683857	2.987318	2.1619017	3.0594068	2.472159	3.2840576	1.5043167	2.3676975	2.5711837	2.6036353	1.8894439	4.0338454	3.1312993	2.3926249	3.3566325	1.5335042	0.0	2.2295449	3.7624195	2.6198554	3.0217755	2.5224707	3.4902585	3.4953887	3.3130789	3.0310833	3.1264923	3.1225834	2.004529	3.8840604	2.6889215	1.2719984	1.2698381	1.6624343	2.157111	1.8065978	1.6862907	2.6151845	2.9088483	2.4829574	3.1029732	2.887088	2.99374	3.504673	2.0104735	3.031582	2.4585013	2.4290519	1.8362379	3.0634718	2.838406
LIN9_9003	1.8143951	2.594546	1.2570211	1.5853512	1.3312725	2.3445714	2.4022055	1.4768263	2.3886938	1.823375	1.4871172	2.455695	1.7605959	1.6441145	2.4910152	0.96157944	2.072621	1.1570135	1.9974787	2.4360592	2.1892972	1.7539579	2.3827975	2.2101986	3.0042105	2.091197	2.282898	3.2002692	1.6561947	1.2084577	1.7976378	1.6426728	2.570392	1.9587818	1.9138626	1.3212922	1.9846656	1.8332981	2.6341627	2.6239195	2.4405787	1.3782007	2.0586884	2.0821931	1.4944088	2.0916321	2.7615314	1.6747757	2.2798173	2.1194797	2.027206
LIPA_9004	6.292809	5.769504	4.1440635	5.8164897	4.014574	6.7885923	4.636899	4.884291	6.1478705	4.7764435	4.2504177	6.5825872	6.6879463	5.419629	7.211745	4.4175134	4.178025	3.9781444	6.8117304	6.571593	6.5035553	5.44992	6.657738	6.70571	6.6707454	6.9798307	7.1769867	6.8174596	4.005659	6.956812	5.997817	4.646986	4.6434445	5.0961084	5.7440305	4.45842	5.406262	5.370696	6.452619	5.3833585	4.6822133	5.818831	4.851072	6.586381	5.0491486	5.584275	6.7326155	5.946371	5.022013	6.0996428	5.8325324
LIPC_9005	8.197783	8.71407	8.395273	8.4504175	8.659358	8.253535	8.633572	8.664704	8.507617	8.722765	8.456509	8.828784	8.581731	8.374513	8.92565	8.061943	8.6310625	8.608367	8.603236	8.876829	8.619867	8.2080145	8.270199	8.637346	8.168329	8.715504	8.48386	8.572476	8.141907	8.265623	8.262547	8.432719	8.564282	8.610251	8.461713	8.275068	8.519701	9.1106	8.373811	9.027942	9.09201	8.564027	8.234309	8.387159	8.267513	8.79236	8.351698	8.557203	8.443171	8.146439	8.527114
LMO4_32889	5.848879	5.2779818	4.622362	5.0155153	5.0037384	6.251187	4.7723575	5.074458	5.414885	4.8289404	4.5571055	5.826593	6.1947274	5.5778008	5.343936	4.4175134	5.2018666	5.096293	6.244609	5.848391	5.8214293	4.9714136	5.688898	5.727719	6.381372	5.8351526	6.0741563	6.195273	4.877955	5.858587	5.176577	4.9072104	4.8339643	5.033894	6.0455284	4.6994205	4.580281	5.890442	5.58115	5.4792633	5.283899	5.4479666	4.786336	5.9037127	4.820807	5.373388	5.998881	5.082807	4.9637804	5.9358535	5.37869
LOC100134871_32288	10.734035	11.001236	10.937829	11.151388	9.74174	10.03605	10.037679	10.766654	12.015303	11.1302395	10.77589	10.3633175	10.1887455	11.035437	10.484236	10.575003	10.675764	10.267721	9.337382	11.199912	10.138189	10.233078	9.7119665	11.080782	10.149233	10.067733	10.513002	10.262388	9.884518	9.707438	10.462627	10.885227	10.519034	11.026785	10.624662	9.956769	10.927165	11.411217	11.366803	10.919616	11.026686	10.631218	11.272088	9.853967	10.288664	10.693741	10.455878	10.775581	10.512304	10.517938	10.947386
LOC100360552_9018	4.358093	3.2957203	2.552146	3.1704433	2.472159	4.885265	3.1634846	2.914369	2.7331607	3.3420844	2.8701653	4.1939507	3.6258323	3.2482674	4.705393	2.8396301	3.4086447	3.066902	3.4823647	4.432127	3.4555352	2.9343114	4.109333	3.9550858	4.0289	3.4306927	4.5968914	3.5948293	3.4460533	4.1198797	3.9414568	3.4468794	3.2430704	2.7601511	3.7502577	3.458468	2.7898166	3.2220936	3.8749332	4.0437536	3.8365083	3.5438585	2.6006784	4.2564993	3.3344872	3.812416	3.5753076	3.4896183	3.4960926	3.174549	2.838406
LOC100361830_9029	3.1985953	2.053109	1.9183995	2.3223944	1.7112163	3.1002145	2.5603254	2.7958763	2.7331607	2.1873605	1.2341714	3.2219887	3.2264056	0.77274704	3.531564	1.7521499	1.3803144	2.837896	3.6291769	3.0622413	3.0217755	2.5224707	3.0402825	3.3317733	2.884577	3.141831	3.0159018	3.2002692	1.8408495	2.3023815	2.4482956	0.77186805	1.9345882	1.6624343	3.5085077	1.3212922	1.6862907	2.2765746	2.4743395	1.1027291	2.992627	3.2525284	2.7439313	3.2341504	2.0104735	1.2047167	3.122376	2.2186248	1.1924393	2.8118143	2.838406
LOC100362324_9030	4.0645385	3.6971037	4.4495783	4.1969485	4.6148157	3.8482714	3.4325337	4.280068	4.7236123	2.8265579	3.617124	4.1939507	4.286138	3.9890406	4.2347074	4.1358805	3.4794793	4.570107	4.4163337	4.2766256	3.6316473	4.1766696	3.2374017	4.010254	3.9713368	3.8773775	4.251255	4.5926595	4.2858334	3.602016	3.7422786	3.9870539	4.1068897	3.8792007	3.9572527	3.5839908	4.389879	5.018054	4.2651753	5.441663	5.0831337	4.445774	4.0176687	4.30452	4.01308	4.8279877	3.4107835	3.8233604	4.0377917	3.629271	3.3545144
LOC100362453_9031	8.270146	8.0462475	7.199199	7.8143616	7.337372	8.333897	7.6305285	7.3617196	8.196436	7.427389	7.402211	8.395715	8.3870535	7.6848345	8.30651	7.0774875	7.4441957	7.7106485	8.411121	8.526048	7.991699	7.4719863	8.201028	8.309192	8.404123	7.9361897	8.489044	8.440637	7.3509283	8.127051	7.847523	6.9553757	7.3638372	7.2670565	8.500825	6.8318396	7.50906	7.5258403	8.255862	7.563824	7.5173154	8.229277	7.099518	8.265057	7.1139836	7.3756685	8.334576	8.192927	7.376537	7.972887	7.912527
LOC100909675_9046	3.1985953	3.097608	2.1619017	3.7009778	3.628988	2.5012665	2.5603254	2.914369	3.6203768	2.4777672	2.3383918	3.4922628	3.0294778	3.0152833	2.6512198	3.252017	1.8765994	2.0267587	2.1990027	3.400333	3.1430392	2.3981004	2.5404441	3.8379865	2.884577	3.5154157	3.0159018	3.7055392	2.406994	3.437199	3.9414568	2.8811386	3.1313257	2.4144073	2.9855762	1.5842559	3.0694053	3.2220936	3.8749332	3.7680426	3.555222	3.1694758	2.4416173	3.3300724	3.2451313	3.8779073	3.011828	3.0546732	2.4591324	2.6673462	3.1696014
LOC100909929_32704	8.267202	7.890261	7.5435524	7.6372046	7.62464	8.42477	7.7461314	7.8483644	7.785348	8.282049	8.053284	8.007475	7.955344	7.6848345	8.014002	7.127221	8.280594	7.8440547	8.51864	8.254563	7.472628	7.5137944	8.739325	7.9201827	8.582913	8.315706	7.9717536	8.326172	7.552898	7.723833	7.544871	7.7073517	7.5600185	7.6814423	7.5587516	7.373986	7.6955776	7.9785604	7.796664	7.9526553	8.177376	7.710533	8.0117035	7.901226	7.6197267	7.820809	7.721432	7.652962	7.8602796	8.349481	7.6899047
LOC100910195_9055	5.1542273	5.5734925	4.581067	4.605421	5.5850706	5.0965776	4.487392	4.323549	5.0031567	4.269137	4.144076	4.6270533	4.7693586	5.1585584	4.8772855	5.7179646	4.7361727	4.1378617	5.462688	5.0911546	4.388235	5.0967493	5.0141287	4.936576	5.0687976	4.267662	4.9675345	4.7559257	4.54715	4.7313266	4.9640923	4.474071	5.2893295	5.445866	5.0672064	4.881619	5.5268536	5.810325	5.414987	4.6162353	6.241334	5.279969	4.366648	5.3838687	4.549402	5.395919	5.37393	4.809582	5.7295046	4.1478653	5.044041
LOC100910229_32519	2.8664734	4.779257	4.0259314	4.6823845	5.224576	4.2962584	2.951459	4.5600543	4.1077867	3.5440083	2.7783492	4.5102053	3.8213115	3.2482674	3.7596574	3.5723524	4.6771235	5.3348007	4.0499516	4.5272	3.2548962	4.571624	4.2066507	3.8379865	2.6106799	5.070825	3.2292056	3.474912	2.406994	1.2084577	4.1164427	3.013425	5.094515	4.1376824	4.2990336	3.753906	3.0694053	3.49237	3.6688373	3.5731628	2.0577211	3.5438585	2.6006784	4.206825	3.2451313	2.297121	3.4107835	3.288475	5.233948	4.034631	3.9212723
LOC100910669_9062	2.5931726	3.6971037	5.613402	3.6250265	5.5387664	3.4470994	5.712411	3.309873	3.6203768	6.325878	2.2036915	3.7883198	6.5840325	5.371058	5.9787283	5.33338	2.7821121	2.9569383	3.2296562	6.5262785	3.1430392	3.324341	4.297816	5.997174	3.0042105	2.911122	4.8434935	3.651246	6.090376	2.6423824	5.379021	6.220675	6.1179075	5.945656	4.1938534	4.4908404	6.4391837	4.929807	7.07102	5.7023377	3.6308496	3.6083453	4.786336	5.1672235	6.412955	6.5084205	6.605148	3.580566	5.99964	4.79509	6.911146
LOC100910792_33137	2.4342844	2.987318	2.713711	3.0594068	2.967741	2.1687598	1.153547	2.3676975	2.5711837	2.0168164	1.4871172	2.455695	1.4809296	2.8829715	2.7953992	2.9320772	2.2451668	2.2295449	2.675235	3.1839569	2.7435865	2.1116846	1.769281	3.6423242	1.8294263	1.5639434	3.1264923	2.5406258	2.004529	1.5686922	2.3110406	1.6426728	3.0101936	2.204507	2.3652024	2.3210802	1.3096737	2.6151845	2.778033	2.3267155	2.4405787	2.3964808	2.2628205	2.7702174	2.8193185	3.4312084	3.122376	3.288475	2.4591324	1.8782536	2.2300112
LOC100910973_9069	4.873696	6.704869	6.0210533	6.7949934	6.144603	4.3384256	6.253857	6.1526985	7.1376615	6.576731	5.4537797	4.80295	5.572084	7.029664	5.390095	6.14235	6.578815	6.224912	5.1094346	7.0510807	5.0150394	6.2018	4.9311295	6.592775	4.924599	5.1257567	5.378467	5.4072967	5.4321604	4.9611974	6.1664753	6.5819874	6.4327316	6.499964	6.602792	6.010184	6.2835593	6.8383875	6.245403	6.424969	7.169728	6.3582253	6.658896	5.267545	6.622615	6.98783	6.333629	5.414854	6.8822803	4.5697665	6.7960534
LOC100910978_33295	2.2557068	3.2957203	3.326985	3.3697603	2.011671	1.9685107	2.7028143	4.1411605	3.535067	2.8265579	2.0551069	1.5471903	1.4809296	2.5752249	1.8643311	2.2599542	2.7821121	3.066902	0.6768118	2.7828603	2.7435865	3.685282	2.0039802	3.1471999	0.7123662	2.4764907	3.7272735	3.474912	3.1287267	3.1481903	2.6889215	3.537568	3.7000437	3.1603029	2.5470278	3.1689827	3.5048723	5.018054	3.3383183	5.3431377	4.320462	2.6625395	2.4416173	3.0207527	2.6898494	4.6519713	1.8356827	2.9218345	2.2798173	1.588432	3.5183966
LOC100911177_9074	3.1985953	3.8308609	3.2234385	2.663456	3.335922	4.0135446	3.3483052	3.4732275	3.3476372	3.927788	3.324294	3.6478724	4.1471977	3.539506	3.6116695	2.9320772	3.546998	3.9207184	2.9230795	3.2961977	3.3587008	3.574707	3.410797	3.9550858	3.9713368	3.141831	2.077968	3.651246	3.1287267	3.437199	3.07545	3.2463703	4.3756533	3.4732254	3.6740885	2.9990726	3.1911995	4.291709	3.7408574	3.6410902	4.609299	3.6083453	2.6006784	3.1313937	3.4186301	4.1670337	2.7615314	3.580566	3.5760143	3.0634718	3.067424
LOC100911481_33186	2.5931726	0.0	0.0	2.8078547	3.4403665	0.0	1.7862632	2.7958763	3.7772083	2.0168164	0.0	2.0718052	2.8013556	2.7372885	2.6512198	2.5203478	0.0	0.0	3.0326717	0.0	0.0	2.9343114	3.2374017	2.8167326	2.6106799	3.4306927	2.077968	0.0	1.6561947	0.0	3.07545	0.0	2.7323515	0.0	2.9855762	1.3212922	2.6266706	3.6479805	2.6341627	0.6542548	0.70722115	2.887088	0.7077145	0.0	0.6833182	2.911615	2.074421	3.4896183	2.075009	0.0	3.2650185
LOC100911750_32851	4.2187696	3.6971037	3.7559724	3.3697603	3.7957757	4.2962584	3.2588525	3.688074	3.4443936	2.3398588	3.3878083	3.9162993	4.286138	3.62484	4.8445063	3.0189555	3.546998	3.8609118	4.3330874	4.039196	3.9301062	3.574707	3.8924718	3.2424362	4.4216714	4.267662	4.3457317	4.271274	3.2641406	4.50016	3.7422786	1.9373132	3.2430704	4.077273	4.2990336	3.0865276	3.9808064	4.469166	3.4283133	4.4367547	4.1250777	3.7292666	3.63202	3.9890227	3.573486	3.4312084	4.0370674	4.4722323	3.2257414	4.0923586	2.708643
LOC100912041_9098	4.99253	4.994124	2.8589911	4.6823845	4.014574	4.7355237	4.364126	3.9323316	5.5730453	4.343196	3.7194197	5.2542853	4.5293536	3.854183	4.4677963	3.5723524	3.732442	4.1378617	5.1342363	5.495572	5.0150394	3.9295027	5.390609	4.5465183	4.954615	4.892242	5.333061	4.992671	3.706012	4.9912386	5.2346654	4.1103654	4.1647973	3.8792007	5.096683	3.3913584	3.9808064	4.1940618	4.8249087	4.358206	4.7516193	5.319029	3.837692	5.1410136	4.01308	4.6519713	5.37393	5.1732535	3.2257414	5.4535427	4.454031
LOC100912163_9101	4.9637265	4.6403866	3.5141387	4.605421	4.318538	4.7355237	3.9722536	4.1889644	4.603037	3.7756202	2.4615827	4.6270533	4.602095	3.7054071	5.195874	4.8074613	3.7893128	4.4534655	5.1094346	5.0911546	4.2866096	3.9295027	3.8924718	5.1725183	5.2247305	5.0137186	4.810742	5.0774655	3.6075757	4.7313266	4.478839	4.68716	4.4238806	5.184672	4.9428797	4.0433984	5.00252	5.205123	4.921047	5.099319	4.6822133	4.643371	4.683437	4.67707	3.840789	4.8279877	4.47233	4.4722323	4.1464963	4.686823	4.3271203
LOC100912222_9102	3.1985953	3.6252677	2.713711	4.0880117	2.6569214	2.8894746	3.512115	3.393861	4.274977	2.719398	2.7783492	3.5721645	4.1950135	3.1364734	3.6116695	2.9320772	2.5384767	3.5933034	2.9230795	4.102316	3.1430392	3.391122	3.4902585	3.2424362	3.2172866	2.911122	3.9238462	1.9601587	2.8983095	3.3471458	3.07545	4.1103654	4.470548	3.4732254	3.8226066	3.458468	3.7623768	2.6151845	3.9976015	2.6239195	2.7428484	3.331059	3.3920732	3.5846395	3.573486	3.031582	4.386319	4.26847	2.4591324	3.5490766	3.5938473
LOC100912409_9106	7.142919	6.0693126	4.9488516	5.4708896	4.9692383	6.6614814	4.7396665	4.7631946	5.6960483	4.4808006	3.9045265	6.998684	7.074134	5.556239	6.8890367	3.834324	4.044227	4.4123907	7.4077444	6.2617702	6.733363	5.6675897	6.966422	6.70571	6.9039903	6.957292	6.9774895	6.963858	4.4078493	6.743936	5.6160107	4.0500264	4.0465603	5.5383997	5.76254	4.522548	4.787609	4.2437115	6.0179176	4.6162353	4.9117966	6.25122	4.7185583	6.785632	5.126247	5.0431056	6.333629	6.5961566	4.8397503	6.6441884	5.59612
LOC102549061_32836	5.276378	5.769504	5.7313366	5.426834	5.6734457	4.208036	6.0688534	5.736384	6.0741844	5.3437514	5.6084247	5.205009	4.6713443	6.605238	5.1696496	5.53845	5.2431655	5.667129	4.5328355	6.4187965	5.5193686	5.540965	4.058097	6.0242286	4.333043	5.204421	5.135637	5.2334256	4.9399505	4.6203685	5.2535195	6.247791	4.869225	5.604102	5.8688707	5.5381217	5.4798193	6.2353773	6.115968	6.2402067	6.6394405	5.690666	6.1426916	4.0466323	5.6632867	5.6606936	5.233197	5.230547	5.9099617	4.1478653	6.0490713
LOC102549726_32764	4.99253	4.268282	3.9630284	4.4379616	5.629935	5.36486	5.0102134	4.323549	4.904565	4.721964	3.7679703	4.959713	4.9192286	5.214689	4.551419	4.0964723	4.55124	5.2672954	4.5696683	5.0911546	4.338317	4.7602787	4.716597	4.848497	4.505169	5.1524577	3.9238462	5.0143414	3.798159	3.7499197	5.176577	4.9072104	5.340479	5.0653367	4.532649	3.9059012	5.274664	5.4147105	4.791384	4.5470986	5.3300095	4.4806437	4.22728	4.602197	4.939491	4.7601357	4.9023523	4.608145	4.593174	4.723822	4.1879597
LOC102551815_32699	4.9043345	4.0660863	3.326985	4.24848	3.7957757	4.2962584	3.7274868	4.091718	4.4714575	3.9751415	3.5070176	5.1277866	4.6713443	4.112363	4.551419	3.4526122	3.7893128	4.086562	4.8939905	4.480447	4.8819904	3.8367145	5.2378244	4.754689	4.8626266	4.8274393	4.9375095	4.9706697	2.9792736	4.6952806	4.3445973	3.4468794	3.534197	4.305072	4.910049	2.9990726	3.7623768	3.7884288	4.857672	4.5470986	4.320462	4.643371	3.7038848	4.482056	3.4186301	3.940554	4.4299655	4.6507454	3.65174	4.4860954	4.454031
LOC102553917_33088	9.692171	9.138499	9.544471	8.371268	8.796045	7.6375484	8.53937	8.863758	9.993295	7.0501146	7.6129017	9.226146	9.168435	8.983492	8.845089	9.483501	7.820112	7.969706	10.111944	10.292205	9.824761	7.532405	8.4222975	7.823385	7.3837667	9.582493	9.439624	9.503208	9.064789	8.672552	8.332933	9.048451	8.981727	7.8933716	8.619807	8.275068	7.860719	7.856212	9.572491	9.083931	9.538651	9.955145	9.073069	8.333199	8.500141	9.986227	9.184094	10.027896	9.353097	8.989135	8.858813
LOC259245_33313	16.036997	16.614134	17.184189	17.206215	16.967178	16.526028	17.31064	17.013668	16.690205	16.956287	16.993372	15.518062	16.321413	17.266361	15.66826	16.97259	16.882593	17.094616	16.30724	16.032164	16.32292	16.32059	16.348091	16.221249	15.816539	16.056683	16.095922	16.159878	16.89372	16.140976	16.836216	17.18316	17.11363	16.866589	17.220392	16.92702	16.748837	16.995329	15.931014	16.912092	16.866724	16.445974	16.610456	16.163511	17.178389	16.364006	16.170103	16.739626	16.738615	16.470634	16.762255
LOC287167_9118	7.747893	7.702308	7.384629	7.656409	6.8227572	6.919363	7.129204	8.033229	8.643742	7.5020347	7.277805	6.8937473	6.9402537	7.6547155	7.070068	7.4655685	7.0610785	7.1972113	6.8793087	7.786894	6.826832	6.9967155	6.674846	8.255977	6.9862103	6.887483	7.1179733	7.259855	6.493234	6.7172227	7.1362214	7.342566	7.628501	8.192889	7.057233	6.2373586	6.522771	8.452356	8.307173	7.528391	7.780698	7.4274387	7.8349395	6.5268984	6.961034	7.7613134	6.4227424	7.5385184	7.198608	6.978618	6.947557
LOC299282_9119	5.533195	2.594546	0.76129264	3.5448534	4.204518	4.208036	1.153547	0.6730612	4.326662	3.1072266	1.8894439	4.700005	1.9947519	3.0152833	5.195874	3.5723524	3.1725283	2.2295449	1.7631619	3.0622413	4.1772795	4.655514	2.5404441	1.1434783	4.3780375	1.851524	3.7272735	3.9043298	3.3273613	2.0966876	1.3137702	0.77186805	0.0	3.038847	4.1938534	1.5842559	2.6266706	0.0	1.5622083	2.4829574	1.8199238	1.3782007	1.5358759	3.3300724	1.4944088	0.72461534	3.8569224	0.0	2.6186037	0.7390483	0.0
LOC500183_9125	3.8293307	2.594546	3.2234385	5.073815	5.281925	4.0135446	3.3483052	3.5484548	3.243922	4.693933	3.2578542	3.3178172	3.4790516	5.0078626	2.9264696	4.055957	3.9475968	2.2295449	4.5328355	2.4360592	3.4555352	4.058373	3.1422062	4.4299645	4.3780375	1.851524	3.1264923	4.234818	3.5019276	3.602016	4.3445973	3.013425	3.7000437	4.501759	3.5085077	4.391308	4.580281	4.550328	2.9088483	4.745298	5.3300095	2.3964808	4.3216715	4.5632515	4.5115843	5.350499	3.4953897	2.4290519	3.321599	4.1478653	4.570675
LOC501110_33182	3.548161	3.9532623	3.5993342	3.77313	4.318538	3.9054923	4.406396	4.406767	4.8348827	4.8544893	3.9045265	4.1939507	3.9934368	4.279584	4.1832037	4.1358805	4.84748	4.493403	3.5576375	4.5272	2.3986237	4.138305	4.3835616	4.3031607	3.5673409	3.8773775	3.65531	4.1590195	4.005659	3.602016	4.413279	3.9212065	4.5157533	3.9482906	4.2990336	3.2469792	4.968852	5.101213	3.5130224	4.1869826	5.1360044	3.6700726	4.366648	2.9009168	3.6450963	3.940554	4.2948537	4.26847	4.0377917	4.034631	4.3271203
LOC606294_9128	3.0961545	2.435626	1.6252826	3.2735412	2.2602103	2.1687598	1.7862632	1.7560883	2.7331607	1.823375	2.5750768	1.8332136	2.372859	1.9388802	3.2605107	1.9419785	1.8765994	2.0267587	3.0326717	3.6740434	3.5462768	2.841842	2.2057867	2.6873035	2.6106799	2.7802737	2.282898	3.7055392	2.1515164	3.1481903	2.4482956	2.7354863	2.3879235	2.7601511	3.3214288	0.9994701	2.2317815	3.2220936	3.0287817	2.4829574	2.4405787	2.887088	1.5358759	3.0207527	2.6898494	3.031582	2.617958	2.9218345	2.075009	3.2776825	2.838406
LOC679346_9130	3.8293307	3.2957203	2.1619017	3.77313	3.5377576	4.1618156	2.951459	2.7958763	3.4443936	2.1873605	2.2036915	3.3178172	3.6939778	1.9388802	4.016648	2.3960178	2.6654315	2.9569383	3.8246934	3.9040134	3.7885811	3.0212092	3.4902585	3.8379865	4.4216714	3.8773775	3.9238462	3.3441162	2.6239645	3.3471458	3.987233	2.7354863	2.570392	2.204507	2.853671	1.9992051	1.9846656	2.8892338	2.778033	2.4829574	2.7428484	3.7292666	2.4416173	3.2341504	2.6898494	1.8519349	3.4953897	3.176305	2.4591324	3.5490766	3.1696014
LOC679794_32681	8.296373	8.936281	9.134098	8.884243	8.637553	8.200222	8.5154295	8.768645	8.994709	8.072144	8.199837	8.150989	8.310433	8.756518	8.879878	8.963919	8.070083	8.58776	8.513922	9.024684	8.643183	8.528503	8.0453	8.806625	8.348688	8.390513	8.552325	8.572476	8.52397	8.586613	8.478269	9.215715	8.324944	9.079303	8.475803	8.480742	9.108193	9.002986	8.905382	9.20108	9.373716	8.681086	9.074764	8.341854	8.306685	9.573209	8.700296	8.41616	8.886856	7.961314	8.94778
LOC680097_9132	6.754589	6.9815073	6.782885	6.7330275	6.8033032	5.9853153	6.343611	6.234704	7.0404058	5.976217	6.481571	6.94717	6.9332223	7.052945	6.780584	6.961635	6.3522105	6.73011	7.0388694	7.1289315	6.409996	6.6119294	6.3307686	7.1847863	6.8167996	6.8389935	6.5809045	6.792593	6.229267	6.643471	6.5639496	6.8531427	6.968072	7.048474	7.0115366	6.3388033	7.002044	6.984269	6.671121	6.931593	7.00895	6.607323	7.0031095	6.605675	6.502437	6.9578557	6.93551	6.5292335	7.080264	6.6441884	6.9331026
LOC680367_33329	2.4342844	3.6971037	4.0259314	3.8418446	2.8206856	1.735917	2.5603254	3.393861	3.3476372	1.59992	1.4871172	2.7586064	3.554308	3.2482674	2.3107724	3.6286907	2.8900583	1.7907331	2.1990027	3.7548423	4.614798	0.5602896	2.0039802	3.415899	2.884577	2.6363633	1.8390311	3.651246	2.5195544	3.0373778	2.6889215	2.8811386	4.1068897	2.9062183	3.3214288	3.2469792	3.0694053	3.9763792	3.0287817	3.6410902	4.881152	3.7292666	2.99374	3.1313937	1.4944088	4.000593	4.2468505	2.6126575	2.6186037	2.506785	2.4077895
LOC684841_32802	2.2557068	3.3854282	3.2234385	1.8748931	2.967741	1.1146706	2.2245977	3.815366	3.1321692	3.189834	2.956486	2.0718052	1.4809296	2.1835182	2.3107724	3.252017	2.9904869	2.4073083	1.9974787	4.039196	1.6491554	2.5224707	1.488839	3.7105362	1.5437274	1.2043949	1.5525111	2.4159133	2.5195544	1.5686922	2.895092	3.6228914	3.534197	2.9062183	3.4179986	2.6995428	3.5959105	3.8538375	3.8749332	3.7680426	4.532502	2.9874854	3.772339	0.7197537	3.047878	4.000593	1.5494484	2.4290519	3.2257414	1.2253668	2.838406
LOC685020_32775	0.70423484	0.70487076	4.0862064	0.0	2.011671	0.0	3.9722536	0.0	0.0	5.044063	0.0	0.0	4.737421	2.8829715	3.8283224	4.1358805	0.0	0.0	0.0	5.152088	0.0	0.0	2.0039802	4.583367	0.7123662	0.0	3.3250897	0.9735618	4.5734663	0.0	2.9880874	4.9736853	4.5595846	3.7302246	0.0	2.4585645	4.170472	3.4077816	5.5004597	2.7523265	0.70722115	0.0	2.6006784	1.1977407	4.881369	3.4312084	4.4299655	0.0	4.871772	2.3260906	5.2678723
LOC688041_9143	3.3839397	2.053109	1.6252826	3.0594068	2.2602103	3.5935724	2.5603254	3.2206914	1.640813	2.4777672	2.8701653	2.2764814	3.2264056	2.3926249	2.7953992	2.7408507	1.8765994	2.5655518	3.4823647	2.9293032	2.889376	2.636965	3.2374017	3.6423242	3.1146789	3.0310833	2.8961248	2.7617311	2.004529	2.9173408	2.895092	2.3909085	2.8779507	3.1603029	2.157111	1.8065978	3.1911995	3.2220936	3.242334	3.5018787	3.9589443	2.7791781	2.8742359	2.2872965	1.7753943	2.6368403	2.074421	2.4290519	2.6186037	2.6673462	3.6655471
LOC688090_9144	0.0	0.70487076	0.0	0.0	5.195023	0.0	1.153547	0.0	2.1797314	4.952388	0.53686917	0.0	0.0	0.0	4.705393	0.0	0.0	0.0	0.0	0.7951595	0.775823	0.0	0.0	0.0	0.7123662	4.3621955	0.71758246	0.0	0.8958736	3.437199	5.7415185	0.0	0.0	0.0	0.758765	0.0	0.0	0.0	0.0	1.4443535	2.5996156	5.9111943	0.0	0.7197537	0.0	5.2551312	0.0	0.0	5.3521595	0.7390483	2.027206
LOC689064_32448	11.938085	11.952858	11.454685	12.079289	10.2899065	11.391982	10.659527	11.348877	13.248669	12.218361	11.636123	11.366977	11.518326	11.835871	11.787889	11.182471	11.634681	10.791271	10.505623	12.439056	11.319011	11.330114	11.308855	12.2714405	11.373911	11.220048	11.564697	11.66175	10.4095	11.035557	11.888002	11.483901	11.09019	11.682463	11.715507	10.537129	11.548668	11.858851	12.390343	11.39822	11.481148	11.749225	11.950541	10.87273	10.916617	11.198357	11.885621	12.038437	11.045443	11.917216	11.636992
LOC691603_32330	2.2557068	2.594546	1.9183995	2.1159258	3.1011837	1.4584783	0.689121	2.5249715	2.8787735	1.823375	1.2341714	1.8332136	2.372859	2.1835182	1.8643311	1.7521499	2.399263	1.5083932	1.7631619	2.4360592	1.6491554	1.9438806	1.769281	2.9355001	0.7123662	2.4764907	2.077968	0.567391	0.0	1.8567106	1.7976378	2.3909085	1.2698381	2.597612	1.9138626	1.3212922	0.0	3.572272	1.5622083	2.8702326	2.4405787	1.8741015	2.4416173	1.1977407	1.1451283	1.8519349	2.074421	1.2997124	1.8362379	0.7390483	2.9574547
LOC691962_32591	3.548161	5.3465996	5.1315656	4.346329	4.7014403	3.661585	4.7396665	4.59596	4.7236123	4.108535	4.4421306	4.5502152	4.2412953	5.320795	4.4677963	4.9469357	4.6155543	5.0434666	3.8246934	5.4718666	4.4831705	4.571624	3.410797	5.019585	3.9113815	4.534491	4.3457317	4.7299657	4.6982937	4.2247515	4.379347	5.368989	5.002234	5.4695616	5.0371146	4.391308	5.1298456	5.5589757	4.8249087	5.4792633	6.047966	4.4100404	4.9130273	4.3960176	4.622188	5.4181037	4.5535	4.732349	5.131869	2.9431233	5.122574
LOXL1_9149	1.8143951	2.987318	0.76129264	2.663456	1.7112163	2.7713106	1.7862632	2.5249715	3.1321692	2.0168164	1.2341714	3.4922628	3.0294778	2.1835182	3.0466177	3.100898	1.8765994	1.7907331	2.675235	3.7548423	2.3986237	2.5224707	2.6825488	3.5707264	3.4029047	2.6363633	2.462306	2.9534101	2.004529	2.6423824	2.159341	2.1818647	2.570392	3.2723231	1.9138626	2.3210802	1.3096737	3.8538375	2.778033	2.4829574	3.7027097	3.4763536	2.7439313	3.2341504	2.0104735	2.297121	3.011828	1.9721766	1.5499562	1.2253668	2.708643
LOXL2_9150	1.1754036	2.435626	1.2570211	2.8078547	2.2602103	1.9685107	2.2245977	1.7560883	2.7331607	1.59992	2.3383918	1.8332136	2.372859	2.1835182	2.1047523	1.7521499	1.6496927	1.1570135	2.1990027	2.9293032	2.3986237	1.2772086	2.3827975	2.9355001	2.451389	1.2043949	2.621851	2.5406258	1.8408495	1.2084577	2.7956865	2.3909085	1.6401663	2.4144073	3.3214288	1.5842559	3.1911995	2.455791	3.0287817	1.9519659	3.6308496	2.0700042	2.4416173	2.6264875	2.6898494	0.72461534	4.0370674	3.0546732	1.1924393	1.2253668	2.027206
LPGAT1_9154	7.489572	6.271086	5.3190575	6.2165127	5.891794	7.019956	5.8717523	5.601584	6.5250015	5.513738	5.783941	7.3555226	7.3939195	6.0013127	7.3870044	5.1337223	5.6175785	5.83195	7.437941	6.7981853	6.9482813	6.3685102	7.060547	7.2944164	7.321782	7.3522515	7.1312976	7.268898	5.515961	6.9491796	6.3440967	4.7262454	5.963324	5.7659516	7.003778	4.831867	5.701008	5.635367	6.575882	5.6205697	5.418032	6.819678	5.481939	7.169575	5.1994333	5.544492	6.7238746	6.4709907	5.7977653	6.970944	6.2490277
LPIN1_32940	3.3839397	4.010777	1.9183995	3.7009778	2.967741	4.0135446	2.8324869	3.2206914	3.1321692	3.8281465	3.3878083	3.9162993	4.5661826	2.5752249	4.1297936	2.5203478	5.115544	3.6650012	4.456222	2.9293032	4.1772795	2.841842	5.369748	4.8179007	4.658931	2.911122	3.8612514	3.7578633	2.6239645	4.2744603	3.8453023	3.2463703	4.470548	3.1603029	4.616441	2.8064463	3.0694053	3.6479805	3.5930324	4.398015	3.3909214	3.9935026	3.63202	4.155379	2.6898494	3.2451882	2.8921008	3.176305	2.8927681	5.7330236	2.838406
LPL_32544	4.709909	5.1039143	3.2234385	4.4816837	4.424204	3.9054923	3.2588525	4.446643	5.237227	4.150392	3.5070176	5.3705816	5.248683	4.803421	5.5203233	4.3851724	3.732442	3.5178556	3.9968476	5.5188947	4.119342	4.2140403	4.3413258	5.552959	4.333043	4.9542584	5.2861795	5.7158117	2.9792736	5.2615604	5.5865726	4.223962	4.1068897	4.1376824	4.6565795	3.6994612	4.284343	6.120473	5.912714	4.891912	5.5794387	5.9490376	4.3216715	4.439678	3.7784617	4.7601357	6.188703	5.364553	4.807002	3.3739324	4.746293
LRP10_9156	5.128505	3.6971037	3.111882	3.7009778	3.7957757	5.0209155	3.512115	3.6199527	3.9186504	3.8788273	3.324294	5.073909	4.9192286	3.7054071	4.4677963	3.0189555	3.896741	3.5933034	4.4163337	4.616394	4.1772795	3.391122	4.8430624	4.4299645	4.8626266	4.892242	4.557952	4.9025793	3.706012	4.2744603	4.30899	2.8811386	3.7000437	3.6495402	4.5751534	3.5225942	3.4077	4.4268055	4.3597	3.8847218	3.7027097	3.7292666	2.7439313	4.7825623	4.01308	3.7438102	4.47233	4.2126923	3.321599	5.019991	3.9212723
LRPAP1_9158	7.390249	6.96705	6.363101	6.629934	6.712359	7.2079654	6.507925	6.5777	6.6004305	6.873935	6.481571	7.4484344	7.488093	6.540827	7.57358	6.1710877	6.731728	6.7549667	7.41788	6.9772315	7.267871	6.625861	7.4955244	7.0726295	7.321782	7.760748	7.1445	7.369012	6.108486	7.201299	6.869137	6.2875323	6.5994883	6.417086	6.9802485	6.365275	6.69739	6.954759	7.014027	6.8762956	7.2010813	6.839962	6.2182565	7.0549326	6.7253103	6.7636228	7.259622	7.127951	6.028335	7.3300996	6.95473
LRRC41_9160	4.9043345	3.8308609	2.3701787	4.1969485	3.5377576	5.191657	4.131929	3.8750339	4.603037	4.02099	3.2578542	5.3251815	5.553862	3.4488056	5.581279	2.2599542	3.546998	3.9781444	5.252226	4.5272	5.0150394	3.787982	5.1910257	4.3466787	5.63009	5.5439353	5.486098	5.176898	3.6075757	4.9305177	4.30899	3.537568	3.7763257	3.2723231	4.9428797	3.5225942	3.5959105	3.6479805	4.6109753	4.1869826	3.3909214	4.612261	2.99374	5.267545	3.840789	3.2451882	4.47233	4.518974	3.1230586	4.8957973	2.838406
LSM3_33166	2.8664734	3.5496664	4.581067	4.1969485	4.3723383	3.1950624	3.3483052	4.794435	4.1077867	3.8281465	3.3878083	3.4922628	3.0294778	4.5651484	3.1575243	3.9271011	4.090219	4.9022617	2.8044732	4.616394	3.8610783	3.9295027	2.930607	4.5087037	3.7834342	3.340682	3.65531	3.474912	3.798159	3.437199	4.0746455	4.5192814	4.6836143	4.195664	4.3970637	3.9532046	4.624199	4.383164	3.7408574	4.919528	5.000007	3.6083453	4.126278	3.2341504	4.1174774	4.3162427	3.5753076	4.2126923	4.247581	3.2776825	4.0871205
LSM6_32830	5.493443	6.0693126	5.768599	5.8994265	5.776807	5.6591215	5.28402	5.5475993	5.791102	4.8544893	4.8997808	5.858812	5.8056216	5.9526296	6.2777753	5.7049217	5.047234	5.877936	5.8695235	6.302658	5.892334	5.555596	5.3271003	5.8077517	5.553705	5.8515406	5.6616545	5.7549553	5.296559	6.098276	5.6590714	5.73751	5.572113	6.105435	6.3324356	5.374005	5.701008	6.523633	5.9587436	6.1729584	6.3460236	5.5499954	5.4192753	5.8561707	5.610596	6.1325927	5.797008	5.7836275	5.9404783	5.29047	6.075635
LSP1_32853	3.6955848	4.3146935	3.7559724	3.77313	4.4742694	3.7265353	3.7926803	3.8750339	3.7772083	4.02099	3.448644	4.1425314	4.097743	3.1364734	3.6116695	4.014271	4.483924	4.2816463	3.4823647	4.7003927	2.7435865	3.8838544	3.326703	3.8379865	4.1375628	3.4306927	3.3250897	4.234818	3.4460533	1.8567106	4.5415487	3.8522093	4.3257575	3.1603029	3.8226066	3.5839908	3.5048723	4.1940618	3.4283133	4.0437536	4.817839	4.041002	3.837692	4.6401196	4.4727483	4.794461	4.0924416	3.6661186	4.247581	2.9431233	3.6655471
LSR_9162	6.972664	6.3287616	5.3439584	5.9313107	5.9460244	6.7104697	6.0688534	6.0528893	6.0124	5.513738	5.69885	7.041421	6.800416	5.3461456	6.98239	5.153059	5.433592	6.048487	6.971652	6.2478795	6.514835	5.3015795	6.657738	6.20061	6.5382657	6.6458006	6.674893	6.6682444	6.144039	6.941507	5.806799	5.5757246	6.2032847	5.8037276	6.381161	5.553551	6.077851	6.4086246	6.3295584	6.6311083	6.2652636	6.4578385	5.7429986	6.867838	5.592596	6.53911	6.758524	6.0294333	5.878786	6.3917203	6.035604
LSS_9163	2.736285	3.8933594	2.1619017	2.1159258	1.7112163	3.661585	2.0220141	2.5249715	1.2703954	2.3398588	2.5750768	3.0088224	0.67545027	2.7372885	3.446748	0.96157944	2.072621	3.3539796	3.4029472	3.0622413	2.581391	1.7539579	3.0402825	2.8167326	3.4029047	3.141831	2.621851	3.1225834	1.1960433	3.6778624	3.3096738	1.2719984	2.7323515	2.4144073	3.7502577	2.1691005	3.8389206	3.49237	3.1395056	3.1752434	2.7428484	2.9874854	1.5358759	3.2341504	1.7753943	1.8519349	2.7615314	2.6126575	2.6186037	2.506785	2.2300112
LTBP1_33264	2.2557068	3.5496664	2.1619017	2.8078547	2.2602103	3.788687	3.1634846	3.4732275	4.221371	2.9263053	2.2036915	3.3178172	2.6721666	4.225969	3.68756	3.5723524	2.399263	3.1690745	3.2296562	4.3303432	2.889376	3.7375457	3.8924718	3.7105362	3.0042105	2.911122	3.0159018	3.3441162	2.5195544	3.437199	4.379347	4.223962	3.8487759	3.1603029	3.3214288	2.6995428	3.1911995	3.8538375	4.055234	3.0805616	4.2740407	4.2167525	3.3920732	2.6264875	2.8193185	3.031582	4.7033043	3.965136	3.2257414	2.506785	3.7990685
LY86_9165	2.736285	5.1810994	4.581067	4.985458	4.204518	2.9986892	4.60095	3.8750339	5.263986	4.6064157	4.2841916	2.8891323	3.3996527	5.7008123	3.8938673	4.510401	4.5837555	4.570107	3.318902	5.4232535	3.5462768	4.419964	2.8119028	4.6192975	3.1146789	2.6363633	3.2292056	3.273985	4.1171956	2.6423824	4.446431	5.0980964	4.9036446	4.7922235	4.910049	4.3565435	4.748459	4.769558	4.2651753	4.4744816	5.3300095	4.3733993	4.0729947	2.9009168	5.2230263	5.350499	4.3413115	3.965136	5.440215	2.506785	5.2907276
LY96_9166	1.1754036	3.3854282	2.552146	1.8748931	2.2602103	1.9685107	3.0613632	1.9899611	2.1797314	3.1072266	1.70226	1.5471903	1.7605959	3.1364734	2.1047523	2.6348078	2.399263	2.2295449	1.7631619	3.400333	3.0217755	2.1116846	2.2057867	2.38735	1.1871207	1.2043949	1.1946218	2.2793913	2.5195544	1.5686922	1.9897953	3.013425	2.3879235	2.7601511	3.4179986	2.4585645	3.5048723	3.719913	3.4283133	3.5731628	3.8990247	1.8741015	3.772339	2.0821931	2.3897877	3.2451882	2.4585013	2.9218345	3.2257414	0.0	2.838406
LYN_9167	6.729142	7.125152	5.7868752	6.9663625	6.437425	6.3677535	6.0422916	6.1526985	7.024844	6.221749	5.8530827	6.9841523	6.8234167	6.518701	6.8482833	5.756401	5.9272966	6.598966	6.748882	7.3851795	6.6539674	6.1830764	6.352196	6.863838	6.359102	6.5882893	6.53151	6.8954372	6.144039	6.4623003	6.911303	5.847955	6.24415	6.262895	7.206651	5.881601	6.401823	6.8057013	6.9006896	6.9179664	6.39022	7.074888	5.9929557	6.851767	6.317553	6.789381	6.605148	6.670501	6.379636	6.663361	6.9900703
LYPLA1_9168	7.022395	5.592454	4.402944	5.7993145	5.070358	6.742228	4.982539	5.5475993	6.118846	5.2115946	4.94271	7.1560555	6.792667	5.7773542	6.9208302	5.0119224	5.137614	4.6069818	7.432952	6.6370025	6.7236743	5.58442	6.9939475	6.51861	7.2868156	7.206972	7.06341	7.6611342	4.8566833	7.101546	5.8814254	4.9408307	4.8339643	4.9688754	5.9518595	4.45842	5.2184687	5.635367	6.5052643	5.497702	5.4392233	6.199828	5.0012403	7.047897	4.881369	5.7154636	6.3899665	5.5334306	5.5029	6.6149426	5.7850323
LYRM1_9169	3.548161	4.403265	3.8283436	4.4816837	4.0807066	3.5935724	4.2293363	3.7531235	4.047455	4.413638	4.4421306	4.1425314	4.1950135	3.2482674	4.016648	3.971344	3.4086447	4.2352924	4.5328355	4.616394	3.7885811	3.574707	4.3413258	3.6423242	4.1889715	3.4306927	3.65531	3.651246	3.8421152	3.602016	3.6313283	4.0500264	3.9835975	3.9482906	4.0201387	3.6994612	3.6815434	4.383164	3.9375708	4.1408014	4.320462	4.041002	4.0176687	3.8664052	4.0662227	4.724974	4.5535	4.0942173	4.3420444	3.7774107	4.0871205
LYZ2_32611	2.98588	4.526692	3.4235945	3.8418446	3.4403665	3.1002145	3.2588525	3.393861	3.7772083	3.3420844	2.7783492	4.0892115	3.8809977	3.854183	3.8283224	3.3220272	3.546998	2.7081409	3.6291769	5.0275335	3.8610783	3.254318	3.1422062	4.010254	2.884577	3.743284	3.1264923	4.7559257	2.1515164	2.3023815	4.446431	3.537568	3.1313257	3.3762684	3.8915	3.320974	3.9808064	5.205123	4.215484	4.973223	5.824609	4.2972007	4.126278	5.3838687	3.047878	5.76823	3.9794827	3.7468808	4.3420444	2.1194797	4.2822084
MAD2L1_9171	2.736285	3.200062	3.8283436	2.9391065	2.967741	2.1687598	3.0613632	3.023864	2.8787735	2.6036353	2.6802902	3.1193392	2.6721666	3.1364734	2.7953992	3.100898	2.7821121	3.2644873	3.0326717	3.2961977	3.1430392	2.7430372	2.5404441	2.6873035	1.5437274	3.4306927	2.765496	4.1195726	2.6239645	2.9173408	2.159341	3.3501055	3.0101936	2.597612	3.3214288	2.8064463	3.1911995	3.49237	2.778033	3.5731628	4.1250777	3.1694758	3.772339	2.2872965	3.1498733	3.142335	2.7615314	3.7468808	2.4591324	2.9431233	3.5183966
MAN2B1_9177	6.594707	6.294434	5.1876664	5.183789	5.5150447	7.120046	6.0688534	5.413177	5.414885	6.0107136	5.6216946	6.666891	7.0805125	5.599045	6.4401584	5.3163295	5.989293	5.5583673	6.992148	6.788622	5.7468586	5.6403956	7.2436743	6.0242286	6.857086	6.8715005	6.4055696	6.9186068	5.682379	5.7039113	6.1055155	4.9408307	5.2893295	5.84054	6.29478	5.0433664	5.8563857	6.611356	6.169143	6.4055705	6.2533484	5.9979987	4.882382	6.586381	5.7306747	6.4875917	6.201352	6.253282	5.440215	6.9476733	5.122574
MAOA_32516	5.344994	4.4455914	3.326985	4.298234	4.14394	5.0965776	4.131929	4.280068	4.8348827	3.7756202	3.5070176	4.959713	5.155082	3.1364734	5.2216306	3.4526122	4.3766675	3.7985182	5.252226	4.994639	4.8819904	3.7375457	5.3271003	5.2200937	5.45216	5.349945	5.262155	5.767771	3.5019276	5.049507	3.8453023	3.537568	3.8487759	3.6495402	4.6565795	3.458468	3.8389206	3.9763792	4.8249087	4.649599	4.0164742	4.817136	4.4102645	4.9121966	3.7784617	4.614036	4.513486	4.7714825	3.7922184	5.019991	4.3271203
MAOB_9179	9.047031	8.53208	8.004294	8.341915	8.648497	9.15269	8.242528	8.243088	8.230754	7.5996914	7.5202837	9.043733	9.1458025	8.208206	9.160159	7.7804337	7.8370705	8.533723	9.020676	8.63145	8.627681	8.210328	8.704344	8.746973	8.936882	8.939005	8.886803	8.669566	8.191598	8.718173	8.236721	7.7315655	8.083599	8.085806	8.647458	7.9733586	7.9147673	8.4094925	8.40185	8.217503	8.086279	8.770104	8.287905	8.834212	8.270348	7.8938656	8.19924	8.822397	8.0224	8.6834955	8.485621
MAP1LC3A_33215	4.009233	4.1707234	2.3701787	3.7009778	4.7831573	3.2840576	2.951459	3.6199527	3.1321692	3.4125795	3.115025	3.8537283	2.919921	3.1364734	3.68756	2.9320772	3.2556021	3.6650012	3.318902	3.1839569	2.581391	3.8838544	3.7053368	3.0452297	3.2172866	4.057699	3.5795677	3.3441162	3.198022	3.0373778	2.6889215	2.8811386	3.619502	3.3762684	3.2179284	3.320974	2.7898166	3.719913	3.1395056	3.7680426	3.3909214	3.6083453	2.99374	3.8009534	3.4186301	3.8779073	3.011828	3.176305	3.2257414	3.629271	3.4387813
MAP2K5_9180	4.169169	4.220327	3.326985	4.0880117	2.8206856	3.7265353	3.2588525	3.2206914	4.047455	3.4125795	3.324294	4.5102053	4.9192286	4.225969	3.8938673	3.513724	3.0843768	3.2644873	4.375311	3.9731874	3.8610783	3.9295027	3.8924718	4.010254	3.9713368	4.00006	3.9838378	4.306832	3.0559347	3.6778624	3.9414568	3.3501055	3.1313257	3.6495402	4.532649	2.9990726	3.5048723	3.916409	3.9976015	3.8275614	4.717334	4.174781	2.8742359	3.9290164	3.4186301	3.7438102	4.0924416	4.03112	2.4591324	4.3507204	4.0339284
MAP3K4_9182	3.548161	3.097608	1.9183995	2.9391065	2.6569214	3.2840576	2.0220141	1.9899611	2.8787735	3.3420844	2.4615827	3.1193392	3.6939778	2.1835182	4.2844353	1.7521499	2.8900583	2.7081409	3.7624195	3.0622413	2.581391	2.5224707	4.297816	3.3317733	3.4029047	4.1664968	3.2292056	3.5948293	1.8408495	3.7499197	2.6889215	2.5734606	3.4435291	2.597612	3.5936723	2.4585645	3.1911995	3.0089254	3.4283133	2.8702326	3.4754093	3.331059	3.2066107	3.6604056	2.0104735	2.297121	3.4953897	2.2186248	2.4591324	3.9744961	2.5660443
MAP7_9184	6.3495755	5.2543645	4.9488516	5.183789	5.0037384	6.4565835	4.8961816	5.148863	5.2902575	4.576022	4.9637046	5.9058294	6.44264	5.419629	6.4939904	4.4175134	5.180765	5.4810195	5.8091955	5.733466	6.0401726	5.266436	6.159035	5.660333	6.3364825	6.272541	6.193289	6.055942	4.9993916	6.0562634	5.7281003	4.0500264	5.1812468	4.7150254	5.9356394	4.905866	4.968852	5.9514785	5.712333	6.028258	5.8084135	5.533484	4.2752476	6.160117	5.126247	5.0713763	5.6009226	6.12318	4.704046	6.380178	5.070697
MAPK1_9185	5.628032	4.6403866	3.9630284	4.346329	4.204518	5.191657	4.181454	4.406767	5.0954394	4.413638	4.1068125	5.205009	5.248683	4.279584	5.4348235	4.2480316	4.483924	4.6429377	5.3186493	4.994639	5.1368475	4.419964	5.5287514	4.878458	5.53396	5.2545776	5.333061	5.439691	4.493033	5.2615604	4.5719104	3.8522093	4.6434445	4.195664	5.181664	4.168924	3.9808064	4.8991494	4.857672	4.973223	4.5714116	4.6738243	4.0729947	5.361342	4.306021	4.7601357	4.9330125	5.2021847	2.762189	5.518157	4.842241
MAPK10_32770	2.4342844	2.594546	1.2570211	3.6250265	2.011671	3.2840576	2.8324869	3.1256318	2.8787735	2.3398588	0.92724514	3.2219887	2.372859	3.1364734	3.3566325	1.9419785	2.2451668	2.4073083	3.1345234	1.6806879	3.2548962	1.5351875	2.930607	3.415899	3.1146789	1.5639434	3.65531	1.769436	2.1515164	2.3023815	2.3110406	3.4468794	2.570392	3.2723231	2.7084813	1.9992051	2.6266706	2.2765746	3.242334	1.7203709	1.1797101	2.2424579	1.5358759	2.4668374	1.4944088	1.2047167	2.279205	1.2997124	2.6186037	2.3260906	2.708643
MAPK12_9186	1.8143951	2.987318	2.3701787	2.1159258	2.8206856	1.1146706	2.0220141	2.1911569	3.243922	2.9263053	1.70226	3.1193392	2.8013556	2.1835182	2.3107724	2.109709	2.072621	1.7907331	2.375796	2.7828603	1.9443585	1.7539579	2.5404441	3.2424362	1.1871207	2.6363633	2.077968	2.5406258	2.6239645	2.9173408	2.3110406	2.7354863	1.2698381	2.4144073	1.6211139	1.3212922	1.3096737	2.6151845	2.4743395	2.1514747	2.0577211	2.2424579	2.2628205	2.6264875	1.7753943	2.476957	3.122376	2.4290519	1.1924393	1.8782536	2.9574547
MAPK14_9188	7.300955	6.416499	4.581067	6.3986073	5.337082	6.9331875	5.762088	6.0911317	6.6004305	5.396883	4.921405	7.1625233	6.9190555	6.048407	6.745505	5.36689	4.999828	5.735333	7.334726	7.2799034	6.9231033	6.2110715	6.9383616	6.9439464	7.050162	6.964844	7.1961336	7.255312	5.6331873	7.1556044	6.5487647	5.5100503	6.1894016	5.4217744	7.034566	5.780319	5.5268536	5.8589272	6.220428	6.527237	6.5052114	6.805995	5.188244	7.130145	5.43989	5.4399524	6.4964423	6.3339243	5.4614143	7.008913	6.127338
MAPK1IP1L_9189	6.026503	5.4747577	4.494753	5.492423	4.9692383	6.183398	5.1903563	5.413177	5.7538285	4.7764435	4.5571055	5.7078004	6.019906	5.7395906	5.9787283	4.5691614	4.764815	5.22047	6.15049	6.101078	5.627237	5.266436	5.5474486	5.760267	5.7717032	5.991215	5.715727	6.232729	4.9600377	5.922344	5.793977	4.2775726	5.1240087	5.4928746	5.8688707	4.6428385	4.934379	5.653849	5.521059	5.7947087	5.0282516	5.80514	4.972431	6.2609177	4.939491	5.6606936	5.9843163	5.258363	5.2090974	5.8038497	4.746293
MAPK3_9190	3.1985953	3.200062	1.2570211	2.3223944	2.8206856	3.522194	2.0220141	1.9899611	2.3886938	2.1873605	2.0551069	3.2219887	2.919921	3.0152833	3.531564	3.178435	1.6496927	1.5083932	3.4823647	2.9293032	3.1430392	2.636965	2.2057867	2.9355001	3.3130789	3.595438	2.077968	3.3441162	2.6239645	3.437199	2.895092	1.9373132	2.1789894	1.9587818	2.3652024	2.6995428	2.7898166	4.469166	2.4743395	3.7059622	3.6308496	2.7791781	2.8742359	3.0207527	2.2125611	4.1670337	3.122376	2.4290519	2.075009	2.6673462	2.708643
MAPK9_9192	8.23743	8.011448	6.9299273	7.5423217	7.662922	7.927273	7.3456044	7.691259	8.121597	6.584386	6.8060904	7.996657	7.854736	7.4536486	8.123937	7.2713265	6.7886267	7.4616294	7.7936654	8.029482	7.682235	7.5175357	7.538216	7.868869	8.212475	8.078737	7.9680457	7.657696	7.1249332	7.95481	7.8002195	6.762041	7.1439323	7.29385	8.163967	6.9589505	7.2879868	7.8482094	7.696083	7.6528964	7.590174	7.757498	7.0031095	7.7094426	7.199719	7.596009	7.265657	7.6424456	7.420499	7.4836044	7.487169
MAPKAPK2_9193	5.552668	4.8119817	3.5993342	4.6823845	4.204518	5.463422	3.8550549	3.9874403	5.153837	3.4125795	3.9045265	4.6270533	5.1790576	4.170284	5.456678	3.971344	3.546998	3.6650012	5.5389676	5.7728004	4.9829097	3.8367145	4.464495	4.848497	5.3876147	4.450914	4.9675345	5.4072967	3.1287267	5.333679	4.7148147	4.168281	3.7763257	4.547009	5.5011415	3.320974	3.9808064	4.469166	5.011177	4.511247	3.7711594	5.412288	4.2752476	5.5524373	3.7133195	4.113659	4.7727504	4.518974	3.4960926	5.049438	4.60755
MAPKAPK5_9195	3.8918242	2.8678937	1.9183995	2.5029805	1.3312725	2.1687598	2.2245977	0.6730612	2.7331607	1.59992	1.8894439	3.5721645	3.2264056	2.3926249	3.1575243	2.109709	1.3803144	2.0267587	3.4823647	3.0622413	3.1430392	2.1116846	4.0049734	3.2424362	3.9113815	4.00006	3.4149964	3.7055392	1.1960433	3.0373778	2.895092	2.5734606	2.1789894	1.9587818	2.157111	1.3212922	2.7898166	2.6151845	2.2945795	2.1514747	2.992627	2.6625395	0.0	3.5846395	2.0104735	1.5643196	3.3209047	2.2186248	2.075009	3.5490766	2.027206
MAPT_32343	2.5931726	2.594546	2.3701787	2.5029805	2.011671	2.9986892	2.4022055	1.4768263	2.5711837	1.3353969	2.0551069	2.7586064	3.315628	2.1835182	2.4910152	1.9419785	1.0488179	2.4073083	1.483266	1.9785899	2.581391	1.7539579	2.2057867	2.8167326	2.0677924	1.851524	2.765496	1.2901436	0.8958736	2.482375	3.07545	1.9373132	0.0	2.7601511	2.5470278	2.1691005	1.3096737	2.6151845	2.9088483	0.6542548	0.70722115	2.5356345	1.5358759	2.4668374	2.6898494	2.7807593	2.8921008	2.4290519	2.075009	2.1194797	2.4077895
MARC1_9196	8.790364	9.036611	8.065461	7.26424	6.437425	8.017634	7.9634404	6.5040216	8.309931	6.9705663	7.972724	8.2115	8.046136	8.235595	8.508334	7.4771223	6.284589	6.3714175	8.159544	8.531792	7.6772237	6.3602	8.569058	8.848854	8.299834	9.320816	8.740148	9.101543	8.008426	8.792563	8.695495	6.6748214	8.068509	7.9825377	7.3420362	7.929682	6.601779	7.54577	6.892808	7.7406635	8.199279	8.996299	7.810731	7.853601	6.911072	8.313316	7.0657296	6.4709907	6.943826	7.7125354	8.0394
MARCKSL1_32320	2.98588	3.7655318	3.5141387	3.6250265	2.6569214	2.5012665	2.5603254	3.5484548	3.849662	3.2679667	2.4615827	3.2219887	2.372859	3.352018	3.1575243	3.3220272	2.9904869	2.0267587	2.8044732	3.7548423	2.7435865	4.058373	3.410797	3.1471999	3.4029047	3.4306927	2.282898	1.769436	2.6239645	2.482375	3.379998	2.3909085	3.0101936	3.8066347	3.1064248	2.905972	2.7898166	3.9763792	3.242334	3.6410902	3.6308496	3.1694758	3.104098	2.7702174	2.6898494	3.031582	3.2250526	3.288475	3.4960926	2.1194797	3.9212723
MAT2A_9199	4.3131304	4.4455914	2.552146	3.9701722	2.967741	3.522194	3.2588525	3.309873	5.182173	3.3420844	2.5750768	3.7883198	4.602095	3.2482674	4.5914803	2.109709	3.2556021	3.066902	3.5576375	4.5724864	4.5722427	3.574707	4.252953	4.010254	4.0842543	3.6712542	4.1501555	4.234818	3.0559347	4.3225136	4.379347	2.8811386	3.1313257	4.1376824	4.2474017	3.0865276	2.2317815	3.3179228	4.110652	4.231731	3.3909214	4.335803	4.22728	4.816079	2.5476058	3.812416	4.0924416	4.03112	3.0125036	3.5490766	3.9212723
MBL_34098	6.9870486	5.5734925	5.3439584	5.8334627	4.9692383	6.326447	4.982539	4.9130416	5.8274364	4.665346	5.1214943	6.4827485	6.7770424	5.2419558	6.806345	4.757803	4.7361727	5.3992887	6.886626	6.176345	5.9599166	4.80994	6.464676	5.9272313	6.857086	6.942068	6.4273376	6.5765357	4.520345	6.752732	5.4624186	4.5631175	5.2363	5.8037276	5.4334445	4.8063326	5.572402	5.478313	5.765097	5.3431377	4.7851095	5.777362	4.4937305	6.320519	4.9107227	5.4826813	6.45479	5.14373	5.3060308	6.0422115	6.062414
MBL1_9200	8.061698	7.470859	7.4999037	6.8544073	7.7518697	7.9375973	7.528964	7.3617196	7.327214	7.151503	7.53789	8.223922	7.869545	7.459468	7.7826853	7.2263947	7.5175605	7.8971252	7.923836	7.3269095	7.313799	7.4328976	7.6677685	7.3542757	8.267318	8.116521	7.9568634	7.9039507	7.1730533	7.892502	7.408522	7.3171897	7.3006663	7.58711	7.590179	7.486786	7.560826	7.579998	7.5976906	7.4874597	7.7428493	7.3541145	6.837255	7.9993176	7.4749393	7.500475	7.408867	7.5666018	7.2903137	7.4727774	7.4419436
MBL2_32353	6.8908772	6.3174095	2.713711	6.497763	4.6148157	7.711609	4.636899	3.9323316	7.639702	3.0196002	2.5750768	7.0058956	7.2314496	5.5778008	7.7826853	3.6829114	2.9904869	3.7985182	6.74083	7.1289315	7.164236	6.9082828	6.3837523	7.4817357	7.943569	7.515421	6.6929774	6.675063	2.5195544	7.5977025	7.229642	3.9870539	3.9835975	5.4217744	7.378494	4.0433984	5.5946484	4.8030634	6.207777	4.582081	4.717334	7.4407816	4.4102645	7.2636786	3.900535	4.362736	6.595597	6.4945707	3.5760143	6.3685427	5.5399957
MBNL1_9201	7.3956504	6.8615804	6.399189	6.759911	6.969612	7.224924	6.6641607	7.028908	6.9024506	6.489733	6.1745195	6.8859515	7.0352583	6.8104124	7.4262996	6.566764	6.3522105	6.4946012	6.9508605	7.188322	6.633416	6.7645574	6.959458	6.863838	7.1113987	6.918927	6.947673	7.0238485	6.429832	6.7350864	6.869137	6.6136003	6.795519	6.9423966	6.7305083	6.2468815	6.601779	7.0415373	7.235863	7.3622403	6.883149	6.9119887	6.565533	7.1565514	6.6047654	7.500475	6.7923603	6.7800994	6.7847395	6.8589854	6.8813415
MBNL2_9202	7.2240996	7.423995	7.078275	7.289061	7.478977	7.607688	7.0109015	7.213583	7.2886395	6.6146054	6.328126	7.394508	7.5491586	7.098409	7.3755774	6.9834027	6.641938	7.0375476	7.274644	7.547073	7.052577	7.187277	7.2493954	7.677638	7.3782406	7.2934856	7.2150292	7.2090793	6.9799924	6.8945923	6.8444767	6.9717317	7.3071094	7.0166574	7.158544	6.8191285	7.386907	7.6507187	7.204367	7.445333	7.6952	7.2417192	7.3937654	7.5934253	7.094929	7.4475327	7.472865	7.351024	6.7847395	7.0748363	7.4672437
MBOAT7_33082	4.709909	2.987318	3.5993342	2.9391065	2.6569214	3.8482714	2.8324869	3.1256318	3.6203768	3.189834	3.3878083	4.3830523	4.831187	3.2482674	4.1297936	2.6348078	3.7893128	2.9569383	4.5696683	3.4974551	3.6316473	3.391122	4.109333	3.4953887	4.4216714	4.984295	3.9838378	4.7299657	2.5195544	4.1198797	3.7422786	0.0	3.2430704	3.038847	3.8226066	2.8064463	2.2317815	3.0089254	3.8094523	3.7680426	3.2054758	3.9935026	1.5358759	4.523225	3.4186301	3.940554	3.8569224	3.6661186	2.6186037	3.7774107	3.3545144
MBTPS1_9203	5.2287517	4.8119817	4.1440635	4.5241194	4.204518	5.501035	3.587535	3.815366	4.761664	4.3066416	3.9473164	5.558861	5.002205	4.5213094	5.059707	3.513724	3.8440266	4.1873994	4.8939905	5.059695	4.8105626	4.7602787	5.509808	5.12332	5.7375817	5.3728333	5.025772	5.322979	3.752821	4.3690176	4.7942214	3.6228914	4.5595846	3.8792007	5.235658	3.458468	4.046838	4.550328	4.721904	4.775837	3.8365083	5.0203977	4.0729947	4.972892	4.586254	4.4077783	5.2083473	4.9526534	4.0377917	5.4969387	4.2358537
MCCC1_32646	4.0645385	3.3854282	3.9630284	4.24848	3.628988	4.885265	3.7274868	3.4732275	4.9710355	3.4125795	3.324294	4.6270533	4.6713443	3.539506	4.424094	2.5203478	3.0843768	3.4382432	4.978596	4.740627	4.4364834	3.180722	4.503321	4.654355	4.8939457	5.070825	3.9238462	5.2334256	2.8983095	4.7664943	3.9414568	3.013425	3.7000437	3.6495402	4.138241	2.8064463	3.303507	4.469166	3.5130224	4.4744816	4.1250777	4.514691	3.5563867	4.9121966	3.573486	3.5959594	3.4107835	3.580566	3.980205	5.019991	3.7990685
MCCC2_9204	4.709909	4.1707234	3.4235945	3.6250265	3.628988	4.6034255	3.512115	3.7531235	4.3765597	3.4125795	3.9045265	4.5891457	4.831187	3.539506	4.810965	3.5723524	4.044227	3.6650012	4.8939905	4.855005	5.0772285	3.685282	5.214615	4.3031607	3.9713368	4.4933076	4.517932	4.5926595	3.0559347	4.0644393	3.8941805	3.3501055	3.4435291	3.6495402	4.3488812	2.4585645	3.5959105	4.291709	4.215484	3.7680426	4.2740407	4.445774	2.99374	4.439678	4.3917923	3.3411944	4.0924416	4.3221717	3.4960926	5.518157	3.733852
MCL1_9205	7.056896	7.766327	6.7271895	7.500426	7.2394385	7.0771084	7.3126435	7.402842	7.8037024	7.251049	6.8852496	7.1364765	7.142795	7.527529	7.453727	6.988794	6.908993	7.2908397	7.2119503	7.829488	7.135295	7.064778	6.8507485	7.8576317	6.6707454	6.863442	7.2212734	7.3478312	6.8406796	7.0525236	7.3571477	7.133126	7.3822613	7.3004713	7.8152003	6.917812	6.7676067	7.5157714	7.4226265	7.756063	7.978222	7.3256273	7.2511353	7.5492644	7.0093236	7.648557	7.241364	7.456846	7.33694	7.4563828	7.698476
MCM10_32579	3.3839397	2.053109	2.552146	2.5029805	3.4403665	2.1687598	2.5603254	2.1911569	2.1797314	2.1873605	2.956486	1.1900772	2.6721666	3.1364734	1.5756721	2.3960178	1.8765994	3.7985182	3.6291769	2.6198554	3.2548962	2.1116846	2.6825488	2.38735	3.8488257	1.851524	2.282898	2.2793913	1.4443876	1.5686922	3.07545	2.1818647	3.7000437	1.2890483	3.5085077	1.8065978	1.3096737	4.142642	0.7233562	3.8847218	3.4754093	3.4055345	2.99374	3.0207527	1.7753943	3.5159345	1.8356827	3.3925493	2.4591324	2.8118143	3.1696014
MCM2_9206	4.6747956	4.1193533	2.3701787	3.9701722	3.1011837	2.6425977	3.1634846	3.7531235	4.1077867	3.3420844	3.0379322	3.9762692	4.286138	3.854183	4.0743294	3.3220272	2.5384767	2.7081409	4.244742	4.8178773	4.2866096	3.4549482	3.8924718	3.7756684	3.4029047	3.8773775	4.041434	4.0790167	3.1287267	3.8185487	4.031601	2.8811386	3.2430704	2.9062183	4.488855	3.0865276	2.4426951	3.6479805	4.3597	3.5731628	3.4754093	3.9443858	3.30232	3.6604056	3.3344872	3.142335	4.630346	3.0546732	2.6186037	3.9117455	3.5938473
MCM3_9207	3.294242	3.097608	0.76129264	2.5029805	1.7112163	1.1146706	2.2245977	2.6667733	3.0110276	2.0168164	2.2036915	2.0718052	2.6721666	2.5752249	3.2605107	2.3960178	2.5384767	2.4073083	2.5332706	3.0622413	2.581391	2.2619886	0.68006337	2.8167326	2.451389	2.7802737	2.8961248	2.65541	1.1960433	1.8567106	2.895092	0.77186805	1.6401663	2.204507	4.080398	1.9992051	1.9846656	2.455791	3.1395056	2.4829574	2.992627	3.2525284	1.1804214	2.6264875	2.2125611	2.476957	1.1920056	2.7755125	1.8362379	1.2253668	2.2300112
MCM4_9208	2.4342844	2.435626	2.552146	3.0594068	2.967741	2.3445714	2.5603254	2.6667733	2.3886938	2.3398588	2.0551069	1.8332136	3.1312993	3.0152833	3.2605107	2.6348078	1.6496927	2.0267587	2.375796	3.0622413	3.5462768	2.9343114	3.0402825	3.7105362	1.8294263	1.851524	2.282898	2.8607516	2.284903	2.0966876	2.895092	3.013425	3.534197	2.9062183	2.5470278	2.1691005	3.4077	2.2765746	2.9088483	3.1752434	2.992627	3.4763536	2.7439313	2.6264875	2.2125611	3.031582	1.1920056	2.7755125	3.321599	0.7390483	3.733852
MCUR1_32908	4.8103943	5.4950523	4.8127723	5.102104	4.5226555	4.7355237	4.7723575	5.242452	5.414885	4.952388	4.3494563	4.3830523	4.975073	5.214689	4.8772855	4.9246063	4.4490504	5.3566184	4.8041124	5.6301656	4.2866096	4.9270926	4.8730197	4.754689	4.545173	4.6514254	4.9969473	4.855332	5.1468773	4.8343573	5.494473	5.127592	4.9372616	5.4695616	5.456365	4.391308	5.4798193	5.5784564	5.2271647	6.0534053	5.418032	4.9965014	5.3312507	4.848835	4.691478	5.4181037	4.9330125	4.846702	4.903098	5.049438	5.632359
MDM2_9214	5.5718813	5.7527456	4.7395954	5.183789	5.195023	5.555678	4.7723575	5.0226336	5.390806	4.693933	4.471745	5.1277866	5.6078515	5.294991	5.32029	4.8074613	4.6155543	4.8103905	5.3186493	5.8666854	5.221896	4.9494233	5.688898	5.4766626	5.3876147	5.1257567	5.6431704	5.562449	5.111395	4.867128	5.379021	4.6056614	5.094515	4.7541404	5.096683	4.6428385	4.580281	5.229972	5.123209	5.074966	4.6822133	5.4827843	4.572631	5.5524373	4.820807	5.733268	5.2083473	5.4634604	4.8397503	5.4535427	5.016884
ME1_9215	2.98588	3.200062	1.9183995	3.2735412	2.8206856	2.5012665	2.951459	3.7531235	4.560497	3.6644573	4.5844727	3.7198045	3.1312993	3.2482674	3.2605107	3.0189555	4.4490504	3.1690745	3.697336	3.9040134	3.5462768	2.7430372	3.6371455	3.5707264	3.5673409	2.911122	3.4996274	5.4713736	2.9792736	4.0644393	2.3110406	1.9373132	2.3879235	3.3762684	3.5085077	3.5225942	2.9363732	4.291709	4.110652	5.1232677	4.646217	3.1694758	2.7439313	3.7323904	2.2125611	5.126309	3.5753076	3.965136	3.2257414	3.5490766	3.9212723
ME2_9216	2.0518599	2.594546	2.1619017	2.3223944	0.8140356	1.1146706	1.153547	1.7560883	3.4443936	2.3398588	1.70226	2.8891323	2.1961572	1.9388802	2.6512198	1.5335042	2.6654315	2.0267587	1.7631619	3.2961977	1.6491554	1.9438806	1.488839	3.0452297	2.2723026	2.2966683	2.282898	2.65541	2.6239645	1.5686922	2.7956865	1.9373132	2.1789894	2.9062183	2.7084813	1.9992051	2.2317815	2.6151845	3.0287817	2.3267155	2.4405787	2.5356345	1.5358759	2.4668374	2.6898494	2.911615	2.7615314	1.9721766	1.8362379	1.588432	3.733852
MEST_9219	3.764007	5.5734925	3.7559724	5.2100205	3.9452639	4.0135446	4.131929	4.040521	6.0124	4.343196	3.2578542	4.7351427	3.759049	5.129652	4.741449	3.513724	2.9904869	4.6069818	4.289591	5.8666854	4.846719	4.9714136	3.8924718	4.722014	4.1889715	4.8274393	4.4767704	4.1974163	3.798159	4.6203685	5.196201	4.168281	3.2430704	4.3568144	4.9749804	3.320974	3.7623768	4.4268055	5.7477226	4.7140985	5.4806943	4.78959	4.819067	3.3300724	3.4981349	4.8927913	4.6672864	4.608145	3.7922184	3.629271	5.1726503
MET_9220	7.0153947	6.567877	6.0364113	6.29213	6.523165	6.9805565	6.1457243	6.4263773	6.6108913	5.8421645	5.818926	7.181754	6.961145	6.3659687	7.0771394	5.889172	5.7088504	6.114001	6.8571324	7.00227	6.6539674	6.3349786	6.6140594	6.7387524	6.6797585	6.6551666	6.9172277	6.9582787	5.9265018	6.5456405	6.2626786	5.8829684	6.175383	6.5452695	6.898923	6.208408	6.557163	6.830285	6.916326	7.0425024	6.484974	6.9866676	6.0900226	7.0619345	6.191674	6.972921	6.6973305	6.540605	6.070336	6.850646	6.4451327
MFAP4_32762	3.548161	4.526692	0.76129264	2.3223944	2.6569214	2.6425977	2.0220141	2.914369	3.7772083	2.6036353	2.2036915	3.6478724	3.9934368	2.7372885	4.1832037	3.6286907	3.4794793	2.0267587	3.318902	3.400333	2.581391	2.636965	3.326703	4.5087037	3.7149374	3.24468	3.4149964	4.3754215	1.8408495	4.006783	3.987233	2.7354863	3.619502	2.7601511	2.853671	2.3210802	3.303507	4.8358083	4.7570624	4.3172674	4.9418035	4.086987	2.99374	3.2341504	3.2451313	3.3411944	4.47233	3.580566	3.2257414	2.1194797	3.3545144
MGC108823_9225	6.649993	8.794055	7.8079844	8.017389	8.418507	7.500347	7.786701	7.7402124	7.9049344	7.1971507	6.9963956	8.296289	7.801672	8.583462	7.969091	7.774203	7.1287513	8.173972	6.893906	9.303463	7.5069246	7.498731	6.78136	8.325597	6.359102	7.734479	7.9304295	7.8627343	6.813337	7.977499	8.460122	8.014146	7.7564235	8.156855	7.917852	8.198616	8.385783	9.086992	7.6025314	9.440304	9.473382	8.925298	7.9090242	7.477765	8.140086	9.006989	8.224246	7.5721536	4.871772	7.324088	8.766038
MGC112715_33057	4.934336	5.629645	4.0259314	5.634777	4.7014403	4.941065	3.659207	5.0226336	5.6358576	4.721964	3.8604286	5.1539893	5.6427536	5.100155	5.581279	3.834324	4.483924	4.6069818	5.3821487	6.1616025	4.4831705	5.0561686	4.9869895	5.9556165	5.3876147	4.3621955	5.108945	4.855332	4.436806	4.7664943	5.6870804	4.427398	4.470548	5.184672	5.8342905	4.5839467	4.666819	5.478313	5.6760535	5.237387	3.8365083	5.7632694	4.819067	5.087121	4.939491	5.179226	5.9696035	5.3124347	4.2955856	4.79509	5.399867
MGC112830_9226	3.1985953	2.737684	3.326985	2.8078547	2.472159	2.3445714	3.1634846	2.914369	2.8787735	1.823375	2.3383918	2.455695	2.919921	3.2482674	3.1575243	3.0189555	2.399263	3.2644873	3.2296562	3.0622413	3.0217755	1.7539579	2.6825488	2.9355001	3.2172866	3.141831	2.462306	3.8083558	2.284903	2.6423824	2.5736196	2.5734606	2.570392	2.7601511	3.5085077	2.4585645	3.0694053	3.119443	2.9088483	2.9792266	3.7711594	2.9874854	2.8742359	3.4200125	2.2125611	3.671778	3.2250526	2.2186248	2.4591324	2.8118143	2.708643
MGLL_9227	4.4016967	3.2957203	2.713711	1.8748931	1.7112163	3.522194	2.2245977	2.1911569	3.0110276	2.1873605	1.70226	3.1193392	2.8013556	2.3926249	3.8283224	1.7521499	2.7821121	2.4073083	3.7624195	3.2961977	3.712247	2.2619886	3.7704499	2.6873035	4.545173	3.5154157	3.7958171	3.474912	1.6561947	3.602016	2.3110406	0.77186805	2.1789894	1.2890483	2.9855762	2.6995428	2.2317815	1.8332981	3.0287817	3.5018787	2.4405787	2.2424579	0.7077145	3.8009534	2.3897877	3.142335	3.122376	2.9218345	2.8927681	3.846141	2.4077895
MGP_33209	1.8143951	3.5496664	2.552146	1.8748931	2.967741	2.5012665	2.951459	2.6667733	2.8787735	2.9263053	2.5750768	1.1900772	1.1336887	2.5752249	2.9264696	3.4526122	3.334152	2.0267587	1.7631619	3.2961977	1.6491554	1.7539579	1.1403992	2.8167326	0.0	2.091197	2.077968	3.273985	2.004529	1.2084577	2.5736196	3.013425	3.2430704	1.9587818	2.5470278	2.8064463	2.7898166	4.1940618	3.1395056	3.2640922	4.2740407	2.5356345	3.4765677	1.1977407	3.047878	3.3411944	3.65103	2.6126575	2.6186037	0.0	3.2650185
MGST1_33167	11.844414	10.529154	9.920571	10.408913	10.173506	11.853144	10.112199	10.199958	10.784244	10.446528	10.470487	11.992032	11.984097	10.492567	11.736055	9.693688	10.595322	10.079657	12.28942	11.087414	11.566723	10.480757	11.789856	11.177721	12.354242	12.069135	11.810722	12.088429	10.108006	11.856009	10.765695	9.943095	9.994341	9.107896	10.98731	8.866221	10.20685	10.257144	10.975811	10.283264	10.214153	11.194539	10.163799	11.685505	10.479505	10.471777	11.137273	11.024676	10.090597	11.913717	10.721065
MIF_9231	7.8339663	7.9865785	7.3170686	7.2132783	7.864096	7.7934656	8.3601055	7.927995	7.3016124	8.204697	8.22831	7.168962	7.6165495	7.639417	8.3244505	8.134266	7.603322	8.149184	7.146408	8.409218	6.9482813	7.8820915	7.597734	8.01427	7.1572924	7.4789653	7.523691	7.2733984	7.3773093	7.5225515	7.2200885	7.5636883	8.13158	7.8122964	6.898923	7.7737317	7.7853537	7.895572	7.821789	7.7093625	8.260087	7.2518477	7.905218	7.482991	7.714321	7.9746704	7.6214437	7.915675	8.145386	8.282859	7.5213895
MKI67_9232	1.8143951	2.257008	1.2570211	1.2227256	1.7112163	2.1687598	1.7862632	1.4768263	2.8787735	1.3353969	1.4871172	2.0718052	2.1961572	1.9388802	2.1047523	1.275699	1.3803144	1.5083932	1.7631619	3.7548423	2.1892972	2.5224707	2.2057867	2.5451083	1.1871207	2.7802737	1.8390311	3.7055392	0.8958736	1.8567106	2.3110406	2.1818647	2.1789894	2.597612	2.5470278	1.3212922	1.3096737	0.71446705	3.1395056	1.1027291	3.6308496	2.6625395	2.0586884	1.5561608	1.7753943	2.297121	0.0	2.2186248	2.2798173	1.2253668	2.838406
MLEC_9235	7.9038653	6.7812257	6.0815277	6.2548165	6.4870415	7.6459675	6.5650187	6.3961487	6.8055983	6.3349824	5.982155	7.9488153	7.571974	6.1382194	7.1593995	5.9233575	6.0370407	6.4445467	7.4675183	7.0510807	7.2135267	6.4012804	7.073506	6.9439464	7.9805098	7.716697	7.9680457	7.757444	5.8206253	7.6122737	6.5487647	5.344077	6.2968974	6.429221	7.5849886	6.1788635	6.5684466	6.5923176	7.284869	6.527237	6.277081	7.069172	5.8258595	7.744681	6.1430326	5.7508545	7.5241103	7.081994	6.214652	7.31199	6.5147333
MMP2_9238	4.5251174	4.4455914	0.76129264	3.4599617	3.335922	3.1950624	2.0220141	3.4732275	4.4247885	3.1072266	3.115025	4.2915974	3.8809977	4.6076946	4.7766256	3.834324	3.0843768	2.837896	3.8246934	4.855005	3.1430392	4.2504673	3.410797	4.786641	4.464024	4.057699	3.9838378	3.9500241	2.5195544	3.3471458	4.7148147	3.4468794	3.917761	3.5640745	4.3970637	3.5225942	3.5959105	4.089322	4.531982	3.7059622	4.320462	4.174781	3.2066107	3.8664052	3.573486	3.2451882	4.630346	4.26847	3.7236884	4.0923586	3.7990685
MMRN2_32997	0.70423484	2.987318	1.2570211	2.1159258	2.011671	1.1146706	2.0220141	2.3676975	2.7331607	2.4777672	1.2341714	2.7586064	1.7605959	2.5752249	2.3107724	1.275699	2.399263	0.6915133	1.483266	1.6806879	1.2775879	1.5351875	1.1403992	2.8167326	1.8294263	2.091197	1.8390311	2.8607516	1.6561947	2.0966876	2.3110406	2.7354863	1.2698381	1.9587818	2.5470278	0.58460927	0.79861236	2.7587066	2.6341627	2.4829574	0.0	2.6625395	2.2628205	1.8430203	0.6833182	3.142335	3.011828	1.6747757	0.0	1.588432	2.838406
MNAT1_9239	5.3224826	5.230354	5.1026754	4.985458	5.1025486	4.941065	4.364126	4.446643	5.182173	3.9751415	4.144076	4.9891205	5.0549846	4.476096	5.1696496	4.653045	4.874015	5.0701213	5.182596	5.266739	4.8819904	4.785323	4.9869895	5.53426	4.7978716	4.984295	4.7077756	5.214828	4.877955	4.6952806	5.1365104	4.9408307	5.1529117	5.033894	5.006382	4.168924	5.2184687	5.760029	4.95172	5.4605856	6.19225	5.1774263	4.572631	4.972892	4.691478	6.198161	4.963034	4.732349	4.903098	4.3026175	5.59612
MPC2_33219	3.9517226	3.200062	2.9909706	3.0594068	2.6569214	3.1002145	3.1634846	2.6667733	3.1321692	3.4797902	2.3383918	3.7198045	3.2264056	3.62484	3.8283224	3.3220272	2.5384767	2.5655518	3.5576375	3.4974551	3.4555352	2.3981004	4.109333	3.0452297	3.9713368	3.4306927	3.0159018	3.8083558	2.6239645	3.437199	2.4482956	3.4468794	3.3467786	3.8792007	2.3652024	2.9990726	2.7898166	4.1940618	2.2945795	4.582081	4.0164742	3.331059	3.3920732	3.4200125	2.8193185	4.113659	2.4585013	3.0546732	1.8362379	3.0634718	3.1696014
MRC1_33067	3.9517226	5.7860703	4.354751	5.5345488	5.224576	3.4470994	5.2143483	5.452878	5.8802776	5.36168	3.9045265	3.2219887	4.5293536	5.599045	4.668412	4.055957	4.6155543	4.9604125	4.5328355	5.4232535	5.0464687	4.8813667	2.8119028	5.677477	4.0289	3.340682	3.8612514	4.1974163	4.7220135	4.3690176	4.9640923	4.9736853	5.1240087	5.4928746	4.9428797	4.4908404	4.580281	4.8991494	5.5004597	5.4030566	4.7516193	5.067034	5.759956	4.602197	4.789545	4.9241333	4.5535	4.846702	4.9337583	3.5490766	5.9804406
MRPL12_9245	7.063699	7.5698524	7.521893	7.187106	7.344119	6.953679	7.4197044	7.281306	7.078592	6.8230796	7.1690245	7.2379556	7.172956	6.74521	7.392684	7.249036	7.002154	7.4259586	7.071339	7.158932	6.931545	7.0545135	6.9871154	7.0790944	7.394756	7.1284504	7.1640797	7.326335	7.138217	7.370849	6.8382454	7.0888257	6.9842443	7.211929	7.206651	7.3696337	7.2879868	7.757121	7.4005613	7.9085474	7.9115524	6.918362	7.2925134	7.130145	6.8742948	7.8658924	6.800697	7.243795	7.1340632	7.008913	7.341542
MRPL19_9246	4.9043345	4.403265	3.8283436	4.790639	4.6148157	4.637601	4.564081	4.446643	3.7772083	4.693933	3.448644	4.5891457	4.097743	4.6891985	4.741449	3.735168	4.820448	4.370112	4.5696683	4.8178773	3.8610783	4.354535	4.902367	4.583367	4.730073	4.6514254	4.4343996	4.4408975	4.74535	4.4577565	3.8941805	4.1103654	4.722696	4.1376824	4.80682	4.6428385	4.284343	4.291709	3.9976015	5.215274	4.532502	4.4100404	4.366648	4.0466323	4.214827	4.3162427	4.0924416	5.082807	4.3870535	4.6488495	4.3271203
MRPS16_9249	4.4016967	3.8308609	3.111882	3.6250265	2.8206856	4.4957547	3.1634846	2.5249715	3.7772083	2.719398	3.115025	4.66399	4.2412953	2.5752249	4.1297936	3.178435	3.334152	3.066902	4.375311	3.4974551	3.9301062	3.324341	4.464495	3.4953887	4.6219993	4.5745316	3.65531	4.948328	2.406994	4.5413523	3.1578226	3.6228914	2.8779507	1.9587818	3.5936723	2.5840793	3.6815434	2.7587066	3.8094523	3.5018787	3.555222	3.6700726	2.6006784	3.9290164	2.5476058	2.476957	3.5753076	3.4896183	3.7922184	3.629271	3.5183966
MRPS2_9250	2.4342844	2.053109	1.9183995	2.1159258	2.2602103	2.3445714	1.7862632	1.1302094	1.2703954	1.0112327	1.70226	2.0718052	2.5302608	1.6441145	2.4910152	0.5594628	2.2451668	1.7907331	2.1990027	1.9785899	2.3986237	0.9628306	2.6825488	1.4924659	2.451389	2.7802737	2.621851	2.65541	2.004529	1.8567106	1.3137702	1.6426728	1.6401663	1.9587818	2.3652024	1.9992051	1.6862907	1.5472676	2.0891902	2.4829574	3.4754093	2.6625395	1.8208362	1.5561608	1.7753943	1.2047167	1.1920056	2.2186248	0.7160639	3.2776825	1.1573405
MS4A1_34110	1.8143951	3.200062	3.111882	2.9391065	2.472159	1.1146706	2.5603254	2.1911569	1.9352914	1.59992	0.92724514	1.5471903	1.4809296	2.1835182	2.3107724	2.2599542	2.2451668	3.4382432	1.1356703	2.2253819	1.2775879	1.9438806	0.0	2.2101986	1.1871207	2.2966683	1.5525111	3.3441162	2.5195544	1.8567106	2.3110406	2.5734606	2.8779507	3.9482906	2.157111	2.4585645	3.1911995	4.1940618	2.6341627	3.8275614	4.4513865	2.0700042	3.104098	3.2341504	1.7753943	2.7807593	3.011828	2.2186248	1.8362379	1.2253668	1.7911546
MSN_9253	5.984105	6.6873374	5.484961	6.095092	5.796619	6.1000614	5.6433964	6.1526985	6.48006	5.964532	5.660788	6.1335855	6.5929837	6.032879	6.2530107	5.2816105	6.3332114	5.751892	6.289462	7.195577	5.5850525	5.880121	5.83303	6.4897847	6.047144	5.818576	5.8015738	6.024251	5.556104	6.1524553	6.6085687	5.756515	5.6349244	6.0902305	6.561106	5.553551	5.945632	6.8544564	6.452619	6.7357893	6.778956	6.4043584	5.9492693	6.576636	6.07983	6.8477526	6.2987394	6.182456	5.440215	5.29047	6.6709766
MSRA_9254	7.0293617	7.386463	7.5859194	7.7621317	8.028105	7.0003905	7.55738	7.7875595	7.0169997	7.130742	6.840549	6.592201	7.5537505	8.279021	7.5226884	7.518711	7.23493	8.228235	6.6405272	7.2171254	7.029169	7.738803	7.111698	6.9789386	7.050162	6.6458006	6.5010405	6.7736573	7.7561164	6.4297633	7.276484	7.3043323	8.246662	7.5652823	7.8459024	8.188768	7.294797	8.04658	6.8608418	7.7093625	7.414067	6.99272	7.44709	6.6803727	7.7634177	7.7871127	6.706233	7.6265254	8.125603	7.4563828	7.4109864
MT1A_9255	6.6040697	7.579388	6.708136	6.5704327	8.532184	7.120046	7.853154	6.323049	6.631588	8.312326	4.4421306	5.3019347	5.909591	8.715769	5.932688	8.331734	8.011533	6.7549667	3.6291769	6.872491	5.3280163	6.832213	5.0407667	8.487448	5.553705	4.984295	4.7429204	6.0454555	4.3481307	5.3798304	6.3440967	6.150569	8.185031	7.816922	7.151539	4.7269006	7.018594	7.786732	5.458356	6.527237	8.543039	4.5479527	7.756843	6.023326	8.729534	8.86885	6.546871	6.182456	6.995606	7.848576	7.6855993
MT2A_9256	5.102316	6.271086	5.5927734	5.358121	8.339673	5.6756635	6.6985874	5.0996885	5.034578	7.4485145	3.3878083	3.8537283	4.704761	8.238982	4.810965	7.5627537	6.983997	5.83195	2.675235	5.9202175	3.8610783	5.8916993	3.6371455	8.070509	3.7149374	2.091197	3.4149964	4.8064847	4.220724	3.9467263	5.308648	5.0679846	7.4361625	6.908124	5.8166847	4.208451	5.910593	7.069341	3.6688373	5.718149	7.575894	3.6083453	7.44709	5.243111	8.013894	8.623638	5.5622196	4.732349	6.615399	7.103195	6.8888507
MTA1_9257	5.2996144	3.7655318	2.9909706	3.77313	3.1011837	4.637601	2.8324869	3.4732275	3.7009227	3.1072266	2.8701653	4.867713	5.0549846	3.0152833	4.741449	2.5203478	3.334152	3.9781444	4.640628	4.3821325	4.2866096	3.391122	4.716597	4.06339	5.2731752	4.217966	3.7958171	4.855332	2.7213259	4.8008246	3.5111294	2.7354863	3.534197	3.038847	3.5936723	2.6995428	1.9846656	4.627166	3.3383183	3.8275614	4.1250777	3.4055345	2.4416173	4.848835	2.8193185	3.3411944	3.791503	4.1546707	1.8362379	4.79509	3.5938473
MTF2_9259	4.8103943	5.1039143	4.1996894	4.6823845	4.204518	4.114065	4.2293363	4.446643	4.938183	4.3066416	3.3878083	4.929693	4.412865	4.112363	5.271804	4.055957	3.9475968	4.493403	4.864649	5.541846	4.5283937	4.708847	4.613897	5.196502	4.830612	4.534491	4.5968914	4.7559257	4.2858334	4.1732683	5.2155614	4.646986	4.5595846	3.7302246	4.80682	4.0864654	4.534984	4.383164	4.857672	4.946625	4.9418035	4.9223433	5.0571885	4.8808637	4.5115843	5.15301	4.2468505	4.4722323	3.7922184	4.5697665	5.1970515
MTFR1_9260	6.0125084	4.1193533	3.679778	4.565343	4.2626543	5.9585276	3.512115	3.815366	5.5073733	3.4125795	3.9473164	5.7427506	5.625408	4.476096	5.32029	3.5723524	3.996721	3.7985182	6.1135497	5.0275335	5.668223	3.8838544	5.637466	5.3540745	5.7717032	5.867745	5.7678456	6.0766897	2.9792736	5.667165	4.5719104	2.7354863	4.5157533	4.1376824	5.0672064	3.642881	3.9808064	4.9598265	5.096006	4.7140985	5.0282516	4.514691	3.837692	5.685331	4.214827	4.860753	5.2816496	4.9526534	3.7922184	5.7510586	4.1384206
MTMR2_33004	4.4440207	4.6403866	4.0862064	4.298234	4.5226555	4.637601	4.027466	4.5600543	4.6845293	4.544975	3.6691785	4.0338454	4.7693586	4.7663426	4.379027	3.6286907	4.3004603	4.1378617	4.289591	4.8912005	4.338317	4.451598	4.503321	4.688581	4.730073	4.450914	4.3907466	5.05673	4.0809665	4.3690176	4.8694844	3.9212065	4.274074	4.1376824	4.1938534	4.320921	3.9808064	4.989234	4.531982	4.5470986	5.2602787	4.335803	3.2066107	4.9428635	4.0662227	4.7601357	4.871027	4.26847	4.2955856	4.60985	4.960986
MUG1_33047	15.343386	15.503866	14.965247	15.489773	15.314676	15.624185	15.359865	15.558038	15.505366	15.519949	14.701428	15.887486	15.942488	15.061014	15.850527	15.426743	15.122559	15.4270935	15.588411	15.717326	16.19589	15.8261595	15.556874	15.858853	15.273216	15.620594	15.619127	15.85869	15.405485	15.760305	15.813634	15.0877285	15.338202	15.456137	15.376911	15.345782	15.683834	15.722776	15.803632	15.591058	15.4313545	15.964881	15.335	15.6904335	15.268917	15.293562	16.031128	15.846619	15.121873	15.9108	15.571728
MUT_9264	6.172101	5.130104	3.9630284	4.392873	4.8976593	5.9034123	4.982539	4.5232325	4.938183	4.665346	3.9045265	5.597562	6.084801	4.8395705	5.581279	3.6286907	4.55124	4.6069818	6.893906	5.3208194	5.5634885	4.451598	5.964062	5.589646	5.885148	6.2966805	5.697927	6.195273	4.0809665	5.858587	4.917564	4.5631175	4.1647973	4.9688754	5.362414	3.8063707	4.624199	5.278421	5.7301364	4.891912	4.532502	4.947489	4.177663	6.037604	4.549402	5.179226	5.3961062	5.1135902	3.980205	5.854777	4.9322033
MVD_9265	3.8918242	3.200062	0.76129264	1.2227256	0.8140356	3.522194	1.7862632	2.5249715	3.243922	2.0168164	2.3383918	3.3178172	3.759049	1.9388802	3.2605107	2.6348078	2.6654315	2.4073083	2.675235	1.9785899	2.1892972	1.2772086	3.326703	2.2101986	3.0042105	3.141831	3.9238462	3.5948293	1.1960433	4.006783	1.9897953	0.77186805	2.8779507	1.9587818	2.853671	2.905972	2.7898166	1.5472676	1.2029109	2.7523265	2.0577211	2.887088	2.2628205	3.0207527	1.7753943	2.476957	1.8356827	2.6126575	2.075009	2.1194797	2.5660443
MVP_9266	4.117802	3.5496664	2.1619017	2.5029805	3.7957757	4.7036157	2.8324869	2.7958763	3.535067	2.1873605	1.8894439	4.7694445	4.2412953	2.8829715	4.8445063	2.8396301	2.7821121	2.5655518	3.6291769	4.432127	3.4555352	3.0212092	4.3413258	4.2119765	4.1889715	4.1664968	4.1501555	4.4725537	2.406994	4.1732683	3.6313283	2.5734606	2.8779507	3.5640745	3.9572527	1.8065978	2.7898166	3.49237	3.5930324	2.8702326	2.8731365	4.612261	2.2628205	4.10203	2.2125611	3.671778	4.4299655	3.965136	2.8927681	4.034631	3.2650185
MX1_9267	3.3839397	5.4950523	4.0259314	5.2610955	4.318538	4.1618156	4.564081	4.59596	5.2902575	5.087805	3.448644	4.1425314	5.5900784	4.6891985	4.810965	2.9320772	4.820448	3.8609118	3.8246934	5.152088	4.614798	3.685282	3.5655706	5.196502	3.7149374	4.217966	4.3457317	4.831115	4.043804	4.414069	5.1160517	4.223962	4.3257575	3.4732254	6.65326	2.8064463	4.968852	4.5103173	5.0400114	5.809545	5.6718554	4.9722033	3.9002123	3.9290164	4.939491	5.327242	5.3961062	3.6661186	4.3870535	2.6673462	5.8480244
MX2_9268	3.764007	4.779257	3.5993342	4.1969485	4.14394	3.7265353	4.636899	3.9874403	3.9844897	4.02099	2.6802902	4.3830523	4.2412953	3.854183	3.531564	3.3220272	4.84748	3.8609118	4.150632	3.400333	3.712247	2.7430372	2.2057867	4.06339	2.451389	3.743284	3.4996274	3.1225834	2.8983095	3.251095	3.5724802	2.8811386	4.1068897	3.038847	5.7440305	3.320974	4.534984	4.338161	3.242334	5.215274	4.971199	4.041002	3.9601355	3.5846395	4.3917923	4.9848456	3.4953897	2.9218345	3.7236884	2.1194797	3.9212723
MYC_9271	3.9517226	1.8155732	1.6252826	0.7371988	2.6569214	1.4584783	2.5603254	0.6730612	3.0110276	1.59992	3.448644	4.7351427	2.1961572	2.5752249	3.446748	2.9320772	1.0488179	1.5083932	3.318902	1.9785899	2.581391	1.5351875	1.769281	1.1434783	3.0042105	3.6712542	3.0159018	2.8607516	2.6239645	1.5686922	2.159341	0.0	0.7703406	1.9587818	2.5470278	2.3210802	1.6862907	1.1901431	3.5130224	1.4443535	1.1797101	2.7791781	1.5358759	3.0207527	2.0104735	2.6368403	3.4107835	2.4290519	3.411482	3.174549	2.027206
MYCBP2_9273	1.8143951	2.435626	1.9183995	1.8748931	2.472159	2.9986892	1.7862632	2.914369	2.1797314	2.0168164	2.4615827	2.0718052	2.6721666	3.1364734	3.0466177	2.3960178	2.072621	1.7907331	2.8044732	3.2961977	3.1430392	3.0212092	2.0039802	2.5451083	2.7541187	3.340682	2.765496	2.7617311	2.5195544	3.1481903	2.4482956	1.9373132	3.0101936	2.9062183	2.5470278	1.8065978	2.2317815	3.2220936	2.9088483	3.2640922	2.4405787	2.5356345	2.4416173	3.0207527	2.0104735	3.3411944	2.617958	2.9218345	2.2798173	1.588432	1.5087776
MYL12A_33284	2.5931726	3.2957203	1.9183995	3.1704433	1.7112163	2.8894746	2.4022055	3.2206914	3.4443936	3.189834	2.956486	1.8332136	2.5302608	3.1364734	3.3566325	1.9419785	2.8900583	2.7081409	2.9230795	3.400333	2.581391	1.7539579	2.930607	2.5451083	3.5673409	2.7802737	2.621851	3.0404751	2.004529	2.786402	2.6889215	3.013425	2.3879235	2.9062183	3.1064248	2.3210802	3.0694053	2.8892338	2.6341627	3.7680426	2.992627	3.2525284	2.7439313	2.6264875	2.8193185	3.8779073	3.3209047	2.6126575	1.5499562	3.0634718	2.5660443
MYL12B_32708	6.6857076	6.704869	6.0815277	6.497763	6.5584064	6.6779966	6.365203	6.0784965	6.7017736	6.1819396	5.9924073	6.271615	6.610721	6.716338	6.429147	5.877594	6.2944455	6.4546976	6.657736	6.9772315	6.422028	6.0856304	6.7970705	6.509065	6.5773745	6.455212	6.0741563	6.9526777	5.8745346	6.7701635	6.541112	6.1215434	6.1469316	6.207605	6.256115	5.441908	6.487539	7.2683744	6.463303	7.180153	7.608998	6.2910557	6.254605	6.8598247	5.826199	7.175337	6.8416724	6.12318	6.334391	6.3685427	6.328488
MYL2_32406	0.0	0.0	0.76129264	0.0	0.0	0.6624132	0.0	0.6730612	0.0	0.0	0.0	0.0	1.1336887	0.0	0.0	0.0	0.0	0.6915133	0.6768118	0.7951595	0.0	0.0	1.1403992	0.0	0.0	0.0	1.1946218	6.0971427	0.0	0.7272255	0.0	1.2719984	0.0	0.0	0.0	0.58460927	0.0	5.1798387	0.0	5.569188	4.9418035	0.0	1.1804214	0.0	0.0	4.9548087	0.7157622	0.7915216	0.0	0.0	0.0
MYL9_9276	0.70423484	3.2957203	3.111882	2.1159258	2.8206856	1.4584783	3.2588525	2.6667733	2.3886938	2.6036353	2.6802902	1.5471903	2.6721666	3.352018	2.1047523	2.6348078	2.072621	2.837896	1.7631619	3.400333	1.2775879	2.841842	1.769281	3.0452297	1.5437274	2.2966683	2.077968	2.2793913	2.1515164	2.3023815	3.07545	2.5734606	1.6401663	2.7601511	2.5470278	2.5840793	1.9846656	2.7587066	2.778033	3.6410902	3.7711594	1.8741015	2.4416173	0.0	2.0104735	3.3411944	2.7615314	2.2186248	3.321599	2.3260906	2.5660443
MYLK_9277	5.276378	4.268282	3.679778	4.0880117	4.0807066	4.4957547	3.9148438	3.393861	4.1656966	3.4125795	2.6802902	4.929693	5.0549846	4.649022	5.030861	3.4526122	3.6732368	3.9781444	5.058514	4.9609766	4.8105626	3.9295027	4.424596	4.848497	4.8939457	5.4175487	4.7077756	5.097908	3.5557184	4.6952806	4.30899	3.2463703	3.619502	4.455044	4.488855	3.9059012	4.2285304	3.8538375	4.572019	4.358206	4.0164742	4.7328677	3.5563867	4.848835	3.6450963	4.535035	4.9023523	4.732349	4.1464963	4.98993	4.370676
MYO10_9278	3.548161	3.6971037	2.1619017	2.8078547	2.6569214	3.8482714	2.4022055	2.7958763	3.6203768	3.189834	2.8701653	3.9162993	3.9934368	2.7372885	3.6116695	2.2599542	3.1725283	2.9569383	3.0326717	3.5884495	3.1430392	2.9343114	3.2374017	3.4953887	3.9113815	3.8118882	3.4996274	3.8083558	2.6239645	3.251095	3.6313283	2.5734606	2.7323515	2.204507	3.2179284	2.1691005	3.5048723	2.455791	3.0287817	3.7059622	3.4754093	2.3964808	2.99374	3.504673	2.6898494	3.142335	3.4107835	3.0546732	2.075009	3.629271	2.2300112
NAA10_32633	3.3839397	2.435626	2.552146	1.8748931	0.8140356	3.1002145	1.5043167	2.1911569	3.243922	1.0112327	1.8894439	3.1193392	2.8013556	2.5752249	3.531564	2.109709	2.072621	0.6915133	1.7631619	2.6198554	2.581391	2.5224707	3.1422062	2.2101986	2.7541187	3.24468	2.462306	3.1225834	1.1960433	3.6778624	2.5736196	1.6426728	0.7703406	2.597612	2.7084813	1.5842559	2.6266706	1.5472676	2.4743395	1.9519659	3.2054758	2.6625395	0.7077145	2.4668374	1.4944088	1.2047167	2.7615314	2.9218345	1.5499562	2.1194797	2.4077895
NAAA_32484	2.0518599	2.257008	2.3701787	2.3223944	1.3312725	2.6425977	1.7862632	1.9899611	3.243922	1.3353969	0.92724514	2.0718052	3.0294778	2.7372885	2.4910152	1.5335042	1.8765994	2.7081409	2.375796	3.4974551	1.6491554	2.5224707	0.68006337	2.2101986	2.451389	2.7802737	1.5525111	2.9534101	1.1960433	0.7272255	2.5736196	1.2719984	2.7323515	1.2890483	2.3652024	1.9992051	2.7898166	3.0089254	3.0287817	3.2640922	2.0577211	2.5356345	1.8208362	2.0821931	2.0104735	2.476957	2.8921008	1.9721766	1.5499562	2.1194797	2.2300112
NADK2_32534	3.6237552	2.987318	2.552146	2.3223944	2.472159	3.661585	3.3483052	1.7560883	3.6203768	3.3420844	3.1882064	3.5721645	3.554308	2.8829715	3.531564	2.5203478	3.334152	2.7081409	3.5576375	3.831355	3.5462768	3.51607	4.2066507	3.8379865	3.4874642	3.6712542	3.65531	3.3441162	2.284903	3.8185487	2.3110406	2.8811386	3.4435291	2.597612	4.080398	2.8064463	2.9363732	3.8538375	3.9375708	2.9792266	2.7428484	3.4055345	3.104098	3.1313937	2.93812	3.2451882	2.8921008	2.2186248	2.8927681	3.2776825	3.3545144
NAT1_33063	6.3383994	6.3950596	5.368437	6.267362	5.7363467	6.427577	5.55221	5.736384	6.4454103	5.56106	5.51195	5.858812	5.951954	5.7773542	6.037915	5.246035	5.4156413	5.951464	6.8496637	6.3292866	6.1013103	5.369398	5.3271003	6.050785	6.1544905	5.8351526	5.944293	6.2141223	5.729948	5.7219396	5.601367	6.164865	5.771651	5.945656	6.7305083	5.553551	5.6594005	6.1337013	5.8970385	6.272691	6.422501	6.25122	5.8888836	6.106947	5.763224	6.248552	6.213891	5.704953	5.3746824	6.221069	5.9520473
NCK1_9286	5.388989	4.220327	3.111882	4.346329	3.8724551	5.3023205	2.8324869	3.5484548	5.2099624	3.9751415	3.115025	5.0179405	5.2933	4.728286	4.7766256	2.9320772	3.334152	2.4073083	5.3186493	4.9265103	4.4831705	4.0988927	5.0407667	5.0462265	5.45216	5.2545776	5.212871	5.390823	3.0559347	5.629458	5.1365104	3.4468794	3.8487759	4.1376824	4.80682	3.0865276	4.3380756	4.589258	4.6109753	4.0930934	4.1764603	4.896752	4.4526014	5.1672235	3.1498733	4.268201	5.305279	4.423926	4.2955856	4.8957973	4.1879597
NCL_9288	7.9189487	6.6784916	6.0962586	6.409967	6.2632647	7.961404	5.945275	6.484999	7.1804285	6.279476	6.1194544	7.6824546	7.828448	6.529806	7.8378515	5.7179646	6.0370407	6.3498244	7.7300076	7.3530984	7.395398	6.256555	7.742696	7.1606054	7.924738	7.7693987	7.7478495	8.073529	5.8532124	7.75481	7.186143	5.865568	6.4327316	6.1501107	7.1444993	5.9414716	6.310691	6.7466564	7.1458807	6.672274	6.592922	7.168755	6.0900226	7.650279	6.1054444	6.6650352	7.0093	6.751025	5.99964	7.5365543	6.5340176
NCOA1_9289	3.294242	2.987318	1.2570211	0.7371988	2.6569214	3.4470994	0.689121	0.0	2.1797314	1.59992	0.0	1.1900772	2.5302608	1.2732412	2.1047523	0.5594628	2.2451668	2.0267587	3.318902	3.0622413	1.9443585	2.2619886	2.2057867	2.2101986	2.6106799	3.0310833	2.462306	3.410996	1.1960433	2.6423824	1.3137702	1.2719984	2.3879235	1.6624343	2.9855762	1.5842559	1.6862907	1.5472676	2.4743395	1.7203709	1.5350422	2.3964808	1.8208362	2.4668374	1.7753943	1.8519349	2.4585013	2.4290519	1.5499562	3.0634718	1.1573405
NCOA3_9290	4.2667212	4.9359283	4.354751	5.073815	4.424204	4.2528214	3.4325337	4.091718	4.9710355	4.3066416	3.7194197	4.0892115	4.5661826	4.331278	4.741449	3.4526122	3.7893128	4.6069818	4.289591	5.347118	4.2329803	3.9295027	3.8327506	5.196502	4.0289	4.1664968	3.7958171	4.4408975	3.657633	4.5413523	4.6593394	3.8522093	4.1068897	4.501759	4.616441	3.3913584	4.2285304	4.0339556	4.921047	4.5470986	4.1250777	4.514691	4.177663	4.2564993	3.4186301	4.575076	4.630346	4.1546707	4.5142236	3.9744961	4.8109617
NDRG1_32364	3.6955848	4.9059253	3.9630284	4.6823845	3.5377576	4.3384256	3.512115	4.968878	4.047455	4.665346	3.7194197	3.6478724	3.8809977	4.279584	4.1832037	3.5723524	3.896741	3.7985182	3.9417143	4.8912005	4.2329803	4.571624	4.058097	4.3031607	4.238611	3.24468	4.299267	3.9500241	3.3273613	4.4577565	4.2724814	3.7034492	4.470548	4.4067645	4.532649	4.425254	4.170472	4.929807	4.531982	4.9993396	4.646217	3.7292666	4.0176687	4.6401196	4.3917923	5.5645204	3.7229755	3.8959892	4.0377917	4.0923586	4.746293
NDRG2_32998	4.7441874	5.2543645	5.2679276	4.9547606	5.195023	3.788687	4.954324	4.996006	4.904565	4.150392	4.2841916	4.1939507	4.602095	5.4433146	4.630459	4.732318	4.7361727	5.0163097	4.3330874	5.2940326	4.7734776	4.419964	3.6371455	4.9078097	4.1889715	4.217966	4.041434	5.176898	4.6982937	4.9305177	4.601646	4.801377	5.4376388	4.9688754	4.8420568	3.9532046	5.274664	6.247597	4.572019	5.7337894	5.7072253	4.2167525	4.7528453	4.0466323	5.0753083	6.105507	4.0370674	4.26847	4.903098	4.034631	5.016884
NDUFB8_33155	4.8423924	6.340025	6.249084	6.0229416	6.1902523	5.4248013	6.332692	6.1160746	5.931252	6.161615	6.081541	5.6537337	5.572084	6.1526594	5.5203233	5.8182697	6.0487347	6.294383	5.6289735	6.176345	4.846719	5.6126795	5.2606664	6.1276417	5.4936395	5.1524577	5.2861795	6.2419434	6.0440793	5.6484346	5.929115	6.0616803	6.396936	6.1791444	5.7440305	5.780319	6.487539	6.846444	5.912714	6.490882	6.8118243	5.7632694	6.402319	5.406049	6.092694	6.4122286	5.6009226	5.684595	6.214652	5.385898	6.739031
NDUFV3_32394	7.036295	7.325437	7.310767	6.846068	7.6079173	7.8673306	7.077819	7.4129424	6.867979	7.077494	6.9016614	7.096503	7.4639	6.8194914	7.415181	6.5079036	7.1065445	7.66329	6.5695624	7.5639887	6.8801384	6.925282	7.4761367	6.54687	7.3102207	7.1351595	7.006702	7.4704876	7.4465737	6.6715717	6.923127	6.714238	7.4536915	7.1691546	7.36038	7.2935677	7.026798	8.536934	6.484436	8.471823	7.809464	6.8926992	6.6407003	6.794067	7.3139834	7.7569685	6.7499394	7.179781	6.874399	7.256255	7.038136
NEFH_33218	2.2557068	1.5310675	0.76129264	2.3223944	2.2602103	3.4470994	2.5603254	2.1911569	1.640813	2.8265579	2.5750768	1.5471903	2.8013556	2.8829715	1.2144328	1.275699	3.7893128	1.5083932	1.1356703	2.4360592	0.0	1.9438806	3.5655706	1.1434783	1.1871207	1.2043949	1.5525111	0.567391	1.6561947	1.8567106	1.3137702	2.1818647	2.8779507	2.597612	1.9138626	1.3212922	2.4426951	1.1901431	2.778033	1.4443535	0.0	1.8741015	1.5358759	1.5561608	2.0104735	0.72461534	2.074421	1.9721766	1.1924393	3.3739324	2.027206
NENF_9296	2.736285	2.435626	2.552146	3.1704433	2.2602103	2.9986892	1.153547	2.3676975	3.3476372	2.6036353	1.70226	2.2764814	2.372859	3.4488056	3.0466177	1.5335042	1.6496927	1.7907331	2.675235	3.400333	2.3986237	1.2772086	3.326703	2.5451083	3.0042105	3.595438	3.1264923	3.273985	0.8958736	3.0373778	2.159341	1.9373132	0.0	1.9587818	2.9855762	2.5840793	1.3096737	1.5472676	3.1395056	2.3267155	2.5996156	3.331059	1.5358759	1.1977407	1.1451283	3.3411944	3.011828	2.9218345	2.6186037	3.174549	3.5183966
NET1_9297	7.873216	7.0788417	5.462397	6.2421613	6.7227516	6.796177	5.712411	5.5475993	6.1903405	5.4141674	5.735934	7.7003455	6.556841	5.93603	6.8399925	6.0627937	6.0603347	5.4407325	7.2967825	6.8450727	6.8625875	5.6126795	7.3907037	5.912826	6.2422833	8.054167	7.311829	7.326335	5.9766617	6.350862	5.6160107	5.678946	6.4791183	5.4217744	5.5658035	5.568818	6.0459146	7.1300073	7.1392336	6.4630017	6.8118243	7.1198225	5.580685	6.7251678	6.6402464	7.510834	6.89715	6.649648	6.8664746	7.423023	6.075635
NFATC3_9299	4.8423924	4.220327	4.1440635	4.0302944	4.204518	5.0209155	3.659207	3.9874403	4.4247885	3.4797902	3.5070176	4.9891205	4.637135	4.331278	5.0879884	4.0964723	3.8440266	4.086562	5.032364	5.0275335	4.4831705	4.354535	4.5779715	5.0462265	4.7643704	4.7595882	4.9675345	5.0143414	3.9262035	4.7664943	4.8937244	4.168281	4.1068897	4.590883	4.910049	3.5225942	4.284343	4.338161	5.300493	4.8057427	4.071798	4.445774	3.9601355	4.713098	3.840789	4.493851	4.7727504	4.03112	4.3870535	4.79509	3.8614638
NFE2L2_9301	7.6608496	8.226987	7.8607016	8.2342005	7.882753	8.093465	8.005298	8.295891	8.565231	7.530051	7.5202837	8.056916	7.730448	7.822152	8.057556	8.102293	7.492091	8.011564	7.641952	8.79322	8.039343	7.7922883	7.7747874	7.923779	7.4694223	7.8893366	8.14925	8.099106	7.6364026	8.392043	8.529447	8.515934	8.124302	8.42875	7.9260855	7.9088373	7.77565	8.521921	8.324856	8.723644	9.059876	8.347339	8.60891	8.060027	7.7873535	8.310354	8.039352	7.8440557	7.278418	7.7667284	8.303769
NFIA_9302	7.2180147	5.927182	5.85775	5.850239	6.523165	7.0392594	6.0688534	6.2684703	5.7538285	5.999306	5.497626	6.9168854	7.166974	5.681025	6.3612504	5.094254	5.8357673	6.4847283	6.578626	6.2478795	6.0557013	5.7963643	7.060547	5.898276	7.000669	6.8224616	6.521425	6.3651185	5.885079	6.303759	6.063396	5.127592	5.9135237	5.445866	6.592483	5.780319	5.638138	6.523633	6.245403	6.622732	6.204678	6.2811995	5.618366	6.185985	5.6459365	5.9467025	6.188703	6.253282	5.5232043	6.883719	6.114585
NFIL3_9304	5.0756426	3.4698832	1.6252826	2.9391065	3.7147906	4.5684204	2.7028143	2.6667733	3.7009227	1.823375	2.3383918	5.1797247	4.5293536	3.539506	4.9406905	2.2599542	1.8765994	1.1570135	5.340128	4.102316	4.7734776	2.2619886	4.8124704	3.4953887	5.342922	5.5030246	5.108945	4.855332	1.4443876	4.9611974	3.379998	2.1818647	3.2430704	2.9062183	4.1938534	1.8065978	1.6862907	3.2220936	3.9375708	2.6239195	2.5996156	4.2972007	2.2628205	5.192965	1.7753943	2.0916321	4.630346	4.1546707	1.5499562	4.98993	3.6655471
NFKB1_9305	4.0645385	3.5496664	2.9909706	3.9074347	3.9452639	4.208036	3.9148438	3.688074	3.7772083	3.4797902	3.617124	4.3830523	3.759049	4.112363	4.016648	2.9320772	3.546998	3.066902	4.4163337	4.6590047	3.5462768	3.685282	4.716597	4.114638	4.1375628	4.7595882	3.7272735	4.271274	3.706012	4.3225136	3.8941805	3.1345942	3.7000437	4.1376824	4.0201387	3.0865276	3.6815434	4.929807	4.110652	4.682209	4.1764603	4.335803	3.4765677	4.972892	2.8193185	4.218504	4.5924344	4.2126923	3.2257414	4.686823	3.733852
NFKBIA_9307	2.0518599	1.5310675	2.552146	2.663456	2.472159	2.1687598	2.2245977	1.4768263	2.7331607	2.3398588	1.8894439	2.455695	2.1961572	3.1364734	1.5756721	2.5203478	2.2451668	1.5083932	1.1356703	2.4360592	1.2775879	2.3981004	2.5404441	1.1434783	2.2723026	2.091197	1.1946218	2.4159133	2.004529	1.5686922	2.159341	1.6426728	2.7323515	3.038847	1.9138626	0.9994701	1.3096737	2.6151845	2.4743395	2.1514747	2.261813	1.3782007	0.7077145	2.0821931	2.0104735	2.7807593	2.4585013	1.6747757	2.075009	2.9431233	1.5087776
NFKBIB_9308	3.4683857	3.5496664	3.326985	2.9391065	3.223322	4.208036	4.2756796	3.2206914	2.5711837	4.150392	3.6691785	2.8891323	3.4790516	3.62484	3.2605107	3.4526122	3.7893128	3.5933034	2.8044732	2.6198554	2.889376	3.1031692	4.0049734	2.008209	3.3130789	3.0310833	3.3250897	3.2002692	3.5019276	2.6423824	3.1578226	3.3501055	3.7763257	2.597612	3.4179986	3.8569942	3.9808064	4.338161	3.3383183	4.745298	2.5996156	3.2525284	2.99374	3.0207527	3.2451313	3.5159345	3.3209047	3.7468808	3.411482	3.2776825	2.9574547
NGRN_33016	2.8664734	3.097608	2.713711	3.5448534	3.1011837	3.4470994	2.951459	2.3676975	3.9844897	2.4777672	1.8894439	3.0088224	3.0294778	3.0152833	3.0466177	3.100898	1.8765994	3.3539796	2.5332706	3.7548423	3.5462768	3.0212092	1.488839	3.415899	2.451389	2.6363633	2.8961248	3.3441162	2.6239645	2.9173408	3.6313283	3.1345942	2.8779507	3.8066347	2.5470278	2.3210802	3.1911995	4.2437115	2.9088483	3.7680426	3.7711594	2.9874854	3.3920732	2.7702174	3.573486	4.113659	3.9195037	2.9218345	2.8927681	2.1194797	3.3545144
NGRN_9310	4.009233	3.6971037	2.1619017	3.7009778	2.8206856	4.114065	2.5603254	2.7958763	4.274977	3.189834	2.4615827	3.9762692	3.9383125	2.3926249	3.9565632	1.9419785	2.5384767	3.066902	4.244742	4.22083	4.2329803	3.4549482	3.5655706	4.010254	4.0842543	3.6712542	3.7958171	4.0790167	1.6561947	4.006783	3.6313283	2.3909085	2.3879235	3.1603029	4.0201387	2.5840793	3.0694053	3.2220936	3.242334	3.1752434	2.5996156	3.8935378	3.2066107	3.9890227	2.2125611	3.5159345	3.7229755	2.7755125	2.075009	4.201315	3.5938473
NGRN_9311	3.764007	3.200062	2.1619017	3.6250265	2.967741	3.4470994	2.2245977	2.5249715	3.9186504	3.189834	1.70226	3.6478724	3.759049	1.9388802	3.1575243	1.5335042	2.072621	2.7081409	3.318902	4.102316	3.0217755	3.1031692	3.5655706	3.415899	3.6430259	3.0310833	3.65531	3.7578633	2.284903	3.251095	3.5111294	2.1818647	2.3879235	2.7601511	4.080398	2.905972	1.9846656	2.8892338	2.2945795	3.0805616	2.4405787	3.4763536	2.2628205	3.5846395	3.047878	2.0916321	3.9195037	3.3925493	2.8927681	3.629271	3.3545144
NGRN_9312	4.3131304	3.097608	1.6252826	3.3697603	3.7147906	3.4470994	2.951459	3.023864	4.516664	2.8265579	2.3383918	4.3380494	3.8809977	3.0152833	4.0743294	2.2599542	2.7821121	2.9569383	3.8843899	4.5724864	3.2548962	3.4549482	3.6371455	4.164128	3.6430259	3.743284	3.1264923	3.8571408	1.1960433	3.8840604	3.8941805	2.7354863	1.6401663	3.038847	3.8226066	1.8065978	3.0694053	3.7884288	3.9976015	2.9792266	3.1029732	4.174781	2.7439313	3.9290164	3.047878	2.297121	3.7229755	3.580566	2.4591324	4.2528553	2.708643
NHEJ1_9313	2.4342844	2.053109	0.76129264	2.3223944	1.7112163	2.8894746	0.689121	2.3676975	0.77073467	2.3398588	2.2036915	1.8332136	2.1961572	2.7372885	2.9264696	2.2599542	1.8765994	2.9569383	2.5332706	2.4360592	1.9443585	1.9438806	2.5404441	1.773262	1.8294263	2.091197	1.8390311	2.4159133	1.4443876	0.7272255	1.9897953	1.9373132	2.3879235	2.4144073	1.2534345	2.3210802	1.3096737	2.0718946	1.2029109	1.7203709	2.8731365	1.0470449	1.5358759	2.0821931	2.6898494	2.476957	2.279205	1.9721766	2.762189	1.2253668	2.5660443
NHP2_32664	2.736285	5.412101	5.484961	5.102104	5.3902073	2.8894746	5.0102134	4.884291	5.6152225	5.2312317	4.8997808	3.6478724	3.2264056	5.681025	4.332506	5.6240854	4.874015	5.0434666	3.0326717	5.0911546	4.2866096	5.496161	2.8119028	4.848497	3.2172866	3.24468	3.0159018	4.341534	5.164296	4.2247515	5.0528755	6.26116	5.002234	5.84054	4.488855	5.0433664	5.874682	6.3756	5.521059	6.3659725	7.370606	4.643371	5.793284	3.5846395	4.8514056	6.7636228	4.6672864	5.0191975	5.6941237	3.2776825	5.8480244
NIP7_9316	1.5299913	2.737684	1.2570211	2.5029805	1.3312725	2.3445714	1.7862632	2.5249715	2.7331607	1.59992	1.70226	1.8332136	1.9947519	1.6441145	1.5756721	1.275699	0.6176906	2.2295449	2.675235	2.4360592	2.7435865	1.7539579	0.68006337	2.9355001	2.7541187	2.091197	2.621851	2.4159133	1.6561947	3.1481903	2.3110406	2.5734606	1.6401663	1.2890483	2.3652024	1.3212922	0.79861236	1.8332981	1.5622083	1.7203709	2.7428484	2.887088	2.6006784	2.4668374	2.0104735	2.297121	2.4585013	1.9721766	0.7160639	1.8782536	1.7911546
NIPSNAP1_9317	7.489572	6.884839	6.608901	6.6963854	6.7227516	7.563929	6.7404966	6.839713	6.7212152	6.7500896	6.4447126	7.207003	6.7770424	6.438474	7.1392703	6.1992645	6.8765526	6.6877065	7.146408	6.6370025	7.029169	6.925282	7.8331003	6.9789386	7.232723	7.1351595	6.7019353	7.576261	6.1701403	7.282502	6.686949	6.3514276	6.53508	7.161901	6.821592	6.3388033	6.401823	7.076209	6.8608418	7.6363487	7.387058	6.638539	6.0900226	7.047897	6.040535	7.620132	6.7326155	7.363884	6.5673227	7.1916924	6.7960534
NISCH_9318	2.5931726	2.435626	0.76129264	2.9391065	0.0	2.6425977	0.0	1.1302094	1.640813	1.823375	1.4871172	2.2764814	3.1312993	1.9388802	2.3107724	0.5594628	1.0488179	1.1570135	2.8044732	2.6198554	1.6491554	0.9628306	2.3827975	2.38735	3.4029047	3.5154157	2.8961248	2.5406258	1.1960433	2.3023815	0.9932049	1.2719984	1.9345882	0.7839461	1.2534345	1.8065978	2.7898166	2.0718946	2.9088483	1.7203709	2.0577211	2.3964808	2.2628205	2.0821931	1.7753943	1.2047167	3.011828	2.4290519	2.4591324	3.2776825	1.5087776
NIT1_9319	5.0207696	5.592454	4.7766476	5.0155153	4.9692383	4.82722	5.1411405	4.968878	4.761664	4.665346	4.2841916	4.6270533	5.002205	4.975738	4.741449	4.7828455	4.413313	5.5955396	4.772864	4.9265103	5.0464687	4.354535	4.613897	4.5087037	5.2731752	4.613491	5.4652047	4.855332	4.8989177	4.3690176	4.196571	4.7643	5.3151307	4.935233	4.6565795	4.881619	4.666819	5.921283	4.791384	5.7797184	5.5984015	4.643371	4.53372	4.9121966	4.5115843	5.915852	4.9330125	5.14373	5.022013	4.723822	4.842241
NIT2_9320	7.283579	6.805805	5.840355	5.8164897	6.1751957	7.155859	5.762088	6.200128	6.7872686	5.4813056	5.7956967	7.3779287	7.32575	6.6967645	7.172665	5.9457064	6.244476	5.979857	7.274644	7.1364903	7.098283	6.0856304	6.7167487	7.123556	7.5204844	7.4087167	6.7716646	7.691717	6.0155706	7.3651247	6.517907	6.313431	6.5783367	5.707365	6.39309	5.8937755	6.401823	6.5534706	6.6803083	6.385907	6.921302	6.805995	6.1297035	6.9380193	6.053753	6.6557293	6.6973305	6.680816	6.444949	6.719397	6.679661
NLRX1_33261	3.6237552	2.987318	1.2570211	1.8748931	2.011671	4.0646806	2.8324869	2.1911569	3.1321692	2.4777672	2.8701653	3.8537283	3.759049	2.3926249	3.3566325	1.5335042	2.8900583	2.7081409	3.4029472	3.400333	3.4555352	2.3981004	4.464495	2.2101986	3.6430259	3.6712542	3.3250897	3.8571408	2.284903	3.251095	2.5736196	1.2719984	2.3879235	2.597612	4.138241	1.3212922	1.9846656	3.0089254	2.6341627	3.0805616	3.3011763	3.4763536	0.7077145	3.6604056	1.1451283	0.72461534	2.4585013	3.3925493	2.4591324	3.9744961	3.067424
NMT1_9325	4.934336	5.3687654	4.916016	5.2100205	4.8976593	4.7036157	4.6719747	5.2870646	4.938183	4.2306314	4.61133	4.959713	5.248683	5.214689	5.1696496	5.03295	4.260792	5.2440724	5.158619	5.586682	5.0464687	4.8813667	4.5779715	4.9924426	5.1226697	5.3728333	5.108945	5.4072967	4.599311	4.899171	4.8448305	5.127592	5.46094	5.2130246	4.8764534	4.2469234	5.4312	5.742866	5.300493	5.7492623	5.5009913	4.7328677	4.9130273	5.192965	4.9953613	5.5645204	5.257627	5.051353	5.3746824	4.723822	5.1726503
NNT_9326	4.7441874	4.4867115	4.8480144	5.102104	5.070358	5.5909896	4.2756796	5.1728354	4.938183	5.151027	4.5571055	4.867713	5.248683	5.0078626	5.561245	4.1358805	5.0931315	4.7457223	5.058514	5.347118	5.5634885	4.993074	5.705642	4.9078097	5.0959854	5.5030246	5.262155	5.728978	4.3481307	5.020667	4.917564	4.427398	5.002234	4.7541404	5.261916	4.613693	5.1298456	5.101213	4.95172	5.441663	5.211846	5.0897985	4.61052	5.0023084	4.657249	4.724974	4.9330125	5.4634604	4.903098	5.619805	4.902835
NOC2L_9327	4.485139	3.8933594	3.2234385	3.77313	3.9452639	4.4957547	3.0613632	3.815366	3.7772083	2.8265579	3.1882064	4.1425314	3.9934368	3.352018	3.9565632	3.178435	3.0843768	3.066902	4.244742	3.831355	3.6316473	3.574707	4.541129	4.010254	4.5840974	4.315703	4.1501555	4.306832	3.0559347	4.2744603	3.447053	3.013425	3.7763257	2.4144073	3.5936723	2.8064463	3.0694053	2.8892338	4.2651753	3.5731628	3.9589443	3.9935026	3.104098	4.350994	3.1498733	3.5959594	4.0370674	3.6661186	3.8576405	4.4423666	3.7990685
NOLC1_9330	2.736285	2.987318	2.3701787	2.1159258	2.472159	3.661585	2.0220141	2.1911569	3.243922	1.3353969	1.8894439	1.8332136	3.315628	2.1835182	2.3107724	1.7521499	2.072621	2.2295449	2.8044732	3.1839569	3.0217755	1.9438806	2.2057867	2.8167326	3.2172866	3.340682	3.4149964	3.3441162	2.1515164	2.0966876	2.5736196	0.0	2.1789894	1.2890483	3.3214288	2.5840793	1.6862907	3.0089254	2.6341627	2.4829574	2.261813	2.9874854	2.2628205	2.6264875	2.0104735	2.7807593	3.4953897	2.6126575	1.5499562	2.3260906	2.4077895
NOP56_9343	4.873696	4.8119817	5.462397	4.923396	5.195023	5.4248013	5.1411405	5.148863	5.263986	4.9989533	4.786514	4.80295	4.452749	4.3811836	5.030861	5.1909714	4.6466675	5.735333	5.058514	5.733466	4.9164205	4.8579483	4.3413258	4.722014	5.0959854	4.5745316	5.2861795	4.925635	4.877955	4.6583104	5.429636	5.0679846	5.2893295	4.501759	5.096683	4.6994205	5.1298456	5.4147105	4.8249087	5.569188	5.396525	4.844166	5.1629677	5.291572	4.7575912	5.603762	5.37393	5.1732535	4.3870535	4.95923	5.1478295
NOP58_9344	2.2557068	2.053109	1.9183995	2.3223944	2.6569214	2.3445714	2.8324869	3.309873	2.5711837	3.1072266	1.70226	2.455695	1.9947519	1.9388802	2.7953992	3.0189555	1.3803144	2.4073083	1.7631619	3.0622413	2.3986237	1.9438806	2.0039802	2.8167326	2.0677924	2.091197	3.1264923	2.2793913	1.8408495	1.5686922	2.9880874	2.3909085	3.0101936	3.5640745	3.5936723	2.3210802	1.9846656	2.7587066	3.0287817	3.5731628	4.1764603	2.0700042	3.104098	2.2872965	1.4944088	3.031582	3.122376	2.7755125	2.6186037	2.8118143	2.838406
NOX4_9349	4.4016967	2.737684	4.0259314	4.0880117	3.8724551	4.766741	3.659207	3.1256318	3.0110276	3.189834	2.3383918	1.8332136	3.315628	4.6076946	3.1575243	3.3220272	2.399263	3.3539796	4.375311	3.400333	2.7435865	3.254318	4.503321	3.3317733	4.6949406	4.057699	2.8961248	4.0790167	3.798159	3.8840604	3.7422786	2.5734606	3.4435291	4.1376824	4.1938534	2.9990726	3.5048723	4.8678265	3.3383183	4.6162353	4.6822133	3.6083453	3.7038848	3.9290164	3.900535	3.5159345	3.2250526	4.0942173	3.1230586	4.1478653	2.4077895
NPAS2_9350	5.5908422	3.4698832	1.2570211	3.1704433	3.7147906	5.071795	3.1634846	3.2206914	4.560497	2.4777672	1.8894439	4.7351427	3.8809977	2.5752249	4.379027	2.109709	2.7821121	2.5655518	5.182596	3.9731874	4.05898	3.324341	4.5779715	3.897724	5.342922	5.4609194	4.671753	4.306832	2.5195544	4.8343573	3.5724802	3.013425	2.8779507	2.4144073	3.3214288	2.4585645	1.9846656	3.3179228	3.1395056	3.6410902	2.5996156	4.7328677	2.2628205	5.192965	2.2125611	1.8519349	4.9023523	3.8959892	2.075009	4.60985	3.5183966
NPC1_9351	6.2216024	4.9059253	4.622362	5.3813906	4.5226555	6.2176905	4.7723575	4.630994	5.6358576	4.2306314	4.6635904	6.472374	6.904748	5.4666176	6.5458865	4.055957	4.7361727	4.1873994	6.289462	5.848391	5.784626	5.248538	6.464676	6.063882	6.467166	6.8389935	6.1415515	6.3818865	4.9399505	6.5354824	5.940795	3.7797458	4.3257575	5.2130246	6.014976	4.45842	5.00252	4.769558	6.452619	4.919528	4.532502	5.8983564	4.177663	6.4110384	4.432838	4.6519713	6.110388	5.5334306	4.554239	6.056785	5.420738
NPM1_32887	8.041165	8.963846	8.89809	8.640826	8.886642	8.385087	8.681693	8.577596	8.836573	8.97216	8.2731495	8.521804	8.260744	8.832478	8.567279	8.426154	8.7575865	9.00359	7.913128	9.096201	8.459833	8.613116	8.609659	8.586067	8.055137	7.832679	8.324785	8.68485	8.642127	8.319897	8.513892	8.605132	8.785746	8.730356	8.717914	8.365266	8.702374	9.137116	8.869687	9.112627	9.456593	8.660324	8.99465	8.199899	8.721273	9.449422	8.50751	8.820066	8.55833	8.418814	8.660318
NPRL2_9354	2.5931726	2.257008	2.1619017	1.8748931	2.011671	2.6425977	2.5603254	2.1911569	2.1797314	2.3398588	2.4615827	2.2764814	2.372859	1.9388802	3.68756	1.7521499	2.399263	3.066902	2.1990027	2.9293032	1.2775879	1.5351875	2.930607	1.773262	1.5437274	2.2966683	2.621851	2.4159133	1.1960433	2.3023815	2.159341	2.3909085	1.9345882	2.204507	2.7084813	1.9992051	2.4426951	3.7884288	2.9088483	2.7523265	1.8199238	2.9874854	2.2628205	1.8430203	2.2125611	3.2451882	2.279205	3.0546732	1.8362379	2.6673462	2.5660443
NQO1_33055	3.294242	3.3854282	1.9183995	2.9391065	1.7112163	3.8482714	2.8324869	2.6667733	1.640813	2.6036353	2.6802902	3.9762692	4.5661826	2.8829715	3.6116695	0.5594628	2.8900583	2.5655518	4.289591	2.9293032	3.6316473	2.5224707	4.158812	2.5451083	3.7149374	2.2966683	3.3250897	3.8571408	2.8983095	4.0644393	3.6878698	1.6426728	2.570392	2.4144073	3.6740885	2.3210802	2.9363732	2.7587066	3.8094523	3.3477855	2.5996156	3.0813484	2.0586884	3.8664052	2.93812	1.8519349	2.7615314	3.8233604	2.2798173	3.0634718	3.067424
NR1D2_9358	4.009233	3.5496664	4.581067	4.9547606	3.1011837	4.5684204	2.8324869	4.1411605	3.7772083	3.6054895	3.0379322	4.5891457	5.8056216	4.5213094	3.446748	2.6348078	3.4794793	3.9781444	3.1345234	4.102316	3.5462768	3.6310537	4.541129	4.3889227	4.1375628	5.0425544	3.4996274	5.4869576	4.7909193	4.50016	4.6593394	3.1345942	4.1068897	4.547009	4.80682	2.8064463	5.00252	5.1798387	3.3383183	3.3477855	4.4513865	3.840832	5.137241	3.9290164	5.1010027	3.7438102	4.47233	3.8959892	2.2798173	4.0923586	3.9212723
NR1H2_9359	2.98588	2.987318	2.3701787	2.8078547	3.7147906	3.4470994	3.2588525	3.688074	3.4443936	3.5440083	2.956486	3.4076753	3.1312993	3.1364734	1.8643311	2.2599542	3.9475968	3.5933034	3.0326717	3.1839569	2.1892972	3.254318	2.930607	2.8167326	2.451389	2.911122	2.621851	3.273985	3.1287267	2.482375	3.3096738	1.6426728	3.3467786	2.4144073	3.4179986	3.5225942	3.303507	3.6479805	3.3383183	3.8847218	3.2054758	3.0813484	2.7439313	2.9009168	3.2451313	3.031582	3.5753076	3.3925493	2.4591324	2.6673462	1.7911546
NR1H3_32917	4.0645385	4.010777	3.897257	4.1969485	4.2626543	3.7265353	4.2293363	4.1411605	4.221371	4.150392	3.7194197	3.7883198	3.9934368	3.9890406	4.551419	4.174241	3.8440266	3.7333038	4.456222	4.22083	3.9301062	3.4549482	4.109333	3.7756684	4.4216714	4.4072366	4.1501555	4.7299657	3.798159	4.6583104	3.9414568	4.168281	4.3257575	4.547009	3.8915	3.1689827	4.2285304	4.1940618	4.8249087	5.170004	5.2362657	4.174781	4.61052	4.155379	4.166973	5.0713763	4.0924416	3.965136	4.247581	3.2776825	3.7990685
NR1H4_33039	6.3606653	5.7012687	5.3439584	6.109099	5.3097672	6.840865	5.371972	6.00027	6.3611703	5.2115946	4.6890273	6.2352614	5.8360996	5.985267	6.4833837	4.901926	5.6486483	5.5583673	6.311376	6.0855417	5.8394847	5.57008	5.991632	5.711165	6.6433635	6.4870296	5.834532	5.9587	4.8989177	6.5657444	6.126123	5.4645452	6.0114627	6.1934447	6.3324356	5.9876413	5.0354204	5.7079153	6.088627	6.2833586	5.7754664	6.5673294	5.522252	5.9796247	5.335529	6.145947	6.096912	6.061364	5.3060308	6.1548753	6.2135863
NR1I2_33293	6.393433	5.230354	5.4394746	5.4708896	5.9100986	6.2176905	5.237948	5.3303385	6.468602	5.151027	5.212011	6.2105064	6.45251	5.2687173	6.4180503	3.9271011	5.6940336	5.800458	5.9831014	6.316034	5.765866	5.903185	6.286935	6.089725	6.1544905	6.145386	5.9888926	6.5982227	5.05648	6.165688	5.8445945	4.0500264	5.2893295	5.001751	6.216385	4.425254	4.708216	5.7079153	5.3473864	5.363388	5.3071384	6.02187	4.943035	6.1987476	4.691478	5.544492	5.638614	6.138229	4.9337583	5.854777	5.044041
NR1I3_32602	3.764007	2.257008	1.9183995	2.1159258	3.628988	4.2962584	1.7862632	1.4768263	2.8787735	2.719398	1.8894439	2.7586064	2.6721666	3.4488056	3.9565632	1.9419785	2.072621	2.7081409	3.5576375	2.4360592	3.1430392	2.1116846	4.3413258	3.5707264	3.4029047	3.5154157	2.077968	3.9043298	2.406994	2.0966876	3.2357452	1.9373132	2.570392	3.2723231	2.7084813	2.1691005	1.3096737	2.0718946	2.6341627	2.4829574	3.4754093	3.1694758	2.2628205	2.6264875	2.93812	2.911615	2.279205	3.4896183	3.2257414	4.3026175	1.7911546
NR2F2_32621	3.764007	4.010777	3.679778	3.7009778	3.4403665	3.8482714	3.3483052	4.091718	4.1656966	3.7211092	3.0379322	4.2436	4.602095	3.62484	4.016648	2.3960178	3.9475968	2.4073083	3.5576375	4.039196	3.1430392	3.180722	4.8730197	3.6423242	3.9713368	3.595438	3.5795677	4.1195726	3.1287267	2.786402	3.379998	2.3909085	2.7323515	3.1603029	3.8226066	3.0865276	3.5959105	4.664103	2.9088483	3.5018787	3.7027097	3.6700726	2.6006784	3.8009534	3.7133195	3.812416	4.5535	3.580566	3.1230586	4.397271	3.733852
NR3C1_9361	4.7441874	6.055713	5.3925066	5.8164897	4.8223433	5.2144794	5.6433964	5.945658	5.9144597	5.379389	5.1764827	5.3927565	5.271164	5.7008123	5.7322574	4.990584	4.975528	5.613773	5.5389676	6.689333	6.202437	5.465499	5.431446	5.53426	5.2247305	5.0137186	5.262155	5.1959877	5.0933213	5.530639	5.6590714	6.0463185	6.1324925	5.84054	6.65326	5.5381217	5.638138	6.010037	5.8970385	5.9093337	6.762237	6.0798755	5.8418756	4.7825623	5.4598856	5.603762	6.1630673	5.744827	5.63937	5.9199986	5.8633523
NRAS_9363	2.5931726	2.8678937	2.8589911	3.2735412	2.6569214	2.5012665	2.4022055	2.7958763	3.4443936	2.4777672	2.4615827	3.0088224	2.372859	4.052019	3.446748	3.178435	2.072621	2.837896	2.1990027	3.4974551	3.3587008	3.391122	3.1422062	3.415899	3.1146789	3.0310833	2.621851	3.273985	2.1515164	2.0966876	2.4482956	3.2463703	2.8779507	2.9062183	3.2179284	2.1691005	3.8389206	3.0089254	3.0287817	3.0805616	3.8990247	3.4763536	3.104098	3.6604056	2.5476058	3.3411944	3.3209047	2.7755125	3.0125036	2.9431233	3.5183966
NREP_9364	6.456817	6.148321	5.1876664	6.9034557	5.694719	6.6021433	6.120553	6.6477976	6.421839	5.6943684	6.1194544	6.107006	5.9658027	6.473405	6.384239	6.083098	5.3974643	5.2672954	6.578626	7.0982933	6.5699463	5.6675897	6.0583363	5.6254225	6.8330493	6.7888174	6.128322	6.2692375	5.7646236	6.5756927	6.39593	6.363874	6.7677593	5.784963	6.1476364	5.9989567	5.97984	6.63945	6.409075	7.017163	6.2170005	6.7641497	5.308379	6.1987476	5.8107114	6.320984	6.516826	6.0131993	6.111148	6.2080708	6.101718
NRIP1_9365	4.3131304	4.3596587	3.8283436	4.4816837	3.8724551	4.7972975	3.659207	3.7531235	4.326662	3.5440083	3.9888737	4.2915974	4.1950135	3.854183	4.4677963	3.5723524	3.334152	2.9569383	3.7624195	4.5272	3.712247	3.685282	3.8924718	4.2119765	3.6430259	3.8773775	4.3907466	3.9043298	3.5557184	3.52196	3.9414568	4.3292627	4.22047	3.8066347	4.1938534	3.753906	3.5959105	4.700118	4.6858673	4.275133	4.971199	4.5804653	3.2066107	4.10203	3.840789	4.794461	3.65103	4.518974	4.2955856	4.60985	4.4129558
NRP1_9366	3.8293307	4.526692	3.111882	4.24848	3.628988	3.522194	2.8324869	3.6199527	4.3765597	4.0654263	2.6802902	2.455695	3.8213115	3.7054071	3.9565632	2.3960178	3.334152	3.2644873	3.697336	4.22083	3.4555352	3.7375457	2.2057867	3.6423242	3.5673409	3.24468	3.5795677	3.1225834	3.3273613	3.437199	4.510535	3.3501055	2.8779507	3.1603029	3.8226066	3.2469792	3.9808064	3.9763792	4.6858673	3.6410902	2.992627	3.9935026	3.7038848	3.504673	3.2451313	3.8779073	4.4299655	3.580566	3.2257414	3.2776825	4.77899
NRROS_32404	3.294242	4.6403866	3.111882	4.1969485	3.335922	3.4470994	2.7028143	3.688074	4.560497	3.7211092	3.324294	3.8537283	4.1471977	4.170284	3.9565632	3.178435	3.1725283	3.3539796	3.2296562	5.0275335	3.2548962	4.138305	3.0402825	4.06339	3.2172866	2.911122	2.765496	3.8083558	2.8125298	2.9173408	4.413279	3.4468794	2.3879235	4.0142226	4.0201387	2.4585645	3.5959105	3.3179228	4.4047375	4.1869826	3.4754093	4.4100404	3.63202	3.8664052	3.4186301	4.362736	4.3413115	4.3221717	3.0125036	3.5490766	4.0871205
NSDHL_9369	7.7351665	8.174473	7.454893	7.9293456	7.5093102	7.453152	7.8454933	8.084681	8.175447	7.379795	8.202046	8.003879	7.4590125	7.388036	7.957641	7.5699654	8.058561	7.8821607	7.7421594	7.829488	7.489878	7.689905	7.547534	7.471943	7.8745947	7.9129534	7.6447725	7.4744015	7.6270103	8.106613	7.5789056	7.986241	7.8253736	7.645487	7.8759646	7.7737317	8.340427	7.636849	8.202659	8.253212	8.031519	7.775162	7.88217	7.924462	7.5745893	7.897818	7.875385	7.577684	7.811584	7.612505	7.9560695
NUCB2_9374	9.772218	10.3394575	10.42525	10.085834	10.2696705	9.935755	10.0053835	9.920009	9.974178	9.708852	9.407341	9.574215	9.88327	10.35026	9.945575	10.437862	9.69676	10.344108	9.896904	9.968237	10.022438	10.239888	9.489515	10.223543	9.6809225	9.50043	9.843388	10.138352	10.4446745	9.976019	10.091644	10.639297	9.762002	10.449635	10.477671	10.339904	11.627995	10.793039	10.165843	10.998209	10.868232	10.096034	10.583095	9.719842	9.984902	11.232793	11.212228	10.124577	10.375915	9.723442	10.445526
NUDT9_9377	5.817026	5.0223646	4.7395954	4.605421	4.4742694	6.011615	4.804324	5.1728354	4.9710355	4.665346	5.0249157	5.966227	6.019906	4.8395705	5.767657	4.174241	5.3223767	4.93163	5.8546762	5.3729453	5.0464687	4.655514	5.977913	4.8179007	5.946181	5.7149057	5.750681	6.1761737	4.54715	5.610228	5.2535195	4.2775726	4.9372616	5.184672	5.4101543	4.6714067	4.534984	5.4362245	5.4368343	5.7797184	5.560223	4.9223433	4.943035	5.5524373	4.432838	5.01427	4.9924436	4.692124	4.247581	5.6000404	4.712838
NUF2_33136	2.0518599	1.8155732	1.9183995	2.1159258	0.0	1.735917	2.4022055	2.1911569	3.3476372	1.59992	1.8894439	2.7586064	1.1336887	2.1835182	2.1047523	1.275699	1.8765994	1.5083932	1.1356703	2.7828603	1.6491554	1.7539579	2.0039802	1.773262	0.7123662	2.091197	2.077968	3.273985	1.8408495	2.6423824	1.7976378	2.1818647	1.6401663	0.7839461	2.5470278	1.5842559	0.79861236	2.7587066	2.9088483	1.1027291	3.8990247	2.887088	1.5358759	0.0	1.1451283	1.5643196	2.074421	1.2997124	0.7160639	0.7390483	2.027206
NUP133_9378	2.98588	3.097608	2.3701787	2.5029805	3.7957757	3.4470994	3.3483052	3.023864	3.3476372	2.9263053	2.8701653	3.4076753	3.554308	2.8829715	3.6116695	2.6348078	3.1725283	3.1690745	3.4029472	3.6740434	3.9301062	3.254318	3.5655706	3.5707264	3.0042105	3.141831	2.621851	3.651246	3.5019276	2.9173408	3.9414568	2.1818647	2.7323515	3.5640745	2.9855762	2.3210802	2.7898166	3.49237	3.8094523	3.6410902	4.0164742	3.1694758	2.8742359	3.504673	3.047878	3.031582	3.9794827	3.4896183	2.762189	3.629271	3.3545144
NUP153_9379	1.8143951	2.053109	1.6252826	2.663456	2.011671	3.1950624	2.2245977	1.4768263	2.5711837	2.1873605	0.92724514	2.6150863	2.5302608	2.7372885	2.6512198	1.7521499	2.2451668	0.6915133	2.5332706	2.2253819	1.9443585	2.3981004	2.3827975	3.2424362	2.7541187	2.091197	2.462306	2.8607516	2.284903	2.0966876	2.6889215	3.013425	1.6401663	2.204507	1.9138626	1.5842559	1.6862907	1.5472676	1.8496284	2.8702326	1.1797101	2.0700042	0.7077145	2.4668374	0.6833182	2.7807593	2.279205	1.9721766	1.1924393	1.588432	2.2300112
NUP62_9381	4.2667212	4.220327	3.326985	3.6250265	3.7957757	4.3793955	3.7274868	3.688074	4.6443586	3.8281465	3.1882064	4.5891457	4.329629	3.539506	4.5102134	2.9320772	3.9475968	4.2352924	4.5696683	4.616394	4.1772795	2.9343114	4.3413258	4.114638	4.2865996	4.00006	4.3907466	4.4725537	3.4460533	4.3225136	4.196571	3.1345942	3.3467786	3.038847	4.2474017	3.2469792	3.5048723	3.3179228	4.313212	4.398015	4.817839	4.4100404	3.3920732	4.155379	3.4981349	3.812416	3.9195037	4.26847	3.0125036	4.5285373	4.4939694
NUP85_9382	4.169169	3.8933594	3.7559724	3.1704433	2.2602103	3.788687	3.7274868	2.6667733	3.6203768	3.2679667	2.4615827	3.6478724	3.3996527	3.62484	2.6512198	2.3960178	3.4794793	3.1690745	3.2296562	3.5884495	2.889376	2.841842	3.949819	2.8167326	4.1375628	3.5154157	3.8612514	3.474912	3.2641406	3.52196	3.2357452	1.6426728	3.7000437	3.2723231	3.6740885	2.8064463	3.7623768	3.9763792	3.4283133	3.5731628	4.226075	3.1694758	2.6006784	2.6264875	2.93812	3.7438102	3.4953897	3.0546732	3.2257414	2.6673462	3.3545144
NUP88_9383	5.1542273	4.711492	4.0259314	5.3344693	4.7428775	5.04658	4.7396665	4.94123	4.4714575	4.5132446	3.9473164	4.899036	4.800604	4.3811836	5.0014257	4.2116084	4.260792	4.8722835	4.864649	5.4232535	4.8819904	4.354535	4.541129	4.3466787	4.658931	4.984295	4.7429204	5.1379433	4.378299	4.2744603	5.176577	4.427398	5.002234	4.3568144	5.2877045	4.4908404	4.170472	5.539229	4.791384	4.745298	5.0831337	5.1342773	4.572631	5.114319	3.9579048	4.9241333	4.9924436	5.258363	4.7391872	5.0782957	5.016884
NUP93_9384	2.4342844	2.987318	1.6252826	3.2735412	2.8206856	2.5012665	3.1634846	2.914369	3.0110276	2.6036353	1.70226	2.7586064	3.3996527	2.5752249	2.9264696	3.100898	2.5384767	3.2644873	1.9974787	2.6198554	2.3986237	2.5224707	2.3827975	2.5451083	2.6106799	3.0310833	2.282898	2.7617311	2.7213259	1.8567106	2.9880874	3.6228914	2.570392	3.038847	2.7084813	2.5840793	3.0694053	3.7884288	2.4743395	2.8702326	3.555222	2.6625395	3.2066107	3.0207527	2.0104735	2.911615	2.7615314	2.4290519	2.6186037	2.3260906	3.067424
NVL_9386	4.009233	2.987318	2.3701787	2.9391065	3.223322	3.5935724	3.0613632	1.7560883	3.849662	2.719398	1.4871172	3.8537283	3.315628	3.62484	4.016648	3.0189555	3.334152	3.2644873	3.6291769	3.6740434	3.4555352	3.324341	3.6371455	3.0452297	4.0289	3.8118882	3.5795677	3.273985	2.6239645	4.0644393	3.379998	2.3909085	2.8779507	3.2723231	3.8915	2.5840793	1.3096737	3.119443	3.3383183	2.7523265	3.2054758	2.887088	2.8742359	4.2564993	2.6898494	2.297121	3.791503	3.4896183	2.075009	3.7052414	2.708643
OAS1A_9388	3.8293307	6.615001	5.3190575	5.3813906	5.607677	4.532545	6.2067957	5.074458	5.2099624	5.591767	4.2841916	5.478198	5.336579	4.279584	4.630459	5.4629865	6.192713	5.3126483	4.772864	5.398319	5.0772285	3.324341	3.8327506	4.688581	4.545173	5.439397	5.108945	4.676601	4.7683144	4.2247515	5.4461203	5.0679846	5.506442	4.077273	6.7858458	4.2843966	5.962837	5.635367	5.32413	6.571429	5.635596	5.412288	5.285139	5.218256	6.1054444	6.0210595	5.37393	5.082807	5.022013	3.2776825	5.702215
OASL_9389	0.70423484	2.594546	1.6252826	2.5029805	2.011671	2.1687598	3.0613632	1.1302094	3.0110276	2.6036353	2.2036915	2.2764814	3.315628	2.5752249	3.3566325	1.7521499	3.7893128	2.4073083	2.375796	2.6198554	1.6491554	1.7539579	1.488839	2.38735	2.2723026	2.7802737	2.077968	2.1285868	1.8408495	2.0966876	3.3096738	1.2719984	3.3467786	2.204507	3.2179284	1.3212922	2.7898166	2.2765746	1.5622083	3.5018787	3.555222	1.0470449	2.2628205	2.4668374	2.0104735	2.7807593	3.011828	1.9721766	1.5499562	2.1194797	2.4077895
OBP3_33099	13.142204	12.415668	12.461201	12.720185	12.579806	13.526722	12.759489	12.311289	12.237047	11.905016	12.091002	12.270809	13.069381	12.814545	12.13928	12.128529	12.109338	12.842195	13.58699	12.020216	12.726184	11.895163	13.241557	12.357224	13.230073	13.181413	12.802085	12.724817	12.50435	12.775283	12.704164	12.341422	12.54614	12.245569	13.166381	12.462209	12.208641	12.375373	11.758126	12.416243	12.306284	12.416626	12.035251	13.010453	12.839302	11.941073	12.206248	12.711294	12.088541	13.1155205	12.382946
Obp3_34121	9.394615	7.593575	7.372578	8.093338	7.6683087	9.051752	7.5944176	7.3772783	8.136155	7.0611286	6.776733	8.275555	9.008706	8.130091	8.534259	7.1940885	7.2653174	7.4565873	9.551614	7.712984	9.040505	7.144366	8.627343	7.850091	9.255962	9.308997	8.519766	9.408187	6.9651613	9.462729	8.181181	7.6576695	7.628501	7.691553	8.309535	7.1887717	7.5149045	8.04658	7.389401	8.077422	8.158334	8.089433	7.1127796	8.782165	7.378436	7.795611	8.131458	7.884778	7.254328	8.774476	7.6941967
OLR59_9393	4.873696	3.2957203	3.2234385	4.0880117	3.7147906	4.419234	3.8550549	3.688074	3.9186504	3.3420844	3.1882064	4.0892115	4.5293536	3.923187	4.668412	3.6286907	3.1725283	4.2816463	4.834698	3.400333	4.4831705	3.324341	4.613897	4.5465183	4.8939457	5.2545776	4.1501555	4.992671	3.4460533	4.6952806	4.196571	3.9212065	3.2430704	4.195664	4.080398	3.8569942	4.046838	4.338161	3.4283133	4.0437536	4.0164742	3.8935378	3.5563867	4.155379	2.6898494	3.5159345	3.65103	4.0942173	4.247581	4.5285373	4.1384206
ONECUT1_32438	6.6040697	6.615001	2.3701787	4.0302944	2.8206856	4.0135446	2.7028143	4.665197	6.814677	2.0168164	2.5750768	6.503277	4.412865	3.923187	3.8283224	4.9469357	2.5384767	2.5655518	7.2407856	7.524205	6.780854	3.180722	6.7167487	3.9550858	3.0042105	5.6032057	6.970093	6.847952	3.798159	5.667165	4.3445973	4.68716	5.506442	3.1603029	5.5230193	3.9059012	0.0	2.2765746	5.881191	6.2833586	5.396525	6.5673294	4.0176687	4.523225	3.1498733	5.819134	6.2869196	5.5782604	4.3870535	7.0385847	5.221047
ORM1_9400	10.813367	10.7740755	11.042792	10.1675825	11.308	10.973156	11.301663	10.429967	10.838104	10.439688	11.199138	10.656959	11.339071	10.709536	10.341771	10.950052	11.216234	11.223277	10.48106	10.499856	10.546051	10.803153	11.0919695	10.389439	11.111194	10.598642	10.243023	10.931075	11.776993	10.844618	10.716432	10.792169	10.771691	10.255434	12.227871	10.508221	10.20414	11.210867	10.326606	10.986833	11.3141165	10.652878	11.056977	10.673996	10.671258	11.357132	10.2597	11.400027	11.078404	11.095531	10.284772
OSGIN1_33191	6.054092	5.07724	3.897257	4.4379616	4.14394	5.5909896	5.261168	4.7312627	5.2099624	4.9989533	4.80989	5.539114	4.412865	3.781712	5.195874	5.2095604	5.2018666	3.5178556	5.4429708	5.1816163	4.7354136	4.419964	4.716597	4.4299645	4.7643704	5.8515406	5.784808	6.2047286	2.7213259	5.2113967	4.478839	4.0500264	4.0465603	4.501759	5.261916	4.5839467	4.968852	5.725497	5.300493	5.5516458	4.4513865	5.872332	4.366648	5.114319	4.724913	5.461475	5.305279	5.364553	4.7734933	5.4535427	5.0968685
OSTF1_33042	7.9449716	8.6566725	8.5369835	8.507054	8.386181	7.8345585	8.179939	7.6276345	8.63095	7.8740315	7.484413	8.108074	8.100502	8.744652	8.20687	8.19383	7.5091205	8.395651	8.23887	8.851792	8.159198	7.5137944	7.5887356	8.415193	8.132671	8.000064	7.997448	8.462479	8.284134	7.4486933	8.1259775	8.610365	8.308982	8.757079	8.303227	7.307286	8.752704	8.783462	8.321923	8.805481	8.586426	8.218987	8.551631	8.01744	8.397611	9.2811	7.6723037	8.228519	8.326707	7.5623183	8.615762
OTC_9401	9.151298	9.133653	8.874784	8.886278	9.170964	9.474406	9.310002	8.907277	9.04572	9.33636	9.041954	9.399059	9.5832205	9.14025	9.214082	8.744059	9.214811	9.213924	9.688734	9.117365	9.378189	8.807485	9.413838	9.350323	9.426295	9.274467	9.081275	9.561409	8.839364	9.295236	9.029431	8.867986	9.164922	9.111666	9.016683	8.728563	8.966111	9.588813	8.983536	9.476777	9.559365	9.186518	9.198093	9.103862	9.093407	9.248972	9.022422	9.089554	8.877028	9.615604	9.208528
OXA1L_9402	6.527409	5.4747577	4.354751	5.44903	5.070358	6.8037214	4.982539	5.1964164	5.034578	5.4141674	5.2805457	6.2835326	6.2410183	5.0078626	6.634839	4.2480316	5.0931315	5.2672954	6.2216487	5.733466	5.35337	4.7602787	6.865725	5.6254225	6.5869884	6.3321486	6.128322	6.2960253	4.674177	6.3624015	5.5865726	3.9870539	4.6434445	4.6334615	5.780815	4.9531703	4.389879	4.989234	5.011177	5.237387	4.817839	5.299631	4.647439	6.185985	4.9676967	4.860753	5.351407	5.663946	4.3420444	6.4258027	4.902835
OXSR1_9404	4.8423924	4.0660863	2.552146	3.8418446	3.335922	4.3793955	2.0220141	3.9874403	3.849662	3.1072266	2.5750768	4.835695	5.1059012	3.352018	4.4677963	2.6348078	2.8900583	3.1690745	5.032364	4.039196	4.05898	2.9343114	4.613897	4.06339	5.666818	4.4933076	4.8434935	5.1379433	3.2641406	4.7313266	3.6878698	2.7354863	3.3467786	3.5640745	4.2990336	2.3210802	3.4077	3.7884288	3.1395056	4.0930934	4.320462	4.2575374	2.2628205	4.10203	3.3344872	3.031582	4.0370674	3.3925493	3.321599	4.201315	4.0339284
P4HA2_9407	4.8423924	4.9059253	3.679778	4.6823845	4.6148157	5.2808566	5.1411405	4.7312627	4.9710355	4.150392	4.471745	4.5102053	4.4915595	4.5651484	4.9406905	4.4800982	4.339067	4.9604125	5.084199	4.7003927	4.8819904	4.512859	4.95933	4.583367	3.8488257	4.1664968	4.557952	4.70353	4.8350935	4.8343573	4.6593394	3.8522093	5.094515	4.1376824	5.12557	4.0864654	5.1298456	5.018054	4.6109753	5.170004	4.817839	4.703648	4.53372	5.087121	4.2611446	4.8279877	4.9330125	4.6507454	4.430701	4.95923	4.570675
PACSIN3_9411	4.777671	4.603475	3.5993342	4.24848	4.9692383	5.236946	4.8961816	4.1889644	4.3765597	4.378847	5.0249157	4.700005	5.535407	4.170284	4.909336	3.6829114	4.925664	5.2901497	4.740924	4.432127	4.4364834	4.451598	5.066922	3.7105362	4.6949406	5.070825	4.810742	4.9025793	4.74535	4.9611974	4.630781	3.8522093	4.722696	4.3568144	4.80682	4.1282835	4.8628597	5.1279006	4.055234	5.441663	5.3300095	4.3733993	4.0176687	5.243111	4.549402	4.4514565	4.963034	4.518974	4.430701	5.4535427	4.570675
PAF1_9412	4.638807	4.4867115	2.8589911	4.0880117	3.7957757	5.831418	3.4325337	4.280068	4.221371	4.108535	4.4118958	4.80295	5.130701	4.170284	4.9406905	3.3887968	4.70695	3.9781444	4.9227476	4.22083	4.2329803	3.973751	5.3271003	4.3466787	5.342922	4.7939124	4.6348076	4.9706697	3.798159	4.5413523	3.79471	2.8811386	4.3756533	3.4732254	4.5751534	4.0864654	3.7623768	5.5784564	4.2651753	4.8057427	4.717334	3.9443858	3.4765677	4.7825623	3.4981349	4.6889343	4.0924416	4.2126923	3.321599	4.201315	4.0339284
PAFAH1B1_9413	5.1542273	5.3240876	3.9630284	5.1298494	5.0037384	5.573442	4.954324	4.996006	5.438569	4.975858	4.714023	5.478198	5.9658027	5.395548	5.3672004	4.732318	4.820448	4.8722835	5.5574236	5.733466	5.0772285	5.2304153	5.584132	5.8077517	5.61137	5.326688	5.3559427	5.767771	4.4651933	5.590739	5.5258307	4.6056614	5.094515	4.8654995	5.5867295	4.320921	5.355054	5.370696	5.712333	5.3833585	5.4806943	5.645283	4.4102645	5.3838687	4.789545	5.179226	5.81358	5.258363	4.903098	5.6775246	5.070697
PAH_9415	9.371501	8.703208	8.207911	8.382845	8.675498	9.530047	8.726176	8.586547	8.35107	8.795467	8.906203	8.892423	9.584343	8.327557	9.498472	8.19383	8.953818	8.594662	9.64302	8.977063	8.635452	8.543261	9.4846735	8.570092	9.527119	9.089947	8.727043	8.597817	8.350313	8.871405	8.41687	7.750648	8.548054	8.71309	8.604499	8.414685	8.259194	8.595473	8.710648	8.290704	8.186804	8.782385	8.5320215	9.005603	8.66855	8.19945	8.684616	8.646745	8.440504	9.484301	8.574449
PANK1_9421	7.5777507	6.519161	6.153722	6.846068	6.691346	7.4386873	6.555659	6.770702	7.1157928	6.231532	6.620253	7.1430326	7.1907544	6.940935	7.491269	6.6023684	6.774611	6.803431	7.5202174	7.3269095	7.1279683	6.525388	7.0540237	7.059612	7.5453534	7.305432	7.2398453	7.497667	6.340713	7.714859	6.8813105	6.19304	6.4327316	6.8641047	7.003778	6.1178966	7.002044	7.175489	7.204367	7.406826	7.231767	6.8862114	6.0900226	7.2757745	5.9444575	7.52112	6.958046	6.9346256	6.8179913	7.1171684	7.1360383
PAPD7_9422	4.638807	3.7655318	1.6252826	3.8418446	2.472159	3.9054923	3.4325337	2.914369	4.1077867	3.3420844	2.3383918	5.046196	4.5293536	3.352018	4.8772855	0.5594628	2.2451668	3.066902	4.1011696	4.7003927	4.338317	3.1031692	4.2066507	4.4299645	4.545173	4.613491	4.5968914	5.1379433	2.406994	4.5814013	3.3096738	2.1818647	2.7323515	2.204507	3.8226066	2.4585645	2.9363732	2.7587066	4.448411	3.1752434	0.70722115	3.6700726	2.7439313	4.206825	2.6898494	2.911615	4.0370674	3.176305	3.0125036	4.4423666	3.067424
PAPSS2_33237	6.9508142	6.3842196	5.1876664	6.518902	5.7567186	7.3174305	5.762088	5.888898	6.1903405	5.4141674	4.8778276	6.513432	7.958811	6.123634	6.9208302	4.8788834	5.8085127	4.8416686	7.134165	6.943156	6.6742296	5.0561686	6.4448667	6.5375113	8.079178	7.463055	6.0034575	6.223456	5.0750184	6.941507	6.644725	5.5322757	6.396936	5.945656	6.940159	5.553551	6.198963	6.6207814	6.3867993	6.2511163	5.5210066	6.721054	5.5419936	6.4110384	5.714121	5.4826813	6.3899665	5.6217394	5.131869	6.491643	6.1772523
PAQR9_9424	10.631892	9.990371	9.625407	10.0617285	9.483633	11.0588045	10.192148	10.319541	10.994585	8.983784	9.660569	11.553854	9.862137	9.905265	10.987223	9.110833	9.461125	9.853793	10.314731	11.00051	10.975549	10.38314	10.465961	11.111461	11.253437	11.673854	11.0312195	10.604876	9.589648	10.38033	10.441714	9.244607	10.246451	10.065389	10.604925	9.7819395	10.380946	9.321825	10.703564	10.1814375	9.451386	10.023989	8.869376	10.307183	9.166716	9.334565	10.737318	10.779186	9.925931	9.589531	10.112678
PARP1_9425	5.5718813	5.1810994	4.1996894	4.719379	4.318538	6.024587	3.7274868	4.040521	4.904565	4.8544893	4.2504177	5.6719823	5.865947	4.5213094	5.802208	4.055957	4.178025	4.2352924	5.5574236	5.541846	5.275932	4.354535	5.369748	5.019585	5.61137	5.7502966	5.444004	6.0135303	3.8421152	5.685655	5.2346654	3.6228914	3.9835975	3.8792007	5.54457	3.8569942	4.968852	4.5103173	5.176123	5.3431377	4.7851095	5.7346654	3.9002123	5.291572	3.900535	5.204974	5.4394617	5.258363	4.1979237	5.4535427	4.746293
PARP14_9427	5.969691	4.9059253	2.8589911	4.24848	3.628988	5.51948	3.512115	4.091718	4.6443586	4.269137	3.2578542	5.34806	4.800604	4.4294205	5.5409293	3.0189555	4.2200017	3.7985182	4.640628	5.564438	5.0464687	3.51607	5.066922	5.1725183	5.320046	5.204421	5.187583	4.7299657	3.198022	5.333679	4.379347	3.2463703	3.534197	3.038847	5.235658	3.0865276	3.5048723	3.719913	4.721904	4.582081	4.071798	4.896752	2.8742359	4.748248	2.93812	3.4312084	4.630346	4.3739457	3.411482	4.5285373	3.733852
PARP2_9428	3.1985953	3.5496664	3.326985	2.9391065	2.8206856	3.522194	3.1634846	2.6667733	3.243922	2.4777672	2.5750768	3.4076753	3.2264056	3.0152833	2.9264696	2.6348078	2.5384767	2.9569383	2.9230795	3.4974551	3.712247	2.7430372	3.410797	3.4953887	3.3130789	3.8773775	3.1264923	3.651246	2.5195544	3.437199	3.6313283	2.3909085	2.8779507	2.7601511	3.6740885	2.1691005	1.9846656	3.49237	3.1395056	2.8702326	2.992627	3.0813484	2.0586884	3.4200125	1.7753943	3.031582	3.2250526	3.0546732	2.4591324	3.5490766	2.4077895
PARP9_9429	2.8664734	3.4698832	2.1619017	2.3223944	1.3312725	2.5012665	2.8324869	2.5249715	2.5711837	2.0168164	1.8894439	3.3178172	2.6721666	1.9388802	1.8643311	1.9419785	1.8765994	1.7907331	3.0326717	1.9785899	2.889376	1.5351875	2.930607	2.5451083	2.6106799	3.5154157	2.462306	2.5406258	1.6561947	1.5686922	3.1578226	2.5734606	2.570392	1.6624343	2.853671	1.5842559	2.6266706	2.455791	3.242334	3.0805616	2.261813	2.5356345	1.1804214	2.6264875	2.3897877	3.2451882	3.122376	2.4290519	2.8927681	3.0634718	3.1696014
PATL1_9431	1.5299913	2.737684	2.552146	2.1159258	2.472159	2.9986892	2.5603254	2.3676975	1.2703954	2.1873605	0.92724514	2.8891323	1.4809296	2.1835182	2.9264696	1.7521499	2.399263	2.2295449	2.675235	2.7828603	2.1892972	1.7539579	2.5404441	2.5451083	2.2723026	3.141831	2.8961248	2.2793913	2.406994	2.9173408	1.5758953	0.77186805	0.7703406	2.597612	2.3652024	2.3210802	2.6266706	2.8892338	2.6341627	2.8702326	1.5350422	1.8741015	1.5358759	2.2872965	0.6833182	2.0916321	3.011828	3.0546732	1.1924393	2.506785	2.5660443
PC_9434	5.6996546	5.130104	4.304893	5.0155153	4.8604927	6.011615	4.8355975	4.406767	5.0031567	4.5132446	4.215834	5.61653	5.742663	5.395548	5.767657	3.881458	4.6155543	4.4534655	6.0627766	5.733466	5.6478753	4.80994	5.935955	5.310782	5.946181	6.005932	5.6054764	5.675576	4.54715	5.550952	5.290505	4.1103654	4.8339643	4.8654995	5.9678993	4.1282835	4.708216	4.8030634	5.5004597	4.7140985	5.0559535	4.9965014	3.9601355	5.9497375	3.840789	4.4077783	5.5424714	4.9526534	4.247581	5.3149257	5.24465
PCBD1_9435	7.930159	9.288471	9.630476	9.314221	9.248535	8.040167	9.322474	9.244951	9.13902	9.300793	9.49648	8.007475	8.185808	9.518868	8.408148	9.294005	9.493575	9.494131	8.065966	9.278059	8.366414	9.233139	8.394167	8.947551	8.051669	8.003735	7.9189506	8.37933	9.420561	7.860309	8.757898	9.698484	9.324282	9.571925	8.66232	9.203513	9.489816	9.556025	9.195411	9.659843	9.834929	8.645034	9.563054	7.795975	9.323629	9.99732	8.805531	9.0161	9.693744	7.980551	9.425417
PCCB_9437	4.4440207	4.010777	2.3701787	3.0594068	3.7147906	4.0646806	3.7926803	2.7958763	2.8787735	3.4125795	2.5750768	3.9162993	3.9934368	2.5752249	3.8938673	2.5203478	3.2556021	3.2644873	3.7624195	4.039196	3.3587008	3.4549482	3.326703	3.2424362	4.0289	4.267662	4.041434	4.3754215	3.4460533	3.52196	3.2357452	2.5734606	3.2430704	3.2723231	3.5085077	2.1691005	3.5959105	3.8538375	3.9976015	3.5731628	2.7428484	3.6083453	2.6006784	3.8664052	3.047878	3.671778	3.8569224	3.580566	2.8927681	3.7052414	3.4387813
PCK1_9439	11.485514	9.680585	8.719321	10.199846	10.184826	11.377835	10.0493965	9.54159	10.575784	9.438087	9.018317	10.25097	10.78823	9.986103	11.465996	9.245287	8.285544	10.436636	11.842442	10.147268	9.650354	9.748131	10.86017	9.772473	11.963659	10.649321	10.555013	10.135883	10.819241	9.453318	10.380851	8.768515	10.099229	8.954715	10.395556	9.543906	8.85991	10.738884	9.535001	9.100615	9.075187	10.488607	8.350817	10.263055	9.319531	9.470804	9.553179	10.188322	9.700446	10.80367	8.7761965
PCNA_9442	5.4731483	5.665901	5.750088	6.150322	5.607677	5.482351	5.678316	5.601584	6.1763225	5.448127	5.229452	5.6900024	6.1099634	6.0013127	6.0666227	5.8422933	5.3223767	5.577073	5.778058	6.5491133	6.0401726	5.555596	5.214615	6.2700653	5.61137	5.767672	5.8015738	5.8544264	5.280674	6.0419827	5.3960905	5.9505434	5.6753287	5.746686	6.0455284	5.0650606	5.4312	6.0663114	6.0179176	5.88152	5.948017	5.645283	5.934408	5.6108966	5.592596	6.063901	5.711166	5.7250276	6.014059	5.7864666	5.8480244
PCOLCE_32370	2.736285	3.8933594	2.713711	4.0880117	2.967741	2.9986892	3.4325337	2.914369	4.4247885	3.9751415	3.2578542	3.2219887	3.554308	3.854183	3.3566325	4.055957	3.7893128	3.1690745	2.675235	3.7548423	3.1430392	3.324341	3.7053368	3.897724	2.6106799	3.24468	2.621851	3.474912	2.8125298	2.786402	4.1164427	3.7034492	2.1789894	3.4732254	4.138241	2.3210802	2.9363732	4.4268055	4.313212	3.3477855	3.1029732	3.8935378	3.2066107	2.7702174	2.8193185	4.362736	4.0370674	3.3925493	3.5760143	3.174549	3.1696014
PCSK6_9443	4.169169	2.737684	2.1619017	2.5029805	3.1011837	2.7713106	2.2245977	2.3676975	1.9352914	1.3353969	2.0551069	3.7198045	3.1312993	1.2732412	3.446748	1.7521499	2.399263	1.5083932	3.4823647	3.5884495	3.5462768	2.636965	3.410797	2.8167326	2.7541187	3.4306927	4.096819	3.2002692	2.5195544	3.1481903	2.159341	1.2719984	2.7323515	1.9587818	2.853671	2.4585645	2.2317815	2.455791	3.8094523	2.6239195	2.4405787	2.6625395	1.1804214	3.8009534	2.2125611	2.7807593	3.4107835	2.6126575	2.4591324	2.9431233	2.838406
PDIA5_9451	6.0125084	5.927182	5.3190575	5.3344693	5.4663982	2.7713106	4.564081	4.9130416	5.263986	5.8163943	4.1804013	5.205009	4.412865	4.331278	6.1628246	5.3502326	5.7380347	4.678019	5.898767	5.651426	4.8819904	5.0561686	5.8177085	4.722014	4.7978716	6.0912113	4.671753	4.5926595	4.378299	4.7664943	5.5258307	4.68716	5.5933557	3.5640745	4.488855	1.5842559	1.6862907	5.8589272	4.95172	5.5865192	4.5714116	4.4100404	5.0571885	5.0594006	5.4796085	6.2731023	2.074421	4.1546707	0.7160639	4.034631	2.5660443
PDIA6_33272	5.7678885	5.3240876	5.0123625	5.3344693	5.0374327	5.739997	4.181454	5.0996885	5.6152225	4.693933	4.317193	5.858812	5.659893	5.0078626	6.176059	4.35209	5.137614	4.4534655	5.8546762	5.152088	5.9095287	4.9270926	5.848191	5.660333	5.63009	5.8018064	5.444004	5.7158117	4.378299	5.983403	5.156683	4.9736853	4.6021237	5.3211718	5.76254	4.905866	6.1090956	5.672097	5.912714	5.6538353	5.0831337	5.1122093	4.683437	6.0089054	4.622188	5.303603	6.6973305	5.364553	4.871772	5.6585402	5.461596
PDK1_32702	6.5469594	5.647887	4.622362	5.3344693	4.7428775	5.944945	4.7396665	4.9130416	5.9804864	4.928529	5.2805457	6.763658	6.904748	4.649022	6.4619327	4.6799564	5.503241	4.8416686	6.649157	5.902593	6.071065	5.284115	6.5034966	6.0107646	6.8167996	6.5078583	6.218478	6.7415357	4.5734663	6.6991353	5.3960905	4.9736853	5.002234	5.1557508	5.725281	4.168924	4.825725	5.1279006	5.912714	5.441663	5.1360044	6.045353	4.7528453	6.475385	4.549402	4.9848456	6.0417123	5.5334306	4.4730663	6.32104	5.481599
PDK2_32491	6.477341	5.3240876	3.8283436	4.8249907	5.0037384	6.336885	4.406396	4.968878	5.341408	4.879594	5.004799	5.9809394	6.2410183	4.331278	6.149468	4.4800982	4.70695	5.0434666	5.839675	5.398319	5.892334	5.0144134	6.1095643	5.571419	6.435588	5.976347	5.6244464	6.4863734	4.7220135	6.112013	4.9868054	4.223962	4.6021237	4.900788	5.5011415	4.6428385	4.8628597	5.519208	5.414987	5.809545	5.283899	5.0203977	4.177663	5.9037127	4.5115843	5.544492	5.619891	5.3899226	4.668027	6.012615	5.1726503
PDLIM1_9452	5.3224826	5.1039143	3.8283436	4.8249907	4.014574	5.1449003	4.3205805	4.446643	5.1249337	4.0654263	3.563121	5.0179405	5.4194264	4.8395705	5.296251	3.881458	4.090219	3.5933034	5.032364	5.2389193	5.249167	4.2504673	4.749268	5.310782	5.1998844	5.0137186	5.4652047	5.8900285	3.8847718	5.3569393	4.768235	3.7797458	3.9835975	4.8654995	4.616441	4.0864654	4.934379	5.3928714	5.1499085	5.3017626	5.933156	4.643371	4.786336	5.5524373	4.166973	5.544492	5.351407	4.3221717	4.807002	4.79509	4.60755
PDS5A_9454	2.98588	2.435626	1.6252826	2.1159258	1.3312725	3.4470994	2.951459	2.3676975	3.0110276	2.3398588	0.92724514	2.8891323	3.3996527	2.1835182	2.6512198	2.3960178	1.0488179	2.0267587	2.675235	2.7828603	3.0217755	2.5224707	2.930607	2.38735	3.7834342	2.7802737	3.3250897	2.65541	1.1960433	2.6423824	2.159341	2.5734606	0.7703406	1.6624343	3.3214288	0.58460927	1.9846656	1.8332981	2.9088483	2.3267155	1.5350422	2.7791781	1.8208362	3.3300724	1.1451283	2.911615	3.122376	2.9218345	0.7160639	3.0634718	1.5087776
PEBP1_33087	8.252393	8.014966	7.310767	7.8933764	7.910293	7.9947457	7.533739	8.194147	7.879203	8.027917	8.108527	8.183153	8.075173	7.6698537	8.235597	7.636734	8.16447	7.8128285	8.059505	8.427818	7.950758	7.7194424	7.9848514	7.987026	8.221761	8.264608	8.165532	8.273229	7.369821	8.357863	7.5486927	7.45154	7.829855	7.7214665	7.6158557	7.6319404	7.685249	8.108191	8.015712	8.370411	7.833672	7.8201013	7.8349395	8.258977	7.9159636	8.054733	7.5341444	7.5498176	7.9341693	8.156622	7.9808755
PECAM1_32814	3.9517226	4.9359283	3.897257	4.8249907	4.424204	3.1002145	3.8550549	4.5600543	5.1249337	4.108535	3.3878083	3.5721645	4.097743	4.225969	4.016648	3.3887968	4.178025	4.4534655	3.4029472	4.740627	4.338317	4.419964	3.0402825	4.848497	3.6430259	3.4306927	3.7958171	4.0372877	3.752821	3.6778624	4.0746455	4.3292627	4.3257575	4.547009	4.080398	3.8569942	3.9808064	2.8892338	4.921047	4.4367547	3.8365083	4.335803	4.53372	4.350994	3.9579048	5.395919	4.7384453	4.0942173	3.321599	4.0923586	5.2678723
PECR_9456	7.907651	8.000842	7.246188	7.698706	7.8115106	7.5903435	7.7254105	7.7797756	7.975442	7.40595	7.6294193	7.989399	7.6725125	7.862241	7.957641	7.612493	7.77858	7.7969584	8.053017	8.100768	7.9631624	7.608049	7.5193977	7.834891	7.886322	7.8972516	7.9266133	8.387655	7.7589855	7.750425	7.5974727	7.8905563	7.7658095	7.9907494	7.723699	7.5458403	7.7361693	8.03957	7.8008823	8.074354	8.139036	7.9345636	7.633453	7.7227583	7.445156	8.110291	7.806683	7.9501944	7.752614	7.572496	7.752983
PELI1_32584	4.3131304	3.2957203	2.713711	3.4599617	3.223322	3.5935724	3.1634846	3.393861	3.0110276	3.5440083	2.5750768	3.7198045	3.315628	3.1364734	3.531564	2.5203478	2.8900583	3.5178556	3.4029472	3.831355	3.1430392	3.4549482	4.252953	4.010254	3.8488257	3.8773775	4.041434	3.7055392	3.0559347	2.786402	3.379998	3.013425	3.3467786	2.9062183	3.8226066	2.6995428	3.1911995	3.4077816	3.5930324	4.5470986	3.3011763	3.4763536	3.30232	3.5846395	2.8193185	3.671778	3.791503	3.3925493	3.321599	3.9744961	3.733852
PEMT_32410	4.601897	4.603475	4.882416	5.073815	4.7831573	4.0646806	4.564081	4.7312627	5.263986	4.02099	4.1068125	4.5891457	4.5293536	4.942882	5.1696496	4.4175134	4.9000707	4.8103905	4.8939905	5.152088	4.388235	4.571624	4.3413258	4.848497	4.658931	5.2297173	5.025772	4.948328	4.9600377	4.5814013	4.3445973	5.2398915	4.5157533	5.3211718	4.532649	4.7269006	4.825725	4.769558	4.6858673	3.8847218	4.646217	3.9443858	5.1629677	4.7825623	4.432838	5.0431056	4.5535	4.423926	4.9337583	4.034631	5.1478295
PF4_32963	6.2457304	6.615001	6.7271895	6.8544073	5.7363467	5.6756635	5.856587	6.4461837	7.5555606	6.211899	6.091113	6.3530397	5.742663	7.120615	6.5959797	6.33244	6.3709626	6.114001	4.9227476	6.514724	5.0772285	6.144884	6.241727	6.4897847	5.430964	5.204421	5.7678456	5.7158117	5.7531576	6.112013	5.074243	6.5819874	5.9795494	6.683396	6.381161	5.628318	7.9922223	7.3039165	6.769098	7.6487775	8.109598	5.818831	7.4934535	4.816079	6.215393	7.7172627	7.2716665	5.7836275	7.024381	5.9515357	7.863824
PFDN4_33123	5.7341747	6.5582647	6.871184	6.409967	6.39906	5.625458	6.1457243	6.5040216	6.841574	5.916823	5.929771	6.0099216	5.6768312	6.450212	5.9635444	6.33244	6.1821337	6.5238214	5.778058	6.289157	6.008604	6.0653257	5.977913	6.4603715	5.720214	5.660136	6.394561	6.431053	6.229267	5.8256187	6.008956	6.9553757	6.270765	6.652674	6.216385	5.9296947	6.3373213	6.9397745	6.409075	6.766528	7.370606	5.961435	6.8766584	5.8880386	6.1796665	7.226517	6.2508674	6.2941666	6.3458357	5.6000404	6.5147333
PFKL_9463	2.4342844	1.5310675	2.1619017	2.5029805	1.7112163	3.1950624	1.5043167	1.7560883	2.5711837	2.3398588	1.2341714	2.7586064	2.5302608	3.0152833	3.446748	1.275699	2.399263	1.7907331	1.9974787	1.9785899	3.1430392	2.1116846	3.0402825	2.6873035	3.1146789	2.4764907	3.4996274	3.0404751	0.5163865	3.0373778	2.4482956	1.6426728	1.6401663	0.7839461	2.157111	0.9994701	2.2317815	2.0718946	2.6341627	2.4829574	2.0577211	2.6625395	2.4416173	3.0207527	1.4944088	2.297121	2.617958	3.176305	0.7160639	2.9431233	1.5087776
PFKP_32690	3.0961545	3.200062	3.111882	3.4599617	2.8206856	2.3445714	3.3483052	3.023864	3.3476372	2.6036353	2.4615827	2.0718052	2.6721666	3.2482674	3.446748	2.6348078	3.4794793	2.7081409	1.9974787	4.1627893	2.889376	3.574707	2.8119028	3.4953887	2.2723026	2.2966683	3.0159018	2.8607516	2.284903	2.9173408	2.6889215	2.3909085	3.0101936	2.4144073	3.5085077	2.6995428	3.5048723	2.7587066	3.8094523	3.2640922	2.8731365	3.0813484	3.104098	2.6264875	3.047878	3.5159345	3.4953897	3.6661186	3.411482	2.6673462	4.0871205
PGAM1_9465	9.328374	9.168819	8.410088	8.916461	8.761179	9.0067	8.308099	8.408703	8.873966	8.10976	8.134219	9.298405	9.40155	8.911022	9.202811	8.143963	7.918995	8.475091	9.495292	9.213413	9.375098	8.822686	9.097524	9.339593	9.356345	9.218706	9.531683	9.762874	8.461933	9.351326	8.692043	8.246984	8.236571	8.422692	8.993364	8.183819	8.590595	8.828901	8.977959	8.811022	8.923669	9.113411	8.299549	9.3568125	8.360862	8.800828	8.884126	9.077893	8.637295	9.14389	8.825941
PGM1_9466	7.1038523	6.4584446	5.673574	5.99304	6.1599803	7.019956	6.253857	6.234704	6.217975	6.044405	6.8348627	7.0273156	7.0286756	5.985267	7.111986	5.6784763	6.6724935	6.60809	7.1402993	6.2053857	6.5807204	6.309308	7.111698	6.409977	7.0980134	6.926682	6.6839633	7.1661634	6.204223	6.743936	6.20573	5.678946	6.217036	6.135372	6.65326	6.021324	6.1090956	7.225771	6.364175	7.300565	7.1049004	6.5591955	5.5996485	6.907248	6.453411	7.108698	6.345074	6.4945707	6.287681	7.0604444	5.7688446
PGRMC1_9467	10.098791	9.123911	8.046623	8.458646	8.827683	10.018326	8.476278	8.352088	8.388032	8.289093	8.07274	9.76374	9.9085865	8.594081	9.824736	7.850214	8.310044	8.385075	9.871315	8.977063	9.54976	8.528503	9.694247	9.075927	10.072608	9.949002	9.830171	9.587847	8.398949	9.675417	8.85214	7.937111	8.62227	8.5081215	9.154459	8.325373	8.420446	8.772932	9.236473	8.908991	8.409831	9.088196	8.276165	9.65302	8.834734	8.319222	9.115581	9.489332	8.282723	9.777235	8.581417
PI4KA_32535	2.98588	2.435626	2.3701787	2.663456	1.3312725	2.8894746	1.7862632	2.6667733	3.535067	2.0168164	2.0551069	2.0718052	3.4790516	0.77274704	3.68756	2.2599542	2.2451668	1.5083932	3.2296562	3.2961977	3.0217755	2.2619886	2.5404441	3.2424362	2.0677924	2.6363633	3.0159018	3.2002692	1.4443876	2.6423824	1.7976378	2.8811386	2.1789894	2.4144073	3.2179284	1.5842559	1.6862907	2.7587066	2.6341627	3.0805616	2.7428484	2.887088	0.7077145	1.8430203	2.5476058	2.7807593	2.074421	2.6126575	1.1924393	3.0634718	2.2300112
PIEZO1_33107	1.8143951	2.053109	0.0	2.5029805	1.7112163	2.1687598	2.2245977	2.7958763	2.8787735	2.1873605	1.2341714	1.8332136	2.8013556	1.9388802	2.6512198	1.5335042	1.3803144	2.2295449	2.1990027	2.6198554	0.775823	2.7430372	2.2057867	2.2101986	2.6106799	2.2966683	2.282898	2.4159133	1.8408495	1.8567106	1.7976378	1.9373132	1.2698381	1.2890483	2.853671	1.3212922	2.6266706	2.0718946	2.4743395	2.8702326	2.5996156	1.8741015	2.4416173	3.2341504	2.6898494	1.8519349	3.2250526	2.7755125	2.4591324	2.6673462	2.027206
PIGX_9477	4.9637265	5.07724	5.2416673	5.0449595	5.5387664	4.114065	5.1411405	5.2870646	5.7538285	5.513738	4.832893	4.5102053	5.0806675	5.1585584	5.030861	5.299074	5.2018666	5.196475	4.864649	5.347118	4.5722427	5.155557	4.9311295	4.936576	5.0128355	4.724427	4.671753	4.925635	4.74535	4.6952806	5.2155614	4.7262454	5.413955	5.1557508	5.261916	4.5839467	4.787609	5.4574223	5.276462	5.4224887	5.8084135	4.844166	4.882382	4.5632515	5.3570137	5.524181	5.0495234	5.2021847	5.3746824	4.95923	4.746293
PIK3C2A_9479	3.0961545	3.8308609	3.5993342	3.3697603	4.014574	2.6425977	3.1634846	3.7531235	3.9844897	2.8265579	3.448644	3.5721645	3.1312993	4.279584	3.1575243	3.0189555	2.9904869	3.5933034	3.4823647	3.9040134	1.2775879	3.787982	2.8119028	4.06339	3.4029047	3.340682	3.3250897	3.2002692	3.4460533	2.482375	3.5724802	4.0500264	3.7000437	3.8066347	3.7502577	3.320974	3.6815434	4.8678265	3.7408574	3.9926662	4.881152	3.4055345	4.177663	2.6264875	3.047878	4.218504	3.4107835	4.3221717	4.247581	3.174549	3.7990685
PIK3R1_32562	8.752975	8.494773	7.178583	7.622632	7.7968297	8.362276	7.879652	7.6787567	8.270885	7.7296314	7.7879057	8.576106	8.517364	6.940935	8.41932	7.2400217	7.8704004	7.9008427	8.79236	8.2476	8.601468	7.618539	8.737289	8.4776945	8.412258	8.33914	8.851009	8.585202	7.9767337	8.392043	8.315095	7.3299336	8.219595	7.696582	8.66724	7.1588187	7.137009	8.074288	8.224804	8.513194	8.126027	8.122928	7.7183213	8.3127985	7.2174463	8.130586	8.11484	7.915675	7.5792212	8.699837	7.7196846
PIK3R3_9483	2.4342844	3.2957203	1.2570211	3.77313	2.8206856	3.1950624	2.2245977	2.6667733	3.7009227	2.3398588	2.0551069	3.4922628	2.8013556	2.5752249	3.446748	2.7408507	2.7821121	2.5655518	2.8044732	3.400333	2.1892972	3.0212092	3.410797	3.4953887	2.451389	2.4764907	2.8961248	3.5361161	1.6561947	2.482375	3.79471	2.1818647	2.8779507	2.597612	3.4179986	2.5840793	1.9846656	2.2765746	3.1395056	3.6410902	3.555222	3.1694758	3.4765677	2.6264875	2.0104735	2.476957	3.4953897	2.2186248	1.5499562	2.506785	3.2650185
PIN1_9485	5.8330407	5.6111693	5.3439584	5.3344693	5.891794	5.860648	5.678316	5.6536207	5.7348247	5.4813056	5.263715	5.1539893	5.6078515	5.850039	5.695968	5.3163295	5.7088504	5.7185817	5.6971416	5.5188947	5.302209	5.3188353	5.950077	5.148129	5.8694773	5.5439353	5.4006453	6.185755	5.5951605	5.667165	5.379021	5.5100503	5.8619423	5.604102	4.8764534	5.086434	5.819082	6.440911	5.541369	6.1614394	6.3460236	5.4827843	5.0294857	5.406049	5.499065	6.4341655	5.183061	5.600164	5.3060308	5.431345	5.399867
PINK1_32483	6.787834	5.3687654	4.6625075	4.5241194	5.224576	6.919363	4.9255457	4.446643	4.7236123	5.2115946	5.0643263	5.7768745	6.0331206	5.419629	6.2530107	4.4175134	5.3604093	4.9886317	6.674742	5.651426	6.071065	4.9714136	6.9871154	5.571419	6.697618	6.3086004	6.1546607	6.82361	4.520345	5.858587	4.8448305	4.427398	5.1240087	4.8293266	5.386482	4.425254	4.968852	5.018054	5.58115	5.4030566	5.5794387	5.299631	4.3216715	5.8880386	4.724913	4.9848456	5.5224495	5.364553	4.903098	6.544304	5.221047
PIP4K2B_9486	4.638807	3.9532623	3.111882	3.6250265	3.223322	3.9605298	3.512115	3.4732275	3.9844897	3.5440083	3.448644	3.5721645	4.371847	3.1364734	3.531564	2.6348078	2.8900583	3.5933034	4.1011696	4.039196	3.7885811	3.685282	3.7704499	4.114638	4.464024	3.9400225	4.041434	4.1590195	3.3273613	4.006783	4.196571	2.7354863	3.619502	3.6495402	4.2990336	2.6995428	3.5048723	3.8538375	3.9375708	3.9926662	4.365437	4.1315517	3.30232	4.10203	1.7753943	4.0582333	3.9195037	4.0942173	3.920224	3.4641607	3.7990685
PIR_9487	3.294242	2.435626	2.713711	2.8078547	2.967741	4.419234	1.5043167	1.9899611	1.640813	2.9263053	2.3383918	3.4076753	3.2264056	2.3926249	3.0466177	2.9320772	2.8900583	2.4073083	3.697336	3.0622413	2.889376	2.5224707	3.0402825	3.3317733	4.1375628	3.595438	3.0159018	3.273985	2.8983095	2.482375	2.159341	2.1818647	1.9345882	3.2723231	3.3214288	2.1691005	3.303507	3.3179228	3.0287817	3.8847218	1.5350422	1.8741015	3.4765677	3.504673	3.4981349	2.297121	3.3209047	3.0546732	3.4960926	3.629271	2.708643
PKLR_9489	5.344994	3.4698832	3.326985	4.5241194	3.1011837	5.7556415	3.512115	4.825013	4.798738	2.4777672	4.144076	4.959713	6.0720534	3.781712	5.8851304	3.6286907	3.2556021	3.3539796	6.0627766	4.740627	5.302209	4.354535	5.5287514	4.5087037	5.7717032	6.118553	5.2377234	5.4713736	2.9792736	5.610228	5.4129605	3.7034492	3.3467786	4.67482	4.6565795	3.320974	4.8990626	5.1541033	4.95172	4.891912	4.2740407	5.043904	2.6006784	6.285054	3.573486	4.1670337	5.797008	4.608145	4.2955856	4.8630033	3.9212723
PLA1A_9490	2.736285	2.594546	1.2570211	2.5029805	1.7112163	2.5012665	0.689121	2.3676975	1.2703954	1.59992	0.92724514	2.6150863	3.315628	2.1835182	3.2605107	2.109709	1.3803144	2.0267587	1.9974787	3.400333	1.9443585	1.7539579	2.0039802	2.8167326	2.451389	2.6363633	1.1946218	1.5496027	1.8408495	1.2084577	1.7976378	1.6426728	2.570392	2.204507	2.853671	1.5842559	1.6862907	2.0718946	2.6341627	2.1514747	2.0577211	1.8741015	1.8208362	2.9009168	2.3897877	1.8519349	2.617958	1.9721766	2.6186037	2.506785	2.5660443
PLA2G4A_9494	1.1754036	2.737684	2.713711	3.2735412	0.0	1.735917	2.4022055	2.7958763	2.1797314	2.1873605	1.4871172	1.8332136	2.1961572	2.8829715	2.1047523	1.5335042	1.6496927	2.0267587	2.5332706	3.400333	0.775823	0.9628306	1.769281	2.9355001	0.7123662	2.2966683	2.462306	2.1285868	1.4443876	2.786402	1.3137702	2.7354863	3.0101936	2.597612	3.3214288	1.5842559	2.9363732	2.8892338	3.242334	2.3267155	2.261813	1.3782007	1.1804214	0.7197537	2.6898494	3.031582	3.2250526	1.9721766	3.4960926	0.7390483	2.4077895
PLAC8_32356	4.638807	6.7307725	6.1108403	6.6777096	6.3596463	4.6709857	5.7782736	6.0136056	6.4454103	5.854879	4.786514	4.6270533	5.553862	6.3659687	5.456678	5.8061066	5.939911	6.03502	5.3186493	6.8904843	5.450551	5.0967493	4.424596	6.2700653	5.320046	5.0137186	5.444004	5.969834	5.556104	4.867128	5.8445945	6.623986	6.217036	6.5340757	6.507246	5.9414716	6.62358	6.7117987	5.6760535	6.7122974	7.302856	6.178747	6.50647	5.919218	6.492764	7.392573	6.238647	5.8762965	7.2421303	4.927862	6.5624695
PLAU_33051	1.8143951	2.594546	1.2570211	3.0594068	2.2602103	2.1687598	1.7862632	2.5249715	2.5711837	2.0168164	1.70226	2.0718052	2.372859	2.8829715	3.531564	1.9419785	2.072621	2.0267587	1.7631619	3.7548423	2.581391	3.0212092	2.0039802	3.0452297	2.6106799	1.5639434	2.282898	1.9601587	1.8408495	1.8567106	3.9414568	1.2719984	2.7323515	2.204507	3.2179284	1.5842559	2.2317815	2.6151845	2.6341627	3.2640922	2.7428484	3.0813484	2.0586884	2.4668374	1.7753943	3.031582	3.2250526	2.2186248	3.1230586	1.588432	2.4077895
PLCB1_9495	1.8143951	4.220327	2.552146	4.24848	3.335922	4.1618156	2.4022055	3.7531235	3.243922	3.189834	2.6802902	3.4076753	3.9934368	3.854183	3.446748	1.9419785	2.2451668	2.837896	4.3330874	3.2961977	3.6316473	3.8838544	4.464495	4.010254	4.4216714	3.743284	3.1264923	3.8083558	3.0559347	3.8840604	3.07545	3.537568	3.8487759	2.7601511	3.7502577	3.3913584	3.0694053	3.3179228	4.531982	3.9397032	4.071798	3.9443858	4.22728	3.8664052	2.6898494	4.268201	3.791503	3.176305	3.0125036	4.397271	4.0339284
PLD4_32807	2.4342844	3.5496664	1.2570211	2.9391065	2.2602103	2.5012665	2.2245977	1.7560883	3.6203768	3.6644573	1.8894439	2.7586064	3.4790516	3.2482674	3.531564	1.5335042	2.5384767	1.1570135	3.318902	4.22083	3.1430392	3.0212092	2.2057867	3.897724	3.1146789	1.851524	2.8961248	3.5948293	1.4443876	2.9173408	2.6889215	1.6426728	2.3879235	3.038847	3.8915	0.9994701	2.4426951	2.2765746	4.215484	3.3477855	2.5996156	4.1315517	2.0586884	2.6264875	2.8193185	2.911615	4.0924416	2.9218345	1.8362379	2.6673462	3.733852
PLEK_33161	1.8143951	3.5496664	1.9183995	3.6250265	1.7112163	2.5012665	2.8324869	3.2206914	3.535067	3.5440083	2.2036915	1.5471903	2.5302608	3.4488056	2.3107724	1.7521499	3.0843768	2.9569383	1.9974787	3.6740434	2.581391	2.636965	0.68006337	3.8379865	2.2723026	1.5639434	2.077968	1.5496027	2.8125298	2.3023815	2.895092	2.1818647	1.9345882	3.4732254	2.3652024	1.9992051	2.2317815	3.2220936	3.5130224	3.8847218	3.4754093	2.887088	2.99374	3.0207527	3.047878	3.940554	3.5753076	2.9218345	3.5760143	2.1194797	3.5183966
PLG_9501	11.813471	10.615111	10.037764	10.876843	10.272326	11.734798	10.161624	10.632627	10.595671	9.937489	9.769651	11.712405	11.786116	10.137157	11.945202	9.596397	9.963217	9.959158	11.742145	11.008256	11.854972	10.941175	12.177418	11.444725	11.788032	12.037477	11.576009	11.499798	9.955023	12.369546	10.700631	9.879502	9.981307	10.280768	11.063462	10.067047	10.058688	10.492264	11.444009	10.319994	10.1609335	11.274028	9.690136	11.709112	9.942008	10.168214	11.3161955	11.353637	9.948627	11.537393	10.842047
PLIN2_9502	6.8442316	6.2232265	5.925305	6.2165127	5.562104	6.6447754	6.2653866	6.1405935	7.201346	5.1302595	6.3914757	7.116628	6.565962	6.42664	7.070068	5.889172	5.989293	5.937055	6.6831703	6.729872	6.8086166	5.903185	6.241727	7.1666884	7.3782406	6.7190804	7.097753	6.6266403	5.775999	7.214093	6.39593	5.8829684	5.5286665	5.995475	6.269119	5.9296947	6.0132556	5.981055	6.3178325	6.509174	5.617119	6.3008447	5.793284	7.374689	5.826199	6.5289526	6.767058	6.167864	5.8143377	5.2402797	5.9520473
PLK4_9505	2.0518599	2.257008	1.2570211	1.8748931	2.472159	1.1146706	2.0220141	2.1911569	2.5711837	2.3398588	1.4871172	2.6150863	1.7605959	2.5752249	2.1047523	1.9419785	1.6496927	1.7907331	1.7631619	3.7548423	1.9443585	2.3981004	1.488839	2.38735	1.1871207	2.4764907	1.1946218	2.9534101	0.8958736	2.482375	2.3110406	2.1818647	1.6401663	1.9587818	1.2534345	1.9992051	0.79861236	2.2765746	3.1395056	2.3267155	3.1029732	2.2424579	2.4416173	1.5561608	1.4944088	3.2451882	0.7157622	2.6126575	1.8362379	2.1194797	3.067424
PLOD1_33035	3.6237552	2.594546	0.76129264	1.8748931	2.472159	3.3678806	1.5043167	1.7560883	2.5711837	2.6036353	1.8894439	3.6478724	3.8809977	2.7372885	3.6116695	2.109709	1.6496927	1.7907331	3.9417143	3.6740434	1.9443585	2.636965	2.6825488	2.38735	3.2172866	2.4764907	3.0159018	2.65541	0.5163865	3.251095	2.3110406	2.3909085	1.6401663	2.204507	2.5470278	1.5842559	2.2317815	3.2220936	2.2945795	1.7203709	3.2054758	2.9874854	1.8208362	2.7702174	1.7753943	2.476957	3.122376	2.6126575	1.8362379	3.0634718	3.067424
PLSCR3_9509	4.9043345	4.1193533	2.552146	4.4379616	2.472159	4.2962584	3.1634846	3.4732275	5.0031567	3.8281465	1.8894439	5.046196	5.2026415	4.112363	4.630459	2.5203478	3.1725283	2.5655518	5.158619	5.1816163	4.119342	3.0212092	4.6489487	4.878458	5.1998844	5.2545776	4.4343996	4.563557	2.7213259	4.8008246	4.630781	2.7354863	3.2430704	3.8792007	4.488855	2.9990726	2.6266706	3.7884288	4.4908013	4.231731	3.4754093	4.703648	3.7038848	5.291572	2.6898494	4.4514565	5.021266	4.846702	3.321599	4.5285373	4.2822084
PLTP_32412	3.6237552	4.3596587	2.552146	4.392873	3.8724551	3.788687	2.951459	3.7531235	4.6845293	4.1910696	2.956486	3.3178172	3.0294778	3.9890406	4.332506	2.6348078	3.2556021	3.2644873	3.6291769	4.740627	3.3587008	3.8367145	3.7053368	4.96478	3.2172866	3.0310833	3.7958171	3.2002692	2.406994	3.1481903	4.446431	3.8522093	3.4435291	3.2723231	3.5936723	1.8065978	3.5048723	3.3179228	4.313212	3.8847218	3.555222	3.7292666	3.30232	3.2341504	3.3344872	4.000593	4.7727504	4.0942173	3.411482	3.4641607	4.1384206
PMM1_9510	2.5931726	2.737684	1.6252826	2.5029805	1.3312725	1.4584783	1.153547	2.1911569	2.7331607	1.0112327	1.2341714	2.2764814	1.4809296	3.0152833	1.8643311	2.2599542	2.072621	2.0267587	1.9974787	0.7951595	1.2775879	2.1116846	2.5404441	1.4924659	1.1871207	1.5639434	2.077968	1.9601587	2.004529	1.5686922	1.9897953	0.77186805	2.3879235	2.204507	1.6211139	2.5840793	0.79861236	2.455791	2.2945795	2.3267155	3.1029732	2.0700042	2.7439313	1.1977407	1.7753943	3.142335	1.8356827	2.2186248	0.7160639	2.506785	1.7911546
PMM2_9511	4.4440207	4.6403866	4.622362	4.565343	4.5694714	4.7355237	4.9255457	4.5600543	4.603037	4.150392	4.0292673	4.5502152	4.329629	3.923187	4.5102134	4.0964723	4.2200017	4.9886317	4.864649	4.8912005	4.388235	4.0988927	4.109333	4.688581	4.238611	4.4933076	4.557952	4.676601	4.5734663	4.2247515	4.478839	4.0500264	4.6836143	4.935233	4.8764534	4.522548	4.8628597	4.9598265	4.7570624	5.6538353	5.635596	4.4100404	4.3216715	4.6401196	4.432838	5.4181037	4.3413115	4.608145	4.5142236	4.4423666	4.960986
PMP22_32290	1.8143951	2.594546	1.6252826	2.5029805	2.967741	2.3445714	1.5043167	1.4768263	1.640813	1.0112327	1.70226	1.8332136	3.1312993	2.8829715	2.6512198	2.3960178	1.0488179	1.7907331	1.7631619	3.1839569	1.9443585	2.636965	1.488839	3.0452297	2.884577	2.2966683	1.8390311	2.9534101	1.4443876	2.9173408	2.5736196	1.9373132	1.9345882	2.7601511	1.9138626	1.5842559	2.9363732	2.8892338	2.6341627	3.2640922	3.7711594	2.9874854	2.0586884	2.6264875	1.7753943	2.7807593	3.2250526	1.2997124	2.6186037	1.588432	3.067424
PNKD_34104	4.4016967	3.8308609	3.5993342	3.4599617	3.5377576	5.0965776	3.9722536	4.1411605	4.904565	3.9751415	3.7679703	4.9891205	4.452749	3.539506	5.271804	3.513724	3.4794793	4.1873994	5.402709	4.5272	4.388235	3.973751	4.6831694	4.258289	4.924599	4.6883883	4.5968914	4.831115	3.1287267	4.4577565	3.5724802	2.3909085	3.7000437	3.8066347	4.3488812	2.3210802	3.911607	4.089322	4.110652	4.358206	3.1029732	3.9935026	3.104098	4.10203	3.573486	4.113659	4.5924344	4.423926	3.65174	5.16156	3.5938473
PNO1_9515	3.6237552	4.779257	3.2234385	3.5448534	3.8724551	5.555678	2.7028143	3.2206914	5.1249337	3.189834	4.317193	3.3178172	3.554308	4.6891985	3.8938673	2.109709	3.4794793	3.3539796	5.252226	3.9731874	5.892334	2.9343114	4.297816	4.878458	3.9713368	3.8773775	4.1501555	3.5948293	4.4651933	5.4464016	5.3960905	4.5631175	4.9036446	3.1603029	5.006382	4.613693	4.748459	3.3179228	6.102362	4.946625	4.646217	3.6700726	4.9130273	4.155379	5.2462397	4.860753	5.077238	3.8959892	2.762189	5.16156	3.1696014
PNPLA2_32913	4.2187696	3.097608	2.713711	1.5853512	2.2602103	3.661585	1.5043167	2.3676975	3.243922	1.823375	0.92724514	3.3178172	4.452749	2.5752249	3.68756	1.5335042	2.072621	2.9569383	3.4823647	2.6198554	3.0217755	1.9438806	4.252953	3.415899	4.5840974	3.4306927	3.8612514	4.1974163	2.1515164	4.1198797	2.5736196	1.6426728	1.2698381	2.4144073	3.7502577	2.1691005	0.79861236	2.7587066	2.778033	1.9519659	2.7428484	2.6625395	2.2628205	3.4200125	2.3897877	2.7807593	3.122376	3.176305	1.8362379	3.7052414	2.5660443
POLB_9518	4.485139	4.1707234	3.679778	3.7009778	3.7147906	3.8482714	3.2588525	3.2206914	4.761664	3.9751415	3.617124	4.1939507	4.097743	4.112363	4.5914803	3.971344	3.2556021	3.5178556	4.150632	3.7548423	4.5722427	4.354535	4.0049734	4.010254	3.1146789	4.00006	4.671753	4.0790167	3.3273613	4.5814013	4.3445973	3.4468794	3.619502	4.305072	4.5751534	3.320974	4.2285304	3.7884288	4.313212	4.582081	4.881152	4.335803	3.9601355	4.10203	3.3344872	4.362736	4.2468505	3.8233604	4.0377917	4.397271	4.1384206
POLG2_9521	4.117802	5.07724	5.1315656	5.0155153	5.195023	4.5684204	4.7723575	5.1728354	5.390806	5.151027	4.5292096	4.5102053	4.2412953	5.0392876	4.7766256	4.2835584	4.874015	5.096293	4.4163337	5.0911546	4.5283937	5.193472	4.424596	5.0462265	4.954615	4.450914	4.517932	4.6491594	4.520345	4.0644393	4.6593394	3.8522093	4.8339643	5.268111	3.8226066	4.5839467	5.1895285	5.370696	4.6858673	4.358206	5.1360044	5.067034	5.1629677	4.2564993	4.9953613	4.8279877	4.1971946	4.1546707	5.3746824	3.9117455	4.77899
POLR1E_9523	2.4342844	1.8155732	0.76129264	2.1159258	0.8140356	3.1002145	1.5043167	1.9899611	2.8787735	1.0112327	0.92724514	3.1193392	2.919921	2.1835182	2.9264696	1.275699	1.3803144	1.1570135	2.1990027	1.9785899	3.6316473	1.2772086	2.5404441	3.2424362	3.3130789	2.911122	3.2292056	3.410996	1.6561947	2.0966876	1.9897953	1.9373132	1.2698381	1.6624343	1.6211139	0.9994701	1.3096737	1.1901431	1.2029109	1.1027291	2.0577211	2.2424579	0.0	3.1313937	2.2125611	0.72461534	1.8356827	2.6126575	0.7160639	2.9431233	1.1573405
POLR2H_32522	6.2093854	6.5092177	6.066645	6.465462	6.437425	6.011615	5.945275	5.9732223	6.832664	5.591767	5.377605	6.271615	6.3715944	6.4962306	6.176059	5.967714	5.52014	6.2715955	6.504469	7.14401	6.2571926	6.4953475	6.0583363	6.6804214	6.019011	6.1847234	6.2675743	6.2601967	5.798485	5.983403	6.5563774	5.8829684	6.2968974	6.3030148	6.7767687	5.869323	6.1843686	6.676078	6.39798	6.5361843	6.474748	6.5914583	6.402319	6.248696	6.295468	6.674281	6.4227424	6.1969023	5.99964	6.308916	6.328488
POLR2K_9525	1.5299913	2.737684	1.9183995	2.5029805	3.223322	1.4584783	2.0220141	1.1302094	2.3886938	2.0168164	2.2036915	1.8332136	2.8013556	3.1364734	2.4910152	1.9419785	1.0488179	1.1570135	2.5332706	1.6806879	2.7435865	1.5351875	2.2057867	2.5451083	3.0042105	2.6363633	2.282898	2.4159133	1.8408495	2.786402	2.159341	2.7354863	2.570392	1.2890483	0.758765	2.4585645	2.4426951	2.2765746	2.778033	3.0805616	3.3011763	1.6473541	2.4416173	2.4668374	2.2125611	3.142335	2.279205	2.2186248	2.4591324	2.6673462	2.5660443
POLR3B_32505	2.2557068	2.594546	2.8589911	2.5029805	2.2602103	3.1950624	1.153547	1.4768263	2.1797314	1.823375	1.2341714	2.455695	2.372859	2.3926249	2.6512198	2.3960178	1.3803144	1.5083932	2.675235	2.4360592	0.775823	1.7539579	2.5404441	2.2101986	3.0042105	3.141831	2.621851	2.2793913	1.8408495	2.0966876	2.3110406	2.3909085	2.7323515	0.7839461	2.7084813	1.8065978	1.9846656	3.2220936	2.0891902	2.6239195	3.3011763	2.0700042	1.1804214	2.4668374	1.4944088	1.5643196	2.279205	2.4290519	1.8362379	2.3260906	1.7911546
POR_9531	6.233717	4.565594	3.2234385	4.1969485	4.5694714	5.7711186	4.2293363	4.5232325	4.761664	4.269137	5.1214943	5.7768745	6.1099634	4.331278	6.0523405	3.513724	4.820448	4.678019	5.3821487	4.6590047	4.7734776	4.8579483	6.6491075	4.9078097	5.702634	5.2297173	6.060291	5.7158117	4.7909193	5.5709825	4.601646	3.4468794	4.470548	3.4732254	5.208914	3.8063707	4.046838	4.1940618	5.1499085	4.0930934	4.1250777	4.643371	3.3920732	5.4494114	4.214827	4.614036	5.1573243	5.082807	4.430701	5.9199986	3.733852
PPAN_9534	2.736285	2.053109	1.9183995	2.9391065	0.8140356	4.0646806	3.2588525	2.6667733	3.243922	2.719398	3.0379322	2.8891323	3.1312993	2.7372885	3.1575243	2.5203478	2.7821121	3.066902	3.0326717	3.9040134	3.1430392	2.5224707	2.5404441	2.5451083	2.6106799	3.0310833	3.1264923	2.4159133	2.406994	3.52196	3.5111294	2.8811386	3.1313257	2.7601511	3.2179284	2.3210802	0.0	3.0089254	1.8496284	3.8275614	2.8731365	2.887088	2.8742359	3.2341504	2.3897877	4.000593	2.074421	3.580566	0.7160639	3.2776825	1.7911546
PPAP2B_32335	7.458939	7.565061	7.1149054	7.656409	7.3904867	7.9848237	7.509704	7.6362815	7.395361	7.4102635	7.094838	7.188108	8.0878935	7.2869353	7.922737	6.5302587	7.430853	7.6893144	7.3975368	7.829488	7.0756106	7.4564776	7.7057185	7.4817357	7.5698013	7.2753787	7.2398453	7.1949153	7.4852047	7.108415	7.4823084	6.8353767	7.3388996	7.5597734	7.7792935	7.275071	7.3805194	7.6915445	7.4226265	7.689449	7.3427625	7.358808	7.360798	7.369055	7.5421314	7.3295965	7.5441093	7.758991	7.2174215	7.703302	7.4213796
PPARA_32870	4.5251174	2.594546	2.552146	3.6250265	3.335922	4.419234	3.2588525	2.3676975	3.9844897	2.6036353	2.6802902	4.2915974	4.9192286	3.854183	5.1696496	2.7408507	3.2556021	2.2295449	4.289591	3.2961977	4.2329803	3.6310537	3.7704499	4.164128	4.5840974	4.1664968	3.9238462	4.925635	2.406994	4.7313266	3.5111294	1.2719984	1.9345882	3.038847	3.2179284	2.3210802	2.7898166	4.089322	3.8749332	3.8847218	2.8731365	4.086987	2.2628205	4.7825623	2.3897877	2.476957	4.1971946	3.6661186	3.4960926	3.9744961	2.9574547
PPARG_32510	2.98588	2.8678937	2.3701787	2.3223944	2.2602103	1.735917	1.7862632	1.7560883	3.243922	1.3353969	1.2341714	2.8891323	1.7605959	1.6441145	2.1047523	2.3960178	1.6496927	1.7907331	3.9417143	1.9785899	2.889376	2.1116846	2.5404441	1.4924659	2.884577	3.0310833	3.4149964	4.1590195	2.284903	2.482375	2.159341	1.6426728	2.3879235	1.2890483	2.5470278	2.1691005	1.3096737	2.8892338	2.0891902	2.3267155	1.5350422	2.9874854	1.8208362	2.6264875	2.0104735	1.8519349	1.8356827	2.9218345	0.7160639	3.9744961	2.838406
PPCS_9540	6.026503	5.6111693	6.051607	5.9313107	6.523165	6.6531525	6.1947865	6.0268197	6.231596	6.044405	6.336199	6.0523314	6.44264	6.123634	6.240467	5.637877	6.264672	6.8192306	5.746234	6.4913335	6.1013103	5.758924	6.362792	6.357758	6.359102	5.9308004	6.4907393	6.6953287	5.9962473	6.31568	6.115856	5.7752724	6.1031737	6.0593314	6.7210755	5.6994	5.97984	6.65788	6.032339	6.553914	6.693352	5.614215	5.9042187	6.3664885	5.958581	6.2852225	6.2987394	6.3978457	5.657853	6.1136503	6.0490713
PPIA_32595	10.385422	11.088553	10.98559	10.974758	10.981678	10.40187	11.160222	11.126029	11.179883	11.530166	11.4938545	10.608632	10.348575	11.032512	10.616924	10.97641	11.54773	11.132532	10.318117	11.121141	10.477804	10.946736	10.816516	10.930686	10.372024	10.321895	10.616708	10.707381	11.000184	10.347321	10.834617	11.239449	10.96387	10.996012	10.874841	11.136892	10.946214	11.222909	11.077536	11.268997	11.398021	11.00245	11.1647625	10.540004	11.003052	11.423063	10.706593	11.028215	11.028232	10.703613	11.193493
PPIC_9541	1.1754036	3.4698832	1.2570211	1.2227256	2.011671	1.4584783	2.0220141	2.5249715	2.3886938	1.3353969	1.2341714	0.71442115	2.372859	2.7372885	2.3107724	1.7521499	2.399263	1.5083932	1.1356703	3.4974551	0.775823	1.7539579	2.2057867	2.2101986	2.2723026	2.091197	2.621851	2.4159133	1.1960433	2.0966876	1.5758953	2.3909085	2.3879235	1.2890483	1.6211139	1.8065978	1.6862907	3.2220936	3.4283133	2.4829574	2.7428484	2.7791781	2.99374	1.8430203	2.6898494	2.297121	3.122376	2.4290519	2.4591324	2.1194797	2.2300112
PPOX_9542	3.3839397	3.9532623	2.713711	3.2735412	4.014574	3.8482714	4.027466	3.9874403	3.3476372	4.1910696	3.6691785	4.3830523	3.759049	4.052019	3.9565632	3.7855976	4.5837555	4.570107	3.8246934	3.7548423	3.6316473	3.324341	4.464495	3.8379865	3.4874642	4.00006	3.4149964	3.410996	3.0559347	2.786402	3.2357452	3.7034492	3.619502	3.6495402	3.5085077	4.0864654	4.284343	4.664103	3.8749332	4.8057427	4.071798	3.6700726	3.3920732	3.4200125	4.3917923	3.8779073	4.1457686	3.965136	3.5760143	3.629271	3.7990685
PPP1R13B_9543	3.3839397	2.8678937	1.6252826	2.9391065	0.0	2.1687598	1.5043167	2.3676975	2.7331607	2.0168164	1.2341714	2.455695	2.919921	2.5752249	2.9264696	0.5594628	2.2451668	1.7907331	3.0326717	2.4360592	2.1892972	1.2772086	3.1422062	2.2101986	3.2172866	2.6363633	2.8961248	3.3441162	1.1960433	2.786402	2.3110406	1.6426728	1.2698381	1.2890483	3.1064248	1.3212922	1.3096737	1.8332981	2.9088483	2.3267155	1.8199238	2.6625395	0.7077145	2.9009168	1.7753943	2.297121	2.4585013	1.6747757	0.0	2.3260906	0.6917391
PPP1R15A_9544	2.736285	3.2957203	2.1619017	3.0594068	2.472159	3.1950624	2.5603254	2.1911569	3.4443936	1.59992	1.2341714	3.0088224	3.2264056	3.1364734	3.0466177	2.8396301	1.6496927	2.5655518	3.5576375	3.7548423	3.1430392	2.5224707	3.7053368	3.0452297	3.1146789	2.7802737	3.1264923	3.9043298	2.284903	2.786402	2.6889215	2.8811386	2.8779507	1.6624343	3.6740885	2.3210802	3.0694053	3.49237	3.1395056	2.3267155	2.261813	3.2525284	1.8208362	3.2341504	2.2125611	2.297121	3.3209047	3.176305	1.8362379	3.4641607	3.067424
PPP1R3B_9545	8.051469	7.2557807	5.3439584	6.620186	6.3191257	7.8345585	6.976242	6.301465	7.66502	6.6515107	6.53164	7.765527	8.0878935	5.814154	8.396888	5.877594	6.0252514	6.7794023	8.79625	7.9966326	7.8740015	6.4012804	7.758831	7.694578	8.722476	8.032768	8.219554	8.126726	5.474669	8.571778	7.5563054	5.417558	6.3352294	6.3674974	7.6854095	6.474685	5.3019614	5.842908	7.796664	7.550638	6.994707	7.7215075	5.776716	7.966112	5.0491486	6.789381	7.023616	7.5941486	5.9099617	7.949648	7.2628174
PPP2CA_32614	7.142919	7.5841327	7.3170686	7.3610606	7.5032945	7.089507	7.6614003	7.551963	7.785348	7.3486695	7.477131	7.3212476	7.2986484	7.3941255	7.305049	7.3696494	7.603322	8.058911	7.2857556	7.640409	7.037014	7.0127096	7.2436743	7.5344377	7.2265854	6.964844	7.418932	7.317646	7.3995433	6.8128433	7.1311326	7.278268	7.459487	7.3004713	7.574551	7.3027277	7.1744156	7.7656436	7.4816217	7.756063	7.4717655	7.261906	7.263079	7.239178	7.094929	7.2327886	7.529136	7.4017906	7.588886	7.023825	7.4672437
PPP2R1B_9546	2.736285	3.097608	1.2570211	2.8078547	2.011671	1.4584783	0.689121	2.5249715	3.4443936	1.59992	0.53686917	2.7586064	1.9947519	3.1364734	2.7953992	1.9419785	0.6176906	2.2295449	1.9974787	3.400333	2.581391	2.636965	1.769281	3.0452297	2.2723026	2.4764907	2.8961248	3.651246	1.4443876	1.8567106	2.895092	1.6426728	1.6401663	2.597612	2.3652024	0.9994701	2.9363732	3.4077816	3.1395056	3.1752434	3.2054758	2.7791781	1.1804214	2.9009168	2.3897877	3.671778	2.4585013	2.2186248	1.8362379	1.8782536	2.027206
PPP2R3C_9548	4.8103943	5.155827	5.840355	5.426834	5.835446	5.2144794	5.261168	5.6536207	5.7538285	4.636182	4.471745	4.5102053	4.831187	5.512124	4.741449	5.3163295	4.6771235	5.6317782	4.495037	6.005246	4.9164205	5.0144134	4.6489487	4.8179007	4.954615	4.315703	5.1618433	5.374159	5.0377	4.9305177	5.3265657	5.2929244	5.572113	6.1501107	5.4334445	5.0433664	5.8000617	5.7937536	5.2271647	5.4224887	6.0887685	5.1985264	5.4192753	5.1410136	5.3570137	5.9618835	5.1044307	5.230547	4.871772	4.8630033	5.5776534
PPP2R5A_9549	8.527981	8.82244	7.8863544	8.681234	8.270518	8.726142	8.394638	8.455872	8.9188595	7.990957	7.865255	8.921313	8.668973	8.371429	8.781572	8.025686	7.806401	8.358289	8.607671	9.068809	8.768627	8.422744	8.137657	8.767133	8.524076	8.672336	8.73361	8.583391	7.8152027	8.681792	8.46215	7.986241	8.353238	8.407438	8.581226	8.117885	8.755175	8.544383	8.893581	8.711846	8.6354475	8.796292	8.025793	8.515117	8.0992365	8.310354	8.836268	8.24946	8.309274	8.248358	8.658123
PPP2R5E_9550	5.493443	4.3596587	4.25325	4.4816837	4.8604927	5.2590685	4.027466	4.698608	4.938183	4.02099	3.7679703	4.835695	5.7101226	4.5651484	5.1157255	3.971344	4.2200017	4.9022617	5.746234	5.3208194	4.9829097	4.6001325	5.637466	4.688581	5.4936395	5.070825	5.2377234	5.7549553	3.798159	5.3798304	4.8448305	4.223962	4.4238806	4.67482	5.607356	3.9532046	4.109979	4.7352557	4.448411	4.973223	5.1098113	4.612261	4.683437	5.0594006	4.306021	4.614036	5.0495234	4.26847	4.0377917	5.7147603	4.77899
PPP3CB_32635	4.4440207	4.3146935	2.9909706	4.0302944	3.7957757	4.766741	3.7274868	4.406767	4.938183	3.4797902	2.956486	4.2915974	4.2412953	3.9890406	5.1429396	3.6829114	3.334152	3.5933034	4.5696683	4.7003927	4.2329803	4.2504673	4.5779715	4.583367	4.5840974	4.4933076	4.4343996	4.271274	3.752821	4.5413523	4.5415487	3.2463703	3.2430704	3.2723231	4.2474017	3.5839908	3.8389206	3.572272	4.16402	3.6410902	4.320462	4.4100404	3.63202	4.206825	4.5115843	3.812416	4.2468505	3.6661186	3.4960926	4.3026175	4.2822084
PRAF2_9555	4.0645385	3.5496664	3.5141387	3.9074347	4.318538	3.5935724	4.2756796	3.688074	3.535067	3.4797902	3.563121	3.5721645	4.0465326	3.7054071	3.6116695	3.513724	3.9475968	3.5933034	3.9417143	4.039196	3.3587008	3.685282	3.8327506	3.8379865	3.9713368	3.595438	3.65531	3.0404751	3.798159	4.006783	4.1164427	3.9212065	3.9835975	3.8066347	3.1064248	3.753906	3.8389206	3.9763792	3.4283133	3.6410902	3.555222	4.086987	3.7038848	3.2341504	4.0662227	4.000593	3.65103	3.8233604	3.920224	3.9117455	3.2650185
PRDX1_32791	8.897046	9.229128	8.666011	9.00901	9.031623	9.073761	8.851944	8.919727	8.933518	8.549795	8.630703	8.930817	8.775029	9.22639	8.927608	8.708558	8.734241	8.779648	8.832695	9.068809	8.84658	8.748216	9.211822	9.183344	9.189678	8.768249	8.86304	9.457469	8.93126	8.938471	8.685115	8.885357	8.804083	8.792739	8.591617	8.828665	8.878162	9.20135	8.97236	9.519137	9.491247	9.052425	9.157078	8.805298	9.01786	9.554553	8.6130495	8.824725	9.017835	9.320343	8.915056
PRDX2_32311	6.456817	6.6784916	6.468764	6.4435196	6.743315	6.283923	6.3544474	6.762826	6.6919537	6.576731	6.4372263	6.2352614	6.263618	6.42664	6.4939904	6.5522723	6.562593	6.4032135	6.4262924	6.872491	6.071065	6.317916	6.5413003	6.357758	6.4249067	6.389391	6.53151	6.5982227	6.3635144	6.1788	6.5487647	6.247791	6.7394547	6.556377	6.4739375	6.4583836	6.463564	7.6553125	6.5052643	7.316232	7.07136	6.135638	6.5751457	6.6435075	6.2730393	7.0601487	6.4441867	6.711325	6.7507033	6.6050606	6.6086764
PRDX3_32368	5.513456	5.515066	4.8480144	5.426834	5.070358	5.7556415	5.494597	5.242452	5.7155666	5.6657906	5.3459716	5.8903265	5.9238505	5.512124	5.8689227	4.8316636	5.601789	5.6317782	6.0497994	5.564438	5.473857	5.13622	6.018685	5.4961185	5.7375817	5.660136	5.4006453	6.501797	4.8566833	5.968379	5.0091667	4.9072104	5.094515	5.240831	5.235658	4.9989734	5.2184687	5.7937536	5.458356	5.9093337	5.887632	5.319029	5.084369	5.773278	5.0753083	5.93136	5.4606605	5.5782604	5.258378	5.821026	5.6501427
PRKAA1_9558	4.0645385	4.1193533	4.1440635	3.9701722	3.4403665	3.7265353	3.7274868	4.1411605	3.9844897	3.6054895	3.563121	3.4922628	3.6939778	3.352018	3.8938673	4.055957	3.896741	4.326557	4.150632	4.039196	2.1892972	3.6310537	3.4902585	4.164128	3.4874642	3.8773775	3.65531	3.5361161	3.2641406	3.52196	3.7422786	4.0500264	3.9835975	4.077273	3.5085077	3.0865276	3.6815434	4.7352557	3.4283133	4.4367547	4.9117966	4.1315517	3.4765677	3.7323904	3.6450963	4.575076	3.791503	3.580566	3.920224	4.034631	3.733852
PRKAA2_9559	5.533195	3.9532623	2.552146	3.9701722	3.1011837	5.642388	2.0220141	3.9874403	4.274977	2.4777672	2.5750768	4.867713	4.4915595	4.225969	5.296251	3.735168	2.8900583	2.837896	4.978596	4.5724864	5.450551	3.973751	5.6199064	4.3889227	5.4730487	5.4609194	4.9675345	5.675576	2.8983095	4.4577565	3.5724802	2.3909085	3.1313257	4.1376824	4.2990336	2.3210802	3.4077	3.119443	4.4908013	4.649599	4.0164742	4.2575374	3.30232	4.748248	2.6898494	4.6519713	3.9794827	4.2126923	3.8576405	5.619805	3.5938473
PRKAB1_9560	7.8179626	7.6307373	7.2723675	7.5830355	6.7934766	7.723591	7.38313	7.8446383	8.046522	6.644205	6.6464586	8.370795	8.155917	7.406228	7.9879737	6.871123	6.4077516	7.8363113	7.8951015	8.47628	8.177058	6.8201456	7.836905	7.2144537	7.8103867	7.9703574	8.406514	8.206551	7.0331054	8.127051	7.881253	7.474678	7.549188	7.8488936	8.340667	7.6209974	7.026798	7.459099	7.6121645	7.8842263	7.9378467	7.9840097	7.1582575	8.315731	7.1390038	7.4582777	7.9027495	7.834848	6.767822	7.771154	7.7238894
PRKACA_9561	6.859948	6.4271	5.1598887	6.2421613	5.6734457	6.6697626	5.5709143	5.8448124	6.089226	5.0660996	5.212011	6.8937473	7.002042	6.07897	7.111986	5.2816105	5.2431655	5.3566184	6.893906	6.6790175	6.6020303	5.820795	6.587203	6.2813225	7.3782406	7.1747723	6.5010405	6.5982227	4.8350935	7.0091367	5.975278	5.698733	5.995594	6.1501107	6.1191926	5.1887937	6.1396775	6.010037	6.3060107	6.3044596	5.4392233	6.3008447	4.943035	6.794067	5.3781834	5.230271	6.213891	5.894137	5.5629745	6.071213	5.8785186
PRKACB_9562	4.358093	3.8933594	2.552146	3.0594068	2.967741	4.2962584	3.1634846	3.5484548	4.6845293	3.6644573	2.956486	3.4076753	3.6258323	3.4488056	4.909336	2.8396301	1.8765994	2.5655518	4.375311	4.616394	3.9959817	2.636965	4.5779715	3.4953887	4.1375628	4.00006	2.462306	3.9500241	2.004529	4.6203685	2.5736196	2.1818647	2.8779507	3.8066347	3.8915	2.3210802	3.4077	2.6151845	3.7408574	3.4268885	3.4754093	2.9874854	3.104098	2.9009168	3.4981349	4.113659	3.5753076	3.0546732	2.762189	4.1478653	3.067424
PRKAG1_33315	4.169169	5.155827	4.0862064	4.4379616	4.2626543	4.7355237	4.406396	4.5232325	5.0954394	4.2306314	4.921405	4.1939507	4.861135	4.5651484	4.741449	3.9271011	4.2200017	4.9886317	4.6055846	5.121943	4.119342	4.734792	4.503321	5.019585	4.830612	4.724427	4.9375095	4.879149	4.4078493	4.9611974	4.196571	4.3791647	4.470548	4.67482	4.616441	4.425254	4.825725	5.101213	4.648907	5.074966	4.971199	4.7615075	4.126278	4.206825	4.214827	5.01427	4.963034	4.4722323	4.247581	4.3507204	4.5328317
PRKAG2_9563	5.8800435	4.3146935	4.1996894	3.9074347	4.014574	4.637601	3.2588525	3.5484548	4.7236123	3.3420844	3.6691785	5.4987903	5.5900784	3.923187	5.1696496	3.4526122	3.6114979	3.7985182	5.4229803	4.5724864	5.1657577	3.973751	5.1426578	4.2119765	4.954615	5.73271	4.9675345	5.1180644	3.3273613	4.4577565	3.5111294	3.013425	3.8487759	4.305072	4.0201387	3.9990063	3.9808064	4.383164	4.8897076	4.1408014	4.2740407	4.8706985	3.104098	5.087121	3.4981349	4.8279877	4.47233	4.9181933	3.920224	4.723822	4.678589
PRKAR2B_33052	2.2557068	1.176321	1.6252826	2.5029805	0.8140356	1.4584783	1.5043167	2.1911569	3.3476372	1.823375	2.3383918	2.0718052	1.9947519	1.6441145	2.3107724	1.9419785	1.0488179	1.1570135	1.9974787	2.7828603	2.1892972	2.2619886	0.68006337	3.1471999	2.2723026	1.2043949	1.8390311	2.4159133	1.4443876	2.0966876	1.5758953	1.6426728	1.6401663	2.204507	2.5470278	0.58460927	1.9846656	3.3179228	2.6341627	2.9792266	3.9589443	1.8741015	2.2628205	1.5561608	1.1451283	3.142335	3.2250526	2.2186248	2.4591324	1.8782536	1.1573405
PRKCB_9566	3.294242	3.8308609	2.713711	3.7009778	2.8206856	3.4470994	3.4325337	3.5484548	4.1656966	3.9751415	2.0551069	2.455695	4.1471977	3.923187	4.379027	2.8396301	3.334152	3.1690745	3.4029472	4.616394	3.2548962	4.0988927	3.6371455	4.114638	3.8488257	2.911122	2.282898	3.3441162	2.7213259	3.52196	4.031601	2.5734606	3.619502	3.4732254	4.138241	2.9990726	3.7623768	3.8538375	3.9375708	3.5018787	4.609299	3.9443858	3.2066107	2.9009168	3.4186301	3.142335	4.2468505	4.0942173	3.411482	3.7052414	4.1879597
PRKCD_9567	2.4342844	2.737684	1.2570211	1.2227256	1.7112163	3.4470994	2.0220141	1.9899611	3.1321692	2.4777672	1.70226	3.4076753	3.4790516	2.7372885	3.531564	1.9419785	2.072621	1.5083932	3.0326717	2.7828603	2.889376	1.7539579	2.3827975	2.6873035	3.7834342	3.24468	3.0159018	2.8607516	1.1960433	3.251095	2.895092	1.9373132	3.1313257	2.204507	3.1064248	1.3212922	1.6862907	3.49237	2.6341627	2.9792266	2.4405787	2.3964808	1.1804214	3.4200125	2.0104735	2.0916321	2.8921008	2.4290519	1.1924393	2.506785	1.7911546
PRLR_9571	5.8008323	6.6784916	4.4495783	3.9074347	4.7831573	4.3793955	4.564081	5.1728354	6.0124	5.109188	4.8778276	7.8640532	4.0465326	3.923187	4.971378	3.178435	5.663936	2.837896	3.697336	7.1364903	4.6561337	5.369398	4.058097	4.9078097	1.8294263	4.613491	5.8667536	5.0356913	0.8958736	6.2300897	4.6873436	4.427398	5.0336547	5.1557508	4.1938534	3.5225942	4.488219	2.8892338	6.6432037	3.7059622	4.2740407	4.817136	5.188244	3.1313937	3.9579048	4.9548087	5.711166	2.6126575	3.411482	2.9431233	5.632359
PRMT1_32372	4.873696	5.454173	5.368437	5.5754795	5.5387664	5.3443136	5.414016	5.433164	5.8274364	4.9989533	4.832893	5.3705816	5.130701	5.599045	5.390095	5.1721396	5.451322	5.6844845	4.8939905	6.116449	5.1657577	5.076602	4.9869895	5.4961185	5.430964	5.1257567	5.054033	5.532725	5.2153263	4.5413523	5.156683	5.127592	5.572113	5.4928746	5.5230193	5.0650606	5.380885	6.080044	5.541369	5.3833585	5.6896486	5.5663204	5.481939	5.4278927	5.1994333	5.524181	5.6009226	5.487163	5.0779867	5.106588	5.335379
PRMT5_9573	2.4342844	2.053109	1.9183995	1.8748931	2.8206856	2.7713106	1.153547	2.6667733	1.9352914	2.3398588	2.2036915	2.455695	3.2264056	0.77274704	2.9264696	1.7521499	2.399263	2.4073083	2.9230795	2.7828603	2.3986237	1.5351875	2.2057867	2.008209	1.8294263	3.0310833	2.8961248	3.3441162	2.004529	3.1481903	2.159341	2.5734606	2.8779507	2.4144073	2.5470278	2.4585645	3.1911995	3.4077816	2.0891902	2.9792266	3.8365083	2.3964808	2.4416173	2.6264875	2.3897877	3.031582	2.4585013	2.4290519	2.2798173	2.8118143	2.5660443
PROC_9575	6.787834	6.5092177	6.363101	6.095092	6.8888526	7.185039	6.478508	6.475393	5.9478507	6.5690355	6.2618666	6.6393337	6.904748	6.166956	6.605793	5.978593	6.6496377	6.803431	6.578626	6.6046686	6.360838	6.309308	6.9383616	6.188702	6.896278	6.664472	6.628664	6.583801	6.50011	6.31568	6.1055155	6.0150948	6.777072	6.262895	6.381161	6.347681	6.0459146	7.309756	6.3755317	6.766528	6.9657917	5.9490376	6.313221	6.536984	6.622615	6.6463633	6.526911	6.574192	6.423505	6.9240212	6.4653635
PROS1_9577	5.8330407	5.1039143	5.2149196	5.5551596	5.607677	5.931233	5.6256146	5.5658197	5.5073733	5.396883	5.5261335	5.8903265	5.909591	5.619981	5.7142267	5.03295	5.6790633	5.877936	5.839675	5.564438	5.627237	5.626604	5.75474	5.7762694	5.885148	5.6032057	5.6616545	5.702524	5.0933213	5.8088484	5.3960905	5.368989	5.655268	5.625355	5.6870337	5.374005	5.4557147	5.905945	5.9587436	5.6863503	5.635596	5.357059	5.1629677	5.7033544	5.6973743	5.976907	5.502146	5.663946	5.5232043	5.9515357	5.908381
PRPF4_9578	4.4440207	4.4455914	3.5993342	3.8418446	3.5377576	4.9947867	4.2293363	4.091718	4.603037	3.6644573	3.115025	4.7351427	4.5661826	4.052019	4.332506	3.5723524	3.8440266	4.6069818	4.640628	5.059695	4.119342	3.6310537	4.464495	4.5087037	4.984019	4.4072366	4.7429204	4.621186	3.8421152	4.3690176	4.7148147	3.6228914	3.917761	3.8792007	4.2990336	3.458468	3.6815434	4.0339556	4.7570624	3.9397032	4.1250777	4.174781	4.0176687	4.67707	3.7133195	3.031582	4.2948537	4.518974	3.980205	4.7598963	3.8614638
PRSS23_9581	1.8143951	2.987318	2.713711	2.663456	3.1011837	2.3445714	3.0613632	2.3676975	0.77073467	2.6036353	1.4871172	2.0718052	1.9947519	3.0152833	2.6512198	3.252017	2.072621	1.5083932	2.5332706	3.2961977	3.0217755	2.636965	2.0039802	2.9355001	2.451389	2.6363633	2.282898	2.1285868	3.198022	2.6423824	2.6889215	1.9373132	2.3879235	2.597612	2.3652024	2.3210802	2.2317815	3.8538375	1.5622083	3.3477855	3.8365083	2.6625395	1.1804214	3.2341504	2.5476058	3.3411944	1.5494484	2.2186248	3.321599	2.1194797	2.9574547
PSAT1_9583	3.8918242	2.737684	2.8589911	2.5029805	2.967741	4.2962584	2.4022055	3.688074	3.849662	2.1873605	2.5750768	3.2219887	2.8013556	2.7372885	3.8938673	3.252017	2.8900583	1.7907331	3.4823647	3.4974551	3.5462768	3.254318	2.930607	5.310782	3.4029047	3.9400225	4.1501555	3.651246	1.8408495	3.3471458	3.5724802	3.537568	2.8779507	3.8792007	3.1064248	2.5840793	3.5959105	3.8538375	3.242334	2.6239195	3.3011763	2.6625395	3.104098	3.8009534	2.3897877	3.3411944	2.7615314	2.9218345	2.8927681	3.4641607	2.838406
PSEN2_32895	3.764007	2.987318	1.2570211	2.663456	2.967741	4.114065	2.0220141	2.1911569	2.7331607	2.1873605	1.8894439	4.0338454	3.8809977	2.8829715	4.424094	2.109709	1.0488179	2.0267587	4.1011696	3.831355	3.1430392	2.2619886	3.326703	3.2424362	4.0289	4.315703	4.299267	3.9943156	1.8408495	3.7499197	2.895092	1.2719984	1.9345882	1.2890483	3.7502577	1.3212922	1.9846656	2.7587066	3.4283133	2.1514747	2.8731365	3.1694758	2.2628205	4.350994	1.4944088	2.0916321	3.8569224	2.7755125	2.762189	3.846141	2.2300112
PSIP1_9585	5.552668	5.7012687	5.4394746	5.7465267	5.5150447	5.2144794	5.28402	5.6364827	5.5730453	4.636182	4.4118958	5.3705816	5.1790576	5.5778008	4.9406905	5.4783983	4.9000707	5.4610167	5.340128	5.7133894	5.249167	5.44992	4.8430624	5.6429834	4.924599	5.563964	5.4006453	5.176898	5.34319	5.049507	5.308648	5.2666516	5.5286665	5.5383997	5.5011415	4.831867	5.503528	5.6901174	5.58115	5.7023377	5.7072253	5.533484	5.308379	4.972892	5.1994333	5.7853985	5.4394617	5.364553	5.6941237	5.3149257	5.59612
PSMA5_33243	7.781291	8.028953	7.6219964	7.7532396	7.521267	7.6333203	7.6787496	7.601378	8.154148	7.3214455	7.421309	7.9930325	7.865857	7.808538	7.9538045	7.647	7.6385713	7.645676	7.812996	8.187013	7.8827343	7.475837	7.794488	7.9662504	7.91332	7.8653264	7.9266133	8.161132	7.42144	8.007206	7.754625	7.750648	7.6181746	7.755599	8.146457	7.5106983	7.566465	8.2022295	8.015712	8.282752	8.211647	7.850413	7.462711	7.7227583	7.4944587	8.365622	7.7518463	7.7393866	7.6730714	7.488988	7.8977156
PSMB10_9588	3.3839397	2.594546	3.111882	2.663456	2.967741	1.4584783	1.7862632	2.5249715	3.6203768	2.4777672	2.2036915	4.1425314	3.2264056	2.1835182	3.68756	2.5203478	2.072621	1.5083932	3.1345234	3.0622413	2.889376	2.3981004	2.0039802	3.6423242	3.6430259	3.743284	3.5795677	3.0404751	1.4443876	3.0373778	3.07545	2.5734606	1.6401663	2.204507	3.5936723	2.3210802	2.7898166	3.4077816	3.1395056	2.7523265	1.8199238	3.4763536	1.5358759	3.2341504	2.3897877	3.2451882	3.011828	2.7755125	2.2798173	2.506785	2.708643
PSMB3_9589	6.487495	6.8925095	6.9050436	6.8709426	6.9783125	6.734354	6.889495	6.730886	7.108429	6.7364125	6.7406964	6.513432	6.9402537	7.0452266	6.997378	6.616368	7.1933913	7.070925	6.666264	7.034993	6.591415	6.2475724	6.9383616	6.5654078	6.7837405	6.926682	6.674893	6.8895864	6.779826	6.7959228	6.6518483	6.9304886	6.8317204	6.899427	6.882093	6.941463	6.925129	7.411015	7.0569816	7.5812197	7.5173154	6.713745	6.685766	6.7600284	6.881726	7.703781	6.45479	6.760782	6.8343344	6.436987	7.0976706
PSMB8_9591	6.2457304	6.294434	5.5290575	5.99304	6.015299	6.54026	5.6076107	5.2870646	6.397877	5.0216846	4.5571055	7.041421	6.9119196	6.2498837	6.61554	5.227913	6.1169753	5.5955396	6.4362993	6.9939723	6.5035553	5.6403956	5.9216933	5.9696026	6.1151657	6.863442	6.180527	6.166528	5.327813	6.4406905	6.2626786	5.4645452	5.3151307	5.4217744	6.7584424	5.458396	5.8927493	6.0663114	6.088627	5.170004	5.8721323	6.5994124	5.580685	6.2113976	5.9864197	6.2608795	6.4009748	5.5782604	6.042472	5.7688713	5.5776534
PSMB9_9592	4.169169	4.843981	4.354751	5.0155153	4.8223433	4.6034255	5.165958	5.0996885	5.263986	4.928529	4.2841916	5.1277866	4.5661826	4.279584	4.630459	4.9246063	5.8085127	4.712268	3.9417143	5.398319	4.5722427	4.2504673	3.8924718	4.3466787	3.7149374	4.450914	4.810742	4.271274	4.2858334	4.5814013	4.5415487	4.837524	5.064406	4.590883	5.12557	4.5839467	4.534984	5.4147105	4.721904	5.4030566	5.187006	4.7328677	4.61052	4.3960176	4.691478	4.614036	4.47233	4.809582	4.3420444	4.034631	4.454031
PSMC1_32624	7.49964	7.671432	7.637186	7.698706	7.478977	7.3174305	7.3725076	7.7036543	7.719205	7.335122	7.57247	7.421723	7.6209326	7.4939	7.622737	7.499955	7.5913777	7.739996	7.387256	7.6874814	7.313799	7.210576	7.4365625	7.4270353	7.6590977	7.4031687	7.477488	7.667987	7.59204	7.50704	7.3307576	7.5474114	7.6590443	7.6245313	7.7094593	7.450157	7.756045	7.8280067	7.7881913	8.008371	7.9709644	7.330415	7.503557	7.4244337	7.440132	7.9135194	7.341897	7.420377	7.4419875	7.256255	7.619435
PSMD10_9594	3.6237552	4.3596587	2.552146	3.4599617	3.5377576	3.4470994	3.2588525	1.9899611	3.1321692	3.0196002	2.6802902	3.4922628	3.6258323	3.0152833	4.1832037	2.3960178	2.5384767	2.9569383	3.5576375	4.22083	3.5462768	3.324341	3.949819	3.4953887	3.3130789	2.4764907	4.041434	3.410996	3.3879275	3.251095	2.4482956	3.013425	3.2430704	2.7601511	4.6565795	2.905972	2.4426951	3.49237	3.3383183	3.8275614	3.6308496	3.4055345	2.99374	3.8664052	3.047878	3.671778	2.617958	3.288475	3.1230586	3.629271	2.9574547
PSMD4_9599	7.2119036	7.085549	6.913386	6.9034557	7.2751827	7.263736	7.0908375	7.0090704	6.8504295	6.701642	7.113745	7.1625233	7.1907544	6.898726	7.1392703	6.6843963	7.2999787	7.2447853	7.1156025	7.3724327	6.790168	6.590776	7.0075154	6.654682	7.321782	6.9032907	7.2581806	7.1949153	7.014017	7.2077107	6.9522715	6.694664	7.114847	6.908124	7.019254	6.9058394	7.121771	7.579998	7.042805	7.5681925	7.604315	6.792181	6.755065	7.1234674	6.9326963	7.1947427	6.9279194	7.0019875	7.017241	7.0961576	6.9970355
PSMD6_9600	7.46409	8.011448	7.8389697	7.593037	7.9011717	7.274636	7.786701	7.6871037	7.7526555	7.14116	6.9125	7.4746604	7.625302	7.7094617	7.4262996	7.4342985	7.3385983	7.8555927	7.3239865	7.8617682	7.326657	7.4368544	6.741318	7.4066186	7.432572	7.148485	7.3350472	7.543101	7.5627832	7.4378266	7.4335394	7.677748	7.7230835	7.961802	7.595351	7.446029	7.741164	7.9638224	7.4710736	8.058915	8.2689905	7.3866534	7.8349395	7.2817845	7.7226205	8.313316	7.4884305	7.768694	7.704528	6.955472	7.821289
PSMD9_9602	4.117802	4.6763773	3.5993342	3.7009778	3.5377576	4.0135446	3.9722536	3.7531235	4.274977	3.6644573	3.115025	4.2915974	4.975073	4.6076946	3.7596574	3.4526122	3.546998	3.4382432	4.495037	4.432127	4.05898	3.4549482	3.8327506	3.7105362	4.545173	4.00006	4.041434	4.1195726	3.3879275	4.414069	3.79471	3.9870539	3.8487759	4.501759	4.4436893	3.642881	4.170472	4.664103	4.110652	4.682209	4.5714116	4.174781	4.0729947	3.7323904	3.900535	4.535035	4.0924416	3.6661186	3.7922184	3.7052414	4.2358537
PSME1_9603	7.9038653	7.928071	6.3385315	7.5423217	7.396991	7.650159	7.404143	7.2868085	7.2886395	7.8614855	7.302736	8.290395	8.140737	7.149701	8.113656	6.30677	7.899753	6.946969	7.78586	7.893342	7.987657	7.0389786	7.866989	7.7764196	7.6221704	7.8853626	8.0890665	7.880543	7.2687626	7.992429	6.9464893	6.516604	7.2876935	6.4767666	7.2727065	5.753847	6.1396775	7.960114	7.417142	7.559442	7.575894	7.0576706	7.0861335	7.808519	7.240749	7.7172627	6.857742	7.3249545	6.680123	6.825334	7.221783
PSME2_9604	2.736285	3.097608	3.897257	3.0594068	2.967741	2.3445714	2.5603254	2.7958763	2.7331607	3.0196002	1.70226	2.6150863	2.6721666	2.7372885	2.3107724	2.7408507	2.9904869	2.4073083	1.483266	2.4360592	2.889376	2.2619886	1.488839	3.0452297	2.7541187	3.340682	1.8390311	1.9601587	2.6239645	2.6423824	2.895092	3.1345942	2.3879235	3.1603029	2.157111	2.4585645	3.5048723	3.916409	2.9088483	1.7203709	4.226075	1.8741015	3.104098	2.2872965	2.5476058	3.4312084	3.2250526	2.9218345	2.8927681	2.3260906	2.9574547
PSME3_32547	5.817026	5.4332905	4.6625075	5.235784	5.1340365	5.625458	5.0102134	5.392909	5.791102	4.7494607	4.8555355	5.4987903	5.336579	4.6891985	5.917009	4.4800982	5.070365	5.22047	5.5574236	5.693029	5.450551	5.0967493	5.964062	5.0980773	5.7717032	5.4609194	5.6616545	5.878258	4.8131757	5.467927	5.272131	4.474071	4.6434445	5.184672	5.54457	4.9531703	4.748459	5.672097	5.2018695	5.5516458	5.1360044	5.430238	4.7185583	5.5721884	4.724913	5.0431056	5.502146	5.051353	4.3420444	5.4535427	5.122574
PSME3_32872	6.613372	6.235341	5.293719	6.2165127	5.981077	6.54026	5.745718	5.687298	6.2584586	4.9042687	4.6376967	6.386576	6.2858696	5.619981	6.429147	5.399638	5.222664	6.075051	6.542024	6.5262785	6.28381	5.903185	5.7221947	6.20061	6.4567165	6.2966805	6.5010405	6.5094476	5.198516	6.2174373	6.1862364	5.127592	5.9795494	5.8222513	6.5290318	4.9989734	5.874682	6.4086246	6.169143	5.9896955	5.887632	6.2612824	5.0571885	6.5167418	5.714121	5.7154636	6.0557113	5.980172	5.3746824	6.141264	5.80104
PSMF1_9605	3.0961545	2.737684	2.1619017	2.9391065	3.335922	2.6425977	2.7028143	2.914369	2.8787735	2.4777672	2.0551069	2.7586064	2.8013556	2.5752249	2.9264696	2.6348078	2.8900583	2.7081409	2.675235	2.9293032	2.1892972	0.9628306	2.5404441	2.5451083	2.6106799	3.24468	2.621851	3.273985	2.406994	2.482375	1.9897953	2.8811386	2.570392	3.3762684	3.5085077	1.9992051	2.9363732	4.089322	2.0891902	3.8847218	3.3011763	2.0700042	1.5358759	1.8430203	2.93812	3.031582	2.7615314	1.9721766	2.075009	2.6673462	2.027206
PSMG1_9606	7.1104374	6.6695905	6.7737503	6.6587887	6.4624467	7.1734376	6.517599	6.905574	7.0091124	6.701642	6.811891	6.909214	7.0220633	6.915758	6.974837	6.113028	6.7533293	6.713298	7.019031	6.9345098	6.8086166	6.547515	7.4564853	6.9995337	7.195501	6.8224616	6.8861256	7.5243435	6.393366	7.101546	6.6012273	6.7335496	6.512955	6.6629877	6.7115808	6.642807	6.825187	6.9988008	6.6894374	6.897281	6.7367887	6.7991047	6.402319	6.99766	6.6047654	6.617894	6.994841	7.0019875	6.6710525	7.165036	6.7718906
PTBP1_32416	7.760508	7.037928	6.0364113	6.7863026	6.4747963	8.208773	6.1331935	6.455986	7.255687	6.0773273	5.5950313	7.87984	7.5491586	6.5075097	7.9069486	5.781468	6.1390233	6.3926926	7.313166	7.4713874	7.037014	6.5029163	7.8331003	7.0983176	8.234051	7.803493	7.663236	7.674807	5.9467754	7.4268775	7.08451	5.5757246	6.3477836	6.5783386	7.3046336	5.9296947	6.169625	6.976948	7.07102	7.219567	6.3460236	7.216082	5.618366	8.013834	6.118083	6.6369357	7.1659307	7.1051555	5.9850755	7.557202	6.5903707
PTGS1_32494	4.3131304	4.6763773	2.713711	4.298234	3.223322	4.1618156	3.4325337	3.023864	5.034578	4.4808006	2.956486	3.9162993	4.2412953	4.279584	4.5102134	2.8396301	3.2556021	3.7985182	4.150632	4.8912005	3.2548962	4.1766696	3.5655706	4.9078097	3.9113815	3.743284	4.041434	3.651246	3.3273613	3.9467263	4.917564	3.6228914	3.917761	3.5640745	4.770701	2.6995428	3.1911995	3.3179228	4.648907	3.8275614	2.992627	4.514691	3.4765677	3.8664052	3.7133195	2.7807593	4.7033043	4.1546707	3.0125036	3.5490766	4.3271203
PTK2_9613	4.5251174	4.3596587	3.111882	4.24848	2.6569214	4.2962584	3.0613632	3.309873	4.516664	3.8788273	3.1882064	4.66399	4.737421	3.923187	4.551419	2.7408507	3.4794793	2.9569383	4.4163337	4.3303432	4.05898	3.1031692	4.503321	4.3889227	4.954615	4.6514254	4.1501555	4.4408975	2.7213259	4.7313266	4.5719104	2.1818647	2.8779507	3.4732254	5.006382	3.1689827	3.4077	4.1940618	4.3597	3.8847218	3.9589443	4.2972007	3.5563867	4.7825623	3.1498733	3.940554	4.3413115	4.518974	3.411482	4.8630033	3.8614638
PTPLAD1_9615	4.934336	5.155827	4.354751	4.719379	4.4742694	4.4957547	4.7723575	4.446643	5.1249337	4.4476104	5.004799	5.073909	5.2026415	4.112363	5.32029	4.1358805	4.3766675	4.8103905	5.340128	5.210552	5.1073456	4.138305	5.1426578	5.4369464	4.984019	4.724427	4.9675345	5.3573	4.378299	5.2113967	4.196571	4.2775726	4.79782	4.590883	5.5867295	4.425254	4.534984	5.018054	5.1499085	5.074966	3.555222	5.156013	4.882382	5.0311365	4.820807	4.4514565	5.2816496	5.5782604	4.871772	5.265593	4.9322033
PTPN12_9617	3.3839397	3.097608	2.8589911	2.1159258	3.4403665	3.3678806	3.2588525	2.5249715	4.1077867	2.719398	2.956486	3.4076753	3.0294778	3.539506	3.531564	2.8396301	3.4086447	3.1690745	3.318902	3.1839569	3.7885811	3.254318	3.326703	3.415899	3.2172866	3.8773775	4.1501555	3.7055392	2.8125298	3.8185487	3.2357452	2.5734606	3.0101936	3.3762684	3.3214288	2.1691005	2.4426951	3.119443	3.4283133	3.2640922	3.2054758	3.2525284	2.8742359	3.0207527	2.5476058	3.671778	3.3209047	3.176305	2.8927681	3.629271	3.3545144
PTPN6_9618	5.0756426	5.4950523	4.9809566	5.3104234	5.070358	5.2144794	4.564081	4.996006	5.1249337	4.879594	4.4118958	5.205009	5.248683	5.681025	5.4994187	4.2835584	4.2200017	4.8416686	5.482139	5.902593	4.846719	4.708847	5.2378244	5.2433057	5.342922	5.4175487	4.9675345	5.3573	4.378299	5.550952	5.2535195	4.2775726	5.2363	4.9688754	5.5011415	4.613693	5.5498075	5.4362245	5.3928037	5.809545	5.9181404	5.3757043	4.366648	5.4494114	4.691478	5.50358	5.6009226	5.3387294	5.2090974	4.8957973	5.016884
PTPRF_9621	5.344994	4.403265	3.2234385	3.7009778	3.223322	4.8565345	3.4325337	3.393861	4.560497	3.6054895	3.448644	5.6900024	5.0549846	3.2482674	5.390095	1.5335042	4.13479	2.4073083	5.462688	4.5272	4.696318	3.9295027	4.902367	4.688581	5.3876147	5.439397	4.5968914	5.2699165	2.9792736	4.867128	4.157063	2.1818647	3.7000437	2.4144073	4.080398	3.2469792	2.6266706	3.7884288	5.06828	4.0437536	2.7428484	4.5804653	2.8742359	5.087121	3.4186301	3.3411944	4.5535	4.03112	3.2257414	5.29047	3.4387813
PTPRK_9622	7.572991	6.988682	6.0210533	6.8036327	6.4624467	7.5324883	6.4074416	6.6732306	7.2951407	6.1200867	5.818926	7.722401	7.32575	6.3659687	7.72982	6.271817	6.0603347	6.03502	7.637622	7.391511	7.3892827	6.7770967	7.2029767	7.3109894	7.4378943	7.4577127	7.538769	7.3132815	6.301892	7.5581098	6.7279725	6.1361294	6.512955	6.713477	7.179358	6.3027344	6.612721	6.7205925	6.969755	6.7741113	6.0887685	7.2718945	6.4237595	7.220526	5.9157896	6.1191134	7.4412208	7.179781	6.3228545	7.045908	6.43491
PUF60_9624	5.552668	4.603475	4.1440635	4.565343	4.424204	5.5376925	4.487392	4.996006	4.8701444	4.2306314	4.5292096	5.3927565	5.002205	4.649022	5.1157255	3.6829114	5.0237255	4.570107	5.032364	4.9265103	4.5283937	4.320673	5.3271003	4.5465183	5.61137	4.984295	4.9969473	5.605918	4.5734663	5.402364	4.7148147	3.6228914	4.0465603	4.305072	5.006382	3.8569942	4.170472	5.074023	4.572019	4.582081	4.5714116	4.6738243	4.2752476	4.8808637	3.840789	4.113659	4.963034	4.518974	4.2955856	5.134336	3.6655471
PWP1_9626	3.6237552	3.6971037	1.9183995	3.4599617	2.8206856	3.4470994	3.1634846	2.3676975	3.4443936	2.8265579	2.2036915	3.9162993	3.3996527	2.7372885	2.9264696	1.9419785	1.3803144	2.9569383	3.4029472	3.0622413	3.2548962	2.636965	3.7704499	3.7756684	3.9113815	4.057699	3.9238462	3.8083558	1.1960433	4.006783	3.6878698	2.1818647	2.7323515	2.4144073	3.7502577	2.1691005	3.6815434	2.2765746	3.3383183	2.6239195	2.261813	3.2525284	2.6006784	3.6604056	2.3897877	2.7807593	3.7229755	3.0546732	2.6186037	3.174549	3.067424
PXDN_9628	1.1754036	2.737684	1.6252826	2.3223944	1.3312725	1.9685107	2.0220141	1.4768263	2.8787735	2.8265579	2.0551069	1.8332136	2.5302608	1.9388802	2.4910152	0.96157944	2.399263	2.0267587	2.1990027	3.0622413	2.1892972	2.2619886	1.769281	3.5707264	2.6106799	1.851524	2.077968	2.2793913	1.8408495	2.786402	2.7956865	2.3909085	2.3879235	2.204507	2.157111	1.8065978	1.6862907	1.1901431	2.4743395	1.9519659	1.1797101	2.3964808	1.8208362	1.5561608	2.2125611	1.8519349	2.8921008	1.9721766	1.8362379	0.7390483	2.027206
PXMP2_9629	4.9637265	5.4332905	5.3439584	5.358121	5.195023	5.463422	5.6256146	5.7523813	5.414885	6.1513443	5.9190617	4.700005	5.2026415	5.985267	5.343936	5.2095604	6.264672	5.613773	5.2061815	5.2389193	4.4831705	5.0967493	5.490613	5.3961053	5.2491565	4.9235835	4.8434935	5.502375	4.9600377	4.6952806	5.5565214	5.0679846	5.6349244	5.126238	4.4436893	5.2468953	5.616557	5.7079153	5.06828	5.950074	5.902967	4.5804653	5.561469	4.30452	5.2230263	5.900176	4.871027	5.051353	5.830722	5.7688713	5.335379
PYCARD_33242	1.8143951	3.4698832	2.3701787	3.5448534	2.8206856	1.1146706	3.0613632	2.6667733	3.3476372	2.719398	2.0551069	3.0088224	3.0294778	2.7372885	2.4910152	1.7521499	2.7821121	0.6915133	2.375796	3.4974551	2.581391	1.2772086	2.0039802	3.1471999	2.2723026	2.4764907	2.282898	3.0404751	2.1515164	2.9173408	2.6889215	2.3909085	2.3879235	3.4732254	3.5085077	2.6995428	2.4426951	3.0089254	2.778033	2.4829574	0.70722115	3.0813484	2.4416173	1.8430203	2.3897877	3.031582	2.7615314	1.9721766	2.2798173	2.3260906	3.1696014
PYCR1_9631	2.4342844	2.257008	1.9183995	1.8748931	1.7112163	1.9685107	2.0220141	1.4768263	1.640813	1.3353969	1.8894439	1.5471903	2.372859	1.9388802	3.0466177	1.7521499	2.5384767	1.7907331	2.8044732	0.7951595	3.0217755	1.5351875	1.1403992	2.6873035	2.451389	3.24468	3.0159018	1.2901436	1.4443876	3.251095	2.3110406	1.6426728	0.7703406	0.7839461	2.5470278	1.5842559	1.6862907	0.71446705	0.7233562	1.4443535	2.261813	1.6473541	2.0586884	2.7702174	1.7753943	2.297121	2.4585013	2.2186248	1.5499562	1.588432	1.7911546
PYGL_9632	8.934639	8.512302	8.214677	8.604208	8.182905	8.726142	8.09526	8.421267	8.583937	7.867772	8.245556	9.02788	9.479642	8.324371	9.112771	7.758508	8.224989	8.439755	9.209018	8.993806	8.990883	8.17286	9.105432	8.997893	9.373112	9.385551	8.957702	9.215845	8.174508	9.395521	8.529447	8.149705	8.269937	8.42875	8.679468	8.032367	8.346995	8.499104	8.598815	8.499535	8.135796	9.015747	8.084185	9.168542	7.962259	7.9482355	8.735509	8.760528	7.8602796	8.643021	8.611229
PZP_9633	12.933382	13.592398	13.6259165	13.753277	13.741757	13.255497	13.505769	13.825922	13.405422	13.371727	12.988034	13.146471	13.260664	13.495324	13.413662	13.698392	13.048039	13.799671	13.32548	13.643008	13.435971	14.022509	12.56578	13.659269	12.672204	12.976729	12.983269	12.949188	13.68141	13.159939	13.61784	13.691465	13.72577	14.011815	13.703182	13.71865	13.807531	13.974356	13.86789	13.5900545	13.881594	13.758377	13.874619	13.44998	13.709436	13.899016	13.76907	13.511938	13.670796	12.729359	14.068653
QDPR_9634	9.339627	8.499803	8.201113	8.128145	8.1904125	9.177584	7.998405	8.128243	8.203365	7.63329	8.175297	9.022556	9.3230295	8.242362	8.895964	7.761661	8.319729	8.437198	9.488094	8.671024	8.671177	8.0071125	9.052419	8.384202	9.616668	9.308997	8.834812	8.949551	8.148486	9.102274	8.23435	7.6827245	8.263325	8.315634	8.37114	8.043338	8.360041	8.703658	8.134108	8.564386	8.196171	8.520703	7.8025703	8.989168	8.053911	7.7871127	8.365813	8.458741	8.122278	8.917082	8.2639
RAB1A_33291	7.318124	7.125152	6.399189	6.950891	6.6374354	7.670934	6.797197	6.6648026	7.6034923	6.999482	6.9339356	7.5895133	7.2541986	6.898726	7.765278	6.262945	6.883099	6.4946012	7.4128213	7.37882	7.4255934	6.7197905	7.6331763	7.178779	7.3782406	7.3522515	7.472262	7.6368914	6.5069532	7.650427	7.171347	6.8264112	6.6711683	6.7233667	7.3046336	6.3118362	6.7966843	7.175489	7.217048	7.0487685	6.9875326	7.559703	6.8844113	7.39701	6.6918845	7.031655	7.347598	7.0101905	6.5376883	7.287484	6.911146
RAB21_9637	5.4525642	5.515066	4.7395954	5.2610955	4.318538	5.236946	4.7723575	5.148863	5.237227	4.5132446	3.7679703	5.4361095	5.271164	5.1585584	5.4348235	4.5400805	3.334152	5.4201593	5.5756464	5.7532673	5.4027786	4.655514	5.066922	5.456941	5.342922	5.439397	5.187583	5.7549553	4.8350935	5.402364	5.156683	4.68716	5.1240087	5.3723497	5.5658035	4.2843966	4.666819	5.8589272	5.0400114	5.2591662	5.3300095	5.394112	4.7185583	5.406049	4.432838	5.204974	4.9330125	4.9526534	5.0779867	4.95923	5.399867
RAB27A_9638	3.548161	2.8678937	1.6252826	2.8078547	3.5377576	3.1002145	2.7028143	3.023864	3.535067	3.0196002	2.7783492	2.455695	2.6721666	2.7372885	3.7596574	2.7408507	3.4086447	3.7333038	3.318902	3.1839569	2.3986237	2.3981004	3.1422062	2.6873035	3.4029047	3.141831	2.765496	2.9534101	2.8125298	2.6423824	2.5736196	2.5734606	3.3467786	1.9587818	2.853671	2.3210802	3.0694053	3.719913	2.4743395	1.1027291	2.992627	3.1694758	3.30232	3.0207527	2.5476058	2.911615	3.5753076	3.580566	3.321599	2.8118143	2.9574547
RAB30_9639	4.2187696	3.3854282	1.6252826	2.1159258	2.967741	4.3384256	3.0613632	2.3676975	3.9844897	2.8265579	2.5750768	3.9762692	2.1961572	3.2482674	3.531564	2.109709	3.0843768	2.7081409	3.2296562	3.7548423	3.0217755	3.51607	3.4902585	4.114638	3.7834342	2.7802737	3.8612514	3.9043298	1.8408495	3.0373778	2.7956865	3.3501055	1.9345882	2.9062183	2.9855762	1.8065978	1.6862907	2.455791	2.0891902	2.4829574	2.992627	3.1694758	2.6006784	3.8664052	3.3344872	4.6889343	2.7615314	3.6661186	2.8927681	3.0634718	2.027206
RAB31_9640	4.485139	5.155827	4.354751	4.9547606	4.424204	3.9054923	4.181454	4.323549	5.2099624	3.2679667	3.324294	4.4266934	4.1471977	4.728286	4.1297936	4.0964723	3.996721	3.4382432	4.198454	5.1816163	3.5462768	4.1766696	3.8327506	4.878458	3.9113815	4.057699	4.3907466	4.234818	3.8421152	4.1732683	4.7148147	4.474071	4.1647973	4.0142226	4.6565795	4.391308	4.389879	4.769558	4.4908013	4.6162353	5.3300095	4.844166	4.22728	3.9290164	4.349544	4.6519713	4.8390064	4.4722323	4.430701	3.2776825	5.221047
RAB4A_9643	5.493443	4.9653196	4.402944	4.298234	5.195023	5.625458	4.6719747	4.280068	4.8348827	4.879594	4.5292096	5.1277866	5.225846	4.9092603	5.601038	4.3851724	4.6771235	5.0163097	5.3186493	4.740627	4.4364834	4.9270926	5.60213	4.4299645	5.342922	5.204421	4.9675345	5.3573	4.649651	5.1856456	4.379347	4.427398	4.9372616	4.501759	5.2877045	4.45842	4.708216	5.8267083	4.9817553	5.838767	5.6718554	4.4806437	3.3920732	5.218256	4.7575912	5.179226	5.021266	5.051353	4.9637804	4.60985	4.570675
RAB5A_9644	6.172101	6.1610785	5.7868752	6.279799	5.715683	5.8750443	5.434587	6.128386	6.409908	5.109188	4.6890273	6.120357	6.350636	6.0013127	6.1891723	5.6515374	5.180765	5.83195	6.3958483	6.3554325	6.270563	5.856683	5.848191	6.54687	6.128393	6.378123	6.2059383	6.9070687	5.798485	6.5456405	6.1862364	5.7937894	5.6349244	6.3925047	6.2820063	4.9762535	5.819082	6.8544564	6.169143	6.424969	6.8359933	6.348819	5.708474	6.160117	5.6283746	6.3558803	6.0557113	5.5782604	5.878786	5.6775246	5.9804406
RAC1_9645	7.289394	6.1224627	5.3190575	6.267362	5.2535357	6.8112273	5.165958	5.687298	6.5360217	5.087805	4.6635904	6.6759615	7.0805125	5.850039	7.0629616	5.1721396	4.9508114	5.3781114	7.200253	6.4675574	6.6125684	5.9702435	6.2980185	6.645999	7.220422	7.087527	6.9248996	7.5943594	5.1815076	7.135569	6.5864315	5.4645452	5.655268	5.8940554	6.256115	4.391308	5.72137	6.1468096	6.3178325	6.0534053	6.0059757	6.607323	5.2615185	7.0689025	5.0491486	5.884328	6.8089857	6.1969023	5.4614143	6.700959	6.2836194
RAC2_9646	1.8143951	3.097608	1.9183995	2.3223944	2.6569214	1.1146706	2.8324869	1.9899611	3.1321692	3.3420844	0.92724514	2.455695	3.315628	1.6441145	2.6512198	2.2599542	2.7821121	2.2295449	2.8044732	3.4974551	1.2775879	2.5224707	1.769281	3.1471999	3.1146789	1.851524	2.077968	2.8607516	2.406994	1.8567106	2.9880874	2.5734606	3.534197	2.4144073	2.9855762	2.5840793	2.7898166	3.9763792	2.778033	3.5018787	2.261813	2.7791781	2.0586884	2.7702174	2.6898494	2.7807593	2.279205	2.2186248	3.65174	2.6673462	3.1696014
RAD21_33184	6.8521113	7.0516953	6.3508687	6.935252	6.832387	7.269196	6.4883804	6.6043873	7.187435	6.529929	6.2703176	6.8382707	6.9190555	6.8901343	6.9208302	6.3408957	6.284589	6.626166	6.943863	7.2730613	6.817753	6.632777	7.0799417	7.1847863	6.5382657	6.964844	6.7284803	7.369012	6.52729	6.633981	6.7612896	6.6342974	6.7677593	6.7331886	6.767635	6.0757713	6.825187	7.315572	7.197984	7.1454906	7.231767	7.216082	6.103371	6.9681478	6.6137176	6.965408	6.972877	6.8548827	6.5867457	6.825334	7.0648994
RAI14_9653	3.3839397	2.594546	0.0	3.0594068	1.3312725	3.1002145	2.4022055	1.1302094	2.3886938	2.8265579	2.2036915	2.8891323	2.8013556	1.6441145	2.4910152	1.7521499	1.6496927	0.0	3.4029472	2.9293032	2.7435865	2.3981004	3.5655706	3.1471999	3.0042105	3.340682	2.765496	3.2002692	1.4443876	2.9173408	2.6889215	2.3909085	1.9345882	2.9062183	2.7084813	2.5840793	2.2317815	1.5472676	2.2945795	2.4829574	1.5350422	3.0813484	1.8208362	3.8664052	1.7753943	3.2451882	2.617958	0.0	2.6186037	2.8118143	2.838406
RALA_9654	5.7341747	5.390596	5.3925066	5.4708896	5.5387664	5.3234696	5.695464	5.3514986	5.845266	5.109188	5.212011	5.101099	5.5167127	5.512124	5.343936	5.2816105	5.4156413	5.3126483	5.340128	5.6301656	5.803145	5.13622	5.471159	5.7920966	5.4936395	5.303049	5.309811	6.223456	5.327813	5.667165	5.429636	5.658884	5.4376388	5.876436	5.5658035	5.265754	5.5946484	6.2230525	5.881191	6.0026646	6.5251684	5.5663204	5.2375045	5.7561126	4.8514056	6.1722903	5.5224495	5.744827	5.0502715	5.4969387	5.8785186
RAMP2_32728	3.8293307	5.155827	4.7766476	5.3104234	5.195023	2.9986892	5.0640182	4.94123	4.904565	4.5132446	4.215834	4.0892115	3.9383125	4.9092603	3.68756	4.2480316	4.70695	5.0434666	3.5576375	5.152088	2.889376	4.80994	3.4902585	5.12332	3.7149374	4.315703	3.7272735	3.8083558	4.493033	4.1198797	4.741772	5.2398915	4.6434445	5.2130246	4.1938534	4.8063326	4.8990626	5.842908	4.648907	5.1232677	5.1360044	4.643371	4.647439	3.8664052	4.657249	5.099104	4.2468505	4.3221717	4.3420444	2.9431233	5.8785186
RAN_9657	6.556636	7.370074	7.178583	7.440757	7.18034	6.3575373	7.2443733	7.614566	7.2355485	6.9705663	7.2222633	6.2595987	6.412619	7.1352315	6.912947	7.2080226	7.4263773	7.525623	6.26721	7.346596	6.5371327	7.1825714	6.362792	6.886131	6.1544905	6.1847234	6.796968	6.9526777	7.023593	6.633981	6.992109	7.348841	7.158258	7.4024777	7.034566	7.408337	7.3217196	7.769886	7.2107215	8.143318	7.813527	7.0402446	7.5914407	6.475385	7.2056527	8.047636	6.7755413	7.058454	7.5984864	6.1136503	7.3632674
RAPGEF2_33109	2.2557068	2.257008	0.76129264	2.3223944	1.7112163	2.5012665	1.5043167	2.3676975	2.1797314	2.4777672	2.4615827	1.8332136	1.9947519	2.1835182	2.7953992	0.96157944	2.399263	1.7907331	2.5332706	2.9293032	2.581391	1.5351875	2.8119028	2.9355001	2.451389	2.091197	2.621851	2.7617311	0.5163865	1.5686922	2.7956865	1.6426728	1.6401663	1.9587818	2.5470278	2.1691005	1.9846656	2.6151845	2.6341627	2.6239195	1.5350422	1.0470449	1.1804214	3.1313937	2.0104735	1.8519349	2.279205	2.4290519	2.075009	1.588432	2.4077895
RARRES1_33060	7.4946146	7.7829294	7.6117806	7.8057866	7.781998	7.3793325	7.3181896	7.457537	7.6948276	7.733079	7.036582	7.1625233	7.701771	8.285588	7.475299	7.5372257	7.4218884	7.8896623	7.8768473	8.153876	7.3645577	7.5175357	7.597734	7.4571285	7.8979545	7.3751035	7.0424047	7.339271	7.7532415	7.1152515	7.7645173	7.621845	8.273231	8.452725	8.074206	7.5988584	7.9838185	8.328399	7.7185526	8.392751	8.274897	7.3912425	7.3991876	7.163078	7.6933603	8.325105	8.101405	7.7974176	7.682129	7.4508758	8.079328
RARS_9660	3.294242	3.3854282	2.713711	3.9074347	3.1011837	3.4470994	3.587535	3.393861	3.4443936	2.719398	3.5070176	3.9762692	3.9934368	2.8829715	4.1297936	3.100898	3.732442	2.0267587	3.4823647	4.22083	3.712247	2.3981004	2.930607	3.2424362	3.7834342	3.743284	2.8961248	4.0790167	2.7213259	4.3225136	4.157063	3.1345942	2.3879235	3.1603029	3.2179284	2.5840793	2.9363732	4.089322	3.6688373	3.7059622	4.365437	3.6700726	2.6006784	4.10203	2.0104735	2.6368403	3.7229755	3.176305	2.6186037	3.174549	3.2650185
RASA1_9661	5.493443	5.8024487	4.701566	5.7284923	5.1340365	4.9947867	4.7723575	5.3088636	5.8274364	4.693933	4.317193	5.3705816	5.535407	5.619981	5.456678	4.8316636	4.339067	4.712268	5.3821487	5.9376287	5.4027786	5.266436	5.0141287	5.868728	5.0128355	5.326688	5.108945	5.661911	4.7220135	5.3569393	5.308648	4.872788	5.1529117	5.8222513	5.4334445	4.6994205	4.934379	5.635367	5.3473864	5.6538353	5.902967	5.8458295	5.1110473	5.361342	4.549402	5.50358	5.5622196	5.1135902	5.440215	4.95923	5.7359147
RASSF1_32475	4.564018	3.3854282	2.9909706	3.4599617	2.6569214	3.522194	1.7862632	2.3676975	3.243922	2.3398588	2.6802902	3.7198045	3.9383125	3.2482674	4.741449	1.9419785	2.399263	2.9569383	4.1011696	4.1627893	3.5462768	3.180722	4.252953	3.4953887	2.6106799	4.217966	4.251255	3.651246	2.406994	3.602016	3.3096738	3.013425	3.1313257	2.7601511	2.853671	1.3212922	2.9363732	3.719913	3.5930324	2.9792266	2.992627	4.2972007	2.8742359	4.0466323	2.3897877	3.4312084	3.3209047	2.9218345	3.2257414	3.4641607	3.2650185
RASSF4_33075	2.4342844	2.987318	1.6252826	3.3697603	2.011671	2.5012665	1.153547	2.914369	2.8787735	2.3398588	0.92724514	3.0088224	2.8013556	2.3926249	2.3107724	2.6348078	2.072621	1.7907331	1.9974787	3.7548423	1.6491554	2.1116846	2.2057867	2.5451083	1.1871207	2.091197	0.71758246	1.769436	1.8408495	2.0966876	2.4482956	3.013425	1.6401663	3.038847	2.7084813	1.9992051	3.5048723	2.0718946	2.2945795	3.4268885	2.8731365	2.0700042	2.7439313	3.5846395	2.3897877	2.476957	2.7615314	2.6126575	2.6186037	1.8782536	2.838406
RB1_9662	7.8339663	7.347928	6.6790757	7.2453394	7.641171	7.155859	7.490184	7.0613756	7.544689	6.7364125	6.3992023	7.194434	6.8310027	7.0606227	7.2868648	7.6298494	6.416804	7.6278443	7.725934	7.0430593	6.9648256	6.838209	7.0075154	7.7644353	6.9268827	7.4306984	7.730444	7.218445	7.4642615	6.8624463	7.0363297	7.0508404	6.8843737	7.2670565	7.2532053	6.474685	6.889582	7.722518	7.3496447	7.9016404	7.5996165	7.4583826	7.3440275	7.1167583	7.069126	7.703781	7.051828	7.1870356	7.272433	6.8755217	7.0846515
RBKS_9663	5.8800435	5.390596	4.1996894	4.605421	4.9338927	5.846107	4.6719747	5.0226336	5.366318	4.9989533	4.6635904	5.858812	5.8360996	5.320795	6.176059	4.8074613	4.820448	4.7457223	6.0497994	5.6085877	5.275932	4.904411	5.565907	5.3752427	5.720214	6.104947	5.784808	5.7420254	4.520345	5.685655	5.0091667	4.646986	5.094515	5.0961084	5.607356	4.6428385	4.748459	4.9598265	5.5613966	4.775837	5.187006	4.817136	5.1629677	5.6670794	4.586254	5.4181037	5.1044307	5.600164	5.1051793	5.580001	5.2907276
RBM34_9666	2.0518599	2.987318	1.6252826	2.8078547	2.6569214	1.735917	2.2245977	2.1911569	2.1797314	2.3398588	2.4615827	0.71442115	1.9947519	3.1364734	2.4910152	1.7521499	2.5384767	2.0267587	1.1356703	2.6198554	2.7435865	1.7539579	2.0039802	2.5451083	1.8294263	2.4764907	2.282898	2.1285868	2.8983095	2.786402	2.6889215	1.9373132	2.1789894	0.7839461	2.157111	1.8065978	2.2317815	3.2220936	2.6341627	2.3267155	3.1029732	2.3964808	1.5358759	2.0821931	1.4944088	2.476957	2.7615314	2.2186248	1.5499562	2.8118143	1.5087776
RBM6_9668	4.564018	4.4867115	3.679778	3.8418446	3.7957757	5.2590685	3.512115	3.815366	4.516664	3.3420844	3.115025	4.929693	4.800604	3.7054071	4.741449	3.6286907	2.9904869	3.7333038	4.772864	4.616394	4.119342	3.9295027	4.716597	4.164128	5.0128355	4.315703	4.9068465	4.5338564	4.187033	4.5814013	4.196571	3.1345942	3.1313257	4.4067645	4.532649	3.0865276	3.4077	4.2437115	4.531982	4.1869826	4.817839	4.612261	4.0729947	4.350994	3.900535	4.1670337	4.5535	4.608145	3.1230586	4.686823	4.0871205
RBP1_9669	6.746156	7.648966	7.2723675	8.050429	7.9011717	8.194494	7.826161	7.732168	6.977125	7.212051	7.3906302	7.5105934	6.6369247	8.00834	6.8399925	7.2080226	8.32695	7.2211943	7.387256	7.238356	7.2877336	7.659751	7.6022124	6.958045	7.2449203	7.463055	6.4055696	6.9186068	7.3622937	6.8044076	8.073891	7.877595	8.209312	7.7015934	7.454459	7.6209974	8.5312805	8.313945	8.022952	8.250496	8.520846	7.2867484	7.5914407	7.2267704	6.911072	7.600866	8.000074	7.3050885	8.38334	7.865231	7.848501
RBPJ_9670	2.0518599	2.257008	1.2570211	1.2227256	2.011671	1.4584783	1.5043167	1.7560883	3.0110276	1.823375	0.92724514	1.5471903	1.7605959	1.6441145	1.8643311	1.275699	1.6496927	2.0267587	2.8044732	1.9785899	2.3986237	2.1116846	2.2057867	1.773262	1.8294263	1.2043949	2.077968	2.65541	1.6561947	1.8567106	0.9932049	1.9373132	1.2698381	2.204507	2.157111	2.1691005	0.79861236	2.455791	2.0891902	3.2640922	2.5996156	1.8741015	2.0586884	2.9009168	1.4944088	2.7807593	2.279205	1.9721766	2.2798173	1.588432	1.7911546
RCN1_33000	1.5299913	1.8155732	1.9183995	2.8078547	1.3312725	0.6624132	1.153547	2.5249715	2.3886938	0.5924607	2.0551069	1.5471903	1.9947519	3.0152833	2.3107724	1.5335042	1.0488179	0.6915133	2.1990027	2.2253819	1.6491554	2.636965	1.1403992	2.9355001	1.8294263	0.7243909	1.5525111	2.7617311	0.8958736	2.482375	1.7976378	1.9373132	1.9345882	1.6624343	2.5470278	1.5842559	1.9846656	2.8892338	3.1395056	2.7523265	1.8199238	2.6625395	2.6006784	1.5561608	2.3897877	2.6368403	2.074421	2.2186248	1.1924393	1.8782536	2.5660443
RCN3_32684	2.736285	3.2957203	2.3701787	1.5853512	2.6569214	2.5012665	2.5603254	2.1911569	3.243922	2.719398	2.2036915	2.0718052	2.5302608	3.0152833	3.531564	2.3960178	2.5384767	2.2295449	2.5332706	3.400333	2.7435865	3.180722	2.5404441	3.2424362	3.2172866	2.6363633	2.077968	2.1285868	1.4443876	2.9173408	2.9880874	2.3909085	2.7323515	2.4144073	2.853671	2.6995428	1.9846656	4.142642	3.6688373	2.9792266	2.5996156	3.4055345	2.4416173	2.0821931	2.6898494	3.7438102	3.122376	2.4290519	3.1230586	2.8118143	2.2300112
RDH7_9672	9.041874	9.107528	8.224768	8.635998	8.761179	8.990263	8.72826	8.240254	8.884783	8.41463	8.493072	8.9883795	9.0003195	8.371429	9.547667	8.177398	8.764694	8.805657	9.531918	8.977063	8.561234	8.224132	9.808138	8.952841	9.754218	9.047899	9.217132	9.419397	8.460171	9.424709	8.243811	8.206093	8.495427	8.5081215	9.180503	8.275068	8.283363	8.818699	8.36244	8.494953	8.148718	8.505969	8.400326	9.830583	8.723343	8.747072	9.329461	8.554401	8.637295	9.661619	8.853066
REEP5_9673	7.789521	7.6534867	7.185488	7.276704	7.454243	7.290833	7.543242	7.281306	7.032646	7.4231267	7.0660043	7.469453	7.762538	7.4122415	7.3289437	6.8475785	7.7065873	7.672017	7.25216	7.3335013	7.2942944	7.1731143	7.481008	7.6518483	7.958459	7.734479	7.734815	7.7017694	7.2444005	7.537898	6.7874002	7.6677437	7.2811627	7.3004713	7.641083	7.3387966	7.809331	7.7355914	7.7140865	7.7483835	7.8574805	7.3256273	7.538373	7.753358	7.7952447	7.703781	7.794212	8.152736	7.554773	7.665766	7.6284337
RELA_32444	5.646274	4.3596587	2.3701787	4.0880117	3.9452639	5.7556415	3.9148438	4.7631946	4.938183	4.1910696	3.8604286	5.4361095	5.7101226	4.6891985	5.7322574	4.014271	4.339067	4.4534655	5.084199	5.2940326	4.8819904	4.419964	5.75474	5.0462265	5.788466	5.3728333	5.5667706	5.3055077	3.8847718	4.9912386	4.9868054	3.6228914	3.9835975	4.251405	5.006382	3.9059012	3.7623768	5.1798387	4.8897076	4.973223	4.7516193	5.1342773	3.772339	5.4278927	3.9579048	4.6519713	5.37393	4.564248	4.554239	5.518157	4.746293
RELB_9675	2.736285	1.8155732	0.0	2.5029805	2.011671	2.7713106	1.7862632	1.9899611	1.9352914	1.823375	0.53686917	1.8332136	2.1961572	1.6441145	2.3107724	1.7521499	1.6496927	1.5083932	2.675235	1.9785899	2.3986237	1.2772086	2.5404441	3.1471999	2.7541187	1.851524	1.5525111	2.1285868	0.8958736	2.9173408	2.3110406	0.77186805	2.3879235	1.9587818	2.3652024	0.9994701	1.6862907	2.2765746	1.5622083	3.1752434	2.7428484	2.5356345	2.2628205	3.9290164	2.0104735	2.0916321	2.074421	2.2186248	0.7160639	2.3260906	2.5660443
RFC4_9678	3.548161	4.526692	3.679778	3.9701722	3.4403665	3.3678806	3.2588525	4.040521	4.047455	2.6036353	2.8701653	3.1193392	2.6721666	3.923187	4.1832037	3.252017	2.5384767	3.3539796	3.7624195	4.3821325	3.9301062	3.574707	2.0039802	4.3031607	3.1146789	3.595438	3.65531	3.9043298	3.5019276	3.8840604	2.895092	3.4468794	3.619502	4.077273	3.9572527	2.8064463	4.046838	3.8538375	4.055234	3.8275614	4.1250777	3.4055345	4.177663	3.4200125	3.6450963	4.9548087	3.9794827	2.6126575	3.2257414	3.2776825	4.1879597
RFC5_9679	5.817026	5.4332905	5.368437	5.4708896	5.715683	5.72418	5.0901866	5.5104537	5.7538285	4.879594	4.5292096	5.858812	5.693573	5.6609626	6.0523405	4.4175134	5.0237255	5.751892	5.91317	6.0379024	5.5850525	5.13622	5.671957	5.7440844	5.648571	6.0773435	5.7678456	6.034892	5.34319	6.0844073	5.5258307	5.2929244	5.5933557	5.5825324	6.216385	5.0213404	5.355054	5.635367	5.6943073	5.5516458	5.792034	5.4654803	4.683437	5.6298685	5.4796085	5.126309	5.417947	5.4634604	5.0779867	5.475404	5.5207915
RFNG_9680	4.99253	4.603475	3.4235945	4.4379616	4.204518	4.6034255	4.364126	4.323549	3.7009227	4.0654263	4.0292673	4.3830523	4.329629	3.9890406	4.332506	3.3887968	4.5837555	4.712268	4.456222	4.616394	3.9959817	4.138305	4.8430624	4.3031607	4.545173	4.892242	4.8434935	4.234818	4.493033	4.0644393	3.8941805	3.3501055	4.274074	4.3568144	4.8420568	3.9532046	4.284343	4.383164	3.9976015	4.7140985	3.4754093	3.9935026	4.2752476	4.848835	4.166973	4.113659	4.2948537	4.3221717	4.247581	4.60985	4.1879597
RFX5_9681	2.5931726	1.8155732	1.9183995	1.5853512	2.011671	2.7713106	1.5043167	1.4768263	1.640813	2.3398588	1.2341714	2.2764814	2.5302608	2.5752249	2.1047523	1.9419785	2.7821121	1.1570135	2.1990027	2.6198554	1.6491554	1.7539579	2.2057867	2.38735	1.1871207	1.851524	2.621851	1.9601587	1.4443876	2.482375	2.3110406	0.77186805	1.9345882	1.2890483	2.9855762	2.1691005	2.7898166	2.2765746	2.2945795	2.1514747	2.5996156	1.6473541	0.0	2.4668374	1.4944088	1.8519349	0.7157622	2.4290519	2.8927681	2.3260906	2.027206
RGD1304728_9682	2.736285	2.435626	1.9183995	2.5029805	2.967741	2.3445714	0.689121	0.6730612	2.7331607	2.4777672	2.0551069	1.8332136	2.1961572	1.2732412	2.1047523	0.96157944	2.072621	2.4073083	1.9974787	2.7828603	1.6491554	2.636965	2.3827975	2.2101986	2.0677924	2.091197	1.5525111	2.9534101	0.8958736	1.8567106	2.6889215	2.3909085	0.7703406	2.4144073	3.1064248	1.8065978	2.6266706	4.0339556	1.8496284	2.6239195	1.1797101	1.8741015	2.0586884	1.8430203	2.3897877	3.142335	1.5494484	2.4290519	1.8362379	2.3260906	1.5087776
RGD1305347_32873	6.585283	5.769504	5.85775	5.977854	6.2914653	6.251187	6.2653866	6.103657	6.104112	5.3255973	5.9718294	6.419351	6.981738	6.484863	6.763151	5.55308	5.9272966	6.2367253	6.5327263	6.6046686	6.1599617	5.626604	6.1711426	5.9556165	6.971606	6.104947	6.2675743	6.0663533	5.44647	5.610228	5.714556	5.344077	5.413955	6.24927	6.269119	5.976237	6.389151	6.341801	6.3060107	6.7122974	6.2533484	6.0336595	5.084369	6.0517416	5.399047	6.210925	6.2508674	5.55602	6.2516284	5.9358535	5.923084
RGD1307603_9684	9.664471	9.996612	0.76129264	9.05315	2.011671	10.184308	10.766847	9.187276	9.5292635	1.823375	8.696458	2.2764814	1.9947519	9.177799	9.862062	9.0294695	9.693971	1.7907331	9.292641	10.925048	9.33111	9.404567	2.0039802	10.637367	10.054531	1.5639434	9.431568	8.557794	8.570441	9.156305	1.5758953	9.09772	9.16137	10.198079	8.312679	10.310689	10.09523	1.1901431	1.8496284	1.7203709	8.564896	2.3964808	10.209265	2.4668374	9.541015	9.234981	9.086896	0.7915216	9.498627	0.7390483	9.862036
RGD1307929_9686	4.9043345	4.010777	3.111882	3.5448534	3.335922	4.913435	3.7926803	3.688074	4.1656966	3.7756202	3.563121	4.1425314	5.0549846	3.923187	4.630459	2.3960178	2.9904869	2.5655518	4.5328355	4.5272	4.4364834	4.016682	4.297816	4.258289	4.924599	4.4072366	4.3907466	4.70353	2.8983095	4.1198797	4.478839	2.8811386	1.2698381	3.9482906	4.4436893	2.1691005	3.4077	3.572272	4.921047	4.231731	3.7711594	3.9443858	2.7439313	4.5632515	2.6898494	4.113659	4.1971946	4.0942173	3.321599	4.4860954	3.8614638
RGD1308428_9687	3.6955848	4.1707234	2.3701787	3.0594068	3.8724551	3.2840576	3.7274868	3.1256318	3.243922	3.4125795	3.0379322	3.4922628	3.759049	3.923187	3.8283224	3.513724	3.4086447	3.5178556	3.4029472	4.102316	3.4555352	3.51607	3.8327506	3.4953887	3.2172866	3.0310833	4.041434	3.8571408	3.2641406	3.3471458	3.447053	2.1818647	3.2430704	2.597612	3.6740885	3.320974	2.7898166	4.089322	3.8094523	3.4268885	4.226075	4.041002	3.30232	3.4200125	3.3344872	3.812416	3.4953897	3.4896183	3.65174	3.3739324	3.7990685
RGD1309995_9688	2.98588	3.6252677	2.713711	3.5448534	2.472159	2.5012665	3.4325337	3.815366	3.243922	2.8265579	3.3878083	3.2219887	3.3996527	3.1364734	2.3107724	2.2599542	2.9904869	3.3539796	3.5576375	2.6198554	2.581391	1.9438806	3.326703	3.0452297	3.1146789	2.7802737	2.282898	2.9534101	2.8125298	2.6423824	2.4482956	2.3909085	3.0101936	3.1603029	3.1064248	2.9990726	3.4077	3.4077816	2.0891902	3.7059622	3.8365083	2.9874854	2.7439313	2.0821931	2.93812	1.2047167	2.8921008	3.176305	2.762189	2.8118143	2.708643
RGD1559459_9690	3.0961545	2.8678937	0.76129264	2.3223944	2.967741	2.1687598	1.153547	1.4768263	0.0	3.1072266	2.0551069	3.3178172	3.3996527	2.5752249	3.3566325	2.3960178	2.6654315	2.0267587	2.5332706	3.7548423	2.581391	2.5224707	3.7704499	3.2424362	2.7541187	2.6363633	2.282898	2.8607516	1.1960433	2.0966876	2.159341	2.1818647	1.2698381	2.597612	2.9855762	0.9994701	3.1911995	0.0	3.6688373	2.9792266	2.7428484	3.6700726	1.5358759	2.4668374	2.2125611	2.476957	3.5753076	3.6661186	1.8362379	2.9431233	2.708643
RGD1561778_33259	1.5299913	2.737684	3.7559724	3.5448534	3.1011837	2.6425977	0.689121	3.309873	4.047455	3.0196002	1.70226	3.0088224	3.554308	4.112363	3.1575243	2.7408507	2.2451668	3.2644873	2.675235	4.6590047	2.581391	3.7375457	1.769281	4.114638	2.884577	2.091197	2.8961248	1.769436	2.004529	1.8567106	3.8941805	2.3909085	3.0101936	3.2723231	3.5085077	1.8065978	1.6862907	2.8892338	3.9976015	4.0930934	2.7428484	4.086987	2.2628205	3.6604056	2.8193185	3.4312084	3.8569224	3.965136	3.0125036	1.8782536	4.0339284
RGD1562178_32879	6.371671	5.629645	4.8480144	5.44903	4.7428775	6.636349	4.8961816	4.5232325	5.9804864	4.3066416	4.3494563	6.2352614	6.50087	5.1868963	6.5458865	4.35209	4.2200017	3.9207184	6.456107	6.0379024	6.1742597	4.8813667	6.352196	5.9272313	6.5676966	6.5685983	6.2915096	6.5618944	4.674177	6.614812	5.3442636	4.3292627	4.470548	5.4217744	5.6477447	4.5839467	5.0354204	5.890442	5.4795613	5.215274	5.460108	5.675697	4.647439	6.388935	4.586254	5.584275	5.746118	5.1732535	5.0502715	5.8038497	5.335379
RGD1564420_9693	5.3671594	4.9059253	4.4495783	4.5241194	5.070358	4.941065	5.037367	5.372352	5.46187	4.5132446	4.6376967	5.073909	5.130701	4.7663426	4.9406905	4.2116084	4.999828	4.9022617	5.0057306	5.210552	5.221896	4.4825535	4.6489487	4.848497	5.1998844	5.204421	4.77723	5.0774655	4.253646	4.867128	4.7148147	5.2126255	5.0336547	5.0961084	4.80682	4.905866	5.00252	5.4147105	5.011177	5.4224887	5.2602787	4.817136	4.647439	4.9121966	4.724913	5.279571	5.4394617	5.258363	4.554239	4.4860954	4.8109617
RGD1564614_9695	1.8143951	0.70487076	10.177655	9.218944	9.140281	8.132934	10.087243	10.336885	10.178748	0.5924607	8.590775	9.969543	9.871364	10.058823	8.939297	8.854486	0.0	9.743232	8.786505	9.19724	8.752041	8.955493	8.203977	8.904517	8.486047	9.562721	8.844956	9.789825	10.392509	9.710828	9.146273	10.458161	9.27419	9.109781	9.371976	10.2041235	9.284472	10.488407	10.063357	1.1027291	10.6177	0.61649555	9.202752	8.596934	10.297025	10.287491	8.759229	9.219052	8.917859	8.678792	10.385748
RGD1565002_9697	4.2667212	4.603475	5.1876664	4.9547606	5.1340365	4.0135446	5.0640182	5.2870646	4.221371	4.2306314	5.212011	3.7883198	4.452749	5.0078626	4.7766256	4.597668	5.222664	5.993847	4.495037	5.0911546	5.1368475	4.628089	4.8430624	4.2119765	4.0842543	4.5745316	4.299267	5.4072967	4.91958	3.7499197	4.446431	5.3187275	4.760747	5.1557508	4.9749804	4.9531703	3.9808064	6.038449	4.3597	6.424969	5.4392233	5.357059	4.786336	4.5632515	4.789545	5.835711	4.5535	5.704953	5.131869	4.034631	5.357197
RGD1565355_33245	2.2557068	3.9532623	3.2234385	3.9701722	3.4403665	3.4470994	2.7028143	4.040521	3.849662	3.4797902	2.8701653	3.3178172	3.8213115	3.781712	3.1575243	2.6348078	2.399263	3.1690745	3.1345234	4.480447	3.1430392	3.9295027	2.5404441	4.4299645	2.7541187	4.00006	3.4149964	3.9943156	2.9792736	3.437199	4.196571	2.5734606	3.4435291	3.6495402	4.0201387	3.2469792	3.8389206	4.0339556	4.7570624	3.9926662	4.532502	3.7292666	4.0176687	3.0207527	3.7133195	5.4181037	3.65103	3.7468808	3.411482	3.174549	3.6655471
RGD1565775_9698	2.2557068	2.987318	2.8589911	2.8078547	3.223322	3.8482714	2.5603254	2.1911569	3.535067	2.1873605	2.2036915	3.2219887	3.2264056	3.7054071	2.7953992	2.7408507	2.9904869	2.837896	3.1345234	3.7548423	2.581391	2.7430372	3.326703	3.2424362	3.4029047	3.340682	2.8961248	3.1225834	2.1515164	2.482375	3.07545	2.7354863	2.7323515	2.9062183	3.9572527	2.1691005	2.6266706	3.0089254	3.5130224	4.0437536	2.4405787	3.5438585	2.2628205	3.504673	2.93812	3.671778	3.2250526	3.288475	2.8927681	3.0634718	2.838406
RGN_9699	7.236193	6.8615804	5.673574	6.629934	6.2632647	7.083321	7.031305	6.754907	6.814677	6.7837253	6.874203	6.998684	7.336449	6.801276	7.6323705	6.151993	7.0953116	6.305643	7.598054	7.346596	7.0832076	6.351842	7.597734	6.771055	7.7602835	7.468378	7.097753	7.1466722	6.1614923	7.294599	6.8933825	6.2875323	6.609949	6.5783386	6.812738	6.6210027	6.310691	6.3644214	7.1915736	6.3148956	6.241334	6.728327	6.631516	7.0194044	7.0295343	6.6557293	6.661161	6.5062175	6.507433	6.970944	6.755554
RGS10_32464	1.1754036	1.176321	1.6252826	1.2227256	2.8206856	1.735917	2.0220141	2.1911569	3.3476372	1.823375	1.2341714	1.1900772	1.7605959	2.7372885	0.7313985	2.6348078	1.8765994	2.5655518	0.6768118	2.6198554	1.2775879	2.636965	2.0039802	2.008209	0.7123662	0.7243909	2.462306	0.567391	1.8408495	0.7272255	2.3110406	3.1345942	2.1789894	1.6624343	1.6211139	1.8065978	2.6266706	3.119443	3.0287817	2.1514747	3.1029732	2.5356345	2.6006784	1.1977407	2.0104735	2.297121	1.1920056	2.2186248	2.6186037	0.7390483	2.2300112
RHEB_9704	3.6955848	3.7655318	3.111882	3.6250265	2.8206856	4.208036	3.4325337	4.040521	3.6203768	3.8281465	3.8604286	3.4922628	3.2264056	3.923187	3.7596574	3.7855976	3.8440266	4.0333714	3.2296562	3.9731874	3.6316473	3.7375457	3.8327506	3.4953887	2.7541187	3.0310833	3.0159018	2.8607516	4.043804	3.437199	3.1578226	3.8522093	3.534197	3.8792007	3.4179986	3.0865276	4.2285304	3.49237	3.9976015	3.8847218	4.071798	3.9443858	3.9601355	3.5846395	3.7133195	4.4514565	4.0924416	3.288475	4.0931673	3.7052414	4.0339284
RHOA_9705	7.5777507	7.342338	6.468764	7.105614	6.691346	7.4910307	6.417811	6.869356	7.500366	6.75688	6.4960546	7.613316	7.6725125	6.8901343	7.922737	6.537634	6.8961043	6.989482	7.78586	7.738044	7.489878	6.7708406	7.092728	7.3273745	7.83883	7.5856795	7.6859884	7.7892175	6.3559537	7.8724656	7.1463447	6.26116	6.5994883	6.7429442	7.4601407	6.5988636	6.557163	7.309756	7.272773	7.010758	6.980322	7.501467	6.565533	7.482991	6.6918845	6.9038544	7.313049	7.3249545	6.3458357	7.124105	7.2628174
RHOC_9707	1.8143951	2.737684	1.2570211	1.8748931	2.472159	1.735917	2.7028143	2.5249715	2.8787735	0.5924607	1.2341714	1.5471903	1.4809296	2.5752249	2.1047523	1.9419785	2.8900583	1.7907331	1.9974787	1.9785899	1.9443585	1.7539579	2.0039802	3.1471999	1.5437274	1.851524	2.077968	2.1285868	1.4443876	2.3023815	2.4482956	2.1818647	0.7703406	1.2890483	1.6211139	1.5842559	1.6862907	3.3179228	2.4743395	2.1514747	3.3011763	2.6625395	2.7439313	2.2872965	2.5476058	2.6368403	1.8356827	0.7915216	1.8362379	1.2253668	2.2300112
RIOK3_9709	6.172101	5.7186327	4.8480144	5.102104	4.8976593	6.160074	5.0901866	5.5104537	5.5295978	5.151027	5.2971826	6.0099216	6.0331206	5.2419558	5.62053	4.5691614	4.9508114	5.4610167	5.955534	5.9886365	5.668223	5.174639	6.0583363	5.4961185	6.061007	6.158618	6.1415515	6.11731	5.111395	5.922344	5.494473	4.646986	5.389877	5.0961084	5.5867295	4.831867	5.00252	5.7937536	5.4795613	5.5865192	5.540748	5.3757043	5.0294857	5.9037127	5.0491486	5.204974	5.638614	5.5334306	4.5142236	5.8380003	5.2678723
RIPK1_9710	5.6642876	4.603475	2.713711	4.790639	3.628988	4.3384256	4.131929	3.688074	4.6443586	3.7211092	3.7194197	3.8537283	4.329629	2.7372885	5.030861	4.055957	3.334152	3.3539796	5.058514	5.266739	3.712247	4.571624	3.7704499	4.6192975	3.7834342	4.00006	5.025772	4.879149	3.4460533	4.9611974	5.290505	2.5734606	3.8487759	4.305072	4.0201387	3.3913584	3.8389206	4.142642	5.3702736	2.6239195	4.6822133	4.817136	3.9601355	3.9890227	3.6450963	3.4312084	4.5924344	4.7714825	4.0377917	4.8630033	4.678589
RNASET2_32523	7.043195	7.9612727	7.3543115	7.500426	7.756935	7.070869	7.509704	7.275782	7.896408	7.29836	7.173537	7.332763	7.26544	7.9475284	7.4482827	7.402336	7.29016	7.3354697	7.313166	8.081317	7.472628	7.4525743	7.0007477	7.7644353	6.9789267	7.219653	7.0494404	7.546823	7.2767925	7.3593774	7.408522	7.6727543	7.6640725	7.816922	7.3542914	7.232567	7.9147673	8.164058	7.492094	7.932465	8.2177925	7.3820496	7.7441163	7.0689025	7.6373935	8.283417	7.563835	7.4865484	8.050651	6.89187	7.7693486
RNF167_9717	6.6679606	7.1120715	6.5242853	6.465462	6.5112243	6.636349	6.170464	6.7863255	6.6004305	6.1305814	5.8864493	6.8702326	6.9953055	6.96568	7.111986	6.226901	5.9272966	6.834859	7.0256743	7.0187244	6.5699463	6.63966	6.122092	6.5280914	6.758439	7.0238786	6.57116	6.8050795	6.393366	6.926038	6.593848	6.19304	6.609949	6.441255	6.7767687	6.3208814	6.825187	6.969589	6.760461	6.9179664	6.906162	6.526195	6.347281	6.9227157	6.622615	6.53911	6.651975	6.8179755	6.137728	6.6538067	6.835447
RNH1_9718	2.736285	2.594546	2.8589911	3.3697603	3.1011837	3.1950624	3.2588525	3.1256318	3.535067	2.6036353	2.7783492	3.3178172	3.554308	2.8829715	3.531564	2.109709	3.6732368	2.9569383	3.4823647	2.9293032	2.7435865	2.3981004	3.7053368	3.2424362	2.6106799	3.0310833	2.282898	3.3441162	3.0559347	3.1481903	3.2357452	1.9373132	2.570392	3.1603029	3.1064248	2.8064463	2.6266706	3.7884288	3.3383183	3.9397032	4.071798	2.9874854	2.8742359	2.9009168	3.2451313	4.362736	3.2250526	3.0546732	1.5499562	3.629271	3.1696014
RNMT_9719	5.8008323	5.8024487	5.2416673	5.9469924	5.3902073	6.251187	5.393147	5.124485	6.1478705	4.952388	5.0249157	6.038333	6.0065694	5.4433146	6.0086255	5.03295	4.999828	5.2901497	5.64632	6.3554325	5.668223	5.248538	5.991632	5.8232393	6.141501	5.5837183	5.9291153	6.2419434	4.7683144	6.0419827	5.9865913	5.0679846	5.0336547	5.5158167	6.014976	4.905866	5.5498075	5.8589272	5.458356	5.533888	5.2362657	5.5663204	5.481939	5.790242	5.2690854	5.819134	5.6009226	5.8762965	5.022013	5.6393027	5.702215
RNPS1_9720	5.513456	5.2779818	4.354751	5.0155153	5.0374327	5.2590685	5.165958	4.94123	4.8348827	4.7494607	4.144076	5.073909	5.0549846	4.728286	5.1157255	4.449145	4.764815	5.3992887	5.5389676	5.6085877	4.6561337	4.834144	5.348582	5.148129	5.61137	5.204421	5.4652047	5.097908	4.7683144	5.1327214	4.741772	4.223962	5.002234	4.8654995	5.1538897	4.168924	4.968852	5.2544	4.791384	5.3225985	4.971199	4.7615075	4.2752476	5.532412	4.622188	5.279571	5.1311197	4.8828907	4.5142236	5.6000404	4.872856
RPA1_9721	5.533195	4.8752856	4.581067	4.923396	4.658778	5.482351	4.8355975	5.0487785	5.237227	4.544975	5.0643263	5.61653	5.880642	4.874836	5.695968	4.653045	4.6771235	4.8722835	5.501332	5.4718666	5.249167	4.734792	5.471159	5.2886386	5.961044	6.158618	5.5470214	5.9474792	4.599311	5.590739	4.8448305	4.2775726	4.22047	4.7922235	4.6565795	4.1282835	4.934379	5.519208	5.06828	5.7797184	5.352524	5.1342773	4.647439	5.1672235	4.4727483	5.15301	4.871027	5.364553	4.7391872	5.3149257	5.016884
RPA2_9722	3.0961545	2.8678937	2.1619017	2.1159258	2.6569214	2.6425977	1.153547	1.4768263	1.640813	1.59992	0.53686917	2.8891323	1.9947519	1.6441145	2.7953992	1.5335042	1.6496927	2.0267587	2.375796	2.9293032	2.1892972	1.7539579	2.8119028	1.1434783	3.1146789	3.340682	2.765496	1.5496027	1.6561947	2.482375	2.6889215	1.6426728	1.9345882	1.6624343	2.3652024	1.8065978	1.6862907	1.8332981	2.4743395	2.7523265	2.0577211	1.6473541	2.4416173	2.9009168	2.6898494	1.8519349	2.617958	2.6126575	1.1924393	2.1194797	2.2300112
RPA3_9723	4.6747956	6.1862597	6.2880993	6.052236	5.6734457	4.9947867	5.6256146	5.859658	6.0124	4.8289404	4.714023	5.1797247	4.4915595	6.540827	5.4994187	5.912052	5.7946897	5.4810195	4.950942	6.116449	5.541597	5.3358874	5.167044	5.8232393	4.830612	4.984295	4.9375095	5.532725	5.403109	5.159426	5.4624186	6.494134	6.1179075	6.417086	5.4334445	5.6571727	6.62358	6.5632806	6.129447	6.453587	7.08487	5.598426	6.6129694	4.67707	5.6632867	6.8640056	5.657097	5.7250276	5.7977653	4.95923	6.2373104
RPF2_9724	1.8143951	3.7655318	3.679778	3.5448534	3.4403665	2.8894746	2.951459	3.309873	3.849662	3.4125795	3.7194197	3.4076753	2.5302608	3.1364734	2.7953992	3.0189555	3.7893128	3.5933034	2.1990027	3.6740434	3.1430392	3.391122	2.5404441	3.3317733	2.2723026	1.851524	3.4996274	2.7617311	3.2641406	2.3023815	3.5724802	3.1345942	3.3467786	2.7601511	2.853671	3.1689827	2.7898166	3.719913	3.8749332	3.3477855	4.2740407	2.7791781	3.9601355	3.1313937	3.4981349	3.8779073	2.617958	2.9218345	3.1230586	2.506785	2.5660443
RPIA_9725	2.5931726	2.435626	2.552146	1.8748931	2.2602103	3.1002145	2.0220141	1.4768263	2.1797314	1.823375	2.956486	2.6150863	2.5302608	0.77274704	2.1047523	2.9320772	1.8765994	2.0267587	2.1990027	3.1839569	2.3986237	1.9438806	2.3827975	2.5451083	2.0677924	1.5639434	2.621851	2.1285868	1.4443876	1.8567106	2.7956865	1.2719984	2.8779507	2.4144073	2.853671	3.0865276	3.1911995	3.2220936	2.778033	3.6410902	2.992627	2.2424579	1.5358759	2.9009168	1.7753943	1.5643196	2.8921008	2.4290519	2.4591324	1.588432	2.838406
RPL19_9731	9.716115	10.555363	10.483839	10.305504	10.600023	9.933177	10.207918	10.344161	10.467709	10.152286	9.91955	9.859402	9.896888	10.592603	10.152217	10.487263	10.0952425	10.502946	9.790732	10.49839	9.881414	10.225664	9.674183	10.216963	9.751015	9.59593	9.656737	9.9985695	10.238623	9.768343	10.047087	10.607594	10.380033	10.61414	9.964231	10.319741	10.723943	10.759297	10.3951645	10.797025	11.253722	10.145087	10.74728	9.893752	10.325912	11.261833	10.230685	10.320362	10.636907	9.833332	10.657641
RPL35_32720	10.571725	12.372783	12.741368	12.386535	12.548563	10.681205	12.204572	12.461626	12.4869585	12.373314	12.227594	10.767159	10.526138	12.7213545	11.035216	12.902971	12.197171	12.466904	10.69152	12.128656	10.977589	12.396748	10.8337555	12.012199	10.52614	10.503977	10.687194	10.932499	12.280163	10.675691	11.882146	13.085066	12.368671	12.866997	11.436317	12.558795	12.90716	12.641723	12.219883	12.707875	13.017387	11.618094	12.936791	10.849145	12.156881	13.120103	11.831217	11.9363985	12.985463	10.838879	12.784349
RPL6_9738	8.53534	8.292227	7.757908	8.028487	8.036461	8.5354	7.8758965	7.8814735	8.240891	8.226874	7.8624625	8.614353	8.5476055	7.963997	8.5897045	7.8172617	8.16447	8.032046	8.555832	8.377672	8.21904	7.9501147	8.467178	8.311939	8.769671	8.503717	8.569557	8.713284	7.744582	8.61824	7.9493284	8.029853	7.820878	7.906452	8.135847	7.935582	8.238152	8.011181	8.418416	8.19508	8.346747	8.031817	8.169155	8.486779	7.8263845	8.301431	8.305579	8.037063	8.203158	8.463251	8.234731
RPLP0_9739	2.2557068	2.594546	1.6252826	2.1159258	2.8206856	2.1687598	1.7862632	1.9899611	2.3886938	2.0168164	0.53686917	2.2764814	2.6721666	2.7372885	2.1047523	1.275699	2.399263	2.2295449	2.1990027	2.6198554	2.3986237	2.1116846	2.930607	2.008209	2.6106799	2.911122	2.282898	3.1225834	0.8958736	2.786402	1.5758953	2.1818647	0.7703406	1.9587818	2.5470278	0.9994701	2.4426951	2.6151845	2.778033	2.3267155	2.5996156	2.0700042	2.4416173	2.2872965	2.3897877	2.476957	2.4585013	1.6747757	1.5499562	2.3260906	2.5660443
RPN1_9740	7.27774	7.2498217	6.764558	6.935252	6.5112243	7.424076	6.655424	6.940904	7.166313	6.3796597	6.303634	7.6413703	7.4041266	6.6466346	7.752083	6.3408957	7.055293	6.73011	7.4279456	7.37882	7.605178	6.958691	7.3325996	7.237756	7.5104156	7.305432	7.503339	7.5542393	6.5340056	7.537898	7.052569	6.7526064	6.84063	7.139918	7.3234563	6.740417	7.8422437	7.1945505	7.492094	7.406826	6.890861	7.497216	7.031318	7.346294	6.8742948	7.46362	7.9027495	7.647713	6.706997	7.2307754	7.3524456
RPP38_9741	2.736285	2.594546	2.3701787	3.3697603	2.8206856	1.1146706	1.153547	2.1911569	2.1797314	2.4777672	1.4871172	2.455695	2.372859	2.3926249	2.1047523	3.0189555	2.072621	1.7907331	2.9230795	2.4360592	2.7435865	1.9438806	2.3827975	3.0452297	2.0677924	2.7802737	3.4996274	2.9534101	2.6239645	3.437199	3.07545	2.1818647	2.8779507	3.3762684	2.157111	2.1691005	1.9846656	1.5472676	2.2945795	3.2640922	3.3011763	2.7791781	2.8742359	3.4200125	1.4944088	2.6368403	2.617958	3.580566	1.8362379	2.9431233	2.4077895
RPS19_33100	9.795901	10.3394575	9.98135	10.092018	10.199782	9.644762	9.729683	9.958444	10.242366	10.299067	10.060821	9.943491	9.733462	10.291934	9.927104	10.238452	10.212298	10.19238	10.025928	10.2335005	9.746784	10.1408825	9.647349	10.241667	9.916471	9.819618	9.747141	10.053243	9.8282585	9.697224	9.948565	10.184994	9.9342165	10.233111	9.866012	10.1146345	10.405536	10.468316	10.250777	10.446402	10.691857	10.015096	10.278566	9.841813	9.895965	10.642252	10.103369	10.099806	10.331991	9.870929	10.381096
RPS27A_32458	7.199604	9.285561	9.165867	9.14609	9.096995	7.384373	8.951654	8.903701	9.174714	9.041926	8.985332	7.9147396	7.746582	9.431268	8.232432	9.272064	9.142986	9.134064	7.8471513	9.189994	8.508607	8.845191	8.061651	9.049833	7.316013	7.4736814	7.9227867	8.229893	8.779867	8.13043	8.437628	9.678695	9.017527	9.19576	8.562863	9.151227	9.4808855	9.330468	9.225533	9.365723	9.7995205	8.825409	9.638348	7.9809647	8.9940605	9.869321	8.778351	8.810703	9.451729	7.8274837	9.424126
RPS27L_33046	2.5931726	2.053109	2.1619017	2.8078547	1.7112163	2.8894746	2.5603254	1.9899611	2.3886938	2.1873605	2.5750768	3.2219887	1.1336887	3.2482674	3.2605107	1.7521499	2.399263	2.2295449	2.675235	2.2253819	1.9443585	2.2619886	2.0039802	1.1434783	2.2723026	1.2043949	0.71758246	1.769436	1.8408495	1.5686922	2.3110406	3.013425	2.1789894	1.9587818	2.3652024	1.5842559	2.2317815	1.8332981	2.2945795	2.4829574	2.0577211	2.2424579	2.8742359	2.4668374	2.0104735	2.911615	2.279205	2.9218345	2.4591324	0.7390483	2.4077895
RPS5_9747	9.04015	9.685008	9.239043	9.572335	9.342507	8.805324	9.135657	9.169514	9.648298	9.154196	8.803684	9.392197	9.252753	9.588235	9.370487	9.4447975	9.080273	9.368222	9.209018	9.678345	9.269183	9.369804	8.757505	9.723793	9.038475	9.105403	8.989144	9.622654	9.099159	9.2982435	9.227192	9.658628	9.384927	9.678705	9.241155	9.160073	9.564977	9.511114	9.557611	9.590668	10.033486	9.412136	9.591751	9.250504	9.029615	9.912935	9.385959	9.259184	9.710441	8.994822	9.603691
RPS6_32332	11.2594	11.521264	11.115546	11.311385	11.24044	11.064311	10.971631	11.088713	11.767856	11.337803	11.032467	11.471927	11.431792	11.403148	11.596917	11.215323	11.129761	11.178809	11.374608	11.6282625	11.339773	11.386697	10.97512	11.718636	11.381872	11.271578	11.27843	11.658098	10.810624	11.380499	11.192482	11.418659	11.088788	11.332007	11.138455	11.129833	11.310722	11.3341675	11.589473	11.381872	11.727129	11.38604	11.40806	11.385479	10.843346	11.708011	11.462606	11.316908	11.282392	11.05754	11.553524
RRAGA_9750	5.7678885	5.9713106	5.3925066	5.5754795	5.441446	5.7711186	5.3065157	5.3088636	6.089226	5.6218333	5.1943564	6.024197	5.9658027	5.6609626	5.802208	5.1337223	5.2633796	5.5583673	5.7937107	6.3424187	5.5193686	5.1166196	5.671957	5.6254225	5.7547436	5.867745	6.060291	5.8663917	5.34319	5.629458	5.290505	5.156497	4.9036446	5.5825324	5.999454	4.9531703	5.4557147	5.5784564	5.3702736	5.6701846	5.7417493	5.598426	5.580685	5.4494114	5.0753083	5.584275	5.9696035	5.2021847	5.3292794	5.3149257	5.752474
RRM1_32657	4.9637265	4.994124	4.1996894	4.985458	4.6148157	4.913435	4.564081	4.1411605	5.237227	3.8281465	4.3494563	4.80295	4.861135	5.1585584	5.456678	4.2116084	4.044227	4.493403	4.978596	5.8110905	4.950048	5.0561686	4.781215	4.786641	4.954615	4.9542584	4.9068465	5.176898	3.752821	4.6952806	4.741772	4.3292627	3.9835975	5.1557508	5.456365	3.8569942	4.787609	5.1798387	5.276462	5.3017626	5.418032	4.9965014	4.4102645	4.5632515	4.586254	4.7601357	4.963034	5.14373	3.920224	4.3507204	5.1478295
RRM2B_33011	5.3671594	5.8024487	5.5927734	5.71023	5.981077	5.555678	5.5709143	5.3303385	5.5073733	5.288588	5.3136296	5.414596	5.8511004	5.556239	5.2469354	5.5087366	5.4156413	5.937055	5.402709	6.2053857	5.473857	5.3527403	5.5287514	5.53426	5.2247305	5.3953643	5.262155	5.9587	5.787286	5.3100376	5.494473	5.2666516	6.1031737	5.7659516	5.8166847	5.474697	5.7612524	6.1337013	5.6198635	6.1729584	6.454076	5.6298327	5.5022364	5.243111	5.537208	5.915852	5.257627	6.092603	5.4823065	5.265593	5.7850323
RRP12_9752	1.8143951	2.257008	2.552146	1.8748931	2.472159	2.1687598	1.153547	1.7560883	2.5711837	1.3353969	0.53686917	2.455695	1.1336887	2.3926249	1.5756721	1.275699	1.6496927	2.837896	1.9974787	2.2253819	1.6491554	2.1116846	2.6825488	1.773262	2.0677924	1.2043949	2.765496	2.8607516	2.9792736	2.0966876	1.9897953	1.2719984	1.9345882	1.6624343	2.5470278	1.3212922	2.6266706	2.0718946	1.2029109	2.1514747	2.5996156	0.61649555	2.6006784	2.7702174	1.1451283	2.6368403	1.1920056	1.6747757	1.8362379	2.1194797	0.6917391
RRS1_9755	4.601897	4.526692	4.494753	3.3697603	4.0807066	4.5684204	3.7274868	3.6199527	3.9844897	2.8265579	3.1882064	3.6478724	4.329629	3.62484	3.2605107	3.9271011	2.9904869	4.1873994	4.8041124	4.8912005	4.5283937	3.51607	4.9869895	4.164128	3.4874642	4.00006	5.187583	4.8064847	4.253646	4.6952806	4.5719104	3.7034492	5.1240087	3.4732254	4.2474017	3.753906	2.7898166	4.700118	3.9976015	4.511247	5.000007	4.9722033	4.0729947	3.8009534	3.7133195	5.179226	3.9794827	4.3221717	4.0377917	5.019991	4.370676
RSAD2_32612	2.2557068	2.594546	0.76129264	2.5029805	2.011671	1.4584783	1.7862632	2.914369	2.7331607	2.3398588	1.2341714	1.5471903	2.1961572	2.5752249	0.7313985	1.7521499	2.399263	1.7907331	0.0	2.6198554	2.3986237	1.5351875	1.488839	2.38735	1.1871207	1.851524	1.1946218	0.567391	1.4443876	1.8567106	1.7976378	1.2719984	2.1789894	2.9062183	2.5470278	0.9994701	2.6266706	3.719913	3.0287817	2.4829574	3.4754093	2.3964808	2.2628205	0.7197537	2.8193185	2.476957	2.074421	1.2997124	2.4591324	2.1194797	1.7911546
RSU1_9756	4.169169	4.403265	3.679778	4.6823845	4.5694714	4.0135446	4.3205805	4.7631946	4.603037	4.693933	3.9888737	3.4922628	4.329629	3.854183	4.5914803	4.318231	4.874015	4.1873994	4.289591	4.6590047	4.1772795	4.628089	3.2374017	4.06339	3.8488257	4.1664968	3.5795677	3.7578633	4.436806	3.8840604	4.6593394	4.3292627	4.0465603	4.935233	3.7502577	3.9990063	4.534984	4.7352557	4.2651753	4.4744816	4.849843	4.445774	4.683437	4.439678	4.820807	4.8279877	4.8390064	4.2126923	4.1979237	4.201315	4.1384206
RT1-A2_33098	6.107735	0.70487076	5.6337395	6.279799	5.441446	6.8335123	5.1903563	5.529146	5.9144597	6.55352	4.4421306	7.579881	7.7059026	5.599045	7.583546	5.1909714	5.822204	5.800458	7.571059	7.3724327	6.1742597	5.7715125	6.8279877	6.908084	6.004736	6.664472	5.7333097	7.2643833	4.253646	6.7261825	6.7612896	5.4645452	6.1612277	5.5383997	6.1616507	5.441908	5.24684	6.3071914	6.819862	5.0249915	5.211846	5.675697	5.708474	7.0964427	5.856685	6.035482	7.358933	6.4226418	5.233948	6.764487	0.6917391
RT1-A2_9758	4.117802	1.5310675	4.0259314	4.4379616	4.8223433	5.191657	3.9722536	3.815366	3.0110276	4.343196	3.1882064	5.4361095	5.572084	4.052019	5.390095	3.735168	4.70695	4.7784185	5.182596	5.059695	4.338317	4.0988927	4.5779715	4.754689	3.9713368	4.892242	4.4343996	4.7299657	3.3273613	4.4577565	5.0091667	4.0500264	4.5157533	4.4067645	4.5751534	3.5839908	3.8389206	5.04631	4.572019	4.231731	4.226075	4.2972007	3.5563867	5.0023084	4.549402	4.000593	5.502146	4.732349	4.247581	4.4860954	0.0
RT1-CE10_32808	6.979874	6.6873374	5.989838	6.3285027	6.3462653	7.1018004	6.517599	6.234704	6.841574	6.729525	5.69885	7.5847054	7.5583277	6.0637693	7.6275616	5.912052	6.9469824	6.7217283	7.152491	7.359572	6.8888345	6.4412227	7.3750877	6.7305627	7.070864	7.244686	6.9921694	6.883712	5.8639126	7.0017767	6.806678	5.698733	6.588951	5.8222513	7.3542914	5.8937755	6.2418814	6.846444	6.8848825	6.4345717	6.102117	6.812853	5.580685	7.2079563	6.5775695	6.248552	6.9126167	7.704425	6.111148	6.6916513	5.816872
RT1-CE11_32928	7.845854	9.175122	3.4235945	5.358121	7.4604664	5.2590685	7.9019833	4.406767	7.644801	5.448127	7.235272	6.440795	5.909591	5.0078626	7.2372217	4.174241	4.339067	3.7985182	5.5389676	5.6723776	8.201695	4.4825535	5.167044	5.2200937	8.261326	9.492614	7.9531164	5.2334256	7.6611533	8.625442	8.20317	3.4468794	3.917761	3.8066347	8.245183	3.642881	8.000577	4.338161	4.857672	8.231341	7.992628	9.018716	4.22728	7.239178	4.1174774	7.596009	5.3285275	6.4226418	7.179546	4.397271	8.870238
RT1-CE5_32445	2.2557068	0.0	1.9183995	3.2735412	3.223322	1.735917	3.0613632	2.3676975	3.7772083	2.9263053	1.4871172	3.4922628	3.554308	1.9388802	3.2605107	1.9419785	2.399263	2.2295449	3.4029472	4.039196	2.581391	2.636965	1.488839	3.0452297	0.7123662	3.340682	2.077968	2.4159133	1.1960433	1.8567106	3.6878698	2.8811386	2.570392	2.7601511	2.5470278	1.9992051	0.79861236	3.6479805	3.0287817	1.9519659	1.8199238	3.0813484	2.4416173	1.5561608	3.4981349	2.476957	3.011828	5.99678	3.1230586	1.588432	0.0
RT1-DA_9760	1.8143951	4.1707234	1.6252826	1.2227256	2.472159	0.6624132	3.3483052	1.7560883	4.6443586	2.4777672	2.6802902	0.0	1.1336887	2.1835182	3.68756	1.7521499	1.0488179	0.6915133	0.0	1.6806879	2.581391	1.9438806	0.68006337	1.773262	2.451389	2.4764907	2.621851	0.567391	2.5195544	2.482375	3.5111294	1.2719984	0.7703406	2.4144073	1.9138626	0.0	3.6815434	2.2765746	0.7233562	3.8275614	4.492514	3.2525284	1.8208362	0.7197537	1.7753943	4.113659	0.7157622	3.4896183	4.1464963	0.0	3.8614638
RT1-DB1_9761	4.873696	5.515066	3.679778	5.183789	5.1340365	4.82722	3.7926803	4.1889644	6.6820664	5.087805	3.5070176	5.7599134	5.3151016	4.942882	6.5253515	4.8074613	4.3004603	4.326557	5.9415503	6.21969	5.0464687	5.248538	5.2378244	5.456941	5.666818	5.5030246	5.506693	5.728978	2.9792736	4.867128	6.7612896	4.3292627	4.1647973	4.4067645	5.607356	4.0433984	5.1298456	4.8678265	5.8159995	5.3431377	4.971199	6.395249	4.366648	5.114319	4.789545	5.733268	6.0132995	6.182456	5.3746824	4.5697665	5.6501427
RT1-DMA_32874	2.0518599	1.8155732	2.1619017	1.2227256	2.011671	1.735917	1.7862632	2.6667733	2.8787735	1.823375	2.4615827	1.1900772	1.9947519	2.3926249	2.3107724	1.275699	1.0488179	1.5083932	2.375796	3.400333	1.2775879	2.9343114	1.488839	2.6873035	3.0042105	2.091197	1.1946218	2.4159133	1.6561947	1.5686922	2.3110406	2.1818647	1.2698381	1.9587818	2.853671	0.9994701	1.6862907	2.0718946	2.778033	2.1514747	0.0	2.0700042	1.8208362	2.2872965	1.4944088	1.5643196	2.8921008	1.6747757	2.762189	1.588432	2.9574547
RT1-DMB_32359	3.1985953	3.9532623	1.2570211	3.1704433	2.011671	2.3445714	2.0220141	3.2206914	4.560497	2.6036353	1.70226	2.8891323	3.8213115	2.1835182	4.379027	1.275699	2.399263	2.5655518	3.8843899	4.5272	2.581391	2.5224707	1.769281	4.164128	3.4029047	3.24468	3.1264923	3.7578633	2.7213259	3.6778624	3.987233	2.7354863	1.9345882	1.9587818	3.8915	2.3210802	1.9846656	2.0718946	3.4283133	2.9792266	1.1797101	3.9443858	2.2628205	2.7702174	2.6898494	3.031582	3.122376	3.7468808	3.0125036	1.588432	3.2650185
RT1-N2_32930	4.485139	4.6403866	3.8283436	5.3344693	4.7014403	4.766741	4.706218	4.091718	4.8701444	3.6054895	2.956486	3.4076753	4.452749	4.4294205	4.2844353	3.3887968	2.6654315	4.9604125	4.6055846	5.495572	2.7435865	4.571624	4.541129	4.688581	4.238611	4.6883883	3.2292056	4.9706697	2.5195544	1.8567106	5.1160517	3.9870539	4.3756533	3.9482906	5.208914	4.1282835	3.911607	5.4574223	4.921047	2.1514747	3.8365083	4.7328677	4.0176687	4.67707	4.349544	3.4312084	4.7033043	3.288475	4.0377917	3.174549	2.708643
RT1-S3_9763	6.257645	7.044828	6.5351377	6.7863026	6.6040945	7.389396	7.2789125	6.6732306	6.1478705	6.715651	6.6721964	7.1430326	7.6077437	6.907267	6.653883	6.010747	6.869976	7.077509	7.667664	7.188322	6.71392	6.075514	6.640425	6.509065	6.7669225	7.689606	6.590584	7.126914	6.2780876	6.643471	7.253253	6.076881	6.8757305	6.8001313	7.8759646	5.869323	6.8157487	7.5005345	6.484436	7.139632	7.137678	6.839962	5.9929557	7.026581	6.7579794	7.1490498	6.9875565	6.8997273	6.311225	6.4590983	7.044873
RUP2_9767	13.974367	15.867687	16.329685	16.272367	15.644177	14.135593	15.714568	15.8121395	16.03546	15.541984	15.338312	14.202245	14.336587	16.24447	14.558407	16.459965	15.486457	15.580074	14.038092	15.3944	15.042868	16.048164	14.400182	15.59104	13.8927145	14.155529	14.254947	14.59364	15.847726	14.361546	15.597864	16.550995	15.8353615	16.269392	15.285575	15.866026	16.284088	15.748667	15.691783	15.735265	16.19651	15.573503	16.07473	14.293204	15.737128	16.181364	15.551886	15.273173	16.370913	14.547487	15.990431
RUVBL1_9768	2.2557068	1.5310675	1.9183995	2.3223944	2.472159	3.5935724	2.0220141	2.3676975	2.3886938	2.3398588	2.7783492	3.8537283	2.8013556	2.5752249	2.6512198	2.3960178	1.6496927	2.7081409	3.0326717	3.1839569	2.7435865	2.1116846	3.8924718	2.6873035	3.1146789	2.7802737	3.5795677	3.2002692	1.6561947	3.0373778	2.3110406	1.6426728	1.9345882	2.7601511	1.9138626	1.8065978	1.3096737	2.6151845	3.1395056	2.8702326	2.0577211	3.2525284	2.2628205	2.4668374	1.7753943	3.4312084	2.7615314	2.6126575	2.6186037	2.6673462	2.2300112
RXRA_32828	8.472832	7.2498217	6.3872595	6.887291	7.1343703	8.364828	6.6109295	7.1725583	7.327214	6.8035364	6.586812	8.2115	8.626011	6.957479	8.30651	5.978593	6.8896165	6.7874565	8.19239	7.5639887	7.9000435	7.100139	8.215714	7.447167	8.720294	8.40724	8.2716255	8.299943	6.50011	8.352087	7.4823084	5.9001613	6.813733	6.6629877	7.9342723	6.425217	6.880557	7.868133	7.2666864	7.532868	7.297064	7.650549	6.205934	8.199899	6.492764	6.8146873	7.7561393	7.5498176	6.150837	8.301336	6.679661
S100A10_32340	4.601897	5.647887	4.6625075	5.0449595	4.7428775	4.0135446	4.8662076	4.665197	5.6152225	4.343196	4.5007634	4.5502152	4.4915595	5.419629	4.8445063	4.732318	4.9508114	4.2816463	4.375311	5.733466	4.1772795	4.9494233	4.6489487	5.4166703	4.545173	3.8118882	4.875518	4.879149	3.966478	4.4577565	4.5719104	5.8829684	4.0465603	4.67482	4.6956315	4.522548	4.666819	6.038449	5.06828	4.9993396	6.0616956	5.219322	5.308379	5.919218	4.9107227	5.76823	5.1044307	4.6507454	4.593174	3.9117455	5.5399957
S100A11_9770	4.0645385	4.565594	4.4495783	4.719379	4.204518	3.9054923	4.2756796	4.884291	4.6443586	4.636182	3.6691785	4.7351427	4.371847	5.0078626	4.379027	4.7063746	4.7928996	4.1873994	3.9968476	5.495572	4.1772795	4.7602787	4.0049734	4.9924426	4.6949406	3.9400225	4.4767704	5.2517867	3.966478	4.50016	4.478839	5.005808	4.8339643	4.67482	4.6565795	4.0864654	5.1298456	6.038449	4.8897076	5.050195	6.277081	5.1342773	5.188244	5.1672235	4.349544	5.584275	4.9330125	4.3221717	5.158074	4.034631	4.5328317
S100A4_9772	1.1754036	3.200062	1.6252826	2.8078547	2.472159	1.9685107	1.7862632	1.7560883	3.4443936	2.6036353	2.6802902	2.2764814	2.1961572	3.2482674	3.1575243	2.6348078	3.0843768	1.7907331	3.0326717	4.480447	1.9443585	2.9343114	3.410797	2.8167326	2.6106799	3.340682	2.621851	3.273985	1.8408495	2.0966876	1.9897953	1.6426728	2.570392	1.6624343	2.9855762	1.5842559	3.1911995	4.469166	3.1395056	3.2640922	2.5996156	3.7861276	3.2066107	3.8664052	3.047878	4.000593	2.4585013	3.580566	3.0125036	1.588432	2.9574547
S100A6_9773	5.7341747	6.577426	6.1953654	6.81222	6.03211	5.1449003	5.678316	6.128386	6.7687025	5.4648113	5.4537797	5.966227	6.45251	6.540827	6.240467	6.0729814	5.989293	5.196475	5.3186493	7.3724327	5.6478753	6.0550656	6.3941197	7.1847863	5.946181	6.145386	6.3496666	7.438785	5.798485	5.906667	6.62314	7.0118284	5.790167	5.6462984	5.5867295	5.780319	6.3240676	8.322635	7.0067425	6.664134	8.180526	7.074888	7.145409	6.6152267	6.013731	7.0099087	7.113357	6.6070147	6.176703	4.723822	6.5530477
S100A9_9775	3.294242	4.565594	3.4235945	3.4599617	2.8206856	2.7713106	2.5603254	2.1911569	2.8787735	3.927788	3.0379322	1.8332136	3.554308	3.2482674	3.1575243	1.5335042	3.9475968	2.5655518	2.1990027	2.2253819	2.581391	2.5224707	2.2057867	3.1471999	2.2723026	2.091197	1.5525111	2.7617311	2.1515164	3.602016	2.7956865	2.1818647	3.0101936	2.4144073	2.5470278	2.3210802	3.8389206	3.719913	2.778033	4.1869826	5.7417493	3.1694758	3.3920732	3.1313937	3.1498733	5.524181	2.4585013	3.0546732	4.1979237	3.0634718	3.9212723
S1PR3_32754	2.2557068	2.8678937	0.76129264	4.1969485	3.1011837	1.735917	2.0220141	1.9899611	3.243922	1.823375	1.4871172	2.2764814	2.6721666	3.854183	3.6116695	3.735168	2.2451668	1.1570135	2.8044732	3.7548423	3.2548962	2.3981004	2.6825488	4.5087037	3.0042105	3.340682	2.8961248	3.2002692	2.004529	2.786402	3.379998	2.7354863	3.534197	3.6495402	2.157111	2.3210802	3.303507	2.2765746	3.5930324	3.0805616	2.0577211	3.5438585	2.6006784	2.9009168	2.8193185	3.3411944	3.791503	3.3925493	3.1230586	1.8782536	3.067424
SACM1L_9776	7.097237	7.2135386	6.5672135	6.6777096	7.054342	7.5415416	6.5272083	6.68994	6.9932075	6.529929	6.8060904	7.4054556	7.28214	6.8640466	7.3870044	6.1899333	6.767552	7.0307784	7.051945	7.3335013	6.799422	6.8079762	7.0075154	7.260688	7.1312466	7.038267	6.813594	7.3045135	6.624884	6.7261825	6.767862	6.799175	6.691011	6.6318235	7.06471	6.4908047	6.475601	6.7806916	6.924081	6.911104	6.5052114	7.004749	6.313221	6.8994517	6.1796665	6.701669	6.605148	6.917282	6.5376883	7.5156074	6.6534495
SARS_9779	3.6237552	2.435626	2.1619017	2.8078547	1.3312725	4.0646806	1.5043167	1.1302094	3.243922	1.823375	1.2341714	3.7883198	3.1312993	1.6441145	2.6512198	2.6348078	1.8765994	0.6915133	3.1345234	2.7828603	3.0217755	1.7539579	3.4902585	3.415899	4.1375628	3.743284	3.1264923	3.9043298	1.6561947	4.1198797	2.7956865	1.9373132	1.2698381	2.597612	2.157111	1.5842559	1.6862907	2.6151845	2.9088483	2.7523265	1.1797101	3.1694758	1.5358759	3.6604056	1.1451283	2.297121	3.011828	2.9218345	1.5499562	3.0634718	2.4077895
SAT1_32312	7.9189487	7.2257347	6.2880993	7.372719	6.8033032	7.9064	6.6728444	6.323049	7.4833875	6.545699	6.2533665	7.4953027	7.3939195	7.4478054	7.5330114	6.4928055	6.610722	6.06183	7.8805165	7.8201303	7.5125623	6.964185	7.72227	7.5107207	7.793878	7.535846	7.4243546	7.96643	6.408063	6.941507	7.057942	6.388449	6.5994883	7.1763725	7.548122	6.0542383	6.7379313	7.136593	7.3668175	7.1219115	7.3371286	7.5225363	6.5941815	7.984654	6.981928	7.4742465	7.3304267	6.890869	6.444949	7.771154	7.0039673
SCAND1_9782	6.943457	5.8024487	5.073195	6.095092	5.337082	6.466124	5.4748697	5.5658197	6.0124	4.9042687	4.9637046	6.6759615	6.6541333	6.07897	6.4068675	5.36689	5.2431655	5.3781114	6.649157	6.2338533	6.202437	5.654057	6.741318	6.1400623	6.849118	6.7011065	6.5010405	6.947055	4.8131757	6.7261825	5.8321056	5.005808	4.9701138	5.001751	6.1334844	4.905866	5.5268536	6.0663114	6.0747595	6.0026646	5.8564644	6.2910557	5.4192753	6.802452	5.0225058	5.7154636	5.9092035	5.4634604	5.7119226	6.221069	5.5776534
SCARB1_9783	3.6237552	3.097608	2.1619017	3.1704433	2.472159	3.9054923	3.4325337	2.7958763	3.243922	2.6036353	2.7783492	3.1193392	3.759049	2.3926249	3.531564	2.2599542	2.399263	2.4073083	3.8246934	3.831355	3.1430392	2.9343114	3.2374017	3.415899	3.3130789	4.057699	3.4149964	3.474912	2.004529	3.251095	2.7956865	2.7354863	2.1789894	3.1603029	3.3214288	2.5840793	2.4426951	2.8892338	3.5130224	2.9792266	3.2054758	3.1694758	2.4416173	3.8009534	2.5476058	2.6368403	3.011828	2.4290519	1.8362379	3.4641607	2.9574547
SCCPDH_9785	8.583468	8.365707	7.437645	8.182147	8.121393	8.261776	7.909351	7.966221	8.300268	7.603463	7.5656204	8.694643	8.427647	8.187318	8.81368	7.8020306	7.5175605	7.9156156	8.499677	8.58248	8.619867	7.8994	8.122149	8.588335	8.431062	8.384894	8.702704	8.757322	7.5984616	8.403259	7.8660192	7.5198693	7.933437	8.03112	8.059312	7.7571683	8.184158	8.319743	8.410157	8.030703	8.271947	8.596183	7.6831937	8.436482	7.6417766	8.333883	8.437064	8.375462	7.937955	8.199941	8.303769
SCD1_9787	7.265991	7.1054864	7.984636	6.989263	7.4972534	8.014387	7.786701	8.604284	7.9468255	7.5652914	7.8735986	8.687934	9.84912	6.990008	7.9879737	8.030922	7.500631	8.60153	9.203169	7.66152	7.7265677	8.278062	8.580452	7.5391345	7.987786	8.95994	7.7862606	9.541025	7.1730533	7.9356265	7.6903467	6.938832	8.478401	8.299198	8.077906	6.0864186	9.0670185	10.354282	8.423896	10.173574	10.038703	8.6295805	7.2390914	8.286139	6.8742948	9.200197	9.336646	8.217934	7.425901	8.051396	8.180694
SCP2_9788	6.6409245	5.07724	5.4161816	5.426834	5.337082	6.5311985	5.393147	5.372352	6.1478705	5.545458	6.071905	6.503277	6.575025	5.7203317	6.395598	4.901926	6.0487347	5.649562	6.504469	5.8666854	6.0557013	5.155557	7.014252	5.711165	7.195501	6.926682	6.6097493	6.7608943	4.877955	6.3275027	5.8569765	4.68716	5.0336547	5.184672	6.1334844	4.905866	5.0354204	5.3928714	5.799231	5.363388	5.540748	5.614215	5.285139	6.3321495	5.3781834	5.395919	5.746118	5.684595	5.233948	6.6345053	5.5776534
SCRN1_9789	2.2557068	3.8308609	1.2570211	2.3223944	2.2602103	1.4584783	2.2245977	3.393861	3.3476372	2.8265579	2.6802902	2.6150863	1.7605959	1.9388802	3.531564	2.2599542	2.5384767	0.0	1.9974787	4.102316	2.581391	2.7430372	2.8119028	2.38735	1.8294263	2.4764907	2.077968	2.9534101	2.1515164	2.0966876	1.7976378	0.0	1.2698381	3.038847	1.2534345	1.9992051	3.303507	1.1901431	3.7408574	2.8702326	2.5996156	2.887088	3.2066107	2.9009168	2.5476058	2.0916321	2.279205	3.288475	2.762189	1.588432	2.838406
SCYL3_9790	5.8008323	5.3465996	4.7766476	5.1298494	5.281925	5.5376925	4.8355975	5.0226336	5.2902575	4.636182	4.61133	5.2298574	5.2933	4.6891985	5.695968	4.6799564	5.0931315	4.6429377	5.252226	5.3729453	5.4027786	5.193472	4.95933	5.3961053	5.2247305	5.3728333	5.3559427	5.4072967	4.8131757	5.3798304	5.272131	4.3292627	4.869225	5.5383997	5.181664	4.7269006	4.934379	5.2544	5.3473864	5.3431377	5.000007	5.5167813	4.972431	4.7825623	5.2462397	5.350499	4.9924436	5.439362	4.593174	5.2402797	5.1478295
SDC2_9793	7.063699	7.5457335	7.2329183	7.572964	7.4972534	7.2961917	7.356426	7.4817295	7.108429	7.4231267	7.4513493	6.9841523	7.154935	7.363417	7.5070643	6.922733	7.5175605	7.340953	7.2061133	7.718031	7.0212812	7.210576	7.310877	7.2944164	7.150825	7.206972	6.984848	6.94141	7.1986394	6.933793	7.057942	7.0888257	7.6889544	7.6245313	7.3963823	7.3027277	7.4913836	7.8361216	7.4226265	7.6934533	7.512325	7.236628	7.3663454	7.130145	7.229145	7.4092817	7.313049	7.3445506	7.452613	7.324088	7.4672437
SDHA_9796	8.530438	8.427729	7.5648913	8.324011	8.028105	8.67152	7.665757	7.818282	8.210261	7.9677324	7.132408	8.462759	8.449988	8.259141	8.541946	7.888212	7.295078	7.53043	8.766813	8.37128	8.353907	7.7953734	7.998505	8.551615	8.423033	8.674641	8.2806225	9.083717	7.499	8.738241	8.120852	7.9076595	8.057087	8.449751	7.8240395	7.347675	8.478424	9.083589	8.103701	8.922702	9.160599	8.109066	7.769459	8.499729	7.479844	8.704836	8.410074	7.825581	8.270765	8.05503	8.283972
SDHB_9797	10.361468	11.170097	11.123657	11.005973	11.002619	10.469839	10.792972	10.974012	11.022768	10.559582	10.513391	10.565358	10.730081	10.969676	10.897191	10.917208	10.468288	11.2868	10.56098	11.2390585	10.877922	10.952621	10.187695	10.954177	10.302974	10.490305	10.356578	10.841855	10.970786	10.538102	10.897777	11.025993	11.079879	11.189907	10.891755	10.898675	10.902856	11.356555	10.657788	11.484243	11.37518	10.913531	11.030145	10.253912	10.917069	11.488734	10.6535	11.111592	10.813702	10.311639	11.192735
SDPR_32765	4.601897	5.985725	5.673574	5.3344693	4.9692383	3.9054923	5.5332603	5.1728354	5.4848013	5.513738	4.3494563	5.205009	5.0806675	4.8395705	4.971378	3.513724	5.2833147	5.577073	5.084199	5.7728004	4.6561337	5.3527403	5.2378244	6.368354	4.658931	5.070825	3.9238462	5.287822	4.3481307	4.7664943	5.793977	5.596968	5.340479	5.4695616	5.235658	5.086434	4.580281	6.172674	5.799231	5.7337894	5.824609	5.5499954	5.375934	4.9121966	4.349544	6.4770637	5.939719	4.4722323	4.903098	3.4641607	6.2135863
SDS_9798	2.8664734	1.5310675	2.8589911	2.1159258	3.335922	1.735917	1.7862632	3.1256318	0.77073467	2.719398	1.8894439	0.71442115	4.1950135	1.9388802	1.5756721	0.0	2.8900583	3.6650012	4.1011696	2.2253819	1.6491554	1.2772086	4.109333	2.2101986	3.5673409	2.2966683	1.1946218	3.0404751	3.752821	1.2084577	1.3137702	2.3909085	2.8779507	2.204507	3.5936723	0.58460927	0.0	5.074023	0.7233562	2.3267155	3.1029732	2.7791781	2.7439313	1.5561608	2.93812	2.0916321	0.7157622	2.4290519	1.1924393	3.0634718	2.4077895
SEC11A_32884	6.9508142	7.6935534	7.5963197	7.451791	7.568127	6.9805565	7.58064	7.4817295	7.494729	7.3076386	7.351341	6.932107	7.067727	7.5711823	7.1392703	7.647	7.5091205	7.5447555	6.7568893	7.640409	6.914612	7.2380476	6.966422	7.3648973	6.6707454	6.934396	6.7631307	7.0916724	7.4032164	6.886623	7.3787766	7.6526055	7.1934614	7.8122964	7.579779	7.325376	8.12042	7.769886	7.5732408	8.163669	7.992628	7.4714437	7.5771604	6.843664	7.513717	7.8414764	7.712623	7.3445506	7.765455	7.031224	7.5874877
SEC11C_9799	6.754589	6.884839	6.888213	7.055861	6.73307	6.8037214	6.781223	6.354832	7.055802	6.5690355	6.474274	7.0273156	6.784876	7.0682597	6.831654	6.6302323	6.5461864	6.63512	7.182527	6.9772315	7.0053754	6.7391467	6.924124	7.3219333	6.5869884	6.926682	6.9248996	7.2733984	6.52729	6.926038	6.9172273	7.0737514	6.609949	7.3070626	7.0115366	6.5914083	7.9279685	6.5632806	7.1915736	7.0735636	7.3815947	7.091903	6.9959702	7.41899	6.8742948	7.263745	7.9409633	7.0663433	7.114123	6.790879	7.3027167
SEC24D_32308	7.8379397	7.273513	6.5566006	7.3074007	7.165179	7.958027	7.226789	6.8766727	7.522698	6.7364125	6.6002817	8.254518	8.274719	7.1279416	8.068243	6.7745495	6.7533293	7.1163936	8.046498	7.6135783	7.851935	7.205946	7.8817987	7.669092	8.255309	8.043508	7.85212	7.6438594	7.1249332	8.007206	7.3787766	6.247791	7.100082	7.132515	7.9219747	6.760501	7.0829554	6.9397745	7.779668	7.1039705	6.6845055	7.6467156	6.937547	7.9698396	6.903791	6.4122286	8.049882	7.370271	6.652739	7.4453483	7.1978
SEL1L_32748	6.107735	6.1093574	4.8127723	5.99304	5.4909263	6.20635	5.28402	5.491516	5.5073733	5.2115946	4.80989	6.461924	6.2858696	5.4895506	6.3612504	5.1721396	4.999828	5.5202117	6.456107	6.0379024	6.3228383	5.626604	6.264508	6.4303465	6.004736	6.145386	6.2795916	6.3395944	5.1468773	5.968379	5.6870804	4.7262454	5.1812468	5.8037276	6.485126	5.3027477	6.0132556	5.8747706	6.1950135	6.2069745	5.948017	6.0569525	5.3537655	6.23637	5.335529	5.50358	6.7238746	5.8762965	5.5629745	5.8877563	5.80104
SELL_32554	2.98588	2.594546	2.8589911	3.5448534	2.472159	2.7713106	1.153547	2.5249715	1.9352914	2.4777672	1.2341714	2.2764814	2.5302608	2.5752249	2.6512198	1.5335042	2.9904869	2.2295449	2.8044732	3.2961977	3.0217755	1.7539579	2.3827975	2.5451083	2.451389	2.2966683	1.1946218	2.9534101	2.1515164	3.251095	2.4482956	0.77186805	2.1789894	1.9587818	2.3652024	2.3210802	2.6266706	3.2220936	2.6341627	2.3267155	4.1250777	2.887088	1.8208362	3.5846395	2.6898494	3.142335	2.279205	2.6126575	2.6186037	2.506785	2.027206
SEMA6D_32964	5.1542273	5.155827	4.0862064	4.923396	4.3723383	4.913435	4.181454	4.235235	5.2099624	4.721964	3.9045265	4.835695	5.4394155	4.7663426	5.7322574	4.1358805	3.896741	4.2352924	5.058514	5.902593	4.388235	5.1166196	4.541129	5.1725183	4.924599	4.860204	4.7077756	4.70353	4.378299	5.020667	5.541258	4.474071	4.5157533	5.001751	5.208914	3.642881	4.787609	5.1279006	5.2018695	5.1928163	5.1360044	4.896752	4.0729947	4.9121966	4.3917923	4.7601357	5.37393	4.8828907	4.631086	4.397271	5.016884
SENP6_9804	4.777671	5.155827	4.7766476	5.0449595	4.8604927	5.3851185	5.1903563	4.94123	4.3765597	5.044063	5.0447555	4.9891205	4.9192286	5.3461456	5.030861	4.510401	4.999828	5.5007486	4.4163337	5.0275335	4.614798	4.7602787	5.2606664	5.148129	5.2731752	4.860204	4.9675345	4.621186	4.674177	4.6203685	5.196201	4.5631175	5.209036	4.501759	5.3379383	4.9297123	5.0354204	4.8991494	5.011177	5.5516458	5.6896486	4.7328677	4.786336	5.267545	4.691478	4.9548087	4.9023523	5.082807	5.0502715	5.3149257	4.960986
SEPT5_32632	1.8143951	2.257008	0.76129264	2.8078547	2.472159	2.3445714	0.689121	2.914369	2.5711837	0.5924607	1.8894439	1.5471903	2.1961572	2.5752249	3.1575243	1.5335042	1.8765994	1.7907331	2.375796	1.6806879	2.581391	2.2619886	1.488839	2.5451083	0.7123662	1.851524	2.077968	1.5496027	1.4443876	2.0966876	0.580436	2.7354863	2.3879235	1.2890483	2.157111	1.9992051	2.9363732	2.2765746	3.0287817	0.6542548	1.8199238	2.2424579	2.4416173	1.5561608	2.6898494	1.8519349	1.8356827	2.4290519	2.762189	1.2253668	2.2300112
SEPW1_32392	3.9517226	4.3146935	3.4235945	4.143508	3.4403665	3.661585	3.3483052	3.023864	3.7009227	3.7211092	2.5750768	3.1193392	4.602095	3.9890406	4.668412	2.9320772	3.4086447	3.1690745	4.150632	4.6590047	3.0217755	3.8838544	4.3413258	3.8379865	3.5673409	3.743284	2.8961248	3.5948293	2.8983095	4.2247515	4.1164427	3.7797458	3.7763257	3.2723231	3.8915	3.2469792	3.0694053	3.3179228	3.5930324	3.5018787	3.1029732	4.2575374	3.7038848	3.9290164	3.4186301	3.5959594	3.9195037	3.176305	3.65174	3.9744961	3.8614638
SERPINA1_9807	13.226648	14.014252	14.351257	14.29929	14.32961	13.523798	14.408073	14.357001	13.857252	14.496401	14.830524	13.359459	13.339817	14.095069	13.796916	14.244356	14.761009	14.442171	13.350666	14.085004	13.448709	14.305041	13.639343	13.654881	13.370896	13.279303	12.820453	12.552465	14.612333	13.242363	14.170595	14.341607	14.401913	14.193652	13.980649	14.466131	14.01507	13.774492	13.9815855	13.823351	13.382485	13.881621	14.531231	13.287267	14.476948	13.744365	13.778861	13.950181	14.439502	13.359036	14.101542
SERPINA3C_32925	7.8962636	12.64752	12.646192	8.453166	8.7020035	7.8271737	12.565035	12.418726	8.646286	12.5105915	7.946598	8.0288725	11.367063	8.36214	8.068243	8.439996	8.611484	12.5449915	11.549596	12.727108	8.027578	8.087339	13.054472	13.424165	7.4164863	11.503803	7.815445	8.139109	12.685672	7.245591	12.243769	12.689876	13.987446	8.894717	7.6756763	8.213263	12.764667	12.403462	12.459344	12.5990715	12.7263775	7.7926126	12.853456	11.2169285	12.726086	8.440687	8.466181	13.622501	8.736279	11.980451	12.428097
SERPINA3M_33119	8.864305	9.422987	9.561821	9.308163	9.649425	8.129935	9.566846	9.2350235	8.366587	9.46529	9.197381	9.123802	9.25839	8.301875	9.070876	9.174904	9.444623	9.869053	9.211933	9.424179	8.982782	9.232001	9.047501	9.36891	9.0765085	9.038983	7.911247	9.02221	9.547124	8.751466	9.163821	9.470022	9.668769	8.87267	9.142142	8.156291	9.102383	9.770224	9.206581	9.657795	9.864604	9.008298	9.715349	8.894288	9.6341505	9.489258	6.7839756	9.440086	9.312841	9.167583	9.551418
SERPINA3M_9809	9.972552	9.371774	8.941565	9.309679	9.313579	9.487349	9.1559305	8.997293	9.109816	9.188503	9.181787	10.07187	9.438024	8.872284	9.842483	8.950167	9.572654	9.242036	9.8216	9.612115	9.797311	9.244472	10.026279	9.594379	9.830053	9.662461	9.593159	9.801558	9.177381	9.6006565	9.177461	8.942487	9.2358675	8.735252	9.257559	8.349882	8.891702	8.938492	9.455628	9.257624	9.288709	9.326075	9.311706	9.633178	9.216048	8.964281	9.024202	9.429421	9.073968	9.845973	9.101108
SERPINA4_9811	9.502438	9.839815	9.993204	10.157508	10.408114	9.612906	10.194411	9.974729	9.801137	10.330132	9.932254	10.147177	10.022292	9.880537	10.0854025	9.9108715	10.362164	10.676696	10.080385	10.237899	9.9995365	10.160756	10.090639	10.323583	9.881742	9.801807	9.588336	9.810875	10.335027	9.663805	9.838922	9.9565115	10.0200615	10.1649	10.001719	9.849128	10.036513	10.227374	9.981181	10.170704	9.961162	10.143048	10.215425	9.8468895	9.9286175	9.789669	10.222952	10.419932	10.057917	9.890384	10.192972
SERPINA6_32325	8.061698	8.3406925	7.4201884	7.8228855	7.2751827	8.084201	7.460399	7.674565	8.088296	7.481684	7.306849	8.669888	8.632538	8.249097	8.685359	7.127221	7.9629188	7.53043	8.504441	8.751987	8.14475	7.8378882	7.7905693	8.485016	8.096108	8.793915	8.036922	8.628001	6.52729	8.762395	7.710956	7.3107753	7.742229	8.221083	7.641083	7.44189	8.417329	7.8157477	8.072639	8.264024	8.211647	7.579944	7.9539275	8.2711115	7.659177	8.467527	8.59159	7.4326363	7.659377	7.400347	8.465674
SERPINB9_32899	2.4342844	2.594546	2.9909706	3.0594068	1.3312725	1.735917	2.0220141	2.5249715	3.243922	2.4777672	2.6802902	1.5471903	2.372859	3.0152833	2.3107724	3.0189555	2.6654315	1.1570135	1.483266	3.0622413	2.581391	2.841842	0.0	3.0452297	1.1871207	0.7243909	2.077968	1.769436	2.284903	2.3023815	2.5736196	2.3909085	1.9345882	2.9062183	2.3652024	1.9992051	3.1911995	2.6151845	2.778033	3.1752434	3.8990247	3.1694758	1.8208362	1.5561608	2.0104735	1.2047167	2.8921008	2.2186248	2.6186037	1.588432	3.7990685
SERPINC1_32513	13.555745	13.831246	13.686949	13.463298	13.96377	13.425749	13.780695	13.88641	13.304111	13.378828	13.068069	13.677996	13.52842	13.468972	13.680655	13.601648	13.149868	14.136952	13.732469	13.768185	13.543056	13.800673	12.86099	13.474459	13.2910795	13.697376	13.463255	13.520045	13.844775	13.617842	13.704216	13.432644	13.904565	13.79054	13.696204	13.651057	13.735919	14.106813	13.551676	13.7508	13.812031	13.517484	13.560055	13.50761	13.684758	13.665567	13.672511	13.579477	13.557696	12.999377	13.737834
SERPIND1_9812	8.790364	9.564146	9.361468	9.507716	9.524304	9.1167965	9.577291	9.591355	9.318866	9.649884	9.438607	9.302802	9.255574	9.299587	9.482582	9.178447	9.779797	9.6201105	9.061656	9.679638	9.11095	9.3749695	9.235076	9.510766	8.883269	8.988008	9.084704	8.999301	9.245454	9.069208	9.367941	9.38861	9.416555	9.588252	9.159705	9.246869	9.715944	9.725054	9.747678	9.531494	9.634782	9.247265	9.720773	9.142356	9.494516	9.522915	9.679475	9.438568	9.623777	8.998601	9.718762
SERPINE2_32301	3.6955848	4.1193533	3.7559724	4.5241194	3.1011837	3.1950624	2.8324869	3.688074	3.9844897	3.7211092	3.0379322	2.455695	3.3996527	4.8395705	3.6116695	3.881458	4.2200017	2.5655518	3.5576375	4.5724864	3.6316473	2.636965	3.326703	4.5087037	3.0042105	3.8773775	3.65531	3.3441162	3.1287267	3.1481903	4.8448305	3.3501055	4.5157533	4.0142226	3.8915	3.320974	4.109979	4.338161	4.8249087	4.511247	3.3909214	3.5438585	3.5563867	3.7323904	3.573486	4.0582333	4.0370674	3.580566	3.7922184	2.9431233	4.370676
SERPINF1_32761	12.203408	12.411169	12.209482	11.528548	12.569047	11.868963	12.413463	12.368036	12.048629	12.248937	12.163539	12.689137	12.635232	12.055408	12.528834	12.248834	12.346465	12.664465	12.37515	12.428319	12.525772	12.388088	11.787646	12.224097	12.035853	12.514371	12.356816	12.148153	12.513192	12.342489	12.351609	12.023932	12.393671	12.291786	12.277783	12.2728815	12.373314	12.472441	12.413253	12.219215	11.980322	12.159009	12.194774	12.171818	12.197828	12.084083	12.576747	12.49234	12.158154	11.844009	12.217244
SERPINF2_9814	7.056896	5.230354	3.4235945	3.7009778	3.8724551	6.6531525	3.4325337	3.815366	5.0653296	3.7211092	3.6691785	7.0343857	7.067727	4.225969	6.5149736	3.513724	4.13479	3.4382432	7.200253	5.398319	6.3856263	4.3876204	7.0075154	5.552959	7.269009	7.2384686	6.3496666	7.0659623	3.5019276	7.0237446	5.8445945	3.1345942	3.4435291	4.195664	6.0455284	3.6994612	4.825725	4.700118	5.5004597	4.511247	3.7027097	5.156013	3.772339	6.9227157	3.4186301	3.8779073	6.4009748	5.1732535	4.3420444	6.448085	4.643507
SERPING1_32597	7.43815	7.163697	6.545909	5.404291	6.4624467	4.2962584	7.267491	5.8448124	5.9804864	3.1072266	6.081541	6.5631647	6.3293686	5.985267	3.3566325	6.4851966	6.398642	7.296495	6.542024	3.1839569	5.765866	5.91458	6.9097443	3.0452297	6.5869884	3.9400225	7.0353346	7.1901627	5.936674	3.0373778	5.754813	1.9373132	7.100082	5.5158167	7.7094593	5.2468953	5.945632	3.572272	6.8689	6.4345717	5.902967	6.5994124	5.481939	6.3777556	6.2035823	2.7807593	6.4335046	3.176305	5.878786	6.6538067	2.5660443
SERPINH1_9815	3.548161	4.6763773	3.2234385	4.6823845	3.1011837	2.6425977	3.1634846	3.4732275	4.516664	3.2679667	2.7783492	3.1193392	2.6721666	3.781712	3.446748	4.014271	3.546998	3.2644873	3.1345234	3.9731874	3.1430392	3.6310537	2.5404441	4.164128	3.6430259	3.340682	3.65531	3.474912	3.2641406	3.52196	3.447053	3.7034492	3.9835975	4.077273	3.1064248	3.320974	4.046838	3.7884288	4.572019	3.9926662	4.5714116	3.1694758	3.837692	3.0207527	3.2451313	4.4077783	4.0924416	3.6661186	3.920224	3.4641607	4.370676
SERTAD1_33143	3.0961545	3.200062	1.6252826	3.0594068	2.967741	2.9986892	3.2588525	2.1911569	3.7009227	1.823375	2.0551069	2.0718052	2.5302608	3.352018	2.3107724	2.3960178	2.5384767	3.4382432	2.375796	3.4974551	1.6491554	2.841842	3.5655706	2.6873035	2.2723026	2.6363633	2.765496	2.4159133	2.406994	3.251095	2.9880874	3.1345942	3.0101936	1.9587818	2.5470278	1.8065978	1.6862907	2.8892338	3.7408574	3.2640922	2.992627	3.0813484	3.30232	3.3300724	2.5476058	3.7438102	3.4107835	3.0546732	2.8927681	2.8118143	1.7911546
SESN2_9817	2.98588	2.8678937	0.76129264	2.8078547	2.472159	3.788687	3.4325337	3.1256318	3.6203768	2.9263053	3.0379322	3.4922628	2.8013556	2.5752249	4.2347074	1.9419785	2.072621	3.4382432	3.5576375	3.7548423	3.1430392	2.5224707	3.2374017	3.1471999	4.8939457	3.595438	3.3250897	3.5948293	2.1515164	3.3471458	2.895092	1.9373132	3.3467786	1.6624343	3.3214288	2.5840793	2.7898166	3.3179228	3.242334	3.5731628	2.7428484	3.0813484	1.5358759	3.0207527	2.0104735	2.911615	3.122376	3.288475	1.5499562	3.5490766	2.027206
SEZ6_9819	5.2043357	4.565594	4.0862064	4.923396	4.8976593	5.51948	4.8961816	3.6199527	3.7772083	4.108535	4.2504177	4.66399	4.0465326	4.279584	4.5914803	3.6829114	3.334152	4.1378617	5.158619	4.039196	4.7354136	3.7375457	4.781215	3.7756684	4.984019	3.9400225	4.671753	4.0790167	3.5557184	4.414069	2.5736196	4.1103654	3.917761	3.7302246	4.3488812	4.0433984	4.534984	4.338161	4.9817553	4.7140985	4.7516193	4.086987	3.4765677	4.523225	3.840789	4.268201	3.7229755	4.564248	3.411482	5.3626266	4.0339284
SGK3_33138	4.485139	4.1193533	3.326985	4.0302944	4.3723383	4.0135446	3.9722536	4.1889644	3.7009227	3.8281465	3.3878083	3.2219887	4.1471977	3.9890406	3.68756	3.513724	3.9475968	3.5933034	4.198454	4.3821325	3.7885811	3.9295027	4.158812	4.3031607	3.7834342	4.00006	3.7272735	3.8083558	3.5557184	3.7499197	4.2350254	3.8522093	3.2430704	3.4732254	3.2179284	3.8063707	3.7623768	4.2437115	4.2651753	4.1408014	4.4513865	3.4763536	3.3920732	3.0207527	3.3344872	3.142335	4.3413115	3.7468808	3.7922184	3.846141	4.1879597
SH3BP5_9823	5.628032	4.711492	3.5993342	4.644416	4.9338927	4.913435	4.2293363	4.5600543	5.0954394	4.378847	3.448644	4.700005	4.800604	4.3811836	5.059707	4.2116084	4.483924	3.7985182	5.2968464	5.0911546	4.8105626	4.354535	5.3052936	4.936576	4.8939457	4.4072366	4.7429204	5.0143414	3.798159	5.020667	4.5719104	3.7034492	4.6836143	3.7302246	4.8764534	3.1689827	4.389879	4.8030634	4.7570624	4.358206	4.1250777	4.9965014	4.4526014	4.816079	4.214827	4.614036	4.9924436	5.0191975	3.321599	5.265593	5.016884
SHB_9824	2.8664734	2.435626	1.2570211	2.663456	2.011671	3.522194	2.5603254	2.6667733	1.640813	1.823375	2.3383918	3.4076753	3.1312993	2.8829715	3.3566325	1.275699	1.8765994	3.3539796	2.8044732	3.5884495	2.3986237	2.1116846	3.326703	2.008209	3.3130789	3.6712542	3.2292056	1.9601587	1.4443876	2.786402	2.6889215	1.9373132	2.8779507	1.6624343	2.853671	1.5842559	1.3096737	2.6151845	3.1395056	1.7203709	3.1029732	2.2424579	2.0586884	3.8009534	2.3897877	2.297121	2.074421	2.2186248	1.5499562	3.629271	2.027206
SHC1_9825	6.812275	6.351201	5.3190575	6.0080686	5.9100986	6.9671803	5.660962	5.6705575	6.7593293	5.6366353	5.2805457	6.3416853	7.002042	6.166956	6.653883	5.43166	5.3790555	5.800458	6.5327263	6.699575	6.5035553	5.856683	6.9097443	6.509065	7.014984	6.6173315	6.480364	6.8895864	5.403109	6.9491796	6.4128017	5.5757246	5.506442	6.105435	6.485126	5.583925	5.945632	6.341801	6.6618752	6.149827	6.0201087	6.5834603	5.481939	6.733962	5.3137193	6.0064917	6.89715	6.3598337	5.158074	6.5129385	5.9944305
SIRT3_9828	3.3839397	4.268282	3.4235945	4.0302944	4.2626543	4.2962584	4.3205805	4.1411605	4.326662	3.2679667	4.1804013	3.4922628	3.9383125	4.476096	3.2605107	4.174241	4.044227	4.2352924	3.6291769	4.3303432	3.8610783	4.1766696	3.7704499	4.164128	4.0842543	3.8118882	3.4996274	4.1590195	3.5019276	3.0373778	3.987233	4.3791647	3.917761	4.4067645	3.6740885	4.3565435	4.534984	4.7352557	4.16402	4.7140985	4.071798	3.4763536	4.2752476	3.9290164	3.7784617	4.6519713	2.617958	4.4722323	4.2955856	3.9117455	4.0871205
SKIV2L_9830	3.4683857	2.987318	2.552146	2.5029805	2.2602103	3.5935724	2.2245977	2.5249715	1.9352914	2.3398588	1.8894439	3.3178172	3.315628	1.9388802	3.1575243	1.7521499	2.6654315	2.4073083	3.318902	3.400333	3.1430392	2.2619886	3.0402825	1.4924659	2.7541187	3.5154157	2.765496	3.273985	2.004529	2.3023815	2.9880874	1.6426728	2.3879235	1.2890483	2.9855762	2.1691005	2.4426951	2.8892338	2.6341627	2.3267155	1.1797101	2.2424579	1.1804214	3.4200125	2.0104735	2.911615	3.2250526	3.0546732	1.5499562	2.8118143	2.2300112
SKP1_9831	9.019306	8.781717	8.031375	8.388598	8.382909	9.0627985	8.236683	8.470452	8.646286	8.406016	8.302286	8.940258	8.844138	8.661266	9.083221	8.22157	8.245458	8.231191	9.087285	8.914688	8.678719	8.424738	8.9939785	8.652598	9.066235	8.878315	8.74232	9.277632	8.02282	8.644471	8.299304	8.356915	8.2500105	8.231515	8.691592	7.923757	8.238152	8.957214	8.685774	8.999111	9.185894	8.77538	7.9831047	8.502305	7.919578	8.931883	8.340306	8.775043	8.523478	8.948682	8.524706
SLC10A1_9832	7.9264317	9.053814	9.39462	8.859599	9.243131	8.463392	9.414666	9.316641	8.620634	9.514201	9.4082985	7.713619	7.7743897	9.33167	8.350948	9.159451	9.662921	9.645811	7.7177525	8.860947	7.946599	8.912094	8.447403	8.73883	7.432572	7.6195664	7.8399982	8.313117	9.481761	7.8724656	8.597438	9.27128	9.152453	9.4083805	8.383151	9.116585	9.423009	9.524985	8.820676	9.326289	9.468237	8.166412	9.701152	7.787552	9.512579	9.515217	8.51766	8.74832	9.284872	8.087331	9.179737
SLC10A2_9833	4.117802	2.737684	2.8589911	2.3223944	2.472159	4.1618156	2.8324869	2.6667733	3.0110276	2.0168164	2.6802902	3.1193392	3.2264056	2.8829715	3.3566325	3.3220272	2.2451668	2.9569383	4.150632	3.0622413	3.4555352	2.7430372	3.6371455	3.0452297	3.7149374	4.1131234	3.8612514	3.9043298	2.8125298	3.602016	2.7956865	2.8811386	3.4435291	1.9587818	2.157111	2.905972	3.303507	3.916409	2.9088483	3.5018787	3.7711594	3.5438585	2.2628205	5.218256	2.2125611	2.6368403	3.122376	3.0546732	2.4591324	4.2528553	3.5938473
SLC13A4_9836	7.1683874	6.9450893	6.4227552	6.9114704	7.187861	7.735474	7.490184	6.762826	7.0091124	6.561299	6.8060904	6.720476	7.594434	6.7065845	7.617896	6.4775476	6.0133643	7.077509	7.182527	7.1213326	6.7525477	6.850127	6.4448667	6.841196	7.751761	7.4415646	7.006702	6.3818865	6.813337	7.50704	7.474294	6.4005814	7.031701	7.2670565	6.5820994	6.692437	7.4614325	6.295468	6.6803083	6.7435355	5.948017	6.4752336	6.3246636	6.9456105	7.378436	6.091771	7.159463	6.8272915	6.466079	6.52347	6.4753737
SLC16A7_9838	6.9654174	6.499205	5.941711	5.9625053	6.277434	6.8842106	6.1457243	6.2795525	6.217975	6.088136	5.961429	6.969473	7.1366863	6.1088986	6.7186236	5.768989	6.105824	6.0881515	7.257814	6.4063444	6.559091	6.0550656	7.2263727	6.654682	7.124661	6.727984	7.1112647	7.0763016	5.9667683	6.8542967	6.2439446	5.830125	6.3477836	5.8940554	6.189277	6.065045	6.1244674	6.3866925	6.5560555	5.7947087	5.933156	6.3008447	5.9492693	6.7427034	6.295468	5.76823	6.7923603	6.4226418	5.7977653	7.008913	6.424614
SLC17A3_9840	7.4170566	7.8395786	6.545909	6.9968166	7.142134	7.2472296	7.5241733	7.0613756	7.500366	6.8487315	6.45216	7.6227283	7.142795	7.2267895	7.85852	6.988794	6.8230815	7.340953	7.340066	7.6457157	7.4374967	7.2013016	6.5413003	7.669092	6.9494176	7.244686	7.563554	6.6336584	6.7570457	7.3302927	7.412722	7.154776	6.822755	7.040585	7.101526	7.032371	7.412179	7.4218397	7.821789	6.680368	6.6023464	7.7323995	7.4678802	7.0827384	7.275012	6.5985975	7.86747	7.80215	7.045592	7.557202	7.3027167
SLC1A2_33059	5.7341747	5.9420424	4.9809566	5.6540136	6.1599803	5.889298	5.55221	6.103657	5.341408	5.0216846	4.5292096	5.046196	6.059192	5.758596	5.561245	5.5087366	5.468837	5.81629	6.3436356	6.116449	4.8105626	5.856683	5.167044	4.936576	5.3876147	5.4821253	5.309811	4.563557	5.2646127	5.1856456	5.4129605	6.19304	6.6811237	5.876436	5.456365	5.7671437	6.0132556	6.247597	5.3702736	5.7492623	4.4090514	5.614215	5.9492693	4.8808637	6.423176	5.4181037	6.333629	6.12318	5.657853	5.6000404	6.0220094
SLC20A1_9844	4.5251174	4.0660863	3.5141387	4.1969485	3.7957757	4.4580016	3.587535	3.1256318	5.0653296	3.3420844	2.2036915	3.9762692	4.637135	4.331278	3.8938673	2.9320772	3.4086447	3.5178556	4.8041124	5.059695	4.5722427	3.7375457	3.8924718	4.4299645	4.505169	4.1664968	5.187583	4.4725537	3.198022	4.3225136	4.379347	3.013425	4.0465603	4.195664	4.3488812	2.5840793	3.7623768	3.7884288	4.313212	4.0930934	3.8365083	4.9223433	4.126278	4.602197	2.6898494	4.0582333	4.7384453	4.423926	2.762189	4.723822	4.1384206
SLC22A1_33065	7.063699	6.3950596	5.0123625	5.850239	5.715683	6.6278734	5.6433964	5.859658	5.8093834	5.3437514	5.540179	6.9015017	6.4720488	6.0637693	6.745505	5.383357	5.302978	5.751892	7.355968	6.5827026	6.309946	5.8684497	6.640425	6.3893156	6.941945	6.957292	6.459387	7.1018295	5.2319427	6.6715717	6.0846095	5.7937894	5.655268	5.8586	6.030333	5.3208947	5.638138	6.2230525	6.245403	6.3957725	5.396525	6.310568	5.7429986	6.867838	6.013731	5.524181	6.4009748	6.4470186	5.878786	6.4258027	5.908381
SLC22A7_9847	4.358093	3.8308609	3.326985	3.4599617	4.204518	4.2962584	3.587535	3.393861	3.3476372	3.3420844	3.0379322	3.9762692	3.759049	3.854183	4.016648	3.252017	3.6732368	2.837896	4.198454	4.039196	3.9301062	3.685282	3.6371455	3.6423242	3.4874642	4.724427	3.4149964	4.5035305	3.1287267	4.6952806	3.1578226	3.2463703	3.7000437	3.3762684	3.9572527	3.320974	3.9808064	4.769558	3.8749332	4.582081	5.5794387	3.331059	3.30232	4.155379	2.8193185	4.3162427	3.9195037	3.176305	3.2257414	3.7052414	3.733852
SLC22A8_9848	6.040364	4.010777	3.111882	4.605421	4.7428775	5.51948	4.406396	4.1411605	4.3765597	4.413638	3.448644	5.1539893	5.625408	4.5213094	5.62053	3.834324	4.5179744	3.7985182	6.1010227	3.400333	5.4027786	3.7375457	6.37331	4.3031607	5.720214	6.005932	5.108945	5.423585	3.9262035	5.4464016	5.0311866	4.0500264	4.274074	4.195664	4.9749804	3.9059012	4.046838	4.769558	4.791384	5.0249915	5.1360044	4.612261	3.4765677	5.9037127	4.306021	4.9241333	4.3413115	5.1732535	3.2257414	5.4969387	4.2822084
SLC25A13_9850	8.542663	8.573228	8.173595	8.439373	8.645768	8.710173	8.527449	8.273893	8.270885	8.194729	7.977893	8.493866	8.8590555	8.542927	8.505716	8.099804	8.2830715	8.5574665	8.676829	8.972847	8.299508	8.212638	8.459794	8.61082	8.767559	8.722203	8.373255	8.474255	8.404456	8.13043	8.40427	7.778807	8.469812	8.341548	8.927224	8.356495	8.191476	8.633221	8.36244	8.324667	8.23304	8.541496	8.060427	8.611324	8.287232	8.209024	8.293816	8.537474	8.01525	8.213012	8.283972
SLC25A30_9856	6.7795944	5.73579	5.6337395	5.883216	3.7957757	5.191657	4.2756796	6.039913	8.203365	3.189834	4.144076	6.5825872	3.6939778	4.9092603	3.8938673	6.0001082	3.8440266	3.4382432	5.898767	7.656271	7.1570554	4.0988927	5.770742	5.2200937	4.830612	5.7149057	7.487884	7.2643833	4.54715	6.5557275	5.8445945	7.154776	5.771651	4.6334615	5.5011415	4.5839467	3.1911995	3.7884288	5.832576	7.0425024	6.8118243	6.2102537	6.021362	4.206825	5.3137193	7.3699894	6.069576	6.4226418	5.601678	5.4535427	6.088735
SLC25A4_9857	2.736285	3.6971037	3.2234385	3.3697603	2.8206856	2.5012665	3.0613632	2.7958763	3.3476372	3.0196002	2.2036915	2.6150863	3.554308	2.3926249	2.7953992	2.6348078	1.3803144	3.3539796	2.375796	3.6740434	3.0217755	3.180722	2.5404441	3.4953887	2.2723026	2.7802737	1.8390311	2.8607516	2.284903	3.0373778	2.895092	3.2463703	3.4435291	3.4732254	2.9855762	2.905972	3.4077	3.719913	2.4743395	2.9792266	3.8365083	3.331059	2.8742359	2.0821931	3.7133195	3.2451882	3.122376	3.6661186	3.2257414	1.2253668	2.027206
SLC25A46_9858	4.709909	4.779257	4.7395954	5.0449595	4.8976593	4.5684204	4.636899	5.3088636	5.366318	4.02099	4.80989	5.3927565	4.861135	4.803421	5.296251	4.6799564	4.6771235	5.3781114	4.7082605	5.347118	5.1368475	4.834144	5.066922	5.3325906	4.6219993	5.1257567	5.486098	5.3055077	4.8131757	5.3100376	4.9640923	4.68716	4.5595846	4.455044	5.478927	4.831867	5.0675874	5.278421	5.176123	5.6036453	4.9117966	5.2398224	4.3216715	5.218256	4.549402	4.614036	5.481552	5.051353	4.7734933	5.265593	5.501328
SLC26A1_9859	5.2287517	4.994124	5.1315656	5.073815	5.070358	5.3443136	5.1158886	5.5838127	5.0031567	4.7764435	5.8304014	5.278307	5.478582	5.395548	5.1157255	5.153059	5.3604093	5.3781114	4.950942	5.3208194	4.8819904	5.174639	5.509808	5.0462265	5.45216	5.439397	5.4224877	4.992671	5.24837	4.867128	5.2346654	4.5631175	5.413955	5.3469877	4.6565795	5.458396	5.819082	5.1279006	5.096006	5.838767	4.609299	4.817136	5.2375045	5.218256	5.2462397	5.279571	4.4299655	5.14373	5.3060308	5.18828	4.9322033
SLC26A2_33072	3.8293307	3.8308609	3.4235945	3.4599617	3.7147906	3.8482714	3.659207	3.309873	3.6203768	3.4797902	2.5750768	3.4076753	3.6258323	2.5752249	4.2347074	1.9419785	3.1725283	3.066902	3.1345234	3.831355	3.9959817	3.685282	3.0402825	3.7105362	3.0042105	3.743284	3.4149964	3.9500241	2.8125298	3.7499197	3.9414568	3.9212065	3.2430704	4.0142226	3.3214288	2.4585645	3.7623768	3.572272	4.572019	3.9397032	3.3909214	3.6700726	3.837692	3.9890227	3.047878	3.142335	3.9195037	3.176305	2.6186037	3.4641607	3.7990685
SLC27A1_33025	2.2557068	1.8155732	1.2570211	1.2227256	2.2602103	3.2840576	1.153547	1.9899611	1.640813	1.823375	2.5750768	3.0088224	2.372859	1.2732412	2.9264696	0.96157944	1.8765994	2.2295449	1.7631619	2.2253819	2.581391	2.2619886	1.488839	2.008209	3.0042105	2.7802737	3.2292056	2.5406258	2.004529	1.5686922	2.159341	0.0	2.3879235	1.2890483	1.6211139	0.58460927	0.0	3.0089254	2.0891902	1.9519659	2.992627	3.4055345	1.1804214	2.6264875	1.7753943	1.2047167	2.617958	0.7915216	1.1924393	0.0	2.5660443
SLC27A2_9860	10.454984	9.270923	8.498688	8.7982435	8.999928	10.390015	8.787435	8.4824915	9.322053	9.27619	9.088097	10.085548	9.553722	8.981471	10.145505	8.803391	9.167328	8.721984	10.061113	9.551208	9.924342	9.128158	10.449902	9.6442795	9.7120075	9.7535715	10.050438	11.190421	8.716335	9.965653	8.982172	8.396831	8.736471	8.639271	8.945565	8.466549	8.843748	9.703037	9.388549	10.041561	10.093196	9.235828	8.63212	9.926729	8.573097	9.722177	9.346644	9.150198	8.8711	10.394291	9.051786
SLC2A2_9863	5.102316	6.13545	6.3008738	5.7993145	6.8514557	5.0209155	5.856587	6.6648026	5.8802776	5.2312317	6.218854	5.4987903	6.0720534	5.294991	5.802208	6.2540183	6.323617	6.3820944	5.462688	5.564438	4.696318	5.6675897	5.3271003	5.571419	4.8939457	5.3728333	4.9375095	5.1959877	6.301892	4.8343573	5.905467	5.8829684	5.790167	6.3030148	5.9026413	5.474697	5.8000617	6.210622	5.799231	6.0026646	5.6718554	5.598426	6.4862328	5.114319	6.227108	6.0779037	5.693367	6.280667	6.042472	5.29047	6.5147333
SLC30A7_33012	6.4041924	7.347928	7.2329183	7.2952	7.364174	6.8261223	7.1355	7.4129424	7.4488187	6.636862	6.633415	6.9768314	7.0286756	7.156882	7.2497935	7.025977	6.8896165	7.4051723	6.985348	7.6297364	6.853731	7.2738805	7.111698	7.2944164	6.7837405	6.7456284	7.1379137	7.356341	6.85684	7.0453825	7.2200885	7.0038977	7.254741	7.1472826	7.5211997	6.8318396	7.790181	7.664456	7.5976906	7.606926	7.3371286	7.330415	7.183615	6.605675	7.187779	7.1818347	7.790031	7.2713585	7.1006746	6.5023303	7.227717
SLC35A1_9868	5.2287517	5.985725	5.6337395	5.634777	5.5150447	5.1449003	5.6076107	5.6705575	5.6960483	5.4813056	5.212011	5.6719823	5.535407	5.9690404	5.695968	5.2095604	5.486141	5.979857	5.2293878	5.7133894	5.275932	5.6675897	5.431446	5.853724	5.4730487	5.279017	5.586253	5.689113	5.798485	5.1856456	5.429636	5.417558	6.175383	5.6872954	5.8342905	5.553551	5.24684	6.1980834	6.129447	5.9093337	6.0616956	5.4827843	5.655087	5.3838687	5.574369	5.679182	5.9547386	5.980172	5.7810006	5.821026	5.66771
SLC35A3_9869	7.390249	7.2910295	6.6293015	7.0192423	7.046089	7.5946994	7.214946	7.048476	6.832664	6.489733	6.3680444	7.1364765	7.242869	6.96568	7.464553	6.4775476	6.816256	7.3518567	7.263446	7.6457157	7.0832076	6.8736715	7.232163	7.283261	7.0639963	7.0020227	7.1640797	7.1068816	6.593081	6.910401	6.9290032	6.448116	6.959917	6.9758744	7.454459	6.347681	6.8985515	7.315572	7.4710736	7.151326	7.01602	7.2004786	6.9670544	7.0689025	7.069126	7.1622534	6.9875565	7.5385184	6.850494	7.1171684	7.330555
SLC35B1_9870	5.1542273	3.8933594	3.679778	3.2735412	3.1011837	5.3443136	3.4325337	3.1256318	4.4247885	2.719398	3.2578542	4.2915974	4.8904743	3.4488056	4.8445063	3.4526122	3.334152	2.9569383	5.0057306	4.22083	4.696318	3.254318	4.9311295	4.06339	5.684837	5.0137186	4.251255	5.097908	3.2641406	4.899171	4.157063	3.1345942	3.1313257	3.1603029	4.1938534	2.9990726	4.170472	3.8538375	4.110652	3.7059622	3.6308496	3.8935378	3.104098	4.602197	3.4981349	3.7438102	4.9330125	3.6661186	2.762189	4.2528553	4.2822084
SLC37A4_9871	5.048467	4.1193533	4.304893	4.24848	3.7957757	5.1449003	4.0806427	3.8750339	4.047455	4.02099	3.9888737	4.867713	4.6713443	3.7054071	4.7766256	3.513724	4.339067	4.4534655	4.4163337	4.432127	4.5283937	4.1766696	4.613897	4.688581	4.6949406	4.5745316	4.299267	4.8064847	4.220724	4.50016	4.7148147	3.8522093	4.1647973	3.8066347	4.4436893	3.6994612	3.911607	4.291709	3.9976015	4.5470986	4.4513865	4.086987	4.22728	4.350994	3.7784617	4.6889343	4.0924416	4.423926	4.1464963	4.2528553	4.0339284
SLC38A3_9873	7.966909	6.5388455	5.5506105	6.163805	6.081399	7.8122897	6.120553	5.859658	6.231596	5.7362013	5.961429	7.773999	8.2437935	5.4666176	7.984217	5.263932	5.977105	5.9077983	7.898725	7.0187244	7.300825	6.164107	7.4365625	6.7387524	8.3458605	8.075253	7.3915086	7.2643833	5.5951605	7.8232117	6.6375656	5.7937894	6.1324925	6.0902305	6.915559	5.685461	5.8927493	6.5336475	6.6803083	6.0534053	5.6538396	6.6462383	5.3312507	7.7576766	5.826199	5.7154636	7.2535615	6.890869	5.657853	7.622336	6.4037995
SLC39A1_32758	8.480477	8.589835	8.18742	8.2051525	8.675498	8.3876	8.668727	8.460749	8.213697	8.448579	8.580617	8.43898	8.329304	8.337071	8.3362875	8.033533	8.675111	8.856309	8.303165	8.433967	7.9997497	8.392502	8.3993225	8.34986	8.305668	8.109724	8.225778	8.351932	8.537401	7.992429	8.317337	8.156876	8.601452	8.3575115	8.814214	8.376154	8.238152	9.038585	8.576846	9.005568	8.671711	8.359099	8.120747	8.471085	8.526453	8.742684	8.317248	8.485466	8.528508	8.367129	8.615762
SLC40A1_9877	4.4016967	4.9359283	3.897257	4.8249907	3.9452639	4.637601	4.0806427	4.040521	5.0031567	4.636182	3.617124	4.3380494	5.0288363	4.3811836	4.705393	3.735168	4.2200017	4.2352924	4.5328355	5.7133894	4.696318	4.628089	4.541129	4.96478	4.7643704	4.315703	4.810742	4.7299657	3.9262035	4.0644393	4.601646	3.2463703	4.4238806	4.547009	4.6956315	3.9532046	4.748459	4.627166	5.2271647	5.2806215	4.1250777	4.7615075	3.63202	4.439678	4.166973	5.584275	5.0495234	4.732349	3.8576405	4.4423666	5.221047
SLC6A13_32644	6.446445	5.4950523	4.6625075	5.235784	5.4663982	6.4943733	5.434587	5.433164	6.0589848	5.448127	5.4388633	6.0523314	5.758662	5.3461456	6.349617	5.1337223	5.180765	5.3126483	6.0101514	5.2940326	6.086267	5.3527403	6.464676	6.3893156	5.931163	5.961324	6.590584	6.708682	5.0750184	6.3852067	5.940795	4.7262454	4.760747	5.3469877	5.4334445	4.9989734	5.380885	5.3481746	6.102362	5.569188	6.047966	5.705482	4.882382	6.4110384	5.3570137	5.2551312	5.924542	5.600164	5.158074	6.027489	5.122574
SLCO1A1_9885	9.263383	9.036611	8.656103	8.967327	8.800958	8.7940035	9.02131	8.903701	9.17295	8.763794	8.768323	9.13864	9.113508	9.116507	9.344348	8.82465	8.896729	9.005318	9.270438	9.119274	9.247372	8.973311	9.476159	9.3000145	8.944381	8.850047	9.284278	9.472224	8.754214	9.031757	8.838157	8.893965	8.862118	8.922884	9.018609	8.4480915	8.896186	9.204488	9.236473	9.220638	9.279926	9.183875	8.793171	8.894288	8.642541	9.217693	9.107203	8.995588	8.880967	9.165904	9.0881195
SLCO1A2_9886	5.4731483	4.010777	4.25325	4.0880117	3.4403665	4.532545	4.131929	3.4732275	4.221371	3.4125795	2.6802902	3.4076753	5.399156	4.112363	4.424094	4.597668	3.6114979	3.8609118	5.032364	3.831355	4.950048	3.7375457	4.464495	4.786641	4.658931	4.267662	5.08175	5.8423615	4.253646	4.5814013	4.031601	3.9212065	3.619502	4.1376824	3.4179986	1.9992051	4.284343	4.769558	4.448411	4.5470986	5.211846	3.5438585	3.837692	4.10203	3.900535	4.860753	4.630346	3.580566	3.65174	3.9744961	4.370676
SLCO1B2_32950	7.9114265	8.658922	8.194283	8.496436	8.129227	7.778228	8.195089	8.049505	8.344817	8.169505	7.5587373	8.18633	8.36109	8.201277	7.791311	7.72982	8.044029	7.8440547	8.138246	8.903656	7.5839148	8.17286	7.742696	8.73474	8.037715	8.445529	7.592744	8.257414	7.655005	7.8724656	8.246165	8.142499	8.269937	8.799767	8.188131	7.5106983	8.360041	8.595473	8.342324	8.258628	8.739478	8.060913	8.302445	8.006594	8.12764	8.405032	8.437064	7.6634026	7.887944	7.8017583	8.3723345
SLCO2B1_32680	3.6955848	3.4698832	2.1619017	2.9391065	2.472159	3.7265353	3.0613632	2.7958763	2.3886938	3.5440083	2.4615827	3.9162993	3.554308	2.1835182	3.446748	1.7521499	3.1725283	3.7333038	4.244742	3.400333	3.2548962	3.254318	3.4902585	3.1471999	3.9713368	3.4306927	2.8961248	3.5948293	3.1287267	3.1481903	2.5736196	2.5734606	3.619502	2.204507	3.2179284	1.8065978	1.6862907	3.719913	3.5930324	3.3477855	3.555222	3.4763536	2.8742359	2.7702174	3.047878	2.911615	3.4953897	3.288475	2.2798173	3.5490766	3.2650185
SLFN2_32654	3.8918242	4.7457724	2.3701787	3.9701722	2.967741	3.661585	2.951459	3.023864	4.904565	4.576022	2.3383918	3.9162993	4.800604	4.112363	4.1832037	2.6348078	3.4794793	2.2295449	4.3330874	4.5724864	3.712247	3.254318	3.4902585	4.96478	4.3780375	4.1664968	4.557952	4.271274	2.004529	4.006783	4.5719104	2.7354863	2.570392	3.3762684	4.4436893	1.9992051	2.9363732	3.916409	4.16402	4.1869826	3.4754093	4.041002	2.8742359	3.7323904	3.4186301	3.031582	4.7727504	3.6661186	3.321599	3.7052414	4.4129558
SLPI_9890	4.009233	5.554279	2.9909706	4.143508	3.8724551	3.4470994	3.9722536	3.309873	5.9144597	4.952388	4.2504177	4.2915974	3.8213115	4.279584	4.705393	5.4629865	4.84748	3.9207184	3.6291769	5.9376287	4.2329803	5.1166196	3.1422062	4.4299645	3.3130789	4.3621955	4.7429204	5.0356913	0.5163865	3.7499197	5.494473	4.801377	3.619502	5.033894	4.3970637	3.3913584	5.572402	5.616645	5.06828	4.891912	5.635596	4.7328677	5.084369	3.504673	5.3570137	4.860753	5.675346	5.051353	5.282401	3.7774107	3.8614638
SMAD1_32578	3.548161	3.200062	0.76129264	2.663456	3.223322	3.7265353	2.8324869	2.6667733	3.535067	2.9263053	2.6802902	3.4922628	3.1312993	3.0152833	3.0466177	2.9320772	2.072621	2.837896	3.4823647	3.4974551	3.1430392	3.324341	4.2066507	3.3317733	3.4874642	3.595438	3.65531	4.1195726	1.4443876	3.52196	2.7956865	1.6426728	2.8779507	3.1603029	3.4179986	2.4585645	2.9363732	4.0339556	3.242334	4.511247	3.3011763	3.5438585	2.99374	3.3300724	2.2125611	3.142335	3.4107835	3.4896183	2.4591324	4.034631	3.733852
SMAD4_9892	2.736285	2.8678937	1.2570211	2.3223944	1.3312725	2.6425977	2.0220141	1.4768263	1.640813	1.823375	1.4871172	2.6150863	3.2264056	2.1835182	3.3566325	1.275699	2.072621	1.1570135	2.1990027	1.6806879	2.7435865	2.636965	2.8119028	2.5451083	3.2172866	2.6363633	3.1264923	2.9534101	2.406994	2.6423824	2.3110406	1.9373132	0.7703406	2.7601511	3.2179284	2.1691005	1.3096737	2.0718946	3.242334	2.6239195	1.1797101	2.3964808	2.2628205	2.9009168	2.0104735	1.8519349	2.279205	2.9218345	1.1924393	2.6673462	2.2300112
SMAD5_9893	6.081163	5.9121675	4.25325	5.850239	4.8976593	5.9853153	4.7723575	4.7631946	6.231596	4.9989533	4.6376967	5.951363	5.880642	5.2687173	5.835951	5.153059	4.413313	5.0163097	6.1259685	6.4433827	5.874932	5.174639	5.5474486	6.050785	5.9903183	6.005932	6.167652	6.024251	4.6982937	6.0562634	5.975278	4.9408307	5.064406	4.8654995	6.030333	4.3565435	5.0990524	5.3481746	5.9587436	5.6538353	5.792034	5.9979987	4.7528453	6.185985	4.789545	5.461475	5.6009226	5.5334306	4.871772	5.9039674	5.6501427
SMARCA4_9894	5.6642876	4.994124	3.326985	4.1969485	4.3723383	5.6756635	4.131929	4.323549	4.6845293	4.0654263	3.6691785	5.2298574	5.4591317	3.923187	5.5203233	3.881458	3.4794793	4.086562	4.6055846	4.616394	4.338317	4.2140403	5.066922	4.114638	5.553705	5.3953643	5.309811	4.831115	3.5019276	4.5413523	4.478839	3.2463703	3.9835975	3.9482906	5.386482	3.458468	3.9808064	4.989234	4.8249087	5.215274	4.646217	4.612261	3.4765677	4.713098	3.7784617	4.493851	4.2468505	4.692124	3.8576405	5.265593	4.678589
SMARCD2_9896	3.294242	2.435626	1.6252826	2.5029805	2.011671	2.1687598	2.4022055	2.1911569	3.1321692	1.3353969	2.0551069	2.8891323	2.919921	2.3926249	3.0466177	0.96157944	1.8765994	1.5083932	3.0326717	3.400333	2.3986237	2.841842	2.2057867	1.773262	3.4874642	2.911122	2.621851	3.3441162	0.5163865	2.6423824	1.9897953	1.9373132	0.0	2.597612	3.8226066	2.1691005	1.9846656	1.8332981	2.9088483	2.7523265	2.8731365	2.3964808	0.7077145	3.0207527	0.6833182	1.8519349	3.122376	1.9721766	0.7160639	2.506785	1.7911546
SMC1A_9897	4.873696	4.6763773	3.9630284	4.923396	4.7428775	5.04658	4.526246	4.5600543	4.516664	4.665346	4.471745	4.5891457	5.248683	4.225969	4.741449	4.0964723	4.55124	4.370112	4.8939905	4.9265103	4.388235	4.628089	5.0141287	4.722014	5.409452	4.860204	4.299267	4.5035305	4.253646	4.1198797	4.601646	3.6228914	4.470548	4.0142226	5.0672064	3.9990063	4.708216	4.8678265	4.857672	4.891912	4.9418035	4.4100404	4.2752476	4.9121966	4.2611446	4.860753	4.3413115	4.6507454	4.3420444	5.106588	4.5328317
SMC2_9898	2.0518599	2.257008	2.713711	2.9391065	2.6569214	2.1687598	1.7862632	2.3676975	2.7331607	2.4777672	1.8894439	2.6150863	1.9947519	2.7372885	2.1047523	1.5335042	2.8900583	2.7081409	1.9974787	2.4360592	2.889376	2.841842	2.6825488	3.0452297	2.0677924	2.911122	2.621851	2.9534101	1.1960433	1.5686922	2.159341	2.5734606	2.570392	2.597612	2.7084813	1.3212922	2.4426951	3.0089254	2.778033	2.8702326	2.5996156	2.6625395	2.6006784	2.6264875	2.5476058	2.6368403	2.8921008	2.4290519	0.7160639	1.2253668	2.2300112
SMC3_9899	5.2996144	5.3687654	5.293719	5.5754795	5.164852	5.2590685	5.3504815	5.687298	5.46187	5.1302595	4.6635904	5.539114	5.535407	5.419629	5.32029	5.2095604	4.9508114	4.9022617	5.64632	5.7532673	5.0772285	5.0967493	5.411172	5.677477	5.5924034	5.5030246	5.2377234	5.439691	5.0750184	5.7573338	5.541258	5.2666516	4.869225	5.1557508	5.6870337	4.6994205	5.4312	4.8991494	5.6006365	5.237387	5.2602787	5.4827843	5.308379	5.4706135	5.0225058	5.524181	5.183061	5.55602	5.183811	5.6585402	5.7359147
SMN1_9902	3.548161	2.987318	2.3701787	3.0594068	1.3312725	4.419234	2.0220141	2.5249715	4.274977	3.3420844	2.6802902	3.9762692	3.3996527	3.62484	3.6116695	3.0189555	3.0843768	3.2644873	3.5576375	3.9731874	4.1772795	3.180722	4.0049734	3.9550858	4.0842543	3.340682	4.3457317	3.8571408	3.198022	3.9467263	3.8453023	3.3501055	3.3467786	3.4732254	4.080398	3.2469792	1.3096737	3.572272	3.7408574	2.6239195	3.6308496	3.1694758	3.4765677	4.0466323	2.8193185	3.4312084	4.0370674	2.9218345	3.0125036	4.723822	3.1696014
SMNDC1_33297	6.467116	6.259269	5.2679276	6.080948	5.816163	6.2176905	5.5709143	5.7523813	6.104112	5.6512866	5.3459716	6.461924	6.274787	5.556239	6.302122	5.36689	5.3604093	6.03502	6.51395	6.560397	6.0401726	5.496161	6.4044127	6.2357554	6.359102	5.961324	6.243235	6.8112826	5.2319427	6.5456405	6.421164	5.4874773	5.389877	5.746686	6.39309	5.5381217	5.503528	6.3071914	5.9886336	6.3148956	6.368291	6.2612824	5.7429986	6.454253	5.0753083	6.1591787	6.027576	6.0131993	5.7977653	6.308916	6.1399794
SMNDC1_9903	5.179499	5.301219	4.402944	4.755449	4.8223433	4.766741	4.0806427	4.446643	5.0031567	4.1910696	4.5571055	4.929693	5.225846	4.5213094	5.0879884	4.653045	4.339067	5.0163097	5.084199	4.9609766	4.7734776	4.512859	5.0926113	4.6192975	4.505169	4.724427	4.7077756	5.728978	4.8131757	5.402364	4.8694844	4.223962	4.79782	4.251405	5.362414	4.425254	4.389879	5.101213	4.8897076	5.2591662	5.7417493	4.9965014	4.4526014	5.243111	4.691478	5.303603	4.963034	4.846702	4.5142236	5.0782957	4.842241
SNAP25_9907	4.009233	4.1707234	4.1996894	4.858544	3.9452639	4.0646806	3.9722536	4.4854455	4.4714575	3.8788273	3.7194197	3.9762692	5.2026415	4.4294205	4.741449	4.1358805	4.6771235	3.6650012	4.4163337	4.480447	4.388235	4.320673	4.503321	4.469871	3.9113815	3.6712542	4.096819	0.567391	3.3273613	4.1198797	3.8941805	4.427398	3.8487759	5.0653367	4.616441	3.642881	4.624199	2.6151845	4.9817553	1.7203709	2.5996156	4.041002	4.61052	5.0023084	4.691478	3.671778	3.9195037	4.6507454	4.1979237	3.9744961	4.678589
SNRPF_9910	4.117802	5.9420424	5.925305	5.615281	5.5150447	4.885265	5.1158886	5.736384	5.5073733	4.7494607	4.9637046	4.2436	4.7693586	5.4895506	4.2844353	5.415738	5.3604093	5.768263	4.6055846	5.848391	4.614798	5.266436	4.5779715	4.654355	5.1226697	4.4072366	4.6348076	5.0356913	5.296559	5.105513	5.2346654	5.658884	6.0271583	5.962454	4.80682	5.628318	6.310691	6.4086246	5.5613966	6.1729584	6.7282057	5.1985264	5.963979	4.8808637	5.4796085	6.728547	4.963034	5.082807	5.9099617	4.686823	5.66771
SNURF_33140	4.9637265	5.515066	4.494753	5.2610955	5.224576	4.7355237	4.406396	5.4723263	4.8701444	4.544975	4.317193	4.867713	5.2933	5.4433146	5.390095	4.7063746	4.7928996	4.8722835	4.978596	4.616394	5.0772285	5.0144134	5.0141287	5.4766626	5.0128355	4.9542584	5.187583	4.3754215	4.1171956	4.867128	4.741772	5.3187275	5.1812468	5.2130246	4.532649	4.4908404	5.4312	4.550328	5.58115	4.775837	5.1360044	4.9722033	5.084369	5.192965	4.724913	4.9548087	5.3961062	5.258363	5.3746824	4.98993	5.501328
SNX13_9912	6.7795944	7.2074018	6.708136	7.4681854	7.370797	7.2022676	7.2958765	7.2534733	7.4890695	6.545699	6.4297013	7.1364765	7.184846	7.0218196	7.179252	6.817598	6.7097993	7.3626785	7.1280036	7.6457157	7.037014	6.9531765	7.0075154	7.6648006	7.195501	6.957292	6.9921694	7.3605766	7.1513796	7.0237446	7.326312	7.0813084	7.4184184	7.0718837	7.60564	6.7933655	7.137009	7.5751576	7.3380814	7.6405034	7.2618146	7.377431	7.3663454	7.1234674	7.07562	7.3813252	7.185162	7.408013	7.017241	7.031224	7.4772406
SNX6_9913	5.0207696	5.592454	5.2149196	5.4708896	5.224576	5.2144794	5.589379	4.825013	5.7538285	4.693933	4.5571055	4.9891205	5.130701	5.599045	5.561245	4.9469357	4.764815	5.3781114	5.3186493	6.2338533	4.8819904	5.248538	4.9869895	5.7920966	5.14887	5.0425544	5.135637	5.2699165	5.1815076	5.159426	5.2346654	5.4874773	5.2630587	5.6462984	5.5011415	4.7538667	5.274664	5.498905	5.541369	5.7797184	5.6538396	5.4827843	5.8577156	5.291572	5.175448	5.733268	5.37393	5.4634604	5.131869	4.8630033	5.66771
SNX7_33286	2.4342844	3.2957203	2.8589911	2.9391065	2.011671	2.6425977	2.2245977	2.6667733	3.3476372	2.6036353	2.5750768	3.0088224	3.1312993	3.0152833	2.9264696	2.5203478	3.1725283	1.7907331	2.675235	2.6198554	2.7435865	2.7430372	2.8119028	3.0452297	3.0042105	3.5154157	1.8390311	3.5948293	2.004529	3.251095	3.379998	2.3909085	2.570392	1.9587818	2.7084813	2.1691005	3.0694053	3.6479805	3.7408574	2.8702326	2.4405787	2.6625395	2.6006784	3.4200125	2.8193185	2.476957	3.791503	2.7755125	1.5499562	2.8118143	3.3545144
SOCS2_9914	9.950701	9.795501	6.698514	9.109978	7.5909986	7.8816605	7.445273	8.738844	9.717695	7.3030066	6.7037363	9.587494	6.519769	8.111732	7.2746134	9.080857	7.255259	6.224912	9.82446	10.462003	9.895506	7.593943	8.757505	8.539946	7.5104156	8.841867	9.613478	9.119152	6.624884	8.8407955	8.80499	9.148962	9.467776	7.9021053	9.030113	8.644601	6.198963	6.954759	8.989092	9.695224	9.3612795	10.017324	8.120747	8.1482	7.3731737	9.723291	9.405222	8.767803	8.970563	9.369328	8.98854
SOD1_33183	11.582248	12.031384	11.362871	11.627357	11.622635	11.607219	11.575006	11.55532	11.737447	11.660129	11.382791	11.440004	11.228178	11.712459	11.743853	11.751654	11.526979	11.6178875	11.294702	11.818839	11.408663	11.673313	11.232918	11.590718	11.22139	11.363366	11.361691	11.565492	11.461874	11.301402	11.34366	11.67144	11.593924	11.8353405	11.264339	11.644599	11.865791	12.018463	11.578766	12.247581	12.249121	11.523024	11.714877	11.236788	11.495137	12.479116	11.438435	11.371258	11.764565	11.302306	11.822911
SOD2_32976	7.489572	8.096923	7.642214	7.32551	7.7670126	7.3691983	7.65703	7.596955	7.7899585	7.7399497	7.622835	7.2742424	7.067727	7.5385666	7.588504	7.647	7.8802514	7.90455	7.2235537	7.9066653	7.4374967	7.334524	7.232163	7.520254	7.208015	7.28144	7.346518	7.7892175	7.5952544	7.1556044	7.290245	7.541945	7.742229	7.7214665	7.7046814	7.6428013	7.503192	8.17049	7.745063	8.409889	8.393639	7.4886765	7.528511	7.5591955	7.5468135	8.475483	7.191516	7.749222	7.668521	7.4060497	7.8865066
SOD3_33241	3.548161	2.987318	3.111882	3.1704433	3.223322	2.5012665	2.2245977	3.393861	4.047455	3.189834	2.2036915	3.7198045	3.8809977	4.170284	3.0466177	4.0964723	2.072621	2.5655518	3.9968476	3.5884495	3.0217755	2.636965	3.4902585	3.7105362	3.7834342	3.8773775	3.1264923	3.474912	2.6239645	3.3471458	4.031601	2.3909085	3.8487759	3.5640745	3.7502577	1.3212922	2.9363732	3.3179228	3.8094523	2.9792266	4.1250777	2.6625395	2.99374	3.8664052	2.0104735	4.000593	3.7229755	3.288475	3.5760143	3.174549	3.2650185
SORBS3_9916	5.128505	4.603475	3.326985	3.5448534	3.628988	3.9605298	2.8324869	3.9323316	4.560497	3.189834	2.6802902	4.899036	5.993108	3.4488056	5.62053	3.0189555	3.4794793	3.4382432	5.058514	5.347118	4.2866096	4.058373	4.716597	4.583367	5.041088	5.070825	4.251255	4.7299657	2.6239645	5.049507	4.3445973	3.2463703	3.2430704	4.251405	4.2990336	2.4585645	3.7623768	3.7884288	4.16402	3.9926662	3.555222	3.9935026	3.2066107	4.602197	3.2451313	2.6368403	4.5535	4.564248	2.8927681	4.0923586	4.0871205
SOS1_9918	4.009233	4.0660863	3.111882	4.4816837	3.5377576	4.6034255	3.2588525	3.6199527	4.1077867	2.8265579	2.956486	3.4922628	4.097743	3.539506	3.8283224	2.109709	3.2556021	3.5933034	4.198454	3.831355	3.1430392	3.254318	3.410797	4.4299645	4.238611	3.8118882	3.7272735	4.1195726	3.2641406	4.2744603	4.30899	1.6426728	3.1313257	3.7302246	3.3214288	3.320974	3.303507	4.700118	3.9375708	4.7140985	4.226075	4.086987	3.2066107	4.350994	1.7753943	3.7438102	3.7229755	3.965136	2.762189	3.846141	4.0339284
SPAG7_9922	3.4683857	3.8308609	2.8589911	2.8078547	2.2602103	4.2528214	1.5043167	2.6667733	3.4443936	3.5440083	2.7783492	3.8537283	3.9934368	3.62484	3.3566325	2.5203478	4.4490504	2.5655518	4.150632	3.400333	3.1430392	2.841842	3.7704499	3.4953887	3.9713368	4.00006	3.4149964	4.0372877	3.4460533	3.8185487	3.79471	2.7354863	2.8779507	3.5640745	3.2179284	2.3210802	2.9363732	4.1940618	3.0287817	2.6239195	3.6308496	2.7791781	2.7439313	3.8009534	3.1498733	3.3411944	3.4953897	3.4896183	3.2257414	3.3739324	3.1696014
SPARC_33251	6.0945106	6.75622	5.2679276	6.163805	5.9982896	5.3234696	5.237948	5.703846	6.557812	6.1095147	5.5540886	6.1335855	5.7744856	6.0171824	6.384239	5.227913	5.5696816	5.2901497	5.8091955	7.2730613	5.5850525	5.9371037	5.5287514	6.58371	5.684837	6.3321486	5.8825984	6.2047286	4.877955	6.1788	6.517907	5.5757246	5.826501	6.04363	6.0901766	5.0650606	5.5268536	6.4620404	6.6051197	6.345758	6.39022	6.3675704	6.0900226	6.0089054	5.7950554	6.701669	6.8736343	5.9633703	6.070336	5.5390677	6.2606506
SPC24_9924	3.4683857	3.6252677	2.3701787	2.1159258	2.6569214	2.6425977	3.587535	3.1256318	3.7772083	3.2679667	3.6691785	3.7198045	2.6721666	2.8829715	3.7596574	3.100898	3.1725283	1.7907331	3.1345234	4.102316	3.4555352	2.841842	3.1422062	3.7105362	2.2723026	4.00006	3.7958171	5.1180644	2.5195544	3.251095	2.4482956	3.3501055	2.8779507	2.4144073	2.853671	2.3210802	2.6266706	2.6151845	3.8094523	3.3477855	3.8365083	2.2424579	2.8742359	2.7702174	2.8193185	3.3411944	2.8921008	3.965136	2.8927681	2.1194797	3.733852
SPINK1_32461	5.9255633	5.155827	5.2416673	5.5345488	4.7014403	6.475602	4.636899	4.5600543	5.4848013	4.802931	4.80989	6.2105064	6.5291266	5.3461456	5.852531	4.9246063	5.433592	4.8416686	6.8270235	3.9040134	5.803145	5.193472	7.136609	6.3145776	6.3018746	6.5078583	5.8667536	7.7315116	5.0933213	5.968379	5.0528755	4.9408307	4.8339643	5.0961084	6.1047573	4.6714067	5.1599956	6.5135484	5.32413	6.78916	7.1049004	5.1342773	5.561469	6.44357	4.549402	7.1947427	5.2083473	5.3387294	5.3292794	6.833821	5.8480244
SPINK3_9928	2.4342844	2.8678937	1.9183995	2.5029805	2.472159	2.6425977	0.0	0.0	2.1797314	1.3353969	2.2036915	2.8891323	3.3996527	2.3926249	1.5756721	3.4526122	0.0	2.4073083	2.5332706	0.0	2.7435865	2.9343114	4.058097	2.9355001	2.2723026	2.2966683	3.8612514	4.7814264	2.284903	2.482375	1.5758953	2.7354863	1.6401663	1.9587818	2.9855762	0.9994701	2.6266706	4.1940618	1.5622083	5.3833585	4.4513865	2.2424579	2.0586884	2.6264875	1.4944088	5.7508545	2.279205	3.6661186	0.0	2.9431233	3.4387813
SPP1_9929	2.2557068	3.6252677	0.76129264	1.2227256	2.011671	2.1687598	0.689121	1.7560883	2.1797314	1.59992	0.92724514	0.0	1.1336887	1.9388802	3.1575243	1.275699	2.5384767	1.1570135	2.1990027	3.2961977	1.2775879	2.2619886	2.6825488	2.6873035	3.5673409	3.0310833	1.8390311	3.0404751	1.1960433	1.8567106	1.5758953	0.0	0.0	1.6624343	1.6211139	0.58460927	0.0	3.9763792	2.2945795	3.1752434	3.1029732	2.0700042	2.0586884	4.0466323	2.2125611	3.7438102	2.074421	2.2186248	1.8362379	1.8782536	1.7911546
SPR_9930	4.638807	3.5496664	3.111882	3.7009778	3.335922	4.941065	2.8324869	3.688074	4.047455	3.4125795	2.956486	4.4690537	5.0806675	3.4488056	4.4677963	2.9320772	4.090219	3.4382432	4.5696683	3.7548423	3.712247	3.787982	4.252953	3.6423242	4.333043	4.4933076	3.8612514	4.7559257	3.6075757	4.1732683	3.6313283	3.7797458	3.4435291	3.3762684	4.2990336	2.6995428	2.4426951	4.550328	3.5130224	3.7059622	4.5714116	3.6083453	4.126278	4.482056	3.900535	2.0916321	3.791503	3.8233604	3.4960926	4.3026175	3.8614638
SPRED2_9931	4.169169	3.2957203	1.9183995	2.8078547	2.2602103	3.4470994	2.0220141	1.9899611	3.6203768	2.0168164	1.4871172	2.8891323	3.1312993	3.0152833	3.3566325	0.96157944	2.072621	2.2295449	3.2296562	3.2961977	2.889376	2.636965	3.410797	3.897724	3.7834342	2.911122	3.7272735	2.5406258	1.1960433	3.251095	3.1578226	2.7354863	1.9345882	3.038847	3.9572527	2.3210802	2.6266706	3.3179228	3.1395056	2.3267155	2.0577211	3.331059	2.6006784	3.4200125	2.93812	2.0916321	2.617958	3.3925493	2.2798173	3.4641607	3.067424
SPTAN1_9932	6.6679606	6.567877	5.8749375	6.8544073	6.44999	7.045637	6.2768245	6.6982226	7.001182	5.952752	5.4685435	6.375484	6.8385496	6.236389	6.72764	6.4148498	6.323617	5.847442	6.21003	6.9939723	6.28381	6.480089	6.7574687	7.0726295	6.548143	6.4444485	6.7716646	6.494106	6.4226117	6.2796183	6.767862	6.206924	6.3477836	6.7429442	6.613028	5.780319	6.061971	6.7380204	6.916326	6.5887337	6.6845055	6.771209	6.2900596	6.485836	6.3393054	7.1818347	6.585983	6.6601124	5.99964	6.333063	6.543564
SPTLC2_9934	2.736285	3.200062	0.76129264	3.2735412	2.011671	2.1687598	2.5603254	2.6667733	3.243922	2.0168164	2.3383918	2.6150863	2.8013556	3.1364734	2.1047523	2.109709	2.399263	2.0267587	2.1990027	2.6198554	1.9443585	1.9438806	2.6825488	3.1471999	2.2723026	2.2966683	2.621851	2.9534101	1.8408495	3.1481903	3.379998	1.9373132	3.1313257	2.4144073	2.3652024	1.8065978	2.2317815	2.7587066	3.0287817	2.1514747	3.6308496	2.887088	2.99374	2.4668374	2.0104735	2.0916321	1.8356827	2.7755125	2.4591324	2.1194797	2.5660443
SQLE_9935	6.958134	6.651623	5.1598887	5.51364	5.5150447	6.0877533	5.79428	6.1405935	6.4570527	5.8033347	6.032704	6.805585	6.5103507	5.7203317	6.771894	5.399638	5.76664	5.937055	6.311376	6.2053857	5.9925566	5.5261846	6.3307686	6.409977	6.6707454	6.366766	6.9172277	6.7020206	5.3584046	7.776536	6.1055155	5.8829684	6.2032847	5.2948856	6.571641	6.032379	5.874682	5.1798387	6.6337767	5.88152	5.933156	6.32982	6.062949	6.662058	5.399047	5.327242	6.275002	6.092603	6.056471	6.1548753	5.9520473
SQRDL_9936	7.7006702	7.521205	8.000384	7.656409	8.0322895	8.782595	6.2653866	7.8959484	7.1733885	6.8987064	5.929771	8.128039	8.260744	7.260513	7.674943	6.083098	7.255259	7.0307784	8.5581255	8.0536375	7.4841514	7.380446	8.607433	7.643148	8.480899	8.69975	7.323485	8.671272	7.502428	6.652899	7.994859	7.385928	6.918438	7.696582	8.156988	7.325376	6.676684	8.053557	7.6312394	6.664134	6.3572	8.386939	7.4312987	7.4460034	6.7253103	6.210925	6.556749	6.701227	6.3571906	8.010805	6.6968746
SQSTM1_9937	6.1594553	5.647887	5.3925066	5.4708896	5.5150447	6.636349	4.982539	5.433164	5.594288	5.529685	5.329891	6.271615	6.5840325	5.320795	6.4833837	4.901926	5.7946897	5.751892	5.778058	5.829861	5.803145	4.904411	6.78136	5.515315	6.6797585	6.4974813	6.1149697	6.5094476	5.327813	6.255067	6.126123	4.801377	5.1812468	5.7271595	6.014976	5.3027477	5.4312	6.107122	5.2271647	5.718149	5.396525	5.5824623	4.819067	6.5167418	5.1510572	5.126309	5.998881	5.802644	5.0502715	6.585091	5.59612
SRD5A1_32503	7.7646885	8.021976	6.051607	5.404291	5.816163	7.409315	6.1826763	5.9732223	7.3016124	6.701642	5.51195	9.458087	8.694148	6.3535223	8.792355	5.7308908	6.105824	6.188881	6.551262	8.69937	7.540425	6.801853	7.538216	8.124638	7.405662	8.791793	8.102659	7.4104624	4.005659	7.226775	6.8002806	5.127592	5.7146325	6.652674	7.8063073	5.441908	6.717803	5.101213	8.147418	5.838767	4.6822133	7.0862536	5.3977675	7.5492644	5.592596	6.320984	7.65861	5.704953	5.4823065	5.9823985	7.0846515
SRD5A3_9939	2.4342844	3.6971037	2.3701787	2.663456	1.3312725	2.6425977	2.7028143	2.914369	3.243922	2.3398588	1.2341714	2.8891323	2.1961572	3.1364734	2.6512198	2.7408507	2.399263	1.1570135	2.8044732	3.1839569	2.581391	3.0212092	2.0039802	3.7105362	2.451389	2.6363633	2.8961248	2.2793913	2.5195544	2.3023815	3.1578226	2.8811386	1.6401663	2.4144073	3.1064248	2.1691005	2.2317815	2.8892338	3.8749332	3.2640922	2.0577211	2.0700042	2.99374	2.6264875	2.5476058	2.6368403	3.4953897	3.176305	2.075009	1.588432	3.1696014
SREBF1_32750	6.3157845	5.7527456	3.7559724	3.9701722	2.8206856	6.124367	4.406396	4.406767	5.862878	3.9751415	5.1943564	5.6719823	7.0286756	4.170284	6.472698	3.5723524	4.7361727	4.2816463	6.819397	6.431142	5.275932	4.058373	5.0926113	5.456941	7.3559217	5.8351526	6.970093	5.7804737	4.674177	5.842197	4.9868054	4.3791647	3.1313257	4.8293266	5.5867295	4.7269006	4.666819	4.550328	6.3295584	4.919528	5.4806943	4.817136	3.3920732	5.361342	3.047878	3.812416	5.763282	4.692124	3.920224	5.338973	4.746293
SRFBP1_9940	2.4342844	2.987318	2.9909706	2.9391065	2.2602103	1.4584783	2.5603254	2.7958763	2.5711837	1.823375	1.8894439	1.1900772	3.3996527	1.2732412	2.3107724	2.7408507	1.8765994	1.7907331	2.675235	2.4360592	1.6491554	2.3981004	2.3827975	2.6873035	2.0677924	1.2043949	2.282898	2.9534101	2.406994	1.2084577	1.5758953	2.1818647	2.1789894	3.2723231	2.853671	1.9992051	2.4426951	3.572272	2.0891902	3.5731628	2.5996156	2.0700042	2.2628205	2.2872965	3.047878	2.7807593	2.4585013	1.2997124	2.2798173	1.2253668	3.067424
SRSF1_32864	7.5537925	7.621536	6.5242853	7.4790125	6.8033032	7.14402	6.7154975	6.9685583	8.073245	6.1410003	6.165487	7.309639	7.434323	6.957479	7.5635443	6.637115	5.875707	6.795466	7.4772444	7.8434105	7.401488	7.07497	6.880548	7.571592	7.4378943	7.4087167	7.51863	7.497667	6.599498	7.578042	7.44998	6.448116	7.031701	7.0796037	7.65601	6.6283073	7.0750656	7.3271337	7.3205614	7.2525134	6.994707	7.559703	6.649827	7.4298563	6.453411	7.1222744	7.4832606	7.150392	6.4342666	6.9398327	7.154846
SRXN1_9943	2.0518599	2.737684	1.2570211	2.1159258	3.1011837	3.2840576	2.8324869	1.9899611	3.1321692	2.719398	1.4871172	2.2764814	2.919921	3.352018	3.446748	2.5203478	1.8765994	0.6915133	2.375796	1.9785899	2.581391	1.7539579	2.5404441	3.1471999	2.7541187	2.6363633	3.2292056	2.7617311	2.284903	2.3023815	2.6889215	2.5734606	2.3879235	2.4144073	2.157111	2.5840793	1.9846656	2.8892338	2.778033	3.1752434	2.4405787	2.5356345	2.4416173	3.3300724	2.2125611	2.297121	2.8921008	2.9218345	1.8362379	2.506785	3.2650185
ST3GAL1_32507	4.564018	4.0660863	3.326985	3.6250265	3.628988	4.208036	3.587535	2.914369	4.4714575	3.9751415	2.7783492	2.8891323	4.286138	3.854183	4.551419	3.252017	3.0843768	3.1690745	3.9968476	4.039196	3.712247	3.8838544	5.0407667	4.469871	4.5840974	3.595438	4.201591	3.9943156	2.9792736	3.602016	4.031601	3.013425	3.7000437	3.038847	4.1938534	2.4585645	3.303507	3.4077816	4.110652	4.231731	3.3011763	4.703648	3.2066107	4.6401196	2.93812	4.6889343	4.1971946	3.288475	3.8576405	4.60985	4.1384206
ST3GAL1_34106	3.294242	3.3854282	2.1619017	2.663456	2.011671	2.8894746	2.8324869	2.6667733	3.535067	2.0168164	2.2036915	2.0718052	2.8013556	3.0152833	1.5756721	2.6348078	1.8765994	2.4073083	3.6291769	3.4974551	3.3587008	2.841842	2.930607	2.6873035	2.884577	1.851524	2.462306	3.2002692	2.284903	3.1481903	2.4482956	1.2719984	1.9345882	0.7839461	3.3214288	1.3212922	2.9363732	3.0089254	3.0287817	3.9397032	2.992627	2.3964808	2.2628205	3.2341504	1.4944088	3.142335	3.2250526	2.2186248	2.4591324	3.4641607	2.2300112
ST3GAL5_9948	4.169169	2.737684	1.9183995	3.0594068	2.472159	3.9054923	2.5603254	2.1911569	3.3476372	2.8265579	0.92724514	3.4076753	3.6939778	3.0152833	3.0466177	1.7521499	1.8765994	1.7907331	3.7624195	3.400333	2.3986237	2.841842	2.8119028	3.3317733	3.5673409	3.8773775	4.299267	3.8083558	2.004529	3.437199	3.07545	1.9373132	2.3879235	1.9587818	3.8915	2.3210802	2.6266706	3.119443	2.9088483	3.3477855	2.261813	2.7791781	2.2628205	4.155379	3.4186301	2.297121	3.65103	3.176305	0.7160639	3.174549	3.067424
ST6GAL1_9950	9.141686	10.107868	9.650576	9.894895	10.168762	9.130362	10.133589	10.102695	9.958905	9.81433	9.868281	9.654414	9.424297	9.890264	9.870227	9.746359	9.88791	10.163274	9.409	10.2370205	9.766972	10.178589	9.1626425	10.248136	8.892991	9.1508045	9.260221	9.224005	9.970577	9.055056	9.657051	9.6824255	9.920625	10.107532	10.148802	9.887685	10.045626	10.140758	10.214874	10.352016	9.8188505	9.783366	9.881456	9.317859	9.75641	9.807637	9.785134	10.003449	10.180431	9.126725	10.021684
ST6GALNAC2_9951	1.5299913	2.737684	1.9183995	0.0	1.7112163	1.4584783	1.5043167	3.688074	2.1797314	0.0	3.5070176	0.71442115	1.4809296	1.2732412	1.5756721	0.5594628	1.0488179	1.5083932	0.0	2.4360592	1.2775879	1.5351875	0.0	1.773262	1.1871207	1.2043949	1.8390311	4.0372877	1.1960433	0.7272255	1.3137702	2.1818647	1.9345882	1.2890483	0.0	0.0	2.6266706	5.5784564	1.2029109	0.6542548	4.7516193	1.0470449	2.2628205	0.7197537	1.4944088	3.031582	1.5494484	1.2997124	0.0	0.0	1.5087776
ST7_9952	4.638807	4.403265	3.4235945	3.9074347	4.0807066	4.637601	3.7926803	4.1411605	4.4247885	3.7211092	3.7679703	4.959713	4.452749	3.854183	4.741449	3.4526122	4.090219	4.1378617	4.772864	4.5724864	4.846719	3.973751	4.158812	4.5465183	4.238611	4.3621955	4.4767704	4.9025793	3.4460533	4.8343573	4.3445973	3.8522093	3.3467786	3.9482906	4.6956315	4.0864654	3.5048723	3.9763792	3.5130224	4.1408014	3.8365083	4.174781	3.837692	4.155379	3.4186301	4.4077783	4.4299655	4.518974	3.65174	3.629271	4.0871205
STAC3_9953	9.540728	8.37395	9.097958	8.522836	8.958756	9.149733	9.07143	9.078853	8.625801	7.9500656	9.04072	9.3866825	9.841629	8.526389	9.070876	8.562553	8.255584	8.996659	9.266237	9.52409	9.690699	8.815105	8.700171	7.784354	9.961513	9.955651	8.324785	7.763855	8.233459	9.402525	9.088378	8.263685	9.121715	8.379567	9.388456	9.124355	7.8045673	8.993947	9.106197	8.355324	8.239095	9.490146	7.586696	8.599342	8.670696	7.1947427	8.494721	9.318191	8.525994	9.1507	8.515034
STAT1_32366	3.294242	2.987318	2.9909706	3.2735412	3.223322	3.661585	3.2588525	2.7958763	4.274977	3.7756202	3.115025	3.9762692	3.6258323	3.2482674	3.7596574	3.4526122	3.9475968	3.1690745	3.9417143	2.9293032	3.4555352	3.324341	3.1422062	3.2424362	3.7149374	4.1664968	3.2292056	4.1590195	2.5195544	4.0644393	3.9414568	2.7354863	2.1789894	3.2723231	3.8915	2.905972	2.7898166	4.142642	3.8094523	3.9397032	2.992627	3.6700726	3.63202	3.7323904	2.8193185	4.113659	3.3209047	4.0942173	3.1230586	2.8118143	3.4387813
STAT1_9957	2.2557068	3.2957203	2.1619017	2.9391065	2.6569214	2.3445714	1.5043167	2.5249715	3.4443936	1.0112327	1.8894439	1.8332136	3.3996527	2.1835182	2.1047523	1.9419785	2.7821121	1.5083932	3.0326717	2.6198554	2.889376	2.1116846	2.0039802	3.2424362	2.884577	2.2966683	2.8961248	3.273985	1.4443876	3.0373778	2.5736196	2.7354863	2.3879235	1.9587818	3.5936723	1.9992051	1.9846656	3.572272	2.778033	2.6239195	1.1797101	2.9874854	1.1804214	2.4668374	2.2125611	0.72461534	2.4585013	2.2186248	1.8362379	2.506785	2.9574547
STAT3_9959	7.2119036	6.5092177	5.7313366	6.2548165	6.6040945	6.6861835	5.9016123	6.0784965	6.468602	6.0554624	5.567866	6.924516	6.784876	6.0637693	6.831654	5.5087366	6.1280417	6.5805435	6.998916	6.8450727	6.3228383	6.317916	7.2664247	6.645999	7.1828766	6.8389935	6.8381786	7.0659623	5.9667683	6.9182405	6.6303706	5.0372314	5.771651	5.604102	7.733115	5.7268806	5.928219	7.286255	6.6894374	6.818794	6.2652636	6.5673294	5.2615185	7.9698396	5.9864197	6.4341655	6.378874	6.2670393	5.7119226	6.842258	6.2254972
STAT5B_9960	4.358093	4.3146935	3.7559724	3.9701722	4.3723383	4.6034255	4.2756796	3.9874403	4.274977	3.6054895	3.115025	4.1425314	4.1471977	4.3811836	4.332506	3.3887968	3.6114979	4.086562	4.640628	4.616394	4.2329803	4.419964	3.949819	4.469871	4.8939457	4.1664968	4.096819	3.8083558	3.8847718	4.3690176	4.196571	3.6228914	4.1068897	4.935233	4.4436893	3.8063707	4.787609	4.291709	4.215484	4.1408014	4.6822133	4.78959	4.366648	4.67707	3.7784617	4.268201	4.0370674	4.2126923	2.762189	3.846141	4.1879597
STEAP4_32408	4.564018	4.779257	4.538555	5.235784	4.9338927	4.4580016	4.526246	5.1964164	5.2902575	4.6064157	4.215834	4.4266934	4.975073	5.3461456	5.030861	5.1141233	4.5837555	4.326557	4.6748405	5.4232535	4.119342	4.8579483	4.3413258	5.3540745	4.2865996	4.8274393	4.5968914	5.097908	3.8847718	4.414069	4.7942214	4.7262454	5.0336547	5.0961084	4.6956315	4.522548	4.488219	5.635367	5.2271647	5.4030566	5.560223	4.9223433	4.7528453	3.504673	4.306021	5.6606936	5.417947	5.051353	4.903098	4.5285373	5.1970515
STMN1_32298	6.737674	6.4271	6.1953654	6.3756156	6.219902	6.5036683	6.1826763	6.4062953	6.409908	5.8799767	5.783941	6.3187046	6.792667	6.686877	6.763151	6.0525336	6.0133643	5.9225006	6.289462	7.2730613	6.422028	6.0653257	6.4146333	6.574588	6.661676	6.7630596	6.788583	6.877813	5.905939	6.5252523	6.361582	6.338873	6.2032847	6.417086	7.0115366	5.793375	6.4391837	6.5923176	6.74303	6.490882	6.666648	6.653897	6.3246636	6.464858	6.6918845	6.4232388	6.1759424	6.770473	6.2757635	6.0422115	6.485315
STRBP_33130	5.8800435	5.4332905	3.7559724	5.3813906	4.658778	5.8015833	4.7723575	4.9130416	5.4848013	5.0216846	4.6635904	5.6900024	5.880642	5.100155	6.1628246	4.6256223	4.5179744	4.5322647	5.713692	5.693029	5.627237	5.193472	6.0583363	5.8232393	6.128393	5.5439353	5.6054764	5.9587	4.152537	5.79188	4.9640923	4.7643	4.9036446	4.7922235	5.386482	4.6714067	4.934379	4.9598265	5.5613966	4.9993396	5.1360044	5.299631	4.819067	5.4706135	4.657249	5.279571	5.37393	5.414854	5.022013	5.871361	5.070697
STS_9964	5.552668	4.010777	2.9909706	4.298234	3.7957757	5.608327	3.1634846	4.280068	3.243922	3.6054895	2.4615827	4.5102053	5.6078515	2.7372885	4.7766256	3.735168	2.399263	3.2644873	5.4429708	3.2961977	4.7734776	3.391122	4.8124704	4.3031607	5.63009	5.204421	5.135637	4.9025793	3.6075757	4.4577565	4.031601	3.2463703	3.1313257	3.2723231	4.488855	2.8064463	4.170472	4.291709	4.313212	4.0930934	3.3011763	4.2972007	3.104098	5.0311365	3.4981349	4.493851	4.4299655	4.846702	3.1230586	4.4860954	3.1696014
STUB1_9965	3.548161	2.737684	1.6252826	1.5853512	1.7112163	2.9986892	2.2245977	1.9899611	3.6203768	2.4777672	1.2341714	3.8537283	3.4790516	2.7372885	3.531564	1.9419785	1.6496927	1.1570135	3.8843899	3.1839569	3.3587008	1.9438806	3.5655706	2.6873035	3.7149374	3.595438	3.2292056	4.271274	2.1515164	4.3225136	2.3110406	2.3909085	1.9345882	1.2890483	2.7084813	0.9994701	1.6862907	2.8892338	3.1395056	2.3267155	2.4405787	3.4763536	2.0586884	3.5846395	2.0104735	1.2047167	2.7615314	2.7755125	1.5499562	3.846141	3.067424
STX4_9967	4.2667212	3.3854282	1.9183995	3.6250265	2.6569214	3.9054923	3.2588525	2.914369	4.6845293	3.189834	2.8701653	3.4076753	4.412865	3.854183	4.2347074	3.100898	2.9904869	3.066902	4.198454	4.432127	3.7885811	3.574707	4.109333	3.9550858	4.1889715	4.00006	3.8612514	4.4085307	3.1287267	4.6583104	3.447053	2.7354863	3.1313257	3.3762684	4.080398	2.5840793	3.5959105	3.916409	3.9375708	3.0805616	2.992627	4.041002	3.63202	4.350994	3.3344872	3.4312084	4.386319	4.03112	2.6186037	3.2776825	3.9212723
STXBP2_9969	3.1985953	2.257008	1.6252826	1.5853512	1.7112163	3.661585	0.689121	2.3676975	3.1321692	2.719398	2.0551069	2.8891323	2.8013556	1.6441145	1.8643311	1.5335042	2.072621	3.4382432	3.4029472	2.7828603	3.0217755	1.9438806	2.8119028	1.4924659	3.9113815	3.141831	2.765496	2.8607516	2.5195544	1.2084577	2.7956865	2.5734606	1.9345882	2.597612	3.1064248	1.9992051	1.6862907	2.8892338	2.4743395	2.7523265	1.8199238	2.2424579	1.1804214	3.0207527	2.5476058	2.0916321	2.7615314	2.4290519	2.4591324	3.5490766	1.7911546
SULT1B1_32942	9.253004	9.81682	9.1394415	9.14609	10.014468	9.611833	9.888161	9.395161	9.518192	10.342033	9.5905905	9.591095	9.343064	9.109121	10.137071	9.243033	10.199241	9.489202	9.303616	9.857109	9.4042015	9.412626	9.884576	9.870769	9.1690235	9.4622555	9.462207	9.535416	9.222772	9.464069	9.545773	9.529237	9.546125	9.441709	9.166672	9.70371	9.032804	9.552335	9.474236	9.685204	9.4887085	9.281039	9.879518	8.992837	9.842704	10.10637	9.033074	9.654135	9.259378	10.035403	9.1782055
SULT1C2_33309	1.8143951	1.5310675	0.0	3.0594068	1.7112163	2.5012665	2.2245977	2.3676975	0.77073467	0.5924607	0.92724514	1.8332136	3.2264056	1.2732412	1.5756721	0.5594628	0.6176906	0.6915133	2.375796	1.9785899	2.7435865	2.7430372	3.410797	2.008209	3.7834342	2.2966683	1.1946218	3.0404751	1.6561947	2.9173408	2.4482956	1.9373132	2.1789894	2.204507	2.7084813	1.5842559	1.3096737	2.2765746	1.8496284	2.1514747	3.1029732	3.0813484	2.7439313	2.0821931	3.047878	1.8519349	2.8921008	1.2997124	2.4591324	2.8118143	1.7911546
SULT1C2A_9970	4.564018	5.4747577	5.1876664	5.3813906	5.4909263	5.120941	4.2293363	4.996006	5.2902575	5.3255973	4.6635904	3.4076753	5.399156	6.048407	5.1429396	4.510401	4.6771235	6.188881	4.772864	5.884751	4.1772795	4.655514	5.7865677	5.2433057	4.0842543	4.057699	4.6348076	5.1959877	4.7683144	3.9467263	4.819748	5.596968	5.6349244	5.445866	4.4436893	4.425254	5.945632	4.9598265	5.011177	5.074966	5.824609	4.703648	5.3977675	4.816079	5.4598856	5.461475	5.638614	4.9526534	5.620647	5.049438	5.24465
SULT1C3_9971	9.338225	9.891446	9.53098	10.053603	9.44806	9.542502	9.00936	9.30177	9.49579	8.7417145	8.519897	8.902117	10.120741	9.747733	9.884406	9.246413	8.778807	9.615593	9.598041	9.496452	9.673186	9.266872	9.499152	9.748339	9.635321	9.767673	9.305003	9.899426	9.464287	9.6544485	9.669389	9.499933	9.460569	9.893201	9.671599	9.192467	9.603883	10.130071	9.318197	9.968252	10.079764	9.7789955	9.727254	9.5829525	9.631948	10.290501	9.553179	9.784199	9.377	9.059569	9.759269
SULT1E1_32446	11.323505	11.390595	11.710052	10.502088	11.28276	11.332589	11.205812	11.692236	11.892597	10.316407	11.5724125	10.76291	10.657805	11.52435	10.848945	11.522511	11.3492565	11.591105	10.697252	11.292053	11.04673	11.447041	10.9178915	11.459357	11.115352	11.08493	11.474787	11.491612	11.492581	10.908982	11.468434	11.562608	11.715457	11.703849	10.7330475	11.035458	11.700623	11.326987	11.5464735	11.347975	11.917532	11.619073	11.499559	10.85772	11.224492	12.189007	11.422992	11.678755	11.690755	10.69374	11.838022
SULT2A2_33196	2.4342844	2.8678937	1.2570211	1.2227256	2.2602103	2.3445714	2.7028143	3.023864	3.4443936	2.8265579	3.617124	2.0718052	3.315628	1.6441145	2.6512198	3.178435	2.9904869	2.5655518	2.8044732	3.9731874	1.2775879	3.4549482	2.930607	3.0452297	2.451389	0.0	2.8961248	3.273985	3.657633	2.6423824	2.159341	1.9373132	2.8779507	2.597612	1.2534345	2.4585645	2.9363732	2.6151845	2.2945795	2.4829574	2.7428484	2.6625395	3.7038848	2.0821931	1.7753943	3.7438102	2.617958	3.7468808	2.6186037	2.3260906	3.5183966
SULT2A6_32471	3.1985953	4.3146935	1.9183995	0.7371988	2.011671	1.9685107	2.2245977	3.5484548	4.326662	3.8788273	4.2504177	3.5721645	2.1961572	0.77274704	1.5756721	2.2599542	4.483924	1.1570135	0.6768118	5.347118	0.775823	3.51607	2.2057867	3.7105362	1.1871207	0.7243909	2.8961248	2.1285868	2.8125298	3.251095	1.5758953	3.1345942	2.8779507	2.4144073	0.758765	3.1689827	2.9363732	2.0718946	4.448411	2.4829574	3.3909214	1.6473541	4.943035	1.8430203	2.0104735	2.911615	3.5753076	2.2186248	3.321599	3.3739324	4.5328317
SULT2A6_9972	5.817026	7.2135386	5.5290575	5.44903	6.097461	4.3384256	5.9876547	6.2573028	7.078592	6.9109344	7.248164	6.3070755	5.0549846	5.214689	5.581279	6.1228685	6.9717636	4.5322647	4.5696683	7.915479	5.378286	6.2475724	4.6831694	6.7468963	4.7643704	4.4933076	5.784808	5.1575522	5.280674	5.2615604	4.819748	6.206924	5.771651	5.8940554	4.6956315	5.869323	5.910593	3.916409	7.332265	5.3225985	5.560223	5.777362	7.6697974	4.2564993	5.3570137	6.035482	5.797008	5.6429973	6.3228545	5.106588	7.116982
SUMF1_32831	5.7844543	4.843981	3.8283436	4.4379616	4.658778	5.4248013	4.0806427	4.365758	4.6845293	3.6054895	4.144076	5.2298574	5.336579	4.170284	5.4994187	4.0964723	4.483924	4.0333714	5.402709	5.3208194	4.5722427	4.320673	4.9311295	4.8179007	4.924599	5.279017	5.333061	5.4556193	3.706012	5.077782	5.0311866	3.8522093	4.1068897	4.8293266	4.7336545	3.5225942	4.109979	5.101213	5.06828	4.919528	4.817839	4.5804653	3.5563867	5.192965	3.9579048	4.8279877	4.630346	4.6507454	3.920224	5.0782957	4.4939694
SUOX_9974	7.849795	7.308336	6.0364113	6.580521	6.986961	8.084201	6.990206	6.891196	7.201346	6.941058	6.9016614	7.9450684	7.9448943	6.2498837	8.021353	6.14235	7.0610785	7.1227736	7.891469	7.3335013	7.3583093	6.814074	7.738634	7.2319655	7.708377	7.730054	7.6994696	8.182824	6.30974	7.8021827	6.992109	6.0616803	6.959917	6.2763925	7.3420362	6.3208814	6.310691	7.479965	6.751772	7.5012326	7.037022	7.2212462	6.1935053	7.3347774	6.5775695	6.972921	6.9430614	7.0345244	6.486904	7.8103843	6.873793
SUPV3L1_9975	3.6237552	2.987318	2.9909706	3.0594068	3.7147906	3.661585	3.7926803	2.1911569	3.7009227	3.7756202	3.6691785	3.4922628	3.2264056	2.7372885	3.2605107	2.7408507	3.6732368	3.3539796	3.5576375	3.6740434	2.581391	3.1031692	4.158812	3.415899	2.7541187	3.595438	3.3250897	4.0790167	3.3879275	4.0644393	3.6878698	2.7354863	3.8487759	3.038847	3.1064248	3.320974	3.303507	4.0339556	3.3383183	3.2640922	3.7711594	3.2525284	2.4416173	3.9890227	3.1498733	4.113659	3.4953897	3.288475	3.1230586	3.4641607	3.3545144
SYNE2_9977	2.98588	1.5310675	0.0	2.1159258	0.8140356	1.9685107	0.689121	1.1302094	2.3886938	1.59992	1.2341714	2.0718052	3.0294778	1.2732412	2.4910152	0.5594628	1.0488179	1.5083932	4.0499516	2.6198554	2.3986237	0.9628306	2.5404441	2.38735	3.1146789	3.340682	2.765496	2.4159133	1.1960433	1.8567106	2.3110406	1.6426728	1.2698381	0.7839461	2.5470278	0.9994701	2.2317815	2.0718946	1.5622083	0.6542548	0.0	2.2424579	0.7077145	2.6264875	1.4944088	0.0	3.011828	2.6126575	2.4591324	2.8118143	1.7911546
SYPL1_9979	5.5908422	6.2232265	5.8227477	5.9313107	5.891794	5.931233	5.8717523	6.00027	5.9804864	6.2019815	6.2448153	6.1979675	5.8056216	6.181113	5.7322574	5.581903	6.244476	5.768263	5.839675	6.21969	5.627237	5.832857	6.3941197	5.912826	5.53396	5.946143	5.715727	6.2960253	5.682379	5.7219396	5.8195076	5.756515	5.790167	5.707365	5.6870337	5.553551	5.945632	6.47249	6.0179176	6.2181373	6.128449	5.9239197	5.97854	5.9037127	6.07983	6.1591787	5.939719	5.894137	6.0976715	5.871361	5.966314
SYTL2_32351	3.3839397	3.097608	2.1619017	0.7371988	2.8206856	2.3445714	2.2245977	2.5249715	2.8787735	2.3398588	2.0551069	3.4922628	2.8013556	2.8829715	3.3566325	0.96157944	1.8765994	2.0267587	3.5576375	2.9293032	2.1892972	2.841842	2.930607	3.1471999	3.1146789	3.340682	3.3250897	3.1225834	0.0	3.0373778	2.9880874	2.1818647	2.3879235	2.204507	3.5085077	1.5842559	1.9846656	2.8892338	3.3383183	2.4829574	2.5996156	3.1694758	2.0586884	2.4668374	0.6833182	2.6368403	2.279205	2.4290519	2.2798173	3.0634718	3.4387813
TAGLN_9981	2.2557068	3.3854282	3.5993342	3.4599617	3.1011837	2.6425977	2.8324869	3.8750339	4.047455	2.8265579	2.956486	3.6478724	3.9934368	3.539506	4.424094	3.252017	4.55124	2.837896	2.9230795	4.855005	2.7435865	2.1116846	3.8924718	3.9550858	3.3130789	3.743284	3.9838378	4.341534	2.284903	2.786402	3.447053	4.2775726	2.1789894	3.9482906	3.5936723	2.1691005	3.1911995	4.0339556	3.9976015	4.358206	4.7851095	3.4763536	3.3920732	2.4668374	2.5476058	4.1670337	4.871027	3.0546732	3.411482	2.1194797	3.2650185
TALDO1_32399	6.622615	5.534806	5.293719	5.7465267	5.441446	6.336885	5.0901866	5.1964164	6.028096	4.952388	4.6890273	6.3416853	6.7127957	5.599045	7.0268946	4.901926	5.3223767	5.3781114	6.5327263	6.2053857	6.4339604	5.6403956	6.3837523	5.898276	6.8885245	6.6551666	6.1149697	6.76729	5.198516	6.652899	5.6870804	5.2929244	5.46094	5.6669426	6.1191926	4.9762535	5.380885	6.080044	5.799231	6.0155177	6.047966	6.0798755	4.819067	6.296973	5.0225058	5.9618835	5.829964	6.12318	4.871772	6.2080708	5.5207915
TATDN2_9984	5.493443	4.526692	4.304893	5.0449595	4.8976593	5.7711186	4.3205805	4.365758	4.6845293	4.1910696	3.8604286	5.4573073	5.2933	4.728286	5.561245	4.449145	3.732442	4.6429377	5.252226	5.121943	5.0150394	4.628089	5.0926113	4.469871	5.702634	4.724427	5.2861795	5.7549553	4.152537	5.1856456	4.741772	4.3791647	4.5157533	4.077273	5.208914	4.0864654	4.046838	4.8358083	5.0400114	4.649599	5.1617303	4.9965014	4.177663	5.648594	4.3917923	4.794461	4.9023523	4.423926	4.668027	5.106588	4.902835
TAX1BP3_32829	3.8293307	3.097608	2.3701787	3.8418446	3.223322	2.7713106	3.3483052	2.6667733	3.7009227	3.7211092	3.448644	3.9762692	3.1312993	2.5752249	3.2605107	3.252017	3.4086447	2.837896	2.9230795	3.1839569	3.3587008	2.636965	3.5655706	3.897724	3.7149374	3.9400225	3.5795677	3.474912	2.8125298	3.3471458	3.8453023	3.3501055	1.6401663	3.1603029	3.3214288	2.905972	2.4426951	2.8892338	3.4283133	4.231731	3.2054758	2.6625395	3.104098	3.8664052	2.6898494	2.7807593	3.791503	3.8233604	2.762189	3.174549	3.2650185
TBPL1_9987	2.4342844	1.8155732	0.76129264	2.5029805	0.8140356	2.6425977	1.7862632	1.4768263	3.4443936	0.5924607	0.92724514	1.8332136	1.7605959	2.3926249	1.5756721	1.275699	0.6176906	2.0267587	2.675235	2.9293032	1.9443585	1.9438806	2.6825488	2.5451083	2.6106799	2.2966683	1.5525111	3.410996	1.4443876	3.1481903	2.3110406	1.2719984	0.7703406	2.7601511	2.5470278	0.58460927	0.79861236	1.5472676	2.2945795	3.5018787	2.261813	1.8741015	2.0586884	2.4668374	1.7753943	1.8519349	1.1920056	1.9721766	1.1924393	2.506785	2.027206
TCEB1_33163	7.5294294	7.501277	7.4084325	7.3134623	6.9431915	7.3435464	6.889495	7.074161	7.407413	6.75688	6.633415	7.6227283	7.6426487	7.441939	7.583546	7.0925884	6.9407196	7.3626785	7.8471513	7.602705	7.431557	6.826192	7.5193977	7.4421606	7.9658465	7.515421	7.630768	8.044861	7.160088	7.7635393	7.095001	7.2109704	7.039461	7.197811	7.4372807	7.0101757	7.315036	7.3386035	7.0849233	7.546216	7.7039814	7.281814	7.4099708	7.3577194	7.069126	7.610531	7.1464396	7.120393	7.045592	7.178426	7.545345
TCERG1_9992	7.7266192	7.342338	6.2880993	7.3074007	6.670023	7.581592	6.8129954	6.9478674	7.794554	6.044405	5.8304014	7.8440747	7.7822375	6.8901343	7.7870045	6.4148498	5.9145713	6.827066	7.9864707	8.013151	7.687228	6.856049	6.8879027	7.736079	7.9323	7.832679	8.1261425	7.6611342	6.3483534	7.6830025	7.5217266	6.7044845	6.6811237	6.8641047	7.837197	6.256342	6.487539	7.1496754	7.4868674	7.1337495	7.0230546	7.6581845	6.6222725	7.816821	6.423176	6.919491	7.265657	7.4924164	6.5673227	7.428637	7.280052
TCF4_32341	4.777671	4.8752856	4.1996894	4.858544	4.4742694	4.7355237	4.364126	4.630994	5.2099624	4.7494607	4.068561	3.7198045	4.737421	4.9092603	4.5914803	4.1358805	4.178025	4.4534655	4.5696683	5.1816163	3.7885811	4.512859	4.252953	4.654355	4.2865996	4.1131234	4.1501555	4.1195726	4.220724	4.3225136	5.0091667	3.7034492	4.1647973	4.077273	4.7336545	3.8569942	4.109979	4.589258	5.32413	4.775837	3.7711594	4.947489	4.53372	4.602197	4.306021	4.1670337	4.1971946	4.846702	4.0931673	4.201315	4.712838
TDO2_9997	9.724725	8.9819355	9.230723	8.640826	9.480575	9.690247	8.9210005	8.568588	8.845459	8.880312	8.243411	8.898247	10.218694	8.392875	9.554016	8.295214	9.073133	9.222861	10.085164	8.977063	9.300479	8.9909115	10.490929	9.589859	9.939167	9.389766	9.15977	10.17369	8.913343	9.065683	8.698937	8.570648	8.835622	9.124783	9.516661	8.104853	8.655525	9.780773	8.899494	9.174107	9.274041	9.136828	9.38868	9.4703665	8.793964	9.5989275	9.0348425	9.424826	8.857172	10.500053	8.896551
TERF2IP_9998	4.117802	3.5496664	2.3701787	3.7009778	4.204518	4.0646806	4.181454	3.393861	3.4443936	4.1910696	3.3878083	3.4076753	3.0294778	3.539506	3.531564	3.4526122	4.178025	3.5178556	3.1345234	3.5884495	3.712247	3.180722	3.7704499	3.5707264	3.9113815	3.4306927	3.0159018	3.651246	3.1287267	3.7499197	3.6878698	3.7034492	3.9835975	3.3762684	4.2990336	3.458468	3.1911995	5.101213	2.4743395	4.1869826	4.2740407	3.6083453	3.4765677	3.3300724	3.4981349	3.671778	3.122376	3.580566	2.8927681	4.4860954	4.0339284
TERT_9999	3.8293307	3.097608	1.6252826	1.8748931	1.7112163	2.1687598	1.7862632	2.3676975	2.7331607	1.0112327	2.3383918	3.3178172	3.0294778	1.9388802	3.3566325	0.96157944	1.8765994	2.2295449	3.318902	1.9785899	3.0217755	2.841842	2.5404441	2.6873035	3.4874642	2.6363633	3.2292056	3.1225834	2.5195544	3.437199	3.2357452	1.2719984	2.3879235	2.4144073	2.157111	0.58460927	0.79861236	3.4077816	2.0891902	1.7203709	2.5996156	3.5438585	2.0586884	3.3300724	2.0104735	1.2047167	3.011828	0.0	2.4591324	2.9431233	2.9574547
TES_10000	1.1754036	2.987318	1.9183995	2.5029805	2.011671	1.4584783	2.5603254	1.7560883	3.3476372	2.0168164	2.4615827	2.455695	2.372859	3.62484	1.2144328	1.5335042	2.7821121	3.3539796	1.7631619	3.1839569	2.1892972	2.5224707	2.0039802	2.38735	1.8294263	2.2966683	1.5525111	1.5496027	2.5195544	1.2084577	2.5736196	3.013425	2.570392	2.597612	2.7084813	2.1691005	3.8389206	2.8892338	2.778033	2.8702326	2.4405787	2.6625395	2.99374	3.5846395	1.1451283	2.911615	2.074421	2.7755125	2.2798173	1.2253668	3.067424
TESK1_10001	4.9637265	3.2957203	2.8589911	3.6250265	3.335922	5.2144794	3.0613632	1.9899611	4.4247885	2.9263053	2.8701653	4.835695	4.412865	4.052019	3.7596574	2.7408507	2.399263	3.4382432	4.6748405	4.432127	4.119342	3.254318	3.8924718	4.06339	4.8939457	5.1786733	4.4343996	5.0143414	2.9792736	4.5814013	3.987233	2.7354863	3.619502	3.2723231	4.3488812	2.9990726	3.6815434	3.49237	3.9375708	3.2640922	4.226075	3.7861276	3.2066107	4.5632515	2.93812	3.4312084	4.2468505	3.8233604	2.6186037	4.4423666	4.0339284
TF_10003	16.688387	16.515219	16.253712	16.236254	16.638193	16.64409	16.591509	16.510504	16.365332	16.579895	16.63259	16.86218	16.710289	16.167694	16.815191	16.467865	16.516647	16.440756	16.592484	16.432434	16.858274	16.830318	16.705519	16.639784	16.59397	16.774347	16.813396	16.464146	16.634436	16.692305	16.595953	16.199945	16.407425	16.385391	16.344326	16.498451	16.310843	16.218134	16.671045	16.235346	15.710259	16.692263	16.428764	16.633303	16.433754	15.808153	16.58926	16.779297	16.572672	16.693428	16.165987
TFAM_33077	2.2557068	1.8155732	2.1619017	0.0	0.8140356	1.735917	0.0	1.7560883	2.1797314	0.5924607	0.92724514	2.8891323	3.3996527	2.1835182	3.1575243	0.96157944	1.3803144	0.6915133	3.1345234	2.6198554	3.1430392	1.2772086	2.8119028	3.1471999	3.1146789	3.340682	3.3250897	3.1225834	1.6561947	3.1481903	0.580436	1.2719984	1.9345882	0.7839461	2.7084813	1.3212922	0.79861236	1.8332981	2.2945795	1.9519659	0.70722115	2.6625395	0.7077145	2.9009168	1.4944088	2.6368403	1.8356827	1.9721766	1.1924393	2.3260906	1.7911546
TGFBR2_10008	5.2287517	5.230354	3.5993342	4.790639	4.7014403	4.532545	4.636899	4.665197	5.182173	4.665346	3.7194197	5.3019347	5.399156	4.803421	5.0879884	4.0964723	4.044227	4.4123907	5.2968464	4.9265103	4.4831705	4.628089	5.0926113	5.12332	5.2491565	5.0425544	4.557952	5.05673	4.4078493	5.049507	4.8694844	4.7262454	4.6021237	4.8654995	4.8764534	4.553574	4.170472	5.478313	5.096006	5.3833585	5.187006	4.947489	4.126278	5.1672235	4.214827	4.9848456	4.7384453	4.986309	4.704046	4.927862	5.0968685
THRB_32521	5.998377	4.8119817	4.354751	4.4379616	4.8604927	5.51948	3.8550549	4.323549	5.0031567	4.693933	4.2841916	5.8102098	6.0331206	4.225969	5.601038	4.014271	3.996721	3.6650012	5.8695235	5.1816163	5.275932	4.4825535	6.1950564	4.9078097	5.7717032	5.915293	5.5470214	5.661911	4.74535	5.667165	5.196201	4.427398	4.3257575	4.1376824	5.2877045	4.45842	4.389879	4.5103173	5.3702736	4.231731	4.1764603	5.598426	4.177663	5.6108966	4.724913	4.535035	5.305279	4.9181933	3.980205	5.6775246	4.712838
THRSP_33314	7.781291	9.055523	9.355358	8.569171	7.726273	8.0810995	8.74894	9.589129	9.218123	8.755342	10.289011	9.212185	10.430756	7.4122415	9.367606	7.5409	9.640878	9.49536	8.809785	9.080612	8.879675	9.51068	9.384241	9.023259	9.254456	8.800261	8.855031	9.408187	8.957725	9.842316	9.088378	8.821365	8.7026615	9.088897	9.293006	9.05558	9.504577	9.182379	9.154793	9.994458	9.395563	8.770104	9.152268	9.578076	8.070263	9.574444	8.897791	9.022197	8.662684	8.752263	9.578372
THY1_33010	2.5931726	2.053109	2.3701787	3.1704433	2.011671	2.3445714	2.4022055	2.5249715	3.3476372	2.0168164	2.2036915	1.8332136	2.6721666	3.2482674	2.4910152	1.9419785	1.3803144	2.7081409	1.1356703	3.1839569	1.2775879	2.1116846	2.6825488	2.5451083	1.5437274	1.2043949	2.621851	2.4159133	2.284903	2.0966876	2.4482956	3.013425	1.9345882	2.7601511	2.3652024	2.3210802	1.9846656	2.0718946	2.6341627	3.3477855	3.4754093	2.3964808	2.0586884	2.7702174	2.6898494	3.2451882	2.4585013	3.288475	2.075009	1.588432	2.4077895
TICAM1_10015	2.4342844	3.4698832	2.3701787	2.9391065	2.472159	3.788687	2.5603254	3.309873	3.7772083	2.3398588	2.0551069	3.6478724	3.4790516	3.7054071	2.9264696	2.109709	1.6496927	2.2295449	2.675235	3.9731874	3.1430392	2.636965	2.6825488	3.1471999	4.1375628	3.24468	2.8961248	3.474912	2.284903	3.1481903	3.07545	2.8811386	3.0101936	3.1603029	3.7502577	2.8064463	3.0694053	2.2765746	3.4283133	3.9926662	3.9589443	2.9874854	2.4416173	3.4200125	2.2125611	2.6368403	3.8569224	3.288475	2.6186037	1.8782536	3.1696014
TIMM22_10019	2.98588	4.220327	3.897257	2.8078547	4.0807066	3.9605298	4.131929	3.688074	4.1077867	3.927788	4.1068125	3.0088224	3.4790516	4.112363	4.332506	3.6829114	4.5837555	4.1378617	3.4823647	3.831355	3.2548962	3.574707	4.109333	3.8379865	3.1146789	2.6363633	3.4996274	3.651246	3.657633	2.9173408	3.2357452	4.0500264	3.8487759	4.0142226	3.9572527	3.6994612	4.046838	3.572272	3.7408574	4.4367547	4.4513865	3.8935378	3.63202	3.3300724	3.840789	3.940554	3.791503	3.7468808	3.8576405	3.9117455	4.0871205
TIMM9_10021	4.117802	3.097608	3.326985	3.2735412	3.1011837	4.0646806	2.951459	2.6667733	3.9844897	3.189834	3.81494	3.2219887	3.6939778	2.8829715	4.1297936	2.8396301	2.8900583	4.086562	3.6291769	3.2961977	3.1430392	3.180722	4.0049734	2.8167326	3.7834342	3.5154157	3.7272735	3.9043298	2.5195544	2.786402	3.07545	3.3501055	2.7323515	3.5640745	3.2179284	2.5840793	3.1911995	4.089322	3.3383183	4.0437536	3.4754093	3.331059	2.8742359	3.6604056	2.0104735	4.1670337	2.074421	3.4896183	3.1230586	3.4641607	3.6655471
TIMP1_10022	3.8918242	4.603475	4.304893	4.0880117	4.5694714	3.2840576	3.7274868	4.7312627	4.8348827	3.4797902	3.9473164	4.0892115	4.286138	3.923187	3.531564	4.0964723	4.260792	3.7333038	3.2296562	5.121943	3.7885811	3.973751	4.0049734	4.936576	3.2172866	3.4306927	3.8612514	4.5035305	3.798159	4.006783	4.5415487	4.6056614	4.3257575	4.547009	4.532649	3.3913584	3.9808064	5.205123	4.8249087	4.8350415	4.717334	4.4806437	4.647439	5.267545	4.691478	5.303603	4.7033043	4.2126923	4.3870535	3.7774107	4.643507
TIMP2_10023	2.736285	2.737684	0.0	2.8078547	2.472159	3.3678806	2.0220141	2.7958763	2.3886938	2.6036353	1.2341714	3.2219887	2.6721666	2.1835182	3.1575243	2.109709	1.3803144	0.6915133	2.675235	3.4974551	0.775823	2.9343114	3.1422062	2.6873035	3.4874642	2.6363633	3.2292056	3.0404751	1.4443876	2.3023815	2.895092	1.6426728	1.2698381	2.4144073	3.1064248	2.3210802	1.6862907	2.455791	3.1395056	2.7523265	3.555222	2.7791781	1.1804214	2.6264875	2.0104735	2.6368403	2.617958	3.288475	2.4591324	2.3260906	2.4077895
TIPARP_10024	4.358093	5.592454	4.1440635	4.9547606	5.1340365	3.661585	4.2293363	4.406767	4.603037	4.636182	4.2504177	4.0892115	4.412865	3.539506	4.2347074	4.318231	4.413313	4.9022617	3.8246934	5.495572	4.388235	4.354535	4.503321	4.936576	3.5673409	4.057699	3.8612514	4.948328	4.1171956	4.1198797	4.6593394	5.2398915	5.064406	4.305072	4.7336545	4.2469234	4.046838	4.929807	4.791384	5.3431377	5.5794387	4.7615075	5.137241	4.3960176	3.7784617	5.915852	4.6672864	5.082807	4.631086	4.397271	5.24465
TJP1_10025	7.2119036	6.8771276	5.5927734	6.820757	6.5928073	7.21364	6.2653866	6.2573028	6.6820664	6.2888765	5.483158	7.1364765	6.6541333	6.676921	7.2622566	5.8182697	5.6486483	6.2715955	7.1645803	7.286713	6.5260267	6.6049123	6.513041	6.841196	6.7239985	6.7456284	6.193289	6.8419046	5.798485	6.956812	6.6518483	6.363874	6.257519	6.652674	6.964346	5.917821	6.7478914	6.947286	6.671121	6.855	6.994707	6.853328	6.0765495	6.464858	5.930195	6.965408	6.7413034	6.540605	6.0840683	6.8167973	6.730697
TLE1_10026	4.934336	4.4455914	3.326985	3.9074347	4.14394	4.4580016	3.512115	4.235235	3.9844897	3.927788	3.1882064	4.5891457	3.6939778	3.62484	3.8283224	3.5723524	3.896741	3.4382432	4.740924	4.779769	4.1772795	3.685282	4.158812	4.3466787	4.2865996	4.267662	4.041434	4.341534	3.3273613	3.602016	4.2350254	3.1345942	4.3756533	2.7601511	4.080398	3.3913584	4.389879	4.089322	4.055234	3.6410902	3.3011763	4.4806437	3.63202	4.0466323	3.047878	4.1670337	4.4299655	4.3221717	3.8576405	4.4423666	4.370676
TLR1_10028	2.0518599	1.8155732	0.76129264	2.1159258	2.6569214	1.4584783	1.7862632	2.1911569	2.8787735	2.0168164	0.92724514	2.2764814	1.4809296	2.3926249	1.8643311	0.0	1.3803144	0.6915133	1.483266	4.102316	1.9443585	1.9438806	1.769281	2.6873035	2.2723026	2.2966683	2.282898	2.1285868	1.8408495	1.5686922	2.159341	0.0	2.1789894	0.0	3.5085077	1.3212922	1.3096737	0.0	2.9088483	1.4443535	0.70722115	3.2525284	0.0	1.5561608	0.6833182	2.0916321	2.8921008	1.2997124	1.5499562	1.588432	2.708643
TM7SF2_10031	5.276378	6.2232265	5.507178	4.719379	4.7014403	4.6709857	5.1158886	5.7838545	5.153837	4.721964	5.1214943	5.9058294	5.225846	5.1868963	5.030861	5.2095604	4.9508114	5.5583673	4.6748405	5.210552	4.4831705	5.174639	4.297816	4.258289	4.2865996	4.984295	4.77723	4.1590195	4.0809665	5.020667	4.741772	4.837524	6.1469316	5.1557508	5.478927	4.4908404	4.170472	4.8678265	5.32413	5.569188	5.418032	5.319029	4.647439	4.848835	5.126247	4.7601357	5.183061	4.809582	5.0779867	4.2528553	5.37869
TM9SF2_10032	7.443375	7.157344	6.1395693	6.935252	6.860896	7.051986	6.7404966	6.8094482	6.7017736	6.307496	6.002588	7.309639	7.2371707	6.973835	7.501818	6.4775476	6.2342706	6.9397597	7.263446	7.224237	7.0602956	6.8201456	6.9802504	7.2203145	7.3782406	7.463055	7.1897793	7.236996	6.378517	7.0877085	6.707607	6.527709	6.7008305	6.873017	7.193069	6.5988636	7.181782	7.034502	7.1325555	7.2140017	6.980322	6.9866676	6.649827	7.1565514	6.622615	7.0601487	7.0307207	7.150392	6.5376883	6.9160504	7.268585
TMCO1_10035	7.036295	7.7282577	7.5648913	7.665916	7.7365665	7.0003905	7.737879	7.432933	7.460434	7.655262	7.5448728	7.123275	7.594434	7.733676	7.2245393	7.507487	7.757357	7.8708344	7.1030936	7.671961	7.199615	7.4209614	7.0209575	7.686133	6.9344335	7.066621	6.999454	7.760653	7.614392	7.1883907	7.239133	7.611444	7.7374663	7.821533	7.454459	7.352093	7.7160163	8.04658	7.621733	8.116723	7.9854426	7.372798	7.7441163	7.0408263	7.527994	8.10688	7.70376	7.462836	7.752614	7.0961576	7.781502
TMEM176A_32932	7.8339663	7.689156	6.782885	7.717114	6.712359	8.286219	6.2067957	6.754907	6.730839	7.114973	6.9445353	7.5156546	8.775029	7.441939	8.177561	6.349303	6.361617	7.2622285	8.607671	7.188322	8.054881	6.706741	8.863895	7.883717	8.109511	7.707723	7.4930544	8.587011	7.630148	8.280905	7.44998	6.363874	7.0851636	6.556377	8.544263	5.964741	7.267362	7.33288	7.878766	6.672274	7.645923	7.778669	7.196129	8.353314	6.531072	7.3295965	8.450372	7.7926702	7.0870996	8.199941	6.7799897
TMEM176B_33294	9.796922	10.076224	9.876451	9.821293	10.383762	9.77617	10.191393	9.90309	9.582055	9.783904	9.091677	9.521098	10.242354	10.046309	9.80464	10.147382	10.284547	10.324868	9.8731575	9.859395	9.659277	10.081461	9.512299	9.819565	9.7973	9.890725	9.188736	9.613809	10.311278	9.616404	9.671143	9.72767	10.113084	10.195417	10.706407	10.090376	10.087407	10.518974	9.717875	10.486191	10.337789	9.742646	9.979727	9.730867	10.393099	10.849289	10.066683	10.328586	9.970973	10.1763735	10.30526
TMEM43_32474	2.98588	2.8678937	1.6252826	2.5029805	3.223322	2.6425977	2.4022055	2.6667733	3.4443936	3.0196002	2.0551069	1.8332136	2.372859	3.1364734	2.4910152	2.7408507	1.6496927	2.2295449	1.9974787	3.2961977	2.581391	2.7430372	2.5404441	3.0452297	2.884577	1.851524	2.077968	2.65541	2.1515164	2.0966876	2.9880874	2.3909085	3.1313257	2.204507	2.3652024	1.9992051	2.4426951	2.8892338	3.1395056	3.5018787	2.7428484	2.5356345	3.104098	2.4668374	2.93812	3.142335	2.8921008	1.9721766	3.2257414	2.506785	2.838406
TMEM5_10045	4.2187696	3.6252677	2.713711	3.5448534	3.8724551	3.661585	4.0806427	3.309873	3.849662	3.9751415	3.448644	3.8537283	3.759049	3.9890406	3.446748	3.100898	4.090219	3.7333038	4.198454	4.039196	3.9301062	2.841842	3.8327506	3.8379865	4.0289	3.743284	4.041434	3.5361161	2.284903	3.602016	3.5111294	3.4468794	3.619502	3.3762684	3.8915	3.0865276	4.284343	3.8538375	3.6688373	3.7059622	3.3909214	4.174781	3.5563867	4.0466323	3.3344872	3.671778	3.8569224	4.3739457	2.8927681	3.846141	3.5183966
TMEM50A_10046	8.0985985	8.701026	8.374275	8.645639	8.48412	7.703565	8.332968	8.568588	8.573277	7.753593	7.7491307	8.202113	8.274719	8.609865	8.241903	8.1868105	7.953618	8.608367	7.937992	8.618012	8.0471325	8.317225	7.6677685	8.357859	7.951033	8.106314	8.004705	7.543101	8.101788	8.116868	8.07654	8.450334	8.51504	8.482146	8.647458	8.332099	8.313855	8.186447	8.412915	8.3220825	8.277841	8.337861	8.536949	7.9920044	8.428381	8.231121	8.254907	8.458741	8.267759	7.902016	8.611229
TMEM97_10047	4.638807	3.8933594	3.897257	3.8418446	3.5377576	4.6034255	2.7028143	3.4732275	4.047455	2.6036353	3.324294	3.8537283	4.704761	3.2482674	4.5102134	3.735168	3.6732368	3.3539796	5.2061815	2.9293032	4.119342	3.787982	4.424596	3.7105362	5.0959854	4.9235835	4.557952	4.831115	3.5557184	5.049507	3.2357452	3.7034492	4.22047	3.9482906	4.3488812	3.3913584	4.488219	3.0089254	4.2651753	4.3172674	4.881152	4.174781	3.5563867	4.816079	3.047878	4.1670337	4.513486	4.26847	3.5760143	4.397271	3.2650185
TMSB10_32772	6.8203306	7.4080296	6.7271895	7.495102	6.773621	6.7885923	6.820831	6.8017817	7.921837	7.0051966	6.3522096	7.069225	7.287664	7.752759	7.415181	7.198748	7.0200853	6.5805435	6.666264	8.35193	6.931545	7.154012	6.843201	7.616729	7.014984	6.8553386	6.9774895	7.426715	6.21262	7.0237446	7.619442	7.3798127	6.8317204	6.9841237	7.477051	6.692437	7.3546815	8.032525	7.4497423	7.644646	8.116192	7.673336	7.2023454	7.1824827	7.0820856	7.978408	7.5391355	7.2156944	7.3709464	6.544304	7.6103787
TNFRSF1A_32996	3.4683857	3.2957203	2.8589911	2.663456	2.472159	3.522194	2.4022055	2.7958763	3.0110276	1.3353969	2.8701653	2.2764814	3.3996527	3.2482674	3.2605107	2.9320772	2.2451668	2.837896	3.6291769	3.0622413	3.1430392	2.2619886	2.3827975	3.1471999	3.2172866	2.911122	3.2292056	3.273985	2.5195544	3.251095	3.07545	3.1345942	2.7323515	2.4144073	2.9855762	2.8064463	1.6862907	3.2220936	2.0891902	2.9792266	2.992627	2.5356345	2.4416173	3.9890227	2.2125611	3.812416	3.122376	3.3925493	2.762189	3.5490766	2.027206
TNIP1_10051	6.613372	5.3465996	3.897257	5.3104234	4.4742694	6.4373107	4.7396665	5.0226336	5.7348247	4.576022	4.1804013	6.2595987	6.44264	5.0392876	6.314143	4.5691614	4.044227	4.712268	6.3542304	5.6723776	6.243697	5.4182487	6.0969267	5.898276	6.2901516	6.548634	6.0034575	6.431053	4.4651933	6.350862	5.6448603	4.223962	4.760747	4.8293266	6.0901766	4.7538667	5.00252	5.370696	5.7477226	5.074966	5.0831337	5.749038	4.53372	6.475385	4.7575912	5.350499	6.069576	5.2021847	4.430701	6.308916	5.3132257
TNNT1_33317	1.5299913	2.987318	1.9183995	2.3223944	2.011671	2.5012665	2.0220141	1.7560883	2.8787735	2.0168164	1.4871172	2.0718052	1.4809296	3.0152833	1.8643311	2.5203478	1.8765994	2.5655518	2.5332706	3.1839569	2.1892972	1.9438806	0.68006337	2.9355001	1.5437274	1.5639434	2.282898	1.9601587	1.6561947	0.7272255	2.5736196	1.9373132	2.3879235	0.7839461	1.9138626	1.5842559	1.3096737	2.0718946	1.8496284	0.0	2.5996156	2.2424579	2.0586884	2.0821931	2.5476058	0.72461534	2.279205	1.2997124	2.075009	1.588432	2.2300112
TOMM34_10055	4.9637265	5.1039143	4.0862064	4.719379	4.4742694	5.4442406	4.487392	4.4854455	5.366318	4.2306314	3.7194197	5.101099	5.693573	4.5213094	5.2469354	4.757803	4.3766675	4.6069818	4.7082605	5.829861	4.950048	4.5425406	4.716597	5.019585	5.0687976	4.7595882	4.7077756	5.2517867	4.520345	5.1856456	4.768235	4.3292627	4.5157533	4.251405	5.0672064	4.1282835	4.787609	5.101213	5.2520237	4.511247	4.6822133	5.0203977	4.0729947	4.6401196	4.4727483	4.9241333	4.9924436	5.14373	4.247581	5.16156	5.044041
TOMM70A_10058	5.6642876	5.6836934	5.6337395	5.781932	5.796619	5.8015833	5.973666	5.903299	6.204224	5.952752	6.0126963	5.519093	5.758662	5.9192367	6.2530107	5.493647	6.1821337	5.951464	5.5936418	6.2755284	5.9599166	5.496161	6.0452394	6.2357554	5.5924034	5.4175487	5.5667706	5.913284	5.5692406	5.610228	5.7679863	5.756515	5.8443303	5.6872954	6.060565	5.374005	5.4312	6.038449	5.881191	6.0658164	5.6538396	5.777362	5.5996485	5.406049	5.335529	5.991775	5.797008	5.802644	5.8143377	5.7330236	5.893527
Topbp1_34126	3.6237552	3.8308609	2.8589911	3.0594068	4.014574	4.0646806	3.2588525	3.688074	3.6203768	3.4797902	2.8701653	4.1939507	4.0465326	3.2482674	4.5102134	2.7408507	3.6732368	3.2644873	3.5576375	3.7548423	4.1772795	3.685282	4.109333	3.7105362	3.9113815	3.743284	3.4149964	4.621186	3.4460533	3.52196	3.6878698	3.537568	3.1313257	3.2723231	3.3214288	1.9992051	2.7898166	4.089322	3.5130224	3.1752434	3.8990247	3.4055345	2.99374	3.9890227	3.840789	3.7438102	3.791503	3.8959892	3.411482	3.4641607	2.9574547
TOPORS_33193	3.9517226	4.1707234	3.2234385	2.9391065	3.223322	3.9605298	3.587535	3.815366	4.3765597	3.2679667	3.5070176	3.5721645	3.4790516	3.0152833	4.016648	3.0189555	4.044227	3.4382432	4.0499516	4.2766256	3.6316473	3.0212092	4.109333	3.897724	3.0042105	3.141831	3.7272735	4.3754215	3.0559347	3.6778624	3.5724802	3.1345942	3.9835975	2.597612	4.4436893	2.4585645	3.4077	4.2437115	3.9375708	4.1408014	4.532502	4.335803	3.104098	3.8664052	3.4981349	4.218504	3.4953897	3.580566	2.6186037	3.629271	3.5938473
TOR1A_10061	5.969691	5.301219	4.701566	4.985458	4.8976593	5.846107	5.0640182	4.665197	5.0031567	4.5132446	4.7385936	5.4573073	5.7744856	5.070042	5.4348235	4.35209	4.6466675	5.0701213	5.5756464	5.266739	5.221896	4.2504673	5.863194	5.53426	5.8694773	5.563964	5.506693	5.5176296	5.0377	5.1327214	5.156683	5.0980964	5.1812468	4.900788	5.362414	4.553574	4.8628597	4.589258	5.176123	4.973223	4.7851095	5.299631	4.683437	5.919218	4.9676967	5.7154636	5.351407	4.846702	5.282401	5.7510586	5.1970515
TP53_10062	5.179499	5.130104	4.4495783	5.1298494	4.7014403	4.82722	5.037367	5.1728354	4.904565	4.7494607	4.5007634	5.073909	5.2933	4.476096	5.695968	4.5400805	4.5837555	4.678019	5.182596	5.121943	5.0772285	4.285997	5.1178517	5.072385	5.3654413	5.4175487	5.4652047	5.4713736	4.4651933	5.2366967	5.1160517	4.0500264	4.5157533	5.1557508	5.386482	4.0864654	4.4398866	5.370696	5.1499085	5.099319	4.4090514	4.7615075	4.2752476	5.6298685	4.2611446	4.4077783	4.8390064	4.9181933	3.7922184	4.98993	5.0968685
TP53BP2_10064	3.3839397	3.2957203	3.5993342	3.4599617	3.4403665	3.9605298	3.659207	2.7958763	3.0110276	3.3420844	3.115025	2.6150863	3.8213115	3.539506	3.531564	3.0189555	3.6114979	3.1690745	2.8044732	3.4974551	2.3986237	3.6310537	3.6371455	3.7105362	3.1146789	3.743284	3.3250897	3.3441162	2.8125298	3.1481903	2.895092	1.9373132	3.619502	3.1603029	3.8915	2.6995428	3.6815434	3.6479805	3.5130224	3.8847218	2.8731365	3.331059	3.3920732	3.0207527	2.6898494	3.671778	3.4107835	3.288475	2.6186037	3.0634718	3.3545144
TPD52L2_10067	5.552668	5.3687654	5.7123384	5.28597	5.4909263	5.463422	5.2143483	5.433164	5.791102	5.087805	5.0447555	5.7427506	5.6768312	5.100155	5.62053	5.43166	5.536844	5.9077983	5.5202723	5.829861	5.4967923	5.2304153	4.8730197	5.2661505	5.4936395	5.7502966	5.6244464	5.7158117	5.5822587	5.5100365	5.361747	5.7752724	5.6142898	5.4695616	5.7440305	5.5067577	5.1298456	6.107122	5.4795613	6.138121	6.0887685	5.3757043	5.440467	5.4494114	5.0225058	6.3443418	5.657097	5.7250276	5.282401	5.4535427	5.908381
TPM2_32337	1.1754036	3.3854282	2.713711	1.2227256	2.472159	2.1687598	2.4022055	2.3676975	3.6203768	2.4777672	1.2341714	2.455695	2.6721666	1.9388802	2.6512198	2.5203478	3.1725283	1.1570135	2.5332706	2.6198554	2.1892972	1.9438806	2.0039802	2.8167326	2.0677924	2.4764907	1.5525111	3.474912	0.8958736	2.0966876	2.3110406	2.7354863	1.6401663	1.9587818	1.6211139	2.1691005	1.9846656	3.49237	3.0287817	3.0805616	4.5714116	2.5356345	2.0586884	1.1977407	1.1451283	3.940554	3.4107835	1.6747757	1.5499562	0.7390483	2.2300112
TRAK2_10073	4.2667212	3.3854282	1.6252826	2.3223944	2.8206856	4.0135446	3.2588525	2.3676975	2.8787735	3.1072266	3.5070176	3.2219887	3.2264056	1.6441145	3.7596574	2.109709	2.9904869	3.066902	4.3330874	2.9293032	3.3587008	2.1116846	2.930607	3.0452297	3.8488257	3.8773775	3.2292056	3.9500241	2.406994	3.251095	3.07545	0.77186805	2.570392	0.7839461	2.9855762	2.6995428	2.4426951	3.0089254	2.778033	3.5018787	2.261813	2.887088	1.5358759	3.5846395	2.8193185	3.031582	2.4585013	3.4896183	2.4591324	3.0634718	2.9574547
TRAP1_10074	6.6945	6.3842196	5.750088	5.866822	6.44999	6.9468813	5.9016123	5.903299	5.7348247	5.6801505	5.5540886	6.620665	6.745277	5.4666176	6.395598	5.7308908	5.9017324	5.8627696	6.893906	6.116449	6.1013103	5.680997	6.7734404	6.3470836	7.000669	6.8553386	6.480364	7.09676	5.5428467	6.82123	6.0846095	5.368989	5.413955	5.6669426	6.357004	4.9297123	5.701008	6.4302287	6.156032	6.481648	6.2533484	6.178747	5.708474	6.454253	5.592596	5.93136	5.998881	5.980172	5.282401	6.755581	5.966314
TRAPPC3_10075	3.1985953	3.5496664	3.5141387	3.0594068	3.1011837	3.1950624	3.1634846	3.4732275	3.9844897	2.719398	2.4615827	3.1193392	3.0294778	3.4488056	3.2605107	3.178435	2.6654315	2.4073083	3.4823647	3.2961977	3.5462768	2.636965	2.2057867	3.3317733	3.4874642	4.00006	3.7272735	3.5948293	2.8983095	3.9467263	2.895092	2.3909085	2.570392	3.3762684	3.5085077	2.905972	3.6815434	3.2220936	3.3383183	1.4443535	3.7711594	3.4055345	3.104098	2.9009168	3.4186301	3.5159345	4.0370674	3.288475	3.1230586	3.3739324	3.2650185
TRAPPC6A_10076	4.9637265	5.412101	5.4394746	5.358121	6.0487275	5.555678	5.454869	5.5658197	5.316059	5.36168	5.377605	4.899036	4.8904743	5.419629	5.32029	5.6515374	5.7380347	5.877936	4.5328355	4.8178773	4.4364834	4.9270926	5.167044	4.9078097	4.984019	4.9235835	4.251255	4.676601	5.3122706	4.6583104	4.5719104	5.73751	5.946914	5.7659516	4.616441	5.3208947	5.1298456	6.247597	4.6858673	6.11442	6.3460236	4.4806437	5.1629677	4.748248	5.555908	6.0779037	5.233197	5.5782604	5.5629745	4.8294463	5.481599
TRIAP1_32347	4.485139	4.403265	4.402944	4.24848	3.9452639	4.6034255	4.364126	4.280068	4.326662	4.3066416	4.6635904	4.0338454	3.9934368	4.170284	4.332506	4.055957	4.9000707	4.370112	4.1011696	4.8912005	4.5283937	4.285997	4.464495	4.114638	4.333043	4.00006	4.671753	4.1195726	4.378299	3.6778624	4.3445973	3.7797458	4.5595846	4.935233	4.6956315	4.208451	4.825725	5.2544	4.448411	4.4367547	4.532502	3.9443858	4.4937305	4.0466323	3.9579048	4.860753	4.630346	4.518974	4.247581	4.2528553	4.60755
TRIB1_10078	6.257645	6.2232265	5.4394746	4.858544	6.3596463	5.236946	6.0556335	5.219618	5.89747	4.4808006	6.138044	6.159684	6.2180586	5.681025	4.668412	5.53845	6.105824	4.9022617	6.1135497	5.1816163	6.071065	4.834144	6.2185802	5.148129	5.946181	6.4444485	6.57116	6.3818865	5.7063594	5.1327214	4.510535	5.127592	5.506442	4.935233	5.478927	4.425254	4.8628597	5.498905	5.9886336	5.6036453	5.1098113	6.0336595	4.4102645	5.5524373	6.227108	5.8683033	6.45479	5.7643576	5.830722	6.1275234	5.2907276
TRIM13_10080	2.736285	1.5310675	2.8589911	2.1159258	2.011671	2.9986892	2.0220141	2.5249715	2.8787735	2.9263053	1.2341714	1.8332136	2.919921	1.6441145	3.3566325	1.7521499	2.6654315	2.9569383	2.675235	3.1839569	2.3986237	2.1116846	1.769281	3.2424362	3.7149374	2.4764907	2.8961248	3.3441162	2.7213259	2.786402	2.4482956	1.6426728	1.9345882	2.204507	1.9138626	1.3212922	2.2317815	2.8892338	2.0891902	3.4268885	3.3011763	1.6473541	3.4765677	2.0821931	3.047878	2.297121	2.7615314	2.9218345	2.8927681	2.9431233	3.5183966
TRMT6_10088	2.98588	0.70487076	1.6252826	2.5029805	1.3312725	2.1687598	1.5043167	1.4768263	2.5711837	1.0112327	0.53686917	2.6150863	2.8013556	1.6441145	1.5756721	0.96157944	1.0488179	0.6915133	2.1990027	2.7828603	2.3986237	1.7539579	2.0039802	2.2101986	2.2723026	2.6363633	2.282898	3.474912	1.6561947	2.3023815	2.7956865	0.0	2.1789894	0.7839461	2.853671	0.9994701	1.6862907	1.8332981	2.2945795	1.1027291	1.1797101	1.3782007	0.7077145	2.6264875	0.0	1.8519349	3.122376	1.9721766	0.7160639	2.9431233	2.2300112
TSKU_10094	8.364066	7.314059	5.484961	6.9114704	7.422717	7.654338	7.566729	7.048476	8.4329405	7.1096783	6.5525775	7.8074	8.0591135	5.7203317	8.807316	6.9170885	5.4156413	7.632323	8.651281	7.9883018	8.561234	5.733413	7.7905693	8.01427	9.006594	7.073623	9.440962	7.8686953	6.8460865	8.760216	8.231976	6.164865	6.7394547	5.876436	7.9863834	7.091705	4.825725	6.582703	7.842397	7.7637014	7.2618146	7.757498	6.391478	8.412032	4.820807	6.105507	6.651975	8.049056	7.0870996	8.10847	6.1649346
TSPAN3_10095	4.5251174	5.3465996	4.304893	5.235784	4.4742694	4.114065	4.364126	4.794435	4.798738	4.665346	4.471745	4.0892115	3.9934368	4.9092603	4.668412	4.732318	4.7361727	4.4123907	4.0499516	5.266739	4.2329803	4.6001325	4.3413258	5.2200937	3.9713368	4.1131234	3.5795677	4.7559257	3.657633	4.50016	4.30899	4.837524	4.5157533	4.501759	4.488855	4.208451	4.534984	5.278421	5.0400114	4.745298	4.7516193	4.6738243	4.572631	4.3960176	4.166973	5.099104	4.9023523	4.518974	4.3420444	4.5285373	4.872856
TSPAN4_32769	3.0961545	2.737684	2.1619017	1.5853512	2.2602103	2.8894746	1.7862632	2.1911569	3.6203768	1.59992	1.2341714	3.1193392	2.8013556	2.1835182	3.2605107	1.275699	1.6496927	2.0267587	3.4823647	2.7828603	2.889376	2.1116846	3.0402825	1.773262	2.6106799	3.4306927	3.1264923	3.410996	0.8958736	2.6423824	2.9880874	0.0	1.2698381	0.7839461	2.3652024	0.9994701	2.2317815	1.5472676	3.242334	1.4443535	2.8731365	2.887088	2.0586884	3.504673	2.0104735	2.6368403	3.4953897	0.7915216	2.8927681	3.2776825	2.2300112
TSPAN8_33212	2.736285	2.987318	1.6252826	2.3223944	0.8140356	1.735917	1.7862632	1.9899611	1.9352914	2.0168164	0.92724514	0.0	2.372859	2.1835182	2.3107724	1.7521499	2.8900583	1.1570135	0.0	2.6198554	1.9443585	2.1116846	1.488839	2.5451083	1.8294263	1.851524	0.0	2.9534101	0.8958736	1.8567106	2.9880874	1.9373132	2.1789894	1.2890483	0.758765	1.5842559	1.9846656	3.2220936	2.0891902	2.9792266	2.4405787	1.8741015	2.99374	1.8430203	1.4944088	2.0916321	2.279205	2.7755125	1.5499562	2.506785	1.5087776
TSR1_10097	5.0207696	4.8752856	4.538555	4.5241194	4.7014403	5.5909896	4.0806427	4.8549566	5.2099624	4.108535	3.81494	5.414596	5.399156	4.225969	5.581279	4.4175134	3.9475968	4.678019	4.8041124	5.447765	5.1941	5.1166196	4.9869895	5.310782	5.90065	5.279017	5.4652047	5.287822	4.220724	5.2860026	5.095299	4.0500264	4.274074	4.8654995	5.006382	4.2843966	4.666819	5.04631	5.0400114	5.170004	5.000007	4.5479527	4.366648	5.5524373	4.2611446	4.860753	5.37393	4.9526534	4.554239	5.18828	4.872856
TST_33151	8.648258	9.284103	8.761519	8.894389	9.056486	8.633922	9.091001	8.990565	9.119005	8.847288	9.008248	8.858964	8.855341	8.92581	8.945106	8.898114	9.249427	9.034373	8.980207	9.145734	8.749657	8.798287	8.824194	8.761114	8.769671	8.58192	8.622414	8.832441	8.852856	8.907298	8.734602	8.891817	8.824437	9.085067	8.544263	8.984784	9.063035	9.073327	9.172806	8.997492	9.012945	8.970465	9.015982	8.815691	8.846174	8.995969	8.815849	8.99145	9.184864	8.878634	9.0881195
TSTA3_10098	3.548161	4.220327	4.0862064	3.7009778	4.0807066	3.9054923	3.659207	3.7531235	3.6203768	4.150392	4.215834	3.9162993	4.0465326	4.052019	4.379027	3.9271011	4.260792	4.570107	4.1011696	3.831355	3.2548962	4.138305	3.949819	2.9355001	4.1375628	4.00006	3.9838378	3.8083558	4.1171956	3.7499197	3.7422786	3.9870539	3.4435291	3.8066347	4.3488812	3.9990063	4.170472	4.989234	3.8749332	4.745298	5.0831337	3.840832	3.772339	3.4200125	3.4981349	4.1670337	4.4299655	3.965136	4.3420444	4.201315	4.4129558
TTC17_32457	4.6747956	4.526692	3.5993342	4.4379616	4.8223433	4.8565345	4.2756796	4.996006	4.221371	4.8544893	4.471745	4.0892115	3.6939778	4.279584	4.8772855	3.834324	4.5837555	4.493403	4.5328355	4.432127	3.5462768	4.571624	4.781215	4.2119765	4.3780375	4.217966	4.4343996	4.1590195	4.005659	4.2247515	4.2350254	3.537568	4.79782	3.8066347	4.488855	4.0433984	4.170472	4.664103	3.9976015	5.1928163	4.7516193	4.2167525	4.366648	4.206825	3.900535	5.0713763	4.6672864	4.732349	4.2955856	4.397271	4.1879597
TTPA_33200	10.132342	10.958485	10.9311695	10.830041	10.9773445	10.129073	10.889729	10.809814	10.846428	10.9156685	10.6596775	10.115859	10.2121725	10.735548	10.294771	10.733527	10.8517065	10.973072	10.250251	10.971748	10.247875	10.787357	10.190671	10.823587	10.064028	9.969795	10.076503	10.251595	10.872208	10.031282	10.450933	10.986294	10.902434	10.945156	10.468539	10.650441	10.883222	10.932978	10.731453	10.953824	11.043649	10.556576	11.100064	10.111857	10.796938	10.990613	10.346248	10.710997	10.985883	10.145174	11.129563
TTR_10102	16.47992	15.634624	15.721573	15.623769	15.653735	16.254519	16.024807	15.948876	15.932088	15.906191	16.532064	16.44318	16.015644	15.558086	16.00264	15.502824	16.357773	15.770273	16.253248	15.993339	16.020563	15.94748	16.2468	15.467931	16.843575	16.480629	16.384626	15.757754	15.844396	16.370138	15.714564	15.791218	15.6001625	15.3548565	15.230857	15.92279	15.338143	15.137109	15.721186	14.864317	14.985787	15.759117	15.950906	16.061008	15.699287	14.522414	15.564715	15.587828	15.822685	16.193823	15.710453
TUBA1C_32945	2.98588	3.3854282	2.713711	3.0594068	3.1011837	3.9054923	3.7274868	3.393861	3.4443936	3.4797902	4.2504177	3.4922628	3.4790516	2.5752249	3.3566325	3.0189555	3.7893128	2.5655518	4.1011696	4.039196	3.0217755	3.254318	3.6371455	3.415899	3.2172866	4.00006	3.7958171	2.7617311	2.9792736	3.251095	3.447053	2.7354863	1.9345882	3.038847	3.5085077	3.2469792	3.1911995	3.119443	3.5130224	4.0437536	3.2054758	3.1694758	3.4765677	4.10203	3.4981349	2.297121	3.011828	2.4290519	3.1230586	3.3739324	3.6655471
TUBB2A_10104	5.4316826	5.592454	4.581067	4.4816837	4.204518	5.642388	5.165958	5.1964164	5.237227	4.413638	4.786514	5.046196	4.637135	4.225969	5.32029	5.55308	4.999828	5.2440724	5.5202723	5.347118	4.7354136	4.3876204	4.5779715	4.936576	5.1998844	5.4821253	5.2861795	5.0356913	4.5734663	5.8088484	5.0311866	5.0980964	5.2363	5.604102	4.3488812	5.0433664	5.5946484	5.278421	5.096006	5.6863503	5.6718554	4.7615075	4.819067	5.4706135	4.7575912	5.0713763	5.2816496	4.809582	5.5029	4.8630033	5.335379
TUBB4B_34097	2.736285	3.3854282	2.552146	3.0594068	3.1011837	2.9986892	2.8324869	2.7958763	1.9352914	2.6036353	2.7783492	3.0088224	3.6258323	1.2732412	2.7953992	2.5203478	2.399263	2.2295449	3.8246934	2.9293032	2.581391	2.3981004	3.410797	2.008209	3.4029047	3.9400225	3.1264923	3.7578633	2.9792736	3.6778624	2.159341	3.1345942	2.1789894	1.9587818	2.9855762	2.5840793	2.6266706	3.0089254	3.0287817	3.4268885	3.3011763	3.0813484	2.6006784	3.9290164	2.2125611	3.5159345	3.122376	3.0546732	2.6186037	1.8782536	2.9574547
TUBB5_10105	3.9517226	5.130104	3.4235945	4.8249907	4.424204	4.0646806	3.7926803	3.9323316	4.938183	3.7211092	3.8604286	4.835695	4.9192286	4.052019	4.4677963	3.513724	3.6732368	4.570107	4.289591	5.059695	4.5283937	3.973751	3.1422062	4.754689	4.0289	4.1131234	4.096819	4.992671	3.198022	4.5814013	3.8941805	3.537568	3.619502	4.305072	4.6565795	3.753906	4.046838	4.8358083	5.176123	4.891912	4.4090514	4.6738243	4.22728	4.482056	3.900535	5.279571	4.5924344	4.518974	4.0931673	2.506785	4.872856
TUBG1_10107	4.4440207	3.6252677	3.2234385	1.5853512	3.628988	3.9605298	3.1634846	3.2206914	3.7009227	3.189834	2.4615827	3.2219887	3.554308	3.7054071	4.1832037	3.178435	3.732442	3.066902	3.9968476	4.039196	4.2866096	3.324341	4.464495	3.8379865	4.5840974	4.534491	4.299267	4.6491594	3.2641406	4.414069	3.987233	1.9373132	2.570392	3.2723231	4.080398	3.1689827	3.1911995	3.9763792	3.9375708	4.0930934	3.555222	3.331059	3.104098	4.10203	3.2451313	3.7438102	3.4107835	3.580566	3.7236884	3.5490766	3.5938473
TXLNA_10110	2.736285	2.8678937	1.9183995	2.8078547	2.2602103	3.2840576	1.153547	1.4768263	3.4443936	2.0168164	0.53686917	3.6478724	3.1312993	1.6441145	3.446748	2.2599542	1.3803144	1.7907331	2.375796	3.4974551	3.3587008	2.5224707	3.5655706	3.1471999	2.884577	2.2966683	2.462306	3.273985	1.4443876	2.9173408	3.1578226	1.6426728	1.6401663	3.3762684	3.3214288	1.5842559	2.2317815	3.0089254	2.4743395	3.0805616	3.3909214	2.9874854	2.2628205	3.5846395	1.7753943	2.0916321	3.4107835	2.2186248	1.5499562	2.9431233	2.4077895
TXNDC9_10111	7.9264317	8.613234	8.509733	8.469544	8.346409	7.961404	8.216036	8.254366	8.36967	7.6258907	7.50246	8.202113	8.437619	8.492733	8.251312	8.141544	7.735817	8.419168	8.168576	8.66581	8.111701	8.122158	7.5751324	8.339127	8.116166	8.106314	8.197554	8.27098	8.2701235	8.202823	8.343971	8.299761	8.239943	8.47045	8.359028	7.976224	8.551325	8.685807	8.304205	8.717757	8.958944	8.169087	8.375784	7.928298	8.227248	8.587389	8.393635	8.192927	8.1745615	7.698663	8.447991
TXNRD1_10114	6.233717	5.3687654	3.8283436	5.2100205	5.1025486	6.7578487	5.28402	4.280068	5.263986	4.7764435	4.471745	5.858812	5.5900784	5.070042	5.767657	4.3851724	4.044227	4.9604125	5.7937107	5.495572	4.9829097	4.7602787	6.146826	5.2886386	6.4033036	5.976347	6.3150544	6.055942	4.7683144	5.842197	5.3960905	3.9870539	4.722696	4.455044	5.4334445	4.553574	3.911607	5.4362245	4.921047	5.3431377	5.1360044	5.2398224	4.53372	6.160117	4.4727483	4.9241333	5.1311197	5.2856517	4.807002	6.32104	4.678589
TXNRD2_33001	3.294242	2.053109	1.2570211	1.8748931	2.2602103	2.8894746	1.7862632	1.9899611	2.7331607	2.1873605	2.0551069	1.5471903	2.5302608	1.6441145	2.1047523	1.275699	2.7821121	0.6915133	2.9230795	0.7951595	2.3986237	1.9438806	3.0402825	1.773262	2.7541187	2.7802737	2.282898	2.9534101	2.004529	1.5686922	0.9932049	1.2719984	0.7703406	2.204507	2.3652024	1.9992051	1.3096737	1.8332981	2.778033	1.4443535	2.7428484	2.0700042	1.5358759	2.6264875	2.93812	2.6368403	1.1920056	1.9721766	1.8362379	2.8118143	1.7911546
TYK2_32670	3.548161	2.987318	2.552146	2.1159258	1.7112163	2.9986892	1.5043167	1.1302094	3.0110276	2.1873605	0.92724514	2.455695	2.8013556	2.1835182	3.68756	1.5335042	1.0488179	1.5083932	3.0326717	2.4360592	2.7435865	2.2619886	2.5404441	3.0452297	3.6430259	2.6363633	3.2292056	2.7617311	2.1515164	2.9173408	2.159341	2.3909085	1.6401663	2.4144073	3.1064248	1.3212922	1.6862907	1.8332981	2.6341627	1.7203709	1.8199238	3.1694758	1.5358759	3.2341504	0.6833182	1.2047167	3.2250526	2.7755125	0.7160639	2.1194797	2.2300112
TYMS_32803	5.179499	5.050063	5.6537943	5.3813906	5.224576	4.7972975	5.3065157	5.0996885	5.6960483	4.576022	4.832893	4.7351427	4.6713443	5.4666176	4.8445063	5.1721396	4.7928996	5.7185817	4.8939905	5.7920723	5.0772285	5.57008	4.781215	5.148129	4.5840974	5.070825	4.3907466	5.176898	4.9600377	4.867128	4.8937244	5.184834	5.1812468	5.625355	5.2877045	4.7803383	5.4557147	5.742866	5.712333	5.7797184	5.902967	5.4998827	5.3312507	4.5632515	5.2690854	5.835711	5.1044307	5.1732535	5.3060308	5.134336	6.035604
TYROBP_10115	1.8143951	4.1193533	3.2234385	4.0302944	3.7147906	2.1687598	3.7274868	3.309873	4.274977	3.8281465	3.1882064	1.8332136	3.315628	4.3811836	3.68756	4.2116084	4.044227	3.9207184	2.375796	4.7003927	2.7435865	3.685282	2.930607	3.6423242	1.5437274	2.4764907	3.1264923	2.7617311	3.2641406	2.786402	3.447053	4.223962	4.22047	3.8066347	4.2474017	3.458468	4.2285304	4.8358083	3.5130224	3.8275614	5.3300095	3.9935026	3.772339	3.1313937	3.7133195	5.179226	3.3209047	3.4896183	4.807002	2.1194797	4.643507
UBA3_32850	4.117802	5.155827	4.0862064	4.346329	5.070358	4.4580016	3.7926803	4.406767	5.034578	3.7756202	3.324294	4.0892115	4.329629	4.9092603	4.424094	4.2116084	4.13479	4.2816463	4.456222	5.2389193	4.846719	4.655514	4.252953	5.019585	4.8626266	4.534491	4.299267	4.341534	4.493033	4.5814013	4.819748	4.7643	4.4238806	4.935233	5.3379383	4.0864654	4.968852	4.550328	5.06828	5.3431377	5.3071384	4.4100404	4.366648	4.523225	4.657249	5.0431056	4.47233	4.518974	4.3870535	4.79509	4.960986
UBE2J1_10122	5.5718813	5.1039143	4.0862064	4.605421	5.0037384	5.2144794	4.636899	4.8549566	5.390806	4.378847	4.381014	5.6900024	5.271164	5.0078626	5.390095	4.2835584	4.090219	4.678019	4.950942	5.4718666	5.0150394	4.512859	5.2606664	5.3961053	5.666818	5.070825	4.8434935	5.5770845	4.599311	5.5100365	4.9410152	4.3292627	4.722696	4.547009	5.4101543	4.6714067	4.170472	5.519208	4.8897076	5.3431377	4.9117966	4.9223433	4.0729947	5.192965	4.01308	5.303603	5.4606605	4.6507454	4.593174	4.4860954	5.221047
UBE3B_10126	3.4683857	3.097608	1.6252826	2.663456	2.472159	3.1950624	3.1634846	1.9899611	2.5711837	2.4777672	2.5750768	3.6478724	4.0465326	1.6441145	3.531564	1.7521499	2.072621	2.2295449	3.5576375	3.1839569	3.0217755	2.5224707	3.326703	3.6423242	3.9113815	3.0310833	2.8961248	3.651246	2.406994	2.9173408	2.3110406	2.3909085	2.7323515	2.597612	3.6740885	1.8065978	2.7898166	2.7587066	3.5130224	3.4268885	2.261813	3.2525284	0.7077145	3.3300724	3.047878	1.2047167	3.3209047	3.0546732	2.4591324	2.8118143	2.027206
UBE3C_10127	3.6955848	2.987318	2.8589911	3.5448534	2.8206856	3.8482714	2.7028143	3.309873	3.849662	2.4777672	2.956486	3.6478724	3.315628	3.62484	4.1297936	3.0189555	2.7821121	3.7333038	3.4823647	4.3821325	3.3587008	3.51607	3.4902585	4.114638	3.4029047	3.8118882	3.4996274	3.273985	3.2641406	2.482375	3.07545	2.8811386	3.534197	3.3762684	3.5936723	2.9990726	3.1911995	4.0339556	3.3383183	3.7059622	3.8990247	3.8935378	2.8742359	3.6604056	2.3897877	3.142335	4.0924416	3.3925493	3.8576405	3.2776825	3.6655471
UBQLN2_10128	3.0961545	3.6252677	3.2234385	4.0302944	4.3723383	3.7265353	3.512115	3.6199527	3.535067	3.4797902	3.2578542	4.2915974	3.3996527	3.9890406	3.68756	3.4526122	3.334152	4.086562	2.9230795	3.7548423	3.0217755	3.7375457	3.326703	4.3031607	3.4874642	2.2966683	3.4149964	4.0790167	2.8983095	2.482375	2.5736196	3.7034492	4.3756533	4.4067645	3.8226066	3.8063707	3.1911995	4.2437115	4.110652	4.682209	5.1098113	3.6700726	3.4765677	2.4668374	3.900535	3.671778	3.4107835	3.8959892	3.5760143	3.7774107	4.4939694
UBR7_10129	3.0961545	1.5310675	1.2570211	2.8078547	1.7112163	3.5935724	2.5603254	3.023864	2.5711837	2.0168164	2.3383918	2.0718052	3.315628	2.8829715	2.9264696	1.5335042	1.8765994	2.0267587	2.5332706	3.0622413	2.581391	1.7539579	3.410797	2.9355001	2.884577	3.24468	3.4996274	4.1195726	1.6561947	3.437199	3.2357452	1.9373132	2.1789894	1.2890483	2.853671	2.4585645	1.6862907	1.8332981	3.3383183	2.9792266	1.5350422	2.887088	2.4416173	2.4668374	2.0104735	1.5643196	2.617958	2.2186248	2.762189	2.6673462	2.4077895
UFM1_10130	3.8293307	4.3596587	3.897257	3.9074347	4.14394	4.208036	4.131929	4.1889644	4.603037	4.02099	4.381014	3.7883198	3.6258323	4.225969	4.1832037	3.971344	4.999828	4.1873994	3.8843899	4.6590047	3.5462768	4.451598	4.109333	4.2119765	4.1889715	3.5154157	3.9238462	4.341534	4.54715	3.8840604	4.379347	5.0372314	4.4238806	4.4067645	4.488855	3.9059012	4.934379	4.989234	4.4047375	4.7140985	4.4090514	3.7292666	4.572631	4.350994	4.2611446	4.493851	4.7033043	3.8959892	4.3870535	3.7774107	4.370676
UGDH_10131	6.8203306	7.4657264	6.764558	7.2453394	7.172779	7.2472296	7.0177345	6.9478674	6.6108913	7.0666046	6.524593	7.116628	7.054827	7.3696113	7.453727	6.999516	6.8633695	6.9612794	7.25216	7.37882	7.1570554	6.7582464	6.8582563	7.277651	6.857086	6.8715005	7.0909495	7.3001094	7.1115265	7.0453825	6.748055	6.8619447	7.016055	7.183554	7.2727065	6.911838	7.4972997	7.4695697	7.4657702	7.7483835	7.5614705	7.3063188	7.1582575	7.2016296	7.036209	7.2327886	7.3757706	7.5941486	6.8822803	7.144716	7.3899727
UGT1A1_33117	5.8645453	5.1039143	4.0259314	5.102104	5.0374327	6.011615	5.494597	4.996006	4.6443586	5.776855	5.9924073	5.205009	5.225846	5.4666176	5.677475	4.5400805	5.939911	5.5955396	5.3186493	5.564438	4.8819904	5.3527403	6.2068663	5.196502	5.041088	5.204421	5.818147	6.6266403	5.515961	4.2247515	4.6593394	4.5631175	5.790167	5.240831	4.6956315	4.881619	4.580281	6.3071914	5.276462	6.3044596	5.887632	4.817136	5.137241	5.243111	5.7792277	6.367327	5.481552	5.744827	5.022013	6.0996428	4.77899
UGT2B1_33224	6.040364	7.3810205	7.2262373	5.764338	7.556554	5.7864313	6.6985874	7.5196123	6.6108913	6.9048333	5.9190617	4.700005	5.951954	6.990008	7.2807517	7.2309513	6.3139586	7.3354697	6.657736	7.252339	5.892334	6.7770967	5.565907	6.1523767	5.7375817	5.867745	6.4273376	5.591573	7.147005	5.1856456	6.20573	8.064579	7.274603	7.352376	5.12557	6.642807	7.726128	6.2353773	6.671121	5.3225985	6.5052114	6.02187	7.5771604	6.1204243	7.0885215	7.300036	6.661161	7.2156944	7.1731353	6.085498	6.5995526
UGT2B10_33303	7.7308993	8.958376	8.019831	7.126423	8.851557	7.224924	8.195089	8.738844	7.983515	8.375458	7.080493	6.375484	7.884204	7.9598975	8.798785	8.205453	7.724925	8.403533	8.330251	8.6813965	7.5568876	8.244593	7.369845	8.031039	7.000669	7.680462	8.188022	7.232381	8.37109	7.1622214	7.79057	9.073296	8.545332	8.513831	7.003778	7.7803044	8.855311	7.034502	8.019337	5.7337894	7.137678	7.7251472	8.768246	7.6595407	8.306685	8.307385	8.254907	8.872753	8.320919	7.7974257	7.9344625
UGT2B15_33121	11.507508	10.736213	10.319368	10.576437	10.454841	11.277435	10.176203	10.216631	10.860743	10.034982	9.807886	11.634289	11.84631	10.565204	11.568973	10.301546	10.237424	10.145368	11.384656	10.66118	11.679086	10.652219	11.275248	11.540069	11.412946	11.361937	11.625105	11.221904	10.527772	11.532838	10.719401	10.38219	10.111244	10.663771	10.800656	10.256918	10.488812	10.240426	11.360387	10.287907	10.428667	11.25149	10.8433895	11.531975	10.64202	10.600424	11.014079	11.487091	10.440726	11.503882	10.663673
UGT2B7_33032	4.601897	4.3146935	3.2234385	3.5448534	3.5377576	5.071795	3.7274868	3.7531235	3.9844897	2.8265579	1.8894439	4.5891457	4.831187	3.4488056	5.030861	3.7855976	3.6732368	3.3539796	4.6748405	4.7003927	4.846719	4.285997	4.0049734	4.583367	4.238611	4.8274393	4.671753	4.7814264	2.7213259	4.6203685	4.446431	3.4468794	3.1313257	4.195664	3.8915	3.753906	4.109979	3.7884288	3.8094523	2.7523265	3.2054758	4.1315517	3.3920732	4.5632515	3.1498733	3.7438102	4.7384453	4.3739457	3.65174	4.1478653	4.0339284
UNC93B1_10134	1.5299913	2.987318	0.0	3.1704433	1.3312725	2.9986892	3.2588525	2.6667733	3.1321692	0.0	2.0551069	0.0	0.0	3.781712	2.9264696	2.109709	2.7821121	0.0	2.375796	4.740627	2.889376	2.1116846	0.0	3.9550858	3.1146789	2.091197	2.8961248	2.4159133	2.004529	2.9173408	2.7956865	2.8811386	2.570392	3.5640745	2.157111	3.8063707	3.4077	0.0	0.0	0.0	2.4405787	3.5438585	2.2628205	0.7197537	3.4981349	2.0916321	3.4953897	0.0	2.8927681	0.0	2.708643
UNG_32960	3.8918242	2.594546	1.9183995	2.663456	3.1011837	3.788687	1.7862632	1.7560883	1.9352914	2.3398588	1.4871172	3.6478724	4.371847	3.0152833	3.531564	2.3960178	1.6496927	2.4073083	4.289591	2.4360592	3.3587008	1.2772086	4.058097	2.8167326	3.4874642	3.5154157	3.4996274	3.273985	1.6561947	3.0373778	2.159341	1.6426728	1.2698381	2.4144073	3.2179284	1.8065978	2.7898166	2.7587066	3.0287817	1.1027291	2.261813	2.3964808	2.2628205	3.6604056	2.0104735	1.8519349	3.2250526	2.7755125	1.1924393	3.0634718	2.5660443
UPB1_33048	5.493443	5.4747577	3.679778	4.923396	4.5694714	5.555678	4.0806427	3.309873	5.034578	3.0196002	3.324294	5.4573073	5.742663	3.9890406	4.551419	3.9271011	4.178025	3.9781444	5.182596	4.3303432	5.5634885	4.8813667	5.390609	5.2661505	6.004736	5.991215	4.671753	5.4713736	3.5557184	5.5100365	4.8694844	3.6228914	3.619502	3.2723231	5.31304	3.642881	4.4398866	5.1541033	5.06828	4.775837	5.0559535	5.338169	2.4416173	5.3384585	4.586254	4.7601357	4.1457686	4.7714825	2.6186037	4.79509	4.5328317
URAD_32538	5.955131	6.4584446	6.167737	6.352251	5.694719	6.14827	5.841261	6.0528893	6.48006	5.6068783	6.192417	6.592201	6.671139	6.0637693	6.5253515	5.5961013	6.1821337	6.048487	6.7962728	6.101078	6.6437283	6.0132775	6.724985	6.1276417	5.7375817	6.433604	5.6799045	6.980468	6.090376	6.098276	6.39593	5.6385393	6.217036	6.011706	6.3324356	5.8569393	6.62358	7.0485387	6.452619	6.664134	6.6485667	6.5914583	5.137241	6.3436866	5.7306747	6.942632	6.0833087	6.1079726	5.878786	6.085498	6.328488
UROC1_33128	7.8770833	5.647887	3.2234385	4.565343	4.5694714	7.8234673	4.487392	4.446643	5.7155666	4.150392	3.9473164	7.6688895	7.9483857	4.7663426	7.5226884	3.9271011	4.13479	3.6650012	8.046498	6.101078	7.0053754	4.834144	7.4564853	6.089725	8.0757675	8.054167	7.340794	7.6086764	4.005659	7.387887	5.8934965	4.168281	4.274074	4.8293266	6.307441	3.8063707	4.284343	5.1279006	5.9886336	5.099319	5.0559535	6.4665623	3.5563867	7.493387	4.1174774	5.303603	6.213891	5.980172	4.7391872	7.3420477	5.221047
USP1_10136	3.4683857	4.268282	2.713711	4.0302944	3.9452639	4.532545	3.3483052	3.5484548	4.1077867	3.4797902	2.7783492	3.9762692	3.759049	3.854183	4.332506	3.252017	3.732442	3.7333038	3.9417143	4.740627	4.119342	3.7375457	3.410797	4.258289	4.1889715	4.613491	3.9238462	4.3754215	2.7213259	4.3225136	4.2724814	3.3501055	3.534197	4.077273	4.488855	2.9990726	3.5959105	4.383164	4.3597	3.6410902	3.4754093	3.840832	3.2066107	3.7323904	3.2451313	3.5159345	3.9794827	3.288475	3.321599	4.201315	3.733852
USP14_10137	6.659005	7.085549	6.2880993	6.846068	6.2632647	6.6779966	6.2187057	6.6131744	7.144878	5.7634306	5.8642907	7.0202107	7.0418105	6.626085	6.974837	6.1228685	5.939911	6.4445467	6.8421564	7.4040914	7.199615	6.56208	6.4842167	7.046476	6.467166	6.7973022	6.909515	7.013125	6.0812345	6.846101	6.5864315	6.376214	6.588951	6.5674	7.206651	6.010184	6.7478914	6.611356	7.1458807	6.965108	6.666648	7.1087193	6.4343615	6.9227157	6.453411	6.7106843	6.8497295	6.639107	6.2637463	6.5648417	6.58113
USP18_10138	3.294242	4.403265	2.552146	4.0880117	1.7112163	3.1950624	3.4325337	1.9899611	3.1321692	2.719398	2.0551069	3.4922628	5.357741	3.0152833	3.1575243	2.6348078	2.8900583	3.1690745	3.9968476	3.7548423	3.7885811	1.2772086	2.6825488	2.9355001	3.2172866	4.315703	3.3250897	3.5361161	3.2641406	3.3471458	4.196571	2.3909085	3.2430704	2.9062183	5.362414	1.9992051	3.4077	3.3179228	2.4743395	4.0437536	3.3011763	3.5438585	3.4765677	3.6604056	4.214827	2.0916321	3.65103	3.6661186	2.2798173	2.9431233	4.2822084
USP22_10140	4.8423924	3.8933594	1.2570211	4.392873	3.7147906	4.4957547	2.5603254	3.309873	3.4443936	2.719398	3.563121	4.3380494	4.7693586	3.1364734	4.5102134	2.5203478	2.7821121	3.4382432	4.289591	4.3821325	3.8610783	3.7375457	4.3835616	3.6423242	4.830612	3.8118882	4.4767704	4.4725537	2.5195544	4.5413523	3.8453023	3.013425	3.1313257	3.4732254	4.532649	1.9992051	2.4426951	4.089322	3.8094523	4.0437536	2.8731365	4.1315517	2.4416173	4.350994	2.8193185	3.031582	4.0924416	3.7468808	3.1230586	4.4860954	3.8614638
USP7_10142	6.3495755	5.6836934	4.9488516	5.5754795	5.164852	6.1122656	5.1158886	5.433164	6.089226	5.087805	4.6635904	6.493049	6.565962	5.619981	6.5253515	5.1141233	4.5837555	5.196475	6.504469	6.1467075	6.3228383	5.4182487	5.977913	6.1523767	6.21774	6.548634	6.167652	6.462924	4.7220135	6.4297633	5.8814254	4.68716	5.094515	5.397274	6.0754466	4.831867	5.0354204	5.616645	5.8970385	5.497702	5.4806943	5.8983564	4.366648	6.3551326	4.724913	5.5645204	5.9547386	5.6217394	4.704046	6.356813	5.6850657
UST4R_32736	8.293482	7.8034177	5.3439584	7.289061	6.0487275	8.056047	5.9876547	6.3961487	7.762072	5.708448	5.329891	8.816532	7.5399303	6.8814907	8.330381	6.357661	5.8625164	5.751892	6.998916	8.104628	7.6416507	7.187277	6.843201	8.37109	6.9192924	7.943853	8.457655	7.546823	5.1292453	7.512229	7.437667	5.8829684	5.7146325	6.642287	6.8905325	6.1588264	6.787057	6.038449	7.937414	6.229214	6.5642734	7.335186	6.2304745	7.80435	6.2502565	6.8146873	7.9745107	5.704953	6.59636	6.6538067	7.291429
UST5R_10143	8.597599	7.7495313	8.163139	8.408557	7.9812627	8.555651	8.341163	8.170529	7.892126	8.058468	8.340911	7.2742424	8.425143	8.272426	8.41932	7.783539	8.424423	8.180103	8.431275	7.2592793	8.442218	8.0746975	8.988857	8.197755	8.578101	8.214806	8.171993	8.803173	8.336934	8.516043	8.138711	8.171109	8.1460285	8.344755	8.221963	8.00176	8.053736	8.688051	8.467002	8.412321	8.505859	8.596183	8.27026	8.512564	8.342131	8.75363	8.287897	8.779849	8.029514	8.666966	8.539094
UTP14A_10144	2.4342844	0.0	1.6252826	1.8748931	2.6569214	2.8894746	1.5043167	1.7560883	0.77073467	2.0168164	0.53686917	1.5471903	2.1961572	1.6441145	3.0466177	0.5594628	1.8765994	2.0267587	2.1990027	2.7828603	2.581391	2.3981004	3.1422062	1.773262	2.6106799	2.4764907	1.8390311	3.1225834	1.8408495	1.8567106	2.159341	1.2719984	1.9345882	1.9587818	2.3652024	1.3212922	2.4426951	2.7587066	0.7233562	2.3267155	2.5996156	1.0470449	2.0586884	1.5561608	1.7753943	1.5643196	2.279205	1.6747757	2.2798173	2.6673462	2.838406
VAMP2_10146	3.8293307	3.2957203	1.6252826	2.3223944	2.8206856	3.5935724	2.4022055	2.6667733	3.849662	2.3398588	1.70226	3.4922628	3.759049	3.2482674	2.4910152	1.5335042	2.399263	1.7907331	3.318902	3.4974551	2.7435865	2.636965	3.5655706	2.2101986	3.5673409	2.4764907	3.3250897	3.474912	2.406994	2.9173408	3.6313283	2.1818647	1.6401663	2.9062183	2.9855762	1.9992051	2.7898166	2.455791	2.6341627	2.7523265	2.261813	2.3964808	1.8208362	3.5846395	2.5476058	1.8519349	3.4107835	2.2186248	2.2798173	3.174549	2.4077895
VAPB_10147	3.6955848	3.7655318	2.9909706	2.9391065	3.5377576	3.9605298	3.587535	3.7531235	3.243922	3.2679667	3.448644	3.4922628	3.3996527	2.8829715	3.3566325	2.7408507	3.6114979	3.5178556	3.318902	3.6740434	3.8610783	3.0212092	4.464495	3.1471999	4.238611	4.057699	3.7272735	4.1195726	2.284903	3.602016	2.9880874	2.7354863	3.7763257	3.3762684	3.8915	3.320974	2.6266706	4.0339556	3.4283133	3.8847218	3.3909214	3.331059	3.104098	3.5846395	3.2451313	3.5959594	3.011828	3.6661186	3.1230586	3.7052414	2.708643
VARS2_32745	3.294242	2.053109	1.2570211	1.5853512	2.2602103	2.6425977	1.5043167	2.3676975	1.9352914	2.0168164	1.4871172	2.2764814	1.7605959	0.0	2.4910152	1.5335042	1.8765994	1.1570135	2.5332706	2.2253819	0.775823	0.5602896	2.3827975	2.2101986	2.6106799	1.851524	2.282898	2.65541	1.6561947	2.6423824	1.9897953	1.6426728	0.7703406	2.204507	2.157111	1.3212922	1.3096737	2.6151845	2.6341627	2.4829574	0.70722115	1.8741015	1.8208362	2.2872965	1.1451283	1.5643196	1.8356827	2.2186248	2.6186037	2.8118143	0.6917391
VASP_10148	4.8423924	5.412101	4.6625075	4.8249907	4.9692383	5.04658	4.982539	5.0487785	5.366318	4.636182	4.5844727	4.5102053	4.2412953	5.100155	4.741449	4.901926	4.7361727	4.9022617	4.640628	5.398319	4.2329803	4.8579483	4.6489487	5.0462265	4.545173	4.613491	4.7429204	4.831115	4.8131757	4.7664943	5.272131	4.168281	5.002234	4.6334615	5.4101543	4.5839467	4.787609	5.498905	5.32413	5.809545	6.0616956	4.9965014	4.177663	5.3384585	4.4727483	5.884328	5.0495234	5.1135902	4.9337583	5.16156	5.5776534
VAT1_10149	5.3224826	4.3146935	0.76129264	3.7009778	3.7147906	4.6034255	3.7274868	3.2206914	3.9186504	3.2679667	2.0551069	4.700005	4.861135	3.854183	4.5914803	1.9419785	3.0843768	3.1690745	4.834698	5.059695	4.05898	3.324341	5.1910257	4.2119765	5.0959854	5.3728333	4.9375095	4.925635	2.8125298	4.7313266	4.1164427	2.1818647	2.7323515	3.3762684	4.138241	1.8065978	2.7898166	3.0089254	4.648907	3.6410902	3.6308496	4.174781	2.6006784	4.816079	3.047878	3.031582	5.257627	4.0942173	1.8362379	4.6488495	3.2650185
VAV1_33194	3.294242	3.5496664	0.0	4.1969485	2.2602103	2.7713106	3.3483052	3.023864	4.4714575	3.5440083	2.5750768	3.6478724	4.0465326	4.331278	3.0466177	2.3960178	2.2451668	2.7081409	3.2296562	4.102316	1.9443585	3.0212092	3.2374017	4.114638	3.4874642	3.0310833	2.765496	3.273985	2.8983095	3.6778624	3.447053	1.6426728	2.7323515	2.4144073	3.5936723	2.8064463	2.7898166	2.8892338	3.242334	2.8702326	2.261813	3.840832	3.104098	3.1313937	3.3344872	3.5959594	3.65103	3.176305	3.1230586	2.9431233	3.9786994
VCAM1_32349	2.4342844	2.8678937	2.713711	3.1704433	0.8140356	0.0	1.153547	2.5249715	3.0110276	2.4777672	1.2341714	1.8332136	2.372859	1.9388802	2.3107724	3.0189555	2.399263	2.7081409	2.1990027	2.9293032	2.581391	1.9438806	2.3827975	3.2424362	2.451389	1.2043949	1.1946218	2.5406258	2.6239645	2.0966876	2.159341	2.1818647	2.3879235	1.2890483	2.9855762	1.8065978	2.6266706	3.9763792	2.6341627	3.0805616	3.9589443	2.9874854	1.1804214	3.0207527	2.6898494	4.218504	1.8356827	2.6126575	2.4591324	2.8118143	2.027206
VDAC1_32318	6.081163	5.454173	4.304893	5.672997	4.7428775	6.14827	5.037367	5.219618	5.5295978	4.576022	4.6890273	5.8427925	5.97952	5.1868963	5.901158	5.0536757	4.5837555	4.493403	6.0756383	5.651426	5.803145	5.3188353	6.1095643	5.9556165	6.1544905	5.767672	5.8667536	6.5765357	4.3173184	5.8256187	5.4461203	5.393478	5.2630587	4.9688754	5.54457	4.2843966	5.5498075	5.7937536	5.3473864	6.11442	6.495128	5.614215	4.786336	6.173109	4.586254	6.0210595	5.305279	5.5334306	5.022013	5.5390677	5.221047
VDAC2_10151	6.371671	6.055713	5.507178	6.0080686	5.816163	6.2289424	5.762088	6.128386	6.217975	5.545458	5.212011	6.2229366	6.6195083	5.850039	6.4510865	5.2816105	5.6331973	6.0214257	6.446237	6.4433827	6.28381	5.3527403	6.434859	6.063882	6.6060257	6.5882893	6.255456	6.640642	5.34319	6.12562	6.115856	5.678946	5.572113	5.84054	6.242993	5.374005	5.7414494	5.810325	6.0607576	6.126319	5.9917026	5.8983564	5.636843	6.223938	5.7950554	5.976907	6.069576	6.2253675	5.1051793	6.32104	5.8785186
VEGFA_32415	7.9705334	6.577426	4.882416	5.8334627	5.562104	8.011132	5.5332603	5.452878	6.621277	5.6657906	5.083635	7.5257235	7.32037	5.6609626	7.475299	5.6240854	5.302978	5.701634	7.55737	6.626305	6.8086166	5.654057	7.8632627	6.4702425	7.6221704	7.4577127	7.592744	7.5393686	5.111395	7.1422787	6.6012273	4.6056614	5.506442	5.3469877	6.7115808	5.208422	4.968852	5.4362245	6.220428	5.6205697	5.635596	7.174091	5.285139	7.163078	5.2690854	6.105507	6.7326155	6.3598337	5.4823065	7.730827	5.8633523
VEGFB_32839	3.8293307	3.3854282	1.6252826	2.9391065	2.967741	3.7265353	3.2588525	3.1256318	3.0110276	2.8265579	3.9473164	3.6478724	3.3996527	2.7372885	3.531564	2.8396301	3.9475968	3.4382432	3.7624195	3.1839569	3.3587008	2.3981004	3.4902585	3.4953887	3.9113815	3.5154157	3.5795677	3.8571408	3.198022	3.3471458	3.6878698	2.1818647	2.8779507	1.9587818	3.8226066	2.6995428	2.9363732	4.383164	3.7408574	3.1752434	4.071798	2.9874854	2.7439313	3.3300724	2.8193185	4.000593	3.122376	3.6661186	3.2257414	3.4641607	3.4387813
VGLL4_10152	5.128505	4.268282	3.326985	2.9391065	2.967741	4.1618156	2.4022055	3.023864	3.7772083	2.4777672	3.448644	4.7694445	3.6939778	3.4488056	3.6116695	2.5203478	2.9904869	3.5178556	4.375311	4.5272	4.119342	2.636965	4.781215	3.5707264	3.9113815	4.057699	4.251255	4.879149	3.0559347	3.8185487	4.031601	1.9373132	3.4435291	2.7601511	3.4179986	2.905972	2.6266706	3.916409	3.9375708	3.6410902	3.4754093	4.703648	2.6006784	3.8009534	3.047878	4.218504	4.1457686	3.8959892	3.7922184	4.8957973	3.2650185
VIM_10153	3.6237552	3.8933594	3.2234385	3.6250265	3.5377576	3.788687	2.951459	3.393861	4.4247885	3.9751415	3.9045265	3.9762692	3.9934368	3.539506	4.1832037	3.178435	3.9475968	3.1690745	4.1011696	5.1816163	3.5462768	4.058373	4.109333	4.654355	3.3130789	3.595438	4.041434	3.8083558	3.657633	4.006783	4.157063	4.1103654	3.2430704	3.5640745	3.5936723	2.9990726	3.6815434	4.338161	4.791384	3.9397032	4.849843	4.174781	3.5563867	4.439678	3.900535	3.812416	4.4299655	4.26847	2.8927681	3.2776825	4.570675
VKORC1L1_10156	5.7844543	5.896995	5.1315656	4.858544	5.363889	6.0628176	5.589379	5.392909	5.5073733	5.044063	5.2971826	6.024197	6.084801	4.7663426	5.456678	4.9246063	5.070365	5.6844845	5.5202723	5.4232535	5.378286	4.904411	5.770742	5.2886386	6.0747385	5.439397	5.697927	5.8900285	5.2153263	5.333679	5.1365104	5.0980964	5.771651	4.9688754	5.9026413	4.7803383	5.616557	6.185435	5.6198635	6.0903225	5.6896486	5.5499954	5.1110473	5.790242	4.5115843	5.697437	5.37393	5.83994	4.7734933	5.2145143	5.221047
VNN1_10157	5.895377	5.3240876	4.1996894	5.4708896	5.796619	6.8037214	5.494597	4.59596	4.9710355	6.5219793	5.1943564	4.835695	4.6713443	5.5778008	5.343936	5.2095604	5.3974643	5.3781114	5.158619	4.7003927	4.8819904	4.3876204	7.0540237	5.868728	5.2247305	5.204421	5.750681	8.579762	5.4321604	4.867128	4.8937244	4.68716	5.2630587	5.268111	5.006382	4.6994205	5.819082	7.8361216	5.011177	9.21786	8.940486	4.5479527	4.819067	5.4494114	5.499065	9.172733	5.746118	5.55602	4.668027	6.710208	5.016884
VPS28_10158	4.8103943	5.07724	5.2679276	5.358121	5.195023	5.0965776	5.261168	5.372352	5.153837	5.6218333	5.6735873	4.7351427	4.637135	5.2687173	4.8445063	5.227913	6.071842	5.2440724	4.375311	4.994639	4.388235	4.80994	5.066922	4.5465183	4.7643704	4.3621955	4.4767704	5.097908	5.2646127	4.7313266	5.074243	5.156497	5.506442	5.2948856	5.261916	5.208422	5.8563857	5.8747706	5.123209	5.6701846	5.792034	4.9965014	5.2375045	4.523225	5.3570137	5.2551312	4.8062587	4.9526534	5.440215	5.0782957	5.335379
VPS37A_10159	4.2667212	4.4867115	3.5993342	4.6823845	3.5377576	4.532545	4.0806427	3.9323316	4.3765597	3.927788	3.448644	4.5891457	4.6713443	4.649022	4.332506	4.0964723	4.13479	4.370112	4.4163337	5.0275335	5.0150394	3.574707	4.297816	4.9078097	4.8939457	4.4933076	4.7077756	4.6491594	3.3273613	4.1198797	4.8694844	4.7262454	4.3257575	4.547009	5.0672064	3.3913584	4.389879	4.383164	4.572019	4.973223	4.9418035	4.335803	4.683437	4.848835	4.214827	4.9548087	4.630346	4.3221717	3.7236884	4.2528553	4.643507
VPS72_10160	3.6955848	2.8678937	2.713711	2.663456	2.8206856	4.0135446	2.8324869	2.6667733	3.4443936	2.6036353	2.6802902	4.1425314	3.759049	2.1835182	4.1832037	1.9419785	2.072621	2.9569383	4.6055846	3.831355	3.3587008	2.1116846	3.6371455	3.1471999	4.658931	4.315703	4.251255	4.4085307	3.0559347	4.1198797	3.447053	2.1818647	3.3467786	2.4144073	3.7502577	2.1691005	2.7898166	2.8892338	3.5130224	3.2640922	3.555222	3.6083453	1.1804214	3.504673	3.1498733	2.911615	3.122376	2.9218345	1.5499562	3.2776825	2.708643
VTN_10161	9.748138	10.062691	9.928825	9.798784	10.114545	10.161734	10.301885	10.1630335	9.70188	10.692578	10.49503	9.980567	9.757546	9.991134	9.783178	9.994314	10.950856	10.5296	9.573315	9.893252	9.470874	9.978677	10.1369	9.694618	9.800403	9.721609	9.508894	9.670355	10.452672	9.610368	10.049786	10.000021	10.275491	10.162176	10.290262	10.113985	10.146012	10.543342	9.843821	10.3488455	10.100697	9.603245	10.401178	9.75591	10.319771	10.222797	9.894331	9.936157	10.246036	10.127162	9.782635
VWF_32396	4.009233	4.3596587	2.1619017	2.8078547	2.967741	3.9605298	2.8324869	3.9323316	4.047455	3.4125795	2.6802902	4.2436	3.8809977	3.7054071	4.551419	3.252017	2.8900583	3.1690745	3.4823647	5.1816163	2.889376	3.9295027	3.5655706	4.3031607	4.1375628	4.4933076	4.201591	4.676601	2.004529	3.8185487	4.9640923	2.8811386	2.7323515	2.7601511	3.7502577	2.6995428	2.2317815	3.9763792	4.215484	3.5731628	3.7027097	4.2167525	3.772339	2.7702174	3.3344872	3.2451882	4.9330125	4.2126923	2.4591324	3.2776825	3.6655471
WARS_33156	3.8918242	3.6252677	2.3701787	3.0594068	2.2602103	3.1002145	2.5603254	3.023864	3.1321692	2.6036353	1.8894439	3.9162993	3.3996527	2.8829715	3.446748	2.5203478	2.7821121	2.837896	3.5576375	3.4974551	3.2548962	2.841842	3.4902585	1.773262	3.7834342	3.743284	3.4149964	3.7578633	2.6239645	3.52196	2.9880874	3.2463703	2.3879235	3.1603029	4.080398	2.4585645	3.1911995	3.7884288	3.7408574	3.6410902	3.9589443	4.086987	2.6006784	3.7323904	2.0104735	3.2451882	3.2250526	2.6126575	2.8927681	3.2776825	3.1696014
WBSCR22_10164	4.485139	3.8933594	3.5993342	4.0880117	4.014574	4.5684204	3.9722536	3.815366	4.516664	3.2679667	3.9473164	4.3830523	4.4915595	3.854183	4.705393	3.6829114	3.996721	4.086562	3.7624195	4.3303432	3.9301062	3.51607	4.5779715	3.897724	4.2865996	4.1131234	4.7429204	4.4085307	4.0809665	4.2247515	3.6313283	3.537568	3.534197	4.0142226	4.0201387	3.8063707	4.109979	4.142642	4.16402	4.0437536	4.492514	4.2167525	4.366648	3.1313937	3.9579048	3.940554	4.7033043	4.3739457	3.7236884	3.9744961	3.8614638
WDR1_10165	2.2557068	3.3854282	2.3701787	3.1704433	2.6569214	3.522194	2.4022055	2.5249715	3.4443936	2.3398588	2.4615827	3.1193392	3.554308	3.0152833	3.6116695	2.9320772	1.6496927	3.1690745	3.0326717	3.831355	3.1430392	3.6310537	3.410797	2.9355001	3.1146789	3.340682	3.7958171	3.7578633	2.7213259	3.1481903	2.9880874	2.3909085	2.7323515	1.9587818	3.5936723	2.5840793	2.7898166	3.7884288	3.3383183	3.4268885	3.3011763	3.1694758	2.8742359	3.2341504	2.3897877	4.000593	3.7229755	3.3925493	3.7236884	3.0634718	3.4387813
WDR12_10166	2.4342844	2.737684	2.552146	1.8748931	2.967741	3.522194	2.5603254	1.7560883	3.1321692	3.0196002	2.3383918	2.7586064	3.0294778	2.1835182	2.1047523	2.3960178	2.9904869	2.837896	3.318902	3.4974551	3.4555352	2.636965	2.930607	3.1471999	3.4029047	2.091197	2.462306	2.65541	2.004529	1.5686922	2.9880874	2.5734606	2.3879235	2.4144073	3.2179284	1.9992051	1.6862907	2.6151845	2.9088483	2.6239195	3.8365083	2.5356345	2.4416173	2.6264875	0.0	2.0916321	2.7615314	2.4290519	1.1924393	3.174549	2.2300112
WDR43_10168	4.934336	5.230354	5.3925066	5.51364	5.5850706	5.889298	5.589379	6.0528893	5.791102	5.513738	4.94271	5.414596	4.9192286	5.2419558	5.0879884	5.33338	4.7928996	6.188881	5.2747087	6.393784	5.5634885	5.3527403	5.509808	5.838562	5.573184	4.892242	5.9888926	5.3402414	5.474669	5.5100365	6.074042	5.73751	5.771651	5.5606346	6.0455284	5.522525	5.5268536	6.0663114	5.1499085	6.2833586	6.115343	5.394112	5.461352	5.6670794	5.399047	6.0497613	4.9330125	5.663946	5.183811	5.4969387	5.461596
WDR61_10169	3.9517226	4.1707234	3.9630284	4.0880117	3.335922	3.5935724	4.131929	4.091718	4.4247885	3.7211092	4.144076	3.7883198	3.759049	3.539506	3.68756	3.971344	4.5179744	4.0333714	4.0499516	4.102316	4.2866096	3.973751	3.4902585	3.3317733	3.8488257	3.743284	3.8612514	3.7578633	3.657633	3.52196	3.447053	3.6228914	3.4435291	4.1376824	3.7502577	3.320974	4.389879	5.1279006	4.313212	4.3172674	4.4513865	3.9935026	3.5563867	3.6604056	3.7133195	3.2451882	3.9794827	3.4896183	3.2257414	3.9117455	3.9212723
WDR77_32860	3.0961545	2.435626	2.552146	2.8078547	2.011671	2.7713106	2.2245977	2.914369	3.4443936	2.1873605	2.956486	3.2219887	2.8013556	2.8829715	2.3107724	1.9419785	2.5384767	2.2295449	1.483266	2.7828603	2.1892972	0.9628306	3.2374017	3.1471999	2.0677924	2.911122	3.3250897	3.5948293	1.4443876	3.251095	2.3110406	0.77186805	2.570392	1.6624343	2.5470278	1.9992051	2.9363732	3.6479805	2.9088483	2.8702326	4.1764603	2.887088	0.7077145	2.9009168	2.3897877	2.6368403	2.8921008	2.2186248	2.075009	2.8118143	2.027206
WDTC1_10172	7.149328	6.2232265	5.2416673	5.71023	5.9982896	7.2416854	5.8717523	5.5104537	5.9144597	5.545458	5.735934	6.5434766	6.7770424	5.7773542	6.7892222	5.094254	5.6486483	5.9077983	6.504469	6.4063444	6.2300744	5.8684497	6.7970705	6.54687	6.849118	6.830751	6.57116	6.779997	5.7531576	6.690006	6.39593	5.005808	5.413955	5.6669426	6.451297	5.3027477	5.1599956	6.685091	6.169143	5.88152	5.948017	6.3675704	4.851072	6.930388	5.419613	5.603762	6.188703	5.980172	5.2090974	6.773338	5.5776534
WFDC2_10174	2.98588	2.053109	1.9183995	2.1159258	2.967741	1.1146706	0.0	1.9899611	2.3886938	2.719398	2.8701653	2.2764814	2.372859	1.9388802	3.0466177	2.7408507	1.3803144	2.0267587	1.7631619	1.3048255	2.7435865	2.3981004	1.488839	1.773262	2.2723026	3.141831	3.1264923	3.0404751	0.5163865	3.0373778	2.7956865	2.5734606	1.6401663	2.9062183	1.2534345	1.5842559	2.7898166	3.3179228	2.6341627	1.4443535	2.7428484	2.5356345	2.2628205	1.5561608	2.3897877	2.476957	2.617958	2.6126575	2.4591324	3.4641607	2.027206
XBP1_10179	6.883207	5.7527456	4.494753	5.3344693	4.6148157	5.971984	4.0806427	4.323549	5.341408	4.150392	3.9473164	5.61653	6.171013	5.1868963	5.932688	4.8788834	4.2200017	4.326557	7.7012486	6.176345	6.5371327	4.708847	6.6663175	5.912826	6.4980674	6.132032	6.0878897	6.779997	4.74535	6.3852067	4.9868054	5.2126255	5.340479	5.0961084	5.386482	4.208451	4.787609	4.929807	5.3928037	5.8531594	5.211846	6.3860817	5.137241	6.388935	4.586254	5.4826813	6.50667	5.364553	5.5232043	6.8082094	5.5207915
XDH_10180	8.372309	7.9539604	6.5672135	7.378513	7.344119	8.087296	7.388412	6.9616942	7.419365	7.14116	6.5525775	7.744125	8.019825	7.1352315	8.235597	6.4465394	6.836636	6.9325147	8.609882	8.312434	7.975462	7.1588116	7.5521708	7.690362	8.116166	8.078737	7.782043	7.3478312	7.160088	8.014538	7.3787766	6.19304	7.3262677	7.1025176	8.421512	6.7200494	7.0103426	7.7049003	7.533238	7.1971765	7.3257947	8.040608	6.712145	8.265057	6.821179	7.188303	7.764687	7.8115683	6.8261857	7.735364	7.672607
XPNPEP1_10181	2.2557068	3.2957203	3.111882	2.8078547	2.6569214	3.2840576	2.8324869	2.7958763	2.5711837	2.4777672	2.6802902	1.1900772	3.0294778	2.7372885	3.1575243	2.8396301	2.7821121	2.4073083	2.8044732	2.9293032	3.4555352	3.1031692	2.930607	2.6873035	3.7834342	3.24468	3.0159018	3.474912	2.6239645	3.251095	2.4482956	3.2463703	3.0101936	2.9062183	2.7084813	1.9992051	2.7898166	3.0089254	3.5130224	2.4829574	3.3909214	2.7791781	2.2628205	2.7702174	3.047878	3.671778	3.4953897	2.9218345	2.8927681	2.3260906	2.5660443
XPO1_32314	3.6955848	3.7655318	3.326985	3.77313	3.335922	3.522194	3.7926803	2.914369	4.274977	3.7211092	3.0379322	3.7883198	3.9934368	3.2482674	3.531564	3.0189555	3.896741	3.4382432	3.9417143	4.102316	3.6316473	3.787982	3.7053368	3.897724	3.4029047	3.8773775	4.096819	4.4085307	3.198022	3.9467263	3.5111294	3.7034492	3.8487759	3.6495402	4.2474017	3.458468	3.6815434	3.4077816	3.9375708	3.8847218	3.8990247	4.086987	3.837692	3.6604056	3.2451313	3.671778	4.47233	3.4896183	3.5760143	3.9117455	4.1879597
XPO7_10182	4.934336	4.4867115	4.304893	4.4816837	4.9692383	5.071795	4.706218	4.7312627	4.761664	4.378847	4.1804013	4.6270533	4.5661826	4.6891985	5.1696496	3.7855976	4.2200017	4.9886317	5.158619	5.059695	4.5283937	4.3876204	4.6831694	4.96478	5.0128355	4.534491	4.810742	4.70353	4.520345	5.020667	4.5415487	4.5192814	4.3756533	4.077273	4.616441	4.1282835	4.580281	5.1541033	5.0400114	5.170004	4.532502	4.8706985	4.2752476	5.218256	4.3917923	4.218504	4.9330125	4.9181933	4.1464963	4.8630033	4.570675
YKT6_10189	4.0645385	3.8933594	3.5141387	2.1159258	3.4403665	3.8482714	2.7028143	3.5484548	3.535067	3.4797902	2.956486	3.5721645	3.9383125	3.923187	4.016648	3.100898	2.8900583	3.4382432	4.1011696	4.102316	4.2329803	2.841842	3.410797	3.2424362	3.4874642	3.9400225	3.4996274	3.9043298	3.0559347	3.52196	3.9414568	3.2463703	3.0101936	3.2723231	3.9572527	2.4585645	3.7623768	3.3179228	3.5130224	3.9926662	4.320462	2.9874854	3.3920732	3.5846395	2.93812	4.218504	3.8569224	3.4896183	3.2257414	3.4641607	3.7990685
YME1L1_32545	3.8918242	4.3146935	3.326985	4.605421	4.3723383	3.7265353	3.9722536	4.446643	4.798738	4.378847	4.5292096	4.0338454	4.0465326	4.9092603	4.741449	4.014271	4.84748	4.0333714	4.5328355	4.855005	3.712247	3.973751	4.5779715	4.654355	3.8488257	3.595438	3.65531	4.9025793	3.3879275	4.006783	4.379347	4.1103654	4.3257575	4.077273	4.3970637	3.8063707	4.624199	4.383164	4.6858673	4.745298	5.000007	4.514691	4.4526014	3.9890227	4.3917923	4.575076	4.2948537	4.608145	4.1979237	4.3026175	4.2822084
YTHDF1_10190	5.3224826	4.268282	2.3701787	4.346329	3.8724551	5.91739	3.587535	4.5232325	4.4247885	3.6644573	3.115025	4.7694445	4.947421	4.112363	5.030861	2.5203478	3.334152	2.837896	5.8546762	4.740627	4.950048	4.354535	5.369748	5.2200937	5.573184	5.098552	5.2377234	5.4713736	3.2641406	5.049507	4.510535	3.1345942	3.4435291	3.7302246	5.12557	2.5840793	3.6815434	3.7884288	4.572019	3.8847218	3.3909214	4.5804653	3.7038848	5.4915085	2.93812	3.031582	4.5535	4.03112	3.0125036	5.265593	3.8614638
YWHAB_10191	6.6317987	5.769504	4.7766476	5.866822	5.3097672	6.4850183	5.28402	5.0226336	5.8802776	5.044063	4.5571055	6.2229366	6.159008	5.3461456	6.6912327	4.510401	4.9000707	4.9022617	6.0627766	6.1467075	6.4339604	5.13622	6.493889	6.2700653	6.6433635	6.0912113	5.9593134	5.9587	4.54715	5.906667	5.429636	4.3292627	4.869225	5.2948856	5.6870337	4.6428385	5.572402	5.3481746	5.9737663	5.7023377	5.283899	5.9979987	5.137241	6.106947	5.126247	5.524181	5.9696035	5.704953	5.131869	5.8038497	5.461596
YWHAH_10193	6.3157845	5.8504963	4.7766476	6.0229416	5.363889	6.20635	5.2143483	5.7682037	6.3107285	5.6657906	5.212011	6.271615	6.4226956	6.0637693	5.948199	5.263932	5.8085127	5.577073	6.278379	6.1909385	5.9599166	5.266436	6.4146333	6.063882	6.2901516	6.5283904	6.243235	6.4148498	5.3122706	6.112013	5.793977	5.678946	5.5286665	5.962454	6.22975	5.227787	5.572402	5.7937536	5.9886336	6.2511163	5.724591	5.872332	5.618366	6.6803727	5.5182624	5.603762	6.367695	5.744827	5.1051793	6.1683593	5.8480244
YWHAZ_10194	8.394061	7.9017086	6.764558	7.665916	6.691346	8.494028	6.820831	7.356496	8.421102	7.125505	6.459569	8.640072	8.33465	7.8666267	8.508334	7.2218237	6.5544133	6.9612794	8.340943	8.345422	8.253116	7.2694497	8.18619	8.093043	8.700502	8.353595	8.364819	8.555948	7.075153	8.684093	7.9637117	7.2450113	7.254741	7.7313013	8.103542	6.692437	7.4308467	7.891684	8.167157	7.8665996	7.359533	8.1556635	7.12592	8.550395	7.2693577	7.721729	8.281955	8.008684	7.038556	8.3316145	7.614914
ZDHHC6_10196	5.3671594	5.155827	4.882416	4.923396	5.0037384	5.8015833	4.8961816	4.1889644	5.034578	4.5132446	3.8604286	5.3927565	5.1790576	5.0392876	5.390095	4.3851724	4.820448	5.1720743	5.3612914	5.541846	5.275932	5.0561686	5.1910257	5.53426	5.53396	5.4175487	5.108945	5.4072967	4.7683144	5.2860026	5.0091667	4.474071	4.5157533	4.7922235	5.235658	4.425254	4.580281	4.8678265	5.4795613	4.919528	4.849843	5.279969	4.7528453	5.532412	5.291575	4.9848456	5.183061	4.809582	5.022013	5.338973	5.0968685
ZEB2_33022	2.5931726	3.3854282	1.9183995	2.8078547	2.8206856	3.1002145	2.7028143	2.914369	2.7331607	3.0196002	1.70226	2.6150863	2.8013556	2.7372885	1.8643311	2.6348078	1.0488179	2.5655518	2.1990027	2.9293032	2.581391	2.5224707	1.488839	2.38735	1.1871207	2.4764907	1.8390311	2.4159133	0.8958736	1.2084577	1.7976378	2.5734606	2.570392	3.6495402	1.6211139	1.3212922	2.9363732	1.8332981	2.6341627	2.6239195	2.4405787	2.0700042	2.4416173	2.7702174	2.8193185	2.0916321	2.8921008	2.4290519	2.4591324	2.1194797	2.708643
ZFP110_10199	3.1985953	3.8308609	3.111882	4.0880117	3.628988	3.1950624	3.3483052	4.040521	3.243922	3.6644573	3.448644	2.8891323	3.1312993	3.4488056	2.3107724	3.3887968	3.7893128	4.370112	3.7624195	4.22083	2.889376	3.1031692	3.2374017	2.9355001	2.7541187	2.091197	3.65531	3.1225834	2.8983095	2.786402	3.987233	3.537568	4.4238806	3.6495402	3.1064248	2.8064463	3.5048723	3.4077816	3.5130224	3.7680426	4.0164742	3.2525284	3.5563867	3.2341504	2.93812	3.5159345	4.0370674	2.9218345	4.1464963	3.5490766	4.1384206
ZFP131_10200	2.98588	3.200062	0.76129264	2.9391065	2.6569214	2.6425977	2.5603254	3.1256318	3.4443936	2.719398	1.8894439	2.6150863	2.6721666	2.3926249	3.7596574	2.5203478	1.6496927	2.5655518	3.4029472	3.0622413	2.1892972	1.5351875	2.5404441	3.415899	2.2723026	2.6363633	3.0159018	2.1285868	2.1515164	3.251095	2.4482956	1.2719984	3.0101936	2.597612	2.853671	2.3210802	1.6862907	2.0718946	3.1395056	3.0805616	3.4754093	2.3964808	2.99374	3.0207527	3.1498733	3.2451882	2.617958	3.0546732	2.2798173	3.0634718	2.838406
ZFP318_10202	4.2667212	4.403265	1.9183995	3.9074347	3.628988	4.5684204	2.951459	3.815366	4.8348827	2.9263053	2.6802902	4.1425314	3.9934368	3.781712	3.8938673	2.9320772	2.7821121	2.9569383	3.8246934	3.9731874	3.712247	3.391122	4.252953	4.06339	3.4029047	3.141831	3.4996274	4.1195726	2.8983095	3.7499197	4.379347	2.1818647	3.0101936	3.3762684	3.8915	3.0865276	3.5048723	3.7884288	3.8094523	3.5018787	4.0164742	4.2972007	2.6006784	4.2564993	2.5476058	3.2451882	4.0924416	3.4896183	3.7236884	4.397271	3.5183966
ZFP354A_10203	3.9517226	3.7655318	2.8589911	4.4379616	3.1011837	3.2840576	3.4325337	3.2206914	4.1656966	4.0654263	3.448644	3.4922628	3.6939778	3.4488056	5.271804	2.109709	2.2451668	5.1720743	3.697336	3.831355	3.0217755	3.0212092	4.781215	4.688581	5.5924034	2.4764907	2.8961248	3.474912	4.5734663	3.251095	4.1164427	2.7354863	3.1313257	2.9062183	2.7084813	3.8063707	2.7898166	3.9763792	3.0287817	4.358206	4.1764603	3.4763536	2.7439313	4.2564993	3.047878	3.5159345	2.8921008	3.8959892	3.0125036	4.5285373	3.067424
ZFP36_10204	3.8918242	4.010777	3.4235945	2.8078547	2.967741	3.7265353	3.512115	2.6667733	4.603037	3.6644573	3.1882064	4.66399	4.412865	4.052019	4.016648	3.0189555	2.7821121	3.1690745	4.289591	4.432127	3.6316473	3.51607	5.390609	4.258289	4.658931	4.450914	3.4996274	3.9500241	4.043804	4.0644393	4.2350254	2.1818647	3.3467786	1.6624343	3.5085077	3.6994612	2.9363732	3.7884288	4.110652	3.4268885	4.0164742	4.445774	3.30232	4.10203	4.01308	3.4312084	4.630346	3.580566	3.321599	4.3026175	3.5938473
ZMIZ1_10210	5.102316	5.1810994	3.9630284	5.1298494	4.318538	5.6756635	3.9148438	4.446643	5.1249337	4.665346	4.0292673	5.635252	5.4591317	4.649022	5.5203233	4.174241	3.6114979	4.570107	4.978596	5.651426	4.8819904	4.451598	4.8430624	5.677477	5.3654413	5.1786733	5.333061	4.879149	3.966478	5.2615604	5.379021	3.4468794	4.3756533	4.455044	5.8858547	3.6994612	4.389879	4.8991494	5.1499085	4.7140985	4.849843	4.9722033	4.22728	5.8561707	3.7784617	4.724974	5.1311197	4.846702	4.3420444	5.3149257	4.712838
ZWINT_10214	5.7170177	6.028124	5.7868752	6.122971	5.1025486	6.294672	4.8961816	6.4263773	5.6152225	5.9288993	5.660788	5.4573073	5.758662	6.2227674	5.4348235	6.083098	6.203215	5.8929443	5.482139	6.101078	5.5193686	4.9270926	5.688898	5.853724	5.8536353	5.767672	5.6244464	6.055942	5.916257	5.9378533	5.7679863	6.1361294	5.3653893	6.441255	5.6870337	5.740427	6.4268374	6.6018677	6.156032	6.375974	6.5251684	5.4998827	6.0765495	5.685331	5.4796085	5.7853985	5.728748	5.663946	6.028335	5.134336	5.8633523
