Williams Trend Test
Data Source: P2_Perfluoro_3_methoxypropanoic_acid_Female_Adrenal_NoOutlier-expression1
Work Source: null
BMDExpress3 Version: BMDExpress 3.20.119 BETA
Timestamp (Start Time): 12/14/2025 07:32.21
Number of Permutations: 10000
Unadjusted P-Value Cutoff: 0.05
Multiple Testing Correction: false
Filter Out Control Genes: true
NOTEL/LOTEL Test: T-Test
NOTEL/LOTEL p-Value Threshold: 0.05
NOTEL/LOTEL Fold Change Threshold: 2.0
Total Run Time: 16 seconds

Chip: BioSpyder S1500_Rat
Provider: BioSpyder

=== Experiment Description ===
Experiment Type: in vivo
Test Article: Perfluoro-3-methoxypropanoic acid | CAS: 377-73-1 | DSSTOX: DTXSID70191136
Subject Type: in vivo
Species: rat
Strain: Sprague-Dawley
Sex: female
Organ: adrenal
Article Route: oral
Article Vehicle: feed
Administration Means: dietary
Study Duration: 28d
Platform: BioSpyder S1500+ Rat
Provider: BioSpyder
Article Type: chemical
Chip File Creation Date: 10/31/24
Log Transformation: NONE
BMDExpress3 Version: BMDExpress 3.20.119 BETA
Timestamp: 12/14/2025 07:06.33

Probe ID	Gene ID	Gene Symbol	Unadjusted P-Value	Adjusted P-Value	Max Fold Change	Max Fold Change Unsigned	FC Dose Level 1	FC Dose Level 2	FC Dose Level 3	FC Dose Level 4	FC Dose Level 5	FC Dose Level 6	FC Dose Level 7	FC Dose Level 8	FC Dose Level 9	NOTEL/LOTEL T-Test p-Value Level 1	NOTEL/LOTEL T-Test p-Value Level 2	NOTEL/LOTEL T-Test p-Value Level 3	NOTEL/LOTEL T-Test p-Value Level 4	NOTEL/LOTEL T-Test p-Value Level 5	NOTEL/LOTEL T-Test p-Value Level 6	NOTEL/LOTEL T-Test p-Value Level 7	NOTEL/LOTEL T-Test p-Value Level 8	NOTEL/LOTEL T-Test p-Value Level 9	NOTEL	LOTEL
ABCC5_7942	116721	abcc5	0.009018036072144289	0.11474124720028292	1.0288297	1.0288297	1.0155048	1.0288297	1.0130191	1.0159128	1.0196971	-1.0002244	1.0135595	1.0274583	-1.0282102	0.24902776	0.03358147	0.1747289	0.2917842	0.09558441	0.9843854	0.34640563	0.013888145	0.22266182			
ABCF3_7946	287982	abcf3	0.01263284539803489	0.13011830759975937	1.0686891	1.0686891	1.0676216	1.0438955	1.057662	1.0337487	1.0609128	1.0282428	1.058346	1.0686891	1.0341322	0.031474672	0.003439663	0.002197787	0.21769686	4.0470905E-4	0.27248436	5.7072286E-4	2.4019176E-4	0.1727649			
ACAA1A_7954	24157;501072	acaa1a;acaa1b	0.025213501423342822	0.16721846178010988	-1.1441662	1.1441662	-1.0154475	1.0678365	1.0097871	-1.0420077	1.0066676	-1.0015795	1.0352902	-1.0833073	-1.1441662	0.7287231	0.09271706	0.82974005	0.38192454	0.8807623	0.97218907	0.48281118	0.26541647	0.18293378			
ACADL_32776	25287	acadl	0.037561576354679806	0.19530213859416448	-1.150864	1.150864	1.0118285	1.0459107	1.0415255	-1.1148789	1.078919	1.0160482	1.0592356	1.0674064	-1.150864	0.88594127	0.20144838	0.23864955	0.060929865	0.042013872	0.79026127	0.13023351	0.11099199	0.23203596			
ACADSB_7959	25618	acadsb	0.02374245472837022	0.16380095957119642	-1.1485778	1.1485778	-1.0294852	1.0677608	1.0076622	1.0076536	-1.0079906	-1.0365713	1.0572611	1.0207646	-1.1485778	0.62894815	0.109510995	0.8913853	0.87666017	0.84536976	0.5047368	0.18271992	0.6563091	0.13130854			
ACAT2_7961	308100	acat2	0.0013899920571882446	0.05634279760354259	1.1915709	1.1915709	1.108271	1.0681224	1.0741379	1.1074613	1.0934229	1.096056	1.0357707	1.1090525	1.1915709	0.012066044	0.10456461	0.16284391	0.0053322944	0.01037899	0.057497542	0.51367295	0.11374095	0.02834113			
ACOT2_7969	192272	acot2	0.02724741447891806	0.17310129822443007	-1.1509353	1.1509353	-1.0309687	1.0352839	1.0305308	-1.0583411	1.0288215	-1.0369508	1.0153689	-1.005759	-1.1509353	0.54339975	0.35365692	0.5838556	0.27395555	0.6361847	0.483474	0.70548266	0.8733753	0.11589502			
ACOT4_7971	681337	acot4	0.01041871436996265	0.12051165338090487	-8.1511345	8.1511345	-1.9269503	-2.2986746	-1.5690349	1.1462417	1.1400318	-1.2219752	-1.6182888	-2.2586215	-8.1511345	0.07093201	0.06579152	0.33402836	0.48499945	0.61431384	0.6238559	0.18927735	0.031612717	0.0029045728	30.0	100.0	
ACTA1_7978	29437	acta1	0.0037946874375873775	0.07492543827744236	2.3003547	2.3003547	-1.3680584	-1.3466797	1.7861967	1.0872434	1.2988534	1.3583014	1.0834758	1.5899533	2.3003547	0.554062	0.59976166	0.030104168	0.84740555	0.5543707	0.38497737	0.8089489	0.21268763	0.0017625521	100.0	300.0	
ACTC1_32706	29275	actc1	0.03745318352059925	0.1952077974820631	-Infinity	Infinity	-1.0545496	-1.0547872	-Infinity	1.8986404	-2.3337922	-1.6387179	1.388228	-1.439674	2.6029315	0.95010793	0.9301283	0.026053714	0.2394614	0.2225947	0.47398683	0.6317806	0.51642054	0.16879342	0.1	0.3	
ADCK3_7987	360887	coq8a	0.040480961923847696	0.20410331151814118	-2.161274	2.161274	-1.5598022	-1.0085243	-1.1651427	1.0412849	1.0522397	-1.6197097	1.1583754	-1.169541	-2.161274	0.19359729	0.96258247	0.50066227	0.77229106	0.7403238	0.14649282	0.30638626	0.43763375	0.026414711	100.0	300.0	
ADK_32788	25368	adk	0.004614767255216694	0.08131366293133883	-1.1482091	1.1482091	-1.0656297	-1.0083556	-1.013367	-1.0695864	-1.0514567	1.0060582	-1.0197377	-1.0409111	-1.1482091	0.12275008	0.7570787	0.7376607	0.18803392	0.2386064	0.8307933	0.48209864	0.2465326	4.5821755E-4			
AEBP1_33321	305494	aebp1	0.010958358238692966	0.12257040856802856	-1.5276834	1.5276834	-1.3552277	1.0600637	1.1713179	-1.0691406	-1.0986071	1.0587451	-1.0903316	1.0018245	-1.5276834	0.010275833	0.59988844	0.055217013	0.6547583	0.37226555	0.5028603	0.6129467	0.9890938	0.0034688774			
AHNAK_32407	191572	ahnak	0.013720742534301856	0.1334019659936238	-1.1005291	1.1005291	-1.0230579	1.0235583	1.0228014	-1.0111471	-1.0164597	1.00203	1.0045028	-1.0131866	-1.1005291	0.49479145	0.25928774	0.31654504	0.71052164	0.39209127	0.89757705	0.7683351	0.7751432	0.061596833			
AKR1B8_8013	286921	akr1b8	0.0010204081632653062	0.047981366459627334	1.1101892	1.1101892	1.0715529	1.0341777	1.0283225	1.0479468	1.0628195	1.0318168	1.0149825	1.0602387	1.1101892	0.0016877166	0.029027859	0.3201452	0.0032158096	0.025020124	0.20370512	0.45854852	0.018265884	0.15365033			
AKT1_8016	24185	akt1	0.024227740763173834	0.16417355166235317	-1.0723752	1.0723752	-1.0328932	1.0180956	-1.0025307	-1.0129918	-1.001836	1.0212159	1.0182121	1.0095378	-1.0723752	0.31134245	0.20776659	0.90444314	0.5267504	0.9120372	0.45075172	0.28423342	0.5452452	0.19607966			
AKT2_32310	25233	akt2	0.008381030253475062	0.1098676875046458	-1.6507192	1.6507192	-1.0782975	-1.2078936	-1.0704018	-1.2167476	-1.1562401	-1.1003435	1.0368412	-1.2519344	-1.6507192	0.49827752	0.13766968	0.5085153	0.18288648	0.29791918	0.18705413	0.7023273	0.06519265	0.10988647			
ALDH1A1_8022	24188	aldh1a1	0.024649298597194388	0.16604155432196668	-1.7921277	1.7921277	-1.0848712	-1.2032466	-1.1080745	-1.3561532	-1.5112311	-1.1242813	-1.2107193	-1.0415025	-1.7921277	0.7181882	0.2760933	0.6065776	0.17893083	0.040795337	0.43868956	0.16847229	0.8213587	0.055542067			
ALDH6A1_8027	500693;81708	bbof1;aldh6a1	0.010278113663845224	0.12051165338090487	-1.1399958	1.1399958	-1.013405	1.0436002	1.0201507	-1.0252774	-1.0285214	1.0048718	1.0520368	1.0332831	-1.1399958	0.8141762	0.1380557	0.6360557	0.57222056	0.41064882	0.90200424	0.084194496	0.39868325	0.057126362			
ALDH7A1_8028	291450	aldh7a1	0.012133468149646108	0.12865044905727713	-1.0527216	1.0527216	-1.0015575	1.0214723	1.0262461	-1.0131522	1.0001726	1.0091113	1.0327327	1.0294327	-1.0527216	0.92835075	0.1316721	0.17611718	0.43524423	0.99094003	0.6541431	0.043113787	0.1810168	0.2529208			
ALDOA_32991	24189	aldoa	0.0116231647634584	0.1257045269168026	-1.0323428	1.0323428	-1.0062437	1.002114	1.0087708	1.0016941	1.0006163	-1.0057843	1.0044906	1.0022206	-1.0323428	0.5202228	0.6663593	0.28728995	0.8237109	0.93516964	0.47564337	0.56289333	0.8538577	0.16863713			
ALDOA_8031	24189	aldoa	0.0016842105263157896	0.05782456140350878	-1.0749421	1.0749421	-1.0244074	1.0050266	1.0158983	-1.0144958	-1.0040635	-1.001009	1.0037616	1.0035762	-1.0749421	0.19785662	0.46578056	0.09600622	0.1944473	0.68314993	0.9377134	0.68797046	0.8015799	0.1416999			
ANKRD10_8048	361183	ankrd10	0.014693708609271524	0.13723736565167738	-1.284905	1.284905	1.0573723	-1.0413972	1.1566956	-1.0023954	-1.0549976	1.0816387	1.0404344	1.018322	-1.284905	0.33413687	0.66428906	0.06512909	0.969841	0.24070564	0.25606942	0.45548102	0.75815994	0.25900903			
ANXA4_32944	79124	anxa4	0.03189156866653379	0.1854340403917005	-1.0691395	1.0691395	-1.0024433	1.0208423	1.0008676	-1.0267005	-1.0148444	1.0015959	1.0282742	1.0330743	-1.0691395	0.93780583	0.4380658	0.9625855	0.31414014	0.27270693	0.9482438	0.22840284	0.31790042	0.085395075			
AP2M1_8054	116563	ap2m1	0.0034779050736497546	0.07448226410202395	-1.0654215	1.0654215	-1.0073955	1.0082254	1.0167006	1.000656	-1.0008065	1.0114412	1.0032322	1.0015811	-1.0654215	0.6749444	0.5414925	0.30946642	0.9600276	0.963038	0.39089462	0.7740706	0.925025	0.08299929			
APEX1_8058	79116	apex1	0.001554907677356657	0.056623407221251455	1.0487529	1.0487529	1.0228195	1.0434128	1.0291549	1.0301367	1.0425472	1.0263135	1.0290681	1.016524	1.0487529	0.107426666	0.014383647	0.04292819	0.040892266	0.016289944	0.06249984	0.08798408	0.35679042	0.1422932			
APOA2_33095	25649	apoa2	0.042601358304177814	0.20990145333015173	2.0432856	2.0432856	1.1174699	-1.0371627	-1.6461717	1.5056767	1.2510477	1.0393074	1.7608347	1.3217925	2.0432856	0.66264457	0.909979	0.277803	0.14839782	0.4219834	0.85772693	0.18552458	0.5333299	0.08370133			
APOE_8064	25728	apoe	0.03401498279003847	0.18961322837390346	-1.0866139	1.0866139	-1.037009	-1.0023377	-1.0234528	-1.0436641	-1.0073526	-1.0469356	-1.0025508	1.0059731	-1.0866139	0.16430785	0.90948254	0.2948522	0.30793482	0.8061251	0.1305744	0.9025054	0.7874579	0.05372907			
APOH_32855	287774	apoh	0.019746414466846808	0.15261201629327903	-5.967376	5.967376	1.1677494	-5.967376	-1.8032354	1.156731	1.123741	-1.4154286	1.7664567	1.0153236	2.4017432	0.66000277	0.002231448	0.04517775	0.70191133	0.84993166	0.45933223	0.29555705	0.96521986	0.10297036	0.01	0.1	
APPBP2_8068	303396	appbp2	0.008110300081103	0.1098676875046458	-1.0672561	1.0672561	-1.0398287	1.0101073	-1.002279	-1.0159987	-1.0021048	-1.0025744	1.0087435	-1.0262856	-1.0672561	0.066849604	0.5423775	0.91636485	0.23783813	0.8694436	0.883347	0.60662353	0.10748088	0.14596686			
ARF1_32413	64310	arf1	0.0027988804478208716	0.07039509777484355	-1.0204948	1.0204948	-1.0118417	1.0022955	-1.0058614	-1.0204315	-1.007404	-1.0096045	-1.0117973	-1.0036529	-1.0204948	0.08639153	0.576177	0.23919858	0.007408102	0.22845426	0.03760776	0.03560136	0.611373	0.0077366806			
ARHGAP11A_8079	296060	arhgap11a	0.023800157356412274	0.16380095957119642	-1.2060394	1.2060394	1.0230905	1.0391814	1.1839584	-1.095414	1.0550258	1.1369398	1.0127561	1.0594642	-1.2060394	0.7366144	0.6799242	0.0751546	0.22594863	0.3468351	0.22459872	0.80265373	0.53042793	0.056037113			
ARHGAP9_32400	362893	arhgap9	0.022902310498581272	0.1635392609699769	-2.8939655	2.8939655	1.3207135	1.6237774	1.3868734	1.7088798	1.238493	1.330345	1.3310999	1.0757369	-2.8939655	0.4278976	0.05532091	0.22260003	0.004348304	0.24320279	0.44210184	0.14126924	0.8634342	0.18696694			
ARHGDIB_32723	362456	arhgdib	0.02790604296326039	0.17345049117681674	-1.1527808	1.1527808	-1.0318257	-1.0188109	1.0427743	-1.0414886	-1.0422175	-1.0166482	1.0107349	-1.0118817	-1.1527808	0.6065123	0.6916763	0.3837305	0.48697516	0.40738872	0.7402252	0.81534284	0.8691037	0.061526515			
ARHGEF12_8080	367072	arhgef12	0.036686151985486797	0.19354182132831205	1.0823745	1.0823745	1.034314	1.0823745	1.0759314	1.0392538	1.0554144	1.0477878	1.0410304	1.054974	-1.0479014	0.4924905	0.009679282	0.021969123	0.107351676	0.11026415	0.23948957	0.28605205	0.051185917	0.4097548			
ARNT_32339	25242	arnt	0.015934627170582225	0.14085264295941327	-1.3752718	1.3752718	-1.0073222	1.0967443	1.1518211	-1.0277054	-1.0458025	-1.0145863	1.1112573	-1.0191556	-1.3752718	0.9500053	0.3029533	0.069090374	0.7952364	0.6350052	0.90240616	0.180099	0.88202614	0.113122486			
ASAH1_8089	84431	asah1	0.007216494845360825	0.10546809696294233	-1.0480298	1.0480298	-1.0136402	1.0083832	1.0093392	-1.0331489	-1.02099	-1.002327	1.0076976	-1.0168313	-1.0480298	0.30672914	0.29982507	0.3558638	0.039470073	0.19800755	0.8462051	0.52183	0.17839703	0.057458647			
ATF4_8096	79255	atf4	0.01083743842364532	0.12257040856802856	1.0946274	1.0946274	-1.0009426	1.0329212	1.0276437	1.0171124	1.0226405	1.0273664	1.0326426	1.0946274	-1.0870749	0.98450404	0.2655041	0.08550408	0.63284355	0.58410084	0.14016485	0.18138033	0.00920874	0.10833108			
ATP1A1_32617	24211	atp1a1	0.038153846153846156	0.1965569466882068	-1.0705308	1.0705308	1.0000749	1.052365	1.0471754	1.0260402	1.0052634	-1.0019923	1.023085	1.0393506	-1.0705308	0.99829936	0.018719304	0.10611486	0.2588865	0.82412565	0.9651546	0.38220918	0.22588614	0.119939804			
ATP1B1_8103	25650	atp1b1	0.029688779688779688	0.1803843552439058	-1.0674087	1.0674087	-1.0363288	1.0217023	1.0295733	-1.0172799	-1.0262794	-1.0012764	1.0223373	1.005649	-1.0674087	0.34356347	0.2909195	0.20560959	0.4615464	0.16111286	0.9447667	0.2655345	0.8312787	0.044348028			
B3GNT2_32526	305571	b3gnt2	0.0022375915378356386	0.06628056628056628	-1.0801628	1.0801628	-1.035649	1.0108489	1.0241758	-1.0058697	-1.0101585	1.0097414	-1.0025617	1.0013952	-1.0801628	0.08386406	0.5097666	0.39241868	0.76448816	0.532394	0.5451031	0.8926521	0.9600472	0.0032901394			
B4GALT1_8124	24390	b4galt1	0.02304147465437788	0.1635392609699769	-1.087268	1.087268	-1.0016632	1.0583919	1.0536803	1.0614563	1.0263741	1.034251	1.0608158	1.0296804	-1.087268	0.9692386	0.09453164	0.11689703	0.12658186	0.39455518	0.36931515	0.058487404	0.48116437	0.32616037			
BAD_8128	64639	bad	0.007337953526294333	0.10586111111111111	-1.3261031	1.3261031	-1.1427276	-1.0730265	-1.0375861	-1.0458503	-1.0616857	1.0280682	-1.1200441	-1.0317867	-1.3261031	0.059253033	0.29011035	0.342801	0.42554647	0.4677834	0.60025483	0.23969418	0.74260247	0.015610197			
BCAT2_32849	64203	bcat2	0.042736757624398075	0.21009001532175692	-1.0945824	1.0945824	-1.0379618	1.0266125	1.0539324	1.0296433	1.0356019	1.0269821	1.0574167	1.0265357	-1.0945824	0.3069591	0.32713842	0.3027226	0.46032014	0.34632164	0.36962202	0.057107184	0.4756684	0.384943			
BCL2L2_32990	60434	bcl2l2	4.0290088638195E-4	0.03844080447854032	-1.1465667	1.1465667	1.0207683	1.0049256	1.0288715	-1.0115256	1.0298833	1.0248412	1.0033079	1.0046217	-1.1465667	0.61652267	0.81564546	0.4155814	0.625547	0.20683326	0.41218036	0.86883473	0.8833709	1.4184092E-4			
BECN1_8140	114558	becn1	0.01974471479856402	0.15261201629327903	1.0484277	1.0484277	1.01796	1.0456812	1.0484277	-1.00352	1.0193315	1.0466362	1.041023	1.0350356	-1.0245048	0.4684473	0.052175645	0.017702946	0.81432104	0.27911022	0.009424921	0.055442348	0.054840427	0.11387413			
BGN_32910	25181	bgn	0.003961180431768667	0.07492543827744236	-1.1932623	1.1932623	-1.1373242	-1.0121568	-1.0585448	-1.1219883	-1.1050785	-1.0362337	-1.0359182	-1.0137802	-1.1932623	0.031466775	0.7951105	0.19841799	0.09411069	0.0680561	0.51969427	0.5073242	0.74237967	0.0035516252			
BLCAP_8149	171113	blcap	0.023790642347343377	0.16380095957119642	1.0631255	1.0631255	1.0357952	1.0631255	1.0538603	-1.001164	1.0220665	1.0435212	1.0388076	1.0623882	1.0570954	0.27355704	0.0070543895	0.046078674	0.9644299	0.327689	0.03500789	0.107263595	0.011805024	0.020034565			
BLVRA_8151	116599	blvra	0.006387921022067364	0.10085454869147233	1.2450225	1.2450225	1.1601504	1.1013122	1.2416272	1.0525767	1.1402723	1.0321752	1.1482499	1.1995212	1.2450225	0.014839382	0.20147374	0.0019040228	0.55952454	0.17347445	0.76911235	0.02934943	0.005932433	0.0060055796			
BMP6_32921	25644	bmp6	0.020246129416435093	0.15476945071036372	-1.6742184	1.6742184	1.0082538	1.1660941	1.0266336	-1.102584	-1.1739575	-1.2189693	-1.1513308	1.0408243	-1.6742184	0.9599643	0.32223117	0.8705702	0.49177277	0.33670834	0.26238757	0.44441497	0.8394824	0.051301815			
BNIP3L_8155	140923	bnip3l	0.020249539783186745	0.15476945071036372	1.0223826	1.0223826	1.0030872	1.0223826	1.0109063	-1.0034701	1.0060315	1.0099045	1.0062749	1.0097266	-1.0219514	0.81562364	0.0066816043	0.27560812	0.6960007	0.5277949	0.23436004	0.47612926	0.33794874	0.17858241			
BRCA1_8158	497672	brca1	0.03712671509281679	0.1944433044691591	-3.2115707	3.2115707	1.0505033	-1.2674588	-1.2835275	-1.1851883	-1.2365067	-2.2731147	-1.9966058	-1.1041907	-3.2115707	0.78344244	0.30851954	0.42118356	0.6180488	0.57999134	0.061731547	0.088394605	0.66217387	0.028873151	100.0	300.0	
C1QBP_8169	29681	c1qbp	0.013790306225917663	0.1334019659936238	-1.052743	1.052743	1.0050253	1.0374972	1.0058346	-1.0339748	1.0056491	-1.0006425	1.0100715	1.0069867	-1.052743	0.8208061	0.024928879	0.77186626	0.105544426	0.7621911	0.9712586	0.6422302	0.6979972	0.14384298			
C1S_8172	192262	c1s	0.023204640928185638	0.1635392609699769	-1.1540339	1.1540339	-1.0780843	1.0306937	-1.00975	1.0226401	-1.0525949	-1.0327798	1.0028718	-1.0041044	-1.1540339	0.17919712	0.42273653	0.84026444	0.70733094	0.25988275	0.47691625	0.9426619	0.9452853	0.09590246			
C2CD2L_8174	300666	c2cd2l	0.01641337386018237	0.14223608837970542	1.0738597	1.0738597	-1.0091501	1.0308043	1.057193	1.0023596	1.0258442	1.0543036	1.0381402	1.0738597	-1.0587181	0.61790603	0.2249478	0.011701915	0.8955904	0.39770764	0.1873276	0.034314875	0.0010628848	0.3095555			
C2CD5_32440	362461	c2cd5	0.023222940226171242	0.1635392609699769	-2.0706522	2.0706522	1.3167679	1.107151	-1.6004343	-1.2609972	-1.1422231	-1.7230688	-1.8070002	-1.2477102	-2.0706522	0.08482625	0.62532586	0.15989456	0.211981	0.5537813	0.16145875	0.09246874	0.3558267	0.055911846			
C3_8175	24232	c3	0.02230259192284509	0.16342500647612468	1.5138887	1.5138887	-1.4785811	-1.1731112	-1.025417	1.1299502	-1.1627183	-1.0390747	1.2814462	1.1151581	1.5138887	0.21728936	0.31259802	0.8855464	0.47077656	0.6475722	0.7793918	0.24011855	0.34516	0.22427663			
C7_8179	117517	c7	0.02784407319013524	0.17345049117681674	-1.1387242	1.1387242	-1.0321255	1.01269	1.0313936	-1.0858282	-1.0732098	1.0006262	-1.0327859	1.0087204	-1.1387242	0.50807613	0.77768797	0.32543287	0.29186046	0.0307357	0.9855718	0.41894838	0.8444901	6.532185E-4			
C9_8183	117512	c9	0.01697284345047923	0.14510774855093508	2.0656912	2.0656912	-1.506237	-1.2401276	-1.3035485	-1.2864199	1.1330214	1.1060619	-1.090984	1.0380841	2.0656912	0.37988007	0.6113789	0.47684428	0.58163494	0.7695404	0.776455	0.8857393	0.8773514	0.04396696	100.0	300.0	
CALCOCO1_32442	246047	calcoco1	0.01209016393442623	0.12865044905727713	-1.1255658	1.1255658	1.0039625	1.0800138	1.0712701	1.007399	-1.0070902	1.0247369	1.0367216	1.0231997	-1.1255658	0.93627584	0.033397302	0.04839668	0.78678936	0.8751832	0.55561024	0.42220396	0.56145424	0.21800569			
CALR_8190	64202	calr	0.0010152284263959391	0.047981366459627334	1.0720835	1.0720835	1.0059888	1.0207249	1.0092405	1.0370048	1.0438223	1.0065087	1.0027461	1.016116	1.0720835	0.6288204	0.3196222	0.4014138	0.005671328	0.07732011	0.6188213	0.8528784	0.17436165	0.0011995563			
CALU_8191	64366	calu	0.0011964107676969093	0.05232009675468655	1.0516635	1.0516635	-1.0036973	1.0108253	1.0099671	1.0067106	1.0132487	1.0150328	1.0020791	1.0167372	1.0516635	0.7439709	0.4156659	0.41508523	0.6029758	0.44509616	0.10918873	0.82444984	0.089244746	2.3447107E-4			
CAR9_32677	313495	car9	0.0027844073190135244	0.07039509777484355	-2.530596	2.530596	-1.7484709	-2.309621	-1.2381757	-1.262156	-1.1380935	-1.0666298	-1.2611822	-1.3251331	-2.530596	8.3145936E-4	0.020755276	0.20493294	0.003774771	0.33142883	0.34744138	0.13700296	0.032619804	0.123139255	0.01	0.1	
CASP7_8203	64026	casp7	0.03508416142770229	0.19067095770884437	-1.1563135	1.1563135	-1.0729082	1.008656	1.0520544	1.0073382	1.0084507	-1.0538602	1.0275593	-1.0060096	-1.1563135	0.06988489	0.8915624	0.3264663	0.79325193	0.8054648	0.3937122	0.33195445	0.81124115	0.26425856			
CAV1_32536	25404	cav1	0.04641775983854692	0.21647317854283427	-1.1747911	1.1747911	1.0201591	-1.0116278	1.0393066	-1.0773001	-1.1371347	1.012191	-1.0635926	-1.0311059	-1.1747911	0.7551183	0.85911113	0.5313941	0.35467178	0.12547867	0.8151376	0.27621707	0.68211395	0.13157916			
CCL22_33187	117551	ccl22	0.02965599051008304	0.1803843552439058	-2.36151	2.36151	-1.0082375	-1.071287	1.4496363	-1.0963389	1.1555097	1.234247	-1.4183298	-1.1126535	-2.36151	0.9716866	0.8167808	0.16855377	0.5675685	0.3424433	0.17881621	0.2842689	0.64544505	0.14694658			
CCNA2_8221	114494	ccna2	5.996402158704777E-4	0.03844080447854032	-1.67659	1.67659	-1.1253288	-1.0465033	1.0517226	-1.2310432	-1.200286	-1.0177146	-1.0861979	-1.0385121	-1.67659	0.09146675	0.58286166	0.6413227	0.09269103	0.04947495	0.80911356	0.4342658	0.7263079	5.1285133E-5			
CCNB2_8223	100364016;363088	ccnb2-ps2;ccnb2	0.015010863124629667	0.13816381675988923	-1.2231221	1.2231221	-1.0366203	1.0358648	1.0516528	-1.0909923	1.0032762	1.0066131	-1.0776691	-1.0168844	-1.2231221	0.6288096	0.51753086	0.53230816	0.18480846	0.9645219	0.90825	0.23881899	0.7547539	0.002756859			
CCNG1_32302	25405	ccng1	0.008336564559906941	0.1098676875046458	1.4608815	1.4608815	-1.0226632	1.1030055	-1.0683664	1.4608815	1.1146524	1.1425005	1.0659356	1.0561421	-1.2526528	0.77207184	0.21075846	0.4492607	0.011068212	0.17243262	0.12898475	0.35502052	0.5161401	0.36389762			
CD3D_33153	25710	cd3d	0.0032948929159802307	0.07347271522953855	-1.9040313	1.9040313	1.0203239	1.0800853	1.1390978	1.0635028	1.1143211	1.0640484	1.2255883	1.000163	-1.9040313	0.79303086	0.3265675	0.3170979	0.5022268	0.105841696	0.39867195	0.014474442	0.9992984	0.10025982			
CDKN1B_8272	83571	cdkn1b	0.006555423122765197	0.10200992960101525	-1.1182379	1.1182379	-1.0156826	1.0282738	1.0744251	1.0472888	1.0095062	1.0015732	1.0272514	1.0281787	-1.1182379	0.7565905	0.4201458	0.06316453	0.26903751	0.7913117	0.97006	0.5099418	0.5578469	0.027356151			
CDKN3_8274	289993	cdkn3	0.022128344397505533	0.1633632444437187	-1.2387518	1.2387518	1.0546153	1.0047606	1.0933812	-1.1091121	-1.0069532	1.078044	-1.085081	-1.024409	-1.2387518	0.45914385	0.94392514	0.37564	0.09978293	0.9394873	0.3172391	0.34700182	0.73779714	8.505104E-4			
CEBPB_8280	24253	cebpb	0.046747967479674794	0.21698681042604417	-1.1017108	1.1017108	-1.0399951	1.0171922	-1.0138155	-1.0335469	-1.0259515	1.004799	-1.0002906	1.010429	-1.1017108	0.41332936	0.57857895	0.6442034	0.35338715	0.4211654	0.91673523	0.99254984	0.7462499	0.21191137			
CEBPB_8282	24253	cebpb	0.0026241421073879695	0.07039509777484355	-1.0871928	1.0871928	-1.0479673	-1.0030503	-1.0253099	-1.0502491	-1.0186158	-1.0028526	-1.0098695	-1.001177	-1.0871928	0.09138899	0.78017825	0.27593634	0.0034204158	0.1220141	0.8998991	0.48362067	0.9481348	0.04992455			
CEBPD_8283	25695	cebpd	8.138351983723296E-4	0.044092016348496126	-1.1167508	1.1167508	-1.05744	1.0372112	-1.0156577	-1.0493191	-1.0248755	1.0487448	1.0193244	1.037942	-1.1167508	0.09256269	0.13733776	0.636118	0.15478122	0.2879687	0.046971504	0.45149252	0.20524862	0.0031983098			
CFI_32585	79126	cfi	0.00487012987012987	0.08427272727272726	-5.7805185	5.7805185	-1.3497661	-5.7805185	1.0872494	1.2638614	1.5986661	1.6663371	2.061639	1.5657759	3.7261627	0.60623306	0.016627945	0.8998196	0.49524325	0.5019347	0.24624261	0.33578572	0.3634353	0.112024195	0.01	0.1	
CHCHD4_8302	312559	chchd4	0.017783857729138167	0.14786983012102609	1.0919247	1.0919247	1.0548387	1.0919247	1.0733454	1.0774721	1.0854925	1.0633043	1.0663278	1.0295677	1.0309111	0.028693872	1.610347E-4	0.099858254	0.0010065752	0.017117662	0.010075524	0.016028803	0.075868614	0.12125057			
CHMP6_8311	287873	chmp6	0.0042279041675055366	0.0768483757505418	-1.4909053	1.4909053	-1.1918206	1.1443	1.0024137	-1.0410444	1.0612851	1.0693237	1.0508609	1.0785139	-1.4909053	0.15577689	0.1815691	0.976245	0.71782947	0.5302938	0.34444156	0.4854361	0.43394253	0.051373422			
CHP1_33118	500462;64152	chp1l1;chp1	0.013737953660036908	0.1334019659936238	-1.2594669	1.2594669	-1.1493479	-1.0421215	1.0036165	1.0548726	-1.0308644	-1.037797	-1.0524415	-1.0199628	-1.2594669	0.023413034	0.50663704	0.9319033	0.21761514	0.57222897	0.6151533	0.23400454	0.71629435	0.18799654			
CHPT1_33298	362866	chpt1	0.022909731740747993	0.1635392609699769	-1.0687474	1.0687474	1.0137066	-1.0016607	1.0197763	-1.0251497	1.0099865	1.0346193	1.0277275	1.0221057	-1.0687474	0.6406384	0.9036924	0.5928337	0.12710461	0.7926258	0.2510659	0.1561448	0.35956147	0.025901359			
CIRBP_8321	81825	cirbp	0.012315768221280032	0.12944318882268338	-1.1308324	1.1308324	-1.0241532	1.0041106	1.0100775	-1.036057	1.0052155	1.0380735	1.0091485	1.0138398	-1.1308324	0.4123473	0.9230653	0.7983196	0.35251692	0.8610157	0.1678526	0.7858995	0.7717954	0.02439134			
CKM_32556	24265	ckm	2.0060180541624874E-4	0.032007458048477315	-Infinity	Infinity	-Infinity	3.3055406	-Infinity	1.48812	2.7925482	3.5459344	1.9960765	3.3303852	6.711263	0.2690593	0.13658813	0.2690593	0.7097261	0.16050808	0.07568979	0.35033002	0.028903823	0.008199641	30.0	100.0	
CLSTN1_8335	313717	clstn1	0.044399596367305755	0.21397690479309764	-1.0898054	1.0898054	-1.0052891	1.0236794	1.0387169	1.0229989	-1.0195973	1.0145423	1.0112284	1.0051459	-1.0898054	0.8953546	0.5087781	0.4175625	0.50179654	0.5580625	0.6384938	0.6927711	0.9012912	0.16534561			
CNPY3_8345	685174	cnpy3	0.04623824451410658	0.21647317854283427	-1.0577577	1.0577577	1.0074471	1.030001	1.0575881	1.0252297	1.0318981	1.0287073	1.0076596	1.0268431	-1.0577577	0.84745497	0.35218045	0.17285004	0.30986956	0.1314361	0.32354134	0.7515074	0.48547003	0.042118214			
COL4A2_8356	306628	col4a2	0.0030315278900565883	0.0720570860021143	-1.1599171	1.1599171	-1.0960937	1.0273623	1.019682	-1.0572364	-1.0695199	-1.0090472	-1.0341922	1.0102717	-1.1599171	0.07185972	0.51444936	0.6381655	0.29742533	0.111052886	0.8165972	0.41051164	0.80174154	0.0021017261			
COLEC12_32794	361289	colec12	0.04219409282700422	0.20980648916048303	-1.375742	1.375742	-1.0629321	1.0932074	1.1302981	-1.0641876	-1.1621749	1.0720608	-1.0712247	1.1346002	-1.375742	0.67590916	0.25803363	0.16623215	0.7225255	0.24594843	0.375836	0.4962506	0.31970719	0.12060333			
COMT_32835	24267	comt	0.01508664627930683	0.1382729487378842	-1.0992603	1.0992603	-1.0992603	-1.0116804	-1.0142744	-1.0701549	-1.025318	1.0173205	-1.0182496	-1.0597322	-1.0905231	5.1862997E-4	0.58168876	0.54977626	0.056844108	0.19782197	0.39825264	0.44986892	0.1583413	0.08655116			
COPS7A_8361	312710	cops7a	0.029545006893834942	0.1803843552439058	1.0492328	1.0492328	1.0043693	-1.0084187	1.0135976	1.0492328	1.0408881	1.0069649	1.0340213	1.0016671	-1.0454867	0.7534714	0.7165848	0.6309712	0.016620057	0.021240396	0.7896225	0.06469865	0.93909764	0.16405395			
CORO1A_8364	155151	coro1a	0.013964784456587736	0.13365410964424457	-1.1984265	1.1984265	1.0121422	1.0886692	1.1440974	1.0082171	1.0130737	1.068516	1.1064736	1.0234674	-1.1984265	0.8747289	0.110426165	0.0497	0.9032539	0.8673747	0.28562018	0.067955665	0.814959	0.028317103			
CPNE3_8370	313087	cpne3	0.023445463812436288	0.16380095957119642	-1.2230227	1.2230227	-1.1278518	1.0534699	1.0741668	-1.1199756	-1.0162396	-1.0464864	-1.0040581	-1.0768291	-1.2230227	0.057844613	0.26741195	0.18759854	0.12407466	0.7077647	0.55252635	0.9464913	0.3304612	0.19736227			
CRK_8382	54245	crk	0.024841017488076312	0.16604155432196668	-1.085511	1.085511	-1.0135516	1.0159197	1.0284377	1.0308086	1.0190525	1.0353125	1.0318897	1.0400757	-1.085511	0.7760254	0.56743026	0.33782625	0.37284172	0.47794175	0.25844014	0.55670965	0.24142079	0.04010176			
CROT_8384	83842	crot	0.004661532225374949	0.08131366293133883	-1.1001898	1.1001898	1.0026593	1.0190879	1.0315388	-1.0379721	1.0156507	1.0099941	1.0139135	-1.0039693	-1.1001898	0.8873052	0.40478352	0.2312994	0.28670228	0.43392733	0.72849715	0.5320506	0.91222197	0.0041836337			
CRP_8385	25419	crp	0.04044572843582336	0.20410331151814118	-2.726267	2.726267	-1.5165672	-2.726267	-2.5061252	1.3488439	-1.2052369	1.0259407	1.40463	-1.0157254	2.101836	0.41499078	0.061737355	0.09875996	0.42678118	0.7677867	0.91928667	0.5673858	0.97645116	0.22049925			
CSF1R_33318	307403	csf1r	0.01926897099721891	0.15158932861297256	-1.1965007	1.1965007	-1.0059627	1.0805651	1.1051627	-1.0206093	-1.0433022	-1.0114316	-1.0090841	-1.0012989	-1.1965007	0.9201806	0.1982609	0.11025372	0.82391715	0.6102854	0.82881373	0.8891996	0.98991513	0.010055245			
CSK_8392	315707	csk	0.0018036072144288577	0.0608153701968135	-1.2152292	1.2152292	1.0340297	1.0915046	-1.0441974	-1.0113803	1.0104333	1.0250419	1.041121	1.0651929	-1.2152292	0.57671756	0.21914911	0.4257679	0.80029356	0.85826975	0.5984829	0.34187177	0.40880924	0.004783307			
CTCF_32905	83726	ctcf	0.02587456013247775	0.16806808878843654	-1.0766093	1.0766093	-1.0193632	1.0672104	1.0344906	1.0147984	1.0191765	1.0345035	1.0119839	1.0208093	-1.0766093	0.6697845	0.01833678	0.18542145	0.62017256	0.4841869	0.33813897	0.6498964	0.49591818	0.14608324			
CTH_32463	24962	cth	0.013344282488195443	0.1334019659936238	-1.5188092	1.5188092	-1.1395411	-1.0886924	-1.0951694	-1.2013555	-1.0363592	1.001482	-1.0006896	-1.1303905	-1.5188092	0.22558883	0.30997154	0.37476262	0.058890317	0.6956229	0.984203	0.99209064	0.335493	0.18346937			
CTNND1_8401	311163	ctnnd1	0.034780819098579954	0.18997704977330412	-1.0463653	1.0463653	-1.0179031	1.0116961	-1.0178813	-1.0201052	-1.0038339	-1.0136197	1.0001271	1.0102371	-1.0463653	0.53147745	0.14457972	0.15968004	0.14311026	0.6911468	0.30594942	0.989612	0.49957904	0.15027966			
CTSZ_8405	252929	ctsz	0.008353708231458843	0.1098676875046458	-1.1236453	1.1236453	1.0103768	1.0397576	1.0527539	-1.0840869	-1.0299999	1.0305456	1.0245271	1.0075516	-1.1236453	0.8073143	0.3075368	0.19433485	0.07383316	0.46992663	0.4424286	0.5075196	0.9022755	0.011338333			
CTTN_8406	60465	cttn	0.020570264765784115	0.15557161779157708	-1.041367	1.041367	-1.0029318	1.0342188	1.0235785	1.0137458	1.0304154	1.0174782	1.0222242	1.0251764	-1.041367	0.86575365	0.07745237	0.16511622	0.19066517	0.07760676	0.41630182	0.039185215	0.01931861	0.39774495			
CXCR4_8411	60628	cxcr4	0.00141643059490085	0.05634279760354259	-1.9415687	1.9415687	-1.1314945	1.0033996	-1.21302	-1.2367364	-1.2607893	-1.0667793	1.0343422	-1.1152316	-1.9415687	0.1558579	0.9639805	0.32371065	0.107439466	0.021929333	0.5845317	0.7362774	0.44698244	0.012537832			
CYB561_8412	303601	cyb561	0.004638031861262351	0.08131366293133883	-1.3453323	1.3453323	-1.0331236	-1.0241431	1.0026733	-1.1139293	-1.1413512	-1.015032	-1.149469	-1.1227807	-1.3453323	0.61717486	0.7615468	0.9726984	0.13390623	0.026776468	0.7800298	0.05649394	0.1629672	0.06987497			
CYP11A1_32785	29680	cyp11a1	0.020420665713702265	0.15552781668569718	-1.0394937	1.0394937	-1.0394937	-1.0230057	-1.0263284	-1.0205479	-1.015257	-1.0155203	-1.0141126	-1.0094168	-1.0358869	0.04839748	0.051797513	0.010437964	0.03793609	0.07721933	0.09468939	0.1631903	0.40510827	0.20619126			
CYP1A1_8415	24296	cyp1a1	0.01710950080515298	0.14532279156818753	-1.6383599	1.6383599	1.0586736	1.0360438	1.101159	1.02506	-1.066713	-1.1123784	-1.0878434	-1.0779889	-1.6383599	0.44578463	0.7872999	0.1924059	0.76037014	0.6560254	0.6285477	0.5230151	0.51638204	0.08197906			
CYP1A2_8416	24297	cyp1a2	0.04315977034250643	0.2114669819760825	1.6588291	1.6588291	-1.139595	1.2423674	1.2160963	1.259133	1.0444728	1.3112552	1.4433368	1.3686804	1.6588291	0.68137807	0.30495098	0.36907753	0.37136698	0.8591227	0.32717055	0.17751722	0.1692894	0.06579269			
CYP2B1_32451	24300	cyp2b1	0.022364217252396165	0.16342500647612468	-1.8308698	1.8308698	-1.063165	-1.150314	-1.2850714	-1.1176474	1.1160324	-1.2366802	1.037259	-1.3607893	-1.8308698	0.64593524	0.17817879	0.036115147	0.36040315	0.57721424	0.060857665	0.7000739	0.26470244	0.023162924			
CYP3A2_32374	266682	cyp3a2	0.0034136546184738957	0.07448226410202395	1.7050536	1.7050536	1.0715557	1.1283147	-1.053702	1.2715377	1.3660238	1.2786608	1.0927303	1.1320372	1.7050536	0.7436226	0.23508808	0.76647514	0.080436125	0.018744158	0.016125888	0.4677814	0.5499683	0.12474236			
CYP51_8429	25427	cyp51	5.920663114268798E-4	0.03844080447854032	1.2771418	1.2771418	1.2399669	1.1060084	1.1474543	1.2771418	1.2153852	1.1483283	1.0893914	1.2120886	1.2496277	0.0025431851	0.16422868	0.06902702	7.1839895E-5	4.8961624E-4	0.07280142	0.3195379	0.0148287155	4.948459E-4			
DAB2_33094	79128	dab2	0.02901741044626776	0.1783086897593101	-1.1365387	1.1365387	-1.0563661	1.0077338	1.0284301	1.0231196	-1.0174894	-1.0130595	1.0663875	1.0331964	-1.1365387	0.28436792	0.86839664	0.5994969	0.68454546	0.6707217	0.7200227	0.07742355	0.514328	0.07259266			
DAXX_8438	140926	daxx	0.007874015748031496	0.10848086664326195	-1.0954078	1.0954078	-1.007478	1.049025	1.0534499	1.0064547	1.0212649	1.0500656	1.035638	1.0501115	-1.0954078	0.8586194	0.06653243	0.03734563	0.75606245	0.32368028	0.119853355	0.17145677	0.050573237	0.25416458			
DCK_8440	79127	dck	0.030254777070063694	0.1813855491147706	-1.2068673	1.2068673	-1.0595518	1.0236726	1.0692196	-1.0493441	-1.005501	1.0589231	1.0178691	-1.0373522	-1.2068673	0.35768345	0.7333613	0.4270316	0.5520945	0.9262464	0.40124568	0.7451493	0.50858045	0.098623075			
DCUN1D4_8444	360928	dcun1d4	0.0014175779667881733	0.05634279760354259	-1.1499696	1.1499696	1.0126523	1.044432	1.030907	1.0129784	-1.0104655	1.0399705	-1.0107306	-1.0044975	-1.1499696	0.758736	0.065196685	0.17171174	0.75431275	0.76096857	0.19705655	0.74895144	0.9101316	0.0058687204			
DDIT4_8450	140942	ddit4	0.03712480252764613	0.1944433044691591	-1.4274184	1.4274184	-1.2857951	-1.0561719	-1.2141745	-1.047975	-1.002229	1.1745733	-1.0144598	1.1435034	-1.4274184	0.035430368	0.70926493	0.07212222	0.7852418	0.98558277	0.07866121	0.9246086	0.29552045	0.008422774			
DDX21_8454	685025;317399	ddx21-ps1;ddx21	0.04828282828282828	0.22032860248050123	-1.05155	1.05155	1.0049995	1.0184757	1.0102456	-1.0312883	1.00921	1.0205108	1.0061281	1.0438702	-1.05155	0.8710345	0.31453016	0.7005517	0.109259464	0.6048084	0.35125536	0.8108202	0.029516842	0.20596112			
DENND2D_8461	310772	dennd2d	0.01934465061192262	0.15160318577387186	-1.2382942	1.2382942	-1.1285266	1.0565414	1.0734715	1.0070498	-1.0860525	-1.0462211	1.0844138	-1.0821165	-1.2382942	0.06984729	0.4196947	0.46476737	0.89622015	0.25913206	0.42012572	0.28348714	0.3238318	0.010696267			
DERA_8462	690945	dera	0.025357214731334274	0.16721846178010988	-1.0605649	1.0605649	-1.0318453	-1.0167848	1.0202283	-1.0037609	1.018882	1.0013521	1.0176958	1.0014646	-1.0605649	0.2493957	0.40556884	0.28052685	0.84028304	0.16188528	0.9509322	0.32688987	0.93288076	0.09324324			
DHCR7_8466	64191	dhcr7	0.04441776710684274	0.21397690479309764	1.1328365	1.1328365	1.1328365	1.0273434	1.0200454	1.0668122	1.0506037	1.0126754	-1.0140022	1.0582793	1.0976751	0.0051678927	0.39997533	0.62241906	0.07147982	0.24285007	0.6951722	0.73232615	0.26560208	0.08214824			
DLG3_32844	58948	dlg3	0.04493250050372758	0.21458848840592476	-1.1836836	1.1836836	-1.0977228	1.0550438	1.0898515	-1.0648891	-1.0539852	-1.009473	1.0400014	-1.0103258	-1.1836836	0.34695584	0.23140804	0.11375332	0.32337627	0.5190008	0.8697573	0.36754262	0.86178434	0.088603355			
DLGAP5_8475	289997	dlgap5	0.04565390749601276	0.21583595270169137	-1.164931	1.164931	-1.0680153	1.070267	1.0100721	-1.1521099	-1.0296748	1.0496234	1.0300626	-1.038409	-1.164931	0.25329208	0.13683368	0.9035756	0.031732015	0.47847533	0.27937207	0.57347375	0.61850566	0.0093840435			
DNAJA3_8477	360481	dnaja3	0.045048701298701296	0.21462630156187426	1.0346607	1.0346607	1.0132205	1.0346607	1.0235263	1.0013252	1.019467	1.0171202	1.0279001	1.0249329	-1.0130645	0.36674	5.6871807E-4	0.12375387	0.8715364	0.041695964	0.14944221	0.0019905113	0.005808946	0.5973432			
DPP7_8492	83799	dpp7	0.023819055244195357	0.16380095957119642	-1.0727439	1.0727439	-1.0160526	1.0618641	1.0638711	-1.0241445	1.0094982	1.00848	1.0159456	1.0355687	-1.0727439	0.71149904	0.021045532	0.10630117	0.4594496	0.573624	0.7654401	0.58774024	0.42169386	0.1237671			
DPYSL2_8495	25416	dpysl2	0.016571194762684125	0.14223608837970542	-1.0925436	1.0925436	1.0097796	1.0225846	1.030852	-1.0207907	-1.0027148	1.0142567	1.0225794	-1.0011147	-1.0925436	0.70006293	0.48995847	0.3622385	0.4439826	0.9212385	0.5554229	0.41646823	0.9791438	0.14497007			
EBNA1BP2_8513	114021	ebna1bp2	6.087662337662338E-4	0.03844080447854032	1.0427492	1.0427492	1.0124178	1.0231196	1.0128168	1.010665	1.0166727	1.0116911	1.0051656	1.0194472	1.0427492	0.13729176	0.005181815	0.081027955	0.25510964	0.022318797	0.16027421	0.5866191	0.056545388	0.14544526			
ECHDC3_8518	684538	echdc3	0.006731946144430845	0.10254365852397125	-1.1426855	1.1426855	-1.0174898	1.0138638	1.0211279	-1.0638771	-1.0446293	-1.0021638	1.0243089	-1.0018142	-1.1426855	0.4493522	0.5625721	0.4754754	0.020304184	0.18945396	0.95279336	0.46943006	0.94076395	0.22272182			
ECHS1_8519	140547	echs1	0.0248103342218577	0.16604155432196668	-1.0401702	1.0401702	1.0026535	1.0086604	1.0038663	-1.0241749	-1.0105718	1.0015087	1.0104253	-1.0022873	-1.0401702	0.7732525	0.28021026	0.7731306	0.012836172	0.5822772	0.9166666	0.27187547	0.76930314	0.24405034			
ECI2_8521	291075	eci2	4.042037186742118E-4	0.03844080447854032	-1.0773312	1.0773312	-1.0134349	-1.0081218	-1.0016323	1.0043805	1.00556	1.0072923	-1.0092685	-1.0041815	-1.0773312	0.47165498	0.56392884	0.936483	0.7681482	0.6769844	0.50576675	0.3700018	0.76179105	0.020025838			
EEF1E1_8529	291057	eef1e1	0.02388180530257033	0.16380095957119642	1.0718857	1.0718857	1.0250449	1.0481918	1.0483075	1.0209653	1.0427434	1.0584815	1.0148722	1.0250678	1.0718857	0.1396326	0.1776004	0.14260754	0.44406712	0.02070653	0.003580753	0.55084276	0.1475927	0.03358757			
EHD2_32703	361512	ehd2	0.047400916152160924	0.21861019538832427	-4.9830556	4.9830556	-1.4319019	-1.6200641	1.1266283	-1.4376872	1.0439092	-1.1276809	-1.2163749	1.0643815	-4.9830556	0.2259198	0.30599067	0.5464648	0.44821346	0.8664701	0.7159525	0.59135926	0.86661303	0.028181652	100.0	300.0	
EHHADH_8534	171142	ehhadh	0.03140394088669951	0.18358574091332713	-2.2087948	2.2087948	-1.0662187	1.042601	1.0289972	-1.2248996	1.0500343	-1.0863363	1.0273997	1.1453173	-2.2087948	0.7739064	0.8623954	0.8737746	0.44798642	0.79400146	0.68920016	0.8846622	0.49159375	0.019558948	100.0	300.0	
EIF2AK2_8539	54287	eif2ak2	0.027710355987055017	0.17345049117681674	-1.0906287	1.0906287	-1.0467247	1.0617516	1.0133377	1.0028768	1.0011481	1.038442	-1.001877	1.0032793	-1.0906287	0.3006707	0.077118844	0.6978645	0.9506582	0.97561765	0.34370667	0.9523788	0.93306607	0.027985761			
EIF2S1_8541	54318	eif2s1	0.023287143956889914	0.1635392609699769	1.0208925	1.0208925	1.0192797	1.0208925	1.0146036	-1.0102789	1.0092739	1.0163081	1.0119983	1.0144802	1.0193313	0.005098494	0.0011884117	0.12044996	0.2388955	0.36660048	0.004673087	0.12259442	0.044749904	0.15649518			
EIF4B_8549	300253	eif4b	0.013440320962888667	0.1334019659936238	-1.0611441	1.0611441	-1.0256641	1.0257336	1.0018922	-1.038864	-1.0175883	1.0005922	1.0122639	-1.0098914	-1.0611441	0.30736825	0.1500928	0.9305242	0.0676448	0.43152395	0.97210765	0.44190425	0.5898795	0.007496799			
EIF4E_32598	117045	eif4e	0.03098537336412625	0.18212326789838337	1.0238597	1.0238597	1.0184686	1.0222719	1.0238597	1.0128742	1.0165088	1.0081362	1.0084212	1.0220817	1.0177741	0.043267857	0.02482475	0.009864359	0.1851813	0.063100465	0.46837613	0.40609646	0.014742735	0.07972899			
ENO3_33181	25438	eno3	0.005952380952380952	0.0963839315553773	-1.217168	1.217168	-1.0280336	-1.0139781	1.0768204	-1.0124022	-1.0351975	-1.0156479	1.0617247	-1.0103	-1.217168	0.42745727	0.66822666	0.0076800813	0.6854559	0.28215167	0.7479761	0.06527256	0.7795323	0.22489114			
F11R_8586	116479	f11r	0.01381509032943677	0.1334019659936238	-1.1317708	1.1317708	-1.0146072	1.0183659	1.0153643	1.0045806	1.0000846	1.0268885	1.04352	1.0093061	-1.1317708	0.5456382	0.48776862	0.40196326	0.7904181	0.9975617	0.39559385	0.17925146	0.8210912	0.29270837			
F2R_32746	25439	f2r	0.0499691548426897	0.22377491081726258	-1.1643885	1.1643885	-1.0507443	1.0701114	-1.0257027	1.0500752	1.045371	1.0737408	1.0466634	1.0370852	-1.1643885	0.5251685	0.17881471	0.52328116	0.24056903	0.36155897	0.2225867	0.42899996	0.49010313	0.4011349			
FABP1_33091	24360	fabp1	0.020511779041429732	0.15557161779157708	-5.019031	5.019031	-1.5062965	-5.019031	-1.2653435	1.119898	-1.1690208	-1.1069051	1.2108462	-1.3625481	1.9491678	0.3715464	0.0030057335	0.42285344	0.67371404	0.77389324	0.67139417	0.7135519	0.4087866	0.20688663	0.01	0.1	
FAH_8595	29383	fah	0.014726649182973573	0.13723736565167738	-1.2014105	1.2014105	1.0002482	1.0050298	1.0562996	-1.1057078	-1.0457479	1.0196031	1.0392065	1.0269871	-1.2014105	0.9968602	0.9229456	0.43338445	0.2163562	0.32115403	0.67984146	0.3833622	0.58156216	0.012818395			
FAM183B_33213	287346	cfap144	0.0024057738572574178	0.0681206204235887	-1.8091898	1.8091898	-1.4440902	-1.4729497	-1.1850021	-1.130833	-1.1897988	-1.5931069	-1.8091898	-1.3803632	1.6037133	0.21222901	0.23496877	0.5497762	0.5747581	0.38709348	0.088984065	0.049996447	0.27795374	0.0063845282			
FDFT1_8628	29580	fdft1	0.002992220227408737	0.07191302613205665	1.1018314	1.1018314	1.0540603	1.0385053	1.0207158	1.0425736	1.0507001	1.0253506	1.0101976	1.0529736	1.1018314	0.11548709	0.19990791	0.4352117	0.1378523	0.034287915	0.36676347	0.7109492	0.12112609	7.261489E-4			
FDPS_8629	83791	fdps	1.999600079984003E-4	0.032007458048477315	1.2604113	1.2604113	1.1483489	1.1329194	1.0682328	1.1741387	1.1665548	1.065173	1.0268534	1.1392039	1.2604113	0.013183073	0.03559053	0.14184919	8.9091604E-4	0.0077622235	0.24833578	0.6890238	0.09077969	8.8720315E-4			
FGA_8632	361969	fga	0.04344279012849276	0.2116368356935357	-1.5094411	1.5094411	-1.5094411	-1.2476844	-1.1116633	1.1908478	-1.0966172	-1.1467346	1.0647913	-1.0971303	1.432109	0.047650103	0.26547432	0.5057062	0.37722114	0.67601514	0.10110692	0.8106781	0.69381225	0.19494446			
FGF1_8633	25317	fgf1	0.005979669124975085	0.0963839315553773	-4.6253543	4.6253543	-1.3439779	-1.0110878	-1.2873387	-1.195254	-1.9090571	-1.1844773	-1.1996719	-2.8720903	-4.6253543	0.3563876	0.9577188	0.31721944	0.59286594	0.07481976	0.53262883	0.42196655	0.013478529	0.0022400848	30.0	100.0	
FKBP10_33287	360627	fkbp10	0.034210526315789476	0.18961322837390346	-1.1238848	1.1238848	1.0040596	1.0185391	1.0426499	-1.0325707	-1.0471973	1.0740951	1.0079094	-1.0093564	-1.1238848	0.94184935	0.6940706	0.40316987	0.5022632	0.33705541	0.047506236	0.8716518	0.83930516	0.07112335			
FKBP5_8650	361810	fkbp5	0.007341269841269841	0.10586111111111111	-1.1062219	1.1062219	-1.0120337	1.0079935	1.0072849	-1.0483403	-1.0101329	1.0376394	-1.0311428	1.0168657	-1.1062219	0.68793875	0.82602185	0.8226931	0.1798304	0.67875415	0.2106852	0.2773553	0.4552776	6.2678184E-4			
FMO1_32787	25256	fmo1	0.021161908564583748	0.15893475078192587	-1.2272801	1.2272801	-1.0534508	1.000279	-1.0651013	-1.1903914	-1.1535684	-1.0475492	-1.1027105	-1.0936296	-1.2272801	0.45374495	0.99648905	0.41200882	0.031765476	0.05006762	0.51251763	0.2492651	0.23062104	0.05989414			
FOXO3_8662	294515	foxo3	0.010212254705646776	0.12051165338090487	-1.2508104	1.2508104	-1.0399833	-1.0619025	1.0300175	-1.0741832	1.0156015	1.0509228	1.1048131	1.1084503	-1.2508104	0.69284344	0.27884242	0.5819366	0.24265511	0.6174783	0.36990067	0.019931668	0.15465258	0.13343376			
FOXO4_8663	302415	foxo4	0.009985734664764621	0.12051165338090487	-1.100839	1.100839	-1.0101302	1.0328324	1.028843	-1.0328922	-1.0016881	1.0311682	1.0402377	1.0048085	-1.100839	0.81571484	0.1849722	0.39070752	0.23872842	0.9470618	0.35749727	0.23288518	0.87105435	0.09914342			
FSTL1_32837	79210	fstl1	9.846396218983853E-4	0.047981366459627334	1.2703531	1.2703531	1.0000468	1.0345836	1.20483	1.2703531	1.1594421	1.0518047	1.0167716	1.090095	-1.1837415	0.999141	0.650296	0.021048881	0.022269763	0.022806609	0.42413378	0.7488601	0.27766636	0.030507574			
FV1_8669	308568	fv1	0.04321239298817774	0.2114669819760825	1.196056	1.196056	-1.0269141	1.185244	1.196056	1.0539558	1.0805664	1.1089429	1.0794251	1.1438589	-1.159195	0.79915565	0.02245613	0.016254283	0.55111307	0.27861297	0.12990984	0.4166678	0.23893532	0.25416332			
FYN_8670	25150	fyn	8.314279775514446E-4	0.044092016348496126	-1.0942158	1.0942158	1.0046222	1.041332	1.0469862	1.0122792	1.0368503	1.0146631	1.0507885	1.0356452	-1.0942158	0.84677726	0.027882531	0.043842565	0.5134328	0.055116095	0.506495	0.023326673	0.06296479	0.17160513			
GAPDH_8682	24383	gapdh	0.01260252050410082	0.13011830759975937	-1.0224588	1.0224588	-1.0185772	-1.0112077	-1.0144277	-1.0105729	-1.0009284	-1.0172837	-1.0224588	-1.0120069	1.0158005	0.032085598	0.2058774	0.15865648	0.24976636	0.9308875	0.15403388	0.015773684	0.12181577	0.074954994			
GAR1_8683	499709	gar1	5.930025696778019E-4	0.03844080447854032	-1.6612047	1.6612047	-1.1236742	-1.0746228	1.2696551	1.276397	1.2304462	-1.1629121	1.062266	1.0032923	-1.6612047	0.28774735	0.48983943	0.044928435	0.011693218	0.16084765	0.05127515	0.52325976	0.97388375	1.0078821E-5			
GAS5_8688	81714	gas5	0.03115079365079365	0.18259936766034326	-1.0536585	1.0536585	-1.0036341	1.0279232	1.008998	-1.0346982	-1.0347326	-1.0023824	-1.0119215	-1.0463339	-1.0536585	0.8304004	0.36395425	0.70880234	0.1050676	0.21022454	0.87772155	0.5998428	0.01924464	0.024476966			
GBE1_32816	288333	gbe1	0.02172164119066774	0.16145673503578803	-1.1224098	1.1224098	1.0001909	-1.0052958	1.0311536	1.0693243	1.0079043	-1.0552387	1.0288396	-1.0613408	-1.1224098	0.99602884	0.8624993	0.46202314	0.18848729	0.8465275	0.25907466	0.36285162	0.27281475	0.015492216			
GBP4_8692	310917	gbp4	0.011281224818694601	0.12323883476180011	-1.9356846	1.9356846	-1.2198571	1.0709713	1.0670162	-1.2562385	-1.2465005	-1.1586244	-1.4167459	-1.0679023	-1.9356846	0.12484218	0.59130526	0.62961614	0.13868783	0.32494286	0.41116345	0.08219738	0.6831531	0.0018796078			
GCDH_8693	364975	gcdh	0.013795901805640089	0.1334019659936238	-1.0401505	1.0401505	1.005345	1.0143567	1.0119619	-1.0305417	-1.0100863	1.009219	1.0261737	1.0053946	-1.0401505	0.71300125	0.19249086	0.5026268	0.012601539	0.5479937	0.44777918	0.016971475	0.617683	0.20520929			
GHR_8706	25235	ghr	0.04970819078285369	0.22306808436371894	-1.0707201	1.0707201	-1.0060887	-1.0183189	1.040261	1.0212075	1.0000037	1.0345827	1.0313154	1.0332812	-1.0707201	0.87029487	0.51083314	0.18050148	0.59001976	0.99987847	0.14197563	0.23484132	0.41456944	0.23136319			
GJA1_8709	24392	gja1	0.002973830293417922	0.07191302613205665	-1.2877176	1.2877176	-1.0296674	1.0255873	1.1301675	1.2017901	1.0137268	1.0540727	1.0432885	1.0010971	-1.2877176	0.67828757	0.7026338	0.05723098	0.0316928	0.8033545	0.44447342	0.56774086	0.9882615	0.11724669			
GLRX_8715	64045	glrx	0.03663366336633663	0.19354182132831205	1.1619719	1.1619719	1.0284548	1.1619719	-1.0257424	-1.0032758	1.0776247	1.1342418	1.0592096	1.1037757	1.1389104	0.39071983	6.3867867E-4	0.771637	0.92921257	0.013279528	0.009756251	0.3435003	0.16756868	0.07766229			
GNA11_8720	81662	gna11	0.017594108019639936	0.14750409165302783	-1.0867354	1.0867354	-1.006798	1.0700158	1.0685412	1.0213461	1.0195063	1.0226526	1.0527147	1.0582619	-1.0867354	0.84759873	0.01988101	0.06447541	0.3494703	0.61542726	0.54881364	0.043729357	0.09021119	0.2774359			
GNAI2_8724	81664	gnai2	0.0038484909864290053	0.07492543827744236	-1.1092862	1.1092862	-1.036399	1.0030887	1.0297115	-1.0125711	-1.0166091	1.0063397	-1.0078115	1.0084031	-1.1092862	0.3255917	0.8903299	0.2658404	0.6720543	0.5035296	0.74095345	0.7310301	0.79432195	0.009179103			
GNAQ_33018	81666	gnaq	0.006960081883316274	0.1031031031031031	-1.0787022	1.0787022	-1.0030669	1.0196714	1.0358893	-1.0029393	1.0054197	1.0188866	1.0246363	1.017505	-1.0787022	0.92132014	0.31948534	0.2652078	0.90026927	0.77660906	0.39543042	0.22952871	0.4482266	0.14848904			
GNAS_32916	24896	gnas	0.03466933867735471	0.1898475431876411	-1.3737963	1.3737963	-1.1211753	-1.0051705	1.0312389	-1.1112496	1.006324	1.0652678	-1.1348716	-1.0749575	-1.3737963	0.1940034	0.94154704	0.76560885	0.37860867	0.9416313	0.33860284	0.25694296	0.60859835	0.0816833			
GNAS_8728	24896	gnas	0.04616935483870968	0.21647317854283427	-1.0463109	1.0463109	1.0034641	-1.0140749	1.0230589	1.006716	-1.0006642	1.0107095	1.0043234	1.0116569	-1.0463109	0.8778437	0.26863983	0.1566142	0.57239217	0.9691252	0.5151016	0.70681244	0.62961006	0.28188503			
GNL3_8735	290556	gnl3	0.03363853503184713	0.1889874059061957	1.0523901	1.0523901	1.0384461	1.0523901	1.0309169	-1.0117985	1.0342841	1.0318772	1.0367312	1.0361055	1.0272456	0.012670371	0.0010243518	0.08275755	0.417857	0.037744645	0.020575946	0.04639581	0.004384589	0.21786484			
GPX2_8745	29326	gpx2	0.00897736143637783	0.11474124720028292	-2.0214293	2.0214293	-1.1535385	-1.021274	-2.0214293	-1.7707185	-1.3506097	-1.069911	-1.0115417	-1.0188739	1.4551964	0.50340116	0.87703335	0.09957022	0.099368125	0.36781958	0.76591957	0.9611325	0.89941883	0.02791551			
GRB14_32726	58844	grb14	0.0016230472712517752	0.056623407221251455	-1.4019663	1.4019663	-1.1178385	1.0140454	-1.0319983	-1.2317214	-1.0571365	1.0085479	1.0703038	-1.0709621	-1.4019663	0.047210895	0.7309012	0.7118451	0.0025054023	0.22822568	0.8307213	0.4623518	0.37587145	0.08533699			
GSTA3_33275	494500;24421	gsta3;gsta1	0.004962286621675268	0.08461103405336598	-1.2038573	1.2038573	-1.0062001	1.0130976	-1.0054479	1.1066186	1.0182896	1.0006434	1.0681654	-1.0490957	-1.2038573	0.893738	0.7821744	0.9301197	0.08410721	0.7743473	0.98864996	0.18687433	0.49099785	0.015418269			
GSTM2_8759	24424	gstm2	0.038166397415185786	0.1965569466882068	-1.643442	1.643442	-1.1552657	1.054678	1.0405765	-1.4536257	-1.2387033	-1.0297678	-1.0182974	1.0091172	-1.643442	0.11236338	0.6889366	0.54250526	0.14436868	0.3310627	0.6160689	0.88699484	0.9454271	1.05447936E-4			
GSTM7_8761	81869	gstm7	4.0774719673802244E-4	0.03844080447854032	-1.3369778	1.3369778	-1.018866	1.0117334	-1.0341134	-1.047491	-1.0360935	-1.0129759	1.0310748	-1.0275081	-1.3369778	0.6095638	0.74379295	0.6187071	0.1254969	0.47727835	0.77568346	0.32875502	0.39562172	0.013874632			
GSTP1_8762	24426	gstp1	0.008798240351929614	0.11337804628302273	-1.0785148	1.0785148	-1.0141672	1.0088121	1.0223178	-1.0594747	-1.0264759	1.0069591	-1.0030692	-1.0142186	-1.0785148	0.30995113	0.6965468	0.27740523	8.442182E-4	0.33413866	0.7062573	0.90978706	0.3916413	0.17702024			
GXYLT1_32793	300173	gxylt1	0.02782855982124721	0.17345049117681674	-1.9994498	1.9994498	-1.087205	1.2226803	1.0364964	1.1329645	-1.0838261	1.0333052	-1.017284	1.1868955	-1.9994498	0.70755845	0.13392794	0.81090814	0.38768992	0.71536815	0.84755385	0.9172993	0.22307245	0.2433078			
H2AFX_32900	500987	h2ax	7.846214201647705E-4	0.044092016348496126	-1.7781173	1.7781173	-1.2355738	-1.089958	-1.0903473	-1.1289852	-1.034458	-1.0966733	-1.1011498	-1.05595	-1.7781173	0.058025822	0.49234012	0.31281275	0.28202674	0.8110799	0.26762635	0.26291743	0.63408244	0.011510606			
HAO2_8778	84029	hao2	0.010101010101010102	0.12051165338090487	1.0351661	1.0351661	1.0220945	1.008583	1.0351661	-1.0122286	1.0347838	-1.0043516	1.0092889	1.0112426	-1.0285182	0.028140847	0.61693156	0.025927022	0.26374272	0.005671423	0.65873104	0.60325646	0.16286598	0.11102614			
HAT1_8780	296501	hat1	0.012865497076023392	0.13041721033863896	1.0841271	1.0841271	-1.0079365	1.025259	1.0357853	-1.0284728	-1.0056252	1.0278461	1.0093579	1.0088345	1.0841271	0.8026147	0.4024472	0.21311621	0.37878785	0.85889727	0.2624251	0.69647217	0.70993376	0.031066658			
HDAC2_8785	84577	hdac2	6.020469596628537E-4	0.03844080447854032	-1.0625529	1.0625529	-1.000021	1.0288951	1.0413816	-1.0177368	-1.0000131	-1.0001994	1.0149459	1.0130905	-1.0625529	0.99902284	0.0646265	0.030360863	0.24782054	0.9994447	0.987461	0.48656678	0.5020372	0.01073104			
HIBADH_32345	63938	hibadh	0.01585014409221902	0.14085264295941327	-1.1173487	1.1173487	-1.0127493	1.0107834	1.0006655	-1.0279745	-1.0123577	-1.0175178	1.0429134	-1.0195113	-1.1173487	0.6940067	0.7068369	0.98198754	0.26839793	0.7015369	0.57846725	0.08513944	0.42196056	0.21071063			
HIST1H2BCL1_32672	680403;680312	hist1h2bc;h2bc12	0.010370961308336658	0.12051165338090487	-1.0710901	1.0710901	-1.0344509	-1.007704	1.0132171	-1.0522101	-1.0138577	1.0003433	-1.0135419	-1.0253562	-1.0710901	0.15649126	0.70546013	0.62559533	0.0422579	0.48242313	0.98657125	0.5226023	0.37559092	0.0075630634			
HIST1H2BF_33070	306969;306945	h2bc8;hist1h2bq	1.9896538002387584E-4	0.032007458048477315	-1.0726467	1.0726467	-1.0188041	-1.0012609	1.023334	-1.0371046	-1.0140543	-1.0001615	-1.0089866	-1.0167271	-1.0726467	0.27916768	0.94748825	0.26547843	0.07372914	0.40544298	0.9918801	0.62508297	0.5061302	0.0058807805			
HIST2H2AA3_8804	499675;365877	h2ac20;h2ac18	2.0312817387771684E-4	0.032007458048477315	-1.1052854	1.1052854	-1.0397501	-1.0170826	-1.0006993	-1.034571	-1.0374322	-1.0226334	-1.0152532	-1.0446106	-1.1052854	0.0064545698	0.13584882	0.9686425	0.005147909	0.0036512453	0.05699028	0.26152685	0.078500204	0.07948201			
HK1_8805	25058	hk1	0.018634798460603605	0.15126829576422604	-1.1679436	1.1679436	-1.0071313	1.0322322	1.020707	1.0849674	1.0200161	1.0827574	1.0490543	1.0538819	-1.1679436	0.8673047	0.52797914	0.79400283	0.11307002	0.67312	0.15592515	0.2251579	0.28487065	0.18511765			
HMGB2_8808	29395	hmgb2	2.007226013649137E-4	0.032007458048477315	-1.1855645	1.1855645	-1.0345037	-1.0118424	1.0288494	1.0028605	1.0009428	-1.0658737	-1.0474839	-1.0701776	-1.1855645	0.16941774	0.61096126	0.31657332	0.8846501	0.9763218	0.008465259	0.055237122	0.09230963	3.430582E-5			
HS2ST1_8829	292155	hs2st1	0.015440877691995123	0.13916091019910604	-1.1543123	1.1543123	-1.0103998	1.0480096	1.0583867	1.0015666	-1.0293835	1.0408233	1.0347722	1.0643014	-1.1543123	0.8616715	0.11032777	0.18590862	0.9666804	0.45386106	0.4669434	0.4418729	0.0675928	0.18561442			
HSD11B2_32369	25117	hsd11b2	0.03538717735220649	0.19129537270490948	-1.0967582	1.0967582	1.0140355	1.0139449	1.0156623	1.0168021	1.0151159	1.0194876	1.0299752	1.0035738	-1.0967582	0.5831613	0.60104394	0.5462575	0.58810335	0.7122733	0.46707577	0.18235403	0.8860558	0.38672093			
HSD17B7_8834	29540	hsd17b7	0.007693825212073387	0.10736608989493378	1.2511978	1.2511978	1.1485487	1.0632327	1.0160403	1.1481743	1.1315904	1.1288366	1.0458246	1.2226634	1.2511978	0.08084858	0.5041492	0.87072015	0.019655056	0.099067576	0.068401396	0.6421961	0.013096118	0.011759393			
HSD17B8_32395	361802	hsd17b8	0.012963338059550335	0.13041721033863896	-1.1285266	1.1285266	-1.0111828	1.0561401	-1.0105456	-1.0516052	1.0008832	1.0508058	1.013424	1.0727159	-1.1285266	0.6977308	0.018366326	0.82429796	0.3337089	0.9761036	0.14450312	0.7666311	0.069415845	2.959309E-4			
HSD3B_8835	360348;682974	hsd3b1;hsd3b3	0.0038183279742765273	0.07492543827744236	1.0192753	1.0192753	1.0107709	-1.0046679	1.0007175	1.0180666	1.0090351	1.0048532	1.0057951	1.0045041	1.0192753	0.14466263	0.4153499	0.9203144	0.01281408	0.019295169	0.13587143	0.22645335	0.37689286	1.6564441E-4			
HSPA1L_33069	24963	hspa1l	0.00238758456028651	0.0681206204235887	1.3351518	1.3351518	1.2527252	1.233143	1.1620493	1.1985914	1.0723072	1.113462	1.2125704	1.1874281	1.3351518	0.02345629	0.04818616	0.058862507	0.05179598	0.49058232	0.29463884	0.0440265	0.03565106	0.0022281343			
HSPA4_8843	266759	hspa4	0.02720953326713009	0.17310129822443007	1.0417706	1.0417706	1.0304831	1.0417706	1.0292087	1.003729	1.0254052	1.0210893	1.0140382	1.0267639	1.0406588	0.11613599	0.022506393	0.0845747	0.64215595	0.0052504013	0.03855707	0.5185373	0.014024316	0.033717383			
HSPA8_8845	688655;688932;689955;680121;24468	hspa8-ps22;hspa8-ps23;hspa8-ps25;haus8l2;hspa8	0.011861680739847206	0.12764584796163933	1.0427537	1.0427537	1.0149424	1.0244973	-1.0062625	1.0138704	1.0050492	-1.0107527	1.006267	1.0039709	1.0427537	0.36832172	0.09899056	0.65956104	0.15560475	0.7076194	0.22255565	0.6397079	0.7835986	0.005511622			
HSPB1_8847	24471	hspb1	0.03090871625798475	0.18212326789838337	-1.0992062	1.0992062	-1.0144093	-1.0075343	1.0143198	-1.0112138	1.0041918	1.0153953	-1.0028375	-1.0095799	-1.0992062	0.39051136	0.71162397	0.38436255	0.545196	0.909138	0.29042473	0.8667578	0.81872123	0.28973967			
HSPD1_8849	63868	hspd1	0.007642799678197908	0.10734659548014334	-1.0332588	1.0332588	1.0061369	-1.0013934	1.0042465	1.0252088	1.0205973	-1.0044255	1.0038986	1.0073111	-1.0332588	0.6240533	0.8873093	0.7330638	0.051923957	0.059576582	0.69746935	0.7155419	0.48651487	0.11091006			
ICAM1_8859	25464	icam1	0.024165472045873437	0.16417355166235317	-1.3534892	1.3534892	-1.0747845	1.1475145	-1.0067666	-1.0322286	1.0164572	1.0250236	1.036671	1.1223278	-1.3534892	0.6026729	0.02522019	0.93436414	0.74466187	0.8328605	0.7294968	0.7602665	0.06975879	0.028235657			
ID2_8861	25587	id2	0.025699958211450064	0.16794262722467218	-1.0760338	1.0760338	1.0005306	1.007751	-1.0025692	-1.0035696	-1.00369	-1.0062318	1.0027549	-1.0034921	-1.0760338	0.97992176	0.7043869	0.8711045	0.85242504	0.85163444	0.78630495	0.8659611	0.88446814	0.22532578			
IDI1_8863	89784	idi1	0.022794846382556987	0.1635392609699769	1.2735629	1.2735629	1.2608961	1.0666804	1.0592903	1.2482057	1.1861352	1.1101923	-1.0029219	1.2104105	1.2735629	0.019738942	0.5040202	0.5960441	0.004974692	0.016922206	0.4389985	0.9821919	0.07730626	0.028228896			
IER2_32643	494344	ier2	0.017665740373163954	0.1475328047380449	-1.0916497	1.0916497	-1.0012616	1.0307275	1.0254644	1.0494374	1.0095042	1.0551451	1.0394717	1.0507336	-1.0916497	0.9751238	0.45051032	0.321136	0.09313865	0.8401016	0.102445066	0.2822657	0.31208163	0.014858301			
IFIT3_8868	309526	ifit3	0.011471518987341773	0.12468791743527767	-4.253986	4.253986	-1.1526339	1.2247403	1.0450467	-1.1347184	-1.239268	1.1294074	-1.0013357	1.1595793	-4.253986	0.51330864	0.59041333	0.8239149	0.5837242	0.37631556	0.49312323	0.99430656	0.43501514	0.00464466	100.0	300.0	
IFNGR1_32668	116465	ifngr1	0.030234933605720122	0.1813855491147706	1.0653806	1.0653806	1.0352825	1.0653806	1.025065	-1.0135436	1.0356952	1.0026007	1.0074397	1.0120251	-1.0325786	0.12167073	0.008781178	0.14351173	0.5237795	0.06490797	0.9283142	0.7392473	0.4868099	0.43407315			
IGFBP7_32929	289560	igfbp7	2.013693113169553E-4	0.032007458048477315	-1.0834495	1.0834495	-1.0433637	-1.0144105	-1.0198119	-1.0382364	-1.0275624	-1.0183964	-1.0108671	-1.018271	-1.0834495	0.029575141	0.35234568	0.31754008	0.10774369	0.051828325	0.1539176	0.49099362	0.27051067	0.0031978297			
IKBIP_32492	314730	ikbip	0.04965822275834338	0.22306808436371894	-1.409711	1.409711	-1.1887481	-1.1788278	-1.0879976	-1.1056519	-1.088009	-1.0069636	-1.0451889	1.0475857	-1.409711	0.18443011	0.23080423	0.5021277	0.34236825	0.4276097	0.95488375	0.6855142	0.58575577	0.013600755			
IKBKB_8889	84351	ikbkb	0.006794564348521183	0.10277372507588335	-1.1983056	1.1983056	-1.0903572	-1.0129385	1.0589924	-1.064784	-1.0056766	1.0202972	1.0060015	-1.015996	-1.1983056	0.21366557	0.7650484	0.107263364	0.17334105	0.91532326	0.55512	0.8648871	0.6793686	0.097548075			
IL6_8897	24498	il6	0.020865834633385337	0.15725714394429435	1.7370635	1.7370635	1.2908612	1.2272223	1.2896768	1.0231701	1.497912	1.3611109	1.3356749	1.7370635	1.5606825	0.29841664	0.3004316	0.39271677	0.9388567	0.10417747	0.23922816	0.18409614	0.008524284	0.029382914			
IMPDH2_8901	301005	impdh2	0.021492537313432834	0.16030468347915594	1.0535654	1.0535654	1.0279422	1.0252517	1.0183614	1.0535654	1.018121	1.0166465	1.0312997	1.0163265	-1.0380812	0.10365346	0.16426787	0.3631122	0.03243347	0.36610287	0.3755859	0.10766232	0.29787585	0.36942175			
INTS3_8907	361988	ints3	0.03795942960433822	0.19642642639756835	-1.0589465	1.0589465	-1.0197227	1.0307732	1.0211773	1.0257884	1.0021516	1.0043955	1.0258607	1.0078532	-1.0589465	0.48189223	0.17547126	0.17103487	0.10210947	0.9319408	0.7888472	0.31901127	0.7769702	0.31577164			
ITGB5_8928	257645	itgb5	0.018484663822872234	0.15126829576422604	-1.1026274	1.1026274	1.0125928	1.0294704	1.025946	1.028203	1.0302867	1.0271505	1.0495886	1.0335861	-1.1026274	0.7171653	0.23571144	0.3599349	0.19207525	0.287667	0.5148754	0.22257249	0.4810931	0.2436663			
IVD_8932	24513	ivd	4.075810067250866E-4	0.03844080447854032	-1.2286835	1.2286835	-1.0448444	1.0212755	-1.0224138	-1.0555129	-1.0063865	1.0223341	1.0176091	-1.0565591	-1.2286835	0.21125619	0.43361148	0.63439554	0.08302172	0.86099714	0.5324055	0.44355372	0.06997633	0.08080517			
JAK1_8934	84598	jak1	0.023618812897925653	0.16380095957119642	-1.0458711	1.0458711	1.0110766	1.0367397	1.0333899	-1.0197734	-1.0010173	1.0201582	1.0292529	1.0211991	-1.0458711	0.6876574	0.04052308	0.10837982	0.2742325	0.95225614	0.28674555	0.09967489	0.34659913	0.37839794			
KAT3_32958	541589	kyat3	0.0022101667671287923	0.06628056628056628	-1.148959	1.148959	-1.0042791	1.0285964	1.0039357	-1.0437723	-1.0026873	1.0219754	1.0463154	-1.0152813	-1.148959	0.9092453	0.4105146	0.9290224	0.19420883	0.9366077	0.52707577	0.14144748	0.7324949	0.006644136			
KIF18B_32882	303575	kif18b	0.001836359926545603	0.0608153701968135	-2.3169992	2.3169992	-1.002829	1.1280912	1.0801313	-1.1116934	-1.1100984	-1.0941454	-1.1683836	-1.2625167	-2.3169992	0.973383	0.115328565	0.60415196	0.24703296	0.37999332	0.38091788	0.25965518	0.18275833	0.113291286			
KIF20B_8962	309523	kif20b	0.008054772452678213	0.1098676875046458	-1.5685905	1.5685905	-1.0727952	-1.046677	-1.0049132	-1.2253712	-1.1131052	1.0005307	-1.1340863	-1.2884288	-1.5685905	0.48926178	0.62277293	0.95888513	0.004124897	0.43869582	0.9948765	0.3686278	0.017117579	0.08309445			
KIFC1_8966	294286	kifc1	0.007828594973217964	0.10848086664326195	-3.167061	3.167061	1.0582417	1.116497	1.1073501	-1.0745015	-1.001466	1.1491109	1.1186891	-1.169691	-3.167061	0.66993815	0.57771707	0.62503666	0.47427228	0.9932141	0.28804043	0.3620846	0.53335816	0.1543852			
KLHDC2_8970	299113	klhdc2	8.048289738430583E-4	0.044092016348496126	-1.0718373	1.0718373	-1.00508	1.0285541	1.0158607	1.0444459	1.033401	1.0359162	1.012191	1.0095888	-1.0718373	0.79525596	0.18522996	0.542713	0.017934468	0.07441004	0.02696036	0.42106527	0.6953926	0.0058839023			
KPNB1_32711	24917	kpnb1	0.00526955816781516	0.08904729935143899	1.04453	1.04453	1.0281664	1.0435576	1.028258	1.0027839	1.04453	1.0254107	1.0211401	1.0165459	-1.0335875	0.26528266	0.011427261	0.13198128	0.84475213	0.0134910485	0.17084812	0.19692522	0.29960868	0.037705053			
LAP3_8984	289668	lap3	0.03326732673267327	0.1889874059061957	1.0409718	1.0409718	-1.0063992	1.0409718	1.0213237	-1.0409102	-1.0049994	1.0036578	1.0188714	-1.0074253	-1.0300035	0.6810184	0.038069785	0.3524777	0.0042228415	0.7704468	0.82853395	0.2740811	0.51613945	0.091689			
LCK_32705	313050	lck	3.965107057890563E-4	0.03844080447854032	-1.2463845	1.2463845	1.0306664	1.0552242	1.0670972	-1.0260406	1.0509621	1.0242448	1.0282267	-1.0362047	-1.2463845	0.3199246	0.23759814	0.3848736	0.48578224	0.12333078	0.53791225	0.5335678	0.42704642	0.0011453712			
LEF1_32825	161452	lef1	0.04643714971977582	0.21647317854283427	1.1696792	1.1696792	-1.0973488	1.1696792	1.14005	1.084122	1.0233382	1.1610171	1.1596055	1.0676671	1.0569096	0.04017129	0.007179339	0.030706039	0.20481552	0.5255368	0.058361113	0.05587223	0.16407181	0.6441211			
LGALS3BP_8990	245955	lgals3bp	0.018742442563482467	0.15126829576422604	-1.0651656	1.0651656	-1.015469	1.0493045	1.0244063	-1.0281703	-1.0064827	1.0056891	-1.0043654	1.018194	-1.0651656	0.58173275	0.023779526	0.31256425	0.3642695	0.7664299	0.82819355	0.8214383	0.43531686	0.030892283			
LMO4_32889	362051	lmo4	0.02221332799679808	0.16342500647612468	-1.0753151	1.0753151	-1.0014802	1.0033631	1.0058801	-1.0306107	-1.0067503	1.0231813	1.0102652	1.0366087	-1.0753151	0.9686847	0.84614676	0.8215344	0.2216579	0.73711324	0.2585909	0.5228747	0.08285624	0.19591624			
LOC100910973_9069	100910973	loc100910973	0.025563607085346215	0.167557824623042	-1.1132529	1.1132529	-1.0272903	1.0117781	1.0126507	-1.0524256	-1.0141976	-1.0046331	-1.0139247	-1.0311803	-1.1132529	0.33787733	0.74080455	0.68935597	0.10409055	0.63388866	0.8991102	0.6524817	0.52108526	0.043225136			
LOC100910978_33295	100361383	ecm2	0.005717786399836635	0.09369372714277759	-1.2183733	1.2183733	-1.0800192	-1.0246373	1.0627817	-1.000465	-1.0475959	-1.0854311	-1.0594547	-1.0413392	-1.2183733	0.16012345	0.6120432	0.18279387	0.9913625	0.3232786	0.03857293	0.20696478	0.5913625	0.004786515			
LOC102549061_32836	102549061	loc102549061	2.0149103364900262E-4	0.032007458048477315	-1.20414	1.20414	-1.0041176	1.0036135	1.0556679	-1.0409478	-1.0210661	1.0023769	-1.0126446	-1.0260677	-1.20414	0.8727781	0.9090029	0.1988289	0.1805381	0.47308096	0.9269188	0.67332864	0.45522135	3.2600024E-4			
LOC102549726_32764	102549726	loc102549726	0.004516889238020424	0.08131366293133883	-1.0893776	1.0893776	-1.0197847	1.0507032	1.0270085	-1.0357541	-1.009407	1.0139016	1.0205806	-1.0093637	-1.0893776	0.48902795	0.15722637	0.4796542	0.19096656	0.70721835	0.7106467	0.6012438	0.73238784	0.010037129			
LOC102553917_33088	102548633;102551714	znf431l;zfp120l2	0.04788732394366197	0.21931255703343197	1.0823641	1.0823641	1.0125349	1.016323	1.0230683	-1.0155169	1.0128832	1.0524086	1.0823641	1.0440756	1.0459981	0.60881853	0.4709497	0.39423123	0.36724567	0.59347886	0.0135749495	0.022933852	0.03489664	0.17430092			
LOC102555086_9117			0.028717948717948718	0.177985452942473	-1.1625786	1.1625786	-1.0118104	1.0822352	1.0834159	-1.0294707	-1.04122	-1.0015814	1.0809853	1.0266047	-1.1625786	0.903996	0.22119787	0.13148123	0.65833074	0.4571721	0.97841793	0.13438983	0.61011577	0.15410869			
LOC501110_33182	501110	gsta6	0.00690776107273466	0.1031031031031031	-1.0967855	1.0967855	-1.0212669	-1.0293772	1.0102147	-1.0232012	-1.0066879	1.014409	1.0147365	1.0130564	-1.0967855	0.27389762	0.23370752	0.701567	0.28335848	0.82288	0.44080758	0.5531075	0.71025634	0.017038187			
LOC680097_9132			0.01908928216345198	0.15158932861297256	-1.0467279	1.0467279	-1.002348	-1.0080936	1.0022985	-1.0266584	-1.0077151	-1.014245	-1.0215065	-1.024183	-1.0467279	0.81030524	0.45442846	0.89139545	0.051037252	0.60924876	0.3696191	0.048900224	0.18360883	0.16652185			
LOXL1_9149	315714	loxl1	0.009790209790209791	0.12031945327399873	-1.2423593	1.2423593	-1.1410679	1.0256431	-1.0107722	-1.102714	-1.0756602	-1.0055803	-1.0105261	1.0052843	-1.2423593	0.13649972	0.66003096	0.8534246	0.23436028	0.2850457	0.924962	0.8714869	0.9321837	0.0028417846			
LRP10_9156	305880	lrp10	0.0425531914893617	0.20990145333015173	-1.0901394	1.0901394	-1.0131531	1.0180485	1.0248965	1.0301578	1.0176082	1.0257081	-1.005948	1.0287015	-1.0901394	0.65700686	0.4635025	0.1166534	0.34377873	0.728149	0.20108059	0.8446172	0.20916845	0.31003112			
LRRC16A_9159	306941	carmil1	0.015431472081218273	0.13916091019910604	-1.137533	1.137533	-1.0690266	1.0412436	1.0167189	-1.0389498	1.0192275	1.0543551	1.1229963	1.0327108	-1.137533	0.23169078	0.2574532	0.7420855	0.37266076	0.5122081	0.09073982	0.0062998524	0.61733395	0.10583764			
LSR_9162	64355	lsr	0.04932007306677491	0.22306808436371894	-1.0895655	1.0895655	-1.0239254	1.0134053	1.005381	-1.0194932	1.0191736	-1.0045618	1.0275993	1.0455906	-1.0895655	0.56287724	0.5972941	0.9034392	0.5235619	0.52181166	0.889814	0.2544132	0.058547806	0.31426817			
LY86_9165	291359	ly86	0.030805687203791468	0.18212326789838337	-1.1089332	1.1089332	1.0291969	1.0980419	1.1022907	-1.0405371	1.0264708	1.0464408	-1.0192821	1.0023019	-1.1089332	0.48501667	0.15207405	0.041324414	0.3407502	0.49880946	0.44075263	0.73833555	0.9754976	0.0619966			
LYZ2_32611	25211	lyz2	0.030535894843276037	0.18195355522315723	-1.0945367	1.0945367	-1.0151112	1.013565	1.0266339	-1.0416834	-1.0166756	1.0244641	-1.0101036	-1.0281534	-1.0945367	0.6482537	0.6324509	0.28453693	0.19875336	0.52721286	0.4816989	0.6957847	0.5774238	0.005212145			
MAFK_9173	246760	mafk	8.107012565869477E-4	0.044092016348496126	-1.3415022	1.3415022	1.041606	1.129995	1.1453367	1.0499976	1.0864385	1.0998546	1.0748783	1.076828	-1.3415022	0.3909508	0.22116226	0.020947851	0.18429673	0.18491809	0.08288807	0.43731165	0.13453402	0.016628135			
MAP1LC3A_33215	362245	map1lc3a	0.01656231064431428	0.14223608837970542	1.2042599	1.2042599	1.2042599	1.0606419	1.1405007	1.1130375	1.1605526	1.0621418	1.0302587	1.13268	1.0514135	3.6409023E-4	0.07236304	4.4659793E-4	0.010762562	1.6313E-4	0.19055095	0.5311098	0.013031774	0.28931594			
MAP2_32650	25595	map2	0.04187740238721424	0.20871156996208387	-2.4179404	2.4179404	-1.1867815	-1.2310055	-1.3681333	1.1282436	1.0344106	-1.314405	-1.1685557	-1.2996233	-2.4179404	0.38724312	0.22186904	0.048628043	0.5165921	0.7434033	0.40647113	0.45329037	0.3418924	0.092984974			
MAP7_9184	293016	map7	0.004087471898630697	0.07492543827744236	-1.1012471	1.1012471	-1.009937	1.017964	1.0392125	1.0089979	1.024333	1.0190752	1.0457907	1.044702	-1.1012471	0.76340145	0.4611549	0.09582527	0.7039332	0.20734446	0.39283165	0.06633293	0.15159756	0.17966215			
MAPKAPK3_9194	315994	mapkapk3	0.004967915545435728	0.08461103405336598	-5.2138987	5.2138987	1.0757655	1.2705988	1.3007562	1.0488783	-2.2247524	1.4088917	1.1708194	-1.0163547	-5.2138987	0.7558405	0.24525823	0.23127751	0.81702864	0.015158897	0.18276112	0.4481266	0.9653285	0.02542024	1.0	3.0	
MAPT_32343	29477	mapt	0.01426562186055857	0.1347447165257126	-1.2137612	1.2137612	-1.0545182	1.0085057	1.0652676	-1.0617936	-1.1204427	-1.0318474	-1.1217031	-1.0431162	-1.2137612	0.42971405	0.87214214	0.22005606	0.33098853	0.04399513	0.5753282	0.06430059	0.54551625	6.02197E-4			
MAT2A_9199	171347;498211	mat2a;mat2al1	0.015954182859480467	0.14085264295941327	-1.0828876	1.0828876	-1.0547158	-1.0267359	-1.0065631	-1.0283325	-1.0336963	-1.0467298	-1.0131546	-1.0187323	-1.0828876	0.11077742	0.24506654	0.7888973	0.13256018	0.21303023	0.06187476	0.50892574	0.47507843	0.0016015896			
MBNL1_9201	282635	mbnl1	0.037341899217024695	0.19509789373532466	-1.0488025	1.0488025	-1.0315512	1.0135691	1.0221087	-1.0142484	-1.0014479	1.0016736	1.0272517	1.002973	-1.0488025	0.048331514	0.35311866	0.2683178	0.26961502	0.92083585	0.90542877	0.14618386	0.92013437	0.17786619			
MBNL2_9202	680445	mbnl2	0.030223655047350393	0.1813855491147706	1.0477915	1.0477915	1.0477915	1.0326806	1.0193818	-1.0129021	1.0236064	1.0217338	1.0042346	1.0377234	-1.0293641	0.020207291	0.033445515	0.31532997	0.5545627	0.29028443	0.111799985	0.8644588	0.03967332	0.028326353			
MBOAT7_33082	308309	mboat7	0.01007658202337767	0.12051165338090487	-1.0985532	1.0985532	1.0061206	1.0233327	1.0893613	1.0388988	1.0663378	1.0588106	1.083985	1.0862702	-1.0985532	0.90312487	0.5024355	0.010989949	0.18590964	0.16269948	0.14406571	0.02093283	0.052107792	0.2980091			
MBTPS1_9203	89842	mbtps1	0.006522625356706074	0.10200992960101525	-1.0772134	1.0772134	-1.0032656	1.0374582	1.0250707	-1.0139112	1.0145795	1.0137242	1.0233419	1.0220201	-1.0772134	0.90960515	0.079002544	0.20626803	0.60378015	0.48898175	0.5516768	0.23523904	0.33815002	0.09670405			
MCL1_9205	60430	mcl1	6.116207951070336E-4	0.03844080447854032	-1.0454093	1.0454093	1.0029483	1.0107203	1.0118445	1.0155495	1.0106707	1.0011133	1.0076729	-1.0027922	-1.0454093	0.86109847	0.31029972	0.25229296	0.16682024	0.31720117	0.9178765	0.4945871	0.8065091	0.015023802			
MCM3_9207	316273	mcm3	0.0020008003201280513	0.06364310430054375	-1.3534478	1.3534478	-1.0656475	-1.0126688	1.0326871	-1.1274264	-1.0132271	1.0101346	-1.0306909	-1.034345	-1.3534478	0.32530296	0.8153267	0.68432236	0.10199596	0.8065928	0.8594561	0.745691	0.6744622	0.0041548475			
MCM4_9208	29728	mcm4	0.03325986776197155	0.1889874059061957	1.1054112	1.1054112	-1.005873	1.0659938	1.1054112	-1.0258085	1.0568373	1.0199653	1.0562235	-1.0003858	-1.0806215	0.91739684	0.047764253	0.046341803	0.45197558	0.04797024	0.6015516	0.13249925	0.99405944	0.120019324			
MCUR1_32908	291034	mcur1	0.009125173576671296	0.11542544120666676	-1.058799	1.058799	-1.0146861	1.0520526	1.0240668	-1.0225545	-1.0010016	1.0061879	-1.0037549	1.0028796	-1.058799	0.6090266	0.006796905	0.38854742	0.23288417	0.96427834	0.6893091	0.8802357	0.9169028	0.04686089			
ME1_9215	24552	me1	0.0014326647564469914	0.05634279760354259	-1.3017957	1.3017957	1.0108894	-1.0122691	1.0075728	-1.028176	1.0097215	-1.0404898	-1.0219792	-1.0127717	-1.3017957	0.78524053	0.708388	0.88762975	0.5303166	0.8142126	0.4603716	0.56195444	0.8513029	0.016587956			
MEP1B_32655	25727	mep1b	0.025329927628778205	0.16721846178010988	-Infinity	Infinity	2.070485	2.4538956	-Infinity	2.2888174	1.1812502	2.0757146	2.0296826	1.2375584	7.730048	0.65821505	0.44620663	0.35061666	0.4766541	0.9093133	0.6573512	0.66511744	0.88468236	0.06551025			
MKI67_9232	291234	mki67	0.016177351707609346	0.14166644430590694	-1.2883143	1.2883143	-1.0069042	1.0538563	1.001494	-1.0827894	1.0086017	-1.0787684	-1.036023	-1.0105335	-1.2883143	0.8934132	0.49934468	0.9870592	0.22640432	0.8896846	0.41876137	0.50098777	0.88813794	0.08486054			
MLEC_9235	304543	mlec	0.01107919573245794	0.12257040856802856	-1.0496823	1.0496823	-1.0061499	1.0200088	1.0385172	1.014174	1.0167578	1.0237879	1.0309371	1.0496593	-1.0496823	0.81828195	0.17088203	0.11640739	0.44716424	0.3828379	0.08643098	0.0051855217	0.0015113164	0.15185899			
MPZL1_9243	360871	mpzl1	0.04179860671310956	0.20871156996208387	-1.6777688	1.6777688	-1.0397476	-1.0093617	-1.218616	-1.1350391	-1.1000668	1.0117898	-1.4553683	-1.0458481	-1.6777688	0.71789956	0.9193371	0.32347623	0.28261855	0.34030315	0.89360404	0.15635629	0.8036937	0.0014218288			
MTA1_9257	64520	mta1	0.019246353322528362	0.15158932861297256	-1.0841005	1.0841005	-1.0337452	1.023934	1.0620297	1.0374316	-1.0107282	1.0501282	1.0677427	1.0699846	-1.0841005	0.4471411	0.3611339	0.033669036	0.18290237	0.61249006	0.14182948	0.04084052	0.08441556	0.34834296			
MUG1_33047	497794	mug1	0.035212700997353956	0.1908899054067083	1.661706	1.661706	-1.5951457	-1.6203076	-1.3430071	-1.2309724	-1.0941137	-1.2010356	1.0954788	-1.1493536	1.661706	0.1482371	0.020606713	0.22460932	0.49756798	0.7985757	0.44072515	0.81983864	0.66635513	0.18171902			
MUT_9264	688517	mmut	0.0022675736961451248	0.06628056628056628	-1.209598	1.209598	1.0071553	1.0362717	1.0401108	-1.0435944	-1.043734	1.0135841	1.0105915	1.0482067	-1.209598	0.8674521	0.3748805	0.20932734	0.17332508	0.29641083	0.74239653	0.807699	0.15045716	0.13820113			
MYCBP2_9273	290447	mycbp2	0.0018556701030927835	0.0608153701968135	-1.1683496	1.1683496	1.0090084	1.0330178	1.0017267	1.0229287	-1.0090408	1.0119119	1.0056701	1.0047697	-1.1683496	0.81133664	0.31840885	0.96131164	0.43518955	0.7484338	0.76379997	0.8537426	0.8808939	0.021958362			
MYL12B_32708	50685	myl12b	2.0420665713702266E-4	0.032007458048477315	-1.0679528	1.0679528	-1.0070527	1.0184631	1.0178411	-1.017632	-1.0029163	1.0060097	1.0097404	-1.0132287	-1.0679528	0.61586475	0.15734924	0.123784386	0.11746817	0.75739765	0.48886058	0.1607888	0.51127404	0.018720066			
MYL2_32406	363925	myl2	6.09632188579557E-4	0.03844080447854032	-4.851957	4.851957	-4.851957	-1.0851611	1.3335586	-1.219505	1.3957685	2.1732664	1.0570638	1.7721426	3.2008016	0.025057437	0.87867385	0.5217676	0.690414	0.37561026	0.1449272	0.9166248	0.23970643	6.424401E-4	0.0	0.01	
MYO10_9278	310178	myo10	0.04479799037052543	0.21458848840592476	-1.0695508	1.0695508	1.0475535	1.0594124	1.0426276	1.0274279	1.0270303	1.0437326	1.0473211	1.067408	-1.0695508	0.28014833	0.046453457	0.0664817	0.24380708	0.60898787	0.1802734	0.051780906	0.022441892	0.43598518			
NADK2_32534	365699	nadk2	0.002196485623003195	0.06628056628056628	-1.2625461	1.2625461	1.0189592	1.0214164	1.0416431	1.0831597	1.0835408	-1.043655	1.0512763	1.0075333	-1.2625461	0.7664792	0.6899276	0.5180597	0.1464886	0.34475595	0.5388487	0.51071525	0.9149066	0.0027305207			
NCAPD2_9284	362438	ncapd2	0.03249455121854567	0.18742857142857142	1.7859807	1.7859807	1.3835783	1.4959017	1.6490692	1.4939841	1.3276085	1.7859807	1.5077535	1.5043756	1.3222654	0.12336692	0.08029963	0.03249016	0.055318862	0.28707197	0.006107233	0.0436055	0.049074125	0.23819016			
NCL_9288	25135	ncl	0.04088241246711192	0.20564804224735603	1.0403419	1.0403419	1.0068196	1.0403419	1.0247315	-1.0065153	1.0189877	1.013367	1.0237782	1.0236748	-1.0173081	0.7371201	1.9375853E-4	0.07907831	0.65169924	0.035321422	0.1746684	0.04898543	0.0072919973	0.20328468			
NDRG1_32364	299923	ndrg1	0.011106703689012296	0.12257040856802856	-1.0890902	1.0890902	1.0698415	1.0091715	1.0419456	-1.0493515	-1.0142858	-1.0266137	-1.0226395	1.0545287	-1.0890902	0.12935577	0.82769585	0.31552568	0.3300766	0.64876854	0.45982423	0.4785269	0.14092427	0.04393604			
NDUFV3_32394	64539	ndufv3	0.0032316703696222983	0.07347271522953855	-1.0891986	1.0891986	-1.0233073	1.0139571	1.0112956	-1.0542885	-1.0186318	1.0099491	1.0123687	-1.0025297	-1.0891986	0.29172453	0.28718188	0.5970479	0.002877568	0.40151182	0.6663159	0.51373464	0.86820513	0.1215799			
NEFH_33218	24587	nefh	0.016512283527990335	0.14223608837970542	1.0970018	1.0970018	1.0172008	1.0428983	1.0579257	1.0512552	1.0970018	1.0563703	1.0444032	1.0302135	1.068891	0.5917198	0.13688907	0.054768663	0.04781998	0.0016736033	0.04548087	0.05877971	0.1994441	0.021526678			
NFIA_9302	25492	nfia	0.023108828757653566	0.1635392609699769	-1.1246082	1.1246082	-1.0282803	1.0437229	1.0240015	-1.0070772	-1.01846	1.0305613	1.0638567	1.0264943	-1.1246082	0.61545706	0.2765018	0.35805133	0.8479354	0.44927302	0.47973087	0.011150737	0.5942192	0.21074541			
NFKB1_9305	81736	nfkb1	0.04603370324702014	0.21645847852892297	1.0587721	1.0587721	1.051944	1.0577772	1.0275021	1.0093471	1.0252259	1.0587721	1.0326732	1.0517434	-1.0493133	0.14248891	0.027794559	0.19410291	0.762117	0.27707207	0.09219461	0.36499867	0.03160822	0.45750886			
NFKBIB_9308	81525	nfkbib	0.036890122967076555	0.19414436977563648	1.0859312	1.0859312	1.0859312	1.024248	1.0261173	1.0496936	1.0634656	1.0508559	1.0260919	1.0548024	-1.0537736	0.0066105756	0.42904267	0.4629552	0.17487909	0.012506887	0.24491309	0.45544916	0.21181038	0.14179291			
NFKBIE_9309	316241	nfkbie	0.004017677782241864	0.07492543827744236	-1.5540097	1.5540097	-1.0098567	1.0084587	1.1554911	-1.1277325	1.0764611	1.0344763	-1.0307918	-1.111996	-1.5540097	0.91867954	0.949248	0.12841025	0.34752095	0.48097387	0.739899	0.78671026	0.39757577	0.030613769			
NGRN_9311	499191	ngrn	0.021280827366746222	0.15927484288675461	-1.0998694	1.0998694	-1.0073059	1.0495806	1.047408	1.0078087	1.0439384	1.0122501	1.0485079	-1.0075403	-1.0998694	0.8504306	0.16129768	0.2083971	0.82071054	0.38744467	0.77104574	0.17651047	0.9007448	0.029092818			
NGRN_9312	499191	ngrn	0.0015866719555731853	0.056623407221251455	-1.0870099	1.0870099	1.010273	1.0389152	1.0449185	-1.0431861	-1.0102414	1.0152111	1.0312735	-1.0033759	-1.0870099	0.7931396	0.11781651	0.27521554	0.014211442	0.68225116	0.5001904	0.20417859	0.8313931	0.03765567			
NIPSNAP1_9317	360971	nipsnap1	0.0014053402931138326	0.05634279760354259	-1.074834	1.074834	1.0301993	1.0433081	1.0706882	1.0511589	1.0516511	1.0276989	1.0462623	1.0134994	-1.074834	0.040380437	0.13327357	0.0024673904	0.003693411	0.14805207	0.28270257	0.07237542	0.68479913	0.045182083			
NIT1_9319	289222	nit1	0.014783313082219522	0.13723736565167738	-1.0435854	1.0435854	-1.0040817	1.002168	1.0218036	-1.0108118	1.0156208	1.0283352	1.0385715	-1.0118685	-1.0435854	0.7882451	0.88086075	0.19352362	0.5884728	0.28374892	0.1929351	0.05699569	0.440383	0.30480814			
NIT2_9320	288174	nit2	0.033292978208232446	0.1889874059061957	-1.1975933	1.1975933	-1.0929278	1.0200692	-1.0184649	-1.0893029	-1.0988053	-1.0259225	1.0057089	-1.0012385	-1.1975933	0.040142864	0.6524407	0.7379888	0.14817105	0.09795587	0.7273626	0.8953772	0.97624415	0.25526744			
NMT1_9325	259274	nmt1	5.957108816521049E-4	0.03844080447854032	1.0604582	1.0604582	1.0200653	1.0330098	1.0207865	-1.0222174	1.01566	1.0303855	1.0316131	1.0382658	1.0604582	0.32646284	0.07677115	0.23312803	0.22422795	0.18867259	0.018950762	0.014563377	0.0212986	0.011204009			
NNT_9326	310378	nnt	0.017132367937997144	0.14532279156818753	-1.0848694	1.0848694	-1.0153042	1.0240508	1.0195404	1.0083418	1.0070208	1.0065264	1.0431478	1.0132369	-1.0848694	0.553225	0.24767607	0.57973546	0.75503033	0.8214047	0.8223253	0.05208313	0.56080216	0.1579974			
NOP56_9343	498350;102554284;362214	spmap2l;loc102554284;nop56	0.02730641700799688	0.17310129822443007	1.0456636	1.0456636	1.0456636	1.0444086	1.0339612	1.016908	1.0270776	1.0241866	1.0290924	1.0247535	1.0408467	0.0023878259	0.0029689146	0.020910893	0.3517801	0.16703553	0.28533486	0.17324057	0.092506915	0.09742745			
NPL_33133	304860	npl	0.0036050470658922492	0.07492543827744236	-1.2224336	1.2224336	-1.0676029	1.1133643	1.036455	-1.055922	-1.0654019	1.0617938	-1.0297519	1.0047988	-1.2224336	0.26801026	0.122164555	0.5208344	0.38482204	0.36778733	0.30867985	0.548331	0.919575	0.08682447			
NPM1_32887	100363637;25498	npm1-ps19;npm1	0.01288659793814433	0.13041721033863896	-1.032473	1.032473	-1.0245821	-1.0044854	-1.0079666	-1.032473	-1.0226046	-1.0155677	-1.0043995	-1.0247468	-1.0266111	0.006868537	0.66207373	0.5220827	0.001966835	0.017141396	0.06539789	0.6420513	0.01660592	0.01552056			
NR1H2_9359	58851	nr1h2	0.005606728073688426	0.09328732941067742	-1.095958	1.095958	-1.0283846	1.0194833	1.0132202	-1.0163633	1.0407572	1.0201559	1.0614895	1.035585	-1.095958	0.45277783	0.40507442	0.6473693	0.4978592	0.2250019	0.4710209	0.0035970977	0.053585395	0.14129333			
NR3C1_9361	24413	nr3c1	0.0015891934843067143	0.056623407221251455	-1.1760106	1.1760106	-1.0288492	1.0181621	1.0874971	-1.0570878	-1.0794451	-1.0246621	-1.06871	-1.0269758	-1.1760106	0.5462157	0.7486657	0.03413586	0.32832038	0.1316476	0.5229177	0.0760872	0.6481589	0.008928338			
NR5A1_33081	83826	nr5a1	0.012577360750648832	0.13011830759975937	-1.0653169	1.0653169	1.0277343	1.0319167	-1.0031421	1.0209421	1.0364335	1.0480909	1.0204499	1.0397123	-1.0653169	0.36218396	0.06036078	0.8597488	0.51430476	0.18378133	0.09896687	0.4503886	0.0725378	0.17322664			
NRROS_32404	303875	nrros	0.04759011745646011	0.2190157958687728	-1.1931258	1.1931258	1.0102886	1.02436	1.1054398	-1.1080759	-1.0475183	1.0033631	1.0146906	-1.078568	-1.1931258	0.9123016	0.6895386	0.112872556	0.29584542	0.468181	0.9629594	0.8327954	0.4160969	0.18014939			
NSDHL_9369	309262	nsdhl	0.024288273939876568	0.16417355166235317	1.155127	1.155127	1.0881116	1.0066196	1.0486606	1.1400478	1.0495569	1.017324	1.0425636	1.0298011	1.155127	0.19364828	0.9257135	0.48614958	0.016751993	0.3148062	0.80513465	0.44185364	0.61984926	0.030434126			
NSG1_32675	25247	nsg1	0.049585144211774006	0.22306808436371894	-1.2374562	1.2374562	-1.0895878	-1.0320915	-1.0038646	-1.078251	-1.0675931	-1.0593455	-1.157181	-1.0861405	-1.2374562	0.24661388	0.7769913	0.9637221	0.37954393	0.38613537	0.37464997	0.0784452	0.25639564	0.012844193			
NUDT11_32363	680248	nudt11	0.005525992632009824	0.09265676017858333	-1.0978223	1.0978223	1.0234096	1.0500915	1.0633684	1.0210656	1.0501434	-1.025796	1.0228657	1.020368	-1.0978223	0.5354619	0.11015324	0.11557164	0.47740903	0.16012463	0.4418796	0.52562165	0.590828	0.03362849			
NUDT9_9377	305149	nudt9	0.0318144499178982	0.1854340403917005	-1.0423336	1.0423336	1.0041597	1.0375429	1.0221318	1.0102926	1.0097646	1.0345625	1.0211042	1.0111613	-1.0423336	0.85944676	0.0375122	0.11119399	0.5416804	0.65171635	0.07732581	0.21448758	0.5419698	0.33273312			
NUP62_9381	65274	nup62	0.01606670734187513	0.1412694633352679	-1.0875826	1.0875826	-1.0003362	1.005317	-1.0116563	-1.0460669	-1.0137959	-1.0189517	-1.0211478	-1.0005709	-1.0875826	0.98869354	0.86455774	0.6864036	0.15514457	0.6226541	0.3292122	0.45183402	0.9835202	0.017748771			
NUP88_9383	113929	nup88	0.0484993043132578	0.22038654459995088	1.046994	1.046994	1.0070814	1.0463636	1.046994	1.0080861	1.0391898	1.0264735	1.0301514	1.0251445	-1.0211282	0.7571969	0.0067015127	0.013511015	0.6136039	0.03798833	0.2156517	0.038823813	0.13439082	0.4879419			
NUSAP1_9385	311336	nusap1	0.008806061847225067	0.11337804628302273	-2.3347535	2.3347535	-1.2074459	1.0031296	1.0246235	-1.4620736	-1.5983365	-1.1689185	1.0446409	-1.0625501	-2.3347535	0.12517881	0.9891916	0.78153855	0.030318063	0.10128136	0.08941979	0.8331945	0.7000325	4.2981392E-4	100.0	300.0	
OAS1A_9388	192281	oas1a	0.029980276134122286	0.1813855491147706	-1.3171144	1.3171144	-1.1643776	1.088746	1.0116134	-1.0377032	-1.04277	1.0014474	-1.0853332	1.023298	-1.3171144	0.108091325	0.2284707	0.89104265	0.74123436	0.7112125	0.98898673	0.4136518	0.8015754	0.007855991			
OASL_9389	304545	oasl	0.043884034948371724	0.21235160535420144	-1.4125894	1.4125894	-1.3363104	1.0452724	-1.0646443	-1.2075	-1.2044989	-1.0537822	-1.2059915	-1.0036889	-1.4125894	0.054273967	0.719019	0.5588427	0.22575487	0.10426777	0.62576216	0.08568328	0.9617328	0.047283806			
ORM1_9400	24614	orm1	0.0411858336649423	0.20652191453653498	1.3512025	1.3512025	-1.1073605	-1.0927432	1.0430827	-1.0268413	1.0285063	1.0966536	1.3306714	-1.0055864	1.3512025	0.39594093	0.67194325	0.8087761	0.84167576	0.8679131	0.46052682	0.04367157	0.9662645	0.0079583805			
OSGIN1_33191	171493	osgin1	0.003278688524590164	0.07347271522953855	-1.2986503	1.2986503	-1.0333215	1.0288427	-1.0153911	1.016185	-1.0380392	-1.0497916	-1.0091407	-1.0210072	-1.2986503	0.5286644	0.57272595	0.79818016	0.6363524	0.5721547	0.45405865	0.8626735	0.6870642	0.053788673			
OXCT1_9403	690163	oxct1	2.006823198876179E-4	0.032007458048477315	-1.115464	1.115464	1.0136629	1.0404198	1.0111533	-1.0502031	-1.0289176	1.0120802	1.034453	1.0045713	-1.115464	0.6701313	0.10604275	0.71729445	0.08218456	0.28267065	0.6056066	0.2912506	0.878109	0.007876398			
P4HTM_9408	301008	p4htm	0.011073082343466881	0.12257040856802856	-2.5977275	2.5977275	-1.4622873	1.137803	-1.0794611	-1.2986531	-1.4289751	1.0065154	-1.3244796	-1.9941696	-2.5977275	0.14867336	0.41032588	0.7246276	0.14733125	0.024499001	0.96960175	0.0098706605	0.041243657	0.10239395			
PACSIN3_9411	311187	pacsin3	0.0010096930533117932	0.047981366459627334	-1.09542	1.09542	-1.0646447	-1.003633	1.016884	1.007455	1.0209222	1.0106163	1.0386422	1.005298	-1.09542	0.010811068	0.86204714	0.4780855	0.62271994	0.24953786	0.47348967	0.077114284	0.8372339	0.022935236			
PAF1_9412	361531	paf1	0.018666666666666668	0.15126829576422604	1.0657731	1.0657731	-1.0083559	1.0657731	1.0357081	1.0113213	1.0229847	1.0205357	1.0475452	1.0383825	-1.0368735	0.736039	0.00690256	0.08905399	0.5933329	0.28684142	0.38315123	0.03905017	0.0785122	0.39234364			
PAK1_9416	29431	pak1	0.04356020942408377	0.21169256179551157	-1.1867052	1.1867052	-1.0201977	1.0448811	-1.0342562	1.0892454	1.0213377	-1.0071502	-1.0263358	-1.0404483	-1.1867052	0.37902808	0.4281835	0.70569324	0.11306173	0.5702749	0.87392056	0.6146958	0.6040535	0.17028853			
PAK4_9418	292756	pak4	0.034363562423749494	0.18961322837390346	-1.4045625	1.4045625	-1.1524208	1.1415731	1.2752153	1.1357995	1.0518404	1.0262715	1.0897323	-1.0484039	-1.4045625	0.23672543	0.3522426	0.054567628	0.22989798	0.6966302	0.84206593	0.4762282	0.611828	0.36231682			
PARP2_9428	290027	parp2	0.033547609481719566	0.1889874059061957	-1.1670895	1.1670895	-1.0500196	1.0845637	1.0257444	1.0525205	1.0057021	-1.0015328	1.044889	-1.0004812	-1.1670895	0.3013283	0.05082022	0.7344514	0.08852507	0.8897708	0.9708603	0.3524009	0.9945865	0.22615579			
PBK_32309	290326	pbk	0.04846169314297205	0.22038654459995088	-2.1070645	2.1070645	-1.3835102	-1.1652671	-1.2092171	-1.5788321	-1.2219001	-1.3079112	-1.3357947	-1.3789878	-2.1070645	0.09818382	0.28422913	0.38106975	0.14339396	0.28025195	0.17969562	0.34541163	0.12226637	0.15475452			
PC_9434	25104	pc	0.006707317073170732	0.10254365852397125	-1.1861372	1.1861372	-1.0308166	-1.0085776	-1.0168066	-1.0737821	-1.0996717	-1.0453335	-1.0906438	-1.0123494	-1.1861372	0.577714	0.79873884	0.76834255	0.12702335	0.14204244	0.31679338	0.043648675	0.7860166	0.027413849			
PCK2_9440	361042	pck2	0.015901411250248458	0.14085264295941327	-2.0029254	2.0029254	-1.274828	-1.2822877	-1.1014613	-1.2053593	-1.1845487	1.1707854	-1.4011444	1.0224707	-2.0029254	0.33413434	0.20789684	0.624327	0.23862484	0.40800086	0.23320371	0.16576003	0.8852073	0.047178123	100.0	300.0	
PCNA_9442	25737	pcna	0.024948453608247424	0.16604155432196668	-1.036349	1.036349	1.0201234	1.0126418	1.0162351	-1.0146478	1.000576	1.0129793	1.0057102	1.0150924	-1.036349	0.12720437	0.43417338	0.25027284	0.4577171	0.9731244	0.39945185	0.70965266	0.27553597	0.19162408			
PDE1B_32328	29691	pde1b	0.01906653426017875	0.15158932861297256	-1.3866951	1.3866951	-1.0313759	1.0529475	1.0854627	-1.0741795	-1.1027677	-1.0242598	-1.0416028	-1.0097063	-1.3866951	0.7403751	0.6806308	0.29969254	0.36264956	0.16929252	0.7132152	0.7278375	0.93173975	0.15026705			
PDK2_32491	81530	pdk2	0.003829873009473896	0.07492543827744236	-1.3347197	1.3347197	-1.1896892	-1.0139644	-1.0513679	-1.1464983	-1.1038637	-1.1702929	-1.0440644	-1.0359085	-1.3347197	0.03267652	0.8120979	0.5208501	0.015036962	0.12223811	0.096095845	0.5662567	0.45057383	0.063411884			
PFN2_9464	81531	pfn2	0.03463732681336593	0.1898475431876411	-1.0650439	1.0650439	-1.0080796	1.0243704	1.0274743	1.0015773	1.0266215	1.0203658	1.0218902	1.0096068	-1.0650439	0.7492013	0.41394943	0.49888662	0.9472688	0.28196028	0.43009117	0.41475344	0.7159271	0.14986022			
PIGB_9476	315807	pigb	0.019755600814663953	0.15261201629327903	-2.48569	2.48569	-1.1073791	1.1490948	1.0517162	1.2171459	1.1632826	1.1369175	-1.1003183	-1.1557139	-2.48569	0.66265845	0.51844704	0.8192406	0.21386072	0.43529767	0.37691468	0.680833	0.6342637	0.083972335			
PIK3R3_9483	60664	pik3r3	0.04239197214826951	0.2098257111137459	-1.0765142	1.0765142	1.0153514	1.00991	1.0352942	1.0110116	-1.0212651	1.003061	-1.0257384	1.0143126	-1.0765142	0.4994067	0.6550577	0.2132655	0.6518508	0.5049016	0.90812206	0.39764902	0.5321981	0.35536006			
PIN1_9485	298696	pin1	5.986828976252245E-4	0.03844080447854032	-1.0484221	1.0484221	1.0027971	1.0153152	1.007727	-1.0188324	1.0154197	1.0092558	1.0088156	1.0016496	-1.0484221	0.815649	0.11306903	0.5640985	0.05959517	0.21660122	0.3771604	0.27705067	0.87522334	0.0017297483			
PINK1_32483	298575	pink1	0.0026433509556730377	0.07039509777484355	-1.1781946	1.1781946	-1.0003583	-1.0096805	1.0123639	-1.0521376	-1.0522723	-1.0081669	1.024026	-1.0084879	-1.1781946	0.9940886	0.74509555	0.74353385	0.17275037	0.1986269	0.86924994	0.41611278	0.83066076	0.03842878			
PIP4K2B_9486	89812	pip4k2b	2.0716801325875285E-4	0.032007458048477315	-1.2308576	1.2308576	-1.0270678	-1.0361999	-1.0079368	-1.1092178	-1.032716	-1.0259752	1.0110493	-1.0983816	-1.2308576	0.5715543	0.17667936	0.7279012	7.5380283E-4	0.23093365	0.44725287	0.6373315	0.044938896	0.1045002			
PIR_9487	363465	pir	0.012101653892698669	0.12865044905727713	-1.1385353	1.1385353	1.0045307	1.0420175	-1.0118132	-1.092801	1.006277	1.0346199	1.0425377	-1.0330861	-1.1385353	0.935789	0.26364243	0.8006587	0.037705965	0.88141084	0.43249238	0.3450934	0.46142703	0.085445784			
PLCB3_9496	29322	plcb3	0.0383399209486166	0.19698158910179978	-1.2852293	1.2852293	1.0375913	1.0248002	1.1249467	1.0220491	1.1225027	1.2180938	1.1056544	1.04275	-1.2852293	0.7439078	0.79057187	0.47168	0.82360744	0.32663932	0.02298699	0.334761	0.70501024	0.02516461			
PLK1_9504	25515	plk1	0.0019924287706714486	0.06364310430054375	-1.7158109	1.7158109	1.0067849	1.1106452	1.1824342	-1.0097117	1.0615847	-1.237271	-1.0731775	-1.2749766	-1.7158109	0.9572533	0.33796355	0.13872363	0.907868	0.61907303	0.15439309	0.66997266	0.12677482	0.010793703			
PMP22_32290	24660	pmp22	0.012926681478489193	0.13041721033863896	-1.1796659	1.1796659	-1.0083958	1.0557712	1.0583004	-1.0591063	-1.0818824	1.0416789	-1.0047857	1.0020928	-1.1796659	0.8688622	0.40188816	0.28831357	0.40483117	0.28029567	0.36864808	0.92775774	0.9713417	0.072341435			
PNO1_9515	289809	pno1	0.01871345029239766	0.15126829576422604	1.2220447	1.2220447	1.0700514	1.1921923	1.1631618	1.1475111	1.1091684	1.0854553	1.1713016	1.1145911	1.2220447	0.25427318	0.011067796	0.034184452	0.09467661	0.17475258	0.10077404	0.049272962	0.12451263	0.1412989			
POLG2_9521	303612	polg2	0.03307472437729685	0.1889874059061957	-1.2717408	1.2717408	-1.1766055	-1.0939909	-1.0194083	-1.1272022	-1.2450123	-1.0651653	-1.0354519	-1.2717408	-1.2049377	0.15355717	0.14510973	0.75167763	0.058022983	0.06438827	0.27907032	0.5390634	0.005789776	0.20606725			
PPAN_9534	298699	ppan	0.01085863663784436	0.12257040856802856	-1.089953	1.089953	1.0330983	1.0712222	1.0685366	-1.0054822	1.0657403	1.0518029	1.0720977	1.0794744	-1.089953	0.44037038	0.09191175	0.16242878	0.9022997	0.105104685	0.23448554	0.0727066	0.034274235	0.2739916			
PPAP2B_32335	192270	plpp3	0.03355572998430141	0.1889874059061957	1.0650449	1.0650449	1.0358899	1.0304173	1.011835	1.0275859	1.0484684	1.0349973	1.0023278	1.0650449	-1.0192665	0.032407504	0.058999363	0.35470867	0.17936224	0.01033959	0.12057584	0.8891668	0.030088225	0.22833562			
PPOX_9542	289219	ppox	0.006635833500904886	0.10252362758898048	-1.1897702	1.1897702	-1.0360538	1.0128891	1.0357145	1.0086014	-1.0158705	-1.0560648	-1.0532253	-1.0454314	-1.1897702	0.4490033	0.75111616	0.5387244	0.8351009	0.76065046	0.22694618	0.30826503	0.20099409	0.12388063			
PPP2CA_32614	24672	ppp2ca	2.0525451559934318E-4	0.032007458048477315	-1.0468705	1.0468705	1.0256523	1.0201696	1.020647	1.018308	1.0228405	1.0177878	1.0124853	1.0081329	-1.0468705	0.041583546	0.0730045	0.07464739	0.21091634	0.17268951	0.11479749	0.2641765	0.49817365	8.496133E-4			
PPP2R1B_9546	315648	ppp2r1b	0.005676059193188729	0.09369372714277759	-1.259167	1.259167	1.0807152	1.0458791	1.1262677	1.0538272	-1.0032027	1.0385866	-1.0153323	1.0643213	-1.259167	0.3544507	0.6574772	0.01191853	0.3772072	0.95007163	0.5035406	0.7335391	0.2632207	0.09499575			
PPP2R5A_9549	312754	ppp2r5a	0.013725880246667993	0.1334019659936238	-1.0369309	1.0369309	1.0343314	1.017766	1.0330665	1.0015401	1.0130982	1.0132363	1.0011152	1.0200955	-1.0369309	0.18334234	0.2222061	0.08952591	0.94842833	0.38417336	0.3079569	0.9560758	0.26216438	0.018501347			
PPP2R5E_9550	299147	ppp2r5e	0.01126818274943659	0.12323883476180011	1.0647773	1.0647773	1.0380946	1.0406566	1.0438436	1.0312638	1.0559635	1.0647773	1.0206995	1.0355796	-1.0511034	0.22435325	0.06247906	0.09688998	0.19422746	0.008543068	0.03838144	0.22085732	0.06917482	0.40467212			
PPP3CB_32635	24675	ppp3cb	0.015938606847697757	0.14085264295941327	-1.0788865	1.0788865	1.0075452	1.0390785	1.0124708	-1.0427842	1.0153832	1.0155333	-1.0006378	1.0239856	-1.0788865	0.8350667	0.18219937	0.70681125	0.2010197	0.43947428	0.56393355	0.9791727	0.34169492	0.062720194			
PRC1_9556	308761	prc1	0.0016051364365971107	0.056623407221251455	-1.5917935	1.5917935	-1.0038855	-1.0390798	1.1378466	-1.3527195	-1.0945604	-1.1018857	-1.1462325	-1.0568502	-1.5917935	0.9704649	0.7099769	0.16799545	0.047697756	0.20527346	0.28596047	0.12157816	0.60315174	0.046138614			
PRDX1_32791	117254	prdx1	0.043331345656927055	0.21157043037456708	1.0284323	1.0284323	1.0051911	1.02529	1.0284323	1.0233779	1.0212162	1.0123391	1.0132561	-1.000031	-1.0161048	0.5596172	0.10968737	0.09707235	0.024650143	0.06573719	0.1680971	0.18550849	0.9985123	0.22947139			
PRDX2_32311	29338	prdx2	2.0004000800160032E-4	0.032007458048477315	-1.0409112	1.0409112	-1.0281962	-1.0222123	-1.0183831	-1.0338582	-1.0140468	-1.0182672	-1.0123372	-1.0229672	-1.0409112	5.677673E-4	9.524523E-4	0.03137714	2.914032E-5	0.043709192	0.0037214425	0.09056156	0.005794748	0.09477137			
PRDX3_32368	64371	prdx3	0.0034686798612528057	0.07448226410202395	-1.0426	1.0426	-1.0193557	-1.0110543	-1.0145987	-1.020025	-1.0179777	-1.0163866	-1.0060881	-1.0134851	-1.0426	0.002786432	0.03369242	0.13211979	0.0021764208	0.12182798	0.09472158	0.3860707	0.066936664	0.16889566			
PRKAB1_9560	83803	prkab1	0.027369692090963977	0.17310129822443007	-1.0596925	1.0596925	-1.022873	1.0351589	1.0377574	-1.0104924	1.0053316	1.0122916	1.0334109	1.0141526	-1.0596925	0.42924413	0.09340306	0.07779177	0.62965405	0.8101988	0.70810235	0.1651763	0.45614266	0.12455757			
PRKACA_9561	25636	prkaca	0.010587502594976126	0.12181259634539021	-1.095691	1.095691	-1.0172079	1.012266	1.005799	-1.0224459	1.0022417	1.0328014	1.0243508	1.0029964	-1.095691	0.4893848	0.48165232	0.77716273	0.20218925	0.91310966	0.16788006	0.15992607	0.9197015	0.23398049			
PRKAR2B_33052	24679	prkar2b	0.0028530670470756064	0.07093314968763835	-1.0645528	1.0645528	1.0220138	1.0174205	1.0362341	-1.0246003	1.0125794	1.0117506	1.0105064	1.0073767	-1.0645528	0.21817996	0.23908624	0.07536952	0.21419759	0.5146548	0.5031857	0.48530152	0.70655644	0.14076991			
PRKCH_9568	81749	prkch	0.003594249201277955	0.07492543827744236	-2.0559175	2.0559175	-1.3671287	-1.0462449	1.1018327	-1.024263	-1.0688645	1.1822119	-1.1848844	-1.2341028	-2.0559175	0.12052852	0.79858863	0.4489129	0.8591211	0.5421259	0.3048514	0.3715773	0.14682578	6.806085E-4	100.0	300.0	
PRLR_9571	24684	prlr	0.0332051022474185	0.1889874059061957	-1.1024768	1.1024768	-1.0190458	1.0065395	-1.0282104	-1.0803853	-1.0310366	1.0030495	1.0001847	-1.0259703	-1.1024768	0.54853946	0.8231831	0.35465503	0.020880243	0.42656592	0.93499136	0.99244344	0.32368535	0.19717962			
PROCR_32752	362248	procr	0.04124709527498063	0.20652191453653498	1.342307	1.342307	1.1903013	1.2679431	1.3187692	1.2080117	1.2675953	1.342307	1.1015673	1.2414542	1.1555487	0.11172547	0.03028802	0.011531073	0.06485546	0.01483085	0.014375648	0.41182607	0.03579428	0.102316566			
PROS1_9577	81750	pros1	0.022598870056497175	0.1635392609699769	1.0916857	1.0916857	1.0428278	1.0668602	1.0606108	1.067246	1.0448141	1.0647621	1.0916857	1.0376701	-1.0540482	0.27715614	0.084618606	0.13567716	0.22807246	0.12726988	0.04784171	0.012896097	0.20897937	0.17054142			
PRR15L_9579	688163	prr15l	0.034213685474189674	0.18961322837390346	-1.8218133	1.8218133	-1.0202785	-1.3422893	1.1980771	-1.0489917	1.036709	1.004989	1.0881389	-1.1624051	-1.8218133	0.92909986	0.24634476	0.2588685	0.75734246	0.7962269	0.973455	0.5492975	0.26535663	0.006839097			
PRSS23_9581	308807	prss23	0.009471191791633781	0.11841727078210329	-1.3943663	1.3943663	-1.1442661	1.0110384	1.0285097	-1.1567585	-1.0710244	-1.0006725	-1.0060886	-1.0157022	-1.3943663	0.18358013	0.9105616	0.72738767	0.29874146	0.49597636	0.992978	0.94658315	0.8728476	0.011602696			
PSEN1_9584	29192	psen1	0.002432596797080884	0.0681206204235887	-1.49939	1.49939	1.0297326	1.0800524	1.1240181	-1.1374962	-1.035001	1.015992	1.0073726	-1.0234127	-1.49939	0.73130447	0.46567908	0.28165147	0.17855757	0.74410915	0.8467587	0.9206832	0.84346575	0.04094966			
PSMB3_9589	29676	psmb3	0.019262295081967213	0.15158932861297256	1.0365673	1.0365673	1.0094758	1.0094289	1.0064148	1.0116987	1.0254139	1.0097436	1.0043732	1.0151623	1.0365673	0.20718811	0.20791557	0.52286726	0.21128647	0.1747715	0.27208745	0.6405375	0.09067395	0.008585924			
PSMD2_9598	287984	psmd2	0.039943514222311884	0.20328899120673086	-2.2045488	2.2045488	-1.1472796	-1.1007345	-1.0603501	1.2077482	1.0965533	-1.5144211	-1.0440333	-1.7862341	-2.2045488	0.5084157	0.6212634	0.79750824	0.30066326	0.6334648	0.022085907	0.8198865	0.14577748	0.0014146741	100.0	300.0	
PSMD6_9600	289924	psmd6	1.973164956590371E-4	0.032007458048477315	1.0357274	1.0357274	1.0219264	1.0229671	1.0225896	1.0098913	1.0183474	1.0211254	1.016611	1.0127118	1.0357274	0.0059454585	0.016989091	0.0064247684	0.13969782	0.018708011	0.040783625	0.054482546	0.09824214	0.05429123			
PSME3_32547	287716	psme3	0.027158492095662748	0.17310129822443007	1.0421438	1.0421438	1.0238115	1.034881	1.031014	-1.0061122	1.0355829	1.0206022	1.0258814	1.0421438	-1.0354227	0.4177674	0.0388285	0.1148394	0.77240366	0.06509932	0.3535039	0.15890935	0.007937778	0.032782998			
PSME3_32872	287716	psme3	0.0455812101910828	0.21583595270169137	1.0593982	1.0593982	1.0427321	1.0593982	1.0470666	1.0173068	1.0493191	1.0458794	1.04825	1.0473996	1.0376936	0.19467956	0.0016976614	0.03298352	0.36104408	9.6855825E-4	0.010797238	0.036894627	0.005591995	0.032740623			
PTBP1_32416	29497	ptbp1	0.045722414143466776	0.21583595270169137	1.0506843	1.0506843	1.0108471	1.0420637	1.0360475	1.0159158	1.026961	1.033323	1.026189	1.0506843	-1.0177689	0.5578841	0.0016141308	0.08209601	0.39016226	0.05848223	0.02925471	0.063250855	6.4679736E-4	0.61723596			
PTK2_9613	25614	ptk2	0.02886386898669396	0.1783086897593101	-1.0651182	1.0651182	1.0305243	1.0491884	1.0039659	1.0275112	1.0499784	1.0083939	1.0468224	1.0486115	-1.0651182	0.36440864	0.09516721	0.9155427	0.32432565	0.08928234	0.7931347	0.14933592	0.18696515	0.31259558			
PTPN12_9617	117255	ptpn12	0.03635268126129745	0.19319619058522453	-1.1221509	1.1221509	1.0252924	1.0304948	-1.0209129	1.0192777	1.0434291	1.022423	-1.0282797	-1.0215014	-1.1221509	0.5618965	0.41925278	0.6880485	0.6974926	0.36938998	0.57466954	0.54639333	0.71979666	0.093085244			
PTPRK_9622	360302	ptprk	0.03041979314540661	0.181762465672692	1.0572747	1.0572747	1.0041426	1.0572747	-1.0042546	1.0040122	1.0080495	1.0097115	1.0114825	1.0231514	-1.0506455	0.8888431	0.0010754097	0.86713773	0.7628578	0.7394358	0.6657804	0.4005461	0.30259812	0.20035118			
PXDN_9628	554172	pxdn	0.03087034455287791	0.18212326789838337	-1.5609912	1.5609912	-1.1200845	-1.0283713	1.0661204	-1.0795251	-1.2021282	-1.0068492	-1.1003878	-1.0369383	-1.5609912	0.3983739	0.86338264	0.6021252	0.50805503	0.09320575	0.94859284	0.5202853	0.7610825	0.062441044			
PXN_9630	360820	pxn	0.01861971260878365	0.15126829576422604	-3.261036	3.261036	-1.1192284	-1.1508394	1.1411986	1.0366255	-1.2875298	1.0205468	-1.1659657	-1.0118982	-3.261036	0.6397772	0.58456314	0.5525802	0.88468707	0.283887	0.9214159	0.6580676	0.9597174	0.02910913	100.0	300.0	
QDPR_9634	64192	qdpr	0.035466775377089275	0.19129537270490948	-1.0445939	1.0445939	1.0121462	1.0356091	1.0338025	1.0105133	1.0094913	1.0031422	1.0172596	1.0308831	-1.0445939	0.61808145	0.11636469	0.046908922	0.5348978	0.58232355	0.9098465	0.24863803	0.25070637	0.24833629			
RAB27A_9638	50645	rab27a	0.035942492012779555	0.19195953141640046	-1.1382533	1.1382533	1.0283823	1.019472	1.0917828	1.0017198	-1.0582328	-1.0008775	-1.0228368	-1.0635068	-1.1382533	0.60391414	0.7623326	0.26484704	0.9760974	0.38588178	0.98736095	0.71858406	0.34342337	0.16560292			
RAB30_9639	308821	rab30	0.025508170585890794	0.167557824623042	1.202023	1.202023	1.0172365	1.0213346	-1.0373014	-1.0015445	-1.0273968	-1.063705	1.0478145	1.202023	-1.1971483	0.62223583	0.62003183	0.64464235	0.9866046	0.77035165	0.21326292	0.41995868	2.253465E-4	0.0044753253			
RAB31_9640	246324	rab31	0.007425245835841862	0.10600732690493402	-1.0429302	1.0429302	1.0032448	1.0334378	1.0155352	-1.0221065	-1.0151491	1.0171657	1.017012	1.0187256	-1.0429302	0.81671154	0.029803976	0.29422566	0.164716	0.3454426	0.3794568	0.33802602	0.27523434	0.13982454			
RAD21_33184	314949	rad21	0.01524390243902439	0.13854017216642753	-1.0371078	1.0371078	-1.0076054	1.016017	1.0101203	-1.0138338	1.0117753	-1.0024915	1.0084215	1.01167	-1.0371078	0.6812365	0.14620532	0.35877925	0.20111747	0.28569135	0.8857038	0.417352	0.29146934	0.09914508			
RAMP2_32728	58966	ramp2	0.01458966565349544	0.13720629047178537	-1.0781109	1.0781109	1.0446258	1.0265958	1.0525261	-1.000695	-1.00272	1.0583436	1.0188128	1.0132719	-1.0781109	0.21117762	0.3802827	0.20439851	0.98216194	0.95253545	0.063045464	0.5681865	0.68884593	0.04525801			
RAN_9657	84509	ran	0.014090177133655395	0.13426014599161507	1.031741	1.031741	1.0174259	1.0229638	1.0158576	1.0268656	1.0308322	1.0131145	1.0118102	1.0058804	1.031741	0.05700973	0.009833165	0.13139042	0.004243416	0.04587733	0.26938128	0.17217043	0.48668116	0.19755337			
RCN1_33000	362182	rcn1	0.03649193548387097	0.19346092267552184	1.1369362	1.1369362	1.0619085	1.0886331	1.1369362	1.0785306	1.0555742	1.1248456	1.0758268	1.0865531	-1.107041	0.24968119	0.18440238	0.03927895	0.35768807	0.42095882	0.029718943	0.19327301	0.29445097	0.23033433			
RFC5_9679	304528	rfc5	0.04028484231943032	0.2040658406017044	1.0533792	1.0533792	1.0017252	1.0533792	1.0423582	1.020241	1.039347	1.0416676	1.053313	1.0369804	-1.0343606	0.9446688	0.015217346	0.039743252	0.28181154	0.05828392	0.12577346	0.04927853	0.23034744	0.481866			
RGD1566401_32721	500717	meg3	0.0027526543452615023	0.07039509777484355	1.1669692	1.1669692	1.0836172	1.1247668	1.1669692	1.133693	1.0944476	1.1151593	1.154176	1.1508607	1.05501	0.039675813	0.0018893376	7.3648366E-4	0.0018429752	0.00987315	0.0063887197	0.014647501	0.023359396	0.31791905			
RGS2_9701	84583	rgs2	0.019272799523147227	0.15158932861297256	-1.5043352	1.5043352	1.0256035	1.0851434	1.0202256	-1.0539287	-1.1574363	-1.0058498	1.08269	1.0995561	-1.5043352	0.8141503	0.3545733	0.8337526	0.61542195	0.42355397	0.947846	0.43411505	0.57702166	0.0076675294			
RHEB_9704	26954	rheb	0.02734217933252915	0.17310129822443007	-1.0526142	1.0526142	1.0100267	1.023599	1.0019505	1.007855	1.0109806	1.0063465	-1.0390948	-1.0526142	-1.0369692	0.57624	0.31957278	0.85291624	0.5431971	0.6079929	0.7160571	0.116777204	0.012008622	0.06799268			
RNF167_9717	360554	rnf167	0.0029106029106029108	0.07154129654129654	-1.039005	1.039005	-1.0000303	1.0246378	1.0160983	-1.0173525	1.0146352	1.0225743	1.017613	1.0094376	-1.039005	0.9975558	0.002766493	0.22553825	0.021495601	0.10093171	0.13133034	0.11935764	0.40383288	0.24957596			
RNPS1_9720	287113	rnps1	0.007007007007007007	0.1031031031031031	1.0751269	1.0751269	1.039861	1.0751269	1.0518004	1.0109676	1.0376422	1.03744	1.0420313	1.049245	-1.0286183	0.11137206	1.4223307E-4	0.006453849	0.6286661	0.010200899	0.0908182	0.011451973	0.008049343	0.3197876			
RPA1_9721	287524	rpa1	0.03493013972055888	0.19031207107196188	-1.081105	1.081105	-1.0455683	1.0285522	1.0207474	-1.0207618	-1.0051966	1.0303099	1.0128983	1.0046993	-1.081105	0.12505592	0.28579363	0.5792745	0.42295104	0.82040197	0.23106527	0.60598147	0.8963378	0.2058383			
RPIA_9725	362383	rpia	0.0012094335819391251	0.05232009675468655	-1.163185	1.163185	-1.008016	1.054198	1.0261787	1.0211984	-1.0133665	1.0472231	1.1132137	1.0511972	-1.163185	0.85776836	0.114943795	0.5444762	0.59279066	0.7887497	0.20377296	0.028006278	0.28335664	0.039346993			
RPL19_9731	81767	rpl19	0.02915280766973195	0.17863320960235188	-1.0290446	1.0290446	-1.0241995	-1.0066675	-1.0038522	-1.0290446	-1.0250019	-1.0229135	-1.0172096	-1.0250664	-1.0091286	1.5734072E-4	0.5356728	0.59480846	8.786377E-5	0.00696399	0.00805997	0.07486618	0.030983223	0.61731786			
RPL6_9738	117042	rpl6	6.052047609441194E-4	0.03844080447854032	-1.0352956	1.0352956	-1.0143695	1.0120803	1.0031021	-1.0025635	-1.0013359	-1.0014269	1.0052409	-1.0099571	-1.0352956	0.06622307	0.18277586	0.70534104	0.68505704	0.80970734	0.77184063	0.3867403	0.19392073	0.028207298			
RPN1_9740	25596	rpn1	0.03399881399486064	0.18961322837390346	1.0203136	1.0203136	1.0014104	1.00299	-1.0035932	-1.0120761	-1.004535	1.0066812	-1.0051163	-1.0038022	1.0203136	0.8841298	0.6818235	0.7059125	0.17452109	0.57551724	0.31856057	0.5630041	0.6052513	0.1068851			
RPS6_32332	29304	rps6	0.027556644213104716	0.17327041114228345	-1.0248702	1.0248702	-1.0156937	-1.0031962	-1.0110859	-1.0208911	-1.0221006	-1.015596	-1.0119363	-1.0248702	-1.0226116	0.01005581	0.6960759	0.114843436	0.01447315	0.0012920591	0.026330821	0.14667775	0.022985771	0.3355121			
RRS1_9755	297784	rrs1	0.010789902280130293	0.12257040856802856	-1.084221	1.084221	1.0127574	1.0514458	1.0328152	-1.0049949	-1.0376444	-1.002936	1.0149142	-1.0249941	-1.084221	0.6226505	0.02430104	0.1571869	0.8400008	0.17562151	0.93002564	0.47284654	0.32633746	0.3289785			
RT1-A2_33098	24974	rt1-a2	6.129955046996322E-4	0.03844080447854032	-1.1579552	1.1579552	1.0316786	1.0361998	-1.0043483	-1.0190562	1.0174006	1.0178775	1.0232046	1.0172176	-1.1579552	0.28001094	0.17786393	0.884504	0.6378553	0.6052532	0.63075995	0.42833072	0.64536446	0.0031046486			
RT1-A2_9758	24974	rt1-a2	0.0040453074433656954	0.07492543827744236	-1.1326312	1.1326312	1.0624	1.0487249	1.0125706	-1.0362774	1.0138192	1.0155392	-1.0068878	1.0132586	-1.1326312	0.08973032	0.24141884	0.6787176	0.46589822	0.7634949	0.6662289	0.8539731	0.7988794	0.0047036023			
RT1-CE10_32808	414792;24977;24737;309607;414819;414270;414789;309600	rt1-ce10;rt1-cl;rt1-ec2;rt1-ce5;rt1-ce16;rt1-ce14;rt1-ce15;rt1-ce12	6.220194899440182E-4	0.03844080447854032	-1.1323917	1.1323917	-1.0050018	1.0293529	1.0079751	-1.0273355	-1.001604	-1.0072256	1.0011386	1.007847	-1.1323917	0.7822144	0.1430566	0.45039272	0.37815386	0.9281229	0.7895149	0.9440001	0.7491134	0.036016572			
RT1-S3_9763	294228	rt1-s3	0.04235055724417427	0.2098257111137459	-1.1616586	1.1616586	-1.0528953	1.0606116	1.0902271	-1.0204766	-1.0240521	1.0679319	-1.0595665	1.0576262	-1.1616586	0.49833003	0.24205978	0.11987084	0.75675666	0.7742891	0.22127925	0.32457247	0.29729724	0.02394833			
RUP2_9767	619560	rup2	0.03405635515913237	0.18961322837390346	1.7515532	1.7515532	-1.1009331	-1.7238514	1.0721136	-1.4516736	-1.0288502	-1.2025017	1.0480227	-1.1429503	1.7515532	0.73871654	0.2265107	0.6984057	0.1278615	0.93534124	0.5585907	0.91332936	0.5695118	0.057257935			
RXRA_32828	25271	rxra	0.009343895998374974	0.11750492467723878	-1.1964886	1.1964886	-1.0914725	1.002363	-1.0348374	-1.0556197	-1.1155363	-1.0601593	-1.0278927	-1.0736746	-1.1964886	0.13992119	0.9352168	0.42659205	0.236459	0.11577692	0.37256873	0.2900887	0.11759538	0.023662118			
S100A4_9772	24615	s100a4	0.046590681863627276	0.21672181692693718	1.0916079	1.0916079	1.0403506	1.0502251	1.0916079	1.071791	-1.0198077	1.084864	1.0121412	1.0220798	-1.0914807	0.28927162	0.17403573	0.038665656	0.115209185	0.6885106	0.12797241	0.80214894	0.7765678	0.14911872			
S100A6_9773	85247	s100a6	0.024206349206349207	0.16417355166235317	-1.0829855	1.0829855	-1.0186193	-1.0074704	-1.0005575	-1.0286744	-1.049021	1.0145588	-1.031387	-1.0181254	-1.0829855	0.5261798	0.78150964	0.98360205	0.3490825	0.14616221	0.65984285	0.25837404	0.6403349	0.033625077			
S100A9_9775	94195	s100a9	0.010236852669610599	0.12051165338090487	1.3341364	1.3341364	1.2343069	1.1095353	1.2387078	1.134961	1.2171252	1.1389486	1.1713138	1.1720502	1.3341364	0.04961726	0.2665097	0.059614114	0.10038407	0.08481581	0.21067652	0.07072296	0.072840445	0.17044061			
SACM1L_9776	116482	sacm1l	0.007498437825453031	0.10600732690493402	-1.0511649	1.0511649	1.025797	1.0289837	1.0065645	-1.0011071	1.0131867	1.0144205	1.0096283	1.0325513	-1.0511649	0.13472137	0.046035986	0.571206	0.96513534	0.4875558	0.1975252	0.5737786	0.02774209	0.09529819			
SCARB1_9783	25073	scarb1	0.03464660463274599	0.1898475431876411	1.1001446	1.1001446	1.0632213	1.026193	1.0119491	1.0707499	1.0712866	1.0147859	-1.0117204	1.0553366	1.1001446	0.016884904	0.47477043	0.74829733	0.0035855474	0.0495666	0.5453731	0.8170377	0.32733813	0.016764645			
SDHA_9796	157074	sdha	0.003888661481784691	0.07492543827744236	-1.0592215	1.0592215	-1.0087591	1.0119715	1.0047902	-1.035777	-1.0183384	1.0007236	1.0083768	1.0014447	-1.0592215	0.6359465	0.42571104	0.65301526	0.036934033	0.18872358	0.95111704	0.54111725	0.8650487	0.10105631			
SDHB_9797	298596	sdhb	0.013646397752358017	0.1334019659936238	-1.0263703	1.0263703	-1.0107332	-1.0072088	-1.011294	-1.0263703	-1.0101058	-1.0101537	-1.0103611	-1.009279	1.0089447	0.127527	0.28272763	0.12096403	0.005249075	0.16446997	0.22889611	0.23917413	0.16922086	0.2151661			
SEC11C_9799	266758	sec11c	0.007465698143664245	0.10600732690493402	1.0519937	1.0519937	1.0005887	1.023173	1.0162873	1.0257777	1.0108354	1.0163847	1.0119226	1.0026284	1.0519937	0.9649073	0.14832544	0.28210616	0.17881526	0.5367198	0.30978796	0.4129292	0.8258806	0.050907645			
SEC24D_32308	310843	sec24d	0.006919731119019375	0.1031031031031031	1.125872	1.125872	1.0502778	1.1059203	1.1078869	1.0737231	1.0880976	1.0705243	1.0716068	1.125872	1.0445671	0.25989726	8.851571E-4	0.0034895597	0.08364228	0.008864127	0.045788165	0.00808761	3.083061E-4	0.25465286			
SENP6_9804	300860	senp6	0.008692136648473823	0.11325958777499325	-1.0398103	1.0398103	1.0227994	1.0328653	1.0163524	1.0097662	1.0056674	1.0252295	1.0049131	1.0265647	-1.0398103	0.30677095	0.010298558	0.07272127	0.55043316	0.755059	0.08037458	0.73913443	0.14679252	0.072864406			
SEPW1_32392	25545	selenow	0.003229713362939039	0.07347271522953855	-1.1477785	1.1477785	-1.0118054	1.0293767	1.0310218	-1.0053616	1.0081824	-1.0234249	1.0366303	1.0234284	-1.1477785	0.69334567	0.24176721	0.3367593	0.89626276	0.789614	0.3470467	0.24026407	0.64413905	0.01819722			
SGK3_33138	171498	sgk3	0.035871743486973945	0.19195953141640046	-1.1055211	1.1055211	-1.0607659	1.0361767	1.0303345	-1.0119371	-1.0017571	-1.014901	1.0330082	-1.0144805	-1.1055211	0.22747228	0.18538569	0.48095578	0.67553	0.9597091	0.6812159	0.4391122	0.62519896	0.1287507			
SH3BP5_9823	117186	sh3bp5	0.03235715748515257	0.18713511133792782	-1.0876296	1.0876296	-1.0243596	1.0075263	1.0097995	-1.051331	-1.0626498	-1.0210242	1.0098181	-1.0033352	-1.0876296	0.4544372	0.77649194	0.74771816	0.06630947	0.043245155	0.57170254	0.6933779	0.91421837	0.21936955			
SHC1_9825	85385	shc1	0.017842822774659182	0.14786983012102609	-1.0599732	1.0599732	-1.0358741	1.0301137	1.0162547	-1.0304092	-1.0129902	-1.0053744	-1.0172975	1.0123825	-1.0599732	0.18179888	0.056891862	0.49651504	0.20206746	0.46458367	0.70650595	0.32304013	0.57321006	0.122178674			
SIRT3_9828	293615	sirt3	0.0027960854803275414	0.07039509777484355	-1.1725792	1.1725792	-1.0471014	1.0087708	1.0282967	-1.0129473	-1.0205548	1.0148343	1.0399007	-1.0236715	-1.1725792	0.053429954	0.8422607	0.5075964	0.6145675	0.49722466	0.76020235	0.40510547	0.46803355	0.00115894			
SKP1_9831	287280	skp1	0.002671049928087117	0.07039509777484355	-1.058156	1.058156	-1.0084327	-1.0067161	-1.0042523	-1.0190035	-1.0259038	-1.0131509	-1.0076867	-1.0224687	-1.058156	0.34215644	0.31342173	0.5483026	0.13096462	0.08836609	0.037802145	0.4890401	0.24688786	0.0627288			
SLC22A5_9846	303140;29726	slc22a21;slc22a5	0.026578073089700997	0.17160708087469628	-1.7219242	1.7219242	-1.1503015	1.0300299	-1.114936	-1.0343854	-1.1670069	-1.1552309	-1.0423671	-1.2900524	-1.7219242	0.33122158	0.7537133	0.34063092	0.8634519	0.46434033	0.25537995	0.8058674	0.17754768	0.039912105			
SLC25A30_9856	361074	slc25a30	0.0490760977548182	0.2225400407624146	-1.1261827	1.1261827	1.0999036	-1.0136566	-1.0283667	-1.0298835	1.0449576	1.064078	-1.0337504	1.1138171	-1.1261827	0.059282303	0.6820901	0.6829018	0.6584856	0.5023082	0.246819	0.65388536	0.013728422	0.06265806			
SLC25A46_9858	291709	slc25a46	0.0062854825628548255	0.09996690281952196	1.0686342	1.0686342	1.013199	1.0473189	1.0686342	1.0656297	1.0344583	1.0460222	1.0422164	1.037531	-1.0576984	0.6641865	0.06578946	0.020259494	0.007474095	0.20345657	0.054537866	0.04614553	0.1896348	0.13930549			
SLC27A1_33025	94172	slc27a1	0.03230423226334083	0.18713511133792782	-1.198077	1.198077	-1.058385	1.0206444	1.0171659	1.027212	1.0411403	-1.0234865	-1.0354621	1.0817834	-1.198077	0.32644117	0.63440984	0.6499924	0.46299094	0.4084811	0.80590624	0.63418007	0.045530345	0.029492062			
SLC35A1_9868	313139	slc35a1	0.020224269122947537	0.15476945071036372	-1.0471	1.0471	-1.0309368	1.0102024	1.0425063	1.0150007	1.0036621	1.0344611	1.024478	1.0130717	-1.0471	0.18215182	0.41161883	0.015225689	0.4382612	0.8217705	0.09072989	0.15454954	0.4908551	0.2338245			
SLC35A3_9869	310808	slc35a3	0.04580152671755725	0.21583595270169137	1.046377	1.046377	1.0041667	1.0393665	1.0411885	1.0009947	1.0317907	1.026107	1.035301	1.046377	1.008705	0.77668816	0.046308164	0.010282613	0.91768736	0.047500923	0.09188228	0.012688313	7.001783E-5	0.5409803			
SLC35B1_9870	287642	slc35b1	0.046868846002363136	0.21708204261908237	1.0876116	1.0876116	-1.0176488	1.0197946	1.0354083	1.0427773	1.0270058	-1.0109373	1.015294	1.020878	1.0876116	0.60282195	0.58252513	0.44023454	0.18592364	0.3199092	0.8634906	0.516543	0.38938248	0.052749723			
SLC5A6_9881	170551	slc5a6	0.04364996882145084	0.21169256179551157	-1.4918443	1.4918443	1.2057955	1.0152788	1.2377031	1.2226784	1.1508546	1.1697252	1.2967467	1.2473884	-1.4918443	0.2281124	0.9245728	0.10931386	0.30303773	0.33109704	0.05879634	0.00353634	0.01849202	0.43466628			
SMAD1_32578	25671	smad1	0.0011907124429450288	0.05232009675468655	-1.2617897	1.2617897	-1.1131496	1.0063429	-1.0403253	-1.1198062	-1.0710379	-1.0156265	-1.049717	-1.1028427	-1.2617897	0.039156582	0.89979976	0.4769069	0.017787473	0.1012059	0.743647	0.20457293	0.14893255	0.1101019			
SMNDC1_33297	287768;120095301	smndc1;loc120095301	0.004062563477554337	0.07492543827744236	-1.0426571	1.0426571	1.0154281	1.0175352	1.0103091	-1.014364	1.0012457	1.0221597	-1.0093542	1.0142324	-1.0426571	0.32917348	0.15837711	0.29525298	0.29603913	0.91360176	0.092668064	0.53851265	0.105074994	0.12975323			
SMNDC1_9903	287768;120095301	smndc1;loc120095301	0.023930237274386534	0.16380095957119642	-1.0408465	1.0408465	1.0072166	1.0223496	1.0059187	1.0191555	1.0294924	1.0251032	1.0053465	1.0216627	-1.0408465	0.65928733	0.38885188	0.67420053	0.16650344	0.11686351	0.06789293	0.74291134	0.17793587	0.3378761			
SOAT1_33217	81782	soat1	0.008348605172062717	0.1098676875046458	-1.0886565	1.0886565	-1.0418879	1.0158429	-1.0133339	-1.012155	-1.0078424	-1.0105896	1.0246283	-1.0207994	-1.0886565	0.09806181	0.27657086	0.6791974	0.57815427	0.7127301	0.6603041	0.09131664	0.111256994	0.14207478			
SOS1_9918	313845	sos1	0.034363562423749494	0.18961322837390346	-1.0868583	1.0868583	1.0051168	1.0679343	1.0272955	1.0079963	-1.0206513	1.0057018	1.0021759	1.0436317	-1.0868583	0.9150239	0.055926267	0.5083779	0.8460044	0.44807604	0.8668928	0.947254	0.14300135	0.26498255			
SPC24_9924	363028	spc24	0.001597763131615738	0.056623407221251455	-1.4138741	1.4138741	-1.0837176	-1.0070171	1.135016	-1.0933968	-1.0460953	-1.0257735	-1.0271833	1.0026071	-1.4138741	0.18349797	0.91314894	0.088069536	0.19964674	0.62447286	0.6539738	0.6928644	0.9783148	5.8710255E-4			
SQLE_9935	29230	sqle	0.0011883541295306002	0.05232009675468655	1.2191845	1.2191845	1.1645333	1.1008127	1.0655288	1.1559244	1.149954	1.0751628	1.0255326	1.1413083	1.2191845	0.005650094	0.14122339	0.32319045	0.0046058614	0.0040059793	0.23840758	0.7236095	0.09584828	0.0065459246			
SQRDL_9936	691966	sqor	0.013910969793322734	0.13365410964424457	-1.1276035	1.1276035	1.0400926	1.0005175	1.0443618	-1.0347364	1.0127183	1.0447807	1.0389163	1.0174533	-1.1276035	0.18162148	0.9902688	0.31005788	0.47560886	0.6664946	0.12050311	0.219307	0.6602798	0.08523544			
SQSTM1_9937	113894	sqstm1	0.024903041437027963	0.16604155432196668	-1.1064718	1.1064718	1.0040638	1.0269827	1.0416694	1.0084416	1.0430663	1.0053312	1.0482568	1.0323743	-1.1064718	0.92467886	0.46700242	0.2835363	0.78021175	0.11324723	0.8469134	0.04909833	0.29309627	0.379026			
SRD5A1_32503	24950	srd5a1	0.0142	0.13471315789473684	-1.3477916	1.3477916	-1.133334	1.0252529	-1.0357199	-1.1614946	-1.0579686	-1.0602733	1.0454235	-1.1201438	-1.3477916	0.23568602	0.81986445	0.68821394	0.076443955	0.56716496	0.5364977	0.5190659	0.33681333	0.021008428			
SRD5A3_9939	305291	srd5a3	0.04950891962317098	0.22306808436371894	1.0805185	1.0805185	-1.026922	1.0672288	1.0805185	-1.0024753	1.013104	1.0355023	1.0145092	1.017371	-1.0633811	0.49593	0.086047895	0.028583037	0.92113996	0.7693283	0.15571742	0.59086144	0.48786533	0.25191173			
SRSF1_32864	689890	srsf1	0.04795877923107412	0.21931255703343197	1.0669407	1.0669407	1.0244396	1.0669407	1.0314281	1.0111966	1.037194	1.0351399	1.0257462	1.0458847	1.0259598	0.2648102	0.005258364	0.1344803	0.39116222	0.00985705	0.018842563	0.10970039	0.0026321681	0.03697291			
ST3GAL5_9948	83505	st3gal5	0.03333333333333333	0.1889874059061957	-1.2293617	1.2293617	-1.1076893	1.0578766	1.0171357	-1.0072124	-1.0282228	-1.0428743	1.0261215	-1.0020729	-1.2293617	0.23361185	0.24798623	0.7978235	0.88290143	0.542675	0.6281455	0.5270593	0.9762369	0.008633512			
ST6GAL1_9950	25197	st6gal1	0.022782258064516128	0.1635392609699769	-1.1729015	1.1729015	-1.0358918	-1.0156139	1.0387765	1.0130725	-1.0037199	1.0108336	1.0194887	1.0015577	-1.1729015	0.596731	0.7686951	0.52590346	0.8359288	0.94813216	0.84482795	0.71641356	0.9803321	0.07449391			
ST6GALNAC2_9951	303692	st6galnac2	0.04494155582426441	0.21458848840592476	1.1675123	1.1675123	-1.0277498	1.1207552	1.0140836	-1.026378	-1.0091844	1.0729386	1.0909587	1.0608305	1.1675123	0.66817015	0.11069807	0.88531697	0.7636772	0.9119855	0.39958152	0.16165824	0.37847114	0.040164135			
STAT1_32366	25124	stat1	0.026910435497124074	0.17310129822443007	-1.1017214	1.1017214	-1.0204198	1.0135037	1.0114416	1.0048751	1.0181624	-1.0272607	1.0040439	-1.0195832	-1.1017214	0.5013421	0.6004136	0.67470866	0.8790524	0.6032425	0.34057134	0.9042562	0.68309575	0.119987786			
STAT1_9958	25124	stat1	0.00833010461061604	0.1098676875046458	-1.7253273	1.7253273	-1.0612313	-1.0756555	-1.0479652	1.6420782	1.0740902	1.0555509	-1.0395294	-1.138984	-1.7253273	0.6638286	0.51970094	0.80046755	0.0063211136	0.69751513	0.7134831	0.8035856	0.484367	0.04400304			
STAT3_9959	25125	stat3	0.01721664275466284	0.1454671807747489	-1.0677761	1.0677761	-1.0361282	1.0325463	1.0146399	-1.0142941	1.0114727	1.0006887	1.0222296	1.0351664	-1.0677761	0.3290292	0.014525475	0.2791107	0.4689647	0.41783974	0.9705503	0.0685329	0.08263247	0.2231572			
STAT5B_9960	25126	stat5b	0.018292682926829267	0.15101936324706758	-1.0584973	1.0584973	1.0235876	1.0455718	1.0478574	-1.0050021	1.0146987	1.037917	1.0451525	1.0317158	-1.0584973	0.4649683	0.1292839	0.1443065	0.87927276	0.65322316	0.182218	0.1309982	0.31270874	0.13936944			
STMN1_32298	29332	stmn1	1.9857029388403494E-4	0.032007458048477315	-1.1321176	1.1321176	-1.0320059	-1.0089911	1.0308692	-1.0529524	-1.0252289	1.0083448	-1.0173286	-1.0440915	-1.1321176	0.20731223	0.7317194	0.33082289	0.03878233	0.37782556	0.7183669	0.47367457	0.18223009	0.018149352			
STS_9964	24800	sts	0.017443012884043606	0.14680636913691175	1.159023	1.159023	1.072379	1.1175908	1.104561	1.0881599	1.0609053	1.1210449	1.1101345	1.159023	1.0567237	0.21710613	0.004113475	0.013875196	0.022576464	0.34666649	0.034372874	0.0044498	0.0015214153	0.22353831			
STX1A_9966	116470	stx1a	6.067961165048543E-4	0.03844080447854032	-2.9069362	2.9069362	-1.2028742	1.2139704	1.0314108	1.1186305	-1.4272358	-1.1832036	-1.3418247	-1.1441053	-2.9069362	0.38812676	0.0828895	0.8325096	0.37912288	0.09601098	0.4436366	0.14236829	0.42355302	3.249285E-4	100.0	300.0	
STXBP1_9968	25558	stxbp1	0.010311362717347351	0.12051165338090487	-1.2115163	1.2115163	1.011728	1.0386775	1.0543001	-1.0196772	-1.0879841	1.0566648	-1.0319957	1.008737	-1.2115163	0.8520207	0.4207775	0.4677337	0.78496873	0.28098872	0.19934177	0.49604106	0.8440874	0.08743838			
SULT1C2_33309	171072;316153	sult1c2;sult1c2a	0.03978994142597455	0.20298500779335601	-2.258501	2.258501	-2.0428634	-1.4156893	-1.5440066	-1.2876422	-1.6840099	-1.3997977	-2.258501	-1.6718959	-1.4078586	0.017715057	0.029238464	0.15709506	0.19242673	0.066279	0.08909534	0.0028463854	0.004581977	0.22519284	0.0	0.01	
SUOX_9974	81805	suox	0.004639903167238249	0.08131366293133883	-1.1328965	1.1328965	-1.035939	1.0177065	1.0124698	-1.045549	-1.0154787	-1.0049293	1.0125676	-1.0101272	-1.1328965	0.3198159	0.38165066	0.73540676	0.09152096	0.6889782	0.87588	0.46510342	0.6782944	0.06619311			
TERF2IP_9998	307861	terf2ip	0.01097560975609756	0.12257040856802856	-1.0681993	1.0681993	1.008578	1.025883	1.0420351	1.0307056	1.0325974	1.0340095	1.0351701	1.0506158	-1.0681993	0.7641691	0.21423765	0.056973793	0.3268518	0.32236204	0.07738196	0.13165547	0.12511657	0.16093789			
TESK1_10001	29460	tesk1	0.00971266693646297	0.12031945327399873	1.0903045	1.0903045	1.0102372	1.0903045	1.0507371	1.006735	1.0358231	1.0776126	1.0379937	1.0660411	-1.0660082	0.80049545	0.015753703	0.012930169	0.8448051	0.3068762	0.012685142	0.10060054	0.010211582	0.12120663			
TIAM1_10014	304109	tiam1	0.02582496413199426	0.16806808878843654	-1.2442002	1.2442002	-1.0701091	1.1453412	1.072336	1.0634029	1.0819395	1.0910405	1.117502	1.0940956	-1.2442002	0.5127661	0.016330885	0.37616903	0.21889974	0.27492216	0.14125194	0.15791737	0.045879584	0.3768334			
TICAM1_10015	363328	ticam1	0.04576976421636616	0.21583595270169137	1.1181886	1.1181886	1.0302106	1.1111004	1.1124191	1.0424836	1.0746953	1.0186964	1.0985454	1.1181886	1.0472877	0.5805475	0.0019601753	0.005154425	0.14208928	0.08389729	0.7019569	0.013144272	0.013685233	0.20341259			
TIMP1_10022	116510	timp1	6.049606775559589E-4	0.03844080447854032	1.079396	1.079396	1.0010831	1.0317624	1.0208485	1.0054613	1.0059075	1.0210098	1.0132366	1.010815	1.079396	0.96258885	0.055281866	0.28149664	0.73289996	0.72859734	0.3184682	0.37476888	0.475734	0.013233472			
TLR7_33092	317468	tlr7	0.039468302658486706	0.20182018593453133	-3.0508652	3.0508652	-1.2132382	-1.1656107	-1.5105331	-1.5933502	-1.2281559	1.2978245	-1.072462	1.1367931	-3.0508652	0.59535563	0.53163916	0.21904425	0.11801016	0.5141008	0.21433434	0.76889485	0.43826282	0.16221565			
TM9SF2_10032	306197	tm9sf2	0.0021662071681764474	0.06628056628056628	1.0489084	1.0489084	1.0273924	1.0489084	1.0368469	1.0186272	1.0362866	1.0263549	1.0280687	1.0420338	1.0377127	0.1114663	6.4518047E-4	0.006032687	0.09526753	0.0071869735	0.03161105	0.03542404	0.0030277055	0.08359375			
TMEM38A_33190	306327	tmem38a	0.012391093901258471	0.12947795221459937	1.2725635	1.2725635	1.1399016	1.1074793	1.1161238	1.1306957	1.0564234	1.0776297	-1.0259498	1.1493148	1.2725635	0.031118011	0.3424161	0.10723859	0.11287277	0.6146647	0.29879123	0.83851	0.17876926	0.0056094676			
TMEM5_10045	299841	rxylt1	0.015229430379746835	0.13854017216642753	-1.0619552	1.0619552	1.017673	1.0578125	1.0537417	1.0048193	1.0115541	1.0133319	1.0210136	1.0546255	-1.0619552	0.561087	0.08356634	0.18373619	0.875798	0.6801191	0.6338412	0.53232455	0.09937994	0.047547698			
TMEM50A_10046	298552	tmem50a	0.0035545023696682463	0.07492543827744236	1.0418128	1.0418128	1.0149916	1.0033277	1.0108241	1.0300534	1.0214509	1.0396171	-1.0318336	-1.0291909	1.0418128	0.31508747	0.82074815	0.19708355	0.012360046	0.21274929	0.0013098886	0.05023316	0.050854452	0.0040081125			
TMSB10_32772	50665	tmsb10	4.027386226339106E-4	0.03844080447854032	-1.0645307	1.0645307	-1.0273955	1.0012274	-1.0044137	-1.0466729	-1.0437402	-1.0143921	-1.0165168	-1.0324398	-1.0645307	0.033984628	0.92603177	0.8130568	0.027729291	3.323492E-4	0.3123348	0.31359464	0.08479714	0.0012873721			
TNIP1_10051	363599	tnip1	0.03585899513776337	0.19195953141640046	1.0604976	1.0604976	1.0181575	1.0562983	1.0195585	-1.0011503	1.0392598	1.0405233	1.0278744	1.0604976	1.0275384	0.48111528	0.0021909305	0.0993032	0.92440945	0.019692216	0.009072537	0.071941674	0.017227829	0.502231			
TNNC2_32753	296369	tnnc2	0.023181454836131096	0.1635392609699769	-2.2993443	2.2993443	-1.3416469	1.0792463	-1.7291193	-1.3139286	-1.1116426	-2.0597374	-2.2993443	-1.0878888	1.858366	0.55596864	0.82163775	0.34386182	0.5199048	0.77278423	0.14771235	0.115511455	0.86703783	0.037884694			
TOMM70A_10058	304017	tomm70	0.0032064128256513026	0.07347271522953855	-1.0530465	1.0530465	1.0085398	1.0310186	1.0365199	1.043286	1.0526791	1.0447134	1.0313156	1.0219243	-1.0530465	0.6967656	0.08781567	0.21505137	0.098548494	0.030939752	0.022554878	0.18489403	0.2661511	0.033177413			
TOP2A_10059	360243	top2a	0.00816895795975294	0.1098676875046458	-2.8467429	2.8467429	-1.1687576	1.0050482	1.2197741	-2.1482174	1.0135982	-1.1611139	-1.0404441	-1.0434017	-2.8467429	0.47769186	0.9788728	0.07598605	0.0024835907	0.9578801	0.54011434	0.79488826	0.8194332	0.065376654	0.3	1.0	
TOPORS_33193	362501	topors	0.04463929852530889	0.21456622824498472	1.0649527	1.0649527	-1.024772	1.046469	1.0573328	-1.0112424	1.0410566	1.0515738	1.0260149	1.0649527	-1.0477259	0.47190893	0.12649018	0.097500205	0.6578489	0.04816142	0.052667413	0.33768684	0.04947347	0.33844948			
TOR1A_10061	266606	tor1a	0.0034136546184738957	0.07448226410202395	1.091136	1.091136	1.0085794	1.0714498	1.0569609	1.0143399	1.0646898	1.0663292	1.0439298	1.0565319	1.091136	0.760178	0.03820296	0.010896351	0.557134	0.002358008	0.0025126268	0.09679112	0.007076887	0.17501245			
TP53_10062	24842	tp53	0.010222858311183807	0.12051165338090487	-1.0906248	1.0906248	-1.0289962	1.0096958	1.003995	-1.0222324	1.0125889	-1.0030727	1.0091071	1.0108075	-1.0906248	0.34071398	0.6805926	0.8551945	0.36288932	0.5405312	0.9019498	0.7103905	0.61612195	0.16543677			
TRAK2_10073	171086	trak2	0.02898840463814474	0.1783086897593101	1.0968587	1.0968587	1.0058991	1.0968587	1.0497818	-1.0118248	1.0428967	1.008596	1.0378664	1.0403455	-1.0940702	0.9139022	0.053484436	0.22388308	0.77493834	0.29845703	0.83356893	0.38373137	0.3323258	0.24649113			
TRAP1_10074	287069	trap1	0.033401639344262296	0.1889874059061957	1.0641713	1.0641713	1.0161611	1.0641713	1.0441713	-1.0081874	1.0162324	1.0255206	1.063073	1.0404944	-1.042039	0.51522166	6.356933E-4	0.025138866	0.65607405	0.6334345	0.24901024	6.2343443E-4	0.025095347	0.4406165			
TRAPPC3_10075	362599	trappc3	0.004082465809348847	0.07492543827744236	-1.0803051	1.0803051	1.0273436	1.0141653	1.0089911	-1.0125036	1.0473028	1.043429	1.0195968	1.0033361	-1.0803051	0.32357636	0.57898724	0.77813727	0.6447112	0.04591654	0.047165874	0.36455187	0.9011074	0.016332008			
TRAPPC6A_10076	680465	trappc6a	0.009742236655165415	0.12031945327399873	-1.0819799	1.0819799	-1.0137769	1.0173386	1.0158408	-1.0268224	-1.0030442	1.0085405	1.0334107	1.0082562	-1.0819799	0.40367672	0.26369485	0.51325834	0.087022275	0.8819606	0.66222394	0.10283742	0.6825768	0.21078286			
TRMT6_10088	311441	trmt6	0.016489040820430324	0.14223608837970542	1.1021451	1.1021451	-1.0665566	1.0504473	1.0427799	1.016925	1.0563184	1.0251956	1.0782338	1.016567	1.1021451	0.18256643	0.14132515	0.19002773	0.53471446	0.12078568	0.5629503	0.14419039	0.7061097	0.23113889			
TSPAN3_10095	300733	tspan3	0.0021925453458241976	0.06628056628056628	-1.0465511	1.0465511	-1.001649	1.0168961	1.0163331	-1.0093356	1.0011749	1.0034885	1.0057253	1.0023679	-1.0465511	0.8730982	0.26022476	0.34765756	0.6061377	0.89130116	0.69941443	0.5903238	0.8076361	0.039435197			
TSTA3_10098	300036	gfus	0.010360629607491532	0.12051165338090487	1.0770476	1.0770476	-1.015019	1.0619519	1.0770476	1.0032045	1.000536	1.0276631	1.0320579	-1.0203732	-1.0671684	0.509076	0.068153135	0.03212499	0.9118111	0.9879979	0.3808242	0.22562358	0.54185355	0.06547499			
TXNRD2_33001	50551	txnrd2	0.038648320518008906	0.19809553857927314	-1.1163203	1.1163203	-1.0309247	1.0557454	1.019252	-1.069477	1.0467715	1.0657141	1.0876108	1.0676396	-1.1163203	0.45654866	0.12924437	0.7500858	0.13571522	0.45248157	0.1338262	0.053620134	0.10536928	0.25344133			
UBQLN2_10128	317396	ubqln2	0.0060156406657309	0.0963839315553773	-1.0814853	1.0814853	1.0003718	1.0233055	1.0396602	1.0289651	1.0153359	1.0069077	1.0295101	1.0048032	-1.0814853	0.98997456	0.28774443	0.20039776	0.3872779	0.6311335	0.7806971	0.18918794	0.8808307	0.016324114			
UGDH_10131	83472	ugdh	0.035552815454171806	0.19129537270490948	-1.0472516	1.0472516	-1.0050155	1.0227581	1.0057858	-1.023329	1.0056787	1.0149986	1.0089929	1.0210793	-1.0472516	0.73746943	0.05324012	0.70069045	0.17339654	0.7066025	0.29917967	0.55764663	0.27905843	0.31743747			
UNG_32960	304577	ung	0.0026661197703035273	0.07039509777484355	-2.7095268	2.7095268	-1.0786101	-1.4168148	-1.0035517	-1.1611866	-1.4045465	1.1153532	1.05381	-1.1791283	-2.7095268	0.42380235	0.120364	0.96216875	0.24254444	0.22744867	0.21154658	0.55884326	0.39518183	0.0013415077	100.0	300.0	
USP14_10137	291796	usp14	9.954210631096954E-4	0.047981366459627334	1.0477514	1.0477514	1.018747	1.0378153	1.0319784	1.0051829	1.0221546	1.0189619	1.0112284	1.0240623	1.0477514	0.14059411	0.0039917124	0.0062530506	0.6988557	0.14781614	0.121969566	0.48317856	0.046971682	2.983764E-4			
USP22_10140	303201	usp22	0.037694013303769404	0.19552074526631466	-1.1432137	1.1432137	-1.0339481	1.0301918	-1.0366396	-1.058893	-1.0089746	1.0203571	1.0121769	1.0398868	-1.1432137	0.6326868	0.3333727	0.3793174	0.06568845	0.74142426	0.7273992	0.7671379	0.29557925	0.14197557			
USP7_10142	360471	usp7	0.04723618090452261	0.21831593866769744	1.0440254	1.0440254	1.0212451	1.0440254	1.0124854	-1.0156512	-1.000621	1.014281	1.0235412	1.0187792	-1.0414456	0.48137546	0.069400765	0.55407727	0.5724964	0.9697001	0.5150803	0.24761322	0.27660206	0.3082545			
UTP14A_10144	317579	utp14a	0.0232	0.1635392609699769	1.1738311	1.1738311	-1.0705165	1.0721464	1.1131238	1.1594065	-1.0035311	1.0513521	1.0709252	1.1738311	1.1173929	0.34016043	0.3311253	0.1044318	0.027717538	0.9534887	0.4769319	0.2521918	0.009100044	0.32909516			
VAMP2_10146	24803	vamp2	0.0024564994882292734	0.0681206204235887	-1.2030692	1.2030692	-1.0396869	1.0306805	1.079792	1.0069553	-1.0293723	1.026203	1.0524162	1.0186493	-1.2030692	0.4499432	0.48658362	0.026780311	0.79067594	0.28220826	0.57517105	0.030211158	0.6043128	0.16175146			
VAPB_10147	60431	vapb	0.04021671181496145	0.2040658406017044	-1.0796875	1.0796875	1.0235379	1.0080594	1.0125085	1.0565982	1.0047967	1.0174271	1.0071244	-1.0073235	-1.0796875	0.42356026	0.6544031	0.5413769	0.0058004963	0.79626966	0.45937324	0.76555806	0.78445464	0.43751258			
VAT1_10149	287721	vat1	0.03608991544648381	0.19227213574074994	1.1048497	1.1048497	1.0467474	1.0418528	1.0878844	1.0494003	1.1048497	1.0614184	1.0331411	1.0884616	-1.0578238	0.23401453	0.22664838	0.037479352	0.21209046	0.016197061	0.07030835	0.38193673	0.035375305	0.5661959			
VEGFA_32415	83785	vegfa	0.0036607687614399025	0.07492543827744236	1.0566218	1.0566218	1.0054923	1.0348929	1.0537965	1.0429134	1.0484272	1.0380732	1.0500966	1.0566218	-1.038972	0.7833956	0.121906646	0.008623748	0.01875205	0.09391694	0.02784749	0.005865149	0.0082741035	0.18979478			
VEGFB_32839	89811	vegfb	0.012327922745017464	0.12944318882268338	-1.1001009	1.1001009	1.0002574	1.0225652	1.0315543	1.0562922	1.0386813	1.0460902	1.010671	1.0379529	-1.1001009	0.9945446	0.33279696	0.3646779	0.075741716	0.037471402	0.03305651	0.6625119	0.22134675	0.32785752			
VKORC1L1_10156	399684	vkorc1l1	0.019710631159572237	0.15261201629327903	-1.0644321	1.0644321	1.0202643	1.0539032	1.0614922	-1.0015194	1.0069398	1.0354853	1.040687	1.05348	-1.0644321	0.47502166	0.027605392	0.015283968	0.9515307	0.76267976	0.2050401	0.031917684	0.01560184	0.46324322			
VPS72_10160	310661	vps72	8.357709987463436E-4	0.044092016348496126	-1.1822786	1.1822786	1.0269023	1.0605241	1.0324715	1.0115174	-1.0098476	-1.0085974	1.0447603	-1.0256695	-1.1822786	0.45647955	0.012705935	0.41888076	0.69961274	0.6013596	0.801772	0.17545985	0.26831844	0.17779863			
VWF_32396	116669	vwf	0.02632636655948553	0.17049081098253654	-1.3105569	1.3105569	-1.061379	1.0756925	1.0116562	-1.1452588	-1.0998366	-1.0318785	-1.0580229	-1.1053752	-1.3105569	0.6049292	0.2469835	0.91415757	0.1384189	0.17730308	0.75959575	0.4837211	0.24236354	0.11601547			
WBSCR22_10164	368084	bud23	0.01898101898101898	0.15158932861297256	1.0783321	1.0783321	1.0604542	1.0783321	1.0604124	1.0465976	1.0559655	1.0449387	1.0617026	1.0666876	-1.0172924	0.04591051	0.0052572056	0.02473283	0.014440975	0.06374804	0.0918624	0.041526046	0.0041084387	0.33667436			
WDR1_10165	360950	wdr1	0.030272854013144793	0.1813855491147706	1.0672029	1.0672029	1.0336583	1.0488907	1.0303952	1.0523705	1.0551686	1.0157173	1.0424052	1.0545453	1.0672029	0.20238581	0.0843905	0.20838092	0.031543106	0.03781899	0.5148189	0.14074712	0.083557695	0.009796548			
WDR43_10168	362703	wdr43	0.022129186602870814	0.1633632444437187	1.0442852	1.0442852	1.0248752	1.0442852	1.0278888	-1.0065325	1.0322349	1.0247545	1.0244312	1.0393367	1.0399029	0.19526112	0.0024007093	0.1286875	0.6416255	0.0691958	0.030952033	0.113930136	0.00771903	0.066871986			
WDR77_32860	310769	wdr77	0.047850770478507706	0.21931255703343197	-1.081821	1.081821	1.004482	1.026108	-1.0155237	-1.0467217	-1.013414	-1.0064515	1.0018669	1.0155548	-1.081821	0.9038235	0.47602707	0.71003336	0.1621984	0.59919035	0.8091519	0.94118863	0.6479119	0.13135126			
WDTC1_10172	313020	wdtc1	0.01491013071895425	0.13782313138930785	-1.0579902	1.0579902	1.0345851	1.0491126	1.0559801	1.0047723	1.0344961	1.0288979	1.0437241	1.0366691	-1.0579902	0.26416847	0.08043733	0.022677021	0.82705307	0.23353852	0.42206934	0.06593916	0.15079996	0.16232052			
XDH_10180	497811	xdh	0.0016012810248198558	0.056623407221251455	-1.0898951	1.0898951	-1.0011551	1.0460258	1.0259145	-1.0229323	-1.0039572	-1.0045285	1.0140058	1.0233899	-1.0898951	0.9594969	0.098668315	0.3632288	0.42308906	0.70423234	0.7825919	0.40074086	0.23687223	0.03134349			
XIAP_33225	63879	xiap	0.027511717953943346	0.17327041114228345	-1.6334901	1.6334901	1.098439	-1.0942819	-1.2420082	-1.0111029	-1.1785799	-1.3966265	-1.155196	-1.1562759	-1.6334901	0.34495604	0.57684785	0.29530984	0.9154455	0.3874909	0.11048615	0.11569168	0.22975528	0.05540393			
XPO7_10182	361070	xpo7	0.003249390739236393	0.07347271522953855	1.08494	1.08494	1.0421909	1.08494	1.0266931	-1.0022777	1.0482072	1.0372208	1.073841	1.0450438	-1.0669851	0.15073463	0.0016486102	0.2623546	0.91937864	0.14006065	0.28876525	0.0056375884	0.09633408	0.08085929			
YTHDF1_10190	296467	ythdf1	0.0038283296393310496	0.07492543827744236	-1.1588092	1.1588092	-1.0117807	-1.0071669	1.037836	1.0254874	1.021239	-1.0092812	1.0492868	1.0501276	-1.1588092	0.83912975	0.83885574	0.22818108	0.6589401	0.5084915	0.79231936	0.09739868	0.25951484	0.00387646			
YWHAH_10193	25576	ywhah	0.030904625460499387	0.18212326789838337	-1.0681751	1.0681751	-1.0247983	1.0054338	1.0314578	-1.0077959	-1.011471	1.0035727	1.0253223	-1.018017	-1.0681751	0.27060404	0.66956383	0.12157287	0.63342446	0.35250267	0.7987519	0.11619833	0.64905566	0.25149703			
ZEB2_33022	311071	zeb2	0.0038045654785742893	0.07492543827744236	-1.2015824	1.2015824	-1.0809387	1.0153904	-1.0083464	-1.0403877	-1.0816183	1.0199715	-1.0234644	-1.0019648	-1.2015824	0.1691059	0.6799607	0.86682606	0.2762676	0.048019946	0.6843351	0.54789793	0.97573	0.009298824			
ZFP367_10205	306695	zfp367	3.992812936713915E-4	0.03844080447854032	-1.4750203	1.4750203	-1.1353287	-1.0523202	1.0363507	-1.1080855	-1.0963912	-1.0150394	1.0219479	-1.0425965	-1.4750203	0.0860814	0.4380524	0.68180215	0.07890655	0.21191345	0.7998873	0.7008038	0.6313224	0.012536502			
ZWINT_10214	257644	zwint	0.012886070771118838	0.13041721033863896	1.0525055	1.0525055	1.0142081	1.0068405	1.0143313	1.0193163	1.0312997	1.013149	-1.0046723	1.0094123	1.0525055	0.4944114	0.6535032	0.3393939	0.13320605	0.15698335	0.38292426	0.68360066	0.5701585	0.0012418266			
