Subject Type: In Vivo
Species: Rat
Strain: Sprague-Dawley
Sex: Male
Organ: Liver
Test Article: Perfluoro-3-methoxypropanoic acid
CASRN: 377-73-1
DSSTOX: DTXSID70191136
Study Duration: 28d
Article Type: Chemical
Article Route: Oral
Article Vehicle: Feed
Administration Means: Dietary
Platform: BioSpyder S1500+ Rat
Provider: BioSpyder

	A1	A2	A3	A4	A5	A6	A7	A8	A9	A10	A11	A12	A13	A14	A15	A16	A17	A18	A19	A20	A21	A22	A23	A24	A25	A26	A27	A28	A29	A30	A31	A32	A33	A34	A35	A36	A37	A38	A39	A40	A41	A42	A43	A44	A45	A46	A47	A48	A49	A50	A51
Doses	0.0	0.0	0.0	0.0	0.0	0.0	0.0	0.01	0.01	0.01	0.01	0.01	0.1	0.1	0.1	0.1	0.1	0.3	0.3	0.3	0.3	0.3	1.0	1.0	1.0	1.0	1.0	3.0	3.0	3.0	3.0	3.0	10.0	10.0	10.0	10.0	10.0	30.0	30.0	30.0	30.0	100.0	100.0	100.0	100.0	100.0	300.0	300.0	300.0	300.0	300.0
A2M_7932	4.244742	4.6593394	4.3821325	4.505169	4.8654995	5.006382	4.534491	4.1832037	5.0213404	5.2856517	4.557952	4.388235	5.137241	4.7262454	3.9186504	3.815366	4.451598	3.6250265	5.966314	3.5141387	5.096006	4.6583104	5.396859	4.469871	5.2816496	4.2116084	5.192965	5.2462397	4.112363	4.097743	5.0354204	4.599311	3.628988	5.1122093	4.2352924	2.5931726	4.0892115	3.3854282	4.79782	4.2200017	4.0292673	4.464495	5.6775246	3.7926803	3.788687	3.9751415	5.1098113	5.04631	5.099319	5.279571	4.563557
AADAC_7934	6.278379	6.863011	7.72306	5.9903183	7.793644	6.915559	6.400572	6.700421	7.251612	7.3249545	6.046291	6.6942115	7.7902427	7.916136	7.5982447	7.7077622	7.110085	7.4127965	7.545345	7.7486134	7.217048	6.2174373	7.6730714	7.305486	7.044826	7.3106027	6.106947	7.5837307	7.5219784	6.263618	7.9625926	7.2402997	7.447993	6.575417	7.7809114	5.75113	6.5434766	7.715341	7.775135	7.3668995	6.9550576	6.2531624	6.333063	7.665757	6.1000614	7.595909	8.2837105	7.6087036	7.6974473	8.221692	6.8599706
AARS_7935	8.49729	7.5060887	7.8201303	8.739818	6.24927	8.009814	8.445529	8.321476	5.9414716	7.1051555	8.265595	7.9256234	5.963979	5.554164	7.7573714	6.188416	6.540177	6.887291	6.6357064	6.066645	7.3438745	8.731583	6.111148	7.638778	7.5140057	6.1031203	8.537894	6.317553	6.2227674	8.533727	6.687074	6.2940006	6.39906	7.843732	6.075051	8.618538	8.626101	7.2196493	6.2032847	5.8357673	6.1100693	8.250364	8.460513	6.1826763	8.601823	6.211899	6.0201087	6.8544564	6.580107	6.3786845	8.393869
AASS_7936	9.38853	8.153844	8.856377	8.398675	8.338334	8.921059	8.882308	8.5571995	7.990466	8.883956	8.631819	9.220067	7.94654	7.4974504	8.829872	8.95817	8.616609	8.785216	8.255211	8.334448	8.795531	8.468782	8.118947	8.846961	8.287897	7.879532	8.694775	7.930367	7.9097714	9.115063	8.097235	8.212681	8.900441	8.92213	8.914465	8.7592745	8.97006	8.638541	8.771838	8.319729	7.7820077	8.987146	8.611284	8.850031	8.571206	7.944128	8.4443035	8.787652	8.723644	8.635521	8.655844
AATF_32691	2.5332706	2.5736196	2.7828603	2.7541187	2.597612	2.3652024	2.7802737	2.7953992	0.58460927	2.2186248	1.5525111	0.775823	2.4416173	2.7354863	3.0110276	1.9899611	1.7539579	2.5029805	2.838406	1.9183995	1.5622083	1.8567106	1.1924393	2.5451083	2.4585013	1.9419785	0.7197537	1.4944088	2.7372885	3.0294778	2.6266706	2.406994	2.8206856	1.8741015	2.4073083	2.0518599	2.8891323	2.8678937	2.570392	2.5384767	1.70226	3.1422062	2.3260906	2.951459	2.1687598	2.6036353	2.5996156	1.8332981	2.1514747	2.7807593	2.4159133
ABAT_32557	7.4577265	7.181228	7.518431	7.540414	7.1907	7.425713	7.4469676	7.415181	7.3118296	7.291691	7.1575828	7.037014	6.837255	6.762041	7.071035	7.3977656	7.0180016	6.9586477	7.3952546	7.171645	6.9546905	7.094644	7.2174215	7.283261	7.3361735	7.1223245	7.1032467	7.199719	7.149701	7.7861457	7.315036	7.147005	7.4604664	7.2518477	7.6806917	7.248186	7.4054556	7.7453012	7.4881225	7.571249	7.4587626	7.7827	7.499695	7.5193663	7.654338	7.5883155	6.8985314	7.5408134	7.3368616	6.5691605	6.963858
ABCB11_33142	9.106213	8.40216	8.415444	9.071381	7.5597734	8.649946	9.263793	9.047665	7.0157566	8.362705	8.929378	8.759172	7.503557	7.169031	8.154148	7.432933	7.9991064	7.7971606	7.9913774	7.178583	8.368136	9.1329155	7.2049065	8.871378	8.846371	7.5335417	8.91377	7.335789	7.75749	9.225671	7.9540143	7.29272	7.859394	8.604111	7.2506227	9.395964	8.876774	8.132985	7.447872	7.669197	7.269398	9.030988	8.765632	7.665757	9.090821	7.4568787	7.645923	8.060501	7.7406635	7.726181	9.11665
ABCC1_32904	2.8044732	2.895092	4.039196	2.6106799	2.9062183	3.2179284	2.7802737	2.6512198	1.9992051	1.2997124	2.621851	2.1892972	2.4416173	2.8811386	2.8787735	2.1911569	3.254318	2.1159258	2.2300112	1.6252826	3.4283133	2.482375	2.8927681	2.5451083	2.4585013	2.109709	1.8430203	2.5476058	2.8829715	2.919921	1.6862907	2.004529	2.011671	3.331059	2.2295449	1.8143951	2.6150863	3.200062	2.8779507	3.0843768	1.4871172	2.0039802	2.3260906	1.5043167	3.1950624	2.6036353	2.992627	3.0089254	3.0805616	2.297121	3.1225834
ABCC2_32541	5.2061815	4.9640923	5.1816163	6.004736	4.501759	5.386482	5.641408	5.296251	3.3913584	4.6507454	5.974179	5.4027786	3.63202	3.013425	4.761664	3.688074	3.574707	4.346329	4.3271203	3.4235945	4.7570624	5.2615604	3.7236884	5.019585	4.8062587	4.0964723	5.0594006	4.214827	4.331278	5.497773	3.5048723	3.198022	3.7147906	4.445774	3.2644873	5.6996546	5.6900024	4.4867115	3.0101936	3.1725283	2.8701653	4.9869895	5.16156	3.8550549	5.0209155	2.8265579	4.717334	4.550328	4.8057427	3.142335	5.605918
ABCF1_7945	5.2293878	4.768235	4.994639	5.7375817	4.1376824	5.12557	5.1786733	5.2216306	3.5225942	4.564248	5.4006453	4.4831705	3.5563867	3.4468794	5.1249337	3.5484548	4.354535	4.0880117	3.7990685	3.679778	4.721904	5.2366967	3.411482	4.654355	4.9023523	3.178435	5.1672235	3.047878	3.923187	5.399156	3.8389206	3.798159	3.628988	4.8706985	4.0333714	5.4731483	5.34806	4.3146935	3.8487759	4.044227	4.144076	5.509808	5.2145143	3.8550549	5.4442406	3.7756202	4.2740407	4.8358083	4.582081	3.7438102	5.097908
ABCF3_7946	5.3821487	4.9640923	5.2389193	5.666818	4.1376824	4.8420568	5.5439353	5.695968	4.168924	4.8828907	4.9068465	5.1073456	3.7038848	3.9212065	5.263986	4.365758	4.0988927	4.644416	4.570675	4.1996894	4.313212	5.3798304	3.7922184	4.722014	4.7727504	4.1358805	4.6401196	4.4727483	4.5651484	5.497773	4.488219	4.378299	4.424204	4.703648	4.712268	5.493443	5.2542853	4.8119817	4.1068897	4.925664	4.6376967	5.411172	4.79509	4.364126	5.5376925	4.1910696	4.1250777	4.8678265	4.863757	4.535035	5.4556193
ABCG2_32656	5.3612914	4.30899	5.059695	4.830612	4.305072	4.488855	4.4072366	5.3672004	4.522548	3.6661186	5.025772	5.249167	4.4937305	3.4468794	4.326662	4.1411605	3.8838544	4.605421	4.77899	3.5993342	5.4368343	5.610228	3.980205	5.3752427	3.5753076	3.252017	4.8808637	4.586254	4.6891985	3.3996527	4.825725	3.3879275	4.204518	4.817136	4.370112	3.6955848	4.2436	3.9532623	4.3257575	4.13479	4.6890273	4.6831694	4.0923586	4.3205805	4.532545	4.269137	5.2362657	4.8030634	5.3431377	5.126309	5.322979
ABCG5_7947	3.8843899	1.7976378	2.7828603	4.238611	3.7302246	2.157111	2.4764907	3.7596574	1.5842559	2.2186248	4.5968914	2.7435865	2.0586884	2.8811386	2.8787735	1.7560883	2.7430372	2.1159258	2.708643	2.8589911	1.5622083	3.6778624	2.8927681	2.9355001	2.617958	3.3220272	3.4200125	3.4981349	2.7372885	3.4790516	1.3096737	2.8125298	1.7112163	1.0470449	2.7081409	4.3131304	1.1900772	2.257008	2.8779507	1.8765994	1.8894439	2.8119028	2.6673462	2.2245977	2.7713106	1.823375	1.1797101	0.71446705	1.7203709	2.0916321	1.769436
ABHD1_7949	3.318902	2.895092	1.6806879	3.7149374	3.038847	3.3214288	4.00006	2.6512198	2.1691005	2.6126575	3.4149964	2.3986237	2.7439313	2.3909085	1.9352914	2.7958763	2.841842	2.8078547	1.5087776	2.1619017	2.6341627	3.52196	2.2798173	1.773262	2.7615314	2.7408507	3.3300724	2.3897877	2.5752249	2.919921	2.2317815	2.284903	2.472159	2.3964808	2.0267587	3.6237552	3.8537283	2.737684	1.6401663	3.7893128	3.0379322	4.3413258	3.7052414	2.0220141	3.3678806	2.9263053	4.1250777	4.2437115	4.891912	4.4514565	4.855332
ABHD4_7950	3.318902	1.9897953	3.1839569	3.0042105	1.2890483	2.5470278	2.2966683	3.3566325	1.8065978	2.4290519	1.1946218	1.9443585	0.0	1.2719984	3.243922	1.1302094	2.2619886	1.8748931	3.067424	1.2570211	1.5622083	2.786402	2.4591324	2.008209	2.074421	1.275699	2.4668374	1.4944088	2.3926249	3.2264056	1.3096737	0.8958736	0.0	2.0700042	1.1570135	2.4342844	2.455695	1.8155732	2.3879235	1.3803144	0.0	2.8119028	2.9431233	0.689121	2.6425977	2.0168164	0.0	1.8332981	0.6542548	0.72461534	2.8607516
ABHD6_7951	1.7631619	1.9897953	3.0622413	2.0677924	2.204507	2.157111	2.2966683	2.1047523	1.9992051	2.2186248	1.8390311	1.2775879	2.2628205	3.1345942	2.3886938	2.1911569	2.9343114	1.5853512	1.7911546	1.6252826	2.778033	2.0966876	2.2798173	2.38735	2.617958	2.6348078	2.0821931	2.3897877	2.1835182	1.7605959	3.5959105	1.4443876	2.967741	2.0700042	1.7907331	2.2557068	2.455695	2.053109	2.1789894	2.6654315	2.956486	2.3827975	2.506785	2.8324869	2.6425977	2.4777672	3.4754093	3.6479805	3.4268885	3.2451882	3.1225834
ABL1_7952	3.6291769	2.6889215	3.6740434	3.9113815	2.7601511	3.1064248	4.217966	2.6512198	0.58460927	2.7755125	3.1264923	3.2548962	1.1804214	1.2719984	2.8787735	1.9899611	1.2772086	2.3223944	2.027206	1.2570211	1.8496284	3.1481903	1.1924393	3.0452297	3.011828	1.275699	2.9009168	0.6833182	1.2732412	3.315628	1.9846656	0.5163865	1.7112163	3.0813484	0.6915133	3.548161	3.1193392	2.053109	2.1789894	1.6496927	1.4871172	3.4902585	3.174549	0.689121	3.661585	1.0112327	2.0577211	1.8332981	0.6542548	2.911615	2.8607516
ACAA1A_7954	6.560441	5.9865913	6.0379024	7.1113987	5.2948856	6.5504937	6.918927	6.780584	5.6994	6.770473	6.674893	6.243697	5.1110473	5.417558	6.1903405	6.1160746	5.8916993	5.850239	5.5207915	5.368437	6.4200845	7.135569	6.111148	5.838562	5.9843163	5.3163295	6.960675	5.763224	6.07897	6.671139	5.616557	5.488565	6.437425	6.2910557	6.542978	7.5046477	6.592201	6.13545	6.042685	6.4699574	7.5343857	8.6917925	8.884773	6.0556335	8.57562	8.161851	9.722745	9.912287	10.546106	9.889309	10.016802
ACAA2_7955	11.247174	11.53737	12.059763	11.582925	12.180204	11.467678	11.105575	12.063417	12.250127	11.872591	11.676284	11.906732	12.059852	12.244629	12.1480465	12.203045	12.171138	12.015184	12.338737	12.234042	11.548984	11.23665	11.902467	11.5557995	11.52337	12.170496	11.657176	12.077609	12.1463785	10.901094	12.086903	11.534627	12.48053	11.318075	12.549438	11.843179	11.635161	12.376377	11.7344055	11.890224	12.58165	11.981008	12.258358	11.936086	12.2908	13.068221	13.474528	13.429126	14.069509	13.956989	12.788792
ACACA_32532	7.697093	6.378858	6.5491133	7.7258873	5.8037276	7.3358693	7.4947023	7.57358	4.7269006	6.6910577	7.311829	6.973027	4.9130273	4.801377	6.867979	5.433164	5.981123	6.109099	5.923084	5.1876664	6.8527384	7.3935223	5.183811	6.929708	7.5735974	4.2835584	7.6456256	4.7575912	5.294991	8.13462	5.928219	5.24837	5.0374327	6.924707	5.4407325	6.711925	7.4850183	6.055713	4.722696	5.3223767	5.807358	7.359301	6.8589854	5.0102134	6.9400506	5.109188	5.7417493	5.981055	6.672274	5.4826813	7.4665627
ACADL_32776	5.2293878	4.196571	3.9040134	5.14887	3.6495402	4.1938534	4.4933076	4.424094	3.1689827	3.965136	5.187583	4.5722427	3.7038848	2.7354863	4.4714575	4.235235	3.9295027	3.3697603	4.1384206	3.111882	4.3597	4.6203685	3.7922184	5.0980773	3.9195037	3.735168	4.9428635	4.1174774	3.854183	4.737421	2.9363732	3.2641406	4.0807066	4.2167525	3.7333038	4.709909	4.5502152	4.6403866	2.570392	4.090219	3.7194197	4.9869895	4.6488495	3.512115	5.0209155	4.343196	4.9418035	5.278421	5.050195	4.9548087	5.5770845
ACADM_7957	9.76813	8.819298	8.925636	10.033591	8.431768	8.943539	9.667099	9.630517	8.213263	8.974781	9.5392	9.689454	8.11746	8.060761	8.8696165	8.554971	8.34907	8.664733	8.816129	8.091427	8.752625	9.551097	8.267759	9.1189165	9.07835	8.015158	9.662264	8.500141	8.609865	9.811269	8.407938	8.307839	8.683501	9.053874	8.583141	10.002068	9.691784	8.802222	8.4231205	8.6938505	8.344917	10.033758	10.086902	8.606631	10.11398	8.67696	9.431697	9.558479	9.756802	9.668823	10.366103
ACADSB_7959	6.1746016	6.0951004	6.4063444	5.885148	6.499964	6.0901766	6.0204997	6.3727903	6.128238	6.9770937	5.8667536	6.071065	5.8258595	5.698733	6.1903405	5.9732223	6.3349786	5.8994265	6.088735	6.363101	6.2577295	5.8256187	5.7977653	6.3145776	5.878028	5.6515374	6.173109	6.6918845	5.985267	6.274787	6.1396775	5.5692406	6.2051535	5.9111943	6.7549667	5.940423	6.1335855	6.6056986	6.4561114	6.3709626	5.660788	6.464676	6.1548753	6.2653866	6.4079103	5.952752	6.0752954	6.3866925	6.424969	6.2361183	6.127289
ACADVL_7960	9.15399	8.378736	8.744587	9.438294	7.6192446	8.538904	9.371415	9.230032	7.5688014	8.2837	9.116877	8.960269	7.3663454	7.278268	8.332229	7.691259	7.748387	7.8057866	7.8407784	7.390617	7.9974513	9.254014	7.387654	8.480139	8.278975	7.3149014	8.981803	7.560768	7.835639	9.169931	7.5720816	7.64263	7.896589	8.641187	7.9872947	9.533395	9.071492	8.103547	7.5600185	7.789076	7.7879057	9.222041	9.155786	7.4753685	9.266266	7.7937665	8.591167	8.376488	8.865282	8.656668	9.984229
ACAT2_7961	4.834698	3.6878698	4.102316	5.1746025	4.251405	4.2990336	4.3621955	4.8445063	3.753906	3.965136	4.7077756	4.4831705	4.4526014	4.223962	4.6443586	4.794435	4.138305	4.605421	4.712838	3.5993342	4.791384	5.9378533	5.0502715	4.6192975	4.386319	4.318231	4.6401196	4.166973	4.052019	4.704761	4.8628597	3.5019276	4.014574	4.335803	4.086562	5.3224826	4.2915974	4.8752856	4.22047	3.7893128	4.0292673	4.2066507	4.6488495	3.587535	3.661585	3.3420844	4.881152	3.6479805	4.231731	4.268201	4.341534
ACD_7963	2.8044732	3.1578226	3.831355	2.451389	0.7839461	2.853671	2.7802737	2.4910152	2.1691005	2.9218345	2.765496	2.581391	1.5358759	2.3909085	3.3476372	2.3676975	2.7430372	3.77313	2.5660443	2.552146	2.4743395	2.482375	3.411482	3.0452297	2.617958	2.8396301	3.0207527	2.2125611	2.8829715	2.1961572	2.7898166	2.6239645	2.967741	2.2424579	2.2295449	2.8664734	2.6150863	2.737684	2.570392	2.5384767	2.8701653	3.1422062	2.506785	3.0613632	2.9986892	2.719398	4.226075	3.0089254	3.1752434	3.5159345	1.769436
ACLY_7965	8.906537	8.188548	7.937282	8.486047	7.9407644	8.528126	9.020984	8.887943	7.4040875	8.252921	8.425567	8.500118	7.5771604	7.5198693	9.176476	8.632651	7.890772	8.138426	7.844645	7.591129	8.924838	9.338237	7.872201	8.027701	8.801382	7.0673313	8.780044	6.3500595	6.2896256	9.238563	8.671311	7.023593	6.015299	8.852285	7.851757	7.6563563	9.261222	8.371207	7.114847	8.005545	8.871908	8.503541	8.17009	7.833925	8.033765	6.91701	8.155135	7.9110203	9.194031	7.989562	8.633263
ACO1_7966	7.334726	5.5565214	6.668628	7.2265854	4.935233	6.0455284	6.987266	7.05582	4.2843966	5.4634604	7.0424047	6.684255	4.177663	3.9212065	6.1763225	5.074458	5.155557	5.2610955	5.501328	4.494753	6.0466185	7.0237446	4.993191	6.2357554	6.4653163	4.174241	6.44357	4.657249	5.395548	6.48172	4.580281	4.436806	4.424204	6.124657	4.8103905	7.1038523	6.846328	5.4950523	4.9372616	4.339067	4.215834	6.63169	6.79957	4.982539	6.818694	4.343196	5.352524	5.7079153	5.936621	5.9467025	7.647331
ACO2_7967	3.1345234	3.07545	3.4974551	3.5673409	1.9587818	2.9855762	3.4306927	3.2605107	1.3212922	3.0546732	3.5795677	3.0217755	2.99374	0.77186805	3.0110276	2.3676975	2.7430372	2.3223944	2.838406	2.713711	2.6341627	3.251095	2.762189	3.2424362	3.2250526	1.5335042	3.3300724	2.2125611	2.3926249	3.0294778	1.6862907	2.5195544	2.472159	3.0813484	3.2644873	2.5931726	3.2219887	2.257008	3.0101936	1.8765994	1.70226	3.326703	2.9431233	3.3483052	3.7265353	2.8265579	3.4754093	3.49237	3.4268885	2.911615	3.8571408
ACOT12_32718	8.51864	7.6903467	8.025416	8.75908	7.8933716	8.334494	8.450916	8.391225	7.1333737	7.975552	8.159041	8.107982	7.132446	6.762041	7.6034923	7.270237	7.8107014	7.4681854	7.752983	7.3965797	7.607356	8.157177	7.622211	8.298151	7.887176	7.2263947	7.9883337	7.7873535	7.8176284	8.464693	7.2879868	7.8234496	7.9725804	8.052246	7.832424	8.846664	8.060384	7.723965	7.5327883	7.362221	7.230949	8.67701	8.325609	7.552683	8.83324	7.4145637	8.102974	8.328399	8.2747555	8.421598	8.821727
ACOT2_7969	3.8843899	3.2357452	3.2961977	3.8488257	2.7601511	2.5470278	3.5154157	4.4677963	2.8064463	2.2186248	3.65531	3.0217755	2.7439313	2.1818647	4.1656966	1.7560883	2.5224707	3.0594068	3.7990685	1.9183995	3.242334	3.8840604	2.075009	4.010254	3.3209047	3.3887968	3.6604056	3.1498733	3.2482674	2.919921	3.5048723	2.004529	2.011671	2.9874854	3.1690745	4.2667212	3.4076753	2.987318	2.8779507	2.7821121	2.5750768	4.0049734	3.9117455	2.8324869	3.3678806	1.823375	5.5794387	3.9763792	5.3017626	5.7853985	6.5094476
ACOT4_7971	2.9230795	3.3096738	3.0622413	3.4029047	3.1603029	3.1064248	2.6363633	2.7953992	2.5840793	2.9218345	3.65531	2.889376	3.4765677	2.7354863	4.047455	3.6199527	3.391122	3.4599617	2.9574547	3.111882	3.242334	2.6423824	3.1230586	4.010254	3.3209047	3.971344	2.7702174	3.2451313	3.2482674	2.8013556	4.284343	3.4460533	4.318538	2.6625395	3.7985182	4.117802	3.3178172	3.7655318	3.917761	3.2556021	3.448644	2.5404441	2.8118143	3.0613632	3.661585	2.6036353	5.396525	3.6479805	5.1928163	5.641965	4.306832
ACOX1_7973	8.31406	7.412722	7.8248167	8.32303	7.0166574	7.930185	8.15334	8.251312	6.911838	7.9586964	8.476048	8.232767	6.5751457	6.388449	7.709503	7.225093	7.2870917	7.0845013	7.336059	6.5985913	7.9142404	8.11004	6.706997	8.007507	7.663189	6.793156	8.199899	7.0093236	7.2130766	8.158935	6.9598207	7.0889006	7.454243	7.883362	7.2564373	8.549949	8.257542	7.6579943	7.3199096	7.470517	7.6162205	8.87319	8.800688	7.38313	8.405066	7.6911545	9.564196	8.923336	10.072642	9.609811	10.340061
ACOX2_32902	6.964755	5.8569765	6.302658	7.4589896	7.040585	6.451297	7.108134	6.7186236	6.5914083	6.346937	5.8825984	6.216322	6.168322	5.596968	5.8802776	6.5040216	5.903185	6.203515	6.008286	7.0253787	5.8970385	6.472985	6.042472	6.1151133	6.378874	5.756401	6.023326	6.889118	6.573392	6.5291266	6.6556764	5.682379	6.813063	6.320226	7.1291256	6.613372	6.440795	6.8771276	6.24415	6.7097993	6.165487	6.93126	6.700959	5.2143483	6.5492644	6.55352	7.030055	7.1300073	6.951795	6.4122286	6.6053796
ACSM3_7976	4.150632	4.6593394	3.831355	3.6430259	4.4067645	4.3488812	3.8118882	3.9565632	4.3565435	4.518974	4.8434935	4.338317	3.7038848	4.474071	3.9186504	5.2649307	5.174639	5.5345488	4.60755	4.1440635	3.3383183	3.8840604	4.4730663	4.3031607	4.0370674	4.8788834	5.9037127	4.166973	5.2687173	4.286138	4.488219	5.44647	5.1025486	4.643371	5.9077983	4.5251174	2.455695	4.268282	3.9835975	5.180765	3.617124	4.9311295	3.7052414	5.762088	5.555678	4.1910696	4.609299	6.185435	6.0903225	5.603762	4.70353
ACSS2_7977	4.456222	3.3096738	3.6740434	3.9113815	3.038847	3.8226066	4.1664968	4.2844353	2.905972	3.965136	4.557952	3.4555352	1.8208362	2.3909085	4.326662	3.1256318	2.5224707	3.2735412	3.8614638	1.9183995	3.8094523	4.9611974	3.321599	4.164128	4.1971946	3.3220272	4.6401196	2.8193185	3.7054071	4.371847	3.7623768	1.8408495	3.7957757	3.7861276	3.066902	4.3131304	3.8537283	4.3146935	3.4435291	3.0843768	3.3878083	3.4902585	4.3026175	3.1634846	3.661585	2.6036353	3.8365083	3.49237	3.7059622	3.2451882	3.9043298
ACTN1_7980	3.6291769	3.8941805	4.480447	3.0042105	2.7601511	3.7502577	3.0310833	3.8283224	2.9990726	3.4896183	2.621851	3.6316473	3.30232	2.5734606	3.7772083	3.7531235	3.254318	3.1704433	3.9786994	2.1619017	4.110652	3.0373778	3.2257414	3.1471999	3.7229755	3.3887968	3.504673	3.3344872	3.781712	2.919921	2.4426951	2.8125298	2.8206856	3.4055345	3.066902	3.3839397	3.3178172	4.220327	3.7000437	3.546998	2.2036915	3.7053368	3.7052414	2.8324869	3.522194	4.269137	2.7428484	3.6479805	3.8275614	3.671778	3.651246
ACVRL1_32420	2.8044732	3.07545	4.039196	2.451389	2.204507	2.7084813	2.4764907	3.531564	2.3210802	2.6126575	2.077968	2.1892972	2.99374	1.9373132	3.1321692	3.1256318	2.841842	2.5029805	3.5183966	2.713711	3.0287817	2.6423824	2.2798173	2.8167326	3.2250526	1.5335042	1.5561608	2.5476058	2.3926249	2.6721666	1.6862907	2.406994	3.335922	2.5356345	3.3539796	2.5931726	2.8891323	3.8308609	2.3879235	2.399263	2.2036915	2.5404441	2.506785	2.7028143	2.8894746	2.6036353	3.2054758	3.4077816	2.7523265	2.476957	2.65541
ACY3_32489	5.7937107	4.9868054	4.5724864	4.4216714	5.445866	5.006382	4.984295	5.1696496	4.391308	5.414854	5.054033	5.450551	4.4937305	4.223962	4.274977	5.372352	5.369398	5.1298494	4.60755	5.3439584	4.8897076	5.530639	5.7119226	4.2119765	5.1573243	4.6799564	5.0311365	5.2462397	5.1585584	6.134694	4.787609	5.1292453	6.2345014	4.947489	6.434324	4.8423924	5.2542853	5.412101	5.5933557	5.2431655	5.004799	5.83303	5.3626266	4.0806427	6.024587	4.879594	6.6576357	6.9322233	6.2833586	6.3786845	5.4869576
ADAM10_7983	2.375796	2.4482956	2.6198554	1.8294263	1.9587818	2.3652024	2.911122	2.1047523	1.8065978	1.6747757	2.621851	2.1892972	1.1804214	1.6426728	2.3886938	1.1302094	1.7539579	1.5853512	2.027206	0.0	1.8496284	1.8567106	1.8362379	2.008209	1.8356827	1.9419785	2.0821931	2.0104735	1.2732412	1.7605959	1.3096737	1.1960433	2.011671	2.6625395	1.5083932	2.4342844	2.6150863	2.053109	2.1789894	2.072621	1.70226	2.2057867	2.3260906	2.0220141	1.735917	2.0168164	2.261813	2.2765746	2.7523265	3.031582	1.5496027
ADCK3_7987	2.5332706	2.895092	2.4360592	3.7149374	3.8792007	3.1064248	3.141831	3.68756	2.3210802	2.7755125	3.1264923	2.7435865	1.5358759	1.2719984	2.1797314	2.7958763	3.180722	3.0594068	2.9574547	2.9909706	3.0287817	3.437199	3.5760143	2.6873035	2.074421	2.2599542	2.6264875	3.6450963	3.1364734	2.8013556	3.4077	3.2641406	3.7957757	2.5356345	3.6650012	4.3131304	3.0088224	3.5496664	3.0101936	3.2556021	2.2036915	3.4902585	3.3739324	3.0613632	4.208036	3.7756202	3.8365083	4.8678265	3.5018787	3.2451882	3.8571408
ADH5_7991	7.200253	6.9290032	7.37882	7.0639963	6.693493	7.042161	7.334872	7.392684	6.5611935	7.0264587	7.1045246	6.817753	6.369549	6.2744064	6.927774	6.6563253	6.706741	6.4435196	7.044873	6.9216805	7.0849233	7.108415	6.5175886	6.886131	6.7499394	6.4465394	6.9829793	7.069126	7.0218196	7.581	6.9425793	6.624884	6.73307	6.676632	7.077509	7.432905	7.5004177	6.7729383	6.943468	7.224657	6.9963956	7.538216	7.211366	6.918994	7.285454	6.6874957	7.71271	7.262365	7.38718	7.703781	7.8922944
ADHFE1_7993	7.019031	6.074042	6.514724	6.688716	6.0902305	6.4398417	6.7973022	6.806345	5.628318	6.563083	6.7631307	6.514835	5.759956	5.73751	6.1621666	5.8146553	5.9702435	6.3285027	6.4451327	5.85775	6.6337767	6.4941196	6.0840683	6.4404244	6.333629	5.8541565	6.160117	5.9864197	6.0013127	7.0418105	5.8927493	5.787286	6.277434	6.6230154	5.8929443	7.1038523	7.013071	6.577426	6.175383	6.0133643	6.091113	7.0209575	6.9862514	6.1826763	7.3944016	6.033262	6.433103	7.2683744	7.1039705	6.6082783	7.09676
ADI1_7994	6.244609	6.644725	6.8076854	5.63009	7.3713684	5.9192343	5.6968794	6.0947695	6.188779	6.167864	5.818147	6.6539674	6.658896	6.9220963	6.5027056	6.7389374	6.532801	6.6004896	6.819818	6.818856	6.585694	6.3275027	6.8179913	6.6889005	6.50667	6.5882316	6.296973	6.595757	7.0374665	5.865947	6.7676067	6.6436353	6.659242	6.1680903	6.968382	5.940423	5.858812	6.8693748	7.0081677	6.3139586	6.459569	5.863194	5.6962624	6.781223	6.183398	6.270014	7.768192	7.437926	7.4213867	7.4148088	6.792593
ADK_32788	7.510778	6.361582	6.668628	7.6817064	6.642287	6.4049206	7.661997	7.475299	6.1385064	6.6177917	7.276286	7.1926084	6.035358	5.9001613	6.885318	6.6563253	6.4646683	6.3043566	6.4552836	6.3385315	6.566003	7.294599	6.5276737	6.722326	6.93551	6.1710877	7.3347774	6.2730393	6.461855	7.373285	6.6556764	6.286066	6.615294	6.7063985	6.4445467	7.6382427	7.4108987	6.805805	6.24415	7.055293	6.4447126	7.5659914	7.6799564	6.5743184	7.755065	6.6515107	7.243861	7.4164376	7.347067	7.263745	7.5542393
ADRB2_7997	1.7631619	2.895092	2.9293032	2.451389	0.7839461	1.2534345	2.2966683	2.4910152	1.9992051	1.2997124	2.621851	2.1892972	2.6006784	1.2719984	3.3476372	1.9899611	2.1116846	2.5029805	2.4077895	2.3701787	2.6341627	1.2084577	3.1230586	2.5451083	2.8921008	1.275699	2.4668374	2.2125611	1.2732412	2.6721666	2.2317815	0.5163865	2.011671	2.0700042	1.7907331	2.4342844	1.8332136	2.8678937	1.2698381	1.6496927	0.92724514	1.769281	1.588432	0.689121	1.1146706	1.3353969	2.5996156	1.8332981	2.9792266	1.2047167	2.9534101
ADSL_32625	4.8041124	4.413279	4.6590047	4.2865996	3.038847	4.616441	4.7939124	4.7766256	2.9990726	4.03112	4.557952	4.5722427	3.837692	3.3501055	4.8348827	3.9323316	4.320673	4.143508	4.0339284	2.9909706	4.531982	5.2615604	3.1230586	4.469871	4.513486	3.100898	4.30452	3.840789	3.539506	4.5293536	2.6266706	3.4460533	3.628988	4.612261	3.3539796	4.934336	4.80295	4.1193533	3.619502	3.546998	3.1882064	5.214615	4.4860954	2.2245977	5.071795	3.927788	3.7711594	3.572272	4.7140985	3.5959594	5.0143414
AFM_7999	7.7701216	7.253253	7.37882	7.951033	6.5891957	7.042161	7.689606	7.8461547	6.6283073	7.2713585	7.5733495	7.5677595	7.12592	6.8880315	6.814677	7.002397	6.891081	6.8544073	6.903753	7.040691	7.185134	7.5480394	6.476529	7.3164716	6.8815155	6.2085357	7.4985576	7.1139836	6.73565	7.6383314	6.522771	6.6058865	6.7227516	7.231519	7.2506227	7.687518	7.744125	6.9815073	7.000237	7.2451305	7.0852904	7.8595266	7.636958	7.232674	7.550538	7.16688	6.9875326	6.9170017	7.09794	7.300036	7.5798993
AFP_32524	1.483266	2.159341	2.7828603	2.2723026	2.4144073	1.2534345	2.6363633	1.5756721	1.8065978	1.9721766	2.621851	2.3986237	2.2628205	1.9373132	1.9352914	0.6730612	0.9628306	2.663456	1.7911546	1.6252826	2.0891902	2.0966876	2.4591324	2.008209	1.1920056	1.9419785	1.1977407	2.3897877	1.9388802	1.7605959	2.4426951	0.8958736	2.011671	1.6473541	2.0267587	2.0518599	2.2764814	1.176321	1.9345882	1.0488179	1.70226	2.0039802	1.588432	2.5603254	1.4584783	1.823375	3.2054758	3.0089254	3.1752434	2.7807593	2.7617311
AGMAT_33108	6.26721	5.8195076	5.829861	6.101815	5.7659516	6.17553	6.197601	6.202168	5.8318486	5.744827	6.032154	5.765866	5.3977675	5.6179037	5.791102	5.392909	5.0967493	5.634777	5.9944305	5.368437	5.9282207	6.1524553	5.3746824	5.8077517	5.37393	5.227913	6.586381	5.6632867	5.681025	5.951954	5.701008	5.5951605	6.113347	5.818831	5.4201593	6.5175333	6.0935307	5.6836934	5.790167	5.159351	5.004799	5.964062	6.1548753	5.4748697	6.5311985	4.721964	6.3234067	6.080044	6.138121	5.733268	6.2047286
AGMO_33265	5.9415503	5.0528755	5.3729453	5.720214	5.3469877	5.386482	5.660136	6.176059	4.613693	5.364553	5.262155	6.188417	5.522252	5.368989	5.390806	4.7312627	5.434171	5.6540136	5.24465	4.9809566	5.765097	5.858587	5.131869	6.0768614	5.619891	5.246035	5.532412	5.2230263	5.556239	5.820941	5.7414494	4.8350935	5.715683	5.4654803	5.096293	6.040364	5.6537337	5.9420424	4.9701138	5.3415184	4.714023	5.6199064	5.7147603	4.8961816	6.183398	5.151027	6.883149	6.7890763	6.5887337	7.088091	6.5471034
AGRN_33146	4.6055846	4.0746455	3.9731874	4.7978716	3.2723231	4.1938534	4.5745316	4.2844353	2.8064463	3.288475	3.5795677	3.5462768	1.8208362	2.7354863	4.274977	3.5484548	3.1031692	4.0880117	3.1696014	2.1619017	4.4047375	4.1198797	3.2257414	4.5087037	4.2468505	2.9320772	3.6604056	3.1498733	3.923187	4.5293536	2.6266706	2.284903	2.8206856	3.7861276	2.837896	4.2667212	4.1425314	3.9532623	1.9345882	2.2451668	2.6802902	4.158812	4.0923586	3.587535	3.9605298	2.8265579	4.071798	3.0089254	3.8847218	3.4312084	4.234818
AGTR1A_33175	3.7624195	4.0746455	4.6590047	2.884577	3.6495402	3.5085077	3.24468	3.446748	3.753906	3.7468808	3.5795677	4.05898	2.99374	3.9870539	3.849662	3.9874403	3.4549482	3.9074347	3.6655471	3.679778	4.110652	3.3471458	4.0931673	3.4953887	4.3413115	3.3220272	3.1313937	4.214827	3.539506	3.759049	3.4077	2.8983095	3.7957757	3.840832	3.6650012	3.1985953	3.9762692	3.8933594	3.7000437	3.2556021	2.3383918	3.410797	3.7052414	3.9148438	3.9054923	3.4125795	3.7711594	3.916409	4.275133	4.113659	3.8083558
AGXT2_32707	6.4162154	6.7938547	6.8358164	7.2388344	6.70352	6.873604	6.6268835	7.1324973	5.6136713	7.376631	6.2915096	7.333043	6.536304	5.5322757	6.841574	5.0487785	5.844819	6.150322	6.4037995	6.708136	5.414987	6.7873874	5.5432262	6.771055	6.345074	5.6784763	6.6894436	6.167558	6.048407	6.729128	6.0459146	4.8350935	5.416054	6.5834603	7.2564373	7.205767	7.4850183	6.8925095	5.790167	6.192713	6.7099624	7.5335345	6.6149426	6.6109295	7.274636	6.75688	6.6394405	6.830285	6.622732	7.031655	7.4307494
AHNAK_32407	4.864649	5.2346654	6.3424187	5.0959854	4.251405	4.910049	4.8274393	5.802208	4.0864654	5.439362	5.697927	4.4831705	5.3537655	4.5192814	5.341408	4.5600543	4.9494233	5.404291	4.902835	4.1996894	5.8159995	5.105513	4.9337583	5.571419	5.746118	4.597668	6.6152267	4.349544	5.214689	5.3785973	4.284343	4.1171956	4.5694714	5.4654803	3.6650012	5.2527614	5.278307	5.769504	4.274074	4.5837555	3.7194197	5.348582	4.6488495	3.587535	4.82722	4.378847	5.792034	6.2597146	4.891912	5.204974	5.9587
AHR_32572	7.0904756	8.16135	7.640409	7.998631	7.6192446	7.631045	7.4894757	8.640713	7.421011	7.5328355	6.9172277	6.9482813	7.388323	6.8706927	7.6345844	7.6576753	8.04649	8.327011	7.4571767	7.129301	7.906432	7.336157	7.319631	7.853866	8.302648	7.1658096	7.897317	8.140086	8.133735	7.5259767	8.47543	7.343302	8.810734	7.261906	8.072159	7.3294573	7.3834763	7.9243345	7.7469764	7.172165	7.1780353	7.4564853	7.2435713	7.528964	7.8673306	7.2219	7.5662947	8.616827	7.431013	7.505664	7.543101
AHSG_8003	13.288758	12.538208	12.711694	13.296217	12.115262	12.039603	13.484427	13.37751	12.478341	12.5453415	13.309106	13.074365	11.898848	11.654443	12.386846	12.356635	12.464092	11.948098	12.289057	11.794334	12.793279	13.558885	12.105473	12.693094	12.99812	12.017523	13.435479	12.085072	11.958056	13.199891	11.951246	12.274534	12.002534	12.832161	12.175624	13.348199	13.375033	12.349809	12.038994	12.807798	12.79261	13.397514	13.266561	12.337327	13.057902	12.732536	11.630256	11.942979	11.776467	11.697845	12.691998
AIF1_32886	4.772864	5.3265657	6.0855417	4.333043	5.184672	5.386482	3.595438	5.0014257	4.7269006	5.2856517	4.1501555	4.5722427	4.7185583	5.344077	6.118846	4.794435	5.4182487	5.3813906	5.8633523	4.882416	5.6575656	4.2744603	5.5232043	5.8077517	5.5622196	4.653045	4.7825623	4.9107227	5.599045	4.4915595	5.572402	4.649651	4.7014403	5.1774263	4.9604125	3.764007	4.5502152	5.4747577	5.2630587	5.115544	4.5292096	4.158812	3.9744961	5.1411405	4.114065	5.0660996	5.9181404	5.278421	5.4792633	5.991775	4.676601
AIMP2_8006	3.0326717	3.379998	4.779769	3.6430259	4.501759	4.488855	3.6712542	3.8938673	3.9990063	4.26847	4.3907466	4.338317	3.5563867	3.1345942	4.221371	3.9874403	3.254318	4.0880117	3.733852	4.0862064	3.9375708	3.6778624	3.920224	4.06339	4.630346	3.7855976	4.155379	3.6450963	4.331278	4.286138	4.170472	4.4651933	4.318538	4.445774	3.9207184	3.8918242	4.2436	4.603475	4.22047	4.55124	3.9473164	4.5779715	4.201315	3.659207	4.766741	4.378847	4.817839	4.929807	4.5470986	4.493851	4.271274
AK2_33292	6.74083	6.754688	7.0669904	7.42723	6.642287	7.220106	7.038267	7.2929516	6.3208814	6.6910577	6.8381786	6.742987	6.168322	6.26116	6.9526606	6.8322062	6.7197905	6.5704327	6.6086764	6.2622066	6.760461	6.9491796	6.3571906	6.8335686	6.4118996	6.226901	6.9380193	6.2387285	6.4962306	7.160967	6.487539	6.599498	6.39906	6.8796945	6.338905	6.921157	6.9015017	6.739305	6.467661	6.6800323	6.8852496	7.1731873	6.755581	6.417811	7.3226914	6.2982163	7.0508556	7.1496754	7.247074	7.081156	6.9186068
AKAP8_8008	4.978596	4.6873436	5.121943	5.3876147	3.5640745	5.261916	4.860204	4.741449	3.2469792	4.9526534	5.262155	4.5722427	3.772339	3.013425	4.274977	3.5484548	4.016682	3.5448534	3.067424	3.4235945	4.7570624	4.7664943	2.8927681	4.258289	4.871027	3.735168	5.267545	3.7784617	4.225969	4.9192286	2.9363732	3.4460533	3.5377576	4.947489	3.9207184	5.1542273	4.80295	4.0660863	3.8487759	3.546998	3.563121	5.1910257	5.16156	3.7274868	5.4442406	3.7756202	3.9589443	3.4077816	4.745298	3.812416	4.7299657
AKAP8L_8009	6.4362993	6.0846095	6.778995	6.652549	5.184672	5.780815	6.5078583	6.395598	4.3565435	5.4634604	6.032154	6.3228383	4.61052	4.1103654	7.001182	4.365758	6.125402	6.163805	5.614353	5.0430994	5.6198635	6.303759	4.903098	6.3145776	6.1630673	4.1358805	6.079608	4.9107227	5.985267	6.274787	4.8990626	4.253646	4.2626543	6.5673294	4.370112	6.6857076	6.472374	5.9567504	4.274074	4.178025	3.9473164	5.7221947	6.2593746	4.447462	5.998525	4.1910696	5.3071384	5.2544	5.074966	5.76823	6.7219133
AKR1D1_32336	9.015678	10.198886	10.772096	9.172221	10.389573	9.2510195	9.577575	10.161396	10.454268	10.191932	9.972073	10.07005	10.485794	10.337925	10.406728	10.46982	10.6037655	10.105181	10.65874	9.641817	10.826062	10.090591	10.495704	10.641741	10.36815	10.467126	9.704264	10.078408	10.309761	9.662955	10.416504	9.608859	10.359824	10.412206	9.436397	9.84904	9.930285	10.742062	10.328708	10.426322	10.070531	9.67949	9.915588	9.977616	9.568201	10.293823	10.179942	9.3014555	10.382103	10.475749	9.46634
AKR7A2_8014	6.7245893	5.806799	5.9718337	7.474611	6.429221	5.9678993	6.727984	6.6252217	5.338816	6.3075414	6.3150544	6.270563	5.97854	5.698733	5.9478507	5.6191387	5.4809113	6.150322	5.908381	5.7123384	5.58115	6.614812	5.7119226	6.258719	6.136968	5.967714	6.6803727	5.856685	6.1088986	6.7127957	6.061971	5.6579924	5.796619	5.9979987	5.3566184	6.787834	6.5434766	5.985725	5.6753287	5.3415184	5.540179	6.5781384	6.575002	5.3065157	6.7733026	5.379389	6.8118243	6.5033927	6.8478312	6.797866	7.394025
AKR7A3_8015	5.0057306	5.3442636	5.586682	5.0687976	5.92866	4.7336545	4.613491	5.390095	5.685461	7.456846	5.506693	5.7468586	5.919392	5.8829684	5.316059	5.3088636	4.734792	4.923396	4.872856	5.462397	5.6006365	5.667165	5.676102	5.53426	4.7384453	5.581903	5.5121055	5.574369	5.7395906	5.155082	5.680354	6.3859606	5.981077	4.8706985	5.4810195	5.2043357	4.959713	5.205937	5.5933557	4.6466675	4.3494563	4.95933	5.475404	5.5709143	5.3234696	5.497613	6.1797132	5.8747706	5.6538353	5.01427	6.1371994
AKT1_8016	5.8091955	5.6305075	6.21969	5.885148	5.4928746	6.060565	5.4609194	6.2150474	4.6428385	5.414854	5.7333097	5.5634885	4.819067	4.427398	5.366318	5.3514986	5.680997	5.2610955	5.441312	4.25325	5.6943073	6.1391	4.2955856	5.883578	5.728748	4.510401	6.173109	4.8514056	5.5343504	6.059192	4.3380756	4.649651	4.9338927	5.973726	5.0701213	5.998377	5.826593	5.4950523	4.79782	4.6771235	4.94271	5.705642	5.2145143	4.8662076	5.889298	5.288588	4.717334	5.302049	5.6538353	5.279571	5.7549553
ALAD_8017	5.839675	4.157063	4.480447	5.7717032	4.077273	4.910049	5.523625	4.810965	2.8064463	4.1546707	4.9375095	4.5722427	3.63202	3.013425	4.1656966	3.9874403	3.4549482	3.4599617	3.9212723	3.7559724	4.531982	5.629458	3.5760143	4.2119765	4.630346	3.0189555	5.361342	3.573486	4.112363	5.3785973	3.911607	3.5557184	3.5377576	4.643371	3.3539796	5.4731483	5.1277866	4.1707234	3.3467786	3.9475968	2.2036915	5.214615	5.0782957	2.7028143	5.071795	2.719398	4.365437	3.719913	4.358206	3.7438102	5.5770845
ALAS1_8018	6.7884817	5.7415185	6.381113	6.359102	5.6669426	6.5504937	5.767672	6.5959797	5.806314	6.4945707	6.541525	6.4457955	5.188244	5.596968	6.089226	5.6705575	4.7602787	5.0155153	5.6501427	5.0430994	6.0607576	6.0562634	5.5029	5.3540745	5.581701	5.8182697	5.5121055	4.4727483	5.371058	5.8511004	5.0354204	5.7415996	5.607677	5.675697	6.2130017	6.943457	5.519093	5.7527456	5.2893295	4.9000707	5.102689	6.362792	5.821026	5.6433964	6.593464	5.6512866	6.128449	5.742866	6.826108	6.2235765	5.8544264
ALAS2_8019	1.1356703	2.6889215	2.7828603	2.2723026	3.1603029	2.9855762	2.7802737	3.1575243	2.905972	2.2186248	2.621851	2.3986237	3.30232	2.7354863	4.047455	2.7958763	2.3981004	2.9391065	2.9574547	3.326985	3.5130224	1.5686922	2.4591324	3.7756684	3.8569224	2.109709	2.9009168	3.047878	3.352018	1.7605959	3.7623768	2.284903	3.223322	2.0700042	2.9569383	2.98588	2.8891323	3.3854282	3.0101936	3.6114979	3.1882064	2.3827975	2.506785	3.1634846	2.6425977	3.7756202	4.071798	3.4077816	3.6410902	3.671778	3.0404751
ALB_8020	15.720346	16.04547	15.944704	15.579477	16.160666	15.111446	15.687147	15.793204	16.021948	15.749147	15.488679	15.749408	16.360472	16.192863	16.034914	15.909667	16.041246	15.710322	16.069792	16.121738	16.152525	15.71324	16.085953	16.115284	16.083633	16.038351	15.62248	15.874113	15.771649	15.6105	16.024366	16.02942	15.958026	15.832422	15.86008	15.789854	15.48074	15.916468	15.740605	16.619001	16.454868	16.217842	15.857576	16.02372	16.141802	16.737844	16.14561	16.038101	16.006016	16.311665	16.104895
ALDH1A1_8022	5.3821487	6.0951004	7.2171254	4.545173	7.4977455	5.667523	5.8515406	7.874844	7.66783	8.203697	8.078788	7.9043384	8.549194	7.3043323	7.5282273	7.1180377	7.618539	6.5602727	7.952491	7.2329183	8.051554	7.410296	7.278418	8.637346	7.5391355	7.882431	6.576636	7.302956	7.634281	6.182919	8.131875	6.9651613	7.303154	6.4665623	7.064311	6.6409245	6.6393337	7.5162487	7.2004004	8.029348	7.837088	8.238907	7.178426	7.0580673	7.3742743	8.366606	9.8606825	8.755923	9.791778	9.898214	9.393791
ALDH1L1_32662	5.084199	4.157063	5.1816163	4.3780375	4.251405	3.5936723	5.098552	5.677475	3.8063707	5.230547	4.671753	4.9829097	3.5563867	3.7797458	4.326662	3.023864	4.2140403	4.143508	4.1384206	3.5141387	4.3597	5.1856456	3.411482	4.3466787	4.871027	3.3220272	4.748248	3.2451313	4.279584	5.225846	4.389879	3.657633	4.5226555	4.3733993	4.2352924	4.777671	5.205009	4.8119817	4.6836143	3.1725283	3.5070176	4.503321	4.8294463	4.027466	5.071795	2.9263053	4.9117966	4.8991494	3.9397032	3.5159345	5.0143414
ALDH3A2_8024	6.1382813	5.793977	6.36833	6.2783327	5.3469877	5.9518595	6.3204226	6.5761504	5.1282535	6.211205	5.8825984	6.116198	5.2130847	5.2666516	6.433673	5.5658197	5.654057	5.9469924	5.8325324	5.3925066	6.3867993	6.5756927	5.620647	6.4702425	5.728748	5.263932	6.0933423	5.2230263	5.7958717	6.4226956	5.701008	5.24837	5.776807	6.124657	5.4610167	6.172101	6.3187046	5.73579	5.6349244	5.3415184	5.483158	6.0969267	5.8038497	5.514058	5.91739	5.0216846	6.3460236	5.9514785	5.88152	6.105507	6.232729
ALDH4A1_8025	4.740924	2.3110406	3.2961977	4.954615	0.0	3.5936723	5.0137186	4.2844353	1.8065978	2.6126575	4.299267	3.9959817	2.0586884	1.2719984	3.3476372	1.7560883	2.7430372	3.0594068	2.9574547	0.0	3.5130224	4.3225136	1.1924393	3.8379865	3.3209047	0.96157944	4.350994	2.5476058	2.7372885	4.947421	1.9846656	1.1960433	2.8206856	3.4763536	1.7907331	5.0207696	4.700005	2.737684	2.570392	2.2451668	0.92724514	4.2066507	4.686823	2.0220141	4.9947867	2.4777672	3.1029732	2.455791	1.7203709	3.5959594	4.7814264
ALDH6A1_8027	9.254973	8.025349	8.47628	9.066235	7.4508977	8.284138	9.198029	8.933464	6.8815923	8.160127	8.740148	8.381897	7.4099708	7.0197153	8.092034	7.3772783	7.7829924	7.7262306	7.757092	6.962451	8.30123	8.985868	7.272433	8.746973	8.439735	6.994165	8.725966	7.3941092	8.004365	9.062864	7.6696157	6.950176	7.6022997	8.49748	7.1850686	9.028028	8.896308	8.145878	7.5546136	7.3668995	7.200319	9.045858	8.923059	7.894578	9.022952	7.530051	7.9115524	7.83207	7.615394	7.6947227	9.519402
ALDH7A1_8028	10.377101	9.292461	9.6215725	10.371328	8.785677	9.85635	10.27102	10.795817	8.799842	9.531262	10.116414	10.091867	8.222123	8.331793	9.33473	9.1024475	9.085945	9.396473	9.126739	8.545059	9.212926	10.260562	8.678613	9.688289	9.648634	8.288672	10.376923	9.224839	8.845869	10.441326	8.961839	9.232094	9.471359	9.632611	9.252256	10.393543	10.43118	9.43354	9.187797	8.936613	8.775762	10.180974	10.229601	9.392493	10.509597	8.980886	9.061585	9.448973	9.330153	9.136396	10.277589
ALDOA_32991	4.950942	4.741772	5.848391	5.837617	4.7150254	5.1538897	4.860204	5.695968	4.1282835	4.9526534	5.4006453	5.4027786	4.2752476	4.7262454	5.5730453	4.7312627	4.7602787	4.755449	5.399867	4.0259314	4.531982	5.739745	3.7922184	5.456941	5.37393	4.0964723	5.6298685	4.5115843	4.9092603	5.535407	4.046838	3.6075757	4.014574	5.357059	4.6069818	5.0756426	5.0179405	4.779257	4.6836143	4.044227	4.1804013	5.1178517	5.2145143	4.447462	5.4248013	4.4476104	4.849843	5.018054	5.4792633	5.179226	5.5176296
ALDOA_8031	6.2331743	6.2994328	6.479494	6.697618	4.8654995	6.357004	6.2966805	6.176059	4.9297123	5.894137	6.541525	5.8573174	5.188244	5.005808	6.433673	5.372352	5.58442	5.781932	5.8633523	4.4495783	6.3867993	6.31568	4.903098	6.176695	6.262985	4.8788834	6.586381	4.789545	5.599045	6.350636	5.7414494	4.674177	5.281925	6.0684595	5.3992887	6.393433	6.1466937	6.1093574	4.9701138	5.663936	4.9843984	6.3199344	6.3917203	5.0640182	6.136368	5.6943684	6.154309	6.185435	6.229214	5.76823	6.439087
ALDOB_8033	13.217016	12.522627	12.822306	13.043994	12.121351	12.507069	12.990322	13.290347	12.186911	12.688473	12.936833	12.800076	12.033944	11.778458	12.519075	12.168438	12.36621	12.141306	12.35797	12.007809	12.350433	12.730207	11.936219	12.493237	12.23229	11.970443	12.769498	11.925711	11.808205	13.118929	11.763034	12.400804	12.173989	12.918842	12.331446	13.001943	12.902793	12.578169	11.99028	12.279498	12.484667	12.952064	12.82345	12.176604	13.059381	12.200727	12.14978	12.393702	12.534958	12.560373	12.836236
AMACR_8038	11.401035	11.11212	11.300488	11.640322	10.541236	11.05879	11.591485	10.919986	9.429394	10.942404	10.467764	9.9995365	10.355888	10.36913	10.361757	9.984075	10.090281	10.833736	10.330295	10.29643	9.726769	10.926094	9.928787	10.357883	11.074629	9.993645	10.436053	11.026286	10.755198	11.571373	10.571754	10.615079	10.4688	11.040561	10.300452	11.358501	10.5574045	10.715821	11.077055	9.792024	9.893118	10.402547	10.531697	10.622464	10.552772	9.852869	10.388376	11.021927	10.499404	9.359139	10.495007
AMBP_33085	10.8288965	10.113739	10.134113	10.975045	9.874462	10.382153	11.178025	10.898689	9.931894	10.228427	10.741964	10.7673235	9.566672	9.534752	9.455729	10.041352	9.984771	9.670058	9.844765	9.8331375	10.239944	10.665247	9.659758	10.012614	10.197923	9.4070425	10.95119	9.829316	9.648063	10.892056	9.7670355	10.043577	10.333789	10.098142	10.348878	10.934747	11.121447	10.169934	10.079605	10.319359	10.066897	11.071526	11.200161	10.017366	11.139278	10.074925	10.133569	10.590877	10.332246	9.919754	10.648402
AMY1A_8041	9.724902	9.367941	9.301784	9.444919	9.380528	9.0715275	9.52873	9.660252	8.844433	9.222587	9.787676	9.64009	9.318875	9.11623	9.478757	9.027188	9.306337	9.192875	9.355327	9.324412	9.432708	9.640299	9.089369	9.66269	9.432301	8.892373	9.484767	9.126623	9.168947	9.561724	9.399508	8.945183	9.002063	9.354552	9.414461	9.775329	9.562036	9.440098	9.389487	9.286938	8.705833	9.768843	9.661619	9.34574	9.595625	9.27737	9.585736	9.499665	9.483731	9.586738	9.957211
ANGPTL3_8045	4.8041124	3.79471	4.432127	5.041088	4.7150254	4.2990336	4.450914	4.379027	4.0864654	4.692124	4.3457317	4.5722427	4.0729947	3.9212065	4.047455	4.1889644	3.574707	4.24848	4.2358537	4.0862064	4.313212	4.006783	4.1979237	4.5465183	4.2468505	3.971344	4.523225	3.6450963	3.62484	4.5293536	4.170472	4.0809665	4.318538	4.2575374	4.326557	4.0645385	4.5502152	4.1193533	4.470548	4.13479	3.5070176	4.0049734	3.9744961	3.7274868	3.5935724	3.7756202	4.532502	4.7352557	4.4744816	4.6519713	4.0372877
ANO10_8049	4.864649	3.987233	4.5272	4.658931	3.7302246	4.80682	4.9235835	5.059707	3.753906	5.051353	4.77723	5.1657577	4.4102645	3.013425	3.7772083	4.59596	4.419964	4.392873	4.902835	3.326985	5.096006	4.9305177	4.4730663	4.936576	5.233197	3.252017	4.2564993	4.349544	4.6891985	4.975073	4.8990626	3.8847718	4.318538	4.7328677	4.6429377	4.8423924	4.80295	4.711492	3.9835975	4.70695	4.4421306	5.2378244	5.18828	4.487392	4.766741	4.8544893	4.320462	4.550328	5.170004	4.860753	5.648115
ANXA1_33262	2.1990027	2.9880874	3.2961977	2.451389	2.9062183	1.9138626	1.5639434	2.6512198	1.8065978	2.7755125	2.765496	0.775823	3.3920732	2.7354863	3.7009227	1.1302094	2.1116846	2.5029805	2.708643	1.2570211	3.242334	3.251095	2.762189	3.415899	3.011828	3.100898	3.8009534	2.3897877	1.9388802	3.2264056	1.6862907	1.8408495	2.011671	2.887088	1.1570135	1.8143951	2.455695	2.435626	2.1789894	2.2451668	2.6802902	2.2057867	2.3260906	2.0220141	2.5012665	1.59992	3.4754093	3.719913	1.7203709	3.812416	3.5361161
ANXA4_32944	3.9417143	3.5111294	4.5724864	4.2865996	3.5640745	3.5936723	3.8118882	4.1297936	3.753906	4.26847	4.041434	4.5283937	3.9601355	3.6228914	3.9844897	3.023864	3.574707	3.9074347	4.60755	3.2234385	4.055234	4.5413523	3.2257414	3.8379865	4.2468505	3.0189555	3.2341504	3.840789	3.854183	4.286138	3.5959105	3.752821	3.335922	4.4100404	3.7985182	3.764007	4.5502152	3.8308609	3.534197	3.6732368	3.563121	4.2066507	3.5490766	3.7926803	3.2840576	3.4125795	4.1250777	4.769558	4.4744816	4.6519713	5.0774655
ANXA5_32426	3.6291769	4.5415487	5.347118	4.1375628	3.8792007	3.8915	4.6883883	4.630459	3.642881	4.608145	3.7272735	4.2329803	4.53372	4.427398	4.8701444	4.365758	4.8579483	3.8418446	5.044041	4.25325	5.300493	4.3690176	4.4730663	5.148129	4.6672864	4.2835584	4.7825623	3.9579048	4.476096	4.4915595	4.4398866	3.9262035	4.424204	4.5804653	4.4534655	3.4683857	3.4076753	4.9653196	3.9835975	3.7893128	3.5070176	3.326703	3.2776825	3.587535	2.8894746	3.8788273	5.840625	5.842908	5.3017626	5.279571	4.563557
AP2M1_8054	6.036704	6.008956	6.593727	6.2544003	6.429221	6.4626613	6.3321486	6.337889	6.0757713	6.12318	5.974179	5.275932	5.655087	5.9001613	6.2717047	5.959506	6.0132775	6.095092	6.2373104	6.0815277	6.463303	5.983403	5.8944583	5.997174	5.998881	5.8182697	6.388935	6.118083	6.1526594	6.3293686	5.7612524	6.072035	6.4624467	6.009984	6.5805435	6.257645	6.1725583	6.014129	6.1324925	6.43474	6.1194544	6.159035	6.2467184	6.4074416	6.171783	6.8035364	6.6210127	6.729333	6.3044596	6.210925	6.2601967
AP3M1_32866	3.8843899	3.3096738	4.5724864	3.5673409	4.547009	3.8915	3.743284	3.2605107	3.6994612	3.3925493	3.8612514	3.9959817	3.5563867	3.7797458	4.4714575	3.9874403	4.058373	4.0880117	4.8109617	4.354751	4.3597	3.6778624	3.65174	4.010254	4.7033043	3.735168	3.2341504	3.3344872	3.62484	3.9934368	4.3380756	3.6075757	3.9452639	3.7861276	4.4534655	3.6955848	3.6478724	4.1193533	3.8487759	3.732442	3.7679703	3.6371455	3.629271	4.0806427	3.788687	3.8281465	4.5714116	4.5103173	4.231731	5.126309	3.5361161
APCS_8057	6.5327263	6.7144275	7.1136937	6.5382657	7.5149283	6.451297	7.045408	6.644392	6.6210027	6.372616	6.3610215	6.457534	7.3156357	7.1971254	7.0404058	6.5955462	6.625861	7.077394	6.9331026	6.9216805	6.99942	6.5855722	7.1208005	7.3327947	7.6214437	6.933955	6.9755826	6.586692	7.156882	6.753284	7.7007146	6.50011	7.012599	6.9119887	6.424028	6.943457	6.6939325	6.764603	6.8046546	6.398642	5.8974023	6.7970705	6.344987	6.5650187	6.567107	6.260489	7.2854095	7.5107102	6.3957725	7.639144	6.8112826
APEX1_8058	3.2296562	3.6313283	3.4974551	3.8488257	3.2723231	3.5085077	3.8773775	4.1297936	3.9059012	3.4896183	3.2292056	4.119342	3.837692	3.1345942	4.1656966	3.4732275	3.0212092	3.4599617	3.5938473	3.9630284	4.215484	3.602016	3.0125036	3.4953887	3.2250526	3.4526122	3.9890227	3.1498733	3.352018	3.3996527	3.5048723	3.2641406	3.7957757	2.9874854	3.7985182	4.009233	3.5721645	4.0660863	3.7763257	3.6114979	3.6691785	3.2374017	3.4641607	3.2588525	3.661585	3.4125795	4.1764603	4.142642	4.0437536	3.940554	4.1195726
APOA1_33150	15.189569	15.677794	16.124557	15.263367	16.18656	15.643514	14.976537	15.396504	16.323498	15.677839	15.801615	15.130632	15.857414	16.292093	15.948581	15.995592	15.661848	15.923717	16.09975	16.500345	15.547768	15.499119	16.373306	15.666851	15.785002	16.326435	15.795398	16.047396	16.089916	14.663589	16.25178	15.989248	15.985174	15.089869	15.974652	14.886711	15.879044	15.7087755	16.26455	15.194355	15.635455	14.271886	14.028175	15.278835	14.263226	14.720974	15.592244	15.019913	15.650992	15.444817	15.1807
APOA2_33095	12.051989	11.796752	12.456902	11.844228	12.511554	12.223494	11.93739	12.08594	12.515994	12.005476	11.176072	11.827531	12.909741	12.418395	12.315089	12.058735	12.113439	12.444649	12.340449	12.565288	11.596163	12.048222	12.414697	12.179291	11.95098	12.119495	11.991503	12.400401	12.357439	12.228595	12.604317	12.288503	12.345614	11.931192	12.766162	11.715638	11.873593	12.82885	12.853305	12.43155	12.55033	12.43225	12.169583	12.047333	12.402158	12.804452	13.464228	12.59317	12.90207	13.109171	12.356297
APOC1_8063	14.829309	14.785052	14.538419	14.612976	15.321217	14.342444	14.81996	14.105281	14.629577	14.606512	14.076004	14.235249	15.325821	14.71137	14.785642	14.890717	14.961991	14.868972	14.881857	14.812148	14.034261	14.26129	15.439323	14.517762	14.368835	15.224695	14.715966	14.83225	15.276391	14.625278	15.388503	15.278082	15.053558	14.428897	14.968973	14.853975	14.007627	14.7920065	15.352119	14.863495	15.111972	14.426304	14.767981	14.556449	14.711987	14.647287	15.34787	14.9895115	14.536693	15.11349	14.217731
APOC3_32553	10.155755	9.851353	10.283721	10.050194	10.565491	9.740912	10.430881	10.098494	9.794169	9.843936	9.664777	9.791526	10.597317	10.341076	10.37869	10.110474	10.129314	10.20719	10.372417	10.31071	9.834592	10.19834	10.337734	9.972374	9.94504	10.246913	9.713186	9.933989	10.41832	10.154388	10.235448	9.819352	10.23197	10.258061	10.20145	10.173016	9.80876	10.14607	10.230439	10.088885	10.084975	9.831211	9.882224	10.279316	9.921087	9.9456835	10.426679	10.406306	9.679157	10.272349	9.58875
APOE_8064	13.092628	13.606656	13.5009985	13.252617	13.740059	13.262782	13.38344	12.905466	14.694576	13.375024	13.042431	12.666592	13.132803	14.079511	12.923162	13.38844	13.142114	13.37077	13.107519	14.464473	13.890578	12.942094	13.1781435	12.573986	13.318223	13.983906	13.08828	14.63215	12.98574	13.22521	13.803508	13.701031	14.154511	13.074784	14.302896	13.474727	13.278686	13.666408	13.502907	14.802153	13.9008665	13.152287	13.453791	14.833247	13.336971	14.741339	12.93773	14.243222	13.533232	13.579144	12.474116
APOH_32855	12.900218	12.80006	12.829027	12.9037895	12.7121935	12.590698	12.831707	13.002445	13.0735	12.99216	12.860382	12.753967	12.990874	12.843031	12.709974	12.879637	12.844948	12.786921	12.749715	12.93459	12.873692	12.819777	12.808196	12.812117	12.772223	12.69567	12.824572	12.8681135	12.765329	12.818594	12.802191	13.143552	13.070439	12.887515	13.128289	12.877414	12.99231	12.852146	12.889578	13.510715	13.531382	13.413448	13.279336	13.096709	13.103892	13.708932	13.066838	12.957516	12.895783	13.124958	12.851648
APOM_32774	5.6803994	5.963875	6.316034	5.8694773	6.752634	6.030333	6.063341	6.384239	6.148702	5.7643576	5.4652047	5.5193686	6.565533	6.0616803	6.118846	5.959506	5.6942806	6.267362	6.2606506	6.4573984	6.00335	5.5100365	6.227083	6.0242286	6.0132995	6.1992645	6.079608	6.07983	6.048407	5.909591	6.62358	5.986488	6.4624467	5.8983564	6.2130017	5.7844543	5.61653	6.448072	6.3602295	6.5948567	6.3601484	6.1950564	5.8038497	6.5272083	6.136368	6.6220627	6.762237	6.7205925	6.7201705	6.919491	5.728978
APON_8066	7.0649033	6.1664753	6.005246	6.47754	6.5340757	6.485126	6.366766	6.566133	6.416805	6.8085995	5.9291153	6.5807204	6.7294664	6.9220963	6.385745	6.5777	6.0653257	6.81222	6.7718906	7.2329183	6.7776837	6.2796183	6.6891365	6.4702425	5.9547386	6.0421996	6.5960603	7.0626025	6.656801	6.4720488	6.8985515	7.0566163	6.3327594	6.009984	6.704818	6.040364	6.271615	5.818643	6.720272	7.4128675	7.051368	7.4061527	7.2243347	7.110148	6.8699064	7.316858	7.408705	7.627528	7.180153	7.341253	7.4704876
APP_8067	6.289462	6.7007537	7.1514907	6.4980674	6.3030148	6.1047573	6.4765015	6.7892222	4.8569574	6.540605	6.6001983	6.5260267	6.062949	6.0919228	7.024844	6.0911317	6.2018	6.6963854	7.010866	4.882416	6.7776837	6.837858	5.282401	7.0131025	7.044826	5.6917596	6.248696	5.399047	6.5075097	6.8310027	5.701008	5.296559	5.854474	6.6230154	5.768263	6.8908772	6.601752	6.764603	5.5933557	5.180765	4.6635904	5.83303	6.085498	5.6256146	5.6756635	5.497613	5.7417493	5.9364595	6.0781217	6.1191134	6.2960253
APPBP2_8068	4.1011696	4.6593394	5.0911546	4.5840974	4.455044	4.8764534	4.3621955	4.7766256	4.3565435	4.3739457	4.517932	4.388235	4.4937305	4.2775726	4.938183	4.630994	4.451598	5.0155153	4.77899	4.622362	4.531982	4.8343573	4.3420444	4.5465183	4.8390064	4.4175134	4.2564993	4.432838	4.279584	4.4915595	3.7623768	3.657633	4.6148157	4.9965014	4.5322647	4.638807	4.66399	4.4867115	4.274074	4.260792	4.2841916	4.3835616	4.723822	4.447462	4.913435	4.378847	4.365437	4.8991494	4.682209	4.6889343	4.3754215
AQP9_32709	7.496502	7.52561	7.8977966	7.394756	7.9989142	7.3234563	7.8450084	8.082369	7.3343368	7.4508314	6.8543386	7.4434114	7.6607966	7.4861093	7.5392227	7.500795	7.601013	7.5474744	8.025842	7.5859194	7.8546224	7.542978	7.668521	7.883717	8.227342	6.933955	7.493387	7.9481716	7.79939	8.084723	7.887996	6.91973	7.5448875	7.6619873	7.596098	6.9870486	7.7949653	8.032429	7.5546136	7.58336	6.9655037	7.650576	7.016388	7.267491	7.4435253	7.63329	7.7213855	7.9110203	7.514876	7.7871127	7.3132815
AR_32869	3.0326717	2.9880874	2.2253819	4.3780375	1.2890483	3.3214288	3.4306927	1.8643311	1.8065978	4.1546707	2.077968	4.2866096	0.7077145	2.7354863	1.2703954	2.3676975	3.180722	2.9391065	2.5660443	0.76129264	2.778033	1.8567106	2.4591324	3.4953887	2.074421	2.2599542	1.5561608	2.2125611	2.3926249	1.7605959	0.79861236	1.4443876	2.2602103	4.1315517	1.7907331	2.8664734	2.6150863	2.053109	1.9345882	1.8765994	0.0	3.1422062	3.629271	1.5043167	3.3678806	1.0112327	3.3909214	4.142642	1.9519659	1.5643196	2.7617311
ARCN1_8074	6.780648	6.2249637	6.908256	7.124661	6.3674974	6.73988	6.91113	6.763151	5.881601	6.385286	6.796968	6.5699463	5.9042187	5.847955	6.4570527	6.3961487	6.0343227	6.0229416	5.9520473	6.0210533	6.4200845	6.5855722	5.7810006	6.4800467	6.8736343	5.7437024	6.6528125	5.7792277	6.236389	6.8460565	6.401823	6.1614923	6.4119616	6.575417	6.424028	6.913646	6.9168854	6.416499	5.9135237	6.3427424	5.9509535	6.8048625	6.380178	5.9163136	7.224924	5.722391	6.454076	6.7466564	6.766528	6.1591787	6.82361
ARF1_32413	8.153491	8.425209	8.657952	8.625519	8.588774	8.522707	8.4854555	8.5571995	8.532272	8.614824	8.3392105	8.208658	8.378531	8.331793	8.357297	8.522688	8.426728	8.405723	8.529518	8.418903	8.641774	7.962413	8.734103	8.096234	8.468799	8.273292	8.403789	8.706704	8.458273	8.353209	8.796547	8.678951	8.842055	8.425481	8.811593	8.459999	8.104719	8.633973	8.509463	8.6310625	8.560085	8.314537	8.25785	8.319204	8.537664	8.138642	9.406364	9.420921	9.5928135	9.185722	8.299943
ARFIP2_8077	2.5332706	2.895092	2.2253819	3.1146789	1.2890483	2.853671	3.141831	2.4910152	1.3212922	1.6747757	2.282898	1.2775879	1.1804214	1.2719984	2.3886938	1.4768263	2.1116846	2.1159258	1.7911546	0.0	2.6341627	2.3023815	1.1924393	2.008209	2.7615314	0.5594628	3.0207527	1.1451283	2.1835182	2.372859	1.9846656	1.6561947	0.8140356	2.887088	1.1570135	2.736285	3.1193392	2.053109	1.2698381	1.6496927	0.92724514	2.6825488	2.8118143	1.153547	2.5012665	0.0	0.0	1.1901431	1.4443535	1.5643196	3.5948293
ARG1_33267	11.287464	10.451444	10.132224	11.589814	9.145158	10.331913	10.969075	11.225448	8.492799	10.483917	10.80568	11.06411	9.1230755	8.299761	10.533795	8.968478	9.922639	9.618356	9.679252	9.00539	9.841775	11.289741	9.206998	11.0042925	10.041403	8.480741	10.933165	8.533546	9.202299	12.293009	8.946785	9.318261	9.643967	10.354626	8.709322	11.265682	10.824364	9.664995	8.714828	8.348398	8.380482	11.449075	11.381506	8.822979	10.943153	8.657134	9.162193	9.450295	9.109633	9.273515	11.813344
ARHGAP1_8078	3.6291769	3.3096738	3.5884495	3.8488257	2.9062183	3.5085077	3.5154157	3.6116695	1.9992051	3.0546732	3.4149964	2.1892972	2.99374	1.6426728	3.6203768	2.6667733	2.636965	3.1704433	3.6655471	2.1619017	3.4283133	4.1732683	2.075009	3.5707264	2.8921008	1.275699	3.504673	2.3897877	3.4488056	1.9947519	2.6266706	1.4443876	2.2602103	3.2525284	2.2295449	3.8293307	3.9762692	3.6252677	2.8779507	2.072621	1.70226	3.0402825	3.7774107	2.0220141	3.5935724	2.8265579	2.992627	3.2220936	3.4268885	3.031582	3.5948293
ARHGAP30_32923	1.9974787	2.3110406	3.2961977	2.2723026	2.204507	3.4179986	2.2966683	3.68756	0.9994701	0.7915216	1.8390311	2.1892972	2.4416173	2.1818647	3.6203768	3.393861	2.5224707	2.8078547	2.708643	1.2570211	3.0287817	2.482375	2.2798173	2.9355001	2.279205	1.7521499	2.4668374	2.2125611	1.9388802	1.4809296	1.3096737	2.5195544	2.011671	2.887088	1.1570135	2.4342844	1.8332136	2.737684	1.2698381	2.2451668	2.0551069	1.769281	1.2253668	2.8324869	1.735917	2.0168164	2.992627	2.2765746	2.1514747	3.2451882	2.4159133
ARHGDIB_32723	3.0326717	3.6313283	4.22083	3.5673409	2.9062183	3.5085077	3.4306927	2.9264696	3.1689827	3.288475	2.765496	2.889376	3.104098	2.5734606	3.1321692	3.023864	3.6310537	3.5448534	3.7990685	2.9909706	3.5130224	2.9173408	3.65174	3.6423242	3.4953897	3.252017	3.2341504	3.4186301	3.4488056	3.2264056	2.6266706	2.284903	3.628988	3.331059	3.1690745	2.8664734	3.0088224	3.8933594	2.1789894	3.6114979	3.115025	3.5655706	3.174549	2.7028143	2.5012665	3.5440083	3.8365083	3.49237	3.2640922	3.8779073	3.273985
ARHGEF12_8080	5.955534	4.917564	4.855005	6.061007	4.3568144	5.1538897	6.0912113	5.32029	3.320974	5.1135902	5.750681	5.1941	3.3920732	3.9212065	5.390806	3.309873	4.1766696	4.24848	5.070697	3.5993342	5.4368343	5.610228	3.980205	5.148129	4.9023523	3.0189555	5.872193	3.840789	4.052019	5.742663	3.8389206	3.3273613	4.204518	5.1774263	4.0333714	5.9255633	5.9058294	5.0223646	3.917761	3.4086447	3.1882064	5.671957	5.2402797	3.512115	5.816578	4.2306314	3.555222	3.916409	4.775837	3.7438102	5.9918475
ARNTL_8086	6.551262	5.78104	6.3292866	6.21774	5.5158167	6.1191926	5.961324	6.4619327	5.208422	5.894137	6.4699135	6.130934	4.572631	5.0372314	6.4914274	5.4723263	5.58442	5.883216	5.558947	4.354751	6.2329693	6.0419827	5.440215	5.9556165	5.5424714	5.0741076	6.3436866	4.7575912	5.867652	4.8904743	5.3019614	5.2153263	5.629935	6.3008447	5.577073	6.527409	5.9955034	5.9713106	5.5505533	4.999828	4.9637046	5.964062	6.2966895	5.5709143	6.512903	5.1715	5.460108	5.2544	6.11442	5.9467025	6.0766897
ARPC1B_32419	4.456222	4.6593394	4.8178773	5.0128355	4.0142226	4.6956315	4.9542584	5.195874	2.8064463	4.423926	4.4343996	4.8819904	3.63202	3.4468794	4.6443586	4.091718	4.5425406	4.644416	4.643507	2.8589911	5.06828	4.5413523	3.7236884	5.2661505	5.351407	3.7855976	4.816079	3.573486	4.052019	5.002205	4.2285304	4.005659	3.9452639	4.6738243	3.3539796	4.5251174	4.700005	4.603475	3.7763257	3.7893128	3.3878083	4.058097	4.4423666	3.4325337	4.3384256	4.378847	4.365437	4.338161	3.9397032	4.493851	4.5035305
ASAH1_8089	6.3958483	6.6659913	7.3202877	5.8536353	6.693493	6.507246	6.2603183	6.936468	5.9531536	6.5961566	6.243235	6.216322	6.536304	6.623986	7.3080554	6.6648026	6.517936	7.1332927	7.044873	6.2089834	7.064018	6.5557275	6.5175886	7.305486	6.9802356	5.781468	6.3664885	6.261693	6.7260265	6.671139	6.6556764	5.9962473	6.277434	6.735563	6.2600656	6.327136	6.430113	7.138115	6.3477836	5.875707	5.7601366	5.977913	6.1548753	6.2422347	5.8750443	6.2019815	6.883149	6.8057013	6.7966256	6.919491	6.6953287
ASCC3_8090	6.649157	6.3263965	6.778995	6.775356	5.5606346	6.964346	6.736833	6.763151	5.338816	6.585216	6.372288	6.684255	5.5022364	5.812072	6.672111	6.1405935	6.002639	6.580521	6.272181	5.368437	6.535953	6.5855722	5.282401	6.58371	6.904904	5.6240854	6.285054	6.284297	5.7395906	6.720985	6.7379313	5.7646236	6.2345014	6.4665623	5.8929443	6.6409245	6.9015017	6.148321	5.771651	5.5696816	5.246685	6.2302	6.333063	6.120553	6.7655964	5.4648113	6.1797132	6.120473	6.490882	6.0064917	6.6545095
ASGR2_32685	7.713644	6.992109	7.1289315	8.062046	7.4686446	7.3358693	7.849095	7.7026424	7.2277656	7.4326363	7.5287347	7.052577	7.052119	7.035362	7.123119	7.3772783	7.100139	7.355196	7.227717	7.2329183	7.119106	7.5530834	7.319631	7.033219	7.3532767	6.9283547	7.8001685	7.302956	7.2130766	7.754582	7.3805194	7.4141784	7.7416854	7.136318	7.8401885	8.041165	7.677947	7.0099936	7.3638372	7.7750645	7.5343857	8.270199	7.771154	7.3989186	8.040167	7.366538	7.681927	7.9638224	7.689449	7.46362	7.674807
ASNS_8091	2.5332706	3.7422786	2.6198554	3.2172866	2.7601511	2.3652024	2.7802737	2.9264696	1.9992051	3.3925493	3.7958171	3.9301062	2.2628205	3.1345942	2.7331607	3.4732275	2.2619886	2.5029805	2.4077895	2.552146	3.1395056	3.437199	3.7236884	5.072385	4.0370674	1.5335042	3.8664052	2.6898494	2.7372885	2.372859	3.6815434	3.4460533	3.8724551	3.4763536	2.4073083	2.5931726	3.4076753	2.737684	3.3467786	3.0843768	2.0551069	2.6825488	3.7052414	2.5603254	3.1002145	1.0112327	2.7428484	3.6479805	3.0805616	2.6368403	4.0790167
ASPDH_32567	4.978596	5.4129605	5.7532673	5.684837	5.6462984	4.910049	5.641408	5.601038	5.5067577	5.3387294	5.135637	5.1368475	5.9042187	5.2398915	5.5730453	5.5838127	5.212062	5.7465267	5.37869	5.613402	5.32413	4.9912386	5.620647	5.4369464	4.6672864	5.2095604	5.243111	6.06685	5.6406174	5.497773	5.4557147	5.3734603	5.694719	5.338169	5.9225006	5.8330407	5.3251815	5.985725	5.8084483	5.7088504	5.393165	5.8022223	5.18828	5.712411	5.816578	5.4141674	5.840625	5.981055	5.936621	5.8683033	5.0356913
ASS1_33159	11.092431	8.976508	9.515419	10.677234	8.487959	9.562276	10.421992	10.511246	8.213263	9.447657	9.800243	9.788044	8.302445	7.569073	9.245236	8.621807	8.714387	8.785216	8.432661	8.008194	8.957323	10.291826	8.297534	9.450957	9.090301	7.577141	10.095743	8.073511	8.074297	11.17067	7.7058334	8.268111	8.781205	9.768452	8.763407	10.057643	10.115859	9.288471	8.475544	8.553154	8.790525	10.190671	10.557547	8.859571	10.239593	8.319224	8.145497	8.863058	7.979143	7.970924	9.8247385
ATF1_8094	3.318902	1.9897953	2.6198554	2.2723026	2.4144073	2.5470278	2.4764907	2.4910152	1.3212922	2.2186248	2.8961248	2.1892972	1.8208362	2.1818647	2.1797314	3.309873	2.1116846	1.5853512	2.027206	2.1619017	2.2945795	2.482375	1.1924393	3.2424362	2.617958	0.0	1.1977407	1.4944088	2.3926249	2.5302608	3.303507	1.6561947	1.7112163	2.5356345	0.0	3.0961545	3.4922628	2.8678937	2.1789894	2.072621	1.70226	2.8119028	3.0634718	1.7862632	2.9986892	1.3353969	2.8731365	3.119443	2.6239195	1.8519349	3.0404751
ATF4_8096	5.730055	5.2535195	5.3729453	6.192772	4.1376824	5.5230193	5.5030246	5.561245	4.425254	4.809582	6.0878897	5.606299	4.4102645	4.3791647	5.414885	4.59596	4.1766696	4.644416	4.60755	3.5141387	4.95172	6.191795	3.8576405	5.4961185	5.619891	3.7855976	5.919218	3.7784617	4.112363	5.0806675	4.3380756	3.8847718	3.7147906	5.357059	3.9207184	5.628032	5.826593	5.050063	4.1647973	4.2200017	4.6376967	6.146826	6.1136503	3.8550549	6.136368	4.665346	4.7851095	4.469166	4.582081	4.614036	5.9361706
ATF5_8097	4.3330874	4.413279	3.6740434	5.041088	4.0142226	4.2990336	4.9235835	4.5102134	2.1691005	3.7468808	4.8434935	4.2866096	2.7439313	3.013425	4.6443586	4.235235	3.0212092	3.0594068	3.3545144	3.111882	3.8094523	4.8343573	2.8927681	3.4953887	3.7229755	3.0189555	4.67707	2.0104735	2.7372885	4.371847	3.5959105	3.198022	3.335922	4.4100404	2.7081409	5.276378	4.66399	3.3854282	3.7000437	3.546998	3.324294	4.749268	3.9117455	3.1634846	5.2590685	3.4125795	4.071798	3.2220936	2.6239195	3.2451882	4.4408975
ATF6_8098	4.834698	4.5719104	4.855005	4.1889715	4.7150254	4.8420568	4.1131234	4.9406905	3.8063707	4.4722323	4.557952	4.1772795	4.3216715	3.1345942	4.938183	4.4854455	4.734792	4.298234	4.3271203	4.494753	4.7570624	4.4577565	4.5142236	4.2119765	5.2083473	4.4175134	4.5632515	4.657249	4.9092603	4.602095	5.00252	4.7220135	4.658778	4.612261	4.6429377	4.4440207	4.867713	4.603475	4.79782	4.6771235	4.714023	4.749268	4.4423666	4.564081	4.885265	4.576022	4.9117966	5.5976768	5.4792633	4.6889343	4.855332
ATF6B_32767	3.2296562	2.7956865	3.0622413	3.7834342	2.597612	2.853671	4.1131234	3.68756	1.9992051	3.0546732	3.4996274	2.581391	1.5358759	1.6426728	2.7331607	2.3676975	2.636965	2.8078547	3.1696014	1.2570211	3.0287817	3.437199	2.2798173	2.5451083	3.122376	2.109709	2.4668374	1.4944088	2.5752249	3.315628	2.6266706	2.1515164	2.8206856	3.2525284	2.4073083	3.6955848	3.0088224	2.053109	1.6401663	1.3803144	1.4871172	2.6825488	2.9431233	1.7862632	3.1950624	1.3353969	3.7711594	2.2765746	1.9519659	2.297121	3.474912
ATG3_8099	6.9368315	5.929115	6.3424187	6.775356	5.92866	6.451297	6.8389935	6.5959797	5.374005	5.9117594	6.638029	6.548154	5.7258396	5.2398915	6.37351	5.3514986	5.465499	6.052236	5.80104	5.3439584	6.2329693	6.933793	5.7295046	6.4404244	6.4964423	5.0119224	6.576636	5.3570137	5.850039	7.11199	5.355054	5.1468773	5.694719	6.395249	5.4810195	6.729142	6.909214	5.8504963	5.413955	5.6175785	5.497626	6.531942	6.4031706	5.589379	6.6278734	5.6657906	5.962726	5.760029	5.5865192	5.524181	6.9968886
ATIC_8100	3.0326717	2.895092	3.1839569	2.6106799	2.597612	2.3652024	3.340682	3.1575243	1.5842559	3.0546732	3.7272735	3.1430392	2.6006784	2.1818647	2.7331607	1.9899611	1.7539579	3.1704433	2.4077895	1.2570211	2.4743395	3.1481903	2.4591324	3.6423242	3.011828	2.2599542	2.9009168	2.3897877	2.1835182	3.759049	3.4077	2.1515164	2.2602103	3.331059	1.5083932	3.3839397	2.8891323	2.594546	1.9345882	2.2451668	1.4871172	2.2057867	1.8782536	1.7862632	3.1950624	1.823375	2.8731365	2.8892338	3.1752434	2.7807593	3.8083558
ATMIN_8101	3.8843899	4.157063	4.1627893	3.5673409	3.8792007	4.6565795	3.340682	3.8283224	3.320974	4.03112	4.1501555	3.5462768	3.5563867	3.013425	4.516664	3.023864	3.7375457	3.8418446	3.3545144	2.713711	3.8094523	3.602016	2.8927681	3.9550858	4.0924416	3.0189555	3.6604056	3.2451313	3.4488056	4.2412953	3.0694053	3.6075757	3.9452639	4.1315517	3.5178556	4.117802	3.7883198	3.4698832	3.7763257	3.0843768	3.3878083	4.058097	4.1478653	3.7926803	4.2962584	3.6054895	3.9589443	3.9763792	3.8275614	3.4312084	3.9043298
ATP11C_33283	7.2119503	7.5714116	8.104628	6.8411064	7.491972	7.6158557	7.194178	7.538145	6.4827676	7.474741	7.028229	7.1855674	7.44709	6.6031394	7.2355485	7.002397	7.100139	7.689413	7.5782285	6.871184	7.6025314	7.4755073	6.476529	8.102594	7.9181566	6.6643224	7.163078	7.569997	7.3446736	8.071976	7.443159	6.8886275	7.4417152	7.816694	6.982483	6.613372	7.399992	7.7621465	7.713414	6.6496377	5.9082727	7.1304216	6.825334	6.8820252	6.8842106	6.8613887	6.973075	7.2563295	7.061219	7.2759433	7.09676
ATP1A1_32617	4.950942	3.8453023	3.9040134	4.505169	3.8066347	3.9572527	4.724427	4.810965	2.905972	4.03112	4.5968914	4.614798	3.837692	2.7354863	3.3476372	3.393861	3.574707	3.77313	2.9574547	2.8589911	4.4047375	4.867128	3.411482	4.3889227	4.1457686	2.7408507	4.7825623	3.2451313	3.781712	5.0549846	3.8389206	3.752821	3.628988	3.9935026	3.9207184	5.048467	5.073909	3.6252677	2.3879235	3.896741	3.5070176	5.066922	5.049438	3.659207	4.82722	2.719398	3.7711594	3.8538375	3.7680426	3.671778	5.0143414
ATP1B1_8103	5.5574236	5.0528755	5.7920723	5.8050365	5.445866	4.8764534	5.204421	6.149468	4.7538667	5.364553	5.7333097	5.3280163	4.4102645	4.801377	5.414885	5.3303385	5.174639	5.2610955	5.24465	4.1996894	5.7477226	5.590739	5.0779867	5.8232393	5.502146	4.510401	5.8880386	5.2690854	4.803421	6.2180586	5.24684	4.5734663	5.281925	5.219322	5.4810195	5.910549	5.7078004	5.390596	4.760747	5.2633796	4.5571055	5.509808	5.6585402	5.1903563	5.51948	5.4813056	4.646217	5.760029	5.170004	5.603762	5.675576
ATP2C1_8107	5.3186493	4.768235	5.447765	5.409452	4.4067645	5.181664	5.1786733	5.3672004	4.522548	4.732349	4.9068465	4.8819904	4.22728	4.3292627	5.2902575	4.4854455	5.076602	4.858544	4.872856	4.354751	5.06828	4.5814013	4.631086	5.515315	5.1311197	3.9271011	4.748248	4.3917923	4.9092603	5.002205	4.534984	4.187033	4.7428775	5.412288	5.096293	5.179499	5.1277866	5.3687654	4.869225	4.5179744	4.215834	5.0926113	5.0782957	5.0102134	5.2590685	4.693933	5.3071384	4.4268055	4.775837	5.126309	5.390823
ATP5C1_8109	9.527244	10.3878	10.742063	9.3365345	10.986805	10.172354	9.504322	10.1404505	10.685441	10.702163	9.861489	10.048867	10.920827	10.870583	10.66946	10.68878	10.621258	10.556769	10.8142185	10.77399	10.344776	9.528227	10.826013	10.416493	10.139968	10.80937	9.778401	10.709864	10.635644	9.829372	10.749574	10.844448	10.893008	10.254288	10.974396	9.572076	9.832276	10.88925	10.795372	10.363919	10.372333	9.66565	9.796901	10.646359	9.842686	10.506682	11.15671	10.950838	11.013507	11.299666	9.892129
ATP5L_33116	4.772864	5.2535195	6.0855417	5.14887	5.4928746	5.096683	4.860204	5.2216306	4.6994205	5.2021847	4.9375095	5.1368475	5.7258396	6.0150948	5.9144597	5.372352	5.193472	5.6540136	5.399867	5.693086	4.7570624	4.7664943	5.3746824	5.2886386	5.305279	5.415738	4.9121966	4.8514056	5.556239	5.155082	5.7414494	4.9600377	5.070358	5.338169	5.3566184	4.6747956	4.66399	5.665901	5.2630587	4.7361727	4.5844727	4.6489487	4.95923	5.037367	4.6034255	4.4476104	6.454076	5.8589272	5.809545	6.367327	5.5176296
ATP6AP1_33058	7.0904756	6.911303	7.2730613	6.872891	6.45319	7.1655154	6.964844	7.5483584	6.3027344	7.264517	6.970093	7.1057615	6.155564	6.26116	7.032646	6.375638	6.832213	6.6777096	6.858577	6.153722	7.2666864	7.108415	6.163828	6.9858365	7.159463	5.900657	7.0964427	6.502437	6.7260265	7.172956	6.5457892	6.4512773	6.879594	6.9435763	6.6703897	6.8908772	7.089731	6.959767	6.5994883	6.274665	6.2618666	7.2263727	7.1310077	6.5462375	7.190805	6.6874957	6.7021446	6.694049	6.911104	6.4875917	7.0450587
ATP6V0D1_33093	4.375311	3.5724802	4.432127	4.545173	4.195664	3.6740885	4.217966	4.705393	3.458468	4.2126923	4.3907466	4.9164205	4.22728	3.537568	4.603037	4.406767	3.4549482	3.9701722	4.370676	4.1440635	4.448411	4.2744603	4.554239	4.258289	4.7384453	4.0964723	4.713098	3.4981349	3.781712	4.704761	4.4398866	4.152537	4.424204	3.7861276	4.4534655	4.709909	4.3380494	4.6403866	4.5157533	4.4490504	4.1804013	4.109333	3.9744961	4.0806427	4.114065	4.1910696	4.646217	4.589258	4.775837	4.860753	4.4408975
ATP6V1D_8113	6.3855557	6.0951004	6.85427	6.20531	6.652674	6.357004	6.0204997	6.29	5.881601	6.0294333	6.6473336	6.116198	6.771882	6.3005395	6.9690166	6.5413313	6.554816	6.59054	6.6086764	6.6593714	6.6985087	6.4406905	6.466079	6.628475	6.526911	6.349303	6.248696	6.0001397	6.656801	6.3293686	6.717803	6.333032	6.680724	6.395249	6.338905	6.3043423	6.2105064	6.294434	6.620334	6.4258	5.377605	6.0583363	6.2467184	6.707067	6.466124	6.3971505	7.414067	6.962193	6.938359	7.088091	6.4863734
ATP6V1F_8114	7.4429126	7.7677994	7.919866	7.5304837	7.871304	7.733115	7.4789653	7.674943	7.5573664	7.825581	7.2520947	7.1498384	7.870507	7.774152	7.86179	7.6954026	7.635854	8.075614	7.8977156	7.521893	7.882751	7.1556044	7.748308	7.780392	7.5881186	7.5518684	7.408042	7.9446282	7.826662	7.488093	7.932342	7.9137597	8.105597	7.7891393	7.969706	7.362933	7.225654	8.011448	7.95	7.886781	7.466138	7.3486795	7.4943514	7.9810286	7.731524	7.6769047	8.09965	7.9071736	8.17517	8.044074	7.389886
AZGP1_33120	12.221062	11.785258	11.878374	12.136258	11.769155	11.897408	11.989227	12.066086	11.769398	12.113886	12.046344	11.929299	11.685501	11.822241	11.883458	11.705393	11.718101	11.6031275	11.807393	11.749026	11.833406	11.888296	11.717709	11.6226015	11.89903	11.812583	11.867608	11.968431	11.75093	12.21362	11.886789	12.1006775	11.975629	11.885979	12.273668	12.356843	12.386522	11.91264	12.078134	12.010025	11.87857	12.011629	12.354942	12.093946	12.141194	11.880159	11.880247	11.92882	11.944247	12.08213	11.847322
B3GNT2_32526	5.158619	4.5415487	5.059695	4.0289	4.195664	4.3488812	4.6514254	4.551419	3.8569942	4.9181933	4.7429204	4.7354136	4.4526014	4.427398	5.034578	4.7631946	3.8838544	4.605421	4.712838	3.7559724	4.6109753	3.9467263	4.903098	4.164128	4.47233	4.9246063	4.748248	4.306021	4.225969	4.1950135	3.9808064	4.4651933	4.3723383	4.5804653	4.2816463	4.8103943	4.0338454	4.843981	4.79782	4.6155543	3.8604286	4.424596	4.7598963	4.364126	4.2528214	4.108535	4.817839	4.589258	4.649599	5.01427	4.8064847
B4GALT1_8124	4.740924	3.9414568	3.9731874	3.9113815	4.077273	4.3970637	3.8118882	4.2844353	3.2469792	3.580566	4.3457317	3.9301062	3.63202	2.8811386	4.1077867	3.6199527	3.6310537	3.7009778	3.7990685	2.1619017	4.055234	4.6583104	3.411482	4.3466787	4.47233	2.9320772	4.350994	2.93812	3.539506	4.0465326	2.6266706	3.5019276	2.967741	3.5438585	2.7081409	4.009233	4.5102053	3.8933594	3.2430704	2.9904869	3.6691785	4.464495	4.5697665	2.4022055	4.8565345	3.7211092	4.1764603	3.572272	3.8275614	3.4312084	4.676601
BACE2_8127	3.9968476	4.031601	4.616394	3.2172866	3.5640745	4.4436893	3.5154157	3.446748	2.6995428	3.8959892	3.4149964	3.7885811	3.63202	3.9870539	4.326662	3.4732275	3.7375457	4.0880117	4.570675	3.4235945	4.9817553	3.437199	3.5760143	4.469871	4.2468505	3.4526122	3.4200125	3.7133195	4.225969	3.8213115	3.9808064	3.4460533	3.9452639	4.174781	4.1873994	3.8293307	3.9762692	4.6763773	3.7000437	3.732442	3.324294	3.6371455	3.9744961	3.3483052	3.522194	3.7211092	4.7516193	4.589258	4.4744816	4.1670337	4.1590195
BAG3_8129	3.318902	2.9880874	3.7548423	4.4216714	3.2723231	4.616441	3.4306927	3.7596574	2.8064463	2.9218345	4.041434	3.8610783	3.104098	2.8811386	2.1797314	3.2206914	3.180722	2.8078547	2.708643	2.552146	2.0891902	4.0644393	2.075009	2.9355001	3.4107835	2.9320772	3.8664052	2.2125611	2.5752249	4.286138	2.7898166	2.1515164	2.6569214	2.5356345	3.5178556	4.2187696	4.0338454	3.200062	2.8779507	2.399263	2.6802902	3.410797	3.5490766	3.0613632	4.7036157	2.9263053	3.3909214	4.469166	3.6410902	2.297121	3.3441162
BAK1_33110	2.9230795	4.2724814	4.3303432	3.0042105	3.7302246	3.6740885	3.141831	4.016648	3.2469792	3.176305	3.4996274	3.4555352	2.4416173	1.9373132	4.4247885	3.7531235	3.0212092	3.3697603	4.1384206	2.3701787	3.8094523	3.0373778	3.4960926	3.8379865	3.3209047	2.109709	3.4200125	3.2451313	4.225969	4.0465326	3.1911995	2.8983095	3.8724551	3.5438585	3.4382432	3.1985953	3.5721645	2.8678937	2.570392	3.0843768	2.3383918	2.2057867	2.9431233	2.5603254	2.7713106	3.189834	4.226075	3.7884288	3.8275614	3.5159345	3.8571408
BAMBI_8130	3.0326717	3.6878698	3.0622413	3.6430259	3.6495402	3.5936723	3.8118882	3.446748	2.5840793	2.7755125	3.2292056	3.1430392	3.3920732	3.013425	3.1321692	3.2206914	3.254318	3.6250265	2.5660443	2.552146	3.3383183	3.7499197	3.1230586	3.7756684	3.9195037	2.2599542	3.1313937	2.8193185	3.0152833	3.4790516	3.303507	2.284903	3.4403665	3.5438585	2.5655518	2.8664734	2.8891323	2.737684	3.4435291	2.7821121	3.115025	3.410797	2.506785	2.5603254	3.1950624	3.4797902	3.2054758	4.469166	3.2640922	2.297121	3.273985
BANF1_8131	2.675235	2.4482956	2.7828603	2.7541187	2.7601511	1.6211139	2.091197	2.9264696	2.1691005	2.2186248	2.462306	1.9443585	1.1804214	1.9373132	1.9352914	3.2206914	3.0212092	2.5029805	3.1696014	1.9183995	2.6341627	2.482375	2.075009	2.8167326	2.7615314	2.7408507	2.7702174	2.5476058	2.3926249	2.372859	2.4426951	2.406994	2.6569214	2.5356345	2.9569383	2.0518599	1.5471903	2.257008	2.1789894	2.8900583	3.1882064	2.2057867	2.506785	2.2245977	2.3445714	2.1873605	3.1029732	2.0718946	3.4268885	2.911615	2.2793913
BAX_8132	5.6289735	5.7415185	6.1316576	5.7547436	5.445866	5.9678993	5.5030246	5.7850356	5.3208947	5.8214126	5.834532	5.8394847	4.882382	3.9870539	5.89747	5.392909	5.284115	5.8994265	5.6501427	5.2149196	5.799231	6.0275593	5.5432262	5.4766626	5.5424714	5.1909714	5.4915085	5.43989	5.3461456	5.880642	5.2184687	5.1815076	5.607677	6.0684595	5.5007486	6.0125084	5.9809394	5.985725	5.094515	5.503241	5.212011	5.369748	5.7330236	5.328666	5.5909896	4.879594	6.0201087	6.1598	6.0781217	5.697437	5.805548
BBOX1_8133	8.77866	7.85988	8.531792	8.575689	7.8578997	8.198364	8.404466	8.582268	7.391264	7.9069147	8.336337	8.2698555	8.001045	7.7073517	8.210261	7.8631735	7.761067	8.061276	8.092395	7.9806714	8.144102	8.6538925	7.682129	8.556256	8.141338	7.5591345	8.292106	7.527994	7.988353	8.524399	7.949706	7.39217	7.8115106	8.106277	8.058911	8.452244	8.406653	8.21174	7.945877	7.534294	7.635974	8.365477	8.153235	7.7946796	7.9410224	7.4316387	7.9115524	7.7399235	7.880718	8.110291	8.497521
BCL2A1_8136	1.9974787	2.159341	3.4974551	2.2723026	2.204507	2.9855762	0.0	2.4910152	2.5840793	2.9218345	2.077968	1.6491554	2.6006784	3.1345942	2.5711837	2.6667733	1.7539579	2.8078547	2.9574547	2.1619017	3.0287817	0.7272255	3.411482	2.38735	2.074421	2.7408507	2.7702174	2.8193185	3.62484	1.9947519	2.6266706	2.8125298	2.6569214	1.6473541	2.5655518	1.5299913	2.6150863	1.176321	3.1313257	2.2451668	2.4615827	1.488839	1.2253668	2.8324869	1.9685107	3.189834	3.8990247	3.49237	2.4829574	3.5159345	2.2793913
BCL2L1_8137	4.6748405	3.8941805	4.5724864	4.545173	3.1603029	4.616441	4.5745316	5.1157255	2.5840793	4.0942173	4.1501555	3.2548962	3.30232	3.1345942	4.603037	3.6199527	4.2140403	4.1969485	4.2822084	2.9909706	3.9375708	4.867128	2.6186037	4.3031607	4.47233	2.2599542	4.6401196	3.047878	3.923187	4.831187	3.1911995	3.3273613	3.7957757	4.514691	3.066902	5.102316	4.3380494	3.8933594	3.1313257	3.2556021	3.3878083	4.781215	4.5697665	3.3483052	4.7036157	3.0196002	4.0164742	4.0339556	3.5018787	3.3411944	4.7299657
BCL2L2_32990	3.318902	3.2357452	2.7828603	3.8488257	2.9062183	3.8226066	4.1664968	3.1575243	2.9990726	3.580566	3.0159018	3.2548962	2.7439313	2.1818647	3.7772083	3.1256318	3.391122	2.3223944	3.3545144	3.111882	3.1395056	2.9173408	2.075009	2.9355001	3.3209047	3.0189555	3.504673	3.573486	3.352018	3.6939778	3.0694053	3.2641406	4.204518	3.4055345	3.5178556	4.2187696	3.7198045	3.200062	3.7000437	3.7893128	3.448644	3.326703	3.5490766	2.951459	3.7265353	3.3420844	4.5714116	4.664103	4.0437536	4.113659	3.8083558
BDH1_8139	8.180532	7.5563054	7.72306	8.7268305	6.9675775	7.532029	8.445529	8.309516	7.1436057	7.504081	8.155785	7.8113446	6.6129694	6.723926	7.6750245	7.1180377	7.1731143	7.3074007	7.2628174	6.669257	7.4604473	8.452678	6.801461	7.669092	7.554006	6.8827524	8.0635195	7.275012	7.4478054	7.962269	7.10637	6.8728213	7.118716	7.6467156	7.233038	8.361308	8.387456	7.3534966	7.0081677	7.833695	7.5656204	8.552956	8.381673	6.9832406	8.734061	7.541894	7.4033237	7.856212	7.8197365	7.263745	8.858135
BECN1_8140	6.998916	5.9865913	6.7398314	7.195501	5.0653367	6.1616507	7.0310907	7.05582	4.7538667	5.99678	6.9774895	6.8448205	4.851072	5.0372314	6.28483	5.124485	5.6126795	5.492423	5.702215	4.916016	6.2577295	6.846101	4.903098	6.628475	6.4335046	4.35209	6.9227157	4.724913	5.4666176	7.01542	5.0354204	4.8989177	5.1025486	6.5009394	5.2440724	7.283579	7.194434	5.6111693	5.094515	5.159351	4.8555355	6.7574687	6.719397	4.7396665	6.926292	5.250605	5.635596	5.725497	5.950074	5.179226	7.1564507
BGN_32910	6.3542304	7.308391	7.1289315	6.48784	6.8001313	6.485126	6.636373	6.6726785	5.869323	6.701227	6.383467	6.1742597	6.347281	6.150569	6.6919537	6.0657496	6.3349786	6.5083714	6.5903707	5.5506105	6.725386	6.614812	6.9810004	7.0265446	7.1723695	6.823644	6.2730365	5.901239	6.8901343	6.897541	6.401823	5.5294666	6.5112243	6.7570558	5.2672954	6.883207	6.513432	7.085549	6.5994883	5.3223767	5.483158	6.134512	6.1548753	6.0688534	5.889298	5.8674827	7.169728	6.984269	6.938359	6.1591787	6.5545177
BHLHE40_8141	7.713644	5.196201	7.14401	5.0128355	4.1376824	5.5658035	6.455212	6.429147	4.5839467	5.3387294	7.006702	6.817753	5.084369	4.6056614	6.4914274	4.7312627	5.0967493	4.9547606	6.424614	4.8127723	6.8031383	6.255067	5.2090974	5.7440844	5.763282	4.2835584	6.0517416	4.349544	5.100155	6.3293686	3.911607	4.649651	4.9692383	6.8599653	4.6429377	6.859948	5.9058294	6.2828074	5.1529117	4.483924	4.8778276	6.587203	6.344987	4.7723575	4.5684204	4.0654263	4.646217	3.572272	6.0155177	6.5491967	6.8954372
BHMT_8143	10.102549	9.192194	9.522648	10.096362	8.845761	9.359871	10.413738	10.55812	8.327619	9.729354	9.128551	10.095629	8.408414	8.199164	9.061059	9.0867605	9.277944	8.37996	8.800288	8.786713	8.715124	9.660304	8.545979	9.721728	9.132191	8.484562	9.672593	8.42075	8.796148	10.752225	8.017143	8.2189455	8.89815	9.666134	8.68366	9.263383	10.076159	9.230642	9.048619	9.184655	9.170544	10.165171	9.647246	8.6268835	9.936612	8.806963	8.271947	9.042097	8.643109	8.642604	10.236692
BHMT2_8144	11.026892	9.538104	10.103586	11.16072	9.156152	10.253929	10.879015	10.890684	9.21932	10.184702	10.369988	10.340329	8.546754	8.532567	9.636827	9.281241	9.56502	9.1663265	9.287349	9.114333	9.797078	10.906522	8.910171	9.660537	9.510617	8.789557	10.370592	9.131307	8.989537	11.0652685	8.822699	9.2175665	9.433898	9.99865	9.792085	10.887605	11.011546	9.746612	9.3195095	9.952363	10.057773	10.96733	10.986528	9.360599	10.9107685	9.740028	9.58811	9.89879	9.764436	9.153027	10.576931
BID_8145	3.8246934	3.79471	4.5272	4.0289	3.038847	4.138241	4.5745316	4.4677963	3.0865276	3.7468808	4.041434	3.8610783	2.7439313	3.3501055	3.7772083	3.393861	3.180722	3.5448534	3.5183966	2.9909706	3.7408574	3.602016	3.65174	3.2424362	3.7229755	3.178435	4.3960176	3.4186301	3.539506	4.452749	3.1911995	2.8983095	2.967741	3.7292666	4.1378617	4.601897	4.1425314	4.1707234	2.1789894	3.0843768	3.0379322	4.541129	4.201315	4.181454	4.4957547	3.2679667	4.1764603	3.7884288	3.2640922	3.940554	3.7578633
BIRC2_8146	7.6505737	6.679997	7.597237	6.5965385	6.4048476	6.8391385	7.073623	6.797809	5.9531536	6.799162	7.0564423	7.501265	6.2900596	6.482766	7.071035	5.859658	5.733413	6.8036327	6.8813415	6.0210533	6.769098	7.148957	6.311225	6.574588	7.023616	6.2177477	6.867838	6.040535	6.2498837	6.6879463	5.7414494	6.0440793	5.715683	7.152628	5.78445	7.587224	7.427105	7.1763196	6.512955	5.2431655	5.0643263	7.232163	7.2750735	6.120553	6.417777	5.4141674	6.8118243	6.185435	6.8621335	6.617894	7.398152
BIRC3_8147	4.6055846	4.2350254	4.9265103	4.0289	3.1603029	4.488855	4.00006	3.68756	3.3913584	4.0942173	4.299267	3.7885811	3.9002123	3.7034492	5.0954394	3.688074	3.1031692	4.605421	3.9786994	3.9630284	4.4047375	4.1198797	3.321599	4.164128	4.2948537	3.6829114	5.087121	3.047878	3.7054071	3.315628	3.6815434	3.5557184	3.4403665	4.3733993	3.1690745	4.358093	4.3830523	4.220327	3.9835975	3.4794793	2.6802902	3.7704499	3.0634718	3.512115	3.788687	3.7211092	4.226075	4.089322	3.9926662	4.8279877	4.306832
BLCAP_8149	5.462688	4.413279	4.994639	5.788466	4.305072	4.910049	5.5030246	5.1157255	3.8063707	4.4722323	5.108945	4.4364834	2.6006784	3.7797458	4.274977	3.8750339	3.6310537	3.8418446	3.6655471	3.5141387	4.3597	4.899171	3.65174	4.5087037	4.513486	3.178435	5.1672235	3.840789	3.9890406	4.5661826	3.6815434	3.706012	4.318538	4.514691	3.7985182	5.388989	5.1539893	3.4698832	4.4238806	3.2556021	3.6691785	4.424596	4.98993	3.9148438	5.608327	3.0196002	4.1764603	4.9598265	4.919528	3.5159345	4.925635
BLMH_8150	5.5389676	4.1164427	4.6590047	5.720214	4.3568144	5.362414	5.8018064	5.5409293	3.9990063	4.608145	5.6799045	5.4967923	4.2752476	3.7034492	5.153837	3.7531235	4.4825535	4.644416	4.3271203	3.7559724	5.2018695	5.667165	2.8927681	5.2886386	5.0495234	3.0189555	5.532412	3.573486	4.4294205	5.742663	4.580281	3.6075757	3.4403665	4.8706985	3.7333038	5.646274	5.7427506	4.843981	3.534197	4.260792	3.2578542	5.167044	5.3626266	3.512115	5.1684685	3.7211092	4.9418035	4.627166	4.946625	4.9241333	5.8544264
BLOC1S2_33034	4.0499516	3.987233	4.3303432	4.464024	4.077273	4.2990336	4.217966	3.8283224	3.6994612	4.1546707	3.9838378	4.338317	3.5563867	3.2463703	4.3765597	4.091718	3.787982	4.0880117	3.9212723	4.304893	4.3597	4.8343573	4.0377917	4.583367	4.630346	3.881458	4.155379	4.1174774	3.7054071	4.2412953	3.303507	3.0559347	4.2626543	4.174781	3.9207184	4.358093	4.0338454	4.010777	3.3467786	4.4490504	3.5070176	4.613897	4.397271	4.131929	4.3384256	4.4476104	5.1360044	4.550328	4.1408014	4.1670337	4.4408975
BLVRA_8151	1.9974787	2.5736196	2.4360592	1.1871207	2.597612	2.157111	2.2966683	2.4910152	1.3212922	1.6747757	2.077968	1.6491554	1.1804214	1.6426728	2.3886938	1.4768263	2.3981004	1.2227256	1.5087776	0.0	2.2945795	3.437199	2.075009	2.2101986	2.074421	1.7521499	1.5561608	1.4944088	2.7372885	2.8013556	1.9846656	2.1515164	2.2602103	2.3964808	1.7907331	1.8143951	2.0718052	3.200062	1.9345882	2.7821121	2.3383918	3.0402825	2.1194797	0.0	1.9685107	1.823375	1.5350422	2.2765746	2.9792266	2.297121	2.5406258
BMF_8152	4.244742	3.6878698	3.7548423	5.1226697	4.195664	3.8915	4.4933076	4.630459	2.1691005	3.6661186	4.096819	3.712247	2.99374	2.3909085	3.9186504	2.6667733	3.0212092	3.2735412	3.733852	2.1619017	3.8094523	3.1481903	3.7236884	3.4953887	3.791503	3.0189555	3.9290164	3.2451313	3.1364734	4.1471977	4.109979	3.1287267	3.1011837	4.086987	2.0267587	4.934336	4.4266934	3.5496664	3.2430704	2.8900583	2.2036915	3.8327506	3.9117455	3.2588525	4.766741	3.0196002	2.8731365	4.338161	2.8702326	2.6368403	3.8571408
BNIP3_8154	5.4429708	3.8941805	4.994639	4.8626266	3.5640745	4.8764534	4.9235835	5.030861	2.9990726	4.1546707	4.810742	4.388235	3.63202	2.7354863	3.7009227	3.1256318	3.973751	4.143508	3.7990685	4.0862064	4.055234	4.3690176	3.4960926	4.786641	4.4299655	3.3220272	4.602197	3.9579048	4.225969	4.737421	4.284343	3.3879275	3.9452639	4.5479527	3.2644873	5.179499	5.0179405	4.3596587	4.3257575	3.8440266	3.1882064	4.9311295	5.16156	3.512115	4.4580016	3.0196002	4.2740407	4.383164	3.3477855	4.493851	5.3573
BNIP3L_8155	7.4772444	7.2810855	7.6457157	7.495179	7.531909	7.4022965	7.206972	7.825307	6.5988636	7.704425	7.3915086	7.687228	7.5185814	6.9798403	7.926032	7.242188	7.5868382	7.7262306	7.797549	7.048287	7.5732408	7.592812	7.2174215	8.064005	7.5441093	7.004847	7.380302	7.35193	7.576547	7.7939296	7.196402	6.9799924	7.409911	7.5759187	7.4362407	7.524507	7.3498664	7.7537484	7.114847	6.908993	6.67856	7.6199875	7.5261188	7.2789125	7.8234673	7.3076386	7.755576	7.9338865	7.7054014	7.505664	8.002117
BPHL_8157	5.7622337	4.819748	5.495572	6.37028	4.6334615	5.54457	5.7502966	5.456678	4.7803383	5.439362	5.486098	5.727598	5.5022364	4.9736853	5.182173	5.2870646	4.8813667	5.2100205	5.501328	5.2416673	5.123209	5.4891353	5.9253006	4.9924426	5.183061	4.7063746	6.037604	5.43989	5.681025	6.0331206	4.8990626	5.5428467	5.337082	5.357059	6.075051	5.388989	5.7253814	5.07724	5.094515	6.3522105	5.102689	6.531942	6.141264	5.393147	6.610771	5.7362013	5.283899	5.981055	6.6311083	6.1722903	6.3309855
BTG3_33276	3.6291769	3.07545	3.4974551	3.7149374	3.038847	3.5936723	2.4764907	3.446748	1.8065978	2.7755125	1.8390311	1.6491554	4.0729947	3.2463703	3.535067	3.5484548	2.3981004	3.8418446	3.1696014	2.713711	3.5930324	2.9173408	2.6186037	3.3317733	3.2250526	2.8396301	4.10203	3.1498733	3.923187	3.315628	3.1911995	2.8983095	2.472159	2.887088	3.5933034	2.5931726	3.6478724	3.097608	3.3467786	2.399263	2.8701653	2.3827975	3.2776825	3.1634846	2.3445714	2.4777672	3.7027097	3.0089254	3.1752434	2.476957	3.5361161
C1QA_8167	3.6291769	3.3096738	3.9040134	3.4029047	2.204507	3.1064248	3.595438	3.2605107	0.9994701	3.288475	3.4149964	3.1430392	1.8208362	1.6426728	3.9844897	2.5249715	3.1031692	3.6250265	3.8614638	0.76129264	4.110652	3.3471458	1.5499562	4.4299645	3.7229755	0.96157944	3.0207527	2.0104735	3.2482674	3.6258323	2.2317815	1.1960433	0.8140356	2.9874854	1.1570135	2.736285	3.2219887	2.8678937	1.2698381	0.6176906	0.0	1.769281	2.6673462	1.153547	2.3445714	2.8265579	1.1797101	1.1901431	3.1752434	1.2047167	3.273985
C1QB_8168	3.2296562	4.157063	4.9609766	3.4874642	4.501759	3.8226066	2.911122	3.8283224	4.0433984	3.8959892	2.282898	4.338317	4.22728	3.3501055	4.6443586	4.280068	3.6310537	4.298234	4.0871205	3.9630284	3.6688373	2.6423824	4.2955856	4.5087037	4.1457686	3.7855976	2.4668374	4.3917923	4.5213094	3.1312993	4.534984	3.966478	4.424204	3.8935378	4.1873994	2.8664734	2.6150863	4.403265	4.470548	4.13479	3.5070176	2.930607	2.8118143	3.8550549	2.5012665	4.544975	4.717334	4.664103	4.745298	5.4826813	3.651246
C1QBP_8169	4.8939905	4.478839	4.740627	4.0842543	4.1376824	4.770701	4.7595882	4.7766256	4.425254	4.8828907	4.517932	5.1073456	4.4937305	4.223962	4.1656966	4.665197	3.973751	4.5241194	4.643507	4.354751	4.531982	4.6952806	4.247581	4.878458	4.7033043	4.174241	4.816079	4.3917923	4.4294205	4.8904743	4.825725	3.5019276	4.658778	4.5479527	4.493403	4.3131304	4.80295	4.4455914	4.6434445	4.413313	4.921405	5.2378244	4.60985	4.6719747	4.5684204	4.378847	5.374692	5.4574223	5.3017626	4.8927913	5.214828
C1QC_8170	5.8546762	6.378858	6.9602942	5.666818	5.92866	6.623192	5.4175487	6.3727903	5.964741	5.6217394	5.486098	5.35337	5.759956	5.7182517	6.651992	5.6705575	6.256555	6.352251	6.524408	5.768599	6.6803083	5.4464016	6.227083	6.8181925	6.5665593	5.5675635	5.114319	6.0271955	6.2764993	6.3400416	5.97984	5.5692406	5.891794	6.422406	6.06183	5.388989	5.4361095	6.4584446	6.270765	6.6185894	6.091113	5.637466	5.338973	6.2768245	5.0209155	6.8987064	6.167067	6.0524473	6.444111	6.455774	5.805548
C1R_8171	4.375311	2.9880874	3.0622413	4.238611	1.9587818	3.8226066	4.1664968	3.3566325	2.1691005	3.288475	3.5795677	4.05898	0.7077145	2.1818647	2.3886938	1.7560883	1.9438806	2.3223944	2.027206	2.3701787	3.0287817	4.1198797	1.8362379	2.9355001	2.4585013	1.5335042	3.8009534	2.0104735	3.1364734	3.6939778	2.6266706	2.004529	2.472159	2.5356345	1.5083932	3.8293307	3.7198045	2.053109	2.1789894	1.8765994	1.2341714	3.1422062	3.846141	1.7862632	3.9605298	2.4777672	2.7428484	2.7587066	2.7523265	1.5643196	3.0404751
C1S_8172	8.141308	6.863011	7.1289315	8.212475	6.35483	8.051806	8.075253	7.7826853	6.0757713	7.0663433	7.4243546	7.199615	6.168322	6.388449	6.2717047	6.4945416	6.63966	6.6004896	6.424614	5.7868752	7.1786656	7.8315387	6.2516284	7.305486	7.4358783	5.299074	8.00296	6.717026	7.0060015	8.078363	6.4993787	5.905939	6.4870415	6.839962	6.552461	7.861553	7.9488153	7.085549	6.786325	7.21431	6.5103946	7.7140183	7.852758	6.969209	7.974833	6.75688	6.2533484	6.440911	5.7337894	5.8683033	6.779997
C2_32411	6.15049	4.8937244	5.5188947	5.666818	4.305072	5.235658	6.104947	6.2530107	4.0864654	4.9526534	5.784808	5.302209	3.9601355	3.4468794	4.6443586	4.365758	4.320673	5.0449595	4.872856	3.8283436	4.9817553	5.685655	3.980205	5.4369464	5.5224495	3.7855976	5.9037127	3.900535	4.5651484	6.171013	4.580281	3.798159	4.14394	5.4827843	3.9207184	6.146698	5.8903265	5.155827	4.1068897	3.9475968	3.324294	5.348582	5.821026	4.706218	5.625458	4.544975	5.187006	5.370696	4.919528	4.6889343	5.9587
C2CD2_8173	3.2296562	1.7976378	2.9293032	2.2723026	1.2890483	1.9138626	2.2966683	2.3107724	2.5840793	2.4290519	2.621851	2.7435865	1.5358759	0.77186805	1.9352914	2.914369	2.2619886	2.663456	1.1573405	1.2570211	3.0287817	2.3023815	0.7160639	2.5451083	0.0	1.5335042	3.0207527	2.3897877	1.6441145	2.6721666	1.9846656	1.4443876	1.7112163	2.7791781	1.7907331	3.294242	1.5471903	2.987318	1.9345882	3.1725283	1.8894439	2.0039802	2.9431233	2.5603254	2.7713106	2.3398588	2.261813	3.2220936	2.6239195	1.5643196	2.7617311
C2CD2L_8174	5.252226	5.361747	5.541846	5.931163	4.1376824	5.999454	5.976347	5.4994187	4.391308	5.051353	5.6616545	5.221896	4.3216715	4.474071	5.0954394	4.7631946	4.80994	4.8249907	4.643507	4.1996894	5.3928037	5.077782	3.2257414	4.878458	5.6009226	3.6829114	5.685331	3.4981349	5.0078626	5.8511004	4.666819	4.520345	4.6148157	4.896752	5.3781114	5.9255633	5.635252	5.301219	4.470548	4.84748	4.144076	5.770742	5.518157	4.181454	6.2621818	4.8289404	5.1360044	5.478313	5.8531594	4.614036	5.8663917
C3_8175	13.63231	12.730372	13.063688	14.161676	11.733511	13.959746	13.762063	13.7395735	11.547522	13.127928	13.746784	13.915056	11.379885	10.859089	12.401794	11.813707	12.709529	12.024221	12.030648	10.884196	13.3477745	13.812728	11.355339	13.478514	13.297846	10.926718	14.0891075	11.582945	11.63487	14.226034	11.467742	11.541309	11.814312	13.481353	11.733395	13.853412	14.131119	12.757139	11.534074	11.816041	11.868168	14.303381	14.094403	11.924997	13.88688	12.129427	11.274136	11.792633	11.540074	11.351379	13.983236
C4A_8176	7.045422	5.6870804	5.884751	7.321782	4.195664	7.723699	7.5905695	6.98239	3.458468	6.0131993	7.028229	6.116198	4.126278	3.9212065	5.1249337	4.446643	5.385866	5.1298494	5.37869	4.304893	6.6051197	7.0525236	4.593174	6.1276417	6.7238746	4.0964723	7.583728	4.691478	4.803421	7.6555233	4.2285304	4.0809665	5.224576	6.630798	4.570107	7.3350906	7.4537177	5.9567504	4.722696	4.55124	4.2504177	7.485863	7.0385847	4.982539	7.711609	4.5132446	5.617119	5.7937536	5.3225985	5.7853985	7.402267
C4BPA_32954	11.059225	10.2230015	10.465008	10.822155	10.1484785	11.660127	11.085796	10.88213	9.622823	10.686892	10.715116	10.7965	9.961517	9.746803	9.999279	9.764034	10.644968	10.44801	10.478872	9.717608	10.740265	10.895642	10.184422	10.83843	10.661532	9.720669	11.213395	9.971907	10.299253	11.008696	10.165649	9.7496605	10.466483	10.914329	9.971582	10.776577	10.821813	10.712576	10.179554	9.5450535	9.47562	10.444923	10.586084	9.917686	10.606604	9.321551	10.40799	10.244243	10.153363	10.941201	10.825859
C4BPB_8177	8.456079	8.06057	8.455278	8.514033	7.750772	8.918998	8.683822	8.569788	8.161335	8.406869	8.31606	8.4944315	8.384011	8.131622	8.357297	8.223137	8.224132	8.314976	8.350746	7.873585	8.719586	8.720417	8.125603	8.535251	8.71801	7.622932	8.87255	8.173771	8.215102	8.488873	8.259194	7.924022	7.8873796	8.641187	8.228235	8.420799	8.872835	8.242075	8.057087	8.528311	8.206457	8.841343	8.6013775	8.117695	8.261776	7.9764853	8.377262	8.121532	8.377896	8.675207	8.981533
C7_8179	5.462688	6.2719555	7.608152	5.573184	5.995475	5.6870337	6.538548	6.98239	5.356518	6.6177917	6.1149697	5.892334	6.712145	5.678946	6.546958	6.3961487	5.598619	5.8334627	6.4753737	4.6625075	6.8608418	5.906667	6.0840683	6.7790194	7.70376	6.010747	5.361342	5.537208	6.5626183	6.059192	5.638138	4.4651933	6.4870415	6.6230154	3.9207184	5.7678885	5.951363	7.170022	5.946914	5.553356	4.5292096	5.0926113	4.4860954	5.1158886	5.8750443	5.044063	7.0018463	7.757121	5.9093337	6.4875917	6.422974
C8A_8180	8.523341	7.85988	7.9966326	8.267318	7.8488936	8.251749	8.577001	8.699175	7.1887717	7.820925	8.307282	8.661059	7.3440275	7.3362637	8.132529	7.691259	8.102365	7.8228855	8.102118	7.085676	8.86365	8.549237	7.7697096	8.357859	8.423633	7.2713265	8.760809	7.3139834	8.201277	8.459808	8.143239	7.0843325	7.6736755	8.36611	7.3077383	8.67071	8.611992	8.21174	7.718257	7.630812	7.315041	8.1407385	7.9060464	7.58064	8.577822	7.541894	8.251127	8.337003	8.377896	8.604419	8.387655
C8B_8181	6.198317	5.176577	5.347118	6.4249067	4.455044	5.6477447	6.3204226	6.1086397	4.522548	5.4634604	5.9137754	6.130934	5.0012403	4.3292627	5.366318	4.59596	4.993074	4.9547606	5.2678723	4.25325	5.7301364	6.2426324	4.903098	5.3325906	5.9547386	4.2116084	6.1470075	4.820807	5.0392876	6.3819604	4.666819	4.2858334	4.8223433	5.80514	4.5322647	6.2093854	6.3530397	5.3465996	4.6434445	4.874015	4.4421306	6.4044127	6.221069	4.982539	5.9853153	4.8289404	3.1029732	4.627166	4.4744816	4.6519713	6.3395944
C8G_8182	8.943843	8.531379	8.970734	9.054155	8.735252	8.447484	8.942834	8.927608	8.50078	8.726081	8.470817	8.430354	8.419129	8.5075445	8.230754	8.675232	8.398602	8.601733	8.565105	8.927218	8.304205	8.651543	8.655805	8.501956	8.439735	8.239771	8.697025	8.922011	8.633223	8.93494	8.568286	8.591519	8.758656	8.512302	9.249343	8.822804	9.002869	8.885297	8.989759	8.634947	8.745774	9.055687	8.692856	8.848116	9.078434	8.787199	8.711446	8.816649	8.867056	8.506874	8.925448
C9_8183	10.391959	9.844374	10.199624	10.056263	9.483041	11.133575	10.376709	10.48224	9.158813	10.246768	10.539479	10.400098	9.685705	9.382506	9.747629	9.4587	9.971875	9.743733	9.974823	9.403531	10.43506	10.46773	9.271431	10.292624	10.533584	9.3294935	10.635206	9.477452	9.696913	10.497822	9.866379	9.653486	9.687062	10.2835865	9.828645	10.349689	10.5314045	9.95601	9.431376	9.544021	9.182906	10.25962	10.2020035	9.557498	10.138055	9.306589	10.089012	10.113475	9.715058	10.319519	10.479997
CALCOCO1_32442	3.6291769	0.580436	2.6198554	2.884577	2.204507	2.9855762	3.8773775	2.7953992	1.3212922	3.0546732	2.077968	2.1892972	1.5358759	2.1818647	2.3886938	1.9899611	2.1116846	2.663456	1.7911546	1.6252826	2.778033	2.6423824	0.7160639	3.1471999	1.8356827	1.275699	3.2341504	1.1451283	2.8829715	3.0294778	0.0	1.4443876	1.7112163	2.9874854	1.5083932	3.8918242	3.2219887	2.737684	0.7703406	1.8765994	1.70226	3.5655706	3.2776825	2.0220141	1.9685107	2.0168164	2.8731365	2.2765746	2.6239195	2.7807593	3.7055392
CALR_8190	9.779966	9.217622	9.330077	9.773291	9.2836	9.746736	9.59593	9.751482	9.654472	9.583049	9.556588	9.456322	9.180882	9.254667	8.933518	9.059694	9.148809	8.961549	9.510629	9.02477	9.835621	9.573609	9.47667	9.328783	10.07873	9.079595	9.713186	9.502974	9.007524	9.562863	10.181353	9.155772	9.235893	9.385933	9.275349	9.625923	9.769047	9.718838	9.110707	10.287635	9.565059	9.911889	9.675851	9.392493	9.770406	9.630605	9.351533	9.594804	10.0940075	9.797095	9.670355
CALU_8191	9.088872	8.914184	9.20085	8.972158	9.156152	9.120781	8.931315	9.201194	8.3476715	9.137148	8.876949	9.114662	9.074764	8.872348	9.081888	8.841496	9.102231	9.060377	9.358034	8.947669	9.504292	9.109139	8.95943	9.332846	9.777762	8.823142	8.963224	8.770139	8.936281	8.89388	9.664291	8.474206	8.886642	9.021678	8.746981	8.8046465	8.868886	9.119016	8.6953125	8.336522	8.106169	8.799058	8.3642025	8.500872	8.840593	8.253526	9.185894	9.2138605	9.287074	9.16127	9.107857
CAMSAP2_8192	5.6971416	5.074243	5.6085877	5.4936395	5.001751	5.1538897	5.2297173	5.2469354	2.9990726	4.732349	5.486098	5.0772285	4.22728	4.3292627	5.263986	4.7312627	4.571624	4.985458	5.2678723	3.9630284	4.9817553	5.3798304	4.0931673	5.4766626	5.3961062	4.510401	5.6108966	4.1174774	4.975738	5.4591317	4.284343	3.6075757	4.204518	5.1122093	3.8609118	5.2287517	5.4361095	4.779257	4.5157533	3.9475968	3.5070176	4.297816	4.95923	4.447462	4.941065	4.02099	4.9418035	5.074023	5.237387	4.493851	5.689113
CANT1_8193	4.3330874	3.79471	4.5272	4.730073	3.7302246	4.2990336	4.267662	4.2844353	2.8064463	4.0942173	4.7077756	3.9301062	3.30232	3.2463703	3.9186504	3.688074	4.0988927	3.8418446	4.0871205	2.713711	3.6688373	4.1732683	2.4591324	3.7756684	4.1457686	2.8396301	4.67707	3.6450963	3.352018	3.9934368	3.5048723	3.6075757	4.14394	4.2167525	3.2644873	4.5251174	4.5102053	3.6252677	3.1313257	3.6732368	3.324294	4.5779715	4.723822	3.4325337	5.1684685	3.6054895	3.555222	4.089322	4.7140985	4.535035	4.7814264
CAR14_8195	4.8939905	4.8937244	5.121943	4.333043	5.033894	4.1938534	5.0137186	5.0014257	5.1887937	5.258363	5.108945	4.6561337	4.7185583	4.0500264	4.4247885	4.630994	5.0354424	4.298234	4.960986	4.581067	5.2271647	4.8008246	5.0502715	4.96478	5.417947	3.735168	4.972892	5.2230263	4.6891985	5.2933	4.624199	4.4651933	4.6148157	4.947489	4.7457223	4.8423924	5.597562	5.050063	4.722696	5.302978	5.1764827	4.8430624	4.98993	4.982539	4.8565345	5.044063	5.2362657	5.4147105	5.1232677	5.01427	5.097908
CAR3_8196	13.009926	11.764459	11.059356	13.227001	11.417107	11.516888	12.22014	11.842082	11.557361	11.944983	11.631859	12.643333	11.895015	12.074978	11.048489	12.004872	11.73828	12.172489	12.430832	11.583444	11.443335	12.844158	11.891282	11.424876	11.389186	11.196809	12.409944	12.265073	12.237677	12.565605	11.31659	11.942619	11.759844	12.162369	11.654953	12.033642	10.662103	11.273582	11.365668	11.246379	11.81681	12.70201	12.53015	11.854944	11.699844	11.057855	11.440347	11.623019	11.862573	11.65412	12.176812
CAR5A_32361	7.019031	6.856859	7.0982933	6.857086	7.0796037	6.7948656	7.299471	7.3640594	6.5381103	6.9259796	6.1149697	6.742987	6.536304	5.966954	6.7593293	6.770702	6.838209	6.8544073	7.010866	6.5985913	6.671121	6.7082076	7.1074142	7.0983176	6.6240616	6.616368	6.8598247	6.6834054	6.716338	7.32575	6.853138	6.229267	6.670023	6.866572	6.903165	6.585283	6.375484	7.2257347	6.6711683	6.641938	6.236213	6.4247813	6.1548753	6.3544474	7.026419	6.2888765	6.5834355	7.1300073	6.8478312	6.3327103	6.524628
CARS2_32316	3.4029472	2.9880874	3.0622413	3.9713368	3.038847	2.7084813	3.8118882	3.3566325	3.5839908	3.6661186	3.3250897	3.4555352	3.2066107	2.3909085	2.5711837	3.5484548	2.9343114	2.9391065	3.4387813	2.8589911	3.5130224	3.52196	2.8927681	3.4953887	3.7229755	1.275699	3.7323904	3.1498733	3.352018	3.554308	1.9846656	2.5195544	2.967741	3.1694758	2.7081409	3.764007	3.0088224	3.6252677	2.3879235	1.6496927	2.6802902	3.8327506	3.2776825	2.7028143	3.661585	2.4777672	2.7428484	2.7587066	2.9792266	1.8519349	3.474912
CASK_8198	2.8044732	2.3110406	2.6198554	1.8294263	2.204507	2.7084813	1.2043949	2.7953992	1.3212922	1.9721766	1.1946218	3.1430392	0.0	1.6426728	2.8787735	2.1911569	2.2619886	1.2227256	1.5087776	1.2570211	2.4743395	1.2084577	2.2798173	2.9355001	2.7615314	2.6348078	1.1977407	2.0104735	2.3926249	2.1961572	2.4426951	1.4443876	1.7112163	2.3964808	1.7907331	2.5931726	3.0088224	2.8678937	1.9345882	1.0488179	1.4871172	2.0039802	1.588432	2.4022055	2.5012665	1.59992	2.4405787	2.8892338	2.8702326	0.0	2.7617311
CASP1_32985	3.0326717	3.987233	3.831355	3.6430259	3.3762684	4.0201387	2.7802737	3.531564	3.1689827	2.7755125	3.4149964	2.7435865	2.8742359	2.8811386	3.3476372	3.1256318	2.9343114	3.2735412	3.5938473	3.326985	3.5130224	3.0373778	2.075009	4.5465183	3.8569224	2.5203478	2.6264875	2.93812	3.9890406	3.4790516	2.9363732	2.6239645	3.5377576	3.4763536	3.066902	2.4342844	2.0718052	3.8308609	2.7323515	3.0843768	2.0551069	2.3827975	2.1194797	3.4325337	2.1687598	3.6644573	3.3011763	3.119443	2.6239195	3.4312084	3.410996
CASP2_8200	3.5576375	3.1578226	3.831355	3.4874642	3.8066347	3.8226066	3.340682	3.8938673	3.0865276	3.4896183	3.5795677	3.1430392	3.7038848	3.4468794	3.4443936	3.023864	3.574707	3.3697603	4.2358537	2.9909706	3.8749332	3.9467263	2.762189	3.4953887	4.47233	2.5203478	4.5632515	3.4981349	3.352018	2.919921	3.303507	2.8125298	3.335922	3.4055345	3.5178556	4.009233	3.9762692	3.6252677	2.7323515	2.399263	2.4615827	3.326703	3.7052414	2.7028143	3.661585	3.4797902	4.609299	3.2220936	3.7680426	4.3162427	3.9500241
CASP3_8201	5.058514	4.446431	5.347118	5.0959854	5.2130246	4.616441	4.7939124	4.810965	4.522548	4.8828907	4.7077756	4.4831705	5.3977675	4.68716	5.46187	4.996006	4.2140403	5.157071	5.016884	4.916016	4.95172	4.4577565	4.704046	4.848497	4.1457686	4.732318	4.602197	4.9107227	4.803421	4.947421	5.2184687	4.674177	4.9692383	5.067034	5.0701213	4.8103943	4.700005	5.07724	4.5595846	4.7928996	4.9843984	4.6489487	4.5697665	4.8355975	4.637601	5.0216846	5.792034	5.4362245	5.7645707	5.7853985	5.4713736
CASP7_8203	3.9968476	4.478839	4.8178773	3.4874642	4.3568144	4.7336545	4.613491	4.424094	4.4908404	4.26847	4.671753	4.4831705	3.104098	3.537568	4.9710355	4.235235	4.5425406	4.346329	4.5328317	4.25325	4.448411	4.7664943	4.1979237	4.654355	3.791503	3.735168	4.0466323	4.349544	3.854183	4.097743	4.389879	3.8421152	4.2626543	4.514691	4.086562	4.117802	4.3830523	4.7457724	4.6021237	4.178025	4.215834	3.8924718	3.3739324	4.60095	4.82722	4.3066416	5.460108	4.8030634	5.215274	4.6519713	4.1590195
CASP8_32959	1.9974787	2.3110406	3.4974551	2.2723026	2.204507	2.5470278	2.2966683	2.1047523	0.9994701	2.4290519	1.8390311	2.3986237	2.2628205	3.013425	3.0110276	2.3676975	2.841842	1.8748931	2.9574547	1.6252826	3.242334	1.5686922	2.075009	2.2101986	2.4585013	2.9320772	2.7702174	1.7753943	2.7372885	1.7605959	2.6266706	2.004529	1.3312725	1.8741015	2.2295449	2.4342844	1.8332136	3.3854282	2.7323515	1.8765994	1.4871172	3.0402825	2.1194797	2.2245977	1.9685107	2.3398588	1.8199238	3.4077816	3.0805616	1.8519349	2.65541
CASP9_8204	3.5576375	2.6889215	3.400333	3.4029047	1.2890483	2.5470278	2.6363633	3.2605107	1.3212922	1.6747757	3.1264923	3.0217755	0.0	1.2719984	2.8787735	2.6667733	2.2619886	0.7371988	2.708643	1.9183995	2.778033	3.437199	2.2798173	2.2101986	3.65103	2.6348078	3.8009534	1.4944088	1.9388802	3.4790516	3.0694053	1.4443876	2.6569214	2.6625395	2.2295449	3.0961545	3.2219887	2.737684	1.9345882	2.399263	2.5750768	3.4902585	2.506785	2.7028143	2.8894746	2.0168164	3.3011763	2.6151845	2.7523265	1.5643196	3.0404751
CAST_8205	7.4478674	6.7809167	7.3269095	7.4694223	6.262895	7.0497165	7.49991	7.480642	6.1588264	6.8085995	7.276286	7.1498384	6.5164833	6.076881	7.2951407	6.6219087	6.925282	6.81222	6.8276534	6.0364113	7.2296185	7.264165	6.4555526	7.5154953	7.1464396	5.8182697	7.41899	6.423176	6.716338	7.625302	6.7279024	6.117457	6.879594	7.125342	6.679074	7.6786833	7.416321	7.18259	6.467661	6.274665	6.1194544	7.3271995	7.4173875	6.5272083	7.4769425	6.3530197	6.770621	6.3977003	6.375974	7.0671854	7.50916
CAT_8206	11.872464	10.971515	11.131581	11.905299	10.244315	11.117488	11.925344	12.051574	10.060312	11.37086	11.659426	11.597551	9.994131	9.746803	10.986072	10.488445	10.834236	10.713969	10.683778	9.631741	11.058725	11.915234	10.230684	11.1960535	11.156887	10.123075	11.640611	10.268965	10.459555	11.867674	10.391309	10.27766	10.524068	11.375077	10.275616	11.920861	11.920139	10.862162	10.248963	10.490968	10.4746065	12.378767	12.068707	10.350056	12.038421	10.704921	10.678554	10.863712	11.027058	10.8333845	12.168983
CAV1_32536	2.675235	3.9414568	4.9609766	3.0042105	3.7302246	3.6740885	3.5154157	4.016648	2.9990726	4.03112	3.4149964	3.1430392	4.0729947	4.223962	4.3765597	3.6199527	3.787982	3.9074347	4.4939694	2.3701787	4.6858673	3.1481903	3.411482	4.848497	4.7384453	3.100898	3.5846395	3.7133195	3.923187	3.315628	3.5048723	3.1287267	3.335922	4.844166	3.1690745	3.764007	3.3178172	4.565594	3.3467786	3.334152	2.4615827	3.2374017	2.506785	2.8324869	3.2840576	2.6036353	4.881152	4.8678265	4.0437536	4.4514565	4.8064847
CBR1_8208	4.950942	4.9640923	5.6723776	4.830612	5.5606346	4.9749804	4.613491	4.8772855	5.1887937	5.3387294	4.5968914	4.9164205	5.522252	5.0372314	5.2902575	5.219618	4.785323	5.44903	5.1970515	5.1315656	4.921047	4.899171	5.158074	4.722014	4.8062587	5.153059	5.114319	4.9953613	4.9092603	5.248683	5.4312	5.5951605	5.629935	5.219322	5.2440724	4.5251174	4.6270533	5.412101	4.6434445	5.302978	5.0447555	4.8124704	4.6488495	4.8355975	4.766741	5.2115946	6.167067	5.9663424	6.3659725	6.210925	5.2699165
CCDC80_8213	0.6768118	1.9897953	2.2253819	1.1871207	3.038847	2.7084813	1.2043949	1.5756721	1.8065978	2.7755125	1.1946218	1.6491554	2.4416173	2.1818647	2.1797314	1.7560883	1.9438806	2.3223944	2.4077895	0.76129264	2.2945795	1.5686922	2.762189	2.5451083	1.5494484	2.109709	2.4668374	2.5476058	2.7372885	0.67545027	1.9846656	2.406994	1.7112163	2.0700042	1.7907331	2.2557068	2.0718052	3.200062	2.3879235	2.072621	1.2341714	0.68006337	0.7390483	2.4022055	0.6624132	0.5924607	2.7428484	2.455791	2.8702326	3.5159345	0.567391
CCDC86_8215	1.9974787	2.159341	2.4360592	3.2172866	1.9587818	3.1064248	3.4306927	3.2605107	1.9992051	1.6747757	3.1264923	2.7435865	2.0586884	2.3909085	2.5711837	2.914369	1.7539579	2.663456	1.5087776	2.552146	2.9088483	2.3023815	2.8927681	2.6873035	3.122376	2.5203478	3.5846395	1.4944088	2.5752249	3.0294778	1.9846656	2.7213259	2.472159	2.2424579	2.5655518	2.2557068	2.455695	3.097608	1.9345882	2.399263	1.8894439	2.8119028	3.174549	1.7862632	3.8482714	2.1873605	4.320462	2.7587066	3.1752434	2.476957	2.8607516
CCL24_33270	4.8041124	5.074243	4.5724864	4.2865996	4.077273	5.208914	4.057699	4.705393	3.5839908	4.1546707	4.041434	4.7734776	3.9601355	3.3501055	5.7155666	4.280068	4.3876204	5.0155153	5.221047	2.8589911	5.414987	3.8840604	4.430701	5.3325906	5.4606605	3.7855976	5.7211556	3.4981349	5.2687173	4.637135	3.9808064	3.5557184	3.1011837	4.9223433	3.9781444	4.4016967	5.2542853	5.3465996	3.4435291	3.7893128	3.324294	4.109333	3.629271	4.2293363	4.2528214	4.636182	3.8990247	3.4077816	4.4744816	4.362736	4.831115
CCL5_32784	2.5332706	1.5758953	2.7828603	2.7541187	3.038847	1.6211139	2.7802737	1.5756721	2.1691005	1.2997124	2.282898	1.9443585	2.2628205	1.6426728	2.5711837	2.3676975	1.9438806	3.1704433	2.2300112	0.76129264	1.2029109	2.3023815	3.4960926	2.008209	2.279205	2.109709	2.9009168	2.0104735	2.8829715	2.372859	3.303507	1.6561947	1.7112163	2.0700042	1.7907331	2.4342844	1.5471903	1.8155732	2.1789894	1.3803144	1.4871172	1.1403992	0.7390483	0.689121	2.6425977	2.1873605	3.2054758	2.2765746	1.7203709	3.7438102	2.1285868
CCL6_32398	2.675235	3.07545	3.7548423	2.2723026	3.038847	3.1064248	1.851524	2.6512198	2.4585645	2.6126575	1.5525111	2.7435865	3.104098	2.8811386	3.4443936	1.9899611	2.9343114	3.5448534	3.2650185	2.1619017	2.9088483	2.482375	2.6186037	3.5707264	2.7615314	2.7408507	0.7197537	2.5476058	3.539506	1.9947519	3.0694053	2.7213259	2.2602103	3.2525284	3.066902	1.1754036	2.6150863	3.6252677	2.570392	2.5384767	2.956486	0.0	1.588432	1.5043167	0.6624132	3.6054895	2.992627	3.2220936	2.1514747	3.3411944	2.65541
CCNB2_8223	3.2296562	3.7422786	4.616394	3.8488257	3.038847	3.7502577	4.6883883	4.1832037	2.1691005	3.8233604	4.096819	4.119342	3.104098	4.427398	4.1077867	3.9323316	3.254318	2.5029805	3.1696014	3.2234385	4.215484	4.2247515	2.2798173	4.5465183	2.8921008	2.9320772	3.504673	3.9579048	4.052019	3.554308	2.7898166	2.7213259	3.335922	4.3733993	3.8609118	3.9517226	4.0892115	3.097608	3.2430704	3.1725283	3.9888737	3.4902585	2.3260906	4.131929	3.2840576	3.6054895	4.532502	3.8538375	3.0805616	3.671778	5.214828
CCNC_32560	7.0967984	7.299347	7.8248167	6.896278	7.5652823	7.553447	7.066621	7.453727	7.307286	7.420377	7.3635545	7.3457317	7.6149316	7.590414	7.4719563	7.551963	7.4681244	7.4790125	7.73643	7.7251115	7.8008823	7.3765507	7.266423	7.421958	7.341897	7.127221	7.1760435	7.3836794	7.4001894	7.3576136	7.348149	7.4642615	7.4163284	7.4139714	7.764684	7.27774	7.3037996	7.501277	7.493782	7.0260134	7.094838	6.6663175	6.8082094	7.290244	6.593464	6.584386	7.4921875	7.6553125	8.005154	7.6249084	7.2868156
CCND1_8224	1.9974787	3.07545	2.6198554	3.4874642	2.204507	3.2179284	3.743284	3.0466177	1.5842559	1.6747757	3.4996274	2.3986237	2.2628205	3.013425	3.3476372	3.023864	3.1031692	2.9391065	2.4077895	2.3701787	2.4743395	3.1481903	2.075009	3.1471999	2.279205	2.9320772	1.8430203	2.5476058	3.1364734	2.919921	1.9846656	2.6239645	2.8206856	3.4055345	2.5655518	3.8293307	3.2219887	2.594546	1.2698381	2.8900583	2.0551069	2.5404441	1.588432	2.4022055	3.3678806	2.719398	1.5350422	3.49237	3.1752434	2.6368403	1.769436
CCNH_8229	5.2747087	5.4129605	5.4232535	4.6219993	4.935233	5.181664	4.534491	4.9406905	4.45842	4.9526534	4.9068465	5.221896	5.3312507	5.0679846	5.6358576	5.148863	5.13622	5.0155153	5.5399957	5.0430994	5.58115	4.6583104	5.3746824	4.8179007	4.386319	5.03295	5.0594006	4.9107227	5.6609626	5.0288363	5.7414494	5.0750184	5.1025486	5.1122093	4.712268	5.048467	5.046196	5.130104	5.2893295	4.84748	4.94271	4.613897	5.049438	4.406396	5.2808566	4.952388	6.3460236	5.8267083	5.6205697	5.991775	5.5176296
CCP110_8230	2.5332706	2.4482956	2.2253819	2.6106799	2.4144073	2.7084813	2.091197	2.4910152	0.9994701	1.9721766	1.1946218	1.9443585	2.2628205	0.0	2.3886938	1.9899611	1.2772086	2.1159258	1.5087776	1.9183995	2.4743395	1.5686922	1.1924393	2.38735	2.074421	1.9419785	3.0207527	1.7753943	2.1835182	2.372859	1.9846656	1.4443876	1.3312725	2.6625395	1.7907331	2.8664734	2.2764814	1.176321	1.9345882	1.6496927	1.4871172	2.3827975	1.8782536	1.153547	1.9685107	1.59992	2.7428484	3.4077816	2.1514747	2.911615	2.2793913
CCT2_8233	3.4823647	3.5111294	4.1627893	3.7834342	3.4732254	4.1938534	3.6712542	3.8938673	3.5839908	4.03112	3.4996274	4.05898	3.63202	3.013425	4.047455	3.6199527	3.51607	3.6250265	3.6655471	3.679778	4.16402	4.3690176	3.411482	3.7105362	3.7229755	3.3220272	3.4200125	3.3344872	3.4488056	3.6939778	2.7898166	3.3879275	3.7147906	3.6083453	3.5178556	3.9517226	3.1193392	3.7655318	3.8487759	3.4086447	3.563121	3.5655706	3.9117455	3.512115	3.3678806	4.02099	4.1250777	3.572272	3.9397032	5.15301	4.341534
CCT7_8237	3.9417143	3.7422786	4.2766256	4.464024	3.6495402	3.8915	4.4933076	4.5914803	3.9059012	4.2126923	3.9238462	4.5722427	3.30232	3.1345942	4.047455	4.280068	3.1031692	4.1969485	4.0871205	4.0862064	4.215484	4.1732683	3.7922184	3.2424362	3.7229755	2.9320772	4.350994	3.6450963	3.4488056	4.329629	3.9808064	3.5557184	4.0807066	3.6700726	4.4123907	4.564018	4.0338454	3.8308609	3.7000437	4.260792	3.7194197	4.716597	4.1478653	3.9722536	4.2528214	3.8281465	4.226075	4.627166	4.1408014	4.614036	3.9943156
CD320_8242	3.8246934	2.9880874	3.400333	3.1146789	2.204507	2.3652024	2.911122	3.1575243	3.1689827	3.0546732	2.077968	3.5462768	2.8742359	2.8811386	3.7009227	2.3676975	2.636965	3.6250265	2.4077895	1.6252826	2.778033	2.9173408	2.4591324	3.3317733	3.3209047	3.252017	2.4668374	2.5476058	3.1364734	3.0294778	2.7898166	2.284903	2.2602103	3.1694758	1.7907331	3.764007	3.1193392	3.6252677	2.8779507	2.7821121	2.5750768	2.930607	3.0634718	3.0613632	2.3445714	2.6036353	3.8365083	2.7587066	2.1514747	3.3411944	2.9534101
CD36_8243	1.7631619	2.4482956	4.480447	1.1871207	2.9062183	3.9572527	1.2043949	3.2605107	1.9992051	3.3925493	2.077968	3.0217755	3.4765677	2.7354863	3.0110276	3.4732275	3.4549482	3.3697603	3.5183966	2.713711	3.8749332	2.482375	3.980205	4.8179007	3.791503	2.2599542	2.6264875	3.047878	3.781712	3.1312993	4.284343	2.6239645	3.1011837	2.9874854	2.2295449	2.0518599	2.2764814	4.843981	4.0465603	3.1725283	2.6802902	3.326703	2.1194797	3.587535	2.6425977	3.3420844	5.3300095	4.4268055	5.050195	6.1191134	4.8064847
CD37_33149	2.375796	2.7956865	2.9293032	1.8294263	2.597612	2.7084813	2.911122	2.3107724	2.1691005	2.4290519	2.077968	1.6491554	2.0586884	1.6426728	2.5711837	2.914369	2.2619886	2.9391065	1.7911546	2.1619017	1.5622083	2.786402	2.4591324	2.9355001	2.8921008	2.9320772	2.2872965	2.5476058	2.7372885	2.372859	1.9846656	2.004529	1.7112163	2.0700042	2.2295449	1.5299913	2.2764814	1.8155732	1.9345882	2.7821121	2.2036915	1.1403992	1.588432	2.8324869	1.1146706	1.823375	2.4405787	1.8332981	2.1514747	3.940554	2.2793913
CD4_8246	2.8044732	2.3110406	3.5884495	2.2723026	2.7601511	1.9138626	1.2043949	1.8643311	1.8065978	2.4290519	2.282898	2.7435865	1.1804214	1.2719984	3.1321692	2.3676975	2.1116846	2.8078547	2.838406	1.2570211	2.9088483	2.9173408	0.7160639	2.5451083	3.65103	0.5594628	2.4668374	2.6898494	2.8829715	2.8013556	2.2317815	1.4443876	2.6569214	2.6625395	2.5655518	2.0518599	2.0718052	3.2957203	0.7703406	2.6654315	1.8894439	2.3827975	1.588432	2.4022055	2.1687598	3.0196002	2.0577211	3.119443	2.4829574	1.8519349	2.2793913
CD48_8249	3.0326717	4.478839	5.651426	3.1146789	5.0653367	4.532649	3.141831	4.332506	4.208451	4.6507454	3.0159018	3.8610783	5.3977675	5.6179037	5.438569	4.884291	4.3876204	4.923396	5.24465	5.2679276	5.1499085	3.437199	5.183811	4.9924426	5.0495234	4.7828455	3.504673	4.9107227	5.0078626	3.759049	5.0675874	4.436806	5.0037384	4.78959	4.6069818	3.1985953	3.3178172	5.8024487	5.0336547	5.3415184	4.8778276	3.4902585	3.2776825	5.1903563	2.9986892	5.1916866	5.6896486	5.616645	5.0249915	5.7853985	3.9500241
CD53_8250	3.0326717	3.9414568	4.039196	1.8294263	2.4144073	3.2179284	3.5154157	3.3566325	1.9992051	2.7755125	2.462306	2.1892972	2.2628205	1.2719984	3.7009227	1.9899611	2.5224707	3.4599617	3.2650185	2.1619017	3.6688373	3.3471458	0.7160639	4.258289	3.5753076	1.5335042	3.5846395	2.0104735	1.6441145	3.0294778	1.9846656	2.1515164	0.0	3.6083453	0.6915133	3.0961545	2.0718052	3.200062	1.2698381	1.8765994	2.3383918	1.488839	2.506785	1.153547	1.735917	2.8265579	1.8199238	2.455791	2.1514747	3.031582	3.3441162
CD68_8251	4.6055846	4.8937244	6.0539575	4.0289	4.7150254	5.235658	4.00006	5.0014257	4.2843966	4.986309	4.096819	5.1657577	4.4937305	4.427398	6.118846	5.0996885	4.708847	5.5345488	5.558947	4.701566	4.8897076	4.8343573	5.158074	5.515315	5.638614	3.834324	4.350994	4.5115843	5.419629	4.637135	4.825725	3.752821	4.8976593	5.0897985	4.4123907	2.8664734	3.9762692	5.454173	4.6434445	3.996721	3.9888737	3.4902585	4.201315	4.6719747	3.3678806	5.109188	5.1098113	4.8991494	5.3833585	5.4826813	4.4725537
CD74_8252	7.713644	8.208011	8.258033	6.9039903	6.621284	7.477051	6.7101216	8.213304	6.5611935	7.6318517	6.7716646	6.1455207	5.919392	6.106809	8.27418	6.465722	7.475837	7.3957567	7.257026	6.051607	7.1458807	6.4076567	6.988322	7.0919385	7.7518463	6.7556996	6.6803727	6.7498813	6.940935	7.054827	6.7773647	5.9962473	6.523165	8.025928	6.617156	6.7795944	7.8360047	6.8615804	6.5994883	6.7097993	5.723678	6.789237	6.970944	6.1331935	7.2416854	7.0390153	7.01602	7.366886	6.9179664	7.2011538	7.6438594
CD81_32607	7.3506866	6.6659913	6.9939723	7.5938416	7.232849	7.042161	7.624343	7.930567	7.5106983	7.749222	7.538769	7.5998917	6.603606	7.558283	7.187435	7.392671	6.7582464	6.518902	7.487169	7.212782	7.6686487	7.4213715	7.1406493	7.520254	7.823145	6.967108	7.239178	7.56539	7.3128824	8.329304	7.437016	7.0092053	8.201602	6.924707	7.74414	7.813934	8.070737	7.6122756	7.3883505	7.6880136	6.626849	7.974526	8.261	7.58064	7.9647727	7.339652	8.129291	8.566501	8.152075	7.639144	8.076107
CD83_32673	2.675235	3.3096738	3.400333	2.0677924	2.204507	2.3652024	1.2043949	2.3107724	2.8064463	3.3925493	2.282898	1.6491554	2.0586884	2.1818647	1.2703954	2.3676975	1.9438806	2.8078547	2.5660443	1.6252826	3.242334	2.3023815	3.2257414	2.6873035	2.7615314	2.2599542	3.2341504	2.5476058	3.2482674	2.1961572	1.6862907	2.6239645	2.472159	2.9874854	2.7081409	1.1754036	1.8332136	2.257008	0.7703406	2.5384767	2.3383918	2.0039802	0.7390483	2.0220141	1.9685107	1.823375	2.0577211	3.0089254	2.1514747	3.4312084	3.273985
CD86_32871	1.9974787	2.5736196	3.1839569	1.1871207	1.9587818	3.1064248	2.2966683	2.7953992	1.9992051	3.0546732	2.077968	1.9443585	2.4416173	2.7354863	3.0110276	2.7958763	2.7430372	3.0594068	2.5660443	1.6252826	2.0891902	1.8567106	2.6186037	2.8167326	2.7615314	2.5203478	3.0207527	2.93812	2.8829715	1.4809296	2.4426951	2.8983095	2.472159	2.7791781	2.9569383	1.1754036	1.8332136	2.737684	2.3879235	2.5384767	2.3383918	1.1403992	1.588432	2.8324869	1.4584783	2.719398	3.3909214	2.455791	2.7523265	2.911615	1.2901436
CD97_8254	5.058514	5.9865913	5.848391	4.505169	5.2948856	5.386482	4.5745316	5.1696496	4.9297123	5.600164	5.2377234	5.0150394	5.375934	4.7643	5.8274364	5.392909	5.7204866	5.51364	5.8633523	5.2679276	5.832576	4.7664943	5.5232043	5.571419	6.027576	5.1141233	5.532412	5.2690854	5.4895506	5.478582	5.5946484	5.1292453	5.7567186	5.156013	4.7457223	4.873696	4.7351427	5.629645	5.389877	5.070365	4.7385936	4.3835616	4.60985	4.804324	5.04658	5.2115946	5.460108	6.3531556	6.0658164	6.035482	5.214828
CDC20_8255	2.375796	2.5736196	3.2961977	2.884577	2.4144073	2.7084813	4.6514254	2.9264696	1.3212922	2.6126575	3.9238462	2.1892972	1.1804214	1.9373132	2.3886938	2.7958763	2.2619886	1.5853512	1.1573405	2.1619017	3.4283133	2.0966876	1.5499562	3.0452297	2.074421	1.7521499	1.5561608	2.5476058	2.1835182	3.2264056	1.6862907	0.8958736	1.3312725	3.0813484	1.7907331	2.8664734	3.9762692	2.435626	2.3879235	1.6496927	2.8701653	2.0039802	3.0634718	2.4022055	2.5012665	2.3398588	2.992627	3.719913	2.4829574	2.7807593	4.5338564
CDC25A_8256	3.2296562	3.3096738	2.9293032	2.6106799	1.2890483	3.2179284	3.4306927	2.4910152	1.9992051	2.6126575	3.4149964	1.6491554	0.0	0.77186805	2.1797314	1.9899611	1.7539579	2.9391065	2.027206	1.2570211	3.0287817	3.7499197	1.5499562	2.8167326	3.011828	1.275699	2.0821931	1.1451283	1.6441145	1.9947519	1.9846656	1.4443876	2.472159	2.7791781	1.1570135	3.3839397	2.6150863	1.5310675	2.1789894	2.399263	1.70226	2.930607	3.2776825	1.5043167	2.6425977	1.823375	3.7027097	1.8332981	2.3267155	3.2451882	2.5406258
CDH1_8262	5.340128	3.6878698	4.855005	5.702634	3.4732254	4.80682	5.349945	6.080765	3.0865276	3.8959892	5.135637	4.950048	2.4416173	2.1818647	3.7772083	2.6667733	3.4549482	3.9074347	3.4387813	1.6252826	4.6109753	4.7313266	2.6186037	4.8179007	4.6672864	2.109709	4.9428635	2.5476058	3.4488056	5.478582	1.9846656	2.5195544	2.967741	4.514691	1.7907331	4.777671	4.9891205	3.7655318	3.3467786	3.4794793	3.324294	5.688898	4.60985	3.2588525	5.191657	3.4797902	2.8731365	3.4077816	3.6410902	3.2451882	4.7299657
CDH2_32994	5.182596	4.2724814	4.5272	5.342922	3.7302246	4.488855	5.303049	5.271804	3.458468	3.965136	4.8434935	5.0150394	3.3920732	3.7797458	4.516664	3.6199527	4.0988927	3.7009778	4.1384206	2.9909706	4.8249087	5.5100365	2.075009	4.5087037	4.963034	3.178435	5.406049	3.4186301	4.225969	5.2026415	3.9808064	3.4460533	3.628988	4.643371	3.6650012	5.0756426	5.34806	4.010777	3.534197	3.334152	3.115025	5.2378244	5.475404	3.659207	5.36486	3.4797902	3.3909214	4.291709	4.582081	3.4312084	5.3055077
CDK19_8265	2.5332706	2.9880874	3.5884495	2.7541187	2.4144073	3.1064248	2.091197	3.1575243	0.58460927	1.9721766	3.1264923	2.3986237	2.6006784	1.9373132	2.1797314	2.3676975	2.2619886	2.8078547	2.838406	1.2570211	2.6341627	3.251095	2.075009	2.6873035	2.279205	0.96157944	3.1313937	0.6833182	2.1835182	3.0294778	2.2317815	2.406994	1.7112163	3.1694758	1.7907331	3.764007	3.0088224	2.257008	3.0101936	1.6496927	2.0551069	2.5404441	2.9431233	2.0220141	2.7713106	1.3353969	2.992627	2.7587066	2.3267155	2.0916321	3.8083558
CDK4_8267	5.6803994	5.8569765	6.2617702	5.975755	6.441255	5.9356394	5.9308004	6.0523405	5.8937755	5.744827	6.046291	5.9925566	6.4657073	6.3514276	6.385745	5.874352	6.002639	5.8164897	6.035604	6.275211	6.431011	5.842197	6.150837	6.0768614	6.096912	5.8182697	5.7211556	6.0271955	6.473405	5.8951893	6.198963	5.6331873	6.144603	5.9979987	6.1766677	6.081163	6.079928	6.340025	6.3602295	5.3974643	5.4237905	5.348582	5.431345	5.9016123	5.816578	5.8163943	7.057723	6.6670074	6.931593	7.1018615	6.304845
CDKN1B_8272	5.64632	4.9640923	5.0911546	5.7717032	4.3568144	5.181664	5.7502966	5.7142267	3.320974	4.732349	5.212871	4.696318	3.63202	3.1345942	4.221371	3.7531235	4.0988927	4.4816837	4.4939694	3.5993342	3.7408574	5.2366967	4.0377917	5.310782	5.183061	2.3960178	5.218256	3.7784617	4.331278	5.9379706	3.1911995	3.6075757	4.6148157	4.7615075	3.4382432	5.984105	5.8102098	4.6763773	3.7000437	3.4794793	3.448644	5.6199064	5.7330236	3.9148438	5.739997	4.269137	3.6308496	4.5103173	3.9926662	4.0582333	5.7420254
CDKN3_8274	0.6768118	1.3137702	3.7548423	2.0677924	0.7839461	1.6211139	3.4306927	1.2144328	0.9994701	0.7915216	1.5525111	1.2775879	2.6006784	3.013425	2.3886938	2.7958763	2.636965	1.8748931	2.838406	1.6252826	2.2945795	2.0966876	1.8362379	2.8167326	1.5494484	1.7521499	1.5561608	1.1451283	3.0152833	1.1336887	1.6862907	0.8958736	1.3312725	2.5356345	2.0267587	2.4342844	2.2764814	2.053109	1.2698381	2.072621	2.4615827	0.68006337	0.0	2.0220141	2.3445714	0.5924607	2.5996156	2.6151845	1.7203709	2.476957	3.0404751
CDO1_8275	11.962206	11.60706	11.5736265	12.304851	11.634136	11.514159	11.925344	11.753541	11.127257	11.5053425	11.491028	11.783617	11.812335	11.368198	11.732067	11.334668	11.821598	11.597859	11.667328	11.780149	11.214663	11.837523	11.234709	11.633899	11.58198	10.835413	11.508462	11.378515	11.460132	12.511751	11.619882	11.818842	11.772092	11.493183	11.392558	11.922031	11.948252	11.208243	11.506346	11.177812	10.95464	12.230451	12.042174	11.125849	11.89789	11.243352	11.329449	11.428763	10.906737	11.007172	11.933197
CEACAM1_8277	7.019031	6.5639496	6.2617702	7.0639963	6.329155	6.269119	7.0525136	6.831654	5.869323	6.563083	7.1045246	6.3482823	5.793284	5.393478	6.28483	5.9175572	6.283173	6.3043566	6.2490277	5.8227477	6.3060107	6.595385	5.970362	6.7869396	6.7839756	6.0317917	7.026581	6.2730393	6.3659687	6.7770424	6.7966843	6.0155706	6.4247494	6.4665623	6.3714175	6.9941874	6.8382707	6.5869117	6.217036	6.105824	5.735934	6.8203206	6.585091	6.655424	7.167602	5.9288993	6.0059757	6.6207814	6.2939477	5.900176	6.3984623
CEBPA_8279	6.023489	5.8321056	6.101078	6.7239985	5.5825324	6.256115	6.3204226	6.0086255	5.441908	5.744827	5.9137754	5.9925566	5.137241	5.3187275	5.6960483	5.5838127	5.0354424	4.985458	5.6501427	5.1598887	5.4795613	6.5354824	4.7391872	5.2661505	5.693367	4.510401	6.1470075	5.2462397	4.975738	6.6455545	4.8990626	5.111395	4.7428775	5.9239197	5.5007486	6.3606653	5.8102098	5.9420424	5.896534	5.6331973	5.1400576	6.78136	6.663361	5.393147	6.5759463	5.151027	5.9772873	5.7079153	6.1614394	5.641965	6.3309855
CEBPB_32843	3.318902	2.6889215	2.4360592	2.451389	1.6624343	3.1064248	2.7802737	3.0466177	1.9992051	2.2186248	3.1264923	2.581391	0.7077145	2.1818647	2.8787735	1.7560883	1.7539579	2.663456	2.5660443	1.2570211	2.4743395	3.437199	1.5499562	2.2101986	1.8356827	2.7408507	3.3300724	1.4944088	2.8829715	2.372859	0.79861236	2.284903	1.3312725	3.0813484	1.1570135	3.3839397	2.8891323	2.435626	2.1789894	0.6176906	2.2036915	3.7053368	2.8118143	2.8324869	2.3445714	2.6036353	1.5350422	1.1901431	1.1027291	1.2047167	2.8607516
CEBPB_8280	5.2747087	4.8937244	5.7133894	5.409452	3.9482906	5.261916	5.1524577	5.7850356	4.425254	5.439362	5.898271	5.1657577	4.819067	4.646986	5.791102	4.040521	3.574707	4.4379616	5.044041	3.679778	4.857672	5.77471	4.7391872	4.4299645	4.2468505	4.4175134	5.361342	3.7133195	3.781712	5.2933	3.5959105	4.9399505	4.2626543	5.357059	4.9022617	5.628032	5.205009	4.994124	4.79782	3.546998	4.068561	5.637466	5.0782957	5.1411405	5.236946	4.378847	4.717334	4.5103173	5.363388	3.940554	5.1180644
CEBPB_8282	7.3924055	7.612156	7.941603	7.2449203	7.204887	7.994236	6.942068	7.674943	8.02685	7.9243827	7.9531164	6.997356	7.478164	7.998266	7.5982447	7.392671	6.8441806	7.2067795	7.856183	6.2089834	7.553378	7.233074	7.4631605	6.7549944	7.0307207	7.8766265	7.700497	7.199719	7.142484	7.0418105	7.018594	8.099525	7.004103	7.4049225	7.73584	7.747893	6.8301687	7.535972	8.068509	6.843366	6.9178886	7.136609	7.651434	8.213062	7.252753	7.2021346	8.102974	7.5991983	8.490356	7.6153393	6.7219133
CEBPD_8283	4.495037	5.0311866	5.2389193	4.2865996	3.9482906	5.12557	4.217966	5.390095	3.9532046	3.965136	4.4767704	4.2866096	4.126278	3.7797458	5.0653296	4.091718	4.2504673	5.102104	5.070697	4.0259314	4.721904	4.414069	4.4730663	5.072385	4.5924344	4.510401	5.7561126	4.349544	5.214689	4.8904743	3.911607	4.0809665	4.7014403	4.896752	4.6429377	4.934336	4.2915974	4.779257	4.3756533	3.8440266	3.563121	4.2066507	4.3507204	3.9722536	3.1950624	3.8281465	5.5794387	4.664103	4.8350415	5.179226	4.1974163
CEBPZ_8284	3.6291769	3.2357452	4.3821325	4.6949406	2.4144073	3.8915	4.057699	4.1297936	2.8064463	3.176305	4.4767704	4.2866096	3.104098	2.7354863	3.9186504	2.6667733	2.3981004	3.4599617	2.9574547	1.9183995	3.8094523	4.1198797	1.8362379	4.3031607	3.3209047	1.7521499	4.350994	2.6898494	3.1364734	3.6939778	2.2317815	2.5195544	2.6569214	3.7292666	2.7081409	3.4683857	3.9162993	2.987318	2.1789894	1.8765994	1.70226	4.464495	3.846141	1.5043167	4.114065	2.1873605	3.3011763	3.0089254	2.8702326	2.911615	4.3754215
CEP57_8291	2.375796	2.5736196	3.4974551	2.884577	1.9587818	3.1064248	2.2966683	2.1047523	1.9992051	2.2186248	2.077968	1.6491554	1.5358759	1.6426728	2.8787735	1.9899611	2.636965	2.8078547	2.5660443	2.3701787	2.2945795	3.52196	2.4591324	2.2101986	2.4585013	1.5335042	2.6264875	0.6833182	1.6441145	2.919921	2.2317815	1.4443876	3.1011837	2.7791781	2.2295449	1.8143951	3.6478724	2.737684	1.2698381	2.7821121	2.4615827	2.8119028	3.3739324	2.2245977	3.1002145	2.6036353	3.3011763	1.8332981	2.6239195	2.297121	3.1225834
CERK_8293	3.4029472	2.9880874	3.0622413	2.884577	1.2890483	2.7084813	2.091197	3.68756	0.9994701	2.6126575	3.2292056	1.9443585	2.4416173	1.2719984	2.8787735	2.5249715	2.7430372	2.663456	2.838406	1.2570211	2.778033	2.482375	1.5499562	3.0452297	3.2250526	1.5335042	3.1313937	1.4944088	2.3926249	3.3996527	2.2317815	2.284903	2.2602103	3.0813484	2.0267587	2.736285	3.0088224	2.737684	2.570392	2.2451668	1.4871172	2.8119028	2.8118143	1.153547	2.7713106	1.3353969	3.1029732	1.5472676	2.3267155	2.297121	3.410996
CES1D_32914	9.276021	7.9052973	7.671961	8.859669	6.855138	7.057233	8.906039	9.413026	6.188779	8.330311	9.2093	9.204477	6.103371	5.865568	7.395361	6.103657	7.033763	7.0340014	7.4970293	5.462397	8.370976	9.033564	6.368457	8.010892	8.999066	6.5882316	9.102164	6.473222	6.957479	9.008706	7.0511336	6.4863257	6.670023	8.208625	6.1766677	9.418693	8.290395	7.7537484	7.023899	5.3604093	5.263715	8.712651	9.309734	6.001509	9.42634	5.9878078	6.851884	6.5730247	6.7966256	6.8640056	9.554955
CFD_33235	4.289591	3.6313283	4.740627	3.3130789	3.7302246	4.080398	3.0310833	3.68756	2.905972	3.0546732	3.5795677	3.7885811	3.104098	3.1345942	4.4714575	3.393861	3.4549482	4.0302944	4.1879597	3.111882	4.7570624	4.0644393	3.321599	4.010254	4.2948537	2.7408507	3.1313937	3.3344872	3.7054071	4.097743	4.4398866	2.6239645	2.967741	4.041002	2.5655518	3.4683857	3.7198045	3.2957203	3.9835975	3.1725283	2.5750768	3.0402825	1.2253668	2.951459	1.9685107	4.0654263	4.071798	3.7884288	4.0930934	4.0582333	3.5948293
CFHR1_8295	10.712772	9.9885025	10.44079	10.349607	10.052698	10.793924	10.568599	10.511898	9.638282	10.112245	10.449264	10.477804	10.107776	10.167351	10.295211	9.658688	9.81198	9.904966	10.335799	10.137272	10.517464	10.385995	9.708226	10.493533	10.459173	9.689556	10.395749	10.127678	10.16947	10.759697	10.028364	9.797192	10.092675	10.151188	9.976874	10.355937	10.774039	10.069473	9.887688	9.373176	9.483819	10.334872	10.479918	10.053559	10.380587	9.296139	10.424024	10.189078	9.959133	10.635759	10.460395
CFI_32585	12.297677	11.9257765	12.105735	12.071816	11.51856	12.550987	10.977033	12.341304	11.580612	12.14565	11.084423	12.45964	11.764823	10.437702	11.768147	10.548659	12.176028	11.609608	11.952405	11.642032	12.470971	12.55225	11.498092	12.271793	12.251803	11.446187	12.553319	11.858571	11.633262	12.446733	11.754414	11.837793	12.002001	11.140708	12.142058	12.104417	12.487375	11.966095	11.841482	11.750869	11.694982	11.901257	12.031147	11.651412	11.865813	11.620657	11.728206	11.775064	11.330401	11.8008995	12.225526
CFLAR_8297	3.2296562	3.1578226	3.7548423	3.4029047	3.3762684	3.8226066	3.24468	3.68756	2.905972	3.3925493	3.0159018	3.0217755	2.4416173	1.9373132	3.7772083	2.6667733	3.324341	3.5448534	2.9574547	2.552146	3.242334	2.9173408	2.762189	3.3317733	4.0370674	2.9320772	3.5846395	2.5476058	2.7372885	3.4790516	2.9363732	3.198022	3.7147906	3.7292666	2.0267587	3.548161	3.1193392	3.4698832	3.1313257	2.399263	2.4615827	3.0402825	3.7052414	2.5603254	3.3678806	2.6036353	3.1029732	3.2220936	3.7680426	2.911615	3.7578633
CGRRF1_8300	6.5695624	6.462265	6.689333	6.697618	6.621284	6.4626613	6.411667	6.395598	6.4418955	6.5177712	6.6839633	6.3732853	6.6222725	6.6547017	6.4914274	6.770702	6.075514	6.497763	6.819818	6.7176943	6.4418554	6.350862	6.466079	6.188702	6.356429	6.33244	6.308794	6.5498514	6.605238	6.6018796	6.6343584	6.8460865	6.680724	6.4665623	7.0442853	6.575797	6.295352	6.4789686	6.512955	6.1499224	6.375897	6.513041	6.491643	6.498186	6.5036683	6.4144316	6.5834355	6.7117987	6.4153028	6.701669	6.462924
CHCHD4_8302	1.7631619	3.1578226	3.5884495	2.6106799	4.3568144	2.3652024	1.851524	2.6512198	2.3210802	2.4290519	2.621851	1.6491554	3.63202	1.6426728	2.8787735	3.2206914	3.254318	3.4599617	2.9574547	3.5993342	3.1395056	1.2084577	3.7236884	2.6873035	3.7229755	3.178435	2.7702174	3.4981349	3.1364734	1.7605959	2.9363732	3.6075757	3.5377576	3.0813484	3.6650012	2.4342844	2.6150863	2.987318	3.3467786	2.9904869	2.8701653	2.6825488	2.9431233	3.9148438	3.522194	3.9751415	3.3909214	3.916409	3.2640922	3.5159345	2.7617311
CHDH_8303	5.7622337	3.987233	4.616394	5.45216	3.6495402	4.2474017	5.349945	5.1157255	3.5225942	4.9526534	5.135637	4.696318	3.5563867	1.6426728	4.4714575	3.309873	3.8838544	3.7009778	3.6655471	2.9909706	4.313212	4.899171	3.7236884	4.469871	4.47233	3.100898	5.361342	3.840789	4.170284	5.6427536	2.7898166	3.198022	3.4403665	4.703648	2.9569383	5.3671594	5.101099	4.711492	3.7000437	3.2556021	3.115025	5.1426578	5.0782957	3.1634846	5.4248013	3.6054895	4.532502	3.49237	4.3172674	2.911615	5.728978
CHEK1_8304	3.4029472	2.159341	2.6198554	2.451389	2.204507	2.157111	3.0310833	3.3566325	1.3212922	2.2186248	3.7958171	1.2775879	1.8208362	1.9373132	2.7331607	0.6730612	2.7430372	1.8748931	2.9574547	2.1619017	2.9088483	3.437199	1.1924393	3.2424362	2.279205	2.109709	1.8430203	2.3897877	2.1835182	2.6721666	0.79861236	1.8408495	2.2602103	2.0700042	3.1690745	2.736285	2.8891323	2.8678937	1.6401663	1.6496927	1.4871172	1.769281	2.6673462	1.7862632	2.3445714	1.59992	2.992627	1.8332981	2.7523265	3.2451882	3.651246
CHKB_8309	5.611416	5.290505	5.9376287	6.0747385	4.455044	5.362414	5.3728333	5.767657	4.2843966	4.2126923	5.378467	5.450551	4.2752476	4.3791647	5.6762624	4.59596	4.734792	5.3344693	4.0339284	3.897257	3.7408574	5.402364	4.1464963	4.9078097	5.3961062	4.4175134	5.361342	4.4727483	4.170284	5.497773	4.3380756	4.0809665	4.8604927	5.5167813	3.5178556	5.817026	5.519093	4.994124	4.5157533	3.546998	3.6691785	4.6831694	4.7598963	4.636899	5.9034123	3.9751415	4.365437	5.1798387	4.231731	4.362736	5.4713736
CHP1_33118	3.5576375	2.4482956	2.9293032	1.8294263	2.597612	2.157111	3.24468	2.1047523	2.3210802	1.6747757	3.0159018	1.2775879	3.3920732	1.9373132	2.1797314	2.3676975	2.5224707	2.9391065	2.4077895	1.6252826	2.9088483	2.786402	3.2257414	1.4924659	3.2250526	2.2599542	3.1313937	2.3897877	2.8829715	2.1961572	2.6266706	2.406994	2.472159	3.0813484	2.0267587	2.5931726	1.1900772	3.097608	2.3879235	2.072621	2.5750768	2.2057867	1.2253668	2.5603254	2.5012665	3.0196002	3.7711594	3.0089254	3.7680426	4.113659	1.9601587
CHPT1_33298	7.6245527	6.748055	6.9602942	7.5551825	6.881874	7.1655154	7.0310907	7.693468	6.4335804	7.291691	7.077245	7.227306	6.565533	6.571294	6.7017736	6.730886	6.789528	7.1469355	6.903753	6.375231	7.10553	6.9943795	6.897915	7.5249977	6.50667	6.323934	7.0408263	6.568389	6.7547073	7.373285	6.7076325	6.6436353	6.832387	7.1031356	6.8426104	7.248186	7.013071	7.4397864	6.8317204	6.3332114	6.3442264	7.4465585	7.4563828	6.844084	7.358992	6.3708344	7.4717655	7.8441916	7.756063	7.901759	8.185215
CHSY1_8317	2.375796	3.79471	4.2766256	2.884577	2.9062183	3.5936723	2.7802737	2.9264696	2.5840793	2.7755125	1.8390311	2.1892972	3.3920732	2.8811386	3.0110276	2.914369	3.1031692	2.663456	3.1696014	2.1619017	3.1395056	1.8567106	3.0125036	3.8379865	3.791503	2.5203478	3.1313937	2.6898494	3.1364734	2.372859	1.9846656	2.004529	2.011671	3.331059	2.5655518	3.0961545	3.4076753	2.053109	2.1789894	2.7821121	1.8894439	1.488839	1.588432	2.4022055	1.1146706	2.3398588	2.8731365	3.119443	3.1752434	3.5959594	2.9534101
CIB1_33206	3.9968476	3.9414568	4.480447	3.7149374	4.900788	3.8915	3.8773775	3.8938673	4.208451	3.965136	3.5795677	3.8610783	4.819067	4.474071	4.8701444	4.794435	4.0988927	4.985458	4.5328317	4.8480144	4.7570624	3.52196	5.0779867	4.5087037	4.2948537	4.8074613	3.5846395	4.5115843	4.9092603	3.8809977	5.2184687	4.5734663	4.3723383	3.7292666	4.5322647	4.117802	3.7883198	4.603475	4.6836143	4.5837555	3.8604286	3.8924718	3.7774107	4.364126	4.208036	4.378847	5.6538396	5.5589757	5.7023377	5.5645204	4.4085307
CIDEC_32477	3.7624195	3.8941805	3.9731874	4.5840974	4.305072	4.3970637	4.00006	4.424094	4.208451	4.3221717	4.041434	3.9959817	4.3216715	4.1103654	3.7009227	4.884291	4.2140403	3.9701722	4.4129558	3.8283436	4.448411	3.437199	4.3420444	3.7756684	3.7229755	3.735168	3.9290164	4.01308	4.279584	4.097743	3.5959105	4.674177	5.3097672	3.6700726	5.0701213	4.6747956	4.0338454	4.4867115	5.064406	4.764815	4.94271	4.95933	4.3026175	4.8961816	4.7036157	4.8289404	4.6822133	4.989234	5.2806215	5.01427	4.4085307
CIRBP_8321	4.6055846	4.917564	4.3303432	4.924599	3.1603029	4.3488812	4.6883883	4.909336	2.6995428	4.4722323	3.65531	4.05898	3.104098	2.8811386	4.904565	3.8750339	3.8838544	3.6250265	4.2358537	3.4235945	3.9375708	4.2744603	3.411482	4.469871	4.386319	3.178435	3.9290164	3.7784617	3.7054071	5.1790576	3.8389206	3.4460533	3.7147906	4.896752	3.5933034	4.5251174	4.7694445	4.4867115	4.1647973	3.0843768	2.7783492	4.6831694	4.6488495	3.4325337	4.8565345	3.3420844	3.8365083	4.7352557	3.8275614	4.000593	4.4725537
CISD1_8322	8.406038	8.478269	8.739633	8.792703	8.942066	8.594202	8.362199	8.621493	8.648199	8.6201935	8.473435	8.03151	8.845743	8.703896	8.615448	8.675232	8.651079	8.688249	8.733044	8.584774	8.662784	8.183436	8.944451	8.432968	8.515129	8.8155775	8.582399	8.712966	8.917378	8.590696	8.907338	8.977568	8.909568	8.368439	9.046169	8.824808	8.498986	8.8561735	8.785746	8.792782	8.855152	8.5436735	8.7274275	8.715709	8.8803835	8.662568	9.434338	9.187145	9.480259	9.179242	8.440637
CKS2_8325	4.864649	5.1365104	5.447765	4.7643704	4.547009	4.6565795	5.2297173	5.271804	4.4908404	4.423926	4.9375095	4.614798	5.0571885	4.9408307	5.0954394	4.825013	4.9270926	4.644416	5.016884	5.0123625	5.3702736	4.7664943	5.396859	5.2886386	5.1044307	5.0741076	4.9121966	4.622188	5.214689	4.5293536	5.0990524	4.520345	5.3097672	5.0203977	4.8103905	5.276378	5.1539893	5.3687654	5.340479	4.999828	4.2504177	4.95933	4.8957973	4.7396665	5.1684685	4.693933	5.5009913	5.370696	5.146825	5.603762	5.5770845
CLEC4A_32636	2.675235	2.5736196	3.5884495	1.5437274	1.2890483	2.5470278	1.2043949	3.2605107	1.3212922	2.6126575	1.5525111	1.9443585	1.8208362	2.3909085	1.640813	1.4768263	1.9438806	1.8748931	2.2300112	2.1619017	2.4743395	1.5686922	1.8362379	2.008209	3.3209047	1.5335042	1.1977407	2.3897877	1.6441145	2.1961572	1.3096737	0.8958736	0.8140356	2.3964808	1.5083932	1.8143951	1.5471903	2.737684	0.7703406	2.8900583	2.0551069	1.1403992	1.8782536	2.4022055	0.0	1.0112327	2.992627	2.455791	2.6239195	2.0916321	2.5406258
CLEC4A3_8330	3.0326717	3.3096738	4.22083	1.5437274	4.455044	4.2474017	0.0	2.4910152	1.9992051	3.0546732	1.8390311	0.775823	3.104098	3.013425	4.047455	3.6199527	4.138305	4.24848	4.60755	3.5141387	4.055234	1.2084577	4.3870535	4.6192975	3.122376	1.9419785	1.1977407	0.0	3.781712	2.1961572	4.3380756	2.8983095	3.7957757	0.0	0.0	1.8143951	1.5471903	4.220327	3.534197	2.2451668	1.8894439	2.2057867	1.8782536	3.1634846	2.8894746	3.4797902	4.0164742	3.0089254	0.6542548	4.4514565	0.0
CLIC1_8331	4.198454	4.478839	5.0275335	3.8488257	4.1376824	4.8420568	4.1131234	4.016648	2.6995428	3.7468808	3.4996274	4.119342	3.9002123	3.2463703	4.8348827	3.7531235	4.3876204	4.298234	4.1879597	3.326985	4.6858673	4.0644393	3.8576405	4.6192975	4.7727504	3.3887968	4.9121966	3.7133195	4.170284	3.759049	3.5959105	3.4460533	4.0807066	4.612261	3.7333038	4.117802	3.8537283	4.220327	3.619502	4.044227	3.617124	3.7704499	3.9744961	4.027466	4.419234	3.8788273	5.1098113	4.550328	3.8847218	3.5159345	4.271274
CLIC4_8332	7.7053924	7.2810855	7.422758	7.7302322	6.441255	7.2919474	7.8572335	7.747658	6.2373586	7.0264587	7.760767	7.2341466	6.391478	5.8829684	7.346121	6.7389374	6.6802816	6.714823	6.788044	6.0210533	7.152498	7.582982	6.287681	7.154496	7.498715	6.33244	8.021037	6.7003136	6.6363964	7.629658	6.2418814	6.493234	6.8702755	7.436348	6.7384434	8.081943	7.6869483	7.085549	6.444469	6.578815	6.3601484	7.471249	7.41173	6.9621415	7.9647727	6.3349824	6.753804	7.200849	7.3419733	6.797866	7.497667
CLK1_32739	3.4029472	3.6878698	3.0622413	3.1146789	2.9062183	3.1064248	2.4764907	3.1575243	2.5840793	2.4290519	3.2292056	1.9443585	3.104098	3.2463703	3.7772083	2.1911569	3.0212092	3.0594068	2.838406	2.8589911	2.9088483	2.3023815	3.0125036	3.6423242	3.4953897	2.109709	3.0207527	1.4944088	3.4488056	2.6721666	1.9846656	1.6561947	2.472159	2.887088	2.0267587	3.6955848	3.3178172	3.097608	1.6401663	3.2556021	2.6802902	3.5655706	3.7774107	2.4022055	3.8482714	3.0196002	3.555222	3.4077816	3.1752434	3.2451882	3.651246
CLK2_32549	2.375796	1.7976378	0.7951595	1.8294263	1.6624343	2.157111	2.6363633	3.0466177	1.9992051	1.6747757	2.462306	2.7435865	1.5358759	0.77186805	3.1321692	0.6730612	2.1116846	1.8748931	1.7911546	2.1619017	2.0891902	2.786402	2.075009	2.008209	3.011828	1.275699	2.4668374	1.4944088	0.77274704	2.5302608	1.3096737	1.1960433	1.7112163	2.2424579	2.4073083	1.1754036	2.455695	2.257008	0.0	1.3803144	1.4871172	2.3827975	1.8782536	2.0220141	2.6425977	1.3353969	1.1797101	1.1901431	2.4829574	1.8519349	2.7617311
CLPX_8334	6.6143227	5.8195076	6.2617702	6.019011	6.221627	6.030333	5.976347	6.8809776	5.2843695	5.8214126	6.167652	6.3482823	5.3312507	5.5322757	6.385745	5.8146553	5.820795	6.052236	6.201576	5.3439584	6.409075	5.8908176	6.227083	6.663313	6.2508674	5.8422933	6.0933423	5.6283746	5.867652	5.693573	5.680354	5.111395	6.0487275	6.320226	5.8929443	6.446445	5.7427506	6.499205	5.771651	5.6331973	5.567866	5.770742	6.0996428	6.0288253	6.593464	5.964532	6.6756043	6.2230525	6.571429	7.0099087	6.501797
CLTC_8337	7.005652	6.679997	7.4040914	6.7413216	6.837034	7.1998763	6.7802825	7.019572	6.0969877	6.574192	7.1112647	6.9482813	6.788505	6.4005814	7.2490053	6.9547973	6.6049123	7.2067795	6.976038	6.0815277	7.1786656	6.8128433	6.7158446	7.375441	6.6973305	6.0525336	6.843664	6.622615	6.940935	7.105749	6.6343584	6.317546	6.277434	7.046077	6.224912	6.754589	7.123275	7.0516953	6.372569	6.537913	6.278719	6.78136	6.682283	6.396997	6.960446	6.7226048	6.666648	6.870349	6.655948	6.4341655	6.969416
CLU_32773	6.036704	5.290505	5.121943	5.7547436	5.397274	5.9678993	5.899617	5.852531	5.0433664	5.858233	5.135637	5.803145	5.3537655	5.2666516	4.761664	5.491516	5.174639	5.5754795	5.221047	5.484961	5.6943073	5.4891353	5.3060308	5.2886386	5.9843163	5.493647	5.685331	6.2035823	5.1868963	5.8951893	5.380885	5.3734603	5.891794	5.156013	5.735333	6.0945106	5.478198	5.6836934	6.24415	6.0370407	5.361875	6.0969267	5.7510586	5.55221	6.4373107	5.854879	6.0059757	6.4620404	6.518234	6.2972417	5.620121
CMBL_32468	5.7937107	4.196571	5.586682	5.14887	5.8037276	5.261916	5.326688	5.561245	4.8063326	5.14373	5.1618433	4.8105626	5.3312507	4.837524	5.46187	4.8549566	5.076602	5.5345488	5.558947	5.4394746	5.2271647	5.402364	5.5232043	5.607645	5.417947	5.03295	4.972892	5.4598856	5.556239	5.225846	4.8990626	4.979849	5.070358	5.4479666	5.701634	5.4731483	4.835695	5.4950523	5.4838705	3.7893128	4.6376967	5.066922	4.927862	4.954324	5.0965776	4.975858	6.368291	5.3252964	5.099319	6.4770637	5.9474792
CNDP2_8341	3.8843899	2.5736196	3.400333	4.1375628	3.038847	2.9855762	3.6712542	3.9565632	2.8064463	3.176305	3.5795677	3.0217755	2.6006784	2.3909085	2.5711837	2.5249715	3.4549482	3.1704433	2.708643	2.3701787	3.6688373	3.1481903	2.762189	3.415899	3.3209047	2.2599542	3.7323904	2.6898494	2.5752249	3.1312993	1.9846656	2.5195544	3.4403665	3.331059	3.2644873	3.764007	3.0088224	3.200062	2.7323515	2.399263	2.7783492	3.4902585	2.506785	3.0613632	3.7265353	1.59992	2.0577211	3.119443	2.4829574	3.3411944	3.3441162
CNKSR3_32548	2.675235	1.9897953	0.0	2.884577	1.2890483	2.157111	2.091197	3.0466177	0.9994701	1.9721766	1.8390311	1.2775879	1.1804214	1.9373132	1.640813	0.6730612	2.1116846	1.8748931	0.0	0.76129264	2.778033	2.0966876	1.1924393	2.5451083	1.5494484	1.7521499	2.7702174	0.6833182	2.3926249	2.372859	0.0	2.1515164	2.6569214	1.8741015	2.4073083	2.2557068	2.6150863	2.053109	0.7703406	2.072621	1.70226	1.769281	1.8782536	0.689121	2.6425977	2.6036353	0.70722115	2.2765746	3.2640922	1.2047167	2.2793913
CNN2_32878	3.1345234	3.9414568	4.432127	3.4874642	4.1376824	4.1938534	2.091197	3.446748	3.2469792	3.8959892	1.8390311	3.4555352	3.837692	3.537568	4.274977	4.091718	3.4549482	3.6250265	3.5938473	3.326985	4.110652	2.786402	3.920224	3.8379865	3.791503	3.735168	4.0466323	3.9579048	4.279584	3.759049	3.6815434	3.198022	4.0807066	3.5438585	3.2644873	2.98588	3.5721645	4.010777	3.3467786	3.7893128	3.324294	3.2374017	1.8782536	3.512115	2.7713106	3.4797902	4.9117966	4.1940618	4.4367547	3.671778	3.5948293
CNN3_32615	6.83461	6.679997	6.9258113	6.435588	7.4803553	6.357004	6.5586505	7.0341806	6.39127	6.872988	7.006702	6.7714806	7.0452185	6.938832	7.001182	6.891196	6.6119294	6.7330275	7.341542	6.782885	7.064018	6.5756927	7.1472054	7.0790944	6.904904	7.2535214	6.6894436	6.85177	6.915758	6.8683467	6.7966843	6.91973	7.0625477	6.839962	6.542978	6.958134	6.592201	7.157344	6.9015064	6.8025074	6.3837075	6.2068663	6.719397	7.031305	6.6614814	6.529929	7.5420127	7.713736	7.8487554	7.748239	6.6953287
CNPY3_8345	5.2061815	4.3445973	4.480447	5.0959854	2.9062183	4.080398	4.6883883	4.551419	3.0865276	3.580566	4.5968914	4.1772795	2.8742359	3.4468794	4.1656966	4.040521	4.016682	4.4816837	2.708643	3.4235945	4.215484	4.3690176	2.6186037	4.258289	4.0370674	2.3960178	4.7825623	4.01308	4.052019	4.975073	1.3096737	3.6075757	3.628988	4.041002	3.1690745	4.8103943	4.2436	3.9532623	3.619502	2.8900583	2.4615827	4.3413258	4.8294463	3.512115	5.2590685	3.1072266	4.2740407	3.8538375	3.9926662	3.8779073	4.4085307
COASY_8346	5.084199	4.1164427	4.5724864	5.14887	3.7302246	4.5751534	5.349945	4.630459	1.9992051	4.03112	4.671753	4.696318	3.5563867	1.9373132	4.274977	3.5484548	3.7375457	4.0880117	4.1879597	2.8589911	4.215484	5.2113967	1.5499562	4.688581	4.871027	2.9320772	4.9428635	3.1498733	3.7054071	5.271164	3.5048723	3.1287267	2.6569214	4.4100404	2.837896	5.3671594	5.046196	3.6971037	3.2430704	3.1725283	3.1882064	5.214615	5.106588	2.5603254	5.4248013	3.8281465	3.7027097	3.6479805	3.7680426	3.4312084	5.8900285
COG4_8348	1.9974787	1.5758953	3.1839569	0.7123662	2.4144073	2.157111	2.7802737	1.5756721	2.4585645	1.2997124	0.0	2.1892972	2.4416173	2.7354863	2.7331607	2.1911569	1.9438806	2.3223944	3.5183966	2.9909706	3.0287817	0.7272255	3.411482	2.6873035	2.279205	2.6348078	2.6264875	2.93812	2.7372885	1.7605959	3.6815434	2.284903	2.967741	1.3782007	2.4073083	2.0518599	2.0718052	3.3854282	3.0101936	2.8900583	2.7783492	2.5404441	2.1194797	2.5603254	2.7713106	1.59992	3.6308496	2.6151845	3.5018787	3.3411944	3.0404751
COL14A1_8350	4.7082605	5.601367	6.069836	4.545173	4.8654995	5.0672064	4.9542584	5.195874	4.0864654	4.9526534	5.08175	4.2866096	4.4102645	4.223962	5.46187	4.5232325	4.834144	5.073815	5.0968685	3.5141387	5.765097	4.8008246	5.183811	5.8232393	5.693367	5.03295	4.9428635	4.657249	5.419629	5.336579	4.968852	3.5019276	4.6148157	5.043904	4.086562	4.99253	5.0179405	5.6836934	4.9372616	3.8440266	3.8604286	4.3835616	4.7598963	4.487392	4.0135446	4.343196	5.283899	5.498905	4.863757	4.724974	4.948328
COL1A2_8353	5.2747087	6.308477	6.7497225	5.90065	5.6669426	5.9356394	6.0204997	6.080765	4.522548	5.744827	6.193289	4.9829097	5.690897	5.5100503	5.594288	5.5475993	5.44992	5.2610955	5.8480244	4.581067	6.575882	5.467927	5.7640386	6.4201975	6.1759424	5.36689	5.361342	4.789545	5.7958717	5.7744856	5.1599956	4.220724	5.5150447	6.0569525	4.7784185	5.910549	5.9211674	5.9567504	5.8084483	4.874015	5.083635	5.8780427	4.8630033	5.0102134	5.236946	5.2312317	6.3572	6.1598	5.4030566	5.327242	6.055942
COL3A1_8354	9.233614	10.105331	10.518055	9.327961	9.660806	9.31825	9.685498	9.73481	8.683691	9.565065	9.472713	8.928991	9.180882	9.168605	9.813643	8.826462	9.303089	9.47158	9.390137	8.407137	10.226681	9.612785	9.623777	10.101831	10.245265	9.600805	8.736945	8.593605	9.945213	9.625276	9.119745	8.067481	8.960953	9.80158	7.7565017	9.036697	9.246076	9.364898	9.259315	8.101301	8.350906	9.30542	8.706784	8.195089	8.661174	8.438055	10.315758	9.760663	9.042144	9.337478	9.674615
COL4A2_8356	3.697336	4.8694844	4.740627	3.4874642	4.900788	4.910049	4.1131234	4.2347074	4.0864654	4.732349	3.9838378	3.5462768	4.851072	3.6228914	4.274977	4.406767	4.016682	4.4816837	4.5328317	3.5993342	4.572019	3.6778624	3.8576405	4.848497	4.5924344	4.5691614	4.350994	4.01308	4.476096	4.286138	4.2285304	3.8847718	4.204518	3.6083453	3.9781444	3.4683857	4.6270533	4.711492	4.6434445	3.8440266	3.563121	3.7704499	3.846141	4.447462	4.3384256	4.693933	5.000007	4.9598265	5.099319	4.6519713	3.7055392
COL5A1_8357	1.483266	2.7956865	1.9785899	2.2723026	2.9062183	1.9138626	2.4764907	3.2605107	1.3212922	2.6126575	1.8390311	2.1892972	2.0586884	2.5734606	2.3886938	2.7958763	1.9438806	2.1159258	2.9574547	1.6252826	1.5622083	1.8567106	1.8362379	2.6873035	2.4585013	0.5594628	2.0821931	1.4944088	1.2732412	2.8013556	0.79861236	0.5163865	2.011671	2.6625395	1.1570135	2.0518599	2.0718052	2.987318	2.1789894	0.6176906	1.2341714	1.769281	1.8782536	0.0	2.6425977	2.1873605	3.2054758	2.7587066	2.7523265	2.297121	1.2901436
COL6A1_33258	5.99669	7.56765	7.547073	6.381372	6.752634	6.6729636	6.2846613	7.070068	6.0864186	6.9854393	6.459387	6.4691777	6.347281	6.6547017	7.130409	6.63059	6.706741	6.6777096	6.8662047	5.891923	7.4551044	6.5149493	6.936275	7.2944164	7.554006	7.11248	6.296973	6.2502565	7.2671638	6.8609548	6.7379313	5.905939	6.8514557	7.0576706	5.6317782	6.382593	6.7292166	7.037928	6.9015064	6.1280417	6.0126963	6.4448667	6.2593746	5.7291603	5.971984	6.022032	7.650473	7.823932	7.004324	6.9952273	6.9859624
COL6A3_33029	4.495037	4.5719104	5.2940326	3.7149374	4.0142226	4.3488812	4.1664968	4.971378	2.3210802	4.6507454	4.3907466	3.3587008	3.9002123	3.537568	4.938183	3.393861	4.058373	3.7009778	3.8614638	2.8589911	5.096006	4.50016	3.65174	4.3031607	5.0495234	3.971344	4.350994	2.5476058	3.854183	4.947421	3.7623768	2.7213259	2.8206856	4.817136	2.7081409	4.0645385	4.2436	4.3146935	3.1313257	2.8900583	2.956486	3.5655706	2.9431233	3.0613632	3.2840576	3.3420844	4.365437	4.2437115	3.8275614	3.3411944	4.621186
COMT_32835	11.849948	10.635642	11.743499	11.988808	11.423945	11.967143	11.767511	11.946168	12.343236	12.316005	11.1631565	11.25529	11.545515	10.620618	12.627856	11.677387	11.00653	10.846856	10.855523	10.3027935	11.15413	11.529643	11.57487	10.637367	11.562196	11.942933	11.965368	11.099015	11.276189	12.018555	11.731695	10.626906	10.215507	11.796048	10.484487	11.77046	11.436673	11.103914	10.349145	10.419583	10.734498	11.110949	11.174915	11.661264	11.215501	11.410657	11.778956	11.630913	11.859234	10.913651	11.048959
COPA_8359	7.012357	6.2719555	7.090531	7.4164863	6.3030148	6.8391385	6.987266	7.1660476	5.8444486	6.5292335	7.0564423	6.826832	5.963979	6.1361294	6.5898933	6.55051	6.1545277	6.3756156	6.1649346	6.2622066	6.819862	6.837858	5.7295046	6.7468963	6.8254213	5.781468	6.671244	6.092694	6.236389	7.01542	6.6662183	6.0155706	6.5350084	6.669093	6.3606615	7.097237	7.1099505	6.4271	6.2838902	5.8357673	5.8530827	6.9383616	6.4808764	6.120553	7.045637	5.8799767	6.422501	6.7890763	6.490882	6.3327103	6.9859624
COPB2_8360	7.5755935	6.4703465	6.7398314	7.2809043	5.8037276	6.915559	7.4789653	6.9899035	5.208422	6.4828286	7.5733495	6.799422	5.9042187	5.7182517	6.641826	6.5413313	6.3264723	6.3756156	6.617743	5.484961	6.828151	7.135569	5.7640386	6.848783	6.767058	4.8554664	7.583728	5.2690854	6.2090154	7.28214	6.077851	5.670237	5.928173	6.8466606	5.751892	7.300955	7.332763	6.373297	5.9303155	5.159351	4.714023	6.6917534	6.6916513	6.0688534	7.167602	5.250605	6.0341043	6.4515142	6.3957725	6.4122286	7.543101
COPS7A_8361	4.198454	4.1164427	4.22083	4.505169	3.5640745	4.3488812	4.1131234	4.2844353	3.8063707	4.0942173	4.810742	4.119342	3.63202	3.3501055	4.221371	4.406767	3.9295027	4.0302944	3.733852	3.326985	4.055234	3.8185487	3.411482	4.010254	3.791503	3.4526122	4.30452	4.0662227	3.2482674	3.9383125	4.170472	3.9262035	3.5377576	3.7861276	4.1873994	4.485139	3.9162993	4.268282	4.722696	4.413313	4.6635904	5.066922	4.60985	4.2756796	4.913435	4.3066416	4.226075	4.769558	4.231731	4.362736	4.3754215
CORO1A_8364	3.318902	4.0746455	3.9731874	3.4029047	3.038847	3.8226066	3.24468	3.3566325	2.1691005	2.7755125	3.4996274	3.2548962	2.4416173	3.537568	3.849662	2.5249715	2.841842	3.3697603	3.1696014	2.8589911	3.4283133	3.251095	3.321599	3.1471999	3.9794827	3.252017	4.206825	3.2451313	3.62484	3.3996527	3.7623768	2.004529	3.1011837	3.6700726	2.2295449	2.8664734	3.6478724	3.6971037	3.0101936	2.5384767	1.8894439	2.930607	1.588432	2.951459	3.3678806	2.6036353	3.3011763	3.916409	3.5731628	3.3411944	3.5361161
CP_8366	10.104903	9.894033	10.180555	9.941043	9.894296	11.005879	10.0929365	10.294771	9.388035	10.016743	9.827104	10.045955	10.010165	9.877334	9.984271	9.79139	10.194452	9.910975	9.937293	9.715225	10.574626	10.003916	9.614345	10.679991	10.354766	9.509989	10.379727	9.9286175	9.696913	10.012318	10.091324	9.654258	10.382943	10.098142	9.904663	9.984251	10.232645	10.452743	9.765515	10.128684	9.626415	10.14306	10.164647	9.896526	10.063022	10.132842	10.283167	10.143212	10.020196	10.5610895	10.326591
CPA3_8367	1.1356703	2.159341	3.1839569	1.5437274	2.204507	2.157111	2.7802737	3.0466177	2.5840793	0.7915216	1.1946218	2.581391	3.2066107	2.5734606	2.5711837	3.2206914	2.5224707	1.8748931	3.2650185	1.2570211	3.1395056	1.8567106	0.7160639	2.6873035	2.4585013	0.96157944	1.5561608	0.6833182	3.539506	1.1336887	0.0	0.8958736	2.011671	2.7791781	2.0267587	1.5299913	0.0	3.200062	1.6401663	2.6654315	0.92724514	1.1403992	0.7390483	2.2245977	1.735917	3.0196002	3.555222	4.089322	3.0805616	3.142335	1.2901436
CPAMD8_8368	10.158024	10.178065	10.534597	10.129633	9.767409	9.974192	10.13622	10.324789	9.286654	10.174702	9.900922	10.331586	9.554575	9.474333	10.4641075	9.717934	9.965726	10.028028	9.871542	9.26209	10.11424	10.244282	9.662048	10.247418	10.090677	9.447737	10.085472	9.606387	9.479318	10.110648	9.821105	9.370787	9.639859	10.234632	9.636923	9.986043	10.385604	10.256441	9.753771	9.264548	8.871908	10.203991	10.213431	9.545727	10.371731	9.548848	10.622918	10.577022	10.870497	10.580891	10.566884
CPB2_8369	9.351994	9.104046	9.352968	9.3004675	9.106007	9.171874	9.253038	9.28145	9.048791	9.168638	8.919811	9.364226	9.477219	9.302328	8.8208885	9.140935	9.112163	9.116926	9.245555	9.234056	9.134883	8.928802	9.186457	9.47076	9.413399	8.848568	9.176628	9.086992	9.105414	8.926113	9.16876	8.965198	9.298025	9.238378	9.352022	9.036697	9.344641	9.050389	9.121715	9.31747	8.79346	8.987146	9.114587	9.049925	9.212013	9.163169	8.960777	9.182379	9.131938	9.422239	9.060471
CPNE3_8370	1.7631619	3.379998	3.1839569	2.0677924	2.4144073	2.7084813	1.5639434	2.6512198	1.8065978	2.2186248	2.282898	1.9443585	2.4416173	2.7354863	2.7331607	2.1911569	2.636965	2.3223944	2.027206	2.3701787	2.4743395	2.3023815	0.7160639	3.2424362	1.1920056	1.275699	2.4668374	1.1451283	2.3926249	2.919921	2.6266706	1.6561947	2.011671	2.5356345	2.0267587	3.0961545	2.8891323	3.200062	1.9345882	0.6176906	0.53686917	2.930607	2.6673462	2.2245977	3.1002145	3.1072266	2.8731365	1.5472676	2.7523265	1.8519349	2.65541
CPQ_33239	7.9864707	7.7645173	7.8341436	8.058596	7.6086125	8.005936	8.126657	7.9029746	7.425211	8.072749	7.7083874	7.657004	7.5085826	7.7647963	7.389297	7.7758675	7.5471225	7.839784	7.7322617	7.6621523	7.6169567	7.7371902	7.622211	7.3164716	7.7604194	7.2400217	7.924462	7.7431636	7.8039713	8.3715315	7.424651	7.614392	8.007002	7.6994743	8.237083	7.952321	8.063843	7.593575	8.041715	8.044029	7.8484206	8.143813	8.149841	7.998405	7.913391	7.970656	7.8376675	7.9563966	7.689449	7.536412	7.795489
CPS1_32421	9.50958	9.102746	9.709085	9.223971	9.071582	9.324492	9.010076	9.822634	8.98336	9.7794075	8.965161	9.6490755	9.147444	8.987421	9.278425	9.663983	9.474566	9.568539	9.479883	8.959803	9.681736	9.00624	9.378394	9.6562195	9.148612	8.784917	9.055569	9.072454	9.001553	9.834099	9.001925	8.986163	9.512373	9.735446	9.255163	8.877876	9.166259	9.609065	9.407589	9.701398	9.658961	9.818759	9.701583	9.538618	9.176131	9.648059	9.17646	9.737021	9.506673	9.177618	9.411253
CPSF4_8372	5.713692	5.905467	6.5827026	6.0747385	5.240831	6.5820994	5.8018064	6.349617	5.553551	5.8762965	5.6054764	5.803145	5.3312507	5.368989	6.217975	5.9175572	5.8684497	5.781932	5.5207915	5.3925066	5.7301364	6.1524553	5.4614143	6.164587	5.9696035	5.263932	6.0517416	5.7950554	6.3026333	6.5840325	5.616557	5.7063594	6.2345014	6.2308826	6.2130017	5.910549	6.107006	5.8661633	5.5933557	5.6175785	5.4685435	6.3307686	6.027489	5.945275	6.160074	5.497613	5.8564644	6.2230525	6.490882	5.9467025	6.195273
CPT2_8374	6.7164	5.714556	6.4063444	6.8003645	5.2130246	6.3324356	6.422677	6.8890367	5.3027477	6.280667	7.2212734	6.8086166	5.1629677	5.156497	6.7687025	5.6364827	5.6403956	5.6540136	5.816872	5.462397	6.3060107	6.5557275	5.7977653	6.70571	5.693367	6.0627937	6.2609177	5.4796085	5.395548	6.263618	5.2184687	5.682379	5.873255	6.220605	5.1720743	7.3518605	6.5825872	5.927182	5.3653893	5.4156413	5.4537797	6.464676	6.6916513	5.4748697	7.132083	5.2115946	6.5052114	5.905945	6.481648	6.9349594	7.385735
CRAT_8375	5.2061815	4.2724814	4.8178773	5.0687976	4.0142226	3.8915	4.9542584	4.668412	3.6994612	4.4722323	5.4006453	4.5283937	3.63202	4.168281	5.2902575	4.406767	4.138305	4.24848	4.872856	3.679778	3.9976015	5.2366967	5.1051793	5.2661505	4.47233	5.383357	5.192965	3.840789	5.214689	3.3996527	4.389879	4.0809665	4.9338927	5.156013	4.9022617	6.040364	4.0892115	5.205937	4.8339643	3.9475968	4.5571055	4.5779715	4.927862	4.9255457	5.6756635	3.927788	5.962726	5.3928714	5.6372986	6.0064917	6.1072617
CREB1_8377	5.158619	4.8448305	5.447765	5.041088	4.935233	5.478927	5.1524577	5.343936	4.0864654	4.564248	4.875518	4.8819904	4.4526014	4.3791647	5.0031567	4.630994	4.6001325	4.719379	4.902835	4.354751	4.572019	5.2860026	4.3420444	5.196502	4.871027	3.971344	4.9121966	4.586254	4.6891985	5.2026415	4.708216	4.043804	4.3723383	5.299631	4.7457223	5.3671594	5.558861	4.8752856	4.470548	3.996721	3.9473164	4.716597	5.019991	4.526246	4.9947867	3.6054895	5.2602787	5.205123	4.8350415	4.614036	4.992671
CREG1_8380	9.09678	8.367962	9.407094	8.975822	8.914275	8.525419	8.833642	9.772327	8.587657	9.120194	9.579857	8.612011	8.448192	8.426799	8.300268	8.525019	8.380226	8.4170265	8.675594	8.5369835	8.5719185	8.54418	9.601273	8.650429	8.527739	9.31347	8.836256	8.51694	8.77063	8.871984	8.907338	8.933802	9.074856	8.414251	9.154447	8.953074	8.561498	8.892964	8.987755	8.123588	8.003464	8.183204	8.640604	8.595256	8.84791	8.808598	9.259222	9.172798	9.335288	9.420867	8.939675
CRELD2_8381	6.446237	5.272131	5.7728004	6.381372	4.455044	6.39309	5.641408	5.948199	4.613693	5.3899226	5.784808	6.2571926	4.786336	4.9408307	5.182173	4.5232325	4.993074	5.3104234	5.3132257	4.538555	6.0179176	6.614812	4.871772	5.3540745	6.994841	4.2480316	6.285054	4.2611446	4.6076946	6.059192	6.2698	4.674177	4.658778	6.0684595	4.2352924	6.292809	6.6300297	5.301219	3.917761	4.7928996	4.832893	6.275765	5.7147603	4.8355975	6.742228	4.7764435	5.540748	5.5589757	5.5159087	5.524181	6.462924
CRIP1_32865	5.1094346	5.5258307	6.514724	5.14887	5.4217744	5.6477447	5.1786733	6.1628246	4.8063326	5.55602	5.784808	4.8819904	5.9042187	6.412613	6.3611703	5.2649307	5.174639	5.672997	5.441312	4.9809566	6.0466185	5.3569393	6.111148	5.997174	6.136968	5.1909714	5.9037127	4.9107227	5.867652	5.478582	5.503528	4.91958	5.0374327	5.749038	4.4534655	5.1542273	5.073909	5.230354	5.209036	5.601789	4.5844727	5.348582	4.2528553	4.447462	5.0209155	4.9989533	6.7195706	6.5534706	5.6372986	6.728547	6.147042
CRK_8382	3.4029472	3.1578226	3.5884495	3.7834342	2.9062183	3.2179284	3.8118882	3.531564	2.8064463	2.7755125	3.4149964	2.889376	3.104098	2.1818647	3.9186504	3.5484548	3.1031692	3.0594068	3.5183966	2.1619017	3.6688373	3.7499197	3.1230586	3.6423242	3.4107835	1.9419785	3.1313937	2.8193185	3.352018	3.6939778	2.7898166	2.8125298	2.6569214	2.9874854	3.2644873	3.8293307	3.5721645	2.8678937	3.2430704	2.5384767	2.956486	4.252953	3.5490766	3.659207	3.9054923	3.5440083	2.992627	4.291709	3.8847218	2.476957	3.8571408
CROT_8384	8.165572	7.7873387	8.612603	7.924738	7.4508977	7.1724534	7.928486	8.106762	8.253972	7.647713	8.49421	8.400259	8.778684	8.253687	8.836573	8.228865	8.08482	7.7621317	9.251392	7.7808857	8.521692	9.07448	8.85917	8.238755	7.835369	8.284295	8.703755	8.115086	8.096874	7.762538	8.481412	8.329232	8.412099	8.30419	8.355583	8.932782	8.992015	8.384867	8.315388	8.534562	7.8624625	8.522566	8.355388	8.271404	8.5354	7.8520036	9.201481	8.816649	9.340405	8.440687	9.069555
CRP_8385	12.65342	12.219401	12.434464	12.562731	11.68373	12.175954	12.626051	12.780798	11.519314	12.06575	12.7380705	12.5296	11.834267	11.522577	12.452113	11.61969	12.131862	11.910601	12.014006	11.328974	12.60274	12.329504	11.742274	12.651811	12.4713545	11.743107	12.2465105	11.728619	11.659093	12.791998	11.722569	11.740441	11.768022	12.822424	11.49386	12.806442	12.796866	12.394891	11.798115	11.842105	11.582839	12.645232	12.931559	11.700014	12.770885	11.777051	11.824966	11.826122	11.855888	11.885931	12.498347
CRYL1_8388	3.4029472	3.1578226	3.400333	3.7149374	2.597612	2.9855762	4.450914	3.0466177	3.0865276	4.4722323	3.1264923	3.8610783	2.4416173	3.013425	3.3476372	3.023864	2.7430372	3.2735412	2.708643	2.713711	2.4743395	3.7499197	3.7922184	3.9550858	2.617958	2.8396301	3.3300724	2.93812	2.8829715	3.1312993	3.0694053	3.4460533	2.6569214	3.4763536	2.837896	3.764007	3.4922628	3.7655318	2.1789894	2.6654315	2.956486	3.5655706	3.9744961	2.4022055	3.9054923	2.4777672	1.8199238	3.4077816	3.0805616	3.142335	3.5361161
CSF1R_33318	4.495037	5.673144	6.0855417	4.830612	4.251405	5.31304	4.00006	5.1429396	4.320921	4.8828907	4.875518	4.1772795	4.0176687	3.3501055	5.2902575	4.794435	5.13622	5.634777	5.2907276	3.679778	5.5613966	4.6583104	4.9337583	5.2433057	5.763282	3.3887968	4.972892	4.214827	4.803421	5.535407	4.3380756	4.436806	4.204518	5.219322	4.8103905	4.4440207	4.867713	5.4332905	4.722696	4.6771235	4.068561	4.058097	4.5697665	4.027466	3.9605298	5.2312317	4.717334	4.0339556	5.2591662	4.218504	4.341534
CSGALNACT2_8391	3.0326717	2.3110406	3.5884495	3.0042105	0.7839461	2.5470278	2.091197	2.9264696	2.3210802	1.2997124	2.077968	1.9443585	1.8208362	1.9373132	3.243922	2.6667733	1.9438806	2.5029805	2.838406	1.9183995	2.778033	2.482375	1.8362379	3.2424362	2.7615314	2.109709	3.0207527	2.5476058	2.7372885	2.919921	1.9846656	1.8408495	2.011671	2.3964808	0.6915133	2.2557068	3.2219887	3.3854282	1.9345882	1.8765994	1.8894439	3.7704499	2.1194797	2.2245977	3.1002145	2.9263053	2.7428484	1.5472676	0.6542548	1.2047167	2.65541
CSK_8392	3.4823647	3.79471	2.2253819	3.7834342	2.204507	3.5085077	3.743284	3.2605107	2.5840793	3.176305	3.4149964	2.581391	1.1804214	1.9373132	2.7331607	2.5249715	2.5224707	2.3223944	2.2300112	1.6252826	3.3383183	3.52196	2.762189	3.7756684	3.011828	2.3960178	3.1313937	2.0104735	2.7372885	3.1312993	1.6862907	1.8408495	2.011671	3.0813484	2.837896	3.6955848	3.7198045	3.2957203	2.7323515	2.6654315	2.7783492	3.326703	4.034631	2.2245977	4.2528214	2.3398588	3.8365083	3.49237	2.9792266	2.6368403	3.7055392
CSNK1A1_8393	6.289462	6.3352737	6.514724	6.101815	6.135372	6.821592	6.3086004	6.7892222	5.713206	6.182456	6.383467	6.5035553	6.1935053	6.0919228	6.832664	6.2232704	5.91458	6.352251	6.3394904	6.00553	6.364175	6.2174373	5.830722	6.7140417	6.201352	5.8422933	6.3664885	5.9725676	6.1382194	6.412619	6.363469	5.729948	6.1599803	6.4752336	5.8627696	6.467116	6.2352614	6.567877	6.0271583	5.8085127	5.7601366	6.2980185	6.1949544	6.2422347	6.315933	5.9046454	6.433103	6.9397745	6.5973086	6.1325927	6.4863734
CSNK2A2_8395	2.375796	1.9897953	2.7828603	2.6106799	2.4144073	1.6211139	2.911122	2.7953992	0.0	1.9721766	3.1264923	3.0217755	1.5358759	1.6426728	2.5711837	1.4768263	1.7539579	2.663456	2.5660443	0.76129264	3.1395056	2.482375	2.075009	2.5451083	3.011828	2.2599542	3.0207527	1.7753943	2.1835182	1.9947519	2.7898166	2.004529	2.011671	1.8741015	2.0267587	2.2557068	3.4076753	2.435626	1.9345882	2.6654315	1.70226	3.326703	2.9431233	1.7862632	3.2840576	2.3398588	2.992627	2.0718946	1.1027291	2.6368403	3.0404751
CSNK2B_32771	2.5332706	2.159341	2.9293032	3.2172866	2.597612	2.7084813	2.2966683	2.6512198	2.1691005	1.2997124	2.765496	1.6491554	2.0586884	2.3909085	2.5711837	2.3676975	2.1116846	2.9391065	2.5660443	1.9183995	2.6341627	2.786402	1.1924393	0.6821822	2.8921008	1.7521499	3.6604056	0.6833182	1.6441145	2.6721666	2.9363732	1.4443876	2.2602103	2.2424579	2.2295449	2.0518599	1.8332136	1.8155732	2.8779507	2.6654315	1.4871172	2.8119028	2.506785	2.0220141	2.8894746	2.3398588	2.992627	2.6151845	1.9519659	1.5643196	3.0404751
CSRNP1_32455	2.1990027	2.3110406	2.2253819	1.8294263	0.7839461	2.5470278	2.2966683	2.1047523	1.8065978	2.6126575	2.282898	2.3986237	0.7077145	0.77186805	1.640813	1.4768263	1.5351875	1.2227256	1.7911546	2.1619017	1.5622083	1.8567106	1.5499562	2.2101986	2.7615314	1.5335042	1.8430203	2.0104735	1.9388802	2.6721666	0.0	2.004529	0.8140356	2.5356345	1.5083932	1.8143951	1.5471903	2.053109	2.1789894	2.399263	1.70226	3.5655706	2.3260906	2.4022055	1.735917	1.3353969	1.5350422	2.455791	1.9519659	1.8519349	2.4159133
CSRP1_8396	4.640628	4.510535	4.779769	4.333043	4.1376824	4.80682	4.9542584	4.4677963	3.9532046	3.965136	4.517932	5.1073456	3.9601355	4.223962	5.034578	4.630994	4.058373	4.4379616	4.4129558	4.581067	4.95172	4.3690176	3.980205	4.010254	4.7384453	4.449145	4.206825	3.7133195	3.9890406	4.1950135	4.170472	4.253646	4.318538	4.514691	3.6650012	4.358093	4.7351427	4.6403866	4.1647973	4.764815	4.144076	4.058097	3.9117455	5.0102134	4.3384256	3.3420844	3.8365083	4.8678265	4.649599	4.0582333	3.8083558
CTCF_32905	4.8939905	4.6593394	5.210552	5.2731752	4.455044	4.910049	5.1257567	4.9406905	3.753906	4.564248	4.671753	5.0464687	3.837692	3.2463703	4.3765597	3.9874403	4.0988927	4.24848	4.2358537	3.897257	4.6109753	5.1856456	3.7922184	4.9924426	4.9330125	3.100898	4.816079	3.3344872	4.170284	4.8904743	3.5959105	3.3273613	3.8724551	4.7615075	3.8609118	5.2527614	4.835695	4.3146935	4.22047	3.4794793	3.617124	4.716597	5.134336	4.2293363	5.236946	3.7756202	4.226075	4.469166	4.973223	4.113659	4.879149
CTH_32463	8.421233	7.651781	8.67881	8.005816	8.182173	8.139392	8.1665	8.635932	7.7704344	8.406869	7.9791417	8.077878	7.360798	7.774152	7.8485913	8.527345	7.905124	7.32551	7.8600082	7.2195253	7.89464	8.277862	8.033058	8.137084	7.9855223	7.5445657	8.190345	7.527994	7.4001894	8.806153	7.6324654	6.91973	8.007002	8.309049	7.824618	8.39136	7.9488153	8.233042	7.775135	8.472969	7.82853	8.328117	8.650246	7.9949465	8.217272	8.21952	7.8175783	8.670005	8.303862	8.371318	8.4839945
CTNNAL1_8399	4.198454	4.031601	4.1627893	4.6219993	2.4144073	4.0201387	3.743284	3.3566325	3.3913584	3.8959892	4.3907466	3.9959817	3.104098	3.013425	3.6203768	3.1256318	3.391122	3.77313	3.5938473	2.1619017	3.0287817	4.0644393	2.6186037	3.7756684	3.2250526	2.5203478	4.439678	3.4981349	2.7372885	3.759049	3.5959105	2.9792736	3.4403665	3.8935378	1.7907331	4.2667212	3.8537283	2.737684	3.1313257	3.2556021	3.3878083	4.424596	4.2528553	2.5603254	4.0135446	3.4797902	3.2054758	3.3179228	3.0805616	2.7807593	3.474912
CTNNB1_8400	6.657736	5.8445945	6.289157	6.6433635	4.6334615	5.851684	6.7630596	6.5253515	4.2843966	5.704953	6.30333	5.8394847	4.851072	4.223962	5.9144597	4.825013	5.076602	5.404291	5.8480244	4.0259314	6.245403	6.5456405	4.593174	6.164587	5.862184	4.732318	6.6247153	4.3917923	5.512124	6.547662	5.0675874	4.5734663	5.164852	6.146537	4.4123907	6.5175333	6.533531	5.4950523	5.1240087	4.70695	4.5007634	6.493889	6.356813	4.526246	6.20635	4.9989533	5.0282516	5.5784564	5.533888	4.6519713	6.82361
CTNND1_8401	7.898725	7.724534	8.295652	7.9323	7.1691546	8.201759	7.9741044	8.282238	6.6500025	7.749222	7.8195662	8.066425	6.813086	6.482766	8.034916	7.275782	7.3639154	7.665916	7.66825	6.167737	7.9789567	7.8232117	6.9133816	8.096234	7.967123	6.4698577	7.916758	6.995691	7.178212	7.9166517	6.687074	6.862187	7.1108246	8.022974	6.9397597	7.88094	8.121415	7.9865785	7.0624933	6.602811	6.524593	7.6199875	7.622336	7.004036	7.991446	7.0990295	7.231767	7.584822	7.775084	7.352816	7.96643
CTSC_32456	9.195825	9.405304	9.735457	9.194403	9.939539	9.394403	9.31344	9.821581	9.370718	9.612983	9.427524	9.602256	10.033015	9.825405	9.582055	9.653373	9.672961	9.733598	9.825329	9.610092	9.926252	9.292223	9.895102	9.947856	9.75005	9.624376	9.4703665	9.727834	9.6670475	9.560583	9.998433	9.594475	9.826095	9.643231	9.71817	9.421343	9.565701	10.0239315	9.517241	9.388211	8.878833	9.145869	9.250745	9.614954	9.440929	9.402806	10.37194	10.2669325	10.024177	10.205363	9.388615
CTSD_8403	6.364748	6.1464405	6.6046686	6.7152586	6.2897654	6.428295	6.6551666	6.9208302	5.9414716	6.372616	6.638029	6.0557013	5.7258396	5.865568	6.37351	6.128386	5.8086314	6.409967	6.306228	5.368437	6.6894374	6.4941196	5.657853	6.70571	6.378874	5.447408	6.768614	6.130612	6.236389	6.671139	6.169625	5.44647	5.835446	6.10244	5.701634	6.796027	6.7972965	6.5582647	5.963324	5.7380347	5.329891	6.596211	6.9240212	5.712411	6.8112273	6.044405	6.3792973	6.2353773	6.345758	6.3558803	7.1169324
CTSK_33244	2.675235	3.379998	3.2961977	0.7123662	3.2723231	2.5470278	2.4764907	1.8643311	2.3210802	2.9218345	2.077968	3.0217755	3.9601355	2.7354863	3.243922	3.2206914	2.5224707	3.5448534	3.9212723	2.713711	3.1395056	2.0966876	2.762189	3.6423242	3.4107835	2.109709	2.9009168	2.5476058	3.539506	2.1961572	3.1911995	1.8408495	2.967741	2.5356345	3.4382432	1.5299913	1.8332136	3.200062	3.0101936	1.6496927	1.70226	2.5404441	1.8782536	1.5043167	1.735917	2.8265579	2.992627	3.6479805	3.0805616	3.2451882	2.65541
CTSS_8404	5.8091955	6.5487647	7.3269095	5.409452	6.3800554	6.702023	4.267662	5.917009	6.3739924	6.372616	5.054033	5.7080765	6.007229	6.2875323	7.078592	6.29055	6.2919374	7.187106	6.873793	6.3872595	6.5560555	5.3569393	6.8343344	6.7790194	6.4861417	6.0421996	5.114319	6.6576653	6.7260265	5.742663	6.8157487	6.3483534	6.783583	6.5591955	6.434324	4.4016967	5.205009	6.9742966	6.84063	6.6800323	6.183496	4.716597	4.60985	6.7404966	4.6709857	6.952934	6.5350447	6.729333	6.7966256	6.728547	5.3402414
CTSZ_8405	5.8245153	5.7281003	6.316034	5.0959854	5.2130246	5.8688707	5.523625	6.080765	4.831867	5.55602	5.715727	5.5850525	4.61052	4.68716	5.46187	4.4854455	4.9494233	5.44903	5.8325324	4.7766476	5.8489633	6.191795	4.593174	5.883578	5.9547386	4.174241	5.9943395	4.4727483	5.4666176	5.865947	4.666819	4.8350935	4.8604927	5.7632694	4.326557	5.276378	5.936344	6.028124	4.869225	4.975528	4.317193	4.6489487	5.265593	4.60095	4.82722	5.044063	4.4090514	5.074023	5.0249915	5.2551312	5.390823
CTTN_8406	5.501332	5.3265657	5.121943	5.931163	4.1376824	4.910049	5.303049	5.456678	4.45842	5.0191975	5.9137754	4.9829097	4.647439	4.223962	5.0954394	4.4854455	4.655514	4.605421	4.570675	4.354751	4.8897076	5.550952	4.3870535	5.2661505	5.1044307	4.318231	5.3838687	4.724913	3.781712	5.535407	4.2285304	4.0809665	4.4742694	4.947489	4.9604125	5.7341747	5.3927565	4.994124	4.5595846	4.3004603	4.317193	5.6548142	5.6000404	3.7926803	5.831418	4.2306314	4.817839	5.018054	5.3017626	5.099104	6.034892
CTTNBP2_33124	5.084199	4.819748	5.3729453	4.464024	4.455044	4.532649	4.724427	4.971378	3.6994612	4.4722323	4.8434935	4.950048	4.177663	4.7262454	4.938183	4.5600543	4.80994	4.4816837	5.357197	3.2234385	5.123209	4.3225136	4.247581	5.2200937	4.9023523	4.014271	4.713098	3.7784617	4.9092603	4.704761	4.4398866	3.6075757	4.14394	5.0203977	4.2352924	4.9637265	4.899036	4.9359283	4.22047	3.334152	2.3383918	3.7053368	4.3507204	4.406396	4.1618156	3.6644573	3.8365083	3.7884288	4.775837	5.0713763	4.4725537
CXCL12_32815	8.502061	9.093619	9.042898	8.746266	9.006253	8.418597	9.2484045	8.865655	8.163851	8.419243	8.051013	8.619867	8.181794	8.270311	8.751672	8.5910015	8.639108	8.715972	8.730956	8.2579	8.598815	8.869384	8.755714	8.583796	8.735509	8.7231865	8.171046	8.418197	9.040897	8.855341	8.891702	7.8798933	8.389446	8.447681	8.286226	8.690621	8.915582	8.690064	8.577667	7.953618	7.822796	8.131474	7.8359575	8.045975	8.920841	7.68048	9.086983	8.911864	9.005568	8.292452	8.208902
CXCL12_8410	4.864649	5.361747	5.0275335	4.830612	5.1557508	4.2474017	5.2545776	5.0014257	4.4908404	4.8828907	4.517932	4.6561337	4.61052	3.8522093	4.761664	4.5232325	4.451598	4.4816837	4.4939694	4.402944	4.448411	5.550952	5.0779867	4.688581	5.1044307	4.7063746	4.350994	4.691478	5.0078626	5.336579	4.934379	3.752821	4.5226555	4.78959	4.370112	5.048467	5.34806	5.050063	4.5157533	3.6732368	3.81494	4.5779715	4.0923586	4.131929	5.0209155	3.8788273	5.2362657	5.1798387	5.1232677	4.4077783	4.234818
CYBA_32388	3.5576375	4.196571	4.616394	3.4029047	4.0142226	4.488855	2.7802737	3.446748	3.9532046	4.03112	3.3250897	3.2548962	4.3216715	4.474071	4.560497	4.4854455	3.8367145	4.4379616	4.712838	4.304893	3.9375708	3.1481903	4.9637804	4.3889227	3.791503	4.8554664	3.2341504	4.586254	4.6891985	3.3996527	4.534984	3.798159	3.7147906	4.1315517	4.570107	2.8664734	2.455695	4.526692	4.6021237	4.6155543	3.7679703	2.5404441	3.0634718	4.406396	2.8894746	3.927788	5.418032	4.929807	5.074966	5.230271	3.0404751
CYBB_32987	5.482139	5.8692527	6.615527	4.7978716	5.001751	5.9678993	4.6514254	5.62053	3.6994612	5.704953	5.1618433	5.473857	4.972431	4.2775726	6.1763225	5.491516	5.3015795	6.5083714	5.8633523	3.9630284	6.142801	5.2615604	4.704046	6.378873	6.1759424	4.055957	5.4494114	4.586254	5.681025	5.4394155	4.934379	4.54715	4.2626543	5.8458295	4.1873994	4.777671	5.2542853	5.9121675	4.4238806	4.5179744	4.2504177	4.541129	4.8957973	4.706218	4.637601	5.6657906	4.881152	4.291709	5.4030566	5.524181	5.4556193
CYCS_8414	3.4823647	3.447053	4.039196	3.4029047	3.5640745	3.3214288	2.6363633	4.379027	3.3913584	2.9218345	3.65531	3.9959817	4.3216715	3.7034492	4.603037	3.1256318	3.180722	3.6250265	4.1384206	4.916016	3.6688373	3.7499197	3.980205	3.6423242	3.8569224	4.055957	3.1313937	3.2451313	3.7054071	3.315628	3.7623768	3.4460533	3.5377576	3.0813484	3.7333038	2.2557068	3.1193392	3.5496664	3.1313257	3.2556021	2.956486	2.930607	2.8118143	2.951459	3.4470994	3.189834	4.4513865	4.291709	4.1869826	4.794461	3.9500241
CYP17A1_32365	1.9974787	2.159341	2.7828603	0.0	0.7839461	0.758765	1.2043949	0.7313985	2.1691005	1.2997124	2.621851	1.9443585	2.2628205	2.3909085	2.7331607	1.4768263	2.5224707	1.2227256	2.027206	1.6252826	2.778033	1.2084577	2.075009	2.5451083	0.7157622	2.109709	0.0	2.2125611	2.5752249	1.7605959	1.3096737	0.8958736	3.5377576	2.3964808	2.2295449	2.5931726	1.1900772	1.176321	0.7703406	2.7821121	2.5750768	2.0039802	3.2776825	2.5603254	2.5012665	3.4125795	4.971199	4.089322	3.9397032	3.7438102	5.1575522
CYP1A2_8416	9.926491	8.102771	8.364859	9.2887335	8.149539	8.654908	9.120696	9.429696	8.222945	8.242514	9.38644	7.950758	7.7052484	7.3107753	7.5282273	7.91384	7.558063	7.8057866	8.12773	7.32959	8.426628	9.225864	7.807451	7.883717	8.671039	7.745828	9.200619	8.133877	7.9097714	9.310874	8.097235	7.07975	8.061241	8.244574	8.082015	9.62132	8.308005	9.138499	8.356348	8.120821	8.3084545	8.763515	8.886814	7.99148	9.2233095	8.066689	7.896309	7.960114	7.411696	8.240489	8.410309
CYP2A1_32717	3.2296562	1.5758953	1.9785899	2.0677924	1.2890483	1.6211139	2.7802737	3.0466177	1.3212922	1.2997124	1.5525111	2.581391	1.1804214	1.2719984	1.640813	1.1302094	1.5351875	0.7371988	1.7911546	1.2570211	0.7233562	2.9173408	1.1924393	2.38735	2.617958	2.109709	2.6264875	1.7753943	1.9388802	2.5302608	1.6862907	1.1960433	0.8140356	1.6473541	1.7907331	3.1985953	3.1193392	2.435626	0.7703406	1.0488179	0.53686917	2.6825488	2.8118143	1.7862632	1.9685107	1.59992	2.0577211	2.455791	1.1027291	2.297121	3.3441162
CYP2B1_32451	4.289591	1.7976378	2.9293032	2.6106799	3.038847	2.3652024	2.2966683	5.195874	2.6995428	3.176305	3.3250897	3.9301062	3.3920732	2.8811386	2.5711837	2.6667733	3.0212092	3.3697603	3.4387813	2.552146	3.1395056	3.251095	2.762189	3.415899	3.011828	2.8396301	3.7323904	3.7133195	3.4488056	3.9934368	3.6815434	4.2858334	4.424204	3.331059	4.0333714	4.4440207	2.2764814	2.594546	2.7323515	2.7821121	2.956486	5.167044	4.201315	1.7862632	5.5909896	5.044063	5.560223	4.929807	5.88152	7.1947427	6.195273
CYP2B2_32473	8.86083	9.172516	9.274638	7.947306	9.161617	8.541586	8.823293	9.084977	8.630119	9.387527	8.455008	8.536545	8.701788	9.359384	9.209545	8.766678	9.103477	8.611607	8.933328	8.214677	9.248877	8.372203	9.063608	9.016539	9.158376	8.932092	8.403789	9.118784	9.16717	8.689982	9.299787	8.986163	8.860997	9.589334	9.052867	8.402135	8.420211	8.643095	8.714828	8.472969	8.806592	8.328117	8.915084	9.087757	8.286219	8.9736185	9.500097	9.36453	9.539304	9.743197	9.130359
CYP2B3_32867	11.04499	11.636761	11.508853	10.573455	11.468725	11.024692	11.045408	11.16035	10.988689	11.434343	10.731066	10.945646	10.986236	11.50372	11.66306	10.952535	11.441636	11.078511	11.327663	10.771697	11.7020035	10.737368	11.366971	11.4169235	11.448086	11.239834	10.818465	11.37753	11.423014	11.034387	11.490536	11.237254	11.148997	11.860142	11.278253	10.62616	10.904202	11.145031	11.105056	11.007381	11.253162	10.454862	10.855124	11.409837	10.450744	10.953474	10.997965	10.964321	10.913621	10.877583	10.522205
CYP2C11_32593	12.94876	12.582919	10.860901	12.309576	12.434258	12.421571	12.402207	12.272314	12.272299	12.700721	11.957968	12.643975	12.159664	12.257819	12.184614	12.086608	12.251544	12.464873	12.30826	12.182557	12.324116	12.279596	12.186279	12.083668	12.241314	12.631204	12.527786	12.374628	12.3026495	12.802285	12.385327	12.566367	11.834218	12.52304	12.563285	12.016871	11.285247	11.722941	11.954302	12.465073	12.877946	12.430519	12.536825	12.08706	12.268992	11.98563	12.956913	13.119105	13.015884	13.1236925	12.723482
CYP2C13_8419	5.501332	5.1160517	9.874165	8.506454	9.429678	4.910049	9.228151	10.2894535	8.630119	5.082807	4.9969473	5.668223	10.309131	10.012921	5.5730453	9.265999	8.424738	9.637811	9.679252	8.459347	9.44758	5.020667	9.404624	10.837954	5.1573243	5.227913	8.144907	5.0225058	5.7958717	9.890549	8.710036	8.700006	8.336292	9.5580435	4.7784185	9.028028	8.864925	9.462172	9.562375	8.730615	4.5007634	5.348582	4.723822	9.718193	9.8842	8.678748	6.3234067	6.1468096	9.731707	6.4875917	9.494561
CYP2C23_32352	2.8044732	2.3110406	2.9293032	1.8294263	3.1603029	2.5470278	1.2043949	2.6512198	1.9992051	1.9721766	2.077968	1.9443585	2.7439313	1.2719984	1.640813	3.023864	2.5224707	1.8748931	2.2300112	1.9183995	2.0891902	2.0966876	3.321599	2.2101986	2.074421	1.9419785	2.2872965	3.1498733	3.9890406	1.9947519	0.79861236	2.406994	3.223322	2.0700042	2.5655518	2.4342844	1.8332136	3.200062	2.7323515	3.4794793	2.956486	3.0402825	2.9431233	2.0220141	2.7713106	3.4797902	3.6308496	2.8892338	3.5731628	3.2451882	2.9534101
CYP2C6V1_33169	10.84307	10.927432	12.084887	10.258547	12.043315	10.928078	11.084497	11.539196	11.236449	11.335796	10.712902	10.411458	12.290517	12.097046	11.048008	11.550754	11.163712	11.637359	11.645329	11.478775	11.630635	10.818675	10.4691305	11.811104	11.249627	11.2998905	10.635206	11.453359	11.277837	11.390034	11.60352	11.489129	11.551904	11.218623	11.232525	10.921701	11.291531	11.833911	11.671502	11.335001	10.265426	10.426103	10.304787	11.467436	10.920343	11.512971	11.684228	11.329505	11.665148	11.967875	11.175171
CYP2D1_32660	7.4626307	6.679997	6.9517508	7.2927027	6.4650264	6.856474	7.4031687	7.2868648	6.1178966	6.751025	7.1179733	6.939937	5.9492693	5.5757246	6.433673	6.4062953	6.5029163	6.340426	6.6086764	6.1816173	6.8848825	6.8624463	6.444949	6.6718926	6.9126167	5.967714	7.1032467	6.7660327	6.328302	7.4041266	6.475601	6.5671234	6.925305	6.749927	6.9397597	7.6198983	7.1298904	6.805805	6.588951	6.702415	6.422137	7.441569	7.5520678	6.555659	7.409315	6.599575	6.5152245	7.274359	6.931593	6.872064	7.050313
CYP2D3_8420	6.893906	6.5563774	6.6370025	6.5965385	6.2897654	6.5290318	6.5685983	7.070068	6.6784306	6.770473	6.6839633	6.8625875	6.301687	6.376214	6.1763225	6.754907	6.4877386	6.409967	6.7960534	6.399189	6.828151	7.181893	6.680123	6.556169	6.7923603	6.33244	6.9903383	6.733547	6.898726	6.875701	6.6450567	6.9094367	7.046089	6.4924216	7.3946652	6.746156	6.813826	6.96705	6.959917	7.219493	7.2438793	6.9939475	6.9240212	7.388412	7.107908	7.265406	7.8731375	8.057034	8.077422	7.639144	7.402267
CYP2D5_32296	0.0	4.2724814	0.0	0.0	2.9062183	0.0	0.0	4.4677963	0.0	0.0	0.0	4.614798	4.0729947	2.7354863	0.0	0.0	0.5602896	0.0	0.0	0.0	5.096006	5.667165	0.7160639	4.2119765	3.8569224	0.0	4.206825	0.0	0.0	0.0	0.0	0.0	0.0	4.2167525	0.0	0.0	4.5102053	0.0	0.0	4.260792	4.317193	0.68006337	0.7390483	0.0	4.766741	0.0	5.2362657	0.0	4.7140985	0.0	5.05673
CYP2E1_8421	10.788941	9.318436	9.762578	10.379649	9.28527	9.082619	9.786973	10.909129	8.916314	8.595872	9.609913	9.012928	8.597162	8.306225	8.034916	8.776489	8.754571	9.027566	9.214516	7.960686	9.665636	9.875915	8.933115	9.249322	9.4759	8.624473	9.611866	9.539842	9.323715	10.481044	8.991484	9.166616	8.776225	9.559064	8.403533	10.239108	9.414044	10.040423	9.134451	8.909613	8.683861	10.08425	9.599519	8.874705	10.194387	9.441253	8.503346	8.966486	9.213683	9.649029	9.728051
CYP2F4_8422	5.778058	6.030979	5.9548326	6.3018746	5.6669426	5.9518595	6.272541	6.149468	5.568818	5.9117594	5.444004	5.976329	5.1110473	5.7182517	5.594288	5.3088636	5.598619	5.358121	5.399867	5.4161816	5.414987	5.7573338	5.878786	5.607645	5.9696035	5.246035	6.1470075	5.592596	5.8850527	5.9238505	6.2835593	5.885079	5.715683	5.9979987	6.224912	5.6820793	6.0099216	5.9121675	5.963324	5.536844	5.5950313	5.390609	5.2145143	5.945275	6.0374436	5.396883	5.8721323	6.172674	5.9634023	5.126309	5.5176296
CYP2J4_32580	5.2061815	4.6873436	4.855005	5.3876147	5.001751	5.208914	4.984295	5.1157255	4.391308	5.3387294	5.4224877	5.275932	4.7185583	4.9072104	4.560497	4.5600543	4.708847	3.8418446	5.122574	4.494753	5.32413	5.629458	4.3870535	5.0462265	5.619891	4.4800982	4.848835	4.724913	4.476096	5.5167127	4.787609	4.979849	5.337082	4.9223433	4.7457223	5.5908422	5.4573073	5.155827	5.0336547	5.0931315	4.6890273	6.2980185	6.27192	4.8662076	5.816578	5.6068783	7.575894	6.47249	7.0550075	7.392573	7.060765
CYP3A1_32809	9.698121	10.041673	9.195432	9.60607	10.476196	9.028202	9.584945	9.806768	10.089053	9.979627	10.368583	9.759879	10.394407	9.842182	9.620095	10.160788	9.948507	10.199027	10.153773	9.927796	10.088592	9.241571	10.193952	10.051763	10.031697	10.545125	9.592655	10.463499	10.401793	9.878702	10.413379	10.342697	10.302952	9.739051	10.219422	10.383384	8.940258	10.154865	10.0917845	10.201862	9.525893	10.204727	9.915588	9.903921	10.174156	9.985975	10.590137	10.601031	10.531079	10.883076	10.066916
CYP3A2_32374	14.26594	15.338715	13.379549	14.543391	15.209587	14.217828	14.894112	15.00721	15.511603	15.24165	15.730466	15.172243	15.276589	14.119571	14.229311	15.299688	15.205578	15.497905	14.913837	14.354324	14.977936	14.603155	14.962801	15.523373	15.222994	15.291349	14.942496	15.564689	15.655727	15.15413	15.149277	15.004991	15.240502	15.098401	14.386921	15.17674	14.045354	15.286948	14.227404	14.744588	14.198808	14.877219	14.969226	14.774857	14.961511	14.8165655	14.7558155	15.045018	15.048783	15.383797	14.890223
CYP3A23/3A1_33326	5.158619	6.041866	4.6590047	5.14887	6.24927	4.8420568	5.303049	5.030861	5.568818	5.7836275	5.9888926	5.4967923	5.9929557	5.73751	5.791102	5.8448124	5.6403956	5.9469924	6.3394904	5.673574	6.2329693	5.2366967	5.8629417	5.853724	5.657097	6.180541	5.4494114	6.191674	5.902246	5.726485	6.093558	5.9568067	6.144603	5.7346654	6.03502	5.75113	4.4266934	5.818643	6.0732465	5.7380347	4.8997808	5.1910257	5.019991	5.6256146	5.3023205	5.1715	6.7453218	6.4302287	6.444111	6.9116936	5.8663917
CYP4A1_33111	6.8117304	5.673144	6.4555206	7.0845027	5.8037276	6.22975	6.9497004	6.265446	5.227787	5.894137	7.380392	6.559091	5.8258595	5.5322757	6.6620865	5.9732223	5.540965	5.7993145	6.2254972	5.925305	6.4739084	6.633981	5.5629745	6.7387524	6.4227424	5.768989	6.7251678	6.215393	6.07897	6.2858696	6.093558	5.645643	5.694719	5.7632694	6.338905	7.9151926	8.091222	7.4810696	5.413955	7.9690857	9.097625	10.107275	10.108047	7.909351	9.996271	9.855245	10.772339	9.958553	10.999423	11.140739	11.133078
CYP4A2_32530	7.824471	9.572297	8.903656	8.027161	7.0796037	8.318945	10.243341	10.9867525	8.230165	9.493727	10.629676	9.465071	9.2694025	8.270311	9.898279	6.754907	8.444525	9.309679	7.619435	6.7176943	9.500406	10.15172	8.47479	9.509569	9.90597	9.209948	8.771526	9.608628	9.41788	9.368049	7.267362	9.152503	8.87271	9.825514	7.368059	11.029867	9.751993	9.257621	8.813165	9.243079	6.7161617	8.918781	10.531697	7.4553747	10.468653	8.174585	9.425074	9.649935	10.287245	10.8047285	10.418852
CYP4A2_8425	3.2296562	4.0746455	3.5884495	3.8488257	1.2890483	2.9855762	6.145386	6.5253515	3.320974	4.518974	5.8507323	4.696318	4.819067	3.013425	4.560497	2.1911569	3.4549482	4.392873	2.5660443	2.1619017	3.9375708	5.5100365	3.2257414	4.848497	4.7384453	3.834324	4.439678	4.8514056	4.8395705	4.7693586	2.2317815	4.4651933	3.7147906	4.703648	1.5083932	6.622615	5.073909	4.6763773	3.7763257	3.6114979	1.2341714	5.0141287	5.9515357	2.5603254	6.0753393	2.719398	4.532502	5.074023	5.3017626	5.461475	6.373527
CYP4A2_8426	2.375796	4.8694844	4.432127	3.1146789	2.204507	3.6740885	5.4821253	6.566133	2.6995428	4.809582	5.9888926	5.1657577	4.22728	3.4468794	5.6762624	1.7560883	3.6310537	4.392873	2.4077895	1.6252826	4.7570624	5.968379	3.8576405	4.469871	5.481552	4.3851724	3.8664052	4.586254	4.728286	4.412865	0.0	4.253646	4.204518	5.4998827	1.1570135	6.233717	5.2298574	4.526692	3.534197	4.55124	0.53686917	4.2066507	6.308916	2.2245977	6.171783	2.9263053	4.320462	4.7352557	5.0249915	5.9467025	5.4072967
CYP4A8_32747	5.058514	3.6878698	3.400333	3.4874642	4.305072	4.532649	4.4072366	3.6116695	3.1689827	4.518974	4.299267	3.5462768	2.4416173	3.013425	3.7772083	3.1256318	3.7375457	3.1704433	3.6655471	5.0123625	3.9375708	2.9173408	1.5499562	2.9355001	2.4585013	4.2116084	4.3960176	3.573486	3.1364734	4.452749	3.8389206	2.7213259	4.9338927	4.4100404	5.4810195	4.873696	3.5721645	4.403265	3.0101936	2.072621	1.8894439	4.3835616	2.1194797	3.587535	3.522194	2.4777672	3.8990247	3.119443	3.1752434	2.7807593	3.3441162
CYP4F4_32350	8.456079	7.40431	7.465398	7.8940873	7.0085926	7.532029	8.126657	7.991721	6.399832	7.4326363	7.8760624	7.8740015	6.496387	6.220675	7.704628	7.0419827	7.313157	7.1604505	7.038136	6.5672135	7.4497423	7.67377	6.6710525	7.7961745	7.602495	6.093144	7.60785	7.2174463	7.0374665	8.422635	6.7676067	6.6804214	7.1343703	7.7467947	6.7794023	8.1884775	8.018213	7.413371	6.8843737	6.5043354	6.524593	8.096985	7.976724	6.76507	7.841906	6.666013	7.2072706	7.1626396	7.295304	6.972921	8.535486
CYP51_8429	7.355968	7.1362214	7.495101	7.6174874	6.3420496	7.3542914	7.550978	7.453727	6.7336597	7.2781677	7.592744	7.0448165	6.631516	6.9553757	7.4662066	7.5473857	7.4209614	7.6468387	7.4921074	6.9299273	7.9714923	8.842856	7.185928	7.7764196	7.690363	6.4148498	7.673322	6.167558	6.915758	7.383639	7.114091	6.668263	6.659242	7.8995585	7.141746	8.085289	8.077598	7.9017086	7.136716	6.9153943	7.5308733	7.7098746	7.541744	6.8593802	7.224924	6.7837253	6.5834355	6.3644214	6.7966256	5.9618835	7.250755
CYR61_32555	2.375796	3.07545	4.779769	2.7541187	2.204507	2.3652024	2.7802737	3.8283224	1.5842559	1.6747757	3.9238462	3.4555352	1.8208362	1.9373132	2.3886938	1.7560883	2.7430372	3.6250265	2.708643	2.1619017	3.1395056	2.6423824	2.4591324	3.4953887	3.9794827	3.100898	3.1313937	2.0104735	4.9092603	2.5302608	1.9846656	1.1960433	1.3312725	4.041002	2.5655518	3.6955848	2.6150863	2.257008	2.3879235	1.0488179	1.2341714	4.3835616	3.174549	1.7862632	2.8894746	1.3353969	4.365437	3.6479805	2.4829574	3.5159345	3.7055392
CYTB_32443	6.551262	7.421085	7.569584	6.3478365	8.185754	6.4398417	6.548634	6.905021	7.747138	7.2507353	6.7019353	6.086267	7.889894	8.515934	7.714362	7.9593453	7.6289525	7.567902	7.87521	7.757908	7.119106	6.451536	8.38056	7.3381953	7.6447845	7.488584	6.223938	7.654846	8.190821	7.0612917	7.7658806	7.39217	7.941773	6.676632	8.001213	6.659005	6.737904	7.819601	7.7469764	7.172165	7.132408	6.9871154	6.773338	7.8454933	7.658505	7.7501945	8.446922	7.8482094	8.027534	8.2467	6.406679
DAAM1_32393	5.2968464	5.1365104	4.8178773	5.8694773	4.547009	4.8764534	5.899617	5.4994187	4.4908404	5.7250276	5.6054764	5.302209	4.4937305	3.1345942	5.263986	5.0226336	5.0967493	4.923396	5.1726503	4.581067	5.300493	5.1327214	4.247581	5.072385	5.6009226	4.5400805	5.73874	4.586254	5.1585584	5.497773	4.968852	4.5734663	5.070358	5.279969	4.8416686	5.628032	5.6537337	5.155827	4.9372616	4.925664	4.8997808	6.071315	5.619805	4.7723575	5.944945	4.665346	5.2602787	5.742866	5.2591662	4.614036	5.620121
DAB2_33094	3.697336	4.1164427	4.7003927	3.7834342	3.6495402	4.080398	3.595438	4.2844353	2.4585645	3.176305	3.4996274	3.8610783	3.7038848	3.013425	4.4247885	3.6199527	3.180722	3.77313	4.5328317	2.713711	4.721904	4.0644393	2.2798173	4.583367	4.5924344	3.3220272	4.30452	2.8193185	3.7054071	3.8213115	3.911607	2.7213259	2.8206856	3.6083453	3.1690745	4.0645385	4.1939507	4.268282	2.3879235	2.072621	2.4615827	2.8119028	3.4641607	3.2588525	3.788687	3.9751415	4.1764603	3.8538375	3.8847218	3.142335	4.3754215
DAG1_8435	2.375796	1.9897953	1.6806879	2.2723026	1.2890483	1.9138626	1.2043949	2.3107724	1.8065978	1.9721766	3.0159018	1.6491554	1.1804214	1.6426728	2.1797314	0.6730612	1.5351875	1.5853512	1.7911546	1.2570211	2.9088483	2.3023815	1.8362379	1.1434783	2.617958	0.96157944	1.8430203	2.2125611	1.6441145	2.6721666	1.6862907	1.8408495	2.2602103	2.0700042	1.7907331	1.8143951	2.2764814	2.053109	1.2698381	2.2451668	0.92724514	0.68006337	2.3260906	1.7862632	3.1950624	0.5924607	3.3011763	1.8332981	2.6239195	2.476957	2.5406258
DAK_8436	4.7082605	2.9880874	3.400333	4.1375628	1.9587818	2.7084813	4.057699	3.7596574	2.4585645	3.176305	3.65531	3.3587008	2.0586884	2.3909085	3.849662	2.5249715	1.9438806	3.1704433	2.2300112	1.2570211	3.3383183	4.0644393	2.075009	3.7105362	3.2250526	1.9419785	3.8009534	1.7753943	2.5752249	4.7693586	2.7898166	2.6239645	2.472159	3.0813484	2.4073083	3.8293307	3.7198045	2.737684	1.9345882	1.3803144	2.7783492	3.7053368	2.6673462	2.7028143	2.7713106	1.59992	1.5350422	2.7587066	2.6239195	2.7807593	4.0790167
DAO_8437	8.28943	7.4294	8.104628	8.514033	8.47631	8.121578	7.9741044	8.692284	8.078428	8.336848	7.67238	8.093009	7.950238	7.949551	7.383208	8.152558	7.861632	7.994934	7.268585	8.453638	7.607356	7.848049	8.315108	8.232968	7.1398835	7.8172617	8.425667	8.013894	8.024133	8.36109	7.5265226	8.635898	8.326104	7.335186	8.742845	7.6962996	7.9525523	8.168167	7.8911777	8.118049	7.972724	8.206921	7.4060497	7.8416476	8.367376	8.224427	8.079547	8.101474	8.375405	8.407806	8.239125
DAXX_8438	5.501332	5.272131	5.7920723	5.513941	4.0142226	5.8166847	5.7149057	5.5409293	4.425254	5.258363	5.378467	5.450551	4.4526014	4.0500264	5.594288	4.8549566	4.512859	4.644416	5.0968685	3.897257	5.32413	5.629458	3.980205	5.12332	5.37393	3.100898	5.790242	4.820807	4.7663426	5.248683	3.7623768	4.436806	4.6148157	5.394112	4.4123907	5.628032	5.2298574	5.4332905	4.5157533	4.413313	4.068561	5.2378244	5.2145143	5.0901866	5.7711186	4.636182	5.2362657	4.929807	5.074966	4.4077783	5.1959877
DBP_8439	5.058514	4.7942214	4.8912005	3.7149374	4.590883	3.8226066	4.892242	5.343936	3.9990063	4.423926	4.5968914	4.9164205	5.636843	3.7034492	4.6443586	4.091718	3.973751	3.9701722	3.5938473	5.673574	4.4047375	4.8008246	4.1979237	4.754689	4.630346	4.014271	4.523225	5.291575	4.728286	8.763183	4.2285304	4.74535	4.14394	3.9443858	3.8609118	4.169169	4.899036	4.6403866	4.0465603	3.4086447	3.6691785	3.8327506	3.174549	3.659207	4.3384256	2.8265579	4.609299	3.8538375	4.1869826	4.575076	5.9808826
DCK_8440	2.675235	2.159341	3.1839569	2.0677924	2.597612	2.5470278	2.911122	1.2144328	2.4585645	2.4290519	2.462306	3.1430392	2.2628205	2.1818647	2.1797314	2.3676975	2.2619886	1.8748931	2.708643	1.9183995	3.242334	1.8567106	2.6186037	2.5451083	2.8921008	2.109709	2.7702174	2.2125611	2.5752249	2.5302608	2.6266706	1.4443876	2.2602103	2.2424579	1.1570135	1.8143951	2.8891323	3.4698832	2.8779507	2.6654315	2.3383918	2.0039802	0.7390483	3.0613632	1.4584783	2.3398588	3.7711594	3.2220936	2.7523265	2.0916321	2.7617311
DCP1B_33178	2.9230795	3.79471	3.9731874	3.4874642	4.305072	3.3214288	3.4306927	3.1575243	3.753906	4.2126923	3.2292056	3.2548962	4.4102645	3.7797458	4.047455	4.1411605	4.016682	3.77313	4.2358537	3.897257	3.6688373	4.1198797	4.0931673	3.8379865	3.791503	3.735168	3.4200125	3.7133195	3.62484	3.9383125	3.7623768	3.752821	4.318538	3.840832	4.6069818	2.8664734	3.2219887	4.711492	4.1647973	2.7821121	3.0379322	2.5404441	3.0634718	3.8550549	2.6425977	3.2679667	4.7516193	4.700118	4.0930934	4.614036	3.273985
DCUN1D4_8444	4.1011696	4.1164427	4.855005	4.1889715	4.305072	4.080398	4.217966	4.016648	3.642881	3.580566	4.041434	4.2866096	3.3920732	3.4468794	4.4247885	3.6199527	3.574707	4.143508	3.4387813	3.8283436	4.3597	3.6778624	4.0931673	4.3889227	4.0370674	4.014271	3.7323904	3.840789	4.5213094	4.2412953	3.8389206	4.0809665	4.5694714	4.514691	3.9781444	3.9517226	3.6478724	4.0660863	4.1647973	3.7893128	4.0292673	4.058097	3.9117455	3.659207	4.532545	4.343196	4.717334	4.8991494	4.8350415	3.8779073	4.234818
DCXR_8445	7.0322866	7.0032916	7.6135783	7.214232	7.33313	7.1087775	7.18127	7.3407445	7.27041	7.1724896	6.6097493	6.8888345	7.052119	7.043122	7.0404058	7.3086114	7.110085	7.3074007	7.308327	7.372578	7.3087616	6.778801	7.3986855	6.9858365	7.1332974	7.1223245	7.220526	7.615276	7.3819203	7.1907544	7.5207253	7.3622937	7.5853148	6.974487	7.3946652	7.2180147	6.8859515	7.579388	7.7517076	7.500631	7.339342	7.3053946	7.1310077	7.665757	7.31215	7.3620915	7.65953	7.985873	7.450075	7.2202177	6.847952
DDB2_8446	3.7624195	3.447053	3.6740434	3.9713368	3.5640745	3.5085077	3.8118882	3.8938673	2.905972	3.288475	3.4996274	3.9301062	2.7439313	1.9373132	3.243922	3.309873	2.2619886	3.4599617	3.9212723	3.111882	2.2945795	4.414069	3.321599	3.5707264	3.65103	2.5203478	3.7323904	3.2451313	3.2482674	3.759049	2.4426951	2.8125298	2.6569214	3.6083453	2.837896	4.117802	3.8537283	3.097608	3.1313257	2.8900583	2.6802902	3.6371455	3.2776825	1.153547	4.114065	2.719398	3.3011763	4.1940618	3.5731628	3.5959594	4.4085307
DDIT3_8449	4.978596	5.0528755	5.6723776	4.7978716	4.9688754	5.667523	4.724427	5.343936	4.320921	4.9181933	4.299267	4.9829097	5.0012403	5.0980964	5.2099624	4.665197	5.1166196	5.3344693	5.5776534	4.916016	5.3702736	4.6952806	4.554239	5.515315	5.37393	3.971344	4.848835	5.1010027	5.6406174	5.1790576	5.328752	4.520345	5.4909263	4.9722033	5.1219983	5.2527614	5.1797247	5.301219	5.389877	4.5179744	3.3878083	4.781215	4.60985	4.706218	4.82722	4.4808006	5.7417493	5.8747706	5.809545	5.5645204	5.05673
DDX10_8452	5.4429708	5.601367	5.152088	5.573184	5.0653367	5.851684	5.563964	5.390095	4.168924	5.082807	5.2377234	5.275932	4.4937305	4.646986	5.316059	4.8549566	4.6001325	5.2610955	4.9322033	4.354751	5.6575656	5.402364	4.807002	5.0462265	5.693367	4.014271	5.5121055	4.724913	5.1868963	5.625408	5.00252	4.1171956	5.416054	5.0203977	5.4610167	5.344994	5.8903265	5.1039143	4.722696	4.9000707	4.4421306	5.066922	5.0782957	4.954324	5.482351	4.269137	5.4806943	5.1279006	5.6205697	4.535035	5.9474792
DDX18_8453	3.4029472	3.8453023	4.039196	2.7541187	2.9062183	3.7502577	2.7802737	3.446748	2.3210802	2.4290519	2.8961248	3.9959817	3.4765677	3.7034492	3.243922	3.5484548	2.5224707	2.3223944	2.4077895	2.9909706	2.9088483	3.437199	2.2798173	3.7105362	3.7229755	3.178435	3.8664052	3.3344872	2.7372885	3.3996527	2.4426951	3.0559347	3.223322	3.1694758	3.3539796	3.294242	3.2219887	3.6252677	2.3879235	2.8900583	2.7783492	3.1422062	2.8118143	3.0613632	3.1002145	3.189834	4.492514	3.8538375	3.1752434	4.000593	3.273985
DDX21_8454	5.182596	4.741772	5.447765	5.14887	3.9482906	4.488855	4.6514254	4.9406905	3.458468	4.518974	5.1618433	5.221896	4.366648	3.7797458	5.263986	4.091718	3.973751	4.605421	4.2358537	3.8283436	4.8249087	4.7313266	3.321599	4.3466787	4.8062587	3.3887968	5.0023084	3.6450963	4.476096	5.002205	3.0694053	3.8421152	3.7957757	4.9722033	3.5178556	4.8423924	4.5891457	4.6403866	4.0465603	4.044227	3.8604286	4.9869895	4.98993	3.7926803	5.0209155	3.7211092	3.8990247	4.5103173	4.919528	4.794461	5.214828
DDX39A_32661	4.8041124	4.446431	4.616394	4.7978716	3.8792007	4.6565795	4.613491	4.1297936	4.0433984	3.8959892	4.7077756	4.4364834	4.572631	4.837524	4.761664	5.0226336	4.3876204	4.8249907	4.1384206	4.1996894	4.215484	4.5413523	4.1464963	4.164128	4.8062587	3.881458	4.67707	3.7784617	4.649022	4.5293536	4.580281	4.043804	3.628988	4.514691	4.4123907	3.9517226	4.700005	4.0660863	3.9835975	3.6732368	4.144076	4.058097	3.174549	4.406396	4.1618156	3.6644573	4.646217	3.7884288	4.973223	4.6519713	4.5926595
DDX42_8455	5.5936418	5.290505	5.495572	5.7547436	5.3469877	5.54457	5.641408	4.971378	4.425254	5.439362	5.212871	5.1657577	4.851072	4.7262454	5.8274364	5.148863	5.3358874	5.235784	5.5207915	4.304893	5.096006	5.530639	4.3870535	5.6254225	5.305279	4.5691614	5.5721884	4.789545	5.2687173	5.726485	4.787609	4.9399505	5.070358	5.156013	4.570107	5.128505	5.3927565	5.4332905	4.9036446	4.820448	4.317193	5.3271003	5.7510586	5.0102134	5.3443136	4.802931	4.817839	5.7079153	5.5159087	5.50358	5.1959877
DECR1_8458	6.780648	7.0632944	7.767552	6.6797585	7.6610065	7.226787	6.2355576	7.0629616	7.5876603	7.8758273	7.317669	7.0448165	7.709619	7.569073	7.395361	7.744218	7.368066	7.627506	7.9632006	7.637186	7.492094	7.0525236	7.708966	7.807899	7.4034033	7.972258	6.751392	7.9375153	7.8130903	6.6195083	7.726128	7.951873	8.182905	7.231519	8.300366	7.534335	7.1032424	8.116705	7.878255	8.629117	8.403713	8.267382	8.310487	8.195089	8.052886	9.062626	9.6598215	9.36453	9.939034	9.93137	9.136548
DENND2D_8461	2.375796	1.7976378	2.7828603	2.0677924	2.204507	2.157111	1.5639434	1.2144328	2.6995428	2.2186248	2.462306	1.9443585	2.6006784	1.2719984	1.9352914	1.4768263	1.5351875	2.663456	0.6917391	2.3701787	2.778033	1.5686922	2.2798173	2.6873035	2.4585013	1.5335042	1.1977407	2.6898494	2.1835182	1.7605959	2.4426951	1.8408495	1.7112163	2.887088	1.7907331	1.1754036	1.5471903	3.3854282	2.1789894	2.8900583	2.3383918	1.488839	1.8782536	2.8324869	0.6624132	1.3353969	2.7428484	2.7587066	3.0805616	2.7807593	2.4159133
DEPTOR_32826	1.9974787	1.5758953	2.9293032	2.6106799	3.038847	2.7084813	2.091197	2.3107724	2.8064463	3.0546732	2.077968	3.1430392	2.7439313	2.1818647	2.3886938	2.7958763	2.1116846	2.1159258	3.067424	2.8589911	2.9088483	2.786402	2.762189	2.6873035	2.8921008	2.7408507	2.6264875	2.5476058	1.9388802	2.5302608	1.6862907	3.2641406	3.223322	2.5356345	3.5933034	2.736285	2.2764814	3.200062	2.3879235	3.4794793	2.7783492	2.8119028	2.9431233	2.8324869	2.7713106	3.3420844	3.2054758	4.1940618	2.4829574	4.1670337	3.2002692
DERA_8462	5.5574236	5.4624186	5.6723776	5.3654413	5.445866	5.54457	5.641408	5.32029	5.3208947	5.3899226	5.378467	5.1657577	4.7185583	5.127592	5.46187	5.0996885	5.385866	4.891334	5.7850323	5.3439584	5.3473864	5.3798304	4.7391872	5.0980773	5.1311197	5.1337223	5.3152056	5.291575	5.294991	5.726485	5.380885	5.24837	5.4663982	5.430238	5.5394154	5.3224826	5.1539893	5.205937	5.7146325	5.977105	5.102689	5.390609	5.3626266	5.165958	5.36486	5.1916866	5.374692	5.7937536	5.936621	5.544492	5.7158117
DFFA_8463	1.7631619	2.4482956	1.9785899	2.2723026	1.6624343	2.157111	2.7802737	2.1047523	1.8065978	3.0546732	2.282898	1.2775879	2.0586884	0.0	1.9352914	1.4768263	1.9438806	1.8748931	1.1573405	1.9183995	2.6341627	3.251095	1.5499562	2.9355001	2.074421	1.275699	2.7702174	1.7753943	2.1835182	2.372859	0.79861236	1.4443876	1.3312725	2.2424579	2.0267587	2.5931726	1.8332136	2.053109	1.9345882	1.0488179	1.8894439	2.3827975	2.3260906	2.0220141	2.5012665	0.5924607	2.261813	0.71446705	1.9519659	2.6368403	3.3441162
DFFB_8464	3.2296562	2.159341	2.6198554	3.0042105	1.9587818	2.7084813	3.5154157	3.1575243	1.5842559	2.9218345	2.765496	3.1430392	1.1804214	2.1818647	3.243922	1.4768263	1.7539579	2.3223944	2.2300112	2.3701787	2.0891902	2.9173408	1.8362379	2.38735	1.8356827	1.275699	3.3300724	2.6898494	1.2732412	3.6939778	2.6266706	1.8408495	0.8140356	3.4055345	1.7907331	2.5931726	2.8891323	1.8155732	1.2698381	1.8765994	1.2341714	3.0402825	2.506785	0.689121	3.1950624	0.5924607	2.261813	2.6151845	2.1514747	1.8519349	2.9534101
DHCR7_8466	5.340128	3.07545	3.9040134	5.7547436	3.9482906	4.532649	5.523625	5.1696496	3.9059012	4.518974	5.586253	3.7885811	2.4416173	3.3501055	4.6845293	4.1889644	4.138305	3.9701722	2.4077895	2.713711	4.791384	5.2860026	3.7922184	3.8379865	3.8569224	4.0964723	5.1672235	4.349544	3.854183	4.737421	4.3380756	3.198022	4.204518	4.4100404	4.2352924	6.0125084	4.700005	5.050063	4.1647973	4.178025	4.4421306	4.3835616	5.265593	4.2293363	5.3234696	3.7211092	4.2740407	4.1940618	4.231731	3.7438102	5.0774655
DHDDS_8467	4.456222	3.8453023	4.102316	4.8939457	3.1603029	4.2474017	4.6514254	4.0743294	3.320974	3.8959892	4.201591	3.9301062	3.63202	3.013425	3.849662	3.309873	3.0212092	3.4599617	3.2650185	2.8589911	3.8094523	4.2744603	3.2257414	3.8379865	3.4107835	3.3887968	4.482056	3.2451313	3.352018	4.704761	3.5048723	3.1287267	3.7957757	3.7861276	3.5178556	4.9043345	4.3380494	3.5496664	3.4435291	3.0843768	3.617124	4.613897	3.9744961	3.2588525	4.3793955	2.1873605	3.4754093	4.589258	3.8847218	4.860753	5.2334256
DHFR_32436	4.244742	3.5111294	4.740627	3.5673409	5.268111	3.5085077	3.5154157	3.3566325	4.3565435	3.7468808	2.621851	4.05898	4.126278	4.7643	3.9844897	4.1889644	3.574707	4.1969485	3.067424	4.882416	4.3597	4.006783	3.8576405	4.114638	3.8569224	4.3851724	4.0466323	4.3917923	4.279584	3.3996527	4.109979	2.7213259	3.7957757	3.8935378	4.2352924	2.98588	3.6478724	4.779257	3.619502	3.6732368	4.068561	4.0049734	3.9744961	3.9722536	3.522194	3.7756202	5.2602787	3.6479805	4.682209	4.9241333	4.1974163
DHRS3_8468	6.162596	5.673144	5.651426	6.20531	6.120481	5.607356	6.118553	6.122378	5.628318	5.9633703	5.974179	5.7468586	5.580685	5.865568	5.438569	5.859658	5.981123	5.9625053	6.1772523	5.6337395	5.881191	5.77471	6.1894636	5.9272313	5.9843163	5.6515374	5.9943395	6.0271955	5.814154	6.0720534	6.3504543	5.9568067	6.1290593	5.791318	6.3498244	6.12084	5.6719823	6.148321	5.963324	5.503241	5.6216946	6.018685	5.6775246	6.001509	6.3575373	5.3072114	5.8084135	6.4515142	6.4153028	5.679182	5.675576
DHRS7_8469	7.4128213	6.253342	5.829861	7.3892717	6.0902305	7.057233	6.8057375	6.4833837	5.6428175	6.8819566	6.4487824	6.6020303	5.636843	5.5100503	5.7725854	6.455986	5.8086314	6.7330275	5.893527	5.7123384	5.5613966	6.633981	5.7977653	5.760267	6.188703	5.36689	7.1565514	5.8415227	6.3026333	6.679567	5.819082	6.034639	5.981077	6.25122	6.5238214	6.6945	5.478198	5.4332905	5.9135237	5.9272966	6.3680444	7.2776666	7.2435713	6.0688534	6.9331875	5.6943684	6.5834355	6.772258	6.444111	6.1722903	6.94141
DLD_8474	7.0322866	6.3263965	6.8450727	7.029158	6.1791444	6.856474	6.8141236	6.9208302	5.628318	6.2253675	6.7019353	6.704099	6.103371	5.756515	6.841574	6.301465	6.0856304	6.4212384	6.5530477	5.750088	6.515567	7.264165	6.1244993	6.9720078	6.8335695	5.900657	6.8837314	5.9444575	5.9690404	7.105749	6.376367	5.5428467	5.981077	6.669093	6.126754	7.036295	6.9168854	6.548588	5.8084483	6.192713	6.091113	7.1610975	6.842258	5.79428	6.6943245	6.044405	6.9137516	6.7466564	6.5973086	6.455774	7.6403794
DLG3_32844	5.8546762	4.741772	5.6723776	5.9903183	5.5158167	5.706284	5.976347	5.7850356	4.0864654	5.3124347	5.506693	5.0464687	4.851072	4.3292627	5.2902575	4.884291	4.9714136	5.2610955	5.3132257	4.7395954	5.782265	5.629458	4.704046	5.660333	5.021266	4.4175134	5.6670794	4.789545	4.6891985	5.758662	4.968852	4.6247005	4.8604927	5.5499954	5.1472535	5.998377	5.635252	5.1810994	4.8339643	4.413313	4.6376967	5.369748	5.4535427	4.7723575	5.4050965	4.952388	5.396525	5.4147105	5.146825	5.544492	5.605918
DMGDH_8476	8.183506	6.806678	7.286713	7.866723	6.135372	6.948266	8.078737	7.934466	5.2843695	7.0183473	7.311829	7.401488	5.690897	5.417558	6.7498946	6.3122973	6.3685102	6.4870763	6.4653635	5.3439584	6.707524	7.5480394	5.7640386	7.416863	6.9654803	5.5961013	7.2636786	5.5182624	6.2632527	8.232382	6.1090956	5.1815076	6.64838	7.2056985	5.979857	7.6059856	7.9109035	6.499205	5.8443303	5.5696816	5.51195	7.4112654	7.1982803	5.678316	7.7511683	5.4312468	6.128449	7.0131874	6.2833586	5.733268	7.7829185
DNAJA3_8477	7.8471513	7.1157584	7.3851795	7.7729735	6.5452695	7.2791486	7.6195664	7.791311	6.5988636	7.414208	7.777813	7.615693	6.6129694	6.471308	7.3647833	6.9478674	6.789528	7.1332927	7.173412	6.708136	7.197984	7.912264	6.577067	7.4521565	7.386887	6.3659706	7.6126266	6.733547	6.855245	7.854736	6.889582	6.7910833	7.2101917	7.2867484	7.097082	7.8886223	7.5943055	7.2793756	6.720272	6.869976	6.6136265	7.5887356	7.3656507	6.4883804	7.7705483	6.636862	7.2795467	7.490287	7.611166	7.600866	7.87759
DNAJB1_8478	2.8044732	3.3096738	3.400333	2.884577	3.2723231	4.0201387	2.7802737	2.9264696	3.0865276	3.3925493	3.2292056	3.2548962	2.6006784	3.3501055	3.0110276	3.688074	3.180722	3.6250265	3.1696014	2.9909706	3.1395056	3.6778624	1.8362379	3.415899	3.011828	2.5203478	3.8009534	2.93812	3.2482674	3.6939778	3.4077	2.406994	3.335922	3.6083453	3.3539796	3.0961545	3.0088224	2.8678937	2.8779507	3.6114979	2.7783492	3.7053368	2.9431233	2.951459	3.9605298	3.6054895	2.7428484	3.8538375	3.7059622	3.142335	3.410996
DNAJB2_8480	4.456222	3.8453023	4.5724864	4.5840974	3.8792007	3.7502577	4.217966	4.5102134	2.8064463	3.8959892	4.671753	4.1772795	2.7439313	2.8811386	3.7009227	3.688074	3.7375457	4.1969485	3.9786994	2.713711	3.3383183	4.3225136	2.6186037	4.010254	4.1971946	2.9320772	4.30452	2.3897877	3.2482674	4.4915595	3.0694053	3.1287267	3.8724551	4.4100404	2.5655518	4.2667212	4.0338454	3.7655318	3.534197	2.6654315	3.0379322	4.0049734	3.7774107	3.2588525	5.1684685	3.4125795	3.6308496	3.7884288	4.0437536	4.1670337	4.5926595
DNAJB6_8481	2.675235	1.9897953	2.9293032	2.6106799	1.6624343	2.157111	3.0310833	1.8643311	0.9994701	1.2997124	1.8390311	2.1892972	1.5358759	2.3909085	2.5711837	1.4768263	1.9438806	1.2227256	2.9574547	2.3701787	2.4743395	2.0966876	1.5499562	2.6873035	2.279205	2.3960178	2.9009168	1.4944088	2.5752249	1.9947519	0.0	0.8958736	2.011671	2.5356345	0.0	2.98588	2.455695	2.594546	1.9345882	1.3803144	0.92724514	1.769281	2.8118143	1.7862632	2.9986892	1.3353969	2.0577211	0.71446705	2.1514747	1.2047167	3.474912
DNAJC15_8483	7.376902	8.000451	8.494042	7.0361934	8.841228	7.841556	7.073623	7.8041534	8.2205305	8.307194	7.3350472	7.851935	8.573378	8.691606	8.529838	8.426261	8.317225	8.507054	8.675594	8.643621	8.205844	7.101546	8.637295	8.322876	8.164133	8.31895	7.4135265	8.238868	8.520834	7.4442496	8.604365	8.079007	8.496287	7.9251003	8.50226	7.2422023	7.5307317	8.37395	8.452479	8.078664	7.9064994	7.1427703	7.110199	8.136652	7.3435464	7.8740315	9.165376	8.743033	8.822038	9.219274	7.691717
DNM1L_8487	2.375796	3.379998	3.7548423	2.7541187	2.597612	2.5470278	2.091197	3.2605107	2.1691005	2.4290519	2.765496	2.3986237	2.99374	1.2719984	3.535067	2.7958763	2.1116846	1.5853512	3.1696014	2.1619017	3.1395056	2.482375	1.1924393	2.6873035	3.122376	2.109709	3.0207527	1.7753943	2.1835182	2.6721666	1.6862907	1.4443876	2.2602103	2.7791781	2.2295449	2.0518599	2.0718052	3.097608	2.3879235	1.3803144	1.4871172	2.3827975	2.8118143	2.2245977	1.9685107	1.823375	3.3909214	3.3179228	2.9792266	2.7807593	2.4159133
DNMT1_8488	4.375311	4.031601	4.5724864	4.8939457	3.1603029	4.532649	5.1786733	4.705393	1.5842559	4.26847	4.4343996	4.05898	3.772339	3.1345942	4.274977	4.235235	3.574707	3.5448534	4.1384206	2.1619017	4.4908013	5.049507	3.2257414	4.8179007	3.9794827	2.3960178	4.67707	2.5476058	3.4488056	4.861135	3.0694053	2.8983095	2.2602103	3.9935026	1.7907331	4.8103943	4.80295	3.8933594	3.1313257	2.2451668	2.2036915	4.3413258	3.846141	2.0220141	4.8565345	2.9263053	3.7027097	3.2220936	3.9926662	3.671778	4.5926595
DNMT3A_8489	3.2296562	3.987233	3.831355	3.9713368	3.3762684	2.5470278	3.340682	3.531564	2.4585645	4.0942173	4.041434	3.3587008	2.2628205	2.1818647	3.6203768	3.2206914	2.3981004	2.5029805	2.5660443	2.8589911	3.7408574	3.437199	3.2257414	3.3317733	3.3209047	1.275699	3.504673	2.6898494	3.781712	3.3996527	3.4077	2.6239645	2.2602103	3.840832	2.4073083	3.548161	3.1193392	3.2957203	3.4435291	2.5384767	3.324294	3.410797	3.174549	3.512115	4.114065	3.189834	2.992627	3.3179228	3.0805616	2.911615	3.651246
DPP4_33201	9.613558	9.189749	9.887665	9.330824	9.608404	9.257559	9.547713	9.777763	8.973356	9.473103	9.541697	9.384352	9.572683	9.231083	9.607091	9.525388	9.286739	9.1511755	9.829237	9.043893	9.665636	9.713083	9.221049	9.908466	9.396997	8.958434	9.379409	9.300253	9.344305	9.711025	9.151981	9.090074	9.328966	9.288439	9.418357	9.516141	9.806697	9.881845	9.168465	9.175351	8.880214	9.081575	9.271198	9.296018	9.011595	9.198513	9.187461	9.24009	9.412634	9.373403	9.493597
DPP7_8492	3.9417143	4.3445973	4.9265103	4.238611	4.1376824	4.532649	3.8118882	4.332506	3.320974	3.8959892	3.7958171	4.388235	3.7038848	3.6228914	4.8348827	4.280068	3.51607	4.346329	4.370676	3.2234385	4.4047375	3.7499197	3.7236884	4.96478	4.6672864	3.100898	4.30452	3.6450963	4.728286	4.329629	3.911607	3.3273613	2.6569214	4.086987	3.4382432	3.9517226	4.3830523	4.4455914	3.1313257	3.334152	3.324294	3.949819	3.629271	3.0613632	3.1950624	3.927788	4.492514	3.8538375	4.1408014	3.812416	4.0790167
DPYD_8493	7.7421594	6.196016	7.569584	7.2985654	6.5114245	7.482644	6.8224616	7.243521	5.793375	6.540605	7.380392	7.4255934	6.4237595	6.030791	7.086109	6.9616942	6.8441806	6.5293565	7.308327	5.804923	6.984664	6.5045724	6.2516284	7.8725953	6.4964423	6.4148498	7.269739	6.782005	7.120615	7.2257056	6.1843686	5.7646236	6.372904	6.5345163	6.4136586	7.312423	7.479849	7.4810696	7.4064665	6.746165	6.8686485	6.1095643	6.380178	6.9479017	7.4043612	6.6146054	7.7039814	6.772258	7.010758	6.53911	6.87189
DPYS_8494	9.152473	8.337358	9.064853	9.1002	8.903442	8.713163	9.028211	9.400395	8.275068	8.726081	8.737972	8.918413	8.191201	8.178175	8.487889	8.768645	8.418748	8.556449	8.673422	8.462193	8.485463	8.924915	8.443171	8.604111	8.471412	8.282101	8.87851	8.197783	8.523614	9.261201	8.19512	8.525656	8.675498	8.686696	8.807638	9.014048	9.2090645	8.601582	8.760145	8.078664	7.892882	8.940164	8.73877	8.446202	9.037423	8.082992	8.766975	9.04385	8.858164	8.943401	9.019533
DPYSL2_8495	4.640628	4.917564	5.651426	4.4216714	4.6334615	5.3379383	4.724427	5.4994187	4.522548	5.14373	4.875518	4.6561337	5.137241	4.9072104	5.438569	5.148863	4.834144	5.3813906	5.461596	4.701566	5.521059	4.9611974	5.0502715	5.983454	5.693367	4.597668	5.087121	4.724913	4.9092603	5.225846	5.1298456	4.1171956	4.5226555	5.4827843	5.0701213	5.128505	4.9891205	5.4950523	4.760747	4.13479	3.8604286	3.949819	4.201315	4.7723575	4.766741	4.928529	5.8564644	5.5976768	5.441663	5.679182	4.992671
DRAM2_33198	9.203169	9.040329	9.784393	9.1235075	9.429678	9.574112	9.268377	9.413026	9.149959	9.62772	9.241911	9.211427	9.629148	9.318404	9.430852	9.190215	9.339477	9.553251	9.670565	9.402049	9.492605	9.049712	9.357344	9.379425	9.437656	9.359975	9.083363	9.510183	9.684544	9.01538	9.453759	9.340459	9.491252	9.387082	9.654644	9.224453	9.3894415	9.640151	9.524171	8.872259	8.732073	8.814578	9.070383	9.412075	9.421445	8.7888565	9.816828	9.564597	9.513485	9.883342	9.345454
DRAP1_8496	3.4029472	2.7956865	2.6198554	3.6430259	2.204507	3.3214288	3.5154157	3.531564	1.8065978	3.3925493	3.2292056	2.889376	2.8742359	3.013425	3.243922	1.9899611	2.1116846	3.0594068	2.4077895	1.6252826	3.0287817	3.8185487	2.6186037	2.9355001	3.3209047	2.6348078	3.0207527	2.3897877	3.62484	3.6939778	2.9363732	2.284903	3.628988	3.2525284	2.4073083	3.6955848	3.0088224	3.2957203	3.2430704	2.9904869	1.8894439	2.5404441	3.0634718	1.7862632	3.4470994	2.0168164	2.5996156	3.119443	2.1514747	4.0582333	3.410996
DSG2_8499	7.2690554	6.378858	7.1514907	7.144328	6.3674974	6.496228	7.200589	7.583546	5.685461	6.6910577	7.1833973	7.098283	5.708474	5.678946	6.557812	6.2573028	6.5978613	6.465462	6.679661	5.5927734	7.558369	7.1152515	6.3571906	7.5531344	7.5241103	5.3163295	7.299666	6.130612	5.9690404	7.581	6.6450567	5.798485	6.4624467	7.010726	5.847442	7.5634236	7.713619	6.9227896	6.088288	5.553356	5.540179	6.683325	6.6050606	6.299432	7.2305326	5.708448	6.5448537	6.493165	6.261944	6.728547	7.136827
DTX3L_8500	5.611416	5.308648	5.4718666	4.730073	4.900788	5.386482	5.098552	5.1157255	5.1887937	5.14373	5.4006453	5.765866	4.572631	4.646986	5.7348247	5.1964164	5.3527403	5.0155153	5.8633523	4.25325	5.4795613	5.1327214	5.1051793	4.754689	6.096912	5.153059	5.9345584	5.610596	5.0078626	5.553862	5.4798193	5.0377	5.607677	5.8983564	5.4610167	4.564018	5.635252	5.5734925	5.46094	4.55124	4.8997808	4.9311295	5.518157	5.660962	5.5376925	4.7494607	5.8564644	5.842908	6.272691	5.6606936	5.322979
DUSP11_8501	5.2293878	5.176577	5.4232535	5.53396	4.8654995	5.5011415	4.892242	5.2216306	4.553574	5.1732535	5.4006453	5.249167	4.7528453	5.005808	5.6762624	5.0226336	5.0561686	5.358121	5.044041	4.1440635	4.921047	5.2615604	4.871772	5.2886386	5.1311197	4.968925	5.361342	4.7575912	4.874836	5.5900784	5.3019614	4.4078493	4.5694714	5.394112	5.1219983	5.048467	5.073909	5.3240876	4.722696	4.764815	4.4421306	5.671957	5.5390677	4.804324	5.846107	5.151027	5.560223	5.5589757	5.074966	5.6606936	5.969834
DUSP14_8502	2.5332706	2.7956865	1.3048255	3.0042105	1.2890483	1.6211139	1.5639434	2.1047523	1.5842559	1.6747757	2.765496	1.9443585	1.8208362	2.3909085	2.1797314	2.1911569	2.3981004	2.8078547	2.027206	1.2570211	2.4743395	0.7272255	0.7160639	2.5451083	2.279205	2.109709	2.2872965	2.2125611	3.352018	2.8013556	1.6862907	1.6561947	1.3312725	2.0700042	2.0267587	2.0518599	1.5471903	2.257008	2.1789894	1.6496927	1.70226	1.488839	0.0	2.4022055	1.4584783	1.0112327	2.4405787	2.8892338	1.7203709	3.142335	1.769436
DUSP3_8504	4.4163337	4.5415487	4.5272	4.7643704	4.935233	4.770701	4.5745316	4.2347074	4.168924	4.03112	4.810742	4.4364834	4.786336	4.7643	4.938183	5.242452	4.8813667	5.102104	5.1478295	4.622362	4.921047	4.899171	4.704046	5.0980773	4.630346	4.174241	5.0311365	3.7133195	5.0392876	4.861135	4.8990626	3.706012	4.4742694	4.6738243	4.326557	4.2187696	4.7351427	4.403265	4.6021237	4.413313	4.381014	4.3413258	4.1478653	4.2756796	4.0135446	3.7211092	5.4392233	5.6901174	5.2806215	5.2551312	4.676601
DUSP6_8506	5.1342363	3.6313283	5.210552	4.0289	3.6495402	4.4436893	5.5837183	5.1157255	3.3913584	4.4722323	5.3559427	5.1073456	4.9130273	4.427398	4.938183	3.6199527	3.574707	4.0302944	4.989206	4.916016	5.2271647	4.006783	4.430701	4.848497	5.693367	4.4800982	4.30452	5.126247	5.395548	4.602095	3.8389206	3.4460533	5.195023	5.4479666	2.7081409	4.777671	5.478198	5.515066	3.7000437	4.6771235	4.4118958	5.688898	5.134336	5.037367	4.637601	4.4476104	4.6822133	3.916409	4.8350415	5.395919	5.4072967
DYNLL1_32638	3.1345234	3.1578226	3.9731874	3.5673409	3.1603029	3.5936723	3.595438	3.68756	2.905972	2.2186248	3.0159018	3.5462768	3.772339	3.9870539	3.7009227	3.023864	2.636965	3.6250265	3.4387813	3.111882	3.5930324	3.437199	3.321599	3.5707264	4.2468505	3.0189555	3.504673	2.93812	3.923187	3.1312993	3.911607	3.1287267	3.1011837	3.4763536	3.066902	3.1985953	3.1193392	3.7655318	2.8779507	3.0843768	2.5750768	2.8119028	2.3260906	2.5603254	3.522194	2.6036353	5.418032	4.589258	3.8847218	4.3162427	2.1285868
DYNLT3_8507	4.8041124	5.8934965	6.7981853	5.4936395	6.837034	5.8342905	5.5030246	6.149468	6.0864186	6.1531224	5.333061	6.243697	6.2783375	6.7526064	6.814677	5.799337	5.598619	6.6396165	6.873793	6.545909	6.3867993	6.0129905	5.5432262	6.292493	5.3285275	6.14235	4.439678	6.32847	6.573392	4.7693586	6.169625	5.885079	5.891794	6.320226	6.126754	6.040364	5.6719823	6.259269	6.3848042	5.553356	5.51195	5.1178517	4.79509	5.393147	4.114065	4.721964	6.8985314	6.1980834	6.5450764	6.4875917	5.214828
EAPP_8512	7.18846	7.1209016	7.495101	7.4002194	7.537525	7.226787	7.3694243	7.2684484	6.657162	6.845744	7.0703444	7.090765	7.3156357	7.1971254	7.68496	7.1606193	7.028528	7.378513	7.2098417	7.265867	6.828151	7.0382056	7.3426633	7.1907687	7.044826	6.945091	7.0408263	7.0885215	7.5818925	7.2765946	7.4972997	6.91973	7.2321825	7.130841	7.2679963	7.142919	7.123275	7.2557807	7.129463	6.4524565	6.0227346	6.8879027	6.5546093	6.866968	7.285454	6.250901	8.158334	7.4954195	7.411696	7.6532407	7.3773975
EBNA1BP2_8513	5.8695235	5.714556	6.0539575	5.837617	5.8586	6.0901766	5.439397	6.037915	5.8318486	5.929169	5.9593134	5.8394847	5.9042187	5.658884	5.931252	6.0911317	5.58442	5.7465267	6.008286	5.989838	5.7301364	5.685655	5.9404783	5.515315	5.829964	5.8541565	5.5721884	6.167558	5.7773542	5.625408	5.638138	5.2153263	5.9100986	5.067034	5.768263	5.276378	5.61653	5.6836934	5.995594	6.192713	5.723678	5.2606664	5.4088006	5.7291603	5.36486	5.9408746	6.7021446	6.8860683	6.453587	6.950264	6.2960253
ECD_8515	3.9968476	3.9414568	3.9731874	4.0289	2.204507	3.2179284	3.743284	3.7596574	3.5839908	4.2126923	4.251255	4.2866096	3.104098	3.2463703	3.4443936	3.4732275	3.391122	3.6250265	3.6655471	2.9909706	3.9976015	4.1732683	3.5760143	3.897724	3.8569224	3.513724	4.206825	3.4186301	3.0152833	3.9383125	3.5048723	2.9792736	3.628988	4.1315517	2.7081409	3.548161	3.7883198	4.565594	3.1313257	3.6114979	3.0379322	3.4902585	3.7052414	3.587535	3.4470994	3.5440083	3.9589443	3.3179228	4.0930934	4.000593	4.1974163
ECH1_8516	6.3222094	6.5022273	7.1810308	6.8003645	7.29385	6.7210755	6.455212	7.0841765	6.929686	6.993737	7.013913	6.790168	7.017283	7.265057	7.187435	7.0993967	6.801853	7.378513	7.4316983	7.366515	6.939467	6.4623003	7.1406493	7.299962	6.93551	7.344639	6.6803727	7.5561314	7.6848345	6.350636	7.577677	7.481735	7.726273	6.853328	7.65451	7.534335	6.6112394	7.170022	7.221019	7.2653174	6.5456324	7.034275	6.682283	7.0580673	7.185039	7.29836	9.624412	8.725666	9.7777	10.263186	8.913965
ECHDC2_8517	8.499677	8.102771	8.424735	8.682679	8.425724	8.221963	8.681532	8.689979	7.8876877	8.400642	8.181631	8.360174	8.194324	8.16401	8.015362	8.328271	7.98296	8.2342005	7.129714	8.331338	7.9900823	8.414389	8.234282	8.404937	7.9708214	8.025686	8.3447275	8.339435	8.492733	8.617263	8.213206	8.210587	8.490217	8.109066	8.805657	8.703745	8.519286	8.438249	8.3901205	7.789076	7.8199205	8.587244	8.643021	8.170772	8.805324	8.03352	8.628546	8.727848	8.544571	8.5094595	8.853634
ECHDC3_8518	7.486905	6.8813105	6.709745	7.338953	6.556377	6.812738	7.671259	7.1858096	6.545846	7.1724896	7.323485	6.989292	6.2182565	6.0919228	6.631588	6.7469444	6.838209	6.3986073	6.5049934	6.6393948	6.6337767	7.181893	6.3458357	6.929708	6.576304	6.1992645	7.1234674	6.3065524	6.828513	7.4736257	6.310691	6.599498	6.952052	6.931024	6.857989	7.6919155	7.4431314	7.2438374	7.0081677	6.836636	6.459569	7.354	7.41173	6.990206	7.735474	6.673209	7.2010813	7.5408134	7.162926	7.129015	7.926985
ECHS1_8519	11.467806	11.027359	11.37027	11.302038	11.049073	11.292475	11.173144	11.427089	10.819518	11.335389	11.188475	11.328231	11.005471	10.84084	11.149261	11.048786	11.022416	11.054282	11.17365	10.995937	10.913874	11.351479	10.979009	11.282627	10.993318	10.7770195	11.171928	11.19161	10.990927	11.51862	10.954301	11.027509	11.279243	11.228594	11.428411	11.264945	11.413136	11.421078	11.298543	10.599302	10.531081	10.987582	11.207119	10.9476795	11.189818	10.76088	10.89867	11.063993	10.967118	10.726332	11.164004
ECI1_8520	5.9274297	5.3265657	6.101078	6.3250384	5.7659516	5.6870337	5.622433	6.72764	5.6571727	6.1969023	7.006702	6.2969375	5.934408	6.030791	6.4570527	5.452878	5.44992	6.163805	6.2490277	5.925305	6.156032	6.2917395	6.2757635	6.2241354	5.481552	6.3659706	6.3551326	5.714121	6.605238	5.4194264	5.8927493	5.905939	5.9982896	5.5663204	6.075051	7.5919375	5.4987903	6.294434	5.506442	6.3522105	6.6136265	7.5146546	6.9398327	5.9595404	7.4043612	7.3214455	9.59048	8.447067	9.684197	10.191745	9.427496
ECI2_8521	7.5389132	7.7211514	8.061601	7.6221704	7.9742794	7.982441	7.397599	7.7956047	7.8815875	7.9963484	7.899614	7.5945854	7.939114	7.774152	8.099483	8.1066265	7.5212674	7.6323633	7.848501	7.8778543	7.9335775	7.387887	8.125603	7.891084	7.498715	8.167924	7.3231683	7.8530912	8.051361	7.521295	7.4734874	8.172358	8.291615	7.684596	8.467591	7.9038653	7.5004177	7.9865785	7.945877	8.177844	8.254103	8.022092	7.68934	8.288456	7.981501	8.013813	8.557647	8.423024	8.798061	8.545176	8.04749
ECI3_8522	9.107779	8.081824	8.964377	8.769671	8.134794	8.659854	8.866268	9.143414	7.8846407	8.649374	8.855031	8.837624	8.336758	8.153295	8.791302	8.234571	8.264767	8.559002	8.483143	8.24804	8.586652	8.936542	8.246546	8.996186	8.492149	7.9938674	8.651334	8.185827	8.504039	8.8993025	8.180487	7.8289213	8.446993	8.606086	8.048896	8.967654	8.83487	8.703208	8.286334	8.072949	7.7581716	9.0589485	8.731975	8.279955	8.943217	8.154157	9.044401	8.365315	8.725601	9.16127	9.593257
EDEM1_8524	5.778058	5.2346654	5.586682	6.0747385	5.2948856	6.1047573	5.2545776	6.0233445	4.9989734	5.83994	5.3559427	5.5850525	5.7258396	4.3791647	5.5730453	5.601584	5.9592814	5.3104234	5.7191634	5.3925066	5.912714	5.159426	5.657853	6.247283	5.998881	4.653045	5.5916724	4.724913	5.0392876	5.758662	5.8927493	4.9399505	6.0487275	5.319029	6.126754	5.3671594	5.7078004	5.534806	5.8619423	5.8625164	5.1764827	6.464676	5.619805	5.745718	5.846107	5.4648113	5.9181404	6.3071914	6.696421	5.5645204	6.2419434
EED_8526	4.375311	2.7956865	2.7828603	3.9713368	2.9062183	3.5936723	4.00006	4.2844353	1.3212922	3.4896183	3.65531	3.9301062	2.99374	2.1818647	3.9844897	2.6667733	2.7430372	2.1159258	2.9574547	1.6252826	3.6688373	4.1198797	2.075009	3.1471999	3.3209047	2.2599542	3.7323904	2.0104735	3.539506	3.6258323	2.4426951	1.4443876	2.472159	3.0813484	2.2295449	2.736285	4.0892115	2.987318	2.1789894	2.5384767	2.2036915	3.8327506	3.9117455	2.0220141	2.8894746	1.0112327	2.992627	3.49237	3.5018787	3.671778	4.271274
EEF1E1_8529	2.8044732	3.379998	3.400333	3.4029047	3.8792007	4.080398	3.340682	3.531564	2.4585645	3.0546732	3.9238462	3.7885811	2.99374	3.6228914	3.535067	3.688074	2.9343114	3.8418446	2.9574547	3.5993342	3.1395056	3.1481903	3.7236884	3.7105362	3.4107835	3.252017	3.5846395	2.5476058	3.2482674	3.554308	4.170472	2.8125298	2.8206856	3.5438585	3.7985182	3.8918242	3.9162993	3.3854282	3.7763257	3.0843768	2.6802902	4.252953	3.4641607	2.7028143	3.522194	3.4797902	3.1029732	3.719913	4.0930934	2.911615	3.474912
EFCAB14_32678	1.483266	1.9897953	2.4360592	2.884577	1.2890483	2.853671	2.2966683	2.3107724	1.3212922	2.4290519	2.282898	2.1892972	1.5358759	1.9373132	1.2703954	2.1911569	1.7539579	0.7371988	2.027206	0.76129264	1.8496284	1.2084577	1.5499562	1.4924659	2.8921008	1.275699	2.4668374	2.0104735	0.77274704	1.4809296	1.6862907	2.1515164	0.8140356	2.6625395	2.4073083	2.736285	1.5471903	2.987318	2.7323515	1.3803144	1.2341714	2.2057867	2.1194797	2.2245977	2.5012665	2.8265579	1.8199238	2.0718946	2.4829574	2.0916321	1.769436
EGF_8530	4.1011696	3.379998	3.6740434	4.1889715	1.9587818	3.6740885	4.724427	4.2347074	2.3210802	3.0546732	3.1264923	3.0217755	2.8742359	1.6426728	3.0110276	2.914369	2.3981004	3.4599617	3.1696014	2.552146	3.9976015	3.52196	2.4591324	3.1471999	3.5753076	2.7408507	3.2341504	2.93812	3.352018	4.0465326	3.303507	2.004529	2.2602103	3.331059	3.066902	3.9517226	3.4076753	2.594546	3.0101936	3.2556021	2.5750768	4.464495	3.9117455	2.7028143	4.3384256	2.9263053	2.7428484	3.49237	2.9792266	3.5959594	3.9500241
EGR1_8533	3.318902	3.6878698	2.9293032	3.2172866	2.204507	3.4179986	3.5154157	3.446748	2.9990726	3.0546732	2.621851	2.889376	1.1804214	3.013425	1.640813	3.023864	3.391122	4.0302944	3.5183966	3.2234385	3.3383183	1.8567106	2.8927681	4.3889227	4.386319	2.5203478	4.350994	4.691478	3.9890406	4.5293536	4.2285304	1.6561947	2.8206856	3.331059	1.7907331	2.736285	3.7198045	3.200062	2.3879235	2.2451668	3.324294	3.5655706	1.8782536	2.7028143	3.2840576	2.1873605	3.3011763	4.0339556	2.1514747	2.476957	3.273985
EHHADH_8534	5.9831014	5.601367	5.4718666	6.128393	5.0653367	4.7336545	5.867745	6.0666227	3.9990063	5.704953	5.8507323	5.784626	4.4937305	4.0500264	5.46187	5.413177	5.284115	5.073815	5.122574	4.1996894	5.782265	5.2366967	5.3292794	5.552959	5.7802434	4.732318	5.823583	4.214827	5.100155	5.497773	5.0675874	4.378299	4.6148157	5.1774263	5.4407325	6.796027	5.6537337	5.515066	4.9036446	5.3415184	6.414532	8.524926	8.548219	5.5709143	8.743899	7.40595	9.804632	9.215417	9.837735	9.493182	10.639278
EI24_32946	9.576712	8.833465	9.288275	9.370331	8.657437	9.154459	9.452888	9.339945	8.07576	9.020167	9.257185	9.190477	8.308222	8.312659	8.889087	8.426261	8.597293	8.769869	8.8141575	8.120541	9.094218	9.4302025	8.221912	9.272072	9.071476	8.182112	9.311997	8.514552	8.823481	9.225671	8.525502	8.231395	8.773728	9.026112	8.6815	9.488603	9.179075	8.869838	8.334437	8.408628	8.37069	9.18072	9.138762	8.608895	9.311954	8.502097	8.682858	8.740873	8.777457	8.589834	9.521295
EIF1A_8536	7.1943684	7.1209016	8.254563	8.465346	6.4767666	7.7747416	7.0944285	6.98239	6.0542383	7.4865484	8.268614	8.1556	7.452316	7.0888257	7.844165	6.5777	6.510446	6.7949934	7.487169	6.9050436	7.745063	8.0435	6.111148	8.412636	8.401878	6.566764	7.80435	6.6576653	7.4825134	8.427647	7.3546815	6.970122	6.64838	7.6390185	7.476651	7.6742454	8.478396	7.540861	6.1179075	6.1714764	6.474274	7.3053946	7.158294	6.940729	7.523378	7.1359606	7.608998	7.774116	7.8665996	7.3354363	7.688351
EIF2AK2_8539	4.289591	4.5719104	5.059695	4.0289	4.7922235	5.456365	3.4306927	3.7596574	4.3565435	4.564248	4.7077756	4.2329803	4.819067	5.156497	5.2099624	4.698608	3.9295027	4.985458	4.872856	3.326985	4.4047375	4.0644393	4.668027	4.3466787	4.630346	3.513724	3.9890227	4.214827	4.170284	3.759049	4.2285304	3.657633	4.3723383	4.896752	4.493403	4.0645385	3.9762692	4.3146935	4.8339643	4.6771235	3.5070176	4.109333	3.7052414	4.406396	4.3793955	4.02099	5.1098113	4.929807	5.6036453	4.9848456	4.1590195
EIF2B3_8540	4.198454	4.2724814	3.5884495	3.7149374	3.6495402	3.8226066	3.0310833	3.2605107	3.5839908	3.8233604	3.5795677	4.2866096	4.4102645	3.2463703	4.4714575	4.040521	3.1031692	3.77313	3.5938473	4.304893	4.2651753	4.006783	4.0377917	4.6192975	4.5535	3.881458	4.30452	3.573486	3.352018	3.9934368	3.8389206	3.8421152	4.5226555	4.174781	4.4123907	3.9517226	3.7198045	3.6971037	3.7763257	3.7893128	3.324294	3.2374017	3.7052414	4.0806427	3.7265353	4.02099	4.4090514	4.4268055	4.4367547	4.614036	4.5338564
EIF2S1_8541	8.804	9.100144	9.521205	8.863629	9.206376	9.389946	8.841867	8.998228	8.945848	9.106869	9.154885	9.232077	9.137746	9.332722	9.519581	9.210624	8.922009	9.228599	9.185846	9.482745	9.203399	9.121077	8.994392	9.13607	9.027758	8.988346	8.953845	8.955848	9.184841	8.990191	9.161326	9.136044	9.318726	9.199658	9.455478	8.750869	9.047232	9.253159	9.213748	8.3672	8.217424	8.503541	8.514302	8.848116	8.867842	8.209655	9.612801	9.680678	9.712101	9.555804	9.131598
EIF4B_8549	7.1093616	6.679997	7.3530984	7.344631	6.24927	6.948266	7.1551023	7.3289437	5.780319	6.799162	7.077245	6.780854	6.1297035	6.0919228	6.6919537	5.945658	6.540177	6.7420444	6.7718906	5.7868752	6.6242876	7.148957	6.0976715	7.2720184	7.044826	5.8303313	7.28777	6.013731	6.74521	7.34707	6.1244674	5.8955464	6.626407	6.9866676	6.0881515	7.236193	7.207003	6.988682	6.651049	5.977105	5.660788	7.1304216	7.045908	6.107801	7.3742743	5.829337	6.592922	6.685091	6.4345717	6.4011335	7.5281143
EIF4E_32598	7.3506866	7.052569	7.441187	7.4484806	7.273802	7.2983046	7.0944285	7.2245393	7.0596437	7.120393	7.4351387	7.120604	7.2571197	7.176106	7.6345844	7.402842	6.969658	7.3074007	7.2628174	7.33581	7.394992	6.9943795	7.2174215	7.3164716	7.0657296	7.2713265	7.3289847	7.036209	6.8640466	7.214149	7.210876	7.047258	7.2822266	7.0634327	7.3946652	7.289394	7.479849	7.5310664	7.345175	6.9407196	6.758827	7.092728	7.0819783	7.160414	7.504983	6.790359	7.5321846	7.560539	7.8050056	7.596009	7.4586806
EIF4EBP1_8550	3.5576375	4.1164427	4.5272	3.7834342	4.67482	4.4436893	4.267662	4.424094	3.6994612	4.732349	4.041434	3.9301062	4.7185583	4.646986	4.221371	3.9323316	4.058373	3.9701722	4.2822084	4.7766476	3.9976015	3.7499197	4.593174	4.722014	4.2468505	3.735168	4.816079	4.2611446	4.225969	3.6939778	4.284343	4.436806	4.7831573	4.1315517	4.570107	4.358093	3.4922628	4.7457724	4.6021237	4.413313	4.144076	4.158812	4.1478653	4.406396	4.2528214	4.3066416	5.187006	4.8991494	4.7140985	5.01427	4.7814264
EIF4G1_8551	8.421233	7.619442	8.009039	8.673684	6.5674	7.9745235	8.4562845	8.792355	6.3739924	7.9963484	8.579312	8.081676	6.4448857	6.412613	7.689902	7.0223255	7.4408007	7.289061	7.2453737	6.399189	8.13076	8.623045	6.3228545	8.161659	8.19924	6.0525336	8.455217	6.3713307	6.8463893	8.435133	6.871475	6.612247	6.860896	8.187673	6.6616526	8.585833	8.571253	7.6122756	6.858287	6.8765526	6.8348627	8.913385	8.527442	6.8820252	8.633922	6.855074	6.7453218	7.309756	7.162926	6.919491	8.541096
EIF5_8552	8.300428	8.40216	8.548886	8.181081	8.282573	8.659854	8.246134	8.508334	7.5303273	8.391252	8.384427	8.590849	8.110867	7.797279	8.578617	8.039762	8.012425	8.444906	8.422349	7.9766965	8.437506	8.305024	7.748308	8.586067	8.227342	7.859072	8.327399	8.003714	8.070499	8.3452835	8.143239	7.9987483	8.259853	8.524886	8.512014	8.105207	8.475802	8.384867	8.299319	7.435314	7.277805	7.8891473	8.219502	8.092026	8.256288	7.3486695	8.621611	8.959073	8.783106	8.45417	8.892184
ELAVL1_8554	5.3612914	4.2724814	5.210552	5.430964	3.3762684	4.8764534	5.4609194	4.971378	3.5225942	3.7468808	5.108945	5.1073456	3.7038848	3.3501055	4.8348827	3.4732275	3.9295027	4.5241194	4.3271203	2.713711	5.2018695	5.077782	3.7236884	4.936576	4.963034	3.3887968	5.267545	3.3344872	4.279584	4.975073	4.580281	3.198022	3.628988	4.896752	2.4073083	5.344994	4.5502152	4.565594	3.8487759	3.546998	3.448644	4.503321	4.3507204	3.587535	5.3023205	3.0196002	3.555222	3.9763792	4.649599	4.362736	5.4556193
ELOVL5_8556	7.73812	7.2200885	7.422758	7.668184	6.8641047	7.1862297	7.782279	7.5226884	6.8191285	7.5721536	7.752168	7.240955	6.9815845	6.6748214	7.333544	7.4672627	7.2425756	7.2389836	6.8813415	7.0099025	7.3028255	7.282502	6.936275	7.196727	7.185162	6.4698577	7.2267704	7.10766	6.573392	7.5118866	7.0908027	6.9799924	7.1265645	7.1142817	7.2032447	7.7646885	7.560422	7.2968216	7.000237	7.567189	7.596193	7.4907017	7.217865	7.084343	7.518801	6.7226048	7.1948647	7.673542	8.030703	7.175337	7.7051044
ELOVL6_8557	3.4029472	2.895092	3.831355	3.7834342	4.4067645	3.3214288	3.8118882	4.0743294	3.458468	3.176305	4.201591	3.2548962	3.104098	3.013425	4.047455	4.1411605	3.973751	3.4599617	4.1384206	4.1996894	4.791384	4.6952806	4.1979237	4.164128	4.6672864	3.0189555	3.5846395	2.8193185	3.7054071	5.225846	4.666819	3.3879275	2.6569214	3.9443858	4.086562	2.98588	4.66399	4.010777	2.3879235	3.546998	3.6691785	2.930607	3.2776825	3.2588525	1.735917	1.823375	3.6308496	3.4077816	5.099319	4.724974	4.0372877
EMILIN1_33056	3.697336	4.0746455	4.2766256	3.6430259	3.3762684	2.7084813	4.1131234	3.68756	2.6995428	3.8233604	3.9238462	3.2548962	3.5563867	3.3501055	4.274977	3.023864	2.5224707	4.0880117	3.2650185	1.9183995	4.055234	3.3471458	3.7236884	3.415899	4.386319	4.2480316	4.0466323	3.1498733	3.62484	4.412865	3.6815434	2.406994	3.7147906	3.4763536	2.837896	4.0645385	3.4922628	3.8933594	3.534197	2.9904869	1.70226	3.410797	3.5490766	2.951459	2.9986892	3.7211092	2.992627	4.700118	3.8275614	3.8779073	3.273985
EMR1_8558	5.158619	5.429636	5.884751	4.464024	4.8293266	5.54457	4.267662	5.2469354	3.9059012	5.5334306	3.9838378	5.0150394	4.572631	4.427398	5.7348247	4.996006	4.4825535	5.2100205	5.399867	4.402944	5.3702736	4.5413523	5.158074	5.853724	5.6009226	3.6829114	4.7825623	4.789545	5.129652	4.704761	5.0354204	4.3173184	5.1340365	4.78959	4.9022617	4.009233	4.2915974	5.534806	4.760747	4.13479	3.8604286	4.058097	3.7774107	4.487392	3.788687	4.576022	4.646217	5.205123	5.5159087	4.724974	4.7559257
ENG_32663	4.1011696	4.031601	4.6590047	4.0289	4.501759	3.8226066	4.057699	3.2605107	2.5840793	3.580566	3.9238462	3.3587008	4.0729947	2.8811386	4.274977	2.914369	3.8367145	3.9701722	4.370676	3.5141387	4.448411	3.9467263	3.2257414	4.114638	4.0924416	3.0189555	3.8009534	3.6450963	3.62484	3.6939778	3.5959105	3.1287267	2.8206856	4.445774	3.1690745	4.0645385	3.7198045	4.603475	2.7323515	3.2556021	3.5070176	3.2374017	3.7052414	2.951459	3.8482714	3.8788273	4.226075	3.119443	3.4268885	3.5159345	3.5948293
ENO3_33181	2.9230795	2.5736196	3.4974551	3.2172866	3.7302246	3.2179284	2.7802737	2.7953992	2.1691005	2.7755125	3.2292056	2.7435865	1.5358759	1.6426728	3.0110276	2.6667733	2.2619886	2.5029805	2.027206	0.76129264	2.9088483	2.786402	2.2798173	2.38735	1.1920056	2.109709	3.2341504	2.6898494	2.5752249	3.1312993	1.6862907	1.6561947	2.6569214	3.0813484	1.7907331	2.4342844	2.8891323	1.8155732	2.570392	2.072621	2.0551069	3.4902585	3.3739324	2.2245977	2.7713106	2.0168164	2.7428484	3.2220936	3.0805616	2.911615	3.8571408
ENPP3_8562	6.1382813	5.361747	5.848391	5.430964	5.9114614	5.851684	5.961324	6.653883	5.0650606	6.077068	6.046291	6.270563	5.461352	5.678946	5.594288	6.0911317	5.654057	5.850239	6.152511	5.4161816	6.245403	5.424551	5.7119226	6.2357554	6.3104634	5.55308	5.919218	5.499065	5.320795	5.993108	6.169625	5.1292453	6.03211	5.777362	5.701634	6.2093854	5.6719823	6.0961323	6.088288	5.553356	5.4388633	5.7865677	5.8038497	5.8717523	5.931233	5.3255973	6.1414366	6.2597146	6.424969	6.57904	6.0766897
ENTPD5_32499	0.0	0.0	0.0	0.0	3.3762684	3.6740885	0.0	4.0743294	2.9990726	0.7915216	1.1946218	4.6561337	0.0	0.0	0.0	0.0	0.0	3.3697603	3.5183966	0.0	0.7233562	2.9173408	3.65174	0.0	0.0	0.0	4.155379	0.0	3.923187	0.0	1.3096737	3.657633	0.0	0.0	3.2644873	0.0	3.6478724	0.0	3.619502	3.334152	0.0	2.8119028	0.7390483	0.0	0.6624132	3.189834	2.7428484	0.0	4.231731	0.0	0.0
EP300_32876	6.255954	5.9865913	6.1909385	6.381372	4.8654995	6.0754466	6.247991	6.314143	3.9990063	5.4634604	5.8015738	5.9095287	4.851072	4.427398	5.6762624	4.968878	5.248538	5.850239	5.752474	4.25325	5.865167	6.2796183	4.631086	6.176695	6.0557113	4.5691614	6.173109	4.586254	5.1868963	6.402472	4.708216	4.1171956	4.8604927	5.872332	4.712268	6.487495	6.1725583	5.73579	4.470548	4.260792	4.144076	6.0841775	6.221069	4.706218	5.9585276	4.636182	5.6538396	4.989234	5.497702	5.2551312	6.2601967
EPB41L2_8564	1.7631619	2.5736196	2.4360592	2.6106799	3.4732254	2.7084813	1.5639434	1.5756721	0.9994701	1.6747757	2.282898	1.6491554	2.2628205	1.9373132	3.243922	2.7958763	1.7539579	3.1704433	3.067424	2.9909706	1.8496284	2.482375	1.1924393	2.8167326	2.7615314	2.2599542	2.9009168	2.2125611	1.9388802	2.5302608	1.3096737	2.004529	2.011671	2.6625395	1.1570135	0.70423484	2.455695	3.4698832	2.7323515	1.6496927	1.70226	2.2057867	1.2253668	2.2245977	2.6425977	3.0196002	3.7027097	3.0089254	2.8702326	2.297121	2.5406258
EPHX1_8567	8.693613	8.40216	8.358409	9.110234	8.255567	7.9665627	9.49913	9.056636	7.914824	9.346003	9.577425	9.046348	8.342398	7.5198693	8.132529	8.408703	8.282466	7.739798	8.219923	8.008194	8.808159	9.083223	8.243489	8.415193	8.74634	8.2307	9.083363	8.435972	8.404988	9.252753	8.6234255	8.578585	8.245509	8.398382	8.15853	9.376973	9.158191	8.168167	7.8387766	8.180504	7.5995502	8.95949	9.412461	7.890861	9.334267	8.29377	8.66273	8.516881	8.661626	8.345506	9.513707
EPHX2_33282	5.1342363	5.0091667	4.3821325	5.1998844	4.1376824	4.6565795	4.7939124	6.2278132	3.9059012	5.6429973	2.8961248	4.846719	4.366648	5.5100503	2.8787735	4.968878	5.4809113	4.4816837	6.0220094	5.0430994	5.1499085	2.482375	4.5142236	5.4369464	2.279205	5.03295	4.816079	4.214827	2.5752249	5.5900784	4.170472	4.152537	5.6518545	4.3733993	5.877936	6.2694616	4.867713	2.053109	5.995594	4.7928996	4.786514	5.214615	3.4641607	5.328666	5.3234696	5.6801505	7.124656	5.742866	6.622732	6.3443418	6.76729
EPRS_8569	9.066496	8.488253	8.786029	9.09347	8.199989	9.209462	9.002757	9.069104	7.938524	8.817731	8.724848	8.785024	8.246392	7.7600956	8.602402	8.570846	8.158555	8.287524	8.219923	8.401217	8.482841	9.042558	7.895752	8.682626	8.71801	7.902564	9.192666	8.118235	8.377589	9.174411	8.360041	8.329232	8.535134	8.718085	8.751104	9.109177	8.921313	8.427729	8.590929	8.676995	8.409464	9.039268	9.231605	8.349311	9.247025	8.072144	9.012945	8.999377	9.152449	8.904644	9.224005
ERBB3_8571	3.8843899	3.1578226	3.1839569	3.2172866	2.4144073	3.3214288	3.4306927	3.6116695	1.8065978	3.3925493	3.1264923	2.889376	1.1804214	1.6426728	2.8787735	2.914369	2.841842	2.8078547	1.5087776	1.9183995	2.2945795	3.52196	1.8362379	2.8167326	3.2250526	2.5203478	3.3300724	2.8193185	3.539506	3.6258323	2.7898166	2.004529	3.5377576	2.887088	1.7907331	4.0645385	2.6150863	2.435626	2.3879235	1.8765994	2.3383918	3.2374017	3.174549	2.8324869	3.1002145	2.719398	0.0	3.3179228	2.1514747	3.031582	3.474912
ERO1L_8573	5.9415503	5.714556	5.902593	6.180124	5.4695616	6.0754466	5.8351526	5.835951	5.583925	6.1969023	5.6431704	5.8394847	5.708474	5.6179037	5.7725854	5.5475993	5.555596	6.0080686	5.8785186	5.7868752	5.7477226	6.2426324	5.3521595	5.9556165	6.1759424	5.36689	6.1204243	5.555908	5.4895506	6.5103507	5.962837	5.280674	5.7363467	5.7632694	6.075051	5.7678885	6.159684	5.818643	5.1240087	5.3223767	5.0643263	5.565907	5.18828	5.5332603	5.7864313	4.9989533	6.433103	6.3303566	6.1614394	6.2972417	5.591573
ERO1LB_32533	3.6291769	3.07545	3.2961977	3.1146789	3.8792007	4.3970637	3.8118882	3.7596574	2.8064463	3.965136	2.621851	3.2548962	4.126278	3.013425	3.1321692	3.8750339	3.574707	3.7009778	3.4387813	3.679778	4.055234	3.6778624	4.247581	3.5707264	4.2948537	3.100898	3.5846395	3.6450963	3.539506	3.2264056	4.748459	3.3879275	2.8206856	3.8935378	3.8609118	2.5931726	3.3178172	3.8933594	3.534197	2.8900583	3.2578542	3.7704499	2.506785	3.659207	3.4470994	2.719398	4.4090514	3.9763792	3.8847218	4.000593	3.9943156
ESR1_33192	5.64632	5.361747	5.6301656	6.141501	4.0142226	5.3379383	6.158618	5.3672004	4.881619	5.2021847	6.1415515	5.727598	4.4937305	2.8811386	5.791102	4.4854455	4.993074	5.3104234	4.2358537	4.1440635	5.541369	5.402364	3.4960926	5.6254225	4.9330125	3.6286907	5.6108966	3.6450963	4.4294205	5.0549846	4.580281	3.706012	4.6148157	5.2398224	4.2352924	5.628032	6.7551246	4.711492	3.3467786	4.70695	3.563121	5.671957	4.723822	5.0102134	6.315933	4.02099	4.6822133	4.9598265	4.582081	2.476957	4.9025793
ETFB_8574	8.053017	7.5751634	7.8248167	8.371119	7.7313013	7.9383483	8.130019	8.213304	7.6713705	7.8758273	8.061491	7.987657	7.478164	7.6009674	7.8082547	7.614566	7.6799235	7.5474744	7.7322617	7.5859194	7.7318687	8.021833	7.887944	7.6033354	7.519067	7.6054916	7.916758	7.871869	7.785558	8.033041	7.627079	7.7532415	8.148627	7.809854	8.06555	8.552368	8.278535	8.042806	7.586744	7.9316816	8.091937	8.386399	8.044101	7.55738	8.228527	7.541894	8.49325	8.345554	8.67181	8.524875	8.192362
ETFDH_8575	4.198454	3.5724802	3.831355	4.4216714	3.6495402	4.0201387	4.5745316	3.8938673	2.905972	3.8959892	3.8612514	4.388235	3.7038848	2.7354863	3.9186504	3.309873	3.6310537	3.6250265	3.1696014	2.552146	3.0287817	4.899171	3.321599	4.114638	3.8569224	3.252017	4.482056	3.840789	3.62484	4.5661826	3.1911995	2.6239645	3.5377576	3.6700726	2.0267587	4.601897	4.4266934	3.3854282	3.0101936	3.896741	3.6691785	4.613897	4.2528553	3.1634846	4.637601	3.6644573	3.4754093	3.4077816	4.4367547	4.362736	5.3573
ETS1_8577	2.9230795	3.2357452	3.5884495	2.7541187	2.597612	2.853671	2.7802737	3.531564	1.8065978	2.4290519	2.621851	1.9443585	2.8742359	2.7354863	3.3476372	3.023864	2.7430372	3.2735412	3.5183966	2.3701787	3.6688373	2.786402	1.1924393	3.8379865	3.122376	2.5203478	3.3300724	2.2125611	2.3926249	3.1312993	2.2317815	1.8408495	2.2602103	3.1694758	2.7081409	3.4683857	2.2764814	3.5496664	2.1789894	2.5384767	1.2341714	2.3827975	2.3260906	2.4022055	1.735917	3.2679667	2.5996156	2.0718946	2.8702326	3.2451882	2.7617311
ETV1_8578	2.375796	3.1578226	3.7548423	2.884577	2.9062183	2.3652024	1.5639434	3.0466177	1.5842559	2.6126575	3.0159018	3.0217755	1.5358759	1.9373132	1.9352914	1.1302094	2.2619886	2.663456	3.1696014	1.6252826	3.242334	2.0966876	2.762189	2.2101986	2.7615314	1.7521499	2.0821931	1.4944088	3.1364734	2.5302608	2.9363732	2.406994	2.472159	3.4055345	2.5655518	2.5931726	1.1900772	2.594546	3.1313257	1.8765994	2.4615827	2.6825488	1.588432	2.0220141	1.9685107	2.3398588	2.4405787	1.5472676	2.6239195	2.6368403	2.1285868
EXOSC4_8579	4.375311	2.7956865	2.9293032	4.0289	3.2723231	2.9855762	4.057699	3.446748	3.753906	4.03112	3.1264923	3.3587008	3.3920732	2.1818647	3.7772083	3.7531235	3.324341	3.2735412	2.5660443	3.4235945	3.9976015	3.52196	3.65174	3.5707264	4.47233	3.3887968	2.7702174	3.3344872	3.2482674	3.8213115	3.0694053	3.4460533	3.7957757	3.6083453	4.1378617	3.548161	3.7198045	4.268282	3.2430704	3.9475968	4.5292096	3.7704499	3.9744961	3.9148438	3.661585	3.8788273	4.492514	4.7352557	4.231731	4.3162427	3.7055392
EXOSC5_32543	3.6291769	2.6889215	3.2961977	4.238611	2.597612	3.6740885	2.6363633	3.68756	3.642881	3.0546732	3.65531	3.2548962	2.99374	2.8811386	2.7331607	3.688074	3.51607	3.7009778	3.1696014	2.1619017	3.242334	3.52196	3.411482	4.010254	3.122376	3.4526122	3.4200125	3.4981349	3.7054071	3.3996527	3.1911995	3.3273613	3.7147906	3.0813484	3.8609118	3.8293307	3.5721645	3.6252677	3.4435291	4.260792	3.617124	4.252953	3.846141	2.951459	3.9605298	3.9751415	4.1764603	4.089322	4.9993396	3.5959594	4.1974163
EXOSC8_8581	5.5574236	5.308648	5.902593	5.702634	5.746686	5.5011415	5.818576	5.5203233	5.2843695	5.3124347	4.9675345	5.1657577	5.2130847	5.4645452	5.6562014	5.124485	5.0561686	5.71023	5.59612	4.9809566	5.3702736	5.467927	5.396859	5.3325906	5.728748	4.8316636	5.4706135	5.4796085	5.7395906	5.659893	5.572402	5.1468773	5.337082	5.8458295	5.1472535	5.910549	5.34806	5.554279	5.413955	5.180765	4.3494563	6.005222	5.4969387	5.2143483	5.642388	4.928529	6.047966	5.635367	5.5516458	5.697437	5.8423615
EXT1_8582	5.032364	4.6873436	5.564438	5.1746025	4.590883	4.9749804	4.5745316	5.1696496	4.1282835	5.3387294	4.9969473	5.0464687	3.9601355	3.537568	5.0031567	4.365758	4.2504673	4.985458	4.9322033	4.8127723	5.1499085	4.867128	5.183811	5.3752427	5.257627	4.055957	5.6108966	4.820807	4.728286	5.225846	5.0990524	4.005659	5.070358	4.8706985	4.1873994	5.2043357	5.2542853	5.2543645	4.6434445	4.7361727	4.4421306	5.369748	4.4423666	4.487392	4.532545	4.576022	4.320462	4.0339556	4.6162353	4.575076	5.2699165
F10_8585	9.958959	9.905255	10.080259	9.758478	9.920322	10.112287	9.92694	10.363625	10.053545	10.303773	10.060921	10.037181	9.843181	9.76803	9.940361	10.122833	10.155363	9.783581	10.015695	9.966393	10.340436	10.127409	9.902871	9.946973	10.162784	9.74795	10.010547	10.058056	9.872926	10.058287	9.882291	10.212696	10.280264	10.053964	10.586678	9.936873	10.1690235	10.198061	9.956929	10.630278	10.519608	10.196606	9.999078	9.993301	9.908021	10.16638	10.421364	10.572171	10.485614	10.429402	10.18687
F11R_8586	6.456107	5.997817	6.021667	6.6797585	4.4067645	5.9192343	6.6920347	6.202168	5.2468953	5.6217394	6.372288	6.0244746	5.2615185	4.3292627	5.8802776	5.452878	5.0967493	5.073815	5.24465	5.2149196	5.865167	6.614812	4.807002	5.9556165	5.998881	4.4800982	6.1470075	5.1510572	5.0392876	6.4720488	5.1895285	5.556104	5.562104	6.2612824	5.78445	6.172101	6.430113	5.515066	5.389877	5.5696816	5.7113175	6.683325	6.2593746	5.55221	6.7104697	5.3437514	4.7851095	6.1337013	5.718149	4.362736	6.3566604
F12_8587	7.6025043	6.541112	6.689333	8.279226	5.625355	6.7948656	7.7122173	7.6702743	5.3912826	6.721353	7.1705475	6.9231033	5.2615185	5.3187275	5.862878	5.4723263	5.783992	5.3104234	5.5207915	5.3190575	6.34119	7.4213715	5.5232043	6.292493	6.8815155	5.153059	7.136792	5.574369	5.556239	7.9862475	5.328752	5.515961	5.873255	6.551016	5.979857	7.713703	7.8520994	6.055713	5.8793416	6.0832586	6.1194544	8.221547	8.014544	5.9876547	8.052886	6.260489	6.047966	6.4515142	6.355901	5.915852	7.583528
F2_32334	13.236743	11.909337	12.057276	13.16537	11.150594	12.212386	13.229327	12.815304	10.931524	11.982207	13.028701	12.664219	10.936761	10.650769	11.663375	11.122571	11.745078	11.4956045	11.658568	10.817421	12.243705	12.956203	11.07411	12.393341	12.427953	10.896203	13.123845	10.994509	11.3649025	12.9687395	11.296797	10.954922	11.268643	12.411835	11.026365	13.157785	13.219143	11.845566	11.098571	10.756867	10.9628105	13.063228	13.031667	10.993894	13.066357	11.005717	11.480828	11.361834	11.288323	11.636785	12.923827
F5_33079	8.006759	6.5714827	7.1514907	8.433728	5.6462984	7.548122	7.959058	8.170965	5.583925	6.9854393	7.938031	7.6416507	5.3977675	5.417558	6.621277	5.874352	6.6668677	6.279799	6.3504095	5.1315656	7.372496	7.582982	5.970362	7.154496	7.3701797	5.4629865	8.255927	6.155348	6.048407	7.8878455	6.3373213	5.9568067	6.248955	7.4319	6.16435	8.347438	7.8640532	6.739305	6.1612277	5.723516	5.660788	7.93602	7.7930803	5.7291603	8.208773	5.722391	5.211846	6.4515142	6.3044596	6.2852225	7.7017694
F9_8588	10.878365	10.277559	10.468755	10.609866	10.470336	10.714747	10.590122	10.30007	10.005267	10.36662	10.233015	10.09938	10.258571	10.164685	9.872428	10.137374	10.050807	10.111283	10.148309	10.487335	10.188557	10.145889	10.081213	10.307154	10.363233	10.033968	10.38532	10.585691	10.302495	10.680553	10.453491	10.303929	10.801597	10.209517	10.9936695	10.490125	10.449146	10.624353	10.550601	10.044311	9.816567	10.333527	10.448486	10.625822	10.808538	10.097837	10.611296	10.461775	10.482145	10.361623	10.229183
FABP1_33091	13.392145	13.336697	14.361552	13.435928	13.862223	13.32355	13.418152	13.848196	13.680233	13.492215	13.68995	13.997901	14.316282	14.490927	14.783007	13.834578	13.899142	13.988232	14.525481	13.898444	14.242561	14.013045	14.079964	14.221316	13.6305275	14.033289	13.676791	13.191148	14.169848	13.0438	13.965716	13.410511	13.360112	13.874675	13.136885	13.67999	13.990745	14.333578	13.399202	14.109879	14.254444	13.577223	13.4592	13.474445	13.155296	14.067839	15.344122	14.3773	14.950426	15.61091	14.809584
FABP2_32859	2.9230795	3.07545	4.480447	4.0289	3.1603029	3.7502577	2.2966683	3.8283224	4.0864654	2.9218345	4.299267	3.5462768	4.22728	4.168281	5.414885	4.1889644	3.6310537	3.3697603	4.643507	4.4495783	4.6109753	3.8185487	4.3870535	4.469871	3.4953897	4.35209	3.4200125	4.0662227	4.331278	3.0294778	3.303507	3.2641406	3.4403665	3.1694758	3.7333038	3.9517226	4.5502152	4.3146935	3.7000437	4.339067	4.3494563	3.8327506	1.8782536	3.1634846	3.1002145	3.1072266	4.646217	2.2765746	4.1408014	4.9241333	4.4725537
FABP4_8590	3.318902	4.9410152	3.9040134	3.3130789	3.038847	3.5936723	3.6712542	3.7596574	3.1689827	3.965136	4.3907466	3.7885811	4.61052	4.5192814	5.034578	3.8750339	3.324341	3.2735412	4.989206	3.9630284	5.9282207	3.6778624	2.4591324	4.258289	5.305279	3.881458	2.6264875	3.1498733	3.781712	3.759049	3.303507	1.4443876	3.7957757	5.0203977	2.2295449	3.3839397	4.2915974	4.3146935	3.1313257	3.0843768	2.6802902	2.8119028	2.8118143	2.4022055	2.3445714	3.8281465	6.277081	4.929807	5.2806215	5.733268	5.1959877
FABP7_8592	9.047036	9.880452	9.608043	8.871518	9.323156	9.373483	9.609243	9.477246	8.817525	9.376465	9.510169	9.572878	9.74865	9.625416	9.73931	9.166532	9.61477	10.059927	10.038661	9.362992	9.502997	9.612785	9.693744	9.467069	10.463118	9.8669	9.664566	9.417366	10.106888	9.241412	10.686242	9.831669	9.680413	9.543687	9.225827	10.132342	9.040225	9.349654	9.474947	9.610625	9.155796	9.559118	9.18593	9.514665	10.389388	9.470463	10.798711	10.512026	10.385201	11.240983	10.581021
FADS1_8593	5.058514	4.510535	5.2940326	6.180124	4.7922235	5.5011415	5.641408	5.835951	4.6994205	5.1135902	5.6799045	4.9164205	3.9601355	4.427398	5.237227	4.94123	4.7602787	4.9547606	4.989206	4.581067	5.881191	5.667165	4.4730663	5.456941	4.9924436	4.5691614	5.790242	4.1174774	4.803421	4.975073	4.624199	3.966478	4.204518	5.1985264	4.712268	5.646274	5.7078004	5.515066	3.7763257	5.2833147	5.377605	5.390609	5.3626266	5.0901866	5.816578	4.0654263	5.1617303	5.3928714	5.6372986	5.230271	6.11731
FAH_8595	9.280194	9.880452	10.161231	8.845721	10.38802	9.551672	9.105403	9.376232	10.095656	9.914469	8.830734	9.411763	10.517924	10.335557	10.112195	10.448498	10.122575	10.028949	10.441064	10.50193	9.911699	9.095375	10.514841	9.769479	9.716296	10.399922	8.828065	10.271796	10.176553	9.24851	10.322164	10.4008	10.445459	9.434541	10.632109	8.991037	9.164649	10.3394575	10.468914	10.093832	10.080176	9.002474	9.102345	10.370218	9.262164	10.121049	10.662875	10.629326	10.563168	10.629236	9.314127
FAIM_8596	4.740924	4.8448305	5.586682	4.3780375	4.9688754	4.6956315	5.303049	5.4994187	5.0433664	5.8214126	4.557952	5.249167	4.61052	4.801377	5.551485	5.219618	5.4182487	5.672997	5.9376383	5.484961	6.0607576	5.020667	5.3746824	5.898276	5.81358	4.990584	5.267545	5.419613	5.320795	5.478582	5.274664	5.111395	5.3097672	5.319029	5.768263	5.5908422	5.34806	5.130104	5.209036	5.3223767	5.0643263	5.2378244	5.3626266	5.0640182	5.1684685	4.693933	6.0752954	6.0663114	6.3044596	6.1191134	5.0356913
FAM103A1_33078	5.7622337	6.3263965	6.9345098	5.7375817	6.9923263	6.4739375	5.976347	5.802208	6.6784306	6.3598337	5.898271	5.9599166	7.0861335	6.8264112	6.730839	6.730886	6.525388	6.751005	6.8276534	7.0330553	6.707524	5.424551	6.7333794	6.409977	6.4964423	6.717244	5.773278	6.717026	6.7260265	5.865947	6.925129	6.5671234	6.832387	6.178747	7.084063	5.969691	5.7768745	6.3950596	6.822755	6.478629	6.156397	5.964062	5.9199986	6.6641607	6.0501866	6.5378356	7.118101	7.2380724	7.017163	7.129015	6.147042
FAM20B_8600	4.150632	3.79471	4.5272	4.545173	4.455044	4.8420568	4.450914	4.332506	3.5839908	4.423926	4.3907466	3.7885811	3.7038848	4.223962	4.6443586	4.235235	4.058373	4.298234	4.60755	3.9630284	4.2651753	4.2744603	3.8576405	4.848497	4.47233	4.014271	4.713098	4.2611446	4.5213094	4.412865	3.911607	3.4460533	3.223322	3.8935378	4.1378617	4.709909	3.7198045	4.994124	4.4238806	3.4086447	3.6691785	4.2066507	4.0923586	4.131929	4.2528214	3.4797902	4.609299	4.769558	4.5470986	4.493851	4.1974163
FAM55B_32626	5.501332	4.9410152	5.5188947	4.7978716	5.8037276	5.4334445	5.2297173	5.62053	4.8063326	5.082807	5.3559427	5.606299	5.481939	5.344077	5.2902575	5.3514986	5.13622	5.235784	6.0490713	4.622362	5.5613966	4.9305177	5.282401	5.589646	5.581701	5.43166	5.5721884	5.0491486	5.3461456	5.336579	5.8927493	5.24837	5.164852	5.394112	5.196475	5.2996144	5.205009	5.6111693	5.2630587	5.070365	5.083635	5.2378244	5.6000404	5.414016	5.4248013	4.975858	5.460108	5.905945	5.718149	5.802365	5.0356913
FAM63A_8604	6.023489	5.952381	6.3554325	6.230064	6.3030148	6.307441	6.389391	6.240467	5.2843695	5.9117594	5.750681	5.9095287	5.7429986	5.344077	5.9804864	5.529146	5.626604	5.71023	5.893527	5.840355	6.220428	6.070404	5.601678	6.247283	6.4009748	5.6784763	6.185985	5.7792277	5.681025	6.519769	5.8927493	5.798485	5.4663982	6.2102537	6.2715955	5.8008323	6.079928	6.3059673	6.088288	5.3790555	5.377605	5.6199064	5.8380003	5.841261	6.1122656	5.6068783	5.9181404	6.3188205	6.11442	6.0210595	6.2047286
FAM69A_8605	1.483266	4.0746455	4.5724864	2.2723026	4.4067645	4.1938534	3.340682	4.379027	4.613693	4.423926	3.4149964	3.1430392	4.851072	3.7797458	4.3765597	4.5232325	4.3876204	4.858544	4.0871205	4.538555	4.055234	3.1481903	3.0125036	4.5087037	4.2948537	4.449145	3.2341504	4.8514056	4.975738	3.9383125	4.8628597	4.6247005	4.8976593	3.9443858	4.370112	3.0961545	3.7198045	4.9359283	4.22047	4.413313	4.0292673	3.410797	3.5490766	4.2293363	3.3678806	4.150392	4.646217	5.1279006	4.863757	4.8279877	3.474912
FASN_8611	7.2119503	6.5714827	6.4675574	7.0220885	5.9114614	7.3358693	6.847189	6.9208302	5.356518	6.4590545	6.745909	6.3856263	5.809664	5.127592	6.814677	5.9316764	5.991921	5.5955176	6.1649346	5.8749375	6.5560555	7.714859	4.7391872	6.5280914	7.1332974	4.8074613	7.2079563	3.4186301	3.781712	8.621644	6.69739	4.7909193	3.7957757	6.6230154	5.8929443	5.7170177	7.5206976	6.173724	4.470548	6.2342706	6.8630724	6.37331	6.2080708	5.371972	5.642388	5.1916866	5.887632	5.2544	6.655948	5.461475	6.6545095
FASTKD5_8612	3.4823647	3.2357452	2.7828603	3.5673409	1.9587818	3.4179986	2.911122	2.9264696	2.1691005	2.2186248	3.3250897	3.5462768	2.7439313	2.5734606	3.243922	2.914369	1.9438806	2.5029805	2.2300112	1.6252826	2.778033	3.437199	2.2798173	3.0452297	3.2250526	1.275699	3.3300724	2.0104735	2.8829715	3.315628	0.79861236	1.8408495	1.7112163	3.2525284	2.0267587	3.1985953	3.1193392	2.257008	0.0	1.3803144	2.2036915	3.6371455	3.2776825	1.5043167	3.7265353	2.0168164	1.8199238	1.8332981	2.4829574	1.5643196	3.3441162
FAT1_8613	3.9417143	2.4482956	3.1839569	2.884577	1.9587818	3.4179986	3.24468	3.0466177	2.8064463	2.7755125	3.8612514	2.7435865	1.8208362	2.7354863	2.7331607	3.2206914	2.636965	2.3223944	1.7911546	1.9183995	3.4283133	2.3023815	2.4591324	2.9355001	2.617958	2.109709	3.8009534	2.2125611	1.2732412	3.1312993	2.2317815	2.284903	2.2602103	2.3964808	1.7907331	3.8293307	3.2219887	3.200062	3.0101936	2.072621	2.7783492	3.1422062	3.629271	2.2245977	3.8482714	2.3398588	2.7428484	1.8332981	2.7523265	2.7807593	3.474912
FBP1_8617	8.70814	7.8690786	8.364859	8.590102	8.011076	8.0704975	8.7132635	8.297456	7.494801	8.149025	8.1261425	8.205181	8.124024	7.894851	8.042664	7.795302	7.632407	7.945049	7.9702964	8.183976	7.673258	8.014538	7.6730714	8.182824	7.851509	7.72982	8.024626	7.9657593	7.9598975	8.733132	7.503192	7.877255	8.30551	8.169087	8.333749	8.475386	8.128039	8.032429	8.053259	7.9061956	7.712389	7.9289074	7.68934	7.945635	8.304948	7.510095	7.9854426	8.423024	8.001927	8.150599	8.197107
FBXO11_8619	5.5936418	5.6305075	6.1467075	5.61137	5.2130246	5.667523	5.678625	5.948199	4.8063326	5.704953	5.5667706	6.116198	5.308379	5.0372314	6.1763225	5.5475993	5.3358874	5.8334627	5.37869	4.622362	6.2699523	5.858587	4.871772	5.9414935	5.619891	4.757803	5.7561126	4.9107227	5.100155	5.880642	4.787609	4.6247005	5.4909263	5.9239197	5.3126483	5.5908422	5.3927565	5.6111693	5.1529117	4.339067	4.144076	4.8430624	5.6775246	5.3065157	4.968176	4.6064157	5.0559535	5.995619	5.718149	5.8520994	5.5176296
FBXO22_32888	4.8939905	4.1164427	4.855005	5.2731752	4.900788	4.4436893	4.1131234	5.059707	4.522548	4.846702	4.77723	4.846719	4.647439	5.0980964	4.9710355	4.698608	4.512859	5.3104234	5.016884	4.916016	5.011177	4.8008246	4.1464963	4.688581	5.077238	4.4800982	4.9121966	4.8514056	4.5651484	4.947421	5.0990524	4.599311	5.0374327	5.043904	4.8722835	5.179499	4.5502152	5.3240876	5.002234	4.6155543	4.6635904	5.167044	4.7598963	4.2293363	4.913435	4.413638	5.887632	5.8267083	5.6538353	5.2551312	5.2699165
FBXO7_8621	3.9417143	3.6878698	3.9731874	4.1889715	3.1603029	3.8226066	4.1131234	4.5914803	2.5840793	3.4896183	3.8612514	3.9959817	2.99374	1.6426728	3.4443936	3.2206914	3.0212092	3.2735412	3.3545144	2.713711	4.6109753	3.7499197	3.0125036	3.897724	4.5535	3.252017	4.0466323	3.1498733	3.352018	4.4915595	3.6815434	2.7213259	3.335922	3.7861276	2.837896	3.764007	4.0892115	3.5496664	2.3879235	3.334152	2.956486	3.2374017	3.7774107	2.7028143	4.114065	3.189834	2.0577211	3.6479805	3.1752434	3.5159345	4.4408975
FCER1G_8623	6.7648525	7.095001	7.6926184	6.4141455	6.837034	7.366443	6.2966805	7.012212	6.6355753	7.1354704	6.6192374	6.0244746	6.8844113	6.482766	7.346121	6.8246603	6.554816	7.378513	7.6329126	6.577749	7.4551044	6.2673945	7.3311934	7.2026596	7.1332974	6.4621267	6.6894436	7.0820856	7.253831	6.9190555	6.985303	6.493234	7.172779	6.918362	7.103548	6.5175333	6.295352	7.2378283	7.054857	7.0494847	6.22756	6.0841775	6.32104	6.866968	6.54026	7.0165577	7.461445	7.1561723	6.8692317	7.16881	6.0766897
FCGR1A_32326	3.0326717	3.7422786	5.0275335	2.2723026	4.0142226	4.138241	2.4764907	2.7953992	3.3913584	3.8233604	2.621851	2.7435865	3.837692	4.168281	4.7236123	3.6199527	3.8838544	4.4379616	4.746293	3.5993342	4.2651753	3.3471458	3.920224	4.5465183	4.2948537	3.7855976	3.3300724	3.900535	4.112363	3.554308	3.911607	2.9792736	4.14394	4.086987	3.5933034	2.0518599	2.6150863	4.268282	3.9835975	4.178025	3.448644	2.0039802	3.0634718	3.8550549	2.6425977	4.108535	4.817839	4.589258	4.275133	5.01427	3.410996
FCGR2A_8624	2.675235	2.5736196	3.400333	2.0677924	3.5640745	3.1064248	1.851524	2.9264696	2.905972	3.7468808	1.8390311	2.1892972	3.2066107	3.013425	3.4443936	2.6667733	3.0212092	3.6250265	3.3545144	3.111882	3.242334	1.8567106	3.411482	4.010254	3.7229755	3.178435	2.6264875	3.4186301	3.4488056	2.1961572	3.1911995	2.406994	4.014574	3.2525284	3.1690745	1.1754036	1.8332136	3.4698832	3.1313257	2.6654315	2.3383918	2.3827975	1.8782536	3.4325337	1.1146706	2.9263053	3.3011763	4.0339556	3.8847218	3.671778	1.769436
FCN1_32819	4.8939905	5.510237	6.393784	4.8939457	5.5383997	5.9678993	4.5745316	5.5409293	4.8569574	5.3387294	3.9838378	4.846719	4.61052	4.5192814	6.118846	4.968878	5.174639	5.977854	6.0490713	4.4495783	5.712333	5.1327214	5.3292794	6.357758	5.8461637	4.2480316	5.0311365	5.175448	5.6609626	5.4591317	4.787609	4.9993916	5.5150447	5.299631	5.4610167	4.5251174	4.5891457	5.8024487	5.3151307	5.159351	4.61133	4.0049734	4.5285373	4.954324	3.3678806	5.448127	5.2602787	5.539229	5.7023377	5.279571	4.5338564
FDFT1_8628	8.730678	8.257885	8.190647	8.675939	7.6506786	8.664783	8.719974	8.815795	7.834995	8.2837	8.4629345	8.119111	7.814794	7.8645153	8.35107	8.068798	7.8378882	8.15877	8.3425665	7.637186	8.348101	9.21158	8.38334	8.530541	8.682362	8.244286	8.708225	7.8530912	7.9266744	8.626011	8.626128	7.700489	7.7416854	8.429949	8.164726	8.697199	8.614353	8.820431	8.308982	8.15097	8.258357	8.0453	8.495704	8.233751	8.436952	7.9231524	8.326987	7.8522162	8.377896	8.167067	8.347671
FDPS_8629	7.0322866	6.8813105	6.7981853	7.1828766	6.3030148	7.206651	7.2753787	7.3755774	6.664286	6.585216	7.3350472	6.7714806	6.631516	6.723926	7.639702	6.912709	6.3264723	6.497763	6.7054048	5.768599	7.272773	8.064846	6.8901186	6.951013	7.5687246	6.4148498	7.3055778	5.930195	6.0637693	7.214149	7.399598	5.9962473	5.816163	7.2669086	6.5238214	7.3848267	7.608587	7.7829294	6.2968974	6.843366	6.6593847	6.7574687	7.287484	6.6728444	7.019956	5.854879	6.890861	6.3188205	7.4920654	6.9952273	7.317646
FETUB_33027	14.388217	13.988754	13.773875	14.666736	13.7130165	13.86168	14.114687	14.13009	14.179276	13.578874	14.480132	14.0042925	13.382304	13.671265	13.432489	13.830815	13.831339	13.510564	14.061299	13.682761	14.409908	14.62977	13.845614	13.663914	14.201845	13.554427	14.363694	14.18503	13.193032	14.570392	13.648737	14.112575	13.804105	14.0821705	14.051226	14.39978	14.159789	13.993394	14.3202095	13.801987	14.474599	14.24444	14.112173	14.057476	14.286172	13.812726	12.376969	13.090664	13.280588	13.171307	13.90183
FGA_8632	15.921877	15.455956	15.707507	16.02503	14.784524	16.139828	15.95152	15.828613	15.178422	15.38005	15.939812	15.673571	14.893873	14.6924515	15.315717	15.241857	15.463081	15.080442	15.123425	14.872024	15.647585	15.927531	14.955437	15.368432	15.757044	15.051775	15.9945345	14.9958	15.044564	15.578413	14.948433	15.242167	15.30068	15.856541	15.2517	15.977469	16.09092	15.257551	15.2271805	15.180615	15.166876	15.805977	16.000961	14.932406	15.734555	15.118681	14.732166	14.995043	15.120625	15.015182	15.901827
FGB_32596	10.356829	9.01845	9.427264	10.269036	8.700629	9.780048	10.296681	10.022687	7.8815875	8.974781	9.781351	9.894427	8.46121	8.290011	9.064869	8.610881	8.890617	8.836632	8.837628	8.413033	9.72344	10.087987	8.548457	9.517921	10.070135	8.377663	10.242402	8.480699	8.775303	10.00563	8.905114	8.249869	8.803408	9.648032	8.183159	10.245852	10.175433	9.107528	8.652944	8.862353	8.405633	9.962401	9.840719	8.451259	9.849992	8.622234	9.310434	9.412806	9.189784	9.560799	10.321167
FGFR2_8637	4.375311	4.601646	4.8912005	4.505169	4.251405	3.9572527	4.6514254	4.741449	2.905972	4.3221717	3.4996274	3.6316473	3.2066107	2.3909085	3.6203768	3.1256318	3.324341	4.0302944	3.6655471	3.4235945	3.9375708	3.8840604	3.5760143	4.164128	4.513486	3.3887968	4.5632515	3.4981349	4.170284	4.704761	3.6815434	3.1287267	3.223322	4.086987	3.1690745	4.117802	4.2915974	4.4867115	3.7763257	2.399263	3.2578542	4.0049734	3.174549	3.0613632	4.4957547	2.8265579	3.2054758	4.0339556	2.7523265	3.3411944	4.4085307
FGFR4_8638	6.198317	5.272131	5.152088	6.3364825	4.1376824	5.208914	6.2846613	6.302122	2.8064463	4.732349	5.9291153	5.784626	2.8742359	2.8811386	5.0954394	3.5484548	3.9295027	3.8418446	3.9212723	2.713711	4.4908013	5.8256187	3.65174	4.654355	5.481552	3.0189555	6.0933423	2.8193185	3.923187	6.20644	3.1911995	2.8983095	3.628988	5.5167813	2.837896	6.435997	5.9058294	4.1193533	3.3467786	3.6114979	3.115025	6.0320234	6.1275234	3.7274868	6.5847316	2.8265579	3.6308496	3.8538375	4.398015	3.812416	6.0135303
FGG_8639	15.314142	14.953221	15.08053	15.226745	14.354419	15.491351	15.354005	15.218026	14.607888	14.75683	15.282325	15.271043	14.608306	14.408374	14.892432	14.508777	14.818765	14.4938755	14.620794	14.596006	15.22642	15.417486	14.32923	14.945971	15.317481	14.461694	15.589736	14.478366	14.388597	15.0159645	14.384128	14.661702	14.6303215	15.341215	14.568155	15.260353	15.43606	14.716908	14.557362	14.886993	14.828894	15.172753	15.178188	14.444266	15.112339	14.710847	14.45712	14.46993	14.58411	14.647103	15.376708
FGL1_8640	11.74416	11.134542	10.896952	11.282572	10.721653	13.144826	11.594835	11.265078	10.848737	11.068052	11.2235	11.032576	11.429085	10.933517	10.726491	10.907257	11.733262	10.92762	11.271323	11.418144	12.028574	11.821675	10.854336	11.339605	11.980864	11.026415	12.371008	11.282484	11.507245	11.450689	11.885098	11.14814	11.478292	11.674717	11.69484	11.576611	11.036849	10.8165245	11.229415	10.738031	10.636984	11.506045	11.312969	10.708917	11.716179	10.571186	12.274766	11.702293	10.6640625	12.681527	11.775575
FGR_8641	2.675235	1.9897953	2.4360592	3.3130789	2.597612	2.3652024	2.4764907	2.7953992	2.1691005	1.6747757	1.5525111	0.775823	0.7077145	1.9373132	1.640813	0.6730612	2.1116846	1.8748931	2.4077895	1.6252826	2.2945795	1.5686922	1.5499562	2.2101986	1.8356827	1.7521499	3.2341504	1.7753943	2.5752249	2.1961572	0.79861236	2.004529	2.011671	2.6625395	2.2295449	2.736285	2.455695	2.737684	1.2698381	2.2451668	0.53686917	2.5404441	1.8782536	1.153547	2.1687598	2.1873605	2.5996156	0.71446705	1.9519659	2.0916321	2.2793913
FILIP1L_32649	3.8843899	4.30899	5.266739	3.6430259	3.2723231	4.616441	4.267662	4.5102134	2.1691005	3.3925493	4.201591	3.7885811	3.4765677	2.1818647	4.4247885	3.4732275	3.8367145	3.8418446	4.60755	1.9183995	4.721904	3.437199	3.4960926	4.114638	4.630346	3.3220272	3.6604056	3.4186301	4.170284	4.0465326	3.1911995	3.198022	3.223322	3.9935026	3.7333038	4.009233	4.1425314	4.1193533	2.8779507	3.334152	2.956486	3.4902585	2.506785	2.2245977	3.4470994	3.1072266	3.8365083	4.1940618	4.919528	4.535035	3.7578633
FIS1_8645	6.1010227	5.2155614	5.6085877	6.230064	5.0653367	5.667523	6.104947	5.9635444	4.6994205	5.3124347	5.4006453	5.473857	5.0571885	4.9408307	5.551485	4.5600543	4.8579483	5.183789	4.9322033	4.304893	5.06828	5.8256187	5.5232043	5.7920966	5.693367	4.968925	5.8070087	4.724913	5.4666176	6.059192	5.1599956	4.5734663	5.070358	5.1122093	4.2816463	5.8645453	5.8102098	5.390596	5.0336547	5.468837	5.329891	6.3307686	5.7688713	4.7723575	5.816578	5.0660996	5.1098113	5.3481746	5.074966	6.2235765	6.278222
FKBP14_8647	3.6291769	3.447053	4.3821325	3.2172866	2.4144073	4.080398	2.4764907	3.531564	2.905972	3.288475	3.4149964	2.1892972	3.30232	2.8811386	4.1656966	3.7531235	2.7430372	3.3697603	3.733852	2.9909706	3.8749332	2.9173408	2.8927681	4.164128	4.2468505	3.178435	3.5846395	3.3344872	3.2482674	3.554308	2.6266706	3.198022	2.8206856	3.7861276	2.9569383	3.4683857	3.7883198	4.3596587	3.7000437	2.7821121	2.4615827	3.949819	2.3260906	2.5603254	4.0135446	2.9263053	4.1250777	3.719913	3.5018787	3.4312084	3.9943156
FKBP1A_8648	6.162596	5.272131	5.447765	5.946181	5.0653367	5.9192343	5.8351526	5.852531	5.5067577	5.7643576	5.784808	5.627237	5.2615185	4.9736853	5.89747	5.413177	5.7204866	5.6917334	6.2135863	5.3190575	6.1821365	5.77471	5.0779867	5.515315	5.797008	4.653045	6.3664885	5.6632867	5.512124	5.9658027	5.1599956	4.979849	5.694719	5.9239197	5.5394154	6.067691	6.2595987	5.665901	5.2630587	5.433592	4.94271	6.146826	6.012615	5.5332603	5.8015833	5.250605	5.3300095	5.760029	5.6205697	5.524181	5.7930655
FKBP4_8649	4.5328355	3.5111294	4.1627893	4.3780375	2.7601511	4.0201387	4.534491	4.9406905	2.5840793	4.03112	4.5968914	4.5283937	2.99374	3.1345942	3.7009227	3.309873	3.324341	3.5448534	2.838406	2.3701787	4.448411	4.9912386	3.5760143	3.4953887	3.4953897	3.252017	4.206825	3.047878	3.4488056	4.7693586	3.303507	1.1960433	2.6569214	3.7861276	3.2644873	5.0207696	4.0338454	3.8308609	3.2430704	2.7821121	3.324294	4.541129	3.7774107	3.512115	4.532545	3.2679667	3.7711594	3.2220936	4.0930934	3.940554	4.1195726
FKBP5_8650	5.2747087	5.1160517	5.0911546	5.5924034	4.8654995	5.1538897	5.5837183	5.7850356	4.391308	5.414854	4.9068465	4.9829097	4.7528453	4.168281	5.153837	4.280068	4.9494233	5.3344693	4.960986	4.354751	5.2018695	5.2615604	4.631086	5.677477	5.711166	4.3851724	5.406049	4.691478	4.649022	5.742663	5.4557147	5.05648	5.607677	4.9965014	4.93163	5.344994	5.1277866	5.230354	4.5595846	5.433592	4.2841916	5.950077	5.6585402	4.7723575	5.4248013	4.928529	5.5210066	5.8267083	5.838767	5.395919	5.8900285
FLNA_8651	3.1345234	3.3096738	3.6740434	3.1146789	3.038847	3.1064248	2.2966683	3.3566325	2.5840793	3.0546732	3.0159018	2.3986237	2.99374	3.6228914	3.243922	3.1256318	3.0212092	3.4599617	2.838406	2.3701787	3.4283133	3.0373778	3.2257414	3.415899	3.122376	2.3960178	3.3300724	3.1498733	3.62484	2.6721666	3.4077	2.6239645	2.472159	2.887088	2.7081409	2.8664734	3.1193392	4.010777	2.1789894	3.546998	2.5750768	2.5404441	2.6673462	2.7028143	2.5012665	2.719398	3.7711594	4.338161	3.6410902	3.2451882	3.5361161
FMO1_32787	7.750204	7.6266913	7.3851795	7.6545334	7.745929	6.915559	7.12171	7.6275616	7.8286676	7.291691	6.909515	7.7882905	7.280812	7.140379	6.7872686	7.29229	7.475837	8.124702	7.893989	6.853951	7.2296185	7.79794	7.554773	7.744238	8.049882	6.922733	7.3577194	7.894085	7.7622066	7.668284	7.6904225	7.028357	7.772025	7.6428723	7.4156027	7.205767	6.6939325	7.6029553	7.674077	7.4037905	6.7284813	8.0746	7.823228	7.141769	7.758951	6.935084	6.2170005	7.1300073	6.8478312	6.44501	6.9582787
FMO3_8654	8.209996	6.593848	8.226505	7.802156	7.414736	7.8928657	7.2570415	8.170965	7.307286	7.376631	7.06341	8.21904	7.092841	7.569073	6.557812	7.275782	6.9859533	8.096857	7.1978	7.6621523	7.064018	6.886623	7.127447	8.389414	6.6973305	6.691026	7.075837	7.5791674	6.9241996	7.478464	6.1244674	7.2687626	7.941773	7.395817	7.706407	7.9449716	7.7949653	7.375558	7.954111	8.385759	6.758827	8.300827	8.282859	6.555659	7.599042	7.8003545	7.3761106	7.2319345	7.59413	7.5414734	7.912632
FMO5_33281	7.548171	6.905354	8.009039	6.849118	6.693493	8.0704975	7.9552717	8.039568	6.545846	6.9259796	7.6354513	6.5807204	7.1646385	6.482766	7.0169997	7.3459916	6.751908	7.105614	7.4109864	6.845257	7.538299	7.8190303	6.7420673	7.8310657	6.9430614	7.1418133	7.795975	7.5745893	7.1852527	8.5429945	6.687074	7.3509283	8.245509	7.974867	7.5729866	8.061698	7.327017	8.106848	7.5654035	6.192713	7.0166287	7.3750877	7.6321006	6.343611	7.274636	7.3076386	6.994707	7.1300073	5.88152	7.685607	7.6984262
FN1_8655	9.367765	8.575128	9.080612	9.266471	8.464566	8.987475	9.576344	9.532312	7.325376	8.708544	9.361217	9.065651	7.388323	7.29786	8.55714	7.795302	8.673051	8.566635	8.495492	6.962451	9.247332	9.102274	7.302112	9.221831	9.430959	7.373776	9.693032	7.302956	8.208206	9.446691	8.234613	7.64263	7.840431	9.278564	7.0239773	9.254492	9.606594	8.701026	7.742229	7.1009393	7.2651763	9.331276	8.845443	7.8105063	9.321183	7.719239	7.650473	8.128157	8.448316	7.9213066	9.215845
FOLR2_32628	2.8044732	3.9414568	3.4974551	3.4029047	2.597612	4.080398	3.595438	3.0466177	1.9992051	3.580566	3.4149964	3.1430392	1.1804214	2.5734606	3.6203768	3.5484548	2.7430372	3.7009778	3.1696014	1.2570211	3.7408574	3.251095	3.2257414	4.2119765	4.47233	0.96157944	2.9009168	2.5476058	2.8829715	3.6258323	3.1911995	1.4443876	1.7112163	3.9443858	0.6915133	2.4342844	3.2219887	4.1193533	2.3879235	2.072621	1.4871172	2.3827975	2.8118143	2.2245977	1.9685107	2.719398	2.261813	2.455791	4.0930934	1.8519349	3.3441162
FOXJ3_8661	4.375311	3.8941805	3.7548423	4.4216714	3.1603029	4.2474017	4.315703	3.8938673	2.8064463	3.6661186	4.7077756	3.7885811	2.7439313	2.8811386	3.849662	3.2206914	3.685282	3.9074347	3.4387813	2.3701787	3.3383183	4.006783	2.6186037	4.3031607	4.1457686	2.6348078	4.439678	2.8193185	2.7372885	4.0465326	2.7898166	2.6239645	2.8206856	4.041002	2.837896	4.169169	4.1425314	3.2957203	1.9345882	2.8900583	2.4615827	4.541129	4.6488495	2.5603254	4.1618156	3.5440083	2.5996156	2.8892338	3.3477855	2.7807593	3.9500241
FOXO3_8662	3.8843899	2.4482956	2.9293032	3.4029047	1.6624343	3.1064248	2.2966683	2.4910152	0.9994701	2.6126575	3.2292056	2.3986237	0.0	0.77186805	2.5711837	0.0	0.9628306	0.7371988	2.9574547	0.0	2.778033	2.482375	3.1230586	1.4924659	1.8356827	0.5594628	2.7702174	0.6833182	1.2732412	3.0294778	0.79861236	0.8958736	2.472159	2.6625395	1.1570135	4.117802	2.7586064	2.435626	1.9345882	1.6496927	1.8894439	4.058097	3.3739324	0.689121	3.2840576	2.0168164	2.5996156	1.1901431	3.1752434	1.2047167	3.3441162
FOXO4_8663	4.6055846	3.6313283	4.2766256	4.333043	2.597612	3.9572527	4.6883883	4.668412	3.8063707	4.564248	3.7958171	3.6316473	2.8742359	2.8811386	4.221371	3.9323316	4.058373	3.6250265	4.4129558	3.5141387	4.055234	4.4577565	3.7922184	4.164128	3.65103	3.3220272	3.8009534	3.2451313	3.2482674	4.371847	3.303507	3.0559347	4.7014403	3.840832	4.1378617	4.8423924	4.7694445	4.3146935	3.619502	3.996721	3.9888737	4.6831694	4.4423666	2.2245977	4.637601	3.6644573	3.7711594	4.291709	3.7680426	3.940554	4.306832
FSTL1_32837	1.7631619	3.1578226	1.6806879	2.0677924	2.4144073	2.3652024	2.4764907	2.1047523	2.1691005	3.7468808	2.8961248	1.6491554	2.4416173	1.9373132	3.243922	3.7531235	3.0212092	2.8078547	3.067424	2.3701787	3.5130224	2.9173408	2.075009	2.9355001	2.074421	2.3960178	1.5561608	1.7753943	1.9388802	2.372859	3.303507	1.6561947	2.472159	1.6473541	2.7081409	1.8143951	0.71442115	3.097608	1.6401663	1.3803144	2.2036915	2.2057867	1.588432	2.5603254	1.735917	1.0112327	3.7027097	4.0339556	3.7680426	4.218504	3.9500241
FSTL1_34093	4.7082605	5.5565214	5.693029	4.730073	5.604102	5.006382	5.4821253	5.343936	4.9531703	5.258363	5.2377234	4.846719	5.4192753	4.801377	5.8274364	5.5104537	5.174639	5.5754795	5.335379	4.4495783	6.0466185	5.1327214	4.9337583	5.7762694	5.4606605	5.3502326	4.602197	4.724913	5.3461456	5.1790576	5.2184687	4.649651	5.070358	5.1774263	5.3781114	5.2043357	5.101099	5.818643	5.209036	4.999828	5.2805457	5.0407667	5.019991	5.0102134	4.4580016	5.6218333	5.5984015	5.539229	5.5865192	6.248552	5.097908
FUCA1_33043	6.244609	5.429636	5.7920723	6.2422833	5.126238	5.6477447	6.378123	6.3727903	4.9297123	5.7836275	5.8667536	6.116198	5.2375045	5.344077	5.46187	5.3514986	5.13622	5.0449595	5.420738	5.0123625	5.8489633	5.953197	4.8397503	6.1276417	5.581701	5.094254	6.4328074	5.499065	5.294991	6.412619	4.934379	4.979849	5.4663982	5.9239197	5.1720743	6.2457304	6.375484	5.896995	5.389877	5.3604093	4.8997808	6.4146333	6.141264	5.037367	6.3575373	4.9042687	5.5794387	6.0524473	5.569188	5.395919	6.6545095
FV1_8669	2.1990027	2.6889215	1.9785899	2.451389	1.6624343	3.2179284	2.911122	2.3107724	0.58460927	2.2186248	3.0159018	3.1430392	1.1804214	0.0	1.640813	1.1302094	1.7539579	1.8748931	1.1573405	0.0	1.8496284	3.0373778	0.7160639	2.008209	2.7615314	0.0	3.2341504	1.1451283	0.77274704	2.1961572	0.79861236	0.5163865	2.011671	2.5356345	0.6915133	3.294242	3.0088224	2.053109	0.7703406	1.0488179	0.92724514	2.930607	2.3260906	1.153547	2.1687598	0.0	0.70722115	1.8332981	0.0	2.911615	3.273985
FXYD1_33322	3.8246934	3.5724802	3.400333	4.333043	2.7601511	2.3652024	3.8118882	2.3107724	2.905972	3.8233604	3.3250897	3.2548962	2.4416173	2.8811386	3.243922	2.5249715	3.0212092	3.6250265	2.838406	2.8589911	3.0287817	3.8840604	3.411482	4.164128	3.3209047	2.9320772	3.504673	2.8193185	2.8829715	4.1950135	1.3096737	2.7213259	2.967741	3.1694758	2.9569383	4.169169	4.2436	3.6971037	3.0101936	3.8440266	2.0551069	4.109333	4.034631	2.951459	4.2528214	3.1072266	2.261813	3.3179228	3.4268885	4.0582333	3.8083558
FYB_32909	4.6055846	4.6873436	5.651426	4.2865996	4.077273	4.910049	4.057699	4.551419	2.9990726	4.3739457	3.5795677	3.9301062	3.837692	3.1345942	4.9710355	3.6199527	4.2140403	5.0449595	4.989206	3.111882	5.3473864	4.414069	3.920224	4.936576	4.5924344	3.252017	3.9290164	3.9579048	4.052019	4.371847	3.6815434	3.6075757	3.5377576	4.9223433	4.0333714	3.8293307	4.4266934	4.8752856	3.917761	3.1725283	2.6802902	3.5655706	4.0923586	3.9722536	3.8482714	3.8281465	3.555222	4.929807	4.863757	4.268201	4.1974163
FYN_8670	3.697336	3.3096738	3.1839569	3.3130789	2.4144073	3.5936723	3.141831	3.3566325	2.5840793	3.4896183	3.2292056	2.3986237	4.126278	2.7354863	3.9844897	3.5484548	2.841842	3.7009778	4.0339284	2.552146	3.9976015	2.482375	2.6186037	3.9550858	3.2250526	2.109709	3.4200125	3.6450963	3.854183	3.759049	1.9846656	2.284903	3.1011837	2.887088	3.3539796	3.6237552	3.4076753	3.7655318	2.3879235	3.2556021	2.3383918	2.5404441	3.174549	3.2588525	2.3445714	3.6644573	4.226075	3.8538375	3.5018787	3.031582	3.9943156
FZD1_8671	1.9974787	2.6889215	1.3048255	1.1871207	1.6624343	0.0	2.2966683	0.7313985	0.0	3.7468808	2.462306	2.889376	1.5358759	1.2719984	3.1321692	2.1911569	2.2619886	2.3223944	1.1573405	1.9183995	2.0891902	1.8567106	1.5499562	2.2101986	2.4585013	1.275699	2.0821931	1.7753943	2.3926249	2.372859	3.4077	1.1960433	0.0	3.5438585	1.7907331	1.5299913	2.0718052	2.737684	2.8779507	2.7821121	1.70226	2.5404441	1.2253668	1.7862632	1.735917	2.0168164	1.8199238	1.1901431	3.6410902	3.5159345	1.2901436
G0S2_32729	7.2293205	7.3744764	7.791689	7.214232	7.6139383	7.695078	6.972357	7.0486426	7.107472	7.456846	7.3635545	7.178492	8.050124	7.1475954	8.073245	6.8839526	6.63966	6.7949934	7.6812816	6.608901	7.5128126	7.486095	6.661925	8.01427	6.605148	5.956752	7.1167583	5.7792277	6.6967645	6.565962	6.5796432	6.6804214	6.1902523	6.771209	7.8555927	6.7032385	6.503277	7.1186266	7.549188	6.634197	6.422137	6.7574687	6.2339506	7.830048	7.8234673	6.545699	7.1569934	6.7117987	7.550638	7.8859286	6.478599
G3BP1_8673	7.2293205	7.344013	7.6823263	7.598602	7.40862	7.285562	7.3464813	7.553438	6.917812	7.3445506	7.56846	7.1570554	7.360798	7.176106	7.511575	7.1902833	7.1199627	7.270485	7.5019345	7.0176616	7.235863	7.2703032	7.1472054	7.0726295	7.2895474	6.8942885	7.477765	7.0025234	7.2335978	7.3311095	7.018594	7.0566163	7.18034	7.2467923	7.346415	7.427642	7.338487	7.5554295	6.992263	6.9961267	6.9016614	7.1054025	7.256255	7.141769	7.581592	6.7703648	7.6774755	7.769886	7.827046	7.5813384	7.1996517
G6PD_8674	4.772864	3.6313283	4.1627893	3.9713368	3.4732254	4.138241	3.743284	3.9565632	3.9532046	4.518974	3.3250897	2.889376	4.4937305	4.1103654	5.0031567	4.1889644	3.973751	4.346329	4.0871205	3.2234385	4.16402	3.602016	3.5760143	4.2119765	3.791503	3.4526122	4.155379	3.7784617	3.1364734	3.1312993	4.787609	3.4460533	3.4403665	3.7292666	3.4382432	3.0961545	4.66399	4.565594	3.7000437	4.7928996	4.5844727	3.4902585	4.2528553	4.3205805	2.3445714	2.9263053	4.609299	4.338161	4.231731	3.8779073	3.9500241
GAA_8675	5.5574236	5.308648	5.3208194	5.3876147	4.8293266	5.4334445	5.641408	5.932688	4.5839467	5.6429973	5.526998	5.3280163	4.9130273	4.168281	5.237227	5.1964164	4.993074	5.183789	5.221047	4.8480144	5.6760535	5.2113967	4.8397503	5.2886386	5.305279	4.6256223	5.114319	5.1010027	5.395548	5.693573	4.8990626	4.649651	5.5387664	5.675697	5.2672954	5.344994	5.7599134	5.412101	5.1812468	4.9000707	4.1804013	5.60213	5.6775246	4.8961816	5.831418	4.9989533	5.635596	5.616645	5.718149	5.2551312	5.620121
GADD45A_8678	4.5328355	3.07545	3.4974551	2.6106799	3.6495402	3.5936723	5.070825	4.4677963	2.8064463	3.6661186	4.251255	4.338317	3.30232	2.1818647	3.7009227	3.6199527	3.1031692	3.2735412	2.9574547	3.326985	4.055234	4.006783	4.593174	3.5707264	4.6672864	2.9320772	4.0466323	4.4727483	3.9890406	4.5661826	3.0694053	4.3481307	4.7428775	3.9935026	3.6650012	4.169169	4.9891205	3.5496664	3.1313257	4.339067	3.9473164	4.252953	4.397271	3.9148438	3.1002145	3.2679667	4.320462	3.119443	3.5018787	4.268201	4.5338564
GADD45G_33229	6.560441	2.895092	4.6590047	3.4029047	1.6624343	3.7502577	6.104947	5.343936	2.3210802	3.176305	5.135637	5.4268627	1.8208362	2.5734606	4.4714575	1.9899611	1.9438806	2.663456	3.5938473	5.2679276	4.3597	3.3471458	5.3746824	3.1471999	5.257627	5.7179646	2.2872965	5.8107114	6.07897	5.5167127	3.5048723	5.916257	5.1340365	6.4043584	2.5655518	6.2093854	5.3927565	4.4455914	3.2430704	5.115544	4.786514	4.5779715	3.7774107	3.587535	2.9986892	3.1072266	4.226075	4.383164	3.7680426	3.671778	6.11731
GALE_8680	2.675235	2.159341	3.0622413	3.1146789	2.7601511	2.157111	2.911122	2.9264696	2.1691005	2.7755125	3.0159018	2.889376	2.99374	1.6426728	3.6203768	2.7958763	1.2772086	2.663456	2.708643	2.3701787	2.2945795	3.1481903	3.1230586	2.2101986	2.7615314	2.5203478	2.6264875	2.0104735	2.3926249	3.0294778	2.4426951	2.284903	2.472159	2.7791781	1.7907331	3.764007	2.7586064	2.435626	1.2698381	2.5384767	2.7783492	2.6825488	2.8118143	2.2245977	3.5935724	0.5924607	2.7428484	3.0089254	3.5018787	2.476957	2.5406258
GALNT11_32432	5.182596	5.176577	5.693029	5.2247305	4.501759	5.725281	5.303049	5.917009	4.553574	5.684595	5.3559427	5.275932	4.882382	4.68716	5.6358576	4.406767	5.465499	5.0155153	5.1726503	4.882416	5.2271647	5.3569393	4.3870535	5.53426	5.9547386	4.055957	5.5121055	4.657249	5.214689	5.726485	5.1298456	4.1171956	4.424204	5.5167813	4.493403	5.179499	5.6900024	5.554279	4.869225	4.7361727	5.246685	5.7385592	5.385898	4.526246	5.51948	5.1916866	4.4513865	4.142642	4.682209	4.794461	5.7549553
GAMT_8681	9.250727	8.537161	8.709542	9.434306	8.499516	8.433112	9.206017	9.1076	8.395548	8.695886	8.636498	8.683724	8.34521	8.216425	8.372746	8.584314	8.46985	8.2906	8.455597	8.407137	8.65115	9.031757	8.443171	8.402361	8.331702	8.228422	9.163668	8.57539	8.133735	9.00368	8.2765	8.520593	8.356456	8.643111	8.894096	9.248533	8.949637	8.645367	8.58033	8.870613	8.880214	9.131999	8.94281	8.471309	9.039022	8.543919	8.086279	8.373703	8.566572	8.39108	8.844589
GAPDH_8682	9.78878	9.602944	9.95974	9.872927	9.870018	9.63314	9.786973	9.769056	9.585781	9.589907	9.529168	9.572878	10.029524	9.894593	10.054928	9.829593	9.439498	9.573598	9.82435	9.664234	9.841775	9.685787	9.856616	9.930979	9.625356	9.766116	9.647212	9.448973	9.516079	9.615425	9.812826	9.505019	9.6897135	9.8861065	9.650234	9.658866	9.503374	10.076224	9.275833	9.864943	9.896534	9.6200075	9.433554	9.556325	9.354956	9.736598	10.118869	10.067686	10.252378	10.209344	10.079178
GAS5_8688	6.504469	7.40431	7.712984	7.0776997	7.3963094	7.101526	6.918927	6.9899035	6.382657	6.9346256	6.6839633	6.5807204	7.1898856	7.111146	7.477683	6.9685583	7.313157	7.276704	6.9970355	7.2980804	7.091825	6.5252523	7.307976	7.5107207	7.307209	6.994165	6.907248	6.995691	7.623955	7.11199	7.503192	6.5069532	7.5796084	7.0285096	7.340953	6.7032385	7.2802024	7.402668	7.3822613	6.664915	6.5175114	6.89522	6.624757	6.889495	7.3742743	7.0990295	8.401757	7.960114	7.59413	7.940593	7.6611342
GATM_32792	4.244742	4.2350254	5.7920723	4.2865996	4.7922235	4.7336545	4.1131234	4.630459	4.391308	5.1135902	4.8434935	4.614798	5.0294857	4.3791647	5.9478507	5.1728354	5.6126795	5.404291	6.0490713	3.9630284	5.414987	3.7499197	4.7734933	5.3961053	5.1573243	5.0741076	4.5632515	5.1510572	5.5343504	4.5661826	5.5498075	4.4651933	4.8223433	4.703648	4.5322647	4.3131304	4.5102053	5.515066	4.3257575	5.3223767	4.1804013	3.6371455	4.034631	5.414016	3.8482714	5.529685	4.1764603	4.589258	6.0903225	5.0431056	3.273985
GBE1_32816	6.3436356	6.3528657	6.778995	6.0747385	6.04363	6.451297	6.034922	6.6633115	5.9531536	6.6070147	5.818147	6.3978624	6.1297035	6.313431	6.6620865	6.6477976	6.4646683	6.5083714	6.722316	5.840355	6.535953	6.1788	6.4342666	6.8026505	6.378874	5.989391	6.1470075	6.013731	6.2090154	6.0720534	5.9966445	6.072035	6.1902523	6.684131	6.626166	6.0125084	6.079928	6.4584446	6.2968974	6.767552	6.758827	6.3837523	6.141264	6.7487345	6.1000614	6.505946	6.495128	6.440911	6.9247956	6.5084205	6.232729
GBP2_8691	5.2968464	6.767862	7.3002367	5.2731752	6.3925047	6.898923	4.3621955	6.4180503	5.713206	5.7643576	5.6244464	5.4027786	5.919392	5.9505434	6.118846	5.6364827	6.2202835	5.8164897	6.8040185	6.1816173	6.34119	5.2113967	6.7158446	6.722326	6.367695	4.2835584	6.6984577	6.903791	6.6363964	6.182919	6.2559085	5.5294666	6.081399	6.449062	6.434324	4.3131304	5.4573073	6.519161	6.2838902	5.8357673	4.832893	4.3835616	4.95923	5.841261	5.236946	5.776855	6.803677	6.772258	6.1843863	6.7461915	5.7549553
GC_32893	13.011391	12.639112	12.696433	13.271744	12.136928	12.852425	13.089299	13.17808	12.311114	13.115625	12.997095	12.886467	12.235884	11.939659	12.236414	12.24658	12.614142	12.438421	12.387425	12.253681	12.892836	12.672858	11.985756	12.56437	12.776853	11.916834	13.003083	12.566951	12.133924	13.071684	12.179502	12.6221895	12.462039	12.996569	12.508152	13.229581	12.985029	12.479446	12.27112	12.966293	13.151279	13.754713	13.55302	12.744378	13.487659	13.330857	11.754333	11.868774	11.620624	11.854755	12.342843
GCAT_32974	3.7624195	3.3096738	3.7548423	2.884577	3.9482906	2.9855762	3.340682	3.68756	3.8063707	4.26847	3.4149964	3.0217755	3.2066107	2.7354863	3.4443936	3.7531235	1.9438806	3.5448534	4.2822084	3.679778	3.4283133	3.437199	4.0377917	3.6423242	3.2250526	3.0189555	3.504673	4.3917923	3.352018	3.6258323	3.0694053	3.5019276	3.5377576	2.887088	3.9207184	2.4342844	3.2219887	3.6252677	4.22047	3.6732368	3.563121	3.5655706	3.846141	4.027466	3.4470994	4.269137	4.226075	2.8892338	2.6239195	3.142335	2.9534101
GCDH_8693	10.253084	9.772663	9.608043	9.925971	9.766214	9.974192	9.622435	9.803574	9.5458355	10.018777	9.754694	9.973202	9.434289	9.390132	9.556578	9.585786	9.889818	9.752685	9.771507	9.765627	9.681736	9.650925	9.751896	9.904832	9.858843	9.707651	9.868017	9.935775	9.869652	9.952718	9.8045	9.877934	10.117502	9.709957	10.249616	10.021414	9.806697	10.0677805	10.137692	9.506352	9.586366	10.278629	10.306313	9.798753	10.637542	9.803713	10.351127	10.465703	10.633642	10.375152	10.6017475
GCK_8697	4.4163337	2.5736196	3.0622413	3.7149374	4.251405	4.2990336	3.6712542	3.7596574	2.3210802	3.0546732	3.9238462	3.7885811	1.1804214	2.1818647	4.221371	3.309873	2.1116846	1.5853512	2.4077895	1.2570211	3.1395056	5.1327214	2.6186037	4.469871	2.7615314	0.96157944	3.5846395	1.1451283	0.77274704	3.2264056	1.6862907	1.8408495	2.967741	2.7791781	3.3539796	3.764007	3.2219887	2.8678937	2.8779507	3.732442	3.2578542	3.8924718	4.5697665	2.951459	3.788687	2.719398	4.881152	2.6151845	3.7059622	4.0582333	4.1195726
GCKR_8698	3.9417143	3.2357452	2.7828603	4.2865996	2.7601511	3.4179986	3.9400225	4.1297936	2.1691005	1.6747757	2.621851	3.6316473	1.8208362	1.2719984	2.1797314	2.7958763	2.1116846	2.1159258	1.5087776	2.1619017	2.778033	3.7499197	1.1924393	2.5451083	3.011828	1.5335042	3.9290164	1.7753943	2.7372885	2.8013556	3.4077	1.4443876	2.8206856	3.6083453	1.7907331	3.6955848	3.7198045	2.8678937	2.570392	1.3803144	2.5750768	3.1422062	3.4641607	1.5043167	4.1618156	2.0168164	4.0164742	3.0089254	3.5731628	1.8519349	2.7617311
GCLC_8699	8.236009	6.7938547	7.3002367	8.177903	6.8278966	6.882093	7.869356	8.167657	6.69939	7.4924164	8.627124	7.760131	6.5941815	6.684777	7.6034923	6.5686936	6.936505	6.7949934	7.3250303	6.2224746	7.766788	8.209227	6.507433	7.567	7.408867	6.4851966	8.084301	6.473222	7.098409	7.9023204	6.907465	6.5539675	6.5112243	7.4094543	6.474787	8.518109	8.302159	6.7976584	6.5568705	6.5295916	7.0415277	7.921759	7.5103226	7.2443733	8.482322	6.867676	7.1569934	7.083045	7.1337495	7.3059964	8.268728
GCLM_8700	5.1342363	4.5415487	5.121943	5.2731752	4.7541404	4.7336545	5.303049	5.4348235	4.425254	5.439362	5.6431704	5.4967923	4.61052	4.474071	4.938183	4.4854455	4.419964	4.644416	4.746293	4.304893	4.8249087	5.3569393	4.807002	5.3325906	5.0495234	5.0536757	5.267545	4.9953613	4.7663426	5.336579	4.624199	4.599311	4.7428775	4.9223433	4.1873994	5.552668	4.80295	5.130104	4.760747	4.483924	4.5571055	5.1426578	5.5390677	4.7396665	5.2808566	4.413638	4.817839	5.302049	4.5470986	4.860753	5.661911
GDF15_33113	2.9230795	2.3110406	2.7828603	2.451389	2.204507	2.3652024	2.7802737	1.5756721	0.9994701	2.9218345	3.2292056	2.3986237	0.7077145	1.6426728	3.4443936	0.6730612	1.9438806	1.5853512	2.9574547	1.2570211	4.4908013	3.52196	1.5499562	2.008209	2.8921008	0.96157944	3.0207527	1.7753943	1.2732412	2.6721666	3.303507	2.406994	0.8140356	2.887088	0.6915133	2.4342844	3.7198045	3.200062	1.2698381	1.0488179	2.2036915	2.6825488	2.6673462	1.153547	2.1687598	1.3353969	2.261813	2.0718946	2.7523265	2.297121	3.273985
GFPT1_8705	3.5576375	3.07545	4.2766256	4.0289	1.9587818	3.6740885	3.5154157	3.1575243	0.9994701	3.6661186	4.201591	4.1772795	0.7077145	0.77186805	2.5711837	2.7958763	2.3981004	3.1704433	3.3545144	0.76129264	3.242334	4.006783	2.2798173	3.3317733	3.4953897	1.5335042	3.4200125	2.6898494	3.2482674	3.6939778	2.9363732	2.1515164	1.7112163	3.4055345	2.0267587	3.9517226	3.1193392	3.2957203	2.7323515	2.072621	2.3383918	3.1422062	2.9431233	1.153547	3.2840576	1.823375	2.7428484	3.4077816	3.2640922	3.031582	3.9500241
GHR_8706	9.207558	8.198312	8.749525	9.116886	8.231515	9.007012	9.18677	9.095463	7.831835	8.865989	8.86304	9.237193	7.858748	7.590414	8.6386385	8.426261	8.424738	8.461378	8.690709	7.856381	8.869687	9.172784	8.360952	8.867648	8.759229	7.677366	9.014653	8.261829	7.9762263	9.353637	8.300383	8.193721	8.53808	8.868833	8.322707	9.024546	9.123802	8.687862	8.51782	8.008541	7.7671566	8.741356	9.229998	8.321967	8.8910475	7.767109	8.6354475	8.626218	8.769892	8.45417	9.499372
GJB1_8710	8.674717	6.686949	6.479494	9.156165	3.038847	6.73988	8.837761	7.651447	1.8065978	5.9117594	7.451166	7.1498384	2.2628205	1.6426728	5.791102	2.3676975	5.284115	4.9547606	4.872856	1.6252826	5.7301364	8.308011	2.075009	6.54687	7.20414	0.96157944	8.108173	2.5476058	4.3811836	8.315849	3.0694053	2.004529	2.967741	6.220605	1.5083932	8.515631	7.9147396	5.3465996	1.2698381	1.8765994	1.2341714	8.087434	7.8898587	2.8324869	8.147831	2.4777672	2.7428484	2.0718946	2.9792266	3.031582	8.590622
GLIPR1_32487	3.5576375	4.1164427	5.266739	2.6106799	4.590883	4.1938534	2.6363633	4.1297936	3.6994612	3.965136	3.2292056	2.7435865	4.53372	4.223962	4.603037	4.323549	4.320673	4.891334	4.370676	4.1996894	4.6109753	3.7499197	4.668027	4.5465183	4.513486	4.449145	4.2564993	4.0662227	4.7663426	4.097743	4.2285304	3.5019276	4.4742694	4.2167525	4.2816463	3.1985953	3.3178172	4.6403866	4.1647973	3.8440266	3.2578542	2.6825488	3.5490766	4.0806427	2.8894746	3.6054895	4.9117966	5.074023	4.4744816	5.2551312	3.9500241
GLOD4_8714	6.1135497	5.290505	5.9202175	5.931163	5.945656	6.2028947	5.279017	5.1157255	5.1887937	6.4828286	6.30333	6.335616	6.7465825	6.494134	6.7687025	6.586651	6.1056533	6.6103716	6.747316	6.4912295	6.409075	6.2796183	1.1924393	5.0462265	6.4653163	5.3502326	4.439678	6.433325	5.681025	6.1099634	7.018594	5.403109	6.7635894	5.3757043	0.0	5.4525642	6.408509	5.985725	5.655268	6.4436255	5.8864493	4.95933	6.1683593	6.375879	5.608327	6.307496	7.512325	6.901618	6.7741113	7.017194	5.390823
GLRX_8715	3.4029472	2.6889215	3.0622413	3.1146789	3.4732254	2.853671	2.4764907	3.7596574	3.5839908	3.3925493	3.3250897	2.3986237	3.9002123	3.4468794	3.1321692	3.2206914	3.574707	3.6250265	3.733852	4.0259314	2.9088483	2.482375	4.0377917	3.415899	3.3209047	3.178435	2.7702174	3.7784617	3.4488056	3.315628	3.1911995	3.5557184	4.14394	2.5356345	3.8609118	3.294242	2.8891323	3.5496664	3.9835975	3.2556021	3.7194197	3.1422062	3.846141	3.1634846	3.4470994	3.3420844	3.8365083	4.1940618	3.5018787	4.6519713	3.474912
GLUL_32832	6.9011493	7.474294	7.166336	6.2422833	6.9423966	6.7305083	6.7190804	6.700421	7.05423	7.2849455	6.4699135	6.2969375	6.313221	6.6547017	7.0634384	6.8766727	6.4490805	7.055861	7.017732	5.840355	6.7776837	6.690006	6.497205	6.6889005	7.871433	6.323934	5.9943395	7.2522607	6.957479	7.0805125	7.308321	6.6185794	6.969612	6.95602	6.679074	6.5662484	6.2229366	6.8458633	7.829855	6.8567324	6.2533665	6.5225224	6.6050606	6.59274	6.636349	6.4483852	6.7021446	7.389119	7.0550075	6.5084205	6.8419046
GLYAT_32740	5.1342363	4.157063	3.0622413	5.702634	3.1603029	4.3488812	5.2545776	5.948199	2.1691005	2.9218345	4.4767704	4.6561337	2.0586884	0.77186805	4.047455	1.9899611	4.1766696	3.3697603	2.4077895	1.9183995	2.778033	4.1732683	2.762189	3.5707264	3.8569224	3.3220272	3.9290164	2.0104735	3.2482674	5.7101226	2.6266706	2.406994	4.14394	4.896752	1.5083932	5.410494	5.0179405	4.4455914	1.6401663	3.1725283	3.115025	4.252953	4.6488495	2.0220141	4.6709857	3.0196002	2.4405787	3.0089254	0.6542548	1.5643196	4.879149
GLYAT_34103	6.985348	6.1862364	6.908256	6.47754	6.9923263	7.0115366	6.4870296	6.9672446	6.0757713	6.7800994	6.8381786	6.989292	6.9523764	6.538729	6.6919537	6.3859296	6.4012804	6.7330275	6.9689703	6.669257	6.836394	6.5149493	6.8179913	6.965043	6.4009748	6.5079036	6.6435075	6.7417374	6.855245	6.50087	6.310691	6.144039	7.004103	6.8264713	6.617156	7.0083604	6.408509	7.163697	7.3388996	6.4699574	6.3522096	6.89522	7.281292	6.6641607	7.11399	6.6803703	7.5420127	6.63945	7.036209	7.571475	7.1068816
GLYATL2_32403	3.697336	3.1578226	3.4974551	2.884577	3.4732254	2.853671	2.7802737	4.0743294	2.5840793	3.8233604	3.2292056	3.6316473	3.7038848	2.3909085	2.7331607	2.5249715	3.0212092	3.4599617	2.708643	2.8589911	2.9088483	3.3471458	2.6186037	3.5707264	2.8921008	2.2599542	3.0207527	2.6898494	3.62484	3.1312993	3.5048723	2.406994	3.335922	2.6625395	2.9569383	3.4683857	2.8891323	3.4698832	3.0101936	2.399263	2.0551069	3.949819	3.2776825	2.4022055	2.7713106	2.9263053	3.7711594	3.6479805	3.0805616	3.812416	4.5926595
GLYCTK_33141	4.198454	4.196571	4.6590047	5.14887	4.4067645	4.80682	4.4933076	4.7766256	3.9990063	4.846702	4.096819	4.338317	3.772339	3.1345942	4.274977	4.235235	4.3876204	4.1969485	4.5328317	4.1440635	4.2651753	4.7313266	3.980205	4.164128	4.513486	3.0189555	4.602197	3.9579048	4.4294205	5.0288363	3.7623768	4.152537	4.2626543	4.1315517	4.2352924	4.358093	4.5502152	3.9532623	4.6434445	4.413313	4.144076	4.8730197	4.95923	4.3205805	4.3384256	4.665346	5.1360044	5.205123	4.745298	4.113659	4.6491594
GM2A_32907	7.25216	6.5714827	6.6790175	7.5649447	6.0902305	6.592483	7.28144	6.912947	5.7268806	6.8819566	7.1705475	6.8358545	5.919392	5.5322757	6.3361697	6.0268197	6.1056533	6.267362	6.1894655	5.1598887	6.844589	7.3125563	5.440215	6.4702425	6.9430614	5.5961013	7.220526	6.215393	5.902246	7.214149	6.093558	5.5692406	5.9460244	6.4313464	5.847442	7.3956504	7.389003	6.173724	6.4208984	6.071842	5.7956967	7.2088614	7.0819783	5.930867	7.3944016	5.2312317	5.460108	5.760029	5.8531594	5.7154636	6.9186068
GMFG_32344	5.3186493	5.4785347	6.2053857	4.7643704	5.8222513	5.3379383	4.5745316	5.3672004	5.2468953	5.5104823	4.251255	4.614798	5.8733835	6.030791	6.2584586	5.5475993	5.434171	6.109099	6.114585	5.9739733	5.782265	5.105513	5.878786	5.9414935	5.6009226	4.990584	4.816079	5.419613	5.93603	5.271164	5.819082	5.05648	5.629935	5.3757043	5.4201593	5.0207696	4.5891457	5.8504963	5.4838705	5.433592	4.9637046	4.6831694	4.8630033	5.0901866	3.9605298	5.087805	6.5545964	6.0663114	5.8531594	6.091771	5.0356913
GNA11_8720	4.834698	4.2350254	4.740627	5.2247305	4.305072	4.7336545	4.860204	4.909336	3.2469792	4.0942173	4.6348076	4.5283937	3.837692	3.537568	4.1656966	3.6199527	3.973751	3.5448534	3.5183966	3.111882	3.9375708	5.1856456	2.075009	4.688581	4.8390064	3.100898	4.5632515	3.4186301	4.279584	5.357741	3.0694053	3.2641406	3.335922	4.4806437	4.1378617	4.873696	4.929693	4.3596587	3.4435291	3.6114979	3.448644	4.902367	4.201315	3.2588525	4.968176	3.6054895	4.492514	4.338161	3.8275614	3.5959594	4.855332
GNAI2_8724	6.0101514	6.115856	6.709745	5.8694773	5.707365	6.014976	6.158618	6.265446	4.391308	5.83994	5.715727	5.3280163	5.188244	4.7262454	6.204224	5.2870646	5.832857	6.203515	5.966314	4.25325	6.452619	5.968379	4.0377917	6.3254943	6.1237392	4.5400805	6.079608	4.9107227	5.4433146	6.084801	4.968852	4.7220135	5.195023	6.25122	4.8416686	5.7678885	6.1979675	6.1610785	5.0336547	4.925664	4.61133	5.964062	5.7688713	4.7723575	5.6756635	5.4648113	5.4392233	5.760029	6.1729584	5.50358	6.223456
GNAQ_33018	5.7622337	5.8195076	6.3424187	5.8536353	5.707365	6.39309	5.523625	6.037915	5.208422	5.7643576	6.046291	5.9925566	5.776716	5.368989	6.1334314	5.859658	5.5112505	6.0666633	5.9376383	5.613402	6.282072	5.858587	5.3746824	6.399683	6.0417123	5.2816105	5.872193	5.499065	5.7958717	5.9658027	5.4312	5.718202	5.873255	5.961435	6.114001	6.107735	5.966227	5.9567504	5.963324	5.3974643	5.5815125	5.7385592	5.431345	5.9595404	5.931233	5.6943684	6.0887685	5.981055	6.0534053	5.697437	5.8544264
GNAS_8728	8.408582	7.8444176	8.288885	8.746266	7.6086125	8.211897	8.552149	8.671409	7.466552	8.200116	8.549847	8.119111	7.3552294	7.11851	8.099483	8.052738	7.941785	8.064875	7.856183	7.437645	7.838299	8.262547	7.494349	8.004113	7.925799	7.2889147	8.327399	7.592814	7.7480116	8.266351	7.605331	7.4394374	7.781998	8.022974	7.7190948	8.893232	8.41751	7.859283	7.59203	8.167154	7.712389	8.831841	8.501041	7.786701	8.803443	7.8036375	7.9709644	8.299344	8.07128	7.648557	8.362531
GNB1_8730	3.9968476	3.3096738	3.2961977	3.9713368	3.1603029	3.8226066	3.5154157	3.8938673	1.8065978	3.3925493	3.8612514	3.3587008	2.0586884	2.5734606	3.9186504	3.023864	1.9438806	3.6250265	3.3545144	2.3701787	2.778033	4.006783	2.762189	3.6423242	3.65103	2.2599542	3.7323904	2.5476058	1.6441145	4.286138	1.9846656	2.1515164	2.2602103	3.5438585	2.0267587	3.6955848	3.7883198	3.200062	3.0101936	2.6654315	2.2036915	3.7704499	3.5490766	0.689121	3.4470994	2.719398	3.4754093	2.7587066	3.0805616	2.0916321	3.3441162
GNB2L1_8731	9.183995	8.879708	9.14386	9.285785	8.647084	9.13328	8.948559	9.351657	8.846	9.150198	9.179145	8.978715	8.745012	8.605132	9.080007	8.750838	8.793666	8.535857	8.974492	8.467868	9.2411375	9.102274	8.830942	9.117347	8.882163	8.605297	9.071268	8.62715	8.845869	9.127438	8.5427685	8.535728	8.934372	9.1147995	8.961496	9.11082	9.175881	9.143329	8.604071	9.15791	9.101182	9.351367	9.217081	8.744828	9.076878	9.089771	9.163785	8.955353	9.169801	9.276554	9.417365
GNB5_8733	2.675235	2.7956865	3.1839569	3.2172866	3.5640745	2.3652024	2.4764907	1.8643311	2.8064463	1.6747757	2.462306	2.3986237	2.2628205	2.7354863	3.4443936	1.9899611	2.2619886	3.0594068	2.2300112	2.3701787	3.0287817	2.0966876	3.1230586	2.6873035	2.617958	2.7408507	2.2872965	2.2125611	1.9388802	2.6721666	2.2317815	2.5195544	2.6569214	2.2424579	2.2295449	2.5931726	3.6478724	2.737684	1.9345882	3.0843768	2.2036915	2.8119028	1.8782536	2.2245977	2.1687598	1.3353969	1.1797101	2.8892338	2.7523265	1.5643196	2.7617311
GNGT2_33125	2.675235	2.7956865	2.6198554	2.0677924	2.7601511	2.7084813	1.5639434	1.8643311	1.9992051	2.6126575	1.1946218	2.3986237	2.99374	1.2719984	4.047455	2.3676975	2.1116846	3.0594068	3.067424	2.1619017	3.0287817	1.8567106	3.0125036	2.2101986	2.7615314	1.7521499	2.4668374	2.8193185	3.62484	1.9947519	2.4426951	1.8408495	3.223322	1.8741015	2.2295449	2.0518599	0.0	2.8678937	3.0101936	2.399263	1.70226	1.488839	1.2253668	2.0220141	1.1146706	1.823375	3.9589443	2.455791	2.6239195	3.5159345	1.9601587
GNL3_8735	6.9011493	7.7413287	7.7479467	6.37028	7.520611	7.819627	6.6173315	6.4068675	7.256335	7.5214024	7.1379137	7.0602956	7.6517396	7.6677437	7.57706	7.5925183	7.0901237	7.289061	7.511695	7.278839	7.07102	6.483591	6.9513383	7.669092	7.17878	7.2309513	7.136792	7.286255	7.2199492	6.745277	6.7773647	7.164423	7.3904867	7.2768626	7.976767	6.8521113	6.592201	7.0788417	8.014414	6.6724935	6.236213	6.733175	6.79957	6.76507	7.1792502	6.8359623	8.485631	7.769886	8.245049	8.196243	7.5281143
GOLT1B_8738	1.483266	1.3137702	2.4360592	2.7541187	1.9587818	2.5470278	2.4764907	1.5756721	1.8065978	1.2997124	1.8390311	1.9443585	2.2628205	1.9373132	1.9352914	1.7560883	2.2619886	1.8748931	2.2300112	2.552146	1.2029109	1.8567106	2.075009	2.008209	2.7615314	1.7521499	1.8430203	1.4944088	1.9388802	2.5302608	1.6862907	2.284903	2.011671	1.8741015	1.5083932	1.8143951	2.455695	2.435626	1.6401663	1.8765994	2.0551069	1.769281	2.1194797	2.0220141	1.9685107	1.0112327	2.8731365	2.7587066	2.8702326	2.6368403	0.567391
GOT1_8739	8.5786	7.3614993	7.979923	8.142484	7.2670565	8.412749	7.9889956	7.808409	7.6062756	7.975552	7.4243546	7.806763	7.4153323	6.6445355	7.221965	7.6619163	6.795704	7.3433948	7.646266	7.6168976	6.9006896	7.759181	6.401737	7.0726295	7.549066	6.6439652	7.9128904	6.995691	7.1352315	8.610667	6.7076325	7.6332784	7.7106943	8.161048	8.045542	7.7977047	7.6914277	7.4759736	7.732688	8.032296	7.3867493	8.546	8.476862	6.820831	7.8852205	7.130742	7.7428493	8.649429	7.9358497	7.9174185	7.8477244
GPATCH4_8740	3.4029472	2.4482956	3.9040134	3.4029047	2.9062183	3.3214288	2.7802737	2.7953992	1.5842559	3.0546732	2.462306	1.9443585	2.8742359	1.6426728	3.0110276	1.4768263	2.1116846	2.3223944	2.5660443	2.1619017	1.8496284	2.3023815	2.4591324	2.008209	3.122376	2.109709	2.6264875	1.1451283	2.7372885	2.372859	1.6862907	2.004529	2.6569214	2.0700042	2.5655518	2.98588	1.8332136	2.987318	3.0101936	2.072621	1.4871172	3.4902585	4.034631	2.0220141	2.1687598	1.823375	3.555222	3.0089254	3.8275614	3.671778	2.2793913
GPD1_32517	8.091519	7.3787766	7.738044	8.503919	7.0085926	7.7517643	8.34783	8.103303	7.1282306	7.866821	7.9938054	7.91289	6.685766	6.8793883	7.4312186	7.4817295	7.191967	6.9114704	7.285752	6.8099465	7.4497423	7.8064127	7.073396	6.922536	7.408867	6.5302587	7.8209543	6.9680324	7.2335978	8.2437935	7.2393956	7.300618	7.0294414	7.4886765	7.4565873	8.185362	8.104719	7.5310664	7.2141786	7.4791856	7.755164	8.437413	7.9260287	7.077819	8.231327	6.701642	7.2378273	7.876026	8.298614	7.820809	8.410309
GPLD1_8743	7.3185863	6.2811728	6.381113	7.3275285	5.5383997	6.571641	7.206972	7.305049	5.227787	6.4709907	6.9017606	6.6437283	5.1110473	5.127592	5.8093834	5.372352	5.8086314	5.866822	5.614353	5.073195	6.3295584	6.829568	5.4614143	6.4504323	6.238647	5.1337223	6.915003	5.574369	5.4666176	7.0483336	5.4798193	5.515961	6.081399	6.2410874	6.06183	7.5777507	7.200732	6.0693126	5.73389	5.9017324	5.7956967	7.5335345	7.045908	5.82577	7.453152	5.6943684	5.6896486	6.295468	6.518234	6.0064917	6.9012647
GPX1_33050	8.049761	6.378858	7.286713	8.47055	4.305072	6.7584424	8.474916	8.017682	3.458468	6.4590545	7.782043	7.5568876	4.366648	4.1103654	6.5898933	4.884291	5.654057	5.5551596	5.501328	4.0259314	6.3755317	8.262547	4.3870535	7.277651	7.099909	2.8396301	7.5982494	3.4981349	5.4433146	8.039603	3.9808064	3.657633	4.204518	6.899158	3.4382432	8.410163	8.202113	6.1986876	4.1068897	4.7361727	4.4421306	7.907356	7.434229	4.60095	7.607688	4.6064157	3.8365083	4.0339556	4.1869826	4.493851	8.018294
GPX4_32827	5.4229803	6.679997	7.535684	5.342922	7.7313013	6.9320054	5.5837183	6.814831	6.929686	7.298405	5.309811	6.6942115	7.5675607	7.7647963	7.352369	7.1784906	7.0901237	7.5577245	7.5213895	7.4434175	7.3028255	6.191795	7.5743647	7.277651	6.7839756	7.5149794	5.5916724	7.163597	7.6496344	6.402472	7.726128	7.1816325	7.5331254	7.034389	7.324441	5.609557	5.9211674	7.63988	7.633637	7.474858	7.277805	6.6663175	6.2080708	7.460399	6.315933	7.339652	8.214723	8.154355	8.058915	8.451484	6.708682
GPX7_33289	2.375796	2.7956865	2.6198554	3.2172866	3.6495402	2.5470278	2.2966683	2.6512198	2.3210802	2.6126575	2.077968	1.9443585	2.7439313	2.3909085	2.5711837	3.023864	3.4549482	2.663456	4.0871205	2.3701787	3.0287817	1.5686922	3.0125036	2.38735	3.122376	3.0189555	2.0821931	2.6898494	3.1364734	2.8013556	3.5048723	2.284903	2.011671	2.2424579	3.066902	2.2557068	1.8332136	2.737684	2.570392	3.1725283	1.8894439	2.3827975	2.506785	2.951459	2.5012665	2.6036353	3.7027097	2.7587066	1.9519659	3.5959594	2.4159133
GRB14_32726	3.1345234	2.4482956	2.2253819	3.4874642	2.9062183	2.9855762	3.743284	3.1575243	1.9992051	2.7755125	3.4996274	2.7435865	2.8742359	2.7354863	2.5711837	2.6667733	2.2619886	2.663456	2.708643	2.8589911	2.2945795	3.251095	1.5499562	3.9550858	3.4953897	2.2599542	3.8664052	3.2451313	2.7372885	2.919921	2.7898166	2.5195544	3.5377576	3.5438585	2.7081409	3.764007	3.9162993	2.8678937	2.7323515	2.399263	2.0551069	3.2374017	3.4641607	1.7862632	3.4470994	3.0196002	3.1029732	3.119443	3.0805616	2.476957	3.651246
GRN_8752	4.0499516	4.2724814	4.480447	3.8488257	3.038847	4.616441	4.4072366	4.5914803	2.905972	3.4896183	3.5795677	3.8610783	3.4765677	2.5734606	4.6443586	3.2206914	4.058373	4.0302944	4.454031	2.8589911	4.8249087	3.7499197	3.321599	4.878458	4.1971946	1.7521499	4.482056	3.1498733	4.170284	4.5293536	3.1911995	2.8983095	3.1011837	4.174781	2.9569383	4.2187696	4.0338454	4.0660863	2.8779507	2.9904869	2.3383918	3.8924718	3.5490766	2.951459	2.7713106	3.189834	3.8365083	3.49237	3.6410902	3.142335	4.4085307
GSK3B_8754	3.8843899	2.9880874	3.1839569	2.884577	2.7601511	2.853671	3.340682	3.0466177	2.3210802	2.4290519	3.1264923	3.3587008	1.8208362	1.6426728	3.3476372	3.309873	2.3981004	3.1704433	3.7990685	1.2570211	3.5930324	3.437199	1.1924393	3.0452297	3.122376	1.275699	3.4200125	2.2125611	2.5752249	2.8013556	2.4426951	2.004529	2.2602103	3.4055345	2.4073083	3.6955848	3.4076753	2.435626	3.0101936	2.5384767	2.0551069	3.4902585	3.4641607	2.2245977	3.4470994	1.59992	2.7428484	3.719913	2.6239195	3.031582	3.5361161
GSR_8755	4.198454	2.6889215	2.2253819	3.8488257	1.9587818	2.5470278	3.5154157	3.1575243	1.3212922	2.7755125	3.4996274	2.889376	0.7077145	1.9373132	1.2703954	0.6730612	2.2619886	2.3223944	2.838406	2.1619017	3.0287817	3.251095	1.1924393	3.2424362	2.279205	2.3960178	3.0207527	2.2125611	1.6441145	2.5302608	1.3096737	1.1960433	0.8140356	3.1694758	2.2295449	3.8918242	3.9762692	1.8155732	1.2698381	2.072621	2.4615827	3.0402825	2.6673462	2.5603254	3.1950624	1.59992	2.0577211	3.2220936	2.3267155	0.0	3.474912
GSTA2_8756	10.06273	8.580738	9.541276	8.935	9.19576	8.287337	9.395366	10.0454	8.898299	10.387238	8.605804	8.6146345	9.970651	9.18448	8.565231	9.397706	8.462105	9.652232	9.02648	8.69775	8.373811	9.544781	9.454374	8.521075	8.87823	8.854486	8.994667	9.343946	9.32212	9.007032	9.274171	9.667297	9.322147	9.6970415	8.736618	9.1173725	8.721174	8.546737	8.56159	9.4413	9.404464	9.256541	9.149	9.697063	9.354956	9.746014	9.005861	9.454255	8.570932	9.573209	8.918282
GSTA3_33275	3.9417143	3.1578226	3.9731874	3.4874642	2.204507	2.853671	3.340682	4.2844353	2.5840793	3.3925493	4.041434	3.3587008	2.8742359	2.1818647	3.7772083	2.5249715	1.7539579	2.1159258	2.5660443	2.1619017	3.0287817	4.0644393	3.8576405	3.897724	2.279205	2.2599542	3.504673	2.3897877	3.1364734	3.6258323	3.4077	1.4443876	2.8206856	3.331059	2.2295449	3.8293307	4.2915974	3.2957203	2.570392	3.6732368	3.0379322	3.949819	3.7774107	2.2245977	4.2962584	3.189834	3.4754093	2.7587066	2.9792266	1.8519349	4.948328
GSTA4_8757	7.146408	6.813047	7.195577	6.6707454	7.5652823	5.9678993	6.7716966	7.105084	6.4827676	6.960256	6.394561	6.6742296	7.4259963	7.0737514	6.859231	6.905574	6.576499	7.26424	7.024565	6.913386	6.8527384	6.7959228	7.010065	6.9927015	6.800697	6.749361	6.454253	7.132789	7.3064394	6.988538	7.315036	6.52729	7.0377893	6.6462383	6.7631583	6.4041924	6.5533543	7.2498217	6.935173	6.304235	5.8864493	5.950077	6.5339246	6.723879	6.7733026	6.1200867	7.456257	7.389119	6.8762956	7.7828445	6.583801
GSTM2_8759	7.313166	6.7212157	6.689333	7.6772127	7.132515	6.623192	7.066621	6.944224	6.9237614	6.9854393	6.8861256	6.939937	7.220835	7.043122	6.089226	7.242188	6.274355	6.846068	6.8040185	7.085676	6.364175	6.9182405	7.296225	5.9272313	6.994841	6.967108	6.662058	7.3941092	7.156882	7.248545	7.503192	6.9094367	7.2175593	6.509407	7.1227736	7.2541456	6.7972965	6.805805	7.2278266	7.417385	6.758827	7.4614234	7.347985	7.038042	7.31215	7.104364	7.0915775	8.248567	7.841555	7.7871127	7.0711412
GSTM7_8761	5.058514	3.5724802	3.400333	4.238611	3.1603029	3.7502577	4.5745316	3.6116695	2.6995428	3.176305	3.4996274	3.8610783	2.99374	2.1818647	3.243922	3.7531235	2.5224707	2.8078547	3.9212723	2.8589911	3.6688373	3.7499197	3.7236884	2.2101986	3.9195037	2.8396301	3.8009534	3.1498733	3.854183	4.4915595	3.4077	3.657633	3.335922	3.1694758	3.7333038	4.009233	4.0892115	3.200062	3.4435291	3.7893128	3.563121	3.949819	4.5697665	3.3483052	4.3793955	3.6054895	4.2740407	4.929807	4.919528	5.0431056	5.532725
GSTP1_8762	2.9230795	3.5724802	4.102316	3.8488257	2.7601511	2.9855762	2.2966683	2.9264696	1.9992051	4.26847	2.462306	2.889376	4.0176687	3.013425	3.6203768	3.023864	2.9343114	3.9074347	3.5183966	3.2234385	3.0287817	2.3023815	2.762189	3.6423242	3.2250526	3.3220272	2.6264875	3.3344872	3.923187	2.6721666	3.1911995	2.7213259	3.4403665	2.7791781	3.1690745	3.3839397	3.2219887	3.9532623	3.0101936	3.2556021	2.6802902	1.488839	2.9431233	3.587535	3.4470994	1.3353969	4.1764603	4.0339556	3.8847218	3.5159345	3.5948293
GSTZ1_8764	9.306346	8.591892	9.130673	8.966645	8.654857	8.708398	9.049676	8.971911	8.341018	8.879485	8.801861	9.131247	8.342398	8.216425	8.772788	8.675232	8.899246	8.73642	8.583733	8.224768	8.934468	8.674868	8.553402	9.208625	8.569806	8.084778	8.862559	8.303923	8.821223	9.217011	8.534162	8.262056	8.776225	8.732624	8.442308	8.973084	9.158191	8.972919	8.486939	8.419929	8.405633	9.005857	9.149	8.611156	9.277147	8.46733	8.713622	8.701439	9.080876	8.956723	9.2821045
GTF2E2_8766	3.8843899	3.447053	3.9040134	3.9713368	3.2723231	4.080398	3.4306927	4.0743294	2.3210802	3.3925493	3.65531	3.8610783	3.2066107	3.013425	3.9844897	3.6199527	3.51607	3.4599617	3.4387813	2.713711	3.8749332	3.251095	4.0377917	3.7756684	3.9794827	2.7408507	3.9890227	3.4981349	2.8829715	4.097743	2.7898166	3.0559347	3.8724551	4.2575374	3.5933034	3.1985953	4.3380494	3.4698832	3.0101936	3.9475968	3.563121	4.716597	4.0923586	3.659207	4.1618156	3.5440083	4.646217	3.8538375	3.7059622	2.297121	4.234818
GTPBP8_8770	4.1011696	4.478839	4.432127	3.4874642	4.1376824	4.5751534	4.1131234	3.0466177	3.9059012	4.608145	4.299267	4.4831705	4.4937305	4.0500264	4.4247885	4.1889644	4.0988927	3.9074347	4.454031	4.9488516	4.3597	3.602016	4.631086	4.010254	4.1457686	3.881458	3.8664052	4.214827	4.8395705	4.0465326	4.534984	4.3173184	4.7428775	3.6700726	4.7784185	3.8918242	3.9762692	4.3146935	4.4238806	3.896741	4.1804013	4.058097	3.7052414	4.181454	3.8482714	3.4125795	5.000007	5.1279006	4.863757	4.218504	4.1195726
GULO_8772	7.725934	7.2718678	7.535684	7.5938416	7.3713684	7.151539	7.510269	7.6980624	7.2132664	7.2576423	7.0703444	7.300825	7.0382853	7.0275598	7.31447	7.472101	7.154012	7.521526	7.5310197	6.7176943	7.3668175	7.650427	7.3986855	6.9439464	7.794212	6.7556996	7.28777	7.2056527	7.4478054	7.629658	7.50906	6.668263	7.2248893	7.2004786	7.1227736	7.46409	7.116628	7.455406	7.5327883	6.9900746	7.3353205	7.3486795	7.636958	7.250188	7.703565	6.7500896	7.137678	7.4538345	7.300565	6.6834683	6.94141
GXYLT1_32793	3.4029472	2.895092	3.1839569	2.2723026	0.0	2.7084813	2.911122	2.4910152	1.3212922	1.2997124	1.8390311	1.9443585	0.7077145	1.6426728	2.7331607	1.1302094	0.9628306	2.1159258	2.708643	1.6252826	1.8496284	2.482375	0.0	2.9355001	2.4585013	0.5594628	2.2872965	1.4944088	2.1835182	2.5302608	1.3096737	0.5163865	0.8140356	1.6473541	1.1570135	2.98588	2.2764814	0.0	0.7703406	1.3803144	0.92724514	2.3827975	2.1194797	2.2245977	2.5012665	1.0112327	2.4405787	1.1901431	1.4443535	1.5643196	2.7617311
H2AFZ_33045	4.0499516	4.30899	4.6590047	4.2865996	4.077273	4.9428797	4.7939124	4.1832037	3.9990063	4.6507454	4.8434935	4.6561337	4.61052	4.872788	5.0954394	4.365758	4.6001325	4.0302944	4.570675	4.1996894	5.096006	4.5413523	4.7391872	4.5465183	4.386319	4.2835584	4.2564993	4.306021	4.225969	4.1471977	4.046838	4.152537	4.8223433	4.817136	4.712268	4.4440207	4.3830523	4.8119817	4.1647973	5.503241	5.0643263	4.8124704	4.60985	4.636899	4.5684204	4.802931	4.365437	4.989234	4.863757	4.6519713	5.2699165
HAAO_8774	4.740924	3.79471	4.102316	4.830612	3.9482906	4.5751534	4.7939124	4.5102134	3.9059012	4.2126923	4.1501555	4.2866096	4.4526014	4.1103654	3.9844897	4.1411605	3.973751	3.9701722	4.1879597	4.0862064	3.9375708	4.1732683	3.7922184	3.7756684	4.0370674	3.834324	4.3960176	4.586254	3.7054071	5.002205	3.5048723	4.0809665	4.6148157	4.445774	4.5322647	4.4016967	4.7351427	4.3146935	4.0465603	4.975528	4.7627525	4.3835616	4.5697665	4.364126	4.208036	4.4476104	4.4090514	4.929807	4.5470986	4.794461	4.948328
HACL1_8775	4.740924	2.5736196	3.400333	3.2172866	2.4144073	2.9855762	2.911122	2.9264696	1.3212922	2.2186248	3.5795677	3.2548962	1.1804214	2.5734606	2.1797314	2.6667733	1.9438806	1.5853512	2.5660443	2.713711	1.5622083	3.0373778	2.6186037	3.7105362	2.279205	2.2599542	2.9009168	1.1451283	1.2732412	2.372859	1.9846656	1.4443876	2.472159	3.4055345	2.5655518	4.117802	2.2764814	2.8678937	3.1313257	2.072621	1.8894439	4.0049734	3.0634718	1.7862632	3.2840576	2.0168164	3.555222	3.119443	2.9792266	4.575076	4.3754215
HADH_8776	6.542024	5.8195076	6.21969	6.7152586	5.746686	6.060565	6.4444485	6.644392	5.1282535	5.663946	6.326684	6.799422	5.375934	5.2666516	6.1478705	5.529146	5.4809113	5.8164897	5.966314	5.1026754	5.865167	6.829568	5.830722	6.1400623	5.878028	5.6240854	6.44357	4.657249	5.758596	6.679567	5.7807875	5.164296	5.854474	5.9490376	5.735333	6.6040697	6.513432	5.534806	5.389877	5.3415184	5.7113175	6.7654767	6.380178	5.494597	6.4850183	5.576495	6.8676014	6.611356	7.0735636	6.7106843	7.5542393
HADHB_8777	7.4279456	6.748055	7.14401	7.8062773	6.441255	7.206651	7.6099653	7.8788967	5.713206	7.298405	7.8440504	7.7021065	6.205934	6.2875323	7.144878	6.301465	6.3602	6.943093	6.8813415	5.7123384	7.2107215	8.01819	6.3571906	7.625589	7.051828	6.3906174	7.636274	6.155348	6.6967645	7.439295	6.1843686	6.1352324	6.437425	7.236628	6.2484426	8.276015	7.5055146	7.1186266	6.2968974	6.0252514	6.0426044	8.064899	8.036768	6.081953	8.310255	6.545699	8.211647	7.5005345	8.178031	8.446095	9.395857
HAO2_8778	8.7548685	9.470213	9.173555	9.135022	9.665942	9.10998	8.770405	8.742075	9.082421	9.272885	8.265595	8.747268	9.140986	9.603278	8.8321085	8.940823	8.611366	9.479689	8.724675	9.215624	8.307173	8.240829	9.016046	8.2673435	9.025981	8.916618	8.67436	9.270842	9.390727	8.639034	9.123575	9.795795	9.186065	9.175918	9.513682	8.477934	8.007475	8.652161	9.55968	9.235424	9.305149	9.150463	8.659824	9.632868	8.883947	9.070824	9.450083	9.830363	9.479099	8.762327	8.583391
HAT1_8780	3.4029472	3.6313283	4.039196	3.2172866	3.7302246	3.7502577	3.743284	4.1297936	2.5840793	3.7468808	3.7272735	3.3587008	3.104098	4.168281	4.1077867	3.4732275	3.254318	3.5448534	3.5183966	2.9909706	3.5130224	3.6778624	2.762189	3.1471999	3.7229755	3.513724	3.9890227	3.2451313	3.781712	3.8809977	3.5048723	2.8983095	2.6569214	3.7292666	3.2644873	3.4683857	3.4922628	3.4698832	3.1313257	3.896741	2.2036915	3.326703	3.2776825	2.5603254	3.3678806	2.4777672	4.226075	4.338161	3.4268885	3.5159345	4.3754215
HBA2_32600	7.2061133	8.525574	9.076689	7.854835	8.292571	8.194962	7.716697	8.219708	6.69939	8.394388	7.8113117	7.7882905	8.299549	7.70246	9.467289	7.917392	7.8107014	8.466827	7.813419	7.9281216	8.706157	7.6921763	7.807451	8.788987	8.393635	7.647	7.2636786	7.6933603	8.545665	8.052639	7.588802	7.0043774	6.960859	7.9961114	7.2794633	8.428724	7.7866154	8.46164	7.6181746	7.7028913	7.648994	7.4515305	8.2259655	7.166576	7.7075925	8.077578	7.996207	8.649429	8.209135	7.8819437	8.215933
HBB_8782	9.16907	10.467177	10.80804	9.88856	9.6646595	10.229189	9.818577	10.153054	8.349882	10.322834	9.737371	9.647796	9.912121	9.417256	11.419274	9.252002	9.544996	10.226593	9.697539	9.400566	10.669946	9.633172	8.987102	10.628028	10.483327	8.902406	9.203788	8.945248	10.093852	10.075953	9.410522	8.284134	8.386181	10.04889	8.566855	10.345509	9.7921715	10.282947	9.005692	9.707866	9.452599	9.518235	10.282484	8.655644	9.561541	10.044031	9.744189	10.082258	9.617263	9.336022	10.293739
HCK_8783	2.375796	2.895092	3.4974551	3.1146789	0.7839461	1.9138626	2.2966683	3.0466177	0.0	2.2186248	1.1946218	1.9443585	1.1804214	0.0	2.8787735	1.7560883	1.9438806	2.9391065	2.838406	1.6252826	2.0891902	2.0966876	1.8362379	2.6873035	2.279205	0.96157944	2.7702174	1.1451283	1.9388802	3.1312993	1.3096737	2.004529	2.011671	2.2424579	1.1570135	2.0518599	1.5471903	2.257008	1.6401663	1.6496927	0.92724514	2.2057867	0.7390483	0.0	0.6624132	1.59992	2.7428484	1.8332981	0.0	2.7807593	2.5406258
HDAC2_8785	7.589112	7.7279086	8.179714	7.7215295	7.0326533	7.595351	7.2692924	7.243521	6.425217	7.1354704	7.703935	7.7168326	6.907424	7.258406	7.680001	7.05494	6.554816	7.5057297	7.0039673	6.6790757	7.4763575	7.664478	6.557512	7.266364	7.0657296	6.4698577	6.843664	6.1054444	6.8463893	6.171013	6.6343584	6.2780876	6.3327594	7.2109	6.746729	6.6679606	6.7116823	6.8693748	7.0776463	6.4258	6.9810324	7.136609	7.2435713	6.9550395	7.62908	6.886374	7.7213855	7.8116384	7.6363487	7.1155024	7.7860713
HDAC6_8786	3.6291769	1.7976378	2.2253819	3.4874642	1.6624343	1.6211139	3.141831	3.0466177	0.58460927	2.2186248	2.765496	3.0217755	2.0586884	1.2719984	1.640813	2.1911569	1.7539579	2.3223944	0.6917391	1.2570211	2.0891902	3.3471458	1.1924393	1.773262	2.279205	0.5594628	3.2341504	1.1451283	2.5752249	2.919921	0.79861236	1.4443876	0.0	2.3964808	1.1570135	2.736285	2.0718052	2.435626	0.0	1.0488179	1.2341714	3.1422062	3.2776825	0.689121	3.1002145	2.0168164	2.0577211	2.6151845	1.1027291	1.8519349	3.5361161
HEATR1_8791	3.1345234	3.379998	3.7548423	2.7541187	3.5640745	3.8226066	3.0310833	3.7596574	1.8065978	3.4896183	4.041434	3.2548962	3.104098	1.9373132	2.7331607	3.7531235	2.9343114	2.663456	3.2650185	3.7559724	3.9976015	3.0373778	3.321599	3.9550858	3.4953897	3.178435	3.504673	2.5476058	3.0152833	3.6258323	4.046838	2.004529	3.4403665	2.3964808	3.7985182	3.294242	3.5721645	3.8933594	3.2430704	3.546998	3.3878083	3.0402825	2.3260906	3.0613632	3.522194	3.2679667	3.1029732	3.916409	3.5731628	4.113659	3.9500241
HEBP1_8792	6.9083567	6.008956	6.8450727	6.48784	6.0593314	6.4049206	6.5685983	6.8890367	5.8569393	6.585216	6.372288	6.270563	5.9042187	5.830125	6.6108913	6.2795525	6.274355	6.0666633	6.4753737	5.840355	6.452619	6.5045724	6.5376883	6.378873	6.238647	5.967714	6.185985	5.9444575	5.7773542	6.5840325	5.8000617	6.0627766	5.9982896	6.5994124	6.16435	6.649993	6.6393337	6.448072	6.058047	6.5043354	6.4068875	6.2185802	6.544304	6.094935	6.0753393	6.191995	6.6302557	6.65788	6.696421	6.950264	6.6682444
HELLS_32936	5.9693837	5.1365104	5.829861	5.8694773	4.9688754	5.4334445	5.915293	6.202168	4.168924	5.1732535	5.6616545	5.0772285	4.943035	4.5631175	5.237227	4.5232325	4.708847	4.6823845	5.1726503	3.7559724	5.4795613	6.2300897	4.1464963	5.4166703	6.0833087	4.055957	5.192965	4.820807	5.0392876	6.097437	5.274664	4.3173184	4.014574	5.675697	4.4123907	5.817026	5.9955034	5.5734925	4.3756533	4.483924	4.1804013	5.9072895	5.619805	4.2293363	5.8015833	4.9042687	5.1098113	4.5103173	5.170004	5.373388	5.9361706
HERC6_8794	1.9974787	3.1578226	1.3048255	1.1871207	0.0	3.3214288	2.911122	1.5756721	1.3212922	2.4290519	2.8961248	0.775823	0.7077145	1.9373132	2.3886938	2.3676975	0.9628306	2.9391065	1.7911546	1.2570211	1.5622083	0.7272255	1.1924393	1.4924659	2.8921008	0.96157944	2.6264875	0.6833182	2.7372885	3.8213115	0.0	0.8958736	2.2602103	2.5356345	0.6915133	1.8143951	2.7586064	1.5310675	1.2698381	0.6176906	0.92724514	2.6825488	1.588432	1.153547	2.6425977	0.0	0.0	1.8332981	2.6239195	1.2047167	3.1225834
HERPUD1_8795	6.8719544	7.529483	7.66675	8.328772	7.0326533	8.271269	7.49991	8.184125	6.8998156	7.0264587	7.94936	7.626132	6.2900596	6.448116	7.389297	6.933907	6.9025717	7.26424	6.843198	6.1953654	6.8608418	7.4378266	6.412662	7.744238	7.8595114	5.978593	8.206232	6.782005	6.7065845	8.260744	7.449276	7.014017	7.0625477	6.7782335	7.4515276	7.6245065	8.16394	7.085549	6.9842443	6.7389646	6.4297013	7.9145756	7.5365543	6.655424	8.908648	6.880168	7.7723727	8.239418	8.329823	6.9952273	8.293311
HEXA_8797	5.6634603	4.819748	5.7133894	5.7375817	3.9482906	5.0672064	5.660136	6.0086255	4.881619	5.14373	5.9291153	5.4967923	4.2752476	3.8522093	4.904565	5.0487785	4.8813667	5.2100205	4.902835	4.6625075	5.6198635	5.739745	4.593174	5.677477	5.3961062	4.2480316	5.9497375	4.586254	4.9092603	5.880642	4.708216	4.520345	5.164852	5.067034	4.9886317	6.0125084	6.066196	5.647887	4.79782	5.2833147	5.102689	6.0583363	5.9670496	4.706218	5.6920176	5.0660996	5.4806943	5.616645	5.363388	4.614036	6.2047286
HGD_8799	8.722523	7.5410395	8.205098	8.698286	8.295888	8.055564	8.159935	8.487254	7.981938	8.064895	8.213302	8.4213915	7.548168	7.190153	7.830803	7.7402124	7.572522	7.2132783	7.825208	6.5566006	7.4763575	8.193162	7.735313	7.9345145	8.0844345	7.184724	7.7748237	7.0295343	7.247118	9.22279	8.000577	6.8886275	8.156316	8.254683	7.1604724	8.9103155	8.498986	8.259975	7.047179	6.602811	7.484413	8.195111	8.129304	6.9479017	8.633922	6.8987064	7.44058	7.726889	6.8692317	7.833245	8.489808
HGF_32812	6.0497994	6.686949	6.9170604	5.53396	6.5999713	6.3199925	5.5837183	6.5253515	5.8318486	6.346937	4.9969473	5.765866	6.021362	5.847955	6.397877	6.188416	6.0550656	6.7056336	6.747316	5.1876664	6.294091	5.685655	6.214652	6.7140417	6.378874	5.900657	5.5524373	6.215393	6.473405	6.0331206	6.061971	5.403109	6.372904	6.3860817	6.0077024	5.848879	5.34806	6.6695905	6.3477836	5.536844	5.2805457	5.1426578	5.385898	5.745718	5.9853153	6.1095147	6.8359933	6.4620404	6.4345717	6.5289526	5.423585
HIBADH_32345	5.9274297	4.7942214	5.152088	5.409452	4.7541404	5.478927	5.4175487	5.6587424	4.391308	5.258363	5.212871	5.378286	4.177663	4.5192814	4.8348827	4.630994	4.5425406	5.0449595	5.016884	4.1996894	5.0400114	5.424551	5.2090974	5.552959	5.417947	4.3851724	5.7033544	4.4727483	4.7663426	5.3151016	4.580281	4.4651933	4.7831573	4.9722033	4.8722835	5.344994	5.2298574	5.4332905	4.760747	5.047234	4.8997808	5.8780427	5.7147603	4.982539	5.816578	4.879594	4.9418035	5.616645	5.5516458	5.835711	5.878258
HIF1A_8801	6.772772	6.7809167	7.0669904	7.0776997	6.45319	7.1087775	6.8224616	7.0048137	5.9296947	6.711325	6.970093	6.973027	6.1935053	6.1215434	6.8504295	6.29055	6.3849883	6.6963854	6.7054048	6.0210533	6.74303	6.9943795	5.8944583	6.841196	6.605148	5.447408	6.794067	6.053753	6.166956	7.002042	5.874682	5.787286	6.4624467	6.699014	6.316816	6.828342	6.805585	6.519161	6.3602295	6.192713	5.783941	6.741318	6.9398327	6.417811	6.6861835	6.3530197	6.3460236	6.3866925	6.4345717	5.819134	6.980468
HIST1H2BCL1_32672	4.150632	5.308648	5.6085877	3.7834342	6.221627	4.9428797	4.4933076	4.630459	5.458396	4.9181933	4.77723	4.5283937	6.021362	6.388449	6.0589848	6.103657	5.434171	6.0376635	5.8480244	5.7868752	5.638838	4.2247515	6.476529	5.2661505	5.728748	6.637115	4.8808637	5.7792277	6.2764993	4.1471977	6.825187	5.885079	6.1902523	5.4479666	6.305643	5.2043357	4.5102053	5.8024487	5.8793416	5.7946897	5.686274	4.252953	3.629271	6.32169	5.120941	5.591767	7.2010813	7.274359	6.7589045	6.57904	4.992671
HIST1H2BF_33070	7.2967825	6.8002806	7.879895	7.137802	7.4568377	6.9959774	7.161689	7.2746134	6.69939	6.6177917	7.1179733	7.0832076	7.2269464	7.416122	7.7573714	7.1725583	7.0127096	7.2326	7.4822135	7.040691	7.645382	7.2393465	7.5248775	7.543816	7.4412208	7.244536	7.004945	6.9680324	7.853428	6.988538	7.7311573	6.493234	7.253843	7.236628	6.895733	7.5440965	6.909214	7.2196493	7.031701	6.9153943	6.5103946	6.3837523	6.5546093	6.9832406	6.960446	6.75688	7.9077563	7.9338865	8.086587	7.791368	7.2643833
HIST1H4A_32934	6.3855557	6.8382454	7.640409	6.7152586	7.183554	6.702023	6.518161	6.429147	6.365275	6.628489	6.326684	6.5807204	7.457523	7.271678	6.8055983	7.048476	6.9025717	7.2067795	7.330555	6.845257	6.819862	6.5657444	7.382106	7.305486	6.4441867	6.7237253	6.421964	7.3411894	7.4122415	6.5929837	7.1294103	6.429832	7.0377893	6.5834603	6.7631583	6.3606653	6.2595987	7.347928	6.5994883	6.843366	6.287072	5.9072895	6.4590983	6.107801	5.7081885	6.270014	7.618318	7.361274	7.4548016	7.9174185	6.6475925
HIST2H2AA3_8804	6.8496637	7.5900745	7.9966326	7.777179	7.9322624	7.9383483	7.4087167	7.3170457	7.5725927	7.456846	7.5287347	7.267871	7.7312765	7.616654	7.442976	7.9031315	7.4048915	7.8228855	8.008713	7.5859194	7.6121645	7.3478136	7.6730714	7.850091	7.8595114	7.584281	7.2937303	7.560768	7.6648254	7.5764937	7.878961	7.502428	7.9941897	7.3160057	8.032046	7.4117346	7.3834763	7.9757876	7.8825755	8.041104	7.4476285	7.547534	7.5103226	7.6830544	7.389396	7.829634	8.349548	8.511825	8.414749	8.237372	7.7412906
HIST2H3C2_32796	4.4163337	4.630781	5.9202175	4.545173	5.0961084	5.667523	4.4072366	5.0879884	4.9989734	5.2856517	4.9068465	5.0150394	5.308379	5.2398915	5.5730453	5.2870646	5.212062	4.985458	5.59612	5.1876664	5.638838	4.3690176	5.620647	5.3325906	5.021266	5.36689	4.155379	5.537208	5.681025	4.097743	5.274664	4.649651	4.8976593	5.1985264	5.096293	4.8103943	4.9891205	5.647887	5.2893295	5.159351	5.1583853	4.3413258	4.397271	4.8355975	4.4580016	5.6068783	6.19225	6.010037	6.272691	6.3443418	5.502375
HMG20B_8806	5.032364	4.6593394	5.059695	5.3876147	4.305072	5.1538897	5.1524577	5.6587424	3.9532046	4.8828907	5.1618433	4.9164205	3.9002123	3.8522093	5.6358576	4.406767	4.354535	4.565343	4.643507	4.1996894	4.6858673	5.5100365	4.0377917	4.848497	4.871027	3.834324	5.114319	4.166973	4.170284	5.4194264	3.8389206	4.005659	4.7428775	4.7328677	4.5322647	5.533195	5.101099	4.7457724	4.3257575	4.3004603	4.068561	4.781215	4.397271	4.636899	5.642388	4.1910696	5.0282516	5.1279006	4.9993396	5.303603	5.5176296
HMGA1_8807	3.8843899	3.447053	3.9731874	3.8488257	3.6495402	4.138241	3.5154157	3.9565632	2.3210802	3.288475	3.9838378	2.889376	2.4416173	2.8811386	3.9186504	3.6199527	3.254318	3.3697603	4.0339284	2.3701787	3.0287817	3.8185487	3.65174	4.3466787	4.1971946	3.513724	3.8664052	3.573486	3.781712	4.412865	3.7623768	2.8125298	3.8724551	2.887088	3.1690745	4.117802	3.6478724	4.3146935	3.534197	3.6114979	2.956486	4.109333	3.846141	3.4325337	3.5935724	3.0196002	3.2054758	4.5103173	3.8847218	4.000593	3.651246
HMGB2_8808	4.0499516	4.7942214	5.2940326	4.0842543	4.077273	5.096683	4.6883883	5.2216306	4.8063326	5.684595	5.309811	5.1073456	5.580685	5.6385393	5.46187	5.945658	5.284115	5.2610955	5.80104	5.8227477	6.088627	4.8008246	4.7391872	5.760267	4.513486	4.5691614	3.7323904	4.7575912	5.214689	4.412865	4.748459	4.9399505	5.070358	5.338169	5.3566184	4.5251174	4.3830523	4.9653196	4.6836143	4.6155543	3.81494	4.9869895	3.629271	4.447462	4.3384256	4.269137	7.359533	6.846444	7.0235395	6.559213	6.494106
HMGCR_8810	6.74083	6.4294786	6.626305	6.47754	5.604102	6.344772	6.145386	6.634839	5.9058485	6.092603	7.1445	6.480728	5.9042187	5.4645452	6.6820664	5.9316764	5.3188353	5.634777	5.893527	5.0123625	6.566003	7.723833	5.830722	6.58371	6.188703	5.415738	6.9227157	4.657249	5.320795	6.5840325	5.4798193	4.8131757	5.5150447	6.4043584	5.83195	6.936062	6.295352	6.235341	6.651049	5.9272966	6.2618666	5.671957	7.178426	5.678316	6.171783	5.2697215	6.311964	5.4574223	6.472355	5.62299	6.5094476
HMGCS1_8811	2.1990027	2.6889215	1.9785899	2.2723026	2.9062183	2.3652024	2.4764907	2.3107724	0.58460927	3.176305	3.4149964	1.6491554	2.99374	2.3909085	1.640813	3.2206914	1.2772086	2.5029805	2.838406	1.2570211	2.6341627	2.9173408	2.4591324	2.38735	1.5494484	2.2599542	2.0821931	2.6898494	3.4488056	1.1336887	2.4426951	1.6561947	1.7112163	1.8741015	2.2295449	2.5931726	1.1900772	3.200062	2.7323515	2.7821121	2.5750768	2.6825488	2.1194797	3.3483052	2.7713106	2.6036353	3.8365083	2.2765746	2.3267155	2.911615	2.4159133
HMGCS2_8812	11.860902	11.65571	11.799328	12.093056	11.594611	11.771411	11.93595	12.105959	11.709316	11.796967	11.992373	11.6690235	11.494185	11.46525	11.614177	11.847845	11.792557	11.70001	11.75417	11.68834	11.350349	11.906884	11.657558	11.835891	11.413851	11.799029	11.738088	11.820655	11.851445	11.795113	11.590088	12.240809	12.170434	11.62785	12.12746	12.208021	11.849494	11.837889	11.894322	11.500613	11.814825	11.984871	11.913968	11.81652	12.195617	11.836955	12.78691	12.704433	13.058525	12.738421	12.811017
HMMR_8814	1.9974787	1.3137702	3.4974551	1.1871207	1.9587818	3.4179986	3.0310833	1.2144328	2.4585645	3.176305	3.4149964	2.7435865	2.99374	3.537568	3.7772083	3.309873	2.841842	2.1159258	3.733852	2.8589911	3.242334	1.8567106	1.5499562	4.114638	2.4585013	2.2599542	1.8430203	2.6898494	3.539506	1.4809296	2.6266706	3.0559347	2.011671	3.8935378	2.4073083	1.8143951	2.6150863	3.097608	1.2698381	2.072621	2.3383918	1.1403992	2.1194797	3.587535	1.9685107	2.6036353	4.646217	1.8332981	3.0805616	3.2451882	3.3441162
HMOX1_8815	5.032364	5.714556	6.689333	4.7643704	6.011706	6.17553	4.860204	5.9787283	6.010184	5.684595	4.9068465	5.7080765	5.308379	6.220675	6.2717047	6.0528893	5.5261846	6.3043566	5.9520473	5.4161816	6.102362	5.3798304	5.8944583	5.838562	6.0417123	5.581903	6.0089054	5.6459365	5.902246	5.4591317	5.701008	6.229267	5.9982896	6.25122	5.979857	5.128505	5.8427925	6.1224627	6.3352294	5.553356	5.6084247	4.781215	5.338973	5.514058	5.1684685	6.325878	6.3234067	6.5632806	6.688417	5.76823	5.4556193
HN1L_8817	5.0057306	3.8941805	4.3303432	5.430964	2.4144073	4.488855	4.6514254	4.810965	2.3210802	3.6661186	5.135637	4.614798	3.4765677	2.3909085	3.849662	3.309873	3.685282	3.0594068	2.9574547	2.3701787	3.8094523	5.1327214	2.8927681	4.2119765	4.6672864	2.6348078	4.7825623	2.2125611	3.1364734	5.1059012	3.0694053	2.8125298	3.223322	4.174781	2.5655518	5.4316826	4.9891205	3.3854282	3.4435291	3.0843768	2.4615827	5.0141287	4.79509	1.7862632	5.6591215	2.3398588	3.3011763	4.0339556	3.5731628	3.142335	4.879149
HNF4A_32734	7.4577265	7.1463447	6.985626	8.158691	6.837034	7.6259995	7.45235	7.36983	6.2373586	6.551888	7.477488	7.029169	6.4657073	5.9171515	6.7964625	6.912709	6.4012804	6.820757	6.4753737	5.8227477	6.751772	7.226775	6.557512	6.951013	6.7326155	6.2806354	7.5739646	6.215393	6.5517635	7.36808	6.475601	7.343302	7.0210447	6.962202	7.0442853	7.479433	7.3212476	6.9815073	7.3262677	6.0832586	6.0524373	7.385517	7.4836044	6.7154975	8.194494	6.6874957	6.6576357	7.432584	7.377256	6.455774	6.5618944
HOMER2_8820	3.5576375	3.5111294	3.2961977	3.6430259	2.9062183	4.0201387	3.9400225	4.1297936	2.3210802	3.288475	3.7272735	3.3587008	3.104098	2.7354863	3.7009227	2.5249715	3.0212092	2.663456	2.9574547	3.326985	3.5930324	3.8185487	3.411482	3.1471999	2.4585013	3.3220272	3.3300724	3.4981349	2.3926249	3.2264056	3.4077	3.5557184	3.5377576	3.331059	4.0333714	4.4016967	3.7883198	3.6252677	3.9835975	3.7893128	3.448644	4.749268	2.6673462	3.9148438	3.4470994	3.6054895	2.5996156	3.119443	3.8275614	3.2451882	4.0372877
HOOK2_8821	3.697336	3.2357452	3.5884495	4.2865996	2.597612	3.6740885	4.217966	4.5102134	2.6995428	3.3925493	3.3250897	3.8610783	2.99374	3.537568	4.1656966	3.4732275	3.685282	3.2735412	2.708643	2.713711	3.242334	4.1732683	0.7160639	2.9355001	3.9794827	2.6348078	4.206825	2.5476058	1.9388802	3.9934368	3.911607	3.3273613	2.8206856	3.7292666	2.837896	3.548161	3.9162993	3.200062	1.6401663	3.0843768	3.563121	3.7704499	4.1478653	2.5603254	4.532545	3.2679667	3.4754093	3.572272	3.2640922	2.911615	4.621186
HP_8823	9.543536	7.717761	7.8434105	9.59896	7.0246778	8.800844	9.22501	8.834695	6.04335	7.719512	8.834812	8.715846	6.5941815	6.247791	7.166313	6.6982226	7.210576	7.2132783	7.452117	6.2880993	8.209021	9.590879	6.412662	8.314681	8.31434	6.454354	9.646048	6.5591497	6.7735157	9.2917595	6.871475	6.3559537	6.8702755	8.441057	6.16435	9.513659	8.772815	7.144553	6.5568705	6.4524565	6.303634	8.988857	9.032176	6.4883804	8.986953	6.2019815	7.1049004	7.1167445	6.481648	7.804059	9.296548
HPD_33114	8.446208	8.227214	8.62609	8.037715	8.799767	7.8240395	8.068258	8.134144	8.464509	8.004583	7.6354513	7.657004	8.231272	8.056934	8.110582	8.552689	7.9991064	8.428244	8.48066	8.328221	8.286265	7.931759	8.5851345	8.194781	8.284929	8.179757	7.9883337	8.712966	8.133735	8.28856	8.66344	8.041794	8.570088	8.100684	8.709322	7.82198	7.7047834	8.779651	8.750722	9.047134	8.661548	8.038707	7.897975	8.41807	8.030553	8.696517	8.747994	9.120602	8.847421	8.872871	7.688351
HPN_33226	5.2747087	4.379347	4.9265103	5.648571	3.1603029	4.6565795	5.3953643	5.3672004	3.1689827	4.3739457	4.8434935	4.950048	3.2066107	3.4468794	3.9186504	3.9874403	3.685282	4.0302944	3.8614638	3.2234385	4.215484	4.414069	3.0125036	4.469871	4.0924416	3.252017	5.192965	4.166973	3.352018	5.535407	3.911607	3.198022	3.7957757	4.4806437	4.086562	5.3671594	5.073909	3.5496664	3.1313257	4.413313	3.9045265	5.770742	5.385898	3.587535	5.191657	4.02099	3.8365083	3.9763792	3.9926662	2.7807593	5.4713736
HPRT1_8824	4.772864	3.8941805	4.5724864	3.9713368	3.4732254	4.0201387	3.340682	3.6116695	3.6994612	3.8959892	4.251255	3.9301062	4.2752476	4.474071	4.6845293	4.1889644	4.285997	4.0880117	4.3271203	4.0259314	4.4908013	4.3690176	4.554239	4.4299645	3.9195037	4.1358805	3.7323904	4.01308	4.8395705	3.9934368	3.9808064	3.8421152	3.7147906	3.9935026	4.0333714	4.117802	3.7198045	4.4455914	4.1647973	4.3766675	3.9888737	4.8124704	3.846141	4.364126	3.9054923	4.4808006	4.4513865	4.700118	4.8350415	5.0713763	4.621186
HPS5_8825	4.0499516	2.9880874	3.9040134	4.1889715	2.7601511	3.5936723	3.6712542	4.1297936	1.5842559	3.288475	3.5795677	3.712247	1.8208362	1.9373132	3.6203768	2.914369	2.3981004	2.3223944	3.3545144	2.1619017	2.0891902	4.0644393	1.1924393	3.4953887	3.9794827	1.7521499	3.4200125	0.0	2.8829715	3.3996527	2.9363732	1.8408495	1.7112163	3.4763536	2.7081409	3.6955848	3.4922628	3.4698832	1.6401663	2.9904869	1.8894439	3.7704499	2.6673462	2.0220141	4.0135446	2.719398	2.0577211	2.455791	3.6410902	2.7807593	4.0790167
HPX_8826	10.435016	10.720672	10.88129	10.262302	10.770761	11.779954	10.442422	10.3729925	10.810315	10.742727	9.8842945	10.364691	10.97448	10.734627	10.604858	10.977419	11.134164	10.652532	10.900329	10.919827	10.913874	10.29935	10.835685	10.5838175	11.207141	10.698174	10.817948	11.073691	10.762865	10.443184	11.06101	11.022443	11.158598	10.705415	11.343894	10.191767	10.742548	10.886852	11.157699	10.68094	10.554191	10.296701	10.269249	10.816675	10.118525	10.568294	11.279654	11.421703	11.062326	11.537998	10.245881
HRAS_33089	5.4229803	4.9640923	4.5272	4.6219993	4.7541404	4.9428797	4.6883883	5.0879884	4.7269006	4.986309	4.7429204	5.1368475	4.882382	4.168281	5.1249337	5.2649307	4.834144	4.9547606	4.678589	4.354751	4.791384	4.7664943	4.430701	4.8179007	4.871027	3.7855976	4.9121966	4.349544	4.3811836	5.1059012	4.4398866	4.520345	4.8976593	5.0203977	5.0701213	5.1542273	5.205009	4.711492	4.722696	5.3415184	4.8778276	5.3271003	4.5697665	4.706218	5.36486	4.7764435	5.187006	5.478313	5.2806215	5.461475	5.423585
HS2ST1_8829	4.375311	4.1164427	4.5724864	4.333043	3.5640745	5.12557	5.326688	4.2844353	3.1689827	4.1546707	5.108945	4.05898	3.5563867	3.7797458	4.274977	3.688074	3.7375457	4.392873	3.6655471	3.2234385	4.313212	5.020667	3.1230586	4.010254	4.5924344	3.0189555	4.816079	3.2451313	3.923187	5.002205	3.303507	2.9792736	3.4403665	3.7861276	3.6650012	5.3224826	4.5891457	3.8933594	3.534197	3.0843768	3.3878083	4.0049734	4.1478653	3.7926803	4.82722	3.7211092	3.8990247	3.7884288	3.5731628	4.113659	4.8064847
HS3ST3B1_33019	2.1990027	2.3110406	0.7951595	2.451389	1.6624343	2.5470278	1.851524	2.4910152	2.4585645	2.6126575	2.621851	1.6491554	1.1804214	2.1818647	1.2703954	2.5249715	2.1116846	1.8748931	2.027206	1.9183995	1.8496284	1.5686922	2.762189	1.773262	2.279205	1.9419785	2.0821931	2.2125611	2.5752249	1.7605959	0.79861236	1.8408495	2.8206856	1.8741015	2.837896	2.4342844	1.1900772	1.8155732	1.9345882	2.7821121	2.3383918	2.930607	2.8118143	2.2245977	3.2840576	2.9263053	3.3909214	3.2220936	2.9792266	2.0916321	2.7617311
HSD17B10_8831	9.254973	8.591892	8.894769	8.9849415	8.602235	8.8664875	8.850047	9.079705	8.626476	8.883956	8.709383	8.855479	8.597162	8.510346	8.720615	8.606486	8.4966345	8.601733	8.818096	8.534282	8.566974	8.766744	8.707733	8.769133	8.379791	8.3507	8.8883915	8.702515	8.540184	9.0003195	8.451251	8.732483	8.900441	8.840589	8.945389	9.165596	8.904048	8.943684	8.890284	9.001231	8.813837	9.368555	9.436343	8.769328	9.104631	8.763794	9.516391	9.226263	9.417484	9.634891	9.418382
HSD17B11_8832	9.028965	8.393685	8.842579	8.735501	9.266792	8.274497	8.825369	8.552133	8.545837	8.497186	8.433656	8.566665	8.926817	8.716083	8.325893	8.623982	8.454318	8.745416	8.98854	8.891771	8.685774	8.078903	8.927413	8.501956	8.67331	8.898114	8.642019	8.945248	8.751783	9.122809	9.223321	8.77704	9.062635	8.294423	9.034373	9.11246	8.5785265	8.976532	9.184301	8.563381	8.3084545	8.727075	8.84754	8.887818	9.475588	8.762107	9.688865	9.552335	9.988766	9.98251	8.681467
HSD17B7_8834	5.032364	4.9410152	4.994639	4.984019	4.455044	5.2877045	4.3621955	5.0014257	4.2469234	4.6507454	4.77723	4.7354136	4.851072	4.5192814	4.6845293	4.7312627	4.285997	5.102104	4.746293	3.897257	4.921047	5.7219396	5.0779867	4.9924426	4.6672864	4.318231	5.0023084	4.5115843	3.9890406	5.271164	4.934379	4.3173184	3.9452639	4.643371	4.9022617	5.1542273	4.4266934	5.412101	4.9372616	3.996721	5.0249157	4.252953	4.686823	4.027466	4.2962584	4.413638	4.646217	4.089322	4.682209	4.3162427	4.5926595
HSD17B8_32395	2.675235	1.5758953	2.6198554	1.8294263	1.6624343	2.5470278	2.2966683	2.3107724	2.1691005	1.9721766	1.8390311	2.889376	1.5358759	2.3909085	2.5711837	2.7958763	2.3981004	2.5029805	2.9574547	1.9183995	2.778033	2.0966876	2.8927681	0.6821822	2.074421	2.3960178	2.4668374	3.047878	2.7372885	2.5302608	1.9846656	2.406994	2.011671	1.3782007	2.837896	1.8143951	2.2764814	3.2957203	2.7323515	2.6654315	2.3383918	2.8119028	1.8782536	2.7028143	2.3445714	1.823375	2.992627	3.49237	2.3267155	1.8519349	2.9534101
HSD3B_8835	2.375796	0.0	1.3048255	1.5437274	0.7839461	0.758765	1.5639434	1.5756721	1.3212922	0.0	0.71758246	0.775823	0.7077145	1.2719984	1.640813	3.023864	1.9438806	1.8748931	1.5087776	1.2570211	1.2029109	0.0	1.1924393	1.1434783	1.8356827	0.96157944	0.7197537	1.7753943	0.0	1.4809296	0.0	1.1960433	2.2602103	0.61649555	1.5083932	1.1754036	1.1900772	1.8155732	1.6401663	1.6496927	2.0551069	1.488839	0.7390483	1.7862632	1.9685107	1.3353969	8.341129	8.060501	7.5681925	8.39108	7.373211
HSD3B5_8836	8.506817	9.183618	8.647409	8.4283905	9.241209	9.2624445	8.482828	8.531688	9.185056	9.350855	7.903502	8.482991	8.9361725	8.857021	8.908297	8.896521	8.822686	9.519563	8.986792	8.851095	8.426628	8.010877	9.016046	8.897218	8.348859	8.950167	8.306916	9.149889	9.216114	8.7065735	8.737788	8.976335	9.273492	8.456467	9.266732	8.1822405	8.176777	8.746175	9.22059	8.605557	7.6195316	8.07782	8.527442	9.213608	8.773018	8.321516	9.223024	9.577966	9.1669235	9.2582245	8.277716
HSDL2_8837	5.64632	5.074243	5.347118	5.430964	5.1557508	5.2877045	4.8274393	5.819178	4.613693	5.1732535	6.338221	5.541597	4.683437	4.9408307	5.7538285	5.242452	4.8813667	5.3813906	5.8480244	4.8127723	5.2271647	5.402364	5.5432262	5.456941	4.871027	5.967714	5.361342	4.9107227	5.320795	5.0549846	5.503528	5.1468773	5.6734457	5.1122093	5.577073	6.6945	5.1797247	5.769504	5.2630587	4.999828	4.8555355	4.902367	4.686823	5.037367	5.889298	4.4808006	6.0616956	5.905945	6.0155177	7.188303	5.8423615
HSP90AA1_8838	3.8843899	2.9880874	4.039196	3.1146789	1.2890483	4.080398	2.7802737	3.8938673	2.9990726	2.2186248	3.7272735	3.9959817	3.30232	3.2463703	4.047455	3.393861	3.180722	2.5029805	3.4387813	3.111882	3.6688373	3.8840604	2.4591324	2.9355001	3.2250526	3.4526122	3.2341504	2.0104735	3.1364734	3.2264056	2.6266706	2.8125298	2.2602103	3.6083453	2.2295449	3.6237552	3.1193392	3.4698832	3.1313257	2.9904869	2.8701653	3.1422062	2.9431233	3.0613632	3.1002145	3.4125795	3.3909214	3.4077816	4.1408014	3.3411944	3.7578633
HSP90B1_8840	8.8117075	7.253253	7.7330666	8.821493	6.752634	7.9585576	8.461633	8.374101	6.1688795	7.1429505	7.997448	8.089241	6.1297035	6.4005814	7.255687	6.3337216	6.547515	6.497763	6.788044	6.0210533	7.8747697	8.677179	6.5175886	7.520254	9.031304	6.0213075	8.401031	6.06685	6.573392	8.3715315	7.883486	6.0627766	6.1751957	7.6428723	5.937055	8.358544	8.521804	7.3025904	6.0732465	7.156038	6.414532	8.629539	8.276648	6.59274	8.487016	6.7770605	6.753804	6.493165	7.4019394	7.1155024	8.387655
HSPA4_8843	6.6405272	5.6305075	6.116449	6.7669225	5.784963	6.1334844	6.7190804	6.4939904	5.2843695	6.2670393	6.2915096	6.559091	5.3312507	5.441243	6.2584586	6.0268197	5.654057	6.0376635	6.127338	5.293719	6.364175	6.6622653	5.601678	6.3145776	6.4227424	5.6101613	6.475385	5.537208	5.3461456	6.565962	5.572402	5.4321604	5.3902073	6.2811995	5.4810195	6.257645	6.601752	6.0693126	5.826501	5.3790555	5.1764827	6.2531624	6.071213	5.695464	6.4850183	5.087805	6.1414366	6.3531556	6.345758	6.210925	6.3984623
HSPA5_8844	6.255954	5.975278	6.729872	6.381372	6.642287	7.003778	6.272541	6.634839	6.2750783	6.372616	6.521425	6.826832	6.3584576	6.494134	6.397877	6.484999	6.1830764	6.4435196	6.4653635	6.4110203	7.112334	6.1788	6.287681	6.399683	7.5832944	6.0317917	6.4328074	5.826199	6.094012	6.45251	7.3546815	6.034639	6.2914653	6.4134107	6.552461	6.456817	6.94717	6.7135553	6.217036	6.5544133	6.156397	6.973353	6.2080708	6.498186	7.070869	6.513985	6.819926	6.729333	7.168691	6.6650352	6.4707828
HSPA8_8845	10.969475	11.341458	12.423693	11.175929	11.210268	12.336681	11.206972	11.895564	11.005968	10.914268	11.924157	12.295004	11.598914	11.064153	11.631941	11.235006	11.365834	11.597239	11.492914	11.163108	11.539233	12.028665	10.496987	11.753157	11.525258	10.426485	11.533236	10.492304	11.050455	11.740271	10.513835	11.025425	10.863373	11.157305	11.378963	11.213879	11.776529	11.068802	11.010017	10.376154	10.396661	11.270683	10.654754	10.696195	11.669711	10.87099	11.925062	10.804459	11.810745	11.997643	11.820088
HSPB1_8847	2.8044732	1.7976378	2.4360592	2.7541187	0.7839461	2.7084813	1.851524	2.7953992	2.3210802	2.9218345	3.7958171	1.9443585	2.4416173	3.4468794	2.1797314	1.9899611	0.9628306	1.8748931	2.5660443	2.1619017	2.4743395	2.482375	2.8927681	2.2101986	2.4585013	2.9320772	2.6264875	2.93812	3.0152833	1.9947519	0.79861236	3.4460533	3.8724551	2.887088	2.837896	3.6237552	2.0718052	2.257008	2.7323515	2.7821121	2.8701653	3.0402825	3.3739324	2.4022055	3.2840576	1.59992	4.881152	3.2220936	4.398015	4.1670337	2.7617311
HSPD1_8849	7.73812	7.229642	7.866321	7.515459	7.3901143	7.6209364	7.4469676	8.294425	7.173873	7.588681	8.159041	7.946599	7.0452185	7.058518	7.454638	7.6057873	7.191967	7.3134623	7.6418285	6.698514	7.948863	7.5530834	7.365334	7.8874054	6.972877	7.127221	7.8001685	6.9469347	7.2671638	7.5259767	7.0908027	6.92995	7.3839536	7.5959353	7.4616294	7.849795	7.7866154	7.90929	7.186489	7.630812	7.6905165	7.974526	7.703302	7.8026147	8.144863	7.935176	8.263061	8.266693	8.79992	8.547693	8.633263
HTATSF1_8852	6.929765	6.462265	7.2027955	7.0639963	6.9675775	6.907265	6.6829057	6.8399925	6.1788635	6.701227	6.9921694	6.8801384	6.5751457	6.2744064	7.055802	6.730886	6.5029163	7.091573	6.873793	6.818856	6.924081	7.0737376	6.6710525	6.763047	6.817227	6.6643224	6.733962	6.227108	6.8194914	6.8385496	7.067132	6.8886275	6.832387	6.721054	6.834859	6.859948	7.089731	6.9450893	7.031701	6.001379	5.818926	6.6229014	6.27192	6.781223	6.919363	6.098865	7.590174	7.389119	7.0487685	7.081156	7.121932
HTRA1_8856	7.9095407	7.290245	7.941603	8.165124	7.4803553	7.7928634	7.966601	7.898989	6.9473157	7.7879066	8.159041	7.7265677	7.2023454	7.284828	7.6997356	7.4769235	7.330276	7.4014587	7.4316983	6.9543886	7.6778517	7.848049	7.3311934	7.784354	7.9634147	6.7869806	7.8855247	7.199719	7.3383713	7.7939296	7.3805194	7.304551	7.3773904	7.6543717	7.340953	7.988518	7.895455	7.8034177	7.1439323	7.0436525	6.9339356	7.5659914	7.656227	7.166576	7.7858667	6.8987064	7.5662947	7.7656436	7.975858	7.8658924	8.034293
HYOU1_8857	6.036704	4.630781	5.347118	6.3478365	3.6495402	6.29478	5.961324	6.314143	4.168924	4.608145	6.0741563	5.473857	3.30232	3.3501055	5.0954394	4.040521	3.685282	3.9701722	4.4129558	3.326985	5.5004597	5.7573338	3.7236884	5.2200937	6.8815155	4.318231	6.037604	3.900535	4.052019	5.4591317	5.8000617	3.8847718	4.2626543	4.9722033	3.4382432	6.2093854	6.440795	5.205937	4.274074	4.4490504	3.448644	6.071315	5.6000404	4.636899	6.512903	4.2306314	4.1250777	5.04631	4.682209	4.8279877	6.223456
IARS_33171	4.5328355	4.819748	3.9731874	4.954615	4.3568144	5.181664	4.450914	4.7766256	3.9059012	4.1546707	5.025772	4.8105626	3.9601355	2.5734606	4.516664	4.280068	3.9295027	3.5448534	4.454031	4.25325	4.215484	4.50016	4.0377917	4.6192975	4.7384453	3.7855976	4.9121966	3.4186301	3.923187	4.2412953	4.284343	3.752821	3.628988	4.5479527	3.9207184	4.7441874	4.2436	4.268282	4.274074	4.178025	3.7194197	4.6489487	4.3507204	4.406396	5.463422	3.8281465	4.365437	4.8991494	5.0249915	4.362736	4.5338564
IARS2_8858	4.3330874	3.6878698	4.039196	4.830612	3.2723231	4.138241	4.267662	4.741449	3.320974	3.4896183	3.8612514	3.9959817	3.30232	2.7354863	3.7772083	3.5484548	2.9343114	3.8418446	3.8614638	3.5993342	3.9976015	4.0644393	3.4960926	4.4299645	3.4107835	2.5203478	3.8664052	3.900535	3.352018	4.286138	2.6266706	3.4460533	3.4403665	3.8935378	3.9207184	4.358093	4.4266934	3.4698832	4.1647973	3.732442	3.9045265	5.1178517	4.397271	3.7926803	4.913435	3.5440083	4.717334	4.383164	4.1408014	4.1670337	4.676601
ICAM1_8859	4.772864	4.3445973	4.3303432	4.464024	4.3568144	4.910049	4.7595882	4.5102134	3.1689827	4.3739457	4.041434	4.8819904	2.8742359	3.6228914	3.849662	3.6199527	3.787982	3.9074347	4.1384206	3.5993342	4.4047375	3.9467263	2.762189	3.3317733	3.791503	3.4526122	5.685331	3.7784617	3.1364734	5.271164	3.8389206	3.3273613	3.7957757	4.1315517	4.1378617	3.8293307	5.278307	3.2957203	3.9835975	4.260792	3.7679703	3.8924718	3.9117455	2.5603254	3.9054923	3.1072266	4.7851095	4.550328	4.4367547	4.535035	4.7299657
ID2_8861	6.3751893	7.641082	7.575157	7.4849315	7.0085926	7.2727065	7.5954432	7.323007	6.347681	6.751025	6.788583	6.3228383	6.4657073	6.684777	6.4914274	6.9616942	6.789528	6.829243	6.7718906	5.989838	6.725386	7.6122737	6.0976715	6.9995337	6.6973305	6.1992645	7.169575	6.5591497	6.6363964	7.01542	6.9598207	6.4370155	6.934276	6.669093	6.4647775	6.6857076	6.657764	6.351201	7.254741	7.23493	6.7346015	7.111698	7.0819783	6.9832406	8.261776	7.104364	6.6576357	7.9376626	7.174433	6.980395	6.9186068
IDE_8862	8.085173	7.299347	7.911079	7.9805098	6.693493	7.6510515	7.966601	8.20687	6.347681	7.438727	8.168766	7.9631624	6.861026	6.3005395	7.9995265	6.912709	7.479678	7.651632	7.3899727	6.3135357	7.779668	8.137163	6.3571906	8.070509	7.875385	6.5739555	8.298048	6.7003136	7.260513	8.266351	6.825187	6.7512937	6.9783125	8.072389	6.474787	8.213161	8.070737	7.621536	6.3602295	6.105824	6.218854	7.7827	7.656227	6.6900573	8.165506	6.3884315	6.928813	6.7205925	7.236134	7.3295965	8.474255
IDH2_33002	7.9554935	6.2153788	6.6370025	8.13922	5.945656	6.6729636	7.4894757	7.453727	4.881619	6.3598337	7.413489	6.939937	5.084369	4.9072104	5.845266	4.9130416	5.832857	5.9469924	6.2606506	4.538555	6.1821365	7.341997	5.258378	6.886131	7.0587955	4.3851724	7.5241337	4.9676967	5.5343504	7.562891	6.077851	4.7683144	5.281925	6.721054	4.5322647	7.7093716	6.998684	6.13545	4.79782	4.178025	4.0292673	7.2664247	7.423023	4.447462	7.5415416	4.3066416	5.6896486	5.905945	5.4792633	5.15301	7.619322
IDH3A_33174	5.6971416	6.008956	6.4187965	6.033146	5.876436	5.9678993	6.2103643	6.5458865	5.7268806	6.1079726	6.372288	5.784626	5.5996485	5.6385393	6.231596	6.0268197	5.626604	5.883216	5.9520473	5.804923	6.00335	6.1524553	5.601678	5.677477	5.9843163	6.1326423	5.823583	6.053753	6.032879	6.059192	5.24684	5.905939	6.0651555	6.320226	6.3714175	6.081163	5.858812	5.9713106	5.46094	6.105824	5.8864493	5.935955	5.7688713	5.9876547	6.20635	5.4312468	5.9181404	6.185435	6.1614394	6.0497613	6.0971427
IDI1_8863	4.244742	4.6873436	4.3303432	4.1889715	4.0142226	4.488855	3.5154157	4.0743294	4.391308	4.0942173	4.9068465	3.9959817	4.972431	4.9072104	4.9710355	4.091718	3.9295027	4.346329	4.4129558	3.5141387	4.6858673	5.7219396	4.668027	4.848497	4.3413115	4.653045	4.602197	4.549402	4.7663426	4.286138	3.5959105	3.5019276	3.628988	4.514691	4.6429377	4.4440207	3.9762692	5.412101	4.869225	3.996721	3.7194197	4.058097	3.846141	3.9148438	4.4957547	3.7211092	4.849843	3.8538375	4.5470986	4.575076	4.4085307
IER2_32643	5.611416	4.5415487	5.6301656	4.464024	3.1603029	4.6956315	5.4175487	5.5203233	2.9990726	4.732349	5.4652047	5.275932	3.30232	3.3501055	3.9844897	2.7958763	3.685282	4.0302944	4.2822084	3.4235945	4.6858673	4.3225136	4.1979237	4.583367	5.7802434	4.174241	5.0311365	4.1174774	4.5213094	5.248683	3.8389206	4.220724	3.7957757	5.4479666	3.2644873	5.6996546	4.959713	4.779257	3.7000437	4.044227	3.115025	6.241727	5.134336	3.7274868	4.532545	3.6054895	2.7428484	3.916409	4.231731	4.000593	5.661911
IER3_8864	3.2296562	3.5111294	3.400333	2.451389	2.597612	2.5470278	4.1664968	3.446748	3.2469792	1.6747757	2.621851	2.889376	1.5358759	2.5734606	1.9352914	1.9899611	2.7430372	2.3223944	1.5087776	3.2234385	2.2945795	2.6423824	3.0125036	2.008209	3.4953897	1.275699	3.0207527	4.166973	3.2482674	3.8809977	2.7898166	2.1515164	3.223322	2.6625395	2.5655518	3.4683857	3.5721645	3.4698832	2.7323515	3.334152	2.5750768	3.7053368	3.3739324	2.951459	2.1687598	2.1873605	2.4405787	3.119443	2.7523265	3.142335	3.7055392
IFI30_32493	1.483266	2.3110406	1.9785899	3.0042105	2.597612	2.5470278	2.7802737	2.7953992	1.8065978	2.4290519	1.5525111	1.2775879	0.7077145	1.2719984	1.640813	2.1911569	1.7539579	1.5853512	2.5660443	2.3701787	1.5622083	2.0966876	1.8362379	2.008209	2.074421	1.9419785	2.2872965	2.0104735	2.8829715	2.372859	1.6862907	2.284903	1.7112163	2.2424579	2.2295449	2.736285	2.0718052	2.435626	2.570392	2.2451668	2.3383918	2.8119028	2.9431233	1.5043167	2.6425977	1.59992	2.5996156	3.119443	2.1514747	3.031582	2.4159133
IFIT2_8867	6.244609	6.62314	7.1364903	5.90065	6.4048476	6.940159	6.5078583	7.1858096	5.685461	6.711325	6.909515	6.5699463	6.9815845	6.4245443	7.358589	6.51344	5.981123	6.9034557	7.280052	5.804923	6.769098	6.5456405	6.3228545	7.5623927	7.197842	5.6650696	6.960675	6.813429	7.2199492	6.8157907	6.7478914	5.9568067	6.0487275	6.805995	5.937055	5.998377	6.9768314	7.3534966	5.896534	5.6940336	5.393165	5.83303	5.7864666	6.5835586	6.2289424	6.325878	6.9137516	6.5534706	6.8692317	7.2576065	6.930053
IFITM2_8870	1.483266	2.159341	3.2961977	1.1871207	1.9587818	2.157111	1.2043949	2.3107724	1.9992051	1.2997124	0.71758246	1.9443585	2.7439313	2.7354863	2.7331607	2.7958763	1.9438806	2.9391065	2.027206	2.3701787	1.8496284	2.482375	2.2798173	3.2424362	1.8356827	2.6348078	1.8430203	2.0104735	1.9388802	2.372859	2.4426951	1.6561947	1.3312725	2.5356345	1.5083932	1.8143951	1.1900772	2.435626	1.6401663	1.3803144	0.53686917	1.769281	0.7390483	1.7862632	1.735917	2.0168164	2.8731365	2.2765746	3.1752434	2.0916321	1.5496027
IFNGR1_32668	4.244742	4.917564	5.6085877	4.4216714	5.0653367	4.6956315	4.6883883	5.059707	4.2843966	4.8828907	4.7077756	4.388235	3.63202	4.474071	5.4848013	4.5600543	4.7602787	4.923396	4.712838	4.622362	5.2018695	4.6952806	4.2955856	4.96478	4.386319	4.2835584	4.2564993	4.7575912	4.803421	4.947421	4.748459	4.005659	5.0037384	5.0203977	4.493403	4.8103943	4.4266934	4.994124	4.0465603	4.3766675	3.81494	4.3835616	4.5697665	4.526246	4.968176	4.7494607	5.3300095	4.989234	5.4030566	5.099104	4.6491594
IFRD2_8875	1.9974787	2.5736196	1.9785899	1.1871207	1.9587818	2.7084813	1.851524	2.4910152	1.5842559	2.6126575	1.8390311	1.9443585	2.0586884	1.2719984	2.1797314	2.5249715	1.9438806	2.1159258	1.7911546	1.9183995	2.4743395	2.3023815	1.5499562	2.5451083	2.7615314	2.2599542	2.6264875	1.4944088	2.5752249	3.1312993	1.9846656	1.1960433	2.472159	1.0470449	2.0267587	2.0518599	2.6150863	1.8155732	0.0	1.3803144	1.2341714	2.0039802	2.3260906	2.5603254	1.735917	1.59992	1.8199238	2.0718946	1.9519659	2.6368403	2.2793913
IGF1_8876	4.864649	5.2346654	5.733466	4.545173	5.625355	4.9428797	4.4933076	4.9406905	5.148717	4.4722323	4.201591	4.9829097	6.1165977	5.966954	6.1478705	5.7682037	5.369398	5.634777	5.8633523	5.613402	5.638838	4.4577565	5.5029	5.571419	5.5424714	5.756401	4.30452	5.0225058	5.9526296	5.002205	6.198963	4.8350935	5.281925	5.1122093	4.93163	4.2667212	4.7351427	5.6111693	5.5933557	5.180765	4.921405	3.7704499	4.2528553	5.28402	4.208036	4.8544893	6.2652636	6.185435	6.3148956	6.063901	5.097908
IGF2R_8879	4.0499516	2.895092	3.0622413	3.6430259	2.597612	2.853671	4.1131234	3.8283224	2.8064463	3.0546732	3.1264923	3.4555352	2.2628205	0.0	3.4443936	1.7560883	1.9438806	1.5853512	2.9574547	2.3701787	3.5130224	3.52196	3.65174	3.1471999	3.7229755	1.7521499	3.6604056	2.6898494	3.0152833	3.9934368	2.7898166	2.9792736	2.472159	2.887088	2.9569383	4.009233	3.6478724	2.435626	1.9345882	2.6654315	1.2341714	3.8327506	3.9744961	2.2245977	3.522194	2.0168164	3.2054758	2.8892338	2.7523265	2.7807593	3.5948293
IGFALS_8880	8.186473	7.710956	7.911079	8.524076	7.040585	7.6209364	8.954261	8.362572	7.4167986	7.583193	8.2473545	8.122802	6.7034054	6.9717317	7.5392227	7.7159433	6.9967155	7.187106	7.1041365	6.913386	7.659387	8.157177	7.229829	7.3859086	8.118178	6.5522723	8.183941	7.4147453	6.8194914	8.2237625	7.5207253	6.8352523	7.5093102	7.4886765	7.481624	8.361308	8.607259	7.843541	7.4184184	7.5953703	7.1370363	7.72227	7.68934	7.54797	7.978171	6.7086635	7.1569934	8.028989	8.021174	7.188303	7.647331
IGFBP1_32306	6.0101514	5.4624186	2.6198554	6.849118	5.2130246	5.31304	5.5030246	6.302122	5.740427	5.3387294	4.557952	2.889376	4.177663	4.0500264	4.4714575	4.884291	6.64651	5.634777	4.2358537	4.494753	4.3597	3.437199	5.746875	5.589646	5.728748	4.8074613	7.004945	6.7579794	5.2419558	5.8360996	7.2604213	7.164423	5.5387664	4.5804653	5.096293	6.2216024	4.6270533	5.8504963	5.8443303	4.820448	4.2504177	5.167044	6.9862514	3.9722536	6.4943733	4.3066416	3.2054758	6.341801	2.1514747	3.3411944	5.2699165
IGFBP3_8881	6.15049	6.8506813	6.699575	5.8536353	5.746686	5.9837627	6.197601	6.176059	5.265754	5.414854	6.017877	5.727598	4.972431	5.2666516	5.845266	5.687298	5.783992	6.267362	5.8633523	4.7395954	6.3060107	6.0844073	6.042472	6.409977	7.0307207	5.9457064	5.5721884	4.9107227	6.5075097	6.084801	5.5268536	4.2858334	5.607677	6.0336595	4.9604125	6.054092	5.951363	6.351201	6.372569	5.047234	4.714023	5.5287514	5.475404	4.982539	5.236946	5.396883	5.8084135	6.107122	5.8531594	5.50358	5.7158117
IGFBP6_33233	1.1356703	0.9932049	2.4360592	0.7123662	1.9587818	0.0	1.851524	0.0	1.3212922	2.2186248	1.8390311	0.775823	2.99374	3.3501055	1.640813	2.1911569	0.9628306	0.0	1.5087776	1.9183995	3.6688373	1.2084577	2.762189	3.3317733	2.617958	1.275699	0.7197537	0.6833182	0.0	1.7605959	1.6862907	0.0	2.472159	2.7791781	1.1570135	1.1754036	2.2764814	2.594546	1.2698381	1.0488179	1.4871172	2.0039802	1.2253668	0.689121	0.6624132	0.5924607	4.226075	4.291709	2.1514747	2.297121	3.3441162
IGFBP7_32929	5.955534	7.1362214	7.6510034	6.557953	7.139918	6.898923	6.5078583	6.797809	6.8693137	6.9259796	6.6192374	6.480728	7.017283	6.995923	7.282109	6.9889565	6.861947	6.687078	7.319484	6.5351377	7.3205614	6.4623003	7.2421303	7.260688	7.3645673	7.410393	6.388935	6.961034	7.2199492	6.875701	7.0750656	6.5406904	7.2027864	6.924707	7.13545	6.12084	6.74654	7.3367267	7.100082	7.0896626	6.9286065	6.8203206	6.181718	7.0712647	5.931233	7.16688	7.65953	7.713736	7.004324	7.311933	6.5396504
IGG-2A_33162	2.675235	2.4482956	1.6806879	1.5437274	0.0	0.0	2.4764907	0.7313985	1.9992051	1.2997124	1.1946218	1.2775879	1.5358759	1.9373132	0.0	1.1302094	2.2619886	1.2227256	2.4077895	0.0	1.2029109	2.0966876	2.075009	1.773262	0.7157622	1.7521499	2.6264875	0.6833182	1.6441145	1.4809296	3.5048723	0.5163865	3.7147906	1.8741015	1.5083932	1.1754036	1.1900772	1.8155732	0.7703406	1.3803144	2.4615827	0.0	2.3260906	2.7028143	2.1687598	1.0112327	3.6308496	4.627166	2.6239195	4.218504	2.2793913
IGH-6_32666	3.7624195	1.9897953	1.6806879	2.451389	0.7839461	0.758765	2.4764907	1.2144328	2.1691005	3.0546732	1.1946218	3.3587008	1.1804214	0.77186805	1.2703954	0.0	0.9628306	1.5853512	2.9574547	2.3701787	2.4743395	1.2084577	2.4591324	2.9355001	2.4585013	1.275699	3.4200125	1.7753943	1.2732412	2.5302608	2.2317815	0.0	2.472159	1.3782007	2.2295449	2.0518599	3.2219887	0.70487076	1.2698381	0.6176906	0.92724514	2.6825488	2.9431233	1.5043167	3.2840576	2.1873605	3.1029732	3.6479805	2.9792266	2.476957	2.4159133
IGJ_32511	4.7082605	4.2724814	4.2766256	4.0289	3.9482906	3.3214288	4.1664968	4.2844353	3.8063707	3.3925493	3.2292056	3.6316473	2.8742359	3.2463703	3.4443936	3.393861	3.0212092	4.392873	4.60755	3.326985	2.6341627	4.006783	4.1464963	4.2119765	4.3413115	3.3220272	4.350994	4.0662227	4.649022	3.759049	3.6815434	1.6561947	4.204518	3.6083453	3.3539796	2.98588	3.2219887	3.2957203	1.9345882	3.4794793	1.8894439	2.5404441	4.034631	2.4022055	3.522194	3.6054895	4.4090514	4.8358083	3.8275614	4.362736	3.651246
IGTP_8887	6.0627766	5.9173393	6.4187965	5.45216	4.9688754	6.242993	6.063341	6.265446	5.148717	6.061364	6.394561	5.9433155	5.188244	5.2666516	6.1903405	5.6536207	4.904411	5.883216	5.7359147	4.7395954	6.0179176	5.8908176	5.582456	5.9414935	6.226322	5.153059	6.3551326	5.5182624	5.599045	6.146902	5.274664	4.74535	5.1340365	6.009984	5.5202117	5.910549	6.620665	6.0827847	5.4838705	5.663936	5.004799	5.75474	5.5596795	5.973666	6.4079103	5.708448	6.0341043	5.995619	5.923042	5.0713763	6.024251
IKBKAP_8888	3.318902	1.9897953	3.1839569	3.0042105	0.7839461	2.853671	2.911122	3.0466177	0.9994701	1.2997124	1.8390311	1.6491554	1.1804214	2.3909085	3.3476372	1.4768263	2.5224707	1.8748931	2.2300112	0.76129264	2.2945795	2.482375	2.2798173	2.8167326	2.279205	1.5335042	2.0821931	2.2125611	2.1835182	3.2264056	1.3096737	0.8958736	0.0	2.6625395	1.5083932	2.2557068	3.1193392	2.987318	2.570392	1.3803144	1.70226	2.5404441	2.8118143	1.7862632	2.3445714	1.59992	0.70722115	2.8892338	2.9792266	1.5643196	3.0404751
IKBKB_8889	3.9417143	3.5111294	4.1627893	4.333043	2.204507	3.9572527	4.315703	4.2347074	1.9992051	2.9218345	4.201591	3.712247	2.2628205	2.8811386	4.274977	2.7958763	2.9343114	3.2735412	2.5660443	3.2234385	3.242334	3.602016	2.4591324	3.897724	3.9794827	3.100898	4.439678	2.0104735	3.352018	4.2412953	3.1911995	2.406994	3.1011837	3.6083453	2.837896	3.9517226	4.2915974	3.6252677	2.570392	3.4794793	2.7783492	4.158812	3.5490766	2.5603254	3.788687	3.0196002	3.1029732	4.1940618	3.7059622	3.3411944	4.306832
IKBKE_8890	4.6748405	3.07545	3.4974551	4.4216714	1.9587818	4.138241	4.1131234	3.531564	2.3210802	3.4896183	3.1264923	3.6316473	2.2628205	1.2719984	2.8787735	2.1911569	3.324341	3.3697603	3.5183966	2.1619017	3.5930324	3.9467263	1.5499562	3.897724	3.791503	2.109709	4.2564993	2.0104735	3.2482674	4.452749	2.2317815	2.284903	2.011671	4.041002	2.2295449	4.3131304	4.0338454	3.4698832	2.3879235	3.0843768	1.8894439	4.613897	3.5490766	3.2588525	4.4580016	2.1873605	2.261813	2.2765746	2.9792266	2.6368403	4.4085307
IL13RA1_8891	7.3924055	7.52561	8.233571	7.170141	7.7015934	7.9745235	7.4252343	7.9029746	7.526423	7.758991	7.472262	7.5514207	7.4418454	7.2109704	7.812793	7.462408	7.7031074	7.860633	8.012155	7.32959	8.058617	7.294599	7.514773	8.1858225	7.887176	7.1418133	7.5190544	7.4847317	7.7143373	7.581	7.7361693	7.028357	7.721099	7.684596	7.5542274	7.063699	8.118092	8.161834	7.3071094	6.9961267	6.8630724	7.136609	6.773338	7.5713806	7.3691983	6.8487315	7.880903	8.011181	7.7637014	7.936756	7.6086764
IL18_32962	2.375796	2.5736196	3.9040134	3.0042105	2.597612	3.6740885	2.6363633	3.446748	1.5842559	2.2186248	1.8390311	2.889376	3.104098	2.5734606	3.4443936	2.3676975	2.1116846	3.2735412	3.4387813	2.1619017	2.4743395	1.2084577	3.321599	3.1471999	2.4585013	1.7521499	2.6264875	1.7753943	2.1835182	2.372859	2.2317815	2.406994	0.8140356	2.887088	2.0267587	1.5299913	2.2764814	3.5496664	2.1789894	2.8900583	2.2036915	2.0039802	2.3260906	2.951459	2.1687598	3.0196002	3.3909214	3.4077816	2.4829574	4.1670337	2.9534101
IL1A_32861	1.483266	2.5736196	3.5884495	2.0677924	2.204507	2.157111	2.2966683	2.1047523	1.5842559	0.7915216	2.282898	2.1892972	3.104098	3.013425	3.6203768	1.9899611	1.5351875	2.8078547	3.067424	2.1619017	3.5930324	0.7272255	2.8927681	2.008209	2.4585013	1.7521499	1.1977407	1.1451283	3.352018	1.9947519	1.9846656	2.004529	2.011671	2.7791781	2.2295449	1.5299913	1.5471903	3.3854282	1.6401663	0.6176906	2.2036915	2.0039802	1.588432	2.5603254	1.735917	3.1072266	2.7428484	1.5472676	2.3267155	3.142335	0.567391
IL1B_8892	1.483266	2.6889215	3.1839569	2.451389	2.597612	2.853671	1.5639434	3.531564	3.320974	3.4896183	1.5525111	1.6491554	3.9002123	4.1103654	3.0110276	3.9874403	3.4549482	4.1969485	3.2650185	4.304893	3.3383183	0.7272255	3.980205	2.6873035	2.617958	3.6286907	2.7702174	4.214827	4.476096	1.7605959	3.1911995	3.1287267	3.1011837	3.6700726	3.7333038	0.70423484	1.8332136	3.097608	3.3467786	3.6732368	1.8894439	1.769281	0.7390483	2.7028143	0.6624132	2.8265579	4.532502	3.572272	4.1869826	3.940554	2.1285868
IL1R1_8893	8.618697	6.774404	7.558372	7.8144846	6.221627	7.65601	8.186017	7.6702743	5.9876413	7.4806566	7.445843	7.58926	6.7034054	6.4597588	7.500366	6.2232704	6.8441806	6.629934	7.3632674	6.7737503	7.6121645	7.512229	6.7246385	8.155555	7.2228723	5.9457064	8.752176	6.8288875	6.828513	8.407493	6.363469	6.813337	7.1343703	7.5959353	6.8426104	8.058296	7.560422	7.6534867	6.2968974	6.4436255	6.1100693	8.093808	7.324088	6.7154975	7.4627156	6.4733357	7.0439553	6.729333	6.605833	7.1556664	8.246011
IL4R_8896	5.4229803	5.3265657	5.495572	6.6248155	4.590883	5.9837627	6.4444485	6.771894	4.4908404	5.9117594	5.9593134	5.606299	3.9601355	3.537568	4.8348827	5.074458	5.174639	5.1298494	5.1726503	4.0259314	5.8159995	5.906667	4.668027	5.883578	5.638614	4.597668	6.160117	4.622188	4.942882	6.2180586	4.4398866	4.8566833	4.8223433	5.705482	4.9022617	6.257645	6.0935307	5.205937	4.1647973	4.5837555	4.7627525	5.863194	5.6393027	5.165958	6.0501866	5.087805	4.971199	5.1279006	4.745298	4.4077783	5.502375
ILK_8899	2.9230795	2.9880874	3.2961977	2.7541187	2.9062183	2.7084813	2.7802737	3.2605107	1.5842559	2.7755125	3.2292056	2.889376	2.0586884	1.2719984	2.7331607	1.9899611	2.3981004	2.5029805	2.4077895	1.9183995	2.2945795	3.0373778	2.075009	3.1471999	3.3209047	1.7521499	3.504673	1.7753943	2.7372885	3.4790516	1.3096737	1.1960433	2.472159	2.887088	2.2295449	2.736285	3.3178172	2.737684	1.6401663	1.8765994	1.8894439	2.930607	2.8118143	1.5043167	3.1002145	2.0168164	2.8731365	2.2765746	2.6239195	2.297121	3.5361161
IMPDH2_8901	3.8246934	4.478839	5.3208194	3.7834342	5.240831	4.4436893	4.1131234	4.668412	5.0650606	4.9526534	4.251255	3.9959817	5.481939	5.156497	4.516664	5.4723263	4.7602787	4.719379	5.24465	4.9488516	5.1499085	3.8840604	5.440215	4.754689	4.9023523	4.901926	3.8664052	4.8514056	4.649022	4.0465326	5.1599956	5.2153263	5.195023	4.612261	5.4610167	4.009233	3.8537283	5.155827	4.9372616	5.2633796	5.212011	3.7704499	4.034631	4.3205805	4.2962584	5.2115946	6.128449	5.995619	5.718149	6.0064917	4.5338564
INHBA_33300	6.748882	6.115856	6.0855417	6.2422833	5.268111	5.667523	7.087527	6.472698	4.9297123	5.3899226	6.8861256	5.926521	4.4102645	4.2775726	5.9804864	4.794435	5.598619	5.235784	5.37869	4.6625075	6.0179176	6.1524553	5.4187	5.883578	6.0557113	5.1909714	6.173109	4.7575912	5.2419558	5.659893	5.0354204	4.7909193	4.8976593	6.178747	5.3348007	7.043195	6.493049	5.8504963	4.9372616	5.115544	5.497626	6.4448667	5.9515357	5.165958	6.9671803	4.975858	5.540748	5.205123	5.8531594	5.8520994	5.767771
INHBC_32348	8.551235	8.714331	8.727171	8.454884	8.752257	8.847106	8.412772	8.867696	8.639188	8.688237	8.693751	8.855479	8.734327	8.674221	8.923062	8.885682	8.694694	8.579268	8.690709	8.550419	9.075191	8.630222	8.641945	8.615274	8.842338	8.59296	8.705992	8.698312	8.498397	8.484069	9.112054	8.491561	8.7662115	8.739839	8.921802	8.407492	8.810368	8.752511	8.890284	8.428905	8.25197	8.250364	8.282859	8.55824	8.514862	8.236623	9.162193	9.468681	9.521392	9.262829	8.895107
INPP1_8904	3.0326717	3.07545	1.9785899	3.0042105	1.6624343	2.5470278	3.0310833	2.6512198	1.9992051	2.9218345	2.765496	3.1430392	2.4416173	2.3909085	3.243922	1.7560883	2.9343114	1.8748931	2.4077895	2.713711	3.1395056	2.0966876	2.2798173	2.5451083	2.074421	1.7521499	2.7702174	2.8193185	2.5752249	3.1312993	2.4426951	1.8408495	2.011671	2.0700042	2.4073083	2.8664734	3.4076753	2.435626	2.570392	2.5384767	2.8701653	3.0402825	2.506785	2.7028143	3.1002145	2.1873605	3.3909214	2.0718946	1.9519659	2.297121	1.769436
INSIG1_8906	11.566209	10.103384	10.387145	10.849372	9.713853	11.11028	9.365721	10.871491	10.906583	10.326123	11.050197	10.096567	10.206175	10.348141	12.290694	10.801189	10.353618	10.88348	10.756385	8.558419	10.979072	11.92475	9.909635	11.523573	9.810124	10.043713	10.738783	8.334028	9.209223	10.0639305	10.515293	9.71166	9.785773	11.032138	11.189486	10.470424	10.641415	10.918659	11.202451	9.850818	10.106963	8.900717	10.347642	10.76431	8.661174	9.426423	11.597642	10.637475	11.244981	10.569167	10.72925
INTS3_8907	4.1011696	3.6313283	4.039196	4.6219993	3.3762684	4.0201387	4.267662	4.2347074	3.0865276	4.03112	4.557952	3.712247	2.4416173	2.3909085	3.243922	3.023864	3.0212092	2.8078547	3.733852	3.111882	3.5130224	4.2744603	3.5760143	3.7105362	4.2948537	2.3960178	4.602197	2.93812	3.7054071	4.329629	2.7898166	3.3273613	3.5377576	3.4055345	3.2644873	4.4440207	3.9762692	4.268282	3.1313257	2.8900583	3.617124	4.541129	4.3507204	3.4325337	4.637601	3.2679667	3.6308496	3.6479805	3.8275614	3.3411944	4.0372877
IPO13_8908	3.2296562	2.7956865	3.4974551	3.7149374	2.4144073	2.9855762	3.595438	3.1575243	1.8065978	1.9721766	3.0159018	3.712247	1.1804214	1.2719984	3.1321692	1.4768263	2.3981004	3.1704433	2.4077895	1.2570211	2.4743395	3.7499197	2.4591324	3.0452297	3.3209047	2.2599542	3.7323904	1.4944088	2.7372885	3.0294778	1.6862907	2.004529	1.7112163	3.5438585	2.2295449	3.1985953	3.2219887	2.435626	2.3879235	1.8765994	1.4871172	3.326703	3.174549	0.689121	2.5012665	1.59992	1.8199238	2.7587066	1.7203709	2.6368403	3.1225834
IQGAP1_8911	1.9974787	2.3110406	3.400333	1.1871207	2.4144073	2.157111	2.091197	3.1575243	1.8065978	1.6747757	2.077968	2.1892972	0.7077145	0.77186805	2.7331607	1.9899611	1.5351875	2.5029805	2.2300112	1.6252826	2.6341627	2.0966876	2.6186037	2.2101986	2.8921008	1.7521499	2.2872965	1.1451283	1.2732412	2.6721666	1.6862907	0.8958736	1.3312725	2.9874854	1.5083932	1.5299913	1.8332136	2.987318	1.9345882	1.0488179	0.53686917	1.488839	1.588432	1.7862632	1.735917	1.823375	3.3011763	2.455791	2.8702326	1.8519349	1.5496027
IRGM2_8916	4.9227476	4.1164427	4.9265103	6.37028	1.2890483	5.006382	5.4821253	4.379027	1.5842559	2.9218345	4.810742	3.3587008	2.8742359	3.537568	4.560497	3.5484548	3.324341	3.0594068	2.5660443	2.1619017	4.4047375	3.8840604	3.2257414	5.2433057	5.746118	2.6348078	5.4706135	1.4944088	3.1364734	4.8904743	4.2285304	2.284903	2.6569214	2.9874854	2.9569383	5.0756426	5.205009	4.603475	0.7703406	3.334152	1.4871172	5.0141287	4.5697665	2.5603254	5.1449003	1.823375	4.071798	2.7587066	1.1027291	3.4312084	6.3309855
ISG15_8918	3.0326717	4.379347	4.9609766	4.0842543	3.1603029	5.780815	4.7595882	3.2605107	1.8065978	2.2186248	3.4149964	3.712247	3.104098	3.2463703	3.4443936	2.5249715	2.2619886	3.1704433	4.3271203	2.1619017	3.6688373	4.1732683	3.0125036	4.010254	4.0924416	2.6348078	2.6264875	2.8193185	3.781712	4.7693586	3.303507	2.8125298	2.967741	4.086987	1.7907331	2.5931726	4.66399	4.6403866	2.8779507	2.399263	2.4615827	3.0402825	3.174549	3.0613632	3.788687	3.2679667	3.555222	3.9763792	4.682209	3.8779073	3.474912
ISG20_33257	2.5332706	3.5111294	4.5272	1.8294263	3.7302246	4.138241	4.057699	3.6116695	3.320974	1.9721766	3.65531	2.7435865	3.3920732	3.3501055	4.326662	3.1256318	2.5224707	3.0594068	4.0339284	1.6252826	3.5130224	2.482375	3.321599	2.8167326	4.6672864	3.513724	2.4668374	3.7133195	3.62484	3.6939778	4.3380756	3.798159	3.8724551	3.5438585	0.0	3.0961545	2.0718052	4.7457724	3.3467786	2.2451668	2.0551069	1.488839	2.3260906	3.0613632	3.9054923	3.0196002	4.2740407	4.550328	4.275133	4.860753	2.4159133
ISOC1_8919	5.839675	4.601646	4.6590047	4.5840974	0.0	4.2474017	4.267662	4.8772855	3.6994612	4.1546707	4.4343996	0.0	0.7077145	5.2398915	0.0	4.996006	3.973751	5.5955176	4.4129558	0.0	5.9587436	4.2744603	5.3521595	4.9924426	5.233197	0.0	0.0	0.6833182	0.0	4.831187	4.109979	4.649651	4.014574	0.0	0.0	0.0	0.0	4.8752856	4.22047	0.0	3.6691785	0.0	4.4423666	5.2143483	4.208036	3.4797902	1.1797101	4.589258	0.0	4.6889343	0.567391
ITFG1_8921	6.5876336	5.929115	6.431142	6.528321	5.84054	6.39309	6.455212	6.314143	5.3027477	6.1969023	6.243235	6.0401726	5.3312507	5.4645452	5.964261	5.8298125	6.1155615	5.672997	6.008286	5.9087105	6.0466185	5.968379	5.7810006	6.258719	6.027576	5.3502326	5.9943395	5.574369	5.7395906	6.307783	5.874682	5.488565	5.6518545	5.9979987	5.951464	6.2216024	6.430113	6.1986876	6.257519	5.553356	5.5540886	6.1950564	5.8380003	5.712411	6.2621818	5.6218333	6.0059757	5.890442	5.88152	6.091771	6.2510986
ITGB1_8925	5.2968464	5.290505	6.0855417	5.0959854	5.784963	5.096683	5.6968794	6.080765	4.9531703	5.3387294	5.2377234	5.378286	5.188244	4.7262454	5.7155666	5.8298125	5.248538	5.492423	5.632359	5.0430994	5.8970385	4.7664943	5.0779867	5.6429834	5.9092035	5.2816105	5.243111	5.2230263	5.214689	5.3151016	5.503528	5.164296	5.7363467	5.412288	4.9022617	5.2043357	5.61653	5.7527456	5.3653893	5.2633796	4.786514	5.390609	5.3149257	5.28402	5.573442	5.2115946	6.204678	6.080044	6.2069745	6.4122286	5.728978
ITGB1BP1_8926	3.5576375	2.9880874	3.0622413	2.7541187	3.4732254	2.9855762	3.141831	3.3566325	3.2469792	3.0546732	2.8961248	3.4555352	3.2066107	2.3909085	3.3476372	2.3676975	3.391122	3.8418446	3.1696014	3.111882	3.5930324	3.1481903	2.4591324	3.2424362	3.9794827	2.109709	3.504673	2.2125611	3.352018	3.4790516	2.6266706	3.198022	2.472159	3.7292666	2.7081409	3.1985953	3.3178172	3.200062	2.8779507	2.072621	1.4871172	2.3827975	3.4641607	2.8324869	3.2840576	2.0168164	3.8990247	4.383164	2.6239195	4.113659	3.7055392
ITGB5_8928	5.839675	4.510535	5.564438	6.101815	4.455044	5.8166847	5.8018064	6.0086255	3.9990063	5.55602	5.444004	5.7468586	3.7038848	2.8811386	4.798738	4.5232325	4.4825535	4.8249907	4.4939694	3.7559724	5.300493	5.5100365	4.247581	5.456941	5.638614	4.014271	5.9497375	4.1174774	4.279584	5.336579	3.1911995	3.5557184	4.3723383	5.0203977	4.2816463	6.197064	5.3927565	4.8119817	3.7763257	4.090219	3.9888737	5.8927402	5.9670496	4.3205805	5.998525	4.378847	4.717334	4.700118	4.8350415	4.724974	5.805548
ITIH1_33132	11.22894	10.544329	10.851172	11.432407	10.225303	10.705211	11.506717	11.189192	10.05761	10.559927	11.221166	10.960675	9.957848	9.752731	10.245726	10.44604	10.334126	10.208817	10.048752	9.960367	10.449908	11.231154	9.840525	10.579264	10.67916	9.905892	11.190816	10.173807	10.103175	11.416747	10.124194	10.247333	10.542519	10.558107	10.491899	11.404775	11.586388	10.778739	10.291013	9.904094	9.929589	10.771996	11.032874	10.662255	11.126551	9.941964	10.297017	10.706604	10.287907	9.932333	10.939949
ITIH2_32512	9.043768	9.063219	9.255674	9.086709	8.894717	8.985507	9.19963	9.46112	8.916314	8.9494095	9.244979	9.193991	8.911721	8.643922	8.845459	8.970189	9.098489	8.793914	8.956738	8.754571	9.444888	9.197154	8.917859	9.143801	9.379017	8.631383	9.348247	8.961119	8.575445	9.195134	9.094599	8.694021	8.991358	9.380173	8.979185	9.239551	9.620755	9.144936	9.00371	9.647622	9.504561	9.53121	9.3308735	9.007646	9.427562	9.410363	9.422416	9.708572	9.675113	9.768241	9.360337
ITIH3_32422	11.053954	9.691162	10.04555	11.686328	9.161617	9.989004	11.15097	11.133889	8.630119	9.486395	10.752242	10.601328	8.841766	8.496283	9.795416	8.90549	9.284546	9.051337	8.898413	8.633558	9.765053	11.242908	8.689882	9.888361	10.118454	8.67718	10.968992	8.936355	8.843646	11.265748	8.991484	8.854198	9.252127	9.890164	9.140367	11.196189	11.039487	9.704748	8.977694	9.257008	9.23024	10.699137	10.759251	9.458015	10.848755	9.1847315	8.955272	9.282279	8.854591	8.986721	10.871841
ITIH4_32725	9.995795	10.065208	10.423902	9.985335	9.975153	11.307916	10.244118	10.44309	10.03923	10.346514	10.392987	10.373237	10.005729	9.7312765	9.883256	10.21591	10.397931	9.926878	10.293284	10.052002	10.798905	10.462378	9.918285	10.472202	10.438621	9.891574	10.563012	10.1715355	9.765458	10.438846	10.058688	10.28365	10.426511	10.563708	10.632668	10.077944	10.572661	10.480363	10.32077	10.479133	10.334551	10.447414	10.304024	10.4544735	10.082537	10.234857	10.695165	10.895124	10.321936	10.429402	10.474144
ITPR2_8931	5.6971416	5.272131	5.059695	5.837617	4.077273	5.2877045	5.349945	5.4348235	3.8569942	4.423926	5.378467	4.950048	3.9601355	3.1345942	4.326662	3.815366	4.512859	4.719379	4.4939694	3.897257	5.2018695	5.667165	3.920224	5.4766626	5.5424714	4.055957	5.3838687	4.01308	4.279584	5.8360996	4.8990626	3.9262035	4.14394	5.156013	4.1873994	5.2043357	5.597562	4.603475	3.917761	3.4794793	3.6691785	5.5287514	4.79509	4.027466	5.6591215	3.6644573	4.320462	4.291709	4.1408014	3.7438102	5.728978
IVD_8932	5.9274297	4.157063	5.3729453	5.2731752	4.501759	4.6565795	5.326688	5.1696496	3.9059012	4.8828907	5.212871	5.4268627	4.177663	4.223962	4.274977	4.323549	4.138305	4.605421	4.4939694	4.304893	4.721904	5.6484346	4.1464963	4.688581	5.077238	3.881458	5.1672235	5.3137193	4.975738	5.758662	4.748459	4.152537	4.5226555	4.703648	4.1378617	5.4316826	5.4361095	5.2779818	5.1529117	4.925664	4.714023	5.863194	5.6000404	4.7396665	5.5376925	4.952388	4.4513865	5.3252964	5.1928163	4.362736	5.817924
IYD_8933	5.5756464	4.6593394	4.779769	5.53396	5.184672	4.6565795	5.883769	5.601038	4.5839467	5.3899226	5.08175	5.1368475	5.0294857	4.9408307	4.274977	5.0487785	4.8813667	4.719379	5.24465	4.7766476	5.1499085	5.333679	4.631086	4.654355	5.1044307	4.318231	5.267545	5.126247	4.728286	5.6078515	5.1298456	4.91958	5.195023	4.9722033	5.800458	5.3224826	5.3019347	5.2779818	5.6753287	5.952416	4.381014	5.0926113	5.4535427	4.7723575	5.463422	4.6064157	5.5984015	5.9514785	5.6538353	6.0210595	5.7549553
JAG1_32778	2.8044732	2.5736196	3.400333	2.6106799	1.6624343	2.3652024	3.141831	2.6512198	1.9992051	3.288475	2.8961248	2.7435865	2.8742359	1.2719984	2.3886938	1.9899611	2.5224707	2.3223944	1.7911546	2.1619017	2.4743395	2.482375	2.6186037	2.5451083	3.3209047	1.5335042	1.8430203	1.1451283	1.6441145	2.919921	1.9846656	2.004529	2.011671	3.4055345	1.7907331	4.2187696	2.6150863	3.200062	1.6401663	0.6176906	1.4871172	3.410797	3.174549	1.5043167	1.735917	1.823375	2.0577211	3.119443	3.3477855	2.0916321	3.5948293
JAK1_8934	7.7300076	7.239133	7.5639887	7.6033463	7.056319	7.6854095	7.6195664	7.910912	6.3208814	7.298405	7.329278	7.5945854	6.5558558	6.5926023	7.7667575	6.730886	6.856049	7.3374577	7.4005175	6.5023327	7.538299	8.014538	6.6341896	7.842511	7.5241103	5.781468	7.435259	6.483026	7.0060015	7.832233	6.5684466	6.378517	6.925305	7.6920543	6.60809	7.362933	7.6227283	7.423995	6.372569	6.416804	6.1745195	7.3486795	7.2307754	6.756925	7.280055	6.584386	7.0645576	7.2441835	6.9179664	6.839557	7.8386426
JAK2_8935	6.0497994	6.387419	6.872491	5.7717032	6.3800554	6.749191	5.7149057	6.326065	5.5067577	6.4226418	5.9137754	5.6882873	6.168322	5.698733	6.7872686	5.9316764	6.2202835	6.279799	6.524408	6.0210533	6.5460396	6.0129905	6.111148	6.3893156	6.7413034	6.161572	6.802452	6.1054444	6.573392	6.1947274	6.3504543	5.9667683	5.9460244	6.320226	6.434324	5.817026	5.7936387	6.567877	6.0732465	5.5696816	4.8997808	5.60213	5.431345	5.82577	6.024587	5.7634306	6.8118243	6.685091	6.229214	6.6369357	6.0454555
KAT3_32958	9.291264	9.085751	9.407094	8.746266	9.3758335	9.099097	8.850047	9.202811	9.0226965	9.204827	9.077839	9.242291	9.2694025	9.123569	9.068668	9.283996	9.19159	9.204338	9.257206	9.275095	9.151494	8.807414	9.181674	9.440953	8.986332	9.149857	9.048536	9.196815	9.416385	9.162435	9.176155	9.351907	9.549336	9.194416	9.372245	9.260425	8.900184	9.519024	9.500472	8.648459	8.715149	9.015963	8.987234	9.234289	9.3651905	8.979436	9.7851095	9.709678	9.541527	9.975047	9.101543
KAT6A_8940	4.456222	4.30899	4.5724864	4.545173	3.8792007	3.9572527	3.8773775	4.1832037	2.4585645	3.176305	4.096819	4.119342	2.8742359	3.2463703	4.8348827	3.4732275	3.9295027	3.0594068	4.1879597	2.3701787	3.8749332	4.1198797	2.4591324	4.06339	4.0370674	3.3887968	4.30452	3.1498733	3.781712	4.412865	3.5959105	2.8125298	2.2602103	4.1315517	2.4073083	4.0645385	4.5102053	3.8933594	2.3879235	2.2451668	2.0551069	3.6371455	3.4641607	2.951459	3.8482714	2.8265579	3.8365083	2.6151845	2.9792266	3.142335	4.234818
KCTD5_8949	2.1990027	2.9880874	3.6740434	2.884577	3.3762684	1.9138626	3.8118882	3.531564	2.905972	2.4290519	2.8961248	2.1892972	3.2066107	2.7354863	2.5711837	2.6667733	3.0212092	2.9391065	3.1696014	3.326985	3.242334	3.251095	3.2257414	3.2424362	2.617958	2.109709	3.4200125	2.6898494	2.8829715	3.1312993	2.9363732	3.0559347	3.1011837	2.7791781	2.9569383	3.3839397	2.7586064	2.435626	2.570392	3.4794793	2.0551069	2.930607	3.2776825	3.1634846	3.1002145	2.8265579	3.6308496	3.2220936	2.6239195	3.940554	3.5948293
KDELR2_8950	7.7340693	7.0363297	7.3851795	7.751761	7.211929	7.3172092	7.6758676	7.72982	6.9473157	7.1651616	7.5782228	7.466832	6.868863	7.066155	7.327214	7.093129	6.9309044	7.0845013	7.148604	6.782885	7.507661	7.6783934	7.248242	7.305486	7.6494074	6.888532	7.4619713	6.6662965	7.0606227	7.693472	7.6748457	6.7162924	6.9783125	7.163399	6.982483	7.7223268	7.722401	7.342338	6.935173	6.8567324	6.7707887	7.2998915	7.1310077	6.9832406	7.691415	6.513985	7.0439553	7.4954195	7.6974473	7.3585634	7.826444
KDM3A_8952	4.456222	4.1164427	3.9731874	4.7978716	3.1603029	4.5751534	3.9400225	4.5102134	2.5840793	3.4896183	3.9838378	3.8610783	2.4416173	3.013425	4.516664	2.7958763	3.7375457	4.1969485	4.5328317	2.3701787	4.110652	4.2247515	2.762189	4.878458	4.2468505	2.9320772	4.2564993	2.93812	4.225969	3.8809977	3.0694053	3.1287267	2.6569214	4.9223433	3.2644873	5.048467	3.7883198	4.526692	3.0101936	3.334152	2.7783492	4.0049734	4.6488495	3.7274868	4.1618156	3.1072266	3.7711594	3.8538375	3.8847218	4.268201	4.234818
KDM5A_8954	6.605481	6.7809167	7.4165626	6.8411064	6.3800554	7.034566	6.422677	6.6912327	5.568818	6.5292335	6.2915096	6.3228383	6.4237595	6.1790214	6.841574	6.323049	6.2202835	6.687078	6.747316	6.0962586	6.409075	6.4406905	6.1894636	6.8713074	7.023616	6.1031203	6.7427034	6.261693	6.42664	6.671139	6.3240676	5.9568067	6.4747963	6.684131	6.338905	6.456817	6.737904	7.0788417	6.4208984	5.7380347	5.4537797	6.5413003	6.6538067	6.428106	6.796177	5.8674827	6.778956	6.862425	6.8692317	6.839557	6.569234
KDM5B_8955	1.7631619	2.895092	2.2253819	1.8294263	2.9062183	1.9138626	1.5639434	2.3107724	1.9992051	2.6126575	2.077968	2.3986237	1.5358759	0.77186805	2.5711837	1.9899611	0.5602896	2.3223944	1.5087776	1.9183995	2.2945795	2.786402	1.1924393	2.38735	3.011828	1.9419785	2.2872965	1.7753943	1.2732412	2.372859	2.2317815	2.284903	2.011671	2.7791781	1.5083932	2.4342844	3.0088224	2.594546	0.7703406	1.3803144	1.70226	2.0039802	1.588432	2.5603254	2.3445714	1.59992	2.7428484	2.455791	2.3267155	2.7807593	2.4159133
KDR_8956	5.2061815	6.052671	6.6370025	5.1746025	6.3925047	5.7440305	5.0425544	5.581279	5.6713862	6.045487	5.2861795	5.6882873	6.1426916	5.9505434	6.867979	6.200128	6.309308	6.47631	6.911146	5.9087105	6.452619	5.629458	5.8629417	6.4603715	5.81358	5.3502326	5.0311365	5.747041	6.9492307	5.399156	6.0459146	5.8206253	6.1751957	6.02187	6.4032135	5.102316	5.205009	6.884839	6.1469316	5.9145713	5.51195	5.390609	5.2145143	6.2305183	5.3234696	6.3971505	6.5834355	6.4086246	6.4055705	6.4770637	5.702524
KEAP1_8957	1.483266	2.3110406	2.4360592	3.0042105	1.6624343	2.5470278	3.24468	2.3107724	2.5840793	0.7915216	2.765496	2.581391	0.7077145	0.77186805	1.9352914	1.1302094	2.9343114	1.5853512	1.1573405	1.6252826	2.778033	2.482375	1.5499562	2.8167326	2.074421	1.275699	2.7702174	1.7753943	2.3926249	3.2264056	2.2317815	1.8408495	2.6569214	2.2424579	2.0267587	3.4683857	2.2764814	2.435626	1.2698381	2.2451668	1.70226	3.0402825	3.3739324	0.689121	2.8894746	2.6036353	2.0577211	2.2765746	2.1514747	1.5643196	2.9534101
KHK_8958	8.297687	7.7279086	8.194274	7.9323	8.210574	8.085278	8.133374	8.321476	7.602572	8.178441	7.895715	8.137471	8.057001	7.797279	8.061852	8.185335	7.902265	7.987371	8.059502	8.2579	8.103701	7.8724656	8.309274	8.057472	8.056859	8.087294	8.049498	7.8606315	7.901245	8.17094	8.037587	7.951873	8.356456	8.005121	8.521703	8.1791115	7.9488153	8.132985	8.160334	8.041104	8.138842	7.918172	7.910065	8.3601055	8.253535	8.036313	8.324142	8.688051	8.309092	8.286435	8.036942
KIT_8968	2.375796	3.07545	3.2961977	2.451389	1.2890483	2.853671	2.091197	2.9264696	1.9992051	1.6747757	1.1946218	1.9443585	2.0586884	1.6426728	3.3476372	2.6667733	1.7539579	3.2735412	3.1696014	0.76129264	2.9088483	2.3023815	0.7160639	2.5451083	2.279205	0.5594628	3.2341504	2.2125611	2.1835182	1.4809296	1.3096737	1.1960433	1.7112163	2.2424579	1.1570135	1.8143951	2.0718052	2.594546	0.7703406	1.6496927	1.4871172	1.488839	1.8782536	2.0220141	1.1146706	2.0168164	2.261813	2.0718946	2.7523265	1.5643196	1.2901436
KLHDC2_8970	4.5328355	4.30899	4.8178773	3.9713368	5.1557508	4.770701	3.8773775	4.5102134	4.553574	4.518974	4.041434	4.4831705	4.7528453	4.5631175	4.603037	5.219618	4.0988927	4.790639	4.4939694	5.1315656	4.2651753	3.8185487	4.9637804	4.5465183	3.5753076	4.653045	4.155379	4.306021	4.7663426	4.1471977	5.0675874	4.7220135	4.7831573	4.4806437	4.9022617	3.8918242	4.4690537	4.6403866	5.064406	4.5837555	4.7627525	3.7053368	4.1478653	5.237948	4.419234	4.5132446	5.1098113	5.3481746	5.6036453	5.01427	4.3754215
KLHL24_32733	4.4163337	2.6889215	3.831355	4.333043	2.4144073	3.2179284	3.340682	3.9565632	0.0	2.6126575	3.4149964	4.2329803	2.6006784	1.9373132	3.1321692	2.1911569	2.841842	2.5029805	3.6655471	1.6252826	2.6341627	4.414069	2.075009	3.415899	3.8569224	1.5335042	3.5846395	2.5476058	3.1364734	3.4790516	3.1911995	1.4443876	2.2602103	3.2525284	2.2295449	3.9517226	4.2436	3.200062	3.1313257	2.5384767	1.8894439	3.7704499	3.0634718	2.4022055	3.788687	1.823375	3.1029732	2.6151845	2.3267155	3.142335	4.1974163
KLHL9_8972	3.2296562	3.5111294	3.9731874	3.8488257	3.7302246	3.5936723	3.141831	3.9565632	3.2469792	3.580566	3.7272735	2.889376	3.104098	4.0500264	3.849662	2.914369	3.0212092	4.298234	4.3271203	3.326985	3.1395056	3.437199	2.6186037	3.9550858	4.3413115	3.513724	3.7323904	3.3344872	3.923187	3.9934368	4.046838	3.5019276	3.7957757	3.9935026	3.066902	3.294242	3.9762692	3.5496664	3.4435291	3.334152	2.4615827	3.4902585	3.2776825	3.3483052	4.0135446	3.6644573	3.6308496	3.4077816	4.4367547	4.113659	3.7055392
KLKB1_32603	8.551235	8.819298	8.828648	8.441698	8.67283	9.0320215	8.498523	8.779406	8.658938	8.997652	9.012734	8.805836	9.049126	8.681697	8.825387	9.064508	9.052811	8.734162	8.929691	8.953749	9.164646	8.729357	8.936904	8.824051	9.122248	8.8155775	8.710455	9.207203	8.942527	8.819562	9.274171	8.887356	9.219474	8.962777	9.140367	9.041874	9.054205	9.120649	9.262633	9.091623	8.86495	8.925944	8.800688	8.779415	8.810949	8.88961	9.359892	9.3687315	9.310731	9.225577	8.601401
KMO_8974	6.446237	6.008956	6.3424187	6.101815	6.6318235	5.6276917	6.3437805	6.7366	5.780319	6.12318	5.5470214	6.2300744	5.97854	5.8829684	5.7538285	6.188416	6.3264723	6.109099	6.38268	6.2622066	6.1950135	6.098276	6.624825	6.4702425	6.2869196	5.43166	6.173109	5.958581	6.048407	6.48172	6.4993787	5.7531576	6.386041	6.2308826	6.542978	6.233717	6.2229366	6.7812257	6.270765	5.780733	5.6478744	5.991632	6.1683593	6.32169	6.9054046	5.8799767	6.859764	7.5005345	7.257932	7.2075367	6.390198
KNG1L1_32433	5.3186493	6.3440967	4.779769	6.557953	4.7541404	7.3358693	6.538548	6.240467	4.5839467	5.439362	5.8507323	5.0150394	5.0012403	4.5192814	5.6762624	5.3088636	6.3264723	5.615281	5.2678723	4.354751	5.3473864	6.3964753	2.2798173	4.878458	6.136968	4.2480316	7.380302	6.130612	5.867652	6.538424	5.1298456	2.406994	6.1902523	6.4838533	4.7784185	6.5175333	6.3643055	6.373297	4.79782	4.2200017	5.3136296	5.369748	6.141264	5.454869	6.6943245	2.8265579	5.6896486	5.9514785	4.775837	6.1191134	6.3309855
KNG1L1_34113	8.786505	7.872132	8.826313	8.171528	7.953424	10.443665	8.73551	8.828423	7.5106983	7.9922132	8.373255	8.34129	8.63212	7.3613095	8.23752	7.9524374	8.446489	7.8647666	8.029243	7.94856	8.791298	8.476768	7.872201	8.835551	8.884126	8.023062	9.16041	7.9339457	8.242362	8.64335	8.460365	8.079007	8.4056635	8.418754	8.482552	8.862355	8.848974	8.58511	8.022266	8.665648	7.9010677	8.442417	8.490345	8.207096	8.599657	8.246306	8.685078	8.546857	7.6405034	9.435894	8.49174
KNG2_8975	11.000999	10.550059	10.840798	11.297288	10.834881	11.057854	11.220048	10.760562	10.098289	10.264879	11.136148	10.717547	10.717207	10.735226	10.435703	10.14875	10.545863	10.343768	10.914654	10.593679	11.286735	10.951624	10.329831	10.965998	10.75673	10.138921	10.852178	10.623302	10.0130625	11.1072645	10.5087185	10.467657	10.519604	11.086913	10.766528	10.846779	11.158724	10.659618	10.566129	10.298082	10.415832	10.669037	10.5395	10.337139	10.498016	10.468412	10.101527	10.468968	10.266561	10.6232815	11.160061
KPNA1_32317	2.8044732	2.3110406	2.4360592	2.0677924	1.6624343	2.3652024	2.7802737	2.7953992	0.0	2.7755125	2.8961248	2.581391	0.7077145	1.2719984	1.2703954	1.4768263	1.9438806	2.1159258	2.027206	0.76129264	2.2945795	3.0373778	0.7160639	2.38735	2.074421	1.9419785	3.0207527	0.0	2.1835182	2.6721666	2.4426951	0.5163865	1.3312725	1.6473541	0.0	2.98588	2.6150863	1.5310675	1.6401663	1.6496927	0.92724514	2.6825488	2.506785	2.7028143	2.5012665	1.823375	1.1797101	1.8332981	1.4443535	1.2047167	3.273985
KPNB1_32711	5.746234	5.6305075	5.902593	5.53396	5.397274	5.607356	5.5030246	5.412633	4.6994205	5.2021847	5.6244464	5.302209	5.0571885	4.646986	5.551485	5.491516	5.13622	5.3344693	5.908381	5.3439584	5.832576	5.6484346	5.4187	5.727719	5.797008	5.1909714	5.532412	5.1994333	5.0392876	5.8511004	5.616557	4.877955	5.5387664	5.598426	5.6317782	5.8645453	5.578341	6.148321	5.5505533	5.0237255	5.246685	5.431446	5.4969387	5.0102134	6.0628176	4.952388	5.9917026	6.172674	6.149827	6.0210595	5.7158117
KRT18_8977	4.978596	5.2535195	5.693029	6.0747385	4.935233	6.1476364	5.883769	5.917009	4.7538667	5.2856517	5.715727	5.4967923	4.882382	4.9072104	5.237227	4.825013	4.834144	5.426834	5.1726503	5.0430994	5.32413	5.874792	4.593174	5.660333	5.7802434	4.4800982	6.320519	5.0225058	5.0392876	6.134694	5.4798193	4.979849	5.0374327	5.598426	5.096293	5.533195	5.8903265	5.230354	5.094515	4.7361727	4.6890273	5.390609	4.95923	5.1158886	5.846107	5.044063	5.187006	5.074023	5.0249915	5.461475	5.9247727
KRT8_8978	6.1865077	5.3442636	6.0379024	6.5183067	5.4928746	6.22975	6.75437	6.771894	4.9989734	5.83994	6.551471	5.874932	5.308379	5.4645452	5.791102	5.5475993	5.13622	5.235784	5.37869	4.9809566	6.6985087	6.4623003	4.704046	6.4504323	6.188703	5.246035	7.374689	5.2690854	5.599045	6.8234167	5.5498075	5.164296	5.441446	5.8591413	5.196475	6.12084	6.6112394	5.73579	4.869225	6.105824	5.2805457	6.569017	6.380178	5.165958	6.3677535	5.2697215	5.374692	5.842908	5.569188	6.0497613	6.675063
KYNU_8979	5.713692	5.176577	5.4718666	5.90065	5.268111	5.3379383	5.883769	5.0879884	4.9989734	5.0191975	5.108945	5.221896	5.5022364	5.4874773	5.153837	4.698608	4.354535	5.235784	4.678589	4.7766476	4.572019	5.333679	5.3292794	5.1725183	4.871027	4.510401	5.291572	4.9953613	5.371058	5.478582	4.534984	4.649651	5.0037384	5.5663204	5.0701213	5.128505	5.3927565	5.515066	4.3756533	4.55124	4.3494563	4.3413258	4.79509	4.60095	5.4248013	4.8544893	5.1617303	5.229972	5.6701846	5.279571	5.3402414
LAMA3_8980	3.9968476	2.6889215	2.4360592	3.6430259	1.6624343	2.5470278	2.6363633	3.3566325	2.1691005	2.6126575	3.4149964	3.3587008	1.1804214	1.9373132	3.1321692	3.023864	2.3981004	2.9391065	1.5087776	0.76129264	3.5130224	3.8185487	2.075009	1.773262	3.4953897	1.275699	2.0821931	1.4944088	2.7372885	2.8013556	2.9363732	2.004529	2.472159	2.5356345	1.1570135	3.6955848	2.7586064	2.257008	2.8779507	1.6496927	2.3383918	3.2374017	3.174549	2.0220141	3.522194	2.0168164	3.3909214	1.8332981	2.7523265	2.6368403	3.410996
LAMC1_8981	6.278379	6.494323	6.6370025	6.1544905	5.5825324	6.4398417	6.3321486	6.4180503	5.4083557	6.4348817	6.372288	6.008604	5.759956	5.3187275	6.1903405	5.903299	5.856683	5.44903	5.816872	4.7766476	6.1950135	6.255067	5.5232043	6.292493	6.188703	5.383357	6.536984	5.0753083	6.048407	6.3922524	5.2184687	5.164296	5.776807	6.2910557	5.3348007	6.6945	6.6393337	6.211009	5.46094	5.6486483	5.5261335	6.341522	6.2593746	5.7782736	6.6861835	5.7362013	6.2170005	6.341801	6.680368	6.2361183	6.3566604
LAMP1_33255	7.3506866	6.6012273	7.1364903	6.9494176	6.890677	6.8038297	7.0238786	7.480642	6.2843556	7.1354704	6.9626584	7.199615	6.4448857	6.3005395	6.641826	6.905574	6.7833257	6.6587887	6.747316	6.5672135	7.0849233	6.5756927	6.661925	6.9927015	6.9654803	6.1899333	7.2016296	6.6047654	6.4962306	7.414263	6.463564	6.52729	6.995558	6.5009394	6.7384434	7.390249	6.9546423	6.9742966	6.84063	6.570727	6.488831	7.1489053	7.1717467	6.5272083	7.4769425	6.7432675	7.118101	7.579998	7.3822265	7.0741873	7.321997
LAP3_8984	9.243621	9.353813	9.583366	9.144819	9.898666	9.283425	9.22501	9.433834	9.7654705	9.552482	9.115201	9.27251	9.7770405	9.572777	9.275141	9.643756	9.2456	9.601114	9.782635	9.601083	9.505585	9.473412	9.6226015	9.2174425	9.125569	9.663668	9.137393	9.6678505	9.520262	9.419273	9.75844	9.75542	9.87467	9.383632	9.9803915	9.099279	9.285129	9.712352	9.575778	9.409908	9.324553	8.954245	8.998601	9.707667	9.155641	9.355499	9.70645	9.913245	9.705175	9.434535	9.036842
LBR_8986	3.697336	3.8941805	4.2766256	3.8488257	3.9482906	4.6565795	3.141831	3.8938673	3.642881	4.1546707	3.9838378	3.7885811	3.4765677	3.013425	4.221371	3.5484548	3.254318	4.143508	4.2358537	2.552146	3.9976015	4.50016	3.980205	4.754689	4.0370674	3.100898	3.8009534	3.840789	4.279584	3.9383125	4.2285304	3.8421152	3.5377576	3.9443858	3.3539796	3.548161	3.5721645	4.1707234	3.534197	3.6114979	3.2578542	3.7704499	3.4641607	3.9722536	3.7265353	4.3066416	4.646217	2.455791	4.5470986	4.268201	3.8083558
LCK_32705	2.5332706	2.7956865	3.400333	2.0677924	2.4144073	2.3652024	1.851524	2.1047523	1.3212922	1.9721766	1.8390311	1.9443585	2.99374	2.7354863	3.0110276	2.1911569	2.1116846	3.3697603	3.3545144	2.552146	1.8496284	1.5686922	2.2798173	2.8167326	2.4585013	2.2599542	3.1313937	2.0104735	2.1835182	1.9947519	2.4426951	2.1515164	2.472159	2.2424579	2.9569383	1.1754036	2.0718052	3.2957203	0.7703406	1.6496927	2.4615827	2.2057867	2.1194797	2.7028143	2.5012665	2.6036353	3.555222	4.089322	3.6410902	3.3411944	2.1285868
LCN2_32481	1.9974787	4.379347	5.5188947	2.6106799	3.9482906	3.8226066	2.6363633	2.6512198	3.3913584	3.965136	3.1264923	3.0217755	3.9002123	2.8811386	2.8787735	2.7958763	3.324341	3.0594068	2.708643	4.1440635	4.9817553	1.2084577	4.5142236	2.8167326	3.65103	2.5203478	5.7561126	2.93812	2.3926249	2.6721666	3.1911995	3.1287267	3.7957757	4.514691	2.837896	1.8143951	3.7198045	4.010777	2.570392	2.7821121	2.8701653	4.781215	2.1194797	2.0220141	3.1002145	2.4777672	4.6822133	4.089322	3.1752434	4.268201	4.234818
LCP1_8988	3.2296562	3.3096738	4.7003927	3.8488257	3.4732254	4.138241	2.4764907	3.446748	2.6995428	3.6661186	2.621851	2.581391	3.5563867	3.3501055	4.047455	3.6199527	3.180722	3.9074347	3.9212723	2.8589911	3.5130224	2.3023815	3.7236884	4.010254	3.8569224	3.178435	3.504673	3.573486	4.170284	3.2264056	3.5048723	3.0559347	3.335922	3.6083453	3.3539796	1.8143951	3.4076753	4.0660863	4.0465603	3.1725283	2.4615827	2.6825488	1.2253668	3.7926803	2.9986892	3.4797902	3.7027097	3.49237	3.1752434	3.142335	2.65541
LGALS1_33266	1.7631619	2.4482956	4.5724864	2.6106799	3.1603029	2.853671	2.091197	2.7953992	3.642881	3.176305	2.8961248	2.3986237	3.2066107	3.7797458	4.047455	3.2206914	3.0212092	3.6250265	4.4129558	3.111882	3.5130224	2.786402	3.321599	3.4953887	3.011828	2.9320772	3.3300724	3.2451313	4.112363	3.0294778	3.1911995	2.1515164	2.6569214	3.1694758	3.5178556	2.736285	2.455695	3.6971037	3.0101936	3.334152	2.956486	1.769281	1.8782536	2.951459	2.5012665	2.719398	5.396525	4.8991494	3.8275614	4.362736	3.5361161
LGALS3_8989	0.6768118	2.159341	3.400333	3.4874642	2.204507	5.478927	0.7243909	2.3107724	0.9994701	2.7755125	3.0159018	1.2775879	2.4416173	1.9373132	2.8787735	2.7958763	2.2619886	3.0594068	1.1573405	1.6252826	4.721904	2.0966876	1.8362379	1.773262	5.257627	1.5335042	2.2872965	1.7753943	2.7372885	1.4809296	4.787609	4.599311	2.2602103	2.3964808	2.2295449	3.294242	1.1900772	2.987318	5.094515	1.0488179	0.53686917	1.769281	1.8782536	1.153547	1.735917	2.4777672	5.0282516	2.7587066	2.9792266	0.72461534	2.4159133
LGALS3BP_8990	5.5389676	6.2994328	6.1467075	5.342922	5.5825324	6.7767687	5.6968794	5.750066	4.881619	5.8762965	4.9068465	5.784626	5.084369	5.2126255	5.9478507	5.433164	5.57008	5.615281	6.2254972	5.0123625	6.431011	5.4464016	5.7640386	6.102475	5.9547386	4.990584	5.5121055	5.4598856	5.556239	6.519769	5.5268536	4.649651	5.4663982	5.80514	5.3348007	5.179499	5.8427925	6.596336	5.752894	5.601789	4.5007634	4.3835616	4.79509	5.841261	5.04658	5.379389	6.3460236	6.1598	6.4345717	6.1722903	5.390823
LGALS8_8992	5.5202723	5.361747	5.564438	5.915987	5.2130246	5.5867295	5.7149057	6.0233445	4.2843966	5.230547	5.4652047	5.8214293	4.0729947	4.68716	5.6562014	4.1411605	4.512859	5.28597	5.044041	4.494753	5.2018695	6.303759	4.871772	5.6944194	5.581701	4.6256223	5.4915085	5.126247	4.942882	5.97952	5.4798193	4.493033	4.5694714	5.749038	4.370112	5.8008323	5.4573073	5.050063	4.5157533	4.13479	3.115025	5.167044	5.3149257	4.564081	5.642388	3.7211092	4.881152	5.1279006	4.8057427	4.9241333	6.3818865
LGMN_8994	4.978596	5.6305075	6.3424187	5.3654413	4.547009	6.1476364	5.1257567	5.677475	4.391308	5.1135902	5.025772	5.8573174	5.0294857	4.427398	5.791102	5.372352	5.746225	5.850239	5.441312	5.0123625	5.6760535	5.4891353	4.593174	6.1523767	6.110388	4.055957	5.5916724	5.9444575	5.070042	5.726485	5.503528	4.91958	5.7567186	5.5824623	4.9604125	5.2043357	5.597562	5.2543645	4.760747	5.752408	4.94271	4.9869895	4.397271	5.037367	4.968176	5.529685	5.283899	5.205123	5.0249915	5.802365	5.805548
LHPP_8998	2.9230795	1.7976378	2.2253819	1.8294263	2.597612	1.6211139	2.2966683	1.2144328	2.5840793	1.6747757	1.8390311	1.2775879	1.5358759	0.77186805	1.2703954	2.6667733	2.841842	2.9391065	2.5660443	2.3701787	2.6341627	2.0966876	2.4591324	2.6873035	1.5494484	2.5203478	2.6264875	2.0104735	2.7372885	2.5302608	1.9846656	1.4443876	2.472159	2.2424579	3.066902	2.5931726	2.0718052	2.987318	1.9345882	2.5384767	3.115025	2.6825488	2.9431233	2.4022055	2.1687598	2.4777672	3.2054758	2.8892338	2.6239195	2.297121	1.769436
LIG4_32329	3.7624195	2.6889215	2.6198554	3.3130789	1.6624343	2.157111	3.0310833	3.3566325	1.8065978	2.4290519	3.1264923	3.0217755	2.99374	1.2719984	2.5711837	2.3676975	2.5224707	3.0594068	2.838406	2.1619017	2.9088483	3.8840604	1.8362379	3.4953887	2.4585013	1.5335042	3.504673	2.0104735	2.3926249	3.1312993	1.6862907	2.004529	2.472159	2.887088	2.2295449	3.4683857	4.0338454	2.987318	1.2698381	0.0	1.8894439	3.4902585	3.0634718	1.5043167	3.2840576	2.6036353	3.1029732	2.6151845	2.4829574	3.031582	3.1225834
LIN9_9003	1.9974787	1.7976378	2.4360592	3.0042105	1.9587818	1.9138626	2.091197	2.4910152	1.3212922	1.6747757	2.282898	2.1892972	2.0586884	1.6426728	2.3886938	1.4768263	1.7539579	1.5853512	2.027206	1.2570211	2.6341627	1.2084577	2.2798173	2.2101986	2.7615314	0.96157944	2.0821931	1.4944088	1.6441145	1.7605959	1.9846656	1.6561947	1.3312725	1.3782007	1.1570135	1.8143951	2.455695	2.594546	2.570392	2.072621	1.4871172	2.3827975	2.1194797	2.4022055	2.3445714	1.823375	2.4405787	1.8332981	2.6239195	2.0916321	3.2002692
LIPA_9004	6.8117304	5.997817	6.571593	6.6707454	5.0961084	5.7440305	6.9798307	7.211745	4.45842	5.946371	7.1769867	6.5035553	4.851072	4.646986	6.1478705	4.884291	5.44992	5.8164897	5.8325324	4.1440635	6.452619	6.956812	5.022013	6.70571	6.7326155	4.4175134	6.586381	5.0491486	5.419629	6.6879463	5.406262	4.005659	4.014574	5.818831	3.9781444	6.292809	6.5825872	5.769504	4.6434445	4.178025	4.2504177	6.657738	6.0996428	4.636899	6.7885923	4.7764435	4.6822133	5.370696	5.3833585	5.584275	6.8174596
LIPC_9005	8.603236	8.262547	8.876829	8.168329	8.610251	8.461713	8.715504	8.92565	8.275068	8.557203	8.48386	8.619867	8.234309	8.432719	8.507617	8.664704	8.2080145	8.4504175	8.527114	8.395273	8.373811	8.265623	8.443171	8.637346	8.351698	8.061943	8.387159	8.267513	8.374513	8.581731	8.519701	8.141907	8.659358	8.564027	8.608367	8.197783	8.828784	8.71407	8.564282	8.6310625	8.456509	8.270199	8.146439	8.633572	8.253535	8.722765	9.09201	9.1106	9.027942	8.79236	8.572476
LMO4_32889	6.244609	5.176577	5.848391	6.381372	5.033894	6.0455284	5.8351526	5.343936	4.6994205	5.082807	6.0741563	5.8214293	4.786336	4.9072104	5.414885	5.074458	4.9714136	5.0155153	5.37869	4.622362	5.58115	5.858587	4.9637804	5.727719	5.998881	4.4175134	5.9037127	4.820807	5.5778008	6.1947274	4.580281	4.877955	5.0037384	5.4479666	5.096293	5.848879	5.826593	5.2779818	4.8339643	5.2018666	4.5571055	5.688898	5.9358535	4.7723575	6.251187	4.8289404	5.283899	5.890442	5.4792633	5.373388	6.195273
LOC100134871_32288	9.337382	10.462627	11.199912	10.149233	11.026785	10.624662	10.067733	10.484236	9.956769	10.775581	10.513002	10.138189	11.272088	10.885227	12.015303	10.766654	10.233078	11.151388	10.947386	10.937829	11.366803	9.707438	10.512304	11.080782	10.455878	10.575003	9.853967	10.288664	11.035437	10.1887455	10.927165	9.884518	9.74174	10.631218	10.267721	10.734035	10.3633175	11.001236	10.519034	10.675764	10.77589	9.7119665	10.517938	10.037679	10.03605	11.1302395	11.026686	11.411217	10.919616	10.693741	10.262388
LOC100360552_9018	3.4823647	3.9414568	4.432127	4.0289	2.7601511	3.7502577	3.4306927	4.705393	3.458468	3.4896183	4.5968914	3.4555352	2.6006784	3.4468794	2.7331607	2.914369	2.9343114	3.1704433	2.838406	2.552146	3.8749332	4.1198797	3.4960926	3.9550858	3.5753076	2.8396301	4.2564993	3.3344872	3.2482674	3.6258323	2.7898166	3.4460533	2.472159	3.5438585	3.066902	4.358093	4.1939507	3.2957203	3.2430704	3.4086447	2.8701653	4.109333	3.174549	3.1634846	4.885265	3.3420844	3.8365083	3.2220936	4.0437536	3.812416	3.5948293
LOC100361830_9029	3.6291769	2.4482956	3.0622413	2.884577	1.6624343	3.5085077	3.141831	3.531564	1.3212922	2.2186248	3.0159018	3.0217755	2.7439313	0.77186805	2.7331607	2.7958763	2.5224707	2.3223944	2.838406	1.9183995	2.4743395	2.3023815	1.1924393	3.3317733	3.122376	1.7521499	3.2341504	2.0104735	0.77274704	3.2264056	1.6862907	1.8408495	1.7112163	3.2525284	2.837896	3.1985953	3.2219887	2.053109	1.9345882	1.3803144	1.2341714	3.0402825	2.8118143	2.5603254	3.1002145	2.1873605	2.992627	2.2765746	1.1027291	1.2047167	3.2002692
LOC100362324_9030	4.4163337	3.7422786	4.2766256	3.9713368	3.8792007	3.9572527	3.8773775	4.2347074	3.5839908	3.8233604	4.251255	3.6316473	4.0176687	3.9870539	4.7236123	4.280068	4.1766696	4.1969485	3.3545144	4.4495783	4.2651753	3.602016	4.0377917	4.010254	3.4107835	4.1358805	4.30452	4.01308	3.9890406	4.286138	4.389879	4.2858334	4.6148157	4.445774	4.570107	4.0645385	4.1939507	3.6971037	4.1068897	3.4794793	3.617124	3.2374017	3.629271	3.4325337	3.8482714	2.8265579	5.0831337	5.018054	5.441663	4.8279877	4.5926595
LOC100362453_9031	8.411121	7.847523	8.526048	8.404123	7.2670565	8.500825	7.9361897	8.30651	6.8318396	8.192927	8.489044	7.991699	7.099518	6.9553757	8.196436	7.3617196	7.4719863	7.8143616	7.912527	7.199199	8.255862	8.127051	7.376537	8.309192	8.334576	7.0774875	8.265057	7.1139836	7.6848345	8.3870535	7.50906	7.3509283	7.337372	8.229277	7.7106485	8.270146	8.395715	8.0462475	7.3638372	7.4441957	7.402211	8.201028	7.972887	7.6305285	8.333897	7.427389	7.5173154	7.5258403	7.563824	7.3756685	8.440637
LOC100909675_9046	2.1990027	3.9414568	3.400333	2.884577	2.4144073	2.9855762	3.5154157	2.6512198	1.5842559	3.0546732	3.0159018	3.1430392	2.4416173	2.8811386	3.6203768	2.914369	2.3981004	3.7009778	3.1696014	2.1619017	3.8749332	3.437199	2.4591324	3.8379865	3.011828	3.252017	3.3300724	3.2451313	3.0152833	3.0294778	3.0694053	2.406994	3.628988	3.1694758	2.0267587	3.1985953	3.4922628	3.097608	3.1313257	1.8765994	2.3383918	2.5404441	2.6673462	2.5603254	2.5012665	2.4777672	3.555222	3.2220936	3.7680426	3.8779073	3.7055392
LOC100909929_32704	8.51864	7.544871	8.254563	8.582913	7.6814423	7.5587516	8.315706	8.014002	7.373986	7.652962	7.9717536	7.472628	8.0117035	7.7073517	7.785348	7.8483644	7.5137944	7.6372046	7.6899047	7.5435524	7.796664	7.723833	7.8602796	7.9201827	7.721432	7.127221	7.901226	7.6197267	7.6848345	7.955344	7.6955776	7.552898	7.62464	7.710533	7.8440547	8.267202	8.007475	7.890261	7.5600185	8.280594	8.053284	8.739325	8.349481	7.7461314	8.42477	8.282049	8.177376	7.9785604	7.9526553	7.820809	8.326172
LOC100910195_9055	5.462688	4.9640923	5.0911546	5.0687976	5.445866	5.0672064	4.267662	4.8772855	4.881619	4.809582	4.9675345	4.388235	4.366648	4.474071	5.0031567	4.323549	5.0967493	4.605421	5.044041	4.581067	5.414987	4.7313266	5.7295046	4.936576	5.37393	5.7179646	5.3838687	4.549402	5.1585584	4.7693586	5.5268536	4.54715	5.5850706	5.279969	4.1378617	5.1542273	4.6270533	5.5734925	5.2893295	4.7361727	4.144076	5.0141287	4.1478653	4.487392	5.0965776	4.269137	6.241334	5.810325	4.6162353	5.395919	4.7559257
LOC100910229_32519	4.0499516	4.1164427	4.5272	2.6106799	4.1376824	4.2990336	5.070825	3.7596574	3.753906	3.288475	3.2292056	3.2548962	2.6006784	3.013425	4.1077867	4.5600543	4.571624	4.6823845	3.9212723	4.0259314	3.6688373	1.2084577	5.233948	3.8379865	3.4107835	3.5723524	4.206825	3.2451313	3.2482674	3.8213115	3.0694053	2.406994	5.224576	3.5438585	5.3348007	2.8664734	4.5102053	4.779257	5.094515	4.6771235	2.7783492	4.2066507	4.034631	2.951459	4.2962584	3.5440083	2.0577211	3.49237	3.5731628	2.297121	3.474912
LOC100910669_9062	3.2296562	5.379021	6.5262785	3.0042105	5.945656	4.1938534	2.911122	5.9787283	4.4908404	3.580566	4.8434935	3.1430392	4.786336	6.220675	3.6203768	3.309873	3.324341	3.6250265	6.911146	5.613402	7.07102	2.6423824	5.99964	5.997174	6.605148	5.33338	5.1672235	6.412955	5.371058	6.5840325	6.4391837	6.090376	5.5387664	3.6083453	2.9569383	2.5931726	3.7883198	3.6971037	6.1179075	2.7821121	2.2036915	4.297816	4.79509	5.712411	3.4470994	6.325878	3.6308496	4.929807	5.7023377	6.5084205	3.651246
LOC100910792_33137	2.675235	2.3110406	3.1839569	1.8294263	2.204507	2.3652024	1.5639434	2.7953992	2.3210802	3.288475	3.1264923	2.7435865	2.2628205	1.6426728	2.5711837	2.3676975	2.1116846	3.0594068	2.2300112	2.713711	2.778033	1.5686922	2.4591324	3.6423242	3.122376	2.9320772	2.7702174	2.8193185	2.8829715	1.4809296	1.3096737	2.004529	2.967741	2.3964808	2.2295449	2.4342844	2.455695	2.987318	3.0101936	2.2451668	1.4871172	1.769281	1.8782536	1.153547	2.1687598	2.0168164	2.4405787	2.6151845	2.3267155	3.4312084	2.5406258
LOC100910973_9069	5.1094346	6.1664753	7.0510807	4.924599	6.499964	6.602792	5.1257567	5.390095	6.010184	5.414854	5.378467	5.0150394	6.658896	6.5819874	7.1376615	6.1526985	6.2018	6.7949934	6.7960534	6.0210533	6.245403	4.9611974	6.8822803	6.592775	6.333629	6.14235	5.267545	6.622615	7.029664	5.572084	6.2835593	5.4321604	6.144603	6.3582253	6.224912	4.873696	4.80295	6.704869	6.4327316	6.578815	5.4537797	4.9311295	4.5697665	6.253857	4.3384256	6.576731	7.169728	6.8383875	6.424969	6.98783	5.4072967
LOC100910978_33295	0.6768118	2.6889215	2.7828603	0.7123662	3.1603029	2.5470278	2.4764907	1.8643311	3.1689827	2.9218345	3.7272735	2.7435865	2.4416173	3.537568	3.535067	4.1411605	3.685282	3.3697603	3.5183966	3.326985	3.3383183	3.1481903	2.2798173	3.1471999	1.8356827	2.2599542	3.0207527	2.6898494	2.5752249	1.4809296	3.5048723	3.1287267	2.011671	2.6625395	3.066902	2.2557068	1.5471903	3.2957203	3.7000437	2.7821121	2.0551069	2.0039802	1.588432	2.7028143	1.9685107	2.8265579	4.320462	5.018054	5.3431377	4.6519713	3.474912
LOC100911177_9074	2.9230795	3.07545	3.2961977	3.9713368	3.4732254	3.6740885	3.141831	3.6116695	2.9990726	3.580566	2.077968	3.3587008	2.6006784	3.2463703	3.3476372	3.4732275	3.574707	2.663456	3.067424	3.2234385	3.7408574	3.437199	3.5760143	3.9550858	2.7615314	2.9320772	3.1313937	3.4186301	3.539506	4.1471977	3.1911995	3.1287267	3.335922	3.6083453	3.9207184	3.1985953	3.6478724	3.8308609	4.3756533	3.546998	3.324294	3.410797	3.0634718	3.3483052	4.0135446	3.927788	4.609299	4.291709	3.6410902	4.1670337	3.651246
LOC100911481_33186	3.0326717	3.07545	0.0	2.6106799	0.0	2.9855762	3.4306927	2.6512198	1.3212922	3.4896183	2.077968	0.0	0.7077145	0.0	3.7772083	2.7958763	2.9343114	2.8078547	3.2650185	0.0	2.6341627	0.0	2.075009	2.8167326	2.074421	2.5203478	0.0	0.6833182	2.7372885	2.8013556	2.6266706	1.6561947	3.4403665	2.887088	0.0	2.5931726	2.0718052	0.0	2.7323515	0.0	0.0	3.2374017	0.0	1.7862632	0.0	2.0168164	0.70722115	3.6479805	0.6542548	2.911615	0.0
LOC100911750_32851	4.3330874	3.7422786	4.039196	4.4216714	4.077273	4.2990336	4.267662	4.8445063	3.0865276	4.4722323	4.3457317	3.9301062	3.63202	1.9373132	3.4443936	3.688074	3.574707	3.3697603	2.708643	3.7559724	3.4283133	4.50016	3.2257414	3.2424362	4.0370674	3.0189555	3.9890227	3.573486	3.62484	4.286138	3.9808064	3.2641406	3.7957757	3.7292666	3.8609118	4.2187696	3.9162993	3.6971037	3.2430704	3.546998	3.3878083	3.8924718	4.0923586	3.2588525	4.2962584	2.3398588	4.1250777	4.469166	4.4367547	3.4312084	4.271274
LOC100912041_9098	5.1342363	5.2346654	5.495572	4.954615	3.8792007	5.096683	4.892242	4.4677963	3.3913584	5.1732535	5.333061	5.0150394	3.837692	4.1103654	5.5730453	3.9323316	3.9295027	4.6823845	4.454031	2.8589911	4.8249087	4.9912386	3.2257414	4.5465183	5.37393	3.5723524	5.1410136	4.01308	3.854183	4.5293536	3.9808064	3.706012	4.014574	5.319029	4.1378617	4.99253	5.2542853	4.994124	4.1647973	3.732442	3.7194197	5.390609	5.4535427	4.364126	4.7355237	4.343196	4.7516193	4.1940618	4.358206	4.6519713	4.992671
LOC100912163_9101	5.1094346	4.478839	5.0911546	5.2247305	5.184672	4.9428797	5.0137186	5.195874	4.0433984	4.4722323	4.810742	4.2866096	4.683437	4.68716	4.603037	4.1889644	3.9295027	4.605421	4.3271203	3.5141387	4.921047	4.7313266	4.1464963	5.1725183	4.47233	4.8074613	4.67707	3.840789	3.7054071	4.602095	5.00252	3.6075757	4.318538	4.643371	4.4534655	4.9637265	4.6270533	4.6403866	4.4238806	3.7893128	2.4615827	3.8924718	4.686823	3.9722536	4.7355237	3.7756202	4.6822133	5.205123	5.099319	4.8279877	5.0774655
LOC100912222_9102	2.9230795	3.07545	4.102316	3.2172866	3.4732254	3.8226066	2.911122	3.6116695	3.458468	4.26847	3.9238462	3.1430392	3.3920732	4.1103654	4.274977	3.393861	3.391122	4.0880117	3.5938473	2.713711	3.9976015	3.3471458	2.4591324	3.2424362	4.386319	2.9320772	3.5846395	3.573486	3.1364734	4.1950135	3.7623768	2.8983095	2.6569214	3.331059	3.5933034	3.1985953	3.5721645	3.6252677	4.470548	2.5384767	2.7783492	3.4902585	3.5490766	3.512115	2.8894746	2.719398	2.7428484	2.6151845	2.6239195	3.031582	1.9601587
LOC100912409_9106	7.4077444	5.6160107	6.2617702	6.9039903	5.5383997	5.76254	6.957292	6.8890367	4.522548	6.5961566	6.9774895	6.733363	4.7185583	4.0500264	5.6960483	4.7631946	5.6675897	5.4708896	5.59612	4.9488516	6.0179176	6.743936	4.8397503	6.70571	6.333629	3.834324	6.785632	5.126247	5.556239	7.074134	4.787609	4.4078493	4.9692383	6.25122	4.4123907	7.142919	6.998684	6.0693126	4.0465603	4.044227	3.9045265	6.966422	6.6441884	4.7396665	6.6614814	4.4808006	4.9117966	4.2437115	4.6162353	5.0431056	6.963858
LOC102549061_32836	4.5328355	5.2535195	6.4187965	4.333043	5.604102	5.8688707	5.204421	5.1696496	5.5381217	5.230547	5.135637	5.5193686	6.1426916	6.247791	6.0741844	5.736384	5.540965	5.426834	6.0490713	5.7313366	6.115968	4.6203685	5.9099617	6.0242286	5.233197	5.53845	4.0466323	5.6632867	6.605238	4.6713443	5.4798193	4.9399505	5.6734457	5.690666	5.667129	5.276378	5.205009	5.769504	4.869225	5.2431655	5.6084247	4.058097	4.1478653	6.0688534	4.208036	5.3437514	6.6394405	6.2353773	6.2402067	5.6606936	5.2334256
LOC102549726_32764	4.5696683	5.176577	5.0911546	4.505169	5.0653367	4.532649	5.1524577	4.551419	3.9059012	4.608145	3.9238462	4.338317	4.22728	4.9072104	4.904565	4.323549	4.7602787	4.4379616	4.1879597	3.9630284	4.791384	3.7499197	4.593174	4.848497	4.9023523	4.0964723	4.602197	4.939491	5.214689	4.9192286	5.274664	3.798159	5.629935	4.4806437	5.2672954	4.99253	4.959713	4.268282	5.340479	4.55124	3.7679703	4.716597	4.723822	5.0102134	5.36486	4.721964	5.3300095	5.4147105	4.5470986	4.7601357	5.0143414
LOC102551815_32699	4.8939905	4.3445973	4.480447	4.8626266	4.305072	4.910049	4.8274393	4.551419	2.9990726	4.6507454	4.9375095	4.8819904	3.7038848	3.4468794	4.4714575	4.091718	3.8367145	4.24848	4.454031	3.326985	4.857672	4.6952806	3.65174	4.754689	4.4299655	3.4526122	4.482056	3.4186301	4.112363	4.6713443	3.7623768	2.9792736	3.7957757	4.643371	4.086562	4.9043345	5.1277866	4.0660863	3.534197	3.7893128	3.5070176	5.2378244	4.4860954	3.7274868	4.2962584	3.9751415	4.320462	3.7884288	4.5470986	3.940554	4.9706697
LOC102553917_33088	10.111944	8.332933	10.292205	7.3837667	7.8933716	8.619807	9.582493	8.845089	8.275068	10.027896	9.439624	9.824761	9.073069	9.048451	9.993295	8.863758	7.532405	8.371268	8.858813	9.544471	9.572491	8.672552	9.353097	7.823385	9.184094	9.483501	8.333199	8.500141	8.983492	9.168435	7.860719	9.064789	8.796045	9.955145	7.969706	9.692171	9.226146	9.138499	8.981727	7.820112	7.6129017	8.4222975	8.989135	8.53937	7.6375484	7.0501146	9.538651	7.856212	9.083931	9.986227	9.503208
LOC259245_33313	16.30724	16.836216	16.032164	15.816539	16.866589	17.220392	16.056683	15.66826	16.92702	16.739626	16.095922	16.32292	16.610456	17.18316	16.690205	17.013668	16.32059	17.206215	16.762255	17.184189	15.931014	16.140976	16.738615	16.221249	16.170103	16.97259	16.163511	17.178389	17.266361	16.321413	16.748837	16.89372	16.967178	16.445974	17.094616	16.036997	15.518062	16.614134	17.11363	16.882593	16.993372	16.348091	16.470634	17.31064	16.526028	16.956287	16.866724	16.995329	16.912092	16.364006	16.159878
LOC287167_9118	6.8793087	7.1362214	7.786894	6.9862103	8.192889	7.057233	6.887483	7.070068	6.2373586	7.5385184	7.1179733	6.826832	7.8349395	7.342566	8.643742	8.033229	6.9967155	7.656409	6.947557	7.384629	8.307173	6.7172227	7.198608	8.255977	6.4227424	7.4655685	6.5268984	6.961034	7.6547155	6.9402537	6.522771	6.493234	6.8227572	7.4274387	7.1972113	7.747893	6.8937473	7.702308	7.628501	7.0610785	7.277805	6.674846	6.978618	7.129204	6.919363	7.5020347	7.780698	8.452356	7.528391	7.7613134	7.259855
LOC299282_9119	1.7631619	1.3137702	3.0622413	4.3780375	3.038847	4.1938534	1.851524	5.195874	1.5842559	0.0	3.7272735	4.1772795	1.5358759	0.77186805	4.326662	0.6730612	4.655514	3.5448534	0.0	0.76129264	1.5622083	2.0966876	2.6186037	1.1434783	3.8569224	3.5723524	3.3300724	1.4944088	3.0152833	1.9947519	2.6266706	3.3273613	4.204518	1.3782007	2.2295449	5.533195	4.700005	2.594546	0.0	3.1725283	1.8894439	2.5404441	0.7390483	1.153547	4.208036	3.1072266	1.8199238	0.0	2.4829574	0.72461534	3.9043298
LOC500183_9125	4.5328355	4.3445973	2.4360592	4.3780375	4.501759	3.5085077	1.851524	2.9264696	4.391308	2.4290519	3.1264923	3.4555352	4.3216715	3.013425	3.243922	3.5484548	4.058373	5.073815	4.570675	3.2234385	2.9088483	3.602016	3.321599	4.4299645	3.4953897	4.055957	4.5632515	4.5115843	5.0078626	3.4790516	4.580281	3.5019276	5.281925	2.3964808	2.2295449	3.8293307	3.3178172	2.594546	3.7000437	3.9475968	3.2578542	3.1422062	4.1478653	3.3483052	4.0135446	4.693933	5.3300095	4.550328	4.745298	5.350499	4.234818
LOC501110_33182	3.5576375	4.413279	4.5272	3.5673409	3.9482906	4.2990336	3.8773775	4.1832037	3.2469792	4.26847	3.65531	2.3986237	4.366648	3.9212065	4.8348827	4.406767	4.138305	3.77313	4.3271203	3.5993342	3.5130224	3.602016	4.0377917	4.3031607	4.2948537	4.1358805	2.9009168	3.6450963	4.279584	3.9934368	4.968852	4.005659	4.318538	3.6700726	4.493403	3.548161	4.1939507	3.9532623	4.5157533	4.84748	3.9045265	4.3835616	4.034631	4.406396	3.9054923	4.8544893	5.1360044	5.101213	4.1869826	3.940554	4.1590195
LOC606294_9128	3.0326717	2.4482956	3.6740434	2.6106799	2.7601511	3.3214288	2.7802737	3.2605107	0.9994701	2.9218345	2.282898	3.5462768	1.5358759	2.7354863	2.7331607	1.7560883	2.841842	3.2735412	2.838406	1.6252826	3.0287817	3.1481903	2.075009	2.6873035	2.617958	1.9419785	3.0207527	2.6898494	1.9388802	2.372859	2.2317815	2.1515164	2.2602103	2.887088	2.0267587	3.0961545	1.8332136	2.435626	2.3879235	1.8765994	2.5750768	2.2057867	3.2776825	1.7862632	2.1687598	1.823375	2.4405787	3.2220936	2.4829574	3.031582	3.7055392
LOC679346_9130	3.8246934	3.987233	3.9040134	4.4216714	2.204507	2.853671	3.8773775	4.016648	1.9992051	3.176305	3.9238462	3.7885811	2.4416173	2.7354863	3.4443936	2.7958763	3.0212092	3.77313	3.1696014	2.1619017	2.778033	3.3471458	2.4591324	3.8379865	3.4953897	2.3960178	3.2341504	2.6898494	1.9388802	3.6939778	1.9846656	2.6239645	3.5377576	3.7292666	2.9569383	3.8293307	3.3178172	3.2957203	2.570392	2.6654315	2.2036915	3.4902585	3.5490766	2.951459	4.1618156	2.1873605	2.7428484	2.8892338	2.4829574	1.8519349	3.3441162
LOC679794_32681	8.513922	8.478269	9.024684	8.348688	9.079303	8.475803	8.390513	8.879878	8.480742	8.41616	8.552325	8.643183	9.074764	9.215715	8.994709	8.768645	8.528503	8.884243	8.94778	9.134098	8.905382	8.586613	8.886856	8.806625	8.700296	8.963919	8.341854	8.306685	8.756518	8.310433	9.108193	8.52397	8.637553	8.681086	8.58776	8.296373	8.150989	8.936281	8.324944	8.070083	8.199837	8.0453	7.961314	8.5154295	8.200222	8.072144	9.373716	9.002986	9.20108	9.573209	8.572476
LOC680097_9132	7.0388694	6.5639496	7.1289315	6.8167996	7.048474	7.0115366	6.8389935	6.780584	6.3388033	6.5292335	6.5809045	6.409996	7.0031095	6.8531427	7.0404058	6.234704	6.6119294	6.7330275	6.9331026	6.782885	6.671121	6.643471	7.080264	7.1847863	6.93551	6.961635	6.605675	6.502437	7.052945	6.9332223	7.002044	6.229267	6.8033032	6.607323	6.73011	6.754589	6.94717	6.9815073	6.968072	6.3522105	6.481571	6.3307686	6.6441884	6.343611	5.9853153	5.976217	7.00895	6.984269	6.931593	6.9578557	6.792593
LOC680367_33329	2.1990027	2.6889215	3.7548423	2.884577	2.9062183	3.3214288	2.6363633	2.3107724	3.2469792	2.6126575	1.8390311	4.614798	2.99374	2.8811386	3.3476372	3.393861	0.5602896	3.8418446	2.4077895	4.0259314	3.0287817	3.0373778	2.6186037	3.415899	4.2468505	3.6286907	3.1313937	1.4944088	3.2482674	3.554308	3.0694053	2.5195544	2.8206856	3.7292666	1.7907331	2.4342844	2.7586064	3.6971037	4.1068897	2.8900583	1.4871172	2.0039802	2.506785	2.5603254	1.735917	1.59992	4.881152	3.9763792	3.6410902	4.000593	3.651246
LOC684841_32802	1.9974787	2.895092	4.039196	1.5437274	2.9062183	3.4179986	1.2043949	2.3107724	2.6995428	2.4290519	1.5525111	1.6491554	3.772339	3.6228914	3.1321692	3.815366	2.5224707	1.8748931	2.838406	3.2234385	3.8749332	1.5686922	3.2257414	3.7105362	1.5494484	3.252017	0.7197537	3.047878	2.1835182	1.4809296	3.5959105	2.5195544	2.967741	2.9874854	2.4073083	2.2557068	2.0718052	3.3854282	3.534197	2.9904869	2.956486	1.488839	1.2253668	2.2245977	1.1146706	3.189834	4.532502	3.8538375	3.7680426	4.000593	2.4159133
LOC685020_32775	0.0	2.9880874	5.152088	0.7123662	3.7302246	0.0	0.0	3.8283224	2.4585645	0.0	3.3250897	0.0	2.6006784	4.9736853	0.0	0.0	0.0	0.0	5.2678723	4.0862064	5.5004597	0.0	4.871772	4.583367	4.4299655	4.1358805	1.1977407	4.881369	2.8829715	4.737421	4.170472	4.5734663	2.011671	0.0	0.0	0.70423484	0.0	0.70487076	4.5595846	0.0	0.0	2.0039802	2.3260906	3.9722536	0.0	5.044063	0.70722115	3.4077816	2.7523265	3.4312084	0.9735618
LOC688041_9143	3.4823647	2.895092	2.9293032	3.1146789	3.1603029	2.157111	3.0310833	2.7953992	1.8065978	2.4290519	2.8961248	2.889376	2.8742359	2.3909085	1.640813	3.2206914	2.636965	3.0594068	3.6655471	1.6252826	3.242334	2.9173408	2.6186037	3.6423242	2.074421	2.7408507	2.2872965	1.7753943	2.3926249	3.2264056	3.1911995	2.004529	2.2602103	2.7791781	2.5655518	3.3839397	2.2764814	2.053109	2.8779507	1.8765994	2.8701653	3.2374017	2.6673462	2.5603254	3.5935724	2.4777672	3.9589443	3.2220936	3.5018787	2.6368403	2.7617311
LOC688090_9144	0.0	5.7415185	0.7951595	0.7123662	0.0	0.758765	4.3621955	4.705393	0.0	0.0	0.71758246	0.775823	0.0	0.0	2.1797314	0.0	0.0	0.0	2.027206	0.0	0.0	3.437199	5.3521595	0.0	0.0	0.0	0.7197537	0.0	0.0	0.0	0.0	0.8958736	5.195023	5.9111943	0.0	0.0	0.0	0.70487076	0.0	0.0	0.53686917	0.0	0.7390483	1.153547	0.0	4.952388	2.5996156	0.0	1.4443535	5.2551312	0.0
LOC689064_32448	10.505623	11.888002	12.439056	11.373911	11.682463	11.715507	11.220048	11.787889	10.537129	12.038437	11.564697	11.319011	11.950541	11.483901	13.248669	11.348877	11.330114	12.079289	11.636992	11.454685	12.390343	11.035557	11.045443	12.2714405	11.885621	11.182471	10.87273	10.916617	11.835871	11.518326	11.548668	10.4095	10.2899065	11.749225	10.791271	11.938085	11.366977	11.952858	11.09019	11.634681	11.636123	11.308855	11.917216	10.659527	11.391982	12.218361	11.481148	11.858851	11.39822	11.198357	11.66175
LOC691603_32330	1.7631619	1.7976378	2.4360592	0.7123662	2.597612	1.9138626	2.4764907	1.8643311	1.3212922	1.2997124	2.077968	1.6491554	2.4416173	2.3909085	2.8787735	2.5249715	1.9438806	2.1159258	2.9574547	1.9183995	1.5622083	1.8567106	1.8362379	2.9355001	2.074421	1.7521499	1.1977407	1.1451283	2.1835182	2.372859	0.0	0.0	3.1011837	1.8741015	1.5083932	2.2557068	1.8332136	2.594546	1.2698381	2.399263	1.2341714	1.769281	0.7390483	0.689121	1.4584783	1.823375	2.4405787	3.572272	2.8702326	1.8519349	0.567391
LOC691962_32591	3.8246934	4.379347	5.4718666	3.9113815	5.4695616	5.0371146	4.534491	4.4677963	4.391308	4.732349	4.3457317	4.4831705	4.9130273	5.368989	4.7236123	4.59596	4.571624	4.346329	5.122574	5.1315656	4.8249087	4.2247515	5.131869	5.019585	4.5535	4.9469357	4.3960176	4.622188	5.320795	4.2412953	5.1298456	4.6982937	4.7014403	4.4100404	5.0434666	3.548161	4.5502152	5.3465996	5.002234	4.6155543	4.4421306	3.410797	2.9431233	4.7396665	3.661585	4.108535	6.047966	5.5589757	5.4792633	5.4181037	4.7299657
LOXL1_9149	2.675235	2.159341	3.7548423	3.4029047	3.2723231	1.9138626	2.6363633	3.0466177	2.3210802	1.9721766	2.462306	2.3986237	2.7439313	2.1818647	3.1321692	2.5249715	2.5224707	2.663456	2.708643	0.76129264	2.778033	2.6423824	1.5499562	3.5707264	3.011828	3.100898	3.2341504	2.0104735	2.1835182	3.0294778	1.3096737	2.004529	1.7112163	3.4763536	1.7907331	1.8143951	3.4922628	2.987318	2.570392	1.8765994	1.2341714	2.6825488	1.2253668	1.7862632	2.7713106	2.0168164	3.7027097	3.8538375	2.4829574	2.297121	2.9534101
LOXL2_9150	2.1990027	2.7956865	2.9293032	2.451389	2.4144073	3.3214288	1.2043949	2.1047523	1.5842559	3.0546732	2.621851	2.3986237	2.4416173	2.3909085	2.7331607	1.7560883	1.2772086	2.8078547	2.027206	1.2570211	3.0287817	1.2084577	1.1924393	2.9355001	4.0370674	1.7521499	2.6264875	2.6898494	2.1835182	2.372859	3.1911995	1.8408495	2.2602103	2.0700042	1.1570135	1.1754036	1.8332136	2.435626	1.6401663	1.6496927	2.3383918	2.3827975	1.2253668	2.2245977	1.9685107	1.59992	3.6308496	2.455791	1.9519659	0.72461534	2.5406258
LPGAT1_9154	7.437941	6.3440967	6.7981853	7.321782	5.7659516	7.003778	7.3522515	7.3870044	4.831867	6.4709907	7.1312976	6.9482813	5.481939	4.7262454	6.5250015	5.601584	6.3685102	6.2165127	6.2490277	5.3190575	6.575882	6.9491796	5.7977653	7.2944164	6.7238746	5.1337223	7.169575	5.1994333	6.0013127	7.3939195	5.701008	5.515961	5.891794	6.819678	5.83195	7.489572	7.3555226	6.271086	5.963324	5.6175785	5.783941	7.060547	6.970944	5.8717523	7.019956	5.513738	5.418032	5.635367	5.6205697	5.544492	7.268898
LPIN1_32940	4.456222	3.8453023	2.9293032	4.658931	3.1603029	4.616441	2.911122	4.1297936	2.8064463	3.176305	3.8612514	4.1772795	3.63202	3.2463703	3.1321692	3.2206914	2.841842	3.7009778	2.838406	1.9183995	3.5930324	4.2744603	2.8927681	4.8179007	2.8921008	2.5203478	4.155379	2.6898494	2.5752249	4.5661826	3.0694053	2.6239645	2.967741	3.9935026	3.6650012	3.3839397	3.9162993	4.010777	4.470548	5.115544	3.3878083	5.369748	5.7330236	2.8324869	4.0135446	3.8281465	3.3909214	3.6479805	4.398015	3.2451882	3.7578633
LPL_32544	3.9968476	5.5865726	5.5188947	4.333043	4.1376824	4.6565795	4.9542584	5.5203233	3.6994612	5.364553	5.2861795	4.119342	4.3216715	4.223962	5.237227	4.446643	4.2140403	4.4816837	4.746293	3.2234385	5.912714	5.2615604	4.807002	5.552959	6.188703	4.3851724	4.439678	3.7784617	4.803421	5.248683	4.284343	2.9792736	4.424204	5.9490376	3.5178556	4.709909	5.3705816	5.1039143	4.1068897	3.732442	3.5070176	4.3413258	3.3739324	3.2588525	3.9054923	4.150392	5.5794387	6.120473	4.891912	4.7601357	5.7158117
LRP10_9156	4.4163337	4.30899	4.616394	4.8626266	3.6495402	4.5751534	4.892242	4.4677963	3.5225942	4.2126923	4.557952	4.1772795	2.7439313	2.8811386	3.9186504	3.6199527	3.391122	3.7009778	3.9212723	3.111882	4.3597	4.2744603	3.321599	4.4299645	4.47233	3.0189555	4.7825623	4.01308	3.7054071	4.9192286	3.4077	3.706012	3.7957757	3.7292666	3.5933034	5.128505	5.073909	3.6971037	3.7000437	3.896741	3.324294	4.8430624	5.019991	3.512115	5.0209155	3.8788273	3.7027097	4.4268055	3.8847218	3.7438102	4.9025793
LRPAP1_9158	7.41788	6.869137	6.9772315	7.321782	6.417086	6.9802485	7.760748	7.57358	6.365275	7.127951	7.1445	7.267871	6.2182565	6.2875323	6.6004305	6.5777	6.625861	6.629934	6.95473	6.363101	7.014027	7.201299	6.028335	7.0726295	7.259622	6.1710877	7.0549326	6.7253103	6.540827	7.488093	6.69739	6.108486	6.712359	6.839962	6.7549667	7.390249	7.4484344	6.96705	6.5994883	6.731728	6.481571	7.4955244	7.3300996	6.507925	7.2079654	6.873935	7.2010813	6.954759	6.8762956	6.7636228	7.369012
LRRC41_9160	5.252226	4.30899	4.5272	5.63009	3.2723231	4.9428797	5.5439353	5.581279	3.5225942	4.518974	5.486098	5.0150394	2.99374	3.537568	4.603037	3.8750339	3.787982	4.1969485	2.838406	2.3701787	4.6109753	4.9305177	3.1230586	4.3466787	4.47233	2.2599542	5.267545	3.840789	3.4488056	5.553862	3.5959105	3.6075757	3.5377576	4.612261	3.9781444	4.9043345	5.3251815	3.8308609	3.7763257	3.546998	3.2578542	5.1910257	4.8957973	4.131929	5.191657	4.02099	3.3909214	3.6479805	4.1869826	3.2451882	5.176898
LSM3_33166	2.8044732	4.0746455	4.616394	3.7834342	4.195664	4.3970637	3.340682	3.1575243	3.9532046	4.2126923	3.65531	3.8610783	4.126278	4.5192814	4.1077867	4.794435	3.9295027	4.1969485	4.0871205	4.581067	3.7408574	3.437199	4.247581	4.5087037	3.5753076	3.9271011	3.2341504	4.1174774	4.5651484	3.0294778	4.624199	3.798159	4.3723383	3.6083453	4.9022617	2.8664734	3.4922628	3.5496664	4.6836143	4.090219	3.3878083	2.930607	3.2776825	3.3483052	3.1950624	3.8281465	5.000007	4.383164	4.919528	4.3162427	3.474912
LSM6_32830	5.8695235	5.6590714	6.302658	5.553705	6.105435	6.3324356	5.8515406	6.2777753	5.374005	5.7836275	5.6616545	5.892334	5.4192753	5.73751	5.791102	5.5475993	5.555596	5.8994265	6.075635	5.768599	5.9587436	6.098276	5.9404783	5.8077517	5.797008	5.7049217	5.8561707	5.610596	5.9526296	5.8056216	5.701008	5.296559	5.776807	5.5499954	5.877936	5.493443	5.858812	6.0693126	5.572113	5.047234	4.8997808	5.3271003	5.29047	5.28402	5.6591215	4.8544893	6.3460236	6.523633	6.1729584	6.1325927	5.7549553
LSP1_32853	3.4823647	4.5415487	4.7003927	4.1375628	3.1603029	3.8226066	3.4306927	3.6116695	3.5839908	3.6661186	3.3250897	2.7435865	3.837692	3.8522093	3.7772083	3.8750339	3.8838544	3.77313	3.6655471	3.7559724	3.4283133	1.8567106	4.247581	3.8379865	4.0924416	4.014271	4.6401196	4.4727483	3.1364734	4.097743	3.5048723	3.4460533	4.4742694	4.041002	4.2816463	3.6955848	4.1425314	4.3146935	4.3257575	4.483924	3.448644	3.326703	2.9431233	3.7926803	3.7265353	4.02099	4.817839	4.1940618	4.0437536	4.794461	4.234818
LSR_9162	6.971652	5.806799	6.2478795	6.5382657	5.8037276	6.381161	6.6458006	6.98239	5.553551	6.0294333	6.674893	6.514835	5.7429986	5.5757246	6.0124	6.0528893	5.3015795	5.9313107	6.035604	5.3439584	6.3295584	6.941507	5.878786	6.20061	6.758524	5.153059	6.867838	5.592596	5.3461456	6.800416	6.077851	6.144039	5.9460244	6.4578385	6.048487	6.972664	7.041421	6.3287616	6.2032847	5.433592	5.69885	6.657738	6.3917203	6.0688534	6.7104697	5.513738	6.2652636	6.4086246	6.6311083	6.53911	6.6682444
LSS_9163	3.4029472	3.3096738	3.0622413	3.4029047	2.4144073	3.7502577	3.141831	3.446748	2.1691005	2.6126575	2.621851	2.581391	1.5358759	1.2719984	1.2703954	2.5249715	1.7539579	2.1159258	2.2300112	2.1619017	3.1395056	3.6778624	2.6186037	2.8167326	2.7615314	0.96157944	3.2341504	1.7753943	2.7372885	0.67545027	3.8389206	1.1960433	1.7112163	2.9874854	3.3539796	2.736285	3.0088224	3.8933594	2.7323515	2.072621	2.5750768	3.0402825	2.506785	2.0220141	3.661585	2.3398588	2.7428484	3.49237	3.1752434	1.8519349	3.1225834
LTBP1_33264	3.2296562	4.379347	4.3303432	3.0042105	3.1603029	3.3214288	2.911122	3.68756	2.6995428	3.965136	3.0159018	2.889376	3.3920732	4.223962	4.221371	3.4732275	3.7375457	2.8078547	3.7990685	2.1619017	4.055234	3.437199	3.2257414	3.7105362	4.7033043	3.5723524	2.6264875	2.8193185	4.225969	2.6721666	3.1911995	2.5195544	2.2602103	4.2167525	3.1690745	2.2557068	3.3178172	3.5496664	3.8487759	2.399263	2.2036915	3.8924718	2.506785	3.1634846	3.788687	2.9263053	4.2740407	3.8538375	3.0805616	3.031582	3.3441162
LY86_9165	3.318902	4.446431	5.4232535	3.1146789	4.7922235	4.910049	2.6363633	3.8938673	4.3565435	3.965136	3.2292056	3.5462768	4.0729947	5.0980964	5.263986	3.8750339	4.419964	4.985458	5.2907276	4.581067	4.2651753	2.6423824	5.440215	4.6192975	4.3413115	4.510401	2.9009168	5.2230263	5.7008123	3.3996527	4.748459	4.1171956	4.204518	4.3733993	4.570107	2.736285	2.8891323	5.1810994	4.9036446	4.5837555	4.2841916	2.8119028	2.506785	4.60095	2.9986892	4.6064157	5.3300095	4.769558	4.4744816	5.350499	3.273985
LY96_9166	1.7631619	1.9897953	3.400333	1.1871207	2.7601511	3.4179986	1.2043949	2.1047523	2.4585645	2.9218345	1.1946218	3.0217755	3.772339	3.013425	2.1797314	1.9899611	2.1116846	1.8748931	2.838406	2.552146	3.4283133	1.5686922	3.2257414	2.38735	2.4585013	2.6348078	2.0821931	2.3897877	3.1364734	1.7605959	3.5048723	2.5195544	2.2602103	1.8741015	2.2295449	1.1754036	1.5471903	3.3854282	2.3879235	2.399263	1.70226	2.2057867	0.0	3.0613632	1.9685107	3.1072266	3.8990247	3.719913	3.5731628	3.2451882	2.2793913
LYN_9167	6.748882	6.911303	7.3851795	6.359102	6.262895	7.206651	6.5882893	6.8482833	5.881601	6.670501	6.53151	6.6539674	5.9929557	5.847955	7.024844	6.1526985	6.1830764	6.9663625	6.9900703	5.7868752	6.9006896	6.4623003	6.379636	6.863838	6.605148	5.756401	6.851767	6.317553	6.518701	6.8234167	6.401823	6.144039	6.437425	7.074888	6.598966	6.729142	6.9841523	7.125152	6.24415	5.9272966	5.8530827	6.352196	6.663361	6.0422916	6.3677535	6.221749	6.39022	6.8057013	6.9179664	6.789381	6.8954372
LYPLA1_9168	7.432952	5.8814254	6.6370025	7.2868156	4.9688754	5.9518595	7.206972	6.9208302	4.45842	5.5334306	7.06341	6.7236743	5.0012403	4.9408307	6.118846	5.5475993	5.58442	5.7993145	5.7850323	4.402944	6.5052643	7.101546	5.5029	6.51861	6.3899665	5.0119224	7.047897	4.881369	5.7773542	6.792667	5.2184687	4.8566833	5.070358	6.199828	4.6069818	7.022395	7.1560555	5.592454	4.8339643	5.137614	4.94271	6.9939475	6.6149426	4.982539	6.742228	5.2115946	5.4392233	5.635367	5.497702	5.7154636	7.6611342
LYRM1_9169	4.5328355	3.6313283	4.616394	4.1889715	3.9482906	4.0201387	3.4306927	4.016648	3.6994612	4.0942173	3.65531	3.7885811	4.0176687	4.0500264	4.047455	3.7531235	3.574707	4.4816837	4.0871205	3.8283436	3.9375708	3.602016	4.3420444	3.6423242	4.5535	3.971344	3.8664052	4.0662227	3.2482674	4.1950135	3.6815434	3.8421152	4.0807066	4.041002	4.2352924	3.548161	4.1425314	4.403265	3.9835975	3.4086447	4.4421306	4.3413258	3.7774107	4.2293363	3.5935724	4.413638	4.320462	4.383164	4.1408014	4.724974	3.651246
LYZ2_32611	3.6291769	4.446431	5.0275335	2.884577	3.3762684	3.8915	3.743284	3.8283224	3.320974	3.7468808	3.1264923	3.8610783	4.126278	3.537568	3.7772083	3.393861	3.254318	3.8418446	4.2822084	3.4235945	4.215484	2.3023815	4.3420444	4.010254	3.9794827	3.3220272	5.3838687	3.047878	3.854183	3.8809977	3.9808064	2.1515164	3.4403665	4.2972007	2.7081409	2.98588	4.0892115	4.526692	3.1313257	3.546998	2.7783492	3.1422062	2.1194797	3.2588525	3.1002145	3.3420844	5.824609	5.205123	4.973223	5.76823	4.7559257
MAD2L1_9171	3.0326717	2.159341	3.2961977	1.5437274	2.597612	3.3214288	3.4306927	2.7953992	2.8064463	3.7468808	2.765496	3.1430392	3.772339	3.3501055	2.8787735	3.023864	2.7430372	2.9391065	3.5183966	3.8283436	2.778033	2.9173408	2.4591324	2.6873035	2.7615314	3.100898	2.2872965	3.1498733	3.1364734	2.6721666	3.1911995	2.6239645	2.967741	3.1694758	3.2644873	2.736285	3.1193392	3.200062	3.0101936	2.7821121	2.6802902	2.5404441	2.9431233	3.0613632	2.1687598	2.6036353	4.1250777	3.49237	3.5731628	3.142335	4.1195726
MAN2B1_9177	6.992148	6.1055155	6.788622	6.857086	5.84054	6.29478	6.8715005	6.4401584	5.0433664	6.253282	6.4055696	5.7468586	4.882382	4.9408307	5.414885	5.413177	5.6403956	5.183789	5.122574	5.1876664	6.169143	5.7039113	5.440215	6.0242286	6.201352	5.3163295	6.586381	5.7306747	5.599045	7.0805125	5.8563857	5.682379	5.5150447	5.9979987	5.5583673	6.594707	6.666891	6.294434	5.2893295	5.989293	5.6216946	7.2436743	6.9476733	6.0688534	7.120046	6.0107136	6.2533484	6.611356	6.4055705	6.4875917	6.9186068
MAOA_32516	5.252226	3.8453023	4.994639	5.45216	3.6495402	4.6565795	5.349945	5.2216306	3.458468	4.7714825	5.262155	4.8819904	4.4102645	3.537568	4.8348827	4.280068	3.7375457	4.298234	4.3271203	3.326985	4.8249087	5.049507	3.7922184	5.2200937	4.513486	3.4526122	4.9121966	3.7784617	3.1364734	5.155082	3.8389206	3.5019276	4.14394	4.817136	3.7985182	5.344994	4.959713	4.4455914	3.8487759	4.3766675	3.5070176	5.3271003	5.019991	4.131929	5.0965776	3.7756202	4.0164742	3.9763792	4.649599	4.614036	5.767771
MAOB_9179	9.020676	8.236721	8.63145	8.936882	8.085806	8.647458	8.939005	9.160159	7.9733586	8.822397	8.886803	8.627681	8.287905	7.7315655	8.230754	8.243088	8.210328	8.341915	8.485621	8.004294	8.40185	8.718173	8.0224	8.746973	8.19924	7.7804337	8.834212	8.270348	8.208206	9.1458025	7.9147673	8.191598	8.648497	8.770104	8.533723	9.047031	9.043733	8.53208	8.083599	7.8370705	7.5202837	8.704344	8.6834955	8.242528	9.15269	7.5996914	8.086279	8.4094925	8.217503	7.8938656	8.669566
MAP1LC3A_33215	3.318902	2.6889215	3.1839569	3.2172866	3.3762684	3.2179284	4.057699	3.68756	3.320974	3.176305	3.5795677	2.581391	2.99374	2.8811386	3.1321692	3.6199527	3.8838544	3.7009778	3.4387813	2.3701787	3.1395056	3.0373778	3.2257414	3.0452297	3.011828	2.9320772	3.8009534	3.4186301	3.1364734	2.919921	2.7898166	3.198022	4.7831573	3.6083453	3.6650012	4.009233	3.8537283	4.1707234	3.619502	3.2556021	3.115025	3.7053368	3.629271	2.951459	3.2840576	3.4125795	3.3909214	3.719913	3.7680426	3.8779073	3.3441162
MAP2K5_9180	4.375311	3.9414568	3.9731874	3.9713368	3.6495402	4.532649	4.00006	3.8938673	2.9990726	4.03112	3.9838378	3.8610783	2.8742359	3.3501055	4.047455	3.2206914	3.9295027	4.0880117	4.0339284	3.326985	3.9976015	3.6778624	2.4591324	4.010254	4.0924416	3.513724	3.9290164	3.4186301	4.225969	4.9192286	3.5048723	3.0559347	2.8206856	4.174781	3.2644873	4.169169	4.5102053	4.220327	3.1313257	3.0843768	3.324294	3.8924718	4.3507204	3.2588525	3.7265353	3.4125795	4.717334	3.916409	3.8275614	3.7438102	4.306832
MAP3K4_9182	3.7624195	2.6889215	3.0622413	3.4029047	2.597612	3.5936723	4.1664968	4.2844353	2.4585645	2.2186248	3.2292056	2.581391	3.2066107	2.5734606	2.8787735	1.9899611	2.5224707	2.9391065	2.5660443	1.9183995	3.4283133	3.7499197	2.4591324	3.3317733	3.4953897	1.7521499	3.6604056	2.0104735	2.1835182	3.6939778	3.1911995	1.8408495	2.6569214	3.331059	2.7081409	3.548161	3.1193392	3.097608	3.4435291	2.8900583	2.4615827	4.297816	3.9744961	2.0220141	3.2840576	3.3420844	3.4754093	3.0089254	2.8702326	2.297121	3.5948293
MAP7_9184	5.8091955	5.7281003	5.733466	6.3364825	4.7150254	5.9356394	6.272541	6.4939904	4.905866	6.12318	6.193289	6.0401726	4.2752476	4.0500264	5.2902575	5.148863	5.266436	5.183789	5.070697	4.9488516	5.712333	6.0562634	4.704046	5.660333	5.6009226	4.4175134	6.160117	5.126247	5.419629	6.44264	4.968852	4.9993916	5.0037384	5.533484	5.4810195	6.3495755	5.9058294	5.2543645	5.1812468	5.180765	4.9637046	6.159035	6.380178	4.8961816	6.4565835	4.576022	5.8084135	5.9514785	6.028258	5.0713763	6.055942
MAPK1_9185	5.3186493	4.5719104	4.994639	5.53396	4.195664	5.181664	5.2545776	5.4348235	4.168924	5.2021847	5.333061	5.1368475	4.0729947	3.8522093	5.0954394	4.406767	4.419964	4.346329	4.842241	3.9630284	4.857672	5.2615604	2.762189	4.878458	4.9330125	4.2480316	5.361342	4.306021	4.279584	5.248683	3.9808064	4.493033	4.204518	4.6738243	4.6429377	5.628032	5.205009	4.6403866	4.6434445	4.483924	4.1068125	5.5287514	5.518157	4.181454	5.191657	4.413638	4.5714116	4.8991494	4.973223	4.7601357	5.439691
MAPK10_32770	3.1345234	2.3110406	1.6806879	3.1146789	3.2723231	2.7084813	1.5639434	3.3566325	1.9992051	1.2997124	3.65531	3.2548962	1.5358759	3.4468794	2.8787735	3.1256318	1.5351875	3.6250265	2.708643	1.2570211	3.242334	2.3023815	2.6186037	3.415899	2.279205	1.9419785	2.4668374	1.4944088	3.1364734	2.372859	2.6266706	2.1515164	2.011671	2.2424579	2.4073083	2.4342844	3.2219887	2.594546	2.570392	2.2451668	0.92724514	2.930607	2.3260906	2.8324869	3.2840576	2.3398588	1.1797101	2.2765746	1.7203709	1.2047167	1.769436
MAPK12_9186	2.375796	2.3110406	2.7828603	1.1871207	2.4144073	1.6211139	2.6363633	2.3107724	1.3212922	2.4290519	2.077968	1.9443585	2.2628205	2.7354863	3.243922	2.1911569	1.7539579	2.1159258	2.9574547	2.3701787	2.4743395	2.9173408	1.1924393	3.2424362	3.122376	2.109709	2.6264875	1.7753943	2.1835182	2.8013556	1.3096737	2.6239645	2.8206856	2.2424579	1.7907331	1.8143951	3.1193392	2.987318	1.2698381	2.072621	1.70226	2.5404441	1.8782536	2.0220141	1.1146706	2.9263053	2.0577211	2.6151845	2.1514747	2.476957	2.5406258
MAPK14_9188	7.334726	6.5487647	7.2799034	7.050162	5.4217744	7.034566	6.964844	6.745505	5.780319	6.3339243	7.1961336	6.9231033	5.188244	5.5100503	6.6004305	6.0911317	6.2110715	6.3986073	6.127338	4.581067	6.220428	7.1556044	5.4614143	6.9439464	6.4964423	5.36689	7.130145	5.43989	6.048407	6.9190555	5.5268536	5.6331873	5.337082	6.805995	5.735333	7.300955	7.1625233	6.416499	6.1894016	4.999828	4.921405	6.9383616	7.008913	5.762088	6.9331875	5.396883	6.5052114	5.8589272	6.527237	5.4399524	7.255312
MAPK1IP1L_9189	6.15049	5.793977	6.101078	5.7717032	5.4928746	5.8688707	5.991215	5.9787283	4.6428385	5.258363	5.715727	5.627237	4.972431	4.2775726	5.7538285	5.413177	5.266436	5.492423	4.746293	4.494753	5.521059	5.922344	5.2090974	5.760267	5.9843163	4.5691614	6.2609177	4.939491	5.7395906	6.019906	4.934379	4.9600377	4.9692383	5.80514	5.22047	6.026503	5.7078004	5.4747577	5.1240087	4.764815	4.5571055	5.5474486	5.8038497	5.1903563	6.183398	4.7764435	5.0282516	5.653849	5.7947087	5.6606936	6.232729
MAPK3_9190	3.4823647	2.895092	2.9293032	3.3130789	1.9587818	2.3652024	3.595438	3.531564	2.6995428	2.4290519	2.077968	3.1430392	2.8742359	1.9373132	2.3886938	1.9899611	2.636965	2.3223944	2.708643	1.2570211	2.4743395	3.437199	2.075009	2.9355001	3.122376	3.178435	3.0207527	2.2125611	3.0152833	2.919921	2.7898166	2.6239645	2.8206856	2.7791781	1.5083932	3.1985953	3.2219887	3.200062	2.1789894	1.6496927	2.0551069	2.2057867	2.6673462	2.0220141	3.522194	2.1873605	3.6308496	4.469166	3.7059622	4.1670337	3.3441162
MAPK9_9192	7.7936654	7.8002195	8.029482	8.212475	7.29385	8.163967	8.078737	8.123937	6.9589505	7.6424456	7.9680457	7.682235	7.0031095	6.762041	8.121597	7.691259	7.5175357	7.5423217	7.487169	6.9299273	7.696083	7.95481	7.420499	7.868869	7.265657	7.2713265	7.7094426	7.199719	7.4536486	7.854736	7.2879868	7.1249332	7.662922	7.757498	7.4616294	8.23743	7.996657	8.011448	7.1439323	6.7886267	6.8060904	7.538216	7.4836044	7.3456044	7.927273	6.584386	7.590174	7.8482094	7.6528964	7.596009	7.657696
MAPKAPK2_9193	5.5389676	4.7148147	5.7728004	5.3876147	4.547009	5.5011415	4.450914	5.456678	3.320974	4.518974	4.9675345	4.9829097	4.2752476	4.168281	5.153837	3.9874403	3.8367145	4.6823845	4.60755	3.5993342	5.011177	5.333679	3.4960926	4.848497	4.7727504	3.971344	5.5524373	3.7133195	4.170284	5.1790576	3.9808064	3.1287267	4.204518	5.412288	3.6650012	5.552668	4.6270533	4.8119817	3.7763257	3.546998	3.9045265	4.464495	5.049438	3.8550549	5.463422	3.4125795	3.7711594	4.469166	4.511247	4.113659	5.4072967
MAPKAPK5_9195	3.4823647	2.895092	3.0622413	3.9113815	1.9587818	2.157111	4.00006	3.1575243	1.3212922	2.2186248	3.4149964	3.1430392	0.0	2.5734606	2.7331607	0.6730612	2.1116846	2.5029805	2.027206	1.9183995	2.2945795	3.0373778	2.075009	3.2424362	3.3209047	2.109709	3.5846395	2.0104735	2.3926249	3.2264056	2.7898166	1.1960433	1.3312725	2.6625395	2.0267587	3.8918242	3.5721645	2.8678937	2.1789894	1.3803144	1.8894439	4.0049734	3.5490766	2.2245977	2.1687598	1.59992	2.992627	2.6151845	2.1514747	1.5643196	3.7055392
MAPT_32343	1.483266	3.07545	1.9785899	2.0677924	2.7601511	2.5470278	1.851524	2.4910152	2.1691005	2.4290519	2.765496	2.581391	1.5358759	1.9373132	2.5711837	1.4768263	1.7539579	2.5029805	2.4077895	2.3701787	2.9088483	2.482375	2.075009	2.8167326	2.8921008	1.9419785	2.4668374	2.6898494	2.1835182	3.315628	1.3096737	0.8958736	2.011671	2.5356345	2.4073083	2.5931726	2.7586064	2.594546	0.0	1.0488179	2.0551069	2.2057867	2.1194797	2.4022055	2.9986892	1.3353969	0.70722115	2.6151845	0.6542548	2.7807593	1.2901436
MARC1_9196	8.159544	8.695495	8.531792	8.299834	7.9825377	7.3420362	9.320816	8.508334	7.929682	6.4709907	8.740148	7.6772237	7.810731	6.6748214	8.309931	6.5040216	6.3602	7.26424	8.0394	8.065461	6.892808	8.792563	6.943826	8.848854	7.0657296	7.4771223	7.853601	6.911072	8.235595	8.046136	6.601779	8.008426	6.437425	8.996299	6.3714175	8.790364	8.2115	9.036611	8.068509	6.284589	7.972724	8.569058	7.7125354	7.9634404	8.017634	6.9705663	8.199279	7.54577	7.7406635	8.313316	9.101543
MARCKSL1_32320	2.8044732	3.379998	3.7548423	3.4029047	3.8066347	3.1064248	3.4306927	3.1575243	2.905972	3.288475	2.282898	2.7435865	3.104098	2.3909085	3.849662	3.5484548	4.058373	3.6250265	3.9212723	3.5141387	3.242334	2.482375	3.4960926	3.1471999	3.2250526	3.3220272	2.7702174	2.6898494	3.352018	2.372859	2.7898166	2.6239645	2.6569214	3.1694758	2.0267587	2.98588	3.2219887	3.7655318	3.0101936	2.9904869	2.4615827	3.410797	2.1194797	2.5603254	2.5012665	3.2679667	3.6308496	3.9763792	3.6410902	3.031582	1.769436
MAT2A_9199	3.5576375	4.379347	4.5724864	4.0842543	4.1376824	4.2474017	3.6712542	4.5914803	3.0865276	4.03112	4.1501555	4.5722427	4.22728	2.8811386	5.182173	3.309873	3.574707	3.9701722	3.9212723	2.552146	4.110652	4.3225136	3.0125036	4.010254	4.0924416	2.109709	4.816079	2.5476058	3.2482674	4.602095	2.2317815	3.0559347	2.967741	4.335803	3.066902	4.3131304	3.7883198	4.4455914	3.1313257	3.2556021	2.5750768	4.252953	3.5490766	3.2588525	3.522194	3.3420844	3.3909214	3.3179228	4.231731	3.812416	4.234818
MBL_34098	6.886626	5.4624186	6.176345	6.857086	5.8037276	5.4334445	6.942068	6.806345	4.8063326	5.14373	6.4273376	5.9599166	4.4937305	4.5631175	5.8274364	4.9130416	4.80994	5.8334627	6.062414	5.3439584	5.765097	6.752732	5.3060308	5.9272313	6.45479	4.757803	6.320519	4.9107227	5.2419558	6.7770424	5.572402	4.520345	4.9692383	5.777362	5.3992887	6.9870486	6.4827485	5.5734925	5.2363	4.7361727	5.1214943	6.464676	6.0422115	4.982539	6.326447	4.665346	4.7851095	5.478313	5.3431377	5.4826813	6.5765357
MBL1_9200	7.923836	7.408522	7.3269095	8.267318	7.58711	7.590179	8.116521	7.7826853	7.486786	7.5666018	7.9568634	7.313799	6.837255	7.3171897	7.327214	7.3617196	7.4328976	6.8544073	7.4419436	7.4999037	7.5976906	7.892502	7.2903137	7.3542757	7.408867	7.2263947	7.9993176	7.4749393	7.459468	7.869545	7.560826	7.1730533	7.7518697	7.3541145	7.8971252	8.061698	8.223922	7.470859	7.3006663	7.5175605	7.53789	7.6677685	7.4727774	7.528964	7.9375973	7.151503	7.7428493	7.579998	7.4874597	7.500475	7.9039507
MBL2_32353	6.74083	7.229642	7.1289315	7.943569	5.4217744	7.378494	7.515421	7.7826853	4.0433984	6.4945707	6.6929774	7.164236	4.4102645	3.9870539	7.639702	3.9323316	6.9082828	6.497763	5.5399957	2.713711	6.207777	7.5977025	3.5760143	7.4817357	6.595597	3.6829114	7.2636786	3.900535	5.5778008	7.2314496	5.5946484	2.5195544	4.6148157	7.4407816	3.7985182	6.8908772	7.0058956	6.3174095	3.9835975	2.9904869	2.5750768	6.3837523	6.3685427	4.636899	7.711609	3.0196002	4.717334	4.8030634	4.582081	4.362736	6.675063
MBNL1_9201	6.9508605	6.869137	7.188322	7.1113987	6.9423966	6.7305083	6.918927	7.4262996	6.2468815	6.7800994	6.947673	6.633416	6.565533	6.6136003	6.9024506	7.028908	6.7645574	6.759911	6.8813415	6.399189	7.235863	6.7350864	6.7847395	6.863838	6.7923603	6.566764	7.1565514	6.6047654	6.8104124	7.0352583	6.601779	6.429832	6.969612	6.9119887	6.4946012	7.3956504	6.8859515	6.8615804	6.795519	6.3522105	6.1745195	6.959458	6.8589854	6.6641607	7.224924	6.489733	6.883149	7.0415373	7.3622403	7.500475	7.0238485
MBNL2_9202	7.274644	6.8444767	7.547073	7.3782406	7.0166574	7.158544	7.2934856	7.3755774	6.8191285	7.351024	7.2150292	7.052577	7.3937654	6.9717317	7.2886395	7.213583	7.187277	7.289061	7.4672437	7.078275	7.204367	6.8945923	6.7847395	7.677638	7.472865	6.9834027	7.5934253	7.094929	7.098409	7.5491586	7.386907	6.9799924	7.478977	7.2417192	7.0375476	7.2240996	7.394508	7.423995	7.3071094	6.641938	6.328126	7.2493954	7.0748363	7.0109015	7.607688	6.6146054	7.6952	7.6507187	7.445333	7.4475327	7.2090793
MBOAT7_33082	4.5696683	3.7422786	3.4974551	4.4216714	3.038847	3.8226066	4.984295	4.1297936	2.8064463	3.6661186	3.9838378	3.6316473	1.5358759	0.0	3.6203768	3.1256318	3.391122	2.9391065	3.3545144	3.5993342	3.8094523	4.1198797	2.6186037	3.4953887	3.8569224	2.6348078	4.523225	3.4186301	3.2482674	4.831187	2.2317815	2.5195544	2.6569214	3.9935026	2.9569383	4.709909	4.3830523	2.987318	3.2430704	3.7893128	3.3878083	4.109333	3.7774107	2.8324869	3.8482714	3.189834	3.2054758	3.0089254	3.7680426	3.940554	4.7299657
MBTPS1_9203	4.8939905	4.7942214	5.059695	5.7375817	3.8792007	5.235658	5.3728333	5.059707	3.458468	4.9526534	5.025772	4.8105626	4.0729947	3.6228914	4.761664	3.815366	4.7602787	4.5241194	4.2358537	4.1440635	4.721904	4.3690176	4.0377917	5.12332	5.2083473	3.513724	4.972892	4.586254	4.5213094	5.002205	4.046838	3.752821	4.204518	5.0203977	4.1873994	5.2287517	5.558861	4.8119817	4.5595846	3.8440266	3.9473164	5.509808	5.4969387	3.587535	5.501035	4.3066416	3.8365083	4.550328	4.775837	4.4077783	5.322979
MCCC1_32646	4.978596	3.9414568	4.740627	4.8939457	3.6495402	4.138241	5.070825	4.424094	2.8064463	3.580566	3.9238462	4.4364834	3.5563867	3.013425	4.9710355	3.4732275	3.180722	4.24848	3.7990685	3.9630284	3.5130224	4.7664943	3.980205	4.654355	3.4107835	2.5203478	4.9121966	3.573486	3.539506	4.6713443	3.303507	2.8983095	3.628988	4.514691	3.4382432	4.0645385	4.6270533	3.3854282	3.7000437	3.0843768	3.324294	4.503321	5.019991	3.7274868	4.885265	3.4125795	4.1250777	4.469166	4.4744816	3.5959594	5.2334256
MCCC2_9204	4.8939905	3.8941805	4.855005	3.9713368	3.6495402	4.3488812	4.4933076	4.810965	2.4585645	4.3221717	4.517932	5.0772285	2.99374	3.3501055	4.3765597	3.7531235	3.685282	3.6250265	3.733852	3.4235945	4.215484	4.0644393	3.4960926	4.3031607	4.0924416	3.5723524	4.439678	4.3917923	3.539506	4.831187	3.5959105	3.0559347	3.628988	4.445774	3.6650012	4.709909	4.5891457	4.1707234	3.4435291	4.044227	3.9045265	5.214615	5.518157	3.512115	4.6034255	3.4125795	4.2740407	4.291709	3.7680426	3.3411944	4.5926595
MCL1_9205	7.2119503	7.3571477	7.829488	6.6707454	7.3004713	7.8152003	6.863442	7.453727	6.917812	7.456846	7.2212734	7.135295	7.2511353	7.133126	7.8037024	7.402842	7.064778	7.500426	7.698476	6.7271895	7.4226265	7.0525236	7.33694	7.8576317	7.241364	6.988794	7.5492644	7.0093236	7.527529	7.142795	6.7676067	6.8406796	7.2394385	7.3256273	7.2908397	7.056896	7.1364765	7.766327	7.3822613	6.908993	6.8852496	6.8507485	7.4563828	7.3126435	7.0771084	7.251049	7.978222	7.5157714	7.756063	7.648557	7.3478312
MCM10_32579	3.6291769	3.07545	2.6198554	3.8488257	1.2890483	3.5085077	1.851524	1.5756721	1.8065978	3.3925493	2.282898	3.2548962	2.99374	2.1818647	2.1797314	2.1911569	2.1116846	2.5029805	3.1696014	2.552146	0.7233562	1.5686922	2.4591324	2.38735	1.8356827	2.3960178	3.0207527	1.7753943	3.1364734	2.6721666	1.3096737	1.4443876	3.4403665	3.4055345	3.7985182	3.3839397	1.1900772	2.053109	3.7000437	1.8765994	2.956486	2.6825488	2.8118143	2.5603254	2.1687598	2.1873605	3.4754093	4.142642	3.8847218	3.5159345	2.2793913
MCM2_9206	4.244742	4.031601	4.8178773	3.4029047	2.9062183	4.488855	3.8773775	4.0743294	3.0865276	3.0546732	4.041434	4.2866096	3.30232	2.8811386	4.1077867	3.7531235	3.4549482	3.9701722	3.5938473	2.3701787	4.3597	3.8185487	2.6186037	3.7756684	4.630346	3.3220272	3.6604056	3.3344872	3.854183	4.286138	2.4426951	3.1287267	3.1011837	3.9443858	2.7081409	4.6747956	3.9762692	4.1193533	3.2430704	2.5384767	3.0379322	3.8924718	3.9117455	3.1634846	2.6425977	3.3420844	3.4754093	3.6479805	3.5731628	3.142335	4.0790167
MCM3_9207	2.5332706	2.895092	3.0622413	2.451389	2.204507	4.080398	2.7802737	3.2605107	1.9992051	2.7755125	2.8961248	2.581391	1.1804214	0.77186805	3.0110276	2.6667733	2.2619886	2.5029805	2.2300112	0.76129264	3.1395056	1.8567106	1.8362379	2.8167326	1.1920056	2.3960178	2.6264875	2.2125611	2.5752249	2.6721666	1.9846656	1.1960433	1.7112163	3.2525284	2.4073083	3.294242	2.0718052	3.097608	1.6401663	2.5384767	2.2036915	0.68006337	1.2253668	2.2245977	1.1146706	2.0168164	2.992627	2.455791	2.4829574	2.476957	2.65541
MCM4_9208	2.375796	2.895092	3.0622413	1.8294263	2.9062183	2.5470278	1.851524	3.2605107	2.1691005	2.7755125	2.282898	3.5462768	2.7439313	3.013425	2.3886938	2.6667733	2.9343114	3.0594068	3.733852	2.552146	2.9088483	2.0966876	3.321599	3.7105362	1.1920056	2.6348078	2.6264875	2.2125611	3.0152833	3.1312993	3.4077	2.284903	2.967741	3.4763536	2.0267587	2.4342844	1.8332136	2.435626	3.534197	1.6496927	2.0551069	3.0402825	0.7390483	2.5603254	2.3445714	2.3398588	2.992627	2.2765746	3.1752434	3.031582	2.8607516
MCUR1_32908	4.8041124	5.494473	5.6301656	4.545173	5.4695616	5.456365	4.6514254	4.8772855	4.391308	4.846702	4.9969473	4.2866096	5.3312507	5.127592	5.414885	5.242452	4.9270926	5.102104	5.632359	4.8127723	5.2271647	4.8343573	4.903098	4.754689	4.9330125	4.9246063	4.848835	4.691478	5.214689	4.975073	5.4798193	5.1468773	4.5226555	4.9965014	5.3566184	4.8103943	4.3830523	5.4950523	4.9372616	4.4490504	4.3494563	4.8730197	5.049438	4.7723575	4.7355237	4.952388	5.418032	5.5784564	6.0534053	5.4181037	4.855332
MDM2_9214	5.3186493	5.379021	5.8666854	5.3876147	4.7541404	5.096683	5.1257567	5.32029	4.6428385	5.4634604	5.6431704	5.221896	4.572631	4.6056614	5.390806	5.0226336	4.9494233	5.183789	5.016884	4.7395954	5.123209	4.867128	4.8397503	5.4766626	5.2083473	4.8074613	5.5524373	4.820807	5.294991	5.6078515	4.580281	5.111395	5.195023	5.4827843	4.8103905	5.5718813	5.1277866	5.7527456	5.094515	4.6155543	4.471745	5.688898	5.4535427	4.7723575	5.555678	4.693933	4.6822133	5.229972	5.074966	5.733268	5.562449
ME1_9215	3.697336	2.3110406	3.9040134	3.5673409	3.3762684	3.5085077	2.911122	3.2605107	3.5225942	3.965136	3.4996274	3.5462768	2.7439313	1.9373132	4.560497	3.7531235	2.7430372	3.2735412	3.9212723	1.9183995	4.110652	4.0644393	3.2257414	3.5707264	3.5753076	3.0189555	3.7323904	2.2125611	3.2482674	3.1312993	2.9363732	2.9792736	2.8206856	3.1694758	3.1690745	2.98588	3.7198045	3.200062	2.3879235	4.4490504	4.5844727	3.6371455	3.5490766	2.951459	2.5012665	3.6644573	4.646217	4.291709	5.1232677	5.126309	5.4713736
ME2_9216	1.7631619	2.7956865	3.2961977	2.2723026	2.9062183	2.7084813	2.2966683	2.6512198	1.9992051	1.9721766	2.282898	1.6491554	1.5358759	1.9373132	3.4443936	1.7560883	1.9438806	2.3223944	3.733852	2.1619017	3.0287817	1.5686922	1.8362379	3.0452297	2.7615314	1.5335042	2.4668374	2.6898494	1.9388802	2.1961572	2.2317815	2.6239645	0.8140356	2.5356345	2.0267587	2.0518599	2.8891323	2.594546	2.1789894	2.6654315	1.70226	1.488839	1.588432	1.153547	1.1146706	2.3398588	2.4405787	2.6151845	2.3267155	2.911615	2.65541
MEST_9219	4.289591	5.196201	5.8666854	4.1889715	4.3568144	4.9749804	4.8274393	4.741449	3.320974	4.608145	4.4767704	4.846719	4.819067	4.168281	6.0124	4.040521	4.9714136	5.2100205	5.1726503	3.7559724	5.7477226	4.6203685	3.7922184	4.722014	4.6672864	3.513724	3.3300724	3.4981349	5.129652	3.759049	3.7623768	3.798159	3.9452639	4.78959	4.6069818	3.764007	4.7351427	5.5734925	3.2430704	2.9904869	3.2578542	3.8924718	3.629271	4.131929	4.0135446	4.343196	5.4806943	4.4268055	4.7140985	4.8927913	4.1974163
MET_9220	6.8571324	6.2626786	7.00227	6.6797585	6.5452695	6.898923	6.6551666	7.0771394	6.208408	6.540605	6.9172277	6.6539674	6.0900226	5.8829684	6.6108913	6.4263773	6.3349786	6.29213	6.4451327	6.0364113	6.916326	6.5456405	6.070336	6.7387524	6.6973305	5.889172	7.0619345	6.191674	6.3659687	6.961145	6.557163	5.9265018	6.523165	6.9866676	6.114001	7.0153947	7.181754	6.567877	6.175383	5.7088504	5.818926	6.6140594	6.850646	6.1457243	6.9805565	5.8421645	6.484974	6.830285	7.0425024	6.972921	6.9582787
MFAP4_32762	3.318902	3.987233	3.400333	3.7149374	2.7601511	2.853671	3.24468	4.1832037	2.3210802	3.580566	3.4149964	2.581391	2.99374	2.7354863	3.7772083	2.914369	2.636965	2.3223944	3.3545144	0.76129264	4.7570624	4.006783	3.2257414	4.5087037	4.47233	3.6286907	3.2341504	3.2451313	2.7372885	3.9934368	3.303507	1.8408495	2.6569214	4.086987	2.0267587	3.548161	3.6478724	4.526692	3.619502	3.4794793	2.2036915	3.326703	2.1194797	2.0220141	2.6425977	2.6036353	4.9418035	4.8358083	4.3172674	3.3411944	4.3754215
MGC108823_9225	6.893906	8.460122	9.303463	6.359102	8.156855	7.917852	7.734479	7.969091	8.198616	7.5721536	7.9304295	7.5069246	7.9090242	8.014146	7.9049344	7.7402124	7.498731	8.017389	8.766038	7.8079844	7.6025314	7.977499	4.871772	8.325597	8.224246	7.774203	7.477765	8.140086	8.583462	7.801672	8.385783	6.813337	8.418507	8.925298	8.173972	6.649993	8.296289	8.794055	7.7564235	7.1287513	6.9963956	6.78136	7.324088	7.786701	7.500347	7.1971507	9.473382	9.086992	9.440304	9.006989	7.8627343
MGC112715_33057	5.3821487	5.6870804	6.1616025	5.3876147	5.184672	5.8342905	4.3621955	5.581279	4.5839467	5.3124347	5.108945	4.4831705	4.819067	4.427398	5.6358576	5.0226336	5.0561686	5.634777	5.399867	4.0259314	5.6760535	4.7664943	4.2955856	5.9556165	5.9696035	3.834324	5.087121	4.939491	5.100155	5.6427536	4.666819	4.436806	4.7014403	5.7632694	4.6069818	4.934336	5.1539893	5.629645	4.470548	4.483924	3.8604286	4.9869895	4.79509	3.659207	4.941065	4.721964	3.8365083	5.478313	5.237387	5.179226	4.855332
MGC112830_9226	3.2296562	2.5736196	3.0622413	3.2172866	2.7601511	3.5085077	3.141831	3.1575243	2.4585645	2.2186248	2.462306	3.0217755	2.8742359	2.5734606	2.8787735	2.914369	1.7539579	2.8078547	2.708643	3.326985	2.9088483	2.6423824	2.4591324	2.9355001	3.2250526	3.0189555	3.4200125	2.2125611	3.2482674	2.919921	3.0694053	2.284903	2.472159	2.9874854	3.2644873	3.1985953	2.455695	2.737684	2.570392	2.399263	2.3383918	2.6825488	2.8118143	3.1634846	2.3445714	1.823375	3.7711594	3.119443	2.9792266	3.671778	3.8083558
MGLL_9227	3.7624195	2.3110406	3.2961977	4.545173	1.2890483	2.9855762	3.5154157	3.8283224	2.6995428	2.9218345	3.7958171	3.712247	0.7077145	0.77186805	3.0110276	2.1911569	2.2619886	1.8748931	2.4077895	2.713711	3.0287817	3.602016	2.8927681	2.6873035	3.122376	1.7521499	3.8009534	2.3897877	2.3926249	2.8013556	2.2317815	1.6561947	1.7112163	2.2424579	2.4073083	4.4016967	3.1193392	3.2957203	2.1789894	2.7821121	1.70226	3.7704499	3.846141	2.2245977	3.522194	2.1873605	2.4405787	1.8332981	3.5018787	3.142335	3.474912
MGP_33209	1.7631619	2.5736196	3.2961977	0.0	1.9587818	2.5470278	2.091197	2.9264696	2.8064463	2.6126575	2.077968	1.6491554	3.4765677	3.013425	2.8787735	2.6667733	1.7539579	1.8748931	3.2650185	2.552146	3.1395056	1.2084577	2.6186037	2.8167326	3.65103	3.4526122	1.1977407	3.047878	2.5752249	1.1336887	2.7898166	2.004529	2.967741	2.5356345	2.0267587	1.8143951	1.1900772	3.5496664	3.2430704	3.334152	2.5750768	1.1403992	0.0	2.951459	2.5012665	2.9263053	4.2740407	4.1940618	3.2640922	3.3411944	3.273985
MGST1_33167	12.28942	10.765695	11.087414	12.354242	9.107896	10.98731	12.069135	11.736055	8.866221	11.024676	11.810722	11.566723	10.163799	9.943095	10.784244	10.199958	10.480757	10.408913	10.721065	9.920571	10.975811	11.856009	10.090597	11.177721	11.137273	9.693688	11.685505	10.479505	10.492567	11.984097	10.20685	10.108006	10.173506	11.194539	10.079657	11.844414	11.992032	10.529154	9.994341	10.595322	10.470487	11.789856	11.913717	10.112199	11.853144	10.446528	10.214153	10.257144	10.283264	10.471777	12.088429
MIF_9231	7.146408	7.2200885	8.409218	7.1572924	7.8122964	6.898923	7.4789653	8.3244505	7.7737317	7.915675	7.523691	6.9482813	7.905218	7.5636883	7.3016124	7.927995	7.8820915	7.2132783	7.5213895	7.3170686	7.821789	7.5225515	8.145386	8.01427	7.6214437	8.134266	7.482991	7.714321	7.639417	7.6165495	7.7853537	7.3773093	7.864096	7.2518477	8.149184	7.8339663	7.168962	7.9865785	8.13158	7.603322	8.22831	7.597734	8.282859	8.3601055	7.7934656	8.204697	8.260087	7.895572	7.7093625	7.9746704	7.2733984
MKI67_9232	1.7631619	2.3110406	3.7548423	1.1871207	2.597612	2.5470278	2.7802737	2.1047523	1.3212922	2.2186248	1.8390311	2.1892972	2.0586884	2.1818647	2.8787735	1.4768263	2.5224707	1.2227256	2.838406	1.2570211	3.1395056	1.8567106	2.2798173	2.5451083	0.0	1.275699	1.5561608	1.7753943	1.9388802	2.1961572	1.3096737	0.8958736	1.7112163	2.6625395	1.5083932	1.8143951	2.0718052	2.257008	2.1789894	1.3803144	1.4871172	2.2057867	1.2253668	1.7862632	2.1687598	1.3353969	3.6308496	0.71446705	1.1027291	2.297121	3.7055392
MLEC_9235	7.4675183	6.5487647	7.0510807	7.9805098	6.429221	7.5849886	7.716697	7.1593995	6.1788635	7.081994	7.9680457	7.2135267	5.8258595	5.344077	6.8055983	6.3961487	6.4012804	6.2548165	6.5147333	6.0815277	7.284869	7.6122737	6.214652	6.9439464	7.5241103	5.9233575	7.744681	6.1430326	6.1382194	7.571974	6.5684466	5.8206253	6.4870415	7.069172	6.4445467	7.9038653	7.9488153	6.7812257	6.2968974	6.0370407	5.982155	7.073506	7.31199	6.5650187	7.6459675	6.3349824	6.277081	6.5923176	6.527237	5.7508545	7.757444
MMP2_9238	3.8246934	4.7148147	4.855005	4.464024	3.5640745	4.3970637	4.057699	4.7766256	3.5225942	4.26847	3.9838378	3.1430392	3.2066107	3.4468794	4.4247885	3.4732275	4.2504673	3.4599617	3.7990685	0.76129264	4.531982	3.3471458	3.7236884	4.786641	4.630346	3.834324	3.8664052	3.573486	4.6076946	3.8809977	3.5959105	2.5195544	3.335922	4.174781	2.837896	4.5251174	4.2915974	4.4455914	3.917761	3.0843768	3.115025	3.410797	4.0923586	2.0220141	3.1950624	3.1072266	4.320462	4.089322	3.7059622	3.2451882	3.9500241
MMRN2_32997	1.483266	2.3110406	1.6806879	1.8294263	1.9587818	2.5470278	2.091197	2.3107724	0.58460927	1.6747757	1.8390311	1.2775879	2.2628205	2.7354863	2.7331607	2.3676975	1.5351875	2.1159258	2.838406	1.2570211	2.6341627	2.0966876	0.0	2.8167326	3.011828	1.275699	1.8430203	0.6833182	2.5752249	1.7605959	0.79861236	1.6561947	2.011671	2.6625395	0.6915133	0.70423484	2.7586064	2.987318	1.2698381	2.399263	1.2341714	1.1403992	1.588432	2.0220141	1.1146706	2.4777672	0.0	2.7587066	2.4829574	3.142335	2.8607516
MNAT1_9239	5.182596	5.1365104	5.266739	4.7978716	5.033894	5.006382	4.984295	5.1696496	4.168924	4.732349	4.7077756	4.8819904	4.572631	4.9408307	5.182173	4.446643	4.785323	4.985458	5.59612	5.1026754	4.95172	4.6952806	4.903098	5.53426	4.963034	4.653045	4.972892	4.691478	4.476096	5.0549846	5.2184687	4.877955	5.1025486	5.1774263	5.0701213	5.3224826	4.9891205	5.230354	5.1529117	4.874015	4.144076	4.9869895	4.3026175	4.364126	4.941065	3.9751415	6.19225	5.760029	5.4605856	6.198161	5.214828
MPC2_33219	3.5576375	2.4482956	3.4974551	3.9713368	3.8792007	2.3652024	3.4306927	3.8283224	2.9990726	3.0546732	3.0159018	3.4555352	3.3920732	3.4468794	3.1321692	2.6667733	2.3981004	3.0594068	3.1696014	2.9909706	2.2945795	3.437199	1.8362379	3.0452297	2.4585013	3.3220272	3.4200125	2.8193185	3.62484	3.2264056	2.7898166	2.6239645	2.6569214	3.331059	2.5655518	3.9517226	3.7198045	3.200062	3.3467786	2.5384767	2.3383918	4.109333	3.0634718	3.1634846	3.1002145	3.4797902	4.0164742	4.1940618	4.582081	4.113659	3.8083558
MRC1_33067	4.5328355	4.9640923	5.4232535	4.0289	5.4928746	4.9428797	3.340682	4.668412	4.4908404	4.846702	3.8612514	5.0464687	5.759956	4.9736853	5.8802776	5.452878	4.8813667	5.5345488	5.9804406	4.354751	5.5004597	4.3690176	4.9337583	5.677477	4.5535	4.055957	4.602197	4.789545	5.599045	4.5293536	4.580281	4.7220135	5.224576	5.067034	4.9604125	3.9517226	3.2219887	5.7860703	5.1240087	4.6155543	3.9045265	2.8119028	3.5490766	5.2143483	3.4470994	5.36168	4.7516193	4.8991494	5.4030566	4.9241333	4.1974163
MRPL12_9245	7.071339	6.8382454	7.158932	7.394756	7.211929	7.206651	7.1284504	7.392684	7.3696337	7.243795	7.1640797	6.931545	7.2925134	7.0888257	7.078592	7.281306	7.0545135	7.187106	7.341542	7.521893	7.4005613	7.370849	7.1340632	7.0790944	6.800697	7.249036	7.130145	6.8742948	6.74521	7.172956	7.2879868	7.138217	7.344119	6.918362	7.4259586	7.063699	7.2379556	7.5698524	6.9842443	7.002154	7.1690245	6.9871154	7.008913	7.4197044	6.953679	6.8230796	7.9115524	7.757121	7.9085474	7.8658924	7.326335
MRPL19_9246	4.5696683	3.8941805	4.8178773	4.730073	4.1376824	4.80682	4.6514254	4.741449	4.6428385	5.082807	4.4343996	3.8610783	4.366648	4.1103654	3.7772083	4.446643	4.354535	4.790639	4.3271203	3.8283436	3.9976015	4.4577565	4.3870535	4.583367	4.0924416	3.735168	4.0466323	4.214827	4.6891985	4.097743	4.284343	4.74535	4.6148157	4.4100404	4.370112	4.9043345	4.5891457	4.403265	4.722696	4.820448	3.448644	4.902367	4.6488495	4.564081	4.637601	4.693933	4.532502	4.291709	5.215274	4.3162427	4.4408975
MRPS16_9249	4.375311	3.1578226	3.4974551	4.6219993	1.9587818	3.5936723	4.5745316	4.1297936	2.5840793	3.4896183	3.65531	3.9301062	2.6006784	3.6228914	3.7772083	2.5249715	3.324341	3.6250265	3.5183966	3.111882	3.8094523	4.5413523	3.7922184	3.4953887	3.5753076	3.178435	3.9290164	2.5476058	2.5752249	4.2412953	3.6815434	2.406994	2.8206856	3.6700726	3.066902	4.4016967	4.66399	3.8308609	2.8779507	3.334152	3.115025	4.464495	3.629271	3.1634846	4.4957547	2.719398	3.555222	2.7587066	3.5018787	2.476957	4.948328
MRPS2_9250	2.1990027	1.3137702	1.9785899	2.451389	1.9587818	2.3652024	2.7802737	2.4910152	1.9992051	2.2186248	2.621851	2.3986237	1.8208362	1.6426728	1.2703954	1.1302094	0.9628306	2.1159258	1.1573405	1.9183995	2.0891902	1.8567106	0.7160639	1.4924659	1.1920056	0.5594628	1.5561608	1.7753943	1.6441145	2.5302608	1.6862907	2.004529	2.2602103	2.6625395	1.7907331	2.4342844	2.0718052	2.053109	1.6401663	2.2451668	1.70226	2.6825488	3.2776825	1.7862632	2.3445714	1.0112327	3.4754093	1.5472676	2.4829574	1.2047167	2.65541
MS4A1_34110	1.1356703	2.3110406	2.2253819	1.1871207	3.9482906	2.157111	2.2966683	2.3107724	2.4585645	2.2186248	1.5525111	1.2775879	3.104098	2.5734606	1.9352914	2.1911569	1.9438806	2.9391065	1.7911546	3.111882	2.6341627	1.8567106	1.8362379	2.2101986	3.011828	2.2599542	3.2341504	1.7753943	2.1835182	1.4809296	3.1911995	2.5195544	2.472159	2.0700042	3.4382432	1.8143951	1.5471903	3.200062	2.8779507	2.2451668	0.92724514	0.0	1.2253668	2.5603254	1.1146706	1.59992	4.4513865	4.1940618	3.8275614	2.7807593	3.3441162
MSN_9253	6.289462	6.6085687	7.195577	6.047144	6.0902305	6.561106	5.818576	6.2530107	5.553551	6.182456	5.8015738	5.5850525	5.9492693	5.756515	6.48006	6.1526985	5.880121	6.095092	6.6709766	5.484961	6.452619	6.1524553	5.440215	6.4897847	6.2987394	5.2816105	6.576636	6.07983	6.032879	6.5929837	5.945632	5.556104	5.796619	6.4043584	5.751892	5.984105	6.1335855	6.6873374	5.6349244	6.3332114	5.660788	5.83303	5.29047	5.6433964	6.1000614	5.964532	6.778956	6.8544564	6.7357893	6.8477526	6.024251
MSRA_9254	6.6405272	7.276484	7.2171254	7.050162	7.5652823	7.8459024	6.6458006	7.5226884	8.188768	7.6265254	6.5010405	7.029169	7.44709	7.3043323	7.0169997	7.7875595	7.738803	7.7621317	7.4109864	7.5859194	6.8608418	6.4297633	8.125603	6.9789386	6.706233	7.518711	6.6803727	7.7634177	8.279021	7.5537505	7.294797	7.7561164	8.028105	6.99272	8.228235	7.0293617	6.592201	7.386463	8.246662	7.23493	6.840549	7.111698	7.4563828	7.55738	7.0003905	7.130742	7.414067	8.04658	7.7093625	7.7871127	6.7736573
MT1A_9255	3.6291769	6.3440967	6.872491	5.553705	7.816922	7.151539	4.984295	5.932688	4.7269006	6.182456	4.7429204	5.3280163	7.756843	6.150569	6.631588	6.323049	6.832213	6.5704327	7.6855993	6.708136	5.458356	5.3798304	6.995606	8.487448	6.546871	8.331734	6.023326	8.729534	8.715769	5.909591	7.018594	4.3481307	8.532184	4.5479527	6.7549667	6.6040697	5.3019347	7.579388	8.185031	8.011533	4.4421306	5.0407667	7.848576	7.853154	7.120046	8.312326	8.543039	7.786732	6.527237	8.86885	6.0454555
MT2A_9256	2.675235	5.308648	5.9202175	3.7149374	6.908124	5.8166847	2.091197	4.810965	4.208451	4.732349	3.4149964	3.8610783	7.44709	5.0679846	5.034578	5.0996885	5.8916993	5.358121	6.8888507	5.5927734	3.6688373	3.9467263	6.615399	8.070509	5.5622196	7.5627537	5.243111	8.013894	8.238982	4.704761	5.910593	4.220724	8.339673	3.6083453	5.83195	5.102316	3.8537283	6.271086	7.4361625	6.983997	3.3878083	3.6371455	7.103195	6.6985874	5.6756635	7.4485145	7.575894	7.069341	5.718149	8.623638	4.8064847
MTA1_9257	4.640628	3.5111294	4.3821325	5.2731752	3.038847	3.5936723	4.217966	4.741449	2.6995428	4.1546707	3.7958171	4.2866096	2.4416173	2.7354863	3.7009227	3.4732275	3.391122	3.77313	3.5938473	2.9909706	3.3383183	4.8008246	1.8362379	4.06339	3.791503	2.5203478	4.848835	2.8193185	3.0152833	5.0549846	1.9846656	2.7213259	3.1011837	3.4055345	3.9781444	5.2996144	4.867713	3.7655318	3.534197	3.334152	2.8701653	4.716597	4.79509	2.8324869	4.637601	3.1072266	4.1250777	4.627166	3.8275614	3.3411944	4.855332
MTF2_9259	4.864649	5.2155614	5.541846	4.830612	3.7302246	4.80682	4.534491	5.271804	4.0864654	4.4722323	4.5968914	4.5283937	5.0571885	4.646986	4.938183	4.446643	4.708847	4.6823845	5.1970515	4.1996894	4.857672	4.1732683	3.7922184	5.196502	4.2468505	4.055957	4.8808637	4.5115843	4.112363	4.412865	4.534984	4.2858334	4.204518	4.9223433	4.493403	4.8103943	4.929693	5.1039143	4.5595846	3.9475968	3.3878083	4.613897	4.5697665	4.2293363	4.114065	4.3066416	4.9418035	4.383164	4.946625	5.15301	4.7559257
MTFR1_9260	6.1135497	4.5719104	5.0275335	5.7717032	4.1376824	5.0672064	5.867745	5.32029	3.642881	4.9526534	5.7678456	5.668223	3.837692	2.7354863	5.5073733	3.815366	3.8838544	4.565343	4.1384206	3.679778	5.096006	5.667165	3.7922184	5.3540745	5.2816496	3.5723524	5.685331	4.214827	4.476096	5.625408	3.9808064	2.9792736	4.2626543	4.514691	3.7985182	6.0125084	5.7427506	4.1193533	4.5157533	3.996721	3.9473164	5.637466	5.7510586	3.512115	5.9585276	3.4125795	5.0282516	4.9598265	4.7140985	4.860753	6.0766897
MTMR2_33004	4.289591	4.8694844	4.8912005	4.730073	4.1376824	4.1938534	4.450914	4.379027	4.320921	4.26847	4.3907466	4.338317	3.2066107	3.9212065	4.6845293	4.5600543	4.451598	4.298234	4.960986	4.0862064	4.531982	4.3690176	4.2955856	4.688581	4.871027	3.6286907	4.9428635	4.0662227	4.7663426	4.7693586	3.9808064	4.0809665	4.5226555	4.335803	4.1378617	4.4440207	4.0338454	4.6403866	4.274074	4.3004603	3.6691785	4.503321	4.60985	4.027466	4.637601	4.544975	5.2602787	4.989234	4.5470986	4.7601357	5.05673
MUG1_33047	15.588411	15.813634	15.717326	15.273216	15.456137	15.376911	15.620594	15.850527	15.345782	15.846619	15.619127	16.19589	15.335	15.0877285	15.505366	15.558038	15.8261595	15.489773	15.571728	14.965247	15.803632	15.760305	15.121873	15.858853	16.031128	15.426743	15.6904335	15.268917	15.061014	15.942488	15.683834	15.405485	15.314676	15.964881	15.4270935	15.343386	15.887486	15.503866	15.338202	15.122559	14.701428	15.556874	15.9108	15.359865	15.624185	15.519949	15.4313545	15.722776	15.591058	15.293562	15.85869
MUT_9264	6.893906	4.917564	5.3208194	5.885148	4.9688754	5.362414	6.2966805	5.581279	3.8063707	5.1135902	5.697927	5.5634885	4.177663	4.5631175	4.938183	4.5232325	4.451598	4.392873	4.9322033	3.9630284	5.7301364	5.858587	3.980205	5.589646	5.3961062	3.6286907	6.037604	4.549402	4.8395705	6.084801	4.624199	4.0809665	4.8976593	4.947489	4.6069818	6.172101	5.597562	5.130104	4.1647973	4.55124	3.9045265	5.964062	5.854777	4.982539	5.9034123	4.665346	4.532502	5.278421	4.891912	5.179226	6.195273
MVD_9265	2.675235	1.9897953	1.9785899	3.0042105	1.9587818	2.853671	3.141831	3.2605107	2.905972	2.6126575	3.9238462	2.1892972	2.2628205	0.77186805	3.243922	2.5249715	1.2772086	1.2227256	2.5660443	0.76129264	1.2029109	4.006783	2.075009	2.2101986	1.8356827	2.6348078	3.0207527	1.7753943	1.9388802	3.759049	2.7898166	1.1960433	0.8140356	2.887088	2.4073083	3.8918242	3.3178172	3.200062	2.8779507	2.6654315	2.3383918	3.326703	2.1194797	1.7862632	3.522194	2.0168164	2.0577211	1.5472676	2.7523265	2.476957	3.5948293
MVP_9266	3.6291769	3.6313283	4.432127	4.1889715	3.5640745	3.9572527	4.1664968	4.8445063	1.8065978	3.965136	4.1501555	3.4555352	2.2628205	2.5734606	3.535067	2.7958763	3.0212092	2.5029805	3.2650185	2.1619017	3.5930324	4.1732683	2.8927681	4.2119765	4.4299655	2.8396301	4.10203	2.2125611	2.8829715	4.2412953	2.7898166	2.406994	3.7957757	4.612261	2.5655518	4.117802	4.7694445	3.5496664	2.8779507	2.7821121	1.8894439	4.3413258	4.034631	2.8324869	4.7036157	2.1873605	2.8731365	3.49237	2.8702326	3.671778	4.4725537
MX1_9267	3.8246934	5.1160517	5.152088	3.7149374	3.4732254	6.65326	4.217966	4.810965	2.8064463	3.6661186	4.3457317	4.614798	3.9002123	4.223962	5.2902575	4.59596	3.685282	5.2610955	5.8480244	4.0259314	5.0400114	4.414069	4.3870535	5.196502	5.3961062	2.9320772	3.9290164	4.939491	4.6891985	5.5900784	4.968852	4.043804	4.318538	4.9722033	3.8609118	3.3839397	4.1425314	5.4950523	4.3257575	4.820448	3.448644	3.5655706	2.6673462	4.564081	4.1618156	5.087805	5.6718554	4.5103173	5.809545	5.327242	4.831115
MX2_9268	4.150632	3.5724802	3.400333	2.451389	3.038847	5.7440305	3.743284	3.531564	3.320974	2.9218345	3.4996274	3.712247	3.9601355	2.8811386	3.9844897	3.9874403	2.7430372	4.1969485	3.9212723	3.5993342	3.242334	3.251095	3.7236884	4.06339	3.4953897	3.3220272	3.5846395	4.3917923	3.854183	4.2412953	4.534984	2.8983095	4.14394	4.041002	3.8609118	3.764007	4.3830523	4.779257	4.1068897	4.84748	2.6802902	2.2057867	2.1194797	4.636899	3.7265353	4.02099	4.971199	4.338161	5.215274	4.9848456	3.1225834
MYC_9271	3.318902	2.159341	1.9785899	3.0042105	1.9587818	2.5470278	3.6712542	3.446748	2.3210802	2.4290519	3.0159018	2.581391	1.5358759	0.0	3.0110276	0.6730612	1.5351875	0.7371988	2.027206	1.6252826	3.5130224	1.5686922	3.411482	1.1434783	3.4107835	2.9320772	3.0207527	2.0104735	2.5752249	2.1961572	1.6862907	2.6239645	2.6569214	2.7791781	1.5083932	3.9517226	4.7351427	1.8155732	0.7703406	1.0488179	3.448644	1.769281	3.174549	2.5603254	1.4584783	1.59992	1.1797101	1.1901431	1.4443535	2.6368403	2.8607516
MYCBP2_9273	2.8044732	2.4482956	3.2961977	2.7541187	2.9062183	2.5470278	3.340682	3.0466177	1.8065978	2.9218345	2.765496	3.1430392	2.4416173	1.9373132	2.1797314	2.914369	3.0212092	1.8748931	1.5087776	1.9183995	2.9088483	3.1481903	2.2798173	2.5451083	2.617958	2.3960178	3.0207527	2.0104735	3.1364734	2.6721666	2.2317815	2.5195544	2.472159	2.5356345	1.7907331	1.8143951	2.0718052	2.435626	3.0101936	2.072621	2.4615827	2.0039802	1.588432	1.7862632	2.9986892	2.0168164	2.4405787	3.2220936	3.2640922	3.3411944	2.7617311
MYL12A_33284	2.9230795	2.6889215	3.400333	3.5673409	2.9062183	3.1064248	2.7802737	3.3566325	2.3210802	2.6126575	2.621851	2.581391	2.7439313	3.013425	3.4443936	3.2206914	1.7539579	3.1704433	2.5660443	1.9183995	2.6341627	2.786402	1.5499562	2.5451083	3.3209047	1.9419785	2.6264875	2.8193185	3.1364734	2.5302608	3.0694053	2.004529	1.7112163	3.2525284	2.7081409	2.5931726	1.8332136	3.2957203	2.3879235	2.8900583	2.956486	2.930607	3.0634718	2.4022055	2.8894746	3.189834	2.992627	2.8892338	3.7680426	3.8779073	3.0404751
MYL12B_32708	6.657736	6.541112	6.9772315	6.5773745	6.207605	6.256115	6.455212	6.429147	5.441908	6.12318	6.0741563	6.422028	6.254605	6.1215434	6.7017736	6.0784965	6.0856304	6.497763	6.328488	6.0815277	6.463303	6.7701635	6.334391	6.509065	6.8416724	5.877594	6.8598247	5.826199	6.716338	6.610721	6.487539	5.8745346	6.5584064	6.2910557	6.4546976	6.6857076	6.271615	6.704869	6.1469316	6.2944455	5.9924073	6.7970705	6.3685427	6.365203	6.6779966	6.1819396	7.608998	7.2683744	7.180153	7.175337	6.9526777
MYL2_32406	0.6768118	0.0	0.7951595	0.0	0.0	0.0	0.0	0.0	0.58460927	0.7915216	1.1946218	0.0	1.1804214	1.2719984	0.0	0.6730612	0.0	0.0	0.0	0.76129264	0.0	0.7272255	0.0	0.0	0.7157622	0.0	0.0	0.0	0.0	1.1336887	0.0	0.0	0.0	0.0	0.6915133	0.0	0.0	0.0	0.0	0.0	0.0	1.1403992	0.0	0.0	0.6624132	0.0	4.9418035	5.1798387	5.569188	4.9548087	6.0971427
MYL9_9276	1.7631619	3.07545	3.400333	1.5437274	2.7601511	2.5470278	2.2966683	2.1047523	2.5840793	2.2186248	2.077968	1.2775879	2.4416173	2.5734606	2.3886938	2.6667733	2.841842	2.1159258	2.5660443	3.111882	2.778033	2.3023815	3.321599	3.0452297	2.7615314	2.6348078	0.0	2.0104735	3.352018	2.6721666	1.9846656	2.1515164	2.8206856	1.8741015	2.837896	0.70423484	1.5471903	3.2957203	1.6401663	2.072621	2.6802902	1.769281	2.3260906	3.2588525	1.4584783	2.6036353	3.7711594	2.7587066	3.6410902	3.3411944	2.2793913
MYLK_9277	5.058514	4.30899	4.9609766	4.8939457	4.455044	4.488855	5.4175487	5.030861	3.9059012	4.732349	4.7077756	4.8105626	3.5563867	3.2463703	4.1656966	3.393861	3.9295027	4.0880117	4.370676	3.679778	4.572019	4.6952806	4.1464963	4.848497	4.9023523	3.4526122	4.848835	3.6450963	4.649022	5.0549846	4.2285304	3.5557184	4.0807066	4.7328677	3.9781444	5.276378	4.929693	4.268282	3.619502	3.6732368	2.6802902	4.424596	4.98993	3.9148438	4.4957547	3.4125795	4.0164742	3.8538375	4.358206	4.535035	5.097908
MYO10_9278	3.0326717	3.6313283	3.5884495	3.9113815	2.204507	3.2179284	3.8118882	3.6116695	2.1691005	3.0546732	3.4996274	3.1430392	2.99374	2.5734606	3.6203768	2.7958763	2.9343114	2.8078547	2.2300112	2.1619017	3.0287817	3.251095	2.075009	3.4953887	3.4107835	2.2599542	3.504673	2.6898494	2.7372885	3.9934368	3.5048723	2.6239645	2.6569214	2.3964808	2.9569383	3.548161	3.9162993	3.6971037	2.7323515	3.1725283	2.8701653	3.2374017	3.629271	2.4022055	3.8482714	3.189834	3.4754093	2.455791	3.7059622	3.142335	3.8083558
NAA10_32633	1.7631619	2.5736196	2.6198554	2.7541187	2.597612	2.7084813	3.24468	3.531564	1.5842559	2.9218345	2.462306	2.581391	0.7077145	1.6426728	3.243922	2.1911569	2.5224707	1.8748931	2.4077895	2.552146	2.4743395	3.6778624	1.5499562	2.2101986	2.7615314	2.109709	2.4668374	1.4944088	2.5752249	2.8013556	2.6266706	1.1960433	0.8140356	2.6625395	0.6915133	3.3839397	3.1193392	2.435626	0.7703406	2.072621	1.8894439	3.1422062	2.1194797	1.5043167	3.1002145	1.0112327	3.2054758	1.5472676	1.9519659	1.2047167	3.1225834
NAAA_32484	2.375796	2.5736196	3.4974551	2.451389	1.2890483	2.3652024	2.7802737	2.4910152	1.9992051	1.9721766	1.5525111	1.6491554	1.8208362	1.2719984	3.243922	1.9899611	2.5224707	2.3223944	2.2300112	2.3701787	3.0287817	0.7272255	1.5499562	2.2101986	2.8921008	1.5335042	2.0821931	2.0104735	2.7372885	3.0294778	2.7898166	1.1960433	1.3312725	2.5356345	2.7081409	2.0518599	2.0718052	2.257008	2.7323515	1.8765994	0.92724514	0.68006337	2.1194797	1.7862632	2.6425977	1.3353969	2.0577211	3.0089254	3.2640922	2.476957	2.9534101
NADK2_32534	3.5576375	2.3110406	3.831355	3.4874642	2.597612	4.080398	3.6712542	3.531564	2.8064463	2.2186248	3.65531	3.5462768	3.104098	2.8811386	3.6203768	1.7560883	3.51607	2.3223944	3.3545144	2.552146	3.9375708	3.8185487	2.8927681	3.8379865	2.8921008	2.5203478	3.1313937	2.93812	2.8829715	3.554308	2.9363732	2.284903	2.472159	3.4055345	2.7081409	3.6237552	3.5721645	2.987318	3.4435291	3.334152	3.1882064	4.2066507	3.2776825	3.3483052	3.661585	3.3420844	2.7428484	3.8538375	2.9792266	3.2451882	3.3441162
NAT1_33063	6.8496637	5.601367	6.3292866	6.1544905	5.945656	6.7305083	5.8351526	6.037915	5.553551	5.704953	5.944293	6.1013103	5.8888836	6.164865	6.4454103	5.736384	5.369398	6.267362	5.9520473	5.368437	5.8970385	5.7219396	5.3746824	6.050785	6.213891	5.246035	6.106947	5.763224	5.7773542	5.951954	5.6594005	5.729948	5.7363467	6.25122	5.951464	6.3383994	5.858812	6.3950596	5.771651	5.4156413	5.51195	5.3271003	6.221069	5.55221	6.427577	5.56106	6.422501	6.1337013	6.272691	6.248552	6.2141223
NCK1_9286	5.3186493	5.1365104	4.9265103	5.45216	4.1376824	4.80682	5.2545776	4.7766256	3.0865276	4.423926	5.212871	4.4831705	4.4526014	3.4468794	5.2099624	3.5484548	4.0988927	4.346329	4.1879597	3.111882	4.6109753	5.629458	4.2955856	5.0462265	5.305279	2.9320772	5.1672235	3.1498733	4.728286	5.2933	4.3380756	3.0559347	3.8724551	4.896752	2.4073083	5.388989	5.0179405	4.220327	3.8487759	3.334152	3.115025	5.0407667	4.8957973	2.8324869	5.3023205	3.9751415	4.1764603	4.589258	4.0930934	4.268201	5.390823
NCL_9288	7.7300076	7.186143	7.3530984	7.924738	6.1501107	7.1444993	7.7693987	7.8378515	5.9414716	6.751025	7.7478495	7.395398	6.0900226	5.865568	7.1804285	6.484999	6.256555	6.409967	6.5340176	6.0962586	7.1458807	7.75481	5.99964	7.1606054	7.0093	5.7179646	7.650279	6.1054444	6.529806	7.828448	6.310691	5.8532124	6.2632647	7.168755	6.3498244	7.9189487	7.6824546	6.6784916	6.4327316	6.0370407	6.1194544	7.742696	7.5365543	5.945275	7.961404	6.279476	6.592922	6.7466564	6.672274	6.6650352	8.073529
NCOA1_9289	3.318902	1.3137702	3.0622413	2.6106799	1.6624343	2.9855762	3.0310833	2.1047523	1.5842559	2.4290519	2.462306	1.9443585	1.8208362	1.2719984	2.1797314	0.0	2.2619886	0.7371988	1.1573405	1.2570211	2.4743395	2.6423824	1.5499562	2.2101986	2.4585013	0.5594628	2.4668374	1.7753943	1.2732412	2.5302608	1.6862907	1.1960433	2.6569214	2.3964808	2.0267587	3.294242	1.1900772	2.987318	2.3879235	2.2451668	0.0	2.2057867	3.0634718	0.689121	3.4470994	1.59992	1.5350422	1.5472676	1.7203709	1.8519349	3.410996
NCOA3_9290	4.289591	4.6593394	5.347118	4.0289	4.501759	4.616441	4.1664968	4.741449	3.3913584	4.1546707	3.7958171	4.2329803	4.177663	3.8522093	4.9710355	4.091718	3.9295027	5.073815	4.8109617	4.354751	4.921047	4.5413523	4.5142236	5.196502	4.630346	3.4526122	4.2564993	3.4186301	4.331278	4.5661826	4.2285304	3.657633	4.424204	4.514691	4.6069818	4.2667212	4.0892115	4.9359283	4.1068897	3.7893128	3.7194197	3.8327506	3.9744961	3.4325337	4.2528214	4.3066416	4.1250777	4.0339556	4.5470986	4.575076	4.4408975
NDRG1_32364	3.9417143	4.2724814	4.8912005	4.238611	4.4067645	4.532649	3.24468	4.1832037	4.425254	3.8959892	4.299267	4.2329803	4.0176687	3.7034492	4.047455	4.968878	4.571624	4.6823845	4.746293	3.9630284	4.531982	4.4577565	4.0377917	4.3031607	3.7229755	3.5723524	4.6401196	4.3917923	4.279584	3.8809977	4.170472	3.3273613	3.5377576	3.7292666	3.7985182	3.6955848	3.6478724	4.9059253	4.470548	3.896741	3.7194197	4.058097	4.0923586	3.512115	4.3384256	4.665346	4.646217	4.929807	4.9993396	5.5645204	3.9500241
NDRG2_32998	4.3330874	4.601646	5.2940326	4.1889715	4.9688754	4.8420568	4.217966	4.630459	3.9532046	4.26847	4.041434	4.7734776	4.7528453	4.801377	4.904565	4.996006	4.419964	4.9547606	5.016884	5.2679276	4.572019	4.9305177	4.903098	4.9078097	4.0370674	4.732318	4.0466323	5.0753083	5.4433146	4.602095	5.274664	4.6982937	5.195023	4.2167525	5.0163097	4.7441874	4.1939507	5.2543645	5.4376388	4.7361727	4.2841916	3.6371455	4.034631	4.954324	3.788687	4.150392	5.7072253	6.247597	5.7337894	6.105507	5.176898
NDUFB8_33155	5.6289735	5.929115	6.176345	5.4936395	6.1791444	5.7440305	5.1524577	5.5203233	5.780319	5.684595	5.2861795	4.846719	6.402319	6.0616803	5.931252	6.1160746	5.6126795	6.0229416	6.739031	6.249084	5.912714	5.6484346	6.214652	6.1276417	5.6009226	5.8182697	5.406049	6.092694	6.1526594	5.572084	6.487539	6.0440793	6.1902523	5.7632694	6.294383	4.8423924	5.6537337	6.340025	6.396936	6.0487347	6.081541	5.2606664	5.385898	6.332692	5.4248013	6.161615	6.8118243	6.846444	6.490882	6.4122286	6.2419434
NDUFV3_32394	6.5695624	6.923127	7.5639887	7.3102207	7.1691546	7.36038	7.1351595	7.415181	7.2935677	7.179781	7.006702	6.8801384	6.6407003	6.714238	6.867979	7.4129424	6.925282	6.846068	7.038136	7.310767	6.484436	6.6715717	6.874399	6.54687	6.7499394	6.5079036	6.794067	7.3139834	6.8194914	7.4639	7.026798	7.4465737	7.6079173	6.8926992	7.66329	7.036295	7.096503	7.325437	7.4536915	7.1065445	6.9016614	7.4761367	7.256255	7.077819	7.8673306	7.077494	7.809464	8.536934	8.471823	7.7569685	7.4704876
NEFH_33218	1.1356703	1.3137702	2.4360592	1.1871207	2.597612	1.9138626	1.2043949	1.2144328	1.3212922	1.9721766	1.5525111	0.0	1.5358759	2.1818647	1.640813	2.1911569	1.9438806	2.3223944	2.027206	0.76129264	2.778033	1.8567106	1.1924393	1.1434783	2.074421	1.275699	1.5561608	2.0104735	2.8829715	2.8013556	2.4426951	1.6561947	2.2602103	1.8741015	1.5083932	2.2557068	1.5471903	1.5310675	2.8779507	3.7893128	2.5750768	3.5655706	3.3739324	2.5603254	3.4470994	2.8265579	0.0	1.1901431	1.4443535	0.72461534	0.567391
NENF_9296	2.675235	2.159341	3.400333	3.0042105	1.9587818	2.9855762	3.595438	3.0466177	2.5840793	2.9218345	3.1264923	2.3986237	1.5358759	1.9373132	3.3476372	2.3676975	1.2772086	3.1704433	3.5183966	2.552146	3.1395056	3.0373778	2.6186037	2.5451083	3.011828	1.5335042	1.1977407	1.1451283	3.4488056	2.372859	1.3096737	0.8958736	2.2602103	3.331059	1.7907331	2.736285	2.2764814	2.435626	0.0	1.6496927	1.70226	3.326703	3.174549	1.153547	2.9986892	2.6036353	2.5996156	1.5472676	2.3267155	3.3411944	3.273985
NET1_9297	7.2967825	5.6160107	6.8450727	6.2422833	5.4217744	5.5658035	8.054167	6.8399925	5.568818	6.649648	7.311829	6.8625875	5.580685	5.678946	6.1903405	5.5475993	5.6126795	6.2421613	6.075635	5.462397	7.1392336	6.350862	6.8664746	5.912826	6.89715	6.0627937	6.7251678	6.6402464	5.93603	6.556841	6.0459146	5.9766617	6.7227516	7.1198225	5.4407325	7.873216	7.7003455	7.0788417	6.4791183	6.0603347	5.735934	7.3907037	7.423023	5.712411	6.796177	5.4141674	6.8118243	7.1300073	6.4630017	7.510834	7.326335
NFATC3_9299	5.032364	4.8937244	5.0275335	4.7643704	4.590883	4.910049	4.7595882	5.0879884	3.5225942	4.03112	4.9675345	4.4831705	3.9601355	4.168281	4.4247885	3.9874403	4.354535	4.0302944	3.8614638	4.1440635	5.300493	4.7664943	4.3870535	5.0462265	4.7727504	4.0964723	4.713098	3.840789	4.331278	4.637135	4.284343	3.9262035	4.204518	4.445774	4.086562	4.8423924	4.9891205	4.220327	4.1068897	3.8440266	3.5070176	4.5779715	4.79509	3.659207	5.0209155	3.4797902	4.071798	4.338161	4.8057427	4.493851	5.0143414
NFE2L2_9301	7.641952	8.529447	8.79322	7.4694223	8.42875	7.9260855	7.8893366	8.057556	7.9088373	7.8440557	8.14925	8.039343	8.60891	8.515934	8.565231	8.295891	7.7922883	8.2342005	8.303769	7.8607016	8.324856	8.392043	7.278418	7.923779	8.039352	8.102293	8.060027	7.7873535	7.822152	7.730448	7.77565	7.6364026	7.882753	8.347339	8.011564	7.6608496	8.056916	8.226987	8.124302	7.492091	7.5202837	7.7747874	7.7667284	8.005298	8.093465	7.530051	9.059876	8.521921	8.723644	8.310354	8.099106
NFIA_9302	6.578626	6.063396	6.2478795	7.000669	5.445866	6.592483	6.8224616	6.3612504	5.780319	6.253282	6.521425	6.0557013	5.618366	5.127592	5.7538285	6.2684703	5.7963643	5.850239	6.114585	5.85775	6.245403	6.303759	5.5232043	5.898276	6.188703	5.094254	6.185985	5.6459365	5.681025	7.166974	5.638138	5.885079	6.523165	6.2811995	6.4847283	7.2180147	6.9168854	5.927182	5.9135237	5.8357673	5.497626	7.060547	6.883719	6.0688534	7.0392594	5.999306	6.204678	6.523633	6.622732	5.9467025	6.3651185
NFIL3_9304	5.340128	3.379998	4.102316	5.342922	2.9062183	4.1938534	5.5030246	4.9406905	1.8065978	4.1546707	5.108945	4.7734776	2.2628205	2.1818647	3.7009227	2.6667733	2.2619886	2.9391065	3.6655471	1.6252826	3.9375708	4.9611974	1.5499562	3.4953887	4.630346	2.2599542	5.192965	1.7753943	3.539506	4.5293536	1.6862907	1.4443876	3.7147906	4.2972007	1.1570135	5.0756426	5.1797247	3.4698832	3.2430704	1.8765994	2.3383918	4.8124704	4.98993	2.7028143	4.5684204	1.823375	2.5996156	3.2220936	2.6239195	2.0916321	4.855332
NFKB1_9305	4.4163337	3.8941805	4.6590047	4.1375628	4.1376824	4.0201387	4.7595882	4.016648	3.0865276	4.2126923	3.7272735	3.5462768	3.4765677	3.1345942	3.7772083	3.688074	3.685282	3.9074347	3.733852	2.9909706	4.110652	4.3225136	3.2257414	4.114638	4.5924344	2.9320772	4.972892	2.8193185	4.112363	3.759049	3.6815434	3.706012	3.9452639	4.335803	3.066902	4.0645385	4.3830523	3.5496664	3.7000437	3.546998	3.617124	4.716597	4.686823	3.9148438	4.208036	3.4797902	4.1764603	4.929807	4.682209	4.218504	4.271274
NFKBIA_9307	1.1356703	2.159341	2.4360592	2.2723026	3.038847	1.9138626	2.091197	1.5756721	0.9994701	1.6747757	1.1946218	1.2775879	0.7077145	1.6426728	2.7331607	1.4768263	2.3981004	2.663456	1.5087776	2.552146	2.4743395	1.5686922	2.075009	1.1434783	2.4585013	2.5203478	2.0821931	2.0104735	3.1364734	2.1961572	1.3096737	2.004529	2.472159	1.3782007	1.5083932	2.0518599	2.455695	1.5310675	2.7323515	2.2451668	1.8894439	2.5404441	2.9431233	2.2245977	2.1687598	2.3398588	2.261813	2.6151845	2.1514747	2.7807593	2.4159133
NFKBIB_9308	2.8044732	3.1578226	2.6198554	3.3130789	2.597612	3.4179986	3.0310833	3.2605107	3.8569942	3.7468808	3.3250897	2.889376	2.99374	3.3501055	2.5711837	3.2206914	3.1031692	2.9391065	2.9574547	3.326985	3.3383183	2.6423824	3.411482	2.008209	3.3209047	3.4526122	3.0207527	3.2451313	3.62484	3.4790516	3.9808064	3.5019276	3.223322	3.2525284	3.5933034	3.4683857	2.8891323	3.5496664	3.7763257	3.7893128	3.6691785	4.0049734	3.2776825	4.2756796	4.208036	4.150392	2.5996156	4.338161	4.745298	3.5159345	3.2002692
NGRN_33016	2.5332706	3.6313283	3.7548423	2.451389	3.8066347	2.5470278	2.6363633	3.0466177	2.3210802	2.9218345	2.8961248	3.5462768	3.3920732	3.1345942	3.9844897	2.3676975	3.0212092	3.5448534	3.3545144	2.713711	2.9088483	2.9173408	2.8927681	3.415899	3.9195037	3.100898	2.7702174	3.573486	3.0152833	3.0294778	3.1911995	2.6239645	3.1011837	2.9874854	3.3539796	2.8664734	3.0088224	3.097608	2.8779507	1.8765994	1.8894439	1.488839	2.1194797	2.951459	3.4470994	2.4777672	3.7711594	4.2437115	3.7680426	4.113659	3.3441162
NGRN_9310	4.244742	3.6313283	4.22083	4.0842543	3.1603029	4.0201387	3.6712542	3.9565632	2.5840793	2.7755125	3.7958171	4.2329803	3.2066107	2.3909085	4.274977	2.7958763	3.4549482	3.7009778	3.5938473	2.1619017	3.242334	4.006783	2.075009	4.010254	3.7229755	1.9419785	3.9890227	2.2125611	2.3926249	3.9383125	3.0694053	1.6561947	2.8206856	3.8935378	3.066902	4.009233	3.9762692	3.6971037	2.3879235	2.5384767	2.4615827	3.5655706	4.201315	2.5603254	4.114065	3.189834	2.5996156	3.2220936	3.1752434	3.5159345	4.0790167
NGRN_9311	3.318902	3.5111294	4.102316	3.6430259	2.7601511	4.080398	3.0310833	3.1575243	2.905972	3.3925493	3.65531	3.0217755	2.2628205	2.1818647	3.9186504	2.5249715	3.1031692	3.6250265	3.3545144	2.1619017	2.2945795	3.251095	2.8927681	3.415899	3.9195037	1.5335042	3.5846395	3.047878	1.9388802	3.759049	1.9846656	2.284903	2.967741	3.4763536	2.7081409	3.764007	3.6478724	3.200062	2.3879235	2.072621	1.70226	3.5655706	3.629271	2.2245977	3.4470994	3.189834	2.4405787	2.8892338	3.0805616	2.0916321	3.7578633
NGRN_9312	3.8843899	3.8941805	4.5724864	3.6430259	3.038847	3.8226066	3.743284	4.0743294	1.8065978	3.580566	3.1264923	3.2548962	2.7439313	2.7354863	4.516664	3.023864	3.4549482	3.3697603	2.708643	1.6252826	3.9976015	3.8840604	2.4591324	4.164128	3.7229755	2.2599542	3.9290164	3.047878	3.0152833	3.8809977	3.0694053	1.1960433	3.7147906	4.174781	2.9569383	4.3131304	4.3380494	3.097608	1.6401663	2.7821121	2.3383918	3.6371455	4.2528553	2.951459	3.4470994	2.8265579	3.1029732	3.7884288	2.9792266	2.297121	3.8571408
NHEJ1_9313	2.5332706	1.9897953	2.4360592	1.8294263	2.4144073	1.2534345	2.091197	2.9264696	2.3210802	1.9721766	1.8390311	1.9443585	1.5358759	1.9373132	0.77073467	2.3676975	1.9438806	2.3223944	2.5660443	0.76129264	1.2029109	0.7272255	2.762189	1.773262	2.279205	2.2599542	2.0821931	2.6898494	2.7372885	2.1961572	1.3096737	1.4443876	1.7112163	1.0470449	2.9569383	2.4342844	1.8332136	2.053109	2.3879235	1.8765994	2.2036915	2.5404441	1.2253668	0.689121	2.8894746	2.3398588	2.8731365	2.0718946	1.7203709	2.476957	2.4159133
NHP2_32664	3.0326717	5.0528755	5.0911546	3.2172866	5.84054	4.488855	3.24468	4.332506	5.0433664	5.0191975	3.0159018	4.2866096	5.793284	6.26116	5.6152225	4.884291	5.496161	5.102104	5.8480244	5.484961	5.521059	4.2247515	5.6941237	4.848497	4.6672864	5.6240854	3.5846395	4.8514056	5.681025	3.2264056	5.874682	5.164296	5.3902073	4.643371	5.0434666	2.736285	3.6478724	5.412101	5.002234	4.874015	4.8997808	2.8119028	3.2776825	5.0102134	2.8894746	5.2312317	7.370606	6.3756	6.3659725	6.7636228	4.341534
NIP7_9316	2.675235	2.3110406	2.4360592	2.7541187	1.2890483	2.3652024	2.091197	1.5756721	1.3212922	1.9721766	2.621851	2.7435865	2.6006784	2.5734606	2.7331607	2.5249715	1.7539579	2.5029805	1.7911546	1.2570211	1.5622083	3.1481903	0.7160639	2.9355001	2.4585013	1.275699	2.4668374	2.0104735	1.6441145	1.9947519	0.79861236	1.6561947	1.3312725	2.887088	2.2295449	1.5299913	1.8332136	2.737684	1.6401663	0.6176906	1.70226	0.68006337	1.8782536	1.7862632	2.3445714	1.59992	2.7428484	1.8332981	1.7203709	2.297121	2.4159133
NIPSNAP1_9317	7.146408	6.686949	6.6370025	7.232723	7.161901	6.821592	7.1351595	7.1392703	6.3388033	7.363884	6.7019353	7.029169	6.0900226	6.3514276	6.7212152	6.839713	6.925282	6.6963854	6.7960534	6.608901	6.8608418	7.282502	6.5673227	6.9789386	6.7326155	6.1992645	7.047897	6.040535	6.438474	6.7770424	6.401823	6.1701403	6.7227516	6.638539	6.6877065	7.489572	7.207003	6.884839	6.53508	6.8765526	6.4447126	7.8331003	7.1916924	6.7404966	7.563929	6.7500896	7.387058	7.076209	7.6363487	7.620132	7.576261
NISCH_9318	2.8044732	0.9932049	2.6198554	3.4029047	0.7839461	1.2534345	3.5154157	2.3107724	1.8065978	2.4290519	2.8961248	1.6491554	2.2628205	1.2719984	1.640813	1.1302094	0.9628306	2.9391065	1.5087776	0.76129264	2.9088483	2.3023815	2.4591324	2.38735	3.011828	0.5594628	2.0821931	1.7753943	1.9388802	3.1312993	2.7898166	1.1960433	0.0	2.3964808	1.1570135	2.5931726	2.2764814	2.435626	1.9345882	1.0488179	1.4871172	2.3827975	3.2776825	0.0	2.6425977	1.823375	2.0577211	2.0718946	1.7203709	1.2047167	2.5406258
NIT1_9319	4.772864	4.196571	4.9265103	5.2731752	4.935233	4.6565795	4.613491	4.741449	4.881619	5.14373	5.4652047	5.0464687	4.53372	4.7643	4.761664	4.968878	4.354535	5.0155153	4.842241	4.7766476	4.791384	4.3690176	5.022013	4.5087037	4.9330125	4.7828455	4.9121966	4.5115843	4.975738	5.002205	4.666819	4.8989177	4.9692383	4.643371	5.5955396	5.0207696	4.6270533	5.592454	5.3151307	4.413313	4.2841916	4.613897	4.723822	5.1411405	4.82722	4.665346	5.5984015	5.921283	5.7797184	5.915852	4.855332
NIT2_9320	7.274644	6.517907	7.1364903	7.5204844	5.707365	6.39309	7.4087167	7.172665	5.8937755	6.680816	6.7716646	7.098283	6.1297035	6.313431	6.7872686	6.200128	6.0856304	5.8164897	6.679661	5.840355	6.6803083	7.3651247	6.444949	7.123556	6.6973305	5.9457064	6.9380193	6.053753	6.6967645	7.32575	6.401823	6.0155706	6.1751957	6.805995	5.979857	7.283579	7.3779287	6.805805	6.5783367	6.244476	5.7956967	6.7167487	6.719397	5.762088	7.155859	5.4813056	6.921302	6.5534706	6.385907	6.6557293	7.691717
NLRX1_33261	3.4029472	2.5736196	3.400333	3.6430259	2.597612	4.138241	3.6712542	3.3566325	1.3212922	3.3925493	3.3250897	3.4555352	0.7077145	1.2719984	3.1321692	2.1911569	2.3981004	1.8748931	3.067424	1.2570211	2.6341627	3.251095	2.4591324	2.2101986	2.4585013	1.5335042	3.6604056	1.1451283	2.3926249	3.759049	1.9846656	2.284903	2.011671	3.4763536	2.7081409	3.6237552	3.8537283	2.987318	2.3879235	2.8900583	2.8701653	4.464495	3.9744961	2.8324869	4.0646806	2.4777672	3.3011763	3.0089254	3.0805616	0.72461534	3.8571408
NMT1_9325	5.158619	4.8448305	5.586682	5.1226697	5.2130246	4.8764534	5.3728333	5.1696496	4.2469234	5.051353	5.108945	5.0464687	4.9130273	5.127592	4.938183	5.2870646	4.8813667	5.2100205	5.1726503	4.916016	5.300493	4.899171	5.3746824	4.9924426	5.257627	5.03295	5.192965	4.9953613	5.214689	5.248683	5.4312	4.599311	4.8976593	4.7328677	5.2440724	4.934336	4.959713	5.3687654	5.46094	4.260792	4.61133	4.5779715	4.723822	4.6719747	4.7036157	4.2306314	5.5009913	5.742866	5.7492623	5.5645204	5.4072967
NNT_9326	5.058514	4.917564	5.347118	5.0959854	4.7541404	5.261916	5.5030246	5.561245	4.613693	5.4634604	5.262155	5.5634885	4.61052	4.427398	4.938183	5.1728354	4.993074	5.102104	4.902835	4.8480144	4.95172	5.020667	4.903098	4.9078097	4.9330125	4.1358805	5.0023084	4.657249	5.0078626	5.248683	5.1298456	4.3481307	5.070358	5.0897985	4.7457223	4.7441874	4.867713	4.4867115	5.002234	5.0931315	4.5571055	5.705642	5.619805	4.2756796	5.5909896	5.151027	5.211846	5.101213	5.441663	4.724974	5.728978
NOC2L_9327	4.244742	3.447053	3.831355	4.5840974	2.4144073	3.5936723	4.315703	3.9565632	2.8064463	3.6661186	4.1501555	3.6316473	3.104098	3.013425	3.7772083	3.815366	3.574707	3.77313	3.7990685	3.2234385	4.2651753	4.2744603	3.8576405	4.010254	4.0370674	3.178435	4.350994	3.1498733	3.352018	3.9934368	3.0694053	3.0559347	3.9452639	3.9935026	3.066902	4.485139	4.1425314	3.8933594	3.7763257	3.0843768	3.1882064	4.541129	4.4423666	3.0613632	4.4957547	2.8265579	3.9589443	2.8892338	3.5731628	3.5959594	4.306832
NOLC1_9330	2.8044732	2.5736196	3.1839569	3.2172866	1.2890483	3.3214288	3.340682	2.3107724	2.5840793	2.6126575	3.4149964	3.0217755	2.2628205	0.0	3.243922	2.1911569	1.9438806	2.1159258	2.4077895	2.3701787	2.6341627	2.0966876	1.5499562	2.8167326	3.4953897	1.7521499	2.6264875	2.0104735	2.1835182	3.315628	1.6862907	2.1515164	2.472159	2.9874854	2.2295449	2.736285	1.8332136	2.987318	2.1789894	2.072621	1.8894439	2.2057867	2.3260906	2.0220141	3.661585	1.3353969	2.261813	3.0089254	2.4829574	2.7807593	3.3441162
NOP56_9343	5.058514	5.429636	5.733466	5.0959854	4.501759	5.096683	4.5745316	5.030861	4.6994205	5.1732535	5.2861795	4.9164205	5.1629677	5.0679846	5.263986	5.148863	4.8579483	4.923396	5.1478295	5.462397	4.8249087	4.6583104	4.3870535	4.722014	5.37393	5.1909714	5.291572	4.7575912	4.3811836	4.452749	5.1298456	4.877955	5.195023	4.844166	5.735333	4.873696	4.80295	4.8119817	5.2893295	4.6466675	4.786514	4.3413258	4.95923	5.1411405	5.4248013	4.9989533	5.396525	5.4147105	5.569188	5.603762	4.925635
NOP58_9344	1.7631619	2.9880874	3.0622413	2.0677924	3.5640745	3.5936723	2.091197	2.7953992	2.3210802	2.7755125	3.1264923	2.3986237	3.104098	2.3909085	2.5711837	3.309873	1.9438806	2.3223944	2.838406	1.9183995	3.0287817	1.5686922	2.6186037	2.8167326	3.122376	3.0189555	2.2872965	1.4944088	1.9388802	1.9947519	1.9846656	1.8408495	2.6569214	2.0700042	2.4073083	2.2557068	2.455695	2.053109	3.0101936	1.3803144	1.70226	2.0039802	2.8118143	2.8324869	2.3445714	3.1072266	4.1764603	2.7587066	3.5731628	3.031582	2.2793913
NOX4_9349	4.375311	3.7422786	3.400333	4.6949406	4.1376824	4.1938534	4.057699	3.1575243	2.9990726	4.0942173	2.8961248	2.7435865	3.7038848	2.5734606	3.0110276	3.1256318	3.254318	4.0880117	2.4077895	4.0259314	3.3383183	3.8840604	3.1230586	3.3317733	3.2250526	3.3220272	3.9290164	3.900535	4.6076946	3.315628	3.5048723	3.798159	3.8724551	3.6083453	3.3539796	4.4016967	1.8332136	2.737684	3.4435291	2.399263	2.3383918	4.503321	4.1478653	3.659207	4.766741	3.189834	4.6822133	4.8678265	4.6162353	3.5159345	4.0790167
NPAS2_9350	5.182596	3.5724802	3.9731874	5.342922	2.4144073	3.3214288	5.4609194	4.379027	2.4585645	3.8959892	4.671753	4.05898	2.2628205	3.013425	4.560497	3.2206914	3.324341	3.1704433	3.5183966	1.2570211	3.1395056	4.8343573	2.075009	3.897724	4.9023523	2.109709	5.192965	2.2125611	2.5752249	3.8809977	1.9846656	2.5195544	3.7147906	4.7328677	2.5655518	5.5908422	4.7351427	3.4698832	2.8779507	2.7821121	1.8894439	4.5779715	4.60985	3.1634846	5.071795	2.4777672	2.5996156	3.3179228	3.6410902	1.8519349	4.306832
NPC1_9351	6.289462	5.940795	5.848391	6.467166	5.2130246	6.014976	6.8389935	6.5458865	4.45842	5.5334306	6.1415515	5.784626	4.177663	3.7797458	5.6358576	4.630994	5.248538	5.3813906	5.420738	4.622362	6.452619	6.5354824	4.554239	6.063882	6.110388	4.055957	6.4110384	4.432838	5.4666176	6.904748	5.00252	4.9399505	4.5226555	5.8983564	4.1873994	6.2216024	6.472374	4.9059253	4.3257575	4.7361727	4.6635904	6.464676	6.056785	4.7723575	6.2176905	4.2306314	4.532502	4.769558	4.919528	4.6519713	6.3818865
NPM1_32887	7.913128	8.513892	9.096201	8.055137	8.730356	8.717914	7.832679	8.567279	8.365266	8.820066	8.324785	8.459833	8.99465	8.605132	8.836573	8.577596	8.613116	8.640826	8.660318	8.89809	8.869687	8.319897	8.55833	8.586067	8.50751	8.426154	8.199899	8.721273	8.832478	8.260744	8.702374	8.642127	8.886642	8.660324	9.00359	8.041165	8.521804	8.963846	8.785746	8.7575865	8.2731495	8.609659	8.418814	8.681693	8.385087	8.97216	9.456593	9.137116	9.112627	9.449422	8.68485
NPRL2_9354	2.1990027	2.159341	2.9293032	1.5437274	2.204507	2.7084813	2.2966683	3.68756	1.9992051	3.0546732	2.621851	1.2775879	2.2628205	2.3909085	2.1797314	2.1911569	1.5351875	1.8748931	2.5660443	2.1619017	2.9088483	2.3023815	1.8362379	1.773262	2.279205	1.7521499	1.8430203	2.2125611	1.9388802	2.372859	2.4426951	1.1960433	2.011671	2.9874854	3.066902	2.5931726	2.2764814	2.257008	1.9345882	2.399263	2.4615827	2.930607	2.6673462	2.5603254	2.6425977	2.3398588	1.8199238	3.7884288	2.7523265	3.2451882	2.4159133
NQO1_33055	4.289591	3.6878698	2.9293032	3.7149374	2.4144073	3.6740885	2.2966683	3.6116695	2.3210802	3.8233604	3.3250897	3.6316473	2.0586884	1.6426728	1.640813	2.6667733	2.5224707	2.9391065	3.067424	1.9183995	3.8094523	4.0644393	2.2798173	2.5451083	2.7615314	0.5594628	3.8664052	2.93812	2.8829715	4.5661826	2.9363732	2.8983095	1.7112163	3.0813484	2.5655518	3.294242	3.9762692	3.3854282	2.570392	2.8900583	2.6802902	4.158812	3.0634718	2.8324869	3.8482714	2.6036353	2.5996156	2.7587066	3.3477855	1.8519349	3.8571408
NR1D2_9358	3.1345234	4.6593394	4.102316	4.1375628	4.547009	4.80682	5.0425544	3.446748	2.8064463	3.8959892	3.4996274	3.5462768	5.137241	3.1345942	3.7772083	4.1411605	3.6310537	4.9547606	3.9212723	4.581067	3.3383183	4.50016	2.2798173	4.3889227	4.47233	2.6348078	3.9290164	5.1010027	4.5213094	5.8056216	5.00252	4.7909193	3.1011837	3.840832	3.9781444	4.009233	4.5891457	3.5496664	4.1068897	3.4794793	3.0379322	4.541129	4.0923586	2.8324869	4.5684204	3.6054895	4.4513865	5.1798387	3.3477855	3.7438102	5.4869576
NR1H2_9359	3.0326717	3.3096738	3.1839569	2.451389	2.4144073	3.4179986	2.911122	1.8643311	3.5225942	3.3925493	2.621851	2.1892972	2.7439313	1.6426728	3.4443936	3.688074	3.254318	2.8078547	1.7911546	2.3701787	3.3383183	2.482375	2.4591324	2.8167326	3.5753076	2.2599542	2.9009168	3.2451313	3.1364734	3.1312993	3.303507	3.1287267	3.7147906	3.0813484	3.5933034	2.98588	3.4076753	2.987318	3.3467786	3.9475968	2.956486	2.930607	2.6673462	3.2588525	3.4470994	3.5440083	3.2054758	3.6479805	3.8847218	3.031582	3.273985
NR1H3_32917	4.456222	3.9414568	4.22083	4.4216714	4.547009	3.8915	4.4072366	4.551419	3.1689827	3.965136	4.1501555	3.9301062	4.61052	4.168281	4.221371	4.1411605	3.4549482	4.1969485	3.7990685	3.897257	4.8249087	4.6583104	4.247581	3.7756684	4.0924416	4.174241	4.155379	4.166973	3.9890406	3.9934368	4.2285304	3.798159	4.2626543	4.174781	3.7333038	4.0645385	3.7883198	4.010777	4.3257575	3.8440266	3.7194197	4.109333	3.2776825	4.2293363	3.7265353	4.150392	5.2362657	4.1940618	5.170004	5.0713763	4.7299657
NR1H4_33039	6.311376	6.126123	6.0855417	6.6433635	6.1934447	6.3324356	6.4870296	6.4833837	5.9876413	6.061364	5.834532	5.8394847	5.522252	5.4645452	6.3611703	6.00027	5.57008	6.109099	6.2135863	5.3439584	6.088627	6.5657444	5.3060308	5.711165	6.096912	4.901926	5.9796247	5.335529	5.985267	5.8360996	5.0354204	4.8989177	5.3097672	6.5673294	5.5583673	6.3606653	6.2352614	5.7012687	6.0114627	5.6486483	4.6890273	5.991632	6.1548753	5.371972	6.840865	5.2115946	5.7754664	5.7079153	6.2833586	6.145947	5.9587
NR1I2_33293	5.9831014	5.8445945	6.316034	6.1544905	5.001751	6.216385	6.145386	6.4180503	4.425254	6.138229	5.9888926	5.765866	4.943035	4.0500264	6.468602	5.3303385	5.903185	5.4708896	5.044041	5.4394746	5.3473864	6.165688	4.9337583	6.089725	5.638614	3.9271011	6.1987476	4.691478	5.2687173	6.45251	4.708216	5.05648	5.9100986	6.02187	5.800458	6.393433	6.2105064	5.230354	5.2893295	5.6940336	5.212011	6.286935	5.854777	5.237948	6.2176905	5.151027	5.3071384	5.7079153	5.363388	5.544492	6.5982227
NR1I3_32602	3.5576375	3.2357452	2.4360592	3.4029047	3.2723231	2.7084813	3.5154157	3.9565632	2.1691005	3.4896183	2.077968	3.1430392	2.2628205	1.9373132	2.8787735	1.4768263	2.1116846	2.1159258	1.7911546	1.9183995	2.6341627	2.0966876	3.2257414	3.5707264	2.279205	1.9419785	2.6264875	2.93812	3.4488056	2.6721666	1.3096737	2.406994	3.628988	3.1694758	2.7081409	3.764007	2.7586064	2.257008	2.570392	2.072621	1.8894439	4.3413258	4.3026175	1.7862632	4.2962584	2.719398	3.4754093	2.0718946	2.4829574	2.911615	3.9043298
NR2F2_32621	3.5576375	3.379998	4.039196	3.9713368	3.1603029	3.8226066	3.595438	4.016648	3.0865276	3.580566	3.5795677	3.1430392	2.6006784	2.3909085	4.1656966	4.091718	3.180722	3.7009778	3.733852	3.679778	2.9088483	2.786402	3.1230586	3.6423242	4.5535	2.3960178	3.8009534	3.7133195	3.62484	4.602095	3.5959105	3.1287267	3.4403665	3.6700726	2.4073083	3.764007	4.2436	4.010777	2.7323515	3.9475968	3.0379322	4.8730197	4.397271	3.3483052	3.8482714	3.7211092	3.7027097	4.664103	3.5018787	3.812416	4.1195726
NR3C1_9361	5.5389676	5.6590714	6.689333	5.2247305	5.84054	6.65326	5.0137186	5.7322574	5.5381217	5.744827	5.262155	6.202437	5.8418756	6.0463185	5.9144597	5.945658	5.465499	5.8164897	5.8633523	5.3925066	5.8970385	5.530639	5.63937	5.53426	6.1630673	4.990584	4.7825623	5.4598856	5.7008123	5.271164	5.638138	5.0933213	4.8223433	6.0798755	5.613773	4.7441874	5.3927565	6.055713	6.1324925	4.975528	5.1764827	5.431446	5.9199986	5.6433964	5.2144794	5.379389	6.762237	6.010037	5.9093337	5.603762	5.1959877
NRAS_9363	2.1990027	2.4482956	3.4974551	3.1146789	2.9062183	3.2179284	3.0310833	3.446748	2.1691005	2.7755125	2.621851	3.3587008	3.104098	3.2463703	3.4443936	2.7958763	3.391122	3.2735412	3.5183966	2.8589911	3.0287817	2.0966876	3.0125036	3.415899	3.3209047	3.178435	3.6604056	2.5476058	4.052019	2.372859	3.8389206	2.1515164	2.6569214	3.4763536	2.837896	2.5931726	3.0088224	2.8678937	2.8779507	2.072621	2.4615827	3.1422062	2.9431233	2.4022055	2.5012665	2.4777672	3.8990247	3.0089254	3.0805616	3.3411944	3.273985
NREP_9364	6.578626	6.39593	7.0982933	6.8330493	5.784963	6.1476364	6.7888174	6.384239	5.9989567	6.0131993	6.128322	6.5699463	5.308379	6.363874	6.421839	6.6477976	5.6675897	6.9034557	6.101718	5.1876664	6.409075	6.5756927	6.111148	5.6254225	6.516826	6.083098	6.1987476	5.8107114	6.473405	5.9658027	5.97984	5.7646236	5.694719	6.7641497	5.2672954	6.456817	6.107006	6.148321	6.7677593	5.3974643	6.1194544	6.0583363	6.2080708	6.120553	6.6021433	5.6943684	6.2170005	6.63945	7.017163	6.320984	6.2692375
NRIP1_9365	3.7624195	3.9414568	4.5272	3.6430259	3.8066347	4.1938534	3.8773775	4.4677963	3.753906	4.518974	4.3907466	3.712247	3.2066107	4.3292627	4.326662	3.7531235	3.685282	4.4816837	4.4129558	3.8283436	4.6858673	3.52196	4.2955856	4.2119765	3.65103	3.5723524	4.10203	3.840789	3.854183	4.1950135	3.5959105	3.5557184	3.8724551	4.5804653	2.9569383	4.3131304	4.2915974	4.3596587	4.22047	3.334152	3.9888737	3.8924718	4.60985	3.659207	4.7972975	3.5440083	4.971199	4.700118	4.275133	4.794461	3.9043298
NRP1_9366	3.697336	4.510535	4.22083	3.5673409	3.1603029	3.8226066	3.24468	3.9565632	3.2469792	3.580566	3.5795677	3.4555352	3.7038848	3.3501055	4.3765597	3.6199527	3.7375457	4.24848	4.77899	3.111882	4.6858673	3.437199	3.2257414	3.6423242	4.4299655	2.3960178	3.504673	3.2451313	3.7054071	3.8213115	3.9808064	3.3273613	3.628988	3.9935026	3.2644873	3.8293307	2.455695	4.526692	2.8779507	3.334152	2.6802902	2.2057867	3.2776825	2.8324869	3.522194	4.0654263	2.992627	3.9763792	3.6410902	3.8779073	3.1225834
NRROS_32404	3.2296562	4.413279	5.0275335	3.2172866	4.0142226	4.0201387	2.911122	3.9565632	2.4585645	4.3221717	2.765496	3.2548962	3.63202	3.4468794	4.560497	3.688074	4.138305	4.1969485	4.0871205	3.111882	4.4047375	2.9173408	3.0125036	4.06339	4.3413115	3.178435	3.8664052	3.4186301	4.170284	4.1471977	3.5959105	2.8125298	3.335922	4.4100404	3.3539796	3.294242	3.8537283	4.6403866	2.3879235	3.1725283	3.324294	3.0402825	3.5490766	2.7028143	3.4470994	3.7211092	3.4754093	3.3179228	4.1869826	4.362736	3.8083558
NSDHL_9369	7.7421594	7.5789056	7.829488	7.8745947	7.645487	7.8759646	7.9129534	7.957641	7.7737317	7.577684	7.6447725	7.489878	7.88217	7.986241	8.175447	8.084681	7.689905	7.9293456	7.9560695	7.454893	8.202659	8.106613	7.811584	7.471943	7.875385	7.5699654	7.924462	7.5745893	7.388036	7.4590125	8.340427	7.6270103	7.5093102	7.775162	7.8821607	7.7351665	8.003879	8.174473	7.8253736	8.058561	8.202046	7.547534	7.612505	7.8454933	7.453152	7.379795	8.031519	7.636849	8.253212	7.897818	7.4744015
NUCB2_9374	9.896904	10.091644	9.968237	9.6809225	10.449635	10.477671	9.50043	9.945575	10.339904	10.124577	9.843388	10.022438	10.583095	10.639297	9.974178	9.920009	10.239888	10.085834	10.445526	10.42525	10.165843	9.976019	10.375915	10.223543	11.212228	10.437862	9.719842	9.984902	10.35026	9.88327	11.627995	10.4446745	10.2696705	10.096034	10.344108	9.772218	9.574215	10.3394575	9.762002	9.69676	9.407341	9.489515	9.723442	10.0053835	9.935755	9.708852	10.868232	10.793039	10.998209	11.232793	10.138352
NUDT9_9377	5.8546762	5.2535195	5.3729453	5.946181	5.184672	5.4101543	5.7149057	5.767657	4.6714067	4.692124	5.750681	5.0464687	4.943035	4.2775726	4.9710355	5.1728354	4.655514	4.605421	4.712838	4.7395954	5.4368343	5.610228	4.247581	4.8179007	4.9924436	4.174241	5.5524373	4.432838	4.8395705	6.019906	4.534984	4.54715	4.4742694	4.9223433	4.93163	5.817026	5.966227	5.0223646	4.9372616	5.3223767	5.0249157	5.977913	5.6000404	4.804324	6.011615	4.665346	5.560223	5.4362245	5.7797184	5.01427	6.1761737
NUF2_33136	1.1356703	1.7976378	2.7828603	0.7123662	0.7839461	2.5470278	2.091197	2.1047523	1.5842559	1.2997124	2.077968	1.6491554	1.5358759	2.1818647	3.3476372	2.1911569	1.7539579	2.1159258	2.027206	1.9183995	2.9088483	2.6423824	0.7160639	1.773262	2.074421	1.275699	0.0	1.1451283	2.1835182	1.1336887	0.79861236	1.8408495	0.0	2.887088	1.5083932	2.0518599	2.7586064	1.8155732	1.6401663	1.8765994	1.8894439	2.0039802	0.7390483	2.4022055	1.735917	1.59992	3.8990247	2.7587066	1.1027291	1.5643196	3.273985
NUP133_9378	3.4029472	3.9414568	3.6740434	3.0042105	3.5640745	2.9855762	3.141831	3.6116695	2.3210802	3.4896183	2.621851	3.9301062	2.8742359	2.1818647	3.3476372	3.023864	3.254318	2.5029805	3.3545144	2.3701787	3.8094523	2.9173408	2.762189	3.5707264	3.9794827	2.6348078	3.504673	3.047878	2.8829715	3.554308	2.7898166	3.5019276	3.7957757	3.1694758	3.1690745	2.98588	3.4076753	3.097608	2.7323515	3.1725283	2.8701653	3.5655706	3.629271	3.3483052	3.4470994	2.9263053	4.0164742	3.49237	3.6410902	3.031582	3.651246
NUP153_9379	2.5332706	2.6889215	2.2253819	2.7541187	2.204507	1.9138626	2.091197	2.6512198	1.5842559	1.9721766	2.462306	1.9443585	0.7077145	3.013425	2.5711837	1.4768263	2.3981004	2.663456	2.2300112	1.6252826	1.8496284	2.0966876	1.1924393	3.2424362	2.279205	1.7521499	2.4668374	0.6833182	2.7372885	2.5302608	1.6862907	2.284903	2.011671	2.0700042	0.6915133	1.8143951	2.6150863	2.053109	1.6401663	2.2451668	0.92724514	2.3827975	1.588432	2.2245977	3.1950624	2.1873605	1.1797101	1.5472676	2.8702326	2.7807593	2.8607516
NUP62_9381	4.5696683	4.196571	4.616394	4.2865996	3.038847	4.2474017	4.00006	4.5102134	3.2469792	4.26847	4.3907466	4.1772795	3.3920732	3.1345942	4.6443586	3.688074	2.9343114	3.6250265	4.4939694	3.326985	4.313212	4.3225136	3.0125036	4.114638	3.9195037	2.9320772	4.155379	3.4981349	3.539506	4.329629	3.5048723	3.4460533	3.7957757	4.4100404	4.2352924	4.2667212	4.5891457	4.220327	3.3467786	3.9475968	3.1882064	4.3413258	4.5285373	3.7274868	4.3793955	3.8281465	4.817839	3.3179228	4.398015	3.812416	4.4725537
NUP85_9382	3.2296562	3.2357452	3.5884495	4.1375628	3.2723231	3.6740885	3.5154157	2.6512198	2.8064463	3.0546732	3.8612514	2.889376	2.6006784	1.6426728	3.6203768	2.6667733	2.841842	3.1704433	3.3545144	3.7559724	3.4283133	3.52196	3.2257414	2.8167326	3.4953897	2.3960178	2.6264875	2.93812	3.62484	3.3996527	3.7623768	3.2641406	2.2602103	3.1694758	3.1690745	4.169169	3.6478724	3.8933594	3.7000437	3.4794793	2.4615827	3.949819	2.6673462	3.7274868	3.788687	3.2679667	4.226075	3.9763792	3.5731628	3.7438102	3.474912
NUP88_9383	4.864649	5.176577	5.4232535	4.658931	4.3568144	5.2877045	4.984295	5.0014257	4.4908404	5.258363	4.7429204	4.8819904	4.572631	4.427398	4.4714575	4.94123	4.354535	5.3344693	5.016884	4.0259314	4.791384	4.2744603	4.7391872	4.3466787	4.9924436	4.2116084	5.114319	3.9579048	4.3811836	4.800604	4.170472	4.378299	4.7428775	5.1342773	4.8722835	5.1542273	4.899036	4.711492	5.002234	4.260792	3.9473164	4.541129	5.0782957	4.7396665	5.04658	4.5132446	5.0831337	5.539229	4.745298	4.9241333	5.1379433
NUP93_9384	1.9974787	2.9880874	2.6198554	2.6106799	3.038847	2.7084813	3.0310833	2.9264696	2.5840793	2.4290519	2.282898	2.3986237	3.2066107	3.6228914	3.0110276	2.914369	2.5224707	3.2735412	3.067424	1.6252826	2.4743395	1.8567106	2.6186037	2.5451083	2.7615314	3.100898	3.0207527	2.0104735	2.5752249	3.3996527	3.0694053	2.7213259	2.8206856	2.6625395	3.2644873	2.4342844	2.7586064	2.987318	2.570392	2.5384767	1.70226	2.3827975	2.3260906	3.1634846	2.5012665	2.6036353	3.555222	3.7884288	2.8702326	2.911615	2.7617311
NVL_9386	3.6291769	3.379998	3.6740434	4.0289	3.2723231	3.8915	3.8118882	4.016648	2.5840793	3.4896183	3.5795677	3.4555352	2.8742359	2.3909085	3.849662	1.7560883	3.324341	2.9391065	2.708643	2.3701787	3.3383183	4.0644393	2.075009	3.0452297	3.791503	3.0189555	4.2564993	2.6898494	3.62484	3.315628	1.3096737	2.6239645	3.223322	2.887088	3.2644873	4.009233	3.8537283	2.987318	2.8779507	3.334152	1.4871172	3.6371455	3.7052414	3.0613632	3.5935724	2.719398	3.2054758	3.119443	2.7523265	2.297121	3.273985
OAS1A_9388	4.772864	5.4461203	5.398319	4.545173	4.077273	6.7858458	5.439397	4.630459	4.2843966	5.082807	5.108945	5.0772285	5.285139	5.0679846	5.2099624	5.074458	3.324341	5.3813906	5.702215	5.3190575	5.32413	4.2247515	5.022013	4.688581	5.37393	5.4629865	5.218256	6.1054444	4.279584	5.336579	5.962837	4.7683144	5.607677	5.412288	5.3126483	3.8293307	5.478198	6.615001	5.506442	6.192713	4.2841916	3.8327506	3.2776825	6.2067957	4.532545	5.591767	5.635596	5.635367	6.571429	6.0210595	4.676601
OASL_9389	2.375796	3.3096738	2.6198554	2.2723026	2.204507	3.2179284	2.7802737	3.3566325	1.3212922	1.9721766	2.077968	1.6491554	2.2628205	1.2719984	3.0110276	1.1302094	1.7539579	2.5029805	2.4077895	1.6252826	1.5622083	2.0966876	1.5499562	2.38735	3.011828	1.7521499	2.4668374	2.0104735	2.5752249	3.315628	2.7898166	1.8408495	2.011671	1.0470449	2.4073083	0.70423484	2.2764814	2.594546	3.3467786	3.7893128	2.2036915	1.488839	2.1194797	3.0613632	2.1687598	2.6036353	3.555222	2.2765746	3.5018787	2.7807593	2.1285868
OBP3_33099	13.58699	12.704164	12.020216	13.230073	12.245569	13.166381	13.181413	12.13928	12.462209	12.711294	12.802085	12.726184	12.035251	12.341422	12.237047	12.311289	11.895163	12.720185	12.382946	12.461201	11.758126	12.775283	12.088541	12.357224	12.206248	12.128529	13.010453	12.839302	12.814545	13.069381	12.208641	12.50435	12.579806	12.416626	12.842195	13.142204	12.270809	12.415668	12.54614	12.109338	12.091002	13.241557	13.1155205	12.759489	13.526722	11.905016	12.306284	12.375373	12.416243	11.941073	12.724817
Obp3_34121	9.551614	8.181181	7.712984	9.255962	7.691553	8.309535	9.308997	8.534259	7.1887717	7.884778	8.519766	9.040505	7.1127796	7.6576695	8.136155	7.3772783	7.144366	8.093338	7.6941967	7.372578	7.389401	9.462729	7.254328	7.850091	8.131458	7.1940885	8.782165	7.378436	8.130091	9.008706	7.5149045	6.9651613	7.6683087	8.089433	7.4565873	9.394615	8.275555	7.593575	7.628501	7.2653174	6.776733	8.627343	8.774476	7.5944176	9.051752	7.0611286	8.158334	8.04658	8.077422	7.795611	9.408187
OLR59_9393	4.834698	4.196571	3.400333	4.8939457	4.195664	4.080398	5.2545776	4.668412	3.8569942	4.0942173	4.1501555	4.4831705	3.5563867	3.9212065	3.9186504	3.688074	3.324341	4.0880117	4.1384206	3.2234385	3.4283133	4.6952806	4.247581	4.5465183	3.65103	3.6286907	4.155379	2.6898494	3.923187	4.5293536	4.046838	3.4460533	3.7147906	3.8935378	4.2816463	4.873696	4.0892115	3.2957203	3.2430704	3.1725283	3.1882064	4.613897	4.5285373	3.8550549	4.419234	3.3420844	4.0164742	4.338161	4.0437536	3.5159345	4.992671
ONECUT1_32438	7.2407856	4.3445973	7.524205	3.0042105	3.1603029	5.5230193	5.6032057	3.8283224	3.9059012	5.5782604	6.970093	6.780854	4.0176687	4.68716	6.814677	4.665197	3.180722	4.0302944	5.221047	2.3701787	5.881191	5.667165	4.3870535	3.9550858	6.2869196	4.9469357	4.523225	3.1498733	3.923187	4.412865	0.0	3.798159	2.8206856	6.5673294	2.5655518	6.6040697	6.503277	6.615001	5.506442	2.5384767	2.5750768	6.7167487	7.0385847	2.7028143	4.0135446	2.0168164	5.396525	2.2765746	6.2833586	5.819134	6.847952
ORM1_9400	10.48106	10.716432	10.499856	11.111194	10.255434	12.227871	10.598642	10.341771	10.508221	11.400027	10.243023	10.546051	11.056977	10.792169	10.838104	10.429967	10.803153	10.1675825	10.284772	11.042792	10.326606	10.844618	11.078404	10.389439	10.2597	10.950052	10.673996	10.671258	10.709536	11.339071	10.20414	11.776993	11.308	10.652878	11.223277	10.813367	10.656959	10.7740755	10.771691	11.216234	11.199138	11.0919695	11.095531	11.301663	10.973156	10.439688	11.3141165	11.210867	10.986833	11.357132	10.931075
OSGIN1_33191	5.4429708	4.478839	5.1816163	4.7643704	4.501759	5.261916	5.8515406	5.195874	4.5839467	5.364553	5.784808	4.7354136	4.366648	4.0500264	5.2099624	4.7312627	4.419964	4.4379616	5.0968685	3.897257	5.300493	5.2113967	4.7734933	4.4299645	5.305279	5.2095604	5.114319	4.724913	3.781712	4.412865	4.968852	2.7213259	4.14394	5.872332	3.5178556	6.054092	5.539114	5.07724	4.0465603	5.2018666	4.80989	4.716597	5.4535427	5.261168	5.5909896	4.9989533	4.4513865	5.725497	5.5516458	5.461475	6.2047286
OSTF1_33042	8.23887	8.1259775	8.851792	8.132671	8.757079	8.303227	8.000064	8.20687	7.307286	8.228519	7.997448	8.159198	8.551631	8.610365	8.63095	7.6276345	7.5137944	8.507054	8.615762	8.5369835	8.321923	7.4486933	8.326707	8.415193	7.6723037	8.19383	8.01744	8.397611	8.744652	8.100502	8.752704	8.284134	8.386181	8.218987	8.395651	7.9449716	8.108074	8.6566725	8.308982	7.5091205	7.484413	7.5887356	7.5623183	8.179939	7.8345585	7.8740315	8.586426	8.783462	8.805481	9.2811	8.462479
OTC_9401	9.688734	9.029431	9.117365	9.426295	9.111666	9.016683	9.274467	9.214082	8.728563	9.089554	9.081275	9.378189	9.198093	8.867986	9.04572	8.907277	8.807485	8.886278	9.208528	8.874784	8.983536	9.295236	8.877028	9.350323	9.022422	8.744059	9.103862	9.093407	9.14025	9.5832205	8.966111	8.839364	9.170964	9.186518	9.213924	9.151298	9.399059	9.133653	9.164922	9.214811	9.041954	9.413838	9.615604	9.310002	9.474406	9.33636	9.559365	9.588813	9.476777	9.248972	9.561409
OXA1L_9402	6.2216487	5.5865726	5.733466	6.5869884	4.6334615	5.780815	6.3321486	6.634839	4.9531703	5.663946	6.128322	5.35337	4.647439	3.9870539	5.034578	5.1964164	4.7602787	5.44903	4.902835	4.354751	5.011177	6.3624015	4.3420444	5.6254225	5.351407	4.2480316	6.185985	4.9676967	5.0078626	6.2410183	4.389879	4.674177	5.070358	5.299631	5.2672954	6.527409	6.2835326	5.4747577	4.6434445	5.0931315	5.2805457	6.865725	6.4258027	4.982539	6.8037214	5.4141674	4.817839	4.989234	5.237387	4.860753	6.2960253
OXSR1_9404	5.032364	3.6878698	4.039196	5.666818	3.5640745	4.2990336	4.4933076	4.4677963	2.3210802	3.3925493	4.8434935	4.05898	2.2628205	2.7354863	3.849662	3.9874403	2.9343114	3.8418446	4.0339284	2.552146	3.1395056	4.7313266	3.321599	4.06339	4.0370674	2.6348078	4.10203	3.3344872	3.352018	5.1059012	3.4077	3.2641406	3.335922	4.2575374	3.1690745	4.8423924	4.835695	4.0660863	3.3467786	2.8900583	2.5750768	4.613897	4.201315	2.0220141	4.3793955	3.1072266	4.320462	3.7884288	4.0930934	3.031582	5.1379433
P4HA2_9407	5.084199	4.6593394	4.7003927	3.8488257	4.1376824	5.12557	4.1664968	4.9406905	4.0864654	4.6507454	4.557952	4.8819904	4.53372	3.8522093	4.9710355	4.7312627	4.512859	4.6823845	4.570675	3.679778	4.6109753	4.8343573	4.430701	4.583367	4.9330125	4.4800982	5.087121	4.2611446	4.5651484	4.4915595	5.1298456	4.8350935	4.6148157	4.703648	4.9604125	4.8423924	4.5102053	4.9059253	5.094515	4.339067	4.471745	4.95933	4.95923	5.1411405	5.2808566	4.150392	4.817839	5.018054	5.170004	4.8279877	4.70353
PACSIN3_9411	4.740924	4.630781	4.432127	4.6949406	4.3568144	4.80682	5.070825	4.909336	4.1282835	4.518974	4.810742	4.4364834	4.0176687	3.8522093	4.3765597	4.1889644	4.451598	4.24848	4.570675	3.5993342	4.055234	4.9611974	4.430701	3.7105362	4.963034	3.6829114	5.243111	4.549402	4.170284	5.535407	4.8628597	4.74535	4.9692383	4.3733993	5.2901497	4.777671	4.700005	4.603475	4.722696	4.925664	5.0249157	5.066922	5.4535427	4.8961816	5.236946	4.378847	5.3300095	5.1279006	5.441663	4.4514565	4.9025793
PAF1_9412	4.9227476	3.79471	4.22083	5.342922	3.4732254	4.5751534	4.7939124	4.9406905	4.0864654	4.2126923	4.6348076	4.2329803	3.4765677	2.8811386	4.221371	4.280068	3.973751	4.0880117	4.0339284	2.8589911	4.2651753	4.5413523	3.321599	4.3466787	4.0924416	3.3887968	4.7825623	3.4981349	4.170284	5.130701	3.7623768	3.798159	3.7957757	3.9443858	3.9781444	4.638807	4.80295	4.4867115	4.3756533	4.70695	4.4118958	5.3271003	4.201315	3.4325337	5.831418	4.108535	4.717334	5.5784564	4.8057427	4.6889343	4.9706697
PAFAH1B1_9413	5.5574236	5.5258307	5.733466	5.61137	4.8654995	5.5867295	5.326688	5.3672004	4.320921	5.258363	5.3559427	5.0772285	4.4102645	4.6056614	5.438569	4.996006	5.2304153	5.1298494	5.070697	3.9630284	5.712333	5.590739	4.903098	5.8077517	5.81358	4.732318	5.3838687	4.789545	5.395548	5.9658027	5.355054	4.4651933	5.0037384	5.645283	4.8722835	5.1542273	5.478198	5.3240876	5.094515	4.820448	4.714023	5.584132	5.6775246	4.954324	5.573442	4.975858	5.4806943	5.370696	5.3833585	5.179226	5.767771
PAH_9415	9.64302	8.41687	8.977063	9.527119	8.71309	8.604499	9.089947	9.498472	8.414685	8.646745	8.727043	8.635452	8.5320215	7.750648	8.35107	8.586547	8.543261	8.382845	8.574449	8.207911	8.710648	8.871405	8.440504	8.570092	8.684616	8.19383	9.005603	8.66855	8.327557	9.584343	8.259194	8.350313	8.675498	8.782385	8.594662	9.371501	8.892423	8.703208	8.548054	8.953818	8.906203	9.4846735	9.484301	8.726176	9.530047	8.795467	8.186804	8.595473	8.290704	8.19945	8.597817
PANK1_9421	7.5202174	6.8813105	7.3269095	7.5453534	6.8641047	7.003778	7.305432	7.491269	6.1178966	6.9346256	7.2398453	7.1279683	6.0900226	6.19304	7.1157928	6.770702	6.525388	6.846068	7.1360383	6.153722	7.204367	7.714859	6.8179913	7.059612	6.958046	6.6023684	7.2757745	5.9444575	6.940935	7.1907544	7.002044	6.340713	6.691346	6.8862114	6.803431	7.5777507	7.1430326	6.519161	6.4327316	6.774611	6.620253	7.0540237	7.1171684	6.555659	7.4386873	6.231532	7.231767	7.175489	7.406826	7.52112	7.497667
PAPD7_9422	4.1011696	3.3096738	4.7003927	4.545173	2.204507	3.8226066	4.613491	4.8772855	2.4585645	3.176305	4.5968914	4.338317	2.7439313	2.1818647	4.1077867	2.914369	3.1031692	3.8418446	3.067424	1.6252826	4.448411	4.5814013	3.0125036	4.4299645	4.0370674	0.5594628	4.206825	2.6898494	3.352018	4.5293536	2.9363732	2.406994	2.472159	3.6700726	3.066902	4.638807	5.046196	3.7655318	2.7323515	2.2451668	2.3383918	4.2066507	4.4423666	3.4325337	3.9054923	3.3420844	0.70722115	2.7587066	3.1752434	2.911615	5.1379433
PAPSS2_33237	7.134165	6.644725	6.943156	8.079178	5.945656	6.940159	7.463055	6.9208302	5.553551	5.6217394	6.0034575	6.6742296	5.5419936	5.5322757	6.1903405	5.888898	5.0561686	6.518902	6.1772523	5.1876664	6.3867993	6.941507	5.131869	6.5375113	6.3899665	4.8788834	6.4110384	5.714121	6.123634	7.958811	6.198963	5.0750184	5.7567186	6.721054	4.8416686	6.9508142	6.513432	6.3842196	6.396936	5.8085127	4.8778276	6.4448667	6.491643	5.762088	7.3174305	5.4141674	5.5210066	6.6207814	6.2511163	5.4826813	6.223456
PAQR9_9424	10.314731	10.441714	11.00051	11.253437	10.065389	10.604925	11.673854	10.987223	9.7819395	10.779186	11.0312195	10.975549	8.869376	9.244607	10.994585	10.319541	10.38314	10.0617285	10.112678	9.625407	10.703564	10.38033	9.925931	11.111461	10.737318	9.110833	10.307183	9.166716	9.905265	9.862137	10.380946	9.589648	9.483633	10.023989	9.853793	10.631892	11.553854	9.990371	10.246451	9.461125	9.660569	10.465961	9.589531	10.192148	11.0588045	8.983784	9.451386	9.321825	10.1814375	9.334565	10.604876
PARP1_9425	5.5574236	5.2346654	5.541846	5.61137	3.8792007	5.54457	5.7502966	5.802208	3.8569942	5.258363	5.444004	5.275932	3.9002123	3.6228914	4.904565	4.040521	4.354535	4.719379	4.746293	4.1996894	5.176123	5.685655	4.1979237	5.019585	5.4394617	4.055957	5.291572	3.900535	4.5213094	5.865947	4.968852	3.8421152	4.318538	5.7346654	4.2352924	5.5718813	5.6719823	5.1810994	3.9835975	4.178025	4.2504177	5.369748	5.4535427	3.7274868	6.024587	4.8544893	4.7851095	4.5103173	5.3431377	5.204974	6.0135303
PARP14_9427	4.640628	4.379347	5.564438	5.320046	3.038847	5.235658	5.204421	5.5409293	3.0865276	4.3739457	5.187583	5.0464687	2.8742359	3.2463703	4.6443586	4.091718	3.51607	4.24848	3.733852	2.8589911	4.721904	5.333679	3.411482	5.1725183	4.630346	3.0189555	4.748248	2.93812	4.4294205	4.800604	3.5048723	3.198022	3.628988	4.896752	3.7985182	5.969691	5.34806	4.9059253	3.534197	4.2200017	3.2578542	5.066922	4.5285373	3.512115	5.51948	4.269137	4.071798	3.719913	4.582081	3.4312084	4.7299657
PARP2_9428	2.9230795	3.6313283	3.4974551	3.3130789	2.7601511	3.6740885	3.8773775	2.9264696	2.1691005	3.0546732	3.1264923	3.712247	2.0586884	2.3909085	3.243922	2.6667733	2.7430372	2.9391065	2.4077895	3.326985	3.1395056	3.437199	2.4591324	3.4953887	3.2250526	2.6348078	3.4200125	1.7753943	3.0152833	3.2264056	1.9846656	2.5195544	2.8206856	3.0813484	2.9569383	3.1985953	3.4076753	3.5496664	2.8779507	2.5384767	2.5750768	3.410797	3.5490766	3.1634846	3.522194	2.4777672	2.992627	3.49237	2.8702326	3.031582	3.651246
PARP9_9429	3.0326717	3.1578226	1.9785899	2.6106799	1.6624343	2.853671	3.5154157	1.8643311	1.5842559	2.4290519	2.462306	2.889376	1.1804214	2.5734606	2.5711837	2.5249715	1.5351875	2.3223944	3.1696014	2.1619017	3.242334	1.5686922	2.8927681	2.5451083	3.122376	1.9419785	2.6264875	2.3897877	1.9388802	2.6721666	2.6266706	1.6561947	1.3312725	2.5356345	1.7907331	2.8664734	3.3178172	3.4698832	2.570392	1.8765994	1.8894439	2.930607	3.0634718	2.8324869	2.5012665	2.0168164	2.261813	2.455791	3.0805616	3.2451882	2.5406258
PATL1_9431	2.675235	1.5758953	2.7828603	2.2723026	2.597612	2.3652024	3.141831	2.9264696	2.3210802	3.0546732	2.8961248	2.1892972	1.5358759	0.77186805	1.2703954	2.3676975	1.7539579	2.1159258	2.5660443	2.552146	2.6341627	2.9173408	1.1924393	2.5451083	3.011828	1.7521499	2.2872965	0.6833182	2.1835182	1.4809296	2.6266706	2.406994	2.472159	1.8741015	2.2295449	1.5299913	2.8891323	2.737684	0.7703406	2.399263	0.92724514	2.5404441	2.506785	2.5603254	2.9986892	2.1873605	1.5350422	2.8892338	2.8702326	2.0916321	2.2793913
PC_9434	6.0627766	5.290505	5.733466	5.946181	4.8654995	5.9678993	6.005932	5.767657	4.1282835	4.9526534	5.6054764	5.6478753	3.9601355	4.1103654	5.0031567	4.406767	4.80994	5.0155153	5.24465	4.304893	5.5004597	5.550952	4.247581	5.310782	5.5424714	3.881458	5.9497375	3.840789	5.395548	5.742663	4.708216	4.54715	4.8604927	4.9965014	4.4534655	5.6996546	5.61653	5.130104	4.8339643	4.6155543	4.215834	5.935955	5.3149257	4.8355975	6.011615	4.5132446	5.0559535	4.8030634	4.7140985	4.4077783	5.675576
PCBD1_9435	8.065966	8.757898	9.278059	8.051669	9.571925	8.66232	8.003735	8.408148	9.203513	9.0161	7.9189506	8.366414	9.563054	9.698484	9.13902	9.244951	9.233139	9.314221	9.425417	9.630476	9.195411	7.860309	9.693744	8.947551	8.805531	9.294005	7.795975	9.323629	9.518868	8.185808	9.489816	9.420561	9.248535	8.645034	9.494131	7.930159	8.007475	9.288471	9.324282	9.493575	9.49648	8.394167	7.980551	9.322474	8.040167	9.300793	9.834929	9.556025	9.659843	9.99732	8.37933
PCCB_9437	3.7624195	3.2357452	4.039196	4.0289	3.2723231	3.5085077	4.267662	3.8938673	2.1691005	3.580566	4.041434	3.3587008	2.6006784	2.5734606	2.8787735	2.7958763	3.4549482	3.0594068	3.4387813	2.3701787	3.9976015	3.52196	2.8927681	3.2424362	3.8569224	2.5203478	3.8664052	3.047878	2.5752249	3.9934368	3.5959105	3.4460533	3.7147906	3.6083453	3.2644873	4.4440207	3.9162993	4.010777	3.2430704	3.2556021	2.5750768	3.326703	3.7052414	3.7926803	4.0646806	3.4125795	2.7428484	3.8538375	3.5731628	3.671778	4.3754215
PCK1_9439	11.842442	10.380851	10.147268	11.963659	8.954715	10.395556	10.649321	11.465996	9.543906	10.188322	10.555013	9.650354	8.350817	8.768515	10.575784	9.54159	9.748131	10.199846	8.7761965	8.719321	9.535001	9.453318	9.700446	9.772473	9.553179	9.245287	10.263055	9.319531	9.986103	10.78823	8.85991	10.819241	10.184826	10.488607	10.436636	11.485514	10.25097	9.680585	10.099229	8.285544	9.018317	10.86017	10.80367	10.0493965	11.377835	9.438087	9.075187	10.738884	9.100615	9.470804	10.135883
PCNA_9442	5.778058	5.3960905	6.5491133	5.61137	5.746686	6.0455284	5.767672	6.0666227	5.0650606	5.7250276	5.8015738	6.0401726	5.934408	5.9505434	6.1763225	5.601584	5.555596	6.150322	5.8480244	5.750088	6.0179176	6.0419827	6.014059	6.2700653	5.711166	5.8422933	5.6108966	5.592596	6.0013127	6.1099634	5.4312	5.280674	5.607677	5.645283	5.577073	5.4731483	5.6900024	5.665901	5.6753287	5.3223767	5.229452	5.214615	5.7864666	5.678316	5.482351	5.448127	5.948017	6.0663114	5.88152	6.063901	5.8544264
PCOLCE_32370	2.675235	4.1164427	3.7548423	2.6106799	3.4732254	4.138241	3.24468	3.3566325	2.3210802	3.3925493	2.621851	3.1430392	3.2066107	3.7034492	4.4247885	2.914369	3.324341	4.0880117	3.1696014	2.713711	4.313212	2.786402	3.5760143	3.897724	4.0370674	4.055957	2.7702174	2.8193185	3.854183	3.554308	2.9363732	2.8125298	2.967741	3.8935378	3.1690745	2.736285	3.2219887	3.8933594	2.1789894	3.7893128	3.2578542	3.7053368	3.174549	3.4325337	2.9986892	3.9751415	3.1029732	4.4268055	3.3477855	4.362736	3.474912
PCSK6_9443	3.4823647	2.159341	3.5884495	2.7541187	1.9587818	2.853671	3.4306927	3.446748	2.4585645	2.6126575	4.096819	3.5462768	1.1804214	1.2719984	1.9352914	2.3676975	2.636965	2.5029805	2.838406	2.1619017	3.8094523	3.1481903	2.4591324	2.8167326	3.4107835	1.7521499	3.8009534	2.2125611	1.2732412	3.1312993	2.2317815	2.5195544	3.1011837	2.6625395	1.5083932	4.169169	3.7198045	2.737684	2.7323515	2.399263	2.0551069	3.410797	2.9431233	2.2245977	2.7713106	1.3353969	2.4405787	2.455791	2.6239195	2.7807593	3.2002692
PDIA5_9451	5.898767	5.5258307	5.651426	4.7978716	3.5640745	4.488855	6.0912113	6.1628246	1.5842559	4.1546707	4.671753	4.8819904	5.0571885	4.68716	5.263986	4.9130416	5.0561686	5.3344693	2.5660443	5.3190575	4.95172	4.7664943	0.7160639	4.722014	2.074421	5.3502326	5.0594006	5.4796085	4.331278	4.412865	1.6862907	4.378299	5.4663982	4.4100404	4.678019	6.0125084	5.205009	5.927182	5.5933557	5.7380347	4.1804013	5.8177085	4.034631	4.564081	2.7713106	5.8163943	4.5714116	5.8589272	5.5865192	6.2731023	4.5926595
PDIA6_33272	5.8546762	5.156683	5.152088	5.63009	5.3211718	5.76254	5.8018064	6.176059	4.905866	5.364553	5.444004	5.9095287	4.683437	4.9736853	5.6152225	5.0996885	4.9270926	5.3344693	5.461596	5.0123625	5.912714	5.983403	4.871772	5.660333	6.6973305	4.35209	6.0089054	4.622188	5.0078626	5.659893	6.1090956	4.378299	5.0374327	5.1122093	4.4534655	5.7678885	5.858812	5.3240876	4.6021237	5.137614	4.317193	5.848191	5.6585402	4.181454	5.739997	4.693933	5.0831337	5.672097	5.6538353	5.303603	5.7158117
PDK1_32702	6.649157	5.3960905	5.902593	6.8167996	5.1557508	5.725281	6.5078583	6.4619327	4.168924	5.5334306	6.218478	6.071065	4.7528453	4.9736853	5.9804864	4.9130416	5.284115	5.3344693	5.481599	4.622362	5.912714	6.6991353	4.4730663	6.0107646	6.0417123	4.6799564	6.475385	4.549402	4.649022	6.904748	4.825725	4.5734663	4.7428775	6.045353	4.8416686	6.5469594	6.763658	5.647887	5.002234	5.503241	5.2805457	6.5034966	6.32104	4.7396665	5.944945	4.928529	5.1360044	5.1279006	5.441663	4.9848456	6.7415357
PDK2_32491	5.839675	4.9868054	5.398319	6.435588	4.900788	5.5011415	5.976347	6.149468	4.6428385	5.3899226	5.6244464	5.892334	4.177663	4.223962	5.341408	4.968878	5.0144134	4.8249907	5.1726503	3.8283436	5.414987	6.112013	4.668027	5.571419	5.619891	4.4800982	5.9037127	4.5115843	4.331278	6.2410183	4.8628597	4.7220135	5.0037384	5.0203977	5.0434666	6.477341	5.9809394	5.3240876	4.6021237	4.70695	5.004799	6.1095643	6.012615	4.406396	6.336885	4.879594	5.283899	5.519208	5.809545	5.544492	6.4863734
PDLIM1_9452	5.032364	4.768235	5.2389193	5.1998844	4.8654995	4.616441	5.0137186	5.296251	4.0864654	4.3221717	5.4652047	5.249167	4.786336	3.7797458	5.1249337	4.446643	4.2504673	4.8249907	4.60755	3.8283436	5.1499085	5.3569393	4.807002	5.310782	5.351407	3.881458	5.5524373	4.166973	4.8395705	5.4194264	4.934379	3.8847718	4.014574	4.643371	3.5933034	5.3224826	5.0179405	5.1039143	3.9835975	4.090219	3.563121	4.749268	4.79509	4.3205805	5.1449003	4.0654263	5.933156	5.3928714	5.3017626	5.544492	5.8900285
PDS5A_9454	2.675235	2.159341	2.7828603	3.7834342	1.6624343	3.3214288	2.7802737	2.6512198	0.58460927	2.9218345	3.3250897	3.0217755	1.8208362	2.5734606	3.0110276	2.3676975	2.5224707	2.1159258	1.5087776	1.6252826	2.9088483	2.6423824	0.7160639	2.38735	3.122376	2.3960178	3.3300724	1.1451283	2.1835182	3.3996527	1.9846656	1.1960433	1.3312725	2.7791781	2.0267587	2.98588	2.8891323	2.435626	0.7703406	1.0488179	0.92724514	2.930607	3.0634718	2.951459	3.4470994	2.3398588	1.5350422	1.8332981	2.3267155	2.911615	2.65541
PEBP1_33087	8.059505	7.5486927	8.427818	8.221761	7.7214665	7.6158557	8.264608	8.235597	7.6319404	7.5498176	8.165532	7.950758	7.8349395	7.45154	7.879203	8.194147	7.7194424	7.8933764	7.9808755	7.310767	8.015712	8.357863	7.9341693	7.987026	7.5341444	7.636734	8.258977	7.9159636	7.6698537	8.075173	7.685249	7.369821	7.910293	7.8201013	7.8128285	8.252393	8.183153	8.014966	7.829855	8.16447	8.108527	7.9848514	8.156622	7.533739	7.9947457	8.027917	7.833672	8.108191	8.370411	8.054733	8.273229
PECAM1_32814	3.4029472	4.0746455	4.740627	3.6430259	4.547009	4.080398	3.4306927	4.016648	3.8569942	4.0942173	3.7958171	4.338317	4.53372	4.3292627	5.1249337	4.5600543	4.419964	4.8249907	5.2678723	3.897257	4.921047	3.6778624	3.321599	4.848497	4.7384453	3.3887968	4.350994	3.9579048	4.225969	4.097743	3.9808064	3.752821	4.424204	4.335803	4.4534655	3.9517226	3.5721645	4.9359283	4.3257575	4.178025	3.3878083	3.0402825	4.0923586	3.8550549	3.1002145	4.108535	3.8365083	2.8892338	4.4367547	5.395919	4.0372877
PECR_9456	8.053017	7.5974727	8.100768	7.886322	7.9907494	7.723699	7.8972516	7.957641	7.5458403	7.9501944	7.9266133	7.9631624	7.633453	7.8905563	7.975442	7.7797756	7.608049	7.698706	7.752983	7.246188	7.8008823	7.750425	7.752614	7.834891	7.806683	7.612493	7.7227583	7.445156	7.862241	7.6725125	7.7361693	7.7589855	7.8115106	7.9345636	7.7969584	7.907651	7.989399	8.000842	7.7658095	7.77858	7.6294193	7.5193977	7.572496	7.7254105	7.5903435	7.40595	8.139036	8.03957	8.074354	8.110291	8.387655
PELI1_32584	3.4029472	3.379998	3.831355	3.8488257	2.9062183	3.8226066	3.8773775	3.531564	2.6995428	3.3925493	4.041434	3.1430392	3.30232	3.013425	3.0110276	3.393861	3.4549482	3.4599617	3.733852	2.713711	3.5930324	2.786402	3.321599	4.010254	3.791503	2.5203478	3.5846395	2.8193185	3.1364734	3.315628	3.1911995	3.0559347	3.223322	3.4763536	3.5178556	4.3131304	3.7198045	3.2957203	3.3467786	2.8900583	2.5750768	4.252953	3.9744961	3.1634846	3.5935724	3.5440083	3.3011763	3.4077816	4.5470986	3.671778	3.7055392
PEMT_32410	4.8939905	4.3445973	5.152088	4.658931	5.3211718	4.532649	5.2297173	5.1696496	4.7269006	4.423926	5.025772	4.388235	5.1629677	5.2398915	5.263986	4.7312627	4.571624	5.073815	5.1478295	4.882416	4.6858673	4.5814013	4.9337583	4.848497	4.5535	4.4175134	4.7825623	4.432838	4.942882	4.5293536	4.825725	4.9600377	4.7831573	3.9443858	4.8103905	4.601897	4.5891457	4.603475	4.5157533	4.9000707	4.1068125	4.3413258	4.034631	4.564081	4.0646806	4.02099	4.646217	4.769558	3.8847218	5.0431056	4.948328
PF4_32963	4.9227476	5.074243	6.514724	5.430964	6.683396	6.381161	5.204421	6.5959797	5.628318	5.7836275	5.7678456	5.0772285	7.4934535	6.5819874	7.5555606	6.4461837	6.144884	6.8544073	7.863824	6.7271895	6.769098	6.112013	7.024381	6.4897847	7.2716665	6.33244	4.816079	6.215393	7.120615	5.742663	7.9922223	5.7531576	5.7363467	5.818831	6.114001	6.2457304	6.3530397	6.615001	5.9795494	6.3709626	6.091113	6.241727	5.9515357	5.856587	5.6756635	6.211899	8.109598	7.3039165	7.6487775	7.7172627	5.7158117
PFDN4_33123	5.778058	6.008956	6.289157	5.720214	6.652674	6.216385	5.660136	5.9635444	5.9296947	6.2941666	6.394561	6.008604	6.8766584	6.9553757	6.841574	6.5040216	6.0653257	6.409967	6.5147333	6.871184	6.409075	5.8256187	6.3458357	6.4603715	6.2508674	6.33244	5.8880386	6.1796665	6.450212	5.6768312	6.3373213	6.229267	6.39906	5.961435	6.5238214	5.7341747	6.0099216	6.5582647	6.270765	6.1821337	5.929771	5.977913	5.6000404	6.1457243	5.625458	5.916823	7.370606	6.9397745	6.766528	7.226517	6.431053
PFKL_9463	1.9974787	2.4482956	1.9785899	3.1146789	0.7839461	2.157111	2.4764907	3.446748	0.9994701	3.176305	3.4996274	3.1430392	2.4416173	1.6426728	2.5711837	1.7560883	2.1116846	2.5029805	1.5087776	2.1619017	2.6341627	3.0373778	0.7160639	2.6873035	2.617958	1.275699	3.0207527	1.4944088	3.0152833	2.5302608	2.2317815	0.5163865	1.7112163	2.6625395	1.7907331	2.4342844	2.7586064	1.5310675	1.6401663	2.399263	1.2341714	3.0402825	2.9431233	1.5043167	3.1950624	2.3398588	2.0577211	2.0718946	2.4829574	2.297121	3.0404751
PFKP_32690	1.9974787	2.6889215	4.1627893	2.2723026	2.4144073	3.5085077	2.2966683	3.446748	2.6995428	3.6661186	3.0159018	2.889376	3.104098	2.3909085	3.3476372	3.023864	3.574707	3.4599617	4.0871205	3.111882	3.8094523	2.9173408	3.411482	3.4953887	3.4953897	2.6348078	2.6264875	3.047878	3.2482674	2.6721666	3.5048723	2.284903	2.8206856	3.0813484	2.7081409	3.0961545	2.0718052	3.200062	3.0101936	3.4794793	2.4615827	2.8119028	2.6673462	3.3483052	2.3445714	2.6036353	2.8731365	2.7587066	3.2640922	3.5159345	2.8607516
PGAM1_9465	9.495292	8.692043	9.213413	9.356345	8.422692	8.993364	9.218706	9.202811	8.183819	9.077893	9.531683	9.375098	8.299549	8.246984	8.873966	8.408703	8.822686	8.916461	8.825941	8.410088	8.977959	9.351326	8.637295	9.339593	8.884126	8.143963	9.3568125	8.360862	8.911022	9.40155	8.590595	8.461933	8.761179	9.113411	8.475091	9.328374	9.298405	9.168819	8.236571	7.918995	8.134219	9.097524	9.14389	8.308099	9.0067	8.10976	8.923669	8.828901	8.811022	8.800828	9.762874
PGM1_9466	7.1402993	6.20573	6.2053857	7.0980134	6.135372	6.65326	6.926682	7.111986	6.021324	6.4945707	6.6839633	6.5807204	5.5996485	5.678946	6.217975	6.234704	6.309308	5.99304	5.7688446	5.673574	6.364175	6.743936	6.287681	6.409977	6.345074	5.6784763	6.907248	6.453411	5.985267	7.0286756	6.1090956	6.204223	6.1599803	6.5591955	6.60809	7.1038523	7.0273156	6.4584446	6.217036	6.6724935	6.8348627	7.111698	7.0604444	6.253857	7.019956	6.044405	7.1049004	7.225771	7.300565	7.108698	7.1661634
PGRMC1_9467	9.871315	8.85214	8.977063	10.072608	8.5081215	9.154459	9.949002	9.824736	8.325373	9.489332	9.830171	9.54976	8.276165	7.937111	8.388032	8.352088	8.528503	8.458646	8.581417	8.046623	9.236473	9.675417	8.282723	9.075927	9.115581	7.850214	9.65302	8.834734	8.594081	9.9085865	8.420446	8.398949	8.827683	9.088196	8.385075	10.098791	9.76374	9.123911	8.62227	8.310044	8.07274	9.694247	9.777235	8.476278	10.018326	8.289093	8.409831	8.772932	8.908991	8.319222	9.587847
PI4KA_32535	3.2296562	1.7976378	3.2961977	2.0677924	2.4144073	3.2179284	2.6363633	3.68756	1.5842559	2.6126575	3.0159018	3.0217755	0.7077145	2.8811386	3.535067	2.6667733	2.2619886	2.663456	2.2300112	2.3701787	2.6341627	2.6423824	1.1924393	3.2424362	2.074421	2.2599542	1.8430203	2.5476058	0.77274704	3.4790516	1.6862907	1.4443876	1.3312725	2.887088	1.5083932	2.98588	2.0718052	2.435626	2.1789894	2.2451668	2.0551069	2.5404441	3.0634718	1.7862632	2.8894746	2.0168164	2.7428484	2.7587066	3.0805616	2.7807593	3.2002692
PIEZO1_33107	2.1990027	1.7976378	2.6198554	2.6106799	1.2890483	2.853671	2.2966683	2.6512198	1.3212922	2.7755125	2.282898	0.775823	2.4416173	1.9373132	2.8787735	2.7958763	2.7430372	2.5029805	2.027206	0.0	2.4743395	1.8567106	2.4591324	2.2101986	3.2250526	1.5335042	3.2341504	2.6898494	1.9388802	2.8013556	2.6266706	1.8408495	1.7112163	1.8741015	2.2295449	1.8143951	1.8332136	2.053109	1.2698381	1.3803144	1.2341714	2.2057867	2.6673462	2.2245977	2.1687598	2.1873605	2.5996156	2.0718946	2.8702326	1.8519349	2.4159133
PIGX_9477	4.864649	5.2155614	5.347118	5.0128355	5.1557508	5.261916	4.724427	5.030861	4.5839467	5.2021847	4.671753	4.5722427	4.882382	4.7262454	5.7538285	5.2870646	5.155557	5.0449595	4.746293	5.2416673	5.276462	4.6952806	5.3746824	4.936576	5.0495234	5.299074	4.5632515	5.3570137	5.1585584	5.0806675	4.787609	4.74535	5.5387664	4.844166	5.196475	4.9637265	4.5102053	5.07724	5.413955	5.2018666	4.832893	4.9311295	4.95923	5.1411405	4.114065	5.513738	5.8084135	5.4574223	5.4224887	5.524181	4.925635
PIK3C2A_9479	3.4823647	3.5724802	3.9040134	3.4029047	3.8066347	3.7502577	3.340682	3.1575243	3.320974	4.3221717	3.3250897	1.2775879	4.177663	4.0500264	3.9844897	3.7531235	3.787982	3.3697603	3.7990685	3.5993342	3.7408574	2.482375	4.247581	4.06339	3.4107835	3.0189555	2.6264875	3.047878	4.279584	3.1312993	3.6815434	3.4460533	4.014574	3.4055345	3.5933034	3.0961545	3.5721645	3.8308609	3.7000437	2.9904869	3.448644	2.8119028	3.174549	3.1634846	2.6425977	2.8265579	4.881152	4.8678265	3.9926662	4.218504	3.2002692
PIK3R1_32562	8.79236	8.315095	8.2476	8.412258	7.696582	8.66724	8.33914	8.41932	7.1588187	7.915675	8.851009	8.601468	7.7183213	7.3299336	8.270885	7.6787567	7.618539	7.622632	7.7196846	7.178583	8.224804	8.392043	7.5792212	8.4776945	8.11484	7.2400217	8.3127985	7.2174463	6.940935	8.517364	7.137009	7.9767337	7.7968297	8.122928	7.9008427	8.752975	8.576106	8.494773	8.219595	7.8704004	7.7879057	8.737289	8.699837	7.879652	8.362276	7.7296314	8.126027	8.074288	8.513194	8.130586	8.585202
PIK3R3_9483	2.8044732	3.79471	3.400333	2.451389	2.597612	3.4179986	2.4764907	3.446748	2.5840793	2.2186248	2.8961248	2.1892972	3.4765677	2.1818647	3.7009227	2.6667733	3.0212092	3.77313	3.2650185	1.2570211	3.1395056	2.482375	1.5499562	3.4953887	3.4953897	2.7408507	2.6264875	2.0104735	2.5752249	2.8013556	1.9846656	1.6561947	2.8206856	3.1694758	2.5655518	2.4342844	3.4922628	3.2957203	2.8779507	2.7821121	2.0551069	3.410797	2.506785	2.2245977	3.1950624	2.3398588	3.555222	2.2765746	3.6410902	2.476957	3.5361161
PIN1_9485	5.6971416	5.379021	5.5188947	5.8694773	5.604102	4.8764534	5.5439353	5.695968	5.086434	5.600164	5.4006453	5.302209	5.0294857	5.5100503	5.7348247	5.6536207	5.3188353	5.3344693	5.399867	5.3439584	5.541369	5.667165	5.3060308	5.148129	5.183061	5.3163295	5.406049	5.499065	5.850039	5.6078515	5.819082	5.5951605	5.891794	5.4827843	5.7185817	5.8330407	5.1539893	5.6111693	5.8619423	5.7088504	5.263715	5.950077	5.431345	5.678316	5.860648	5.4813056	6.3460236	6.440911	6.1614394	6.4341655	6.185755
PINK1_32483	6.674742	4.8448305	5.651426	6.697618	4.8293266	5.386482	6.3086004	6.2530107	4.425254	5.364553	6.1546607	6.071065	4.3216715	4.427398	4.7236123	4.446643	4.9714136	4.5241194	5.221047	4.6625075	5.58115	5.858587	4.903098	5.571419	5.5224495	4.4175134	5.8880386	4.724913	5.419629	6.0331206	4.968852	4.520345	5.224576	5.299631	4.9886317	6.787834	5.7768745	5.3687654	5.1240087	5.3604093	5.0643263	6.9871154	6.544304	4.9255457	6.919363	5.2115946	5.5794387	5.018054	5.4030566	4.9848456	6.82361
PIP4K2B_9486	4.1011696	4.196571	4.039196	4.464024	3.6495402	4.2990336	3.9400225	3.531564	2.6995428	4.0942173	4.041434	3.7885811	3.30232	2.7354863	3.9844897	3.4732275	3.685282	3.6250265	3.7990685	3.111882	3.9375708	4.006783	3.920224	4.114638	3.9195037	2.6348078	4.10203	1.7753943	3.1364734	4.371847	3.5048723	3.3273613	3.223322	4.1315517	3.5933034	4.638807	3.5721645	3.9532623	3.619502	2.8900583	3.448644	3.7704499	3.4641607	3.512115	3.9605298	3.5440083	4.365437	3.8538375	3.9926662	4.0582333	4.1590195
PIR_9487	3.697336	2.159341	3.0622413	4.1375628	3.2723231	3.3214288	3.595438	3.0466177	2.1691005	3.0546732	3.0159018	2.889376	3.4765677	2.1818647	1.640813	1.9899611	2.5224707	2.8078547	2.708643	2.713711	3.0287817	2.482375	3.4960926	3.3317733	3.3209047	2.9320772	3.504673	3.4981349	2.3926249	3.2264056	3.303507	2.8983095	2.967741	1.8741015	2.4073083	3.294242	3.4076753	2.435626	1.9345882	2.8900583	2.3383918	3.0402825	3.629271	1.5043167	4.419234	2.9263053	1.5350422	3.3179228	3.8847218	2.297121	3.273985
PKLR_9489	6.0627766	5.4129605	4.740627	5.7717032	4.67482	4.6565795	6.118553	5.8851304	3.320974	4.608145	5.2377234	5.302209	2.6006784	3.7034492	4.798738	4.825013	4.354535	4.5241194	3.9212723	3.326985	4.95172	5.610228	4.2955856	4.5087037	5.797008	3.6286907	6.285054	3.573486	3.781712	6.0720534	4.8990626	2.9792736	3.1011837	5.043904	3.3539796	5.344994	4.959713	3.4698832	3.3467786	3.2556021	4.144076	5.5287514	4.8630033	3.512115	5.7556415	2.4777672	4.2740407	5.1541033	4.891912	4.1670337	5.4713736
PLA1A_9490	1.9974787	1.7976378	3.400333	2.451389	2.204507	2.853671	2.6363633	3.2605107	1.5842559	1.9721766	1.1946218	1.9443585	1.8208362	1.6426728	1.2703954	2.3676975	1.7539579	2.5029805	2.5660443	1.2570211	2.6341627	1.2084577	2.6186037	2.8167326	2.617958	2.109709	2.9009168	2.3897877	2.1835182	3.315628	1.6862907	1.8408495	1.7112163	1.8741015	2.0267587	2.736285	2.6150863	2.594546	2.570392	1.3803144	0.92724514	2.0039802	2.506785	0.689121	2.5012665	1.59992	2.0577211	2.0718946	2.1514747	1.8519349	1.5496027
PLA2G4A_9494	2.5332706	1.3137702	3.400333	0.7123662	2.597612	3.3214288	2.2966683	2.1047523	1.5842559	1.9721766	2.462306	0.775823	1.1804214	2.7354863	2.1797314	2.7958763	0.9628306	3.2735412	2.4077895	2.713711	3.242334	2.786402	3.4960926	2.9355001	3.2250526	1.5335042	0.7197537	2.6898494	2.8829715	2.1961572	2.9363732	1.4443876	0.0	1.3782007	2.0267587	1.1754036	1.8332136	2.737684	3.0101936	1.6496927	1.4871172	1.769281	0.7390483	2.4022055	1.735917	2.1873605	2.261813	2.8892338	2.3267155	3.031582	2.1285868
PLAC8_32356	5.3186493	5.8445945	6.8904843	5.320046	6.5340757	6.507246	5.0137186	5.456678	5.9414716	5.8762965	5.444004	5.450551	6.50647	6.623986	6.4454103	6.0136056	5.0967493	6.6777096	6.5624695	6.1108403	5.6760535	4.867128	7.2421303	6.2700653	6.238647	5.8061066	5.919218	6.492764	6.3659687	5.553862	6.62358	5.556104	6.3596463	6.178747	6.03502	4.638807	4.6270533	6.7307725	6.217036	5.939911	4.786514	4.424596	4.927862	5.7782736	4.6709857	5.854879	7.302856	6.7117987	6.7122974	7.392573	5.969834
PLAU_33051	1.7631619	3.9414568	3.7548423	2.6106799	2.204507	3.2179284	1.5639434	3.531564	1.5842559	2.2186248	2.282898	2.581391	2.0586884	1.2719984	2.5711837	2.5249715	3.0212092	3.0594068	2.4077895	1.2570211	2.6341627	1.8567106	3.1230586	3.0452297	3.2250526	1.9419785	2.4668374	1.7753943	2.8829715	2.372859	2.2317815	1.8408495	2.2602103	3.0813484	2.0267587	1.8143951	2.0718052	2.594546	2.7323515	2.072621	1.70226	2.0039802	1.588432	1.7862632	2.1687598	2.0168164	2.7428484	2.6151845	3.2640922	3.031582	1.9601587
PLCB1_9495	4.3330874	3.07545	3.2961977	4.4216714	2.7601511	3.7502577	3.743284	3.446748	3.3913584	3.176305	3.1264923	3.6316473	4.22728	3.537568	3.243922	3.7531235	3.8838544	4.24848	4.0339284	2.552146	4.531982	3.8840604	3.0125036	4.010254	3.791503	1.9419785	3.8664052	2.6898494	3.854183	3.9934368	3.0694053	3.0559347	3.335922	3.9443858	2.837896	1.8143951	3.4076753	4.220327	3.8487759	2.2451668	2.6802902	4.464495	4.397271	2.4022055	4.1618156	3.189834	4.071798	3.3179228	3.9397032	4.268201	3.8083558
PLD4_32807	3.318902	2.6889215	4.22083	3.1146789	3.038847	3.8915	1.851524	3.531564	0.9994701	2.9218345	2.8961248	3.1430392	2.0586884	1.6426728	3.6203768	1.7560883	3.0212092	2.9391065	3.733852	1.2570211	4.215484	2.9173408	1.8362379	3.897724	4.0924416	1.5335042	2.6264875	2.8193185	3.2482674	3.4790516	2.4426951	1.4443876	2.2602103	4.1315517	1.1570135	2.4342844	2.7586064	3.5496664	2.3879235	2.5384767	1.8894439	2.2057867	2.6673462	2.2245977	2.5012665	3.6644573	2.5996156	2.2765746	3.3477855	2.911615	3.5948293
PLEK_33161	1.9974787	2.895092	3.6740434	2.2723026	3.4732254	2.3652024	1.5639434	2.3107724	1.9992051	2.9218345	2.077968	2.581391	2.99374	2.1818647	3.535067	3.2206914	2.636965	3.6250265	3.5183966	1.9183995	3.5130224	2.3023815	3.5760143	3.8379865	3.5753076	1.7521499	3.0207527	3.047878	3.4488056	2.5302608	2.2317815	2.8125298	1.7112163	2.887088	2.9569383	1.8143951	1.5471903	3.5496664	1.9345882	3.0843768	2.2036915	0.68006337	2.1194797	2.8324869	2.5012665	3.5440083	3.4754093	3.2220936	3.8847218	3.940554	1.5496027
PLG_9501	11.742145	10.700631	11.008256	11.788032	10.280768	11.063462	12.037477	11.945202	10.067047	11.353637	11.576009	11.854972	9.690136	9.879502	10.595671	10.632627	10.941175	10.876843	10.842047	10.037764	11.444009	12.369546	9.948627	11.444725	11.3161955	9.596397	11.709112	9.942008	10.137157	11.786116	10.058688	9.955023	10.272326	11.274028	9.959158	11.813471	11.712405	10.615111	9.981307	9.963217	9.769651	12.177418	11.537393	10.161624	11.734798	9.937489	10.1609335	10.492264	10.319994	10.168214	11.499798
PLIN2_9502	6.6831703	6.39593	6.729872	7.3782406	5.995475	6.269119	6.7190804	7.070068	5.9296947	6.167864	7.097753	6.8086166	5.793284	5.8829684	7.201346	6.1405935	5.903185	6.2165127	5.9520473	5.925305	6.3178325	7.214093	5.8143377	7.1666884	6.767058	5.889172	7.374689	5.826199	6.42664	6.565962	6.0132556	5.775999	5.562104	6.3008447	5.937055	6.8442316	7.116628	6.2232265	5.5286665	5.989293	6.3914757	6.241727	5.2402797	6.2653866	6.6447754	5.1302595	5.617119	5.981055	6.509174	6.5289526	6.6266403
PLK4_9505	1.7631619	2.3110406	3.7548423	1.1871207	1.9587818	1.2534345	2.4764907	2.1047523	1.9992051	2.6126575	1.1946218	1.9443585	2.4416173	2.1818647	2.5711837	2.1911569	2.3981004	1.8748931	3.067424	1.2570211	3.1395056	2.482375	1.8362379	2.38735	0.7157622	1.9419785	1.5561608	1.4944088	2.5752249	1.7605959	0.79861236	0.8958736	2.472159	2.2424579	1.7907331	2.0518599	2.6150863	2.257008	1.6401663	1.6496927	1.4871172	1.488839	2.1194797	2.0220141	1.1146706	2.3398588	3.1029732	2.2765746	2.3267155	3.2451882	2.9534101
PLOD1_33035	3.9417143	2.3110406	3.6740434	3.2172866	2.204507	2.5470278	2.4764907	3.6116695	1.5842559	2.6126575	3.0159018	1.9443585	1.8208362	2.3909085	2.5711837	1.7560883	2.636965	1.8748931	3.067424	0.76129264	2.2945795	3.251095	1.8362379	2.38735	3.122376	2.109709	2.7702174	1.7753943	2.7372885	3.8809977	2.2317815	0.5163865	2.472159	2.9874854	1.7907331	3.6237552	3.6478724	2.594546	1.6401663	1.6496927	1.8894439	2.6825488	3.0634718	1.5043167	3.3678806	2.6036353	3.2054758	3.2220936	1.7203709	2.476957	2.65541
PLSCR3_9509	5.158619	4.630781	5.1816163	5.1998844	3.8792007	4.488855	5.2545776	4.630459	2.9990726	4.846702	4.4343996	4.119342	3.7038848	2.7354863	5.0031567	3.4732275	3.0212092	4.4379616	4.2822084	2.552146	4.4908013	4.8008246	3.321599	4.878458	5.021266	2.5203478	5.291572	2.6898494	4.112363	5.2026415	2.6266706	2.7213259	2.472159	4.703648	2.5655518	4.9043345	5.046196	4.1193533	3.2430704	3.1725283	1.8894439	4.6489487	4.5285373	3.1634846	4.2962584	3.8281465	3.4754093	3.7884288	4.231731	4.4514565	4.563557
PLTP_32412	3.6291769	4.446431	4.740627	3.2172866	3.2723231	3.5936723	3.0310833	4.332506	1.8065978	4.0942173	3.7958171	3.3587008	3.30232	3.8522093	4.6845293	3.7531235	3.8367145	4.392873	4.1384206	2.552146	4.313212	3.1481903	3.411482	4.96478	4.7727504	2.6348078	3.2341504	3.3344872	3.9890406	3.0294778	3.5048723	2.406994	3.8724551	3.7292666	3.2644873	3.6237552	3.3178172	4.3596587	3.4435291	3.2556021	2.956486	3.7053368	3.4641607	2.951459	3.788687	4.1910696	3.555222	3.3179228	3.8847218	4.000593	3.2002692
PMM1_9510	1.9974787	1.9897953	0.7951595	1.1871207	2.204507	1.6211139	1.5639434	1.8643311	2.5840793	2.2186248	2.077968	1.2775879	2.7439313	0.77186805	2.7331607	2.1911569	2.1116846	2.5029805	1.7911546	1.6252826	2.2945795	1.5686922	0.7160639	1.4924659	1.8356827	2.2599542	1.1977407	1.7753943	3.0152833	1.4809296	0.79861236	2.004529	1.3312725	2.0700042	2.0267587	2.5931726	2.2764814	2.737684	2.3879235	2.072621	1.2341714	2.5404441	2.506785	1.153547	1.4584783	1.0112327	3.1029732	2.455791	2.3267155	3.142335	1.9601587
PMM2_9511	4.864649	4.478839	4.8912005	4.238611	4.935233	4.8764534	4.4933076	4.5102134	4.522548	4.608145	4.557952	4.388235	4.3216715	4.0500264	4.603037	4.5600543	4.0988927	4.565343	4.960986	4.622362	4.7570624	4.2247515	4.5142236	4.688581	4.3413115	4.0964723	4.6401196	4.432838	3.923187	4.329629	4.8628597	4.5734663	4.5694714	4.4100404	4.9886317	4.4440207	4.5502152	4.6403866	4.6836143	4.2200017	4.0292673	4.109333	4.4423666	4.9255457	4.7355237	4.150392	5.635596	4.9598265	5.6538353	5.4181037	4.676601
PMP22_32290	1.7631619	2.5736196	3.1839569	2.884577	2.7601511	1.9138626	2.2966683	2.6512198	1.5842559	1.2997124	1.8390311	1.9443585	2.0586884	1.9373132	1.640813	1.4768263	2.636965	2.5029805	3.067424	1.6252826	2.6341627	2.9173408	2.6186037	3.0452297	3.2250526	2.3960178	2.6264875	1.7753943	2.8829715	3.1312993	2.9363732	1.4443876	2.967741	2.9874854	1.7907331	1.8143951	1.8332136	2.594546	1.9345882	1.0488179	1.70226	1.488839	1.588432	1.5043167	2.3445714	1.0112327	3.7711594	2.8892338	3.2640922	2.7807593	2.9534101
PNKD_34104	5.402709	3.5724802	4.5272	4.924599	3.8066347	4.3488812	4.6883883	5.271804	2.3210802	4.423926	4.5968914	4.388235	3.104098	2.3909085	4.904565	4.1411605	3.973751	3.4599617	3.5938473	3.5993342	4.110652	4.4577565	3.65174	4.258289	4.5924344	3.513724	4.10203	3.573486	3.539506	4.452749	3.911607	3.1287267	3.5377576	3.9935026	4.1873994	4.4016967	4.9891205	3.8308609	3.7000437	3.4794793	3.7679703	4.6831694	5.16156	3.9722536	5.0965776	3.9751415	3.1029732	4.089322	4.358206	4.113659	4.831115
PNO1_9515	5.252226	5.3960905	3.9731874	3.9713368	3.1603029	5.006382	3.8773775	3.8938673	4.613693	3.8959892	4.1501555	5.892334	4.9130273	4.5631175	5.1249337	3.2206914	2.9343114	3.5448534	3.1696014	3.2234385	6.102362	5.4464016	2.762189	4.878458	5.077238	2.109709	4.155379	5.2462397	4.6891985	3.554308	4.748459	4.4651933	3.8724551	3.6700726	3.3539796	3.6237552	3.3178172	4.779257	4.9036446	3.4794793	4.317193	4.297816	5.16156	2.7028143	5.555678	3.189834	4.646217	3.3179228	4.946625	4.860753	3.5948293
PNPLA2_32913	3.4823647	2.5736196	2.6198554	4.5840974	2.4144073	3.7502577	3.4306927	3.68756	2.1691005	3.176305	3.8612514	3.0217755	2.2628205	1.6426728	3.243922	2.3676975	1.9438806	1.5853512	2.5660443	2.713711	2.778033	4.1198797	1.8362379	3.415899	3.122376	1.5335042	3.4200125	2.3897877	2.5752249	4.452749	0.79861236	2.1515164	2.2602103	2.6625395	2.9569383	4.2187696	3.3178172	3.097608	1.2698381	2.072621	0.92724514	4.252953	3.7052414	1.5043167	3.661585	1.823375	2.7428484	2.7587066	1.9519659	2.7807593	4.1974163
POLB_9518	4.150632	4.3445973	3.7548423	3.1146789	4.305072	4.5751534	4.00006	4.5914803	3.320974	3.8233604	4.671753	4.5722427	3.9601355	3.4468794	4.761664	3.2206914	4.354535	3.7009778	4.1384206	3.679778	4.313212	4.5814013	4.0377917	4.010254	4.2468505	3.971344	4.10203	3.3344872	4.112363	4.097743	4.2285304	3.3273613	3.7147906	4.335803	3.5178556	4.485139	4.1939507	4.1707234	3.619502	3.2556021	3.617124	4.0049734	4.397271	3.2588525	3.8482714	3.9751415	4.881152	3.7884288	4.582081	4.362736	4.0790167
POLG2_9521	4.4163337	4.6593394	5.0911546	4.954615	5.268111	3.8226066	4.450914	4.7766256	4.5839467	4.1546707	4.517932	4.5283937	5.1629677	3.8522093	5.390806	5.1728354	5.193472	5.0155153	4.77899	5.1315656	4.6858673	4.0644393	5.3746824	5.0462265	4.1971946	4.2835584	4.2564993	4.9953613	5.0392876	4.2412953	5.1895285	4.520345	5.195023	5.067034	5.096293	4.117802	4.5102053	5.07724	4.8339643	4.874015	4.5292096	4.424596	3.9117455	4.7723575	4.5684204	5.151027	5.1360044	5.370696	4.358206	4.8279877	4.6491594
POLR1E_9523	2.1990027	1.9897953	1.9785899	3.3130789	1.6624343	1.6211139	2.911122	2.9264696	0.9994701	2.6126575	3.2292056	3.6316473	0.0	1.9373132	2.8787735	1.9899611	1.2772086	2.1159258	1.1573405	0.76129264	1.2029109	2.0966876	0.7160639	3.2424362	1.8356827	1.275699	3.1313937	2.2125611	2.1835182	2.919921	1.3096737	1.6561947	0.8140356	2.2424579	1.1570135	2.4342844	3.1193392	1.8155732	1.2698381	1.3803144	0.92724514	2.5404441	2.9431233	1.5043167	3.1002145	1.0112327	2.0577211	1.1901431	1.1027291	0.72461534	3.410996
POLR2H_32522	6.504469	6.5563774	7.14401	6.019011	6.3030148	6.7767687	6.1847234	6.176059	5.869323	6.1969023	6.2675743	6.2571926	6.402319	5.8829684	6.832664	5.9732223	6.4953475	6.465462	6.328488	6.066645	6.39798	5.983403	5.99964	6.6804214	6.4227424	5.967714	6.248696	6.295468	6.4962306	6.3715944	6.1843686	5.798485	6.437425	6.5914583	6.2715955	6.2093854	6.271615	6.5092177	6.2968974	5.52014	5.377605	6.0583363	6.308916	5.945275	6.011615	5.591767	6.474748	6.676078	6.5361843	6.674281	6.2601967
POLR2K_9525	2.5332706	2.159341	1.6806879	3.0042105	1.2890483	0.758765	2.6363633	2.4910152	2.4585645	2.2186248	2.282898	2.7435865	2.4416173	2.7354863	2.3886938	1.1302094	1.5351875	2.5029805	2.5660443	1.9183995	2.778033	2.786402	2.4591324	2.5451083	2.279205	1.9419785	2.4668374	2.2125611	3.1364734	2.8013556	2.4426951	1.8408495	3.223322	1.6473541	1.1570135	1.5299913	1.8332136	2.737684	2.570392	1.0488179	2.2036915	2.2057867	2.6673462	2.0220141	1.4584783	2.0168164	3.3011763	2.2765746	3.0805616	3.142335	2.4159133
POLR3B_32505	2.675235	2.3110406	2.4360592	3.0042105	0.7839461	2.7084813	3.141831	2.6512198	1.8065978	2.4290519	2.621851	0.775823	1.1804214	2.3909085	2.1797314	1.4768263	1.7539579	2.5029805	1.7911546	2.8589911	2.0891902	2.0966876	1.8362379	2.2101986	2.279205	2.3960178	2.4668374	1.4944088	2.3926249	2.372859	1.9846656	1.8408495	2.2602103	2.0700042	1.5083932	2.2557068	2.455695	2.594546	2.7323515	1.3803144	1.2341714	2.5404441	2.3260906	1.153547	3.1950624	1.823375	3.3011763	3.2220936	2.6239195	1.5643196	2.2793913
POR_9531	5.3821487	4.601646	4.6590047	5.702634	3.4732254	5.208914	5.2297173	6.0523405	3.8063707	5.082807	6.060291	4.7734776	3.3920732	3.4468794	4.761664	4.5232325	4.8579483	4.1969485	3.733852	3.2234385	5.1499085	5.5709825	4.430701	4.9078097	5.1573243	3.513724	5.4494114	4.214827	4.331278	6.1099634	4.046838	4.7909193	4.5694714	4.643371	4.678019	6.233717	5.7768745	4.565594	4.470548	4.820448	5.1214943	6.6491075	5.9199986	4.2293363	5.7711186	4.269137	4.1250777	4.1940618	4.0930934	4.614036	5.7158117
PPAN_9534	3.0326717	3.5111294	3.9040134	2.6106799	2.7601511	3.2179284	3.0310833	3.1575243	2.3210802	3.580566	3.1264923	3.1430392	2.8742359	2.8811386	3.243922	2.6667733	2.5224707	2.9391065	1.7911546	1.9183995	1.8496284	3.52196	0.7160639	2.5451083	2.074421	2.5203478	3.2341504	2.3897877	2.7372885	3.1312993	0.0	2.406994	0.8140356	2.887088	3.066902	2.736285	2.8891323	2.053109	3.1313257	2.7821121	3.0379322	2.5404441	3.2776825	3.2588525	4.0646806	2.719398	2.8731365	3.0089254	3.8275614	4.000593	2.4159133
PPAP2B_32335	7.3975368	7.4823084	7.829488	7.5698013	7.5597734	7.7792935	7.2753787	7.922737	7.275071	7.758991	7.2398453	7.0756106	7.360798	6.8353767	7.395361	7.6362815	7.4564776	7.656409	7.4213796	7.1149054	7.4226265	7.108415	7.2174215	7.4817357	7.5441093	6.5302587	7.369055	7.5421314	7.2869353	8.0878935	7.3805194	7.4852047	7.3904867	7.358808	7.6893144	7.458939	7.188108	7.565061	7.3388996	7.430853	7.094838	7.7057185	7.703302	7.509704	7.9848237	7.4102635	7.3427625	7.6915445	7.689449	7.3295965	7.1949153
PPARA_32870	4.289591	3.5111294	3.2961977	4.5840974	3.038847	3.2179284	4.1664968	5.1696496	2.3210802	3.6661186	3.9238462	4.2329803	2.2628205	1.2719984	3.9844897	2.3676975	3.6310537	3.6250265	2.9574547	2.552146	3.8749332	4.7313266	3.4960926	4.164128	4.1971946	2.7408507	4.7825623	2.3897877	3.854183	4.9192286	2.7898166	2.406994	3.335922	4.086987	2.2295449	4.5251174	4.2915974	2.594546	1.9345882	3.2556021	2.6802902	3.7704499	3.9744961	3.2588525	4.419234	2.6036353	2.8731365	4.089322	3.8847218	2.476957	4.925635
PPARG_32510	3.9417143	2.159341	1.9785899	2.884577	1.2890483	2.5470278	3.0310833	2.1047523	2.1691005	2.9218345	3.4149964	2.889376	1.8208362	1.6426728	3.243922	1.7560883	2.1116846	2.3223944	2.838406	2.3701787	2.0891902	2.482375	0.7160639	1.4924659	1.8356827	2.3960178	2.6264875	2.0104735	1.6441145	1.7605959	1.3096737	2.284903	2.2602103	2.9874854	1.7907331	2.98588	2.8891323	2.8678937	2.3879235	1.6496927	1.2341714	2.5404441	3.9744961	1.7862632	1.735917	1.3353969	1.5350422	2.8892338	2.3267155	1.8519349	4.1590195
PPCS_9540	5.746234	6.115856	6.4913335	6.359102	6.0593314	6.7210755	5.9308004	6.240467	5.6994	6.3978457	6.4907393	6.1013103	5.9042187	5.7752724	6.231596	6.0268197	5.758924	5.9313107	6.0490713	6.051607	6.032339	6.31568	5.657853	6.357758	6.2987394	5.637877	6.3664885	5.958581	6.123634	6.44264	5.97984	5.9962473	6.523165	5.614215	6.8192306	6.026503	6.0523314	5.6111693	6.1031737	6.264672	6.336199	6.362792	6.1136503	6.1947865	6.6531525	6.044405	6.693352	6.65788	6.553914	6.2852225	6.6953287
PPIA_32595	10.318117	10.834617	11.121141	10.372024	10.996012	10.874841	10.321895	10.616924	11.136892	11.028215	10.616708	10.477804	11.1647625	11.239449	11.179883	11.126029	10.946736	10.974758	11.193493	10.98559	11.077536	10.347321	11.028232	10.930686	10.706593	10.97641	10.540004	11.003052	11.032512	10.348575	10.946214	11.000184	10.981678	11.00245	11.132532	10.385422	10.608632	11.088553	10.96387	11.54773	11.4938545	10.816516	10.703613	11.160222	10.40187	11.530166	11.398021	11.222909	11.268997	11.423063	10.707381
PPIC_9541	1.1356703	1.5758953	3.4974551	2.2723026	1.2890483	1.6211139	2.091197	2.3107724	1.8065978	2.4290519	2.621851	0.775823	2.99374	2.3909085	2.3886938	2.5249715	1.7539579	1.2227256	2.2300112	1.2570211	3.4283133	2.0966876	2.4591324	2.2101986	3.122376	1.7521499	1.8430203	2.6898494	2.7372885	2.372859	1.6862907	1.1960433	2.011671	2.7791781	1.5083932	1.1754036	0.71442115	3.4698832	2.3879235	2.399263	1.2341714	2.2057867	2.1194797	2.0220141	1.4584783	1.3353969	2.7428484	3.2220936	2.4829574	2.297121	2.4159133
PPOX_9542	3.8246934	3.2357452	3.7548423	3.4874642	3.6495402	3.5085077	4.00006	3.9565632	4.0864654	3.965136	3.4149964	3.6316473	3.3920732	3.7034492	3.3476372	3.9874403	3.324341	3.2735412	3.7990685	2.713711	3.8749332	2.786402	3.5760143	3.8379865	4.1457686	3.7855976	3.4200125	4.3917923	4.052019	3.759049	4.284343	3.0559347	4.014574	3.6700726	4.570107	3.3839397	4.3830523	3.9532623	3.619502	4.5837555	3.6691785	4.464495	3.629271	4.027466	3.8482714	4.1910696	4.071798	4.664103	4.8057427	3.8779073	3.410996
PPP1R13B_9543	3.0326717	2.3110406	2.4360592	3.2172866	1.2890483	3.1064248	2.6363633	2.9264696	1.3212922	1.6747757	2.8961248	2.1892972	0.7077145	1.6426728	2.7331607	2.3676975	1.2772086	2.9391065	0.6917391	1.6252826	2.9088483	2.786402	0.0	2.2101986	2.4585013	0.5594628	2.9009168	1.7753943	2.5752249	2.919921	1.3096737	1.1960433	0.0	2.6625395	1.7907331	3.3839397	2.455695	2.8678937	1.2698381	2.2451668	1.2341714	3.1422062	2.3260906	1.5043167	2.1687598	2.0168164	1.8199238	1.8332981	2.3267155	2.297121	3.3441162
PPP1R15A_9544	3.5576375	2.6889215	3.7548423	3.1146789	1.6624343	3.6740885	2.7802737	3.0466177	2.3210802	3.176305	3.1264923	3.1430392	1.8208362	2.8811386	3.4443936	2.1911569	2.5224707	3.0594068	3.067424	2.1619017	3.1395056	2.786402	1.8362379	3.0452297	3.3209047	2.8396301	3.2341504	2.2125611	3.1364734	3.2264056	3.0694053	2.284903	2.472159	3.2525284	2.5655518	2.736285	3.0088224	3.2957203	2.8779507	1.6496927	1.2341714	3.7053368	3.4641607	2.5603254	3.1950624	1.59992	2.261813	3.49237	2.3267155	2.297121	3.9043298
PPP1R3B_9545	8.79625	7.5563054	7.9966326	8.722476	6.3674974	7.6854095	8.032768	8.396888	6.474685	7.5941486	8.219554	7.8740015	5.776716	5.417558	7.66502	6.301465	6.4012804	6.620186	7.2628174	5.3439584	7.796664	8.571778	5.9099617	7.694578	7.023616	5.877594	7.966112	5.0491486	5.814154	8.0878935	5.3019614	5.474669	6.3191257	7.7215075	6.7794023	8.051469	7.765527	7.2557807	6.3352294	6.0252514	6.53164	7.758831	7.949648	6.976242	7.8345585	6.6515107	6.994707	5.842908	7.550638	6.789381	8.126726
PPP2CA_32614	7.2857556	7.1311326	7.640409	7.2265854	7.3004713	7.574551	6.964844	7.305049	7.3027277	7.4017906	7.418932	7.037014	7.263079	7.278268	7.785348	7.551963	7.0127096	7.3610606	7.4672437	7.3170686	7.4816217	6.8128433	7.588886	7.5344377	7.529136	7.3696494	7.239178	7.094929	7.3941255	7.2986484	7.1744156	7.3995433	7.5032945	7.261906	8.058911	7.142919	7.3212476	7.5841327	7.459487	7.603322	7.477131	7.2436743	7.023825	7.6614003	7.089507	7.3486695	7.4717655	7.7656436	7.756063	7.2327886	7.317646
PPP2R1B_9546	1.9974787	2.895092	3.400333	2.2723026	2.597612	2.3652024	2.4764907	2.7953992	0.9994701	2.2186248	2.8961248	2.581391	1.1804214	1.6426728	3.4443936	2.5249715	2.636965	2.8078547	2.027206	1.2570211	3.1395056	1.8567106	1.8362379	3.0452297	2.4585013	1.9419785	2.9009168	2.3897877	3.1364734	1.9947519	2.9363732	1.4443876	2.011671	2.7791781	2.2295449	2.736285	2.7586064	3.097608	1.6401663	0.6176906	0.53686917	1.769281	1.8782536	0.689121	1.4584783	1.59992	3.2054758	3.4077816	3.1752434	3.671778	3.651246
PPP2R3C_9548	4.495037	5.3265657	6.005246	4.954615	6.1501107	5.4334445	4.315703	4.741449	5.0433664	5.230547	5.1618433	4.9164205	5.4192753	5.2929244	5.7538285	5.6536207	5.0144134	5.426834	5.5776534	5.840355	5.2271647	4.9305177	4.871772	4.8179007	5.1044307	5.3163295	5.1410136	5.3570137	5.512124	4.831187	5.8000617	5.0377	5.835446	5.1985264	5.6317782	4.8103943	4.5102053	5.155827	5.572113	4.6771235	4.471745	4.6489487	4.8630033	5.261168	5.2144794	4.636182	6.0887685	5.7937536	5.4224887	5.9618835	5.374159
PPP2R5A_9549	8.607671	8.46215	9.068809	8.524076	8.407438	8.581226	8.672336	8.781572	8.117885	8.24946	8.73361	8.768627	8.025793	7.986241	8.9188595	8.455872	8.422744	8.681234	8.658123	7.8863544	8.893581	8.681792	8.309274	8.767133	8.836268	8.025686	8.515117	8.0992365	8.371429	8.668973	8.755175	7.8152027	8.270518	8.796292	8.358289	8.527981	8.921313	8.82244	8.353238	7.806401	7.865255	8.137657	8.248358	8.394638	8.726142	7.990957	8.6354475	8.544383	8.711846	8.310354	8.583391
PPP2R5E_9550	5.746234	4.8448305	5.3208194	5.4936395	4.67482	5.607356	5.070825	5.1157255	3.9532046	4.26847	5.2377234	4.9829097	4.683437	4.223962	4.938183	4.698608	4.6001325	4.4816837	4.77899	4.25325	4.448411	5.3798304	4.0377917	4.688581	5.0495234	3.971344	5.0594006	4.306021	4.5651484	5.7101226	4.109979	3.798159	4.8604927	4.612261	4.9022617	5.493443	4.835695	4.3596587	4.4238806	4.2200017	3.7679703	5.637466	5.7147603	4.027466	5.2590685	4.02099	5.1098113	4.7352557	4.973223	4.614036	5.7549553
PPP3CB_32635	4.5696683	4.5415487	4.7003927	4.5840974	3.2723231	4.2474017	4.4933076	5.1429396	3.5839908	3.6661186	4.4343996	4.2329803	3.63202	3.2463703	4.938183	4.406767	4.2504673	4.0302944	4.2822084	2.9909706	4.16402	4.5413523	3.4960926	4.583367	4.2468505	3.6829114	4.206825	4.5115843	3.9890406	4.2412953	3.8389206	3.752821	3.7957757	4.4100404	3.5933034	4.4440207	4.2915974	4.3146935	3.2430704	3.334152	2.956486	4.5779715	4.3026175	3.7274868	4.766741	3.4797902	4.320462	3.572272	3.6410902	3.812416	4.271274
PRAF2_9555	3.9417143	4.1164427	4.039196	3.9713368	3.8066347	3.1064248	3.595438	3.6116695	3.753906	3.8233604	3.65531	3.3587008	3.7038848	3.9212065	3.535067	3.688074	3.685282	3.9074347	3.2650185	3.5141387	3.4283133	4.006783	3.920224	3.8379865	3.65103	3.513724	3.2341504	4.0662227	3.7054071	4.0465326	3.8389206	3.798159	4.318538	4.086987	3.5933034	4.0645385	3.5721645	3.5496664	3.9835975	3.9475968	3.563121	3.8327506	3.9117455	4.2756796	3.5935724	3.4797902	3.555222	3.9763792	3.6410902	4.000593	3.0404751
PRDX1_32791	8.832695	8.685115	9.068809	9.189678	8.792739	8.591617	8.768249	8.927608	8.828665	8.824725	8.86304	8.84658	9.157078	8.885357	8.933518	8.919727	8.748216	9.00901	8.915056	8.666011	8.97236	8.938471	9.017835	9.183344	8.6130495	8.708558	8.805298	9.01786	9.22639	8.775029	8.878162	8.93126	9.031623	9.052425	8.779648	8.897046	8.930817	9.229128	8.804083	8.734241	8.630703	9.211822	9.320343	8.851944	9.073761	8.549795	9.491247	9.20135	9.519137	9.554553	9.457469
PRDX2_32311	6.4262924	6.5487647	6.872491	6.4249067	6.556377	6.4739375	6.389391	6.4939904	6.4583836	6.711325	6.53151	6.071065	6.5751457	6.247791	6.6919537	6.762826	6.317916	6.4435196	6.6086764	6.468764	6.5052643	6.1788	6.7507033	6.357758	6.4441867	6.5522723	6.6435075	6.2730393	6.42664	6.263618	6.463564	6.3635144	6.743315	6.135638	6.4032135	6.456817	6.2352614	6.6784916	6.7394547	6.562593	6.4372263	6.5413003	6.6050606	6.3544474	6.283923	6.576731	7.07136	7.6553125	7.316232	7.0601487	6.5982227
PRDX3_32368	6.0497994	5.0091667	5.564438	5.7375817	5.240831	5.235658	5.660136	5.8689227	4.9989734	5.5782604	5.4006453	5.473857	5.084369	4.9072104	5.7155666	5.242452	5.13622	5.426834	5.6501427	4.8480144	5.458356	5.968379	5.258378	5.4961185	5.4606605	4.8316636	5.773278	5.0753083	5.512124	5.9238505	5.2184687	4.8566833	5.070358	5.319029	5.6317782	5.513456	5.8903265	5.515066	5.094515	5.601789	5.3459716	6.018685	5.821026	5.494597	5.7556415	5.6657906	5.887632	5.7937536	5.9093337	5.93136	6.501797
PRKAA1_9558	4.150632	3.7422786	4.039196	3.4874642	4.077273	3.5085077	3.8773775	3.8938673	3.0865276	3.580566	3.65531	2.1892972	3.4765677	4.0500264	3.9844897	4.1411605	3.6310537	3.9701722	3.733852	4.1440635	3.4283133	3.52196	3.920224	4.164128	3.791503	4.055957	3.7323904	3.6450963	3.352018	3.6939778	3.6815434	3.2641406	3.4403665	4.1315517	4.326557	4.0645385	3.4922628	4.1193533	3.9835975	3.896741	3.563121	3.4902585	4.034631	3.7274868	3.7265353	3.6054895	4.9117966	4.7352557	4.4367547	4.575076	3.5361161
PRKAA2_9559	4.978596	3.5724802	4.5724864	5.4730487	4.1376824	4.2990336	5.4609194	5.296251	2.3210802	4.2126923	4.9675345	5.450551	3.30232	2.3909085	4.274977	3.9874403	3.973751	3.9701722	3.5938473	2.552146	4.4908013	4.4577565	3.8576405	4.3889227	3.9794827	3.735168	4.748248	2.6898494	4.225969	4.4915595	3.4077	2.8983095	3.1011837	4.2575374	2.837896	5.533195	4.867713	3.9532623	3.1313257	2.8900583	2.5750768	5.6199064	5.619805	2.0220141	5.642388	2.4777672	4.0164742	3.119443	4.649599	4.6519713	5.675576
PRKAB1_9560	7.8951015	7.881253	8.47628	7.8103867	7.8488936	8.340667	7.9703574	7.9879737	7.6209974	7.834848	8.406514	8.177058	7.1582575	7.474678	8.046522	7.8446383	6.8201456	7.5830355	7.7238894	7.2723675	7.6121645	8.127051	6.767822	7.2144537	7.9027495	6.871123	8.315731	7.1390038	7.406228	8.155917	7.026798	7.0331054	6.7934766	7.9840097	7.8363113	7.8179626	8.370795	7.6307373	7.549188	6.4077516	6.6464586	7.836905	7.771154	7.38313	7.723591	6.644205	7.9378467	7.459099	7.8842263	7.4582777	8.206551
PRKACA_9561	6.893906	5.975278	6.6790175	7.3782406	6.1501107	6.1191926	7.1747723	7.111986	5.1887937	5.894137	6.5010405	6.6020303	4.943035	5.698733	6.089226	5.8448124	5.820795	6.2421613	5.8785186	5.1598887	6.3060107	7.0091367	5.5629745	6.2813225	6.213891	5.2816105	6.794067	5.3781834	6.07897	7.002042	6.1396775	4.8350935	5.6734457	6.3008447	5.3566184	6.859948	6.8937473	6.4271	5.995594	5.2431655	5.212011	6.587203	6.071213	5.5709143	6.6697626	5.0660996	5.4392233	6.010037	6.3044596	5.230271	6.5982227
PRKACB_9562	4.375311	2.5736196	4.616394	4.1375628	3.8066347	3.8915	4.00006	4.909336	2.3210802	3.0546732	2.462306	3.9959817	3.104098	2.1818647	4.6845293	3.5484548	2.636965	3.0594068	3.067424	2.552146	3.7408574	4.6203685	2.762189	3.4953887	3.5753076	2.8396301	2.9009168	3.4981349	3.4488056	3.6258323	3.4077	2.004529	2.967741	2.9874854	2.5655518	4.358093	3.4076753	3.8933594	2.8779507	1.8765994	2.956486	4.5779715	4.1478653	3.1634846	4.2962584	3.6644573	3.4754093	2.6151845	3.4268885	4.113659	3.9500241
PRKAG1_33315	4.6055846	4.196571	5.121943	4.830612	4.67482	4.616441	4.724427	4.741449	4.425254	4.4722323	4.9375095	4.119342	4.126278	4.3791647	5.0954394	4.5232325	4.734792	4.4379616	4.5328317	4.0862064	4.648907	4.9611974	4.247581	5.019585	4.963034	3.9271011	4.206825	4.214827	4.5651484	4.861135	4.825725	4.4078493	4.2626543	4.7615075	4.9886317	4.169169	4.1939507	5.155827	4.470548	4.2200017	4.921405	4.503321	4.3507204	4.406396	4.7355237	4.2306314	4.971199	5.101213	5.074966	5.01427	4.879149
PRKAG2_9563	5.4229803	3.5111294	4.5724864	4.954615	4.305072	4.0201387	5.73271	5.1696496	3.9990063	4.9181933	4.9675345	5.1657577	3.104098	3.013425	4.7236123	3.5484548	3.973751	3.9074347	4.678589	4.1996894	4.8897076	4.4577565	3.920224	4.2119765	4.47233	3.4526122	5.087121	3.4981349	3.923187	5.5900784	3.9808064	3.3273613	4.014574	4.8706985	3.7985182	5.8800435	5.4987903	4.3146935	3.8487759	3.6114979	3.6691785	5.1426578	4.723822	3.2588525	4.637601	3.3420844	4.2740407	4.383164	4.1408014	4.8279877	5.1180644
PRKAR2B_33052	1.9974787	1.5758953	2.7828603	2.2723026	2.204507	2.5470278	1.2043949	2.3107724	0.58460927	2.2186248	1.8390311	2.1892972	2.2628205	1.6426728	3.3476372	2.1911569	2.2619886	2.5029805	1.1573405	1.6252826	2.6341627	2.0966876	2.4591324	3.1471999	3.2250526	1.9419785	1.5561608	1.1451283	1.6441145	1.9947519	1.9846656	1.4443876	0.8140356	1.8741015	1.1570135	2.2557068	2.0718052	1.176321	1.6401663	1.0488179	2.3383918	0.68006337	1.8782536	1.5043167	1.4584783	1.823375	3.9589443	3.3179228	2.9792266	3.142335	2.4159133
PRKCB_9566	3.4029472	4.031601	4.616394	3.8488257	3.4732254	4.138241	2.911122	4.379027	2.9990726	4.0942173	2.282898	3.2548962	3.2066107	2.5734606	4.1656966	3.5484548	4.0988927	3.7009778	4.1879597	2.713711	3.9375708	3.52196	3.411482	4.114638	4.2468505	2.8396301	2.9009168	3.4186301	3.923187	4.1471977	3.7623768	2.7213259	2.8206856	3.9443858	3.1690745	3.294242	2.455695	3.8308609	3.619502	3.334152	2.0551069	3.6371455	3.7052414	3.4325337	3.4470994	3.9751415	4.609299	3.8538375	3.5018787	3.142335	3.3441162
PRKCD_9567	3.0326717	2.895092	2.7828603	3.7834342	2.204507	3.1064248	3.24468	3.531564	1.3212922	2.4290519	3.0159018	2.889376	1.1804214	1.9373132	3.1321692	1.9899611	1.7539579	1.2227256	1.7911546	1.2570211	2.6341627	3.251095	1.1924393	2.6873035	2.8921008	1.9419785	3.4200125	2.0104735	2.7372885	3.4790516	1.6862907	1.1960433	1.7112163	2.3964808	1.5083932	2.4342844	3.4076753	2.737684	3.1313257	2.072621	1.70226	2.3827975	2.506785	2.0220141	3.4470994	2.4777672	2.4405787	3.49237	2.9792266	2.0916321	2.8607516
PRLR_9571	3.697336	4.6873436	7.1364903	1.8294263	5.1557508	4.1938534	4.613491	4.971378	3.5225942	2.6126575	5.8667536	4.6561337	5.188244	4.427398	6.0124	5.1728354	5.369398	3.9074347	5.632359	4.4495783	6.6432037	6.2300897	3.411482	4.9078097	5.711166	3.178435	3.1313937	3.9579048	3.923187	4.0465326	4.488219	0.8958736	4.7831573	4.817136	2.837896	5.8008323	7.8640532	6.6784916	5.0336547	5.663936	4.8778276	4.058097	2.9431233	4.564081	4.3793955	5.109188	4.2740407	2.8892338	3.7059622	4.9548087	5.0356913
PRMT1_32372	4.8939905	5.156683	6.116449	5.430964	5.4928746	5.5230193	5.1257567	5.390095	5.0650606	5.487163	5.054033	5.1657577	5.481939	5.127592	5.8274364	5.433164	5.076602	5.5754795	5.335379	5.368437	5.541369	4.5413523	5.0779867	5.4961185	5.6009226	5.1721396	5.4278927	5.1994333	5.599045	5.130701	5.380885	5.2153263	5.5387664	5.5663204	5.6844845	4.873696	5.3705816	5.454173	5.572113	5.451322	4.832893	4.9869895	5.106588	5.414016	5.3443136	4.9989533	5.6896486	6.080044	5.3833585	5.524181	5.532725
PRMT5_9573	2.9230795	2.159341	2.7828603	1.8294263	2.4144073	2.5470278	3.0310833	2.9264696	2.4585645	2.4290519	2.8961248	2.3986237	2.4416173	2.5734606	1.9352914	2.6667733	1.5351875	1.8748931	2.5660443	1.9183995	2.0891902	3.1481903	2.2798173	2.008209	2.4585013	1.7521499	2.6264875	2.3897877	0.77274704	3.2264056	3.1911995	2.004529	2.8206856	2.3964808	2.4073083	2.4342844	2.455695	2.053109	2.8779507	2.399263	2.2036915	2.2057867	2.8118143	1.153547	2.7713106	2.3398588	3.8365083	3.4077816	2.9792266	3.031582	3.3441162
PROC_9575	6.578626	6.1055155	6.6046686	6.896278	6.262895	6.381161	6.664472	6.605793	6.347681	6.574192	6.628664	6.360838	6.313221	6.0150948	5.9478507	6.475393	6.309308	6.095092	6.4653635	6.363101	6.3755317	6.31568	6.423505	6.188702	6.526911	5.978593	6.536984	6.622615	6.166956	6.904748	6.0459146	6.50011	6.8888526	5.9490376	6.803431	6.787834	6.6393337	6.5092177	6.777072	6.6496377	6.2618666	6.9383616	6.9240212	6.478508	7.185039	6.5690355	6.9657917	7.309756	6.766528	6.6463633	6.583801
PROS1_9577	5.839675	5.3960905	5.564438	5.885148	5.625355	5.6870337	5.6032057	5.7142267	5.374005	5.663946	5.6616545	5.627237	5.1629677	5.368989	5.5073733	5.5658197	5.626604	5.5551596	5.908381	5.2149196	5.9587436	5.8088484	5.5232043	5.7762694	5.502146	5.03295	5.7033544	5.6973743	5.619981	5.909591	5.4557147	5.0933213	5.607677	5.357059	5.877936	5.8330407	5.8903265	5.1039143	5.655268	5.6790633	5.5261335	5.75474	5.9515357	5.6256146	5.931233	5.396883	5.635596	5.905945	5.6863503	5.976907	5.702524
PRPF4_9578	4.640628	4.7148147	5.059695	4.984019	3.8792007	4.2990336	4.4072366	4.332506	3.458468	4.518974	4.7429204	4.119342	4.0176687	3.6228914	4.603037	4.091718	3.6310537	3.8418446	3.8614638	3.5993342	4.7570624	4.3690176	3.980205	4.5087037	4.2948537	3.5723524	4.67707	3.7133195	4.052019	4.5661826	3.6815434	3.8421152	3.5377576	4.174781	4.6069818	4.4440207	4.7351427	4.4455914	3.917761	3.8440266	3.115025	4.464495	4.7598963	4.2293363	4.9947867	3.6644573	4.1250777	4.0339556	3.9397032	3.031582	4.621186
PRSS23_9581	2.5332706	2.6889215	3.2961977	2.451389	2.597612	2.3652024	2.6363633	2.6512198	2.3210802	2.2186248	2.282898	3.0217755	1.1804214	1.9373132	0.77073467	2.3676975	2.636965	2.663456	2.9574547	2.713711	1.5622083	2.6423824	3.321599	2.9355001	1.5494484	3.252017	3.2341504	2.5476058	3.0152833	1.9947519	2.2317815	3.198022	3.1011837	2.6625395	1.5083932	1.8143951	2.0718052	2.987318	2.3879235	2.072621	1.4871172	2.0039802	2.1194797	3.0613632	2.3445714	2.6036353	3.8365083	3.8538375	3.3477855	3.3411944	2.1285868
PSAT1_9583	3.4823647	3.5724802	3.4974551	3.4029047	3.8792007	3.1064248	3.9400225	3.8938673	2.5840793	2.9218345	4.1501555	3.5462768	3.104098	3.537568	3.849662	3.688074	3.254318	2.5029805	2.838406	2.8589911	3.242334	3.3471458	2.8927681	5.310782	2.7615314	3.252017	3.8009534	2.3897877	2.7372885	2.8013556	3.5959105	1.8408495	2.967741	2.6625395	1.7907331	3.8918242	3.2219887	2.737684	2.8779507	2.8900583	2.5750768	2.930607	3.4641607	2.4022055	4.2962584	2.1873605	3.3011763	3.8538375	2.6239195	3.3411944	3.651246
PSEN2_32895	4.1011696	2.895092	3.831355	4.0289	1.2890483	3.7502577	4.315703	4.424094	1.3212922	2.7755125	4.299267	3.1430392	2.2628205	1.2719984	2.7331607	2.1911569	2.2619886	2.663456	2.2300112	1.2570211	3.4283133	3.7499197	2.762189	3.2424362	3.8569224	2.109709	4.350994	1.4944088	2.8829715	3.8809977	1.9846656	1.8408495	2.967741	3.1694758	2.0267587	3.764007	4.0338454	2.987318	1.9345882	1.0488179	1.8894439	3.326703	3.846141	2.0220141	4.114065	2.1873605	2.8731365	2.7587066	2.1514747	2.0916321	3.9943156
PSIP1_9585	5.340128	5.308648	5.7133894	4.924599	5.5383997	5.5011415	5.563964	4.9406905	4.831867	5.364553	5.4006453	5.249167	5.308379	5.2666516	5.5730453	5.6364827	5.44992	5.7465267	5.59612	5.4394746	5.58115	5.049507	5.6941237	5.6429834	5.4394617	5.4783983	4.972892	5.1994333	5.5778008	5.1790576	5.503528	5.34319	5.5150447	5.533484	5.4610167	5.552668	5.3705816	5.7012687	5.5286665	4.9000707	4.4118958	4.8430624	5.3149257	5.28402	5.2144794	4.636182	5.7072253	5.6901174	5.7023377	5.7853985	5.176898
PSMA5_33243	7.812996	7.754625	8.187013	7.91332	7.755599	8.146457	7.8653264	7.9538045	7.5106983	7.7393866	7.9266133	7.8827343	7.462711	7.750648	8.154148	7.601378	7.475837	7.7532396	7.8977156	7.6219964	8.015712	8.007206	7.6730714	7.9662504	7.7518463	7.647	7.7227583	7.4944587	7.808538	7.865857	7.566465	7.42144	7.521267	7.850413	7.645676	7.781291	7.9930325	8.028953	7.6181746	7.6385713	7.421309	7.794488	7.488988	7.6787496	7.6333203	7.3214455	8.211647	8.2022295	8.282752	8.365622	8.161132
PSMB10_9588	3.1345234	3.07545	3.0622413	3.6430259	2.204507	3.5936723	3.743284	3.68756	2.3210802	2.7755125	3.5795677	2.889376	1.5358759	2.5734606	3.6203768	2.5249715	2.3981004	2.663456	2.708643	3.111882	3.1395056	3.0373778	2.2798173	3.6423242	3.011828	2.5203478	3.2341504	2.3897877	2.1835182	3.2264056	2.7898166	1.4443876	2.967741	3.4763536	1.5083932	3.3839397	4.1425314	2.594546	1.6401663	2.072621	2.2036915	2.0039802	2.506785	1.7862632	1.4584783	2.4777672	1.8199238	3.4077816	2.7523265	3.2451882	3.0404751
PSMB3_9589	6.666264	6.6518483	7.034993	6.7837405	6.899427	6.882093	6.926682	6.997378	6.941463	6.760782	6.674893	6.591415	6.685766	6.9304886	7.108429	6.730886	6.2475724	6.8709426	7.0976706	6.9050436	7.0569816	6.7959228	6.8343344	6.5654078	6.45479	6.616368	6.7600284	6.881726	7.0452266	6.9402537	6.925129	6.779826	6.9783125	6.713745	7.070925	6.487495	6.513432	6.8925095	6.8317204	7.1933913	6.7406964	6.9383616	6.436987	6.889495	6.734354	6.7364125	7.5173154	7.411015	7.5812197	7.703781	6.8895864
PSMB8_9591	6.4362993	6.2626786	6.9939723	6.1151657	5.4217744	6.7584424	6.863442	6.61554	5.458396	5.5782604	6.180527	6.5035553	5.580685	5.4645452	6.397877	5.2870646	5.6403956	5.99304	5.5776534	5.5290575	6.088627	6.4406905	6.042472	5.9696026	6.4009748	5.227913	6.2113976	5.9864197	6.2498837	6.9119196	5.8927493	5.327813	6.015299	6.5994124	5.5955396	6.2457304	7.041421	6.294434	5.3151307	6.1169753	4.5571055	5.9216933	5.7688713	5.6076107	6.54026	5.0216846	5.8721323	6.0663114	5.170004	6.2608795	6.166528
PSMB9_9592	3.9417143	4.5415487	5.398319	3.7149374	4.590883	5.12557	4.450914	4.630459	4.5839467	4.809582	4.810742	4.5722427	4.61052	4.837524	5.263986	5.0996885	4.2504673	5.0155153	4.454031	4.354751	4.721904	4.5814013	4.3420444	4.3466787	4.47233	4.9246063	4.3960176	4.691478	4.279584	4.5661826	4.534984	4.2858334	4.8223433	4.7328677	4.712268	4.169169	5.1277866	4.843981	5.064406	5.8085127	4.2841916	3.8924718	4.034631	5.165958	4.6034255	4.928529	5.187006	5.4147105	5.4030566	4.614036	4.271274
PSMC1_32624	7.387256	7.3307576	7.6874814	7.6590977	7.6245313	7.7094593	7.4031687	7.622737	7.450157	7.420377	7.477488	7.313799	7.503557	7.5474114	7.719205	7.7036543	7.210576	7.698706	7.619435	7.637186	7.7881913	7.50704	7.4419875	7.4270353	7.341897	7.499955	7.4244337	7.440132	7.4939	7.6209326	7.756045	7.59204	7.478977	7.330415	7.739996	7.49964	7.421723	7.671432	7.6590443	7.5913777	7.57247	7.4365625	7.256255	7.3725076	7.3174305	7.335122	7.9709644	7.8280067	8.008371	7.9135194	7.667987
PSMD10_9594	3.5576375	2.4482956	4.22083	3.3130789	2.7601511	4.6565795	2.4764907	4.1832037	2.905972	3.288475	4.041434	3.5462768	2.99374	3.013425	3.1321692	1.9899611	3.324341	3.4599617	2.9574547	2.552146	3.3383183	3.251095	3.1230586	3.4953887	2.617958	2.3960178	3.8664052	3.047878	3.0152833	3.6258323	2.4426951	3.3879275	3.5377576	3.4055345	2.9569383	3.6237552	3.4922628	4.3596587	3.2430704	2.5384767	2.6802902	3.949819	3.629271	3.2588525	3.4470994	3.0196002	3.6308496	3.49237	3.8275614	3.671778	3.410996
PSMD4_9599	7.1156025	6.9522715	7.3724327	7.321782	6.908124	7.019254	6.9032907	7.1392703	6.9058394	7.0019875	7.2581806	6.790168	6.755065	6.694664	6.8504295	7.0090704	6.590776	6.9034557	6.9970355	6.913386	7.042805	7.2077107	7.017241	6.654682	6.9279194	6.6843963	7.1234674	6.9326963	6.898726	7.1907544	7.121771	7.014017	7.2751827	6.792181	7.2447853	7.2119036	7.1625233	7.085549	7.114847	7.2999787	7.113745	7.0075154	7.0961576	7.0908375	7.263736	6.701642	7.604315	7.579998	7.5681925	7.1947427	7.1949153
PSMD6_9600	7.3239865	7.4335394	7.8617682	7.432572	7.961802	7.595351	7.148485	7.4262996	7.446029	7.768694	7.3350472	7.326657	7.8349395	7.677748	7.7526555	7.6871037	7.4368544	7.593037	7.821289	7.8389697	7.4710736	7.4378266	7.704528	7.4066186	7.4884305	7.4342985	7.2817845	7.7226205	7.7094617	7.625302	7.741164	7.5627832	7.9011717	7.3866534	7.8555927	7.46409	7.4746604	8.011448	7.7230835	7.3385983	6.9125	6.741318	6.955472	7.786701	7.274636	7.14116	8.2689905	7.9638224	8.058915	8.313316	7.543101
PSMD9_9602	4.495037	3.79471	4.432127	4.545173	4.501759	4.4436893	4.00006	3.7596574	3.642881	3.6661186	4.041434	4.05898	4.0729947	3.9870539	4.274977	3.7531235	3.4549482	3.7009778	4.2358537	3.5993342	4.110652	4.414069	3.7922184	3.7105362	4.0924416	3.4526122	3.7323904	3.900535	4.6076946	4.975073	4.170472	3.3879275	3.5377576	4.174781	3.4382432	4.117802	4.2915974	4.6763773	3.8487759	3.546998	3.115025	3.8327506	3.7052414	3.9722536	4.0135446	3.6644573	4.5714116	4.664103	4.682209	4.535035	4.1195726
PSME1_9603	7.78586	6.9464893	7.893342	7.6221704	6.4767666	7.2727065	7.8853626	8.113656	5.753847	7.3249545	8.0890665	7.987657	7.0861335	6.516604	7.2886395	7.2868085	7.0389786	7.5423217	7.221783	6.3385315	7.417142	7.992429	6.680123	7.7764196	6.857742	6.30677	7.808519	7.240749	7.149701	8.140737	6.1396775	7.2687626	7.396991	7.0576706	6.946969	7.9038653	8.290395	7.928071	7.2876935	7.899753	7.302736	7.866989	6.825334	7.404143	7.650159	7.8614855	7.575894	7.960114	7.559442	7.7172627	7.880543
PSME2_9604	1.483266	2.895092	2.4360592	2.7541187	3.1603029	2.157111	3.340682	2.3107724	2.4585645	2.9218345	1.8390311	2.889376	3.104098	3.1345942	2.7331607	2.7958763	2.2619886	3.0594068	2.9574547	3.897257	2.9088483	2.6423824	2.8927681	3.0452297	3.2250526	2.7408507	2.2872965	2.5476058	2.7372885	2.6721666	3.5048723	2.6239645	2.967741	1.8741015	2.4073083	2.736285	2.6150863	3.097608	2.3879235	2.9904869	1.70226	1.488839	2.3260906	2.5603254	2.3445714	3.0196002	4.226075	3.916409	1.7203709	3.4312084	1.9601587
PSME3_32547	5.5574236	5.272131	5.693029	5.7717032	5.184672	5.54457	5.4609194	5.917009	4.9531703	5.051353	5.6616545	5.450551	4.7185583	4.474071	5.791102	5.392909	5.0967493	5.235784	5.122574	4.6625075	5.2018695	5.467927	4.3420444	5.0980773	5.502146	4.4800982	5.5721884	4.724913	4.6891985	5.336579	4.748459	4.8131757	5.1340365	5.430238	5.22047	5.817026	5.4987903	5.4332905	4.6434445	5.070365	4.8555355	5.964062	5.4535427	5.0102134	5.625458	4.7494607	5.1360044	5.672097	5.5516458	5.0431056	5.878258
PSME3_32872	6.542024	6.1862364	6.5262785	6.4567165	5.8222513	6.5290318	6.2966805	6.429147	4.9989734	5.980172	6.5010405	6.28381	5.0571885	5.127592	6.2584586	5.687298	5.903185	6.2165127	5.80104	5.293719	6.169143	6.2174373	5.3746824	6.20061	6.0557113	5.399638	6.5167418	5.714121	5.619981	6.2858696	5.874682	5.198516	5.981077	6.2612824	6.075051	6.613372	6.386576	6.235341	5.9795494	5.222664	4.6376967	5.7221947	6.141264	5.745718	6.54026	4.9042687	5.887632	6.4086246	5.9896955	5.7154636	6.5094476
PSMF1_9605	2.675235	1.9897953	2.9293032	2.6106799	3.3762684	3.5085077	3.24468	2.9264696	1.9992051	1.9721766	2.621851	2.1892972	1.5358759	2.8811386	2.8787735	2.914369	0.9628306	2.9391065	2.027206	2.1619017	2.0891902	2.482375	2.075009	2.5451083	2.7615314	2.6348078	1.8430203	2.93812	2.5752249	2.8013556	2.9363732	2.406994	3.335922	2.0700042	2.7081409	3.0961545	2.7586064	2.737684	2.570392	2.8900583	2.0551069	2.5404441	2.6673462	2.7028143	2.6425977	2.4777672	3.3011763	4.089322	3.8847218	3.031582	3.273985
PSMG1_9606	7.019031	6.6012273	6.9345098	7.195501	6.6629877	6.7115808	6.8224616	6.974837	6.642807	7.0019875	6.8861256	6.8086166	6.402319	6.7335496	7.0091124	6.905574	6.547515	6.6587887	6.7718906	6.7737503	6.6894374	7.101546	6.6710525	6.9995337	6.994841	6.113028	6.99766	6.6047654	6.915758	7.0220633	6.825187	6.393366	6.4624467	6.7991047	6.713298	7.1104374	6.909214	6.6695905	6.512955	6.7533293	6.811891	7.4564853	7.165036	6.517599	7.1734376	6.701642	6.7367887	6.9988008	6.897281	6.617894	7.5243435
PTBP1_32416	7.313166	7.08451	7.4713874	8.234051	6.5783386	7.3046336	7.803493	7.9069486	5.9296947	7.1051555	7.663236	7.037014	5.618366	5.5757246	7.255687	6.455986	6.5029163	6.7863026	6.5903707	6.0364113	7.07102	7.4268775	5.9850755	7.0983176	7.1659307	5.781468	8.013834	6.118083	6.5075097	7.5491586	6.169625	5.9467754	6.4747963	7.216082	6.3926926	7.760508	7.87984	7.037928	6.3477836	6.1390233	5.5950313	7.8331003	7.557202	6.1331935	8.208773	6.0773273	6.3460236	6.976948	7.219567	6.6369357	7.674807
PTGS1_32494	4.150632	4.917564	4.8912005	3.9113815	3.5640745	4.770701	3.743284	4.5102134	2.6995428	4.1546707	4.041434	3.2548962	3.4765677	3.6228914	5.034578	3.023864	4.1766696	4.298234	4.3271203	2.713711	4.648907	3.9467263	3.0125036	4.9078097	4.7033043	2.8396301	3.8664052	3.7133195	4.279584	4.2412953	3.1911995	3.3273613	3.223322	4.514691	3.7985182	4.3131304	3.9162993	4.6763773	3.917761	3.2556021	2.956486	3.5655706	3.5490766	3.4325337	4.1618156	4.4808006	2.992627	3.3179228	3.8275614	2.7807593	3.651246
PTK2_9613	4.4163337	4.5719104	4.3303432	4.954615	3.4732254	5.006382	4.6514254	4.551419	3.1689827	4.518974	4.1501555	4.05898	3.5563867	2.1818647	4.516664	3.309873	3.1031692	4.24848	3.8614638	3.111882	4.3597	4.7313266	3.411482	4.3889227	4.3413115	2.7408507	4.7825623	3.1498733	3.923187	4.737421	3.4077	2.7213259	2.6569214	4.2972007	2.9569383	4.5251174	4.66399	4.3596587	2.8779507	3.4794793	3.1882064	4.503321	4.8630033	3.0613632	4.2962584	3.8788273	3.9589443	4.1940618	3.8847218	3.940554	4.4408975
PTPLAD1_9615	5.340128	4.196571	5.210552	4.984019	4.590883	5.5867295	4.724427	5.32029	4.425254	5.5782604	4.9675345	5.1073456	4.882382	4.2775726	5.1249337	4.446643	4.138305	4.719379	4.9322033	4.354751	5.1499085	5.2113967	4.871772	5.4369464	5.2816496	4.1358805	5.0311365	4.820807	4.112363	5.2026415	4.534984	4.378299	4.4742694	5.156013	4.8103905	4.934336	5.073909	5.155827	4.79782	4.3766675	5.004799	5.1426578	5.265593	4.7723575	4.4957547	4.4476104	3.555222	5.018054	5.074966	4.4514565	5.3573
PTPN12_9617	3.318902	3.2357452	3.1839569	3.2172866	3.3762684	3.3214288	3.8773775	3.531564	2.1691005	3.176305	4.1501555	3.7885811	2.8742359	2.5734606	4.1077867	2.5249715	3.254318	2.1159258	3.3545144	2.8589911	3.4283133	3.8185487	2.8927681	3.415899	3.3209047	2.8396301	3.0207527	2.5476058	3.539506	3.0294778	2.4426951	2.8125298	3.4403665	3.2525284	3.1690745	3.3839397	3.4076753	3.097608	3.0101936	3.4086447	2.956486	3.326703	3.629271	3.2588525	3.3678806	2.719398	3.2054758	3.119443	3.2640922	3.671778	3.7055392
PTPN6_9618	5.482139	5.2535195	5.902593	5.342922	4.9688754	5.5011415	5.4175487	5.4994187	4.613693	5.3387294	4.9675345	4.846719	4.366648	4.2775726	5.1249337	4.996006	4.708847	5.3104234	5.016884	4.9809566	5.3928037	5.550952	5.2090974	5.2433057	5.6009226	4.2835584	5.4494114	4.691478	5.681025	5.248683	5.5498075	4.378299	5.070358	5.3757043	4.8416686	5.0756426	5.205009	5.4950523	5.2363	4.2200017	4.4118958	5.2378244	4.8957973	4.564081	5.2144794	4.879594	5.9181404	5.4362245	5.809545	5.50358	5.3573
PTPRF_9621	5.462688	4.157063	4.5272	5.3876147	2.4144073	4.080398	5.439397	5.390095	3.2469792	4.03112	4.5968914	4.696318	2.8742359	2.1818647	4.560497	3.393861	3.9295027	3.7009778	3.4387813	3.2234385	5.06828	4.867128	3.2257414	4.688581	4.5535	1.5335042	5.087121	3.4186301	3.2482674	5.0549846	2.6266706	2.9792736	3.223322	4.5804653	2.4073083	5.344994	5.6900024	4.403265	3.7000437	4.13479	3.448644	4.902367	5.29047	3.4325337	4.8565345	3.6054895	2.7428484	3.7884288	4.0437536	3.3411944	5.2699165
PTPRK_9622	7.637622	6.7279725	7.391511	7.4378943	6.713477	7.179358	7.4577127	7.72982	6.3027344	7.179781	7.538769	7.3892827	6.4237595	6.1361294	7.2951407	6.6732306	6.7770967	6.8036327	6.43491	6.0210533	6.969755	7.5581098	6.3228545	7.3109894	7.4412208	6.271817	7.220526	5.9157896	6.3659687	7.32575	6.612721	6.301892	6.4624467	7.2718945	6.03502	7.572991	7.722401	6.988682	6.512955	6.0603347	5.818926	7.2029767	7.045908	6.4074416	7.5324883	6.1200867	6.0887685	6.7205925	6.7741113	6.1191134	7.3132815
PUF60_9624	5.032364	4.7148147	4.9265103	5.61137	4.305072	5.006382	4.984295	5.1157255	3.8569942	4.518974	4.9969473	4.5283937	4.2752476	3.6228914	4.8701444	4.996006	4.320673	4.565343	3.6655471	4.1440635	4.572019	5.402364	4.2955856	4.5465183	4.963034	3.6829114	4.8808637	3.840789	4.649022	5.002205	4.170472	4.5734663	4.424204	4.6738243	4.570107	5.552668	5.3927565	4.603475	4.0465603	5.0237255	4.5292096	5.3271003	5.134336	4.487392	5.5376925	4.2306314	4.5714116	5.074023	4.582081	4.113659	5.605918
PWP1_9626	3.4029472	3.6878698	3.0622413	3.9113815	2.4144073	3.7502577	4.057699	2.9264696	2.1691005	3.0546732	3.9238462	3.2548962	2.6006784	2.1818647	3.4443936	2.3676975	2.636965	3.4599617	3.067424	1.9183995	3.3383183	4.006783	2.6186037	3.7756684	3.7229755	1.9419785	3.6604056	2.3897877	2.7372885	3.3996527	3.6815434	1.1960433	2.8206856	3.2525284	2.9569383	3.6237552	3.9162993	3.6971037	2.7323515	1.3803144	2.2036915	3.7704499	3.174549	3.1634846	3.4470994	2.8265579	2.261813	2.2765746	2.6239195	2.7807593	3.8083558
PXDN_9628	2.1990027	2.7956865	3.0622413	2.6106799	2.204507	2.157111	1.851524	2.4910152	1.8065978	1.9721766	2.077968	2.1892972	1.8208362	2.3909085	2.8787735	1.4768263	2.2619886	2.3223944	2.027206	1.6252826	2.4743395	2.786402	1.8362379	3.5707264	2.8921008	0.96157944	1.5561608	2.2125611	1.9388802	2.5302608	1.6862907	1.8408495	1.3312725	2.3964808	2.0267587	1.1754036	1.8332136	2.737684	2.3879235	2.399263	2.0551069	1.769281	0.7390483	2.0220141	1.9685107	2.8265579	1.1797101	1.1901431	1.9519659	1.8519349	2.2793913
PXMP2_9629	5.2061815	5.5565214	5.2389193	5.2491565	5.126238	4.4436893	4.9235835	5.343936	5.2468953	5.051353	4.8434935	4.4831705	5.561469	5.0679846	5.414885	5.7523813	5.0967493	5.358121	5.335379	5.3439584	5.06828	4.6952806	5.830722	5.3961053	4.871027	5.2095604	4.30452	5.2230263	5.985267	5.2026415	5.616557	4.9600377	5.195023	4.5804653	5.613773	4.9637265	4.700005	5.4332905	5.6349244	6.264672	5.9190617	5.490613	5.7688713	5.6256146	5.463422	6.1513443	5.902967	5.7079153	5.950074	5.900176	5.502375
PYCARD_33242	2.375796	2.6889215	3.4974551	2.2723026	3.4732254	3.5085077	2.4764907	2.4910152	2.6995428	1.9721766	2.282898	2.581391	2.4416173	2.3909085	3.3476372	2.6667733	1.2772086	3.5448534	3.1696014	2.3701787	2.778033	2.9173408	2.2798173	3.1471999	2.7615314	1.7521499	1.8430203	2.3897877	2.7372885	3.0294778	2.4426951	2.1515164	2.8206856	3.0813484	0.6915133	1.8143951	3.0088224	3.4698832	2.3879235	2.7821121	2.0551069	2.0039802	2.3260906	3.0613632	1.1146706	2.719398	0.70722115	3.0089254	2.4829574	3.031582	3.0404751
PYCR1_9631	2.8044732	2.3110406	0.7951595	2.451389	0.7839461	2.5470278	3.24468	3.0466177	1.5842559	2.2186248	3.0159018	3.0217755	2.0586884	1.6426728	1.640813	1.4768263	1.5351875	1.8748931	1.7911546	1.9183995	0.7233562	3.251095	1.5499562	2.6873035	2.4585013	1.7521499	2.7702174	1.7753943	1.9388802	2.372859	1.6862907	1.4443876	1.7112163	1.6473541	1.7907331	2.4342844	1.5471903	2.257008	0.7703406	2.5384767	1.8894439	1.1403992	1.588432	2.0220141	1.9685107	1.3353969	2.261813	0.71446705	1.4443535	2.297121	1.2901436
PYGL_9632	9.209018	8.529447	8.993806	9.373112	8.42875	8.679468	9.385551	9.112771	8.032367	8.760528	8.957702	8.990883	8.084185	8.149705	8.583937	8.421267	8.17286	8.604208	8.611229	8.214677	8.598815	9.395521	7.8602796	8.997893	8.735509	7.758508	9.168542	7.962259	8.324371	9.479642	8.346995	8.174508	8.182905	9.015747	8.439755	8.934639	9.02788	8.512302	8.269937	8.224989	8.245556	9.105432	8.643021	8.09526	8.726142	7.867772	8.135796	8.499104	8.499535	7.9482355	9.215845
PZP_9633	13.32548	13.61784	13.643008	12.672204	14.011815	13.703182	12.976729	13.413662	13.71865	13.511938	12.983269	13.435971	13.874619	13.691465	13.405422	13.825922	14.022509	13.753277	14.068653	13.6259165	13.86789	13.159939	13.670796	13.659269	13.76907	13.698392	13.44998	13.709436	13.495324	13.260664	13.807531	13.68141	13.741757	13.758377	13.799671	12.933382	13.146471	13.592398	13.72577	13.048039	12.988034	12.56578	12.729359	13.505769	13.255497	13.371727	13.881594	13.974356	13.5900545	13.899016	12.949188
QDPR_9634	9.488094	8.23435	8.671024	9.616668	8.315634	8.37114	9.308997	8.895964	8.043338	8.458741	8.834812	8.671177	7.8025703	7.6827245	8.203365	8.128243	8.0071125	8.128145	8.2639	8.201113	8.134108	9.102274	8.122278	8.384202	8.365813	7.761661	8.989168	8.053911	8.242362	9.3230295	8.360041	8.148486	8.1904125	8.520703	8.437198	9.339627	9.022556	8.499803	8.263325	8.319729	8.175297	9.052419	8.917082	7.998405	9.177584	7.63329	8.196171	8.703658	8.564386	7.7871127	8.949551
RAB1A_33291	7.4128213	7.171347	7.37882	7.3782406	6.7233667	7.3046336	7.3522515	7.765278	6.3118362	7.0101905	7.472262	7.4255934	6.8844113	6.8264112	7.6034923	6.6648026	6.7197905	6.950891	6.911146	6.399189	7.217048	7.650427	6.5376883	7.178779	7.347598	6.262945	7.39701	6.6918845	6.898726	7.2541986	6.7966843	6.5069532	6.6374354	7.559703	6.4946012	7.318124	7.5895133	7.125152	6.6711683	6.883099	6.9339356	7.6331763	7.287484	6.797197	7.670934	6.999482	6.9875326	7.175489	7.0487685	7.031655	7.6368914
RAB21_9637	5.5756464	5.156683	5.7532673	5.342922	5.3723497	5.5658035	5.439397	5.4348235	4.2843966	4.9526534	5.187583	5.4027786	4.7185583	4.68716	5.237227	5.148863	4.655514	5.2610955	5.399867	4.7395954	5.0400114	5.402364	5.0779867	5.456941	4.9330125	4.5400805	5.406049	4.432838	5.1585584	5.271164	4.666819	4.8350935	4.318538	5.394112	5.4201593	5.4525642	5.4361095	5.515066	5.1240087	3.334152	3.7679703	5.066922	4.95923	4.7723575	5.236946	4.5132446	5.3300095	5.8589272	5.2591662	5.204974	5.7549553
RAB27A_9638	3.318902	2.5736196	3.1839569	3.4029047	1.9587818	2.853671	3.141831	3.7596574	2.3210802	3.580566	2.765496	2.3986237	3.30232	2.5734606	3.535067	3.023864	2.3981004	2.8078547	2.9574547	1.6252826	2.4743395	2.6423824	3.321599	2.6873035	3.5753076	2.7408507	3.0207527	2.5476058	2.7372885	2.6721666	3.0694053	2.8125298	3.5377576	3.1694758	3.7333038	3.548161	2.455695	2.8678937	3.3467786	3.4086447	2.7783492	3.1422062	2.8118143	2.7028143	3.1002145	3.0196002	2.992627	3.719913	1.1027291	2.911615	2.9534101
RAB30_9639	3.2296562	2.7956865	3.7548423	3.7834342	2.9062183	2.9855762	2.7802737	3.531564	1.8065978	3.6661186	3.8612514	3.0217755	2.6006784	3.3501055	3.9844897	2.3676975	3.51607	2.1159258	2.027206	1.6252826	2.0891902	3.0373778	2.8927681	4.114638	2.7615314	2.109709	3.8664052	3.3344872	3.2482674	2.1961572	1.6862907	1.8408495	2.967741	3.1694758	2.7081409	4.2187696	3.9762692	3.3854282	1.9345882	3.0843768	2.5750768	3.4902585	3.0634718	3.0613632	4.3384256	2.8265579	2.992627	2.455791	2.4829574	4.6889343	3.9043298
RAB31_9640	4.198454	4.7148147	5.1816163	3.9113815	4.0142226	4.6565795	4.057699	4.1297936	4.391308	4.4722323	4.3907466	3.5462768	4.22728	4.474071	5.2099624	4.323549	4.1766696	4.9547606	5.221047	4.354751	4.4908013	4.1732683	4.430701	4.878458	4.8390064	4.0964723	3.9290164	4.349544	4.728286	4.1471977	4.389879	3.8421152	4.424204	4.844166	3.4382432	4.485139	4.4266934	5.155827	4.1647973	3.996721	3.324294	3.8327506	3.2776825	4.181454	3.9054923	3.2679667	5.3300095	4.769558	4.6162353	4.6519713	4.234818
RAB4A_9643	5.3186493	4.379347	4.740627	5.342922	4.501759	5.2877045	5.204421	5.601038	4.45842	5.051353	4.9675345	4.4364834	3.3920732	4.427398	4.8348827	4.280068	4.9270926	4.298234	4.570675	4.402944	4.9817553	5.1856456	4.9637804	4.4299645	5.021266	4.3851724	5.218256	4.7575912	4.9092603	5.225846	4.708216	4.649651	5.195023	4.4806437	5.0163097	5.493443	5.1277866	4.9653196	4.9372616	4.6771235	4.5292096	5.60213	4.60985	4.6719747	5.625458	4.879594	5.6718554	5.8267083	5.838767	5.179226	5.3573
RAB5A_9644	6.3958483	6.1862364	6.3554325	6.128393	6.3925047	6.2820063	6.378123	6.1891723	4.9762535	5.5782604	6.2059383	6.270563	5.708474	5.7937894	6.409908	6.128386	5.856683	6.279799	5.9804406	5.7868752	6.169143	6.5456405	5.878786	6.54687	6.0557113	5.6515374	6.160117	5.6283746	6.0013127	6.350636	5.819082	5.798485	5.715683	6.348819	5.83195	6.172101	6.120357	6.1610785	5.6349244	5.180765	4.6890273	5.848191	5.6775246	5.434587	5.8750443	5.109188	6.8359933	6.8544564	6.424969	6.3558803	6.9070687
RAC1_9645	7.200253	6.5864315	6.4675574	7.220422	5.8940554	6.256115	7.087527	7.0629616	4.391308	6.1969023	6.9248996	6.6125684	5.2615185	5.4645452	6.5360217	5.687298	5.9702435	6.267362	6.2836194	5.3190575	6.3178325	7.135569	5.4614143	6.645999	6.8089857	5.1721396	7.0689025	5.0491486	5.850039	7.0805125	5.72137	5.1815076	5.2535357	6.607323	5.3781114	7.289394	6.6759615	6.1224627	5.655268	4.9508114	4.6635904	6.2980185	6.700959	5.165958	6.8112273	5.087805	6.0059757	6.1468096	6.0534053	5.884328	7.5943594
RAC2_9646	2.8044732	2.9880874	3.4974551	3.1146789	2.4144073	2.9855762	1.851524	2.6512198	2.5840793	2.2186248	2.077968	1.2775879	2.0586884	2.5734606	3.1321692	1.9899611	2.5224707	2.3223944	3.1696014	1.9183995	2.778033	1.8567106	3.65174	3.1471999	2.279205	2.2599542	2.7702174	2.6898494	1.6441145	3.315628	2.7898166	2.406994	2.6569214	2.7791781	2.2295449	1.8143951	2.455695	3.097608	3.534197	2.7821121	0.92724514	1.769281	2.6673462	2.8324869	1.1146706	3.3420844	2.261813	3.9763792	3.5018787	2.7807593	2.8607516
RAD21_33184	6.943863	6.7612896	7.2730613	6.5382657	6.7331886	6.767635	6.964844	6.9208302	6.0757713	6.8548827	6.7284803	6.817753	6.103371	6.6342974	7.187435	6.6043873	6.632777	6.935252	7.0648994	6.3508687	7.197984	6.633981	6.5867457	7.1847863	6.972877	6.3408957	6.9681478	6.6137176	6.8901343	6.9190555	6.825187	6.52729	6.832387	7.216082	6.626166	6.8521113	6.8382707	7.0516953	6.7677593	6.284589	6.2703176	7.0799417	6.825334	6.4883804	7.269196	6.529929	7.231767	7.315572	7.1454906	6.965408	7.369012
RAI14_9653	3.4029472	2.6889215	2.9293032	3.0042105	2.9062183	2.7084813	3.340682	2.4910152	2.5840793	0.0	2.765496	2.7435865	1.8208362	2.3909085	2.3886938	1.1302094	2.3981004	3.0594068	2.838406	0.0	2.2945795	2.9173408	2.6186037	3.1471999	2.617958	1.7521499	3.8664052	1.7753943	1.6441145	2.8013556	2.2317815	1.4443876	1.3312725	3.0813484	0.0	3.3839397	2.8891323	2.594546	1.9345882	1.6496927	2.2036915	3.5655706	2.8118143	2.4022055	3.1002145	2.8265579	1.5350422	1.5472676	2.4829574	3.2451882	3.2002692
RALA_9654	5.340128	5.429636	5.6301656	5.4936395	5.876436	5.5658035	5.303049	5.343936	5.265754	5.744827	5.309811	5.803145	5.2375045	5.658884	5.845266	5.3514986	5.13622	5.4708896	5.8785186	5.3925066	5.881191	5.667165	5.0502715	5.7920966	5.5224495	5.2816105	5.7561126	4.8514056	5.512124	5.5167127	5.5946484	5.327813	5.5387664	5.5663204	5.3126483	5.7341747	5.101099	5.390596	5.4376388	5.4156413	5.212011	5.471159	5.4969387	5.695464	5.3234696	5.109188	6.5251684	6.2230525	6.0026646	6.1722903	6.223456
RAMP2_32728	3.5576375	4.741772	5.152088	3.7149374	5.2130246	4.1938534	4.315703	3.68756	4.8063326	4.3221717	3.7272735	2.889376	4.647439	5.2398915	4.904565	4.94123	4.80994	5.3104234	5.8785186	4.7766476	4.648907	4.1198797	4.3420444	5.12332	4.2468505	4.2480316	3.8664052	4.657249	4.9092603	3.9383125	4.8990626	4.493033	5.195023	4.643371	5.0434666	3.8293307	4.0892115	5.155827	4.6434445	4.70695	4.215834	3.4902585	2.9431233	5.0640182	2.9986892	4.5132446	5.1360044	5.842908	5.1232677	5.099104	3.8083558
RAN_9657	6.26721	6.992109	7.346596	6.1544905	7.4024777	7.034566	6.1847234	6.912947	7.408337	7.058454	6.796968	6.5371327	7.5914407	7.348841	7.2355485	7.614566	7.1825714	7.440757	7.3632674	7.178583	7.2107215	6.633981	7.5984864	6.886131	6.7755413	7.2080226	6.475385	7.2056527	7.1352315	6.412619	7.3217196	7.023593	7.18034	7.0402446	7.525623	6.556636	6.2595987	7.370074	7.158258	7.4263773	7.2222633	6.362792	6.1136503	7.2443733	6.3575373	6.9705663	7.813527	7.769886	8.143318	8.047636	6.9526777
RAPGEF2_33109	2.5332706	2.7956865	2.9293032	2.451389	1.9587818	2.5470278	2.091197	2.7953992	2.1691005	2.4290519	2.621851	2.581391	1.1804214	1.6426728	2.1797314	2.3676975	1.5351875	2.3223944	2.4077895	0.76129264	2.6341627	1.5686922	2.075009	2.9355001	2.279205	0.96157944	3.1313937	2.0104735	2.1835182	1.9947519	1.9846656	0.5163865	1.7112163	1.0470449	1.7907331	2.2557068	1.8332136	2.257008	1.6401663	2.399263	2.4615827	2.8119028	1.588432	1.5043167	2.5012665	2.4777672	1.5350422	2.6151845	2.6239195	1.8519349	2.7617311
RARRES1_33060	7.8768473	7.7645173	8.153876	7.8979545	8.452725	8.074206	7.3751035	7.475299	7.5988584	7.7974176	7.0424047	7.3645577	7.3991876	7.621845	7.6948276	7.457537	7.5175357	7.8057866	8.079328	7.6117806	7.7185526	7.1152515	7.682129	7.4571285	8.101405	7.5372257	7.163078	7.6933603	8.285588	7.701771	7.9838185	7.7532415	7.781998	7.3912425	7.8896623	7.4946146	7.1625233	7.7829294	8.273231	7.4218884	7.036582	7.597734	7.4508758	7.3181896	7.3793325	7.733079	8.274897	8.328399	8.392751	8.325105	7.339271
RARS_9660	3.4823647	4.157063	4.22083	3.7834342	3.1603029	3.2179284	3.743284	4.1297936	2.5840793	3.176305	2.8961248	3.712247	2.6006784	3.1345942	3.4443936	3.393861	2.3981004	3.9074347	3.2650185	2.713711	3.6688373	4.3225136	2.6186037	3.2424362	3.7229755	3.100898	4.10203	2.0104735	2.8829715	3.9934368	2.9363732	2.7213259	3.1011837	3.6700726	2.0267587	3.294242	3.9762692	3.3854282	2.3879235	3.732442	3.5070176	2.930607	3.174549	3.587535	3.4470994	2.719398	4.365437	4.089322	3.7059622	2.6368403	4.0790167
RASA1_9661	5.3821487	5.308648	5.9376287	5.0128355	5.8222513	5.4334445	5.326688	5.456678	4.6994205	5.1135902	5.108945	5.4027786	5.1110473	4.872788	5.8274364	5.3088636	5.266436	5.7284923	5.7359147	4.701566	5.3473864	5.3569393	5.440215	5.868728	5.5622196	4.8316636	5.361342	4.549402	5.619981	5.535407	4.934379	4.7220135	5.1340365	5.8458295	4.712268	5.493443	5.3705816	5.8024487	5.1529117	4.339067	4.317193	5.0141287	4.95923	4.7723575	4.9947867	4.693933	5.902967	5.635367	5.6538353	5.50358	5.661911
RASSF1_32475	4.1011696	3.3096738	4.1627893	2.6106799	2.7601511	2.853671	4.217966	4.741449	1.3212922	2.9218345	4.251255	3.5462768	2.8742359	3.013425	3.243922	2.3676975	3.180722	3.4599617	3.2650185	2.9909706	3.5930324	3.602016	3.2257414	3.4953887	3.3209047	1.9419785	4.0466323	2.3897877	3.2482674	3.9383125	2.9363732	2.406994	2.6569214	4.2972007	2.9569383	4.564018	3.7198045	3.3854282	3.1313257	2.399263	2.6802902	4.252953	3.4641607	1.7862632	3.522194	2.3398588	2.992627	3.719913	2.9792266	3.4312084	3.651246
RASSF4_33075	1.9974787	2.4482956	3.7548423	1.1871207	3.038847	2.7084813	2.091197	2.3107724	1.9992051	2.6126575	0.71758246	1.6491554	2.7439313	3.013425	2.8787735	2.914369	2.1116846	3.3697603	2.838406	1.6252826	2.2945795	2.0966876	2.6186037	2.5451083	2.7615314	2.6348078	3.5846395	2.3897877	2.3926249	2.8013556	3.5048723	1.8408495	2.011671	2.0700042	1.7907331	2.4342844	3.0088224	2.987318	1.6401663	2.072621	0.92724514	2.2057867	1.8782536	1.153547	2.5012665	2.3398588	2.8731365	2.0718946	3.4268885	2.476957	1.769436
RB1_9662	7.725934	7.0363297	7.0430593	6.9268827	7.2670565	7.2532053	7.4306984	7.2868648	6.474685	7.1870356	7.730444	6.9648256	7.3440275	7.0508404	7.544689	7.0613756	6.838209	7.2453394	7.0846515	6.6790757	7.3496447	6.8624463	7.272433	7.7644353	7.051828	7.6298494	7.1167583	7.069126	7.0606227	6.8310027	6.889582	7.4642615	7.641171	7.4583826	7.6278443	7.8339663	7.194434	7.347928	6.8843737	6.416804	6.3992023	7.0075154	6.8755217	7.490184	7.155859	6.7364125	7.5996165	7.722518	7.9016404	7.703781	7.218445
RBKS_9663	6.0497994	5.0091667	5.6085877	5.720214	5.0961084	5.607356	6.104947	6.176059	4.6428385	5.600164	5.784808	5.275932	5.1629677	4.646986	5.366318	5.0226336	4.904411	4.605421	5.2907276	4.1996894	5.5613966	5.685655	5.1051793	5.3752427	5.1044307	4.8074613	5.6670794	4.586254	5.320795	5.8360996	4.748459	4.520345	4.9338927	4.817136	4.7457223	5.8800435	5.858812	5.390596	5.094515	4.820448	4.6635904	5.565907	5.580001	4.6719747	5.846107	4.9989533	5.187006	4.9598265	4.775837	5.4181037	5.7420254
RBM34_9666	1.1356703	2.6889215	2.6198554	1.8294263	0.7839461	2.157111	2.4764907	2.4910152	1.8065978	2.2186248	2.282898	2.7435865	1.5358759	1.9373132	2.1797314	2.1911569	1.7539579	2.8078547	1.5087776	1.6252826	2.6341627	2.786402	1.5499562	2.5451083	2.7615314	1.7521499	2.0821931	1.4944088	3.1364734	1.9947519	2.2317815	2.8983095	2.6569214	2.3964808	2.0267587	2.0518599	0.71442115	2.987318	2.1789894	2.5384767	2.4615827	2.0039802	2.8118143	2.2245977	1.735917	2.3398588	3.1029732	3.2220936	2.3267155	2.476957	2.1285868
RBM6_9668	4.772864	4.196571	4.616394	5.0128355	4.4067645	4.532649	4.315703	4.741449	3.0865276	4.608145	4.9068465	4.119342	4.0729947	3.1345942	4.516664	3.815366	3.9295027	3.8418446	4.0871205	3.679778	4.531982	4.5814013	3.1230586	4.164128	4.5535	3.6286907	4.350994	3.900535	3.7054071	4.800604	3.4077	4.187033	3.7957757	4.612261	3.7333038	4.564018	4.929693	4.4867115	3.1313257	2.9904869	3.115025	4.716597	4.686823	3.512115	5.2590685	3.3420844	4.817839	4.2437115	4.1869826	4.1670337	4.5338564
RBP1_9669	7.387256	8.073891	7.238356	7.2449203	7.7015934	7.454459	7.463055	6.8399925	7.6209974	7.3050885	6.4055696	7.2877336	7.5914407	7.877595	6.977125	7.732168	7.659751	8.050429	7.848501	7.2723675	8.022952	6.8044076	8.38334	6.958045	8.000074	7.2080226	7.2267704	6.911072	8.00834	6.6369247	8.5312805	7.3622937	7.9011717	7.2867484	7.2211943	6.746156	7.5105934	7.648966	8.209312	8.32695	7.3906302	7.6022124	7.865231	7.826161	8.194494	7.212051	8.520846	8.313945	8.250496	7.600866	6.9186068
RBPJ_9670	2.8044732	0.9932049	1.9785899	1.8294263	2.204507	2.157111	1.2043949	1.8643311	2.1691005	1.9721766	2.077968	2.3986237	2.0586884	1.9373132	3.0110276	1.7560883	2.1116846	1.2227256	1.7911546	1.2570211	2.0891902	1.8567106	2.2798173	1.773262	2.279205	1.275699	2.9009168	1.4944088	1.6441145	1.7605959	0.79861236	1.6561947	2.011671	1.8741015	2.0267587	2.0518599	1.5471903	2.257008	1.2698381	1.6496927	0.92724514	2.2057867	1.588432	1.5043167	1.4584783	1.823375	2.5996156	2.455791	3.2640922	2.7807593	2.65541
RCN1_33000	2.1990027	1.7976378	2.2253819	1.8294263	1.6624343	2.5470278	0.7243909	2.3107724	1.5842559	2.2186248	1.5525111	1.6491554	2.6006784	1.9373132	2.3886938	2.5249715	2.636965	2.8078547	2.5660443	1.9183995	3.1395056	2.482375	1.1924393	2.9355001	2.074421	1.5335042	1.5561608	2.3897877	3.0152833	1.9947519	1.9846656	0.8958736	1.3312725	2.6625395	0.6915133	1.5299913	1.5471903	1.8155732	1.9345882	1.0488179	2.0551069	1.1403992	1.8782536	1.153547	0.6624132	0.5924607	1.8199238	2.8892338	2.7523265	2.6368403	2.7617311
RCN3_32684	2.5332706	2.9880874	3.400333	3.2172866	2.4144073	2.853671	2.6363633	3.531564	2.6995428	2.4290519	2.077968	2.7435865	2.4416173	2.3909085	3.243922	2.1911569	3.180722	1.5853512	2.2300112	2.3701787	3.6688373	2.9173408	3.1230586	3.2424362	3.122376	2.3960178	2.0821931	2.6898494	3.0152833	2.5302608	1.9846656	1.4443876	2.6569214	3.4055345	2.2295449	2.736285	2.0718052	3.2957203	2.7323515	2.5384767	2.2036915	2.5404441	2.8118143	2.5603254	2.5012665	2.719398	2.5996156	4.142642	2.9792266	3.7438102	2.1285868
RDH7_9672	9.531918	8.243811	8.977063	9.754218	8.5081215	9.180503	9.047899	9.547667	8.275068	8.554401	9.217132	8.561234	8.400326	8.206093	8.884783	8.240254	8.224132	8.635998	8.853066	8.224768	8.36244	9.424709	8.637295	8.952841	9.329461	8.177398	9.830583	8.723343	8.371429	9.0003195	8.283363	8.460171	8.761179	8.505969	8.805657	9.041874	8.9883795	9.107528	8.495427	8.764694	8.493072	9.808138	9.661619	8.72826	8.990263	8.41463	8.148718	8.818699	8.494953	8.747072	9.419397
REEP5_9673	7.25216	6.7874002	7.3335013	7.958459	7.3004713	7.641083	7.734479	7.3289437	7.3387966	8.152736	7.734815	7.2942944	7.538373	7.6677437	7.032646	7.281306	7.1731143	7.276704	7.6284337	7.185488	7.7140865	7.537898	7.554773	7.6518483	7.794212	6.8475785	7.753358	7.7952447	7.4122415	7.762538	7.809331	7.2444005	7.454243	7.3256273	7.672017	7.789521	7.469453	7.6534867	7.2811627	7.7065873	7.0660043	7.481008	7.665766	7.543242	7.290833	7.4231267	7.8574805	7.7355914	7.7483835	7.703781	7.7017694
RELA_32444	5.084199	4.9868054	5.2940326	5.788466	4.251405	5.006382	5.3728333	5.7322574	3.9059012	4.564248	5.5667706	4.8819904	3.772339	3.6228914	4.938183	4.7631946	4.419964	4.0880117	4.746293	2.3701787	4.8897076	4.9912386	4.554239	5.0462265	5.37393	4.014271	5.4278927	3.9579048	4.6891985	5.7101226	3.7623768	3.8847718	3.9452639	5.1342773	4.4534655	5.646274	5.4361095	4.3596587	3.9835975	4.339067	3.8604286	5.75474	5.518157	3.9148438	5.7556415	4.1910696	4.7516193	5.1798387	4.973223	4.6519713	5.3055077
RELB_9675	2.675235	2.3110406	1.9785899	2.7541187	1.9587818	2.3652024	1.851524	2.3107724	0.9994701	2.2186248	1.5525111	2.3986237	2.2628205	0.77186805	1.9352914	1.9899611	1.2772086	2.5029805	2.5660443	0.0	1.5622083	2.9173408	0.7160639	3.1471999	2.074421	1.7521499	3.9290164	2.0104735	1.6441145	2.1961572	1.6862907	0.8958736	2.011671	2.5356345	1.5083932	2.736285	1.8332136	1.8155732	2.3879235	1.6496927	0.53686917	2.5404441	2.3260906	1.7862632	2.7713106	1.823375	2.7428484	2.2765746	3.1752434	2.0916321	2.1285868
RFC4_9678	3.7624195	2.895092	4.3821325	3.1146789	4.077273	3.9572527	3.595438	4.1832037	2.8064463	2.6126575	3.65531	3.9301062	4.177663	3.4468794	4.047455	4.040521	3.574707	3.9701722	4.1879597	3.679778	4.055234	3.8840604	3.2257414	4.3031607	3.9794827	3.252017	3.4200125	3.6450963	3.923187	2.6721666	4.046838	3.5019276	3.4403665	3.4055345	3.3539796	3.548161	3.1193392	4.526692	3.619502	2.5384767	2.8701653	2.0039802	3.2776825	3.2588525	3.3678806	2.6036353	4.1250777	3.8538375	3.8275614	4.9548087	3.9043298
RFC5_9679	5.91317	5.5258307	6.0379024	5.648571	5.5825324	6.216385	6.0773435	6.0523405	5.0213404	5.4634604	5.7678456	5.5850525	4.683437	5.2929244	5.7538285	5.5104537	5.13622	5.4708896	5.5207915	5.368437	5.6943073	6.0844073	5.0779867	5.7440844	5.417947	4.4175134	5.6298685	5.4796085	5.6609626	5.693573	5.355054	5.34319	5.715683	5.4654803	5.751892	5.817026	5.858812	5.4332905	5.5933557	5.0237255	4.5292096	5.671957	5.475404	5.0901866	5.72418	4.879594	5.792034	5.635367	5.5516458	5.126309	6.034892
RFNG_9680	4.456222	3.8941805	4.616394	4.545173	4.3568144	4.8420568	4.892242	4.332506	3.9532046	4.3221717	4.8434935	3.9959817	4.2752476	3.3501055	3.7009227	4.323549	4.138305	4.4379616	4.1879597	3.4235945	3.9976015	4.0644393	4.247581	4.3031607	4.2948537	3.3887968	4.848835	4.166973	3.9890406	4.329629	4.284343	4.493033	4.204518	3.9935026	4.712268	4.99253	4.3830523	4.603475	4.274074	4.5837555	4.0292673	4.8430624	4.60985	4.364126	4.6034255	4.0654263	3.4754093	4.383164	4.7140985	4.113659	4.234818
RFX5_9681	2.1990027	2.3110406	2.6198554	1.1871207	1.2890483	2.9855762	1.851524	2.1047523	2.1691005	2.4290519	2.621851	1.6491554	0.0	0.77186805	1.640813	1.4768263	1.7539579	1.5853512	2.027206	1.9183995	2.2945795	2.482375	2.8927681	2.38735	0.7157622	1.9419785	2.4668374	1.4944088	2.5752249	2.5302608	2.7898166	1.4443876	2.011671	1.6473541	1.1570135	2.5931726	2.2764814	1.8155732	1.9345882	2.7821121	1.2341714	2.2057867	2.3260906	1.5043167	2.7713106	2.3398588	2.5996156	2.2765746	2.1514747	1.8519349	1.9601587
RGD1304728_9682	1.9974787	2.6889215	2.7828603	2.0677924	2.4144073	3.1064248	2.091197	2.1047523	1.8065978	2.4290519	1.5525111	1.6491554	2.0586884	2.3909085	2.7331607	0.6730612	2.636965	2.5029805	1.5087776	1.9183995	1.8496284	1.8567106	1.8362379	2.2101986	1.5494484	0.96157944	1.8430203	2.3897877	1.2732412	2.1961572	2.6266706	0.8958736	2.967741	1.8741015	2.4073083	2.736285	1.8332136	2.435626	0.7703406	2.072621	2.0551069	2.3827975	2.3260906	0.689121	2.3445714	2.4777672	1.1797101	4.0339556	2.6239195	3.142335	2.9534101
RGD1305347_32873	6.5327263	5.714556	6.6046686	6.971606	6.24927	6.269119	6.104947	6.763151	5.976237	5.55602	6.2675743	6.1599617	5.084369	5.344077	6.104112	6.103657	5.626604	5.977854	5.923084	5.85775	6.3060107	5.610228	6.2516284	5.9556165	6.2508674	5.55308	6.0517416	5.399047	6.484863	6.981738	6.389151	5.44647	6.2914653	6.0336595	6.2367253	6.585283	6.419351	5.769504	5.413955	5.9272966	5.9718294	6.1711426	5.9358535	6.2653866	6.251187	5.3255973	6.2533484	6.341801	6.7122974	6.210925	6.0663533
RGD1307603_9684	9.292641	1.5758953	10.925048	10.054531	10.198079	8.312679	1.5639434	9.862062	10.310689	0.7915216	9.431568	9.33111	10.209265	9.09772	9.5292635	9.187276	9.404567	9.05315	9.862036	0.76129264	1.8496284	9.156305	9.498627	10.637367	9.086896	9.0294695	2.4668374	9.541015	9.177799	1.9947519	10.09523	8.570441	2.011671	2.3964808	1.7907331	9.664471	2.2764814	9.996612	9.16137	9.693971	8.696458	2.0039802	0.7390483	10.766847	10.184308	1.823375	8.564896	1.1901431	1.7203709	9.234981	8.557794
RGD1307929_9686	4.5328355	4.478839	4.5272	4.924599	3.9482906	4.4436893	4.4072366	4.630459	2.1691005	4.0942173	4.3907466	4.4364834	2.7439313	2.8811386	4.1656966	3.688074	4.016682	3.5448534	3.8614638	3.111882	4.921047	4.1198797	3.321599	4.258289	4.1971946	2.3960178	4.5632515	2.6898494	3.923187	5.0549846	3.4077	2.8983095	3.335922	3.9443858	2.5655518	4.9043345	4.1425314	4.010777	1.2698381	2.9904869	3.563121	4.297816	4.4860954	3.7926803	4.913435	3.7756202	3.7711594	3.572272	4.231731	4.113659	4.70353
RGD1308428_9687	3.4029472	3.447053	4.102316	3.2172866	2.597612	3.6740885	3.0310833	3.8283224	3.320974	3.4896183	4.041434	3.4555352	3.30232	2.1818647	3.243922	3.1256318	3.51607	3.0594068	3.7990685	2.3701787	3.8094523	3.3471458	3.65174	3.4953887	3.4953897	3.513724	3.4200125	3.3344872	3.923187	3.759049	2.7898166	3.2641406	3.8724551	4.041002	3.5178556	3.6955848	3.4922628	4.1707234	3.2430704	3.4086447	3.0379322	3.8327506	3.3739324	3.7274868	3.2840576	3.4125795	4.226075	4.089322	3.4268885	3.812416	3.8571408
RGD1309995_9688	3.5576375	2.4482956	2.6198554	3.1146789	3.1603029	3.1064248	2.7802737	2.3107724	2.9990726	3.176305	2.282898	2.581391	2.7439313	2.3909085	3.243922	3.815366	1.9438806	3.5448534	2.708643	2.713711	2.0891902	2.6423824	2.762189	3.0452297	2.8921008	2.2599542	2.0821931	2.93812	3.1364734	3.3996527	3.4077	2.8125298	2.472159	2.9874854	3.3539796	2.98588	3.2219887	3.6252677	3.0101936	2.9904869	3.3878083	3.326703	2.8118143	3.4325337	2.5012665	2.8265579	3.8365083	3.4077816	3.7059622	1.2047167	2.9534101
RGD1559459_9690	2.5332706	2.159341	3.7548423	2.7541187	2.597612	2.9855762	2.6363633	3.3566325	0.9994701	3.6661186	2.282898	2.581391	1.5358759	2.1818647	0.0	1.4768263	2.5224707	2.3223944	2.708643	0.76129264	3.6688373	2.0966876	1.8362379	3.2424362	3.5753076	2.3960178	2.4668374	2.2125611	2.5752249	3.3996527	3.1911995	1.1960433	2.967741	3.6700726	2.0267587	3.0961545	3.3178172	2.8678937	1.2698381	2.6654315	2.0551069	3.7704499	2.9431233	1.153547	2.1687598	3.1072266	2.7428484	0.0	2.9792266	2.476957	2.8607516
RGD1561778_33259	2.675235	3.8941805	4.6590047	2.884577	3.2723231	3.5085077	2.091197	3.1575243	1.8065978	3.965136	2.8961248	2.581391	2.2628205	2.3909085	4.047455	3.309873	3.7375457	3.5448534	4.0339284	3.7559724	3.9976015	1.8567106	3.0125036	4.114638	3.8569224	2.7408507	3.6604056	2.8193185	4.112363	3.554308	1.6862907	2.004529	3.1011837	4.086987	3.2644873	1.5299913	3.0088224	2.737684	3.0101936	2.2451668	1.70226	1.769281	1.8782536	0.689121	2.6425977	3.0196002	2.7428484	2.8892338	4.0930934	3.4312084	1.769436
RGD1562178_32879	6.456107	5.3442636	6.0379024	6.5676966	5.4217744	5.6477447	6.5685983	6.5458865	4.5839467	5.1732535	6.2915096	6.1742597	4.647439	4.3292627	5.9804864	4.5232325	4.8813667	5.44903	5.335379	4.8480144	5.4795613	6.614812	5.0502715	5.9272313	5.746118	4.35209	6.388935	4.586254	5.1868963	6.50087	5.0354204	4.674177	4.7428775	5.675697	3.9207184	6.371671	6.2352614	5.629645	4.470548	4.2200017	4.3494563	6.352196	5.8038497	4.8961816	6.636349	4.3066416	5.460108	5.890442	5.215274	5.584275	6.5618944
RGD1564420_9693	5.0057306	4.7148147	5.210552	5.1998844	5.0961084	4.80682	5.204421	4.9406905	4.905866	5.258363	4.77723	5.221896	4.647439	5.2126255	5.46187	5.372352	4.4825535	4.5241194	4.8109617	4.4495783	5.011177	4.867128	4.554239	4.848497	5.4394617	4.2116084	4.9121966	4.724913	4.7663426	5.130701	5.00252	4.253646	5.070358	4.817136	4.9022617	5.3671594	5.073909	4.9059253	5.0336547	4.999828	4.6376967	4.6489487	4.4860954	5.037367	4.941065	4.5132446	5.2602787	5.4147105	5.4224887	5.279571	5.0774655
RGD1564614_9695	8.786505	9.146273	9.19724	8.486047	9.109781	9.371976	9.562721	8.939297	10.2041235	9.219052	8.844956	8.752041	9.202752	10.458161	10.178748	10.336885	8.955493	9.218944	10.385748	10.177655	10.063357	9.710828	8.917859	8.904517	8.759229	8.854486	8.596934	10.297025	10.058823	9.871364	9.284472	10.392509	9.140281	0.61649555	9.743232	1.8143951	9.969543	0.70487076	9.27419	0.0	8.590775	8.203977	8.678792	10.087243	8.132934	0.5924607	10.6177	10.488407	1.1027291	10.287491	9.789825
RGD1565002_9697	4.495037	4.446431	5.0911546	4.0842543	5.1557508	4.9749804	4.5745316	4.7766256	4.9531703	5.704953	4.299267	5.1368475	4.786336	5.3187275	4.221371	5.2870646	4.628089	4.9547606	5.357197	5.1876664	4.3597	3.7499197	5.131869	4.2119765	4.5535	4.597668	4.5632515	4.789545	5.0078626	4.452749	3.9808064	4.91958	5.1340365	5.357059	5.993847	4.2667212	3.7883198	4.603475	4.760747	5.222664	5.212011	4.8430624	4.034631	5.0640182	4.0135446	4.2306314	5.4392233	6.038449	6.424969	5.835711	5.4072967
RGD1565355_33245	3.1345234	4.196571	4.480447	2.7541187	3.6495402	4.0201387	4.00006	3.1575243	3.2469792	3.7468808	3.4149964	3.1430392	4.0176687	2.5734606	3.849662	4.040521	3.9295027	3.9701722	3.6655471	3.2234385	4.7570624	3.437199	3.411482	4.4299645	3.65103	2.6348078	3.0207527	3.7133195	3.781712	3.8213115	3.8389206	2.9792736	3.4403665	3.7292666	3.1690745	2.2557068	3.3178172	3.9532623	3.4435291	2.399263	2.8701653	2.5404441	3.174549	2.7028143	3.4470994	3.4797902	4.532502	4.0339556	3.9926662	5.4181037	3.9943156
RGD1565775_9698	3.1345234	3.07545	3.7548423	3.4029047	2.9062183	3.9572527	3.340682	2.7953992	2.1691005	3.288475	2.8961248	2.581391	2.2628205	2.7354863	3.535067	2.1911569	2.7430372	2.8078547	2.838406	2.8589911	3.5130224	2.482375	2.8927681	3.2424362	3.2250526	2.7408507	3.504673	2.93812	3.7054071	3.2264056	2.6266706	2.1515164	3.223322	3.5438585	2.837896	2.2557068	3.2219887	2.987318	2.7323515	2.9904869	2.2036915	3.326703	3.0634718	2.5603254	3.8482714	2.1873605	2.4405787	3.0089254	4.0437536	3.671778	3.1225834
RGN_9699	7.598054	6.8933825	7.346596	7.7602835	6.5783386	6.812738	7.468378	7.6323705	6.6210027	6.5062175	7.097753	7.0832076	6.631516	6.2875323	6.814677	6.754907	6.351842	6.629934	6.755554	5.673574	7.1915736	7.294599	6.507433	6.771055	6.661161	6.151993	7.0194044	7.0295343	6.801276	7.336449	6.310691	6.1614923	6.2632647	6.728327	6.305643	7.236193	6.998684	6.8615804	6.609949	7.0953116	6.874203	7.597734	6.970944	7.031305	7.083321	6.7837253	6.241334	6.3644214	6.3148956	6.6557293	7.1466722
RGS10_32464	0.6768118	2.3110406	2.6198554	0.7123662	1.6624343	1.6211139	0.7243909	0.7313985	1.8065978	2.2186248	2.462306	1.2775879	2.6006784	3.1345942	3.3476372	2.1911569	2.636965	1.2227256	2.2300112	1.6252826	3.0287817	0.7272255	2.6186037	2.008209	1.1920056	2.6348078	1.1977407	2.0104735	2.7372885	1.7605959	2.6266706	1.8408495	2.8206856	2.5356345	2.5655518	1.1754036	1.1900772	1.176321	2.1789894	1.8765994	1.2341714	2.0039802	0.7390483	2.0220141	1.735917	1.823375	3.1029732	3.119443	2.1514747	2.297121	0.567391
RHEB_9704	3.2296562	3.1578226	3.9731874	2.7541187	3.8792007	3.4179986	3.0310833	3.7596574	3.0865276	3.288475	3.0159018	3.6316473	3.9601355	3.8522093	3.6203768	4.040521	3.7375457	3.6250265	4.0339284	3.111882	3.9976015	3.437199	4.0931673	3.4953887	4.0924416	3.7855976	3.5846395	3.7133195	3.923187	3.2264056	4.2285304	4.043804	2.8206856	3.9443858	4.0333714	3.6955848	3.4922628	3.7655318	3.534197	3.8440266	3.8604286	3.8327506	3.7052414	3.4325337	4.208036	3.8281465	4.071798	3.49237	3.8847218	4.4514565	2.8607516
RHOA_9705	7.78586	7.1463447	7.738044	7.83883	6.7429442	7.4601407	7.5856795	7.922737	6.5988636	7.3249545	7.6859884	7.489878	6.565533	6.26116	7.500366	6.869356	6.7708406	7.105614	7.2628174	6.468764	7.272773	7.8724656	6.3458357	7.3273745	7.313049	6.537634	7.482991	6.6918845	6.8901343	7.6725125	6.557163	6.3559537	6.691346	7.501467	6.989482	7.5777507	7.613316	7.342338	6.5994883	6.8961043	6.4960546	7.092728	7.124105	6.417811	7.4910307	6.75688	6.980322	7.309756	7.010758	6.9038544	7.7892175
RHOC_9707	1.9974787	2.4482956	1.9785899	1.5437274	1.2890483	1.6211139	1.851524	2.1047523	1.5842559	0.7915216	2.077968	1.9443585	2.7439313	2.1818647	2.8787735	2.5249715	1.7539579	1.8748931	2.2300112	1.2570211	2.4743395	2.3023815	1.8362379	3.1471999	1.8356827	1.9419785	2.2872965	2.5476058	2.5752249	1.4809296	1.6862907	1.4443876	2.472159	2.6625395	1.7907331	1.8143951	1.5471903	2.737684	0.7703406	2.8900583	1.2341714	2.0039802	1.2253668	2.7028143	1.735917	0.5924607	3.3011763	3.3179228	2.1514747	2.6368403	2.1285868
RIOK3_9709	5.955534	5.494473	5.9886365	6.061007	5.0961084	5.5867295	6.158618	5.62053	4.831867	5.5334306	6.1415515	5.668223	5.0294857	4.646986	5.5295978	5.5104537	5.174639	5.102104	5.2678723	4.8480144	5.4795613	5.922344	4.5142236	5.4961185	5.638614	4.5691614	5.9037127	5.0491486	5.2419558	6.0331206	5.00252	5.111395	4.8976593	5.3757043	5.4610167	6.172101	6.0099216	5.7186327	5.389877	4.9508114	5.2971826	6.0583363	5.8380003	5.0901866	6.160074	5.151027	5.540748	5.7937536	5.5865192	5.204974	6.11731
RIPK1_9710	5.058514	5.290505	5.266739	3.7834342	4.305072	4.0201387	4.00006	5.030861	3.3913584	4.7714825	5.025772	3.712247	3.9601355	2.5734606	4.6443586	3.688074	4.571624	4.790639	4.678589	2.713711	5.3702736	4.9611974	4.0377917	4.6192975	4.5924344	4.055957	3.9890227	3.6450963	2.7372885	4.329629	3.8389206	3.4460533	3.628988	4.817136	3.3539796	5.6642876	3.8537283	4.603475	3.8487759	3.334152	3.7194197	3.7704499	4.8630033	4.131929	4.3384256	3.7211092	4.6822133	4.142642	2.6239195	3.4312084	4.879149
RNASET2_32523	7.313166	7.408522	8.081317	6.9789267	7.816922	7.3542914	7.219653	7.4482827	7.232567	7.4865484	7.0494404	7.472628	7.7441163	7.6727543	7.896408	7.275782	7.4525743	7.500426	7.7693486	7.3543115	7.492094	7.3593774	8.050651	7.7644353	7.563835	7.402336	7.0689025	7.6373935	7.9475284	7.26544	7.9147673	7.2767925	7.756935	7.3820496	7.3354697	7.043195	7.332763	7.9612727	7.6640725	7.29016	7.173537	7.0007477	6.89187	7.509704	7.070869	7.29836	8.2177925	8.164058	7.932465	8.283417	7.546823
RNF167_9717	7.0256743	6.593848	7.0187244	6.758439	6.441255	6.7767687	7.0238786	7.111986	6.3208814	6.8179755	6.57116	6.5699463	6.347281	6.19304	6.6004305	6.7863255	6.63966	6.465462	6.835447	6.5242853	6.760461	6.926038	6.137728	6.5280914	6.651975	6.226901	6.9227157	6.622615	6.96568	6.9953055	6.825187	6.393366	6.5112243	6.526195	6.834859	6.6679606	6.8702326	7.1120715	6.609949	5.9272966	5.8864493	6.122092	6.6538067	6.170464	6.636349	6.1305814	6.906162	6.969589	6.9179664	6.53911	6.8050795
RNH1_9718	3.4823647	3.2357452	2.9293032	2.6106799	3.1603029	3.1064248	3.0310833	3.531564	2.8064463	3.0546732	2.282898	2.7435865	2.8742359	1.9373132	3.535067	3.1256318	2.3981004	3.3697603	3.1696014	2.8589911	3.3383183	3.1481903	1.5499562	3.2424362	3.2250526	2.109709	2.9009168	3.2451313	2.8829715	3.554308	2.6266706	3.0559347	3.1011837	2.9874854	2.9569383	2.736285	3.3178172	2.594546	2.570392	3.6732368	2.7783492	3.7053368	3.629271	3.2588525	3.1950624	2.6036353	4.071798	3.7884288	3.9397032	4.362736	3.3441162
RNMT_9719	5.64632	5.9865913	6.3554325	6.141501	5.5158167	6.014976	5.5837183	6.0086255	4.905866	5.8762965	5.9291153	5.668223	5.481939	5.0679846	6.1478705	5.124485	5.248538	5.9469924	5.702215	5.2416673	5.458356	6.0419827	5.022013	5.8232393	5.6009226	5.03295	5.790242	5.2690854	5.4433146	6.0065694	5.5498075	4.7683144	5.3902073	5.5663204	5.2901497	5.8008323	6.038333	5.8024487	5.0336547	4.999828	5.0249157	5.991632	5.6393027	5.393147	6.251187	4.952388	5.2362657	5.8589272	5.533888	5.819134	6.2419434
RNPS1_9720	5.5389676	4.741772	5.6085877	5.61137	4.8654995	5.1538897	5.204421	5.1157255	4.168924	4.8828907	5.4652047	4.6561337	4.2752476	4.223962	4.8348827	4.94123	4.834144	5.0155153	4.872856	4.354751	4.791384	5.1327214	4.5142236	5.148129	5.1311197	4.449145	5.532412	4.622188	4.728286	5.0549846	4.968852	4.7683144	5.0374327	4.7615075	5.3992887	5.513456	5.073909	5.2779818	5.002234	4.764815	4.144076	5.348582	5.6000404	5.165958	5.2590685	4.7494607	4.971199	5.2544	5.3225985	5.279571	5.097908
RPA1_9721	5.501332	4.8448305	5.4718666	5.961044	4.7922235	4.6565795	6.158618	5.695968	4.1282835	5.364553	5.5470214	5.249167	4.647439	4.2775726	5.237227	5.0487785	4.734792	4.923396	5.016884	4.581067	5.06828	5.590739	4.7391872	5.2886386	4.871027	4.653045	5.1672235	4.4727483	4.874836	5.880642	4.934379	4.599311	4.658778	5.1342773	4.8722835	5.533195	5.61653	4.8752856	4.22047	4.6771235	5.0643263	5.471159	5.3149257	4.8355975	5.482351	4.544975	5.352524	5.519208	5.7797184	5.15301	5.9474792
RPA2_9722	2.375796	2.6889215	2.9293032	3.1146789	1.6624343	2.3652024	3.340682	2.7953992	1.8065978	2.6126575	2.765496	2.1892972	2.4416173	1.6426728	1.640813	1.4768263	1.7539579	2.1159258	2.2300112	2.1619017	2.4743395	2.482375	1.1924393	1.1434783	2.617958	1.5335042	2.9009168	2.6898494	1.6441145	1.9947519	1.6862907	1.6561947	2.6569214	1.6473541	2.0267587	3.0961545	2.8891323	2.8678937	1.9345882	1.6496927	0.53686917	2.8119028	2.1194797	1.153547	2.6425977	1.59992	2.0577211	1.8332981	2.7523265	1.8519349	1.5496027
RPA3_9723	4.950942	5.4624186	6.116449	4.830612	6.417086	5.4334445	4.984295	5.4994187	5.6571727	5.7250276	4.9375095	5.541597	6.6129694	6.494134	6.0124	5.859658	5.3358874	6.052236	6.2373104	6.2880993	6.129447	5.159426	5.7977653	5.8232393	5.657097	5.912052	4.67707	5.6632867	6.540827	4.4915595	6.62358	5.403109	5.6734457	5.598426	5.4810195	4.6747956	5.1797247	6.1862597	6.1179075	5.7946897	4.714023	5.167044	4.95923	5.6256146	4.9947867	4.8289404	7.08487	6.5632806	6.453587	6.8640056	5.532725
RPF2_9724	2.1990027	3.5724802	3.6740434	2.2723026	2.7601511	2.853671	1.851524	2.7953992	3.1689827	2.9218345	3.4996274	3.1430392	3.9601355	3.1345942	3.849662	3.309873	3.391122	3.5448534	2.5660443	3.679778	3.8749332	2.3023815	3.1230586	3.3317733	2.617958	3.0189555	3.1313937	3.4981349	3.1364734	2.5302608	2.7898166	3.2641406	3.4403665	2.7791781	3.5933034	1.8143951	3.4076753	3.7655318	3.3467786	3.7893128	3.7194197	2.5404441	2.506785	2.951459	2.8894746	3.4125795	4.2740407	3.719913	3.3477855	3.8779073	2.7617311
RPIA_9725	2.1990027	2.7956865	3.1839569	2.0677924	2.4144073	2.853671	1.5639434	2.1047523	3.0865276	2.4290519	2.621851	2.3986237	1.5358759	1.2719984	2.1797314	1.4768263	1.9438806	1.8748931	2.838406	2.552146	2.778033	1.8567106	2.4591324	2.5451083	2.8921008	2.9320772	2.9009168	1.7753943	0.77274704	2.5302608	3.1911995	1.4443876	2.2602103	2.2424579	2.0267587	2.5931726	2.6150863	2.435626	2.8779507	1.8765994	2.956486	2.3827975	1.588432	2.0220141	3.1002145	1.823375	2.992627	3.2220936	3.6410902	1.5643196	2.1285868
RPL19_9731	9.790732	10.047087	10.49839	9.751015	10.61414	9.964231	9.59593	10.152217	10.319741	10.320362	9.656737	9.881414	10.74728	10.607594	10.467709	10.344161	10.225664	10.305504	10.657641	10.483839	10.3951645	9.768343	10.636907	10.216963	10.230685	10.487263	9.893752	10.325912	10.592603	9.896888	10.723943	10.238623	10.600023	10.145087	10.502946	9.716115	9.859402	10.555363	10.380033	10.0952425	9.91955	9.674183	9.833332	10.207918	9.933177	10.152286	11.253722	10.759297	10.797025	11.261833	9.9985695
RPL35_32720	10.69152	11.882146	12.128656	10.52614	12.866997	11.436317	10.503977	11.035216	12.558795	11.9363985	10.687194	10.977589	12.936791	13.085066	12.4869585	12.461626	12.396748	12.386535	12.784349	12.741368	12.219883	10.675691	12.985463	12.012199	11.831217	12.902971	10.849145	12.156881	12.7213545	10.526138	12.90716	12.280163	12.548563	11.618094	12.466904	10.571725	10.767159	12.372783	12.368671	12.197171	12.227594	10.8337555	10.838879	12.204572	10.681205	12.373314	13.017387	12.641723	12.707875	13.120103	10.932499
RPL6_9738	8.555832	7.9493284	8.377672	8.769671	7.906452	8.135847	8.503717	8.5897045	7.935582	8.037063	8.569557	8.21904	8.169155	8.029853	8.240891	7.8814735	7.9501147	8.028487	8.234731	7.757908	8.418416	8.61824	8.203158	8.311939	8.305579	7.8172617	8.486779	7.8263845	7.963997	8.5476055	8.238152	7.744582	8.036461	8.031817	8.032046	8.53534	8.614353	8.292227	7.820878	8.16447	7.8624625	8.467178	8.463251	7.8758965	8.5354	8.226874	8.346747	8.011181	8.19508	8.301431	8.713284
RPLP0_9739	2.1990027	1.5758953	2.6198554	2.6106799	1.9587818	2.5470278	2.911122	2.1047523	0.9994701	1.6747757	2.282898	2.3986237	2.4416173	2.1818647	2.3886938	1.9899611	2.1116846	2.1159258	2.5660443	1.6252826	2.778033	2.786402	1.5499562	2.008209	2.4585013	1.275699	2.2872965	2.3897877	2.7372885	2.6721666	2.4426951	0.8958736	2.8206856	2.0700042	2.2295449	2.2557068	2.2764814	2.594546	0.7703406	2.399263	0.53686917	2.930607	2.3260906	1.7862632	2.1687598	2.0168164	2.5996156	2.6151845	2.3267155	2.476957	3.1225834
RPN1_9740	7.4279456	7.052569	7.37882	7.5104156	7.139918	7.3234563	7.305432	7.752083	6.740417	7.647713	7.503339	7.605178	7.031318	6.7526064	7.166313	6.940904	6.958691	6.935252	7.3524456	6.764558	7.492094	7.537898	6.706997	7.237756	7.9027495	6.3408957	7.346294	6.8742948	6.6466346	7.4041266	7.8422437	6.5340056	6.5112243	7.497216	6.73011	7.27774	7.6413703	7.2498217	6.84063	7.055293	6.303634	7.3325996	7.2307754	6.655424	7.424076	6.3796597	6.890861	7.1945505	7.406826	7.46362	7.5542393
RPP38_9741	2.9230795	3.07545	2.4360592	2.0677924	3.3762684	2.157111	2.7802737	2.1047523	2.1691005	3.580566	3.4996274	2.7435865	2.8742359	2.1818647	2.1797314	2.1911569	1.9438806	3.3697603	2.4077895	2.3701787	2.2945795	3.437199	1.8362379	3.0452297	2.617958	3.0189555	3.4200125	1.4944088	2.3926249	2.372859	1.9846656	2.6239645	2.8206856	2.7791781	1.7907331	2.736285	2.455695	2.594546	2.8779507	2.072621	1.4871172	2.3827975	2.9431233	1.153547	1.1146706	2.4777672	3.3011763	1.5472676	3.2640922	2.6368403	2.9534101
RPS19_33100	10.025928	9.948565	10.2335005	9.916471	10.233111	9.866012	9.819618	9.927104	10.1146345	10.099806	9.747141	9.746784	10.278566	10.184994	10.242366	9.958444	10.1408825	10.092018	10.381096	9.98135	10.250777	9.697224	10.331991	10.241667	10.103369	10.238452	9.841813	9.895965	10.291934	9.733462	10.405536	9.8282585	10.199782	10.015096	10.19238	9.795901	9.943491	10.3394575	9.9342165	10.212298	10.060821	9.647349	9.870929	9.729683	9.644762	10.299067	10.691857	10.468316	10.446402	10.642252	10.053243
RPS27A_32458	7.8471513	8.437628	9.189994	7.316013	9.19576	8.562863	7.4736814	8.232432	9.151227	8.810703	7.9227867	8.508607	9.638348	9.678695	9.174714	8.903701	8.845191	9.14609	9.424126	9.165867	9.225533	8.13043	9.451729	9.049833	8.778351	9.272064	7.9809647	8.9940605	9.431268	7.746582	9.4808855	8.779867	9.096995	8.825409	9.134064	7.199604	7.9147396	9.285561	9.017527	9.142986	8.985332	8.061651	7.8274837	8.951654	7.384373	9.041926	9.7995205	9.330468	9.365723	9.869321	8.229893
RPS27L_33046	2.675235	2.3110406	2.2253819	2.2723026	1.9587818	2.3652024	1.2043949	3.2605107	1.5842559	2.9218345	0.71758246	1.9443585	2.8742359	3.013425	2.3886938	1.9899611	2.2619886	2.8078547	2.4077895	2.1619017	2.2945795	1.5686922	2.4591324	1.1434783	2.279205	1.7521499	2.4668374	2.0104735	3.2482674	1.1336887	2.2317815	1.8408495	1.7112163	2.2424579	2.2295449	2.5931726	3.2219887	2.053109	2.1789894	2.399263	2.5750768	2.0039802	0.7390483	2.5603254	2.8894746	2.1873605	2.0577211	1.8332981	2.4829574	2.911615	1.769436
RPS5_9747	9.209018	9.227192	9.678345	9.038475	9.678705	9.241155	9.105403	9.370487	9.160073	9.259184	8.989144	9.269183	9.591751	9.658628	9.648298	9.169514	9.369804	9.572335	9.603691	9.239043	9.557611	9.2982435	9.710441	9.723793	9.385959	9.4447975	9.250504	9.029615	9.588235	9.252753	9.564977	9.099159	9.342507	9.412136	9.368222	9.04015	9.392197	9.685008	9.384927	9.080273	8.803684	8.757505	8.994822	9.135657	8.805324	9.154196	10.033486	9.511114	9.590668	9.912935	9.622654
RPS6_32332	11.374608	11.192482	11.6282625	11.381872	11.332007	11.138455	11.271578	11.596917	11.129833	11.316908	11.27843	11.339773	11.40806	11.418659	11.767856	11.088713	11.386697	11.311385	11.553524	11.115546	11.589473	11.380499	11.282392	11.718636	11.462606	11.215323	11.385479	10.843346	11.403148	11.431792	11.310722	10.810624	11.24044	11.38604	11.178809	11.2594	11.471927	11.521264	11.088788	11.129761	11.032467	10.97512	11.05754	10.971631	11.064311	11.337803	11.727129	11.3341675	11.381872	11.708011	11.658098
RRAGA_9750	5.7937107	5.290505	6.3424187	5.7547436	5.5825324	5.999454	5.867745	5.802208	4.9531703	5.2021847	6.060291	5.5193686	5.580685	5.156497	6.089226	5.3088636	5.1166196	5.5754795	5.752474	5.3925066	5.3702736	5.629458	5.3292794	5.6254225	5.9696035	5.1337223	5.4494114	5.0753083	5.6609626	5.9658027	5.4557147	5.34319	5.441446	5.598426	5.5583673	5.7678885	6.024197	5.9713106	4.9036446	5.2633796	5.1943564	5.671957	5.3149257	5.3065157	5.7711186	5.6218333	5.7417493	5.5784564	5.6701846	5.584275	5.8663917
RRM1_32657	4.978596	4.741772	5.8110905	4.954615	5.1557508	5.456365	4.9542584	5.456678	3.8569942	5.14373	4.9068465	4.950048	4.4102645	4.3292627	5.237227	4.1411605	5.0561686	4.985458	5.1478295	4.1996894	5.276462	4.6952806	3.920224	4.786641	4.963034	4.2116084	4.5632515	4.586254	5.1585584	4.861135	4.787609	3.752821	4.6148157	4.9965014	4.493403	4.9637265	4.80295	4.994124	3.9835975	4.044227	4.3494563	4.781215	4.3507204	4.564081	4.913435	3.8281465	5.418032	5.1798387	5.3017626	4.7601357	5.176898
RRM2B_33011	5.402709	5.494473	6.2053857	5.2247305	5.7659516	5.8166847	5.3953643	5.2469354	5.474697	6.092603	5.262155	5.473857	5.5022364	5.2666516	5.5073733	5.3303385	5.3527403	5.71023	5.7850323	5.5927734	5.6198635	5.3100376	5.4823065	5.53426	5.257627	5.5087366	5.243111	5.537208	5.556239	5.8511004	5.7612524	5.787286	5.981077	5.6298327	5.937055	5.3671594	5.414596	5.8024487	6.1031737	5.4156413	5.3136296	5.5287514	5.265593	5.5709143	5.555678	5.288588	6.454076	6.1337013	6.1729584	5.915852	5.9587
RRP12_9752	1.9974787	1.9897953	2.2253819	2.0677924	1.6624343	2.5470278	1.2043949	1.5756721	1.3212922	1.6747757	2.765496	1.6491554	2.6006784	1.2719984	2.5711837	1.7560883	2.1116846	1.8748931	0.6917391	2.552146	1.2029109	2.0966876	1.8362379	1.773262	1.1920056	1.275699	2.7702174	1.1451283	2.3926249	1.1336887	2.6266706	2.9792736	2.472159	0.61649555	2.837896	1.8143951	2.455695	2.257008	1.9345882	1.6496927	0.53686917	2.6825488	2.1194797	1.153547	2.1687598	1.3353969	2.5996156	2.0718946	2.1514747	2.6368403	2.8607516
RRS1_9755	4.8041124	4.5719104	4.8912005	3.4874642	3.4732254	4.2474017	4.00006	3.2605107	3.753906	4.3221717	5.187583	4.5283937	4.0729947	3.7034492	3.9844897	3.6199527	3.51607	3.3697603	4.370676	4.494753	3.9976015	4.6952806	4.0377917	4.164128	3.9794827	3.9271011	3.8009534	3.7133195	3.62484	4.329629	2.7898166	4.253646	4.0807066	4.9722033	4.1873994	4.601897	3.6478724	4.526692	5.1240087	2.9904869	3.1882064	4.9869895	5.019991	3.7274868	4.5684204	2.8265579	5.000007	4.700118	4.511247	5.179226	4.8064847
RSAD2_32612	0.0	1.7976378	2.6198554	1.1871207	2.9062183	2.5470278	1.851524	0.7313985	0.9994701	1.2997124	1.1946218	2.3986237	2.2628205	1.2719984	2.7331607	2.914369	1.5351875	2.5029805	1.7911546	0.76129264	3.0287817	1.8567106	2.4591324	2.38735	2.074421	1.7521499	0.7197537	2.8193185	2.5752249	2.1961572	2.6266706	1.4443876	2.011671	2.3964808	1.7907331	2.2557068	1.5471903	2.594546	2.1789894	2.399263	1.2341714	1.488839	2.1194797	1.7862632	1.4584783	2.3398588	3.4754093	3.719913	2.4829574	2.476957	0.567391
RSU1_9756	4.289591	4.6593394	4.6590047	3.8488257	4.935233	3.7502577	4.1664968	4.5914803	3.9990063	4.2126923	3.5795677	4.1772795	4.683437	4.3292627	4.603037	4.7631946	4.628089	4.6823845	4.1384206	3.679778	4.2651753	3.8840604	4.1979237	4.06339	4.8390064	4.318231	4.439678	4.820807	3.854183	4.329629	4.534984	4.436806	4.5694714	4.445774	4.1873994	4.169169	3.4922628	4.403265	4.0465603	4.874015	3.9888737	3.2374017	4.201315	4.3205805	4.0135446	4.693933	4.849843	4.7352557	4.4744816	4.8279877	3.7578633
RT1-A2_33098	7.571059	6.7612896	7.3724327	6.004736	5.5383997	6.1616507	6.664472	7.583546	5.441908	6.4226418	5.7333097	6.1742597	5.708474	5.4645452	5.9144597	5.529146	5.7715125	6.279799	0.6917391	5.6337395	6.819862	6.7261825	5.233948	6.908084	7.358933	5.1909714	7.0964427	5.856685	5.599045	7.7059026	5.24684	4.253646	5.441446	5.675697	5.800458	6.107735	7.579881	0.70487076	6.1612277	5.822204	4.4421306	6.8279877	6.764487	5.1903563	6.8335123	6.55352	5.211846	6.3071914	5.0249915	6.035482	7.2643833
RT1-A2_9758	5.182596	5.0091667	5.059695	3.9713368	4.4067645	4.5751534	4.892242	5.390095	3.5839908	4.732349	4.4343996	4.338317	3.5563867	4.0500264	3.0110276	3.815366	4.0988927	4.4379616	0.0	4.0259314	4.572019	4.4577565	4.247581	4.754689	5.502146	3.735168	5.0023084	4.549402	4.052019	5.572084	3.8389206	3.3273613	4.8223433	4.2972007	4.7784185	4.117802	5.4361095	1.5310675	4.5157533	4.70695	3.1882064	4.5779715	4.4860954	3.9722536	5.191657	4.343196	4.226075	5.04631	4.231731	4.000593	4.7299657
RT1-CE10_32808	7.152491	6.806678	7.359572	7.070864	5.8222513	7.3542914	7.244686	7.6275616	5.8937755	7.704425	6.9921694	6.8888345	5.580685	5.698733	6.841574	6.234704	6.4412227	6.3285027	5.816872	5.989838	6.8848825	7.0017767	6.111148	6.7305627	6.9126167	5.912052	7.2079563	6.5775695	6.0637693	7.5583277	6.2418814	5.8639126	6.3462653	6.812853	6.7217283	6.979874	7.5847054	6.6873374	6.588951	6.9469824	5.69885	7.3750877	6.6916513	6.517599	7.1018004	6.729525	6.102117	6.846444	6.4345717	6.248552	6.883712
RT1-CE11_32928	5.5389676	8.20317	5.6723776	8.261326	3.8066347	8.245183	9.492614	7.2372217	3.642881	6.4226418	7.9531164	8.201695	4.22728	3.4468794	7.644801	4.406767	4.4825535	5.358121	8.870238	3.4235945	4.857672	8.625442	7.179546	5.2200937	5.3285275	4.174241	7.239178	4.1174774	5.0078626	5.909591	8.000577	7.6611533	7.4604664	9.018716	3.7985182	7.845854	6.440795	9.175122	3.917761	4.339067	7.235272	5.167044	4.397271	7.9019833	5.2590685	5.448127	7.992628	4.338161	8.231341	7.596009	5.2334256
RT1-CE5_32445	3.4029472	3.6878698	4.039196	0.7123662	2.7601511	2.5470278	3.340682	3.2605107	1.9992051	5.99678	2.077968	2.581391	2.4416173	2.8811386	3.7772083	2.3676975	2.636965	3.2735412	0.0	1.9183995	3.0287817	1.8567106	3.1230586	3.0452297	3.011828	1.9419785	1.5561608	3.4981349	1.9388802	3.554308	0.79861236	1.1960433	3.223322	3.0813484	2.2295449	2.2557068	3.4922628	0.0	2.570392	2.399263	1.4871172	1.488839	1.588432	3.0613632	1.735917	2.9263053	1.8199238	3.6479805	1.9519659	2.476957	2.4159133
RT1-DA_9760	0.0	3.5111294	1.6806879	2.451389	2.4144073	1.9138626	2.4764907	3.68756	0.0	3.4896183	2.621851	2.581391	1.8208362	1.2719984	4.6443586	1.7560883	1.9438806	1.2227256	3.8614638	1.6252826	0.7233562	2.482375	4.1464963	1.773262	0.7157622	1.7521499	0.7197537	1.7753943	2.1835182	1.1336887	3.6815434	2.5195544	2.472159	3.2525284	0.6915133	1.8143951	0.0	4.1707234	0.7703406	1.0488179	2.6802902	0.68006337	0.0	3.3483052	0.6624132	2.4777672	4.492514	2.2765746	3.8275614	4.113659	0.567391
RT1-DB1_9761	5.9415503	6.7612896	6.21969	5.666818	4.4067645	5.607356	5.5030246	6.5253515	4.0433984	6.182456	5.506693	5.0464687	4.366648	4.3292627	6.6820664	4.1889644	5.248538	5.183789	5.6501427	3.679778	5.8159995	4.867128	5.3746824	5.456941	6.0132995	4.8074613	5.114319	4.789545	4.942882	5.3151016	5.1298456	2.9792736	5.1340365	6.395249	4.326557	4.873696	5.7599134	5.515066	4.1647973	4.3004603	3.5070176	5.2378244	4.5697665	3.7926803	4.82722	5.087805	4.971199	4.8678265	5.3431377	5.733268	5.728978
RT1-DMA_32874	2.375796	2.3110406	3.400333	3.0042105	1.9587818	2.853671	2.091197	2.3107724	0.9994701	1.6747757	1.1946218	1.2775879	1.8208362	2.1818647	2.8787735	2.6667733	2.9343114	1.2227256	2.9574547	2.1619017	2.778033	1.5686922	2.762189	2.6873035	2.8921008	1.275699	2.2872965	1.4944088	2.3926249	1.9947519	1.6862907	1.6561947	2.011671	2.0700042	1.5083932	2.0518599	1.1900772	1.8155732	1.2698381	1.0488179	2.4615827	1.488839	1.588432	1.7862632	1.735917	1.823375	0.0	2.0718946	2.1514747	1.5643196	2.4159133
RT1-DMB_32359	3.8843899	3.987233	4.5272	3.4029047	1.9587818	3.8915	3.24468	4.379027	2.3210802	3.7468808	3.1264923	2.581391	2.2628205	2.7354863	4.560497	3.2206914	2.5224707	3.1704433	3.2650185	1.2570211	3.4283133	3.6778624	3.0125036	4.164128	3.122376	1.275699	2.7702174	2.6898494	2.1835182	3.8213115	1.9846656	2.7213259	2.011671	3.9443858	2.5655518	3.1985953	2.8891323	3.9532623	1.9345882	2.399263	1.70226	1.769281	1.588432	2.0220141	2.3445714	2.6036353	1.1797101	2.0718946	2.9792266	3.031582	3.7578633
RT1-N2_32930	4.6055846	5.1160517	5.495572	4.238611	3.9482906	5.208914	4.6883883	4.2844353	4.1282835	3.288475	3.2292056	2.7435865	4.0176687	3.9870539	4.8701444	4.091718	4.571624	5.3344693	2.708643	3.8283436	4.921047	1.8567106	4.0377917	4.688581	4.7033043	3.3887968	4.67707	4.349544	4.4294205	4.452749	3.911607	2.5195544	4.7014403	4.7328677	4.9604125	4.485139	3.4076753	4.6403866	4.3756533	2.6654315	2.956486	4.541129	3.174549	4.706218	4.766741	3.6054895	3.8365083	5.4574223	2.1514747	3.4312084	4.9706697
RT1-S3_9763	7.667664	7.253253	7.188322	6.7669225	6.8001313	7.8759646	7.689606	6.653883	5.869323	6.8997273	6.590584	6.71392	5.9929557	6.076881	6.1478705	6.6732306	6.075514	6.7863026	7.044873	6.5351377	6.484436	6.643471	6.311225	6.509065	6.9875565	6.010747	7.026581	6.7579794	6.907267	7.6077437	6.8157487	6.2780876	6.6040945	6.839962	7.077509	6.257645	7.1430326	7.044828	6.8757305	6.869976	6.6721964	6.640425	6.4590983	7.2789125	7.389396	6.715651	7.137678	7.5005345	7.139632	7.1490498	7.126914
RUP2_9767	14.038092	15.597864	15.3944	13.8927145	16.269392	15.285575	14.155529	14.558407	15.866026	15.273173	14.254947	15.042868	16.07473	16.550995	16.03546	15.8121395	16.048164	16.272367	15.990431	16.329685	15.691783	14.361546	16.370913	15.59104	15.551886	16.459965	14.293204	15.737128	16.24447	14.336587	16.284088	15.847726	15.644177	15.573503	15.580074	13.974367	14.202245	15.867687	15.8353615	15.486457	15.338312	14.400182	14.547487	15.714568	14.135593	15.541984	16.19651	15.748667	15.735265	16.181364	14.59364
RUVBL1_9768	3.0326717	2.3110406	3.1839569	3.1146789	2.7601511	1.9138626	2.7802737	2.6512198	1.8065978	2.6126575	3.5795677	2.7435865	2.2628205	1.6426728	2.3886938	2.3676975	2.1116846	2.3223944	2.2300112	1.9183995	3.1395056	3.0373778	2.6186037	2.6873035	2.7615314	2.3960178	2.4668374	1.7753943	2.5752249	2.8013556	1.3096737	1.6561947	2.472159	3.2525284	2.7081409	2.2557068	3.8537283	1.5310675	1.9345882	1.6496927	2.7783492	3.8924718	2.6673462	2.0220141	3.5935724	2.3398588	2.0577211	2.6151845	2.8702326	3.4312084	3.2002692
RXRA_32828	8.19239	7.4823084	7.5639887	8.720294	6.6629877	7.9342723	8.40724	8.30651	6.425217	7.5498176	8.2716255	7.9000435	6.205934	5.9001613	7.327214	7.1725583	7.100139	6.887291	6.679661	6.3872595	7.2666864	8.352087	6.150837	7.447167	7.7561393	5.978593	8.199899	6.492764	6.957479	8.626011	6.880557	6.50011	7.1343703	7.650549	6.7874565	8.472832	8.2115	7.2498217	6.813733	6.8896165	6.586812	8.215714	8.301336	6.6109295	8.364828	6.8035364	7.297064	7.868133	7.532868	6.8146873	8.299943
S100A10_32340	4.375311	4.5719104	5.733466	4.545173	4.67482	4.6956315	3.8118882	4.8445063	4.522548	4.6507454	4.875518	4.1772795	5.308379	5.8829684	5.6152225	4.665197	4.9494233	5.0449595	5.5399957	4.6625075	5.06828	4.4577565	4.593174	5.4166703	5.1044307	4.732318	5.919218	4.9107227	5.419629	4.4915595	4.666819	3.966478	4.7428775	5.219322	4.2816463	4.601897	4.5502152	5.647887	4.0465603	4.9508114	4.5007634	4.6489487	3.9117455	4.8662076	4.0135446	4.343196	6.0616956	6.038449	4.9993396	5.76823	4.879149
S100A11_9770	3.9968476	4.478839	5.495572	4.6949406	4.67482	4.6565795	3.9400225	4.379027	4.0864654	4.3221717	4.4767704	4.1772795	5.188244	5.005808	4.6443586	4.884291	4.7602787	4.719379	4.5328317	4.4495783	4.8897076	4.50016	5.158074	4.9924426	4.9330125	4.7063746	5.1672235	4.349544	5.0078626	4.371847	5.1298456	3.966478	4.204518	5.1342773	4.1873994	4.0645385	4.7351427	4.565594	4.8339643	4.7928996	3.6691785	4.0049734	4.034631	4.2756796	3.9054923	4.636182	6.277081	6.038449	5.050195	5.584275	5.2517867
S100A4_9772	3.0326717	1.9897953	4.480447	2.6106799	1.6624343	2.9855762	3.340682	3.1575243	1.5842559	3.580566	2.621851	1.9443585	3.2066107	1.6426728	3.4443936	1.7560883	2.9343114	2.8078547	2.9574547	1.6252826	3.1395056	2.0966876	3.0125036	2.8167326	2.4585013	2.6348078	3.8664052	3.047878	3.2482674	2.1961572	3.1911995	1.8408495	2.472159	3.7861276	1.7907331	1.1754036	2.2764814	3.200062	2.570392	3.0843768	2.6802902	3.410797	1.588432	1.7862632	1.9685107	2.6036353	2.5996156	4.469166	3.2640922	4.000593	3.273985
S100A6_9773	5.3186493	6.62314	7.3724327	5.946181	5.6462984	5.5867295	6.145386	6.240467	5.780319	6.6070147	6.3496666	5.6478753	7.145409	7.0118284	6.7687025	6.128386	6.0550656	6.81222	6.5530477	6.1953654	7.0067425	5.906667	6.176703	7.1847863	7.113357	6.0729814	6.6152267	6.013731	6.540827	6.45251	6.3240676	5.798485	6.03211	7.074888	5.196475	5.7341747	5.966227	6.577426	5.790167	5.989293	5.4537797	6.3941197	4.723822	5.678316	5.1449003	5.4648113	8.180526	8.322635	6.664134	7.0099087	7.438785
S100A9_9775	2.1990027	2.7956865	2.2253819	2.2723026	2.4144073	2.5470278	2.091197	3.1575243	2.3210802	3.0546732	1.5525111	2.581391	3.3920732	2.1818647	2.8787735	2.1911569	2.5224707	3.4599617	3.9212723	3.4235945	2.778033	3.602016	4.1979237	3.1471999	2.4585013	1.5335042	3.1313937	3.1498733	3.2482674	3.554308	3.8389206	2.1515164	2.8206856	3.1694758	2.5655518	3.294242	1.8332136	4.565594	3.0101936	3.9475968	3.0379322	2.2057867	3.0634718	2.5603254	2.7713106	3.927788	5.7417493	3.719913	4.1869826	5.524181	2.7617311
S1PR3_32754	2.8044732	3.379998	3.7548423	3.0042105	3.6495402	2.157111	3.340682	3.6116695	2.3210802	3.3925493	2.8961248	3.2548962	2.6006784	2.7354863	3.243922	1.9899611	2.3981004	4.1969485	3.067424	0.76129264	3.5930324	2.786402	3.1230586	4.5087037	3.791503	3.735168	2.9009168	2.8193185	3.854183	2.6721666	3.303507	2.004529	3.1011837	3.5438585	1.1570135	2.2557068	2.2764814	2.8678937	3.534197	2.2451668	1.4871172	2.6825488	1.8782536	2.0220141	1.735917	1.823375	2.0577211	2.2765746	3.0805616	3.3411944	3.2002692
SACM1L_9776	7.051945	6.767862	7.3335013	7.1312466	6.6318235	7.06471	7.038267	7.3870044	6.4908047	6.917282	6.813594	6.799422	6.313221	6.799175	6.9932075	6.68994	6.8079762	6.6777096	6.6534495	6.5672135	6.924081	6.7261825	6.5376883	7.260688	6.605148	6.1899333	6.8994517	6.1796665	6.8640466	7.28214	6.475601	6.624884	7.054342	7.004749	7.0307784	7.097237	7.4054556	7.2135386	6.691011	6.767552	6.8060904	7.0075154	7.5156074	6.5272083	7.5415416	6.529929	6.5052114	6.7806916	6.911104	6.701669	7.3045135
SARS_9779	3.1345234	2.7956865	2.7828603	4.1375628	2.597612	2.157111	3.743284	2.6512198	1.5842559	2.9218345	3.1264923	3.0217755	1.5358759	1.9373132	3.243922	1.1302094	1.7539579	2.8078547	2.4077895	2.1619017	2.9088483	4.1198797	1.5499562	3.415899	3.011828	2.6348078	3.6604056	1.1451283	1.6441145	3.1312993	1.6862907	1.6561947	1.3312725	3.1694758	0.6915133	3.6237552	3.7883198	2.435626	1.2698381	1.8765994	1.2341714	3.4902585	3.0634718	1.5043167	4.0646806	1.823375	1.1797101	2.6151845	2.7523265	2.297121	3.9043298
SAT1_32312	7.8805165	7.057942	7.8201303	7.793878	7.1763725	7.548122	7.535846	7.5330114	6.0542383	6.890869	7.4243546	7.5125623	6.5941815	6.388449	7.4833875	6.323049	6.964185	7.372719	7.0039673	6.2880993	7.3668175	6.941507	6.444949	7.5107207	7.3304267	6.4928055	7.984654	6.981928	7.4478054	7.3939195	6.7379313	6.408063	6.8033032	7.5225363	6.06183	7.9189487	7.4953027	7.2257347	6.5994883	6.610722	6.2533665	7.72227	7.771154	6.6728444	7.9064	6.545699	7.3371286	7.136593	7.1219115	7.4742465	7.96643
SCAND1_9782	6.649157	5.8321056	6.2338533	6.849118	5.001751	6.1334844	6.7011065	6.4068675	4.905866	5.4634604	6.5010405	6.202437	5.4192753	5.005808	6.0124	5.5658197	5.654057	6.095092	5.5776534	5.073195	6.0747595	6.7261825	5.7119226	6.1400623	5.9092035	5.36689	6.802452	5.0225058	6.07897	6.6541333	5.5268536	4.8131757	5.337082	6.2910557	5.3781114	6.943457	6.6759615	5.8024487	4.9701138	5.2431655	4.9637046	6.741318	6.221069	5.4748697	6.466124	4.9042687	5.8564644	6.0663114	6.0026646	5.7154636	6.947055
SCARB1_9783	3.8246934	2.7956865	3.831355	3.3130789	3.1603029	3.3214288	4.057699	3.531564	2.5840793	2.4290519	3.4149964	3.1430392	2.4416173	2.7354863	3.243922	2.7958763	2.9343114	3.1704433	2.9574547	2.1619017	3.5130224	3.251095	1.8362379	3.415899	3.011828	2.2599542	3.8009534	2.5476058	2.3926249	3.759049	2.4426951	2.004529	2.472159	3.1694758	2.4073083	3.6237552	3.1193392	3.097608	2.1789894	2.399263	2.7783492	3.2374017	3.4641607	3.4325337	3.9054923	2.6036353	3.2054758	2.8892338	2.9792266	2.6368403	3.474912
SCCPDH_9785	8.499677	7.8660192	8.58248	8.431062	8.03112	8.059312	8.384894	8.81368	7.7571683	8.375462	8.702704	8.619867	7.6831937	7.5198693	8.300268	7.966221	7.8994	8.182147	8.303769	7.437645	8.410157	8.403259	7.937955	8.588335	8.437064	7.8020306	8.436482	7.6417766	8.187318	8.427647	8.184158	7.5984616	8.121393	8.596183	7.9156156	8.583468	8.694643	8.365707	7.933437	7.5175605	7.5656204	8.122149	8.199941	7.909351	8.261776	7.603463	8.271947	8.319743	8.030703	8.333883	8.757322
SCD1_9787	9.203169	7.6903467	7.66152	7.987786	8.299198	8.077906	8.95994	7.9879737	6.0864186	8.217934	7.7862606	7.7265677	7.2390914	6.938832	7.9468255	8.604284	8.278062	6.989263	8.180694	7.984636	8.423896	7.9356265	7.425901	7.5391345	9.336646	8.030922	8.286139	6.8742948	6.990008	9.84912	9.0670185	7.1730533	7.4972534	8.6295805	8.60153	7.265991	8.687934	7.1054864	8.478401	7.500631	7.8735986	8.580452	8.051396	7.786701	8.014387	7.5652914	10.038703	10.354282	10.173574	9.200197	9.541025
SCP2_9788	6.504469	5.8569765	5.8666854	7.195501	5.184672	6.1334844	6.926682	6.395598	4.905866	5.684595	6.6097493	6.0557013	5.285139	4.68716	6.1478705	5.372352	5.155557	5.426834	5.5776534	5.4161816	5.799231	6.3275027	5.233948	5.711165	5.746118	4.901926	6.3321495	5.3781834	5.7203317	6.575025	5.0354204	4.877955	5.337082	5.614215	5.649562	6.6409245	6.503277	5.07724	5.0336547	6.0487347	6.071905	7.014252	6.6345053	5.393147	6.5311985	5.545458	5.540748	5.3928714	5.363388	5.395919	6.7608943
SCRN1_9789	1.9974787	1.7976378	4.102316	1.8294263	3.038847	1.2534345	2.4764907	3.531564	1.9992051	3.288475	2.077968	2.581391	3.2066107	0.0	3.3476372	3.393861	2.7430372	2.3223944	2.838406	1.2570211	3.7408574	2.0966876	2.762189	2.38735	2.279205	2.2599542	2.9009168	2.5476058	1.9388802	1.7605959	3.303507	2.1515164	2.2602103	2.887088	0.0	2.2557068	2.6150863	3.8308609	1.2698381	2.5384767	2.6802902	2.8119028	1.588432	2.2245977	1.4584783	2.8265579	2.5996156	1.1901431	2.8702326	2.0916321	2.9534101
SCYL3_9790	5.252226	5.272131	5.3729453	5.2247305	5.5383997	5.181664	5.3728333	5.695968	4.7269006	5.439362	5.3559427	5.4027786	4.972431	4.3292627	5.2902575	5.0226336	5.193472	5.1298494	5.1478295	4.7766476	5.3473864	5.3798304	4.593174	5.3961053	4.9924436	4.6799564	4.7825623	5.2462397	4.6891985	5.2933	4.934379	4.8131757	5.281925	5.5167813	4.6429377	5.8008323	5.2298574	5.3465996	4.869225	5.0931315	4.61133	4.95933	5.2402797	4.8355975	5.5376925	4.636182	5.000007	5.2544	5.3431377	5.350499	5.4072967
SDC2_9793	7.2061133	7.057942	7.718031	7.150825	7.6245313	7.3963823	7.206972	7.5070643	7.3027277	7.3445506	6.984848	7.0212812	7.3663454	7.0888257	7.108429	7.4817295	7.210576	7.572964	7.4672437	7.2329183	7.4226265	6.933793	7.452613	7.2944164	7.313049	6.922733	7.130145	7.229145	7.363417	7.154935	7.4913836	7.1986394	7.4972534	7.236628	7.340953	7.063699	6.9841523	7.5457335	7.6889544	7.5175605	7.4513493	7.310877	7.324088	7.356426	7.2961917	7.4231267	7.512325	7.8361216	7.6934533	7.4092817	6.94141
SDHA_9796	8.766813	8.120852	8.37128	8.423033	8.449751	7.8240395	8.674641	8.541946	7.347675	7.825581	8.2806225	8.353907	7.769459	7.9076595	8.210261	7.818282	7.7953734	8.324011	8.283972	7.5648913	8.103701	8.738241	8.270765	8.551615	8.410074	7.888212	8.499729	7.479844	8.259141	8.449988	8.478424	7.499	8.028105	8.109066	7.53043	8.530438	8.462759	8.427729	8.057087	7.295078	7.132408	7.998505	8.05503	7.665757	8.67152	7.9677324	9.160599	9.083589	8.922702	8.704836	9.083717
SDHB_9797	10.56098	10.897777	11.2390585	10.302974	11.189907	10.891755	10.490305	10.897191	10.898675	11.111592	10.356578	10.877922	11.030145	11.025993	11.022768	10.974012	10.952621	11.005973	11.192735	11.123657	10.657788	10.538102	10.813702	10.954177	10.6535	10.917208	10.253912	10.917069	10.969676	10.730081	10.902856	10.970786	11.002619	10.913531	11.2868	10.361468	10.565358	11.170097	11.079879	10.468288	10.513391	10.187695	10.311639	10.792972	10.469839	10.559582	11.37518	11.356555	11.484243	11.488734	10.841855
SDPR_32765	5.084199	5.793977	5.7728004	4.658931	5.4695616	5.235658	5.070825	4.971378	5.086434	4.4722323	3.9238462	4.6561337	5.375934	5.596968	5.4848013	5.1728354	5.3527403	5.3344693	6.2135863	5.673574	5.799231	4.7664943	4.903098	6.368354	5.939719	3.513724	4.9121966	4.349544	4.8395705	5.0806675	4.580281	4.3481307	4.9692383	5.5499954	5.577073	4.601897	5.205009	5.985725	5.340479	5.2833147	4.3494563	5.2378244	3.4641607	5.5332603	3.9054923	5.513738	5.824609	6.172674	5.7337894	6.4770637	5.287822
SDS_9798	4.1011696	1.3137702	2.2253819	3.5673409	2.204507	3.5936723	2.2966683	1.5756721	0.58460927	2.4290519	1.1946218	1.6491554	2.7439313	2.3909085	0.77073467	3.1256318	1.2772086	2.1159258	2.4077895	2.8589911	0.7233562	1.2084577	1.1924393	2.2101986	0.7157622	0.0	1.5561608	2.93812	1.9388802	4.1950135	0.0	3.752821	3.335922	2.7791781	3.6650012	2.8664734	0.71442115	1.5310675	2.8779507	2.8900583	1.8894439	4.109333	3.0634718	1.7862632	1.735917	2.719398	3.1029732	5.074023	2.3267155	2.0916321	3.0404751
SEC11A_32884	6.7568893	7.3787766	7.640409	6.6707454	7.8122964	7.579779	6.934396	7.1392703	7.325376	7.3445506	6.7631307	6.914612	7.5771604	7.6526055	7.494729	7.4817295	7.2380476	7.451791	7.5874877	7.5963197	7.5732408	6.886623	7.765455	7.3648973	7.712623	7.647	6.843664	7.513717	7.5711823	7.067727	8.12042	7.4032164	7.568127	7.4714437	7.5447555	6.9508142	6.932107	7.6935534	7.1934614	7.5091205	7.351341	6.966422	7.031224	7.58064	6.9805565	7.3076386	7.992628	7.769886	8.163669	7.8414764	7.0916724
SEC11C_9799	7.182527	6.9172273	6.9772315	6.5869884	7.3070626	7.0115366	6.926682	6.831654	6.5914083	7.0663433	6.9248996	7.0053754	6.9959702	7.0737514	7.055802	6.354832	6.7391467	7.055861	7.3027167	6.888213	7.1915736	6.926038	7.114123	7.3219333	7.9409633	6.6302323	7.41899	6.8742948	7.0682597	6.784876	7.9279685	6.52729	6.73307	7.091903	6.63512	6.754589	7.0273156	6.884839	6.609949	6.5461864	6.474274	6.924124	6.790879	6.781223	6.8037214	6.5690355	7.3815947	6.5632806	7.0735636	7.263745	7.2733984
SEC24D_32308	8.046498	7.3787766	7.6135783	8.255309	7.132515	7.9219747	8.043508	8.068243	6.760501	7.370271	7.85212	7.851935	6.937547	6.247791	7.522698	6.8766727	7.205946	7.3074007	7.1978	6.5566006	7.779668	8.007206	6.652739	7.669092	8.049882	6.7745495	7.9698396	6.903791	7.1279416	8.274719	7.0829554	7.1249332	7.165179	7.6467156	7.1163936	7.8379397	8.254518	7.273513	7.100082	6.7533293	6.6002817	7.8817987	7.4453483	7.226789	7.958027	6.7364125	6.6845055	6.9397745	7.1039705	6.4122286	7.6438594
SEL1L_32748	6.456107	5.6870804	6.0379024	6.004736	5.8037276	6.485126	6.145386	6.3612504	5.3027477	5.8762965	6.2795916	6.3228383	5.3537655	4.7262454	5.5073733	5.491516	5.626604	5.99304	5.80104	4.8127723	6.1950135	5.968379	5.5629745	6.4303465	6.7238746	5.1721396	6.23637	5.335529	5.4895506	6.2858696	6.0132556	5.1468773	5.4909263	6.0569525	5.5202117	6.107735	6.461924	6.1093574	5.1812468	4.999828	4.80989	6.264508	5.8877563	5.28402	6.20635	5.2115946	5.948017	5.8747706	6.2069745	5.50358	6.3395944
SELL_32554	2.8044732	2.4482956	3.2961977	2.451389	1.9587818	2.3652024	2.2966683	2.6512198	2.3210802	2.6126575	1.1946218	3.0217755	1.8208362	0.77186805	1.9352914	2.5249715	1.7539579	3.5448534	2.027206	2.8589911	2.6341627	3.251095	2.6186037	2.5451083	2.279205	1.5335042	3.5846395	2.6898494	2.5752249	2.5302608	2.6266706	2.1515164	2.472159	2.887088	2.2295449	2.98588	2.2764814	2.594546	2.1789894	2.9904869	1.2341714	2.3827975	2.506785	1.153547	2.7713106	2.4777672	4.1250777	3.2220936	2.3267155	3.142335	2.9534101
SEMA6D_32964	5.058514	5.541258	5.902593	4.924599	5.001751	5.208914	4.860204	5.7322574	3.642881	4.8828907	4.7077756	4.388235	4.0729947	4.474071	5.2099624	4.235235	5.1166196	4.923396	5.016884	4.0862064	5.2018695	5.020667	4.631086	5.1725183	5.37393	4.1358805	4.9121966	4.3917923	4.7663426	5.4394155	4.787609	4.378299	4.3723383	4.896752	4.2352924	5.1542273	4.835695	5.155827	4.5157533	3.896741	3.9045265	4.541129	4.397271	4.181454	4.913435	4.721964	5.1360044	5.1279006	5.1928163	4.7601357	4.70353
SENP6_9804	4.4163337	5.196201	5.0275335	5.2731752	4.501759	5.3379383	4.860204	5.030861	4.9297123	5.082807	4.9675345	4.614798	4.786336	4.5631175	4.3765597	4.94123	4.7602787	5.0449595	4.960986	4.7766476	5.011177	4.6203685	5.0502715	5.148129	4.9023523	4.510401	5.267545	4.691478	5.3461456	4.9192286	5.0354204	4.674177	4.8604927	4.7328677	5.5007486	4.777671	4.9891205	5.155827	5.209036	4.999828	5.0447555	5.2606664	5.3149257	5.1903563	5.3851185	5.044063	5.6896486	4.8991494	5.5516458	4.9548087	4.621186
SEPT5_32632	2.375796	0.580436	1.6806879	0.7123662	1.2890483	2.157111	1.851524	3.1575243	1.9992051	2.4290519	2.077968	2.581391	2.4416173	2.7354863	2.5711837	2.914369	2.2619886	2.8078547	2.2300112	0.76129264	3.0287817	2.0966876	2.762189	2.5451083	1.8356827	1.5335042	1.5561608	2.6898494	2.5752249	2.1961572	2.9363732	1.4443876	2.472159	2.2424579	1.7907331	1.8143951	1.5471903	2.257008	2.3879235	1.8765994	1.8894439	1.488839	1.2253668	0.689121	2.3445714	0.5924607	1.8199238	2.2765746	0.6542548	1.8519349	1.5496027
SEPW1_32392	4.150632	4.1164427	4.6590047	3.5673409	3.2723231	3.8915	3.743284	4.668412	3.2469792	3.176305	2.8961248	3.0217755	3.7038848	3.7797458	3.7009227	3.023864	3.8838544	4.143508	3.8614638	3.4235945	3.5930324	4.2247515	3.65174	3.8379865	3.9195037	2.9320772	3.9290164	3.4186301	3.9890406	4.602095	3.0694053	2.8983095	3.4403665	4.2575374	3.1690745	3.9517226	3.1193392	4.3146935	3.7763257	3.4086447	2.5750768	4.3413258	3.9744961	3.3483052	3.661585	3.7211092	3.1029732	3.3179228	3.5018787	3.5959594	3.5948293
SERPINA1_9807	13.350666	14.170595	14.085004	13.370896	14.193652	13.980649	13.279303	13.796916	14.466131	13.950181	12.820453	13.448709	14.531231	14.341607	13.857252	14.357001	14.305041	14.29929	14.101542	14.351257	13.9815855	13.242363	14.439502	13.654881	13.778861	14.244356	13.287267	14.476948	14.095069	13.339817	14.01507	14.612333	14.32961	13.881621	14.442171	13.226648	13.359459	14.014252	14.401913	14.761009	14.830524	13.639343	13.359036	14.408073	13.523798	14.496401	13.382485	13.774492	13.823351	13.744365	12.552465
SERPINA3C_32925	11.549596	12.243769	12.727108	7.4164863	8.894717	7.6756763	11.503803	8.068243	8.213263	13.622501	7.815445	8.027578	12.853456	12.689876	8.646286	12.418726	8.087339	8.453166	12.428097	12.646192	12.459344	7.245591	8.736279	13.424165	8.466181	8.439996	11.2169285	12.726086	8.36214	11.367063	12.764667	12.685672	8.7020035	7.7926126	12.5449915	7.8962636	8.0288725	12.64752	13.987446	8.611484	7.946598	13.054472	11.980451	12.565035	7.8271737	12.5105915	12.7263775	12.403462	12.5990715	8.440687	8.139109
SERPINA3M_33119	9.211933	9.163821	9.424179	9.0765085	8.87267	9.142142	9.038983	9.070876	8.156291	9.440086	7.911247	8.982782	9.715349	9.470022	8.366587	9.2350235	9.232001	9.308163	9.551418	9.561821	9.206581	8.751466	9.312841	9.36891	6.7839756	9.174904	8.894288	9.6341505	8.301875	9.25839	9.102383	9.547124	9.649425	9.008298	9.869053	8.864305	9.123802	9.422987	9.668769	9.444623	9.197381	9.047501	9.167583	9.566846	8.129935	9.46529	9.864604	9.770224	9.657795	9.489258	9.02221
SERPINA3M_9809	9.8216	9.177461	9.612115	9.830053	8.735252	9.257559	9.662461	9.842483	8.349882	9.429421	9.593159	9.797311	9.311706	8.942487	9.109816	8.997293	9.244472	9.309679	9.101108	8.941565	9.455628	9.6006565	9.073968	9.594379	9.024202	8.950167	9.633178	9.216048	8.872284	9.438024	8.891702	9.177381	9.313579	9.326075	9.242036	9.972552	10.07187	9.371774	9.2358675	9.572654	9.181787	10.026279	9.845973	9.1559305	9.487349	9.188503	9.288709	8.938492	9.257624	8.964281	9.801558
SERPINA4_9811	10.080385	9.838922	10.237899	9.881742	10.1649	10.001719	9.801807	10.0854025	9.849128	10.419932	9.588336	9.9995365	10.215425	9.9565115	9.801137	9.974729	10.160756	10.157508	10.192972	9.993204	9.981181	9.663805	10.057917	10.323583	10.222952	9.9108715	9.8468895	9.9286175	9.880537	10.022292	10.036513	10.335027	10.408114	10.143048	10.676696	9.502438	10.147177	9.839815	10.0200615	10.362164	9.932254	10.090639	9.890384	10.194411	9.612906	10.330132	9.961162	10.227374	10.170704	9.789669	9.810875
SERPINA6_32325	8.504441	7.710956	8.751987	8.096108	8.221083	7.641083	8.793915	8.685359	7.44189	7.4326363	8.036922	8.14475	7.9539275	7.3107753	8.088296	7.674565	7.8378882	7.8228855	8.465674	7.4201884	8.072639	8.762395	7.659377	8.485016	8.59159	7.127221	8.2711115	7.659177	8.249097	8.632538	8.417329	6.52729	7.2751827	7.579944	7.53043	8.061698	8.669888	8.3406925	7.742229	7.9629188	7.306849	7.7905693	7.400347	7.460399	8.084201	7.481684	8.211647	7.8157477	8.264024	8.467527	8.628001
SERPINB9_32899	1.483266	2.5736196	3.0622413	1.1871207	2.9062183	2.3652024	0.7243909	2.3107724	1.9992051	2.2186248	2.077968	2.581391	1.8208362	2.3909085	3.243922	2.5249715	2.841842	3.0594068	3.7990685	2.9909706	2.778033	2.3023815	2.6186037	3.0452297	2.8921008	3.0189555	1.5561608	2.0104735	3.0152833	2.372859	3.1911995	2.284903	1.3312725	3.1694758	1.1570135	2.4342844	1.5471903	2.594546	1.9345882	2.6654315	2.6802902	0.0	1.588432	2.0220141	1.735917	2.4777672	3.8990247	2.6151845	3.1752434	1.2047167	1.769436
SERPINC1_32513	13.732469	13.704216	13.768185	13.2910795	13.79054	13.696204	13.697376	13.680655	13.651057	13.579477	13.463255	13.543056	13.560055	13.432644	13.304111	13.88641	13.800673	13.463298	13.737834	13.686949	13.551676	13.617842	13.557696	13.474459	13.672511	13.601648	13.50761	13.684758	13.468972	13.52842	13.735919	13.844775	13.96377	13.517484	14.136952	13.555745	13.677996	13.831246	13.904565	13.149868	13.068069	12.86099	12.999377	13.780695	13.425749	13.378828	13.812031	14.106813	13.7508	13.665567	13.520045
SERPIND1_9812	9.061656	9.367941	9.679638	8.883269	9.588252	9.159705	8.988008	9.482582	9.246869	9.438568	9.084704	9.11095	9.720773	9.38861	9.318866	9.591355	9.3749695	9.507716	9.718762	9.361468	9.747678	9.069208	9.623777	9.510766	9.679475	9.178447	9.142356	9.494516	9.299587	9.255574	9.715944	9.245454	9.524304	9.247265	9.6201105	8.790364	9.302802	9.564146	9.416555	9.779797	9.438607	9.235076	8.998601	9.577291	9.1167965	9.649884	9.634782	9.725054	9.531494	9.522915	8.999301
SERPINE2_32301	3.5576375	4.8448305	4.5724864	3.0042105	4.0142226	3.8915	3.8773775	3.6116695	3.320974	3.580566	3.65531	3.6316473	3.5563867	3.3501055	3.9844897	3.688074	2.636965	4.5241194	4.370676	3.7559724	4.8249087	3.1481903	3.7922184	4.5087037	4.0370674	3.881458	3.7323904	3.573486	4.8395705	3.3996527	4.109979	3.1287267	3.1011837	3.5438585	2.5655518	3.6955848	2.455695	4.1193533	4.5157533	4.2200017	3.0379322	3.326703	2.9431233	2.8324869	3.1950624	3.7211092	3.3909214	4.338161	4.511247	4.0582333	3.3441162
SERPINF1_32761	12.37515	12.351609	12.428319	12.035853	12.291786	12.277783	12.514371	12.528834	12.2728815	12.49234	12.356816	12.525772	12.194774	12.023932	12.048629	12.368036	12.388088	11.528548	12.217244	12.209482	12.413253	12.342489	12.158154	12.224097	12.576747	12.248834	12.171818	12.197828	12.055408	12.635232	12.373314	12.513192	12.569047	12.159009	12.664465	12.203408	12.689137	12.411169	12.393671	12.346465	12.163539	11.787646	11.844009	12.413463	11.868963	12.248937	11.980322	12.472441	12.219215	12.084083	12.148153
SERPINF2_9814	7.200253	5.8445945	5.398319	7.269009	4.195664	6.0455284	7.2384686	6.5149736	3.6994612	5.1732535	6.3496666	6.3856263	3.772339	3.1345942	5.0653296	3.815366	4.3876204	3.7009778	4.643507	3.4235945	5.5004597	7.0237446	4.3420444	5.552959	6.4009748	3.513724	6.9227157	3.4186301	4.225969	7.067727	4.825725	3.5019276	3.8724551	5.156013	3.4382432	7.056896	7.0343857	5.230354	3.4435291	4.13479	3.6691785	7.0075154	6.448085	3.4325337	6.6531525	3.7211092	3.7027097	4.700118	4.511247	3.8779073	7.0659623
SERPING1_32597	6.542024	5.754813	3.1839569	6.5869884	5.5158167	7.7094593	3.9400225	3.3566325	5.2468953	3.176305	7.0353346	5.765866	5.481939	1.9373132	5.9804864	5.8448124	5.91458	5.404291	2.5660443	6.545909	6.8689	3.0373778	5.878786	3.0452297	6.4335046	6.4851966	6.3777556	6.2035823	5.985267	6.3293686	5.945632	5.936674	6.4624467	6.5994124	7.296495	7.43815	6.5631647	7.163697	7.100082	6.398642	6.081541	6.9097443	6.6538067	7.267491	4.2962584	3.1072266	5.902967	3.572272	6.4345717	2.7807593	7.1901627
SERPINH1_9815	3.1345234	3.447053	3.9731874	3.6430259	4.077273	3.1064248	3.340682	3.446748	3.320974	3.6661186	3.65531	3.1430392	3.837692	3.7034492	4.516664	3.4732275	3.6310537	4.6823845	4.370676	3.2234385	4.572019	3.52196	3.920224	4.164128	4.0924416	4.014271	3.0207527	3.2451313	3.781712	2.6721666	4.046838	3.2641406	3.1011837	3.1694758	3.2644873	3.548161	3.1193392	4.6763773	3.9835975	3.546998	2.7783492	2.5404441	3.4641607	3.1634846	2.6425977	3.2679667	4.5714116	3.7884288	3.9926662	4.4077783	3.474912
SERTAD1_33143	2.375796	2.9880874	3.4974551	2.2723026	1.9587818	2.5470278	2.6363633	2.3107724	1.8065978	3.0546732	2.765496	1.6491554	3.30232	3.1345942	3.7009227	2.1911569	2.841842	3.0594068	1.7911546	1.6252826	3.7408574	3.251095	2.8927681	2.6873035	3.4107835	2.3960178	3.3300724	2.5476058	3.352018	2.5302608	1.6862907	2.406994	2.967741	3.0813484	3.4382432	3.0961545	2.0718052	3.200062	3.0101936	2.5384767	2.0551069	3.5655706	2.8118143	3.2588525	2.9986892	1.823375	2.992627	2.8892338	3.2640922	3.7438102	2.4159133
SESN2_9817	3.5576375	2.895092	3.7548423	4.8939457	1.6624343	3.3214288	3.595438	4.2347074	2.5840793	3.288475	3.3250897	3.1430392	1.5358759	1.9373132	3.6203768	3.1256318	2.5224707	2.8078547	2.027206	0.76129264	3.242334	3.3471458	1.5499562	3.1471999	3.122376	1.9419785	3.0207527	2.0104735	2.5752249	2.8013556	2.7898166	2.1515164	2.472159	3.0813484	3.4382432	2.98588	3.4922628	2.8678937	3.3467786	2.072621	3.0379322	3.2374017	3.5490766	3.4325337	3.788687	2.9263053	2.7428484	3.3179228	3.5731628	2.911615	3.5948293
SEZ6_9819	5.158619	2.5736196	4.039196	4.984019	3.7302246	4.3488812	3.9400225	4.5914803	4.0433984	4.564248	4.671753	4.7354136	3.4765677	4.1103654	3.7772083	3.6199527	3.7375457	4.923396	4.0339284	4.0862064	4.9817553	4.414069	3.411482	3.7756684	3.7229755	3.6829114	4.523225	3.840789	4.279584	4.0465326	4.534984	3.5557184	4.8976593	4.086987	4.1378617	5.2043357	4.66399	4.565594	3.917761	3.334152	4.2504177	4.781215	5.3626266	4.8961816	5.51948	4.108535	4.7516193	4.338161	4.7140985	4.268201	4.0790167
SGK3_33138	4.198454	4.2350254	4.3821325	3.7834342	3.4732254	3.2179284	4.00006	3.68756	3.8063707	3.7468808	3.7272735	3.7885811	3.3920732	3.8522093	3.7009227	4.1889644	3.9295027	4.0302944	4.1879597	3.326985	4.2651753	3.7499197	3.7922184	4.3031607	4.3413115	3.513724	3.0207527	3.3344872	3.9890406	4.1471977	3.7623768	3.5557184	4.3723383	3.4763536	3.5933034	4.485139	3.2219887	4.1193533	3.2430704	3.9475968	3.3878083	4.158812	3.846141	3.9722536	4.0135446	3.8281465	4.4513865	4.2437115	4.1408014	3.142335	3.8083558
SH3BP5_9823	5.2968464	4.5719104	5.0911546	4.8939457	3.7302246	4.8764534	4.4072366	5.059707	3.1689827	5.0191975	4.7429204	4.8105626	4.4526014	3.7034492	5.0954394	4.5600543	4.354535	4.644416	5.016884	3.5993342	4.7570624	5.020667	3.321599	4.936576	4.9924436	4.2116084	4.816079	4.214827	4.3811836	4.800604	4.389879	3.798159	4.9338927	4.9965014	3.7985182	5.628032	4.700005	4.711492	4.6836143	4.483924	3.448644	5.3052936	5.265593	4.2293363	4.913435	4.378847	4.1250777	4.8030634	4.358206	4.614036	5.0143414
SHB_9824	2.8044732	2.6889215	3.5884495	3.3130789	1.6624343	2.853671	3.6712542	3.3566325	1.5842559	2.2186248	3.2292056	2.3986237	2.0586884	1.9373132	1.640813	2.6667733	2.1116846	2.663456	2.027206	1.2570211	3.1395056	2.786402	1.5499562	2.008209	2.074421	1.275699	3.8009534	2.3897877	2.8829715	3.1312993	1.3096737	1.4443876	2.011671	2.2424579	3.3539796	2.8664734	3.4076753	2.435626	2.8779507	1.8765994	2.3383918	3.326703	3.629271	2.5603254	3.522194	1.823375	3.1029732	2.6151845	1.7203709	2.297121	1.9601587
SHC1_9825	6.5327263	6.4128017	6.699575	7.014984	6.105435	6.485126	6.6173315	6.653883	5.583925	6.3598337	6.480364	6.5035553	5.481939	5.5757246	6.7593293	5.6705575	5.856683	6.0080686	5.9944305	5.3190575	6.6618752	6.9491796	5.158074	6.509065	6.89715	5.43166	6.733962	5.3137193	6.166956	7.002042	5.945632	5.403109	5.9100986	6.5834603	5.800458	6.812275	6.3416853	6.351201	5.506442	5.3790555	5.2805457	6.9097443	6.5129385	5.660962	6.9671803	5.6366353	6.0201087	6.341801	6.149827	6.0064917	6.8895864
SIRT3_9828	3.6291769	3.987233	4.3303432	4.0842543	4.4067645	3.6740885	3.8118882	3.2605107	4.3565435	4.4722323	3.4996274	3.8610783	4.2752476	4.3791647	4.326662	4.1411605	4.1766696	4.0302944	4.0871205	3.4235945	4.16402	3.0373778	4.2955856	4.164128	2.617958	4.174241	3.9290164	3.7784617	4.476096	3.9383125	4.534984	3.5019276	4.2626543	3.4763536	4.2352924	3.3839397	3.4922628	4.268282	3.917761	4.044227	4.1804013	3.7704499	3.9117455	4.3205805	4.2962584	3.2679667	4.071798	4.7352557	4.7140985	4.6519713	4.1590195
SKIV2L_9830	3.318902	2.9880874	3.400333	2.7541187	1.2890483	2.9855762	3.5154157	3.1575243	2.1691005	3.0546732	2.765496	3.1430392	1.1804214	1.6426728	1.9352914	2.5249715	2.2619886	2.5029805	2.2300112	2.552146	2.6341627	2.3023815	1.5499562	1.4924659	3.2250526	1.7521499	3.4200125	2.0104735	1.9388802	3.315628	2.4426951	2.004529	2.2602103	2.2424579	2.4073083	3.4683857	3.3178172	2.987318	2.3879235	2.6654315	1.8894439	3.0402825	2.8118143	2.2245977	3.5935724	2.3398588	1.1797101	2.8892338	2.3267155	2.911615	3.273985
SKP1_9831	9.087285	8.299304	8.914688	9.066235	8.231515	8.691592	8.878315	9.083221	7.923757	8.775043	8.74232	8.678719	7.9831047	8.356915	8.646286	8.470452	8.424738	8.388598	8.524706	8.031375	8.685774	8.644471	8.523478	8.652598	8.340306	8.22157	8.502305	7.919578	8.661266	8.844138	8.238152	8.02282	8.382909	8.77538	8.231191	9.019306	8.940258	8.781717	8.2500105	8.245458	8.302286	8.9939785	8.948682	8.236683	9.0627985	8.406016	9.185894	8.957214	8.999111	8.931883	9.277632
SLC10A1_9832	7.7177525	8.597438	8.860947	7.432572	9.4083805	8.383151	7.6195664	8.350948	9.116585	8.74832	7.8399982	7.946599	9.701152	9.27128	8.620634	9.316641	8.912094	8.859599	9.179737	9.39462	8.820676	7.8724656	9.284872	8.73883	8.51766	9.159451	7.787552	9.512579	9.33167	7.7743897	9.423009	9.481761	9.243131	8.166412	9.645811	7.9264317	7.713619	9.053814	9.152453	9.662921	9.4082985	8.447403	8.087331	9.414666	8.463392	9.514201	9.468237	9.524985	9.326289	9.515217	8.313117
SLC10A2_9833	4.150632	2.7956865	3.0622413	3.7149374	1.9587818	2.157111	4.1131234	3.3566325	2.905972	3.0546732	3.8612514	3.4555352	2.2628205	2.8811386	3.0110276	2.6667733	2.7430372	2.3223944	3.5938473	2.8589911	2.9088483	3.602016	2.4591324	3.0452297	3.122376	3.3220272	5.218256	2.2125611	2.8829715	3.2264056	3.303507	2.8125298	2.472159	3.5438585	2.9569383	4.117802	3.1193392	2.737684	3.4435291	2.2451668	2.6802902	3.6371455	4.2528553	2.8324869	4.1618156	2.0168164	3.7711594	3.916409	3.5018787	2.6368403	3.9043298
SLC13A4_9836	7.182527	7.474294	7.1213326	7.751761	7.2670565	6.5820994	7.4415646	7.617896	6.692437	6.8272915	7.006702	6.7525477	6.3246636	6.4005814	7.0091124	6.762826	6.850127	6.9114704	6.4753737	6.4227552	6.6803083	7.50704	6.466079	6.841196	7.159463	6.4775476	6.9456105	7.378436	6.7065845	7.594434	7.4614325	6.813337	7.187861	6.4752336	7.077509	7.1683874	6.720476	6.9450893	7.031701	6.0133643	6.8060904	6.4448667	6.52347	7.490184	7.735474	6.561299	5.948017	6.295468	6.7435355	6.091771	6.3818865
SLC16A7_9838	7.257814	6.2439446	6.4063444	7.124661	5.8940554	6.189277	6.727984	6.7186236	6.065045	6.4226418	7.1112647	6.559091	5.9492693	5.830125	6.217975	6.2795525	6.0550656	5.9625053	6.424614	5.941711	6.5560555	6.8542967	5.7977653	6.654682	6.7923603	5.768989	6.7427034	6.295468	6.1088986	7.1366863	6.1244674	5.9667683	6.277434	6.3008447	6.0881515	6.9654174	6.969473	6.499205	6.3477836	6.105824	5.961429	7.2263727	7.008913	6.1457243	6.8842106	6.088136	5.933156	6.3866925	5.7947087	5.76823	7.0763016
SLC17A3_9840	7.340066	7.412722	7.6457157	6.9494176	7.040585	7.101526	7.244686	7.85852	7.032371	7.80215	7.563554	7.4374967	7.4678802	7.154776	7.500366	7.0613756	7.2013016	6.9968166	7.3027167	6.545909	7.821789	7.3302927	7.045592	7.669092	7.86747	6.988794	7.0827384	7.275012	7.2267895	7.142795	7.412179	6.7570457	7.142134	7.7323995	7.340953	7.4170566	7.6227283	7.8395786	6.822755	6.8230815	6.45216	6.5413003	7.557202	7.5241733	7.2472296	6.8487315	6.6023464	7.4218397	6.680368	6.5985975	6.6336584
SLC1A2_33059	6.3436356	5.4129605	6.116449	5.3876147	5.876436	5.456365	5.4821253	5.561245	5.7671437	6.12318	5.309811	4.8105626	5.9492693	6.19304	5.341408	6.103657	5.856683	5.6540136	6.0220094	4.9809566	5.3702736	5.1856456	5.657853	4.936576	6.333629	5.5087366	4.8808637	6.423176	5.758596	6.059192	6.0132556	5.2646127	6.1599803	5.614215	5.81629	5.7341747	5.046196	5.9420424	6.6811237	5.468837	4.5292096	5.167044	5.6000404	5.55221	5.889298	5.0216846	4.4090514	6.247597	5.7492623	5.4181037	4.563557
SLC20A1_9844	4.8041124	4.379347	5.059695	4.505169	4.195664	4.3488812	4.1664968	3.8938673	2.5840793	4.423926	5.187583	4.5722427	4.126278	3.013425	5.0653296	3.1256318	3.7375457	4.1969485	4.1384206	3.5141387	4.313212	4.3225136	2.762189	4.4299645	4.7384453	2.9320772	4.602197	2.6898494	4.331278	4.637135	3.7623768	3.198022	3.7957757	4.9223433	3.5178556	4.5251174	3.9762692	4.0660863	4.0465603	3.4086447	2.2036915	3.8924718	4.723822	3.587535	4.4580016	3.3420844	3.8365083	3.7884288	4.0930934	4.0582333	4.4725537
SLC22A1_33065	7.355968	6.0846095	6.5827026	6.941945	5.8586	6.030333	6.957292	6.745505	5.3208947	6.4470186	6.459387	6.309946	5.7429986	5.7937894	5.8093834	5.859658	5.8684497	5.850239	5.908381	5.0123625	6.245403	6.6715717	5.878786	6.3893156	6.4009748	5.383357	6.867838	6.013731	6.0637693	6.4720488	5.638138	5.2319427	5.715683	6.310568	5.751892	7.063699	6.9015017	6.3950596	5.655268	5.302978	5.540179	6.640425	6.4258027	5.6433964	6.6278734	5.3437514	5.396525	6.2230525	6.3957725	5.524181	7.1018295
SLC22A7_9847	4.198454	3.1578226	4.039196	3.4874642	3.3762684	3.9572527	4.724427	4.016648	3.320974	3.176305	3.4149964	3.9301062	3.30232	3.2463703	3.3476372	3.393861	3.685282	3.4599617	3.733852	3.326985	3.8749332	4.6952806	3.2257414	3.6423242	3.9195037	3.252017	4.155379	2.8193185	3.854183	3.759049	3.9808064	3.1287267	4.204518	3.331059	2.837896	4.358093	3.9762692	3.8308609	3.7000437	3.6732368	3.0379322	3.6371455	3.7052414	3.587535	4.2962584	3.3420844	5.5794387	4.769558	4.582081	4.3162427	4.5035305
SLC22A8_9848	6.1010227	5.0311866	3.400333	5.720214	4.195664	4.9749804	6.005932	5.62053	3.9059012	5.1732535	5.108945	5.4027786	3.4765677	4.0500264	4.3765597	4.1411605	3.7375457	4.605421	4.2822084	3.111882	4.791384	5.4464016	3.2257414	4.3031607	4.3413115	3.834324	5.9037127	4.306021	4.5213094	5.625408	4.046838	3.9262035	4.7428775	4.612261	3.7985182	6.040364	5.1539893	4.010777	4.274074	4.5179744	3.448644	6.37331	5.4969387	4.406396	5.51948	4.413638	5.1360044	4.769558	5.0249915	4.9241333	5.423585
SLC25A13_9850	8.676829	8.40427	8.972847	8.767559	8.341548	8.927224	8.722203	8.505716	8.356495	8.537474	8.373255	8.299508	8.060427	7.778807	8.270885	8.273893	8.212638	8.439373	8.283972	8.173595	8.36244	8.13043	8.01525	8.61082	8.293816	8.099804	8.611324	8.287232	8.542927	8.8590555	8.191476	8.404456	8.645768	8.541496	8.5574665	8.542663	8.493866	8.573228	8.469812	8.2830715	7.977893	8.459794	8.213012	8.527449	8.710173	8.194729	8.23304	8.633221	8.324667	8.209024	8.474255
SLC25A30_9856	5.898767	5.8445945	7.656271	4.830612	4.6334615	5.5011415	5.7149057	3.8938673	4.5839467	6.4226418	7.487884	7.1570554	6.021362	7.154776	8.203365	6.039913	4.0988927	5.883216	6.088735	5.6337395	5.832576	6.5557275	5.601678	5.2200937	6.069576	6.0001082	4.206825	5.3137193	4.9092603	3.6939778	3.1911995	4.54715	3.7957757	6.2102537	3.4382432	6.7795944	6.5825872	5.73579	5.771651	3.8440266	4.144076	5.770742	5.4535427	4.2756796	5.191657	3.189834	6.8118243	3.7884288	7.0425024	7.3699894	7.2643833
SLC25A4_9857	2.375796	2.895092	3.6740434	2.2723026	3.4732254	2.9855762	2.7802737	2.7953992	2.905972	3.6661186	1.8390311	3.0217755	2.8742359	3.2463703	3.3476372	2.7958763	3.180722	3.3697603	2.027206	3.2234385	2.4743395	3.0373778	3.2257414	3.4953887	3.122376	2.6348078	2.0821931	3.7133195	2.3926249	3.554308	3.4077	2.284903	2.8206856	3.331059	3.3539796	2.736285	2.6150863	3.6971037	3.4435291	1.3803144	2.2036915	2.5404441	1.2253668	3.0613632	2.5012665	3.0196002	3.8365083	3.719913	2.9792266	3.2451882	2.8607516
SLC25A46_9858	4.7082605	4.9640923	5.347118	4.6219993	4.455044	5.478927	5.1257567	5.296251	4.831867	5.051353	5.486098	5.1368475	4.3216715	4.68716	5.366318	5.3088636	4.834144	5.0449595	5.501328	4.7395954	5.176123	5.3100376	4.7734933	5.3325906	5.481552	4.6799564	5.218256	4.549402	4.803421	4.861135	5.0675874	4.8131757	4.8976593	5.2398224	5.3781114	4.709909	5.3927565	4.779257	4.5595846	4.6771235	4.80989	5.066922	5.265593	4.636899	4.5684204	4.02099	4.9117966	5.278421	5.6036453	4.614036	5.3055077
SLC26A1_9859	4.950942	5.2346654	5.3208194	5.45216	5.3469877	4.6565795	5.439397	5.1157255	5.458396	5.14373	5.4224877	4.8819904	5.2375045	4.5631175	5.0031567	5.5838127	5.174639	5.073815	4.9322033	5.1315656	5.096006	4.867128	5.3060308	5.0462265	4.4299655	5.153059	5.218256	5.2462397	5.395548	5.478582	5.819082	5.24837	5.070358	4.817136	5.3781114	5.2287517	5.278307	4.994124	5.413955	5.3604093	5.8304014	5.509808	5.18828	5.1158886	5.3443136	4.7764435	4.609299	5.1279006	5.838767	5.279571	4.992671
SLC26A2_33072	3.1345234	3.9414568	3.831355	3.0042105	4.0142226	3.3214288	3.743284	4.2347074	2.4585645	3.176305	3.4149964	3.9959817	3.837692	3.9212065	3.6203768	3.309873	3.685282	3.4599617	3.7990685	3.4235945	4.572019	3.7499197	2.6186037	3.7105362	3.9195037	1.9419785	3.9890227	3.047878	2.5752249	3.6258323	3.7623768	2.8125298	3.7147906	3.6700726	3.066902	3.8293307	3.4076753	3.8308609	3.2430704	3.1725283	2.5750768	3.0402825	3.4641607	3.659207	3.8482714	3.4797902	3.3909214	3.572272	3.9397032	3.142335	3.9500241
SLC27A1_33025	1.7631619	2.159341	2.2253819	3.0042105	1.2890483	1.6211139	2.7802737	2.9264696	0.58460927	0.7915216	3.2292056	2.581391	1.1804214	0.0	1.640813	1.9899611	2.2619886	1.2227256	2.5660443	1.2570211	2.0891902	1.5686922	1.1924393	2.008209	2.617958	0.96157944	2.6264875	1.7753943	1.2732412	2.372859	0.0	2.004529	2.2602103	3.4055345	2.2295449	2.2557068	3.0088224	1.8155732	2.3879235	1.8765994	2.5750768	1.488839	0.0	1.153547	3.2840576	1.823375	2.992627	3.0089254	1.9519659	1.2047167	2.5406258
SLC27A2_9860	10.061113	8.982172	9.551208	9.7120075	8.639271	8.945565	9.7535715	10.145505	8.466549	9.150198	10.050438	9.924342	8.63212	8.396831	9.322053	8.4824915	9.128158	8.7982435	9.051786	8.498688	9.388549	9.965653	8.8711	9.6442795	9.346644	8.803391	9.926729	8.573097	8.981471	9.553722	8.843748	8.716335	8.999928	9.235828	8.721984	10.454984	10.085548	9.270923	8.736471	9.167328	9.088097	10.449902	10.394291	8.787435	10.390015	9.27619	10.093196	9.703037	10.041561	9.722177	11.190421
SLC2A2_9863	5.462688	5.905467	5.564438	4.8939457	6.3030148	5.9026413	5.3728333	5.802208	5.474697	6.280667	4.9375095	4.696318	6.4862328	5.8829684	5.8802776	6.6648026	5.6675897	5.7993145	6.5147333	6.3008738	5.799231	4.8343573	6.042472	5.571419	5.693367	6.2540183	5.114319	6.227108	5.294991	6.0720534	5.8000617	6.301892	6.8514557	5.598426	6.3820944	5.102316	5.4987903	6.13545	5.790167	6.323617	6.218854	5.3271003	5.29047	5.856587	5.0209155	5.2312317	5.6718554	6.210622	6.0026646	6.0779037	5.1959877
SLC30A7_33012	6.985348	7.2200885	7.6297364	6.7837405	7.1472826	7.5211997	6.7456284	7.2497935	6.8318396	7.2713585	7.1379137	6.853731	7.183615	7.0038977	7.4488187	7.4129424	7.2738805	7.2952	7.227717	7.2329183	7.5976906	7.0453825	7.1006746	7.2944164	7.790031	7.025977	6.605675	7.187779	7.156882	7.0286756	7.790181	6.85684	7.364174	7.330415	7.4051723	6.4041924	6.9768314	7.347928	7.254741	6.8896165	6.633415	7.111698	6.5023303	7.1355	6.8261223	6.636862	7.3371286	7.664456	7.606926	7.1818347	7.356341
SLC35A1_9868	5.2293878	5.429636	5.7133894	5.4730487	5.6872954	5.8342905	5.279017	5.695968	5.553551	5.980172	5.586253	5.275932	5.655087	5.417558	5.6960483	5.6705575	5.6675897	5.634777	5.66771	5.6337395	6.129447	5.1856456	5.7810006	5.853724	5.9547386	5.2095604	5.3838687	5.574369	5.9690404	5.535407	5.24684	5.798485	5.5150447	5.4827843	5.979857	5.2287517	5.6719823	5.985725	6.175383	5.486141	5.212011	5.431446	5.821026	5.6076107	5.1449003	5.4813056	6.0616956	6.1980834	5.9093337	5.679182	5.689113
SLC35A3_9869	7.263446	6.9290032	7.6457157	7.0639963	6.9758744	7.454459	7.0020227	7.464553	6.347681	7.5385184	7.1640797	7.0832076	6.9670544	6.448116	6.832664	7.048476	6.8736715	7.0192423	7.330555	6.6293015	7.4710736	6.910401	6.850494	7.283261	6.9875565	6.4775476	7.0689025	7.069126	6.96568	7.242869	6.8985515	6.593081	7.046089	7.2004786	7.3518567	7.390249	7.1364765	7.2910295	6.959917	6.816256	6.3680444	7.232163	7.1171684	7.214946	7.5946994	6.489733	7.01602	7.315572	7.151326	7.1622534	7.1068816
SLC35B1_9870	5.0057306	4.157063	4.22083	5.684837	3.1603029	4.1938534	5.0137186	4.8445063	2.9990726	3.6661186	4.251255	4.696318	3.104098	3.1345942	4.4247885	3.1256318	3.254318	3.2735412	4.2822084	3.679778	4.110652	4.899171	2.762189	4.06339	4.9330125	3.4526122	4.602197	3.4981349	3.4488056	4.8904743	4.170472	3.2641406	3.1011837	3.8935378	2.9569383	5.1542273	4.2915974	3.8933594	3.1313257	3.334152	3.2578542	4.9311295	4.2528553	3.4325337	5.3443136	2.719398	3.6308496	3.8538375	3.7059622	3.7438102	5.097908
SLC37A4_9871	4.4163337	4.7148147	4.432127	4.6949406	3.8066347	4.4436893	4.5745316	4.7766256	3.6994612	4.423926	4.299267	4.5283937	4.22728	3.8522093	4.047455	3.8750339	4.1766696	4.24848	4.0339284	4.304893	3.9976015	4.50016	4.1464963	4.688581	4.0924416	3.513724	4.350994	3.7784617	3.7054071	4.6713443	3.911607	4.220724	3.7957757	4.086987	4.4534655	5.048467	4.867713	4.1193533	4.1647973	4.339067	3.9888737	4.613897	4.2528553	4.0806427	5.1449003	4.02099	4.4513865	4.291709	4.5470986	4.6889343	4.8064847
SLC38A3_9873	7.898725	6.6375656	7.0187244	8.3458605	6.0902305	6.915559	8.075253	7.984217	5.685461	6.890869	7.3915086	7.300825	5.3312507	5.7937894	6.231596	5.859658	6.164107	6.163805	6.4037995	5.5506105	6.6803083	7.8232117	5.657853	6.7387524	7.2535615	5.263932	7.7576766	5.826199	5.4666176	8.2437935	5.8927493	5.5951605	6.081399	6.6462383	5.9077983	7.966909	7.773999	6.5388455	6.1324925	5.977105	5.961429	7.4365625	7.622336	6.120553	7.8122897	5.7362013	5.6538396	6.5336475	6.0534053	5.7154636	7.2643833
SLC39A1_32758	8.303165	8.317337	8.433967	8.305668	8.3575115	8.814214	8.109724	8.3362875	8.376154	8.485466	8.225778	7.9997497	8.120747	8.156876	8.213697	8.460749	8.392502	8.2051525	8.615762	8.18742	8.576846	7.992429	8.528508	8.34986	8.317248	8.033533	8.471085	8.526453	8.337071	8.329304	8.238152	8.537401	8.675498	8.359099	8.856309	8.480477	8.43898	8.589835	8.601452	8.675111	8.580617	8.3993225	8.367129	8.668727	8.3876	8.448579	8.671711	9.038585	9.005568	8.742684	8.351932
SLC40A1_9877	4.5328355	4.601646	5.7133894	4.7643704	4.547009	4.6956315	4.315703	4.705393	3.9532046	4.732349	4.810742	4.696318	3.63202	3.2463703	5.0031567	4.040521	4.628089	4.8249907	5.221047	3.897257	5.2271647	4.0644393	3.8576405	4.96478	5.0495234	3.735168	4.439678	4.166973	4.3811836	5.0288363	4.748459	3.9262035	3.9452639	4.7615075	4.2352924	4.4016967	4.3380494	4.9359283	4.4238806	4.2200017	3.617124	4.541129	4.4423666	4.0806427	4.637601	4.636182	4.1250777	4.627166	5.2806215	5.584275	4.7299657
SLC6A13_32644	6.0101514	5.940795	5.2940326	5.931163	5.3469877	5.4334445	5.961324	6.349617	4.9989734	5.600164	6.590584	6.086267	4.882382	4.7262454	6.0589848	5.433164	5.3527403	5.235784	5.122574	4.6625075	6.102362	6.3852067	5.158074	6.3893156	5.924542	5.1337223	6.4110384	5.3570137	5.3461456	5.758662	5.380885	5.0750184	5.4663982	5.705482	5.3126483	6.446445	6.0523314	5.4950523	4.760747	5.180765	5.4388633	6.464676	6.027489	5.434587	6.4943733	5.448127	6.047966	5.3481746	5.569188	5.2551312	6.708682
SLCO1A1_9885	9.270438	8.838157	9.119274	8.944381	8.922884	9.018609	8.850047	9.344348	8.4480915	8.995588	9.284278	9.247372	8.793171	8.893965	9.17295	8.903701	8.973311	8.967327	9.0881195	8.656103	9.236473	9.031757	8.880967	9.3000145	9.107203	8.82465	8.894288	8.642541	9.116507	9.113508	8.896186	8.754214	8.800958	9.183875	9.005318	9.263383	9.13864	9.036611	8.862118	8.896729	8.768323	9.476159	9.165904	9.02131	8.7940035	8.763794	9.279926	9.204488	9.220638	9.217693	9.472224
SLCO1A2_9886	5.032364	4.031601	3.831355	4.658931	4.1376824	3.4179986	4.267662	4.424094	1.9992051	3.580566	5.08175	4.950048	3.837692	3.9212065	4.221371	3.4732275	3.7375457	4.0880117	4.370676	4.25325	4.448411	4.5814013	3.65174	4.786641	4.630346	4.597668	4.10203	3.900535	4.112363	5.399156	4.284343	4.253646	3.4403665	3.5438585	3.8609118	5.4731483	3.4076753	4.010777	3.619502	3.6114979	2.6802902	4.464495	3.9744961	4.131929	4.532545	3.4125795	5.211846	4.769558	4.5470986	4.860753	5.8423615
SLCO1B2_32950	8.138246	8.246165	8.903656	8.037715	8.799767	8.188131	8.445529	7.791311	7.5106983	7.6634026	7.592744	7.5839148	8.302445	8.142499	8.344817	8.049505	8.17286	8.496436	8.3723345	8.194283	8.342324	7.8724656	7.887944	8.73474	8.437064	7.72982	8.006594	8.12764	8.201277	8.36109	8.360041	7.655005	8.129227	8.060913	7.8440547	7.9114265	8.18633	8.658922	8.269937	8.044029	7.5587373	7.742696	7.8017583	8.195089	7.778228	8.169505	8.739478	8.595473	8.258628	8.405032	8.257414
SLCO2B1_32680	4.244742	2.5736196	3.400333	3.9713368	2.204507	3.2179284	3.4306927	3.446748	1.8065978	3.288475	2.8961248	3.2548962	2.8742359	2.5734606	2.3886938	2.7958763	3.254318	2.9391065	3.2650185	2.1619017	3.5930324	3.1481903	2.2798173	3.1471999	3.4953897	1.7521499	2.7702174	3.047878	2.1835182	3.554308	1.6862907	3.1287267	2.472159	3.4763536	3.7333038	3.6955848	3.9162993	3.4698832	3.619502	3.1725283	2.4615827	3.4902585	3.5490766	3.0613632	3.7265353	3.5440083	3.555222	3.719913	3.3477855	2.911615	3.5948293
SLFN2_32654	4.3330874	4.5719104	4.5724864	4.3780375	3.3762684	4.4436893	4.1664968	4.1832037	1.9992051	3.6661186	4.557952	3.712247	2.8742359	2.7354863	4.904565	3.023864	3.254318	3.9701722	4.4129558	2.3701787	4.16402	4.006783	3.321599	4.96478	4.7727504	2.6348078	3.7323904	3.4186301	4.112363	4.800604	2.9363732	2.004529	2.967741	4.041002	2.2295449	3.8918242	3.9162993	4.7457724	2.570392	3.4794793	2.3383918	3.4902585	3.7052414	2.951459	3.661585	4.576022	3.4754093	3.916409	4.1869826	3.031582	4.271274
SLPI_9890	3.6291769	5.494473	5.9376287	3.3130789	5.033894	4.3970637	4.3621955	4.705393	3.3913584	5.051353	4.7429204	4.2329803	5.084369	4.801377	5.9144597	3.309873	5.1166196	4.143508	3.8614638	2.9909706	5.06828	3.7499197	5.282401	4.4299645	5.675346	5.4629865	3.504673	5.3570137	4.279584	3.8213115	5.572402	0.5163865	3.8724551	4.7328677	3.9207184	4.009233	4.2915974	5.554279	3.619502	4.84748	4.2504177	3.1422062	3.7774107	3.9722536	3.4470994	4.952388	5.635596	5.616645	4.891912	4.860753	5.0356913
SMAD1_32578	3.4823647	2.7956865	3.4974551	3.4874642	3.1603029	3.4179986	3.595438	3.0466177	2.4585645	3.4896183	3.65531	3.1430392	2.99374	1.6426728	3.535067	2.6667733	3.324341	2.663456	3.733852	0.76129264	3.242334	3.52196	2.4591324	3.3317733	3.4107835	2.9320772	3.3300724	2.2125611	3.0152833	3.1312993	2.9363732	1.4443876	3.223322	3.5438585	2.837896	3.548161	3.4922628	3.200062	2.8779507	2.072621	2.6802902	4.2066507	4.034631	2.8324869	3.7265353	2.9263053	3.3011763	4.0339556	4.511247	3.142335	4.1195726
SMAD4_9892	2.1990027	2.3110406	1.6806879	3.2172866	2.7601511	3.2179284	2.6363633	3.3566325	2.1691005	2.9218345	3.1264923	2.7435865	2.2628205	1.9373132	1.640813	1.4768263	2.636965	2.3223944	2.2300112	1.2570211	3.242334	2.6423824	1.1924393	2.5451083	2.279205	1.275699	2.9009168	2.0104735	2.1835182	3.2264056	1.3096737	2.406994	1.3312725	2.3964808	1.1570135	2.736285	2.6150863	2.8678937	0.7703406	2.072621	1.4871172	2.8119028	2.6673462	2.0220141	2.6425977	1.823375	1.1797101	2.0718946	2.6239195	1.8519349	2.9534101
SMAD5_9893	6.1259685	5.975278	6.4433827	5.9903183	4.8654995	6.030333	6.005932	5.835951	4.3565435	5.5334306	6.167652	5.874932	4.7528453	4.9408307	6.231596	4.7631946	5.174639	5.850239	5.6501427	4.25325	5.9587436	6.0562634	4.871772	6.050785	5.6009226	5.153059	6.185985	4.789545	5.2687173	5.880642	5.0990524	4.6982937	4.8976593	5.9979987	5.0163097	6.081163	5.951363	5.9121675	5.064406	4.413313	4.6376967	5.5474486	5.9039674	4.7723575	5.9853153	4.9989533	5.792034	5.3481746	5.6538353	5.461475	6.024251
SMARCA4_9894	4.6055846	4.478839	4.616394	5.553705	3.9482906	5.386482	5.3953643	5.5203233	3.458468	4.692124	5.309811	4.338317	3.4765677	3.2463703	4.6845293	4.323549	4.2140403	4.1969485	4.678589	3.326985	4.8249087	4.5413523	3.8576405	4.114638	4.2468505	3.881458	4.713098	3.7784617	3.923187	5.4591317	3.9808064	3.5019276	4.3723383	4.612261	4.086562	5.6642876	5.2298574	4.994124	3.9835975	3.4794793	3.6691785	5.066922	5.265593	4.131929	5.6756635	4.0654263	4.646217	4.989234	5.215274	4.493851	4.831115
SMARCD2_9896	3.0326717	1.9897953	3.400333	3.4874642	2.597612	3.8226066	2.911122	3.0466177	2.1691005	1.9721766	2.621851	2.3986237	0.7077145	1.9373132	3.1321692	2.1911569	2.841842	2.5029805	1.7911546	1.6252826	2.9088483	2.6423824	0.7160639	1.773262	3.122376	0.96157944	3.0207527	0.6833182	2.3926249	2.919921	1.9846656	0.5163865	2.011671	2.3964808	1.5083932	3.294242	2.8891323	2.435626	0.0	1.8765994	2.0551069	2.2057867	2.506785	2.4022055	2.1687598	1.3353969	2.8731365	1.8332981	2.7523265	1.8519349	3.3441162
SMC1A_9897	4.8939905	4.601646	4.9265103	5.409452	4.0142226	5.0672064	4.860204	4.741449	3.9990063	4.6507454	4.299267	4.388235	4.2752476	3.6228914	4.516664	4.5600543	4.628089	4.923396	4.5328317	3.9630284	4.857672	4.1198797	4.3420444	4.722014	4.3413115	4.0964723	4.9121966	4.2611446	4.225969	5.248683	4.708216	4.253646	4.7428775	4.4100404	4.370112	4.873696	4.5891457	4.6763773	4.470548	4.55124	4.471745	5.0141287	5.106588	4.526246	5.04658	4.665346	4.9418035	4.8678265	4.891912	4.860753	4.5035305
SMC2_9898	1.9974787	2.159341	2.4360592	2.0677924	2.597612	2.7084813	2.911122	2.1047523	1.3212922	2.4290519	2.621851	2.889376	2.6006784	2.5734606	2.7331607	2.3676975	2.841842	2.9391065	2.2300112	2.713711	2.778033	1.5686922	0.7160639	3.0452297	2.8921008	1.5335042	2.6264875	2.5476058	2.7372885	1.9947519	2.4426951	1.1960433	2.6569214	2.6625395	2.7081409	2.0518599	2.6150863	2.257008	2.570392	2.8900583	1.8894439	2.6825488	1.2253668	1.7862632	2.1687598	2.4777672	2.5996156	3.0089254	2.8702326	2.6368403	2.9534101
SMC3_9899	5.64632	5.541258	5.7532673	5.5924034	5.1557508	5.6870337	5.5030246	5.32029	4.6994205	5.55602	5.2377234	5.0772285	5.308379	5.2666516	5.46187	5.687298	5.0967493	5.5754795	5.7359147	5.293719	5.6006365	5.7573338	5.183811	5.677477	5.183061	5.2095604	5.4706135	5.0225058	5.419629	5.535407	5.4312	5.0750184	5.164852	5.4827843	4.9022617	5.2996144	5.539114	5.3687654	4.869225	4.9508114	4.6635904	5.411172	5.6585402	5.3504815	5.2590685	5.1302595	5.2602787	4.8991494	5.237387	5.524181	5.439691
SMN1_9902	3.5576375	3.8453023	3.9731874	4.0842543	3.4732254	4.080398	3.340682	3.6116695	3.2469792	2.9218345	4.3457317	4.1772795	3.4765677	3.3501055	4.274977	2.5249715	3.180722	3.0594068	3.1696014	2.3701787	3.7408574	3.9467263	3.0125036	3.9550858	4.0370674	3.0189555	4.0466323	2.8193185	3.62484	3.3996527	1.3096737	3.198022	1.3312725	3.1694758	3.2644873	3.548161	3.9762692	2.987318	3.3467786	3.0843768	2.6802902	4.0049734	4.723822	2.0220141	4.419234	3.3420844	3.6308496	3.572272	2.6239195	3.4312084	3.8571408
SMNDC1_33297	6.51395	6.421164	6.560397	6.359102	5.746686	6.39309	5.961324	6.302122	5.5381217	6.0131993	6.243235	6.0401726	5.7429986	5.4874773	6.104112	5.7523813	5.496161	6.080948	6.1399794	5.2679276	5.9886336	6.5456405	5.7977653	6.2357554	6.027576	5.36689	6.454253	5.0753083	5.556239	6.274787	5.503528	5.2319427	5.816163	6.2612824	6.03502	6.467116	6.461924	6.259269	5.389877	5.3604093	5.3459716	6.4044127	6.308916	5.5709143	6.2176905	5.6512866	6.368291	6.3071914	6.3148956	6.1591787	6.8112826
SMNDC1_9903	5.084199	4.8694844	4.9609766	4.505169	4.251405	5.362414	4.724427	5.0879884	4.425254	4.846702	4.7077756	4.7734776	4.4526014	4.223962	5.0031567	4.446643	4.512859	4.755449	4.842241	4.402944	4.8897076	5.402364	4.5142236	4.6192975	4.963034	4.653045	5.243111	4.691478	4.5213094	5.225846	4.389879	4.8131757	4.8223433	4.9965014	5.0163097	5.179499	4.929693	5.301219	4.79782	4.339067	4.5571055	5.0926113	5.0782957	4.0806427	4.766741	4.1910696	5.7417493	5.101213	5.2591662	5.303603	5.728978
SNAP25_9907	4.4163337	3.8941805	4.480447	3.9113815	5.0653367	4.616441	3.6712542	4.741449	3.642881	4.6507454	4.096819	4.388235	4.61052	4.427398	4.4714575	4.4854455	4.320673	4.858544	4.678589	4.1996894	4.9817553	4.1198797	4.1979237	4.469871	3.9195037	4.1358805	5.0023084	4.691478	4.4294205	5.2026415	4.624199	3.3273613	3.9452639	4.041002	3.6650012	4.009233	3.9762692	4.1707234	3.8487759	4.6771235	3.7194197	4.503321	3.9744961	3.9722536	4.0646806	3.8788273	2.5996156	2.6151845	1.7203709	3.671778	0.567391
SNRPF_9910	4.6055846	5.2346654	5.848391	5.1226697	5.962454	4.80682	4.4072366	4.2844353	5.628318	5.082807	4.6348076	4.614798	5.963979	5.658884	5.5073733	5.736384	5.266436	5.615281	5.66771	5.925305	5.5613966	5.105513	5.9099617	4.654355	4.963034	5.415738	4.8808637	5.4796085	5.4895506	4.7693586	6.310691	5.296559	5.5150447	5.1985264	5.768263	4.117802	4.2436	5.9420424	6.0271583	5.3604093	4.9637046	4.5779715	4.686823	5.1158886	4.885265	4.7494607	6.7282057	6.4086246	6.1729584	6.728547	5.0356913
SNURF_33140	4.978596	4.741772	4.616394	5.0128355	5.2130246	4.532649	4.9542584	5.390095	4.4908404	5.258363	5.187583	5.0772285	5.084369	5.3187275	4.8701444	5.4723263	5.0144134	5.2610955	5.501328	4.494753	5.58115	4.867128	5.3746824	5.4766626	5.3961062	4.7063746	5.192965	4.724913	5.4433146	5.2933	5.4312	4.1171956	5.224576	4.9722033	4.8722835	4.9637265	4.867713	5.515066	5.1812468	4.7928996	4.317193	5.0141287	4.98993	4.406396	4.7355237	4.544975	5.1360044	4.550328	4.775837	4.9548087	4.3754215
SNX13_9912	7.1280036	7.326312	7.6457157	7.195501	7.0718837	7.60564	6.957292	7.179252	6.7933655	7.408013	6.9921694	7.037014	7.3663454	7.0813084	7.4890695	7.2534733	6.9531765	7.4681854	7.4772406	6.708136	7.3380814	7.0237446	7.017241	7.6648006	7.185162	6.817598	7.1234674	7.07562	7.0218196	7.184846	7.137009	7.1513796	7.370797	7.377431	7.3626785	6.7795944	7.1364765	7.2074018	7.4184184	6.7097993	6.4297013	7.0075154	7.031224	7.2958765	7.2022676	6.545699	7.2618146	7.5751576	7.6405034	7.3813252	7.3605766
SNX6_9913	5.3186493	5.2346654	6.2338533	5.14887	5.6462984	5.5011415	5.0425544	5.561245	4.7538667	5.4634604	5.135637	4.8819904	5.8577156	5.4874773	5.7538285	4.825013	5.248538	5.4708896	5.66771	5.2149196	5.541369	5.159426	5.131869	5.7920966	5.37393	4.9469357	5.291572	5.175448	5.599045	5.130701	5.274664	5.1815076	5.224576	5.4827843	5.3781114	5.0207696	4.9891205	5.592454	5.2630587	4.764815	4.5571055	4.9869895	4.8630033	5.589379	5.2144794	4.693933	5.6538396	5.498905	5.7797184	5.733268	5.2699165
SNX7_33286	2.675235	3.379998	2.6198554	3.0042105	1.9587818	2.7084813	3.5154157	2.9264696	2.1691005	2.7755125	1.8390311	2.7435865	2.6006784	2.3909085	3.3476372	2.6667733	2.7430372	2.9391065	3.3545144	2.8589911	3.7408574	3.251095	1.5499562	3.0452297	3.791503	2.5203478	3.4200125	2.8193185	3.0152833	3.1312993	3.0694053	2.004529	2.011671	2.6625395	1.7907331	2.4342844	3.0088224	3.2957203	2.570392	3.1725283	2.5750768	2.8119028	2.8118143	2.2245977	2.6425977	2.6036353	2.4405787	3.6479805	2.8702326	2.476957	3.5948293
SOCS2_9914	9.82446	8.80499	10.462003	7.5104156	7.9021053	9.030113	8.841867	7.2746134	8.644601	8.767803	9.613478	9.895506	8.120747	9.148962	9.717695	8.738844	7.593943	9.109978	8.98854	6.698514	8.989092	8.8407955	8.970563	8.539946	9.405222	9.080857	8.1482	7.3731737	8.111732	6.519769	6.198963	6.624884	7.5909986	10.017324	6.224912	9.950701	9.587494	9.795501	9.467776	7.255259	6.7037363	8.757505	9.369328	7.445273	7.8816605	7.3030066	9.3612795	6.954759	9.695224	9.723291	9.119152
SOD1_33183	11.294702	11.34366	11.818839	11.22139	11.8353405	11.264339	11.363366	11.743853	11.644599	11.371258	11.361691	11.408663	11.714877	11.67144	11.737447	11.55532	11.673313	11.627357	11.822911	11.362871	11.578766	11.301402	11.764565	11.590718	11.438435	11.751654	11.236788	11.495137	11.712459	11.228178	11.865791	11.461874	11.622635	11.523024	11.6178875	11.582248	11.440004	12.031384	11.593924	11.526979	11.382791	11.232918	11.302306	11.575006	11.607219	11.660129	12.249121	12.018463	12.247581	12.479116	11.565492
SOD2_32976	7.2235537	7.290245	7.9066653	7.208015	7.7214665	7.7046814	7.28144	7.588504	7.6428013	7.749222	7.346518	7.4374967	7.528511	7.541945	7.7899585	7.596955	7.334524	7.32551	7.8865066	7.642214	7.745063	7.1556044	7.668521	7.520254	7.191516	7.647	7.5591955	7.5468135	7.5385666	7.067727	7.503192	7.5952544	7.7670126	7.4886765	7.90455	7.489572	7.2742424	8.096923	7.742229	7.8802514	7.622835	7.232163	7.4060497	7.65703	7.3691983	7.7399497	8.393639	8.17049	8.409889	8.475483	7.7892175
SOD3_33241	3.9968476	4.031601	3.5884495	3.7834342	3.5640745	3.7502577	3.8773775	3.0466177	1.3212922	3.288475	3.1264923	3.0217755	2.99374	2.3909085	4.047455	3.393861	2.636965	3.1704433	3.2650185	3.111882	3.8094523	3.3471458	3.5760143	3.7105362	3.7229755	4.0964723	3.8664052	2.0104735	4.170284	3.8809977	2.9363732	2.6239645	3.223322	2.6625395	2.5655518	3.548161	3.7198045	2.987318	3.8487759	2.072621	2.2036915	3.4902585	3.174549	2.2245977	2.5012665	3.189834	4.1250777	3.3179228	2.9792266	4.000593	3.474912
SORBS3_9916	5.058514	4.3445973	5.347118	5.041088	4.251405	4.2990336	5.070825	5.62053	2.4585645	4.564248	4.251255	4.2866096	3.2066107	3.2463703	4.560497	3.9323316	4.058373	3.5448534	4.0871205	3.326985	4.16402	5.049507	2.8927681	4.583367	4.5535	3.0189555	4.602197	3.2451313	3.4488056	5.993108	3.7623768	2.6239645	3.628988	3.9935026	3.4382432	5.128505	4.899036	4.603475	3.2430704	3.4794793	2.6802902	4.716597	4.0923586	2.8324869	3.9605298	3.189834	3.555222	3.7884288	3.9926662	2.6368403	4.7299657
SOS1_9918	4.198454	4.30899	3.831355	4.238611	3.7302246	3.3214288	3.8118882	3.8283224	3.320974	3.965136	3.7272735	3.1430392	3.2066107	1.6426728	4.1077867	3.6199527	3.254318	4.4816837	4.0339284	3.111882	3.9375708	4.2744603	2.762189	4.4299645	3.7229755	2.109709	4.350994	1.7753943	3.539506	4.097743	3.303507	3.2641406	3.5377576	4.086987	3.5933034	4.009233	3.4922628	4.0660863	3.1313257	3.2556021	2.956486	3.410797	3.846141	3.2588525	4.6034255	2.8265579	4.226075	4.700118	4.7140985	3.7438102	4.1195726
SPAG7_9922	4.150632	3.79471	3.400333	3.9713368	3.5640745	3.2179284	4.00006	3.3566325	2.3210802	3.4896183	3.4149964	3.1430392	2.7439313	2.7354863	3.4443936	2.6667733	2.841842	2.8078547	3.1696014	2.8589911	3.0287817	3.8185487	3.2257414	3.4953887	3.4953897	2.5203478	3.8009534	3.1498733	3.62484	3.9934368	2.9363732	3.4460533	2.2602103	2.7791781	2.5655518	3.4683857	3.8537283	3.8308609	2.8779507	4.4490504	2.7783492	3.7704499	3.3739324	1.5043167	4.2528214	3.5440083	3.6308496	4.1940618	2.6239195	3.3411944	4.0372877
SPARC_33251	5.8091955	6.517907	7.2730613	5.684837	6.04363	6.0901766	6.3321486	6.384239	5.0650606	5.9633703	5.8825984	5.5850525	6.0900226	5.5757246	6.557812	5.703846	5.9371037	6.163805	6.2606506	5.2679276	6.6051197	6.1788	6.070336	6.58371	6.8736343	5.227913	6.0089054	5.7950554	6.0171824	5.7744856	5.5268536	4.877955	5.9982896	6.3675704	5.2901497	6.0945106	6.1335855	6.75622	5.826501	5.5696816	5.5540886	5.5287514	5.5390677	5.237948	5.3234696	6.1095147	6.39022	6.4620404	6.345758	6.701669	6.2047286
SPC24_9924	3.1345234	2.4482956	4.102316	2.2723026	2.4144073	2.853671	4.00006	3.7596574	2.3210802	3.965136	3.7958171	3.4555352	2.8742359	3.3501055	3.7772083	3.1256318	2.841842	2.1159258	3.733852	2.3701787	3.8094523	3.251095	2.8927681	3.7105362	2.8921008	3.100898	2.7702174	2.8193185	2.8829715	2.6721666	2.6266706	2.5195544	2.6569214	2.2424579	1.7907331	3.4683857	3.7198045	3.6252677	2.8779507	3.1725283	3.6691785	3.1422062	2.1194797	3.587535	2.6425977	3.2679667	3.8365083	2.6151845	3.3477855	3.3411944	5.1180644
SPINK1_32461	6.8270235	5.0528755	3.9040134	6.3018746	5.0961084	6.1047573	6.5078583	5.852531	4.6714067	5.3387294	5.8667536	5.803145	5.561469	4.9408307	5.4848013	4.5600543	5.193472	5.5345488	5.8480244	5.2416673	5.32413	5.968379	5.3292794	6.3145776	5.2083473	4.9246063	6.44357	4.549402	5.3461456	6.5291266	5.1599956	5.0933213	4.7014403	5.1342773	4.8416686	5.9255633	6.2105064	5.155827	4.8339643	5.433592	4.80989	7.136609	6.833821	4.636899	6.475602	4.802931	7.1049004	6.5135484	6.78916	7.1947427	7.7315116
SPINK3_9928	2.5332706	1.5758953	0.0	2.2723026	1.9587818	2.9855762	2.2966683	1.5756721	0.9994701	3.6661186	3.8612514	2.7435865	2.0586884	2.7354863	2.1797314	0.0	2.9343114	2.5029805	3.4387813	1.9183995	1.5622083	2.482375	0.0	2.9355001	2.279205	3.4526122	2.6264875	1.4944088	2.3926249	3.3996527	2.6266706	2.284903	2.472159	2.2424579	2.4073083	2.4342844	2.8891323	2.8678937	1.6401663	0.0	2.2036915	4.058097	2.9431233	0.0	2.6425977	1.3353969	4.4513865	4.1940618	5.3833585	5.7508545	4.7814264
SPP1_9929	2.1990027	1.5758953	3.2961977	3.5673409	1.6624343	1.6211139	3.0310833	3.1575243	0.58460927	2.2186248	1.8390311	1.2775879	2.0586884	0.0	2.1797314	1.7560883	2.2619886	1.2227256	1.7911546	0.76129264	2.2945795	1.8567106	1.8362379	2.6873035	2.074421	1.275699	4.0466323	2.2125611	1.9388802	1.1336887	0.0	1.1960433	2.011671	2.0700042	1.1570135	2.2557068	0.0	3.6252677	0.0	2.5384767	0.92724514	2.6825488	1.8782536	0.689121	2.1687598	1.59992	3.1029732	3.9763792	3.1752434	3.7438102	3.0404751
SPR_9930	4.5696683	3.6313283	3.7548423	4.333043	3.3762684	4.2990336	4.4933076	4.4677963	2.6995428	3.8233604	3.8612514	3.712247	4.126278	3.7797458	4.047455	3.688074	3.787982	3.7009778	3.8614638	3.111882	3.5130224	4.1732683	3.4960926	3.6423242	3.791503	2.9320772	4.482056	3.900535	3.4488056	5.0806675	2.4426951	3.6075757	3.335922	3.6083453	3.4382432	4.638807	4.4690537	3.5496664	3.4435291	4.090219	2.956486	4.252953	4.3026175	2.8324869	4.941065	3.4125795	4.5714116	4.550328	3.7059622	2.0916321	4.7559257
SPRED2_9931	3.2296562	3.1578226	3.2961977	3.7834342	3.038847	3.9572527	2.911122	3.3566325	2.3210802	3.3925493	3.7272735	2.889376	2.6006784	2.7354863	3.6203768	1.9899611	2.636965	2.8078547	3.067424	1.9183995	3.1395056	3.251095	2.2798173	3.897724	2.617958	0.96157944	3.4200125	2.93812	3.0152833	3.1312993	2.6266706	1.1960433	2.2602103	3.331059	2.2295449	4.169169	2.8891323	3.2957203	1.9345882	2.072621	1.4871172	3.410797	3.4641607	2.0220141	3.4470994	2.0168164	2.0577211	3.3179228	2.3267155	2.0916321	2.5406258
SPTAN1_9932	6.21003	6.767862	6.9939723	6.548143	6.7429442	6.613028	6.4444485	6.72764	5.780319	6.6601124	6.7716646	6.28381	6.2900596	6.206924	7.001182	6.6982226	6.480089	6.8544073	6.543564	5.8749375	6.916326	6.2796183	5.99964	7.0726295	6.585983	6.4148498	6.485836	6.3393054	6.236389	6.8385496	6.061971	6.4226117	6.44999	6.771209	5.847442	6.6679606	6.375484	6.567877	6.3477836	6.323617	5.4685435	6.7574687	6.333063	6.2768245	7.045637	5.952752	6.6845055	6.7380204	6.5887337	7.1818347	6.494106
SPTLC2_9934	2.1990027	3.379998	2.6198554	2.2723026	2.4144073	2.3652024	2.2966683	2.1047523	1.8065978	2.7755125	2.621851	1.9443585	2.99374	1.9373132	3.243922	2.6667733	1.9438806	3.2735412	2.5660443	0.76129264	3.0287817	3.1481903	2.4591324	3.1471999	1.8356827	2.109709	2.4668374	2.0104735	3.1364734	2.8013556	2.2317815	1.8408495	2.011671	2.887088	2.0267587	2.736285	2.6150863	3.200062	3.1313257	2.399263	2.3383918	2.6825488	2.1194797	2.5603254	2.1687598	2.0168164	3.6308496	2.7587066	2.1514747	2.0916321	2.9534101
SQLE_9935	6.311376	6.1055155	6.2053857	6.6707454	5.2948856	6.571641	6.366766	6.771894	6.032379	6.092603	6.9172277	5.9925566	6.062949	5.8829684	6.4570527	6.1405935	5.5261846	5.51364	5.9520473	5.1598887	6.6337767	7.776536	6.056471	6.409977	6.275002	5.399638	6.662058	5.399047	5.7203317	6.5103507	5.874682	5.3584046	5.5150447	6.32982	5.937055	6.958134	6.805585	6.651623	6.2032847	5.76664	6.032704	6.3307686	6.1548753	5.79428	6.0877533	5.8033347	5.933156	5.1798387	5.88152	5.327242	6.7020206
SQRDL_9936	8.5581255	7.994859	8.0536375	8.480899	7.696582	8.156988	8.69975	7.674943	7.325376	6.701227	7.323485	7.4841514	7.4312987	7.385928	7.1733885	7.8959484	7.380446	7.656409	6.6968746	8.000384	7.6312394	6.652899	6.3571906	7.643148	6.556749	6.083098	7.4460034	6.7253103	7.260513	8.260744	6.676684	7.502428	8.0322895	8.386939	7.0307784	7.7006702	8.128039	7.521205	6.918438	7.255259	5.929771	8.607433	8.010805	6.2653866	8.782595	6.8987064	6.3572	8.053557	6.664134	6.210925	8.671272
SQSTM1_9937	5.778058	6.126123	5.829861	6.6797585	5.7271595	6.014976	6.4974813	6.4833837	5.3027477	5.802644	6.1149697	5.803145	4.819067	4.801377	5.594288	5.433164	4.904411	5.4708896	5.59612	5.3925066	5.2271647	6.255067	5.0502715	5.515315	5.998881	4.901926	6.5167418	5.1510572	5.320795	6.5840325	5.4312	5.327813	5.5150447	5.5824623	5.751892	6.1594553	6.271615	5.647887	5.1812468	5.7946897	5.329891	6.78136	6.585091	4.982539	6.636349	5.529685	5.396525	6.107122	5.718149	5.126309	6.5094476
SRD5A1_32503	6.551262	6.8002806	8.69937	7.405662	6.652674	7.8063073	8.791793	8.792355	5.441908	5.704953	8.102659	7.540425	5.3977675	5.127592	7.3016124	5.9732223	6.801853	5.404291	7.0846515	6.051607	8.147418	7.226775	5.4823065	8.124638	7.65861	5.7308908	7.5492644	5.592596	6.3535223	8.694148	6.717803	4.005659	5.816163	7.0862536	6.188881	7.7646885	9.458087	8.021976	5.7146325	6.105824	5.51195	7.538216	5.9823985	6.1826763	7.409315	6.701642	4.6822133	5.101213	5.838767	6.320984	7.4104624
SRD5A3_9939	2.8044732	3.1578226	3.1839569	2.451389	2.4144073	3.1064248	2.6363633	2.6512198	2.1691005	3.176305	2.8961248	2.581391	2.99374	2.8811386	3.243922	2.914369	3.0212092	2.663456	3.1696014	2.3701787	3.8749332	2.3023815	2.075009	3.7105362	3.4953897	2.7408507	2.6264875	2.5476058	3.1364734	2.1961572	2.2317815	2.5195544	1.3312725	2.0700042	1.1570135	2.4342844	2.8891323	3.6971037	1.6401663	2.399263	1.2341714	2.0039802	1.588432	2.7028143	2.6425977	2.3398588	2.0577211	2.8892338	3.2640922	2.6368403	2.2793913
SREBF1_32750	6.819397	4.9868054	6.431142	7.3559217	4.8293266	5.5867295	5.8351526	6.472698	4.7269006	4.692124	6.970093	5.275932	3.3920732	4.3791647	5.862878	4.406767	4.058373	3.9701722	4.746293	3.7559724	6.3295584	5.842197	3.920224	5.456941	5.763282	3.5723524	5.361342	3.047878	4.170284	7.0286756	4.666819	4.674177	2.8206856	4.817136	4.2816463	6.3157845	5.6719823	5.7527456	3.1313257	4.7361727	5.1943564	5.0926113	5.338973	4.406396	6.124367	3.9751415	5.4806943	4.550328	4.919528	3.812416	5.7804737
SRFBP1_9940	2.675235	1.5758953	2.4360592	2.0677924	3.2723231	2.853671	1.2043949	2.3107724	1.9992051	1.2997124	2.282898	1.6491554	2.2628205	2.1818647	2.5711837	2.7958763	2.3981004	2.9391065	3.067424	2.9909706	2.0891902	1.2084577	2.2798173	2.6873035	2.4585013	2.7408507	2.2872965	3.047878	1.2732412	3.3996527	2.4426951	2.406994	2.2602103	2.0700042	1.7907331	2.4342844	1.1900772	2.987318	2.1789894	1.8765994	1.8894439	2.3827975	1.2253668	2.5603254	1.4584783	1.823375	2.5996156	3.572272	3.5731628	2.7807593	2.9534101
SRSF1_32864	7.4772444	7.44998	7.8434105	7.4378943	7.0796037	7.65601	7.4087167	7.5635443	6.6283073	7.150392	7.51863	7.401488	6.649827	6.448116	8.073245	6.9685583	7.07497	7.4790125	7.154846	6.5242853	7.3205614	7.578042	6.4342666	7.571592	7.4832606	6.637115	7.4298563	6.453411	6.957479	7.434323	7.0750656	6.599498	6.8033032	7.559703	6.795466	7.5537925	7.309639	7.621536	7.031701	5.875707	6.165487	6.880548	6.9398327	6.7154975	7.14402	6.1410003	6.994707	7.3271337	7.2525134	7.1222744	7.497667
SRXN1_9943	2.375796	2.6889215	1.9785899	2.7541187	2.4144073	2.157111	2.6363633	3.446748	2.5840793	2.9218345	3.2292056	2.581391	2.4416173	2.5734606	3.1321692	1.9899611	1.7539579	2.1159258	3.2650185	1.2570211	2.778033	2.3023815	1.8362379	3.1471999	2.8921008	2.5203478	3.3300724	2.2125611	3.352018	2.919921	1.9846656	2.284903	3.1011837	2.5356345	0.6915133	2.0518599	2.2764814	2.737684	2.3879235	1.8765994	1.4871172	2.5404441	2.506785	2.8324869	3.2840576	2.719398	2.4405787	2.8892338	3.1752434	2.297121	2.7617311
ST3GAL1_32507	3.9968476	4.031601	4.039196	4.5840974	3.038847	4.1938534	3.595438	4.551419	2.4585645	3.288475	4.201591	3.712247	3.2066107	3.013425	4.4714575	2.914369	3.8838544	3.6250265	4.1384206	3.326985	4.110652	3.602016	3.8576405	4.469871	4.1971946	3.252017	4.6401196	2.93812	3.854183	4.286138	3.303507	2.9792736	3.628988	4.703648	3.1690745	4.564018	2.8891323	4.0660863	3.7000437	3.0843768	2.7783492	5.0407667	4.60985	3.587535	4.208036	3.9751415	3.3011763	3.4077816	4.231731	4.6889343	3.9943156
ST3GAL1_34106	3.6291769	2.4482956	3.4974551	2.884577	0.7839461	3.3214288	1.851524	1.5756721	1.3212922	2.2186248	2.462306	3.3587008	2.2628205	1.2719984	3.535067	2.6667733	2.841842	2.663456	2.2300112	2.1619017	3.0287817	3.1481903	2.4591324	2.6873035	3.2250526	2.6348078	3.2341504	1.4944088	3.0152833	2.8013556	2.9363732	2.284903	2.011671	2.3964808	2.4073083	3.294242	2.0718052	3.3854282	1.9345882	1.8765994	2.2036915	2.930607	3.4641607	2.8324869	2.8894746	2.0168164	2.992627	3.0089254	3.9397032	3.142335	3.2002692
ST3GAL5_9948	3.7624195	3.07545	3.400333	3.5673409	1.9587818	3.8915	3.8773775	3.0466177	2.3210802	3.176305	4.299267	2.3986237	2.2628205	1.9373132	3.3476372	2.1911569	2.841842	3.0594068	3.067424	1.9183995	2.9088483	3.437199	0.7160639	3.3317733	3.65103	1.7521499	4.155379	3.4186301	3.0152833	3.6939778	2.6266706	2.004529	2.472159	2.7791781	1.7907331	4.169169	3.4076753	2.737684	2.3879235	1.8765994	0.92724514	2.8119028	3.174549	2.5603254	3.9054923	2.8265579	2.261813	3.119443	3.3477855	2.297121	3.8083558
ST6GAL1_9950	9.409	9.657051	10.2370205	8.892991	10.107532	10.148802	9.1508045	9.870227	9.887685	10.003449	9.260221	9.766972	9.881456	9.6824255	9.958905	10.102695	10.178589	9.894895	10.021684	9.650576	10.214874	9.055056	10.180431	10.248136	9.785134	9.746359	9.317859	9.75641	9.890264	9.424297	10.045626	9.970577	10.168762	9.783366	10.163274	9.141686	9.654414	10.107868	9.920625	9.88791	9.868281	9.1626425	9.126725	10.133589	9.130362	9.81433	9.8188505	10.140758	10.352016	9.807637	9.224005
ST6GALNAC2_9951	0.0	1.3137702	2.4360592	1.1871207	1.2890483	0.0	1.2043949	1.5756721	0.0	1.2997124	1.8390311	1.2775879	2.2628205	2.1818647	2.1797314	3.688074	1.5351875	0.0	1.5087776	1.9183995	1.2029109	0.7272255	0.0	1.773262	1.5494484	0.5594628	0.7197537	1.4944088	1.2732412	1.4809296	2.6266706	1.1960433	1.7112163	1.0470449	1.5083932	1.5299913	0.71442115	2.737684	1.9345882	1.0488179	3.5070176	0.0	0.0	1.5043167	1.4584783	0.0	4.7516193	5.5784564	0.6542548	3.031582	4.0372877
ST7_9952	4.772864	4.3445973	4.5724864	4.238611	3.9482906	4.6956315	4.3621955	4.741449	4.0864654	4.518974	4.4767704	4.846719	3.837692	3.8522093	4.4247885	4.1411605	3.973751	3.9074347	4.0871205	3.4235945	3.5130224	4.8343573	3.65174	4.5465183	4.4299655	3.4526122	4.155379	3.4186301	3.854183	4.452749	3.5048723	3.4460533	4.0807066	4.174781	4.1378617	4.638807	4.959713	4.403265	3.3467786	4.090219	3.7679703	4.158812	3.629271	3.7926803	4.637601	3.7211092	3.8365083	3.9763792	4.1408014	4.4077783	4.9025793
STAC3_9953	9.266237	9.088378	9.52409	9.961513	8.379567	9.388456	9.955651	9.070876	9.124355	9.318191	8.324785	9.690699	7.586696	8.263685	8.625801	9.078853	8.815105	8.522836	8.515034	9.097958	9.106197	9.402525	8.525994	7.784354	8.494721	8.562553	8.599342	8.670696	8.526389	9.841629	7.8045673	8.233459	8.958756	9.490146	8.996659	9.540728	9.3866825	8.37395	9.121715	8.255584	9.04072	8.700171	9.1507	9.07143	9.149733	7.9500656	8.239095	8.993947	8.355324	7.1947427	7.763855
STAT1_32366	3.9417143	3.9414568	2.9293032	3.7149374	3.2723231	3.8915	4.1664968	3.7596574	2.905972	4.0942173	3.2292056	3.4555352	3.63202	2.7354863	4.274977	2.7958763	3.324341	3.2735412	3.4387813	2.9909706	3.8094523	4.0644393	3.1230586	3.2424362	3.3209047	3.4526122	3.7323904	2.8193185	3.2482674	3.6258323	2.7898166	2.5195544	3.223322	3.6700726	3.1690745	3.294242	3.9762692	2.987318	2.1789894	3.9475968	3.115025	3.1422062	2.8118143	3.2588525	3.661585	3.7756202	2.992627	4.142642	3.9397032	4.113659	4.1590195
STAT1_9957	3.0326717	2.5736196	2.6198554	2.884577	1.9587818	3.5936723	2.2966683	2.1047523	1.9992051	2.2186248	2.8961248	2.889376	1.1804214	2.7354863	3.4443936	2.5249715	2.1116846	2.9391065	2.9574547	2.1619017	2.778033	3.0373778	1.8362379	3.2424362	2.4585013	1.9419785	2.4668374	2.2125611	2.1835182	3.3996527	1.9846656	1.4443876	2.6569214	2.9874854	1.5083932	2.2557068	1.8332136	3.2957203	2.3879235	2.7821121	1.8894439	2.0039802	2.506785	1.5043167	2.3445714	1.0112327	1.1797101	3.572272	2.6239195	0.72461534	3.273985
STAT3_9959	6.998916	6.6303706	6.8450727	7.1828766	5.604102	7.733115	6.8389935	6.831654	5.7268806	6.2670393	6.8381786	6.3228383	5.2615185	5.0372314	6.468602	6.0784965	6.317916	6.2548165	6.2254972	5.7313366	6.6894374	6.9182405	5.7119226	6.645999	6.378874	5.5087366	7.9698396	5.9864197	6.0637693	6.784876	5.928219	5.9667683	6.6040945	6.5673294	6.5805435	7.2119036	6.924516	6.5092177	5.771651	6.1280417	5.567866	7.2664247	6.842258	5.9016123	6.6861835	6.0554624	6.2652636	7.286255	6.818794	6.4341655	7.0659623
STAT5B_9960	4.640628	4.196571	4.616394	4.8939457	4.935233	4.4436893	4.1664968	4.332506	3.8063707	4.2126923	4.096819	4.2329803	4.366648	3.6228914	4.274977	3.9874403	4.419964	3.9701722	4.1879597	3.7559724	4.215484	4.3690176	2.762189	4.469871	4.0370674	3.3887968	4.67707	3.7784617	4.3811836	4.1471977	4.787609	3.8847718	4.3723383	4.78959	4.086562	4.358093	4.1425314	4.3146935	4.1068897	3.6114979	3.115025	3.949819	3.846141	4.2756796	4.6034255	3.6054895	4.6822133	4.291709	4.1408014	4.268201	3.8083558
STEAP4_32408	4.6748405	4.7942214	5.4232535	4.2865996	5.0961084	4.6956315	4.8274393	5.030861	4.522548	5.051353	4.5968914	4.119342	4.7528453	4.7262454	5.2902575	5.1964164	4.8579483	5.235784	5.1970515	4.538555	5.2271647	4.414069	4.903098	5.3540745	5.417947	5.1141233	3.504673	4.306021	5.3461456	4.975073	4.488219	3.8847718	4.9338927	4.9223433	4.326557	4.564018	4.4266934	4.779257	5.0336547	4.5837555	4.215834	4.3413258	4.5285373	4.526246	4.4580016	4.6064157	5.560223	5.635367	5.4030566	5.6606936	5.097908
STMN1_32298	6.289462	6.361582	7.2730613	6.661676	6.417086	7.0115366	6.7630596	6.763151	5.793375	6.770473	6.788583	6.422028	6.3246636	6.338873	6.409908	6.4062953	6.0653257	6.3756156	6.485315	6.1953654	6.74303	6.5252523	6.2757635	6.574588	6.1759424	6.0525336	6.464858	6.6918845	6.686877	6.792667	6.4391837	5.905939	6.219902	6.653897	5.9225006	6.737674	6.3187046	6.4271	6.2032847	6.0133643	5.783941	6.4146333	6.0422115	6.1826763	6.5036683	5.8799767	6.666648	6.5923176	6.490882	6.4232388	6.877813
STRBP_33130	5.713692	4.9640923	5.693029	6.128393	4.7922235	5.386482	5.5439353	6.1628246	4.6714067	5.414854	5.6054764	5.627237	4.819067	4.7643	5.4848013	4.9130416	5.193472	5.3813906	5.070697	3.7559724	5.5613966	5.79188	5.022013	5.8232393	5.37393	4.6256223	5.4706135	4.657249	5.100155	5.880642	4.934379	4.152537	4.658778	5.299631	4.5322647	5.8800435	5.6900024	5.4332905	4.9036446	4.5179744	4.6635904	6.0583363	5.871361	4.7723575	5.8015833	5.0216846	5.1360044	4.9598265	4.9993396	5.279571	5.9587
STS_9964	5.4429708	4.031601	3.2961977	5.63009	3.2723231	4.488855	5.204421	4.7766256	2.8064463	4.846702	5.135637	4.7734776	3.104098	3.2463703	3.243922	4.280068	3.391122	4.298234	3.1696014	2.9909706	4.313212	4.4577565	3.1230586	4.3031607	4.4299655	3.735168	5.0311365	3.4981349	2.7372885	5.6078515	4.170472	3.6075757	3.7957757	4.2972007	3.2644873	5.552668	4.5102053	4.010777	3.1313257	2.399263	2.4615827	4.8124704	4.4860954	3.1634846	5.608327	3.6054895	3.3011763	4.291709	4.0930934	4.493851	4.9025793
STUB1_9965	3.8843899	2.3110406	3.1839569	3.7149374	1.2890483	2.7084813	3.595438	3.531564	0.9994701	2.7755125	3.2292056	3.3587008	2.0586884	2.3909085	3.6203768	1.9899611	1.9438806	1.5853512	3.067424	1.6252826	3.1395056	4.3225136	1.5499562	2.6873035	2.7615314	1.9419785	3.5846395	2.0104735	2.7372885	3.4790516	1.6862907	2.1515164	1.7112163	3.4763536	1.1570135	3.548161	3.8537283	2.737684	1.9345882	1.6496927	1.2341714	3.5655706	3.846141	2.2245977	2.9986892	2.4777672	2.4405787	2.8892338	2.3267155	1.2047167	4.271274
STX4_9967	4.198454	3.447053	4.432127	4.1889715	3.3762684	4.080398	4.00006	4.2347074	2.5840793	4.03112	3.8612514	3.7885811	3.63202	2.7354863	4.6845293	2.914369	3.574707	3.6250265	3.9212723	1.9183995	3.9375708	4.6583104	2.6186037	3.9550858	4.386319	3.100898	4.350994	3.3344872	3.854183	4.412865	3.5959105	3.1287267	2.6569214	4.041002	3.066902	4.2667212	3.4076753	3.3854282	3.1313257	2.9904869	2.8701653	4.109333	3.2776825	3.2588525	3.9054923	3.189834	2.992627	3.916409	3.0805616	3.4312084	4.4085307
STXBP2_9969	3.4029472	2.7956865	2.7828603	3.9113815	2.597612	3.1064248	3.141831	1.8643311	1.9992051	2.4290519	2.765496	3.0217755	1.1804214	2.5734606	3.1321692	2.3676975	1.9438806	1.5853512	1.7911546	1.6252826	2.4743395	1.2084577	2.4591324	1.4924659	2.7615314	1.5335042	3.0207527	2.5476058	1.6441145	2.8013556	1.6862907	2.5195544	1.7112163	2.2424579	3.4382432	3.1985953	2.8891323	2.257008	1.9345882	2.072621	2.0551069	2.8119028	3.5490766	0.689121	3.661585	2.719398	1.8199238	2.8892338	2.7523265	2.0916321	2.8607516
SULT1B1_32942	9.303616	9.545773	9.857109	9.1690235	9.441709	9.166672	9.4622555	10.137071	9.70371	9.654135	9.462207	9.4042015	9.879518	9.529237	9.518192	9.395161	9.412626	9.14609	9.1782055	9.1394415	9.474236	9.464069	9.259378	9.870769	9.033074	9.243033	8.992837	9.842704	9.109121	9.343064	9.032804	9.222772	10.014468	9.281039	9.489202	9.253004	9.591095	9.81682	9.546125	10.199241	9.5905905	9.884576	10.035403	9.888161	9.611833	10.342033	9.4887085	9.552335	9.685204	10.10637	9.535416
SULT1C2_33309	2.375796	2.4482956	1.9785899	3.7834342	2.204507	2.7084813	2.2966683	1.5756721	1.5842559	1.2997124	1.1946218	2.7435865	2.7439313	1.9373132	0.77073467	2.3676975	2.7430372	3.0594068	1.7911546	0.0	1.8496284	2.9173408	2.4591324	2.008209	2.8921008	0.5594628	2.0821931	3.047878	1.2732412	3.2264056	1.3096737	1.6561947	1.7112163	3.0813484	0.6915133	1.8143951	1.8332136	1.5310675	2.1789894	0.6176906	0.92724514	3.410797	2.8118143	2.2245977	2.5012665	0.5924607	3.1029732	2.2765746	2.1514747	1.8519349	3.0404751
SULT1C2A_9970	4.772864	4.819748	5.884751	4.0842543	5.445866	4.4436893	4.057699	5.1429396	4.425254	4.9526534	4.6348076	4.1772795	5.3977675	5.596968	5.2902575	4.996006	4.655514	5.3813906	5.24465	5.1876664	5.011177	3.9467263	5.620647	5.2433057	5.638614	4.510401	4.816079	5.4598856	6.048407	5.399156	5.945632	4.7683144	5.4909263	4.703648	6.188881	4.564018	3.4076753	5.4747577	5.6349244	4.6771235	4.6635904	5.7865677	5.049438	4.2293363	5.120941	5.3255973	5.824609	4.9598265	5.074966	5.461475	5.1959877
SULT1C3_9971	9.598041	9.669389	9.496452	9.635321	9.893201	9.671599	9.767673	9.884406	9.192467	9.784199	9.305003	9.673186	9.727254	9.499933	9.49579	9.30177	9.266872	10.053603	9.759269	9.53098	9.318197	9.6544485	9.377	9.748339	9.553179	9.246413	9.5829525	9.631948	9.747733	10.120741	9.603883	9.464287	9.44806	9.7789955	9.615593	9.338225	8.902117	9.891446	9.460569	8.778807	8.519897	9.499152	9.059569	9.00936	9.542502	8.7417145	10.079764	10.130071	9.968252	10.290501	9.899426
SULT1E1_32446	10.697252	11.468434	11.292053	11.115352	11.703849	10.7330475	11.08493	10.848945	11.035458	11.678755	11.474787	11.04673	11.499559	11.562608	11.892597	11.692236	11.447041	10.502088	11.838022	11.710052	11.5464735	10.908982	11.690755	11.459357	11.422992	11.522511	10.85772	11.224492	11.52435	10.657805	11.700623	11.492581	11.28276	11.619073	11.591105	11.323505	10.76291	11.390595	11.715457	11.3492565	11.5724125	10.9178915	10.69374	11.205812	11.332589	10.316407	11.917532	11.326987	11.347975	12.189007	11.491612
SULT2A2_33196	2.8044732	2.159341	3.9731874	2.451389	2.597612	1.2534345	0.0	2.6512198	2.4585645	3.7468808	2.8961248	1.2775879	3.7038848	1.9373132	3.4443936	3.023864	3.4549482	1.2227256	3.5183966	1.2570211	2.2945795	2.6423824	2.6186037	3.0452297	2.617958	3.178435	2.0821931	1.7753943	1.6441145	3.315628	2.9363732	3.657633	2.2602103	2.6625395	2.5655518	2.4342844	2.0718052	2.8678937	2.8779507	2.9904869	3.617124	2.930607	2.3260906	2.7028143	2.3445714	2.8265579	2.7428484	2.6151845	2.4829574	3.7438102	3.273985
SULT2A6_32471	0.6768118	1.5758953	5.347118	1.1871207	2.4144073	0.758765	0.7243909	1.5756721	3.1689827	2.2186248	2.8961248	0.775823	4.943035	3.1345942	4.326662	3.5484548	3.51607	0.7371988	4.5328317	1.9183995	4.448411	3.251095	3.321599	3.7105362	3.5753076	2.2599542	1.8430203	2.0104735	0.77274704	2.1961572	2.9363732	2.8125298	2.011671	1.6473541	1.1570135	3.1985953	3.5721645	4.3146935	2.8779507	4.483924	4.2504177	2.2057867	3.3739324	2.2245977	1.9685107	3.8788273	3.3909214	2.0718946	2.4829574	2.911615	2.1285868
SULT2A6_9972	4.5696683	4.819748	7.915479	4.7643704	5.8940554	4.6956315	4.4933076	5.581279	5.869323	5.6429973	5.784808	5.378286	7.6697974	6.206924	7.078592	6.2573028	6.2475724	5.44903	7.116982	5.5290575	7.332265	5.2615604	6.3228545	6.7468963	5.797008	6.1228685	4.2564993	5.3570137	5.214689	5.0549846	5.910593	5.280674	6.097461	5.777362	4.5322647	5.817026	6.3070755	7.2135386	5.771651	6.9717636	7.248164	4.6831694	5.106588	5.9876547	4.3384256	6.9109344	5.560223	3.916409	5.3225985	6.035482	5.1575522
SUMF1_32831	5.402709	5.0311866	5.3208194	4.924599	4.8293266	4.7336545	5.279017	5.4994187	3.5225942	4.6507454	5.333061	4.5722427	3.5563867	3.8522093	4.6845293	4.365758	4.320673	4.4379616	4.4939694	3.8283436	5.06828	5.077782	3.920224	4.8179007	4.630346	4.0964723	5.192965	3.9579048	4.170284	5.336579	4.109979	3.706012	4.658778	4.5804653	4.0333714	5.7844543	5.2298574	4.843981	4.1068897	4.483924	4.144076	4.9311295	5.0782957	4.0806427	5.4248013	3.6054895	4.817839	5.101213	4.919528	4.8279877	5.4556193
SUOX_9974	7.891469	6.992109	7.3335013	7.708377	6.2763925	7.3420362	7.730054	8.021353	6.3208814	7.0345244	7.6994696	7.3583093	6.1935053	6.0616803	7.201346	6.891196	6.814074	6.580521	6.873793	6.0364113	6.751772	7.8021827	6.486904	7.2319655	6.9430614	6.14235	7.3347774	6.5775695	6.2498837	7.9448943	6.310691	6.30974	6.986961	7.2212462	7.1227736	7.849795	7.9450684	7.308336	6.959917	7.0610785	6.9016614	7.738634	7.8103843	6.990206	8.084201	6.941058	7.037022	7.479965	7.5012326	6.972921	8.182824
SUPV3L1_9975	3.5576375	3.6878698	3.6740434	2.7541187	3.038847	3.1064248	3.595438	3.2605107	3.320974	3.288475	3.3250897	2.581391	2.4416173	2.7354863	3.7009227	2.1911569	3.1031692	3.0594068	3.3545144	2.9909706	3.3383183	4.0644393	3.1230586	3.415899	3.4953897	2.7408507	3.9890227	3.1498733	2.7372885	3.2264056	3.303507	3.3879275	3.7147906	3.2525284	3.3539796	3.6237552	3.4922628	2.987318	3.8487759	3.6732368	3.6691785	4.158812	3.4641607	3.7926803	3.661585	3.7756202	3.7711594	4.0339556	3.2640922	4.113659	4.0790167
SYNE2_9977	4.0499516	2.3110406	2.6198554	3.1146789	0.7839461	2.5470278	3.340682	2.4910152	0.9994701	2.6126575	2.765496	2.3986237	0.7077145	1.6426728	2.3886938	1.1302094	0.9628306	2.1159258	1.7911546	0.0	1.5622083	1.8567106	2.4591324	2.38735	3.011828	0.5594628	2.6264875	1.4944088	1.2732412	3.0294778	2.2317815	1.1960433	0.8140356	2.2424579	1.5083932	2.98588	2.0718052	1.5310675	1.2698381	1.0488179	1.2341714	2.5404441	2.8118143	0.689121	1.9685107	1.59992	0.0	2.0718946	0.6542548	0.0	2.4159133
SYPL1_9979	5.839675	5.8195076	6.21969	5.53396	5.707365	5.6870337	5.946143	5.7322574	5.553551	5.894137	5.715727	5.627237	5.97854	5.756515	5.9804864	6.00027	5.832857	5.9313107	5.966314	5.8227477	6.0179176	5.7219396	6.0976715	5.912826	5.939719	5.581903	5.9037127	6.07983	6.181113	5.8056216	5.945632	5.682379	5.891794	5.9239197	5.768263	5.5908422	6.1979675	6.2232265	5.790167	6.244476	6.2448153	6.3941197	5.871361	5.8717523	5.931233	6.2019815	6.128449	6.47249	6.2181373	6.1591787	6.2960253
SYTL2_32351	3.5576375	2.9880874	2.9293032	3.1146789	2.204507	3.5085077	3.340682	3.3566325	1.5842559	2.4290519	3.3250897	2.1892972	2.0586884	2.1818647	2.8787735	2.5249715	2.841842	0.7371988	3.4387813	2.1619017	3.3383183	3.0373778	2.2798173	3.1471999	2.279205	0.96157944	2.4668374	0.6833182	2.8829715	2.8013556	1.9846656	0.0	2.8206856	3.1694758	2.0267587	3.3839397	3.4922628	3.097608	2.3879235	1.8765994	2.0551069	2.930607	3.0634718	2.2245977	2.3445714	2.3398588	2.5996156	2.8892338	2.4829574	2.6368403	3.1225834
TAGLN_9981	2.9230795	3.447053	4.855005	3.3130789	3.9482906	3.5936723	3.743284	4.424094	2.1691005	3.0546732	3.9838378	2.7435865	3.3920732	4.2775726	4.047455	3.8750339	2.1116846	3.4599617	3.2650185	3.5993342	3.9976015	2.786402	3.411482	3.9550858	4.871027	3.252017	2.4668374	2.5476058	3.539506	3.9934368	3.1911995	2.284903	3.1011837	3.4763536	2.837896	2.2557068	3.6478724	3.3854282	2.1789894	4.55124	2.956486	3.8924718	2.1194797	2.8324869	2.6425977	2.8265579	4.7851095	4.0339556	4.358206	4.1670337	4.341534
TALDO1_32399	6.5327263	5.6870804	6.2053857	6.8885245	5.6669426	6.1191926	6.6551666	7.0268946	4.9762535	6.12318	6.1149697	6.4339604	4.819067	5.2929244	6.028096	5.1964164	5.6403956	5.7465267	5.5207915	5.293719	5.799231	6.652899	4.871772	5.898276	5.829964	4.901926	6.296973	5.0225058	5.599045	6.7127957	5.380885	5.198516	5.441446	6.0798755	5.3781114	6.622615	6.3416853	5.534806	5.46094	5.3223767	4.6890273	6.3837523	6.2080708	5.0901866	6.336885	4.952388	6.047966	6.080044	6.0155177	5.9618835	6.76729
TATDN2_9984	5.252226	4.741772	5.121943	5.702634	4.077273	5.208914	4.724427	5.561245	4.0864654	4.423926	5.2861795	5.0150394	4.177663	4.3791647	4.6845293	4.365758	4.628089	5.0449595	4.902835	4.304893	5.0400114	5.1856456	4.668027	4.469871	4.9023523	4.449145	5.648594	4.3917923	4.728286	5.2933	4.046838	4.152537	4.8976593	4.9965014	4.6429377	5.493443	5.4573073	4.526692	4.5157533	3.732442	3.8604286	5.0926113	5.106588	4.3205805	5.7711186	4.1910696	5.1617303	4.8358083	4.649599	4.794461	5.7549553
TAX1BP3_32829	2.9230795	3.8453023	3.1839569	3.7149374	3.1603029	3.3214288	3.9400225	3.2605107	2.905972	3.8233604	3.5795677	3.3587008	3.104098	3.3501055	3.7009227	2.6667733	2.636965	3.8418446	3.2650185	2.3701787	3.4283133	3.3471458	2.762189	3.897724	3.791503	3.252017	3.8664052	2.6898494	2.5752249	3.1312993	2.4426951	2.8125298	3.223322	2.6625395	2.837896	3.8293307	3.9762692	3.097608	1.6401663	3.4086447	3.448644	3.5655706	3.174549	3.3483052	2.7713106	3.7211092	3.2054758	2.8892338	4.231731	2.7807593	3.474912
TBPL1_9987	2.675235	2.3110406	2.9293032	2.6106799	2.7601511	2.5470278	2.2966683	1.5756721	0.58460927	1.9721766	1.5525111	1.9443585	2.0586884	1.2719984	3.4443936	1.4768263	1.9438806	2.5029805	2.027206	0.76129264	2.2945795	3.1481903	1.1924393	2.5451083	1.1920056	1.275699	2.4668374	1.7753943	2.3926249	1.7605959	0.79861236	1.4443876	0.8140356	1.8741015	2.0267587	2.4342844	1.8332136	1.8155732	0.7703406	0.6176906	0.92724514	2.6825488	2.506785	1.7862632	2.6425977	0.5924607	2.261813	1.5472676	3.5018787	1.8519349	3.410996
TCEB1_33163	7.8471513	7.095001	7.602705	7.9658465	7.197811	7.4372807	7.515421	7.583546	7.0101757	7.120393	7.630768	7.431557	7.4099708	7.2109704	7.407413	7.074161	6.826192	7.3134623	7.545345	7.4084325	7.0849233	7.7635393	7.045592	7.4421606	7.1464396	7.0925884	7.3577194	7.069126	7.441939	7.6426487	7.315036	7.160088	6.9431915	7.281814	7.3626785	7.5294294	7.6227283	7.501277	7.039461	6.9407196	6.633415	7.5193977	7.178426	6.889495	7.3435464	6.75688	7.7039814	7.3386035	7.546216	7.610531	8.044861
TCERG1_9992	7.9864707	7.5217266	8.013151	7.9323	6.8641047	7.837197	7.832679	7.7870045	6.256342	7.4924164	8.1261425	7.687228	6.6222725	6.7044845	7.794554	6.9478674	6.856049	7.3074007	7.280052	6.2880993	7.4868674	7.6830025	6.5673227	7.736079	7.265657	6.4148498	7.816821	6.423176	6.8901343	7.7822375	6.487539	6.3483534	6.670023	7.6581845	6.827066	7.7266192	7.8440747	7.342338	6.6811237	5.9145713	5.8304014	6.8879027	7.428637	6.8129954	7.581592	6.044405	7.0230546	7.1496754	7.1337495	6.919491	7.6611342
TCF4_32341	4.5696683	5.0091667	5.1816163	4.2865996	4.077273	4.7336545	4.1131234	4.5914803	3.8569942	4.846702	4.1501555	3.7885811	4.53372	3.7034492	5.2099624	4.630994	4.512859	4.858544	4.712838	4.1996894	5.32413	4.3225136	4.0931673	4.654355	4.1971946	4.1358805	4.602197	4.306021	4.9092603	4.737421	4.109979	4.220724	4.4742694	4.947489	4.4534655	4.777671	3.7198045	4.8752856	4.1647973	4.178025	4.068561	4.252953	4.201315	4.364126	4.7355237	4.7494607	3.7711594	4.589258	4.775837	4.1670337	4.1195726
TDO2_9997	10.085164	8.698937	8.977063	9.939167	9.124783	9.516661	9.389766	9.554016	8.104853	9.424826	9.15977	9.300479	9.38868	8.570648	8.845459	8.568588	8.9909115	8.640826	8.896551	9.230723	8.899494	9.065683	8.857172	9.589859	9.0348425	8.295214	9.4703665	8.793964	8.392875	10.218694	8.655525	8.913343	9.480575	9.136828	9.222861	9.724725	8.898247	8.9819355	8.835622	9.073133	8.243411	10.490929	10.500053	8.9210005	9.690247	8.880312	9.274041	9.780773	9.174107	9.5989275	10.17369
TERF2IP_9998	3.1345234	3.6878698	3.5884495	3.9113815	3.3762684	4.2990336	3.4306927	3.531564	3.458468	3.580566	3.0159018	3.712247	3.4765677	3.7034492	3.4443936	3.393861	3.180722	3.7009778	4.0339284	2.3701787	2.4743395	3.7499197	2.8927681	3.5707264	3.122376	3.4526122	3.3300724	3.4981349	3.539506	3.0294778	3.1911995	3.1287267	4.204518	3.6083453	3.5178556	4.117802	3.4076753	3.5496664	3.9835975	4.178025	3.3878083	3.7704499	4.4860954	4.181454	4.0646806	4.1910696	4.2740407	5.101213	4.1869826	3.671778	3.651246
TERT_9999	3.318902	3.2357452	1.9785899	3.4874642	2.4144073	2.157111	2.6363633	3.3566325	0.58460927	0.0	3.2292056	3.0217755	2.0586884	1.2719984	2.7331607	2.3676975	2.841842	1.8748931	2.9574547	1.6252826	2.0891902	3.437199	2.4591324	2.6873035	3.011828	0.96157944	3.3300724	2.0104735	1.9388802	3.0294778	0.79861236	2.5195544	1.7112163	3.5438585	2.2295449	3.8293307	3.3178172	3.097608	2.3879235	1.8765994	2.3383918	2.5404441	2.9431233	1.7862632	2.1687598	1.0112327	2.5996156	3.4077816	1.7203709	1.2047167	3.1225834
TES_10000	1.7631619	2.5736196	3.1839569	1.8294263	2.597612	2.7084813	2.2966683	1.2144328	2.1691005	2.7755125	1.5525111	2.1892972	2.99374	3.013425	3.3476372	1.7560883	2.5224707	2.5029805	3.067424	1.9183995	2.778033	1.2084577	2.2798173	2.38735	2.074421	1.5335042	3.5846395	1.1451283	3.62484	2.372859	3.8389206	2.5195544	2.011671	2.6625395	3.3539796	1.1754036	2.455695	2.987318	2.570392	2.7821121	2.4615827	2.0039802	1.2253668	2.5603254	1.4584783	2.0168164	2.4405787	2.8892338	2.8702326	2.911615	1.5496027
TESK1_10001	4.6748405	3.987233	4.432127	4.8939457	3.2723231	4.3488812	5.1786733	3.7596574	2.9990726	3.8233604	4.4343996	4.119342	3.2066107	2.7354863	4.4247885	1.9899611	3.254318	3.6250265	4.0339284	2.8589911	3.9375708	4.5814013	2.6186037	4.06339	4.2468505	2.7408507	4.5632515	2.93812	4.052019	4.412865	3.6815434	2.9792736	3.335922	3.7861276	3.4382432	4.9637265	4.835695	3.2957203	3.619502	2.399263	2.8701653	3.8924718	4.4423666	3.0613632	5.2144794	2.9263053	4.226075	3.49237	3.2640922	3.4312084	5.0143414
TF_10003	16.592484	16.595953	16.432434	16.59397	16.385391	16.344326	16.774347	16.815191	16.498451	16.779297	16.813396	16.858274	16.428764	16.199945	16.365332	16.510504	16.830318	16.236254	16.165987	16.253712	16.671045	16.692305	16.572672	16.639784	16.58926	16.467865	16.633303	16.433754	16.167694	16.710289	16.310843	16.634436	16.638193	16.692263	16.440756	16.688387	16.86218	16.515219	16.407425	16.516647	16.63259	16.705519	16.693428	16.591509	16.64409	16.579895	15.710259	16.218134	16.235346	15.808153	16.464146
TFAM_33077	3.1345234	0.580436	2.6198554	3.1146789	0.7839461	2.7084813	3.340682	3.1575243	1.3212922	1.9721766	3.3250897	3.1430392	0.7077145	1.2719984	2.1797314	1.7560883	1.2772086	0.0	1.7911546	2.1619017	2.2945795	3.1481903	1.1924393	3.1471999	1.8356827	0.96157944	2.9009168	1.4944088	2.1835182	3.3996527	0.79861236	1.6561947	0.8140356	2.6625395	0.6915133	2.2557068	2.8891323	1.8155732	1.9345882	1.3803144	0.92724514	2.8119028	2.3260906	0.0	1.735917	0.5924607	0.70722115	1.8332981	1.9519659	2.6368403	3.1225834
TGFBR2_10008	5.2968464	4.8694844	4.9265103	5.2491565	4.8654995	4.8764534	5.0425544	5.0879884	4.553574	4.986309	4.557952	4.4831705	4.126278	4.7262454	5.182173	4.665197	4.628089	4.790639	5.0968685	3.5993342	5.096006	5.049507	4.704046	5.12332	4.7384453	4.0964723	5.1672235	4.214827	4.803421	5.399156	4.170472	4.4078493	4.7014403	4.947489	4.4123907	5.2287517	5.3019347	5.230354	4.6021237	4.044227	3.7194197	5.0926113	4.927862	4.636899	4.532545	4.665346	5.187006	5.478313	5.3833585	4.9848456	5.05673
THRB_32521	5.8695235	5.196201	5.1816163	5.7717032	4.1376824	5.2877045	5.915293	5.601038	4.45842	4.9181933	5.5470214	5.275932	4.177663	4.427398	5.0031567	4.323549	4.4825535	4.4379616	4.712838	4.354751	5.3702736	5.667165	3.980205	4.9078097	5.305279	4.014271	5.6108966	4.724913	4.225969	6.0331206	4.389879	4.74535	4.8604927	5.598426	3.6650012	5.998377	5.8102098	4.8119817	4.3257575	3.996721	4.2841916	6.1950564	5.6775246	3.8550549	5.51948	4.693933	4.1764603	4.5103173	4.231731	4.535035	5.661911
THRSP_33314	8.809785	9.088378	9.080612	9.254456	9.088897	9.293006	8.800261	9.367606	9.05558	9.022197	8.855031	8.879675	9.152268	8.821365	9.218123	9.589129	9.51068	8.569171	9.578372	9.355358	9.154793	9.842316	8.662684	9.023259	8.897791	7.5409	9.578076	8.070263	7.4122415	10.430756	9.504577	8.957725	7.726273	8.770104	9.49536	7.781291	9.212185	9.055523	8.7026615	9.640878	10.289011	9.384241	8.752263	8.74894	8.0810995	8.755342	9.395563	9.182379	9.994458	9.574444	9.408187
THY1_33010	1.1356703	2.4482956	3.1839569	1.5437274	2.7601511	2.3652024	1.2043949	2.4910152	2.3210802	3.288475	2.621851	1.2775879	2.0586884	3.013425	3.3476372	2.5249715	2.1116846	3.1704433	2.4077895	2.3701787	2.6341627	2.0966876	2.075009	2.5451083	2.4585013	1.9419785	2.7702174	2.6898494	3.2482674	2.6721666	1.9846656	2.284903	2.011671	2.3964808	2.7081409	2.5931726	1.8332136	2.053109	1.9345882	1.3803144	2.2036915	2.6825488	1.588432	2.4022055	2.3445714	2.0168164	3.4754093	2.0718946	3.3477855	3.2451882	2.4159133
TICAM1_10015	2.675235	3.07545	3.9731874	4.1375628	3.1603029	3.7502577	3.24468	2.9264696	2.8064463	3.288475	2.8961248	3.1430392	2.4416173	2.8811386	3.7772083	3.309873	2.636965	2.9391065	3.1696014	2.3701787	3.4283133	3.1481903	2.6186037	3.1471999	3.8569224	2.109709	3.4200125	2.2125611	3.7054071	3.4790516	3.0694053	2.284903	2.472159	2.9874854	2.2295449	2.4342844	3.6478724	3.4698832	3.0101936	1.6496927	2.0551069	2.6825488	1.8782536	2.5603254	3.788687	2.3398588	3.9589443	2.2765746	3.9926662	2.6368403	3.474912
TIMM22_10019	3.4823647	3.2357452	3.831355	3.1146789	4.0142226	3.9572527	2.6363633	4.332506	3.6994612	3.7468808	3.4996274	3.2548962	3.63202	4.0500264	4.1077867	3.688074	3.574707	2.8078547	4.0871205	3.897257	3.7408574	2.9173408	3.8576405	3.8379865	3.791503	3.6829114	3.3300724	3.840789	4.112363	3.4790516	4.046838	3.657633	4.0807066	3.8935378	4.1378617	2.98588	3.0088224	4.220327	3.8487759	4.5837555	4.1068125	4.109333	3.9117455	4.131929	3.9605298	3.927788	4.4513865	3.572272	4.4367547	3.940554	3.651246
TIMM9_10021	3.6291769	3.07545	3.2961977	3.7834342	3.5640745	3.2179284	3.5154157	4.1297936	2.5840793	3.4896183	3.7272735	3.1430392	2.8742359	3.3501055	3.9844897	2.6667733	3.180722	3.2735412	3.6655471	3.326985	3.3383183	2.786402	3.1230586	2.8167326	2.074421	2.8396301	3.6604056	2.0104735	2.8829715	3.6939778	3.1911995	2.5195544	3.1011837	3.331059	4.086562	4.117802	3.2219887	3.097608	2.7323515	2.8900583	3.81494	4.0049734	3.4641607	2.951459	4.0646806	3.189834	3.4754093	4.089322	4.0437536	4.1670337	3.9043298
TIMP1_10022	3.2296562	4.5415487	5.121943	3.2172866	4.547009	4.532649	3.4306927	3.531564	3.3913584	4.2126923	3.8612514	3.7885811	4.647439	4.6056614	4.8348827	4.7312627	3.973751	4.0880117	4.643507	4.304893	4.8249087	4.006783	4.3870535	4.936576	4.7033043	4.0964723	5.267545	4.691478	3.923187	4.286138	3.9808064	3.798159	4.5694714	4.4806437	3.7333038	3.8918242	4.0892115	4.603475	4.3257575	4.260792	3.9473164	4.0049734	3.7774107	3.7274868	3.2840576	3.4797902	4.717334	5.205123	4.8350415	5.303603	4.5035305
TIMP2_10023	2.675235	2.895092	3.4974551	3.4874642	2.4144073	3.1064248	2.6363633	3.1575243	2.3210802	3.288475	3.2292056	0.775823	1.1804214	1.6426728	2.3886938	2.7958763	2.9343114	2.8078547	2.4077895	0.0	3.1395056	2.3023815	2.4591324	2.6873035	2.617958	2.109709	2.6264875	2.0104735	2.1835182	2.6721666	1.6862907	1.4443876	2.472159	2.7791781	0.6915133	2.736285	3.2219887	2.737684	1.2698381	1.3803144	1.2341714	3.1422062	2.3260906	2.0220141	3.3678806	2.6036353	3.555222	2.455791	2.7523265	2.6368403	3.0404751
TIPARP_10024	3.8246934	4.6593394	5.495572	3.5673409	4.305072	4.7336545	4.057699	4.2347074	4.2469234	5.082807	3.8612514	4.388235	5.137241	5.2398915	4.603037	4.406767	4.354535	4.9547606	5.24465	4.1440635	4.791384	4.1198797	4.631086	4.936576	4.6672864	4.318231	4.3960176	3.7784617	3.539506	4.412865	4.046838	4.1171956	5.1340365	4.7615075	4.9022617	4.358093	4.0892115	5.592454	5.064406	4.413313	4.2504177	4.503321	4.397271	4.2293363	3.661585	4.636182	5.5794387	4.929807	5.3431377	5.915852	4.948328
TJP1_10025	7.1645803	6.6518483	7.286713	6.7239985	6.652674	6.964346	6.7456284	7.2622566	5.917821	6.540605	6.193289	6.5260267	6.0765495	6.363874	6.6820664	6.2573028	6.6049123	6.820757	6.730697	5.5927734	6.671121	6.956812	6.0840683	6.841196	6.7413034	5.8182697	6.464858	5.930195	6.676921	6.6541333	6.7478914	5.798485	6.5928073	6.853328	6.2715955	7.2119036	7.1364765	6.8771276	6.257519	5.6486483	5.483158	6.513041	6.8167973	6.2653866	7.21364	6.2888765	6.994707	6.947286	6.855	6.965408	6.8419046
TLE1_10026	4.740924	4.2350254	4.779769	4.2865996	2.7601511	4.080398	4.267662	3.8283224	3.3913584	4.3221717	4.041434	4.1772795	3.63202	3.1345942	3.9844897	4.235235	3.685282	3.9074347	4.370676	3.326985	4.055234	3.602016	3.8576405	4.3466787	4.4299655	3.5723524	4.0466323	3.047878	3.62484	3.6939778	4.389879	3.3273613	4.14394	4.4806437	3.4382432	4.934336	4.5891457	4.4455914	4.3756533	3.896741	3.1882064	4.158812	4.4423666	3.512115	4.4580016	3.927788	3.3011763	4.089322	3.6410902	4.1670337	4.341534
TLR1_10028	1.483266	2.159341	4.102316	2.2723026	0.0	3.5085077	2.2966683	1.8643311	1.3212922	1.2997124	2.282898	1.9443585	0.0	0.0	2.8787735	2.1911569	1.9438806	2.1159258	2.708643	0.76129264	2.9088483	1.5686922	1.5499562	2.6873035	2.8921008	0.0	1.5561608	0.6833182	2.3926249	1.4809296	1.3096737	1.8408495	2.6569214	3.2525284	0.6915133	2.0518599	2.2764814	1.8155732	2.1789894	1.3803144	0.92724514	1.769281	1.588432	1.7862632	1.4584783	2.0168164	0.70722115	0.0	1.4443535	2.0916321	2.1285868
TM7SF2_10031	4.6748405	4.741772	5.210552	4.2865996	5.1557508	5.478927	4.984295	5.030861	4.4908404	4.809582	4.77723	4.4831705	4.647439	4.837524	5.153837	5.7838545	5.174639	4.719379	5.37869	5.507178	5.32413	5.020667	5.0779867	4.258289	5.183061	5.2095604	4.848835	5.126247	5.1868963	5.225846	4.170472	4.0809665	4.7014403	5.319029	5.5583673	5.276378	5.9058294	6.2232265	6.1469316	4.9508114	5.1214943	4.297816	4.2528553	5.1158886	4.6709857	4.721964	5.418032	4.8678265	5.569188	4.7601357	4.1590195
TM9SF2_10032	7.263446	6.707607	7.224237	7.3782406	6.873017	7.193069	7.463055	7.501818	6.5988636	7.150392	7.1897793	7.0602956	6.649827	6.527709	6.7017736	6.8094482	6.8201456	6.935252	7.268585	6.1395693	7.1325555	7.0877085	6.5376883	7.2203145	7.0307207	6.4775476	7.1565514	6.622615	6.973835	7.2371707	7.181782	6.378517	6.860896	6.9866676	6.9397597	7.443375	7.309639	7.157344	6.7008305	6.2342706	6.002588	6.9802504	6.9160504	6.7404966	7.051986	6.307496	6.980322	7.034502	7.2140017	7.0601487	7.236996
TMCO1_10035	7.1030936	7.239133	7.671961	6.9344335	7.821533	7.454459	7.066621	7.2245393	7.352093	7.462836	6.999454	7.199615	7.7441163	7.611444	7.460434	7.432933	7.4209614	7.665916	7.781502	7.5648913	7.621733	7.1883907	7.752614	7.686133	7.70376	7.507487	7.0408263	7.527994	7.733676	7.594434	7.7160163	7.614392	7.7365665	7.372798	7.8708344	7.036295	7.123275	7.7282577	7.7374663	7.757357	7.5448728	7.0209575	7.0961576	7.737879	7.0003905	7.655262	7.9854426	8.04658	8.116723	8.10688	7.760653
TMEM176A_32932	8.607671	7.44998	7.188322	8.109511	6.556377	8.544263	7.707723	8.177561	5.964741	7.7926702	7.4930544	8.054881	7.196129	6.363874	6.730839	6.754907	6.706741	7.717114	6.7799897	6.782885	7.878766	8.280905	7.0870996	7.883717	8.450372	6.349303	8.353314	6.531072	7.441939	8.775029	7.267362	7.630148	6.712359	7.778669	7.2622285	7.8339663	7.5156546	7.689156	7.0851636	6.361617	6.9445353	8.863895	8.199941	6.2067957	8.286219	7.114973	7.645923	7.33288	6.672274	7.3295965	8.587011
TMEM176B_33294	9.8731575	9.671143	9.859395	9.7973	10.195417	10.706407	9.890725	9.80464	10.090376	10.328586	9.188736	9.659277	9.979727	9.72767	9.582055	9.90309	10.081461	9.821293	10.30526	9.876451	9.717875	9.616404	9.970973	9.819565	10.066683	10.147382	9.730867	10.393099	10.046309	10.242354	10.087407	10.311278	10.383762	9.742646	10.324868	9.796922	9.521098	10.076224	10.113084	10.284547	9.091677	9.512299	10.1763735	10.191393	9.77617	9.783904	10.337789	10.518974	10.486191	10.849289	9.613809
TMEM43_32474	1.9974787	2.9880874	3.2961977	2.884577	2.204507	2.3652024	1.851524	2.4910152	1.9992051	1.9721766	2.077968	2.581391	3.104098	2.3909085	3.4443936	2.6667733	2.7430372	2.5029805	2.838406	1.6252826	3.1395056	2.0966876	3.2257414	3.0452297	2.8921008	2.7408507	2.4668374	2.93812	3.1364734	2.372859	2.4426951	2.1515164	3.223322	2.5356345	2.2295449	2.98588	1.8332136	2.8678937	3.1313257	1.6496927	2.0551069	2.5404441	2.506785	2.4022055	2.6425977	3.0196002	2.7428484	2.8892338	3.5018787	3.142335	2.65541
TMEM5_10045	4.198454	3.5111294	4.039196	4.0289	3.3762684	3.8915	3.743284	3.446748	3.0865276	4.3739457	4.041434	3.9301062	3.5563867	3.4468794	3.849662	3.309873	2.841842	3.5448534	3.5183966	2.713711	3.6688373	3.602016	2.8927681	3.8379865	3.8569224	3.100898	4.0466323	3.3344872	3.9890406	3.759049	4.284343	2.284903	3.8724551	4.174781	3.7333038	4.2187696	3.8537283	3.6252677	3.619502	4.090219	3.448644	3.8327506	3.846141	4.0806427	3.661585	3.9751415	3.3909214	3.8538375	3.7059622	3.671778	3.5361161
TMEM50A_10046	7.937992	8.07654	8.618012	7.951033	8.482146	8.647458	8.106314	8.241903	8.332099	8.458741	8.004705	8.0471325	8.536949	8.450334	8.573277	8.568588	8.317225	8.645639	8.611229	8.374275	8.412915	8.116868	8.267759	8.357859	8.254907	8.1868105	7.9920044	8.428381	8.609865	8.274719	8.313855	8.101788	8.48412	8.337861	8.608367	8.0985985	8.202113	8.701026	8.51504	7.953618	7.7491307	7.6677685	7.902016	8.332968	7.703565	7.753593	8.277841	8.186447	8.3220825	8.231121	7.543101
TMEM97_10047	5.2061815	3.2357452	2.9293032	5.0959854	3.9482906	4.3488812	4.9235835	4.5102134	3.3913584	4.26847	4.557952	4.119342	3.5563867	3.7034492	4.047455	3.4732275	3.787982	3.8418446	3.2650185	3.897257	4.2651753	5.049507	3.5760143	3.7105362	4.513486	3.735168	4.816079	3.047878	3.2482674	4.704761	4.488219	3.5557184	3.5377576	4.174781	3.3539796	4.638807	3.8537283	3.8933594	4.22047	3.6732368	3.324294	4.424596	4.397271	2.7028143	4.6034255	2.6036353	4.881152	3.0089254	4.3172674	4.1670337	4.831115
TMSB10_32772	6.666264	7.619442	8.35193	7.014984	6.9841237	7.477051	6.8553386	7.415181	6.692437	7.2156944	6.9774895	6.931545	7.2023454	7.3798127	7.921837	6.8017817	7.154012	7.495102	7.6103787	6.7271895	7.4497423	7.0237446	7.3709464	7.616729	7.5391355	7.198748	7.1824827	7.0820856	7.752759	7.287664	7.3546815	6.21262	6.773621	7.673336	6.5805435	6.8203306	7.069225	7.4080296	6.8317204	7.0200853	6.3522096	6.843201	6.544304	6.820831	6.7885923	7.0051966	8.116192	8.032525	7.644646	7.978408	7.426715
TNFRSF1A_32996	3.6291769	3.07545	3.0622413	3.2172866	2.4144073	2.9855762	2.911122	3.2605107	2.8064463	3.3925493	3.2292056	3.1430392	2.4416173	3.1345942	3.0110276	2.7958763	2.2619886	2.663456	2.027206	2.8589911	2.0891902	3.251095	2.762189	3.1471999	3.122376	2.9320772	3.9890227	2.2125611	3.2482674	3.3996527	1.6862907	2.5195544	2.472159	2.5356345	2.837896	3.4683857	2.2764814	3.2957203	2.7323515	2.2451668	2.8701653	2.3827975	3.5490766	2.4022055	3.522194	1.3353969	2.992627	3.2220936	2.9792266	3.812416	3.273985
TNIP1_10051	6.3542304	5.6448603	5.6723776	6.2901516	4.8293266	6.0901766	6.548634	6.314143	4.7538667	5.2021847	6.0034575	6.243697	4.53372	4.223962	5.7348247	5.0226336	5.4182487	5.3104234	5.3132257	3.897257	5.7477226	6.350862	4.430701	5.898276	6.069576	4.5691614	6.475385	4.7575912	5.0392876	6.44264	5.00252	4.4651933	4.4742694	5.749038	4.712268	6.613372	6.2595987	5.3465996	4.760747	4.044227	4.1804013	6.0969267	6.308916	4.7396665	6.4373107	4.576022	5.0831337	5.370696	5.074966	5.350499	6.431053
TNNT1_33317	2.5332706	2.5736196	3.1839569	1.5437274	0.7839461	1.9138626	1.5639434	1.8643311	1.5842559	1.2997124	2.282898	2.1892972	2.0586884	1.9373132	2.8787735	1.7560883	1.9438806	2.3223944	2.2300112	1.9183995	1.8496284	0.7272255	2.075009	2.9355001	2.279205	2.5203478	2.0821931	2.5476058	3.0152833	1.4809296	1.3096737	1.6561947	2.011671	2.2424579	2.5655518	1.5299913	2.0718052	2.987318	2.3879235	1.8765994	1.4871172	0.68006337	1.588432	2.0220141	2.5012665	2.0168164	2.5996156	2.0718946	0.0	0.72461534	1.9601587
TOMM34_10055	4.7082605	4.768235	5.829861	5.0687976	4.251405	5.0672064	4.7595882	5.2469354	4.1282835	5.14373	4.7077756	4.950048	4.0729947	4.3292627	5.366318	4.4854455	4.5425406	4.719379	5.044041	4.0862064	5.2520237	5.1856456	4.247581	5.019585	4.9924436	4.757803	4.6401196	4.4727483	4.5213094	5.693573	4.787609	4.520345	4.4742694	5.0203977	4.6069818	4.9637265	5.101099	5.1039143	4.5157533	4.3766675	3.7194197	4.716597	5.16156	4.487392	5.4442406	4.2306314	4.6822133	5.101213	4.511247	4.9241333	5.2517867
TOMM70A_10058	5.5936418	5.7679863	6.2755284	5.5924034	5.6872954	6.060565	5.4175487	6.2530107	5.374005	5.802644	5.5667706	5.9599166	5.5996485	5.756515	6.204224	5.903299	5.496161	5.781932	5.893527	5.6337395	5.881191	5.610228	5.8143377	6.2357554	5.797008	5.493647	5.406049	5.335529	5.9192367	5.758662	5.4312	5.5692406	5.796619	5.777362	5.951464	5.6642876	5.519093	5.6836934	5.8443303	6.1821337	6.0126963	6.0452394	5.7330236	5.973666	5.8015833	5.952752	5.6538396	6.038449	6.0658164	5.991775	5.913284
Topbp1_34126	3.5576375	3.6878698	3.7548423	3.9113815	3.2723231	3.3214288	3.743284	4.5102134	1.9992051	3.8959892	3.4149964	4.1772795	2.99374	3.537568	3.6203768	3.688074	3.685282	3.0594068	2.9574547	2.8589911	3.5130224	3.52196	3.411482	3.7105362	3.791503	2.7408507	3.9890227	3.840789	3.2482674	4.0465326	2.7898166	3.4460533	4.014574	3.4055345	3.2644873	3.6237552	4.1939507	3.8308609	3.1313257	3.6732368	2.8701653	4.109333	3.4641607	3.2588525	4.0646806	3.4797902	3.8990247	4.089322	3.1752434	3.7438102	4.621186
TOPORS_33193	4.0499516	3.5724802	4.2766256	3.0042105	2.597612	4.4436893	3.141831	4.016648	2.4585645	3.580566	3.7272735	3.6316473	3.104098	3.1345942	4.3765597	3.815366	3.0212092	2.9391065	3.5938473	3.2234385	3.9375708	3.6778624	2.6186037	3.897724	3.4953897	3.0189555	3.8664052	3.4981349	3.0152833	3.4790516	3.4077	3.0559347	3.223322	4.335803	3.4382432	3.9517226	3.5721645	4.1707234	3.9835975	4.044227	3.5070176	4.109333	3.629271	3.587535	3.9605298	3.2679667	4.532502	4.2437115	4.1408014	4.218504	4.3754215
TOR1A_10061	5.5756464	5.156683	5.266739	5.8694773	4.900788	5.362414	5.563964	5.4348235	4.553574	4.846702	5.506693	5.221896	4.683437	5.0980964	5.0031567	4.665197	4.2504673	4.985458	5.1970515	4.701566	5.176123	5.1327214	5.282401	5.53426	5.351407	4.35209	5.919218	4.9676967	5.070042	5.7744856	4.8628597	5.0377	4.8976593	5.299631	5.0701213	5.969691	5.4573073	5.301219	5.1812468	4.6466675	4.7385936	5.863194	5.7510586	5.0640182	5.846107	4.5132446	4.7851095	4.589258	4.973223	5.7154636	5.5176296
TP53_10062	5.182596	5.1160517	5.121943	5.3654413	5.1557508	5.386482	5.4175487	5.695968	4.0864654	4.9181933	5.4652047	5.0772285	4.2752476	4.0500264	4.904565	5.1728354	4.285997	5.1298494	5.0968685	4.4495783	5.1499085	5.2366967	3.7922184	5.072385	4.8390064	4.5400805	5.6298685	4.2611446	4.476096	5.2933	4.4398866	4.4651933	4.7014403	4.7615075	4.678019	5.179499	5.073909	5.130104	4.5157533	4.5837555	4.5007634	5.1178517	4.98993	5.037367	4.82722	4.7494607	4.4090514	5.370696	5.099319	4.4077783	5.4713736
TP53BP2_10064	2.8044732	2.895092	3.4974551	3.1146789	3.1603029	3.8915	3.743284	3.531564	2.6995428	3.288475	3.3250897	2.3986237	3.3920732	1.9373132	3.0110276	2.7958763	3.6310537	3.4599617	3.3545144	3.5993342	3.5130224	3.1481903	2.6186037	3.7105362	3.4107835	3.0189555	3.0207527	2.6898494	3.539506	3.8213115	3.6815434	2.8125298	3.4403665	3.331059	3.1690745	3.3839397	2.6150863	3.2957203	3.619502	3.6114979	3.115025	3.6371455	3.0634718	3.659207	3.9605298	3.3420844	2.8731365	3.6479805	3.8847218	3.671778	3.3441162
TPD52L2_10067	5.5202723	5.361747	5.829861	5.4936395	5.4695616	5.7440305	5.7502966	5.62053	5.5067577	5.7250276	5.6244464	5.4967923	5.440467	5.7752724	5.791102	5.433164	5.2304153	5.28597	5.908381	5.7123384	5.4795613	5.5100365	5.282401	5.2661505	5.657097	5.43166	5.4494114	5.0225058	5.100155	5.6768312	5.1298456	5.5822587	5.4909263	5.3757043	5.9077983	5.552668	5.7427506	5.3687654	5.6142898	5.536844	5.0447555	4.8730197	5.4535427	5.2143483	5.463422	5.087805	6.0887685	6.107122	6.138121	6.3443418	5.7158117
TPM2_32337	2.5332706	2.3110406	2.6198554	2.0677924	1.9587818	1.6211139	2.4764907	2.6512198	2.1691005	1.6747757	1.5525111	2.1892972	2.0586884	2.7354863	3.6203768	2.3676975	1.9438806	1.2227256	2.2300112	2.713711	3.0287817	2.0966876	1.5499562	2.8167326	3.4107835	2.5203478	1.1977407	1.1451283	1.9388802	2.6721666	1.9846656	0.8958736	2.472159	2.5356345	1.1570135	1.1754036	2.455695	3.3854282	1.6401663	3.1725283	1.2341714	2.0039802	0.7390483	2.4022055	2.1687598	2.4777672	4.5714116	3.49237	3.0805616	3.940554	3.474912
TRAK2_10073	4.3330874	3.07545	2.9293032	3.8488257	0.7839461	2.9855762	3.8773775	3.7596574	2.6995428	3.4896183	3.2292056	3.3587008	1.5358759	0.77186805	2.8787735	2.3676975	2.1116846	2.3223944	2.9574547	1.6252826	2.778033	3.251095	2.4591324	3.0452297	2.4585013	2.109709	3.5846395	2.8193185	1.6441145	3.2264056	2.4426951	2.406994	2.8206856	2.887088	3.066902	4.2667212	3.2219887	3.3854282	2.570392	2.9904869	3.5070176	2.930607	3.0634718	3.2588525	4.0135446	3.1072266	2.261813	3.0089254	3.5018787	3.031582	3.9500241
TRAP1_10074	6.893906	6.0846095	6.116449	7.000669	5.6669426	6.357004	6.8553386	6.395598	4.9297123	5.980172	6.480364	6.1013103	5.708474	5.368989	5.7348247	5.903299	5.680997	5.866822	5.966314	5.750088	6.156032	6.82123	5.282401	6.3470836	5.998881	5.7308908	6.454253	5.592596	5.4666176	6.745277	5.701008	5.5428467	6.44999	6.178747	5.8627696	6.6945	6.620665	6.3842196	5.413955	5.9017324	5.5540886	6.7734404	6.755581	5.9016123	6.9468813	5.6801505	6.2533484	6.4302287	6.481648	5.93136	7.09676
TRAPPC3_10075	3.4823647	2.895092	3.2961977	3.4874642	3.3762684	3.5085077	4.00006	3.2605107	2.905972	3.288475	3.7272735	3.5462768	3.104098	2.3909085	3.9844897	3.4732275	2.636965	3.0594068	3.2650185	3.5141387	3.3383183	3.9467263	3.1230586	3.3317733	4.0370674	3.178435	2.9009168	3.4186301	3.4488056	3.0294778	3.6815434	2.8983095	3.1011837	3.4055345	2.4073083	3.1985953	3.1193392	3.5496664	2.570392	2.6654315	2.4615827	2.2057867	3.3739324	3.1634846	3.1950624	2.719398	3.7711594	3.2220936	1.4443535	3.5159345	3.5948293
TRAPPC6A_10076	4.5328355	4.5719104	4.8178773	4.984019	5.7659516	4.616441	4.9235835	5.32029	5.3208947	5.5782604	4.251255	4.4364834	5.1629677	5.73751	5.316059	5.5658197	4.9270926	5.358121	5.481599	5.4394746	4.6858673	4.6583104	5.5629745	4.9078097	5.233197	5.6515374	4.748248	5.555908	5.419629	4.8904743	5.1298456	5.3122706	6.0487275	4.4806437	5.877936	4.9637265	4.899036	5.412101	5.946914	5.7380347	5.377605	5.167044	4.8294463	5.454869	5.555678	5.36168	6.3460236	6.247597	6.11442	6.0779037	4.676601
TRIAP1_32347	4.1011696	4.3445973	4.8912005	4.333043	4.935233	4.6956315	4.00006	4.332506	4.208451	4.518974	4.671753	4.5283937	4.4937305	3.7797458	4.326662	4.280068	4.285997	4.24848	4.60755	4.402944	4.448411	3.6778624	4.247581	4.114638	4.630346	4.055957	4.0466323	3.9579048	4.170284	3.9934368	4.825725	4.378299	3.9452639	3.9443858	4.370112	4.485139	4.0338454	4.403265	4.5595846	4.9000707	4.6635904	4.464495	4.2528553	4.364126	4.6034255	4.3066416	4.532502	5.2544	4.4367547	4.860753	4.1195726
TRIB1_10078	6.1135497	4.510535	5.1816163	5.946181	4.935233	5.478927	6.4444485	4.668412	4.425254	5.7643576	6.57116	6.071065	4.4102645	5.127592	5.89747	5.219618	4.834144	4.858544	5.2907276	5.4394746	5.9886336	5.1327214	5.830722	5.148129	6.45479	5.53845	5.5524373	6.227108	5.681025	6.2180586	4.8628597	5.7063594	6.3596463	6.0336595	4.9022617	6.257645	6.159684	6.2232265	5.506442	6.105824	6.138044	6.2185802	6.1275234	6.0556335	5.236946	4.4808006	5.1098113	5.498905	5.6036453	5.8683033	6.3818865
TRIM13_10080	2.675235	2.4482956	3.1839569	3.7149374	2.204507	1.9138626	2.4764907	3.3566325	1.3212922	2.9218345	2.8961248	2.3986237	3.4765677	1.6426728	2.8787735	2.5249715	2.1116846	2.1159258	3.5183966	2.8589911	2.0891902	2.786402	2.8927681	3.2424362	2.7615314	1.7521499	2.0821931	3.047878	1.6441145	2.919921	2.2317815	2.7213259	2.011671	1.6473541	2.9569383	2.736285	1.8332136	1.5310675	1.9345882	2.6654315	1.2341714	1.769281	2.9431233	2.0220141	2.9986892	2.9263053	3.3011763	2.8892338	3.4268885	2.297121	3.3441162
TRMT6_10088	2.1990027	2.7956865	2.7828603	2.2723026	0.7839461	2.853671	2.6363633	1.5756721	0.9994701	1.9721766	2.282898	2.3986237	0.7077145	0.0	2.5711837	1.4768263	1.7539579	2.5029805	2.2300112	1.6252826	2.2945795	2.3023815	0.7160639	2.2101986	3.122376	0.96157944	2.6264875	0.0	1.6441145	2.8013556	1.6862907	1.6561947	1.3312725	1.3782007	0.6915133	2.98588	2.6150863	0.70487076	2.1789894	1.0488179	0.53686917	2.0039802	2.9431233	1.5043167	2.1687598	1.0112327	1.1797101	1.8332981	1.1027291	1.8519349	3.474912
TSKU_10094	8.651281	8.231976	7.9883018	9.006594	5.876436	7.9863834	7.073623	8.807316	7.091705	8.049056	9.440962	8.561234	6.391478	6.164865	8.4329405	7.048476	5.733413	6.9114704	6.1649346	5.484961	7.842397	8.760216	7.0870996	8.01427	6.651975	6.9170885	8.412032	4.820807	5.7203317	8.0591135	4.825725	6.8460865	7.422717	7.757498	7.632323	8.364066	7.8074	7.314059	6.7394547	5.4156413	6.5525775	7.7905693	8.10847	7.566729	7.654338	7.1096783	7.2618146	6.582703	7.7637014	6.105507	7.8686953
TSPAN3_10095	4.0499516	4.30899	5.266739	3.9713368	4.501759	4.488855	4.1131234	4.668412	4.208451	4.518974	3.5795677	4.2329803	4.572631	4.837524	4.798738	4.794435	4.6001325	5.235784	4.872856	4.304893	5.0400114	4.50016	4.3420444	5.2200937	4.9023523	4.732318	4.3960176	4.166973	4.9092603	3.9934368	4.534984	3.657633	4.4742694	4.6738243	4.4123907	4.5251174	4.0892115	5.3465996	4.5157533	4.7361727	4.471745	4.3413258	4.5285373	4.364126	4.114065	4.665346	4.7516193	5.278421	4.745298	5.099104	4.7559257
TSPAN4_32769	3.4823647	2.9880874	2.7828603	2.6106799	0.7839461	2.3652024	3.4306927	3.2605107	0.9994701	0.7915216	3.1264923	2.889376	2.0586884	0.0	3.6203768	2.1911569	2.1116846	1.5853512	2.2300112	2.1619017	3.242334	2.6423824	2.8927681	1.773262	3.4953897	1.275699	3.504673	2.0104735	2.1835182	2.8013556	2.2317815	0.8958736	2.2602103	2.887088	2.0267587	3.0961545	3.1193392	2.737684	1.2698381	1.6496927	1.2341714	3.0402825	3.2776825	1.7862632	2.8894746	1.59992	2.8731365	1.5472676	1.4443535	2.6368403	3.410996
TSPAN8_33212	0.0	2.9880874	2.6198554	1.8294263	1.2890483	0.758765	1.851524	2.3107724	1.5842559	2.7755125	0.0	1.9443585	2.99374	1.9373132	1.9352914	1.9899611	2.1116846	2.3223944	1.5087776	1.6252826	2.0891902	1.8567106	1.5499562	2.5451083	2.279205	1.7521499	1.8430203	1.4944088	2.1835182	2.372859	1.9846656	0.8958736	0.8140356	1.8741015	1.1570135	2.736285	0.0	2.987318	2.1789894	2.8900583	0.92724514	1.488839	2.506785	1.7862632	1.735917	2.0168164	2.4405787	3.2220936	2.9792266	2.0916321	2.9534101
TSR1_10097	4.8041124	5.095299	5.447765	5.90065	4.8654995	5.006382	5.279017	5.581279	4.2843966	4.9526534	5.4652047	5.1941	4.366648	4.0500264	5.2099624	4.8549566	5.1166196	4.5241194	4.872856	4.538555	5.0400114	5.2860026	4.554239	5.310782	5.37393	4.4175134	5.5524373	4.2611446	4.225969	5.399156	4.666819	4.220724	4.7014403	4.5479527	4.678019	5.0207696	5.414596	4.8752856	4.274074	3.9475968	3.81494	4.9869895	5.18828	4.0806427	5.5909896	4.108535	5.000007	5.04631	5.170004	4.860753	5.287822
TST_33151	8.980207	8.734602	9.145734	8.769671	9.085067	8.544263	8.58192	8.945106	8.984784	8.99145	8.622414	8.749657	9.015982	8.891817	9.119005	8.990565	8.798287	8.894389	9.0881195	8.761519	9.172806	8.907298	9.184864	8.761114	8.815849	8.898114	8.815691	8.846174	8.92581	8.855341	9.063035	8.852856	9.056486	8.970465	9.034373	8.648258	8.858964	9.284103	8.824437	9.249427	9.008248	8.824194	8.878634	9.091001	8.633922	8.847288	9.012945	9.073327	8.997492	8.995969	8.832441
TSTA3_10098	4.1011696	3.7422786	3.831355	4.1375628	3.8066347	4.3488812	4.00006	4.379027	3.9990063	3.965136	3.9838378	3.2548962	3.772339	3.9870539	3.6203768	3.7531235	4.138305	3.7009778	4.4129558	4.0862064	3.8749332	3.7499197	4.3420444	2.9355001	4.4299655	3.9271011	3.4200125	3.4981349	4.052019	4.0465326	4.170472	4.1171956	4.0807066	3.840832	4.570107	3.548161	3.9162993	4.220327	3.4435291	4.260792	4.215834	3.949819	4.201315	3.659207	3.9054923	4.150392	5.0831337	4.989234	4.745298	4.1670337	3.8083558
TTC17_32457	4.5328355	4.2350254	4.432127	4.3780375	3.8066347	4.488855	4.217966	4.8772855	4.0433984	4.732349	4.4343996	3.5462768	4.366648	3.537568	4.221371	4.996006	4.571624	4.4379616	4.1879597	3.5993342	3.9976015	4.2247515	4.2955856	4.2119765	4.6672864	3.834324	4.206825	3.900535	4.279584	3.6939778	4.170472	4.005659	4.8223433	4.2167525	4.493403	4.6747956	4.0892115	4.526692	4.79782	4.5837555	4.471745	4.781215	4.397271	4.2756796	4.8565345	4.8544893	4.7516193	4.664103	5.1928163	5.0713763	4.1590195
TTPA_33200	10.250251	10.450933	10.971748	10.064028	10.945156	10.468539	9.969795	10.294771	10.650441	10.710997	10.076503	10.247875	11.100064	10.986294	10.846428	10.809814	10.787357	10.830041	11.129563	10.9311695	10.731453	10.031282	10.985883	10.823587	10.346248	10.733527	10.111857	10.796938	10.735548	10.2121725	10.883222	10.872208	10.9773445	10.556576	10.973072	10.132342	10.115859	10.958485	10.902434	10.8517065	10.6596775	10.190671	10.145174	10.889729	10.129073	10.9156685	11.043649	10.932978	10.953824	10.990613	10.251595
TTR_10102	16.253248	15.714564	15.993339	16.843575	15.3548565	15.230857	16.480629	16.00264	15.92279	15.587828	16.384626	16.020563	15.950906	15.791218	15.932088	15.948876	15.94748	15.623769	15.710453	15.721573	15.721186	16.370138	15.822685	15.467931	15.564715	15.502824	16.061008	15.699287	15.558086	16.015644	15.338143	15.844396	15.653735	15.759117	15.770273	16.47992	16.44318	15.634624	15.6001625	16.357773	16.532064	16.2468	16.193823	16.024807	16.254519	15.906191	14.985787	15.137109	14.864317	14.522414	15.757754
TUBA1C_32945	4.1011696	3.447053	4.039196	3.2172866	3.038847	3.5085077	4.00006	3.3566325	3.2469792	2.4290519	3.7958171	3.0217755	3.4765677	2.7354863	3.4443936	3.393861	3.254318	3.0594068	3.6655471	2.713711	3.5130224	3.251095	3.1230586	3.415899	3.011828	3.0189555	4.10203	3.4981349	2.5752249	3.4790516	3.1911995	2.9792736	3.1011837	3.1694758	2.5655518	2.98588	3.4922628	3.3854282	1.9345882	3.7893128	4.2504177	3.6371455	3.3739324	3.7274868	3.9054923	3.4797902	3.2054758	3.119443	4.0437536	2.297121	2.7617311
TUBB2A_10104	5.5202723	5.0311866	5.347118	5.1998844	5.604102	4.3488812	5.4821253	5.32029	5.0433664	4.809582	5.2861795	4.7354136	4.819067	5.0980964	5.237227	5.1964164	4.3876204	4.4816837	5.335379	4.581067	5.096006	5.8088484	5.5029	4.936576	5.2816496	5.55308	5.4706135	4.7575912	4.225969	4.637135	5.5946484	4.5734663	4.204518	4.7615075	5.2440724	5.4316826	5.046196	5.592454	5.2363	4.999828	4.786514	4.5779715	4.8630033	5.165958	5.642388	4.413638	5.6718554	5.278421	5.6863503	5.0713763	5.0356913
TUBB4B_34097	3.8246934	2.159341	2.9293032	3.4029047	1.9587818	2.9855762	3.9400225	2.7953992	2.5840793	3.0546732	3.1264923	2.581391	2.6006784	3.1345942	1.9352914	2.7958763	2.3981004	3.0594068	2.9574547	2.552146	3.0287817	3.6778624	2.6186037	2.008209	3.122376	2.5203478	3.9290164	2.2125611	1.2732412	3.6258323	2.6266706	2.9792736	3.1011837	3.0813484	2.2295449	2.736285	3.0088224	3.3854282	2.1789894	2.399263	2.7783492	3.410797	1.8782536	2.8324869	2.9986892	2.6036353	3.3011763	3.0089254	3.4268885	3.5159345	3.7578633
TUBB5_10105	4.289591	3.8941805	5.059695	4.0289	4.305072	4.6565795	4.1131234	4.4677963	3.753906	4.518974	4.096819	4.5283937	4.22728	3.537568	4.938183	3.9323316	3.973751	4.8249907	4.872856	3.4235945	5.176123	4.5814013	4.0931673	4.754689	4.5924344	3.513724	4.482056	3.900535	4.052019	4.9192286	4.046838	3.198022	4.424204	4.6738243	4.570107	3.9517226	4.835695	5.130104	3.619502	3.6732368	3.8604286	3.1422062	2.506785	3.7926803	4.0646806	3.7211092	4.4090514	4.8358083	4.891912	5.279571	4.992671
TUBG1_10107	3.9968476	3.987233	4.039196	4.5840974	3.2723231	4.080398	4.534491	4.1832037	3.1689827	3.580566	4.299267	4.2866096	3.104098	1.9373132	3.7009227	3.2206914	3.324341	1.5853512	3.5938473	3.2234385	3.9375708	4.414069	3.7236884	3.8379865	3.4107835	3.178435	4.10203	3.2451313	3.7054071	3.554308	3.1911995	3.2641406	3.628988	3.331059	3.066902	4.4440207	3.2219887	3.6252677	2.570392	3.732442	2.4615827	4.464495	3.5490766	3.1634846	3.9605298	3.189834	3.555222	3.9763792	4.0930934	3.7438102	4.6491594
TXLNA_10110	2.375796	3.1578226	3.4974551	2.884577	3.3762684	3.3214288	2.2966683	3.446748	1.5842559	2.2186248	2.462306	3.3587008	2.2628205	1.6426728	3.4443936	1.4768263	2.5224707	2.8078547	2.4077895	1.9183995	2.4743395	2.9173408	1.5499562	3.1471999	3.4107835	2.2599542	3.5846395	1.7753943	1.6441145	3.1312993	2.2317815	1.4443876	2.2602103	2.9874854	1.7907331	2.736285	3.6478724	2.8678937	1.6401663	1.3803144	0.53686917	3.5655706	2.9431233	1.153547	3.2840576	2.0168164	3.3909214	3.0089254	3.0805616	2.0916321	3.273985
TXNDC9_10111	8.168576	8.343971	8.66581	8.116166	8.47045	8.359028	8.106314	8.251312	7.976224	8.192927	8.197554	8.111701	8.375784	8.299761	8.36967	8.254366	8.122158	8.469544	8.447991	8.509733	8.304205	8.202823	8.1745615	8.339127	8.393635	8.141544	7.928298	8.227248	8.492733	8.437619	8.551325	8.2701235	8.346409	8.169087	8.419168	7.9264317	8.202113	8.613234	8.239943	7.735817	7.50246	7.5751324	7.698663	8.216036	7.961404	7.6258907	8.958944	8.685807	8.717757	8.587389	8.27098
TXNRD1_10114	5.7937107	5.3960905	5.495572	6.4033036	4.455044	5.4334445	5.976347	5.767657	4.553574	5.2856517	6.3150544	4.9829097	4.53372	3.9870539	5.263986	4.280068	4.7602787	5.2100205	4.678589	3.8283436	4.921047	5.842197	4.807002	5.2886386	5.1311197	4.3851724	6.160117	4.4727483	5.070042	5.5900784	3.911607	4.7683144	5.1025486	5.2398224	4.9604125	6.233717	5.858812	5.3687654	4.722696	4.044227	4.471745	6.146826	6.32104	5.28402	6.7578487	4.7764435	5.1360044	5.4362245	5.3431377	4.9241333	6.055942
TXNRD2_33001	2.9230795	0.9932049	0.7951595	2.7541187	2.204507	2.3652024	2.7802737	2.1047523	1.9992051	1.9721766	2.282898	2.3986237	1.5358759	1.2719984	2.7331607	1.9899611	1.9438806	1.8748931	1.7911546	1.2570211	2.778033	1.5686922	1.8362379	1.773262	1.1920056	1.275699	2.6264875	2.93812	1.6441145	2.5302608	1.3096737	2.004529	2.2602103	2.0700042	0.6915133	3.294242	1.5471903	2.053109	0.7703406	2.7821121	2.0551069	3.0402825	2.8118143	1.7862632	2.8894746	2.1873605	2.7428484	1.8332981	1.4443535	2.6368403	2.9534101
TYK2_32670	3.0326717	2.159341	2.4360592	3.6430259	2.4144073	3.1064248	2.6363633	3.68756	1.3212922	2.7755125	3.2292056	2.7435865	1.5358759	2.3909085	3.0110276	1.1302094	2.2619886	2.1159258	2.2300112	2.552146	2.6341627	2.9173408	0.7160639	3.0452297	3.2250526	1.5335042	3.2341504	0.6833182	2.1835182	2.8013556	1.6862907	2.1515164	1.7112163	3.1694758	1.5083932	3.548161	2.455695	2.987318	1.6401663	1.0488179	0.92724514	2.5404441	2.1194797	1.5043167	2.9986892	2.1873605	1.8199238	1.8332981	1.7203709	1.2047167	2.7617311
TYMS_32803	4.8939905	4.8937244	5.7920723	4.5840974	5.625355	5.2877045	5.070825	4.8445063	4.7803383	5.1732535	4.3907466	5.0772285	5.3312507	5.184834	5.6960483	5.0996885	5.57008	5.3813906	6.035604	5.6537943	5.712333	4.867128	5.3060308	5.148129	5.1044307	5.1721396	4.5632515	5.2690854	5.4666176	4.6713443	5.4557147	4.9600377	5.224576	5.4998827	5.7185817	5.179499	4.7351427	5.050063	5.1812468	4.7928996	4.832893	4.781215	5.134336	5.3065157	4.7972975	4.576022	5.902967	5.742866	5.7797184	5.835711	5.176898
TYROBP_10115	2.375796	3.447053	4.7003927	1.5437274	3.8066347	4.2474017	2.4764907	3.68756	3.458468	3.4896183	3.1264923	2.7435865	3.772339	4.223962	4.274977	3.309873	3.685282	4.0302944	4.643507	3.2234385	3.5130224	2.786402	4.807002	3.6423242	3.3209047	4.2116084	3.1313937	3.7133195	4.3811836	3.315628	4.2285304	3.2641406	3.7147906	3.9935026	3.9207184	1.8143951	1.8332136	4.1193533	4.22047	4.044227	3.1882064	2.930607	2.1194797	3.7274868	2.1687598	3.8281465	5.3300095	4.8358083	3.8275614	5.179226	2.7617311
UBA3_32850	4.456222	4.819748	5.2389193	4.8626266	4.935233	5.3379383	4.534491	4.424094	4.0864654	4.518974	4.299267	4.846719	4.366648	4.7643	5.034578	4.406767	4.655514	4.346329	4.960986	4.0862064	5.06828	4.5814013	4.3870535	5.019585	4.47233	4.2116084	4.523225	4.657249	4.9092603	4.329629	4.968852	4.493033	5.070358	4.4100404	4.2816463	4.117802	4.0892115	5.155827	4.4238806	4.13479	3.324294	4.252953	4.79509	3.7926803	4.4580016	3.7756202	5.3071384	4.550328	5.3431377	5.0431056	4.341534
UBE2J1_10122	4.950942	4.9410152	5.4718666	5.666818	4.547009	5.4101543	5.070825	5.390095	4.6714067	4.6507454	4.8434935	5.0150394	4.0729947	4.3292627	5.390806	4.8549566	4.512859	4.605421	5.221047	4.0862064	4.8897076	5.5100365	4.593174	5.3961053	5.4606605	4.2835584	5.192965	4.01308	5.0078626	5.271164	4.170472	4.599311	5.0037384	4.9223433	4.678019	5.5718813	5.6900024	5.1039143	4.722696	4.090219	4.381014	5.2606664	4.4860954	4.636899	5.2144794	4.378847	4.9117966	5.519208	5.3431377	5.303603	5.5770845
UBE3B_10126	3.5576375	2.3110406	3.1839569	3.9113815	2.597612	3.6740885	3.0310833	3.531564	1.8065978	3.0546732	2.8961248	3.0217755	0.7077145	2.3909085	2.5711837	1.9899611	2.5224707	2.663456	2.027206	1.6252826	3.5130224	2.9173408	2.4591324	3.6423242	3.3209047	1.7521499	3.3300724	3.047878	1.6441145	4.0465326	2.7898166	2.406994	2.472159	3.2525284	2.2295449	3.4683857	3.6478724	3.097608	2.7323515	2.072621	2.5750768	3.326703	2.8118143	3.1634846	3.1950624	2.4777672	2.261813	2.7587066	3.4268885	1.2047167	3.651246
UBE3C_10127	3.4823647	3.07545	4.3821325	3.4029047	3.3762684	3.5936723	3.8118882	4.1297936	2.9990726	3.3925493	3.4996274	3.3587008	2.8742359	2.8811386	3.849662	3.309873	3.51607	3.5448534	3.6655471	2.8589911	3.3383183	2.482375	3.8576405	4.114638	4.0924416	3.0189555	3.6604056	2.3897877	3.62484	3.315628	3.1911995	3.2641406	2.8206856	3.8935378	3.7333038	3.6955848	3.6478724	2.987318	3.534197	2.7821121	2.956486	3.4902585	3.2776825	2.7028143	3.8482714	2.4777672	3.8990247	4.0339556	3.7059622	3.142335	3.273985
UBQLN2_10128	2.9230795	2.5736196	3.7548423	3.4874642	4.4067645	3.8226066	2.2966683	3.68756	3.8063707	3.8959892	3.4149964	3.0217755	3.4765677	3.7034492	3.535067	3.6199527	3.7375457	4.0302944	4.4939694	3.2234385	4.110652	2.482375	3.5760143	4.3031607	3.4107835	3.4526122	2.4668374	3.900535	3.9890406	3.3996527	3.1911995	2.8983095	4.3723383	3.6700726	4.086562	3.0961545	4.2915974	3.6252677	4.3756533	3.334152	3.2578542	3.326703	3.7774107	3.512115	3.7265353	3.4797902	5.1098113	4.2437115	4.682209	3.671778	4.0790167
UBR7_10129	2.5332706	3.2357452	3.0622413	2.884577	1.2890483	2.853671	3.24468	2.9264696	2.4585645	2.2186248	3.4996274	2.581391	2.4416173	1.9373132	2.5711837	3.023864	1.7539579	2.8078547	2.4077895	1.2570211	3.3383183	3.437199	2.762189	2.9355001	2.617958	1.5335042	2.4668374	2.0104735	2.8829715	3.315628	1.6862907	1.6561947	1.7112163	2.887088	2.0267587	3.0961545	2.0718052	1.5310675	2.1789894	1.8765994	2.3383918	3.410797	2.6673462	2.5603254	3.5935724	2.0168164	1.5350422	1.8332981	2.9792266	1.5643196	4.1195726
UFM1_10130	3.8843899	4.379347	4.6590047	4.1889715	4.4067645	4.488855	3.5154157	4.1832037	3.9059012	3.8959892	3.9238462	3.5462768	4.572631	5.0372314	4.603037	4.1889644	4.451598	3.9074347	4.370676	3.897257	4.4047375	3.8840604	4.3870535	4.2119765	4.7033043	3.971344	4.350994	4.2611446	4.225969	3.6258323	4.934379	4.54715	4.14394	3.7292666	4.1873994	3.8293307	3.7883198	4.3596587	4.4238806	4.999828	4.381014	4.109333	3.7774107	4.131929	4.208036	4.02099	4.4090514	4.989234	4.7140985	4.493851	4.341534
UGDH_10131	7.25216	6.748055	7.37882	6.857086	7.183554	7.2727065	6.8715005	7.453727	6.911838	7.5941486	7.0909495	7.1570554	7.1582575	6.8619447	6.6108913	6.9478674	6.7582464	7.2453394	7.3899727	6.764558	7.4657702	7.0453825	6.8822803	7.277651	7.3757706	6.999516	7.2016296	7.036209	7.3696113	7.054827	7.4972997	7.1115265	7.172779	7.3063188	6.9612794	6.8203306	7.116628	7.4657264	7.016055	6.8633695	6.524593	6.8582563	7.144716	7.0177345	7.2472296	7.0666046	7.5614705	7.4695697	7.7483835	7.2327886	7.3001094
UGT1A1_33117	5.3186493	4.6593394	5.564438	5.041088	5.240831	4.6956315	5.204421	5.677475	4.881619	5.744827	5.818147	4.8819904	5.137241	4.5631175	4.6443586	4.996006	5.3527403	5.102104	4.77899	4.0259314	5.276462	4.2247515	5.022013	5.196502	5.481552	4.5400805	5.243111	5.7792277	5.4666176	5.225846	4.580281	5.515961	5.0374327	4.817136	5.5955396	5.8645453	5.205009	5.1039143	5.790167	5.939911	5.9924073	6.2068663	6.0996428	5.494597	6.011615	5.776855	5.887632	6.3071914	6.3044596	6.367327	6.6266403
UGT2B1_33224	6.657736	6.20573	7.252339	5.7375817	7.352376	5.12557	5.867745	7.2807517	6.642807	7.2156944	6.4273376	5.892334	7.5771604	8.064579	6.6108913	7.5196123	6.7770967	5.764338	6.5995526	7.2262373	6.671121	5.1856456	7.1731353	6.1523767	6.661161	7.2309513	6.1204243	7.0885215	6.990008	5.951954	7.726128	7.147005	7.556554	6.02187	7.3354697	6.040364	4.700005	7.3810205	7.274603	6.3139586	5.9190617	5.565907	6.085498	6.6985874	5.7864313	6.9048333	6.5052114	6.2353773	5.3225985	7.300036	5.591573
UGT2B10_33303	8.330251	7.79057	8.6813965	7.000669	8.513831	7.003778	7.680462	8.798785	7.7803044	8.872753	8.188022	7.5568876	8.768246	9.073296	7.983515	8.738844	8.244593	7.126423	7.9344625	8.019831	8.019337	7.1622214	8.320919	8.031039	8.254907	8.205453	7.6595407	8.306685	7.9598975	7.884204	8.855311	8.37109	8.851557	7.7251472	8.403533	7.7308993	6.375484	8.958376	8.545332	7.724925	7.080493	7.369845	7.7974257	8.195089	7.224924	8.375458	7.137678	7.034502	5.7337894	8.307385	7.232381
UGT2B15_33121	11.384656	10.719401	10.66118	11.412946	10.663771	10.800656	11.361937	11.568973	10.256918	11.487091	11.625105	11.679086	10.8433895	10.38219	10.860743	10.216631	10.652219	10.576437	10.663673	10.319368	11.360387	11.532838	10.440726	11.540069	11.014079	10.301546	11.531975	10.64202	10.565204	11.84631	10.488812	10.527772	10.454841	11.25149	10.145368	11.507508	11.634289	10.736213	10.111244	10.237424	9.807886	11.275248	11.503882	10.176203	11.277435	10.034982	10.428667	10.240426	10.287907	10.600424	11.221904
UGT2B7_33032	4.6748405	4.446431	4.7003927	4.238611	4.195664	3.8915	4.8274393	5.030861	3.753906	4.3739457	4.671753	4.846719	3.3920732	3.4468794	3.9844897	3.7531235	4.285997	3.5448534	4.0339284	3.2234385	3.8094523	4.6203685	3.65174	4.583367	4.7384453	3.7855976	4.5632515	3.1498733	3.4488056	4.831187	4.109979	2.7213259	3.5377576	4.1315517	3.3539796	4.601897	4.5891457	4.3146935	3.1313257	3.6732368	1.8894439	4.0049734	4.1478653	3.7274868	5.071795	2.8265579	3.2054758	3.7884288	2.7523265	3.7438102	4.7814264
UNC93B1_10134	2.375796	2.7956865	4.740627	3.1146789	3.5640745	2.157111	2.091197	2.9264696	3.8063707	0.0	2.8961248	2.889376	2.2628205	2.8811386	3.1321692	2.6667733	2.1116846	3.1704433	2.708643	0.0	0.0	2.9173408	2.8927681	3.9550858	3.4953897	2.109709	0.7197537	3.4981349	3.781712	0.0	3.4077	2.004529	1.3312725	3.5438585	0.0	1.5299913	0.0	2.987318	2.570392	2.7821121	2.0551069	0.0	0.0	3.2588525	2.9986892	0.0	2.4405787	0.0	0.0	2.0916321	2.4159133
UNG_32960	4.289591	2.159341	2.4360592	3.4874642	2.4144073	3.2179284	3.5154157	3.531564	1.8065978	2.7755125	3.4996274	3.3587008	2.2628205	1.6426728	1.9352914	1.7560883	1.2772086	2.663456	2.5660443	1.9183995	3.0287817	3.0373778	1.1924393	2.8167326	3.2250526	2.3960178	3.6604056	2.0104735	3.0152833	4.371847	2.7898166	1.6561947	3.1011837	2.3964808	2.4073083	3.8918242	3.6478724	2.594546	1.2698381	1.6496927	1.4871172	4.058097	3.0634718	1.7862632	3.788687	2.3398588	2.261813	2.7587066	1.1027291	1.8519349	3.273985
UPB1_33048	5.182596	4.8694844	4.3303432	6.004736	3.2723231	5.31304	5.991215	4.551419	3.642881	4.7714825	4.671753	5.5634885	2.4416173	3.6228914	5.034578	3.309873	4.8813667	4.923396	4.5328317	3.679778	5.06828	5.5100365	2.6186037	5.2661505	4.1457686	3.9271011	5.3384585	4.586254	3.9890406	5.742663	4.4398866	3.5557184	4.5694714	5.338169	3.9781444	5.493443	5.4573073	5.4747577	3.619502	4.178025	3.324294	5.390609	4.79509	4.0806427	5.555678	3.0196002	5.0559535	5.1541033	4.775837	4.7601357	5.4713736
URAD_32538	6.7962728	6.39593	6.101078	5.7375817	6.011706	6.3324356	6.433604	6.5253515	5.8569393	6.1079726	5.6799045	6.6437283	5.137241	5.6385393	6.48006	6.0528893	6.0132775	6.352251	6.328488	6.167737	6.452619	6.098276	5.878786	6.1276417	6.0833087	5.5961013	6.3436866	5.7306747	6.0637693	6.671139	6.62358	6.090376	5.694719	6.5914583	6.048487	5.955131	6.592201	6.4584446	6.217036	6.1821337	6.192417	6.724985	6.085498	5.841261	6.14827	5.6068783	6.6485667	7.0485387	6.664134	6.942632	6.980468
UROC1_33128	8.046498	5.8934965	6.101078	8.0757675	4.8293266	6.307441	8.054167	7.5226884	3.8063707	5.980172	7.340794	7.0053754	3.5563867	4.168281	5.7155666	4.446643	4.834144	4.565343	5.221047	3.2234385	5.9886336	7.387887	4.7391872	6.089725	6.213891	3.9271011	7.493387	4.1174774	4.7663426	7.9483857	4.284343	4.005659	4.5694714	6.4665623	3.6650012	7.8770833	7.6688895	5.647887	4.274074	4.13479	3.9473164	7.4564853	7.3420477	4.487392	7.8234673	4.150392	5.0559535	5.1279006	5.099319	5.303603	7.6086764
USP1_10136	3.9417143	4.2724814	4.740627	4.1889715	4.077273	4.488855	4.613491	4.332506	2.9990726	3.288475	3.9238462	4.119342	3.2066107	3.3501055	4.1077867	3.5484548	3.7375457	4.0302944	3.733852	2.713711	4.3597	4.3225136	3.321599	4.258289	3.9794827	3.252017	3.7323904	3.2451313	3.854183	3.759049	3.5959105	2.7213259	3.9452639	3.840832	3.7333038	3.4683857	3.9762692	4.268282	3.534197	3.732442	2.7783492	3.410797	4.201315	3.3483052	4.532545	3.4797902	3.4754093	4.383164	3.6410902	3.5159345	4.3754215
USP14_10137	6.8421564	6.5864315	7.4040914	6.467166	6.5674	7.206651	6.7973022	6.974837	6.010184	6.639107	6.909515	7.199615	6.4343615	6.376214	7.144878	6.6131744	6.56208	6.846068	6.58113	6.2880993	7.1458807	6.846101	6.2637463	7.046476	6.8497295	6.1228685	6.9227157	6.453411	6.626085	7.0418105	6.7478914	6.0812345	6.2632647	7.1087193	6.4445467	6.659005	7.0202107	7.085549	6.588951	5.939911	5.8642907	6.4842167	6.5648417	6.2187057	6.6779966	5.7634306	6.666648	6.611356	6.965108	6.7106843	7.013125
USP18_10138	3.9968476	4.196571	3.7548423	3.2172866	2.9062183	5.362414	4.315703	3.1575243	1.9992051	3.6661186	3.3250897	3.7885811	3.4765677	2.3909085	3.1321692	1.9899611	1.2772086	4.0880117	4.2822084	2.552146	2.4743395	3.3471458	2.2798173	2.9355001	3.65103	2.6348078	3.6604056	4.214827	3.0152833	5.357741	3.4077	3.2641406	1.7112163	3.5438585	3.1690745	3.294242	3.4922628	4.403265	3.2430704	2.8900583	2.0551069	2.6825488	2.9431233	3.4325337	3.1950624	2.719398	3.3011763	3.3179228	4.0437536	2.0916321	3.5361161
USP22_10140	4.289591	3.8453023	4.3821325	4.830612	3.4732254	4.532649	3.8118882	4.5102134	1.9992051	3.7468808	4.4767704	3.8610783	2.4416173	3.013425	3.4443936	3.309873	3.7375457	4.392873	3.8614638	1.2570211	3.8094523	4.5413523	3.1230586	3.6423242	4.0924416	2.5203478	4.350994	2.8193185	3.1364734	4.7693586	2.4426951	2.5195544	3.7147906	4.1315517	3.4382432	4.8423924	4.3380494	3.8933594	3.1313257	2.7821121	3.563121	4.3835616	4.4860954	2.5603254	4.4957547	2.719398	2.8731365	4.089322	4.0437536	3.031582	4.4725537
USP7_10142	6.504469	5.8814254	6.1467075	6.21774	5.397274	6.0754466	6.548634	6.5253515	4.831867	5.6217394	6.167652	6.3228383	4.366648	4.68716	6.089226	5.433164	5.4182487	5.5754795	5.6850657	4.9488516	5.8970385	6.4297633	4.704046	6.1523767	5.9547386	5.1141233	6.3551326	4.724913	5.619981	6.565962	5.0354204	4.7220135	5.164852	5.8983564	5.196475	6.3495755	6.493049	5.6836934	5.094515	4.5837555	4.6635904	5.977913	6.356813	5.1158886	6.1122656	5.087805	5.4806943	5.616645	5.497702	5.5645204	6.462924
UST4R_32736	6.998916	7.437667	8.104628	6.9192924	6.642287	6.8905325	7.943853	8.330381	6.1588264	5.704953	8.457655	7.6416507	6.2304745	5.8829684	7.762072	6.3961487	7.187277	7.289061	7.291429	5.3439584	7.937414	7.512229	6.59636	8.37109	7.9745107	6.357661	7.80435	6.2502565	6.8814907	7.5399303	6.787057	5.1292453	6.0487275	7.335186	5.751892	8.293482	8.816532	7.8034177	5.7146325	5.8625164	5.329891	6.843201	6.6538067	5.9876547	8.056047	5.708448	6.5642734	6.038449	6.229214	6.8146873	7.546823
UST5R_10143	8.431275	8.138711	7.2592793	8.578101	8.344755	8.221963	8.214806	8.41932	8.00176	8.779849	8.171993	8.442218	8.27026	8.171109	7.892126	8.170529	8.0746975	8.408557	8.539094	8.163139	8.467002	8.516043	8.029514	8.197755	8.287897	7.783539	8.512564	8.342131	8.272426	8.425143	8.053736	8.336934	7.9812627	8.596183	8.180103	8.597599	7.2742424	7.7495313	8.1460285	8.424423	8.340911	8.988857	8.666966	8.341163	8.555651	8.058468	8.505859	8.688051	8.412321	8.75363	8.803173
UTP14A_10144	2.1990027	2.159341	2.7828603	2.6106799	1.9587818	2.3652024	2.4764907	3.0466177	1.3212922	1.6747757	1.8390311	2.581391	2.0586884	1.2719984	0.77073467	1.7560883	2.3981004	1.8748931	2.838406	1.6252826	0.7233562	1.8567106	2.2798173	1.773262	2.279205	0.5594628	1.5561608	1.7753943	1.6441145	2.1961572	2.4426951	1.8408495	2.6569214	1.0470449	2.0267587	2.4342844	1.5471903	0.0	1.9345882	1.8765994	0.53686917	3.1422062	2.6673462	1.5043167	2.8894746	2.0168164	2.5996156	2.7587066	2.3267155	1.5643196	3.1225834
VAMP2_10146	3.318902	3.6313283	3.4974551	3.5673409	2.9062183	2.9855762	2.4764907	2.4910152	1.9992051	2.2186248	3.3250897	2.7435865	1.8208362	2.1818647	3.849662	2.6667733	2.636965	2.3223944	2.4077895	1.6252826	2.6341627	2.9173408	2.2798173	2.2101986	3.4107835	1.5335042	3.5846395	2.5476058	3.2482674	3.759049	2.7898166	2.406994	2.8206856	2.3964808	1.7907331	3.8293307	3.4922628	3.2957203	1.6401663	2.399263	1.70226	3.5655706	3.174549	2.4022055	3.5935724	2.3398588	2.261813	2.455791	2.7523265	1.8519349	3.474912
VAPB_10147	3.318902	2.9880874	3.6740434	4.238611	3.3762684	3.8915	4.057699	3.3566325	3.320974	3.6661186	3.7272735	3.8610783	3.104098	2.7354863	3.243922	3.7531235	3.0212092	2.9391065	2.708643	2.9909706	3.4283133	3.602016	3.1230586	3.1471999	3.011828	2.7408507	3.5846395	3.2451313	2.8829715	3.3996527	2.6266706	2.284903	3.5377576	3.331059	3.5178556	3.6955848	3.4922628	3.7655318	3.7763257	3.6114979	3.448644	4.464495	3.7052414	3.587535	3.9605298	3.2679667	3.3909214	4.0339556	3.8847218	3.5959594	4.1195726
VARS2_32745	2.5332706	1.9897953	2.2253819	2.6106799	2.204507	2.157111	1.851524	2.4910152	1.3212922	2.2186248	2.282898	0.775823	1.8208362	1.6426728	1.9352914	2.3676975	0.5602896	1.5853512	0.6917391	1.2570211	2.6341627	2.6423824	2.6186037	2.2101986	1.8356827	1.5335042	2.2872965	1.1451283	0.0	1.7605959	1.3096737	1.6561947	2.2602103	1.8741015	1.1570135	3.294242	2.2764814	2.053109	0.7703406	1.8765994	1.4871172	2.3827975	2.8118143	1.5043167	2.6425977	2.0168164	0.70722115	2.6151845	2.4829574	1.5643196	2.65541
VASP_10148	4.640628	5.272131	5.398319	4.545173	4.6334615	5.4101543	4.613491	4.741449	4.5839467	5.1135902	4.7429204	4.2329803	4.177663	4.168281	5.366318	5.0487785	4.8579483	4.8249907	5.5776534	4.6625075	5.32413	4.7664943	4.9337583	5.0462265	5.0495234	4.901926	5.3384585	4.4727483	5.100155	4.2412953	4.787609	4.8131757	4.9692383	4.9965014	4.9022617	4.8423924	4.5102053	5.412101	5.002234	4.7361727	4.5844727	4.6489487	5.16156	4.982539	5.04658	4.636182	6.0616956	5.498905	5.809545	5.884328	4.831115
VAT1_10149	4.834698	4.1164427	5.059695	5.0959854	3.3762684	4.138241	5.3728333	4.5914803	1.8065978	4.0942173	4.9375095	4.05898	2.6006784	2.1818647	3.9186504	3.2206914	3.324341	3.7009778	3.2650185	0.76129264	4.648907	4.7313266	1.8362379	4.2119765	5.257627	1.9419785	4.816079	3.047878	3.854183	4.861135	2.7898166	2.8125298	3.7147906	4.174781	3.1690745	5.3224826	4.700005	4.3146935	2.7323515	3.0843768	2.0551069	5.1910257	4.6488495	3.7274868	4.6034255	3.2679667	3.6308496	3.0089254	3.6410902	3.031582	4.925635
VAV1_33194	3.2296562	3.447053	4.102316	3.4874642	2.4144073	3.5936723	3.0310833	3.0466177	2.8064463	3.176305	2.765496	1.9443585	3.104098	1.6426728	4.4714575	3.023864	3.0212092	4.1969485	3.9786994	0.0	3.242334	3.6778624	3.1230586	4.114638	3.65103	2.3960178	3.1313937	3.3344872	4.331278	4.0465326	2.7898166	2.8983095	2.2602103	3.840832	2.7081409	3.294242	3.6478724	3.5496664	2.7323515	2.2451668	2.5750768	3.2374017	2.9431233	3.3483052	2.7713106	3.5440083	2.261813	2.8892338	2.8702326	3.5959594	3.273985
VCAM1_32349	2.1990027	2.159341	2.9293032	2.451389	1.2890483	2.9855762	1.2043949	2.3107724	1.8065978	2.6126575	1.1946218	2.581391	1.1804214	2.1818647	3.0110276	2.5249715	1.9438806	3.1704433	2.027206	2.713711	2.6341627	2.0966876	2.4591324	3.2424362	1.8356827	3.0189555	3.0207527	2.6898494	1.9388802	2.372859	2.6266706	2.6239645	0.8140356	2.9874854	2.7081409	2.4342844	1.8332136	2.8678937	2.3879235	2.399263	1.2341714	2.3827975	2.8118143	1.153547	0.0	2.4777672	3.9589443	3.9763792	3.0805616	4.218504	2.5406258
VDAC1_32318	6.0756383	5.4461203	5.651426	6.1544905	4.9688754	5.54457	5.767672	5.901158	4.2843966	5.5334306	5.8667536	5.803145	4.786336	5.393478	5.5295978	5.219618	5.3188353	5.672997	5.221047	4.304893	5.3473864	5.8256187	5.022013	5.9556165	5.305279	5.0536757	6.173109	4.586254	5.1868963	5.97952	5.5498075	4.3173184	4.7428775	5.614215	4.493403	6.081163	5.8427925	5.454173	5.2630587	4.5837555	4.6890273	6.1095643	5.5390677	5.037367	6.14827	4.576022	6.495128	5.7937536	6.11442	6.0210595	6.5765357
VDAC2_10151	6.446237	6.115856	6.4433827	6.6060257	5.84054	6.242993	6.5882893	6.4510865	5.374005	6.2253675	6.255456	6.28381	5.636843	5.678946	6.217975	6.128386	5.3527403	6.0080686	5.8785186	5.507178	6.0607576	6.12562	5.1051793	6.063882	6.069576	5.2816105	6.223938	5.7950554	5.850039	6.6195083	5.7414494	5.34319	5.816163	5.8983564	6.0214257	6.371671	6.2229366	6.055713	5.572113	5.6331973	5.212011	6.434859	6.32104	5.762088	6.2289424	5.545458	5.9917026	5.810325	6.126319	5.976907	6.640642
VEGFA_32415	7.55737	6.6012273	6.626305	7.6221704	5.3469877	6.7115808	7.4577127	7.475299	5.208422	6.3598337	7.592744	6.8086166	5.285139	4.6056614	6.621277	5.452878	5.654057	5.8334627	5.8633523	4.882416	6.220428	7.1422787	5.4823065	6.4702425	6.7326155	5.6240854	7.163078	5.2690854	5.6609626	7.32037	4.968852	5.111395	5.562104	7.174091	5.701634	7.9705334	7.5257235	6.577426	5.506442	5.302978	5.083635	7.8632627	7.730827	5.5332603	8.011132	5.6657906	5.635596	5.4362245	5.6205697	6.105507	7.5393686
VEGFB_32839	3.7624195	3.6878698	3.1839569	3.9113815	1.9587818	3.8226066	3.5154157	3.531564	2.6995428	3.6661186	3.5795677	3.3587008	2.7439313	2.1818647	3.0110276	3.1256318	2.3981004	2.9391065	3.4387813	1.6252826	3.7408574	3.3471458	3.2257414	3.4953887	3.122376	2.8396301	3.3300724	2.8193185	2.7372885	3.3996527	2.9363732	3.198022	2.967741	2.9874854	3.4382432	3.8293307	3.6478724	3.3854282	2.8779507	3.9475968	3.9473164	3.4902585	3.4641607	3.2588525	3.7265353	2.8265579	4.071798	4.383164	3.1752434	4.000593	3.8571408
VGLL4_10152	4.375311	4.031601	4.5272	3.9113815	2.7601511	3.4179986	4.057699	3.6116695	2.905972	3.8959892	4.251255	4.119342	2.6006784	1.9373132	3.7772083	3.023864	2.636965	2.9391065	3.2650185	3.326985	3.9375708	3.8185487	3.7922184	3.5707264	4.1457686	2.5203478	3.8009534	3.047878	3.4488056	3.6939778	2.6266706	3.0559347	2.967741	4.703648	3.5178556	5.128505	4.7694445	4.268282	3.4435291	2.9904869	3.448644	4.781215	4.8957973	2.4022055	4.1618156	2.4777672	3.4754093	3.916409	3.6410902	4.218504	4.879149
VIM_10153	4.1011696	4.157063	5.1816163	3.3130789	3.5640745	3.5936723	3.595438	4.1832037	2.9990726	4.26847	4.041434	3.5462768	3.5563867	4.1103654	4.4247885	3.393861	4.058373	3.6250265	4.570675	3.2234385	4.791384	4.006783	2.8927681	4.654355	4.4299655	3.178435	4.439678	3.900535	3.539506	3.9934368	3.6815434	3.657633	3.5377576	4.174781	3.1690745	3.6237552	3.9762692	3.8933594	3.2430704	3.9475968	3.9045265	4.109333	3.2776825	2.951459	3.788687	3.9751415	4.849843	4.338161	3.9397032	3.812416	3.8083558
VKORC1L1_10156	5.5202723	5.1365104	5.4232535	6.0747385	4.9688754	5.9026413	5.439397	5.456678	4.7803383	5.83994	5.697927	5.378286	5.1110473	5.0980964	5.5073733	5.392909	4.904411	4.858544	5.221047	5.1315656	5.6198635	5.333679	4.7734933	5.2886386	5.37393	4.9246063	5.790242	4.5115843	4.7663426	6.084801	5.616557	5.2153263	5.363889	5.5499954	5.6844845	5.7844543	6.024197	5.896995	5.771651	5.070365	5.2971826	5.770742	5.2145143	5.589379	6.0628176	5.044063	5.6896486	6.185435	6.0903225	5.697437	5.8900285
VNN1_10157	5.158619	4.8937244	4.7003927	5.2247305	5.268111	5.006382	5.204421	5.343936	4.6994205	5.55602	5.750681	4.8819904	4.819067	4.68716	4.9710355	4.59596	4.3876204	5.4708896	5.016884	4.1996894	5.011177	4.867128	4.668027	5.868728	5.746118	5.2095604	5.4494114	5.499065	5.5778008	4.6713443	5.819082	5.4321604	5.796619	4.5479527	5.3781114	5.895377	4.835695	5.3240876	5.2630587	5.3974643	5.1943564	7.0540237	6.710208	5.494597	6.8037214	6.5219793	8.940486	7.8361216	9.21786	9.172733	8.579762
VPS28_10158	4.375311	5.074243	4.994639	4.7643704	5.2948856	5.261916	4.3621955	4.8445063	5.208422	4.9526534	4.4767704	4.388235	5.2375045	5.156497	5.153837	5.372352	4.80994	5.358121	5.335379	5.2679276	5.123209	4.7313266	5.440215	4.5465183	4.8062587	5.227913	4.523225	5.3570137	5.2687173	4.637135	5.8563857	5.2646127	5.195023	4.9965014	5.2440724	4.8103943	4.7351427	5.07724	5.506442	6.071842	5.6735873	5.066922	5.0782957	5.261168	5.0965776	5.6218333	5.792034	5.8747706	5.6701846	5.2551312	5.097908
VPS37A_10159	4.4163337	4.8694844	5.0275335	4.8939457	4.547009	5.0672064	4.4933076	4.332506	3.3913584	4.3221717	4.7077756	5.0150394	4.683437	4.7262454	4.3765597	3.9323316	3.574707	4.6823845	4.643507	3.5993342	4.572019	4.1198797	3.7236884	4.9078097	4.630346	4.0964723	4.848835	4.214827	4.649022	4.6713443	4.389879	3.3273613	3.5377576	4.335803	4.370112	4.2667212	4.5891457	4.4867115	4.3257575	4.13479	3.448644	4.297816	4.2528553	4.0806427	4.532545	3.927788	4.9418035	4.383164	4.973223	4.9548087	4.6491594
VPS72_10160	4.6055846	3.447053	3.831355	4.658931	2.4144073	3.7502577	4.315703	4.1832037	2.1691005	2.9218345	4.251255	3.3587008	1.1804214	2.1818647	3.4443936	2.6667733	2.1116846	2.663456	2.708643	2.713711	3.5130224	4.1198797	1.5499562	3.1471999	3.122376	1.9419785	3.504673	3.1498733	2.1835182	3.759049	2.7898166	3.0559347	2.8206856	3.6083453	2.9569383	3.6955848	4.1425314	2.8678937	3.3467786	2.072621	2.6802902	3.6371455	3.2776825	2.8324869	4.0135446	2.6036353	3.555222	2.8892338	3.2640922	2.911615	4.4085307
VTN_10161	9.573315	10.049786	9.893252	9.800403	10.162176	10.290262	9.721609	9.783178	10.113985	9.936157	9.508894	9.470874	10.401178	10.000021	9.70188	10.1630335	9.978677	9.798784	9.782635	9.928825	9.843821	9.610368	10.246036	9.694618	9.894331	9.994314	9.75591	10.319771	9.991134	9.757546	10.146012	10.452672	10.114545	9.603245	10.5296	9.748138	9.980567	10.062691	10.275491	10.950856	10.49503	10.1369	10.127162	10.301885	10.161734	10.692578	10.100697	10.543342	10.3488455	10.222797	9.670355
VWF_32396	3.4823647	4.9640923	5.1816163	4.1375628	2.7601511	3.7502577	4.4933076	4.551419	2.6995428	4.2126923	4.201591	2.889376	3.772339	2.8811386	4.047455	3.9323316	3.9295027	2.8078547	3.6655471	2.1619017	4.215484	3.8185487	2.4591324	4.3031607	4.9330125	3.252017	2.7702174	3.3344872	3.7054071	3.8809977	2.2317815	2.004529	2.967741	4.2167525	3.1690745	4.009233	4.2436	4.3596587	2.7323515	2.8900583	2.6802902	3.5655706	3.2776825	2.8324869	3.9605298	3.4125795	3.7027097	3.9763792	3.5731628	3.2451882	4.676601
WARS_33156	3.5576375	2.9880874	3.4974551	3.7834342	3.1603029	4.080398	3.743284	3.446748	2.4585645	2.6126575	3.4149964	3.2548962	2.6006784	3.2463703	3.1321692	3.023864	2.841842	3.0594068	3.1696014	2.3701787	3.7408574	3.52196	2.8927681	1.773262	3.2250526	2.5203478	3.7323904	2.0104735	2.8829715	3.3996527	3.1911995	2.6239645	2.2602103	4.086987	2.837896	3.8918242	3.9162993	3.6252677	2.3879235	2.7821121	1.8894439	3.4902585	3.2776825	2.5603254	3.1002145	2.6036353	3.9589443	3.7884288	3.6410902	3.2451882	3.7578633
WBSCR22_10164	3.7624195	3.6313283	4.3303432	4.2865996	4.0142226	4.0201387	4.1131234	4.705393	3.8063707	4.3739457	4.7429204	3.9301062	4.366648	3.537568	4.516664	3.815366	3.51607	4.0880117	3.8614638	3.5993342	4.16402	4.2247515	3.7236884	3.897724	4.7033043	3.6829114	3.1313937	3.9579048	3.854183	4.4915595	4.109979	4.0809665	4.014574	4.2167525	4.086562	4.485139	4.3830523	3.8933594	3.534197	3.996721	3.9473164	4.5779715	3.9744961	3.9722536	4.5684204	3.2679667	4.492514	4.142642	4.0437536	3.940554	4.4085307
WDR1_10165	3.0326717	2.9880874	3.831355	3.1146789	1.9587818	3.5936723	3.340682	3.6116695	2.5840793	3.3925493	3.7958171	3.1430392	2.8742359	2.3909085	3.4443936	2.5249715	3.6310537	3.1704433	3.4387813	2.3701787	3.3383183	3.1481903	3.7236884	2.9355001	3.7229755	2.9320772	3.2341504	2.3897877	3.0152833	3.554308	2.7898166	2.7213259	2.6569214	3.1694758	3.1690745	2.2557068	3.1193392	3.3854282	2.7323515	1.6496927	2.4615827	3.410797	3.0634718	2.4022055	3.522194	2.3398588	3.3011763	3.7884288	3.4268885	4.000593	3.7578633
WDR12_10166	3.318902	2.9880874	3.4974551	3.4029047	2.4144073	3.2179284	2.091197	2.1047523	1.9992051	2.4290519	2.462306	3.4555352	2.4416173	2.5734606	3.1321692	1.7560883	2.636965	1.8748931	2.2300112	2.552146	2.9088483	1.5686922	1.1924393	3.1471999	2.7615314	2.3960178	2.6264875	0.0	2.1835182	3.0294778	1.6862907	2.004529	2.967741	2.5356345	2.837896	2.4342844	2.7586064	2.737684	2.3879235	2.9904869	2.3383918	2.930607	3.174549	2.5603254	3.522194	3.0196002	3.8365083	2.6151845	2.6239195	2.0916321	2.65541
WDR43_10168	5.2747087	6.074042	6.393784	5.573184	5.5606346	6.0455284	4.892242	5.0879884	5.522525	5.663946	5.9888926	5.5634885	5.461352	5.73751	5.791102	6.0528893	5.3527403	5.51364	5.461596	5.3925066	5.1499085	5.5100365	5.183811	5.838562	4.9330125	5.33338	5.6670794	5.399047	5.2419558	4.9192286	5.5268536	5.474669	5.5850706	5.394112	6.188881	4.934336	5.414596	5.230354	5.771651	4.7928996	4.94271	5.509808	5.4969387	5.589379	5.889298	5.513738	6.115343	6.0663114	6.2833586	6.0497613	5.3402414
WDR61_10169	4.0499516	3.447053	4.102316	3.8488257	4.1376824	3.7502577	3.743284	3.68756	3.320974	3.4896183	3.8612514	4.2866096	3.5563867	3.6228914	4.4247885	4.091718	3.973751	4.0880117	3.9212723	3.9630284	4.313212	3.52196	3.2257414	3.3317733	3.9794827	3.971344	3.6604056	3.7133195	3.539506	3.759049	4.389879	3.657633	3.335922	3.9935026	4.0333714	3.9517226	3.7883198	4.1707234	3.4435291	4.5179744	4.144076	3.4902585	3.9117455	4.131929	3.5935724	3.7211092	4.4513865	5.1279006	4.3172674	3.2451882	3.7578633
WDR77_32860	1.483266	2.3110406	2.7828603	2.0677924	1.6624343	2.5470278	2.911122	2.3107724	1.9992051	2.2186248	3.3250897	2.1892972	0.7077145	0.77186805	3.4443936	2.914369	0.9628306	2.8078547	2.027206	2.552146	2.9088483	3.251095	2.075009	3.1471999	2.8921008	1.9419785	2.9009168	2.3897877	2.8829715	2.8013556	2.9363732	1.4443876	2.011671	2.887088	2.2295449	3.0961545	3.2219887	2.435626	2.570392	2.5384767	2.956486	3.2374017	2.8118143	2.2245977	2.7713106	2.1873605	4.1764603	3.6479805	2.8702326	2.6368403	3.5948293
WDTC1_10172	6.504469	6.39593	6.4063444	6.849118	5.6669426	6.451297	6.830751	6.7892222	5.3027477	5.980172	6.57116	6.2300744	4.851072	5.005808	5.9144597	5.5104537	5.8684497	5.71023	5.5776534	5.2416673	6.169143	6.690006	5.2090974	6.54687	6.188703	5.094254	6.930388	5.419613	5.7773542	6.7770424	5.1599956	5.7531576	5.9982896	6.3675704	5.9077983	7.149328	6.5434766	6.2232265	5.413955	5.6486483	5.735934	6.7970705	6.773338	5.8717523	7.2416854	5.545458	5.948017	6.685091	5.88152	5.603762	6.779997
WFDC2_10174	1.7631619	2.7956865	1.3048255	2.2723026	2.9062183	1.2534345	3.141831	3.0466177	1.5842559	2.6126575	3.1264923	2.7435865	2.2628205	2.5734606	2.3886938	1.9899611	2.3981004	2.1159258	2.027206	1.9183995	2.6341627	3.0373778	2.4591324	1.773262	2.617958	2.7408507	1.5561608	2.3897877	1.9388802	2.372859	2.7898166	0.5163865	2.967741	2.5356345	2.0267587	2.98588	2.2764814	2.053109	1.6401663	1.3803144	2.8701653	1.488839	3.4641607	0.0	1.1146706	2.719398	2.7428484	3.3179228	1.4443535	2.476957	3.0404751
XBP1_10179	7.7012486	4.9868054	6.176345	6.4980674	5.0961084	5.386482	6.132032	5.932688	4.208451	5.364553	6.0878897	6.5371327	5.137241	5.2126255	5.341408	4.323549	4.708847	5.3344693	5.5207915	4.494753	5.3928037	6.3852067	5.5232043	5.912826	6.50667	4.8788834	6.388935	4.586254	5.1868963	6.171013	4.787609	4.74535	4.6148157	6.3860817	4.326557	6.883207	5.61653	5.7527456	5.340479	4.2200017	3.9473164	6.6663175	6.8082094	4.0806427	5.971984	4.150392	5.211846	4.929807	5.8531594	5.4826813	6.779997
XDH_10180	8.609882	7.3787766	8.312434	8.116166	7.1025176	8.421512	8.078737	8.235597	6.7200494	7.8115683	7.782043	7.975462	6.712145	6.19304	7.419365	6.9616942	7.1588116	7.378513	7.672607	6.5672135	7.533238	8.014538	6.8261857	7.690362	7.764687	6.4465394	8.265057	6.821179	7.1352315	8.019825	7.0103426	7.160088	7.344119	8.040608	6.9325147	8.372309	7.744125	7.9539604	7.3262677	6.836636	6.5525775	7.5521708	7.735364	7.388412	8.087296	7.14116	7.3257947	7.7049003	7.1971765	7.188303	7.3478312
XPNPEP1_10181	2.8044732	2.4482956	2.9293032	3.7834342	2.9062183	2.7084813	3.24468	3.1575243	1.9992051	2.9218345	3.0159018	3.4555352	2.2628205	3.2463703	2.5711837	2.7958763	3.1031692	2.8078547	2.5660443	3.111882	3.5130224	3.251095	2.8927681	2.6873035	3.4953897	2.8396301	2.7702174	3.047878	2.7372885	3.0294778	2.7898166	2.6239645	2.6569214	2.7791781	2.4073083	2.2557068	1.1900772	3.2957203	3.0101936	2.7821121	2.6802902	2.930607	2.3260906	2.8324869	3.2840576	2.4777672	3.3909214	3.0089254	2.4829574	3.671778	3.474912
XPO1_32314	3.9417143	3.5111294	4.102316	3.4029047	3.6495402	4.2474017	3.8773775	3.531564	3.458468	3.4896183	4.096819	3.6316473	3.837692	3.7034492	4.274977	2.914369	3.787982	3.77313	4.1879597	3.326985	3.9375708	3.9467263	3.5760143	3.897724	4.47233	3.0189555	3.6604056	3.2451313	3.2482674	3.9934368	3.6815434	3.198022	3.335922	4.086987	3.4382432	3.6955848	3.7883198	3.7655318	3.8487759	3.896741	3.0379322	3.7053368	3.9117455	3.7926803	3.522194	3.7211092	3.8990247	3.4077816	3.8847218	3.671778	4.4085307
XPO7_10182	5.158619	4.5415487	5.059695	5.0128355	4.077273	4.616441	4.534491	5.1696496	4.1282835	4.9181933	4.810742	4.5283937	4.2752476	4.5192814	4.761664	4.7312627	4.3876204	4.4816837	4.570675	4.304893	5.0400114	5.020667	4.1464963	4.96478	4.9330125	3.7855976	5.218256	4.3917923	4.6891985	4.5661826	4.580281	4.520345	4.9692383	4.8706985	4.9886317	4.934336	4.6270533	4.4867115	4.3756533	4.2200017	4.1804013	4.6831694	4.8630033	4.706218	5.071795	4.378847	4.532502	5.1541033	5.170004	4.218504	4.70353
YKT6_10189	4.1011696	3.9414568	4.102316	3.4874642	3.2723231	3.9572527	3.9400225	4.016648	2.4585645	3.4896183	3.4996274	4.2329803	3.3920732	3.2463703	3.535067	3.5484548	2.841842	2.1159258	3.7990685	3.5141387	3.5130224	3.52196	3.2257414	3.2424362	3.8569224	3.100898	3.5846395	2.93812	3.923187	3.9383125	3.7623768	3.0559347	3.4403665	2.9874854	3.4382432	4.0645385	3.5721645	3.8933594	3.0101936	2.8900583	2.956486	3.410797	3.4641607	2.7028143	3.8482714	3.4797902	4.320462	3.3179228	3.9926662	4.218504	3.9043298
YME1L1_32545	4.5328355	4.379347	4.855005	3.8488257	4.077273	4.3970637	3.595438	4.741449	3.8063707	4.608145	3.65531	3.712247	4.4526014	4.1103654	4.798738	4.446643	3.973751	4.605421	4.2822084	3.326985	4.6858673	4.006783	4.1979237	4.654355	4.2948537	4.014271	3.9890227	4.3917923	4.9092603	4.0465326	4.624199	3.3879275	4.3723383	4.514691	4.0333714	3.8918242	4.0338454	4.3146935	4.3257575	4.84748	4.5292096	4.5779715	4.3026175	3.9722536	3.7265353	4.378847	5.000007	4.383164	4.745298	4.575076	4.9025793
YTHDF1_10190	5.8546762	4.510535	4.740627	5.573184	3.7302246	5.12557	5.098552	5.030861	2.5840793	4.03112	5.2377234	4.950048	3.7038848	3.1345942	4.4247885	4.5232325	4.354535	4.346329	3.8614638	2.3701787	4.572019	5.049507	3.0125036	5.2200937	4.5535	2.5203478	5.4915085	2.93812	4.112363	4.947421	3.6815434	3.2641406	3.8724551	4.5804653	2.837896	5.3224826	4.7694445	4.268282	3.4435291	3.334152	3.115025	5.369748	5.265593	3.587535	5.91739	3.6644573	3.3909214	3.7884288	3.8847218	3.031582	5.4713736
YWHAB_10191	6.0627766	5.429636	6.1467075	6.6433635	5.2948856	5.6870337	6.0912113	6.6912327	4.6428385	5.704953	5.9593134	6.4339604	5.137241	4.3292627	5.8802776	5.0226336	5.13622	5.866822	5.461596	4.7766476	5.9737663	5.906667	5.131869	6.2700653	5.9696035	4.510401	6.106947	5.126247	5.3461456	6.159008	5.572402	4.54715	5.3097672	5.9979987	4.9022617	6.6317987	6.2229366	5.769504	4.869225	4.9000707	4.5571055	6.493889	5.8038497	5.28402	6.4850183	5.044063	5.283899	5.3481746	5.7023377	5.524181	5.9587
YWHAH_10193	6.278379	5.793977	6.1909385	6.2901516	5.962454	6.22975	6.5283904	5.948199	5.227787	5.744827	6.243235	5.9599166	5.618366	5.678946	6.3107285	5.7682037	5.266436	6.0229416	5.8480244	4.7766476	5.9886336	6.112013	5.1051793	6.063882	6.367695	5.263932	6.6803727	5.5182624	6.0637693	6.4226956	5.572402	5.3122706	5.363889	5.872332	5.577073	6.3157845	6.271615	5.8504963	5.5286665	5.8085127	5.212011	6.4146333	6.1683593	5.2143483	6.20635	5.6657906	5.724591	5.7937536	6.2511163	5.603762	6.4148498
YWHAZ_10194	8.340943	7.9637117	8.345422	8.700502	7.7313013	8.103542	8.353595	8.508334	6.692437	8.008684	8.364819	8.253116	7.12592	7.2450113	8.421102	7.356496	7.2694497	7.665916	7.614914	6.764558	8.167157	8.684093	7.038556	8.093043	8.281955	7.2218237	8.550395	7.2693577	7.8666267	8.33465	7.4308467	7.075153	6.691346	8.1556635	6.9612794	8.394061	8.640072	7.9017086	7.254741	6.5544133	6.459569	8.18619	8.3316145	6.820831	8.494028	7.125505	7.359533	7.891684	7.8665996	7.721729	8.555948
ZDHHC6_10196	5.3612914	5.0091667	5.541846	5.53396	4.7922235	5.235658	5.4175487	5.390095	4.425254	4.809582	5.108945	5.275932	4.7528453	4.474071	5.034578	4.1889644	5.0561686	4.923396	5.0968685	4.882416	5.4795613	5.2860026	5.022013	5.53426	5.183061	4.3851724	5.532412	5.291575	5.0392876	5.1790576	4.580281	4.7683144	5.0037384	5.279969	5.1720743	5.3671594	5.3927565	5.155827	4.5157533	4.820448	3.8604286	5.1910257	5.338973	4.8961816	5.8015833	4.5132446	4.849843	4.8678265	4.919528	4.9848456	5.4072967
ZEB2_33022	2.1990027	1.7976378	2.9293032	1.1871207	3.6495402	1.6211139	2.4764907	1.8643311	1.3212922	2.4290519	1.8390311	2.581391	2.4416173	2.5734606	2.7331607	2.914369	2.5224707	2.8078547	2.708643	1.9183995	2.6341627	1.2084577	2.4591324	2.38735	2.8921008	2.6348078	2.7702174	2.8193185	2.7372885	2.8013556	2.9363732	0.8958736	2.8206856	2.0700042	2.5655518	2.5931726	2.6150863	3.3854282	2.570392	1.0488179	1.70226	1.488839	2.1194797	2.7028143	3.1002145	3.0196002	2.4405787	1.8332981	2.6239195	2.0916321	2.4159133
ZFP110_10199	3.7624195	3.987233	4.22083	2.7541187	3.6495402	3.1064248	2.091197	2.3107724	2.8064463	2.9218345	3.65531	2.889376	3.5563867	3.537568	3.243922	4.040521	3.1031692	4.0880117	4.1384206	3.111882	3.5130224	2.786402	4.1464963	2.9355001	4.0370674	3.3887968	3.2341504	2.93812	3.4488056	3.1312993	3.5048723	2.8983095	3.628988	3.2525284	4.370112	3.1985953	2.8891323	3.8308609	4.4238806	3.7893128	3.448644	3.2374017	3.5490766	3.3483052	3.1950624	3.6644573	4.0164742	3.4077816	3.7680426	3.5159345	3.1225834
ZFP131_10200	3.4029472	2.4482956	3.0622413	2.2723026	2.597612	2.853671	2.6363633	3.7596574	2.3210802	3.0546732	3.0159018	2.1892972	2.99374	1.2719984	3.4443936	3.1256318	1.5351875	2.9391065	2.838406	0.76129264	3.1395056	3.251095	2.2798173	3.415899	2.617958	2.5203478	3.0207527	3.1498733	2.3926249	2.6721666	1.6862907	2.1515164	2.6569214	2.3964808	2.5655518	2.98588	2.6150863	3.200062	3.0101936	1.6496927	1.8894439	2.5404441	3.0634718	2.5603254	2.6425977	2.719398	3.4754093	2.0718946	3.0805616	3.2451882	2.1285868
ZFP318_10202	3.8246934	4.379347	3.9731874	3.4029047	3.3762684	3.8915	3.141831	3.8938673	3.0865276	3.4896183	3.4996274	3.712247	2.6006784	2.1818647	4.8348827	3.815366	3.391122	3.9074347	3.5183966	1.9183995	3.8094523	3.7499197	3.7236884	4.06339	4.0924416	2.9320772	4.2564993	2.5476058	3.781712	3.9934368	3.5048723	2.8983095	3.628988	4.2972007	2.9569383	4.2667212	4.1425314	4.403265	3.0101936	2.7821121	2.6802902	4.252953	4.397271	2.951459	4.5684204	2.9263053	4.0164742	3.7884288	3.5018787	3.2451882	4.1195726
ZFP354A_10203	3.697336	4.1164427	3.831355	5.5924034	2.9062183	2.7084813	2.4764907	5.271804	3.8063707	3.8959892	2.8961248	3.0217755	2.7439313	2.7354863	4.1656966	3.2206914	3.0212092	4.4379616	3.067424	2.8589911	3.0287817	3.251095	3.0125036	4.688581	2.8921008	2.109709	4.2564993	3.047878	3.4488056	3.6939778	2.7898166	4.5734663	3.1011837	3.4763536	5.1720743	3.9517226	3.4922628	3.7655318	3.1313257	2.2451668	3.448644	4.781215	4.5285373	3.4325337	3.2840576	4.0654263	4.1764603	3.9763792	4.358206	3.5159345	3.474912
ZFP36_10204	4.289591	4.2350254	4.432127	4.658931	1.6624343	3.5085077	4.450914	4.016648	3.6994612	3.580566	3.4996274	3.6316473	3.30232	2.1818647	4.603037	2.6667733	3.51607	2.8078547	3.5938473	3.4235945	4.110652	4.0644393	3.321599	4.258289	4.630346	3.0189555	4.10203	4.01308	4.052019	4.412865	2.9363732	4.043804	2.967741	4.445774	3.1690745	3.8918242	4.66399	4.010777	3.3467786	2.7821121	3.1882064	5.390609	4.3026175	3.512115	3.7265353	3.6644573	4.0164742	3.7884288	3.4268885	3.4312084	3.9500241
ZMIZ1_10210	4.978596	5.379021	5.651426	5.3654413	4.455044	5.8858547	5.1786733	5.5203233	3.6994612	4.846702	5.333061	4.8819904	4.22728	3.4468794	5.1249337	4.446643	4.451598	5.1298494	4.712838	3.9630284	5.1499085	5.2615604	4.3420444	5.677477	5.1311197	4.174241	5.8561707	3.7784617	4.649022	5.4591317	4.389879	3.966478	4.318538	4.9722033	4.570107	5.102316	5.635252	5.1810994	4.3756533	3.6114979	4.0292673	4.8430624	5.3149257	3.9148438	5.6756635	4.665346	4.849843	4.8991494	4.7140985	4.724974	4.879149
ZWINT_10214	5.482139	5.7679863	6.101078	5.8536353	6.441255	5.6870337	5.767672	5.4348235	5.740427	5.663946	5.6244464	5.5193686	6.0765495	6.1361294	5.6152225	6.4263773	4.9270926	6.122971	5.8633523	5.7868752	6.156032	5.9378533	6.028335	5.853724	5.728748	6.083098	5.685331	5.4796085	6.2227674	5.758662	6.4268374	5.916257	5.1025486	5.4998827	5.8929443	5.7170177	5.4573073	6.028124	5.3653893	6.203215	5.660788	5.688898	5.134336	4.8961816	6.294672	5.9288993	6.5251684	6.6018677	6.375974	5.7853985	6.055942
