Williams Trend Test
Data Source: P2_Perfluoro_3_methoxypropanoic_acid_Male_Kidney-expression1
Work Source: null
BMDExpress3 Version: BMDExpress 3.20.119 BETA
Timestamp (Start Time): 12/14/2025 07:34.08
Number of Permutations: 10000
Unadjusted P-Value Cutoff: 0.05
Multiple Testing Correction: false
Filter Out Control Genes: true
NOTEL/LOTEL Test: T-Test
NOTEL/LOTEL p-Value Threshold: 0.05
NOTEL/LOTEL Fold Change Threshold: 2.0
Total Run Time: 15 seconds

Chip: BioSpyder S1500_Rat
Provider: BioSpyder

=== Experiment Description ===
Experiment Type: in vivo
Test Article: Perfluoro-3-methoxypropanoic acid | CAS: 377-73-1 | DSSTOX: DTXSID70191136
Subject Type: in vivo
Species: rat
Strain: Sprague-Dawley
Sex: male
Organ: kidney
Article Route: oral
Article Vehicle: feed
Administration Means: dietary
Study Duration: 28d
Platform: BioSpyder S1500+ Rat
Provider: BioSpyder
Article Type: chemical
Chip File Creation Date: 10/31/24
Log Transformation: NONE
BMDExpress3 Version: BMDExpress 3.20.119 BETA
Timestamp: 12/14/2025 07:06.33

Probe ID	Gene ID	Gene Symbol	Unadjusted P-Value	Adjusted P-Value	Max Fold Change	Max Fold Change Unsigned	FC Dose Level 1	FC Dose Level 2	FC Dose Level 3	FC Dose Level 4	FC Dose Level 5	FC Dose Level 6	FC Dose Level 7	FC Dose Level 8	FC Dose Level 9	NOTEL/LOTEL T-Test p-Value Level 1	NOTEL/LOTEL T-Test p-Value Level 2	NOTEL/LOTEL T-Test p-Value Level 3	NOTEL/LOTEL T-Test p-Value Level 4	NOTEL/LOTEL T-Test p-Value Level 5	NOTEL/LOTEL T-Test p-Value Level 6	NOTEL/LOTEL T-Test p-Value Level 7	NOTEL/LOTEL T-Test p-Value Level 8	NOTEL/LOTEL T-Test p-Value Level 9	NOTEL	LOTEL
AARS_7935	292023	aars1	0.03464566929133858	0.07961304436202331	1.0915898	1.0915898	1.0323355	1.0095824	1.0640309	-1.0039446	-1.0464158	1.0317262	1.0177177	1.0073144	1.0915898	0.3416566	0.81043696	0.09646337	0.9283681	0.33971807	0.34523445	0.5416541	0.8876302	0.044516895			
AASS_7936	296925	aass	0.003218020917135961	0.01945831275945941	-1.0619024	1.0619024	-1.0148039	-1.0133622	-1.0171405	-1.011585	-1.0116583	1.0192423	-1.0154296	-1.0056226	-1.0619024	0.07431313	0.1614839	0.4135252	0.43937084	0.37367284	0.26713446	0.26027206	0.7190441	0.05723552			
AATF_32691	114512	aatf	0.022850270595309682	0.05987026298728346	1.1190053	1.1190053	1.0202628	1.0277561	-1.0456804	-1.0094508	1.0030841	-1.0176591	-1.0149184	-1.021644	1.1190053	0.51251394	0.5893536	0.4340913	0.8044983	0.9420248	0.70296717	0.80508494	0.54216295	0.07635761			
ABCB11_33142	83569	abcb11	0.01993289915137162	0.05447415589998135	-1.422623	1.422623	1.0992026	1.1145113	1.2122184	-1.0167211	-1.422623	-1.2385657	-1.0228264	1.1397756	1.4086506	0.59700173	0.5352005	0.30902657	0.9230051	0.08437594	0.33658752	0.91897994	0.4792697	0.040589027			
ABCB1B_7939	24646	abcb1b	4.012841091492777E-4	0.007576131577848074	2.0736952	2.0736952	1.449976	1.3038822	1.4840697	1.2593238	1.4114925	1.242912	1.4335243	1.3220639	2.0736952	0.13430549	0.19998078	0.09130269	0.36346552	0.14102378	0.34912348	0.18179679	0.34930718	0.0015081078	100.0	300.0	
ABCC1_32904	688708	abcc1-ps1	3.9816842524387816E-4	0.007576131577848074	1.1798106	1.1798106	1.0402353	1.0470977	1.1273863	1.0008855	-1.0135106	1.0350332	1.0778443	1.0241827	1.1798106	0.3022984	0.2887396	0.016513642	0.9882901	0.7519349	0.31256795	0.05103169	0.5873363	0.0023809078			
ABCC5_7942	116721	abcc5	3.997601439136518E-4	0.007576131577848074	1.5262547	1.5262547	1.1274388	1.0744212	1.4587723	1.2949976	1.097229	-1.0649744	1.1731992	1.1617001	1.5262547	0.27607867	0.68868196	0.0104213925	0.18361922	0.37378043	0.583824	0.17281722	0.14974734	2.4000701E-4			
ABCF1_7945	85493	abcf1	0.004757185332011893	0.02330743618201998	1.10629	1.10629	1.0046128	-1.0160769	1.0450157	1.0055461	-1.0466635	-1.037585	-1.006374	-1.0127395	1.10629	0.89817876	0.6633296	0.25414807	0.87923336	0.27637547	0.24648297	0.8347647	0.7542375	0.023641407			
ABCF3_7946	287982	abcf3	0.0024247322691452818	0.016738203726452724	1.1547867	1.1547867	-1.0025837	-1.010103	1.0594703	1.0041004	-1.0122201	-1.0092437	1.0125502	1.0271403	1.1547867	0.9358063	0.76024526	0.25556192	0.8965141	0.65514106	0.7243162	0.72673184	0.43732563	0.048693664			
ABHD1_7949	313917	abhd1	0.0021982414068745003	0.016358505080864463	1.2393519	1.2393519	1.0009426	-1.0290915	1.0834124	1.0133047	-1.0426878	-1.0306919	1.0066133	1.0682292	1.2393519	0.97834104	0.5068064	0.41321182	0.826349	0.41516	0.56859326	0.8679208	0.19797465	0.061477903			
ABHD4_7950	364380	abhd4	0.017374136229022705	0.05045327769563362	1.2193468	1.2193468	1.0445623	1.0127176	1.1447585	-1.0590293	-1.1621922	-1.0111383	1.0076873	-1.0117606	1.2193468	0.5071195	0.82882404	0.06948302	0.6042777	0.27237943	0.8611888	0.8880952	0.90394515	0.026954886			
ABL1_7952	311860	abl1	0.005393527766679984	0.024603687195851105	1.2633761	1.2633761	1.0289568	-1.0004312	1.122561	-1.0301208	-1.0206828	1.0597606	1.0587696	1.0059009	1.2633761	0.58708763	0.9958407	0.1275209	0.7475375	0.8331051	0.2516538	0.31710166	0.94807357	0.01874715			
ACAA1A_7954	24157;501072	acaa1a;acaa1b	2.0016012810248197E-4	0.005244396776076087	1.278605	1.278605	-1.0217288	-1.0209997	-1.0181471	-1.0066301	-1.0009576	1.0226835	1.0847006	1.18791	1.278605	0.3246213	0.42091563	0.46563637	0.83358234	0.9707121	0.3829177	0.029504228	0.0019544475	1.3508364E-5			
ACACA_32532	60581	acaca	0.001576976148235758	0.014071133281668646	1.2004883	1.2004883	1.0302607	1.0190535	1.1056483	-1.0325787	-1.0747708	1.0504205	1.0610943	1.0240722	1.2004883	0.5437413	0.75006586	0.0689553	0.686851	0.41195044	0.30627695	0.23726809	0.72733676	0.0046492363			
ACADL_32776	25287	acadl	0.0316950852557673	0.07518631995868699	1.0942568	1.0942568	-1.0469898	-1.016422	-1.0105618	-1.0031688	-1.0549451	-1.0482415	-1.0202911	-1.0393984	1.0942568	0.4419306	0.7100679	0.81780565	0.9550404	0.37197155	0.38812932	0.694306	0.56512976	0.084959164			
ACADM_7957	24158	acadm	2.0012007204322593E-4	0.005244396776076087	1.1060447	1.1060447	1.0012785	-1.0023336	1.0503082	1.0192505	-1.0058354	1.0192416	1.0324988	1.047882	1.1060447	0.93911517	0.9024337	0.099908784	0.38718662	0.64707667	0.22400868	0.06351647	0.045568746	0.0018346156			
ACADVL_7960	25363	acadvl	6.024096385542169E-4	0.009340324921578725	1.0962015	1.0962015	1.0030911	-1.0041176	1.0379908	1.0005966	-1.0182148	1.0168635	1.0174471	1.031853	1.0962015	0.8736683	0.84088045	0.18134743	0.97926545	0.29873565	0.4533652	0.3982307	0.22932954	0.018716186			
ACAT2_7961	308100	acat2	5.998800239952009E-4	0.009340324921578725	1.0818093	1.0818093	-1.003091	-1.005391	1.0146611	-1.0218441	-1.0382392	1.0057507	-1.0065458	-1.0131116	1.0818093	0.9083216	0.8383619	0.5770536	0.37879604	0.27012545	0.8122346	0.82116294	0.69283617	0.01712092			
ACBD3_7962	289312	acbd3	0.002578341927806426	0.017333958919820668	1.2538462	1.2538462	1.110634	1.0139302	1.1535237	1.0359154	-1.0153052	1.0798672	1.0495687	1.0307491	1.2538462	0.14308293	0.84643406	0.04199406	0.5729749	0.87037593	0.36381865	0.5450306	0.72765976	0.0014445898			
ACD_7963	307798	acd	0.04375126595098238	0.09408529211113867	1.0546345	1.0546345	-1.0350939	-1.0073111	-1.0080442	-1.0141035	1.0065049	1.0017787	1.0320894	1.001545	1.0546345	0.26721933	0.8040223	0.7956997	0.6344954	0.81525445	0.95529467	0.32632	0.9687297	0.12789215			
ACMSD_32377	171385	acmsd	6.048387096774194E-4	0.009340324921578725	1.215031	1.215031	1.0279979	1.106104	1.0033396	1.0306267	-1.0609864	1.0042632	1.0388274	-1.0400383	1.215031	0.45713368	0.024564054	0.9487063	0.3334715	0.3056072	0.9519292	0.43621862	0.4314319	0.03317435			
ACO1_7966	50655	aco1	3.9872408293460925E-4	0.007576131577848074	1.1902287	1.1902287	1.0384775	1.0216184	1.0927955	1.0085537	-1.0037473	1.0259103	1.0524068	1.0600464	1.1902287	0.29786766	0.6611799	0.102156065	0.8589393	0.9176383	0.46901944	0.11822025	0.22971132	0.0064595514			
ACO2_7967	79250	aco2	2.011667672500503E-4	0.005244396776076087	1.0639356	1.0639356	-1.0056341	-1.0174099	-1.0020717	-1.0047766	-1.0137924	-1.0126976	1.011622	1.0281562	1.0639356	0.6655711	0.3415116	0.8647166	0.7788659	0.29004773	0.41337344	0.45899668	0.03699894	0.002827566			
ACOT1_7968	50559	acot1	0.0038283296393310496	0.020711496314768846	1.0766261	1.0766261	1.0093192	-1.0041893	1.0296727	1.0130757	1.009636	-1.0127475	1.0013679	1.0302069	1.0766261	0.51126444	0.8484377	0.39554444	0.40364116	0.55029947	0.4178809	0.9189932	0.21628627	0.015816487			
ACOX1_7973	50681	acox1	6.004803843074459E-4	0.009340324921578725	1.0710629	1.0710629	-1.0036169	-1.0105206	1.0044235	-1.0051986	-1.0202485	1.0055134	1.0165868	1.0377483	1.0710629	0.7667669	0.44656253	0.6995667	0.7428075	0.14051495	0.7096883	0.17266965	0.0068015438	0.07181893			
ACOX2_32902	252898	acox2	0.025186379206125327	0.0638460311514867	-1.3086296	1.3086296	-1.3086296	-1.1088326	-1.0149369	-1.0265968	-1.2539024	-1.1886252	-1.0702102	-1.2288026	1.253183	0.3183767	0.39356023	0.9350462	0.8416357	0.115632	0.23715025	0.59998137	0.09505231	0.049991667			
ACTA2_33040	81633	acta2	8.131734092295182E-4	0.01042891868579942	1.3161215	1.3161215	-1.0415859	1.075273	1.0668789	1.0034612	-1.0630926	-1.000733	-1.028382	-1.0743488	1.3161215	0.6404222	0.23862943	0.362054	0.9538937	0.42276746	0.9936562	0.6567615	0.46704933	6.79276E-4			
ACVRL1_32420	25237	acvrl1	0.0022070626003210273	0.016358505080864463	1.2129822	1.2129822	1.0055214	1.0342782	1.0507262	1.004724	1.0199177	-1.058227	1.0472058	-1.0067993	1.2129822	0.9193261	0.4375333	0.19761612	0.94288325	0.61553943	0.45871904	0.42265478	0.8597675	0.040708303			
ADCK3_7987	360887	coq8a	0.043764988009592325	0.09408529211113867	1.3973559	1.3973559	1.2344378	1.2420131	1.2794108	1.1430683	1.1221673	1.1959478	1.1015525	1.1557943	1.3973559	0.16048917	0.23088925	0.120772764	0.44721332	0.6346697	0.2573846	0.6099558	0.44209814	0.12050736			
ADCY4_7988	54223	adcy4	0.016215147320545777	0.04830494034932488	1.8487412	1.8487412	1.256256	-1.2242894	1.6984736	-1.4230475	-1.2241482	1.2179416	1.040962	1.315125	1.8487412	0.44404304	0.66033614	0.06329277	0.4890879	0.6807243	0.50108254	0.90147316	0.351189	0.051804215			
ADH5_7991	100145871	adh5	1.9936204146730463E-4	0.005244396776076087	1.0779533	1.0779533	1.0038933	1.0164633	1.0407492	1.0031626	1.0095288	1.0115407	1.015507	1.0284641	1.0779533	0.6347256	0.07801784	0.09300154	0.8302613	0.22684239	0.27518743	0.14000621	0.12026553	0.013457778			
ADHFE1_7993	362474	adhfe1	0.003630496167809601	0.020469726352079293	1.0485241	1.0485241	-1.0034719	-1.0018398	1.001975	-1.0056217	-1.0139178	1.00553	1.0134966	1.010981	1.0485241	0.84175044	0.88459754	0.86283815	0.6631789	0.3872447	0.78998405	0.45244887	0.28541392	0.021155054			
ADM_33168	25026	adm	0.012065439672801636	0.0397659489859683	-1.1397392	1.1397392	-1.0260029	-1.0177399	-1.1334466	-1.1356345	-1.0253178	-1.039719	-1.1397392	-1.0185378	1.1389606	0.59552693	0.71437114	0.17161301	0.043031737	0.766847	0.5121479	0.068905696	0.64262843	0.14915739			
ADO_7995	309732	ado	0.012438302073050345	0.040414352826930684	1.5657005	1.5657005	1.0255721	1.1266326	1.3201232	1.1182928	1.0975242	-1.1564293	1.2675204	1.2604941	1.5657005	0.8731626	0.59697646	0.15555048	0.5633779	0.6463394	0.5525222	0.22481416	0.28101605	0.027531499			
ADRB2_7997	24176	adrb2	0.03367614438394838	0.07839429176893467	1.1900489	1.1900489	1.0014732	1.1141003	1.0722402	-1.0006694	-1.0724394	1.034943	1.0925752	-1.1785469	1.1900489	0.98406214	0.14293195	0.2994452	0.9938187	0.5519212	0.7411773	0.31000644	0.15601063	0.04538711			
ADSL_32625	315150	adsl	9.97207818109294E-4	0.011001615776151587	1.154857	1.154857	1.0007585	-1.0160813	1.0614265	-1.0227253	-1.0567323	-1.0075966	-1.0031717	-1.0437243	1.154857	0.97711545	0.64396864	0.13549046	0.5441328	0.2691237	0.71202856	0.94088537	0.38034937	0.007276413			
AGL_8002	362029	agl	2.0374898125509371E-4	0.005244396776076087	2.8711295	2.8711295	1.217658	-1.147597	1.038	-1.1541737	-1.3455905	1.1783307	1.6370326	-1.1871321	2.8711295	0.44225186	0.76318437	0.9371941	0.7038026	0.48963577	0.5804121	0.1269716	0.5921724	7.399118E-6	100.0	300.0	
AGRN_33146	25592	agrn	5.990415335463259E-4	0.009340324921578725	1.2636198	1.2636198	1.0799369	1.0641028	1.2061968	1.0434214	-1.0010763	1.0639946	1.0953869	1.0586325	1.2636198	0.20610905	0.44611737	0.017739069	0.6173037	0.98908544	0.25727358	0.20204277	0.44397354	0.009453204			
AHNAK_32407	191572	ahnak	0.0028	0.0179577193117815	1.11976	1.11976	1.0216621	1.0294282	1.0845089	1.0166711	-1.0121082	1.0103027	1.0242339	-1.0220265	1.11976	0.39250368	0.43017572	0.020546013	0.74239606	0.75995505	0.73466045	0.37404135	0.5733177	0.0108984			
AKAP8_8008	116633	akap8	4.0160642570281126E-4	0.007576131577848074	1.1714035	1.1714035	-1.001103	-1.018152	1.0719304	-1.0071832	-1.0282956	-1.0203199	1.0414381	1.0019886	1.1714035	0.9778783	0.7016839	0.10799848	0.8848735	0.5040931	0.5502946	0.3055241	0.96279436	0.0024628837			
AKAP8L_8009	299569	akap8l	2.014098690835851E-4	0.005244396776076087	1.1992651	1.1992651	1.0410821	1.0258586	1.1217437	1.0198147	-1.0036974	-1.0052422	1.0392789	-1.0097913	1.1992651	0.3337166	0.59493446	0.014007784	0.67928904	0.94652635	0.891839	0.42703184	0.8336183	0.00228399			
AKR7A2_8014	171445	akr7a2	0.012522722682286406	0.04052186265479216	1.091059	1.091059	1.0090867	1.0071033	1.0409112	-1.0287584	-1.0343498	1.0126051	-1.0210611	1.0142459	1.091059	0.6208353	0.71855617	0.27833584	0.22068736	0.20300157	0.4142655	0.3890464	0.5884134	0.13823232			
AKT1_8016	24185	akt1	0.0035870864886408927	0.020469726352079293	1.0801587	1.0801587	-1.0003055	-1.0000186	1.0478449	1.0008303	-1.0222456	1.0003834	1.0139793	-1.0048276	1.0801587	0.988078	0.9994242	0.05438714	0.97912776	0.46747476	0.9865041	0.5349275	0.81935716	0.009663856			
ALAD_8017	25374	alad	0.003790901835594573	0.020711496314768846	1.223826	1.223826	1.0942266	1.0102516	1.1198598	-1.0082308	-1.0770866	1.0620096	1.0251569	1.0635244	1.223826	0.047583256	0.8673945	0.15806265	0.88641334	0.32878968	0.14126307	0.63355935	0.43582332	0.027413491			
ALAS1_8018	65155	alas1	0.0016223889677550193	0.014072460829005495	1.1333994	1.1333994	-1.0014817	-1.0186166	1.0190282	1.0076352	-1.0162201	-1.0329118	-1.0222317	1.0422724	1.1333994	0.97740257	0.54795796	0.5737107	0.77592605	0.72741354	0.39838788	0.46422568	0.14146447	0.010124285			
ALDH1A1_8022	24188	aldh1a1	0.019768370607028754	0.054221217909891435	-1.0610818	1.0610818	-1.0348423	-1.0301155	-1.0610818	-1.0085652	1.002504	-1.0216697	-1.0136104	1.039517	-1.0048153	0.011797869	0.02619527	0.035959024	0.6122603	0.81833977	0.16901442	0.6138999	0.12071953	0.64947			
ALDH1L1_32662	64392	aldh1l1	0.0019774569903104606	0.015836148648648646	1.1283126	1.1283126	1.0565522	1.0071481	1.0255669	-1.011071	1.0508293	1.0467477	1.0573592	1.0281029	1.1283126	0.09230354	0.8041409	0.47639218	0.7461699	0.07536735	0.25357187	0.25430843	0.35307932	0.0012235555			
ALDH4A1_8025	641316	aldh4a1	0.020750988142292492	0.05624758334765424	1.2379146	1.2379146	1.1129757	-1.0034925	1.1461185	-1.0363145	-1.1306049	1.0831311	1.029719	-1.0115178	1.2379146	0.18233396	0.9717868	0.07526815	0.72217125	0.2970286	0.40449145	0.769837	0.92308134	0.01714065			
ALDOA_32991	24189	aldoa	0.0264	0.0656708229426434	1.0725156	1.0725156	1.0021265	-1.0122057	1.0336753	-1.0072236	-1.0141579	-1.0199741	-1.0003959	1.004721	1.0725156	0.936941	0.7250769	0.24753103	0.82742494	0.6105871	0.4117867	0.98808104	0.8794935	0.09607816			
ALDOA_8031	24189	aldoa	0.02576808721506442	0.0646814153509866	1.0620079	1.0620079	1.0066035	-1.003596	1.0352302	1.0008506	-1.0247089	1.004481	1.0040642	1.016359	1.0620079	0.7301801	0.89198333	0.15540127	0.97243094	0.24495496	0.8030055	0.87789136	0.61996925	0.069464654			
AMACR_8038	25284	amacr	0.014084507042253521	0.04356370782836554	1.0306153	1.0306153	1.0051789	-1.0100456	1.0238214	1.0062785	1.0017803	-1.0021613	1.0127753	1.0234904	1.0306153	0.6206666	0.1130867	0.22193864	0.48632267	0.849047	0.82702535	0.112627074	0.042715166	0.029124565			
AMBP_33085	25377	ambp	0.02590157401872883	0.06479044340959708	-1.8145225	1.8145225	1.0164493	-1.0763314	1.3373303	-1.082758	-1.2349614	-1.8145225	1.1369249	-1.2946181	1.464815	0.92634785	0.7916891	0.12900989	0.5656963	0.14393191	0.04786788	0.4703413	0.23781535	0.091534525			
ANXA1_33262	25380	anxa1	0.008665860540104797	0.033056198427359594	1.1483855	1.1483855	1.0475186	1.0743917	1.0819322	1.0080372	-1.0232117	1.0597898	-1.0006298	-1.0010587	1.1483855	0.2695186	0.12491379	0.13001308	0.88106865	0.6375135	0.42954382	0.98704094	0.9835438	0.012958515			
ANXA4_32944	79124	anxa4	0.00819672131147541	0.03170557749929259	1.0887102	1.0887102	1.0098189	1.0200075	1.0505414	1.0059383	-1.0205631	1.0168152	1.0082084	-1.0033162	1.0887102	0.6775062	0.55627054	0.16305335	0.8756308	0.42653096	0.54294086	0.85106736	0.9088897	0.024314497			
ANXA7_8051	155423	anxa7	0.018544366899302094	0.05238314529127331	1.1518325	1.1518325	-1.0887992	-1.0460736	1.0334848	1.0077739	-1.0131222	-1.0031521	1.0526621	-1.0805222	1.1518325	0.36281538	0.59825104	0.6592458	0.9242817	0.85610646	0.95972943	0.58300894	0.42799586	0.08590015			
APCS_8057	29339	apcs	0.03363914373088685	0.07839429176893467	-1.1899508	1.1899508	-1.0382612	1.0278889	-1.1671197	-1.12047	-1.0387002	-1.0223923	-1.0447606	-1.0595484	-1.1899508	0.41049197	0.44199353	0.23597951	0.026649	0.3186923	0.30117196	0.12713645	0.05538883	0.13832869			
APEX1_8058	79116	apex1	0.017954407908008875	0.0514641433570082	-1.0909286	1.0909286	-1.0533376	-1.0909286	-1.0878894	-1.0514256	-1.0470026	-1.019747	-1.0288091	-1.0500581	-1.0278308	0.006903845	4.9617556E-6	0.004710441	0.10549051	0.024059433	0.13567428	0.015099495	0.016885495	0.25521648			
APOA2_33095	25649	apoa2	0.017529555646147575	0.05068328045516581	-1.3732194	1.3732194	-1.1962358	-1.2398988	1.0019253	-1.0551872	-1.3464851	-1.3732194	-1.2037544	-1.2820516	1.2027309	0.19053939	0.091290675	0.987738	0.55966157	0.01220603	0.0029801049	0.28127825	0.006947657	0.36303806			
APOE_8064	25728	apoe	0.027517447657028914	0.06769088542018827	-1.0680846	1.0680846	-1.0165987	-1.028619	-1.0587837	-1.0046908	1.0011209	-1.0147339	-1.0415989	-1.0300655	-1.0680846	0.60817397	0.28460366	0.066971794	0.9087428	0.9700768	0.60809183	0.17474343	0.36888665	0.038335662			
APP_8067	54226	app	0.02524349035976943	0.06390959805550762	1.1103235	1.1103235	1.0418688	1.0069729	1.0753025	-1.0046382	-1.0359395	1.035591	1.0335381	1.0067513	1.1103235	0.29749525	0.87888986	0.09290804	0.9244512	0.47816268	0.4564313	0.44855443	0.8994603	0.06155646			
APPBP2_8068	303396	appbp2	0.026869861640264687	0.06646287074213428	-1.0324048	1.0324048	-1.009117	-1.0239367	1.0093348	-1.0056585	-1.0092247	-1.0081493	-1.0167556	-1.0324048	1.0229486	0.43667585	0.039313246	0.3910343	0.6518776	0.5849079	0.38386503	0.348246	0.014898807	0.26284376			
AQP2_32968	25386	aqp2	0.002594810379241517	0.017333958919820668	1.605855	1.605855	1.0726055	-1.0119467	1.340625	1.0826977	-1.0372276	1.0575693	1.1717985	1.0848603	1.605855	0.57293856	0.9501701	0.07732938	0.69455564	0.8289237	0.66644233	0.33741695	0.5245473	0.018680671			
AR_32869	24208	ar	0.019211725094078036	0.053232488281507895	1.051984	1.051984	1.0145195	1.0183543	1.051984	1.0003983	-1.0167322	1.031202	1.0208412	-1.0206282	1.0505086	0.547622	0.3536422	0.05377471	0.9866784	0.47198376	0.2376171	0.39142135	0.4270897	0.03203059			
ARCN1_8074	300674	arcn1	1.9976028765481422E-4	0.005244396776076087	1.0732857	1.0732857	1.0038466	-1.0086435	1.0303771	1.0097244	-1.0001451	1.0091107	1.0143604	1.0129181	1.0732857	0.7788971	0.64111567	0.07368693	0.5032985	0.98888457	0.31777954	0.35266474	0.425172	0.0010783592			
ARFIP2_8077	293344	arfip2	0.006747370510021829	0.028102305151343526	1.1426889	1.1426889	1.02644	1.0129026	1.0906963	1.0065559	-1.0646502	1.0019819	-1.0182656	-1.0033901	1.1426889	0.41409826	0.79440063	0.09302318	0.89729947	0.36032355	0.9517859	0.63155675	0.92929953	0.018487213			
ARG1_33267	29221	arg1	0.04034524287434765	0.0890362384229243	-1.2674084	1.2674084	-1.0691799	-1.0442785	1.0719584	-1.01667	-1.2674084	-1.1524992	-1.1610568	-1.1424814	1.259447	0.5189001	0.75037616	0.650369	0.899117	0.16245745	0.14260107	0.116959445	0.30787396	0.21741143			
ARHGAP1_8078	311193	arhgap1	0.004761904761904762	0.02330743618201998	1.1372209	1.1372209	-1.0215898	-1.0035865	1.0898302	1.0064635	-1.0330822	1.0469594	1.027056	1.0173205	1.1372209	0.5110433	0.9407255	0.08351133	0.87856203	0.6478128	0.18871729	0.5531546	0.6925904	0.017045517			
ARHGAP11A_8079	296060	arhgap11a	0.0014127144298688194	0.0130935582318774	1.3738763	1.3738763	1.08155	1.1501851	1.1192832	1.1389428	1.0532423	1.2143657	1.123939	-1.1980033	1.3738763	0.22988328	0.04417796	0.15187731	0.16968766	0.48133272	0.040130705	0.0585094	0.37489337	0.0060892613			
ARHGAP9_32400	362893	arhgap9	0.005615724027276374	0.025103745068907217	1.4090765	1.4090765	-1.0879908	-1.0778571	-1.0271542	-1.0273429	-1.1322682	-1.2226017	-1.2514015	-1.0859816	1.4090765	0.6063873	0.60983276	0.8434242	0.86371243	0.4955919	0.11783909	0.38010675	0.6797373	0.01397167			
ARHGDIB_32723	362456	arhgdib	0.03699307616221563	0.08358005316378275	1.105236	1.105236	-1.005756	1.0575502	1.0166469	-1.0258651	1.0101103	-1.0279692	-1.0305984	-1.0615435	1.105236	0.8878579	0.06553999	0.56371194	0.5617877	0.7841921	0.7509452	0.5363066	0.18709174	0.048798323			
ARHGEF12_8080	367072	arhgef12	0.010722795869737888	0.03707448485290656	1.158227	1.158227	1.0475044	1.0195497	1.1354586	1.0148793	-1.0352024	1.0488776	1.0472716	1.0209746	1.158227	0.31175998	0.7411676	0.02145245	0.80905247	0.5989225	0.29346967	0.31747147	0.7540669	0.04400477			
ARHGEF2_8082	310635	arhgef2	0.013026052104208416	0.04118379389523897	2.3186274	2.3186274	1.0308907	1.2679565	1.7430267	1.1476339	1.1813695	-1.0933375	-1.2042638	1.0224402	2.3186274	0.93424153	0.5456406	0.056106903	0.80518275	0.6955593	0.82680863	0.6199357	0.9668975	0.052190565			
ARID5B_8084	309728	arid5b	0.030218687872763418	0.0724594739256767	1.3096569	1.3096569	1.1429248	1.0667446	1.280414	1.1128402	1.035769	1.0722607	1.1862823	1.0390881	1.3096569	0.2411193	0.68469864	0.048439246	0.39784995	0.8112902	0.5847376	0.38402027	0.84128076	0.03170041			
ARNT2_8085	25243	arnt2	0.035721334122755084	0.08144464179988159	1.2831641	1.2831641	1.1012579	1.0678214	1.2575591	1.0920203	-1.1277976	-1.0229851	1.1138875	-1.0432407	1.2831641	0.22898047	0.57504904	0.024598291	0.49862838	0.5850645	0.8115947	0.43857032	0.74291587	0.007688592			
ARPC1B_32419	54227	arpc1b	0.00811078140454995	0.03148056206629796	1.1118082	1.1118082	1.0195874	-1.005124	1.0502927	-1.0323074	-1.044187	-1.0065018	-1.007459	-1.0133595	1.1118082	0.5729541	0.8944681	0.12447782	0.45920876	0.43058556	0.8385682	0.8159514	0.6715914	0.039717473			
ASGR2_32685	29403	asgr2	0.0010269049086054631	0.011014383293913436	1.2448772	1.2448772	1.0483289	1.006503	1.1557876	1.2015054	1.0977087	1.0535209	1.0875576	1.0834978	1.2448772	0.63491774	0.9219285	0.092694364	0.0051960163	0.06966313	0.13257551	0.22294109	0.122991286	0.0011589297			
ASNS_8091	25612	asns	0.007586344579756438	0.030148919196442418	1.1704792	1.1704792	1.0223069	-1.0326773	1.0913576	1.0756731	-1.0102956	1.0108147	1.0696859	-1.0057683	1.1704792	0.7454059	0.68086845	0.15515697	0.3560472	0.8510078	0.8663749	0.18781069	0.9250762	0.015854552			
ASPDH_32567	292875	aspdh	0.01314459049544995	0.041361921196250234	-1.0367061	1.0367061	-1.0235423	-1.0210546	-1.0367061	-1.0192019	-1.0099287	-1.0116378	-1.0185353	1.0207936	1.0336977	0.04062644	0.2450992	0.19472869	0.4008455	0.6905323	0.2635998	0.4804931	0.0686975	0.017031197			
ASPM_8092	289054	aspm	0.02117882117882118	0.05701990317374934	-1.7532502	1.7532502	-1.1701368	1.0535307	1.1184574	-1.0682489	-1.127285	-1.0046351	-1.0131464	-1.7532502	-1.56589	0.4613185	0.67262036	0.39321187	0.6789072	0.49448583	0.9621221	0.8627814	0.052295182	0.011574198			
ATF1_8094	315305	atf1	0.004796163069544364	0.023337427618880507	1.179942	1.179942	1.0603087	1.0661762	1.1132355	1.0224968	1.0035278	-1.0281832	-1.0690644	1.0272408	1.179942	0.46445957	0.33595982	0.08905552	0.70383406	0.9509512	0.6927554	0.35761756	0.66109073	0.005832782			
ATF4_8096	79255	atf4	0.007553170343868018	0.03007699568067205	1.1548278	1.1548278	1.0605874	1.0255984	1.1015397	-1.0140903	-1.0294874	1.0268791	1.0379544	1.0039343	1.1548278	0.14328332	0.5874023	0.053414755	0.79852355	0.6317786	0.55195665	0.39998767	0.9530475	0.026991807			
ATF6B_32767	406169	atf6b	9.94233446013124E-4	0.011001615776151587	1.1933945	1.1933945	1.0312399	-1.0023538	1.0801206	1.0441842	1.0240479	1.0446352	-1.0051345	1.0257415	1.1933945	0.46899498	0.96626645	0.13711073	0.38719046	0.66919565	0.25428116	0.9359188	0.5355004	0.017420672			
ATG3_8099	171415	atg3	0.02506465088521981	0.0636182932773709	1.0692471	1.0692471	1.0144254	1.0168654	1.0390799	-1.0094248	-1.02458	1.0115297	1.0107683	-1.0306355	1.0692471	0.5802767	0.59056	0.16227147	0.732843	0.46011075	0.64374727	0.720728	0.45817888	0.039772224			
ATIC_8100	81643	atic	0.012099213551119177	0.0397659489859683	1.1856066	1.1856066	1.0375699	1.0166862	1.1149422	-1.0428444	-1.0172747	1.0326059	1.0159966	1.0086819	1.1856066	0.43570283	0.80636597	0.09693663	0.57557696	0.8161302	0.4601313	0.7991334	0.88276327	0.064091496			
ATMIN_8101	315037;680989	atmin;atmin-ps2	0.0027899561578318055	0.0179577193117815	1.0581074	1.0581074	1.0021008	-1.0450114	-1.0022558	-1.0218643	-1.052893	-1.013608	1.001556	-1.0133647	1.0581074	0.9078284	0.040497787	0.89534384	0.26416084	0.13464694	0.570877	0.94854736	0.6410766	0.052473094			
ATP5C1_8109	116550	atp5f1c	0.0056657223796034	0.025173978056367	-1.0972424	1.0972424	-1.0143883	-1.0038779	-1.0532805	1.0007001	1.0152588	1.0059811	1.0044886	-1.0093961	-1.0972424	0.38938648	0.8565664	0.17518717	0.9736696	0.46291256	0.67168295	0.76919746	0.6952362	0.07571594			
ATP6V0B_8112	298451	atp6v0b	0.0014210312626877792	0.0130935582318774	1.4029849	1.4029849	-1.0868099	-1.2260096	1.0068848	-1.2766263	-1.0768833	-1.0810459	1.0291171	-1.3021584	1.4029849	0.49280855	0.14596273	0.9614286	0.33698586	0.586417	0.50583684	0.85390306	0.15171139	0.06142829			
ATP6V1D_8113	299159	atp6v1d	0.011265338966002816	0.03815679327194502	-1.0436257	1.0436257	-1.0197445	1.0003136	-1.0375044	-1.0150231	-1.007564	-1.0071381	-1.0311964	-1.0140166	-1.0436257	0.07823689	0.985347	0.056536637	0.29118115	0.55289614	0.44835347	0.16735739	0.22989321	0.042878367			
ATP6V1F_8114	116664	atp6v1f	0.015591079534241168	0.04697875947817077	-1.034554	1.034554	-1.0229405	-1.0117303	-1.034554	-1.013669	1.0007056	-1.0037354	-1.00774	-1.0034221	-1.0266796	0.054249264	0.29315194	0.02358385	0.15093492	0.94503134	0.6369766	0.4658976	0.7124869	0.016462315			
AXIN1_8118	79257	axin1	0.024098746081504703	0.062084396921434866	1.2884948	1.2884948	1.2429963	1.1581322	1.2884948	1.1599398	1.0569701	1.1822478	1.1569265	1.0978539	1.2280087	0.03229251	0.0828295	0.027111316	0.07190586	0.64666843	0.07414567	0.08432868	0.2838754	0.009655459			
B4GALT2_32592	313536	b4galt2	0.04369414101290963	0.09408529211113867	1.2257888	1.2257888	1.0739821	1.1111962	1.22536	1.0653324	1.0870975	1.0386845	1.0430425	1.033204	1.2257888	0.44633675	0.2726514	0.09221283	0.59602886	0.39251396	0.7878027	0.6393102	0.7678914	0.041061763			
BACE2_8127	288227	bace2	5.977286312014345E-4	0.009340324921578725	1.2862232	1.2862232	1.0628338	1.0747551	1.1519301	1.0202703	1.0069517	1.0052422	1.0981079	1.0461498	1.2862232	0.40556803	0.2865811	0.038964476	0.8193001	0.94341016	0.95361996	0.17588732	0.58367616	0.002189429			
BAG3_8129	293524	bag3	0.02247414478918059	0.059385322985980496	1.0805508	1.0805508	1.0308309	-1.0343218	-1.0155191	-1.0518017	-1.0378243	1.0061023	-1.0357457	1.0118589	1.0805508	0.38757575	0.29876697	0.733809	0.29840946	0.18912387	0.8197285	0.23808388	0.6692878	0.18242815			
BAK1_33110	116502	bak1	0.028974002778329032	0.0702123786407767	1.0865395	1.0865395	-1.0141698	1.0074866	1.041747	-1.0215683	-1.0084766	1.012148	1.0311133	-1.0200956	1.0865395	0.6394061	0.777883	0.4229558	0.65015924	0.77487266	0.7510696	0.27319583	0.5037674	0.011728208			
BAMBI_8130	83837	bambi	0.0038477116241393276	0.020711496314768846	1.0672818	1.0672818	1.0073721	-1.0000927	1.0328386	-1.0021901	-1.007159	-1.0077721	-1.0102153	-1.0058645	1.0672818	0.569569	0.9944472	0.23808834	0.9023354	0.6452358	0.5395995	0.42865488	0.7993242	0.040216524			
BAX_8132	24887	bax	6.086427267194157E-4	0.009340324921578725	1.1010917	1.1010917	1.0050956	1.0078261	1.0351628	1.0002728	-1.0072874	1.0214926	1.0286974	1.0270282	1.1010917	0.75653857	0.6764005	0.24119873	0.9887243	0.71901315	0.35213932	0.22379598	0.21849106	0.029473333			
BCAT2_32849	64203	bcat2	0.002797761790567546	0.0179577193117815	1.1943555	1.1943555	1.022046	-1.0157676	1.1023643	-1.0096078	-1.0148004	-1.0151888	1.0400516	1.0389421	1.1943555	0.5986287	0.7965034	0.053548936	0.8662132	0.7259006	0.6189845	0.42718554	0.51203823	0.04211959			
BCL2_8135	24224	bcl2	0.010499207606973059	0.03667106435046071	1.2452365	1.2452365	1.1178206	1.06068	1.1462235	1.0093057	-1.0274377	1.0748054	1.1264067	1.0433763	1.2452365	0.23677602	0.52919734	0.12497094	0.9330463	0.73402995	0.43022963	0.28937516	0.5989165	0.03692216			
BCL2A1_8136	170929	bcl2a1	0.019662363455809333	0.054030874785591765	1.1990923	1.1990923	1.0109034	1.1572332	-1.0084182	1.0687724	1.0838963	1.0306087	1.0155549	-1.0682261	1.1990923	0.8730421	0.019211719	0.934376	0.36857137	0.28376648	0.76550806	0.78576183	0.42498454	0.024742695			
BCL2L1_8137	24888	bcl2l1	0.0065632458233890216	0.027507721465674578	1.1372471	1.1372471	1.0308291	-1.0060694	1.0760165	-1.0120934	-1.0564154	-1.0007004	1.0217593	-1.0025059	1.1372471	0.32859817	0.8890187	0.11325285	0.765988	0.2767156	0.98175603	0.5561947	0.9546046	0.044008844			
BCL2L2_32990	60434	bcl2l2	0.0010201999591920017	0.011001615776151587	1.0900373	1.0900373	1.0189859	1.0034022	1.0196677	1.0239931	1.0228095	1.0034103	1.0136695	1.0060388	1.0900373	0.35176048	0.8101314	0.3805003	0.17713676	0.11963934	0.7670527	0.57861465	0.7079307	0.050853062			
BDH1_8139	117099	bdh1	0.029712909054406746	0.07150452782091853	1.1320362	1.1320362	1.0494814	-1.0099608	1.1019512	1.0560771	1.0052342	-1.0140357	1.0693716	1.0392025	1.1320362	0.3625386	0.89829147	0.1871765	0.41401634	0.918171	0.7930525	0.2623097	0.537026	0.06357549			
BECN1_8140	114558	becn1	0.006138613861386139	0.026341849871261636	1.1174983	1.1174983	1.0101569	1.0078466	1.0708952	-1.0085607	-1.0372827	1.0103989	1.0194515	1.0032384	1.1174983	0.7684962	0.8433707	0.07940506	0.83578366	0.35162663	0.78885335	0.621267	0.9428401	0.023141403			
BEX4_32358	501624	bex4	0.029239766081871343	0.0707070707070707	1.0758195	1.0758195	-1.0518025	-1.0393828	-1.0406908	-1.0141926	1.0069715	-1.0074023	-1.0672752	-1.0156538	1.0758195	0.10008263	0.34717572	0.07779065	0.77064186	0.8355762	0.8788603	0.18200965	0.74537677	0.09207189			
BHMT_8143	81508	bhmt	0.008494666139865666	0.032590113363523084	1.1228762	1.1228762	1.0274906	1.0303959	1.0676835	-1.0094795	-1.0203936	-1.0152675	-1.0052416	-1.0137283	1.1228762	0.38782582	0.59363836	0.079206616	0.85715634	0.56717503	0.74420226	0.94289076	0.7530292	0.0076769306			
BHMT2_8144	365972	bhmt2	0.02661826981246219	0.0661313179026925	1.0509908	1.0509908	-1.0033414	-1.0171343	1.0426363	1.0120445	-1.0060792	1.0015719	1.0254176	1.0309354	1.0509908	0.88614476	0.43620178	0.21170102	0.6006499	0.7634077	0.94162637	0.16452387	0.19834004	0.0579764			
BID_8145	64625	bid	0.023415421881308032	0.060746120485317974	1.0564418	1.0564418	-1.0488683	-1.0412295	-1.0127997	-1.0341899	-1.0265452	-1.0148991	-1.0067605	-1.0188036	1.0564418	0.076274306	0.1504899	0.752555	0.31823313	0.2550325	0.65215695	0.77915365	0.58220035	0.16891688			
BIRC3_8147	78971	birc3	0.011055276381909548	0.03770132714856333	1.1527297	1.1527297	1.0195239	-1.002039	1.0895907	1.001477	1.0488368	1.0261786	1.0028033	-1.0595418	1.1527297	0.6702661	0.9603085	0.09230495	0.9789526	0.3438814	0.6500775	0.9600344	0.39997002	0.027979942			
BIRC5_8148	64041	birc5	0.034013605442176874	0.07890365448504985	1.2116437	1.2116437	1.0776774	1.0054266	1.1017151	1.0462731	1.1178303	1.1121334	1.0683604	-1.0844723	1.2116437	0.13330978	0.9413151	0.22216323	0.521768	0.0142798005	0.16058321	0.19707483	0.6409713	0.050242364			
BLCAP_8149	171113	blcap	0.009731876861966237	0.03524310550326744	1.0911506	1.0911506	1.0214056	1.0013423	1.0592501	1.0068017	-1.0066124	1.0073277	1.0270629	1.0097789	1.0911506	0.4715012	0.9645642	0.060750626	0.79694664	0.800523	0.78095806	0.4464464	0.7811143	0.06854651			
BLMH_8150	287552	blmh	0.006691596142491636	0.027928314444081198	1.1376997	1.1376997	1.0389017	1.0128233	1.1005208	1.0065153	-1.0447838	1.0292903	1.0170782	-1.0071441	1.1376997	0.31474203	0.8052305	0.062041953	0.8963463	0.4422783	0.42630038	0.6813549	0.90117836	0.032227278			
BLOC1S2_33034	293938	bloc1s2	0.030468119451170297	0.07296986591246668	-1.0392858	1.0392858	-1.0380186	-1.0335242	-1.0280623	-1.0014871	-1.0207727	-1.0392858	-1.0096794	-1.0110887	1.019897	0.030317964	0.0998916	0.061030433	0.92436653	0.08901806	0.07375646	0.54734224	0.6026721	0.28894413			
BLVRA_8151	116599	blvra	0.0052072902062888045	0.024386253430859543	1.1708041	1.1708041	1.040643	1.0099484	1.1407696	-1.0109684	1.02226	1.0581967	1.1450927	1.1079503	1.1708041	0.51237804	0.8415858	0.05170925	0.8352286	0.7289375	0.2274513	0.013774196	0.1925114	0.025093976			
BMF_8152	246142	bmf	0.004982064567556795	0.023721285948152284	1.248941	1.248941	1.1331965	1.1115367	1.1965039	1.0766052	1.0234511	1.099951	1.1069977	1.0566338	1.248941	0.14997907	0.17501235	0.04067487	0.39736265	0.8343129	0.24817535	0.3051618	0.48871335	0.03142233			
BMP4_8153	25296	bmp4	0.0014104372355430183	0.0130935582318774	1.1008226	1.1008226	-1.0165735	1.005498	1.0700761	1.0276322	1.0329053	1.0090486	1.0278362	1.0261779	1.1008226	0.62565243	0.85103464	0.093812786	0.40693325	0.1778279	0.778266	0.19279744	0.45651093	0.0027419114			
BMP6_32921	25644	bmp6	0.012392564461323205	0.040331429201206845	1.2903254	1.2903254	-1.0093192	1.1988147	1.1033251	-1.1267915	1.071205	1.0019152	1.0308013	-1.081751	1.2903254	0.92975754	0.08914038	0.28017882	0.3257397	0.50643754	0.9882508	0.81479216	0.59614664	0.046672095			
BNIP3_8154	84480	bnip3	0.039523336643495534	0.08751282641928256	1.0955995	1.0955995	1.0414834	1.0229301	1.0696241	-1.0113523	-1.0498477	1.0288078	1.0071597	-1.0019637	1.0955995	0.21142134	0.62305146	0.101202875	0.8027327	0.37007084	0.4048043	0.8561756	0.9680198	0.08400427			
BNIP3L_8155	140923	bnip3l	0.015039142974866089	0.04573641804094184	-1.0584682	1.0584682	1.0020121	-1.0022016	-1.0139116	-1.008332	-1.0050358	1.0020369	-1.0073442	-1.0259287	-1.0584682	0.823095	0.7723801	0.63664174	0.45426524	0.7033243	0.81940764	0.4473987	0.016372781	0.16854665			
BTG2_8161	29619	btg2	7.998400319936012E-4	0.01042891868579942	1.4692742	1.4692742	1.0791544	1.0544294	1.3088255	1.0407306	1.0502145	1.0160022	1.1703995	1.0261774	1.4692742	0.49528497	0.7407467	0.032625798	0.7950672	0.6455716	0.90402883	0.25174567	0.8551371	0.015268258			
BZW2_8165	171439	bzw2	0.007192807192807193	0.02922535712759745	1.1462016	1.1462016	-1.0180861	-1.0851183	1.0187337	-1.0408864	-1.093224	-1.0304183	-1.014915	-1.0254222	1.1462016	0.7655529	0.14081433	0.74762845	0.6051979	0.19629607	0.65998626	0.81773037	0.62550765	0.062282648			
C1QBP_8169	29681	c1qbp	0.008729192042224929	0.033150548354935194	1.0293798	1.0293798	-1.0061238	1.0029861	-1.0098834	-1.0106225	-1.0162566	1.0178998	-1.0136681	1.0207993	1.0293798	0.5959084	0.82496023	0.38085064	0.3761736	0.37104025	0.15901473	0.42144656	0.14555335	0.14047861			
C1QC_8170	362634	c1qc	0.0068040824494696815	0.028162125491062274	1.1101648	1.1101648	1.00361	1.0510241	1.0347008	1.0119187	1.0130347	-1.0072547	1.088859	1.0304983	1.1101648	0.9298244	0.20062372	0.43532184	0.7704811	0.7847645	0.8438342	0.03164709	0.44297883	0.043819804			
C2_32411	24231	c2	0.010447466982061896	0.03667106435046071	1.6220298	1.6220298	1.5280858	1.6220298	1.511176	-1.0015255	1.1188469	1.5092669	1.29263	1.18116	1.5367769	0.017462531	0.015215998	0.051796984	0.9957019	0.654925	0.020533001	0.17046997	0.45926988	0.018409684			
C4A_8176	24233	c4a	0.01265572473798695	0.040771870863934814	1.2083693	1.2083693	1.0573916	-1.0558615	1.0942267	-1.0042917	-1.0881269	1.0431123	1.0643789	1.0112057	1.2083693	0.48205477	0.513132	0.2765209	0.96423393	0.5050558	0.61864847	0.42702734	0.90916413	0.023628708			
C4BPA_32954	24235	c4bpa	0.010808646917534028	0.037306661938547384	1.7611914	1.7611914	-1.3556703	-1.2358147	1.0542519	-1.0315471	-1.4542378	-1.2813295	-1.1526171	-1.2807014	1.7611914	0.4526468	0.44740605	0.9125959	0.87326616	0.13581143	0.31684172	0.56268245	0.4291134	0.10003003			
C8G_8182	296545	c8g	2.008435428800964E-4	0.005244396776076087	1.2490622	1.2490622	1.039353	-1.0302117	1.0286791	-1.0074345	1.0090011	-1.0625265	1.0369729	1.0460439	1.2490622	0.39162287	0.46376702	0.7173295	0.9081571	0.8314019	0.47821933	0.52456415	0.33789212	2.4408149E-4			
C9_8183	117512	c9	2.0153164046755341E-4	0.005244396776076087	2.3197932	2.3197932	-1.8286434	-1.1203809	1.377297	-1.3233057	-1.747439	-1.4884324	-1.3542857	-1.1489179	2.3197932	0.21684015	0.5840281	0.2942679	0.5490593	0.01291078	0.23559514	0.43830165	0.37868798	0.0039444556	100.0	300.0	
CALCOCO1_32442	246047	calcoco1	0.0048377343277565005	0.02334521072124414	1.280557	1.280557	1.0277326	1.0170208	1.1767379	1.0003281	-1.052174	1.0456227	1.0232564	-1.0134351	1.280557	0.5505258	0.83083624	0.06540191	0.99652696	0.48598	0.39819294	0.7217322	0.88691336	0.046086714			
CALR_8190	64202	calr	7.995202878273036E-4	0.01042891868579942	1.0405653	1.0405653	-1.0032682	-1.0202899	1.0052398	-1.0000929	-1.0067966	-1.0149163	1.015795	1.0167631	1.0405653	0.75009316	0.10329376	0.57616913	0.99204105	0.5986561	0.10398352	0.074734464	0.18899183	0.06785251			
CANT1_8193	246272	cant1	0.0020296326364927946	0.015836148648648646	1.1045133	1.1045133	1.0063149	-1.0092224	1.0121136	-1.0025811	-1.0122657	1.0130061	1.03104	-1.005056	1.1045133	0.85153383	0.8027746	0.6751287	0.924562	0.68239266	0.545125	0.48916462	0.87422895	0.0038328608			
CAR14_8195	791259	car14	0.002220876236624268	0.016358505080864463	-1.15482	1.15482	-1.0253247	-1.0388755	-1.1337017	-1.0556867	-1.0295706	-1.0621498	-1.0956974	-1.0784229	-1.15482	0.31496918	0.032604072	0.032770455	0.07217352	0.30975893	0.042905904	0.03478291	0.048550554	0.07560071			
CARS2_32316	361184	cars2	0.031343581553204235	0.07452973206036048	1.1174952	1.1174952	1.0208136	-1.0024893	1.055349	-1.0007417	-1.0717759	-1.0105721	1.0029064	-1.0469474	1.1174952	0.73127717	0.9575347	0.37965447	0.99031913	0.32480088	0.81235355	0.9656005	0.3485773	0.038317177			
CASC3_8197	259170	casc3	0.013186813186813187	0.04142943670502726	1.2299439	1.2299439	1.0863068	1.0092514	1.1105005	1.0083587	-1.0741776	-1.0093192	1.0741504	1.0634364	1.2299439	0.26425412	0.9226165	0.18815167	0.9429106	0.5286268	0.8739404	0.32789674	0.37197298	0.015237001			
CASP2_8200	64314	casp2	0.0029809220985691576	0.018653564809995443	1.1390849	1.1390849	-1.0033888	1.0063744	1.0624176	-1.0073432	-1.0241379	1.044838	1.0302635	1.007871	1.1390849	0.89671284	0.9001239	0.097021684	0.88322175	0.600887	0.25598028	0.4811921	0.8636163	0.00241463			
CASP3_8201	25402	casp3	3.9840637450199205E-4	0.007576131577848074	1.1595069	1.1595069	1.0102079	1.041008	1.066131	1.0582348	1.0650024	1.0069964	1.0348418	1.0159881	1.1595069	0.8256002	0.3162465	0.21021242	0.23798479	0.09707444	0.8938278	0.37959784	0.727664	0.0014566213			
CASP8_32959	64044	casp8	0.01898101898101898	0.05296102498899702	-1.1252044	1.1252044	-1.1252044	1.0406806	1.0078892	1.0392327	1.0074261	-1.064095	1.0436928	-1.0286571	1.088519	0.112319015	0.25423256	0.85644984	0.35992908	0.9117125	0.43453684	0.43234602	0.43692866	0.14612974			
CASP9_8204	58918	casp9	0.005829145728643216	0.025614858433134838	1.224668	1.224668	1.0361795	1.0335476	1.0847032	-1.0205545	1.0244609	1.0494722	1.0245392	-1.0370722	1.224668	0.4481701	0.6467513	0.13687177	0.5031084	0.6921313	0.25479373	0.528929	0.7547929	0.04766702			
CASR_32371	24247	casr	2.0238818053025704E-4	0.005244396776076087	1.2378402	1.2378402	1.0140882	1.0292153	1.1515862	1.1123173	1.0523673	1.0070055	1.1174371	1.099082	1.2378402	0.8260941	0.58323365	0.0034819364	0.038440444	0.14919515	0.90972227	0.08262063	0.08616243	6.966097E-4			
CAST_8205	25403	cast	0.008208208208208207	0.03170557749929259	1.07257	1.07257	1.0129246	1.0174413	1.0532769	-1.0016959	-1.0075489	1.0149559	1.035051	1.0164742	1.07257	0.5872942	0.55947876	0.040141415	0.95364195	0.75339794	0.40243137	0.14736696	0.55497915	0.024708044			
CAT_8206	24248	cat	0.005430410297666935	0.024603687195851105	1.0916884	1.0916884	1.0232527	1.0017469	1.0651542	1.005444	-1.0108852	1.0115135	1.0319642	1.0291953	1.0916884	0.28693762	0.94208115	0.13066193	0.8362169	0.6888107	0.55742216	0.1012636	0.34843907	0.029804427			
CBLB_8207	171136	cblb	0.002379535990481856	0.016738203726452724	1.4926842	1.4926842	1.0766746	1.0356225	1.1744113	1.0831684	1.1314698	1.0574985	1.222676	1.2187042	1.4926842	0.57708013	0.79794645	0.35913673	0.6379768	0.37205705	0.72437733	0.121561125	0.14813212	0.037667073			
CBR1_8208	29224;102556347	cbr1;cbr1l2	0.03064903846153846	0.07322734339014278	1.051141	1.051141	1.0110683	1.0206031	1.0307337	1.0325834	1.0370187	1.0140079	-1.0031182	1.0021532	1.051141	0.6029026	0.28173417	0.18414819	0.32599965	0.16135351	0.46484905	0.8652372	0.9246875	0.035110984			
CBR3_8209	304078	cbr3	0.031343581553204235	0.07452973206036048	1.1678393	1.1678393	1.0699376	-1.033887	1.0016903	-1.0297817	1.0534464	-1.0252614	-1.0069659	1.0258702	1.1678393	0.47693804	0.64282715	0.9836778	0.74120015	0.5064148	0.6873553	0.92711323	0.68600506	0.025669236			
CCDC86_8215	293738	ccdc86	0.0036570499796830555	0.020469726352079293	1.1361697	1.1361697	-1.024388	-1.0030516	1.0334384	1.0509673	-1.0160104	1.0334593	-1.0718474	1.0057665	1.1361697	0.5605005	0.93611604	0.4706283	0.16510247	0.6878108	0.38712022	0.39927292	0.9297025	0.039459914			
CCL21_33005	298006	ccl21	0.04804560260586319	0.10068379957846331	-1.1854517	1.1854517	1.0726267	1.1331162	1.0175062	-1.1519841	-1.0160594	-1.0222374	-1.0747914	-1.1854517	1.1842632	0.44704807	0.18303722	0.84945	0.14579229	0.8742112	0.84792274	0.6282314	0.10652098	0.096620455			
CCNA2_8221	114494	ccna2	0.04066356463686021	0.08946919041718926	-1.3192223	1.3192223	1.0140249	1.0231829	-1.1140563	-1.1075169	1.001314	-1.0450553	-1.0907147	-1.3192223	-1.0419412	0.8063127	0.63688844	0.3099953	0.03603103	0.9832569	0.5030917	0.23519026	0.017711446	0.3623957			
CCNB2_8223	100364016;363088	ccnb2-ps2;ccnb2	0.0012172854534388314	0.012203439596032506	-1.1973996	1.1973996	-1.0236278	-1.0498252	-1.0297327	-1.0323911	-1.0274467	-1.0443931	-1.0660985	-1.1973996	-1.0830016	0.47755486	0.14693157	0.39783934	0.37376082	0.5101052	0.12353473	0.05690392	0.008849086	0.012588195			
CCND2_33278	64033	ccnd2	0.002398081534772182	0.016738203726452724	1.4959054	1.4959054	1.0126543	1.2403865	1.0963186	-1.0485717	1.0867995	1.0594822	1.0717013	-1.1466897	1.4959054	0.956054	0.10705385	0.47884077	0.77572954	0.5433664	0.6233407	0.363761	0.40668228	0.004188564			
CCNH_8229	84389	ccnh	6.18174325159695E-4	0.009342861959799937	-1.1527429	1.1527429	-1.0231978	1.0060201	-1.055053	-1.0382024	-1.023785	-1.0304313	-1.0612998	-1.0676498	-1.1527429	0.35878718	0.767985	0.21362591	0.12700161	0.3117723	0.33609247	0.015613568	0.06199113	0.06693703			
CCP110_8230	361634	ccp110	0.006139829669241434	0.026341849871261636	1.1593875	1.1593875	1.0723145	1.0432607	1.1376522	1.0473596	-1.0518854	1.0639044	1.0286818	1.0326507	1.1593875	0.058617033	0.4485449	0.023659846	0.46241796	0.36961845	0.14630744	0.6409887	0.5375768	0.03235809			
CCT2_8233	299809	cct2	3.990422984836393E-4	0.007576131577848074	1.0468059	1.0468059	-1.0118644	-1.0219798	1.0296898	-1.0118332	-1.0081903	-1.0129797	-1.0314552	-1.0264624	1.0468059	0.44650522	0.113694966	0.06124811	0.48529685	0.5006601	0.5391001	0.08021633	0.15945812	0.009727431			
CD33_33256	690492	cd33	0.023075392878456336	0.06009844489885169	1.4835169	1.4835169	1.3609732	1.336322	1.1745	1.2852349	1.2692796	1.238527	1.3789147	-1.0245415	1.4835169	0.13871637	0.058061574	0.5142695	0.13339633	0.21741986	0.2984724	0.07138889	0.8979054	0.0148458			
CD4_8246	24932	cd4	0.0035594225825588293	0.020469726352079293	1.2785887	1.2785887	1.0575074	1.1820558	1.1280491	-1.0131481	-1.0541384	1.0554631	1.1380649	-1.1295993	1.2785887	0.50440866	0.05940156	0.19184199	0.90971476	0.6179959	0.47467887	0.17484598	0.28537712	0.008131924			
CD53_8250	24251	cd53	0.006895193065405832	0.028421301994802965	1.309603	1.309603	1.1563876	1.2449241	1.213127	1.1078844	1.0003291	1.1608462	1.1198878	-1.0649323	1.309603	0.118963145	0.02927206	0.07114671	0.40110633	0.9981205	0.10179223	0.21673317	0.6137232	0.051388554			
CD55_33080	64036	cd55	0.024164317358034634	0.06210635414175237	1.0885313	1.0885313	-1.0277442	1.0014364	-1.0119166	-1.0191125	-1.026882	-1.004997	-1.027323	1.005982	1.0885313	0.4707309	0.9622729	0.73183393	0.5428861	0.55532336	0.8841161	0.43500903	0.8805469	0.17214659			
CD74_8252	25599	cd74	0.0025809013301568394	0.017333958919820668	1.120422	1.120422	1.0112295	1.0372199	1.0405247	-1.0426152	-1.0420249	1.0302867	1.029321	1.0100024	1.120422	0.7068826	0.27717727	0.32718486	0.2796985	0.34383437	0.317711	0.36533973	0.79517806	0.01695235			
CD81_32607	25621	cd81	3.9840637450199205E-4	0.007576131577848074	1.1498252	1.1498252	1.0637072	1.0643348	1.0587759	1.0619686	1.0853585	1.0806139	1.0502311	1.1168755	1.1498252	0.18423845	0.1440169	0.054244835	0.13933295	0.00919641	0.012406234	0.31389755	9.4647275E-4	0.0034618408			
CD83_32673	361226	cd83	0.013330680461599681	0.041619260596074126	1.174813	1.174813	-1.0049906	1.0435816	1.0306686	-1.0557164	-1.0134484	1.076385	1.0197359	-1.1095324	1.174813	0.939365	0.49944398	0.66732955	0.48982364	0.7929658	0.09575992	0.6509308	0.16845466	0.07889262			
CDC25A_8256	171102	cdc25a	0.02142857142857143	0.05753701211305518	1.1947461	1.1947461	1.039621	-1.0269443	1.1664785	-1.0189308	-1.1240274	-1.0232012	1.0425662	1.0335733	1.1947461	0.53775907	0.7334237	0.07002222	0.8114361	0.28375274	0.7076066	0.62440336	0.69982904	0.0575488			
CDC6_32573	360621	cdc6	4.013646397752358E-4	0.007576131577848074	3.7133152	3.7133152	1.6856904	1.5806012	1.9621072	1.5653112	1.4872675	1.0864824	2.398002	1.9667082	3.7133152	0.17109542	0.16946796	0.21728793	0.46635714	0.23931634	0.86808616	0.061828904	0.03081125	0.0065245577	100.0	300.0	
CDCA4_8261	500727	cdca4	0.02246305418719212	0.059385322985980496	1.2809086	1.2809086	1.1166794	1.0308106	1.172262	1.1062672	1.0283384	1.010094	1.0920731	1.2149496	1.2809086	0.42937306	0.78285867	0.1806278	0.389329	0.8124085	0.94925946	0.4621152	0.123147406	0.023760248			
CDH1_8262	83502	cdh1	0.0019876764062810573	0.015836148648648646	1.4400375	1.4400375	1.1014165	1.010673	1.2777376	1.0699605	-1.0164794	1.0411668	1.1456352	1.081515	1.4400375	0.2989151	0.9307645	0.042952046	0.615549	0.89215314	0.6709598	0.2057718	0.5360686	0.029682212			
CDH2_32994	83501	cdh2	0.036744369814302645	0.08330115656765202	1.1504543	1.1504543	1.055527	-1.0068437	1.0774381	-1.0190462	-1.0869935	1.0194505	-1.0524862	-1.0103941	1.1504543	0.32582644	0.91382307	0.21238002	0.8264335	0.3101158	0.67662925	0.56563646	0.86461896	0.012708819			
CDK19_8265	309804	cdk19	0.0013886133703630231	0.0130935582318774	1.1816871	1.1816871	1.0729672	1.0406	1.1182028	1.0162323	-1.043149	1.037892	1.0574095	1.0455892	1.1816871	0.16345859	0.5325741	0.065898664	0.80725235	0.4876377	0.50741607	0.39037433	0.43606308	0.0072471425			
CDK6_8269	114483	cdk6	0.002615167974250654	0.01739086702876685	1.3100876	1.3100876	1.0570755	1.0495789	1.1609342	1.060756	-1.0841053	1.034751	1.103943	-1.0238668	1.3100876	0.49300805	0.65383184	0.16330929	0.57854265	0.49603078	0.69397086	0.20741242	0.8504255	0.004048184			
CDKN1B_8272	83571	cdkn1b	0.02379535990481856	0.0615716511155811	1.1375197	1.1375197	1.0457515	1.0084342	1.1198728	-1.009196	-1.0394834	1.0021057	1.0426517	1.0015423	1.1375197	0.35727102	0.88852966	0.05989659	0.8868435	0.4508699	0.96415544	0.41610673	0.9829754	0.039536115			
CEACAM1_8277	81613	ceacam1	0.009014423076923076	0.03348933712935109	1.1434252	1.1434252	1.0401309	1.0444036	1.0227411	1.0055271	1.003876	1.0846123	1.0709187	1.0151225	1.1434252	0.40228918	0.37392023	0.65105224	0.90845233	0.9490183	0.100215346	0.22608238	0.79852974	0.029634148			
CEBPA_8279	24252	cebpa	0.004431909750201451	0.022497862472396678	1.1182866	1.1182866	-1.0095541	-1.0115483	-1.0201007	-1.0284601	1.0069314	1.0354582	-1.0180758	1.0600913	1.1182866	0.7114198	0.6390227	0.7211891	0.29838818	0.84141886	0.16016114	0.60749614	0.19700842	0.06492801			
CEBPB_32843	24253	cebpb	0.02852485737571312	0.06956857025005828	1.4997036	1.4997036	1.1074528	1.145909	1.2088345	-1.0691966	-1.1531556	1.1592602	-1.1200475	-1.1324002	1.4997036	0.47060004	0.52419984	0.3930621	0.3770518	0.37702012	0.35236013	0.57829946	0.3052485	0.09425463			
CEBPB_8280	24253	cebpb	0.02080416083216643	0.05631519791068118	1.1381397	1.1381397	1.0722612	1.0273095	1.0636312	-1.0002599	-1.001883	1.0170096	1.0046897	1.004767	1.1381397	0.095613375	0.52221847	0.22553438	0.99442554	0.97138494	0.838925	0.91199315	0.92605126	0.021467084			
CEBPD_8283	25695	cebpd	0.0015766653527788726	0.014071133281668646	1.1298964	1.1298964	1.0777246	1.0590544	1.0826669	1.0392334	1.0515442	1.1277466	1.0322895	1.0643382	1.1298964	0.09963626	0.14072521	0.01627174	0.29656094	0.33859515	0.008383439	0.24848004	0.11300428	0.005068933			
CENPK_8288	294712	cenpk	2.032520325203252E-4	0.005244396776076087	2.1774094	2.1774094	1.0684911	1.1432829	1.3384008	-1.062116	1.1276819	-1.1279849	1.173308	-1.0736698	2.1774094	0.7760311	0.5005543	0.042360406	0.86557996	0.570304	0.5362505	0.5115687	0.75342566	7.3055725E-4	100.0	300.0	
CENPW_32846	689399	cenpw	9.98402555910543E-4	0.011001615776151587	-1.610381	1.610381	-1.0723945	-1.0192344	-1.1496171	-1.2222296	1.037555	-1.365727	-1.1152529	-1.610381	1.2278801	0.4740545	0.8314845	0.26374516	0.20717971	0.71194977	0.037603382	0.28680757	0.014646021	0.065094426			
CERK_8293	300129	cerk	0.04779774837053131	0.10037527157811575	1.2937175	1.2937175	1.056983	1.1148809	1.1860977	-1.1410167	-1.0320474	1.0399257	1.0365099	-1.2279402	1.2937175	0.50529575	0.34712285	0.14800015	0.5155817	0.80598134	0.60752624	0.6844564	0.22757024	0.052565593			
CFLAR_8297	117279	cflar	0.010947452229299362	0.03751396196328709	1.069516	1.069516	1.0014815	-1.0283585	-1.024764	-1.0527278	-1.0226104	1.008581	-1.024739	-1.0598539	1.069516	0.967321	0.28643087	0.49022165	0.05950577	0.45228922	0.6992406	0.6565659	0.1309335	0.03860314			
CH25H_32637	309527	ch25h	0.02696225284601558	0.06656947373018214	1.1921399	1.1921399	1.0859174	1.0879738	1.1871278	1.057034	1.049597	1.1256958	1.0707294	-1.0578531	1.1921399	0.2756834	0.20985778	0.052893464	0.625135	0.5446469	0.034100868	0.18294665	0.42360613	0.006485326			
CHEK2_8305	114212	chek2	0.03187250996015936	0.07533845660013971	-1.283696	1.283696	1.0568228	-1.283696	1.0747465	-1.1666683	-1.2587115	1.0205432	-1.1289465	1.0332726	1.2777654	0.6725996	0.3460868	0.54297	0.54909605	0.19284992	0.84527314	0.27252948	0.7732162	0.03527082			
CHERP_8306	290614	cherp	0.032149901380670615	0.07581055308328034	1.3819767	1.3819767	1.1044496	1.0570002	1.2284586	-1.1073877	-1.1368105	-1.026206	1.1412802	-1.2175843	1.3819767	0.51314974	0.76662165	0.15374145	0.6361171	0.54750156	0.8786414	0.47042465	0.40918306	0.024574947			
CHKB_8309	29367	chkb	0.00602167804094741	0.02594653929090731	1.0921488	1.0921488	-1.018276	-1.0257986	1.0293258	-1.0297358	-1.0113715	-1.0338496	1.0220509	-1.0244482	1.0921488	0.5745252	0.5304753	0.281837	0.5195481	0.7187176	0.40453935	0.66159844	0.46180058	0.037553146			
CHMP6_8311	287873	chmp6	0.01648687156523509	0.04853201139576496	1.1366436	1.1366436	-1.0076458	-1.092912	-1.0064564	1.0122592	1.0439546	1.0737325	-1.0755471	1.0776886	1.1366436	0.9011245	0.34201753	0.91260284	0.8367474	0.47885272	0.2466828	0.45226145	0.29227325	0.100625515			
CHP1_33118	500462;64152	chp1l1;chp1	0.003004205888243541	0.01872725975601056	1.158811	1.158811	1.044643	1.0539547	1.0334933	1.0462552	1.052877	1.0555786	1.0800327	1.0647694	1.158811	0.23927522	0.22673024	0.11146148	0.3714508	0.103030466	0.16682814	0.34468552	0.29738802	0.0038478437			
CHRM3_32786	24260	chrm3	0.003749753305703572	0.020711496314768846	1.3651584	1.3651584	1.1604261	1.0567378	-1.0350641	-1.0043153	-1.0280783	1.0685436	1.1184729	1.0432249	1.3651584	0.16041447	0.5992822	0.8192995	0.967596	0.84724975	0.619079	0.45750183	0.7041691	0.007823914			
CIAPIN1_8319	307649	ciapin1	0.006582884500299222	0.02753218989118857	1.302224	1.302224	1.0530773	-1.0047004	1.1677111	-1.0048128	-1.1230509	-1.0080465	1.058614	1.0147069	1.302224	0.51769	0.96282595	0.08447942	0.95987725	0.31480166	0.9252752	0.48629326	0.9152972	0.020739025			
CIDEC_32477	500292	cidec	0.017749092375958047	0.05109587199139438	1.2302067	1.2302067	1.0296009	1.0257983	1.1574669	1.2302067	1.0912355	1.0464997	1.2025472	1.1779188	1.1961576	0.79371053	0.70232505	0.05044685	0.0011333742	0.22468624	0.56424963	0.015985472	8.75706E-5	0.045846656			
CIRBP_8321	81825	cirbp	0.004869141813755326	0.023407079321546686	1.1710845	1.1710845	1.00893	-1.0006663	1.0895071	1.0156235	1.0137627	1.0050658	1.0491358	1.033345	1.1710845	0.78909665	0.9888748	0.07265289	0.7341577	0.7266408	0.89437425	0.393445	0.4076722	0.06087514			
CLDN7_8329	65132	cldn7	0.03415900918897323	0.07896549632908643	1.5111789	1.5111789	-1.0247421	-1.0652303	1.2819921	1.1579348	-1.0383694	1.0470508	1.0932779	1.1487703	1.5111789	0.90612286	0.8555882	0.20807147	0.5509642	0.8557962	0.77027714	0.7205355	0.5587263	0.02004063			
CLEC10A_32620	64195	clec10a	2.0275750202757503E-4	0.005244396776076087	1.5444565	1.5444565	1.201191	1.363564	1.1098526	1.131379	1.1635973	1.2495762	1.0868409	1.1385105	1.5444565	0.12773553	0.008551623	0.31794274	0.4031924	0.22479366	0.035112724	0.46309832	0.32424814	6.1911176E-4			
CLEC4A_32636	474143	clec4a	0.025574425574425574	0.0644204280567917	1.2287759	1.2287759	1.0665514	1.0970759	1.0952953	1.0372795	-1.0602616	1.0873237	1.102281	-1.1144844	1.2287759	0.3887315	0.42315984	0.35150906	0.6423159	0.60759676	0.29524273	0.15244602	0.29391453	0.05825886			
CLIC1_8331	406864	clic1	2.007226013649137E-4	0.005244396776076087	1.1286061	1.1286061	1.0230252	1.0308795	1.06606	1.0108476	1.0081108	1.0171151	1.0272193	1.0301396	1.1286061	0.22276258	0.22229566	0.09244662	0.74519205	0.69980216	0.31536072	0.21084614	0.36346427	0.012172289			
CLK2_32549	65169	scamp3	0.0032186682760008047	0.01945831275945941	1.3060975	1.3060975	1.0871229	1.01992	1.1879205	-1.07637	-1.0385512	1.0009553	-1.0360919	1.0229946	1.3060975	0.27918062	0.81322056	0.08353536	0.40011418	0.712258	0.9888019	0.7810353	0.7577536	0.04278473			
CLSTN1_8335	313717	clstn1	0.0044097013429545	0.022497862472396678	1.0774664	1.0774664	1.0274214	1.0124903	1.0455873	1.0534309	-1.0351137	1.0242507	1.0424272	1.0220414	1.0774664	0.3044256	0.65289706	0.030209182	0.048486143	0.26830357	0.121554054	0.1005242	0.3733356	0.012327647			
CLTC_8337	54241	cltc	0.012751953928424516	0.0408349086472021	-1.0679065	1.0679065	-1.0074246	-1.000695	-1.0209866	-1.0096228	-1.0196631	-1.0171422	-1.02159	-1.040741	-1.0679065	0.18042272	0.9311707	0.40705574	0.17936882	0.024577452	0.38141215	0.027053503	3.3971987E-4	0.18633714			
CLU_32773	24854	clu	0.03296921549155909	0.07740649727810373	1.2815572	1.2815572	1.0957923	1.0342293	1.082432	-1.0549207	1.0198845	-1.0369128	1.079116	1.2605731	1.2815572	0.29014683	0.6903023	0.53499144	0.7624888	0.7674691	0.75953805	0.57435507	0.020833306	0.014163876			
CMPK2_33290	314004	cmpk2	4.0290088638195E-4	0.007576131577848074	1.5665132	1.5665132	1.0032701	1.1157959	1.1614354	1.0411383	-1.220798	-1.0145133	1.2006197	1.0816091	1.5665132	0.9789861	0.25492233	0.22829902	0.7549718	0.20591727	0.9208107	0.12606783	0.69656587	0.0013149924			
CNDP2_8341	291394	cndp2	0.01534056044180814	0.046300178640555585	1.0612056	1.0612056	1.0207137	-1.004541	1.0612056	1.0236058	1.0010813	1.0237244	1.0451883	1.0379415	1.0610697	0.36708742	0.80559564	0.11445136	0.2793154	0.93188155	0.2891057	0.07041252	0.12738475	0.0027005349			
CNKSR3_32548	308113	cnksr3	0.022731844699255682	0.059749710375513944	1.1586627	1.1586627	-1.041221	1.031598	1.0283091	1.0598552	-1.0890671	-1.0567153	1.0199671	-1.0464245	1.1586627	0.46720663	0.6070868	0.66109985	0.3304186	0.4834664	0.4113033	0.7247476	0.37149197	0.018752858			
CNN1_32759	65204	cnn1	0.0034102306920762286	0.02007308342448046	1.7760175	1.7760175	-1.031218	1.1364037	-1.1150246	1.1137502	-1.6415175	-1.0868874	-1.0200499	-1.2538319	1.7760175	0.8600237	0.5694243	0.76879466	0.56006765	0.23725024	0.7599866	0.95889175	0.34639928	0.002179352			
CNN2_32878	690976	cnn2	0.015612489991993595	0.04697875947817077	1.0784502	1.0784502	-1.0310049	-1.0129198	1.0187827	1.0046524	1.0063976	-1.0185754	-1.0142571	-1.0519086	1.0784502	0.32819185	0.7374689	0.4803792	0.906309	0.8577082	0.691046	0.71862096	0.1393635	0.037893638			
CNPY3_8345	685174	cnpy3	0.0013842198932173225	0.0130935582318774	1.1319095	1.1319095	1.0544308	1.0356512	1.0788594	1.0097182	-1.0099978	1.0595214	1.0254569	1.0602043	1.1319095	0.035863582	0.1168258	0.07331387	0.79439557	0.8155699	0.09607113	0.3913622	0.1593955	0.019123593			
COASY_8346	287711	coasy	0.015317286652078774	0.04629998010741993	1.163522	1.163522	1.0467641	1.0197577	1.1109939	-1.0164356	-1.0894047	1.045119	1.008794	1.0161982	1.163522	0.29524237	0.71906346	0.098202005	0.77714264	0.24261232	0.36923698	0.89162165	0.8077549	0.071036555			
COL4A2_8356	306628	col4a2	0.021838395870557872	0.05847999968021873	1.063201	1.063201	1.0178844	1.0268097	1.0198385	-1.0053641	-1.0145012	1.0108505	1.0055966	-1.0064898	1.063201	0.33169577	0.103564166	0.20889206	0.8733482	0.6285853	0.7451987	0.8401961	0.6824502	0.030657908			
COL5A1_8357	85490	col5a1	0.015873015873015872	0.047514449089551346	1.3745173	1.3745173	1.2471988	1.1952735	1.219313	1.0428592	1.0586908	1.0422378	1.0441658	-1.0869474	1.3745173	0.1547835	0.1599471	0.114002004	0.8372946	0.7257665	0.82633835	0.79833347	0.60406494	0.017271329			
COL6A2_32304	361821	col6a2	0.02030757097791798	0.05534645368981744	1.3690907	1.3690907	-1.0004617	1.1211393	1.2358698	-1.1468476	-1.0013748	-1.225663	1.110133	-1.0073608	1.3690907	0.99697936	0.19947688	0.03478248	0.48579365	0.9908738	0.46244824	0.31078878	0.9516403	0.024059689			
COPA_8359	304978	copa	0.0022070626003210273	0.016358505080864463	1.0409044	1.0409044	-1.0048727	-1.0074661	1.0123323	-1.0078228	-1.0210463	1.0085883	1.0014478	1.0002526	1.0409044	0.65331477	0.43810305	0.19163695	0.6111552	0.10121229	0.44093403	0.93800473	0.98343134	0.040097874			
CPS1_32421	497840	cps1	2.014098690835851E-4	0.005244396776076087	2.625562	2.625562	-1.0142472	1.265342	1.4594654	-1.0935674	1.255498	1.0154902	1.5342311	1.0527835	2.625562	0.9493088	0.12868467	0.1020788	0.75590265	0.12894677	0.9466857	0.02968001	0.7881346	9.699936E-7	100.0	300.0	
CREB1_8377	81646	creb1	0.0013997200559888023	0.0130935582318774	1.1419753	1.1419753	1.0367864	1.0126021	1.058657	-1.0059876	-1.0492254	1.0077212	1.0212675	-1.0066508	1.1419753	0.24073057	0.74120545	0.13735259	0.90113735	0.3032908	0.7829918	0.55053455	0.878332	0.015761327			
CREG1_8380	289185	creg1	0.005054589567327133	0.023839021718244986	1.0440285	1.0440285	-1.0020673	1.0001954	1.0195446	1.0242552	1.0182325	1.0191904	1.0064955	1.012812	1.0440285	0.8446198	0.98591226	0.21887067	0.18429853	0.24824974	0.26972657	0.5763553	0.33160117	5.1402766E-4			
CRELD2_8381	362978	creld2	3.975352812562115E-4	0.007576131577848074	1.1480526	1.1480526	1.0231628	1.0234734	1.0579183	1.0249263	-1.0319053	1.0399072	1.0250694	1.018565	1.1480526	0.4529068	0.5672652	0.20737848	0.5977993	0.4764068	0.19095516	0.5278987	0.7040719	8.9513615E-4			
CRIP1_32865	691657	crip1	0.002008838891120932	0.015836148648648646	1.1070539	1.1070539	1.0024977	1.0270312	1.0327356	-1.010222	-1.0156806	-1.0142984	-1.0131568	-1.047386	1.1070539	0.90898734	0.27572262	0.36818725	0.7755765	0.61090094	0.7269183	0.723397	0.046366457	0.021269687			
CRK_8382	54245	crk	0.011679420056383408	0.03889890319279616	1.0901116	1.0901116	1.0194069	-1.0140632	1.0428082	1.023809	-1.0208422	1.016602	-1.0050906	-1.0100284	1.0901116	0.5036223	0.56323737	0.1473563	0.4225263	0.49989542	0.53494006	0.86562145	0.7738454	0.073288016			
CSF1R_33318	307403	csf1r	0.002374356944994064	0.016738203726452724	1.199257	1.199257	1.0515816	1.0736008	1.129665	1.0401471	1.0028799	1.0413319	1.070941	-1.0311912	1.199257	0.3586802	0.28691313	0.12284033	0.614675	0.96837723	0.42466718	0.2776242	0.7029949	0.0046243058			
CSGALNACT2_8391	297554	csgalnact2	3.984857541342897E-4	0.007576131577848074	1.2353504	1.2353504	1.037906	1.079395	1.119773	-1.0015388	1.0109787	1.0575857	1.0681481	-1.0377688	1.2353504	0.31661826	0.11615147	0.069075234	0.9855962	0.8631874	0.19578826	0.023768272	0.570733	0.006293834			
CSK_8392	315707	csk	0.04880952380952381	0.10185669456066945	1.1374333	1.1374333	1.0728639	1.0425265	1.1219853	1.0156134	-1.025194	1.0136409	1.0770105	1.0039275	1.1374333	0.21197166	0.5583052	0.083820954	0.8385546	0.7465045	0.82743585	0.24767259	0.95603484	0.08974393			
CSNK1A1_8393	113927	csnk1a1	0.024901185770750987	0.06336462450592885	1.034342	1.034342	1.0094529	1.008296	1.0212235	1.0040523	-1.0106195	1.0006385	-1.0064633	-1.011645	1.034342	0.3381356	0.5749071	0.13950735	0.81849676	0.5930421	0.95068145	0.73733354	0.30711332	0.046332765			
CSNK1E_8394	58822	csnk1e	0.002025931928687196	0.015836148648648646	1.3305343	1.3305343	1.0261805	1.1226946	1.1422905	1.0236346	1.061487	-1.02844	1.0717138	1.0020779	1.3305343	0.7622354	0.06694754	0.06533616	0.8303359	0.50404406	0.72794366	0.19408368	0.9716169	0.042505678			
CSNK2A2_8395	307641	csnk2a2	0.004287464271131074	0.022216860314042835	1.1467963	1.1467963	1.0158151	1.0260373	1.0784392	1.0577413	1.0409437	1.0467095	-1.0010237	1.0530378	1.1467963	0.65859985	0.44887012	0.075841226	0.19539167	0.22300544	0.17429808	0.9874772	0.10602663	0.07277476			
CSNK2B_32771	81650	csnk2b	0.005788423153692615	0.025492062233149596	1.153637	1.153637	1.0374712	1.0727	1.036858	-1.0486671	-1.1032867	1.091458	1.0149598	1.0637306	1.153637	0.41581562	0.22768286	0.28170648	0.49849468	0.082825094	0.026368456	0.8146431	0.15348066	0.032057367			
CSRNP1_32455	363165	csrnp1	0.012335692618806876	0.04027775249512229	1.3084975	1.3084975	1.1079743	1.0300589	1.2393603	1.2676536	1.165136	1.1272054	1.2067089	1.0493404	1.3084975	0.38022816	0.8257155	0.15829329	0.024741562	0.11346836	0.27827898	0.10124198	0.6610223	0.005883235			
CTH_32463	24962	cth	0.0014147130153597412	0.0130935582318774	1.1081536	1.1081536	1.0560162	1.0257128	1.1081536	1.0649054	1.0357717	1.0010568	1.0462518	1.0280579	1.0999165	0.17432177	0.40863833	0.00548953	0.063258275	0.16731781	0.97324663	0.08077412	0.27667475	0.0055104974			
CTNNB1_8400	84353	ctnnb1	0.004938759383642829	0.02367894062674773	1.1271099	1.1271099	1.0508063	1.0226936	1.096416	1.0143936	-1.0171336	1.0347954	1.0189228	1.0145459	1.1271099	0.07845216	0.5552587	0.047859676	0.7347977	0.6525308	0.24620512	0.5413223	0.7526779	0.03960768			
CTSD_8403	171293	ctsd	0.022129186602870814	0.05904456825700872	1.066767	1.066767	1.0076579	-1.0057266	1.0217892	-1.0137767	-1.0287813	1.0181962	1.016545	1.0126501	1.066767	0.7698394	0.7904521	0.36642647	0.6043258	0.2248946	0.4541888	0.5160696	0.6358469	0.13672203			
CTTN_8406	60465	cttn	0.004395604395604396	0.022485207100591716	1.0552926	1.0552926	-1.0156894	-1.0023094	1.0155383	-1.008101	-1.0233483	1.0131763	-1.0015916	1.0084001	1.0552926	0.49255908	0.9019813	0.3667962	0.73715115	0.36273903	0.4291494	0.9291281	0.6652701	0.02542493			
CYB561_8412	303601	cyb561	0.0018112296236667338	0.015044845454118879	1.242209	1.242209	1.0066897	1.0363334	1.1322947	1.0351266	-1.02242	1.0006444	1.0534964	1.0222508	1.242209	0.9109472	0.5438469	0.17065443	0.6160063	0.70985246	0.9926054	0.6163319	0.74814117	0.007218917			
CYP11A1_32785	29680	cyp11a1	1.9727756954034326E-4	0.005244396776076087	1.7316539	1.7316539	1.3065112	1.1745751	1.2150897	-1.1905873	-1.1325572	-1.5939928	-1.4493188	-1.204163	1.7316539	0.023106668	0.34362397	0.20384414	0.31254667	0.61631924	0.042088095	0.10676643	0.1980255	0.0054973736			
CYP24A1_32574	25279	cyp24a1	0.0018072289156626507	0.015044845454118879	2.355561	2.355561	1.629812	2.0095284	1.3678819	1.0993581	1.389282	1.8918645	1.2489922	2.121124	2.355561	0.05175987	0.03664557	0.19212666	0.83720636	0.1896263	0.022269735	0.5969716	0.0068518426	0.022543736	0.01	0.1	
CYP2B3_32867	286953	cyp2b3	0.0019880715705765406	0.015836148648648646	-2.3494654	2.3494654	-1.8023444	-1.2302375	1.3335019	-1.2320505	-2.3494654	-1.7734172	-1.2786121	-1.6210438	1.6038517	0.06972652	0.41650975	0.27625024	0.30873814	0.034187607	0.07273563	0.24715993	0.04188542	0.0727934	1.0	3.0	
CYP2C6V1_33169	293989;100911718	cyp2c6;loc100911718	2.039983680130559E-4	0.005244396776076087	1.8640035	1.8640035	-1.1392843	-1.1008732	1.112321	-1.139566	-1.6655325	-1.159111	-1.0861222	-1.2348574	1.8640035	0.34314942	0.33725905	0.52773213	0.36757323	0.004097341	0.28571063	0.56361604	0.09272812	0.0015465538			
CYP2E1_8421	25086	cyp2e1	1.9857029388403494E-4	0.005244396776076087	1.0986439	1.0986439	-1.0110289	-1.0302125	1.0022888	-1.0366093	-1.0155208	1.0344824	1.0086493	1.0563592	1.0986439	0.55274844	0.09733907	0.8980351	0.08649778	0.5486217	0.11018407	0.71229583	0.024670823	0.0013343048			
CYP4A1_33111	50549	cyp4a1	1.984914648670107E-4	0.005244396776076087	1.1685561	1.1685561	-1.0335943	-1.0576748	-1.0416126	-1.0276331	-1.0333418	-1.0395995	-1.0098493	1.0595901	1.1685561	0.32958558	0.03594172	0.116584815	0.54030365	0.26000723	0.1401785	0.7558167	0.06977486	0.024577206			
CYP4A2_32530	24306;298423	cyp4a2;cyp4a3	0.024608057154197262	0.06271113483882645	1.0507226	1.0507226	1.0126121	1.004797	1.0444587	1.0051293	-1.0176978	1.003312	1.0251651	1.019598	1.0507226	0.510204	0.84342474	0.087567694	0.83786577	0.44030622	0.86292046	0.2725065	0.42354566	0.011186311			
CYP4A2_8425	24306	cyp4a2	0.005148514851485149	0.024224733794134132	1.1670685	1.1670685	1.00701	-1.0076684	1.1082609	-1.0036811	-1.0748411	1.0038824	1.0191324	1.0306454	1.1670685	0.903102	0.90648377	0.12841548	0.9623674	0.23090048	0.9375415	0.738091	0.5803187	0.008986112			
CYP4A2_8426	24306;298423	cyp4a2;cyp4a3	0.026207705847838842	0.0653946417509808	1.1159577	1.1159577	1.0538963	1.0326723	1.0920368	-1.0258763	-1.0696813	1.0170069	1.0222402	1.0094513	1.1159577	0.16113664	0.5108872	0.08545226	0.63080776	0.28771347	0.7462578	0.71334964	0.8643623	0.007278366			
CYP51_8429	25427	cyp51	6.009615384615385E-4	0.009340324921578725	1.1294255	1.1294255	-1.0059439	-1.0121202	1.0642449	-1.0330923	-1.0546441	-1.0021952	1.0511845	1.0249295	1.1294255	0.8474074	0.7908774	0.053624116	0.43062356	0.26047128	0.952711	0.11054286	0.55091214	0.0020275777			
DAAM1_32393	314212	daam1	8.080808080808081E-4	0.01042891868579942	1.1186249	1.1186249	1.0152711	-1.0111643	1.0298041	1.0055177	-1.0139567	1.0002116	1.0084728	1.0143585	1.1186249	0.55746186	0.72660136	0.4407185	0.85699385	0.5875857	0.99254924	0.7271291	0.6177631	0.0030400031			
DAK_8436	361730	tkfc	0.003355704697986577	0.02007308342448046	1.2549549	1.2549549	1.1069385	1.1296943	1.1993037	1.0528766	1.0104473	1.1648283	1.1052128	1.1093793	1.2549549	0.17025551	0.1374023	0.049714576	0.6232605	0.89470255	0.05623665	0.201551	0.20361002	0.019701911			
DAO_8437	114027	dao	0.006776958341638429	0.028119384051587436	-1.0563228	1.0563228	-1.0128134	-1.0142736	-1.0428091	-1.0010511	1.0132018	1.0017624	-1.0040629	1.0074712	-1.0563228	0.20702422	0.41009253	0.0944869	0.95292836	0.3636198	0.90022016	0.7698891	0.6533084	0.043125995			
DAXX_8438	140926	daxx	0.03830125024806509	0.08537541256412273	1.0634036	1.0634036	-1.0092549	-1.0090177	1.0137429	-1.0017571	-1.0346938	1.0124856	1.0254117	-1.0084511	1.0634036	0.81975996	0.77207166	0.5740444	0.95894635	0.4525866	0.6226388	0.43103662	0.7540187	0.017645337			
DCTD_8442	290741	dctd	0.04182585964206716	0.09109453055231877	1.2944475	1.2944475	-1.0355678	1.049282	1.0713588	-1.068209	-1.2615522	1.0218676	-1.0105441	-1.134256	1.2944475	0.74834794	0.5689142	0.5755947	0.61270905	0.18418719	0.8244186	0.9320628	0.34020945	0.17609352			
DCXR_8445	171408	dcxr	0.019022827392871446	0.052998399975205425	-1.0487229	1.0487229	-1.0254704	-1.0151495	-1.0487229	-1.028134	-1.0022402	-1.0151101	-1.0212172	-1.0086858	-1.0429881	0.087875426	0.35052148	0.03958645	0.18231955	0.86790013	0.22105452	0.20113392	0.67521405	0.045841627			
DDB2_8446	100362121	ddb2	0.009062253743104806	0.03359844071797931	1.2317306	1.2317306	1.023338	-1.0498382	1.1121277	-1.1007035	1.0000826	1.0195107	1.0336931	1.0024276	1.2317306	0.6975375	0.66914725	0.09108792	0.49003068	0.9991773	0.7666397	0.6835187	0.9705536	0.014302606			
DDIT4_8450	140942	ddit4	2.012477359629704E-4	0.005244396776076087	1.2185125	1.2185125	1.0869104	1.016442	1.1053342	1.0562668	-1.0495974	1.013291	1.0532513	1.0553597	1.2185125	0.08019263	0.7486264	0.112645514	0.32250693	0.4367414	0.7869469	0.2775929	0.2450977	0.008485005			
DDR1_8451	25678	ddr1	0.00685898729070002	0.02833059967897834	1.1143514	1.1143514	-1.0053924	1.0289103	1.0608835	1.0321838	1.0231346	1.0106595	1.0343431	1.0487316	1.1143514	0.9025411	0.6806118	0.08307798	0.26361012	0.361967	0.70712143	0.4678176	0.1300218	0.002019591			
DDX10_8452	300710	ddx10	0.018467037331215252	0.05233201630081595	-1.0801476	1.0801476	-1.0005358	-1.0299069	1.0025259	-1.0340142	-1.0388993	-1.0039881	-1.024962	-1.0801476	1.0667877	0.9798306	0.3617477	0.9140999	0.44868428	0.3907625	0.8603001	0.49561858	0.15938406	0.03373486			
DDX21_8454	685025;317399	ddx21-ps1;ddx21	7.960199004975124E-4	0.01042891868579942	1.1365685	1.1365685	1.0195547	1.0168093	1.0501561	1.0009444	-1.0163347	1.0297842	1.0076599	1.0103307	1.1365685	0.57796437	0.65364313	0.30740252	0.98271763	0.6910696	0.34581655	0.8420091	0.8143517	0.0036078459			
DHCR7_8466	64191	dhcr7	0.002403364710594833	0.016738203726452724	1.235011	1.235011	-1.0127128	1.015897	1.1501908	1.0766461	-1.0002503	1.0452541	1.074073	1.1417052	1.235011	0.8127574	0.742617	0.15795532	0.1210477	0.99444324	0.45336974	0.04950623	0.06471128	0.021239983			
DHDDS_8467	298541	dhdds	0.0020189783969311527	0.015836148648648646	1.1519464	1.1519464	1.0113801	-1.0092769	1.0379276	-1.0097237	-1.0337421	-1.0048383	1.0015259	1.0457006	1.1519464	0.7303645	0.75590116	0.40888527	0.848644	0.32306543	0.88725734	0.97256374	0.28879026	0.0308208			
DHRS3_8468	313689	dhrs3	0.005435876786792832	0.024603687195851105	1.0490367	1.0490367	-1.0232563	1.0068911	-1.0136281	1.0117787	1.0076052	1.0209173	-1.0013763	1.0008782	1.0490367	0.31081894	0.6343391	0.4723413	0.56232405	0.67519426	0.17530736	0.9571142	0.9607601	0.08506073			
DHRS7_8469	299135;299131	dhrs7;dhrs7l1	0.0036503751774487935	0.020469726352079293	1.1785918	1.1785918	1.0554956	1.0322876	1.1785918	1.1013913	1.0281408	1.0265529	1.0767891	1.0446403	1.1534405	0.29305992	0.4396888	0.046470463	0.031482954	0.25951084	0.46537653	0.12939072	0.35169402	0.00692165			
DLD_8474	298942	dld	0.0012087026591458502	0.012203439596032506	1.1015573	1.1015573	1.0254021	1.0188802	1.0668075	1.0128032	1.0014391	1.0251472	1.0174407	1.0156618	1.1015573	0.21115246	0.5156768	0.023749754	0.5597579	0.9565569	0.22204176	0.47486043	0.6597526	0.009009702			
DLG3_32844	58948	dlg3	0.049291558571143486	0.10275512993670978	1.0557823	1.0557823	-1.0008223	1.00455	1.0459988	1.0135967	-1.0213201	1.0049607	1.0097749	-1.029516	1.0557823	0.967091	0.85881686	0.110815324	0.6286203	0.42382398	0.85968125	0.7446966	0.22412969	0.019852662			
DNAJA3_8477	360481	dnaja3	0.045700541190619365	0.0973026463983838	1.0283283	1.0283283	1.0043371	-1.0050418	1.0255499	-1.0016412	-1.0056947	1.0132052	1.0131496	1.0046273	1.0283283	0.73533225	0.7472081	0.07885998	0.87814003	0.6768264	0.38264197	0.26691392	0.7643037	0.018852463			
DNAJB2_8480	689593	dnajb2	0.0018083182640144665	0.015044845454118879	1.1242712	1.1242712	1.0312537	1.0214462	1.0619456	1.0330054	-1.0325425	-1.0189282	1.0516592	1.024069	1.1242712	0.4750077	0.64365363	0.17763266	0.434929	0.43440145	0.6263956	0.37154302	0.56886417	0.007826771			
DNAJB6_8481	362293	dnajb6	2.0060180541624874E-4	0.005244396776076087	1.4653237	1.4653237	1.1300428	1.0982585	1.2081952	1.1226834	1.11896	1.0710795	1.1555531	1.1955682	1.4653237	0.16065116	0.24015602	0.08357568	0.1342703	0.1600369	0.46322197	0.062622935	0.044259526	6.010586E-4			
DNAJC15_8483	290370	dnajc15	0.027960526315789474	0.06852733415233415	-1.0684885	1.0684885	-1.0185678	1.0050184	-1.0534999	-1.0019184	-1.001862	1.0011271	-1.0126504	-1.0134277	-1.0684885	0.42757508	0.8104749	0.1910192	0.9355742	0.9215467	0.9570539	0.4582486	0.5675476	0.13035333			
DNM1L_8487	114114	dnm1l	0.02015565755338256	0.055007574307795085	-1.1060246	1.1060246	1.021921	-1.0087719	1.0035319	-1.0393654	-1.0315456	1.0070761	-1.0196201	-1.0930904	-1.1060246	0.35387498	0.69462824	0.9186374	0.31297836	0.23171979	0.8732325	0.4910542	0.014084655	0.20769958			
DNMT1_8488	84350	dnmt1	0.0037616313601267076	0.020711496314768846	1.2024175	1.2024175	1.0324985	1.028365	1.1303048	-1.0062003	-1.0535265	1.0406425	1.0414419	-1.0061527	1.2024175	0.535501	0.6177799	0.07429715	0.92770094	0.4899697	0.3471159	0.32211554	0.92041034	0.017807567			
DNMT3A_8489	444984	dnmt3a	0.010365734402503423	0.036596393342618064	1.0908037	1.0908037	1.0261856	1.0266417	1.0340005	1.0020826	-1.0163573	-1.0129232	1.0049244	-1.0146384	1.0908037	0.35452086	0.50000054	0.32297352	0.9607631	0.6784594	0.67951316	0.88572323	0.67849207	0.011325572			
DPH2_8490	298452	dph2	0.007721243318154821	0.030502733504393798	1.2516856	1.2516856	1.1051327	1.0213014	1.1520436	1.0146052	-1.0093793	1.0150117	-1.015067	1.0529717	1.2516856	0.2351323	0.8417416	0.11836691	0.90021026	0.9270455	0.87085485	0.8791562	0.57153285	0.036083363			
DPP4_33201	25253	dpp4	0.005965400676078743	0.02591945869256794	-1.0248916	1.0248916	1.0114087	-1.0010086	1.0202026	1.0112646	1.003796	1.0023428	1.0090106	-1.0080823	-1.0248916	0.39646348	0.90875614	0.029164152	0.29581133	0.53008205	0.78017724	0.35076064	0.44857723	0.14439909			
DRAM2_33198	362011	dram2	0.0034281105061504335	0.020114942528735632	-1.0896564	1.0896564	-1.0202304	-1.0063612	-1.0578917	-1.009173	-1.0017468	-1.0043634	-1.016579	-1.0175899	-1.0896564	0.13732862	0.75208235	0.1062645	0.5903963	0.8954185	0.72901744	0.27490598	0.38908026	0.060049515			
DRAP1_8496	293674	drap1	0.0016022431403965552	0.014071133281668646	1.1784859	1.1784859	1.0465322	1.0308028	1.0848888	1.0014868	-1.0569018	1.0102243	1.0049189	1.0538858	1.1784859	0.25427616	0.37936848	0.18212175	0.97153884	0.2895074	0.78896004	0.91353595	0.20785402	0.033350214			
DUSP11_8501	297412	dusp11	0.008858267716535433	0.03328106232483651	1.0520616	1.0520616	1.0001614	-1.0088985	1.0066525	-1.0219933	-1.026467	-1.0083832	1.0081757	-1.0212371	1.0520616	0.9925559	0.7012692	0.776969	0.47198147	0.32667655	0.64421356	0.7292773	0.40921614	0.01557119			
DUSP5_32605	171109	dusp5	0.002225819506272764	0.016358505080864463	1.645945	1.645945	1.0862464	1.0866001	1.3961852	1.1983818	-1.1078007	-1.0219424	1.28282	1.3225756	1.645945	0.6498535	0.6788889	0.14195697	0.34328026	0.64418185	0.912376	0.128629	0.11243444	0.0027557507			
EAPP_8512	299043	eapp	0.04220779220779221	0.09162239078848125	-1.0502394	1.0502394	-1.017516	1.0018035	-1.0354396	-1.0129884	-1.0070481	-1.0015677	-1.0289893	-1.0362678	-1.0502394	0.2848518	0.8953762	0.21925291	0.598531	0.62447	0.91830707	0.15544677	0.140161	0.06593558			
EBNA1BP2_8513	114021	ebna1bp2	0.002407704654895666	0.016738203726452724	1.0379138	1.0379138	-1.002069	1.0170785	-1.0046358	1.015621	1.0034428	1.0169321	-1.0040827	1.0136757	1.0379138	0.8655075	0.18470809	0.72356164	0.33455053	0.8100335	0.27551773	0.7549427	0.3692138	0.023115372			
ECD_8515	688968	ecd	2.028809089064719E-4	0.005244396776076087	1.1774212	1.1774212	1.062432	1.0811485	1.0967107	1.1018778	1.0512817	1.0937299	1.0899994	1.0780412	1.1774212	0.12045143	0.06499848	0.022188408	0.0045574564	0.15671639	0.007968516	0.08284144	0.055885237	0.005686358			
ECI1_8520	29740	eci1	2.01450443190975E-4	0.005244396776076087	1.1682553	1.1682553	-1.0285492	-1.013734	-1.0243514	-1.0246353	-1.0320283	1.0031492	1.011113	1.0675435	1.1682553	0.05092432	0.34179413	0.04089943	0.30032086	0.04755519	0.8883397	0.4053484	0.0698179	3.0439216E-4			
EDN1_8525	24323	edn1	5.919494869771113E-4	0.009340324921578725	1.4487052	1.4487052	-1.009978	1.0657666	1.37993	1.1569982	-1.1853241	1.060508	1.2312999	1.2014663	1.4487052	0.92572117	0.4269629	0.00369457	0.3176514	0.23416565	0.5428351	0.012734731	0.10947942	0.011976858			
EED_8526	293104	eed	0.01844946025515211	0.05233201630081595	1.1944199	1.1944199	1.0521855	1.0306902	1.1525097	1.012764	-1.0671002	1.0336949	1.0562805	-1.062935	1.1944199	0.429483	0.6155389	0.061116114	0.86257917	0.4597119	0.5550431	0.46784776	0.5930166	0.03375518			
EEF1E1_8529	291057	eef1e1	0.005741437339140764	0.02539726716537877	1.0480051	1.0480051	-1.0075303	-1.0008425	1.0056549	-1.0042298	-1.0445061	-1.0262367	-1.0266635	-1.0321043	1.0480051	0.61676854	0.94757754	0.73282987	0.84102106	0.076767474	0.04289554	0.32731238	0.25310558	0.04748502			
EGR1_8533	24330	egr1	0.013306451612903225	0.041608731924360404	1.1857826	1.1857826	-1.0336463	1.0453503	1.0982956	1.0302868	-1.0306915	1.003069	1.0444362	-1.0027573	1.1857826	0.584946	0.63456076	0.21002969	0.6804961	0.76165795	0.9643512	0.6217868	0.9629308	0.026573805			
EHHADH_8534	171142	ehhadh	7.942811755361397E-4	0.01042891868579942	1.1562588	1.1562588	-1.0610622	-1.0593897	-1.114253	-1.0305763	-1.0380425	-1.0381626	-1.0380908	1.0636239	1.1562588	0.008541169	0.031035785	0.009873405	0.094085686	0.22979806	0.4957286	0.10083174	0.26963627	0.09655291			
EIF2AK2_8539	54287	eif2ak2	0.03717098653807514	0.08388701147450216	-1.1038536	1.1038536	-1.0258871	-1.01174	-1.0683755	-1.0189972	1.0007157	-1.0283115	-1.0407113	-1.0588379	-1.1038536	0.08978869	0.5285903	0.31140232	0.6310647	0.9820747	0.18872729	0.2152253	0.0060719317	0.15208173			
EIF4EBP1_8550	116636	eif4ebp1	9.956192751891676E-4	0.011001615776151587	1.237169	1.237169	-1.0184821	-1.0020621	-1.0552585	-1.026126	1.0843425	1.1034473	-1.0633948	1.0121158	1.237169	0.5181188	0.97509	0.20884912	0.7067528	0.15762626	0.25048026	0.3740844	0.8497108	0.014729496			
EIF4G1_8551	287986;682402	eif4g1;eif4g1-ps1	0.0394215530903328	0.08738444268357105	1.0644469	1.0644469	1.0157657	-1.0134643	1.0545932	1.0089483	-1.015907	-1.0124745	1.01726	-1.0116835	1.0644469	0.57855153	0.68827975	0.07625293	0.79389906	0.6775239	0.67078036	0.5249558	0.75281066	0.029995285			
ELOVL5_8556	171400	elovl5	2.022653721682848E-4	0.005244396776076087	1.1076503	1.1076503	1.0109797	-1.0185664	1.0041512	1.0156785	-1.0127304	-1.00271	-1.0019014	1.020189	1.1076503	0.62963474	0.21341436	0.7774611	0.3025091	0.45397007	0.88610166	0.941271	0.25588366	6.9557875E-4			
EMR1_8558	316137	adgre1	0.02238066943949297	0.059381878209831256	1.1517996	1.1517996	1.1235209	1.1247473	1.1201293	1.1137837	1.0633113	1.1478955	1.1108354	1.0110418	1.1517996	0.07560075	0.15627797	0.11871128	0.10051081	0.43082598	0.055664472	0.1065917	0.8895683	0.09086425			
ENG_32663	497010	eng	0.020404120443740095	0.055458065783735	1.1915067	1.1915067	1.0117608	1.0051113	1.0697415	-1.0335873	-1.046078	1.0106012	1.0320452	-1.0736778	1.1915067	0.8345253	0.9384453	0.29579094	0.7085228	0.67750394	0.8820045	0.51138854	0.40227613	0.033683077			
ENO2_32652	24334	eno2	0.04239794912246105	0.09164020422460434	1.4466543	1.4466543	-1.1127748	-1.0639741	1.205271	1.1911069	1.0513853	1.1194783	1.1019135	1.1019183	1.4466543	0.75305223	0.75200886	0.39888385	0.41289932	0.8162745	0.6748248	0.5997644	0.68262184	0.048028607			
ENO3_33181	25438	eno3	0.0036452004860267314	0.020469726352079293	1.1638631	1.1638631	1.0245781	-1.0319175	1.0305648	-1.0045553	1.0387701	-1.0268711	1.0099686	1.0006968	1.1638631	0.4433526	0.2826605	0.6021109	0.9165051	0.43278846	0.5920787	0.8183714	0.9788751	0.044599183			
EP300_32876	170915	ep300	0.009678056488248075	0.03523307060958925	1.0876281	1.0876281	1.0245249	-1.0016775	1.051201	-1.0062495	-1.0428808	1.0019118	1.021532	-1.0324974	1.0876281	0.4208543	0.95781636	0.14183809	0.87870514	0.35152832	0.9343967	0.49502975	0.3702654	0.0030057644			
EPHX1_8567	25315	ephx1	0.006533359730746387	0.027498001398394603	1.0538561	1.0538561	1.0158545	1.0076984	1.0093366	-1.0109121	1.0007242	1.0235521	1.0036095	1.0162542	1.0538561	0.42146248	0.65238607	0.4084499	0.44381523	0.97356963	0.07885017	0.82831675	0.33145493	0.0076169684			
EPRS_8569	289352	eprs1	0.006002400960384154	0.02591945869256794	1.0193403	1.0193403	-1.0169251	-1.0045974	-1.0044651	1.001864	1.0015322	-1.002327	-1.0030998	-1.0097584	1.0193403	0.08714898	0.56033146	0.5292148	0.8089574	0.8489006	0.85163295	0.80134624	0.20415372	0.0142397825			
ERBB2_8570	24337	erbb2	0.03126867157936666	0.07452927096874132	1.2980257	1.2980257	1.0773114	1.0115378	1.2953042	1.025509	-1.0748898	1.1490519	1.1664457	1.1433976	1.2980257	0.54808736	0.9261103	0.026649753	0.8302406	0.59953433	0.1690259	0.026155155	0.33046472	0.034286987			
ERBB3_8571	29496	erbb3	0.014478381594605315	0.04453539205655288	1.1303545	1.1303545	1.0259134	-1.002109	1.0629473	-1.0205945	-1.0538281	1.0671979	1.0210866	1.0733484	1.1303545	0.4513162	0.9260787	0.12201292	0.5544611	0.24438716	0.040470377	0.74625087	0.14898947	0.09436286			
ERO1LB_32533	364755	ero1b	2.010454362685967E-4	0.005244396776076087	1.71267	1.71267	-1.2132851	1.1188648	1.0651786	1.0626636	-1.172093	-1.0258603	1.0896448	1.0103595	1.71267	0.34732014	0.38191152	0.49446517	0.6987105	0.4161805	0.8488103	0.63582826	0.9401341	3.5659884E-4			
ESCO2_32645	691979	esco2	2.0279862096937742E-4	0.005244396776076087	3.1362987	3.1362987	1.0127858	1.0988042	1.1579927	1.5629185	1.4305668	-1.0499027	1.4606869	-1.3091813	3.1362987	0.96021974	0.7168101	0.7264946	0.11295388	0.18355934	0.8919656	0.311341	0.59733754	2.4290186E-5	100.0	300.0	
ESR1_33192	24890	esr1	0.010325655281969817	0.03658913372563016	1.0681581	1.0681581	-1.0017031	-1.0142525	1.0341978	1.0124941	-1.0218328	-1.0252507	-1.0087593	-1.0116283	1.0681581	0.9480023	0.6000041	0.26859847	0.66922235	0.37551686	0.27673638	0.71176696	0.69141036	0.003739522			
ETFB_8574	292845	etfb	2.028809089064719E-4	0.005244396776076087	1.0705054	1.0705054	-1.008181	-1.018626	1.0075328	-1.002989	-1.0083461	1.0084885	1.0097456	1.0275615	1.0705054	0.42144087	0.08066777	0.73320365	0.8007534	0.2826792	0.44215456	0.46102044	0.09909203	0.045264702			
ETS1_8577	24356	ets1	0.026854983091306944	0.06646287074213428	1.2625594	1.2625594	1.0980796	1.0997869	1.1645348	-1.0505781	-1.0972831	1.0827447	1.0837383	-1.0440108	1.2625594	0.16723095	0.2701725	0.027304012	0.71262497	0.4809439	0.52679706	0.48590755	0.66052186	0.049858507			
EXOG_32486	301062	exog	0.014776357827476038	0.04521293537701641	1.5046484	1.5046484	1.0397255	1.1392335	1.4525125	1.0138266	1.0762438	1.1366467	1.3046883	1.0686772	1.5046484	0.8545139	0.48696485	0.008801426	0.946481	0.705654	0.28955412	0.08269843	0.744692	0.04032716			
EXOSC4_8579	300045	exosc4	2.035002035002035E-4	0.005244396776076087	1.073091	1.073091	-1.0559256	-1.0431408	-1.0238587	1.0123874	-1.0167265	-1.0220567	-1.0242796	1.0070622	1.073091	0.053115733	0.20338514	0.5481137	0.45986176	0.6056469	0.24085073	0.47672713	0.784647	0.016670931			
EXOSC7_8580	316098	exosc7	0.0018025235329461246	0.015044845454118879	1.4584743	1.4584743	-1.0132525	1.1518613	1.1320903	-1.1010294	-1.2167566	1.1458393	1.0060611	-1.0628306	1.4584743	0.93375087	0.2975018	0.4199331	0.4948753	0.27657953	0.22676462	0.9588645	0.661608	0.018523162			
EXOSC8_8581	295050	exosc8	2.0445716622367614E-4	0.005244396776076087	1.0712187	1.0712187	-1.0239369	-1.0078651	1.0170579	1.0082921	1.0102376	-1.0002693	1.0063844	-1.0092374	1.0712187	0.08212615	0.54046804	0.3934807	0.6108894	0.6157725	0.9692903	0.48295313	0.49512592	0.03513592			
F11R_8586	116479	f11r	0.018626076507109953	0.052484495242492026	1.0617096	1.0617096	-1.0087497	-1.026836	1.0175775	-1.0082914	-1.0249165	-1.0021615	1.0147274	1.0060076	1.0617096	0.7920564	0.3287299	0.5111548	0.70522577	0.30652204	0.944001	0.29293108	0.79436886	0.049510755			
F2_32334	29251	f2	0.032037074350191416	0.07563782642441641	1.1795535	1.1795535	-1.0554467	-1.0430573	1.1795535	1.0656552	-1.0505378	1.0229832	1.0310827	1.0435578	1.1087072	0.45763358	0.5018178	0.009850339	0.3818563	0.27268276	0.5532827	0.5585401	0.4175238	0.062412262			
FADS1_8593	84575	fads1	0.002536090518923137	0.017333958919820668	1.1337379	1.1337379	-1.0022612	-1.0487024	-1.0552999	-1.0965421	-1.0315465	-1.0228074	1.0010341	1.0826024	1.1337379	0.9386289	0.40756232	0.20740257	0.02387722	0.43320715	0.73174256	0.97672117	0.07543551	0.10784834			
FAH_8595	29383	fah	0.03728813559322034	0.0839856607478006	-1.0890014	1.0890014	-1.0132004	-1.0054555	-1.0570775	1.004439	1.0255009	1.0005082	1.0076754	1.0009629	-1.0890014	0.6522762	0.8785775	0.2015495	0.9049934	0.41950598	0.9840465	0.77732223	0.9801343	0.15451492			
FAIM_8596	140930	faim	0.0018137847642079807	0.015044845454118879	-1.0360184	1.0360184	-1.0304526	-1.0360184	-1.0284799	-1.0101432	-1.0327965	-1.0115892	-1.0210074	1.0101573	1.0244194	0.15801202	0.02588056	0.15728566	0.4823802	0.03229571	0.48760968	0.14233638	0.43427095	0.099209376			
FAM129B_32749	362115	niban2	8.040201005025126E-4	0.01042891868579942	1.226298	1.226298	1.0653709	1.057946	1.1836132	1.1367375	1.0725904	1.085333	1.1722637	1.1143364	1.226298	0.3651192	0.5570202	0.018717002	0.07516101	0.28318992	0.23615174	0.041921873	0.09120771	0.006337235			
FANCD2_32782	312641	fancd2	0.001199040767386091	0.012203439596032506	1.5726731	1.5726731	1.0772339	1.0176257	1.317488	1.0312005	-1.0068932	1.0066878	1.0641909	1.0571746	1.5726731	0.57344633	0.8971019	0.068528235	0.86477244	0.9732337	0.97365487	0.606968	0.704337	0.0014736985			
FASN_8611	50671	fasn	2.002002002002002E-4	0.005244396776076087	1.1695714	1.1695714	1.0327972	1.019103	1.0744154	1.0162373	-1.0195416	1.0167906	1.0718315	1.0375721	1.1695714	0.2778671	0.5708741	0.02190209	0.56933284	0.6505067	0.5578173	0.04281136	0.31194943	3.7133458E-4			
FAT1_8613	83720	fat1	4.026575397624321E-4	0.007576131577848074	1.158023	1.158023	1.0463971	1.0492643	1.1015972	1.0267975	1.0070461	1.0088487	1.0056261	1.015928	1.158023	0.12677298	0.17566215	0.03746554	0.5921094	0.8247858	0.74525845	0.8800488	0.62175274	8.358042E-4			
FBLIM1_8615	362650	fblim1	5.968961400716276E-4	0.009340324921578725	2.0321312	2.0321312	-1.0055541	1.2476875	1.3263985	1.1846718	-1.0519506	1.0814142	1.220699	-1.1644418	2.0321312	0.9792375	0.2380449	0.19766212	0.5138376	0.88614184	0.7961354	0.22854452	0.5190148	1.2843116E-4	100.0	300.0	
FBP1_8617	24362	fbp1	4.035512510088781E-4	0.007576131577848074	-1.0496045	1.0496045	-1.0236924	-1.0085481	-1.0382859	-1.0282341	-1.0140499	1.0002384	-1.0269177	-1.012526	-1.0496045	0.08424489	0.43764833	0.009659262	0.08423924	0.12902407	0.9664658	0.071970135	0.24865356	2.9566378E-5			
FBXO21_8620	360818	fbxo21	0.010497128144186968	0.03667106435046071	1.5905325	1.5905325	1.1303756	1.0398953	1.2919475	1.106965	-1.0957024	1.0114642	1.083882	1.0972598	1.5905325	0.5317876	0.8772163	0.26030186	0.60702175	0.7003475	0.952026	0.5884298	0.67142963	0.009645811			
FBXO7_8621	366854	fbxo7	0.04276904714541476	0.0923422608821455	1.1360453	1.1360453	1.023833	-1.0050364	1.0493879	-1.039943	-1.060565	-1.0100137	1.0077305	-1.0209779	1.1360453	0.7132083	0.95148766	0.35832578	0.5258291	0.394926	0.83608794	0.9107646	0.72845703	0.031007413			
FCER1G_8623	25441	fcer1g	2.01450443190975E-4	0.005244396776076087	1.0853806	1.0853806	1.0228158	1.047498	1.0221897	1.023843	1.0269299	1.0361089	1.0404248	1.0021342	1.0853806	0.33250389	0.0195644	0.36792222	0.30693373	0.3080788	0.05020668	0.03230515	0.9232168	0.0023232016			
FDFT1_8628	29580	fdft1	2.0279862096937742E-4	0.005244396776076087	1.0831214	1.0831214	1.0202817	1.0103909	1.0404023	1.0183026	1.0113577	1.0173587	1.0434296	1.0338279	1.0831214	0.10521876	0.51912475	0.039786275	0.031826288	0.19523571	0.113193214	1.7353651E-4	0.06196605	1.1874071E-5			
FDPS_8629	83791	fdps	0.0033550424314189855	0.02007308342448046	1.1075149	1.1075149	1.0084964	-1.0039377	1.0402416	-1.0231957	1.0025449	1.0323211	1.0444496	1.0039519	1.1075149	0.76494795	0.8931136	0.17663336	0.47496492	0.9143709	0.11417279	0.26716936	0.88928413	0.07131327			
FGF13_32529	84488	fgf13	0.037334403853873946	0.0839856607478006	1.1044856	1.1044856	-1.0341672	-1.0949552	1.0393343	-1.0217361	-1.0328304	-1.0389425	-1.0674174	-1.0759637	1.1044856	0.5704306	0.28278777	0.55412054	0.70752215	0.65552723	0.52800673	0.32546356	0.3759061	0.07740686			
FGFR2_8637	25022	fgfr2	0.002411575562700965	0.016738203726452724	1.5797323	1.5797323	1.1586442	1.1079046	1.5797323	1.2114754	1.1173738	1.0785081	1.1601512	1.1223766	1.48765	0.35190293	0.5609053	0.0051997085	0.27431294	0.50466704	0.6189993	0.30900803	0.47232082	0.013671122			
FGFR4_8638	25114	fgfr4	0.0054097375275495895	0.024603687195851105	1.1844947	1.1844947	1.0459222	-1.0027251	1.1371561	1.0234312	-1.0362356	1.0075809	1.0701326	-1.0092088	1.1844947	0.40612444	0.9671954	0.07132714	0.7249554	0.58821017	0.8786522	0.1935292	0.8910344	0.0074453373			
FGL1_8640	246186	fgl1	0.010382736156351791	0.036596393342618064	1.6786624	1.6786624	-1.0626125	1.0680254	1.5199362	1.0884086	-1.2782211	-1.109266	-1.1303873	-1.3870556	1.6786624	0.80308604	0.7636615	0.1255314	0.7120494	0.3346472	0.63925076	0.67177176	0.22504969	0.08203236			
FILIP1L_32649	304020	filip1l	0.006988817891373802	0.02857108953543183	1.1789105	1.1789105	1.1131908	1.0817604	1.1297307	1.0286845	1.040609	1.1273042	1.0635304	-1.0072789	1.1789105	0.15566115	0.13896534	0.01973762	0.7154584	0.6029227	0.112292774	0.20072328	0.87763023	0.0016657311			
FIS1_8645	288584	fis1	0.013779527559055118	0.04275296653237163	1.0743014	1.0743014	1.0135679	1.0126356	1.0429901	-1.0156916	-1.0641555	-1.0072892	-1.0211318	-1.0372859	1.0743014	0.41338247	0.56648165	0.17887785	0.62913555	0.0710464	0.87148774	0.42671618	0.29730254	0.024582494			
FITM1_32465	290223	fitm1	0.04554416403785489	0.09707329834991507	1.2584258	1.2584258	-1.065854	1.0601453	1.070632	-1.0610919	-1.0190117	1.0932182	-1.0040714	1.1930108	1.2584258	0.6611484	0.6486258	0.6361711	0.6214214	0.9109339	0.48320535	0.9814609	0.1416143	0.121956535			
FKBP14_8647	362366	fkbp14	0.001006441223832528	0.011001615776151587	1.1309671	1.1309671	1.0284697	1.0425352	1.1011018	1.0177381	-1.0126368	1.0421592	1.0287011	-1.004468	1.1309671	0.3192657	0.2733472	0.0070216586	0.72726196	0.668112	0.12248707	0.33156934	0.9115029	0.006141287			
FKBP1A_8648	25639	fkbp1a	0.0014084507042253522	0.0130935582318774	1.0813638	1.0813638	-1.0121062	1.0033087	1.0478495	1.0086203	-1.0241845	1.0042785	1.0067228	1.0258976	1.0813638	0.53591716	0.86999595	0.064429834	0.6854236	0.14767125	0.8309422	0.6411564	0.3964957	0.041231133			
FKBP4_8649	260321	fkbp4	0.007761194029850746	0.03057074826724504	1.1964078	1.1964078	1.0533816	-1.014355	1.0737065	-1.036431	-1.079695	-1.0150006	1.0111445	-1.0259951	1.1964078	0.3035375	0.82246965	0.34248516	0.5687592	0.16712569	0.7699727	0.86498696	0.7224759	0.056284573			
FKBP5_8650	361810	fkbp5	0.03268105709098245	0.0768852699251297	1.109638	1.109638	1.004814	1.0291296	1.0105859	-1.0014367	-1.0287293	1.0512329	1.0390755	1.0831184	1.109638	0.86076456	0.47543496	0.6937095	0.9748825	0.13251339	0.4182255	0.4986149	0.16600254	0.029754745			
FLNA_8651	293860	flna	0.001002004008016032	0.011001615776151587	1.1578224	1.1578224	1.0225073	1.0795662	1.0859733	1.0262877	1.0245558	1.0458462	1.0376638	-1.0111269	1.1578224	0.39083853	0.038011555	0.08347447	0.59236825	0.58324003	0.38218892	0.3950421	0.6304365	0.0022744313			
FMO1_32787	25256	fmo1	2.0112630732099757E-4	0.005244396776076087	-1.0860378	1.0860378	-1.0183451	-1.0163339	-1.0453875	-1.0268066	-1.0200766	-1.0143207	-1.0242988	-1.0281624	-1.0860378	0.06907542	0.14741176	0.006429954	0.06718342	0.008935747	0.13952754	0.002649996	0.015327287	0.0059970585			
FMO5_33281	246248	fmo5	6.031363088057901E-4	0.009340324921578725	1.0891458	1.0891458	-1.0166354	1.0252122	1.0457627	1.035773	1.0346367	1.0723308	1.0249318	1.0368793	1.0891458	0.5912201	0.42779034	0.064794324	0.16070548	0.13645999	0.03922285	0.33169544	0.12454222	0.00918095			
FOLR2_32628	293154	folr2	7.919223916056226E-4	0.01042891868579942	2.063014	2.063014	1.8115928	1.8734657	2.063014	1.578594	1.5482225	1.6502786	1.6415924	1.3985442	2.0262976	0.014237892	0.021131968	0.005329123	0.16121031	0.20041785	0.047384325	0.11924092	0.24076305	0.004697822	0.1	0.3	
FOS_8657	314322	fos	0.030202000392233773	0.0724594739256767	-1.8317847	1.8317847	-1.0448259	-1.0943465	1.0305237	-1.8317847	-1.1724263	-1.2345287	-1.2223965	-1.5672309	1.1971437	0.73504645	0.54674274	0.8369885	0.011704778	0.29832938	0.245014	0.41183898	0.053525288	0.10422465			
FOXO3_8662	294515	foxo3	0.00874056416368693	0.033150548354935194	1.2526877	1.2526877	1.0878323	1.0557729	1.1643463	1.0379814	-1.0552288	-1.0067731	1.0517143	1.0578526	1.2526877	0.30861703	0.56105804	0.13898896	0.66402066	0.60113126	0.9519864	0.5616966	0.53254926	0.04550749			
FST_33195	24373	fst	0.009415064102564102	0.03446431721947777	2.2616656	2.2616656	1.5620033	1.4415212	2.2616656	1.5162168	1.6740012	-1.0770874	1.7848716	-1.1066413	2.1262615	0.19092914	0.40538654	0.0043904656	0.3456202	0.16098528	0.8778466	0.05108106	0.8150221	0.008267481	0.1	0.3	
FSTL1_32837	79210	fstl1	1.9984012789768185E-4	0.005244396776076087	1.3908843	1.3908843	-1.058781	1.0102628	-1.0102952	1.08768	1.0668331	-1.0600032	1.1304265	1.1599032	1.3908843	0.51540226	0.88265437	0.89043516	0.27783135	0.3128284	0.5981106	0.057926223	0.24929315	3.8456285E-4			
FV1_8669	308568	fv1	0.005343360379972293	0.024603687195851105	1.3728759	1.3728759	1.0820271	1.049392	1.2551829	-1.0225263	-1.0408561	-1.007142	1.1360918	1.029168	1.3728759	0.40004572	0.7126446	0.026151614	0.89189935	0.71402353	0.94765145	0.21048291	0.834098	0.017217427			
FYB_32909	499537	fyb1	8.016032064128256E-4	0.01042891868579942	1.1678746	1.1678746	1.074944	1.0968708	1.1019315	1.0397674	1.0175416	1.0579712	1.0932828	-1.0291592	1.1678746	0.12299291	0.046391487	0.07931037	0.3648869	0.7741887	0.2107378	0.079669766	0.5475831	0.004493056			
FYN_8670	25150	fyn	0.0019964064683569574	0.015836148648648646	1.2104559	1.2104559	1.058326	1.0418769	1.1383575	1.0800519	1.0416842	1.0041854	1.0836134	1.0251025	1.2104559	0.3363863	0.5325265	0.074942596	0.25224352	0.566546	0.9430355	0.13760075	0.7360996	0.01992283			
FZD1_8671	58868	fzd1	0.004719885081058896	0.02330743618201998	-1.2508111	1.2508111	-1.0060844	1.0193146	-1.1213092	-1.0509402	-1.0397716	-1.0152026	-1.0257701	-1.0985969	-1.2508111	0.84077704	0.43252423	0.14307196	0.1441526	0.18211605	0.4658737	0.3476363	0.012780187	0.14501838			
G6PD_8674	24377	g6pd	0.007333469138317376	0.029622807334368714	-1.0398195	1.0398195	-1.0021907	-1.0398195	1.0041794	1.0075788	-1.0105917	-1.005479	-1.0105861	-1.0170488	1.0361984	0.88701326	0.054003265	0.81665826	0.5523448	0.5522521	0.7175537	0.511884	0.40166825	0.028441109			
GADD45A_8678	25112	gadd45a	0.0010086746015735323	0.011001615776151587	1.0662152	1.0662152	-1.0099313	1.0083941	1.0142144	-1.0061367	1.0105013	1.0048455	1.0187173	1.0098022	1.0662152	0.51759595	0.60403323	0.18340999	0.71444076	0.43060884	0.7423346	0.50601333	0.43152422	0.034246366			
GAMT_8681	25257	gamt	6.166495375128469E-4	0.009342861959799937	1.0893027	1.0893027	-1.0073133	-1.0058587	1.0477756	1.0304244	1.0166258	1.023508	1.0353272	1.0433385	1.0893027	0.688091	0.75459456	0.25762543	0.09714225	0.25655922	0.051448353	0.06296613	0.015117456	0.020122753			
GAR1_8683	499709	gar1	0.032980211872876274	0.07740649727810373	-2.1749732	2.1749732	-1.776483	-1.8626738	-1.5242188	-1.2245089	-1.2786478	-2.1749732	-1.0106225	1.5506747	1.1792436	0.13735181	0.077294976	0.44760492	0.47530833	0.39189118	0.062765904	0.96781766	0.11267331	0.5533193			
GAR1_8684	499709	gar1	9.98801438274071E-4	0.011001615776151587	1.2832524	1.2832524	1.1146762	1.0275143	1.1708615	1.114165	1.0322847	1.0934634	1.1282966	1.0820738	1.2832524	0.17904325	0.79375243	0.08441747	0.27073425	0.732699	0.36325634	0.18042503	0.38387257	0.010118196			
GATA2_8689	25159	gata2	0.00936068512248556	0.03432824782970348	1.5643066	1.5643066	1.1469955	-1.1888491	1.288843	1.0715418	1.011525	1.07726	1.1218781	-1.340572	1.5643066	0.3731408	0.55760866	0.24267086	0.71916443	0.9425121	0.6984768	0.45854637	0.30192864	0.028034126			
GATA3_8690	85471	gata3	0.002194732641660016	0.016358505080864463	1.2370383	1.2370383	-1.0029604	-1.0209265	1.0626303	1.008907	-1.0554771	-1.0009309	1.0274063	1.0277522	1.2370383	0.9626553	0.74246144	0.3236772	0.86905056	0.29441285	0.9850819	0.76789474	0.70583886	0.024275906			
GATM_32792	81660	gatm	0.005286701911346075	0.024603687195851105	-1.0696436	1.0696436	1.0251055	1.0183222	-1.0696436	1.0018076	1.0309354	-1.0030252	1.005479	1.0288378	-1.0660665	0.09332954	0.16582252	0.040748708	0.9579183	0.17405307	0.8037922	0.78639823	0.15930274	0.057183452			
GBP2_8691	171164	gbp2	0.011155378486055778	0.03791308361104136	1.1047205	1.1047205	1.0417461	-1.0059574	1.0283092	-1.0117625	1.0405617	1.0307621	1.0351588	-1.0177104	1.1047205	0.21671203	0.8612226	0.5937446	0.825727	0.3183427	0.39546746	0.24985346	0.6424325	0.007248407			
GBP4_8692	310917	gbp4	2.0222446916076846E-4	0.005244396776076087	1.8213248	1.8213248	-1.2355453	-1.0092453	1.1289253	-1.0337524	-1.0422598	-1.1871386	1.1601787	-1.0215287	1.8213248	0.4245273	0.96369654	0.53981656	0.88341707	0.8350537	0.48660126	0.50406426	0.9302398	0.0029738706			
GCDH_8693	364975	gcdh	0.027945315641334942	0.06852733415233415	1.0281131	1.0281131	-1.0169976	-1.0104346	-1.0111929	1.001064	1.0108367	1.0095253	1.0251219	1.0281131	1.000611	0.08858256	0.124412745	0.4057659	0.9281211	0.20335357	0.38061863	0.019899342	0.011678055	0.9635463			
GCLM_8700	29739	gclm	0.0433710174717369	0.09354073497958391	1.1061593	1.1061593	1.0387418	1.02659	1.1061593	1.0685539	1.0283427	1.0317341	1.0581592	1.0399883	1.0785058	0.38192767	0.37838584	0.03623993	0.08062292	0.23243742	0.3706057	0.16769058	0.23159756	0.029633712			
GFPT1_8705	297417	gfpt1	0.01789577187807276	0.051369877549288	1.1797837	1.1797837	1.0775273	1.0280812	1.1552473	-1.0042773	-1.0445328	1.0286114	1.0023677	1.0030851	1.1797837	0.12991999	0.7403424	0.038628418	0.9573967	0.5759994	0.664564	0.96734333	0.96174407	0.038192615			
GFPT2_32470	360518	gfpt2	0.001008471157724889	0.011001615776151587	1.7060579	1.7060579	-1.0023416	1.2119421	1.3226105	1.0103608	-1.295498	1.0004306	1.0752189	-1.1470551	1.7060579	0.9917474	0.39958096	0.19605155	0.9646872	0.42866018	0.9987005	0.8197105	0.62858665	0.016708842			
GINS1_8707	499914	gins1	9.9601593625498E-4	0.011001615776151587	1.4046296	1.4046296	1.0412068	1.050046	1.1037617	-1.0001531	-1.1143607	-1.1247537	-1.1775564	-1.1138608	1.4046296	0.63525164	0.62821126	0.35856977	0.9992718	0.37339425	0.3174251	0.41001582	0.37419668	0.0025871946			
GJB1_8710	29584	gjb1	0.007350019864918554	0.029622807334368714	1.8468252	1.8468252	1.3880043	1.0235984	1.6312709	1.0844762	-1.0690194	1.1666726	1.4071865	1.1883698	1.8468252	0.12661533	0.9452093	0.03986092	0.78788143	0.8289436	0.41593948	0.04104138	0.53298414	0.02062046			
GLYAT_34103	293779	glyat	0.005883546358287685	0.025797087878646006	-1.0831205	1.0831205	-1.0087823	-1.0097612	-1.0455087	-1.0239533	-1.0143871	-1.0155854	-1.0354251	-1.0268171	-1.0831205	0.48370346	0.5907522	0.09116238	0.09635063	0.19538274	0.45010117	0.06885268	0.10234999	0.11595011			
GNA11_8720	81662	gna11	0.022885572139303482	0.05987026298728346	1.0882407	1.0882407	1.0119784	-1.0363046	1.0433663	-1.0135437	-1.0187918	-1.0084049	-1.0023873	-1.0053493	1.0882407	0.7348379	0.48076797	0.18072888	0.718551	0.5811285	0.82230467	0.9623976	0.87888116	0.014673117			
GNAI2_8724	81664	gnai2	0.010476378730974501	0.03667106435046071	1.1024163	1.1024163	1.0228242	1.0214843	1.0817274	1.0066764	-1.041057	1.0104127	1.0144705	-1.0284888	1.1024163	0.43997487	0.59963036	0.036562614	0.8861566	0.4470602	0.73976946	0.65443283	0.5019572	0.014597432			
GNAS_8728	24896	gnas	0.022138013562026326	0.05904456825700872	1.0860525	1.0860525	1.0199559	1.0052122	1.0579545	-1.0130811	-1.0179831	-1.0197994	1.0087028	1.0035372	1.0860525	0.32880569	0.8347827	0.1573732	0.67267144	0.5491497	0.42734954	0.6946246	0.90578246	0.128479			
GNB1_8730	24400	gnb1	0.0011964107676969093	0.012203439596032506	1.2535412	1.2535412	1.0544621	1.0084133	1.1305711	1.0358046	-1.0515089	1.0429143	1.0302044	-1.00324	1.2535412	0.4320217	0.9298436	0.10291755	0.627838	0.5662011	0.4885107	0.68387985	0.9697997	0.009185481			
GNB2L1_8731	83427	rack1	0.008773678963110668	0.033150548354935194	1.0215257	1.0215257	-1.0047891	-1.0064621	1.0126106	1.00728	-1.0002542	-1.0054945	1.006141	1.0040265	1.0215257	0.37956035	0.29372624	0.04317905	0.3655526	0.96973604	0.5136934	0.37882462	0.66542536	0.18375881			
GNB5_8733	83579	gnb5	0.04133897963299052	0.09062776304155615	1.0764098	1.0764098	-1.0179884	-1.0050857	-1.0001856	-1.0362346	-1.0069104	1.0046196	-1.0146108	1.0294645	1.0764098	0.579977	0.86031836	0.9964938	0.31506267	0.76689386	0.8601275	0.5949603	0.20035657	0.2741313			
GOLT1B_8738	362460	golt1b	0.001216298398540442	0.012203439596032506	1.1638479	1.1638479	-1.027128	1.0085876	1.0272331	1.0388656	-1.0626025	-1.0231262	1.0029949	-1.0428178	1.1638479	0.5985976	0.8521619	0.40203193	0.46785772	0.24317212	0.54553044	0.9418405	0.4711767	0.004851751			
GPATCH4_8740	295228	gpatch4	2.035002035002035E-4	0.005244396776076087	1.139253	1.139253	-1.1032689	-1.0678761	-1.0647653	-1.1256801	-1.0627271	-1.081421	-1.0226763	-1.0819547	1.139253	0.013811493	0.10495055	0.27997342	0.044129167	0.3439229	0.08526387	0.4986498	0.12881905	0.025774967			
GPATCH8_8741	685233	gpatch8	3.9154267815191856E-4	0.007576131577848074	1.2982246	1.2982246	1.1229571	1.137421	1.2014172	-1.0090375	1.0318546	1.1406113	1.1666826	1.0275654	1.2982246	0.19084956	0.111680344	0.022418326	0.9101333	0.82027704	0.09378503	0.11726944	0.6962695	0.0026433908			
GPD1_32517	60666	gpd1	0.00444624090541633	0.02251332641194309	1.0705321	1.0705321	-1.0043095	-1.0305713	1.0088562	-1.0171082	-1.0136926	-1.012093	1.005569	1.0315651	1.0705321	0.832155	0.06265165	0.81136125	0.40655547	0.4758639	0.56387645	0.7351038	0.23413691	0.024612468			
GPX1_33050	24404	gpx1	0.036570979158474244	0.08300239297059853	1.233996	1.233996	1.1281494	1.0617131	1.159372	-1.0277798	-1.1006559	1.0464681	1.0838138	1.045604	1.233996	0.19445306	0.5964816	0.097127855	0.8214848	0.480241	0.64305276	0.39517775	0.73065436	0.04003334			
GRB10_8746	498416	grb10	0.014510278113663845	0.04453539205655288	-1.1879394	1.1879394	-1.1456418	-1.121059	-1.1879394	-1.0010827	-1.1031171	-1.1220644	-1.0159003	-1.0441169	1.1243467	0.23990212	0.08953608	0.14834595	0.98669213	0.2880964	0.27608034	0.79668486	0.44026786	0.11350591			
GRB14_32726	58844	grb14	2.042483660130719E-4	0.005244396776076087	2.0670018	2.0670018	-1.4334455	-1.1165191	1.225996	-1.298446	1.2204847	1.0618967	1.3205602	1.1156331	2.0670018	0.27924109	0.7256574	0.37908673	0.47395015	0.34604022	0.8019666	0.20999846	0.5575129	0.0013747797	100.0	300.0	
GREB1_33127	500633	greb1	0.01881881881881882	0.05287796196102714	1.3422921	1.3422921	1.1192613	1.0155369	1.2157582	1.0033021	-1.0521483	-1.0012934	1.0301557	1.0411398	1.3422921	0.19199526	0.9024211	0.13693792	0.98089194	0.6736746	0.993128	0.71372104	0.7940852	0.054212198			
GRIK2_32967	54257	grik2	0.025540275049115914	0.06441573795573483	1.7296522	1.7296522	1.462733	1.0538465	1.1721619	1.4146456	1.0270784	1.1530654	1.5844369	1.3550384	1.7296522	0.07913241	0.89697796	0.7054048	0.16995901	0.93846357	0.58752424	0.042696707	0.20552501	0.013173597			
GRN_8752	29143	grn	0.005385996409335727	0.024603687195851105	1.2234925	1.2234925	1.0733539	1.0420903	1.1391366	1.0227227	-1.0046501	1.0837561	1.0621512	1.0489184	1.2234925	0.23013744	0.50194424	0.066076405	0.77809757	0.94889784	0.19484474	0.36541674	0.5135237	0.07161392			
GRWD1_8753	308592	grwd1	0.019425173439048562	0.05360058231106761	-1.1329886	1.1329886	-1.1329886	-1.0609932	1.0526595	1.0115826	-1.0785295	-1.0778614	-1.0831861	1.0052768	1.1048115	0.12298005	0.2615565	0.47328812	0.8311378	0.2755112	0.15200499	0.30860847	0.8971307	0.119606175			
GSR_8755	116686	gsr	0.01925777331995988	0.05328607180765598	1.2055591	1.2055591	1.0422726	1.0016683	1.1018164	-1.0308411	-1.05929	-1.0106567	-1.0121863	1.0141926	1.2055591	0.38369742	0.97932005	0.19130035	0.63102657	0.3906145	0.82792825	0.85472345	0.85423416	0.12892224			
GSTM2_8759	24424	gstm2	8.058017727639E-4	0.01042891868579942	1.292732	1.292732	1.0519389	1.0323952	1.1150826	1.0524329	1.0185368	1.0755515	1.0708677	1.0804431	1.292732	0.2873756	0.6781397	0.062224958	0.5403005	0.80658656	0.24924739	0.3608918	0.16235623	0.021835418			
GSTM5_32667	64352	gstm5	0.004208416833667334	0.02189036165730337	1.9415907	1.9415907	1.5934067	1.1656907	1.7192996	1.4197507	1.3654991	1.2776419	1.4188142	1.3478681	1.9415907	0.089930855	0.5872797	0.026399566	0.23936073	0.2832226	0.2644627	0.35363337	0.25595206	0.019122262			
GSTM7_8761	81869	gstm7	2.008435428800964E-4	0.005244396776076087	1.6834849	1.6834849	-1.004243	1.2611296	1.3583336	1.2307181	1.1298847	1.51608	1.2296246	1.1947423	1.6834849	0.98240036	0.18114989	0.06805662	0.16752005	0.41219625	0.013879817	0.38048193	0.23939484	0.0036412189			
GXYLT1_32793	300173	gxylt1	0.006397441023590564	0.02699365750528541	1.230573	1.230573	1.0702214	-1.0564085	1.1263756	-1.0128578	-1.0819484	-1.057487	1.0659517	-1.1587572	1.230573	0.16801424	0.62079084	0.12172556	0.89208794	0.3646024	0.5260087	0.12749183	0.14554378	0.0017683391			
H2AFZ_33045	58940	h2az1	0.04180327868852459	0.09109453055231877	-1.0618284	1.0618284	-1.0161245	-1.0123513	-1.0453577	-1.0051689	-1.0127342	-1.0422622	-1.0225514	-1.0554218	-1.0618284	0.07345725	0.36385372	0.09481224	0.62821287	0.43568558	0.07630943	0.17850511	0.0077055297	0.26215342			
HAAO_8774	56823	haao	0.00897226753670473	0.03342460020790083	1.0610723	1.0610723	-1.029503	-1.0026509	1.0451559	1.0417432	1.0051355	1.0022728	1.0022845	1.032438	1.0610723	0.3740192	0.9194942	0.21846975	0.22373123	0.8203939	0.92959386	0.92229635	0.2619806	0.021485357			
HACL1_8775	85255	hacl1	0.03529645052548087	0.08084548656525181	1.3561546	1.3561546	1.1308455	1.0456653	1.2492887	-1.0379535	1.1085225	1.1703376	1.0158508	-1.1397868	1.3561546	0.4707455	0.79851246	0.141678	0.82792133	0.5053701	0.3182755	0.95780975	0.4540216	0.09977103			
HADH_8776	113965	hadh	2.0153164046755341E-4	0.005244396776076087	1.1045133	1.1045133	-1.0029122	-1.0140157	1.0090492	-1.0102173	-1.0299838	1.0147322	-1.0059386	1.0312613	1.1045133	0.87036335	0.4331879	0.6974505	0.74318343	0.36956468	0.5896823	0.85165507	0.10237982	0.00431768			
HADHB_8777	171155	hadhb	0.001383946223803875	0.0130935582318774	1.1047834	1.1047834	1.0196642	1.0082502	1.0570377	-1.0015727	-1.0365313	1.0328751	1.02543	1.023609	1.1047834	0.44004866	0.79512626	0.055007372	0.96322423	0.2967868	0.17714171	0.40286595	0.4115369	0.005207394			
HAO2_8778	84029	hao2	0.0019964064683569574	0.015836148648648646	-1.0718174	1.0718174	-1.011226	-1.0028762	-1.0328264	-1.0078847	-1.0003884	-1.0158131	-1.0135311	-1.0104227	-1.0718174	0.5222511	0.8899686	0.10523827	0.73357975	0.9801556	0.23883153	0.3729393	0.5511611	0.0108454935			
HAUS8_33304	290626	haus8	0.007784431137724551	0.03057074826724504	1.4231565	1.4231565	-1.0153333	-1.0153842	-1.0033196	-1.0549017	-1.0599307	1.0498734	1.0308777	1.0586994	1.4231565	0.85637134	0.8672249	0.98614085	0.715602	0.6354072	0.6546792	0.62662137	0.6357409	0.05873143			
HBA2_32600	360504	hba-a2	0.03218623481781376	0.07581055308328034	-1.0785818	1.0785818	1.0233732	1.0189705	-1.0521423	-1.0360394	-1.0243903	-1.041241	-1.0737935	-1.0785818	-1.0444773	0.43090016	0.5485973	0.13434887	0.2654671	0.4232646	0.38190088	0.06628302	0.11917116	0.17248955			
HCK_8783	25734	hck	0.025364489714399842	0.06407667639355039	1.3986833	1.3986833	1.0880483	-1.0637224	-1.0131273	-1.0671386	-1.2527227	1.004413	-1.1180888	-1.1539474	1.3986833	0.55066746	0.77425885	0.9428246	0.73734754	0.24665867	0.9743583	0.4744553	0.5062161	0.109398864			
HDAC6_8786	108348065	hdac6	0.00599880023995201	0.02591945869256794	1.2473041	1.2473041	1.0353718	1.0059769	1.1495129	-1.0147413	-1.095665	-1.0094123	1.0433407	1.0031375	1.2473041	0.6506984	0.9409783	0.16503723	0.8711083	0.26497534	0.8631173	0.5000025	0.97127664	0.009504372			
HEBP1_8792	362454	hebp1	0.002379535990481856	0.016738203726452724	1.1713712	1.1713712	-1.005745	1.0012836	1.1107928	1.0578145	-1.0250541	1.0686688	1.0504956	1.0765173	1.1713712	0.89237106	0.9791896	0.007152805	0.38467106	0.7289143	0.090116814	0.31911433	0.16599506	0.002571132			
HELLS_32936	294071	hells	2.007628990162618E-4	0.005244396776076087	1.3721389	1.3721389	1.0577067	-1.0146118	1.1610974	1.0441025	-1.0274594	-1.120593	-1.011993	-1.0634719	1.3721389	0.38154584	0.8470567	0.0815417	0.5193063	0.7248379	0.28817624	0.91541004	0.54452085	0.0011256129			
HERC6_8794	362376	herc6	0.010922330097087379	0.03750852466469652	1.4740231	1.4740231	-1.1396967	1.188987	1.1861653	1.3212354	-1.1237084	1.1287049	-1.1679178	-1.1290131	1.4740231	0.48709375	0.42502397	0.31074733	0.07684867	0.68674356	0.55664325	0.4207483	0.49794444	0.00909742			
HERPUD1_8795	85430	herpud1	0.0064	0.02699365750528541	1.0664996	1.0664996	1.0022442	-1.0204626	1.0271273	1.0166246	-1.0147631	1.0067812	1.0091228	1.0118979	1.0664996	0.93777114	0.46311244	0.34365943	0.49329254	0.6588071	0.76614887	0.7532806	0.6042111	0.027245201			
HGD_8799	360719	hgd	0.01824447597810663	0.05202380952380953	1.0836301	1.0836301	1.0525676	1.0344069	1.0728326	1.0329002	1.0096978	1.0256314	1.064612	1.0198423	1.0836301	0.10050216	0.24586569	0.0785179	0.41797045	0.8018944	0.42210186	0.04059567	0.6494462	0.038069025			
HIST1H4A_32934	102551184	h4cl2	4.0461258345134534E-4	0.007576131577848074	1.0676153	1.0676153	1.010705	1.0193349	1.0382763	1.0114479	1.0119324	1.0309578	1.0064745	-1.0061585	1.0676153	0.47458014	0.23945469	0.06455534	0.5681146	0.43834886	0.010276524	0.66340405	0.7467357	0.022523794			
HMG20B_8806	362825	hmg20b	6.072874493927126E-4	0.009340324921578725	1.0976423	1.0976423	-1.0175996	-1.0295001	1.0162475	-1.0065988	-1.0229198	-1.0064434	1.0228477	1.0000203	1.0976423	0.5425571	0.39072362	0.5257991	0.8306374	0.57794535	0.78687274	0.4834037	0.9994144	0.002855678			
HMGA1_8807	117062	hmga1	0.002825999192571659	0.01801235907086409	1.0900651	1.0900651	1.0079471	-1.0170263	1.0251685	1.0185149	1.0065387	1.0126538	1.0115738	1.0261438	1.0900651	0.74309117	0.35915622	0.34771994	0.20367211	0.5827799	0.5914694	0.65981686	0.29406816	0.059099015			
HMGB2_8808	29395	hmgb2	0.0061777600637704265	0.026391073505828696	1.0640341	1.0640341	1.0580239	1.0631698	-1.0551468	-1.0507978	-1.030942	-1.0456682	-1.0201954	1.0555488	1.0640341	0.047369786	0.04135865	0.0522638	0.025229469	0.06560728	0.10289321	0.64601433	0.0050088703	0.009461203			
HMGCR_8810	25675	hmgcr	7.972892166633447E-4	0.01042891868579942	1.0957528	1.0957528	-1.0012851	1.0110569	1.0574037	1.0039222	-1.0234461	1.00439	1.029148	-1.0322841	1.0957528	0.9611871	0.7282331	0.032639157	0.9153515	0.42185915	0.860046	0.19216594	0.2945045	0.0018385763			
HMGCS2_8812	24450	hmgcs2	2.0173492031470649E-4	0.005244396776076087	1.4418877	1.4418877	-1.0862504	-1.0234907	-1.0729107	-1.0422555	-1.1128021	-1.0316234	1.0581151	1.260645	1.4418877	0.08290726	0.576374	0.09167945	0.45541945	0.016117258	0.52853173	0.33002654	0.019916924	0.0016501282			
HMMR_8814	25460	hmmr	2.0283975659229209E-4	0.005244396776076087	-1.3054221	1.3054221	-1.0912908	-1.0390553	-1.0956825	-1.0300236	-1.0160688	-1.0378655	-1.0931131	-1.2188106	-1.3054221	0.038209777	0.37743008	0.2168003	0.43191674	0.7000859	0.4687357	0.045131985	0.004381685	0.004295069			
HN1L_8817	360492	jpt2	0.041477384949634606	0.09083137538366744	1.1969727	1.1969727	1.0395821	1.014328	1.1787006	-1.0415471	-1.1229194	-1.0128055	1.0110309	-1.0255362	1.1969727	0.6210578	0.8702327	0.043019693	0.70012313	0.35061353	0.86497915	0.87259537	0.8144276	0.08413763			
HOOK2_8821	304669	hook2	0.004466098254161592	0.0225566228279807	1.0716678	1.0716678	-1.0046374	-1.0235493	1.0166106	-1.0144126	-1.032388	-1.0089724	1.0170099	1.0143125	1.0716678	0.8577265	0.32678998	0.542145	0.6146238	0.20759468	0.735961	0.50014573	0.587035	0.032118745			
HPN_33226	29135	hpn	9.932459276916965E-4	0.011001615776151587	1.2471321	1.2471321	1.080932	1.0248526	1.1629562	1.1000178	1.0229468	1.0457579	1.0354531	1.0589318	1.2471321	0.33242688	0.71544564	0.07124641	0.1781661	0.6962921	0.36687535	0.6446289	0.47777238	4.7277703E-4			
HPS5_8825	308598	hps5	0.003140333660451423	0.019399986142867042	1.1580658	1.1580658	1.0215538	-1.004161	1.0982112	-1.0000795	-1.0547712	1.014263	-1.0056293	-1.0047513	1.1580658	0.67571443	0.9461676	0.051197965	0.9989131	0.42678356	0.74545187	0.90989	0.92307025	0.0055641476			
HRAS_33089	293621	hras	0.04162517426807409	0.09095533698226486	-1.0324516	1.0324516	-1.0197146	-1.0324516	-1.0121454	-1.0008621	-1.0194916	-1.0017114	-1.0045173	-1.00014	1.0272292	0.1743919	0.07066905	0.3311755	0.9047497	0.16586906	0.8216339	0.8474199	0.9916472	0.42820698			
HSD17B10_8831	63864	hsd17b10	2.030456852791878E-4	0.005244396776076087	1.0519375	1.0519375	-1.0059867	-1.0087197	1.0089955	1.0028387	-1.0092568	1.002076	1.0133642	1.015521	1.0519375	0.41237026	0.21105039	0.38352066	0.79692763	0.32374284	0.7597349	0.070998006	0.12635897	5.40782E-5			
HSD17B8_32395	361802	hsd17b8	0.016303240269003465	0.04840956477975363	1.0748601	1.0748601	-1.0211009	-1.0141871	-1.0254412	1.028524	1.0036787	-1.0632904	1.02208	1.0072573	1.0748601	0.5888504	0.6850581	0.5316497	0.49666047	0.93219984	0.09032397	0.5339817	0.7968745	0.0401694			
HSD3B_8835	360348;682974	hsd3b1;hsd3b3	2.0165355918531962E-4	0.005244396776076087	1.163113	1.163113	1.0103875	1.010521	1.0210099	1.0086356	1.0070786	-1.0411416	-1.0569984	-1.0199262	1.163113	0.6022936	0.47588602	0.25353813	0.64566433	0.6213855	0.15069656	0.016861845	0.45352215	0.02660651			
HSP90B1_8840	362862	hsp90b1	0.01662049861495845	0.048761609907120744	1.1141332	1.1141332	1.0460929	-1.0006406	1.0894427	-1.013329	-1.0432369	1.006949	1.0258652	1.0004976	1.1141332	0.24798855	0.98930097	0.08473228	0.8123889	0.4646084	0.85144347	0.5341803	0.9927632	0.0323374			
HSPA2_32402	60460	hspa2	0.013489027582041473	0.042047828165894904	1.2534789	1.2534789	1.0145209	1.0390549	1.2534789	1.1807318	1.0615915	1.0107121	1.1001743	1.0583272	1.1916114	0.87804043	0.5370288	9.4975287E-4	0.063242696	0.30498424	0.8804979	0.26528245	0.13366237	6.5272633E-4			
HSPA4_8843	266759	hspa4	0.0065632458233890216	0.027507721465674578	1.0461022	1.0461022	1.0065953	-1.0039419	1.0222131	-1.0033349	-1.0196761	1.0119951	1.0020984	-1.0001246	1.0461022	0.6523759	0.82884	0.19368187	0.83118755	0.116431214	0.49889627	0.87138504	0.99445164	0.0130361635			
HSPB1_8847	24471	hspb1	0.0024203307785397336	0.016738203726452724	1.1885382	1.1885382	1.0021687	1.1020736	1.0793905	1.0724828	-1.0688355	1.0056268	1.0145595	1.1174935	1.1885382	0.9729682	0.03335581	0.03556012	0.19149362	0.12522803	0.9445188	0.71923375	0.0031311093	0.012949673			
HYOU1_8857	192235	hyou1	0.0029827003380393717	0.018653564809995443	1.1755661	1.1755661	1.0642794	-1.0151061	1.1044353	1.0434616	-1.0513602	1.0238502	1.0486444	1.0595787	1.1755661	0.1669776	0.7775572	0.070030145	0.39565778	0.30114758	0.61651117	0.40960822	0.28311792	0.041147172			
IARS_33171	306804	iars1	0.0024188671638782503	0.016738203726452724	1.1063184	1.1063184	1.0242875	-1.0052311	1.0646687	1.0321733	1.0117569	1.0205877	1.0247595	1.01775	1.1063184	0.52160436	0.9172242	0.099701636	0.41673213	0.70283127	0.5320512	0.4648446	0.58515817	0.009591511			
ICMT_8860	170818	icmt	0.038007089405277666	0.08490945505434372	-1.1300035	1.1300035	-1.0539606	-1.0541676	1.0014467	-1.0491891	-1.1300035	-1.0220898	1.0328221	1.0761503	1.1122239	0.46315596	0.29872072	0.98398525	0.54352933	0.009881158	0.7216624	0.5320404	0.18632466	0.17224824			
IDH3A_33174	114096	idh3a	0.008770140730165205	0.033150548354935194	-1.0404466	1.0404466	-1.0178279	-1.0096711	-1.0207156	-1.0058559	-1.007303	-1.0012419	-1.0000885	-1.0121307	-1.0404466	0.054164514	0.2728732	0.31408948	0.5029121	0.44791207	0.9237711	0.99550635	0.266681	0.062558234			
IER2_32643	494344	ier2	0.001597444089456869	0.014071133281668646	1.2526503	1.2526503	1.0759037	-1.0081327	1.126758	-1.0412482	1.0059164	1.037892	1.0924269	-1.0095186	1.2526503	0.13641763	0.9227693	0.13946986	0.6610481	0.9362897	0.39678168	0.12162727	0.89901614	0.01130297			
IER3_8864	294235	ier3	0.0014221861032100772	0.0130935582318774	1.13543	1.13543	-1.0824196	-1.0246936	1.0057396	-1.0332814	-1.0224501	-1.0328401	-1.0758953	-1.052742	1.13543	0.056460414	0.5316161	0.8625214	0.40347466	0.55195135	0.48854253	0.18422607	0.39988124	0.070966415			
IFI30_32493	290644	ifi30	0.016518936341659952	0.04853501914817615	1.1180882	1.1180882	-1.0321529	1.001241	1.0375028	1.0127772	1.0215731	-1.0312393	1.0208527	1.0123128	1.1180882	0.62292707	0.97823983	0.4362683	0.7201565	0.5842094	0.5079098	0.59005857	0.7885513	0.0634992			
IFNAR1_8872	288264	ifnar1	0.027700831024930747	0.06805807622504537	1.3291332	1.3291332	1.1301521	-1.0015169	1.1057453	-1.0706264	-1.1490976	-1.0462604	1.0827518	1.0358001	1.3291332	0.18168227	0.991106	0.42395163	0.6179196	0.49160656	0.66497016	0.60528225	0.7946776	0.037439846			
IGF1R_8877	25718	igf1r	0.0031409501374165686	0.019399986142867042	1.388288	1.388288	1.1742936	1.1373323	1.3427159	1.060405	-1.1189141	1.0963116	1.2029957	1.1820028	1.388288	0.23517089	0.3205604	0.012888069	0.72333336	0.5315241	0.48547906	0.10997593	0.20024171	0.007349411			
IGF2BP2_8878	303824	igf2bp2	0.0018018018018018018	0.015044845454118879	1.1642505	1.1642505	1.0177524	1.0061003	1.096268	1.060004	1.0438399	1.0439534	1.1166633	1.0408438	1.1642505	0.70987964	0.93339413	0.038534373	0.19628425	0.3685335	0.45699105	0.015389717	0.39444438	0.0029609727			
IGFBP6_33233	25641	igfbp6	0.007491395019234663	0.030010708962596694	1.4694345	1.4694345	1.1394573	1.350304	1.1927203	1.3154991	1.2874614	1.1974769	1.0074903	1.1267853	1.4694345	0.4421286	0.059616037	0.26769218	0.11125968	0.101848856	0.4028399	0.9725007	0.35392332	0.0059101647			
IGFBP7_32929	289560	igfbp7	0.016330645161290323	0.04840956477975363	-1.0484341	1.0484341	-1.0087035	1.0037179	-1.02313	1.007089	1.0191056	-1.0150883	-1.0068762	-1.0168816	-1.0484341	0.61407334	0.79631555	0.22678709	0.66245216	0.24689874	0.544709	0.6745334	0.2989959	0.035702463			
IGG-2A_33162			0.033615097306860624	0.07839429176893467	-1.7342523	1.7342523	-1.7342523	-1.0012711	-1.2658193	-1.2497767	-1.4613613	-1.4704765	-1.5193775	-1.0445942	1.3719553	0.14463222	0.9949442	0.43846637	0.41592702	0.31991714	0.28757325	0.39533582	0.8417996	0.15453489			
IGH-6_32666	299357	igh-6	0.018411046627976786	0.05233201630081595	1.6412683	1.6412683	-1.0461489	1.2015842	-1.1292388	1.2170104	-1.1429758	-1.4929539	-1.2594569	-1.2368906	1.6412683	0.8459395	0.46042767	0.72934675	0.44929436	0.5698255	0.38104162	0.5688515	0.40345305	0.019752266			
IGHA_8883			0.023011707710940653	0.06003369794037877	7.1703773	7.1703773	4.9985332	3.8862906	4.4150753	6.618453	4.6645794	3.9964588	2.944516	1.741996	7.1703773	0.15851316	0.2612621	0.16338377	0.08154564	0.012596563	0.24012126	0.47571367	0.43530473	0.029058222	1.0	3.0	
IGHMBP2_8884	29532	ighmbp2	0.015299026425591099	0.04629998010741993	1.5271599	1.5271599	1.1212592	1.1361712	1.2557477	1.0084535	-1.2835038	1.1322287	-1.0393355	1.1723366	1.5271599	0.58631366	0.47213772	0.22480872	0.9709608	0.3487104	0.31660193	0.8902807	0.3178585	0.0034078686			
IKBKAP_8888	140934	elp1	0.02252791068580542	0.059405650987748894	1.1139538	1.1139538	1.0144609	1.0223738	1.1119909	1.0339434	-1.0185877	1.0297222	1.0573664	-1.0436249	1.1139538	0.64246064	0.7651749	0.0074925707	0.3710462	0.74206376	0.36465618	0.069315374	0.3736425	0.0059652524			
IKBKB_8889	84351	ikbkb	0.0016022431403965552	0.014071133281668646	1.2561473	1.2561473	1.0338261	1.0211166	1.1154877	-1.0380814	1.0019192	-1.0212822	1.042744	1.0257283	1.2561473	0.48819372	0.69434446	0.10343411	0.5517899	0.97115046	0.596066	0.2727028	0.6982034	0.047295377			
IKBKE_8890	363984	ikbke	0.003963535473642489	0.021256057177195607	-1.2827743	1.2827743	-1.1020064	-1.0946488	-1.0950679	-1.0438819	-1.2827743	-1.1267264	-1.0326319	-1.1349696	1.1835098	0.21077424	0.36513114	0.29185337	0.618522	0.089513555	0.23227221	0.76893926	0.24157529	0.010168116			
IL4R_8896	25084	il4r	0.011242722344910661	0.03814495081308974	1.0945187	1.0945187	1.0506587	1.009122	1.0742466	1.027815	-1.0214437	1.0065262	1.0262638	-1.0024369	1.0945187	0.15725146	0.7178375	0.15042551	0.41563708	0.39271408	0.748641	0.25818953	0.9487694	0.023458889			
ILK_8899	170922	ilk	8.126777732629012E-4	0.01042891868579942	1.3459086	1.3459086	1.0324887	1.1346985	1.1460663	1.0533804	1.0017478	1.055274	1.0706064	1.0515043	1.3459086	0.59956837	0.035777822	0.29686937	0.46601516	0.983826	0.2843948	0.38308892	0.53347933	0.018721722			
INPP1_8904	316376	inpp1	8.017638805371818E-4	0.01042891868579942	1.162673	1.162673	-1.0166298	-1.0224866	1.0849514	-1.0123286	1.0208168	-1.02746	1.0362376	-1.0025393	1.162673	0.7617297	0.55114657	0.024973668	0.8167086	0.56679845	0.40639913	0.38214976	0.9566862	0.009749483			
INPP4B_8905	116699	inpp4b	0.04582155833669762	0.09745629944745389	1.19183	1.19183	1.007015	1.1053047	1.114204	-1.0792661	-1.1729584	-1.0634265	-1.0311123	-1.0818992	1.19183	0.9048584	0.17287712	0.115838766	0.42903948	0.30632412	0.6626652	0.7086043	0.4773029	0.022568548			
INTS3_8907	361988	ints3	0.004624045034177724	0.023004912327143544	1.1578176	1.1578176	1.0141251	-1.0169657	1.0888966	-1.0001907	-1.0392452	-1.013748	1.0045112	1.027462	1.1578176	0.68168265	0.6235164	0.14856967	0.9961557	0.32650417	0.615071	0.87226313	0.56076187	0.06429966			
IPO13_8908	116458	ipo13	0.01213307240704501	0.03981164383561644	1.2430656	1.2430656	1.1452296	-1.0028968	1.1874044	1.0419948	-1.1026936	1.0746496	1.0510713	1.0460165	1.2430656	0.0840724	0.97862005	0.054448903	0.71099067	0.38157797	0.32046828	0.53853166	0.6665052	0.020237332			
IQGAP1_8911	361598	iqgap1	0.012038681665679889	0.0397659489859683	1.2006236	1.2006236	-1.0038422	1.0469782	1.0969498	-1.0199212	-1.1143383	-1.0199547	1.0489366	1.016082	1.2006236	0.94206303	0.46319187	0.13960624	0.8134507	0.40221068	0.76252043	0.49743897	0.7845224	0.03677172			
ISG15_8918	298693	isg15	0.0010024057738572574	0.011001615776151587	1.3600779	1.3600779	1.0537938	1.0042728	1.1569985	-1.0296125	1.001072	1.118687	1.1211389	1.0136287	1.3600779	0.57648665	0.9628465	0.16945647	0.79062366	0.9922765	0.13250919	0.12107186	0.8963818	0.010122739			
ISG20_33257	293052	isg20	0.003679476696647588	0.02050434639612273	1.2263148	1.2263148	-1.0034529	1.024237	1.0525334	1.0084064	-1.0173235	-1.0065317	1.0171754	-1.0094002	1.2263148	0.9613063	0.7658466	0.5436147	0.92812693	0.8312599	0.952028	0.8663193	0.9006236	0.015075233			
ITGAX_32980	499271	itgax	0.005961844197138315	0.02591945869256794	1.7923837	1.7923837	1.127024	1.5780011	1.3836672	1.2031814	-1.1889321	1.3667587	1.3028275	-1.1881166	1.7923837	0.65936613	0.09619378	0.13462491	0.27983004	0.64421606	0.16312747	0.3415418	0.59916204	0.0017091185			
ITGB5_8928	257645	itgb5	0.03380393716444621	0.07860006368656199	1.1000122	1.1000122	1.0303532	-1.011719	1.0613127	1.0059175	-1.0448831	1.0124828	1.0433706	-1.0052279	1.1000122	0.49410504	0.82853585	0.15079448	0.9130212	0.43087354	0.75532734	0.2847451	0.9109512	0.035933975			
ITPKC_32806	308451	itpkc	0.0035440047253396337	0.020469726352079293	1.5633421	1.5633421	1.2102144	1.2033157	1.2665532	1.2510967	1.1209766	1.2754366	1.3959284	1.1011721	1.5633421	0.28758368	0.3457652	0.3081268	0.22122295	0.5505622	0.16828601	0.051409315	0.6818783	0.01550337			
IYD_8933	308129	iyd	0.0024640657084188913	0.016951072718260993	1.0733789	1.0733789	-1.0033486	-1.014356	1.0415102	1.0160398	-1.00606	-1.0023557	1.0060458	1.0339446	1.0733789	0.8782268	0.493394	0.2572438	0.43935364	0.6645608	0.8918917	0.68366283	0.10595044	0.01607988			
JAG1_32778	29146	jag1	0.010381313635456179	0.036596393342618064	1.1435472	1.1435472	1.0153813	-1.0336062	1.1435472	1.0543879	-1.008676	-1.001266	1.0795966	-1.0334688	1.1216888	0.7753168	0.6189637	0.011853688	0.23650675	0.840881	0.9739706	0.0626685	0.4777585	0.003423738			
JAK1_8934	84598	jak1	0.04448398576512456	0.09522054892856599	1.0642952	1.0642952	1.021378	1.0135205	1.0529053	1.0125241	-1.0239582	1.0185616	1.0206952	-1.0108339	1.0642952	0.3437876	0.68609726	0.093024425	0.68150437	0.532053	0.47073987	0.41380906	0.7473443	0.025883676			
JMJD6_8937	360665	jmjd6	0.0027949690556997404	0.0179577193117815	1.203055	1.203055	1.0050237	1.0305173	1.1236625	1.0242733	-1.0013382	-1.0088625	1.0355233	1.0009053	1.203055	0.9464772	0.5487708	0.16980791	0.68361384	0.98285306	0.8716331	0.42300218	0.98818296	0.011691606			
JUNB_8939	24517	junb	0.04188376753507014	0.09112117364499993	1.3413181	1.3413181	-1.027961	1.0205364	1.1308466	-1.2511327	-1.145862	1.0621034	-1.058123	-1.1836901	1.3413181	0.8240279	0.89688677	0.4737477	0.29021257	0.54333997	0.65809906	0.7533983	0.37295255	0.13151988			
KCNG1_32546	296395	kcng1	0.017459361830222758	0.05062707391176512	1.1892017	1.1892017	-1.0442849	-1.024701	1.0763999	1.0831066	-1.0010011	1.029821	1.065416	1.1285233	1.1892017	0.6404147	0.6845846	0.294459	0.100393236	0.985639	0.7484081	0.5039179	0.0212683	0.08174252			
KDELR2_8950	304290	kdelr2	2.0056157240272763E-4	0.005244396776076087	1.0652539	1.0652539	-1.0060697	1.0046598	1.0205286	-1.005852	-1.0213853	-1.00174	-1.0027013	1.0005966	1.0652539	0.4816728	0.571758	0.16644382	0.6269325	0.05716068	0.84849596	0.84274757	0.96294135	0.008742553			
KDM3A_8952	312440	kdm3a	0.02946341463414634	0.07107558911139292	1.1164577	1.1164577	1.0378543	1.0165156	1.1023012	1.0334997	-1.0647318	1.0269321	1.0323926	-1.011201	1.1164577	0.3738004	0.77934813	0.03399466	0.54151005	0.39290336	0.5129939	0.6276827	0.8548417	0.01791946			
KDM5A_8953	312678	kdm5a	2.0230629172567267E-4	0.005244396776076087	1.7138301	1.7138301	1.0128711	1.1339856	1.304389	1.157322	1.0000563	1.199661	1.0028079	-1.1924618	1.7138301	0.9233885	0.4026532	0.016684113	0.33636245	0.9996303	0.19785711	0.986817	0.20363168	0.0021535768			
KDM5B_8955	304809	kdm5b	2.0263424518743666E-4	0.005244396776076087	1.32055	1.32055	-1.0199267	1.0246041	1.1644192	1.1072347	1.0296478	1.0493896	1.0743781	-1.002338	1.32055	0.76842016	0.65189916	0.009083157	0.11992956	0.712513	0.34736073	0.48752004	0.9561302	0.0053834626			
KDR_8956	25589	kdr	0.002013693113169553	0.015836148648648646	1.1776288	1.1776288	1.0164874	1.0370765	1.0397233	1.0132464	-1.0204165	1.0225941	1.0428957	1.0089197	1.1776288	0.72287345	0.33085665	0.3814306	0.759121	0.6511284	0.5023374	0.20674632	0.86386967	0.04385104			
KHK_8958	25659	khk	0.0034034034034034033	0.02007308342448046	-1.0705523	1.0705523	-1.0178611	-1.0203689	-1.0235916	1.000393	1.0035024	-1.0031797	-1.0005497	-1.0126753	-1.0705523	0.23098664	0.2979411	0.14939938	0.9845932	0.81770563	0.71963495	0.9530227	0.43554813	0.07116607			
KIF20A_8961	361308	kif20a	0.012841091492776886	0.04096990706221044	-1.4500284	1.4500284	-1.3494136	-1.1235533	-1.2592741	-1.0317522	-1.4255339	-1.4500284	-1.3356128	-1.4476454	-1.4127616	0.0407306	0.27750954	0.026244577	0.7721387	0.060169827	0.018986978	0.06347118	0.021714395	0.017791549			
KIF23_32798	315740	kif23	0.035827395091053045	0.08159321142311739	-1.5382965	1.5382965	1.0138845	-1.2406399	1.1443605	-1.0569872	-1.1456052	1.0242366	1.0382525	-1.5382965	1.2946495	0.9235183	0.19880341	0.21832006	0.7484823	0.31234235	0.82230914	0.75291455	0.24563755	0.019434733			
KIT_8968	64030	kit	0.004424778761061947	0.022497862472396678	1.3582171	1.3582171	1.0169762	1.0109388	1.200188	1.033245	-1.0584875	-1.0316639	1.1483423	1.0261585	1.3582171	0.8344277	0.9172606	0.07435701	0.7634583	0.58715767	0.7739293	0.33135402	0.78979015	0.018462552			
KLHL21_8971	313743	klhl21	0.03691941246526399	0.08350819486190665	-1.1320623	1.1320623	-1.0522355	-1.0563158	-1.0250108	-1.1114796	-1.0779942	1.0390018	-1.0985231	-1.1320623	1.1130672	0.4298306	0.38561693	0.7785172	0.107736886	0.30189338	0.2747302	0.17140654	0.03568343	0.215622			
KLHL24_32733	303803	klhl24	0.025793650793650792	0.0646814153509866	1.1810137	1.1810137	1.0236784	-1.0009698	1.1611738	-1.0006022	-1.1152945	1.0601354	1.0067096	-1.0245528	1.1810137	0.72410804	0.9911747	0.0114658065	0.99352974	0.26456842	0.35935286	0.92372936	0.74807054	0.016256843			
KLKB1_32603	25048	klkb1	0.017265057877182657	0.050282905788291095	-1.2628183	1.2628183	-1.1219294	-1.2628183	-1.1898708	-1.2124306	1.0957605	1.015268	1.0089368	1.0882174	1.1853759	0.37870786	0.1105452	0.23060681	0.21379389	0.37541386	0.8597799	0.95346385	0.39159325	0.16151184			
KLRA17_33064	494206;120093104;497796;690045	ly49si1;ly49si3l1;klra17;loc690045	2.0275750202757503E-4	0.005244396776076087	2.2409153	2.2409153	-1.4190202	-1.0433605	1.1805986	1.0796928	1.1106696	1.1425226	1.1628002	1.0662218	2.2409153	0.37792024	0.7799807	0.31335855	0.67562866	0.52290535	0.455349	0.55858344	0.6575618	7.148425E-5	100.0	300.0	
KNTC1_8976	304477	kntc1	0.026994839221913456	0.06656947373018214	-1.4873744	1.4873744	-1.1216738	-1.2630873	-1.3996737	-1.0882189	-1.1620443	-1.2577795	-1.115554	-1.4873744	-1.3017837	0.47766873	0.09834864	0.0975416	0.2914422	0.17029312	0.1838394	0.2665007	0.0017968237	0.018296968			
KPNA1_32317	288064	kpna1	0.03691275167785235	0.08350819486190665	1.2313113	1.2313113	1.0810779	1.0238442	1.1271025	-1.1663903	-1.2057905	-1.1684035	-1.0183618	-1.0535775	1.2313113	0.4643017	0.83340377	0.33072242	0.31511176	0.26542592	0.1903906	0.87391233	0.6829763	0.08257117			
KRT18_8977	294853	krt18	2.0032051282051281E-4	0.005244396776076087	1.5902802	1.5902802	-1.1016601	-1.0162841	1.1384296	-1.0516087	1.0069329	-1.0644104	1.0030061	1.0991045	1.5902802	0.10710073	0.8971978	0.12713334	0.76162636	0.92456913	0.43135214	0.9819432	0.32760775	8.778211E-4			
KRT19_33154	360626	krt19	1.988862370723946E-4	0.005244396776076087	2.0833218	2.0833218	1.6564132	1.4831145	1.6853467	1.5935639	1.550196	1.8416364	1.5784829	1.1299282	2.0833218	0.06466824	0.12081385	0.07648426	0.11875745	0.076826245	0.014069238	0.075850345	0.64922976	0.004028893	100.0	300.0	
KRT7_33211	300242	krt7	0.0012040939193257074	0.012203439596032506	1.0775869	1.0775869	-1.0241082	-1.0228297	1.0277102	1.0272171	1.0063108	-1.0101117	1.006296	1.0057842	1.0775869	0.3464065	0.46331772	0.10310506	0.16546956	0.7636242	0.7294333	0.8113831	0.7511055	0.030757483			
KRT8_8978	25626	krt8	0.001190003966679889	0.012203439596032506	1.1156812	1.1156812	1.0097586	1.0113788	1.0659325	-1.0036294	-1.012821	1.022259	1.00561	1.0216285	1.1156812	0.710447	0.6703995	0.046335455	0.90351653	0.70772505	0.41230145	0.8415158	0.44306064	0.022861945			
LAMA3_8980	307582	lama3	0.031543222200039925	0.07491515272509482	-1.2317297	1.2317297	1.0304259	1.0136542	1.0472729	-1.078668	-1.0500867	1.026198	-1.2317297	-1.012212	1.1066439	0.2648415	0.6794557	0.3138914	0.20071585	0.42351153	0.12573418	0.02105488	0.81908983	0.15063775			
LAMC1_8981	117036	lamc1	9.948269001193793E-4	0.011001615776151587	1.114429	1.114429	1.0201117	1.0098648	1.0506328	-1.0068673	-1.0279056	1.0169086	1.0227629	-1.0137367	1.114429	0.41496062	0.6911043	0.09172739	0.87388206	0.4385034	0.48258078	0.3115109	0.666228	0.007395902			
LAMP1_33255	25328	lamp1	0.025916177363838833	0.06479044340959708	-1.0506966	1.0506966	-1.0132258	-1.020676	-1.0506966	-1.0190042	-1.0065652	-1.0140296	-1.0195397	1.000835	-1.0423431	0.39541772	0.05746735	0.05638089	0.13855805	0.3400583	0.074167415	0.19255102	0.925099	0.16522491			
LIG4_32329	290907	lig4	9.859988168014198E-4	0.011001615776151587	1.1671071	1.1671071	1.0499786	1.0243026	1.1377056	-1.0144833	1.0085574	1.0751673	1.0730687	-1.0455208	1.1671071	0.31359717	0.6538053	0.016312923	0.82050633	0.8694785	0.109570436	0.2999615	0.4892616	0.004098104			
LILRB4_9000	292594	lilrb4	0.001004217714400482	0.011001615776151587	1.5862585	1.5862585	1.263133	1.332812	1.416148	1.385945	1.4235696	1.1068462	1.3566701	1.1075132	1.5862585	0.039658695	0.032948524	0.061585445	0.063125685	0.0873353	0.5867453	0.02531781	0.2881323	0.0015606161			
LIN9_9003	689523	lin9	2.0222446916076846E-4	0.005244396776076087	1.2816118	1.2816118	1.0166688	1.044229	1.142927	-1.0208896	1.0480407	1.0259907	1.0907559	1.0147855	1.2816118	0.70505893	0.17090034	0.0054551987	0.6027396	0.41274303	0.61148125	0.11825954	0.76129425	0.0057682246			
LMO4_32889	362051	lmo4	0.0029579964504042595	0.018615782077465292	1.0713385	1.0713385	1.0133893	1.0076447	1.0453296	1.000905	-1.0146966	1.0218278	1.0135651	1.0173424	1.0713385	0.49918175	0.76389474	0.064855896	0.9727734	0.5943713	0.23088151	0.41445938	0.47968268	0.009392819			
LOC100134871_32288	24440;100134871;689064	hbb;hbbl1;hbb-bs	0.01231079717457114	0.040262361251261355	-1.0781167	1.0781167	1.0247588	1.0213917	-1.0558138	-1.0280288	-1.014081	-1.0283024	-1.072016	-1.0733714	-1.0781167	0.3490167	0.45656934	0.11653982	0.4261807	0.63385737	0.49516714	0.081613824	0.15859269	0.02565578			
LOC100360552_9018	100360552	fzd7	0.00748836267961951	0.030010708962596694	1.1117043	1.1117043	-1.0079733	-1.0002432	1.0007547	-1.055911	-1.0206053	-1.0245291	-1.0090134	-1.0246894	1.1117043	0.8574949	0.9954695	0.9865016	0.3280395	0.6773201	0.5468751	0.8661084	0.6155878	0.1067924			
LOC100360856_32354	108351885	spetex2el3	2.050440844781628E-4	0.005244396776076087	2.518699	2.518699	-1.482996	-1.0473559	1.1858822	1.3467885	1.1417563	1.0333724	1.2496219	1.3731823	2.518699	0.12193657	0.8700123	0.6208877	0.15084775	0.4874796	0.8934468	0.34913227	0.10912476	2.051388E-5	100.0	300.0	
LOC100361830_9029	100361830	tram2	1.9770660340055358E-4	0.005244396776076087	1.3662863	1.3662863	1.159789	1.0317291	1.1415625	-1.011005	1.0416094	1.0363387	1.085884	1.0201969	1.3662863	0.07568519	0.7026246	0.16153832	0.92707765	0.6860207	0.7043311	0.3097631	0.792995	0.002105679			
LOC100909675_9046	100909675	loc100909675	2.0470829068577277E-4	0.005244396776076087	1.5933273	1.5933273	1.0303811	1.0084671	1.1474228	1.0776399	1.0587938	1.0363108	1.1647633	1.0208178	1.5933273	0.42407975	0.8517373	0.032306243	0.30360463	0.4076903	0.39497438	0.09256465	0.51634294	9.083643E-5			
LOC100911553_9082	100911553	loc100911553	0.005782652043868395	0.025492062233149596	1.5432539	1.5432539	-1.177309	-1.1474388	1.1410939	-1.2576619	-1.3174554	-1.1197796	1.1183336	-1.2651442	1.5432539	0.5067115	0.5008683	0.57306796	0.3194235	0.28346038	0.5429916	0.50800586	0.39477384	0.023647219			
LOC100911668_32482	100911668	hoxa10	0.007821901323706379	0.030657550374841306	1.0568002	1.0568002	1.0105748	1.0020055	1.0206751	-1.0098298	-1.0052277	-1.0098935	-1.0004363	-1.0340879	1.0568002	0.6131296	0.92119634	0.34321123	0.70622116	0.7775939	0.67745525	0.9848248	0.115149766	0.0051995716			
LOC100911727_32894	81513	lig1	0.007512850929221036	0.03003634790339873	1.357289	1.357289	1.0070479	-1.0207466	1.1741972	1.123547	-1.2096303	1.0527273	1.170673	1.1882839	1.357289	0.9616539	0.9080929	0.21118915	0.4182061	0.18208063	0.66480845	0.10171942	0.10460623	0.021936605			
LOC100911750_32851	293667	b4gat1	4.024954719259408E-4	0.007576131577848074	1.091946	1.091946	1.008366	1.0061659	1.0476216	1.0134474	-1.0174582	1.0239975	1.0211381	1.0053706	1.091946	0.60729545	0.7611577	0.11033237	0.51724976	0.50290185	0.3174542	0.34177282	0.7486858	6.8637176E-4			
LOC100911814_9091	309312	gldc	0.027492088607594937	0.06769088542018827	1.5707554	1.5707554	-1.0609629	1.1892706	1.3385154	-1.0113105	-1.3748691	1.1996753	1.2509024	1.0584037	1.5707554	0.8654223	0.49514997	0.1646601	0.958422	0.38233718	0.3918457	0.33926502	0.7823822	0.04195375			
LOC100912041_9098	100912041	loc100912041	0.003405448717948718	0.02007308342448046	1.1141485	1.1141485	-1.023422	1.012202	1.0457762	-1.0188426	-1.0284806	-1.0294927	1.0378839	-1.0492935	1.1141485	0.55614424	0.781157	0.19216198	0.67042416	0.45705548	0.34078413	0.46404472	0.14078543	0.009665603			
LOC100912163_9101	84481	arid4b	0.025738228252194732	0.0646814153509866	-1.0605109	1.0605109	1.00803	1.0403123	1.0162554	1.0138719	-1.0028816	1.0225284	1.0130774	-1.0605109	1.0440272	0.5599836	0.097558305	0.5340721	0.31724235	0.83276343	0.33458728	0.5453428	5.43187E-4	0.002070094			
LOC100912247_9104	100912216	prcd	0.04710362798155943	0.09923097974995888	1.1554649	1.1554649	1.042307	-1.020768	1.0159209	-1.0130544	1.0467546	1.0085825	1.0391638	-1.0092819	1.1554649	0.500746	0.73400164	0.77946836	0.9027628	0.53947157	0.814701	0.60182244	0.8319637	0.019024834			
LOC100912409_9106	25618	acadsb	0.012095974618282768	0.0397659489859683	1.1830024	1.1830024	1.0485641	1.0302892	1.1401644	1.0131161	-1.0429714	1.0536003	1.022928	1.0049057	1.1830024	0.31489527	0.76991504	0.035633884	0.8593449	0.5648803	0.2788297	0.72477686	0.9429246	0.0055705924			
LOC102549726_32764	102549726	loc102549726	0.031862745098039214	0.07533845660013971	1.0454888	1.0454888	-1.0064586	-1.0118003	-1.0011902	1.0163164	1.0113643	-1.0030787	1.0161006	-1.0176007	1.0454888	0.60200065	0.58002543	0.9330006	0.5106516	0.47245023	0.8300728	0.62116885	0.5081165	0.050109938			
LOC102551815_32699	24400	gnb1	0.0017892644135188867	0.015044845454118879	1.1438348	1.1438348	1.0359911	1.0058663	1.0962607	1.015937	-1.0222784	1.005595	1.0262042	1.0102652	1.1438348	0.33229572	0.9015607	0.034812402	0.761531	0.67049325	0.8643133	0.43082187	0.8597027	0.008755591			
LOC102555634_32355	102555634	igtpl1	2.028809089064719E-4	0.005244396776076087	2.2838519	2.2838519	-1.383356	1.0463877	1.192705	1.1976355	-1.5721989	1.1101906	1.3261267	-1.225986	2.2838519	0.45490527	0.8105485	0.5950305	0.31242988	0.27844214	0.45762727	0.07642889	0.5321905	6.9879243E-6	100.0	300.0	
LOC500013_9124	103692066	samd9l-ps1	0.01953047938449398	0.05381672150837775	1.4333159	1.4333159	1.0925909	1.2788954	1.2829136	1.1358198	-1.0054988	1.1878715	1.0215803	-1.0672501	1.4333159	0.6206132	0.17928524	0.15611818	0.39526373	0.9785154	0.28759563	0.9257636	0.79459333	0.025448585			
LOC501110_33182	501110	gsta6	0.01843224630342313	0.05233201630081595	-1.1284949	1.1284949	-1.0930192	-1.0288514	-1.1284949	-1.0830213	-1.035553	-1.065504	-1.0809494	-1.0674902	-1.1033157	0.02713597	0.25765076	0.02477852	8.633341E-4	0.23421438	0.062173095	0.041865405	0.14996895	0.11448602			
LOC679794_32681	100363502;25309	cycs-ps9;cycs	0.002170481452249408	0.016358505080864463	-1.0487026	1.0487026	1.0032414	-1.0007838	-1.0025809	1.0099977	1.0066086	1.0037556	-1.0063841	-1.0256686	-1.0487026	0.79402745	0.96088284	0.78904	0.5950655	0.6669488	0.7292233	0.5913054	0.15655361	0.023560021			
LOC679818_32331	103690059	mgam	0.004193290734824281	0.02189036165730337	1.3364913	1.3364913	-1.0065585	-1.103628	1.140747	-1.1352848	-1.1331326	-1.1610215	-1.001041	-1.188505	1.3364913	0.95586675	0.4387331	0.26829895	0.44950375	0.37094486	0.2588142	0.9907401	0.2357186	0.01489977			
LOC680097_9132			0.008793456032719837	0.03316246651280921	1.0493374	1.0493374	1.0063765	1.0151637	1.0340179	1.0131472	1.0087413	1.0093087	1.0049	1.006041	1.0493374	0.70412964	0.27488333	0.16823247	0.39027593	0.46287966	0.38899863	0.60666585	0.7534552	0.014736023			
LOC684193_9138	120102230	samd9l2	0.007547169811320755	0.03007699568067205	1.4967322	1.4967322	1.2940861	1.3177316	1.3176086	1.2782012	1.2207719	1.2460229	1.1591871	1.0518078	1.4967322	0.19418882	0.16126594	0.19695066	0.2555019	0.330401	0.25482303	0.51964885	0.82546926	0.038799413			
LOC686151_32901	686151;684771	cdca5l1;cdca5	0.004839685420447671	0.02334521072124414	-1.7098596	1.7098596	1.0298688	-1.7098596	-1.0721036	1.011842	1.0983603	-1.1002349	-1.0341666	-1.3477106	1.3404605	0.82830805	0.088186316	0.46807006	0.9279832	0.22927152	0.61782104	0.8014171	0.13419387	0.013526694			
LOC688041_9143	688041	suz12	4.014452027298274E-4	0.007576131577848074	1.2038398	1.2038398	1.0246644	1.0126302	1.1005136	1.0039798	1.0079918	1.0587543	1.0605774	-1.0048331	1.2038398	0.488384	0.74085546	0.0078082574	0.93612605	0.85921735	0.21907265	0.3271834	0.9141032	0.011994415			
LOC689064_32448	24440;100134871;689064	hbb;hbbl1;hbb-bs	0.011580658268996343	0.038829265960752445	-1.0563153	1.0563153	1.0272347	1.0218086	-1.0337324	-1.0222465	-1.0133077	-1.0330019	-1.0526037	-1.0563153	-1.0549015	0.2348721	0.35920724	0.19793393	0.38303128	0.57318014	0.3576833	0.10625144	0.12167898	0.034974545			
LOC690911_9146	690911	spen	0.004168320762207225	0.02189036165730337	1.4233198	1.4233198	1.0974296	1.0086051	1.2410445	1.0157322	1.0138414	-1.0230072	-1.011008	-1.0140799	1.4233198	0.28702974	0.9468467	0.1317917	0.91584754	0.8667644	0.76926935	0.8948804	0.93585944	0.03570171			
LPGAT1_9154	679692	lpgat1	0.02246305418719212	0.059385322985980496	1.0718303	1.0718303	1.0338589	1.0217063	1.0707328	1.0052509	-1.024999	1.0192732	1.0281041	-1.0012999	1.0718303	0.17118461	0.46618706	0.026296914	0.86995953	0.49377862	0.46714184	0.27977356	0.9744472	0.014576961			
LPIN1_32940	313977	lpin1	0.0014184397163120568	0.0130935582318774	1.6954917	1.6954917	1.1402946	1.065389	1.5262783	1.0600473	-1.0738356	1.023703	1.3600645	1.1376759	1.6954917	0.55047697	0.7838289	0.016343333	0.7801086	0.7073183	0.88283247	0.06435246	0.59271127	0.003290154			
LPL_32544	24539	lpl	0.04620924184836967	0.09807174200797605	1.1270231	1.1270231	1.0313629	1.0341979	1.1270231	1.0609803	1.029984	1.0223734	1.0674866	-1.0159403	1.1019713	0.3552239	0.53189075	0.043598805	0.3548755	0.48302007	0.44988695	0.15691528	0.703604	0.004395399			
LRP10_9156	305880	lrp10	0.003177124702144559	0.01945831275945941	1.1338612	1.1338612	1.0098021	-1.0166941	1.0695987	-1.0014011	-1.0218906	-1.0200679	1.0223757	1.0025747	1.1338612	0.7551197	0.7198426	0.092005506	0.9697072	0.5348309	0.55021155	0.44292277	0.95654935	0.028010417			
LRRC16A_9159	306941	carmil1	0.004001600640256103	0.02132264529058116	1.1422182	1.1422182	1.0128297	1.0065156	1.0525502	1.0119494	-1.0644283	1.0045468	1.0211003	1.0036275	1.1422182	0.75987095	0.8207527	0.17444474	0.76167333	0.26063	0.88225955	0.6215269	0.9323075	0.05785798			
LRRC41_9160	362566	lrrc41	0.0033703409992069788	0.02007308342448046	1.1800272	1.1800272	1.029976	1.050349	1.1362823	1.0355155	1.0068899	1.0263779	1.0555583	1.0496532	1.1800272	0.5677539	0.37241063	0.023435794	0.60833985	0.9072404	0.56267124	0.26137915	0.43777996	0.011596583			
LSP1_32853	361680	lsp1	8.120178643930166E-4	0.01042891868579942	1.086553	1.086553	-1.0126576	1.0108519	-1.0123147	1.0000181	-1.0094523	-1.0397823	-1.0195647	-1.0328404	1.086553	0.5440874	0.62428504	0.63464725	0.99931914	0.78149396	0.29687586	0.37010908	0.18328457	0.0057209497			
LSR_9162	64355	lsr	0.04601840736294518	0.09777073768804646	1.0384235	1.0384235	-1.0175301	-1.0125729	1.0026164	1.0095454	-1.0119652	-1.0195583	1.0117474	1.0036387	1.0384235	0.39164636	0.6375656	0.8994143	0.65084785	0.3896337	0.348452	0.63850063	0.8060089	0.12082919			
LUM_32586	81682	lum	0.005926511260371394	0.02591945869256794	1.6994141	1.6994141	1.0208901	-1.0871556	1.0431664	-1.1145636	-1.1074035	1.0998008	1.0994159	-1.0541015	1.6994141	0.93297875	0.75124425	0.8801641	0.7338323	0.77230865	0.6485923	0.6648282	0.8475459	0.0063828793			
LY6C_32880	56778	ly6c	0.021612967780668402	0.05795412731509874	1.1482989	1.1482989	-1.043676	1.0669868	1.0457454	-1.0184582	1.0004078	-1.0512682	-1.0124004	-1.0988902	1.1482989	0.5947203	0.22305211	0.52123475	0.7170627	0.99497813	0.5516851	0.8101564	0.20327005	0.05373773			
LYN_9167	81515	lyn	0.005296194586112201	0.024603687195851105	1.0996271	1.0996271	1.0232993	1.0309824	1.0510249	1.0158099	-1.0088564	1.038004	1.0488654	1.0010659	1.0996271	0.5025437	0.4462923	0.21889544	0.6935495	0.84152216	0.41032186	0.21742295	0.97896814	0.027158907			
LYRM1_9169	365361	lyrm1	0.001008267795926598	0.011001615776151587	1.0549601	1.0549601	-1.0201089	-1.0275705	-1.0174527	-1.0241354	1.0161537	-1.0027407	1.0146301	-1.0042702	1.0549601	0.31898084	0.29878572	0.24960874	0.4540896	0.47114572	0.87537473	0.28963894	0.8051991	0.0030706087			
MAFF_9172	366960	maff	0.00910010111223458	0.03359844071797931	1.6997985	1.6997985	-1.1333327	1.2524493	1.3085569	1.1823107	1.089627	1.3253992	1.5048404	1.155834	1.6997985	0.60730135	0.2947896	0.3667573	0.48509076	0.68110555	0.17443985	0.018740237	0.62092733	0.041860748			
MAK16_9175	306526	mak16	0.042388059701492536	0.09164020422460434	1.2607946	1.2607946	-1.0364431	1.0242864	1.1398736	1.063518	1.1977648	-1.0012021	1.0208256	-1.0660199	1.2607946	0.8397141	0.6900422	0.050045017	0.61879706	0.023853377	0.9930246	0.85007	0.54562384	0.10122915			
MALT1_9176	307366	malt1	0.028708133971291867	0.06984478935698449	1.1975317	1.1975317	1.0831863	-1.0098069	1.0391151	-1.0168952	1.0583632	1.1188068	1.0185242	1.1526246	1.1975317	0.40888754	0.91946083	0.5447551	0.8862747	0.37893474	0.06789261	0.81768966	0.061515927	0.0027170838			
MAN2B1_9177	361378	man2b1	0.01	0.03598192787381976	1.0639192	1.0639192	1.0447499	1.0203043	1.021169	1.0107355	-1.0103421	1.0572819	1.03282	1.0094925	1.0639192	0.08269685	0.4336694	0.40533298	0.71469676	0.6995987	0.06403171	0.20590067	0.6827037	0.08198031			
MAOA_32516	29253	maoa	0.011377245508982036	0.03838816440525147	1.1383101	1.1383101	1.0289215	1.0651008	1.0829245	1.0164789	1.0455548	1.077158	1.0041198	1.0110507	1.1383101	0.33612782	0.26915842	0.018858418	0.7084507	0.36001384	0.047416788	0.9441922	0.8433554	0.06662181			
MAOB_9179	25750	maob	0.004042854255104104	0.021393883922898375	-1.1545267	1.1545267	-1.0399328	-1.0157715	-1.0991993	-1.0406393	-1.074287	1.0066482	-1.0823846	-1.0822477	-1.1545267	0.104203925	0.52369034	0.072478004	0.22847898	0.023431115	0.8023344	0.13774218	0.005795062	0.08220647			
MAP1LC3A_33215	362245	map1lc3a	8.017638805371818E-4	0.01042891868579942	1.0866654	1.0866654	-1.0079622	1.0059167	1.0219448	1.0236905	-1.0107257	1.0346283	1.0168524	1.019171	1.0866654	0.7876183	0.6802229	0.35755286	0.11991756	0.5635367	0.19143143	0.35399786	0.5551032	1.4081401E-4			
MAP3K4_9182	308106	map3k4	0.04061818902318209	0.08946919041718926	1.112447	1.112447	1.0245411	1.0191056	1.0798702	-1.0004836	-1.0626084	-1.0066102	1.0235407	1.008454	1.112447	0.5891618	0.66378385	0.21943346	0.9939269	0.3005125	0.8882086	0.6419366	0.8934536	0.058035042			
MAP7_9184	293016	map7	0.015885783229438972	0.047514449089551346	1.0444473	1.0444473	-1.0041586	-1.0319723	1.008512	1.010934	-1.0079265	-1.0095984	1.0130491	1.029684	1.0444473	0.8792976	0.16412884	0.71187377	0.6346063	0.58450013	0.6406287	0.394621	0.1262222	0.055803534			
MAPK1_9185	116590	mapk1	0.025807722616233254	0.0646814153509866	1.06996	1.06996	1.0116185	-1.0065427	1.0489383	-1.0023023	-1.0361584	1.0169128	1.0003223	1.0093172	1.06996	0.69033	0.830705	0.15817948	0.9283794	0.24938104	0.49105212	0.98978966	0.80091065	0.09242905			
MAPK12_9186	60352	mapk12	0.0020242914979757085	0.015836148648648646	1.2795389	1.2795389	-1.0223874	-1.0027523	1.0920281	-1.0217324	-1.0217484	-1.1168131	-1.099315	-1.051004	1.2795389	0.75008804	0.9802582	0.18922816	0.8177523	0.8224354	0.18874377	0.2681598	0.5892326	0.025146857			
MAPK3_9190	50689	mapk3	0.03771337832473204	0.08453729186274204	1.0741247	1.0741247	-1.0296144	-1.0530252	-1.0069311	-1.0627805	-1.0518837	-1.0239688	-1.0622844	-1.0305327	1.0741247	0.36948103	0.179073	0.906601	0.1277551	0.33836454	0.66538286	0.25982496	0.32805115	0.20384355			
MAPK9_9192	50658	mapk9	8.123476848090983E-4	0.01042891868579942	1.0394144	1.0394144	-1.0169455	-1.0139986	-1.0100712	-1.0223538	-1.0254115	-1.0055239	-1.0144249	-1.0224867	1.0394144	0.19230157	0.13244697	0.14438675	0.06987265	0.172518	0.77114785	0.3792492	0.020323072	0.07584816			
MAPKAPK5_9195	498183	mapkapk5	0.003572846367606193	0.020469726352079293	1.2828251	1.2828251	1.0578117	1.0113184	1.1696484	1.008247	-1.0025321	1.0776876	1.0164696	1.0549445	1.2828251	0.2947225	0.8577619	0.09532099	0.9283929	0.97883576	0.20059963	0.71150535	0.5444845	0.025303844			
MAPT_32343	29477	mapt	0.04430253442426661	0.0950360819101203	1.035573	1.035573	1.0132037	-1.0173064	1.0118005	1.0026611	-1.0083033	-1.001708	1.0191357	1.0137496	1.035573	0.4908057	0.3644625	0.55356437	0.8661103	0.6322783	0.93609107	0.2348796	0.417002	0.027813008			
MAT2A_9199	171347;498211	mat2a;mat2al1	0.01664636622005684	0.04876578650369074	1.1114147	1.1114147	1.011004	1.0025003	1.1114147	1.0448369	-1.0007935	1.009829	1.0507652	1.0092963	1.0815386	0.6993389	0.94143945	0.036840532	0.17667337	0.9739552	0.68303895	0.03828119	0.79926807	0.006558317			
MBL1_9200	24548	mbl1	0.02221316486651722	0.059147286821705426	1.1486325	1.1486325	1.0346756	1.0151236	1.1486325	1.1470412	1.0417104	1.1337535	1.0182815	1.1378798	1.1437624	0.57109714	0.73335683	0.021563286	0.020253045	0.26062396	0.04864091	0.765103	0.024271026	0.08013632			
MBOAT7_33082	308309	mboat7	8.011215701982776E-4	0.01042891868579942	1.1299304	1.1299304	1.0340066	-1.0193094	1.0496753	1.0258602	-1.0302794	1.0294498	1.0285305	1.0257028	1.1299304	0.38019288	0.71369493	0.100162156	0.4511596	0.2862837	0.30754378	0.33459604	0.44732466	0.0023549695			
MBTPS1_9203	89842	mbtps1	5.986828976252245E-4	0.009340324921578725	1.13281	1.13281	1.0234767	1.0121268	1.0835425	1.0148964	-1.0050806	-1.0035272	1.026402	1.0209191	1.13281	0.34787974	0.72966146	0.014594366	0.66508216	0.89648855	0.882078	0.36369237	0.5762508	0.0048376964			
MCCC1_32646	294972	mccc1	0.010962726729120988	0.03751396196328709	1.0673549	1.0673549	1.0214661	1.0040143	1.065156	1.0239452	-1.014283	1.0305291	1.0248713	-1.0004537	1.0673549	0.46169037	0.88099086	0.04260344	0.3835611	0.6316596	0.13908526	0.3196747	0.98741376	0.0063292705			
MCL1_9205	60430	mcl1	0.015942028985507246	0.04761129914084874	-1.0565957	1.0565957	-1.0041442	-1.0015445	-1.0228729	-1.0144179	-1.0141082	-1.00337	-1.0204617	-1.0367653	-1.0565957	0.738838	0.8908239	0.35140932	0.2239345	0.17094912	0.78212065	0.18090446	0.02341846	0.16771096			
MCM2_9206	312538	mcm2	0.008246612998232868	0.03175521984069397	1.1018306	1.1018306	1.0133653	1.0128117	1.074041	1.0217499	-1.0387	1.024985	1.0256568	-1.0293168	1.1018306	0.6593803	0.7493294	0.031988993	0.6117529	0.3538141	0.2246784	0.33850574	0.54552114	8.2627E-4			
MCM3_9207	316273	mcm3	0.004370282081843465	0.02247090915793225	1.232619	1.232619	1.0906692	1.0501493	1.0907023	1.0814528	1.0182052	1.0695797	1.0826925	-1.1048571	1.232619	0.08106519	0.3649602	0.2219478	0.17512271	0.82746136	0.3165152	0.09117764	0.48401016	0.0075202733			
MCM6_9210	29685	mcm6	0.007027132539527621	0.02866897631156974	1.2455047	1.2455047	-1.0423703	1.1568359	1.177018	1.042797	-1.0389451	-1.0222043	1.0895771	-1.0066795	1.2455047	0.66168445	0.0029145277	0.013608888	0.45066103	0.72462815	0.80035	0.36476046	0.95374423	0.01766322			
MCUR1_32908	291034	mcur1	0.03790796675451044	0.08478295255072683	-1.0672202	1.0672202	-1.0183705	-1.0034248	-1.0510333	-1.0105729	-1.0018661	-1.0056335	-1.0127368	-1.0195342	-1.0672202	0.2226303	0.77454776	0.16440146	0.43153647	0.9063564	0.6204138	0.3752829	0.22773401	0.26025045			
ME2_9216	307270	me2	0.0125	0.04052186265479216	1.1617124	1.1617124	1.0432706	-1.0147024	1.0953038	1.0158881	-1.0472398	1.0366131	1.0145048	-1.0538577	1.1617124	0.49635127	0.7871566	0.119470365	0.73482525	0.36656648	0.55109704	0.84463197	0.41475508	0.0104936715			
MEP1B_32655	25727	mep1b	0.017525983289178725	0.05068328045516581	1.2019384	1.2019384	1.0630847	1.0577683	1.2019384	1.1447268	1.0332459	1.0656691	1.1374719	1.0949582	1.1877106	0.5265063	0.3095948	0.055349234	0.04343315	0.4809025	0.36396906	0.057574272	0.24623127	0.002752615			
METRN_9221	287151	metrn	0.005030181086519115	0.023836606336355422	-1.104053	1.104053	-1.0262975	-1.0222919	-1.0737338	-1.0368829	-1.015197	-1.0033555	-1.0299176	-1.031794	-1.104053	0.24106301	0.5205899	0.058158617	0.21895528	0.5043163	0.8597107	0.1406287	0.25972795	0.06951409			
MGC109340_32287	100360464;317409	arxes2;arxes1	2.028809089064719E-4	0.005244396776076087	-2.1880348	2.1880348	-1.1501153	-1.5112398	-1.1664844	1.0824808	-1.1201055	-2.1880348	-1.0403291	1.012986	1.8665512	0.53433377	0.059473798	0.43691242	0.73566103	0.5342795	0.04770517	0.9245156	0.93481284	2.453342E-4	3.0	10.0	
MGC112715_33057	690899	vsir	0.025373721479150277	0.06407667639355039	1.1139091	1.1139091	1.0123373	1.0392559	1.0897746	-1.0053532	-1.0504098	1.01672	1.0426949	-1.0510916	1.1139091	0.7604361	0.45115033	0.10611264	0.91921467	0.4960581	0.706084	0.38163137	0.39772508	0.019699713			
MGLL_9227	29254	mgll	0.012900624874017335	0.04096990706221044	1.1231484	1.1231484	1.0042851	-1.0435616	1.0291606	-1.0168227	-1.0575638	-1.0264508	-1.002602	1.0162096	1.1231484	0.9160908	0.32637453	0.6504705	0.6952967	0.12643936	0.43429813	0.93809825	0.71656877	0.108824894			
MGST1_33167	171341	mgst1	0.012291831879460745	0.040262361251261355	1.1448321	1.1448321	1.0377508	1.039962	1.1323853	1.0065732	-1.004881	1.0142773	1.0469656	1.0314337	1.1448321	0.51103944	0.48445266	0.0448059	0.9027749	0.91779214	0.7452577	0.29668468	0.5843373	0.017230224			
MICALL1_9229	362958	micall1	0.001012965964343598	0.011001615776151587	1.2121602	1.2121602	-1.0799731	1.0756791	-1.0081058	1.0000715	-1.1061391	-1.0764205	1.0144835	-1.0402098	1.2121602	0.40184957	0.2584073	0.9260292	0.9992576	0.22163168	0.18160897	0.8159782	0.5154506	0.004720983			
MIF_9231	81683	mif	0.023982265215638857	0.06189472070530339	1.0394448	1.0394448	1.0054337	1.0000622	1.0015295	1.0221809	1.0175984	1.0054166	1.0272919	1.0394448	1.0278904	0.7399007	0.9966231	0.9292451	0.0920494	0.25463772	0.6803398	0.06351818	0.020186443	0.08160018			
MKNK1_9234	500526	mknk1	0.019627279936558287	0.05400885996335694	-1.4619136	1.4619136	-1.223657	-1.2956004	-1.4619136	-1.0728941	-1.2177866	-1.12133	-1.0025558	-1.0006282	1.1534978	0.17373891	0.18650019	0.050428275	0.49066296	0.086436845	0.44525605	0.9796845	0.9945536	0.3355321			
MLF1_32449	310483	mlf1	0.009776536312849162	0.03528386265443796	2.481138	2.481138	1.3890201	1.4035817	2.1322198	1.7477393	1.5788703	1.5873636	1.8087755	-1.0429655	2.481138	0.5047847	0.22185083	0.059379485	0.18603002	0.27344364	0.3589766	0.103880025	0.90602547	0.0010802915	100.0	300.0	
MMP9_32531	81687	mmp9	0.018950728106922003	0.05295056382816442	1.6917948	1.6917948	1.2244358	1.0183448	1.1731521	-1.0111583	1.0219786	1.1210968	1.3007352	-1.0496217	1.6917948	0.40878305	0.95013374	0.5872815	0.96819407	0.94291747	0.6381533	0.2785663	0.8896057	0.055465437			
MMRN2_32997	306288	mmrn2	0.02302044056360389	0.06003369794037877	1.2920159	1.2920159	-1.2109042	1.0417861	1.2300198	1.0070708	-1.214802	1.0118254	1.0604883	-1.0884669	1.2920159	0.32310438	0.7117234	0.070571356	0.9565196	0.344155	0.928751	0.5298969	0.6186536	0.032115716			
MNAT1_9239	266713	mnat1	0.0025979216626698643	0.017333958919820668	1.0365034	1.0365034	-1.017354	1.009089	-1.0051531	-1.0113119	1.0037866	1.0168699	1.0048641	-1.0147028	1.0365034	0.23309532	0.42191178	0.7468791	0.47616503	0.7625305	0.20733029	0.8281304	0.21879576	0.017079193			
MRPS16_9249	688912	mrps16	0.008518225039619652	0.03261777150487755	1.1464705	1.1464705	1.0030953	1.0147327	1.0925679	-1.07855	-1.0763483	-1.0010846	-1.018029	1.0359201	1.1464705	0.9273131	0.7398654	0.09418278	0.16313544	0.17493942	0.97805095	0.76046693	0.50688857	0.070567794			
MRPS2_9250	362094	mrps2	0.035664195551993585	0.08140740289042014	1.1258525	1.1258525	-1.0102111	-1.010059	-1.0275836	1.0167289	-1.0024936	-1.0133319	-1.0029929	1.0457336	1.1258525	0.8187593	0.7604265	0.7223696	0.75550884	0.9648582	0.7158916	0.96399164	0.30252352	0.15416752			
MSMO1_9252	140910	msmo1	0.011867088607594937	0.03939241559426273	-1.4835387	1.4835387	-1.4835387	-1.0429484	-1.2260151	1.0195221	1.0632544	-1.2276247	1.0418048	-1.3513894	1.156437	0.040053125	0.606517	0.029832356	0.87997836	0.26317096	0.028097443	0.4507281	0.079414725	0.30150163			
MSN_9253	81521	msn	8.228759514503189E-4	0.010456289956327301	1.0853668	1.0853668	-1.0068697	-1.0099146	1.0301156	1.0133765	1.0083226	-1.0008134	1.0086352	1.0044509	1.0853668	0.4584934	0.3532588	0.39821026	0.12058788	0.183101	0.87602454	0.13340358	0.7594559	0.03858093			
MSRA_9254	29447	msra	0.04704944178628389	0.0992216029213915	-1.0653714	1.0653714	1.0073503	-1.0075887	-1.048579	1.004316	1.0365224	1.0178849	1.0109671	1.027308	-1.0653714	0.8028278	0.7869376	0.1426857	0.8808893	0.14630418	0.33364284	0.5907161	0.3789854	0.20888925			
MTA1_9257	64520	mta1	0.0020044097013429546	0.015836148648648646	1.2111988	1.2111988	1.0674112	1.024755	1.1046258	1.0293297	-1.0134643	1.0395522	1.0222864	1.0548089	1.2111988	0.21179749	0.6562236	0.10657051	0.62620187	0.8333074	0.45050642	0.6613065	0.4759468	0.020989902			
MVD_9265	81726	mvd	9.869719699960521E-4	0.011001615776151587	-1.206998	1.206998	-1.0510557	-1.206998	1.0059044	1.0140991	-1.0048964	1.0069005	1.0139023	1.0613282	1.1800084	0.422563	0.15374051	0.9260581	0.8493283	0.92739624	0.8927341	0.8182187	0.30826896	0.023544025			
MVP_9266	64681	mvp	0.017077045274027005	0.04995411337490304	1.1429851	1.1429851	1.030284	-1.0124139	1.0741743	-1.0211895	-1.066776	1.0380062	1.0152756	1.013735	1.1429851	0.55700415	0.82163674	0.14233321	0.74828815	0.38626087	0.46811137	0.7355335	0.81234753	0.034554206			
MX1_9267	24575	mx1	0.019847634322373697	0.05431554248715435	1.1309547	1.1309547	1.0075837	-1.0137656	1.0669388	-1.012742	1.0004311	1.0253633	1.0381825	-1.0209774	1.1309547	0.8994895	0.8250491	0.31040946	0.8527089	0.99518764	0.66121805	0.49339694	0.7437967	0.051800974			
MX2_9268	286918	mx2	2.0008003201280514E-4	0.005244396776076087	1.3398231	1.3398231	-1.0271531	-1.10357	1.0895869	1.0549103	1.0388012	-1.0473126	1.0525852	1.0274516	1.3398231	0.7177109	0.29983675	0.38928744	0.6077484	0.74107003	0.5605093	0.53467155	0.7217689	0.0015087865			
MYC_9271	24577	myc	0.0012101653892698668	0.012203439596032506	1.3114631	1.3114631	1.3114631	1.2127327	1.1971995	1.2371143	1.0777767	1.118825	1.1029137	1.0434889	1.3096304	0.031291615	0.09593838	0.121380314	0.07385241	0.492874	0.3839989	0.37676013	0.74547803	0.026209302			
MYCBP_9272	100361133	mycbp	0.019785988289925296	0.054221217909891435	1.2443128	1.2443128	-1.0861726	1.0391672	-1.0038401	1.0069121	-1.1140816	-1.0098903	1.0005801	-1.0558938	1.2443128	0.44605103	0.72692335	0.9677598	0.9471225	0.525041	0.93547124	0.9968583	0.67176056	0.023236282			
MYL12B_32708	50685	myl12b	0.011674718196457327	0.03889890319279616	1.0806777	1.0806777	1.000651	1.002592	1.0301703	-1.0034043	-1.0070664	-1.0025709	-1.009373	1.0141959	1.0806777	0.96115196	0.8675073	0.39800194	0.8392519	0.69196224	0.87625366	0.33134583	0.38657302	0.12497312			
MYL2_32406	363925	myl2	0.009525739764896636	0.03480558760250694	-6.008432	6.008432	-6.008432	-1.1158274	-1.9743211	-3.0026093	-3.243533	-2.889423	-1.2365205	-2.4043286	1.4578639	0.006245166	0.82667565	0.10538579	0.04600942	0.06528917	0.02565696	0.66424114	0.041380808	0.22715513	0.0	0.01	
MYLK_9277	288057	mylk	0.03341384863123994	0.07827168407140386	1.1105006	1.1105006	1.0457836	1.0463061	1.0778091	1.0176203	1.0089064	1.0506378	1.0117981	-1.0426633	1.1105006	0.23836349	0.18794209	0.078199245	0.7451016	0.8784934	0.36226237	0.80225044	0.30796143	0.012172435			
MYO10_9278	310178	myo10	0.0034109149277688606	0.02007308342448046	1.1311041	1.1311041	1.0520271	1.0268611	1.0849445	1.0257459	-1.016213	1.0176562	1.03045	1.0242447	1.1311041	0.18689209	0.55697113	0.07850351	0.6027711	0.7225735	0.6525322	0.40429875	0.6115681	0.022462264			
MYOF_33305	309499	myof	0.04726617264169838	0.0994683696415488	1.2120878	1.2120878	-1.0483396	-1.0804251	1.0840122	1.0141355	-1.1181746	-1.0813553	-1.0972049	-1.2049664	1.2120878	0.5717642	0.5807308	0.5065077	0.87700903	0.34892097	0.46096098	0.5248504	0.18152742	0.21519253			
NAA10_32633	363518	naa10	0.003189792663476874	0.01945831275945941	1.372935	1.372935	1.133444	1.009413	1.1181399	-1.0967592	-1.0493765	-1.0014651	1.0748439	1.1008765	1.372935	0.07067109	0.9384647	0.4450479	0.30576125	0.51355326	0.98397255	0.29556426	0.17911494	0.06820433			
NADK2_32534	365699	nadk2	0.0345171588188348	0.07951701136671527	1.3467821	1.3467821	-1.1599408	-1.1866093	-1.020551	1.0819006	-1.2995927	1.0112894	-1.1190671	-1.3064219	1.3467821	0.53619105	0.47798446	0.9138746	0.6105528	0.4077233	0.9350985	0.46520486	0.17802235	0.060850002			
NAT2_33165	116632	nat2	4.0225261464199515E-4	0.007576131577848074	1.2810246	1.2810246	1.0553892	-1.038218	1.0711812	-1.1016593	-1.0071322	-1.0303643	1.0384285	-1.0019042	1.2810246	0.41302362	0.6332665	0.30859488	0.26804247	0.9230886	0.7068301	0.5979061	0.9768715	0.0039561773			
NCAPD2_9284	362438	ncapd2	0.04176516942474389	0.09109453055231877	1.396922	1.396922	1.1460729	1.1272697	1.2323219	-1.0419084	-1.0940557	1.0307288	1.0881466	1.0154777	1.396922	0.3336255	0.32294196	0.15418035	0.83011335	0.7159689	0.82184654	0.60521346	0.9317282	0.036927424			
NCL_9288	25135	ncl	0.009780439121756487	0.03528386265443796	1.0718608	1.0718608	1.001206	-1.0058311	1.0426812	1.0017961	-1.0135591	1.0088058	1.008251	1.0068955	1.0718608	0.9565812	0.8125055	0.16242495	0.9330676	0.53166467	0.6718767	0.68220234	0.8141177	0.06644469			
NCOA1_9289	313929	ncoa1	0.013566653558788833	0.04222382815878896	1.1650232	1.1650232	1.0332661	-1.0051272	1.0336628	-1.0082078	-1.0674392	1.0486743	1.0198462	-1.0164376	1.1650232	0.50344545	0.9371138	0.64532924	0.91263896	0.37109452	0.38828325	0.70823795	0.8305057	0.026196094			
NDUFV3_32394	64539	ndufv3	0.006246222043119081	0.02656975048192445	-1.0437219	1.0437219	-1.0355376	-1.0345217	-1.0437219	-1.0110217	-1.0104235	-1.0093288	-1.0113333	1.0101613	1.0186733	0.027083203	0.031242488	0.06938863	0.38476762	0.5234467	0.5368169	0.46301615	0.4283165	0.25022465			
NEB_32342	311029	neb	0.02831122549990101	0.06913206226720013	1.5409794	1.5409794	1.1314871	-1.1395015	1.3422993	1.0550736	-1.1746006	1.1043403	1.041826	1.1250038	1.5409794	0.4024852	0.63750064	0.09132568	0.8262916	0.50727576	0.7114392	0.8316372	0.59771687	0.040538397			
NEFH_33218	24587	nefh	2.0092425155716296E-4	0.005244396776076087	2.847176	2.847176	1.6831852	1.5659736	1.9648052	2.345492	1.7907776	1.7183481	2.1657295	1.6982505	2.847176	0.08529394	0.14494215	0.011430454	0.0016630007	0.111666754	0.15178366	0.0022367102	0.1880588	1.0090505E-4	0.3	1.0	
NENF_9296	289380	nenf	0.004741209008297116	0.02330743618201998	1.1596023	1.1596023	1.0063688	1.0548556	1.0893822	1.0090046	-1.009105	1.0284872	1.0546294	-1.00695	1.1596023	0.8592972	0.23210374	0.07164401	0.8871793	0.84661853	0.28359032	0.14203389	0.9113528	0.021883301			
NEURL3_9298	316326	neurl3	0.014658634538152611	0.044921621971758	1.37915	1.37915	1.0462651	1.0645865	1.3405316	1.11019	1.0003903	1.1393698	1.212598	1.014274	1.37915	0.69243807	0.63153785	0.070861846	0.41458523	0.99734735	0.21431135	0.13488197	0.94249964	0.017347798			
NFIA_9302	25492	nfia	0.04704704704704705	0.0992216029213915	1.0246632	1.0246632	-1.0047059	-1.0137074	-1.0081263	-1.0089597	-1.0233854	1.0022129	-1.0110826	-1.0015008	1.0246632	0.8446938	0.33641267	0.59738785	0.5208498	0.1496118	0.8913007	0.41089618	0.92956734	0.12528518			
NFIL3_9304	114519	nfil3	0.0191699604743083	0.05319064137168993	1.4975022	1.4975022	1.4015093	1.114646	1.4726028	-1.1321982	-1.2728162	1.0449133	1.2113495	1.1331404	1.4975022	0.09752382	0.6229202	0.057313867	0.6662766	0.37954593	0.85955256	0.4308644	0.5792317	0.041121364			
NFKB1_9305	81736	nfkb1	0.010459838168541543	0.03667106435046071	1.0657992	1.0657992	1.020901	1.0034451	1.0260352	-1.0027179	-1.007471	1.0122596	1.0094234	-1.0005794	1.0657992	0.2455714	0.84420824	0.04539484	0.91723824	0.8333659	0.6068358	0.4273987	0.95552707	0.0075094835			
NGRN_33016	499191	ngrn	1.9952114924181964E-4	0.005244396776076087	1.1372446	1.1372446	-1.0252924	-1.0071844	1.0152028	-1.0117183	-1.0116906	-1.0172421	-1.0234858	-1.0188737	1.1372446	0.56133103	0.836964	0.6552816	0.72038245	0.7285139	0.7159422	0.5987775	0.5595441	7.723143E-4			
NGRN_9311	499191	ngrn	0.031802822500496916	0.07533845660013971	1.0808157	1.0808157	1.0062655	1.0177208	1.0690885	1.0125393	-1.0592346	-1.0358592	-1.0260595	1.0013939	1.0808157	0.8425622	0.6495233	0.07497252	0.6742319	0.118893765	0.25869334	0.6688458	0.9675128	0.048356242			
NGRN_9312	499191	ngrn	0.006779661016949152	0.028119384051587436	1.0944084	1.0944084	-1.0325212	-1.0119544	1.0273869	-1.0102049	-1.0218279	-1.0305017	1.0426192	-1.0521538	1.0944084	0.48068726	0.6776678	0.36681417	0.7998919	0.6047564	0.29870614	0.30302432	0.27578783	0.010971746			
NID2_32818	302248	nid2	0.010286844708209694	0.03658913372563016	1.1688285	1.1688285	1.0773718	1.0502717	1.1142663	-1.0074508	-1.0726434	-1.0085915	1.0201335	-1.0263461	1.1688285	0.21612862	0.43920228	0.079927385	0.93281764	0.42242837	0.9149162	0.73783773	0.6983126	0.01671447			
NIP7_9316	192180	nip7	0.04154418969233784	0.09087791495198903	-1.1376972	1.1376972	1.0295306	1.0024799	1.0669376	1.0156066	-1.1376972	1.0104742	1.1063414	-1.0277971	1.1201785	0.64264905	0.9608377	0.23232546	0.767077	0.06936785	0.8526515	0.06922923	0.72386223	0.09798747			
NIT2_9320	288174	nit2	0.005430410297666935	0.024603687195851105	1.0721256	1.0721256	1.0364403	1.054041	1.060001	1.0138416	1.0264783	1.0521244	1.038795	1.0018915	1.0721256	0.20617521	0.06185389	0.03798428	0.6522909	0.28684062	0.0761972	0.23199607	0.96101123	0.031547856			
NLRX1_33261	315599	nlrx1	0.015163607342378291	0.04597476694231716	1.0859876	1.0859876	-1.0439805	-1.0750632	-1.0003821	-1.0129913	-1.077985	-1.0178357	1.0248532	1.0030116	1.0859876	0.38325486	0.12967116	0.990063	0.6570257	0.24507865	0.6998403	0.64158267	0.95751995	0.017889395			
NOC2L_9327	313777	noc2l	0.003208985158443642	0.01945831275945941	1.1199241	1.1199241	-1.0115455	-1.0414827	1.0301365	-1.0190294	-1.0662653	-1.0244727	-1.0308951	-1.0695941	1.1199241	0.7658838	0.14905475	0.5184275	0.58551043	0.23097172	0.43560886	0.406199	0.1132161	0.06561587			
NOLC1_9330	64896	nolc1	9.994003597841295E-4	0.011001615776151587	1.1335025	1.1335025	1.0287611	1.0060445	1.0552057	1.0426903	-1.0295771	1.022068	-1.0171347	1.016586	1.1335025	0.25025308	0.77934206	0.06569769	0.4816836	0.380705	0.5220176	0.7171957	0.5697521	0.0028178797			
NOS1_32409	24598	nos1	0.011657775143252322	0.03889890319279616	-1.8293774	1.8293774	-1.0328335	-1.8293774	1.2589386	-1.5698738	-1.3947213	-1.3238156	-1.2393845	-1.1410496	1.3874475	0.8376038	0.010450643	0.1195639	0.197099	0.22026645	0.35917455	0.37600514	0.54548687	0.062704034			
NOTCH4_32539	406162	notch4	7.947546195112259E-4	0.01042891868579942	1.6871861	1.6871861	1.2022761	1.1126287	1.4055672	1.0440453	1.0629895	1.2020124	1.2574333	1.1986078	1.6871861	0.17569865	0.4641021	0.066676795	0.8273843	0.7307975	0.20155096	0.14945915	0.1944559	0.019262655			
NOX4_9349	85431	nox4	0.010197838058331634	0.03652547024483233	-1.1030788	1.1030788	-1.0222769	-1.0097566	-1.0969481	-1.0618329	-1.0317469	-1.0111953	-1.0537406	-1.0511861	-1.1030788	0.2937068	0.69800985	0.12348099	0.028620653	0.066239014	0.4999505	0.06436531	0.015900737	0.09267406			
NPC1_9351	266732	npc1	0.013103852923919421	0.04129887295927211	1.1210586	1.1210586	-1.015743	-1.036166	1.047955	-1.0733584	-1.0600799	1.002242	-1.000234	-1.0697453	1.1210586	0.7595092	0.5493254	0.29286897	0.31683996	0.41704467	0.9526398	0.99658895	0.2861282	0.028885107			
NPDC1_9352	296562	npdc1	0.004134672179562906	0.021821880947693113	1.1099048	1.1099048	-1.0417545	-1.0171808	1.0231858	-1.082488	-1.0488706	1.0015941	-1.0255866	-1.0338395	1.1099048	0.33163664	0.5958163	0.5929915	0.1708838	0.35110125	0.9492574	0.42389458	0.27696306	0.047244083			
NQO1_33055	24314	nqo1	2.0096463022508038E-4	0.005244396776076087	1.80361	1.80361	1.072005	1.3786249	1.3957404	1.1730871	1.1675237	1.2223543	1.2734474	1.1245693	1.80361	0.5620221	0.09321385	0.074025266	0.41457027	0.27938333	0.05141565	0.15764046	0.5046908	5.5787776E-4			
NR1I2_33293	84385	nr1i2	0.006153235410877332	0.026342713829828925	1.109507	1.109507	-1.0288916	-1.018071	-1.0325946	-1.0347115	1.0000784	-1.0262568	1.0621963	-1.018559	1.109507	0.5859799	0.625756	0.4370986	0.49754974	0.998082	0.5958939	0.19789314	0.5430815	0.049293697			
NR2F2_32621	113984	nr2f2	2.0100502512562814E-4	0.005244396776076087	1.1785406	1.1785406	1.0216227	1.0096587	1.0724372	1.0058137	-1.0129902	1.0102764	1.0354768	1.007906	1.1785406	0.34555474	0.672828	0.06995531	0.8772782	0.7269928	0.7017937	0.21382166	0.7729161	0.004394014			
NREP_9364	338475	nrep	0.011847389558232932	0.03939241559426273	1.1003071	1.1003071	-1.0050391	1.0539516	1.0278267	1.0051345	-1.0003808	1.0177491	-1.0204144	1.0332547	1.1003071	0.8615544	0.13356449	0.45728707	0.8760341	0.99023795	0.5778913	0.32752782	0.20103475	0.062583			
NRP1_9366	246331	nrp1	0.002176063303659743	0.016358505080864463	1.1432478	1.1432478	1.0693474	1.0424275	1.076883	1.0002226	-1.0002649	1.0492567	1.047535	1.014306	1.1432478	0.10983654	0.35613346	0.10936852	0.9968585	0.9965227	0.1983721	0.22822714	0.74042195	0.006370041			
NSDHL_9369	309262	nsdhl	0.005362462760675273	0.024603687195851105	1.0832427	1.0832427	-1.008446	1.0113425	1.0020034	-1.015719	1.0038989	-1.005774	1.0132114	-1.0023968	1.0832427	0.78467095	0.59101266	0.94092333	0.49408892	0.88777566	0.8641666	0.5997732	0.940712	0.04058244			
NSG1_32675	25247	nsg1	0.02447411003236246	0.0625972429673886	1.797833	1.797833	1.1601572	-1.1494696	1.2472901	-1.0310564	1.0614063	1.2393482	-1.0439512	1.0149451	1.797833	0.49997795	0.6430682	0.31289884	0.9391261	0.7083156	0.54861164	0.90495235	0.9633778	0.016774997			
NUDT11_32363	680248	nudt11	0.0031783869686134287	0.01945831275945941	1.3826075	1.3826075	-1.3706964	-1.040088	-1.0414612	-1.135891	1.1720585	-1.1452088	-1.3362265	1.1821378	1.3826075	0.050552323	0.78590006	0.8398391	0.33967847	0.24386065	0.3509675	0.23184986	0.27210918	0.011032576			
NUDT9_9377	305149	nudt9	0.004039587962027873	0.021393883922898375	1.1046903	1.1046903	-1.0072132	-1.028734	1.0496246	-1.0122445	-1.0344967	1.0034827	-1.0162312	1.0114882	1.1046903	0.72582227	0.39191392	0.20974685	0.6307862	0.12006438	0.78850555	0.4868798	0.7037276	0.07554996			
NUP133_9378	292085	nup133	0.016493585827733658	0.04853201139576496	1.0569249	1.0569249	-1.0175583	-1.0417938	1.0003084	1.024026	-1.0420713	-1.0167964	1.0064607	-1.0447552	1.0569249	0.2511768	0.07557468	0.99254966	0.35163638	0.16783963	0.58396155	0.682543	0.16322666	0.07363704			
NUP62_9381	65274	nup62	0.0015939430165371588	0.014071133281668646	1.1046011	1.1046011	-1.0178273	-1.0018144	1.0393256	-1.0058749	-1.0331143	-1.0233094	1.0078819	-1.0111	1.1046011	0.3908736	0.95609313	0.18976876	0.84085554	0.46572983	0.45242637	0.78833354	0.6657262	0.01669394			
NUP85_9382	287830	nup85	0.003635629165825086	0.020469726352079293	1.1135396	1.1135396	1.0286839	-1.024342	1.0332571	1.007725	1.0176845	1.0204486	1.0394533	1.0296887	1.1135396	0.48257387	0.41261184	0.35597336	0.8144116	0.5554558	0.47275457	0.2516801	0.43506753	0.042731058			
NUP88_9383	113929	nup88	0.0032032032032032033	0.01945831275945941	1.0473155	1.0473155	-1.0034314	-1.0155146	1.0257992	1.0147512	-1.0033655	1.016809	1.005099	-1.0074815	1.0473155	0.8075026	0.27889824	0.021205327	0.5652678	0.76092345	0.2743971	0.63432574	0.6540327	0.017978767			
NVL_9386	289323	nvl	0.0335195530726257	0.07839429176893467	1.1033348	1.1033348	-1.0008199	1.012025	1.059001	-1.0266354	-1.055154	1.0042701	-1.0009277	-1.0263493	1.1033348	0.98422605	0.72742754	0.21683891	0.6040194	0.20887426	0.9091912	0.9823338	0.5106037	0.11594471			
OASL_9389	304545	oasl	0.01820388349514563	0.05202380952380953	1.2901424	1.2901424	-1.064417	-1.1296436	1.0977968	1.0210673	1.1025757	-1.0458066	1.0563654	-1.0611365	1.2901424	0.6475602	0.41508546	0.42819697	0.8783284	0.4780904	0.76662385	0.6693327	0.7849132	0.12295945			
OPN3_9396	498289	opn3	0.029376736800317587	0.07095228803466536	-1.4416991	1.4416991	-1.2037497	-1.4416991	-1.3613915	1.0673388	-1.2895252	-1.185716	-1.232176	-1.2323732	1.2419076	0.2672392	0.019061722	0.26214865	0.72573864	0.24402703	0.17789349	0.115892485	0.24793002	0.22385466			
OSGIN1_33191	171493	osgin1	0.02688498079644229	0.06646287074213428	1.1394756	1.1394756	1.0390306	1.0339441	1.1394756	1.102764	1.0152928	-1.0249879	1.0566651	1.0280957	1.1293558	0.57407796	0.5769286	0.034410916	0.08488247	0.72019947	0.65628564	0.3091069	0.5663691	0.029315628			
OSTF1_33042	259275	ostf1	0.011333738109694394	0.03832340259125477	-1.0527416	1.0527416	-1.028253	-1.0138755	-1.0469344	-1.03185	-1.0073726	-1.0085281	-1.02303	-1.0308771	-1.0527416	0.07353197	0.44901332	0.100220434	0.07906452	0.6272746	0.48185733	0.19599642	0.10667371	0.041870214			
OXA1L_9402	691393	oxa1l	0.010923535253227408	0.03750852466469652	1.1371394	1.1371394	1.0254816	-1.0263852	1.0687796	-1.017274	-1.0476937	1.0054071	1.0195327	1.0285028	1.1371394	0.4970578	0.5321447	0.2025463	0.715107	0.30783612	0.8938721	0.61704904	0.6369707	0.06851184			
OXCT1_9403	690163	oxct1	0.0038438195427877805	0.020711496314768846	-1.0624131	1.0624131	1.0113683	1.006559	1.0108271	-1.0018882	-1.0142294	1.0088565	-1.0002456	-1.0391773	-1.0624131	0.37042657	0.6934302	0.7689996	0.89638644	0.37192062	0.45595908	0.9863294	0.030567655	0.03870036			
OXSR1_9404	316064	oxsr1	0.005532503457814661	0.024858883780045606	1.1345118	1.1345118	-1.0043027	-1.0109267	1.0879396	1.005537	-1.0226684	-1.0023655	1.0137415	1.0199562	1.1345118	0.89475125	0.766565	0.079009645	0.9005998	0.61058295	0.9306896	0.5876294	0.7039142	0.032568954			
PAF1_9412	361531	paf1	8.051529790660225E-4	0.01042891868579942	1.175505	1.175505	1.0123874	-1.0350927	1.0452616	1.005191	1.0091505	-1.0032204	1.0270411	1.0658127	1.175505	0.7114934	0.34700263	0.41416445	0.8632025	0.6656907	0.9003442	0.28268367	0.035368893	0.027907385			
PAFAH1B1_9413	83572	pafah1b1	0.002770083102493075	0.0179577193117815	1.0668926	1.0668926	1.0192375	1.0131916	1.0490822	1.0079079	-1.0078268	1.0212047	1.0114422	-1.0121826	1.0668926	0.2204169	0.59224486	0.0049048164	0.7158862	0.7289559	0.1538493	0.5703471	0.6515349	0.008629858			
PAH_9415	24616	pah	0.03539279869067103	0.08097320342647787	-1.0474994	1.0474994	-1.0117011	-1.0133787	-1.0474994	-1.0469998	-1.0280962	-1.0106248	-1.0298076	-1.0133629	-1.0374997	0.4865035	0.12828943	0.040284753	0.023402516	0.020610757	0.5713763	0.053850103	0.17993505	0.08727469			
PAK4_9418	292756	pak4	0.001995609658750748	0.015836148648648646	1.294489	1.294489	-1.1569501	1.0339707	1.1159633	1.0719948	1.1591699	-1.1576929	1.0636027	-1.2369663	1.294489	0.18572485	0.7241464	0.27216947	0.5238022	0.1344592	0.15467277	0.5745305	0.17616554	0.032573137			
PAK6_9419	296078	pak6	0.002395687762028349	0.016738203726452724	1.7922834	1.7922834	-1.0397367	1.0391507	1.3261209	1.0753851	1.0680559	1.0690945	1.3213325	1.1267401	1.7922834	0.9074538	0.8873679	0.25442538	0.7497219	0.79501027	0.7769001	0.11485718	0.6147586	0.0074486523			
PANK1_9421	294088	pank1	0.015124016938898971	0.045924526321314225	1.0559531	1.0559531	1.0005563	-1.0023414	1.0474002	1.0085068	1.0026674	1.0070322	-1.0177653	-1.0091362	1.0559531	0.9777701	0.919468	0.08137322	0.6656826	0.89203936	0.71657914	0.43937814	0.78481156	0.019188238			
PAPD7_9422	306672	tent4a	0.028891509433962265	0.07018309501601618	1.1542106	1.1542106	1.0687736	1.0349973	1.1471668	1.0153269	-1.0626323	-1.0059314	1.0671703	-1.0202335	1.1542106	0.26363957	0.6054939	0.029481951	0.83163893	0.5757799	0.9091273	0.2521483	0.80190545	0.029246716			
PAPSS2_33237	294103	papss2	9.948269001193793E-4	0.011001615776151587	1.1146182	1.1146182	1.0562857	1.035849	1.1048806	1.0430632	1.0115503	1.0437962	1.0566058	1.0356863	1.1146182	0.09351385	0.40831155	0.020822108	0.20976092	0.7374983	0.11077589	0.07325642	0.34218678	0.0011535361			
PARP14_9427	303903	parp14	0.00892325996430696	0.03336998363002975	1.1686019	1.1686019	1.0539125	1.0045669	1.0917552	1.0155077	-1.0544219	1.0131572	1.06576	-1.0000343	1.1686019	0.35691425	0.9439417	0.15207098	0.851087	0.46151513	0.8051456	0.29479277	0.99962217	0.03083515			
PARP2_9428	290027	parp2	0.007778220981252493	0.03057074826724504	1.1343563	1.1343563	1.0127956	1.0172904	1.0667711	-1.0234795	-1.0167533	-1.0071542	1.0315795	1.03162	1.1343563	0.68783593	0.65702754	0.13302721	0.59953094	0.6163986	0.8834908	0.40545532	0.57488436	0.045781825			
PAX8_9432	81819	pax8	4.046944556859571E-4	0.007576131577848074	1.0774672	1.0774672	1.005482	-1.0074853	1.0442579	1.0294294	1.0054798	-1.0069709	1.0267936	1.018216	1.0774672	0.7003499	0.72512877	0.14418165	0.19614749	0.59189755	0.6646676	0.035938017	0.44221038	0.0025140126			
PCBD1_9435	29700	pcbd1	0.00562474889513861	0.025103745068907217	-1.1294003	1.1294003	-1.0397457	-1.0087692	-1.0986875	-1.0308285	1.003842	-1.0104369	-1.0237669	-1.0181123	-1.1294003	0.21751018	0.8222047	0.072484896	0.3403828	0.8714811	0.65565604	0.3341362	0.58866125	0.059692584			
PCCB_9437	24624	pccb	0.0038422649140546004	0.020711496314768846	1.0846596	1.0846596	-1.0112517	-1.0082622	1.0244014	-1.0163977	-1.0528795	1.0119519	1.0036105	-1.0254391	1.0846596	0.68248695	0.78504896	0.49718648	0.44652763	0.06225508	0.60632765	0.8980772	0.4150586	0.0372698			
PCK2_9440	361042	pck2	1.9868865487780648E-4	0.005244396776076087	1.5862944	1.5862944	-1.0186396	-1.0331461	1.2472458	1.1475139	-1.0282887	1.0403998	1.1189728	1.2280012	1.5862944	0.9071179	0.84802467	0.16465245	0.343814	0.8579897	0.79047704	0.5108264	0.270507	0.004430614			
PCNA_9442	25737	pcna	4.0024014408645187E-4	0.007576131577848074	-1.0378387	1.0378387	1.00569	1.0025373	-1.0046947	-1.0043646	-1.0145888	-1.0045372	-1.0074056	-1.0329752	-1.0378387	0.36557946	0.71040124	0.7673249	0.60303205	0.22299437	0.4109972	0.40109625	4.3651253E-5	0.0030387691			
PCSK6_9443	25507	pcsk6	0.040202020202020204	0.08881841672539346	2.3434384	2.3434384	1.4643737	1.3332163	2.3434384	1.6899637	1.6248469	1.3391938	1.5307533	1.1076604	1.7523217	0.1378638	0.4529986	0.0012087309	0.12985428	0.108527675	0.39170352	0.1030656	0.7518359	0.025348425	0.1	0.3	
PDK1_32702	116551	pdk1	0.0021696252465483235	0.016358505080864463	1.1957917	1.1957917	-1.0210124	1.0247849	1.1568905	1.0000384	-1.0994467	1.0739026	1.0396945	-1.0243913	1.1957917	0.6988817	0.6833612	0.009642031	0.9996148	0.2229688	0.104181804	0.6101543	0.7643327	0.0013809577			
PDK2_32491	81530	pdk2	0.003786369071343165	0.020711496314768846	1.0579998	1.0579998	-1.0028787	-1.016749	1.0087559	-1.021146	-1.0177704	1.0051551	-1.00429	1.0206205	1.0579998	0.8854133	0.31836668	0.57783186	0.41405654	0.34425732	0.80183786	0.85877454	0.2652762	0.021547278			
PDLIM1_9452	54133	pdlim1	0.021023403411344704	0.05675465467609294	1.2502593	1.2502593	1.1024607	1.0813378	1.2502593	1.1440631	1.0196922	1.1027458	1.0672207	1.0254507	1.2213569	0.25547457	0.4187019	0.035784297	0.20557097	0.8528527	0.4034855	0.48285127	0.79496217	0.03173344			
PEBP1_33087	29542	pebp1	0.03342730567861458	0.07827168407140386	1.0210253	1.0210253	-1.0088868	-1.0051811	1.0051274	1.0006487	-1.0041902	-1.0126635	1.0088716	1.0100983	1.0210253	0.26058123	0.6639851	0.48292437	0.95570576	0.5047255	0.083749786	0.469028	0.231029	0.21373886			
PELI1_32584	305549	peli1	0.002194732641660016	0.016358505080864463	1.1167204	1.1167204	1.0239683	1.0160297	1.0606803	1.0040988	1.018174	1.0188369	1.0361032	-1.005565	1.1167204	0.41411728	0.56941646	0.07063724	0.91848695	0.56169933	0.6054491	0.2940486	0.87589175	0.033405114			
PFKL_9463	25741	pfkl	0.0021916716477385933	0.016358505080864463	1.1784452	1.1784452	1.0293771	-1.0244857	1.1346725	1.0613576	-1.0044495	-1.0150659	1.0363437	1.0457083	1.1784452	0.65543944	0.6428729	0.056068923	0.12767187	0.9250448	0.7841444	0.47599274	0.42399296	0.01240895			
PGAM1_9465	24642	pgam1	0.030022619782027554	0.07216280297005419	-1.0266702	1.0266702	1.0068903	1.0098069	1.0076036	-1.0033481	-1.0046686	1.0234909	1.0089064	-1.0044931	-1.0266702	0.19811259	0.34178612	0.7183575	0.52936125	0.5783587	0.0797656	0.14925317	0.5860602	0.1783412			
PGAM2_32589	24959	pgam2	0.008854900382370698	0.03328106232483651	1.1337913	1.1337913	-1.099461	-1.0194265	-1.0092996	-1.0406733	-1.0388811	1.0097581	-1.0049708	1.0093645	1.1337913	0.003740611	0.7192512	0.86203253	0.18459137	0.1765975	0.8475784	0.9472137	0.75970477	0.19254075			
PGM1_9466	24645	pgm1	2.0312817387771684E-4	0.005244396776076087	1.1334765	1.1334765	-1.0016984	-1.0161716	1.0511688	1.0241318	1.0088408	1.0104852	1.0421455	1.0453374	1.1334765	0.9515116	0.45317695	0.16053626	0.3112727	0.62624943	0.6413458	0.012208944	0.0092037525	0.0011062933			
PGR_32824	25154	pgr	0.0025979216626698643	0.017333958919820668	1.6600609	1.6600609	1.0555197	1.2701797	1.1905532	1.0285248	1.1178914	-1.1206452	1.1591796	-1.029822	1.6600609	0.75406176	0.17167434	0.45144668	0.9100521	0.5908213	0.57097715	0.4658399	0.9009609	0.01775478			
PGRMC1_9467	291948	pgrmc1	0.0027988804478208716	0.0179577193117815	1.0695786	1.0695786	1.0100385	-1.001516	1.0309335	-1.0111476	-1.0253043	1.0109931	1.0042399	1.0094008	1.0695786	0.5990718	0.9286247	0.13959815	0.6352257	0.18350796	0.54377526	0.83976287	0.6581332	0.017302966			
PHKA1_9471	64561	phka1	0.04637175009701203	0.09831205254361211	-1.6700305	1.6700305	1.1114658	1.0345942	-1.3193694	-1.1419206	-1.6700305	-1.1210055	-1.1555629	-1.0288274	1.1448284	0.2607518	0.73657167	0.12661488	0.14240624	0.0010706239	0.4840168	0.32870114	0.7756077	0.18353775			
PIEZO1_33107	361430	piezo1	0.0016116035455278	0.014071133281668646	1.3031263	1.3031263	1.0214502	1.146448	1.1803684	1.0319377	1.0360452	1.0162444	1.0757631	-1.0526834	1.3031263	0.8102996	0.120845236	0.020839732	0.75203925	0.69530857	0.8194424	0.14088392	0.6462142	0.0019316447			
PIK3R1_32562	25513	pik3r1	0.0010030090270812437	0.011001615776151587	1.0677222	1.0677222	1.0165154	1.0018103	1.0400133	1.0137755	-1.0002971	1.008021	1.0268564	-1.0012307	1.0677222	0.42699826	0.9333405	0.06052154	0.5910238	0.9895084	0.6943082	0.16048026	0.94744176	0.0034177362			
PIK3R3_9483	60664	pik3r3	0.004213483146067416	0.02189036165730337	1.1100272	1.1100272	1.013487	1.0297123	1.0656717	1.0242363	-1.0252676	1.021032	1.0394465	-1.0193704	1.1100272	0.5995258	0.31627396	0.059768617	0.6330069	0.5304905	0.40868625	0.17629677	0.5769729	0.010847586			
PIK3R4_9484	363131	pik3r4	0.0035778175313059034	0.020469726352079293	-1.45014	1.45014	-1.1798861	1.0944971	-1.0639522	-1.0995631	-1.0808396	1.1793858	1.0496308	-1.45014	1.2829546	0.26202777	0.5436335	0.584916	0.34725925	0.56251246	0.117918566	0.63562673	0.01930411	0.008642793			
PIN1_9485	298696	pin1	2.01450443190975E-4	0.005244396776076087	1.0342246	1.0342246	-1.0218264	-1.0064025	-1.0070153	-1.0064778	-1.0144953	-1.0017394	-1.0125575	-1.001231	1.0342246	0.059848152	0.60868865	0.51756555	0.5867312	0.17849956	0.8470131	0.23081355	0.9048326	0.020116717			
PINK1_32483	298575	pink1	0.002797761790567546	0.0179577193117815	1.1143049	1.1143049	1.0125359	1.0006201	1.0541263	1.0044837	-1.0003043	1.0116347	1.0186204	1.0478716	1.1143049	0.40081966	0.976966	0.17253096	0.83937675	0.9904215	0.57352793	0.48543996	0.17581935	0.0530426			
PINK1_34101	298575	pink1	0.010323605320627358	0.03658913372563016	1.2910117	1.2910117	1.0676787	-1.0602816	1.1285572	-1.0458364	-1.1658254	-1.1143842	-1.0070776	1.0963268	1.2910117	0.4625812	0.53064746	0.22866186	0.6321524	0.30675158	0.49600187	0.95157444	0.43158108	0.012742546			
PIP4K2B_9486	89812	pip4k2b	0.003579952267303103	0.020469726352079293	1.1449695	1.1449695	1.02384	1.0022259	1.0380397	-1.0132092	-1.0103276	1.0091553	-1.0000265	-1.0153619	1.1449695	0.61443293	0.9648006	0.41888374	0.8302505	0.85155183	0.83057714	0.99958205	0.75512135	0.020495888			
PIR_9487	363465	pir	0.023668639053254437	0.06132329209252286	1.2237564	1.2237564	1.1267914	1.2092338	1.0791109	1.0993012	1.0652533	1.0780447	1.1943377	1.0722902	1.2237564	0.14752465	0.017491424	0.53414863	0.15750547	0.4538663	0.40827504	0.07302291	0.50561696	0.035299633			
PLAU_33051	25619	plau	0.041302136317395724	0.09062776304155615	1.0656679	1.0656679	1.0156841	-1.0196818	1.0656679	1.0198308	-1.0005194	1.0047987	1.0283085	1.0046358	1.0607804	0.5030525	0.5357327	0.08785027	0.4158452	0.97864205	0.8240104	0.19514059	0.8778889	0.054705497			
PLCB3_9496	29322	plcb3	0.02461294164350933	0.06271113483882645	1.3046669	1.3046669	-1.0213917	1.0357835	1.1686937	-1.0883068	-1.053611	1.0584296	1.1491672	1.1867939	1.3046669	0.845969	0.8085937	0.20768277	0.5164123	0.72021055	0.69519067	0.1735201	0.0867565	0.045592383			
PLEK_33161	364206	plek	0.0022190841234617713	0.016358505080864463	1.2148484	1.2148484	1.0639503	1.0932345	1.1217376	-1.017085	1.1015193	1.0090485	1.0378485	-1.078249	1.2148484	0.2784607	0.1459045	0.18020387	0.8213369	0.1906002	0.86112005	0.4385069	0.29680416	0.0048454045			
PLIN2_9502	298199	plin2	0.04462875197472354	0.095428038788396	1.0485463	1.0485463	-1.0114464	-1.005563	-1.004784	-1.0152719	-1.008069	1.0123359	-1.0161877	-1.0111902	1.0485463	0.49024463	0.8493657	0.840762	0.51775336	0.7653529	0.47007695	0.4755117	0.71520257	0.052730784			
PLOD1_33035	116552	plod1	0.02264600715137068	0.05960261776647032	1.2704849	1.2704849	1.0563455	-1.0527679	1.2230395	-1.0835578	-1.0468001	1.0147703	1.0396097	1.0200264	1.2704849	0.6410734	0.7064813	0.10411187	0.59697837	0.72799146	0.9003268	0.7727703	0.8541118	0.0372014			
PLSCR1_9508	117540	plscr1	0.003361676883527783	0.02007308342448046	1.2569661	1.2569661	1.095471	1.0399072	-1.0143988	1.0237277	1.037556	1.0841455	-1.0176388	-1.0396191	1.2569661	0.17713611	0.5562088	0.90224034	0.74159545	0.7326298	0.21817432	0.8522184	0.7197701	0.0021271494			
PLSCR3_9509	360549	plscr3	0.008980243464378368	0.03342460020790083	1.2456218	1.2456218	1.0543847	1.0139027	1.1365615	-1.0406382	-1.0684183	1.0057582	1.0411623	-1.0077138	1.2456218	0.29062364	0.86752874	0.12707359	0.6614631	0.45447198	0.91080284	0.49289474	0.9334743	0.05893401			
PMM1_9510	300089	pmm1	0.0024	0.016738203726452724	1.1376436	1.1376436	-1.0119778	-1.014738	1.0571136	1.0426489	-1.0151515	1.0565122	1.0325298	1.0509912	1.1376436	0.8183981	0.6453929	0.040169466	0.41324553	0.71927375	0.20228711	0.4051616	0.25210288	0.025850685			
PNKD_34104	100188944	pnkd	0.022541392379812487	0.059405650987748894	1.1071116	1.1071116	1.013365	-1.0150203	1.0304506	-1.0694839	-1.0902236	-1.0124031	-1.0002784	1.0149277	1.1071116	0.6925469	0.7882425	0.5172953	0.2644396	0.20777123	0.75880617	0.9947168	0.6210446	0.120568134			
PNKP_9513	308576	pnkp	0.01007455168245013	0.03614879605483455	1.3487735	1.3487735	-1.0113618	-1.053197	1.0545946	1.1996162	-1.0141693	-1.0149732	1.0158331	1.0804366	1.3487735	0.90915835	0.6078987	0.6251035	0.21061201	0.8821235	0.8891392	0.9388543	0.544746	0.004265503			
PNPLA2_32913	361676	pnpla2	0.005368860608470869	0.024603687195851105	1.274528	1.274528	1.0729299	1.0111228	1.1509603	1.0088316	-1.0194006	1.0608947	1.0653434	1.0967139	1.274528	0.18119226	0.88018155	0.11010842	0.9106128	0.7875442	0.3193583	0.44449076	0.22880669	0.049832143			
POLE2_9520	299112	pole2	3.9888312724371757E-4	0.007576131577848074	1.7091029	1.7091029	1.0042524	-1.6011175	1.0973115	-1.4238976	-1.1541693	1.066161	1.1507199	-1.0888797	1.7091029	0.97983336	0.19906236	0.6742966	0.2265624	0.5230565	0.7248908	0.3944809	0.58930665	0.0030181303			
POLG2_9521	303612	polg2	0.003851611595378066	0.020711496314768846	-1.1269686	1.1269686	-1.0119996	-1.0117018	-1.0922387	-1.0554621	-1.0141784	-1.0338968	-1.0733551	-1.0723323	-1.1269686	0.6738161	0.70558906	0.08086643	0.12187991	0.58849996	0.43070674	0.077729285	0.051321365	0.04037843			
POLR1B_32822	83582	polr1b	0.004766633565044687	0.02330743618201998	1.573098	1.573098	1.0273004	1.0070343	1.3393947	-1.0869718	-1.0298318	-1.0281287	-1.0247422	-1.1130416	1.573098	0.8806234	0.97763616	0.07816144	0.68687224	0.86084014	0.87666035	0.9087855	0.6114045	0.0035323831			
POLR1C_9522	301246	polr1c	0.01503910166432725	0.04573641804094184	1.4488738	1.4488738	1.0147574	1.1535316	1.1957124	1.0748438	1.1088688	-1.0120498	1.1536564	1.0461199	1.4488738	0.9298252	0.33285135	0.4007152	0.6368841	0.4639864	0.9110666	0.31119186	0.72756916	0.059759352			
POLR1E_9523	313245	polr1e	0.010657193605683837	0.03697582824928566	1.3130015	1.3130015	1.1926863	1.1835812	1.2596803	1.0620455	-1.0122273	1.1154764	1.1577315	1.0319235	1.3130015	0.08678345	0.12694372	0.04006739	0.62681705	0.9399128	0.2761927	0.1373888	0.8547725	0.026312096			
POLR2K_9525	100361574	polr2k	0.002413515687851971	0.016738203726452724	1.2049383	1.2049383	1.0304327	1.0253351	1.0523676	-1.015241	-1.0717152	-1.0732868	-1.0477692	-1.0131977	1.2049383	0.57154024	0.5849651	0.4750979	0.7731887	0.5046336	0.19967785	0.4038539	0.82746047	0.027815472			
POLR3B_32505	362858	polr3b	0.001013993104846887	0.011001615776151587	1.1796557	1.1796557	1.0428307	1.0041068	1.0658984	1.0231448	-1.0244489	1.0081178	-1.0058969	-1.0069071	1.1796557	0.34921885	0.9379578	0.31410167	0.6213369	0.630466	0.85946834	0.90687066	0.8792864	0.0040006			
PPAN_9534	298699	ppan	0.039219589886522	0.08703346142782135	-1.1112038	1.1112038	-1.0433043	-1.1112038	-1.0296966	-1.0005474	-1.1050144	-1.0087228	-1.0223932	-1.0276114	1.0738853	0.33022296	0.12892826	0.64232695	0.9900224	0.23943694	0.8585996	0.66675025	0.56691825	0.13386498			
PPARD_9536	25682	ppard	5.94883997620464E-4	0.009340324921578725	1.61539	1.61539	1.3090335	-1.000431	1.3443516	1.0850397	1.0274953	-1.0049565	1.2913144	1.61539	1.579459	0.05497497	0.99799675	0.032880973	0.67631507	0.8648865	0.97894615	0.14862992	0.0012631601	0.0047384156			
PPARG_32510	25664	pparg	5.970149253731343E-4	0.009340324921578725	1.7365557	1.7365557	1.0857397	1.1439381	1.5811038	1.2031821	1.2159773	1.0377654	1.0464956	-1.0200542	1.7365557	0.7019114	0.5352954	0.020852203	0.40216234	0.44969204	0.8724647	0.86496955	0.92371786	0.00824718			
PPARGC1A_33189	83516	ppargc1a	1.9739439399921041E-4	0.005244396776076087	1.2335831	1.2335831	-1.0755669	-1.0024054	1.100708	1.043144	1.0079019	-1.0095994	-1.0064819	-1.0171033	1.2335831	0.16291247	0.9662723	0.18963857	0.49315462	0.8798799	0.7690584	0.8796074	0.8316774	0.0017925586			
PPIA_32595	25518	ppia	0.0054633751517604206	0.024603687195851105	-1.0653858	1.0653858	-1.0165658	-1.006023	-1.0391097	-1.0016391	1.0039765	-1.011653	-1.0072536	-1.0151383	-1.0653858	0.26414162	0.7069636	0.10811527	0.91278887	0.8021855	0.36929286	0.5884675	0.32340768	0.08332885			
PPM1D_33020	287585	ppm1d	0.02289774970390841	0.05987026298728346	1.1724162	1.1724162	1.0606117	-1.0081923	1.1104918	-1.0668343	-1.1084163	1.0169628	1.0019346	-1.0566674	1.1724162	0.42227307	0.9255009	0.20900655	0.49535453	0.22075224	0.80373555	0.97999036	0.5092838	0.021281378			
PPP1R13B_9543	314465	ppp1r13b	5.994005994005994E-4	0.009340324921578725	1.3429121	1.3429121	1.1076654	1.090068	1.1699127	1.0157032	1.047899	1.0883964	1.1317767	1.0351722	1.3429121	0.12687336	0.26766512	0.09145765	0.8656855	0.6455954	0.23822309	0.11294522	0.7410344	0.011423811			
PPP1R15A_9544	171071	ppp1r15a	8.154943934760449E-4	0.01042891868579942	1.2051939	1.2051939	-1.0068074	-1.0117078	1.0701232	1.044038	1.0048373	1.0305991	1.0285221	1.0117265	1.2051939	0.8930219	0.814106	0.25067383	0.41100362	0.9325447	0.5511046	0.6134871	0.741628	0.017891383			
PPP1R3B_9545	192280	ppp1r3b	3.8895371450797355E-4	0.007576131577848074	1.4154816	1.4154816	1.118834	1.0861042	1.3057041	-1.0075293	1.1123979	1.0782062	1.1373376	1.0334443	1.4154816	0.14242747	0.286208	0.018262072	0.9606017	0.39712194	0.45166734	0.19530073	0.6974807	9.956518E-4			
PPP2CA_32614	24672	ppp2ca	0.018898597845966265	0.05287896592244418	-1.0627494	1.0627494	-1.0208524	-1.0103556	-1.0210669	1.0131862	1.0071472	-1.0183269	-1.004317	-1.0147455	-1.0627494	0.22529946	0.4653751	0.31249386	0.45620525	0.6774103	0.28136918	0.7193965	0.31359735	0.181299			
PPP2R3C_9548	362739	ppp2r3c	0.008261132379609107	0.03175521984069397	-1.104777	1.104777	-1.0395387	-1.0101424	-1.0666752	-1.0078851	-1.011448	1.0059195	-1.0406706	-1.0408152	-1.104777	0.120011166	0.6404816	0.19525138	0.7630667	0.6882566	0.7349733	0.11570787	0.19637877	0.044357274			
PPP2R5A_9549	312754	ppp2r5a	0.014321295143212951	0.04422752911874588	-1.076228	1.076228	-1.0087998	-1.0001321	-1.0195079	-1.0079198	-1.0084743	-1.0091004	-1.0184892	-1.0351573	-1.076228	0.27003148	0.9849377	0.6200487	0.63799435	0.39262116	0.34314212	0.04537765	0.0020352511	0.15591836			
PPP2R5E_9550	299147	ppp2r5e	0.015885783229438972	0.047514449089551346	1.0720489	1.0720489	1.0029033	-1.0301704	1.0355779	-1.0037559	-1.0237414	1.0101018	-1.0116357	-1.0251689	1.0720489	0.906818	0.3440833	0.19440149	0.8857473	0.50993717	0.64099646	0.6721261	0.3445091	0.1229847			
PPP3CB_32635	24675	ppp3cb	0.011914217633042097	0.03948316308624416	1.0703931	1.0703931	1.0210483	1.010174	1.0374032	-1.0137353	-1.0062644	1.0040547	1.0383669	-1.0042744	1.0703931	0.51687473	0.7506632	0.20137239	0.6864926	0.86567754	0.87923384	0.24935155	0.8661611	0.026309434			
PRC1_9556	308761	prc1	0.0381741062411634	0.08518718339051565	-1.2497752	1.2497752	1.0060734	-1.0035735	1.0093784	-1.0431958	-1.0871578	1.0040187	-1.0567802	-1.2497752	-1.0665237	0.9123594	0.9387867	0.8843383	0.507268	0.23396169	0.93729925	0.1079482	0.017641284	0.09326255			
PRDX3_32368	64371	prdx3	0.00465210355987055	0.02308693184562624	1.0596452	1.0596452	1.0053036	1.012363	1.033124	1.0007108	1.0000832	1.0125688	1.0117381	1.0144014	1.0596452	0.62620217	0.29159448	0.09116136	0.96897876	0.9936795	0.26406863	0.4149988	0.5517032	0.031296916			
PRKAB2_33204	64562	prkab2	0.01636112753794599	0.04842796652552262	1.2050787	1.2050787	1.0831263	1.0608823	1.1403809	-1.059579	1.0042566	1.0692444	1.1038417	1.029319	1.2050787	0.15930581	0.62527823	0.07820269	0.5964389	0.96112204	0.30896676	0.100410536	0.6420604	0.0070710857			
PRKACA_9561	25636	prkaca	0.01855916982638196	0.05238314529127331	1.077317	1.077317	1.0068805	1.0033282	1.0467175	-1.0190904	-1.0326513	1.0039318	-1.0040957	-1.0012766	1.077317	0.8160251	0.9076027	0.12802662	0.5215224	0.36190358	0.83377343	0.8846252	0.96329105	0.07060295			
PRKAG1_33315	25520	prkag1	0.018253968253968255	0.05202380952380953	1.039176	1.039176	-1.0028894	-1.0003192	1.0130924	1.0088229	1.005932	-1.0235916	1.003456	-1.0101991	1.039176	0.86608213	0.97840464	0.40999568	0.5251127	0.7153574	0.19755322	0.7989943	0.4328817	0.021444444			
PRKCD_9567	170538	prkcd	0.0016093341380004024	0.014071133281668646	1.2174501	1.2174501	1.0323486	-1.0083245	1.104957	1.0221517	-1.0429919	1.0279162	1.0284113	1.0104398	1.2174501	0.49054617	0.8691713	0.15396377	0.753595	0.38456118	0.4846647	0.64975935	0.8682135	0.015308436			
PRKCQ_9569	85420	prkcq	0.010232744783306581	0.036584813338166	1.2462204	1.2462204	1.0335515	1.0714921	1.2462204	1.1222887	1.0297736	1.0669206	1.0772423	-1.0267385	1.199831	0.6786181	0.3132607	0.018934917	0.16333647	0.66661906	0.26998037	0.40352654	0.64277285	6.3960266E-4			
PRMT5_9573	364382	prmt5	6.083958629081322E-4	0.009340324921578725	1.099401	1.099401	-1.0128533	-1.0315015	1.0087475	1.005232	-1.004486	-1.0053232	-1.0175626	1.0315236	1.099401	0.61364156	0.20470156	0.8405868	0.79193264	0.84791785	0.8089313	0.5556575	0.040819664	0.015781224			
PROC_9575	25268	proc	0.014064976228209191	0.04356370782836554	-1.1109037	1.1109037	-1.0637503	-1.1109037	-1.0850203	-1.0069299	-1.085457	-1.0285658	-1.0684623	1.0005444	-1.0919538	0.14039257	0.0026573008	0.014382279	0.8393214	0.069918334	0.3781198	0.16583918	0.9870715	0.012362691			
PRPF4_9578	298095	prpf4	0.00747172859450727	0.030010708962596694	1.0546093	1.0546093	-1.0129383	-1.0028003	1.0231307	1.0044928	-1.0235765	1.0103813	1.006646	-1.0119097	1.0546093	0.3834758	0.8783732	0.2154199	0.7905164	0.16571891	0.52835727	0.71577305	0.6883324	0.097134076			
PRR15L_9579	688163	prr15l	0.0281044448873829	0.06875997576689619	1.3166203	1.3166203	1.1215706	-1.1259781	1.2133286	-1.0614295	-1.0335377	-1.1241051	1.0873117	-1.0505891	1.3166203	0.1350096	0.530591	0.1142886	0.61437505	0.8267075	0.1781392	0.3875563	0.63086456	0.044496242			
PRSS23_9581	308807	prss23	0.0022030843180452634	0.016358505080864463	1.1886144	1.1886144	1.0575975	1.0367106	1.0829887	-1.0232925	-1.0015773	1.0808984	1.0062362	-1.0044079	1.1886144	0.18604553	0.31576276	0.06281929	0.7449871	0.9820561	0.059526253	0.936783	0.9346725	0.017675035			
PSMB10_9588	291983	psmb10	0.019390022217733793	0.0535776929700539	1.2292286	1.2292286	1.1484653	1.0853202	1.0233624	1.1079205	1.0687383	1.0461273	1.026566	1.100718	1.2292286	0.09623656	0.32070377	0.8051838	0.27528596	0.35030282	0.6628197	0.72239846	0.34559625	0.09060471			
PSMB3_9589	29676	psmb3	0.0028548123980424145	0.018080478520935292	1.0338143	1.0338143	-1.011663	1.0024996	-1.0124658	-1.0016534	1.002916	1.0072504	-1.002313	1.0011444	1.0338143	0.46973678	0.8591653	0.26818317	0.90696186	0.84155923	0.57796437	0.8397664	0.9191141	0.030433333			
PSMB8_9591	24968	psmb8	0.017307305292815454	0.050332469474004125	1.1354896	1.1354896	-1.0003494	1.0244712	1.0186985	-1.0465125	-1.0069028	-1.0130532	-1.0171915	-1.0558602	1.1354896	0.99442184	0.5464952	0.67943406	0.3786474	0.91132027	0.77760077	0.7570745	0.30847925	0.057703026			
PSMD4_9599	83499	psmd4	0.0022181891510385156	0.016358505080864463	-1.0210825	1.0210825	-1.0210825	-1.0179402	-1.017981	-1.0007362	-1.0006458	1.0039457	-1.0018705	1.0145899	1.0156491	0.070840105	0.06717083	0.12726511	0.9281178	0.9449626	0.6497283	0.8266763	0.0580602	0.08727808			
PSMD9_9602	161475	psmd9	0.01718213058419244	0.05015510149032301	1.0565071	1.0565071	-1.0227342	1.0242445	1.0015863	1.0231545	-1.0039499	1.0387453	1.0170115	-1.0100904	1.0565071	0.39737847	0.5057753	0.93489605	0.40812758	0.8991657	0.12043671	0.66959566	0.71706367	0.026772225			
PSME1_9603	29630	psme1	0.012917329093799682	0.04096990706221044	1.0848298	1.0848298	1.0046422	1.0130317	1.0513891	1.0203626	-1.0075493	1.0072054	1.0403833	-1.0027386	1.0848298	0.93136364	0.59408146	0.075958975	0.49256942	0.8304605	0.8056667	0.1122786	0.9314514	0.015835484			
PSME2_9604	100362709;29614	loc100362709;psme2	0.016489040820430324	0.04853201139576496	-1.1604728	1.1604728	-1.0578243	1.0003091	-1.0781733	-1.1604728	-1.0748105	-1.0563748	-1.0992312	-1.0828599	1.100766	0.4657815	0.9961334	0.25162685	0.02528838	0.28246975	0.46765432	0.12962046	0.31422415	0.15246004			
PSME3_32547	287716	psme3	0.005439161966156326	0.024603687195851105	1.0286268	1.0286268	-1.0161362	-1.0237268	-1.0009708	-1.0059566	-1.0196253	-1.0093085	-1.0048836	-1.0197707	1.0286268	0.17024788	0.15301654	0.9400706	0.5308376	0.25588992	0.27541664	0.6731939	0.22206387	0.05708225			
PSME3_32872	287716	psme3	0.011604641856742696	0.038844396819130336	1.0474489	1.0474489	1.0006217	-1.0087346	1.0200248	-1.0072777	-1.0281209	1.0240489	1.0059062	-1.0065795	1.0474489	0.96837765	0.66613394	0.24480033	0.6442299	0.21792716	0.32027104	0.7427333	0.7599786	0.010818926			
PSMG1_9606	288236	psmg1	0.017196034796682177	0.05015510149032301	1.0225229	1.0225229	-1.0178171	-1.010111	-1.0003091	-1.0069516	-1.0092473	-1.0216385	-1.0047709	-1.0135614	1.0225229	0.15894014	0.4552922	0.9740632	0.55483615	0.39051542	0.0650649	0.62892795	0.33688214	0.2079908			
PTBP1_32416	29497	ptbp1	0.0063630940544839925	0.026973413188832906	1.085551	1.085551	1.0134544	-1.0042646	1.0432276	1.0034274	-1.0341477	1.0159657	1.0235077	1.0065455	1.085551	0.629699	0.8858521	0.17330702	0.91369563	0.3501051	0.50207496	0.322433	0.8308593	0.026950898			
PTGDR_33049	498475	ptgdrl1	2.0165355918531962E-4	0.005244396776076087	8.386402	8.386402	2.2913148	1.0390352	3.5753064	2.8663502	2.3298137	2.0995867	3.6441286	2.2517807	8.386402	0.22580592	0.9640804	0.014433269	0.116307594	0.29019627	0.3876801	0.074484594	0.18776096	2.1039552E-6	0.1	0.3	
PTGER4_9610	84023	ptger4	0.004961301845604287	0.02367894062674773	1.1719013	1.1719013	1.0054866	1.0665886	1.0547779	-1.0068264	1.0241028	1.0664911	1.0383149	-1.041334	1.1719013	0.916603	0.16877188	0.21277809	0.9133394	0.7627564	0.26326776	0.49262995	0.5233309	0.017104026			
PTGS1_32494	24693	ptgs1	0.04868316041500399	0.10169937699259995	1.3128457	1.3128457	1.0376859	1.0378038	1.2943709	1.0542884	-1.2243551	1.024211	1.0500917	-1.135235	1.3128457	0.7512022	0.83227664	0.040758185	0.79046965	0.12871315	0.8001737	0.59190047	0.46943146	0.014955902			
PTK2_9613	25614	ptk2	0.0025575447570332483	0.017333958919820668	1.1421438	1.1421438	1.0331204	1.0306634	1.1191589	1.0208402	-1.00451	1.022373	1.0535151	1.0313331	1.1421438	0.28394166	0.39503425	0.021903304	0.719609	0.9332529	0.4603803	0.21729597	0.6117422	0.0069053755			
PTPN12_9617	117255	ptpn12	0.009231386714830423	0.03391642080310625	1.1292814	1.1292814	1.0012832	1.0048345	1.0551732	-1.0500323	-1.055321	1.0241914	-1.0326309	1.000274	1.1292814	0.97859985	0.92106044	0.2652849	0.36675933	0.2896583	0.6448768	0.5019992	0.99652857	0.057137717			
PTPN6_9618	116689	ptpn6	0.0022172949002217295	0.016358505080864463	1.0541457	1.0541457	-1.0096486	1.0109426	1.0108904	-1.0115017	-1.0125145	-1.0096037	-1.0007836	-1.0081657	1.0541457	0.534833	0.36428702	0.3702983	0.29963562	0.5630622	0.4251774	0.9669496	0.4279926	0.05875268			
PTPRB_32629	314843	ptprb	0.018674698795180723	0.0525472836338301	-1.6116753	1.6116753	-1.1282426	-1.0757682	1.1884011	1.0302116	-1.6116753	-1.3190246	-1.1318296	-1.0514355	1.5817382	0.65086406	0.8264828	0.34259447	0.8922094	0.24656373	0.39576134	0.53115237	0.83681345	0.047521587			
PTPRC_9619	24699	ptprc	0.0045725646123260435	0.02289213729794452	1.268495	1.268495	1.0256683	1.1248152	-1.0276612	-1.0583026	-1.0695007	-1.088206	-1.0540152	-1.1868129	1.268495	0.7441667	0.1967256	0.6510332	0.55850637	0.4700518	0.32090226	0.6902405	0.121112905	0.01711699			
PTPRF_9621	360406	ptprf	0.008216432865731463	0.03170557749929259	1.1563313	1.1563313	1.0124995	-1.0472614	1.0981586	1.0034775	-1.0324337	1.0194561	1.0180032	-1.0046686	1.1563313	0.8105326	0.61943614	0.115282625	0.95352274	0.49373445	0.68040437	0.7349979	0.9520396	0.014072917			
PUF60_9624	84401	puf60	0.003439206959336435	0.020120873559754216	1.1421183	1.1421183	1.015552	-1.0025924	1.0661415	-1.0019959	-1.0008605	-1.0096402	1.0063379	1.009409	1.1421183	0.56367785	0.9338051	0.16212162	0.94226605	0.97799814	0.70467156	0.7802435	0.83420867	0.051177897			
PWP1_9626	362856	pwp1	6.042296072507553E-4	0.009340324921578725	1.1317564	1.1317564	1.0353932	1.0505849	1.0592633	1.0162846	1.0016093	1.0625439	1.0356516	-1.0368685	1.1317564	0.35401076	0.13696025	0.13883731	0.67228913	0.9599707	0.091001935	0.44759807	0.27556983	0.008493467			
PXDN_9628	554172	pxdn	0.008	0.03111111111111111	1.3179464	1.3179464	1.1554439	1.1959286	1.2503394	1.127046	1.0867379	1.0413141	1.0120877	-1.0285201	1.3179464	0.1566071	0.076536514	0.009926976	0.35212523	0.44967127	0.7822495	0.9322993	0.79855615	0.008856745			
PXN_9630	360820	pxn	2.0222446916076846E-4	0.005244396776076087	1.4080356	1.4080356	1.0061421	-1.0565794	1.0469152	-1.0197979	-1.1421449	1.1205189	1.1134386	1.0729605	1.4080356	0.9208725	0.13847908	0.58689487	0.68847096	0.27971134	0.10277479	0.12503688	0.33709946	3.9409686E-4			
PYCARD_33242	282817	pycard	2.002002002002002E-4	0.005244396776076087	1.2631537	1.2631537	1.0369519	1.0938556	1.0760458	-1.0080427	-1.0017096	1.0864384	1.0981549	-1.0432479	1.2631537	0.32686788	0.0134548545	0.08666262	0.89505845	0.9737545	0.055853054	0.0061963573	0.51864	8.418772E-5			
PZP_9633	252922	pzp	0.0038484909864290053	0.020711496314768846	-1.2453578	1.2453578	-1.0150712	-1.0116675	-1.1025288	-1.0404843	-1.0015799	-1.0020139	-1.0364648	-1.0655944	-1.2453578	0.49190006	0.70917916	0.22190286	0.28126422	0.94405836	0.93006325	0.06056277	0.31282517	0.09212619			
QDPR_9634	64192	qdpr	0.044355644355644354	0.09504780933352361	1.0515348	1.0515348	1.010995	-1.005533	1.0316973	-1.0187262	-1.0181491	1.0120881	1.0002664	1.0190127	1.0515348	0.48307762	0.7674358	0.24996246	0.35831624	0.34514937	0.43179166	0.98391825	0.414061	0.15222204			
RAB27A_9638	50645	rab27a	0.015640665730900342	0.046992662851123766	1.1407535	1.1407535	1.0453994	1.121632	1.1014247	1.008724	1.0067385	1.0552361	-1.0560185	-1.0503173	1.1407535	0.33848995	0.009771989	0.08412235	0.8463449	0.90944993	0.26939705	0.3696048	0.44930506	0.077949785			
RAB30_9639	308821	rab30	0.014997000599880024	0.04573641804094184	1.2260044	1.2260044	1.1138629	-1.0667624	1.0667123	1.0559837	1.0010232	-1.0104892	1.1032387	-1.1213508	1.2260044	0.0849665	0.44227612	0.3714634	0.4901836	0.9856821	0.8955348	0.13382304	0.41760474	0.06584578			
RAC1_9645	363875	rac1	0.007930214115781126	0.03096042497257015	1.1071162	1.1071162	1.0251483	1.0186274	1.0683141	-1.0167855	-1.0362825	1.0354028	1.003845	1.0002921	1.1071162	0.3164541	0.58120173	0.09122181	0.6902279	0.44270396	0.22629853	0.894452	0.9927256	0.05112633			
RAC2_9646	366957	rac2	0.04227346278317152	0.09162239078848125	1.1230326	1.1230326	-1.037138	1.0630659	-1.0094942	-1.0415616	-1.0257791	-1.0141072	-1.0513885	-1.1050544	1.1230326	0.39186284	0.18309744	0.86548954	0.52384955	0.68417567	0.7600619	0.42538854	0.1622669	0.20705125			
RACGAP1_9647	315298	racgap1	0.041299117882919005	0.09062776304155615	1.2257615	1.2257615	-1.1095333	1.0721331	1.090815	1.0568203	-1.0090908	1.0169065	1.1455292	-1.0348109	1.2257615	0.5222309	0.42180046	0.37320727	0.7061981	0.93245536	0.85539156	0.123624906	0.81734574	0.05629816			
RAD21_33184	314949	rad21	0.03543944916970433	0.08098705738093945	-1.0437207	1.0437207	-1.0137955	-1.0055091	-1.0162191	1.0027064	1.0078098	-1.0057222	-1.0104823	-1.0266497	-1.0437207	0.19825569	0.6005639	0.48476562	0.8719475	0.48612386	0.6077171	0.43800503	0.1342643	0.16714172			
RAD51C_9650	497976	rad51c	0.010576731191378965	0.03676059011637811	1.0941045	1.0941045	-1.0163177	-1.003081	1.0261129	1.0049988	1.0132064	-1.0019858	-1.0125295	-1.0383545	1.0941045	0.61031765	0.9141689	0.5568493	0.8576009	0.49395776	0.948791	0.733066	0.07353153	0.07103601			
RAI14_9653	294804	rai14	0.004305283757338552	0.022233062676568965	1.1960801	1.1960801	1.0510308	1.0289952	1.0703055	-1.0563749	-1.1885494	1.021215	1.0188723	1.0153759	1.1960801	0.30388936	0.6388951	0.18391483	0.5131944	0.18983719	0.6031845	0.69716054	0.74065214	0.017833814			
RALA_9654	81757	rala	0.004008016032064128	0.02132264529058116	1.0505316	1.0505316	-1.0020355	1.0013051	1.025929	-1.0089331	-1.0162964	1.002959	-1.0036234	-1.009588	1.0505316	0.9005144	0.92466545	0.07809167	0.6214679	0.42201033	0.8495324	0.8561323	0.5161522	0.0010403933			
RAN_9657	84509	ran	0.026791150801704893	0.06646287074213428	-1.0960329	1.0960329	-1.0245224	-1.0145547	-1.0718907	-1.009842	-1.0010985	-1.0187016	-1.0127258	-1.0279707	-1.0960329	0.30685788	0.58806	0.11614934	0.7178331	0.96417403	0.44365063	0.53528625	0.31564352	0.2115341			
RAP1GAP_9659	313644	rap1gap	0.013271667001809772	0.041565110939733904	1.2272569	1.2272569	-1.0177727	-1.1061226	1.1188989	1.1123848	1.0372947	1.0183964	1.0825301	-1.0515199	1.2272569	0.81629163	0.5142191	0.21993598	0.29216418	0.7006138	0.7603918	0.22326253	0.53397113	0.018446185			
RAPGEF2_33109	310533	rapgef2	0.009733810091378626	0.03524310550326744	1.1733364	1.1733364	1.1085083	1.0281879	1.0483904	1.0189598	-1.0120721	1.1053197	1.1108699	1.0722483	1.1733364	0.099206164	0.6823528	0.2649685	0.75127906	0.85386586	0.012405085	0.0074111465	0.30833468	0.065993965			
RASSF1_32475	363140	rassf1	0.00620124024804961	0.02643477413431404	1.1481693	1.1481693	1.0226418	1.0209856	1.0826969	1.0077274	-1.0506264	1.0121903	1.0033911	-1.0507188	1.1481693	0.5514442	0.66340315	0.13555549	0.8824363	0.42518315	0.6643925	0.90209204	0.3184353	0.037366975			
RASSF4_33075	362423	rassf4	0.03767882329236349	0.08453729186274204	1.4972165	1.4972165	1.3823667	1.2843969	1.3237891	1.4029896	1.2396406	1.3903233	1.1812619	-1.0854092	1.4972165	0.057586733	0.14740762	0.14448556	0.094159074	0.18329358	0.2263418	0.65209836	0.7272511	0.03151937			
RBM6_9668	315997	rbm6	2.0202020202020202E-4	0.005244396776076087	1.1477743	1.1477743	1.0023743	1.0132067	1.0592926	1.0060521	-1.0108246	-1.0150267	1.0260767	-1.0077031	1.1477743	0.8935242	0.4806199	0.024635557	0.80952376	0.7649815	0.51245016	0.38670516	0.7109013	0.0037378592			
RBP1_9669	25056	rbp1	0.009700889248181084	0.03524310550326744	-1.1029618	1.1029618	-1.0656853	-1.0356013	-1.1029618	-1.0844616	-1.0318254	-1.0495695	-1.0600393	-1.0143919	-1.0692476	0.07801499	0.08748132	0.007752902	0.0017481663	0.07498993	0.007138952	0.08529402	0.6175304	0.030932615			
RBPJ_9670	679028;297767	rbpj;rbpjl2	0.0023942537909018356	0.016738203726452724	1.202807	1.202807	1.1078448	1.1066114	1.1152519	1.1059818	1.0589024	1.0424931	1.0695232	-1.0816871	1.202807	0.12006884	0.04042301	0.05189514	0.04108084	0.21760033	0.52975667	0.2523822	0.26916167	0.036256254			
RCN1_33000	362182	rcn1	0.0059547439460103215	0.02591945869256794	-1.1655588	1.1655588	1.026816	-1.069849	1.0038298	-1.0861641	-1.1655588	-1.0720017	-1.0910758	-1.0020514	1.1597477	0.68751454	0.32280108	0.93887216	0.36834025	0.034347795	0.43562782	0.22005732	0.97414607	0.034483206			
REEP5_9673	364838	reep5	0.002849002849002849	0.018080478520935292	1.0901428	1.0901428	-1.0007675	1.0071286	1.0529673	1.0284144	1.012653	1.001633	1.0299194	1.0308323	1.0901428	0.96598786	0.61968094	0.15356778	0.057714004	0.124959	0.89684737	0.075575896	0.1325576	0.08154151			
RELA_32444	309165	rela	0.002010454362685967	0.015836148648648646	1.1887227	1.1887227	1.0175878	1.0025781	1.0774151	1.0208098	-1.0184706	1.0074193	1.0058111	1.0328183	1.1887227	0.53831923	0.94664174	0.24369505	0.6321131	0.6863431	0.8076635	0.8496123	0.46645942	0.040629547			
RELB_9675	100360982	relb	0.004589902215126721	0.02289213729794452	1.1391789	1.1391789	1.0377066	1.0310571	1.0605338	1.0019335	-1.0267051	-1.0057445	1.0474515	-1.0367583	1.1391789	0.26312688	0.5647131	0.20550984	0.95631194	0.53360504	0.8833177	0.1839496	0.50383216	0.03153345			
RGD1305347_32873	362576	c5h1orf210	0.00203210729526519	0.015836148648648646	1.0441265	1.0441265	-1.0146288	-1.0169244	1.0072104	1.010671	-1.0068599	1.001096	1.0045449	1.0219462	1.0441265	0.2893286	0.2915586	0.70769465	0.101546966	0.39185342	0.92036265	0.7506307	0.03013771	0.068			
RGD1308428_9687	308509	garre1	0.0011933174224343676	0.012203439596032506	1.1169124	1.1169124	1.0149919	1.0197668	1.023418	1.0269518	1.0347027	-1.0032378	1.0400733	1.0045062	1.1169124	0.43606892	0.57855713	0.42267582	0.32558858	0.50387406	0.91086376	0.4050078	0.8090104	4.3169592E-4			
RGD1562178_32879	24184	ak2	0.04229785559708833	0.09162239078848125	1.0822929	1.0822929	1.0149848	-1.009021	1.0157208	-1.0459802	-1.0676225	1.0133866	-1.0225927	-1.023045	1.0822929	0.6919338	0.82047683	0.67447275	0.36764464	0.2449207	0.72060615	0.6247685	0.6204103	0.056311656			
RGD1562997_32695	291773	taf4b	1.9928258270227183E-4	0.005244396776076087	1.679579	1.679579	1.2054265	1.1035174	1.4030676	1.0565062	1.2534211	1.2063123	1.3732984	1.2392116	1.679579	0.11451161	0.5424466	0.0067765582	0.6138493	0.0068718013	0.018282015	0.016813502	0.032671157	1.345083E-4			
RGD1565775_9698	361980	khdc4	0.004191616766467066	0.02189036165730337	1.1134211	1.1134211	1.0002037	-1.0108355	1.0625049	1.029149	1.0168754	1.0442853	1.0782954	1.0387954	1.1134211	0.99597025	0.7056664	0.100229986	0.5683121	0.6905636	0.2767626	0.19675533	0.28354353	0.004189314			
RHOA_9705	117273	rhoa	0.005984440454817474	0.02591945869256794	1.0849997	1.0849997	1.0049	-1.0011152	1.0467668	-1.0043577	-1.0197772	1.0120002	1.0027059	1.0007181	1.0849997	0.7949971	0.96142405	0.14226902	0.8600537	0.3480684	0.49684772	0.8873083	0.9816275	0.06424396			
RHOC_9707	295342	rhoc	0.04538890035073241	0.09684583550771247	-1.0970805	1.0970805	-1.0289477	-1.0307922	-1.0970805	-1.0512226	-1.0445869	-1.0111485	-1.0755194	-1.0430952	-1.0836616	0.2196853	0.19288357	0.007814381	0.05607081	0.063220225	0.72951484	0.0065930234	0.1542742	0.25127748			
RIPK1_9710	306886	ripk1	0.030897207367795602	0.07373197212769404	1.1320359	1.1320359	1.0560182	1.089289	1.1320359	1.0160735	-1.0027841	1.1117538	1.0915254	-1.0391363	1.1185741	0.36465052	0.1226683	0.037989218	0.8398259	0.9581482	0.060328174	0.14403585	0.54980725	0.12711033			
RNH1_9718	100360501	rnh1	4.004004004004004E-4	0.007576131577848074	1.1740947	1.1740947	-1.0263416	-1.0631711	1.006035	-1.0225074	1.0079951	-1.0142233	-1.0087942	1.0458835	1.1740947	0.12346648	0.31644118	0.9385165	0.27697673	0.6755969	0.3129926	0.79978746	0.314845	0.021782368			
RNPS1_9720	287113	rnps1	0.0014101531023368251	0.0130935582318774	1.0777243	1.0777243	-1.0067055	-1.00529	1.0268054	1.0120668	-1.0141325	1.0078797	1.0268253	1.0202925	1.0777243	0.6594229	0.7094037	0.24611378	0.2120941	0.1674666	0.66947067	0.12890372	0.3958822	0.05179986			
RPA1_9721	287524	rpa1	0.0055832502492522435	0.025030526398333093	1.0901546	1.0901546	1.0371453	1.0202675	1.0724185	1.0424744	1.0241299	1.0477358	1.0436004	1.003232	1.0901546	0.14999981	0.5635695	0.050664432	0.2711117	0.36398926	0.07051109	0.2018544	0.9274367	0.008903351			
RPL6_9738	117042	rpl6	0.0028788813489615465	0.018175216111323687	1.0308714	1.0308714	-1.0094261	-1.0017762	1.0055157	-1.0017968	-1.0038362	-1.0050999	-1.0022478	-1.0015941	1.0308714	0.08728673	0.7940281	0.6032733	0.7758313	0.45238864	0.21982117	0.70699763	0.8889291	0.129884			
RPLP0_9739	64205	rplp0	0.04940207802391688	0.10287802260721729	1.1393509	1.1393509	1.114224	1.0885447	1.0550913	-1.0342526	1.1293093	1.0960093	1.0565045	1.1247417	1.1393509	0.15489388	0.11943119	0.44921905	0.5636629	0.023485962	0.1369158	0.50734085	0.03210048	0.15564929			
RPN1_9740	25596	rpn1	0.044939271255060725	0.09598912864437488	1.0244805	1.0244805	1.0072455	-1.0047596	1.01185	1.0049685	1.0054231	1.0002964	1.0044974	-1.0066742	1.0244805	0.46295315	0.61962855	0.31890532	0.6598246	0.6747591	0.97731215	0.7659888	0.50699186	0.062339015			
RPS6_32332	29304	rps6	0.01888308557653676	0.05287896592244418	1.0186995	1.0186995	1.0036334	1.0109025	1.017668	1.0032588	1.0078104	1.0010449	1.0052131	1.0029365	1.0186995	0.62376285	0.14729612	0.016978776	0.69619274	0.31040177	0.8843107	0.5903797	0.72256786	0.053450536			
RRAGA_9750	117044	rraga	0.004388589666866148	0.022485207100591716	-1.0363454	1.0363454	-1.0167675	-1.0150265	-1.0089972	-1.0134178	-1.0363454	1.0029277	-1.0283148	-1.027131	-1.0319366	0.050535984	0.1037747	0.49817452	0.10991084	0.00957608	0.78803444	0.02678509	0.010627426	0.031139486			
RRM1_32657	685579	rrm1	0.005453443748737629	0.024603687195851105	1.0658656	1.0658656	1.008601	1.0098835	1.0301534	-1.0157077	-1.0231106	1.0116782	-1.002635	-1.0155312	1.0658656	0.5625667	0.617278	0.11488184	0.44115293	0.30529186	0.5405671	0.8824539	0.37925187	0.086534806			
RRP1B_9753	309673	rrp1b	6.012024048096192E-4	0.009340324921578725	1.8255633	1.8255633	1.2868097	1.2989496	1.5731118	1.2381611	1.1365185	-1.092288	1.3066256	1.1155888	1.8255633	0.089435786	0.13765845	0.011861245	0.12193324	0.5905536	0.7345015	0.10319234	0.6781322	6.377702E-4			
RRP8_9754	308911	rrp8	5.905511811023622E-4	0.009340324921578725	1.4050008	1.4050008	1.1592782	1.1624254	1.3280176	1.1255187	-1.0350404	1.0073782	1.2275866	1.0730454	1.4050008	0.12647754	0.20382686	0.011759977	0.27709675	0.7519678	0.94662076	0.050996523	0.6446767	0.005579794			
RRS1_9755	297784	rrs1	6.031363088057901E-4	0.009340324921578725	1.0688112	1.0688112	-1.0416244	-1.0190743	-1.0208132	1.0080365	1.0057132	1.005896	-1.003595	1.0406177	1.0688112	0.17967814	0.510171	0.5250595	0.7365392	0.84095114	0.79759496	0.8815726	0.080011725	0.035975017			
RT1-CE10_32808	414792;24977;24737;309607;414819;414270;414789;309600	rt1-ce10;rt1-cl;rt1-ec2;rt1-ce5;rt1-ce16;rt1-ce14;rt1-ce15;rt1-ce12	0.0012033694344163659	0.012203439596032506	1.1383772	1.1383772	1.0257218	1.0475398	1.0571902	1.0331138	1.0033721	1.0069517	1.05233	1.042484	1.1383772	0.35632482	0.3491878	0.17458993	0.33048522	0.9183469	0.8131386	0.16301908	0.32304975	0.009107686			
RT1-DB1_9761	294270	rt1-db1	0.020387965162311956	0.055458065783735	1.1435678	1.1435678	1.0046418	1.0567365	1.0531908	-1.0759404	-1.0885496	1.0426908	1.0176634	-1.0427731	1.1435678	0.9116632	0.43933326	0.3897796	0.19258861	0.2648002	0.35820732	0.70163065	0.5111724	0.072679855			
RT1-DMB_32359	294273	rt1-dmb	0.004178272980501393	0.02189036165730337	1.2682809	1.2682809	1.031768	1.0156181	1.1258258	-1.0565118	-1.0605632	1.0311294	1.1095126	1.0124236	1.2682809	0.65779454	0.86793405	0.13275331	0.5234554	0.55161697	0.7461305	0.13756645	0.9074323	0.012902034			
RUNX1_33176	50662	runx1	0.02313624678663239	0.06017837332377003	1.5395341	1.5395341	1.1051623	1.111629	1.2361313	-1.0533117	1.0359538	1.1565022	1.2913285	1.056365	1.5395341	0.6089576	0.5335057	0.24719681	0.8305305	0.90578794	0.46532208	0.16303831	0.78432053	0.006851719			
RUVBL1_9768	65137	ruvbl1	3.980891719745223E-4	0.007576131577848074	1.2406923	1.2406923	1.0580941	-1.0065866	1.1220746	1.0312897	-1.0429466	1.0587357	1.0434026	1.0028434	1.2406923	0.21424136	0.86197925	0.057337295	0.677252	0.532577	0.15427025	0.25254938	0.9619268	0.004249405			
S100A10_32340	81778	s100a10	0.025020177562550445	0.06358631113030336	1.0733681	1.0733681	1.0284473	1.0488796	1.0589089	1.0284234	1.0223906	1.0314459	1.0088555	-1.010899	1.0733681	0.28127137	0.07708008	0.044806078	0.4634013	0.42968208	0.3873	0.78750193	0.74286324	0.014215036			
S100A11_9770	445415	s100a11	0.022235822113423093	0.059147286821705426	1.0557199	1.0557199	-1.0051806	1.0236297	1.0404568	1.0400991	1.0316435	1.0032294	1.015148	1.0010091	1.0557199	0.7866464	0.19187365	0.012430974	0.28680986	0.23614508	0.89060324	0.28799808	0.9419509	0.014542676			
S100A13_9771	295213	s100a13	0.013604060913705585	0.0422743014374496	-1.2983898	1.2983898	-1.2627064	-1.0344087	1.0317336	-1.0673258	1.0955871	-1.207367	-1.2171798	-1.2983898	1.2829933	0.32527405	0.706361	0.78776664	0.5848891	0.35515386	0.28646618	0.32211933	0.043263316	0.054929744			
S100A6_9773	85247	s100a6	0.0017971246006389776	0.015044845454118879	1.1165986	1.1165986	-1.009569	1.0594318	1.1073819	1.0295253	1.0436252	1.0046273	-1.0004328	-1.0088797	1.1165986	0.7084474	0.045360234	0.013830967	0.54973114	0.20139588	0.8878316	0.9891876	0.64833575	0.021832928			
S100A9_9775	94195	s100a9	0.0014059048001606748	0.0130935582318774	1.4843488	1.4843488	1.1162812	-1.0175409	-1.0232625	1.0648168	1.037876	1.1097224	1.0906065	-1.0112602	1.4843488	0.353188	0.8891378	0.8416984	0.51603657	0.722337	0.4806097	0.6569273	0.9217344	0.018777048			
SARS_9779	266975	sars1	0.009229534510433388	0.03391642080310625	1.2935675	1.2935675	1.0283768	1.0321809	1.2191883	1.0015262	-1.0065128	1.0513685	1.0850399	1.0586547	1.2935675	0.7344758	0.7749816	0.06714135	0.98734474	0.9478262	0.51946664	0.3459623	0.5601932	0.1033787			
SATB1_9780	316164	satb1	0.028917545916373584	0.07018309501601618	1.3134466	1.3134466	1.0298469	1.1252904	1.2290642	-1.0570183	1.0593982	1.0837605	1.0011066	-1.0651671	1.3134466	0.83380777	0.3158637	0.10997978	0.7586553	0.66446406	0.4178242	0.9910792	0.54496557	0.0075958725			
SCAND1_9782	362252	scand1	0.004568931267381803	0.02289213729794452	1.1345716	1.1345716	1.0308373	1.014883	1.0864781	1.0073915	-1.0236859	1.0189369	1.0287713	1.0270771	1.1345716	0.192123	0.6342981	0.034658328	0.83272064	0.5632831	0.44628587	0.35682935	0.581338	0.054123875			
SCD_9786	83792	scd2	0.046753246753246755	0.09880585516178736	1.4647791	1.4647791	1.1352707	1.0385525	-1.0770348	1.0709637	-1.0476775	1.0681807	1.0057486	1.189949	1.4647791	0.29702762	0.7414802	0.6504229	0.70298934	0.7483205	0.83256036	0.97737396	0.23435532	0.16698706			
SCN7A_32495	64155	scn7a	2.0408163265306123E-4	0.005244396776076087	2.288035	2.288035	-1.281392	-1.0971006	1.0182219	-1.0481315	1.0772618	-1.2605966	1.2563257	-1.2182899	2.288035	0.36594594	0.7727886	0.9562555	0.8344575	0.7189771	0.543599	0.28574818	0.4224792	0.0017275694	100.0	300.0	
SCYL3_9790	360866	scyl3	2.0132876988121604E-4	0.005244396776076087	1.1265424	1.1265424	-1.0024571	1.0161631	1.0676929	1.0181396	-1.0057918	-1.0075151	1.0099064	1.0040536	1.1265424	0.9073047	0.36622053	0.03134735	0.49377885	0.7875418	0.56077033	0.6539094	0.8834288	0.0015052613			
SDC2_9793	25615	sdc2	0.013102197137673856	0.04129887295927211	-1.0885283	1.0885283	-1.012295	-1.0193565	-1.0161768	1.0011203	-1.0044771	-1.0148908	-1.0229973	-1.0422101	-1.0885283	0.5886942	0.31075445	0.42947194	0.9659886	0.81705743	0.50323355	0.18816994	0.07581554	0.18026426			
SDHB_9797	298596	sdhb	0.01647058823529412	0.04853201139576496	-1.0289322	1.0289322	-1.0114917	-1.003213	-1.0218251	1.0008731	1.0093393	1.0051515	1.0022863	-1.0029657	-1.0289322	0.18591142	0.77244425	0.1430598	0.9352856	0.33797246	0.67604375	0.8143975	0.8008073	0.012482221			
SDPR_32765	316384	cavin2	0.0010058338362502514	0.011001615776151587	1.1463748	1.1463748	-1.054156	-1.048546	1.0131007	-1.0082911	-1.0572745	1.015853	1.0040274	-1.0034056	1.1463748	0.28098848	0.2590215	0.66470957	0.8834349	0.08613579	0.57189894	0.92357033	0.95296866	0.052536663			
SEC24D_32308	310843	sec24d	0.0406759677736294	0.08946919041718926	-1.0671914	1.0671914	1.0085081	1.0020956	1.0230438	-1.0192503	-1.0671914	1.0101262	1.0037845	1.0026709	1.0274554	0.34817848	0.8979951	0.15679148	0.40253755	0.010380557	0.55446744	0.6306411	0.8593629	0.020157179			
SELL_32554	29259	sell	7.996801279488205E-4	0.01042891868579942	-1.5885028	1.5885028	1.1177897	1.0481987	1.0004866	1.1134229	-1.1700302	1.0086426	-1.0341004	-1.5885028	1.5209675	0.3319871	0.7481284	0.9977447	0.4271664	0.39524874	0.9459077	0.83050317	0.05326772	0.0020390097			
SEPT5_32632	116728	septin5	0.02092467118373854	0.056564659907260686	1.1706796	1.1706796	1.0097355	-1.0253787	1.1050892	1.0032669	-1.0053413	-1.0310043	1.0417769	-1.023286	1.1706796	0.89091814	0.7778818	0.13490547	0.97200227	0.9472585	0.7057176	0.6456531	0.7178014	0.031801663			
SEPW1_32392	25545	selenow	0.003013258336681398	0.01872725975601056	1.1829168	1.1829168	1.0125612	1.0297933	1.0492107	-1.0092243	1.0025158	1.0150548	-1.030487	-1.0609922	1.1829168	0.7925137	0.4257775	0.25383672	0.8429207	0.9695229	0.65738434	0.53630203	0.34187785	0.050769873			
SERPINA3M_9809	299276	serpina3m	0.001001401962747847	0.011001615776151587	1.9833633	1.9833633	-1.1226096	1.2712288	1.5627023	1.2514639	1.1326642	-1.0949298	1.2086523	1.2543864	1.9833633	0.7213471	0.28119856	0.08701958	0.38407606	0.5602218	0.8005126	0.3412715	0.30075416	0.007219992			
SERPINB9_32899	361241	serpinb9	0.029	0.0702123786407767	-1.2287363	1.2287363	-1.2287363	-1.0215242	-1.1305152	-1.088973	-1.1391706	-1.0400338	-1.1082366	-1.1468184	1.1568974	0.17850935	0.7801034	0.1896039	0.37319276	0.48040342	0.62510794	0.36738938	0.17902872	0.07946614			
SERPINC1_32513	304917	serpinc1	0.010887096774193548	0.03750852466469652	-1.1051251	1.1051251	-1.0226431	-1.0151582	-1.0787288	-1.0281184	1.004681	1.0026126	-1.0237408	-1.0156158	-1.1051251	0.23732834	0.5645037	0.13977407	0.35374063	0.8244086	0.89909214	0.17195311	0.68492764	0.06492489			
SERPINF1_32761	287526	serpinf1	0.002400480096019204	0.016738203726452724	-1.0865977	1.0865977	-1.0183934	-1.0235034	-1.0668595	-1.0154048	-1.0094901	-1.0146666	-1.0211804	-1.0318084	-1.0865977	0.20971061	0.13792436	0.08456309	0.37211207	0.5542436	0.30509728	0.09096328	0.06025254	0.054231122			
SERPINF2_9814	287527	serpinf2	0.004790419161676647	0.023337427618880507	1.3325068	1.3325068	1.1093841	-1.0034475	1.2931814	1.0322635	-1.1160429	1.0622525	1.1431526	1.0482514	1.3325068	0.16056429	0.97407776	0.03814164	0.7509207	0.30105633	0.47090483	0.085380696	0.6606699	0.028913628			
SERTAD1_33143	361526	sertad1	0.0386862784606085	0.08613741688494861	1.0444726	1.0444726	1.0139893	1.0044715	1.0157208	-1.0011424	1.0092617	1.0215259	1.008114	-1.0057305	1.0444726	0.3261504	0.8386916	0.5041031	0.95581645	0.59142375	0.1952021	0.6579503	0.7364627	0.12308625			
SGCB_9821	680229	sgcb	0.010682492581602374	0.036999258160237386	1.1757408	1.1757408	1.0628971	1.0809942	1.1016129	1.0052934	-1.0263789	1.1083375	1.0538142	1.0293137	1.1757408	0.3161257	0.36217046	0.18991996	0.93586785	0.7613208	0.11936574	0.5210442	0.6302213	0.030184623			
SGK2_32380	171497	sgk2	0.012363194162950952	0.04030158881550188	1.1914351	1.1914351	1.0056287	-1.0133717	1.1136866	1.0125153	-1.0310062	1.0043588	-1.0263147	1.0269954	1.1914351	0.91421354	0.7470421	0.12713484	0.8573851	0.5198208	0.9431759	0.62622607	0.7807826	0.03562152			
SH3BP5_9823	117186	sh3bp5	0.007687639085575561	0.03043023804706993	1.1147814	1.1147814	-1.0057479	-1.0037347	1.0645163	-1.0026467	1.0059996	1.0218809	1.0128255	1.0016845	1.1147814	0.8727524	0.9304619	0.112647526	0.95634836	0.8847848	0.5578323	0.7475465	0.97004944	0.089666896			
SHB_9824	362513	shb	0.0182328190743338	0.05202380952380953	1.1181743	1.1181743	-1.0141368	-1.0884172	1.0099446	-1.0265731	-1.0989755	-1.0453923	-1.0367929	-1.1051297	1.1181743	0.76933914	0.24174055	0.8843323	0.5350016	0.0032470743	0.2961258	0.43799517	0.29210615	0.06307186			
SHC1_9825	85385	shc1	0.004733727810650888	0.02330743618201998	1.0848562	1.0848562	-1.0050759	1.0073116	1.0367286	-1.0167599	-1.0402505	-1.0178126	-1.0006435	-1.0246973	1.0848562	0.8502849	0.81944454	0.19497377	0.6829047	0.29985884	0.49782148	0.9827951	0.4613246	0.017096452			
SIRT3_9828	293615	sirt3	0.03420843277645187	0.07898822151507116	-1.0874122	1.0874122	-1.0677497	-1.0857686	-1.0770742	-1.0172483	-1.0119466	-1.0087372	-1.029523	-1.0297782	-1.0874122	0.04495398	0.020238496	0.0718008	0.5775166	0.7673154	0.73752064	0.4978712	0.42277023	0.12114011			
SIX4_32716	299138	six4	0.0016151827175449223	0.014071133281668646	2.3414278	2.3414278	1.164732	1.0831852	1.6257424	1.3076159	1.0934232	1.2499856	1.4285964	1.2658952	2.3414278	0.6890912	0.8257657	0.14954221	0.3945607	0.764912	0.2817267	0.18643568	0.598093	0.0018246975	100.0	300.0	
SKIV2L_9830	294260	skic2	0.04409171075837742	0.09468564366303871	1.1335374	1.1335374	1.0682132	-1.0223616	1.0673558	1.0043281	-1.0091413	-1.0170711	1.0592688	1.0853956	1.1335374	0.1971449	0.7392377	0.2589955	0.94248873	0.8837487	0.77545303	0.30303952	0.32729483	0.09917482			
SLC10A2_9833	29500	slc10a2	0.007259528130671506	0.029436501261564336	1.1221502	1.1221502	1.0234371	-1.0140448	-1.018769	1.0702279	1.0494951	1.0063349	1.0211596	1.0384711	1.1221502	0.5844563	0.6904425	0.63532394	0.043655787	0.26415843	0.90573865	0.41966727	0.2980457	0.05660312			
SLC13A4_9836	503568	slc13a4	0.04673084636983554	0.09880585516178736	1.2488378	1.2488378	1.0715292	1.1928513	1.1327484	1.1494247	1.1406922	1.2488378	1.2156817	1.2014974	1.2128853	0.55933356	0.08640728	0.183544	0.17974427	0.18040797	0.021843739	0.16716765	0.11288877	0.07039448			
SLC16A7_9838	29735	slc16a7	0.037492560999801625	0.08423159819212189	1.0877708	1.0877708	1.0035262	1.0031632	1.0824571	1.0309553	-1.006456	-1.0042745	1.0320334	-1.0063387	1.0877708	0.9010883	0.94072264	0.04307292	0.47506174	0.84120405	0.8949933	0.5057013	0.88681716	0.045870673			
SLC17A3_9840	266730	slc17a3	0.018563851489188085	0.05238314529127331	1.0352263	1.0352263	1.0158527	1.0136524	1.0184115	1.011503	1.0122075	1.0124545	1.0339183	1.0102017	1.0352263	0.40190634	0.21707714	0.17735669	0.34470928	0.38827407	0.2680871	0.020273067	0.5121811	0.017896567			
SLC1A2_33059	29482	slc1a2	3.9872408293460925E-4	0.007576131577848074	2.0228329	2.0228329	1.4831563	1.571751	1.5460249	1.4563372	1.308279	1.6664569	1.4415967	1.5850112	2.0228329	0.06374435	0.040883277	0.048319954	0.0726566	0.18090124	0.003635166	0.067319	0.038115393	0.0062946044	100.0	300.0	
SLC1A3_32817	29483	slc1a3	0.0027548209366391185	0.0179577193117815	1.6861032	1.6861032	1.2385759	-1.0133617	1.6068908	1.224022	1.0862759	-1.160333	1.1025703	1.2038106	1.6861032	0.20317422	0.9647644	0.007945145	0.35121793	0.6413057	0.4731336	0.77028364	0.16880587	0.0040617366			
SLC1A5_32581	292657	slc1a5	0.012782105052925903	0.04086586471247945	1.1757493	1.1757493	-1.0111231	-1.0282828	1.1632563	1.0406748	-1.0300721	1.0249864	1.0158608	-1.0946565	1.1757493	0.85331124	0.76104355	0.01834107	0.6239962	0.6831457	0.75208586	0.85390073	0.32301068	0.02540042			
SLC22A2_9845	29503	slc22a2	0.02115541090317331	0.05701990317374934	1.1334498	1.1334498	1.0426774	1.0296655	1.1334498	1.0607764	1.021433	1.0269815	1.0617559	1.0369439	1.1067897	0.24635528	0.4208741	0.07755204	0.08587598	0.206304	0.21887738	0.042010963	0.3679002	0.061858173			
SLC22A7_9847	89776	slc22a7	0.03400954653937947	0.07890365448504985	-1.7206142	1.7206142	-1.0762937	-1.2633554	1.043636	1.0029256	-1.1493996	-1.7206142	-1.3799322	-1.1839839	1.310573	0.44661638	0.3047945	0.69688964	0.9897178	0.34959576	0.06756255	0.39306077	0.38294724	0.0012113143			
SLC25A13_9850	362322	slc25a13	0.020702252892226505	0.05619182927890052	-1.0831172	1.0831172	-1.0257415	-1.00803	-1.0462468	-1.0029743	-1.0041747	-1.0126805	-1.005751	-1.0088334	-1.0831172	0.06396404	0.6801396	0.13933037	0.8705635	0.7990446	0.28675658	0.71792656	0.6200107	0.2210911			
SLC25A4_9857	85333	slc25a4	0.012670957361222849	0.040771870863934814	-1.0584344	1.0584344	-1.0170738	-1.009612	-1.0342909	1.0050666	1.0013541	1.0063328	-1.0055523	-1.0101085	-1.0584344	0.22242305	0.44700134	0.12813848	0.6363245	0.94000727	0.5506886	0.7319378	0.4732915	0.14083336			
SLC26A1_9859	64076	slc26a1	0.022768124625524265	0.0597663271420012	-1.1265595	1.1265595	-1.0392151	-1.0358841	-1.1139935	-1.0247575	-1.0157924	-1.0420777	-1.0616003	-1.0357149	-1.1265595	0.07877442	0.28777942	0.014163762	0.44625545	0.49763173	0.37655625	0.029224075	0.31994477	0.18430771			
SLC27A3_9861	295219	slc27a3	7.969715082685794E-4	0.01042891868579942	1.3801966	1.3801966	1.1691424	1.2630045	1.0967711	-1.0324951	1.143644	1.0218725	1.1491145	-1.0188252	1.3801966	8.734949E-4	0.002551396	0.2035316	0.7865979	0.30883923	0.84483796	0.015952384	0.87371737	0.013332857			
SLC35A1_9868	313139	slc35a1	0.02622341523848854	0.0653946417509808	-1.0964189	1.0964189	-1.0061543	1.0048897	-1.051399	-1.0140235	1.000125	-1.0036833	1.0029811	-1.0201262	-1.0964189	0.628644	0.7623943	0.2522849	0.48134825	0.9911275	0.79449177	0.85882694	0.24781258	0.2426097			
SLC35B1_9870	287642	slc35b1	0.012532325442609906	0.04052186265479216	1.121165	1.121165	1.013874	-1.031034	1.0363723	-1.0835418	-1.0951425	-1.031374	-1.0365267	-1.022235	1.121165	0.7631797	0.5872756	0.4935827	0.24920759	0.18802284	0.443815	0.49742624	0.66862285	0.08958864			
SLC38A3_9873	252919	slc38a3	0.0022303325223033254	0.016358505080864463	1.2862728	1.2862728	1.0530759	1.0224569	1.2549309	1.102721	1.0282098	1.0175568	1.1595943	1.0669998	1.2862728	0.52482665	0.805689	0.049431812	0.17643535	0.5360467	0.7700825	0.01061344	0.44089967	0.011365603			
SLC39A1_32758	361986	slc39a1	0.03467856418576354	0.07961304436202331	-1.0237501	1.0237501	-1.0237501	-1.0052195	-1.0163854	1.0112275	1.0078217	-1.00201	1.0044137	1.0070472	1.0140877	0.04458479	0.59350264	0.0955168	0.35494816	0.5445826	0.8498784	0.6823587	0.48634484	0.2512181			
SLC40A1_9877	170840	slc40a1	0.004312879827484807	0.022233062676568965	1.0758811	1.0758811	1.0147613	-1.0092759	-1.054177	-1.056438	-1.0411272	1.0092666	-1.0075527	1.0034807	1.0758811	0.7328358	0.7092378	0.10562306	0.12244154	0.3214066	0.6911112	0.82017285	0.9243381	0.029903349			
SLC51A_33157	303879	slc51a	0.00502411575562701	0.023836606336355422	1.0920906	1.0920906	1.0051342	1.0380734	-1.0219384	1.020221	1.001132	1.018359	1.0135286	1.0780513	1.0920906	0.8702711	0.22114477	0.45904994	0.57176256	0.9765481	0.512053	0.63853675	0.081314445	0.025925657			
SLC51B_32490	300790	slc51b	2.0004000800160032E-4	0.005244396776076087	1.90395	1.90395	1.2452881	1.5246756	1.664923	1.4438592	1.5230516	1.5734385	1.2768153	1.6306702	1.90395	0.3835712	0.044000108	0.022356806	0.12095515	0.083345234	0.035041213	0.33158004	0.026093652	0.0040867915			
SLC6A18_32647	29323	slc6a18	0.0014242115971515768	0.0130935582318774	1.1234907	1.1234907	1.03715	-1.0015583	1.0656973	1.0584681	1.004287	-1.0258715	1.0570703	1.061983	1.1234907	0.36329988	0.9646006	0.26154935	0.0662842	0.78137124	0.23271255	0.0032332584	0.114164524	6.6901365E-4			
SLFN2_32654	114247;501712;303380	slfn4;slfn3;slfn2	0.029529130087789304	0.07114808517528944	1.2147745	1.2147745	1.0267413	-1.0244447	1.0751555	-1.0011235	-1.0107697	-1.0463144	1.0750011	-1.0146024	1.2147745	0.7778319	0.80774057	0.49871492	0.9916871	0.9321755	0.618409	0.45219734	0.9036126	0.04965465			
SMAD3_9891	25631	smad3	0.012643224022125641	0.040771870863934814	1.1448953	1.1448953	1.0702881	-1.0215946	1.0663507	-1.1385186	-1.0648415	-1.0374855	1.0335579	-1.0203885	1.1448953	0.24173264	0.70491916	0.08384106	0.034723684	0.4384382	0.54465836	0.38562098	0.61794657	0.08385546			
SMAD4_9892	50554	smad4	0.019074110868269423	0.052998399975205425	1.1276311	1.1276311	1.0325304	1.0817235	1.090074	1.0102321	-1.0508189	1.0457008	1.0615321	1.0541235	1.1276311	0.4490452	0.13431153	0.08816189	0.8468482	0.4739434	0.30652615	0.48567283	0.22853868	0.016797528			
SMARCA4_9894	171379	smarca4	0.004844570044408559	0.02334521072124414	1.1529429	1.1529429	1.0195607	-1.0269818	1.0790961	1.0044205	-1.0189109	1.0100964	1.0360732	1.0308485	1.1529429	0.58703935	0.5438708	0.13315468	0.90806025	0.57612365	0.75886834	0.315635	0.53274107	0.063460745			
SMARCD2_9896	83833	smarcd2	0.00910710750346466	0.03359844071797931	1.2024454	1.2024454	1.0461693	-1.0429505	1.1143498	-1.0435666	-1.048564	-1.0090386	1.0318453	1.0277386	1.2024454	0.5225366	0.60305715	0.104765885	0.6741263	0.513691	0.8643459	0.656088	0.69083107	0.018243426			
SMC1A_9897	63996	smc1a	0.04765734968831691	0.10018589318039224	1.0373253	1.0373253	1.0064948	1.0048352	1.0139909	1.0155796	-1.0072702	1.0152357	1.0251529	-1.0015856	1.0373253	0.651153	0.700167	0.28257182	0.34483093	0.7280609	0.2673403	0.18730296	0.9317413	0.1608598			
SMN1_9902	64301	smn1	0.02425821972734563	0.06219952805710314	1.0712936	1.0712936	1.0280385	1.0064286	1.0304992	-1.0259674	-1.0140891	1.0004767	-1.0109776	1.0043677	1.0712936	0.24125874	0.81610686	0.3547712	0.41358662	0.6117055	0.98073727	0.5669479	0.88300854	0.04311458			
SMNDC1_33297	287768;120095301	smndc1;loc120095301	4.063388866314506E-4	0.007576131577848074	1.052846	1.052846	-1.0128583	-1.0129936	1.0249947	1.0078626	-1.009533	-1.01523	1.0066876	-1.020063	1.052846	0.29883444	0.43967986	0.17224774	0.597236	0.40035513	0.33844733	0.50953686	0.26629212	0.002527611			
SMNDC1_9903	287768;120095301	smndc1;loc120095301	0.002398081534772182	0.016738203726452724	1.0484847	1.0484847	-1.0276188	-1.0162854	1.0103705	1.0120692	-1.0037981	-1.0024401	1.0179265	-1.0125726	1.0484847	0.027193813	0.36708865	0.3978728	0.56255615	0.674841	0.9067283	0.116194904	0.3809173	0.12671739			
SNX13_9912	362731	snx13	0.037340993024210095	0.0839856607478006	-1.0551267	1.0551267	-1.0104095	-1.0047597	-1.0232056	1.0012026	-1.0097438	-1.0009629	-1.0026133	-1.0163759	-1.0551267	0.16318628	0.50819147	0.45523492	0.92525566	0.23235212	0.92374915	0.74927336	0.060106613	0.26547045			
SNX6_9913	362738	snx6	4.027386226339106E-4	0.007576131577848074	-1.066394	1.066394	-1.0157814	-1.0106467	-1.0429538	-1.0207776	-1.0065167	-1.0021452	-1.0187018	-1.0231882	-1.066394	0.17127328	0.45710444	0.08702612	0.05008995	0.4957322	0.8417566	0.013329023	0.096259914	0.0027975398			
SNX7_33286	310815	snx7	0.0010170870626525631	0.011001615776151587	1.0932143	1.0932143	-1.0061878	-1.0146712	1.0417383	1.0094341	-1.0079467	-1.0130538	-1.0011926	-1.0007738	1.0932143	0.7029723	0.4416167	0.25741354	0.71256477	0.6983754	0.34292868	0.945344	0.9756702	0.034420744			
SOCS3_32863	89829	socs3	0.010997800439912017	0.037569540886343275	1.7078334	1.7078334	1.2983608	1.0176815	1.2841638	1.2092354	1.0745002	1.1777812	1.5459808	1.3433592	1.7078334	0.28594476	0.94728035	0.27256906	0.48513836	0.80837977	0.5543947	0.06187008	0.31395727	0.05815285			
SORBS3_9916	282843	sorbs3	0.0023932987634623054	0.016738203726452724	1.2491275	1.2491275	1.0501359	1.0528471	1.1504568	-1.0339885	-1.0091217	-1.0064858	1.0722761	1.0219307	1.2491275	0.33798343	0.5068964	0.031152565	0.7113092	0.91809803	0.91458756	0.2915903	0.7425793	0.027472			
SPAG7_9922	303260	spag7	0.0190686471296668	0.052998399975205425	1.0544215	1.0544215	-1.000262	1.0176343	-1.0114986	1.001869	-1.0116346	1.0276629	-1.0113876	-1.021829	1.0544215	0.99229234	0.45858395	0.5379821	0.92686063	0.43638983	0.20108745	0.6460745	0.14061977	0.032345053			
SPARC_33251	24791	sparc	0.0014067524115755627	0.0130935582318774	1.139176	1.139176	1.0260589	1.0320916	1.063118	1.0032887	1.0065682	-1.0018736	1.0167763	-1.023413	1.139176	0.39432213	0.21332315	0.06190907	0.94413906	0.874553	0.9609331	0.5923348	0.41327685	0.028892847			
SPP1_9929	25353	spp1	0.01001001001001001	0.03598192787381976	1.118272	1.118272	1.000201	1.0419776	1.0944378	1.0484359	1.0021503	-1.0169039	1.0433605	-1.0142359	1.118272	0.9958923	0.31629884	0.010213717	0.4439939	0.9709342	0.6221602	0.2462846	0.62621146	0.0011385747			
SPR_9930	297402;29270	spr-ps1;spr	0.024188790560471976	0.06210635414175237	-1.0565165	1.0565165	-1.0133256	-1.0183527	1.015798	-1.0258179	-1.0565165	-1.0022877	-1.0434191	-1.0328563	1.0476938	0.64732456	0.4742293	0.47892976	0.3210553	0.08567496	0.952684	0.19381644	0.3439443	0.13518901			
SPRED2_9931	305539	spred2	0.03407290015847861	0.0789152264783376	1.0888677	1.0888677	1.0269862	1.0149337	1.0673354	-1.0083704	-1.0319297	-1.0215114	1.0392354	-1.0085528	1.0888677	0.5084941	0.7619276	0.065160066	0.83115906	0.49254462	0.512635	0.37540102	0.833601	0.046786174			
SPRR1A_33122	499660	sprr1a	1.9770660340055358E-4	0.005244396776076087	4.4513574	4.4513574	1.0173876	1.1398126	3.1070113	1.6708757	-1.0520017	-2.2057188	1.8197397	-1.0421776	4.4513574	0.94695246	0.76054114	0.09766348	0.3982351	0.91800237	0.17577522	0.3001903	0.9527298	0.0014096096	100.0	300.0	
SQLE_9935	29230	sqle	0.0033817386114979114	0.02007308342448046	1.0646725	1.0646725	1.0017555	-1.0054207	1.0494088	1.0182545	-1.0108594	1.0110292	1.0320948	1.0051409	1.0646725	0.94324565	0.83618265	0.0046299133	0.10877308	0.5088582	0.6039918	0.22605976	0.85004836	6.078773E-4			
SQSTM1_9937	113894	sqstm1	0.0012140833670578712	0.012203439596032506	1.1250997	1.1250997	1.0050288	-1.0073043	1.026185	1.0103452	-1.0055394	1.0132209	-1.0032318	1.0166476	1.1250997	0.7933807	0.7543682	0.5387482	0.7345458	0.682788	0.4421765	0.8674937	0.621104	0.021686057			
SRC_9938	83805	src	0.011491975430949078	0.03866187349872413	1.2109021	1.2109021	1.0131286	1.0304116	1.0420032	-1.0927241	-1.0554786	1.0851216	1.0071058	1.0627544	1.2109021	0.83544236	0.7013408	0.6705941	0.29762906	0.49007815	0.21437085	0.8993829	0.3377959	0.09018998			
SRD5A1_32503	24950	srd5a1	0.0013974845278498702	0.0130935582318774	1.591802	1.591802	1.0703032	1.0718166	1.3965415	1.1381646	1.0439051	1.0423652	1.1131397	1.1727829	1.591802	0.70490515	0.7577431	0.015144714	0.46989483	0.78150475	0.7521609	0.5780408	0.31725493	0.0019193226			
SREBF1_32750	78968	srebf1	0.006911532385466035	0.02842991156495822	1.2052425	1.2052425	1.0415922	-1.0794414	1.035192	1.0499504	-1.0739521	1.0359035	1.0332694	1.1062044	1.2052425	0.50424236	0.43403926	0.64200854	0.408611	0.50167716	0.6207928	0.7641156	0.11792561	0.0051390636			
SSBP2_9944	361877	ssbp2	0.02453502176493866	0.06267268683873575	1.2134967	1.2134967	1.0524036	1.0210584	1.13173	1.0306729	-1.0596622	1.0721717	1.0802819	1.0224099	1.2134967	0.37150276	0.82128406	0.1468729	0.68853396	0.63017935	0.43095854	0.37711048	0.78015494	0.034529686			
ST14_32674	114093	st14	0.04662283323371189	0.09873943981024971	1.1977239	1.1977239	1.0242041	1.0069058	1.1977239	1.0685005	-1.0133321	1.0216177	1.1003282	-1.049368	1.1538647	0.7191886	0.9386502	0.010898432	0.4901315	0.8479239	0.70355284	0.16719356	0.49936995	0.010242665			
ST3GAL1_32507	362924	st3gal1	0.00481251253258472	0.02334521072124414	1.3564861	1.3564861	1.1793927	1.2242451	1.2054931	1.0802574	1.07065	1.0896056	1.0751643	-1.0682015	1.3564861	0.31608456	0.063293755	0.04293823	0.4942668	0.58308744	0.4544258	0.3968122	0.6155467	0.009511921			
ST3GAL2_9946	64442	st3gal2	0.02321857485988791	0.0603138761008807	1.8921596	1.8921596	1.3927412	1.2216765	1.5574576	1.0716338	1.0958368	1.4820248	1.1858237	1.1805922	1.8921596	0.035856176	0.5820797	0.20612366	0.84908086	0.68722254	0.07372066	0.6203366	0.57385266	0.07182189			
ST6GAL1_9950	25197	st6gal1	0.037859266600594646	0.0847690649474594	-1.053366	1.053366	1.0163238	-1.0000844	1.0032992	1.0370066	1.0123694	-1.0080872	-1.0042206	-1.0161372	-1.053366	0.49713627	0.9958161	0.86766446	0.15358293	0.46160993	0.6705643	0.89209825	0.36602002	0.29161814			
STAR_32299	25557	star	1.9650225977598743E-4	0.005244396776076087	1.4980147	1.4980147	1.3620341	1.1731257	1.0619763	1.0146194	-1.0159895	1.024409	1.0913942	1.1590445	1.4980147	0.0068773204	0.26062173	0.5490226	0.9149217	0.89033675	0.84217554	0.44369403	0.2623938	0.0044165584			
STAT1_32366	25124	stat1	0.012898024989923419	0.04096990706221044	1.0852728	1.0852728	-1.0171301	-1.0250689	1.0185109	-1.02499	-1.047341	-1.0063156	-1.0098664	-1.0576475	1.0852728	0.58695924	0.56023794	0.5253886	0.49121028	0.223255	0.8634459	0.80184305	0.24603525	0.111750446			
STAT3_9959	25125	stat3	8.054772452678212E-4	0.01042891868579942	1.1437942	1.1437942	1.0227156	1.0186758	1.0853627	1.0198236	-1.0002483	1.026482	1.0344694	1.0263882	1.1437942	0.23868918	0.46201974	0.061159205	0.48471203	0.9916921	0.21193367	0.12429498	0.4239288	0.036263015			
STAT5B_9960	25126	stat5b	0.004583499402152252	0.02289213729794452	1.1007485	1.1007485	-1.0119468	1.0162886	-1.0019504	-1.0285072	1.0044179	-1.0004094	-1.0008215	1.0339758	1.1007485	0.7762059	0.3567017	0.93936396	0.4331448	0.91506934	0.9876497	0.98605365	0.23650971	0.0018439557			
STK10_9962	29398	stk10	0.001193792280143255	0.012203439596032506	1.4662803	1.4662803	1.158596	1.1749922	1.222881	-1.1215965	-1.0308266	1.0687677	1.1478621	1.1176076	1.4662803	0.0951313	0.08376898	0.03779633	0.50667095	0.8336635	0.53924876	0.1002601	0.2800819	0.022698719			
STK25_9963	373542	stk25	0.01884522854851644	0.05287796196102714	1.6008419	1.6008419	-1.0071616	1.077471	1.2784472	-1.1262109	1.0915642	-1.0728669	-1.0008091	1.2588531	1.6008419	0.96261734	0.72707146	0.20252876	0.6728805	0.61204785	0.67681336	0.99735814	0.22318725	0.08063604			
STK3_33031	65189	stk3	0.028588685323132676	0.06963910527429754	-1.6206487	1.6206487	-1.0836658	-1.1919205	-1.0826352	-1.2291812	-1.6206487	-1.0024314	-1.238196	-1.4467186	1.4385738	0.68808836	0.56527466	0.7628814	0.39793125	0.17817657	0.9942674	0.38976568	0.19795376	0.028813075			
STS_9964	24800	sts	0.012987012987012988	0.04112554112554113	1.1712862	1.1712862	1.048833	-1.0225569	1.104407	1.1168424	1.0385094	1.0633874	1.0867805	1.0972275	1.1712862	0.46551666	0.793808	0.24438576	0.022828093	0.49770865	0.40303996	0.19409984	0.09386262	0.006657662			
STX4_9967	81803	stx4	0.0015695507161075143	0.014071133281668646	1.1257263	1.1257263	1.0335685	1.0534049	1.053438	-1.0022738	1.0003722	1.028961	1.0362781	-1.0425185	1.1257263	0.3364526	0.14646757	0.13503674	0.95572746	0.9931907	0.3232906	0.5480149	0.31701773	0.0024964525			
STXBP1_9968	25558	stxbp1	0.0036600244001626678	0.020469726352079293	1.1755033	1.1755033	1.0889574	1.0315815	1.1003708	1.1642919	1.0845464	1.1258078	1.0710676	1.0667295	1.1755033	0.098916054	0.59938735	0.16858487	0.0022809638	0.053488303	0.015844528	0.2263342	0.33584383	0.019080386			
STXBP2_9969	81804	stxbp2	9.970089730807576E-4	0.011001615776151587	1.1862066	1.1862066	-1.012654	-1.0597748	1.0467833	-1.0066823	-1.0396438	-1.0108933	1.0167271	1.0429586	1.1862066	0.8234045	0.37236318	0.3708255	0.89932567	0.4480996	0.8606513	0.7279651	0.48973623	0.006866976			
SULT1C2_33309	171072;316153	sult1c2;sult1c2a	0.010276042716099134	0.03658913372563016	-1.132789	1.132789	-1.0978142	-1.0901498	-1.0695224	-1.1257255	-1.132789	-1.070668	-1.1202527	-1.095595	-1.082278	0.11996488	0.02150345	0.017346336	0.0077993884	0.0032526595	0.036730636	0.014152656	0.040364057	0.047095098			
SULT1C3_9971	65185	sult1c3	0.01632735335617819	0.04840956477975363	1.6819682	1.6819682	1.0242836	1.2437716	1.4900411	1.4665865	1.2032696	1.1737471	1.2397478	1.187313	1.6819682	0.8909921	0.21455492	0.04379627	0.051346656	0.34565958	0.35663545	0.5685166	0.38721183	0.087213136			
SULT1E1_32446	360268	sult1e1	0.0010131712259371835	0.011001615776151587	-5.180951	5.180951	-1.1878475	1.0645859	1.3983321	1.1135213	-1.1753807	-5.180951	-1.2958628	-1.240072	2.5315325	0.61372757	0.8205369	0.41426983	0.71885353	0.5352402	0.010501579	0.64627874	0.58342254	0.017035976	3.0	10.0	
SULT2A2_33196	361510	sult2a2	2.0420665713702266E-4	0.005244396776076087	5.2280774	5.2280774	1.2648555	-1.183125	1.4763432	-1.021979	1.1245154	1.0824065	1.9903039	1.4473698	5.2280774	0.627168	0.7750916	0.45943716	0.9711125	0.807419	0.8998519	0.17755361	0.43043435	4.249258E-5	100.0	300.0	
SYNE2_9977	366669	syne2	0.0144	0.04440185471406491	1.1886007	1.1886007	1.0347075	1.0346284	1.1290218	-1.031724	-1.0582227	-1.0219108	1.0384719	-1.0047878	1.1886007	0.6098252	0.5602532	0.10940695	0.6933742	0.3410687	0.7192469	0.54056484	0.95488876	0.024898004			
TALDO1_32399	83688	taldo1	0.01789577187807276	0.051369877549288	1.0665308	1.0665308	1.0266962	1.0099462	1.0523685	-1.0066693	-1.026002	1.0258313	1.0034143	1.0071251	1.0665308	0.23256224	0.7083339	0.084218	0.83707875	0.3637216	0.21691525	0.8888747	0.78628117	0.036984086			
TATDN2_9984	500295	tatdn2	0.00954464108172599	0.034810893890390035	1.0417671	1.0417671	1.009722	-1.0049944	1.0191461	1.0014528	-1.0008379	1.0255785	1.0160309	1.013046	1.0417671	0.55679375	0.74061763	0.25730434	0.92444307	0.96231294	0.13660389	0.21902217	0.4039792	0.034217294			
TAX1BP3_32829	360564	tax1bp3	0.0037401574803149606	0.020711496314768846	1.1093974	1.1093974	1.0021783	1.0002406	1.0574467	1.0039295	-1.0056169	1.0016767	1.0059657	-1.0115242	1.1093974	0.9343867	0.99494374	0.09775375	0.93292785	0.8232191	0.937409	0.7744823	0.72071016	0.037801787			
TBC1D10C_32813	361697	tbc1d10c	0.006368159203980099	0.026973413188832906	1.4779563	1.4779563	1.1679505	1.0224527	1.0790962	1.0691757	1.0389066	-1.0100135	1.0828776	-1.0664961	1.4779563	0.29685733	0.8795034	0.53204864	0.6758036	0.8176399	0.95757097	0.5369297	0.6333803	0.009865402			
TBC1D9B_9985	360520	tbc1d9b	0.0132291040288635	0.04149695367544447	1.3915989	1.3915989	-1.1689703	-1.2328492	1.164444	-1.387334	-1.1914972	-1.137897	-1.0022148	-1.186928	1.3915989	0.43387675	0.4087547	0.17816132	0.19466887	0.15010568	0.4364357	0.990751	0.48187414	0.00496542			
TBP_9986	117526	tbp	0.00911115610447459	0.03359844071797931	-1.3601289	1.3601289	-1.1010022	-1.0950291	-1.0981984	-1.0503126	-1.2388525	-1.1092257	1.011696	-1.3601289	1.1430694	0.05491689	0.49018738	0.16699526	0.36403084	0.0057715885	0.15333483	0.8959242	0.022756647	0.1406967			
TBPL1_9987	689030	tbpl1	0.03633150039277298	0.08264691366428972	1.1296132	1.1296132	-1.0074047	1.0251712	1.0474293	-1.1223707	-1.1215416	1.0362947	-1.0941885	-1.0720294	1.1296132	0.9119983	0.5026828	0.3731184	0.26023835	0.23683603	0.49819988	0.13850898	0.19117	0.09638097			
TBXA2R_9988	24816	tbxa2r	0.03878448620551779	0.08616375276170155	1.6586381	1.6586381	1.1468025	1.168782	1.1859127	-1.2831386	-1.259358	1.1583304	1.020113	-1.1744227	1.6586381	0.60490716	0.48673862	0.5690552	0.33964983	0.6236542	0.51542395	0.93578285	0.6792449	0.037282024			
TCEB1_33163	64525	eloc	2.0064205457463884E-4	0.005244396776076087	1.0695089	1.0695089	1.026871	1.0469	1.0567788	1.0402068	1.0304488	1.0455908	1.0342277	1.031629	1.0695089	0.19840656	9.1004814E-4	0.004626866	0.013224351	0.027329968	0.0013125436	0.010118771	0.036621153	6.967813E-4			
TCERG1_9992	307474	tcerg1	0.034557661927330174	0.07951849543832029	1.0535283	1.0535283	1.014935	1.0179703	1.0535283	1.007713	-1.0126191	1.0199323	1.0218562	-1.013215	1.0473245	0.32009447	0.35557324	0.018810952	0.73976564	0.6052071	0.38874564	0.19142184	0.58917725	0.012362988			
TCF19_9993	406195	tcf19	0.010532591414944356	0.03667106435046071	1.4369358	1.4369358	1.0726205	1.232536	1.2170159	1.1200122	1.0295767	1.0399839	1.3306453	1.0424472	1.4369358	0.66065335	0.17126155	0.24305148	0.47822788	0.83391196	0.8318633	0.026790574	0.8361712	0.006017264			
TCF4_32341	84382	tcf4	0.0018137847642079807	0.015044845454118879	1.1197371	1.1197371	-1.0089835	-1.0005606	1.0427226	-1.003753	-1.0243361	-1.0082781	-1.0034094	-1.0269492	1.1197371	0.76814634	0.9855544	0.17480592	0.9103134	0.5626368	0.77879673	0.86132145	0.38332286	0.015222203			
TCTN1_9996	304486	tctn1	0.012741389607804101	0.0408349086472021	1.1591142	1.1591142	-1.0015903	-1.0138477	1.0764521	-1.0338218	-1.0619055	-1.0081843	1.0312399	-1.0043672	1.1591142	0.9793857	0.8119451	0.11969833	0.6414509	0.32657084	0.8699017	0.5797454	0.9548001	0.043646965			
TEX10_10002	298065	tex10	0.023977433004231313	0.06189472070530339	1.7533014	1.7533014	-1.0034584	1.2874194	1.3429631	1.1742914	-1.0609499	1.0572067	1.005999	-1.0974125	1.7533014	0.98983413	0.48064387	0.14456573	0.644925	0.8433172	0.8518481	0.97446626	0.73696554	0.019152386			
TFAM_33077	83474	tfam	0.0011971268954509178	0.012203439596032506	1.3465086	1.3465086	1.1858559	1.176021	1.2985947	-1.0279366	-1.0329094	1.145874	1.0911636	-1.0501671	1.3465086	0.055137	0.103881456	0.008987037	0.811387	0.760826	0.14517954	0.4871357	0.6531192	0.0056804214			
TGFB3_10006	25717	tgfb3	0.028124381065557535	0.06875997576689619	1.345371	1.345371	-1.0054456	1.00066	1.1533376	-1.0676724	-1.2447087	-1.0999389	1.0123783	-1.1057181	1.345371	0.9677252	0.99663085	0.27268827	0.6719584	0.42704827	0.4426667	0.93312585	0.5285484	0.024297714			
TGFBR2_10008	81810	tgfbr2	0.0054097375275495895	0.024603687195851105	1.1183734	1.1183734	1.0183156	1.0099775	1.0218029	-1.0012273	-1.0336227	1.0277011	-1.0011041	1.0031673	1.1183734	0.6505491	0.7679711	0.4562041	0.98002464	0.4670486	0.47671682	0.9750877	0.9114927	0.015458678			
THAP11_10011	307806	thap11	0.003589232303090728	0.020469726352079293	1.3124477	1.3124477	1.0399469	1.0689778	1.2172121	-1.0863705	-1.0793546	-1.000972	1.0449166	-1.1133829	1.3124477	0.6241897	0.43533942	0.016797774	0.4492997	0.48706427	0.9891696	0.6116946	0.5286885	0.010963496			
THRB_32521	24831	thrb	0.0028084252758274826	0.0179577193117815	1.1155199	1.1155199	1.0358919	1.0179231	1.1033089	1.0145913	1.004024	1.0146277	1.0564553	-1.0047452	1.1155199	0.30251855	0.61908615	0.01618881	0.67234415	0.9048857	0.6368894	0.09817468	0.9099591	0.008935079			
TIAM1_10014	304109	tiam1	0.0027916251246261218	0.0179577193117815	1.3951578	1.3951578	-1.0124562	1.0145098	1.3003379	1.1862725	1.0938671	1.1954646	1.0881793	-1.0007671	1.3951578	0.9304235	0.9242908	0.029754007	0.2970319	0.49420983	0.15428348	0.53362066	0.99563587	0.017579203			
TICAM1_10015	363328	ticam1	0.007842348682887593	0.03067742278894264	1.1910228	1.1910228	1.0545324	1.1122005	1.0737232	-1.0075809	1.0350692	1.0904992	1.0602249	1.0143101	1.1910228	0.3390586	0.08753889	0.27523428	0.9295183	0.64800614	0.17545846	0.36284032	0.84037626	0.014803975			
TIMP1_10022	116510	timp1	0.007639726578206675	0.030300704818135817	1.1133094	1.1133094	1.0092871	1.038832	1.0198597	-1.0428128	1.001219	1.0000623	-1.0133365	-1.0296283	1.1133094	0.7440918	0.13955918	0.62379056	0.43687698	0.96861696	0.99910593	0.7390525	0.37133744	0.006919253			
TIMP2_10023	29543	timp2	0.034097706879361915	0.0789152264783376	1.1417897	1.1417897	1.0327454	1.0630928	1.0772669	-1.0229603	-1.0130867	1.0121526	1.003432	-1.0250622	1.1417897	0.60577095	0.19481933	0.117947094	0.76172835	0.85568476	0.89319587	0.94484293	0.6412532	0.023421243			
TJP1_10025	292994	tjp1	0.00398247710075667	0.021300380203778974	1.0709659	1.0709659	1.0045711	1.0061332	1.0356104	1.008986	-1.0224937	1.0020262	1.0143815	-1.006358	1.0709659	0.8393669	0.7700433	0.12997535	0.67550194	0.35092208	0.9040681	0.48608103	0.7547637	0.033837378			
TLE1_10026	362533	tle1	0.003663003663003663	0.020469726352079293	1.3054312	1.3054312	1.0264533	1.0610448	1.1447266	1.0007253	-1.0635338	1.0391116	1.1407099	-1.0201008	1.3054312	0.73941106	0.39178354	0.0936084	0.996751	0.44945574	0.55555826	0.17474325	0.8118616	0.001148657			
TLK2_10027	303592	tlk2	0.038765822784810125	0.08616375276170155	1.1344892	1.1344892	1.0746509	1.0275686	1.0598643	1.0027661	-1.0288221	1.0393249	-1.0065662	1.0206519	1.1344892	0.25204846	0.65103817	0.30403456	0.9780858	0.6071059	0.52196646	0.9225679	0.7128965	0.03009916			
TLR2_10029	310553	tlr2	0.04004711425206125	0.08857427154419312	1.496962	1.496962	1.3280286	1.0851315	1.496962	1.041222	1.0514709	1.1556413	1.3479748	-1.0007478	1.4677663	0.101430066	0.7069099	0.056814488	0.88293266	0.81429017	0.42871958	0.18225664	0.99753857	0.02793913			
TLR4_10030	29260	tlr4	0.006974890394579514	0.02857108953543183	1.6510955	1.6510955	1.2219077	1.4398634	1.2206305	-1.0052804	1.1068045	1.0465747	1.1985596	1.2135007	1.6510955	0.23297258	0.037724998	0.38387838	0.9831071	0.67449737	0.84959424	0.3342886	0.37697676	0.044074155			
TLR8_33238	684440	tlr8	0.008610332398878654	0.032907304857783364	1.5180506	1.5180506	1.145475	1.1375061	1.3498067	1.1232833	-1.0034328	1.1502994	1.2023859	1.0369606	1.5180506	0.42560035	0.58788186	0.14357114	0.5545192	0.98673326	0.52142155	0.32687137	0.88384306	0.022818847			
TM9SF3_10033	309475	tm9sf3	0.007950705625124229	0.030979800238521166	1.3041415	1.3041415	-1.0362908	1.0245347	1.1716622	-1.0359554	-1.0212048	-1.1725178	1.1215466	-1.0380554	1.3041415	0.682502	0.8365053	0.16942595	0.7998681	0.84325266	0.06547658	0.23751612	0.7723312	0.009362564			
TMEM38A_33190	306327	tmem38a	0.010520047637951568	0.03667106435046071	1.1697242	1.1697242	1.0912678	1.0223266	1.0566684	1.0605817	-1.0097796	1.026949	1.0870572	1.0679805	1.1697242	0.14040859	0.70338464	0.43060523	0.4114711	0.8602016	0.54011935	0.16673094	0.23356274	0.0077478588			
TMEM50A_10046	298552	tmem50a	0.001794616151545364	0.015044845454118879	-1.0475681	1.0475681	-1.0109769	-1.0041921	-1.0082576	1.0102931	1.0092114	-1.000231	1.0051115	-1.0090469	-1.0475681	0.30546543	0.68143827	0.48246852	0.34479234	0.4021063	0.98219126	0.4930678	0.48295113	0.019129662			
TMEM97_10047	303330	tmem97	0.03056768558951965	0.07312054286701641	1.1959136	1.1959136	1.0152096	1.0580702	1.1678159	1.0009573	1.0243044	1.0096372	1.1133553	-1.0088798	1.1959136	0.8123362	0.5533578	0.10300682	0.9915165	0.7793433	0.8816778	0.31931382	0.9271481	0.011712643			
TMSB10_32772	50665	tmsb10	0.033578382674349296	0.07839429176893467	1.0466193	1.0466193	1.0025704	1.0239782	1.0143498	-1.0128272	-1.009269	-1.0188262	-1.015836	-1.0321789	1.0466193	0.9004666	0.14789397	0.43192968	0.5751543	0.7385118	0.528869	0.42212084	0.13953084	0.040742636			
TNFAIP3_32414	683206	tnfaip3	0.04855330955212049	0.10153443664201298	1.2398382	1.2398382	1.0543193	1.1327655	1.041731	1.2019367	1.2291874	-1.0047132	-1.0329543	1.0142053	1.2398382	0.6318064	0.26534414	0.77743864	0.12330301	0.07037228	0.9744484	0.8860879	0.8995891	0.06461394			
TNFRSF21_10050	316256	tnfrsf21	0.0016109544905356424	0.014071133281668646	1.2187905	1.2187905	1.0492272	1.0379714	1.1182606	1.0369736	-1.0244559	-1.0090476	1.0500848	1.046007	1.2187905	0.3972922	0.50539786	0.075712584	0.54348755	0.6580996	0.89222723	0.36064845	0.48885992	0.009538266			
TNIP1_10051	363599	tnip1	0.021323236349143085	0.05733134301420546	1.0977161	1.0977161	1.0178471	-1.0149117	1.0698004	-1.0068289	-1.0463792	-1.0116541	1.0199744	-1.0097319	1.0977161	0.61682206	0.7426857	0.12682062	0.8637606	0.35125038	0.7396862	0.5947003	0.821521	0.03462532			
TNNI1_33096	29388	tnni1	0.026373190561173904	0.0656708229426434	-1.4690863	1.4690863	-1.011916	-1.2260184	1.1444037	-1.4690863	1.0285646	1.2188259	-1.1391803	1.3860362	1.416523	0.9584051	0.47423136	0.4692579	0.3018221	0.8829115	0.32830697	0.6548605	0.1743968	0.067179516			
TOMM34_10055	311621	tomm34	0.042287555376560614	0.09162239078848125	1.0482326	1.0482326	1.0075487	1.0081367	1.0482326	1.0234519	-1.0204816	1.0290278	1.0264007	1.004711	1.0467193	0.70802015	0.72125036	0.05193296	0.36699522	0.30359063	0.17000192	0.19328122	0.86316097	0.014016814			
Topbp1_34126	315969	topbp1	0.005661140315406389	0.025173978056367	1.0948998	1.0948998	-1.0479797	-1.0136921	1.0311675	-1.0524592	-1.0454497	-1.053388	1.0122746	-1.0629184	1.0948998	0.2666699	0.7301965	0.42975688	0.2844133	0.35605854	0.20986031	0.8587756	0.19486831	0.045144398			
TOPORS_33193	362501	topors	0.005407570598838373	0.024603687195851105	1.0729848	1.0729848	-1.0076549	-1.0076015	1.0040853	-1.0118785	-1.0195239	-1.0075501	1.01152	-1.0294391	1.0729848	0.657713	0.7382558	0.8389963	0.58718985	0.2977169	0.6555798	0.5698161	0.4696924	0.115809016			
TP53BP1_10063			0.010307234886025769	0.03658913372563016	1.3298335	1.3298335	1.0393745	-1.0592058	1.1924311	-1.0475094	-1.1309237	-1.0170336	1.0822772	1.0023031	1.3298335	0.70203096	0.70646113	0.08798992	0.74824977	0.43168396	0.8294505	0.38252205	0.9846189	0.026532771			
TPD52L2_10067	296480	tpd52l2	0.0018174474959612278	0.015044845454118879	1.0223514	1.0223514	-1.0154645	-1.0101699	-1.0212189	-1.0070952	-1.0187098	1.0147524	-1.0189152	-1.0079563	1.0223514	0.05596872	0.21875203	0.058733236	0.35936138	0.110312805	0.26503688	0.06100273	0.3854614	0.13765326			
TRAK2_10073	171086	trak2	0.005050505050505051	0.023839021718244986	1.0693623	1.0693623	-1.0068531	-1.0122474	1.0114217	1.0223422	1.0091861	-1.0281756	-1.0004944	1.0093997	1.0693623	0.80767435	0.65753996	0.57028306	0.27192727	0.5696472	0.38327298	0.98334223	0.6911531	0.02886543			
TRAP1_10074	287069	trap1	0.005687588868576072	0.02521497731735392	1.0702972	1.0702972	-1.0210623	-1.0067767	1.0174066	-1.0171072	-1.0325879	-1.0063782	-1.0232527	1.0061643	1.0702972	0.23276308	0.76138073	0.49410728	0.22712164	0.053788994	0.67292863	0.34803614	0.79972833	0.12283296			
TRAPPC3_10075	362599	trappc3	0.0028005601120224045	0.0179577193117815	1.0768802	1.0768802	-1.0002266	1.0178462	1.0049961	-1.005169	-1.0076884	1.0253913	-1.0238663	1.0132533	1.0768802	0.99346423	0.4754673	0.86022985	0.82325476	0.814583	0.24873038	0.4625257	0.42319706	0.001204638			
TRIM13_10080	364398	trim13	0.0027739251040221915	0.0179577193117815	1.0959711	1.0959711	-1.0032771	-1.005192	-1.0035542	1.0062072	-1.0268848	1.0222127	1.0449691	-1.0107574	1.0959711	0.8672588	0.6185201	0.81840837	0.7230124	0.24605937	0.4322541	0.13187537	0.7399809	0.056526396			
TRMT6_10088	311441	trmt6	5.953562214725144E-4	0.009340324921578725	1.4178637	1.4178637	1.2440234	1.0850962	1.2335112	1.1164327	-1.0234599	1.1293485	1.1186036	1.0681694	1.4178637	0.0061632013	0.5282505	0.011264289	0.28823152	0.8600431	0.29806244	0.358535	0.56089467	8.801464E-4			
TSPAN4_32769	293627	tspan4	0.00356788899900892	0.020469726352079293	1.4036049	1.4036049	-1.0576351	1.1422514	1.237891	1.1042701	-1.0067557	1.1650431	1.0149984	1.0842466	1.4036049	0.782833	0.37180695	0.14815947	0.44427446	0.97262686	0.33953926	0.91389245	0.5525057	0.015506474			
TSPAN8_33212	171048	tspan8	0.016222711796515122	0.04830494034932488	1.1384503	1.1384503	1.0018668	1.0124987	1.1384503	1.0251917	1.0203508	1.0174963	1.0065525	-1.0248687	1.1292797	0.96068794	0.83790493	0.011001954	0.7201329	0.6359827	0.6474219	0.8913601	0.5389402	0.0063895895			
TSR1_10097	100360406	tsr1	0.02208515718265022	0.05904456825700872	1.0425719	1.0425719	1.0016445	-1.0012287	-1.0054404	-1.0160007	-1.0306548	-1.0042926	-1.010827	-1.0117842	1.0425719	0.9006931	0.92457414	0.80997735	0.5803954	0.09668821	0.7452608	0.59467256	0.5806207	0.0690075			
TTC17_32457	311224	ttc17	0.012700932724746974	0.04080251334278617	1.075839	1.075839	1.0149537	1.0042348	-1.0032445	-1.0067542	1.0041758	1.0141361	1.0110581	1.0160544	1.075839	0.4872969	0.90219754	0.8520765	0.810297	0.87449306	0.6174516	0.6932661	0.5500858	0.039564595			
TUBB2A_10104	498736	tubb2a	0.02238354506957048	0.059381878209831256	1.0825932	1.0825932	-1.0252151	1.0412142	-1.0075626	1.0356876	1.0094924	1.0049179	-1.0125808	1.0587627	1.0825932	0.34926957	0.16936226	0.7797669	0.15869135	0.8349759	0.87583876	0.76862663	0.055399816	0.13853806			
TUBB4B_34097	296554	tubb4b	2.0120724346076458E-4	0.005244396776076087	1.1512375	1.1512375	1.031691	1.0541024	1.0308654	-1.0048724	-1.0103692	-1.0012524	1.0131515	1.0197766	1.1512375	0.2959315	0.13589329	0.33963254	0.8874149	0.7352055	0.97434765	0.70997334	0.6088747	0.017002761			
TUBG1_10107	252921	tubg1	3.975352812562115E-4	0.007576131577848074	1.1672989	1.1672989	1.0044574	1.0223608	1.1075906	1.0239713	-1.0150211	1.0257666	1.0269301	1.0479039	1.1672989	0.89618164	0.5563612	0.023105957	0.5228408	0.71246326	0.35566288	0.30781838	0.25659207	0.008921671			
TXNRD1_10114	58819	txnrd1	0.024117998804066176	0.062084396921434866	1.0692003	1.0692003	1.0007789	1.0052868	1.0392175	1.0117251	-1.0238527	1.012894	1.0170207	1.0139196	1.0692003	0.97640014	0.85492045	0.21680088	0.6887131	0.3309267	0.6165317	0.42562598	0.67840666	0.018628292			
TYK2_32670	100361294	tyk2	0.003784106751643099	0.020711496314768846	1.4913195	1.4913195	-1.0424109	1.0484003	1.1785297	-1.0943863	-1.0239092	-1.0870452	1.0229748	-1.0791825	1.4913195	0.7998147	0.7245739	0.2536486	0.62767506	0.88083124	0.44995436	0.8693438	0.6171847	0.0165289			
UBA3_32850	117553	uba3	0.0014067524115755627	0.0130935582318774	1.0756594	1.0756594	-1.00683	1.0270263	-1.0070726	1.0123714	-1.0066203	1.0357592	1.0075724	-1.0010649	1.0756594	0.6791192	0.24930358	0.80310017	0.5409085	0.69123423	0.14516096	0.74776375	0.95640796	0.00268695			
UBE2D1_10119	361831	ube2d1	0.04785544082605242	0.10039075125969986	1.1046491	1.1046491	-1.0608636	-1.016535	-1.0541346	1.0435437	1.0243666	1.0739994	1.0068914	1.0248243	1.1046491	0.3710362	0.7583689	0.5094944	0.4101214	0.62011415	0.16258751	0.9391986	0.7004354	0.22067565			
UBE2J1_10122	297961	ube2j1	0.04849564528899446	0.10152026479700309	1.0582895	1.0582895	1.0125326	1.0013738	1.0383812	-1.0150965	-1.0199455	1.0122218	1.00651	-1.0200473	1.0582895	0.6293013	0.9643114	0.13847339	0.63099056	0.4707777	0.6323737	0.80575097	0.41910937	0.025449378			
UBQLN2_10128	317396	ubqln2	0.03638593622240392	0.08267647239600891	-1.1142474	1.1142474	-1.0336937	-1.0100605	-1.0537854	-1.0203103	1.0004624	-1.01961	-1.0299593	-1.0405321	-1.1142474	0.24024948	0.75788647	0.29715857	0.5413197	0.9870471	0.51226884	0.38402355	0.17180444	0.23327892			
UGT2B15_33121	29623	ugt2b37	2.0206102242877348E-4	0.005244396776076087	2.32233	2.32233	-1.2245723	-1.0039967	1.545724	1.4886519	-1.3044351	-1.0091273	1.0032674	-1.0963565	2.32233	0.53463686	0.98421293	0.05741328	0.13046657	0.35718974	0.97675717	0.99466664	0.7760416	7.560557E-4	100.0	300.0	
UGT2B7_33032	286989	ugt2b7	0.03517889266440136	0.08066884007526517	1.1492183	1.1492183	1.1291182	1.0719662	1.0162549	-1.0227914	1.0158414	1.0377201	1.1492183	1.0190382	1.1386685	0.076191366	0.19638482	0.54806083	0.62646824	0.83494717	0.5038495	0.088803954	0.6075492	0.027807854			
UPB1_33048	116593	upb1	0.00696101829753381	0.02857108953543183	1.1903445	1.1903445	1.0099139	-1.0058998	1.1087428	-1.0045601	-1.0295603	1.062563	1.064002	1.0498822	1.1903445	0.83063394	0.918943	0.15886968	0.9525926	0.6277424	0.12746578	0.4703033	0.27364963	0.005367517			
URAD_32538	684055	urad	0.002583979328165375	0.017333958919820668	-1.328909	1.328909	-1.0565411	-1.328909	-1.092659	-1.2242852	-1.290574	-1.2125627	1.0362347	1.0282226	1.2419401	0.6175944	0.094333485	0.5083409	0.16124845	0.094978124	0.10100321	0.79604036	0.805849	0.048707053			
USP22_10140	303201	usp22	0.012050572896088503	0.0397659489859683	1.1111006	1.1111006	1.0430455	1.0059282	1.0856403	-1.007122	-1.036972	1.0339415	1.0165279	-1.0147288	1.1111006	0.2431506	0.88699055	0.058492422	0.88745195	0.39783463	0.3440223	0.7203063	0.7899655	0.05111059			
USP7_10142	360471	usp7	0.014937106918238994	0.045634805975324336	1.066258	1.066258	1.0182576	-1.0089437	1.0509932	-1.0011629	-1.0305097	1.0024832	1.0051602	-1.013937	1.066258	0.45392215	0.71729183	0.065671526	0.96542776	0.37229532	0.91975737	0.86344796	0.6639928	0.015787492			
UST4R_32736	171397	ust4r	0.001394700139470014	0.0130935582318774	1.4193146	1.4193146	1.1293461	1.0226996	1.3285252	1.1580206	1.0622188	1.0193332	1.0988984	1.010854	1.4193146	0.13648377	0.81539357	0.018642519	0.22315256	0.65802675	0.90956414	0.45280024	0.93251896	0.001113527			
VAMP2_10146	24803	vamp2	0.017622037674701236	0.05087693945156146	1.108601	1.108601	1.0519505	1.0255023	1.0662916	1.0441064	1.0192808	1.0322332	1.0037686	1.0211654	1.108601	0.14875643	0.43749166	0.14483115	0.11845124	0.4941877	0.13830036	0.9286943	0.32127666	0.14432429			
VAT1_10149	287721	vat1	0.008932115919015483	0.03336998363002975	1.2724328	1.2724328	1.0158184	1.0620137	1.2347431	1.0736421	-1.0155946	1.0833527	1.0881252	1.0313816	1.2724328	0.8856724	0.522061	0.011821384	0.45840323	0.8502481	0.28336498	0.32485986	0.8080158	0.008455063			
VAV1_33194	25156	vav1	0.011086913482478717	0.037744696924138295	1.2421908	1.2421908	1.0129801	1.1471287	1.1419958	1.0465264	-1.0463293	1.0086002	1.1267662	1.0538732	1.2421908	0.8657703	0.15183237	0.14746976	0.61639094	0.7638553	0.91352814	0.10222532	0.5267242	0.009540566			
VAV3_10150	295378	vav3	0.01764941837144003	0.05088235498702726	1.2051544	1.2051544	1.0436896	-1.1237332	1.0062438	1.0418161	1.0148299	-1.0138083	-1.0401263	-1.023423	1.2051544	0.35716823	0.23162797	0.9293322	0.5174677	0.89119345	0.80643016	0.770678	0.7320656	0.05042611			
VDAC1_32318	83529	vdac1	0.0070880094506792675	0.028858324192051303	1.0542853	1.0542853	1.0118992	-1.015733	1.0304749	-1.0261793	-1.0381353	1.0112425	-1.0030273	-1.001769	1.0542853	0.5170291	0.43412492	0.1378925	0.23097499	0.07594011	0.477514	0.88994217	0.91843647	0.04596817			
VEGFA_32415	83785	vegfa	0.005410821643286573	0.024603687195851105	1.0918791	1.0918791	-1.0013785	-1.0026261	1.0424564	-1.0119501	-1.0198478	-1.0273983	1.0175102	-1.0165156	1.0918791	0.9630411	0.9339858	0.20136464	0.7200621	0.5240946	0.31903574	0.6036245	0.5498979	0.027976891			
VEGFB_32839	89811	vegfb	0.005185480654168329	0.024341256247213686	1.0400724	1.0400724	-1.0255066	-1.006539	-1.030908	1.0039655	-1.0121158	-1.0100467	1.0050716	1.0400724	1.0375516	0.2993996	0.76665336	0.0056075114	0.6817256	0.4363798	0.4460707	0.7965522	0.011496631	0.09244859			
VGLL4_10152	297523	vgll4	0.002594292556375973	0.017333958919820668	1.1529382	1.1529382	1.025306	-1.0122615	1.0678798	1.0221858	-1.0111176	1.0325688	1.0584644	-1.0119499	1.1529382	0.5937979	0.7974866	0.114003606	0.57320094	0.81329185	0.3802211	0.28385514	0.8114025	0.0034247066			
VIM_10153	81818	vim	0.04948124501197127	0.10293543670373585	1.0987014	1.0987014	1.0027272	1.0303191	1.0697198	-1.049007	-1.0144916	-1.074511	-1.0519313	-1.0443816	1.0987014	0.95203763	0.46959004	0.13387355	0.4341927	0.8135976	0.14007014	0.20385154	0.43834162	0.106769666			
VNN1_10157	29142	vnn1	7.870916961826052E-4	0.01042891868579942	-1.0960429	1.0960429	-1.0474663	-1.0146677	-1.0960429	-1.031389	-1.022536	1.0259308	1.0021566	1.0812975	1.0857826	0.056479543	0.51706636	0.034763988	0.26470146	0.21698736	0.22284743	0.9269356	0.020155745	0.14707217			
VPS72_10160	310661	vps72	0.01155148376817367	0.03879665002947218	1.1142585	1.1142585	-1.0070976	-1.0133822	1.0688931	1.0116503	-1.0233706	1.0225922	1.0306501	1.0182409	1.1142585	0.86760217	0.80578107	0.11374225	0.7535441	0.5375617	0.50450975	0.39202824	0.7530941	0.03818918			
WARS_33156	314442	wars1	0.0036072144288577155	0.020469726352079293	1.0951377	1.0951377	1.0209624	1.0124744	1.0468076	-1.0280893	1.0005599	1.0226732	-1.0079066	-1.005762	1.0951377	0.43462667	0.72860307	0.11173107	0.43588144	0.9855499	0.5293305	0.83166873	0.87794405	0.0048839427			
WDR43_10168	362703	wdr43	0.003809141940657578	0.020711496314768846	-1.0432274	1.0432274	-1.0432274	-1.0276504	-1.0373825	-1.0062995	1.0046587	-1.0401715	-1.0253819	-1.0136896	1.0252128	0.0064754076	0.056060825	0.025134755	0.75795	0.75797296	0.058654938	0.07523539	0.3540823	0.21519166			
WDR77_32860	310769	wdr77	0.0015955325089748703	0.014071133281668646	1.0943941	1.0943941	-1.0163752	1.0143342	1.0036361	-1.0231627	-1.0415409	1.000935	-1.0848242	1.0098478	1.0943941	0.5546187	0.57473	0.8923008	0.4609832	0.33729658	0.9820417	0.06496292	0.758478	0.012499019			
WFDC2_10174	286888	wfdc2	0.008705975464978234	0.033145841703495375	1.3523948	1.3523948	1.0429424	1.245953	1.125148	1.0467051	1.0932122	1.0190374	1.1535367	-1.0615879	1.3523948	0.59198815	0.006876954	0.1725275	0.74811685	0.35507452	0.9052674	0.25203207	0.7674514	0.005745723			
WIPF2_10177	360620	wipf2	0.004952456418383518	0.02367894062674773	1.4563488	1.4563488	1.0574946	-1.0099759	-1.1024804	1.0965898	-1.0234141	-1.0744731	1.1271895	1.2917044	1.4563488	0.6124196	0.91939634	0.61811286	0.5431814	0.8900249	0.67856437	0.197934	0.017132103	0.008072615			
WIPI1_32665	303630	wipi1	0.03432356483340024	0.07916244143657049	1.0927216	1.0927216	-1.0096172	-1.0525016	-1.0108466	-1.0814964	-1.0782139	-1.0294433	-1.0519749	-1.0640216	1.0927216	0.82911086	0.14916548	0.7900807	0.08684201	0.349343	0.6468571	0.18368936	0.09013925	0.19398975			
XBP1_10179	289754	xbp1	0.007339813529061694	0.029622807334368714	1.1869586	1.1869586	1.0635338	1.0535861	1.100763	-1.0628724	-1.0447284	1.0008428	1.0262485	-1.0080518	1.1869586	0.32722804	0.42592287	0.08145842	0.4843604	0.6498242	0.98685414	0.7278223	0.8996985	0.01302659			
XPNPEP1_10181	170751	xpnpep1	0.011391375101708706	0.03838816440525147	1.0562491	1.0562491	-1.0161797	-1.0157062	-1.0123314	-1.013098	-1.0131783	-1.013025	-1.0530645	-1.0548202	1.0562491	0.48703408	0.50854665	0.60069436	0.549563	0.6370786	0.47528923	0.27810887	0.039447166	0.16584347			
YWHAB_10191	56011	ywhab	0.012899384798571145	0.04096990706221044	1.0946882	1.0946882	1.036233	1.0091326	1.0566751	-1.0055519	-1.032893	1.0322412	1.0163088	1.0094512	1.0946882	0.20056364	0.768341	0.108333334	0.882485	0.4081991	0.2186265	0.5598458	0.820291	0.0660599			
YWHAZ_10194	25578	ywhaz	0.014492753623188406	0.04453539205655288	1.1008042	1.1008042	1.0239899	1.0098472	1.0529319	-1.006276	-1.0207245	1.0063579	1.0042489	1.0009198	1.1008042	0.31979725	0.7482143	0.19640696	0.8390273	0.49925536	0.7642465	0.864371	0.97739416	0.14212838			
ZFAND2A_10197	360772	zfand2a	0.004540967423494571	0.022876843459271892	1.3190277	1.3190277	1.0164763	1.0953984	1.1291232	1.0091023	-1.1045933	1.0636429	1.0852474	-1.0939914	1.3190277	0.89878434	0.31690997	0.20198713	0.9365748	0.40536448	0.5780822	0.46727833	0.4993576	0.0026652222			
ZFP36_10204	79426	zfp36	0.024287434765154558	0.06219952805710314	1.0754614	1.0754614	-1.0087098	-1.0375627	-1.0142972	-1.0446731	-1.0296471	1.0195913	1.0061431	-1.0437135	1.0754614	0.7648424	0.20893744	0.7364985	0.29452062	0.44107655	0.587933	0.8733749	0.34383315	0.15422764			
ZFP451_10207	316312	zfp451	5.911330049261083E-4	0.009340324921578725	1.4826677	1.4826677	-1.0740972	-1.0811157	1.1062056	1.0572592	-1.0232037	-1.1614692	1.1719841	1.1723168	1.4826677	0.51343197	0.7007513	0.35710233	0.59883636	0.7752265	0.34803626	0.18510738	0.07354967	0.02339169			
ZMIZ1_10210	361103	zmiz1	0.008916187834357044	0.03336998363002975	1.095844	1.095844	1.0299321	-1.000725	1.0650797	1.0090836	-1.0234601	1.0263759	1.0541077	1.0062324	1.095844	0.39061007	0.985663	0.10270808	0.8244593	0.5989029	0.38361385	0.097558945	0.8746222	0.0109897			
