Subject Type: In Vivo
Species: Rat
Strain: Sprague-Dawley
Sex: Male
Organ: Spleen
Test Article: Perfluoro-3-methoxypropanoic acid
CASRN: 377-73-1
DSSTOX: DTXSID70191136
Study Duration: 28d
Article Type: Chemical
Article Route: Oral
Article Vehicle: Feed
Administration Means: Dietary
Platform: BioSpyder S1500+ Rat
Provider: BioSpyder

	A1	A2	A3	A4	A5	A6	A7	A8	A9	A10	A11	A12	A13	A14	A15	A16	A17	A18	A19	A20	A21	A22	A23	A24	A25	A26	A27	A28	A29	A30	A31	A32	A33	A34	A35	A36	A37	A38	A39	A40	A41	A42	A43	A44	A45	A46	A47	A48	A49	A50	A51
Doses	0.0	0.0	0.0	0.0	0.0	0.0	0.0	0.01	0.01	0.01	0.01	0.01	0.1	0.1	0.1	0.1	0.1	0.3	0.3	0.3	0.3	0.3	1.0	1.0	1.0	1.0	1.0	3.0	3.0	3.0	3.0	3.0	10.0	10.0	10.0	10.0	10.0	30.0	30.0	30.0	30.0	100.0	100.0	100.0	100.0	100.0	300.0	300.0	300.0	300.0	300.0
A2M_7932	3.5212522	2.6274648	3.80891	3.6123734	3.0976462	3.2937799	4.3270435	4.4428744	3.9386752	3.5005994	3.3796642	1.955242	3.4043794	3.6420867	2.7902486	3.6298745	3.8430977	4.380134	3.4482138	2.8670673	4.191271	3.930203	3.5713751	3.466162	3.7965066	3.861182	4.237673	3.5554237	3.0175493	3.8817208	3.654551	4.4148836	2.9579055	3.548908	2.8479903	3.9091218	3.3054578	4.4899464	3.601796	2.7067823	3.3903556	3.3981557	3.4473767	3.574598	4.458952	4.061858	4.2034826	3.6162026	3.4723492	2.6418855	2.6931777
AARS_7935	6.5265374	5.8137	5.8543806	6.6734376	5.9691224	6.727974	5.9425435	7.2661076	7.047348	6.6469617	6.5047255	6.1007366	6.9414177	6.572501	5.7441587	6.585741	6.4267	6.490604	5.4308844	5.572555	6.6604404	7.1767435	6.426706	6.5562463	6.373022	6.55799	6.4346085	6.9534388	5.9385734	6.5186577	6.8354483	5.954037	6.2954793	6.7100253	5.9512243	6.8688354	6.215553	6.5936136	6.5592546	6.711709	6.289852	6.6512733	5.889598	5.9539766	6.761053	7.050816	6.6483865	6.9902973	6.163751	6.049351	5.8154945
AASS_7936	1.0343287	1.9551042	1.6111797	2.5181563	2.1664994	2.1333084	2.3061843	2.2757223	1.7063249	1.7575232	2.1444392	2.410535	2.534579	2.668917	1.2110108	1.2257426	1.2662693	3.0640168	1.1630801	1.1757872	2.3630009	1.5149852	3.5713751	1.3713186	2.0785348	1.3239917	1.1865652	3.8904636	1.4722159	1.4053764	1.6068331	1.5692585	1.7915226	1.5883089	2.7303865	0.79748124	0.7995354	1.914702	1.920373	0.6909027	1.8915004	1.6063654	0.0	1.8351252	4.6433735	2.6400769	3.0959623	2.305077	2.79505	1.7353235	2.0759077
AATF_32691	4.491038	2.6274648	4.233438	3.5409095	3.9027789	4.2182827	4.3270435	4.633599	4.0740767	4.076771	4.4280906	4.0097504	4.4293513	4.7565928	4.4183564	3.7058477	4.75487	3.9750757	3.9309764	4.219421	4.2964406	3.930203	4.3716435	3.7757409	3.5802486	4.3070445	3.4865618	5.509819	4.2284164	3.8268995	4.512362	3.148948	3.666024	3.9115734	3.2410011	3.978313	4.864956	4.4899464	4.4521384	3.9192204	4.109465	4.4227967	3.3681562	4.3405747	4.3214507	4.6395364	4.374813	4.920435	3.8741343	4.457192	4.038898
ABCB11_33142	2.3764687	1.4470309	0.0	3.5409095	2.498873	3.3901486	2.7904801	2.4882271	3.2170308	2.5266557	2.8046954	1.2862334	2.8407278	2.668917	2.3059688	2.1199853	3.1259208	2.467557	2.7174463	2.4348454	3.21549	2.9657874	3.439704	3.1595235	1.8395665	1.7028205	2.4505796	3.732648	2.5190232	3.516373	1.8983116	1.8573289	2.7090814	2.1193378	2.8479903	1.9826764	3.5068517	2.7094493	1.6270963	2.4060068	3.079476	2.1401448	2.168997	2.6173096	3.2474778	3.5194535	3.1907747	3.9144068	0.67270136	1.1142143	2.0759077
ABCB1B_7939	2.9658844	2.3301039	2.5348177	1.9837908	2.498873	3.6457665	2.3061843	2.6734118	2.2546368	1.3715297	1.8342675	1.955242	2.695759	2.668917	1.8599678	2.5073261	2.87268	1.4325044	2.4162252	2.0523822	2.7061675	2.9657874	3.3690693	2.977701	2.4629142	2.957191	1.1865652	4.633352	2.185535	3.4453578	2.835414	2.7871325	2.2304184	2.942963	1.9328802	2.2296865	2.23349	2.3661232	2.1639853	1.7895929	2.6826673	3.9367666	3.5938523	2.4578679	3.3214757	2.4557507	3.1907747	3.9144068	4.234321	3.0994654	2.8299677
ABCC1_32904	5.912196	4.1447926	5.486725	5.611055	4.9919705	6.551669	6.06096	6.25382	6.455479	5.3180447	5.9676685	5.2902393	6.214919	5.621631	5.4507966	5.8044944	6.052036	5.7153673	5.3888288	5.2770486	6.2002	5.6770825	5.7792363	5.6796823	5.4447303	5.12228	6.0180354	6.518291	5.3018436	6.1117253	5.9940963	4.9313436	5.559454	5.6583595	5.16773	5.9430127	5.0696926	5.3635287	5.7149696	4.9300785	5.5359282	5.9303093	5.302618	4.9916935	6.483319	6.52693	6.190171	6.6616054	5.9023495	5.1201177	5.235095
ABCC3_7941	3.3831434	2.1547542	3.4950655	2.5181563	3.78599	3.7218108	2.9214785	4.1624165	4.3118453	2.5266557	3.8762534	3.4688873	4.861935	4.0279417	3.4412823	3.9123585	2.727169	3.5559726	3.274329	2.9864812	3.6715705	3.2735868	3.0458522	4.1642017	3.7279603	2.002579	4.188035	5.089106	2.3618937	3.7699122	3.4891737	3.7507105	3.9791842	4.5695896	3.8035955	3.8364446	3.409666	3.5947201	4.1465945	2.8365164	3.4806895	4.511696	3.7889702	4.1450377	4.08699	4.12504	5.209795	3.9673057	3.4723492	2.9979472	3.2267935
ABCC5_7942	3.9212615	3.430726	4.1243386	4.31571	3.9578092	3.9912984	3.754334	3.7328856	4.5159154	3.689954	3.8762534	3.1560693	4.4293513	4.0279417	3.822728	3.2782712	3.9778814	3.9221573	3.808712	4.219421	4.0778275	3.870368	4.40733	3.659754	4.2022934	2.462245	4.504222	4.633352	3.8086765	4.745898	4.000245	3.67865	4.138909	3.6291015	3.54955	3.5934687	3.5979016	4.1393185	3.6822517	3.6635237	3.2939854	4.3762045	3.5224726	3.6503172	4.857496	4.2436643	4.009029	4.2494674	3.124777	3.0994654	3.4971662
ABCF1_7945	5.821519	5.003438	5.486725	5.4642606	5.7371435	6.0598774	5.830303	6.310794	6.122113	5.993316	6.044457	5.342337	5.984658	6.3869777	5.6900654	6.195602	6.197265	5.7153673	5.254764	5.751806	5.7598586	6.1743617	6.062716	5.8078284	6.0328856	6.0368085	5.930188	6.1165004	5.822737	6.22206	5.830844	5.1335516	5.4418173	5.639122	5.4540486	5.907975	5.481941	5.835413	5.8775744	5.6479897	5.380353	5.8301597	5.2593656	5.2075934	6.3658257	6.379258	5.953791	6.1114326	4.912108	5.723348	5.1330132
ABCF3_7946	5.3140416	4.8960004	5.0529046	5.0146356	5.018098	5.676124	5.164061	5.9110436	6.025171	5.374341	5.755653	4.74955	5.691541	6.174027	5.472323	5.497581	5.4779043	5.365034	4.7562947	5.2294216	5.4762564	5.7285423	5.4940476	5.0330434	5.333786	5.352082	5.5329905	5.1213093	5.1658335	5.542837	4.9858365	5.186476	4.679086	5.5798206	4.689292	5.2993665	5.0375247	5.545688	5.0457006	4.3685856	5.0376	5.365103	4.88556	5.182308	5.4424524	5.5424905	5.3804197	5.6915917	5.2186785	5.167644	4.722857
ABCG2_32656	4.4221745	4.44079	3.4950655	4.1333776	3.4444587	4.3677835	2.1003423	4.588229	4.890849	3.689954	4.59055	3.7258165	3.4043794	2.668917	4.177517	4.7605286	4.2682877	2.7363515	3.5278807	3.3845623	3.4155223	4.1474395	3.8559678	4.5697336	3.8619432	3.93395	4.0833216	4.8409843	3.681432	4.0822825	3.3023546	3.947525	4.679086	4.528361	2.8479903	3.8364446	4.0488772	4.734754	4.0887313	4.325033	4.368001	3.9367666	4.013831	3.8562014	5.086975	4.061858	4.24826	4.3722343	3.3929877	3.5927947	4.4741917
ABHD4_7950	3.3831434	2.75593	3.80891	3.6804638	3.590906	3.0792744	2.486291	4.2812176	4.5627217	4.26721	4.4280906	3.03466	4.284769	2.668917	2.921244	3.6298745	3.5286222	3.0640168	3.0765762	1.8148876	2.8513174	3.870368	3.5713751	4.0304832	3.016553	3.7845476	3.4865618	4.633352	3.3033986	4.1729927	4.000245	3.4379745	3.7343307	4.6486726	3.6173768	4.2260103	2.23349	2.7094493	3.5165868	2.955541	2.6826673	4.059796	3.7268174	3.7222598	3.9995286	4.12504	4.0601544	4.2061086	3.309005	2.6418855	3.1241014
ABHD6_7951	4.0637107	2.3301039	3.4046404	3.6123734	2.7688293	3.6457665	3.1524212	3.3535717	3.6225116	3.689954	3.1206355	3.03466	3.6602395	4.157383	3.4412823	3.5496771	3.341277	2.608205	3.9309764	3.469012	4.3462834	2.5739944	4.1367245	2.7696137	3.016553	3.6178672	3.312188	3.4579172	3.0175493	3.2918935	3.3987858	3.0381281	3.4392512	3.463993	2.461808	3.5024447	3.1931324	2.3661232	2.1639853	2.5642188	4.109465	2.6899478	3.100484	2.6173096	3.6999757	3.8537915	3.7220852	4.115274	3.124777	3.3671148	3.2755225
ABL1_7952	3.5856457	2.3301039	2.840976	2.5181563	2.498873	3.7218108	3.1524212	4.8794	4.0740767	3.2825825	3.1206355	2.9020875	3.4948025	3.9585884	2.1001348	3.2782712	3.613897	2.9628441	2.7174463	2.73687	3.9546967	4.0961194	3.2164934	3.659754	1.8395665	3.7845476	2.8837204	3.8137126	3.4666753	3.648705	3.8717287	3.4379745	2.8388512	3.548908	3.2410011	2.7875395	2.4444666	3.322457	3.2258344	3.3525324	3.079476	2.9664538	3.1953344	3.6503172	3.6999757	3.9265325	4.5279393	3.742971	3.124777	2.8887413	2.3732097
ACAA1A_7954	2.8657134	3.1790063	3.660505	3.016629	3.2814488	3.9284973	3.255363	3.240815	4.0740767	2.312845	1.8342675	2.5936327	3.579891	3.3487625	3.1521814	4.1484847	3.9778814	2.608205	3.0765762	3.3845623	3.5911667	3.674356	3.439704	2.526371	3.4156697	2.810302	3.2164025	4.2809734	2.7897131	2.8167744	3.4891737	1.8573289	3.1700616	3.548908	2.602338	2.440523	2.6284897	3.9583218	3.3294005	2.5642188	3.9915128	3.4885392	2.7715712	3.574598	4.4257855	4.2995086	2.8853111	3.6162026	3.0230174	3.660804	2.542046
ACAA2_7955	9.15785	8.653528	9.196428	9.076945	8.436476	9.160089	9.034709	8.910792	9.179029	8.630356	9.14556	8.79267	8.99782	9.473205	9.047047	9.04202	9.338688	8.81605	8.919896	9.449572	9.468237	8.892995	9.035177	8.534447	8.949063	8.606128	9.063526	8.571985	8.880307	9.150283	8.440563	8.278713	8.71043	8.857796	8.316912	8.287541	8.764729	8.499206	8.680977	8.622593	9.064981	8.717242	8.634226	8.588413	9.132641	9.517597	8.739097	9.394074	8.631688	8.409171	8.193278
ACACA_32532	4.4221745	4.1447926	5.139562	4.43877	4.4164624	4.913135	4.9037795	5.356178	5.2177176	5.101667	5.586211	4.7876277	5.441677	5.0512457	3.9509327	4.9284973	4.964206	4.0754232	4.4228573	4.358748	5.430776	5.0261497	4.778267	4.96136	4.0975184	4.7312284	4.4630785	6.656562	4.1343675	4.299185	5.188281	5.262392	5.245154	4.862825	3.9685025	5.2993665	4.0488772	4.9111533	5.244279	4.53073	4.368001	5.412049	4.379686	4.7376995	5.5844703	5.234024	5.5509663	5.594049	4.0396147	4.161015	3.6892493
ACADL_32776	3.0595496	2.486432	2.840976	2.5181563	2.3422368	3.0792744	2.486291	3.240815	3.9386752	2.0617402	0.8916533	2.9020875	2.695759	3.2360482	2.921244	3.3745255	2.727169	2.9628441	2.7174463	2.73687	1.911856	3.075847	3.1336944	3.659754	3.3257585	2.250642	3.1138024	4.720022	2.3618937	2.9251404	2.6905363	1.5692585	2.5664744	3.373766	2.1315236	3.188829	2.23349	1.6218852	1.6270963	3.167649	2.6826673	3.8022594	3.100484	1.8351252	3.9064214	3.0834928	3.3635335	3.8024087	1.9892389	2.6418855	2.181963
ACADM_7957	6.5347157	5.753414	6.4137235	6.2714067	5.8864393	6.8767686	6.590291	6.7728844	6.8726068	6.5154557	6.809789	6.4836974	6.6482625	6.9661827	6.2595057	6.5957603	6.825671	6.0718226	6.3715086	6.6047506	6.8878236	6.618139	6.567424	6.240166	6.292243	6.66874	6.74034	7.1843643	6.8175216	6.6107836	6.9352903	6.45238	6.049581	6.6914687	6.0404067	6.424206	6.827338	6.4409714	6.8391695	6.2351427	6.6329236	6.549967	6.494675	6.122976	7.1390524	7.009555	6.7137065	7.320158	5.9722724	6.01078	6.158509
ACADSB_7959	3.9212615	2.486432	4.7565002	4.227422	3.3652549	3.6457665	4.805422	3.1184926	5.666537	3.8573148	4.2449875	3.2680495	3.7363482	4.157383	3.5260668	3.6298745	4.101142	2.608205	3.4482138	4.675457	3.6715705	4.1474395	4.2193546	3.2425063	2.6224735	4.603209	2.6098514	4.5879827	4.5890565	4.0822825	3.0876935	3.6028	3.518869	3.9115734	2.7303865	3.9091218	4.230585	3.7513156	3.5165868	2.7067823	3.794259	3.9367666	3.5224726	3.4100819	4.6999564	4.55028	4.157271	4.837619	3.6871839	2.9979472	3.5376832
ACADVL_7960	6.606305	5.842924	6.3178754	6.5423455	6.084889	6.690615	6.3671117	6.842162	7.195787	6.451473	6.695383	6.0855327	6.815492	6.736862	6.2595057	6.6448383	6.539979	6.3170004	6.3715086	6.081841	6.610324	6.609014	6.5193105	6.5317087	6.3504004	6.4750743	6.335504	6.71048	6.389032	6.569636	6.6519628	6.2559094	6.581642	6.8166146	5.883969	6.6100855	6.5705943	6.777901	6.3535185	6.099553	6.3146253	6.621621	5.91769	6.162304	6.8260503	6.8597245	6.5886993	6.7772207	5.798389	5.888464	5.903389
ACAT2_7961	3.3831434	3.5770385	4.3348646	2.5181563	3.9578092	4.627056	4.504718	4.2230396	4.46754	4.4354167	4.6408772	4.2468877	3.3079073	4.836087	4.177517	3.846752	4.716825	3.6886325	3.274329	3.469012	4.3462834	4.503106	4.003165	3.7189126	4.7084904	4.603209	4.136628	5.3007517	4.1343675	3.648705	4.2273164	4.7321486	3.8619456	4.201141	3.4035087	3.7599108	3.409666	4.021211	3.89976	3.7970295	4.6662955	4.059796	3.4473767	2.4578679	4.4913726	4.3532715	3.9560254	4.656197	3.4723492	3.5927947	3.0698776
ACBD3_7962	1.8561494	1.4470309	1.6111797	2.5181563	3.0976462	1.8913333	3.255363	3.240815	3.789237	2.312845	3.4935977	3.03466	3.093146	2.0223966	1.8599678	2.6678994	2.87268	2.467557	2.035052	2.2562509	3.3189702	2.846633	3.2164934	2.526371	2.7661297	2.250642	3.4020078	4.2809734	2.6607075	2.1035776	2.6905363	3.2518594	2.2304184	2.6671908	2.461808	3.0670605	1.986288	3.1074347	1.2585819	2.0255485	2.9589396	3.4885392	3.1953344	2.2785902	3.1694782	2.8034983	3.0959623	2.9556122	1.4762079	1.9678794	0.9744036
ACD_7963	4.556763	4.5861354	4.9607077	4.6906743	4.492976	4.913135	5.314686	5.089356	5.600775	5.2890506	5.61167	4.710439	4.7923274	5.178702	4.699605	4.6104794	5.784175	4.34035	4.7890005	4.811058	5.2850423	4.7220345	5.3908668	4.6928782	5.082471	4.7312284	5.0950236	5.485284	4.848004	5.0865026	4.954449	4.835181	4.5711703	4.6486726	4.689292	4.9662747	4.710304	4.8431597	5.134172	4.870734	5.7508497	4.7857018	4.496046	3.7222598	5.3393598	5.815758	4.1095295	5.0730395	4.7622647	4.602612	4.038898
Ace_34123	2.0511916	1.7233189	1.2448933	2.5181563	1.1131065	2.82721	2.1003423	2.4882271	3.43397	2.5266557	2.3995826	1.955242	2.534579	3.2360482	2.1001348	2.1199853	2.5653183	1.9380654	0.6957044	2.0523822	3.21549	2.0344265	3.2164934	1.8659643	2.2834883	0.80882925	2.7532747	2.673195	2.185535	2.2771995	1.2411588	2.6430998	1.7915226	2.506633	1.7024508	2.7875395	1.3109689	2.9865744	1.920373	2.0255485	2.8274064	1.8978021	2.168997	2.760871	1.8069959	3.0834928	2.6385555	2.9556122	2.524174	1.1142143	1.3829705
ACLY_7965	6.6140447	5.4457965	6.941704	6.7936034	6.03458	6.9497395	6.8425846	7.090139	7.3303685	6.4902024	7.052202	6.7860312	6.8840175	6.921321	6.2718344	6.555259	7.2553296	6.595723	6.15022	6.185315	7.024219	7.249009	6.988504	6.260219	6.6104846	6.839458	6.7489243	7.0652637	6.6744776	6.4477577	6.8093696	6.7882338	6.688806	6.604878	5.7693796	6.8869424	6.4289827	6.693533	6.5592546	6.4930153	6.652489	6.7998805	5.5379915	6.3781085	6.8387055	7.6212316	6.893601	7.596874	6.4550314	6.0619826	6.1906257
ACMSD_32377	1.0343287	0.6557987	1.9030463	0.66999	0.66134334	2.6824741	1.2111645	0.82250994	1.3270301	0.8429578	0.0	0.0	1.2447265	0.82019544	2.3059688	2.326616	1.9300845	1.0927255	2.238191	0.7045007	1.251849	0.69538784	1.353526	1.8659643	1.8395665	0.0	1.8287144	6.034322	0.0	0.0	1.2411588	1.2089423	1.7915226	1.8781195	1.0890009	0.79748124	0.7995354	0.0	1.920373	2.0255485	2.133485	2.6899478	0.0	0.71545935	4.043922	2.4557507	3.4427273	3.1511896	2.190403	2.1681004	1.8370861
ACO1_7966	5.7247577	4.0970764	4.3348646	5.0407763	4.7008195	5.597565	4.545916	5.815846	6.3121667	4.487393	5.3941865	3.802208	6.3782372	5.455364	4.6626306	5.3155656	5.628945	5.0067945	4.7562947	4.8430567	4.9074078	4.941451	4.5736127	5.471834	5.1096663	4.360822	4.8616695	6.051136	5.11749	5.0629745	5.480403	4.867953	4.961487	6.4698462	4.750989	5.5242486	5.481941	4.734754	5.5316825	4.3685856	5.2579675	5.914093	4.9684715	5.3506517	5.189336	5.7166843	6.6145825	6.3190174	5.471383	4.9402447	4.9196486
ACO2_7967	3.3087924	2.6274648	3.5801554	3.6804638	3.4444587	2.82721	4.1777725	3.8139515	4.0079637	3.3957052	3.8762534	3.7258165	3.4043794	4.7968874	2.921244	1.8787316	3.5286222	2.854038	3.603377	3.469012	3.6715705	3.5271246	3.5713751	3.7757409	2.896768	3.3250225	3.1138024	4.222796	3.3033986	3.2918935	3.5742307	3.2518594	3.594322	3.0633094	2.306097	3.405289	1.986288	3.322457	2.9933162	3.0654895	3.079476	4.117587	2.8897388	3.1216903	4.043922	4.2436643	4.157271	4.0183334	2.3669193	3.5214198	3.4971662
ACOT2_7969	2.515188	2.1547542	2.9727023	2.6598237	1.7338829	2.1333084	2.7904801	2.98483	2.6509938	2.8777032	3.1206355	2.410535	2.3531	3.1137757	2.7902486	3.0640497	2.5653183	2.1369452	2.574683	1.1757872	1.251849	2.0344265	1.620029	2.526371	1.1950403	3.21252	2.7532747	2.8372862	2.6607075	2.1035776	2.835414	3.0381281	1.7915226	2.942963	2.306097	2.7875395	1.687787	2.3661232	2.715985	1.5073531	1.8915004	3.087079	2.7715712	2.0738304	3.3918626	2.9502776	2.6385555	1.4272856	1.7554088	2.8887413	2.4600961
ACOX1_7973	4.312294	3.6449819	4.7194676	4.9332466	4.335662	4.777175	5.0541315	4.761728	5.0306005	5.067926	4.6895075	4.072788	5.1942897	4.5362835	3.606144	3.9751108	4.897746	3.7506518	3.808712	4.525776	5.0940313	4.652685	4.981338	4.399368	3.9845338	4.7312284	5.0950236	5.089106	4.4397717	5.132438	4.786373	4.6211877	4.2826996	4.927684	3.6173768	4.387344	4.2864017	4.9760866	4.6249356	4.4519343	3.7220223	4.511696	4.064967	4.0917125	5.9537015	5.234024	4.9364076	5.1436863	3.8741343	3.8474822	3.7933116
ACSS1_32386	5.3329234	5.0290923	5.551373	5.4834476	4.965361	5.7323575	4.2789826	6.3246927	6.4049973	5.60358	5.800622	4.628886	6.3175907	5.4803224	5.1098804	5.5806437	5.544581	5.174556	4.8522673	4.74485	5.3103766	5.5870137	5.1593204	5.4013505	5.4232135	4.9920144	5.27221	6.3787317	4.4785657	5.688329	5.6069136	4.6961017	5.5966268	6.207889	4.557369	6.2809315	5.276778	4.69673	6.142214	4.641398	5.4265413	5.8811035	4.94136	5.745358	5.976785	6.257653	6.7838216	6.1114326	4.995071	5.213654	4.687281
ACSS2_7977	3.1475024	1.9551042	3.3081667	3.016629	2.6401563	2.9587402	3.0415661	3.7328856	4.0079637	2.7128305	3.4935977	1.6591743	3.2045193	3.5507815	2.7902486	2.5073261	3.0048497	2.9628441	2.238191	2.2562509	3.21549	4.0429063	3.0458522	2.7696137	2.0785348	2.462245	2.271517	4.390731	3.4666753	2.9251404	3.3987858	3.2518594	3.4392512	2.6671908	2.9567258	3.188829	1.3109689	3.5095499	2.5543716	1.7895929	3.190714	2.834815	2.168997	1.8351252	3.9064214	3.2054403	2.994478	3.6162026	3.2198298	2.6418855	3.3683043
ACTA1_7978	2.222978	1.4470309	3.0934007	0.66999	1.9663466	1.8913333	3.0415661	1.7248423	2.6509938	2.312845	2.3995826	3.1560693	1.9028349	3.2360482	1.8599678	1.8787316	2.5653183	1.4325044	1.7985483	1.5304413	3.1040103	1.5149852	2.210754	2.0614784	2.896768	3.3250225	0.7119802	2.2755182	1.126302	2.2771995	2.3481333	2.4830763	1.7915226	1.8781195	1.4280888	3.0670605	1.986288	1.2540979	2.5543716	2.5642188	1.2357911	1.2407571	1.4586725	3.0111494	2.5845437	2.4557507	2.8853111	2.305077	2.190403	1.9678794	0.9744036
ACTA2_33040	6.9741974	6.724361	6.9735074	6.9740024	6.3648815	7.479704	7.0924416	7.229637	8.082603	7.168625	6.925969	6.9793935	6.36631	6.992445	6.891083	6.6544566	6.8434362	6.972741	7.2380357	6.2222815	7.843182	7.164339	6.934493	7.2657337	7.1712856	7.595877	7.746495	7.546424	6.6320896	7.0896597	6.8695025	6.9652514	6.6539617	5.714579	6.2684813	7.222562	6.0641093	7.201011	5.825383	6.938169	7.3895483	6.6512733	6.240409	5.5013885	7.661278	6.975675	6.5173182	6.3190174	6.025869	5.723348	6.5586777
ACTC1_32706	3.2304003	2.6274648	2.145686	1.9837908	2.1664994	2.9587402	3.255363	3.8907034	3.43397	2.5266557	2.3995826	3.3719604	2.9724503	2.0223966	3.606144	3.2782712	3.5286222	2.854038	3.4482138	2.8670673	2.7061675	2.846633	2.7448034	2.7696137	2.2834883	3.526701	2.0670378	4.0988913	2.5190232	3.1201398	2.835414	2.7871325	2.4082093	1.8781195	2.461808	2.6244397	3.7643874	0.7592324	2.9933162	2.228283	2.3406515	2.9664538	2.168997	3.1216903	2.806924	3.6105773	2.3407063	2.4607615	3.124777	2.1681004	2.6195898
ACTN1_7980	6.718251	5.857317	6.015816	6.4958606	6.302471	6.8431134	6.6387014	7.329517	7.5201993	6.5402746	6.9157853	5.9907813	7.157526	6.948405	5.9422774	6.5654917	7.116115	5.9045763	6.0322375	6.4780216	7.0619984	6.7233543	6.934493	6.6041036	6.81433	6.4380264	6.903008	7.4355354	6.1930237	7.0057654	6.7094994	5.859426	6.6801734	7.299606	5.9772725	6.631723	6.229858	6.508376	6.4018397	5.7503176	6.6717925	7.1916366	6.4376125	6.5948305	6.657714	7.5307994	7.1974864	7.778051	6.3951945	6.4364724	5.978897
ACVRL1_32420	6.3149147	5.607789	6.2284446	6.2603254	6.18053	6.9497395	6.343939	6.405385	7.0798926	6.146649	6.558081	6.188742	7.17814	6.817421	6.196231	6.392369	6.572298	5.776272	5.6425376	6.305022	6.896214	6.124007	6.8066974	5.4370227	6.985585	6.1014194	6.265438	6.802728	6.294354	6.6026473	6.323825	5.1602564	5.938147	6.8420753	5.6120234	6.599144	5.3308682	5.886978	6.4714165	5.49918	6.6621733	6.791028	5.755941	6.297975	6.491356	7.212276	6.697652	7.268401	6.1517467	6.283086	5.8956165
ACY3_32489	4.5885363	4.2791452	5.5301437	5.2344184	4.9106236	5.2830663	4.7359157	5.056417	5.8663282	4.487393	5.4232335	4.9306216	5.167048	5.868474	4.9655514	4.9598656	5.359435	4.34035	4.8522673	5.2770486	5.645067	5.1819463	5.6210594	4.7507205	4.9682536	5.32528	5.1736393	5.382743	4.182158	5.399914	4.2789087	3.947525	4.533327	5.408621	4.689292	4.7850432	4.4902925	4.9760866	5.3710546	4.641398	5.5147047	5.1876035	4.7358174	4.1450377	6.408894	5.4954453	5.3804197	5.936764	4.824082	5.1201177	4.410165
ADAM10_7983	4.556763	3.9436586	4.233438	4.43877	4.061947	4.704067	4.9037795	5.056417	5.063521	4.8470116	4.59055	3.9438322	4.71919	5.0512457	3.9509327	4.5291653	4.8633313	4.5291295	3.7434611	3.9523666	4.8041854	5.253958	4.4761596	4.1642017	4.518643	4.9221873	4.892988	5.2138186	4.316707	4.3389096	4.922364	4.4148836	4.0876074	5.188101	3.54955	5.1574078	4.172522	4.021211	4.4973164	4.325033	4.051694	4.8209195	3.905777	4.385582	5.086975	4.8782954	4.7926564	5.659805	4.55913	4.5676084	4.066853
ADCY4_7988	2.8657134	2.6274648	3.4046404	2.1847157	2.7688293	3.2937799	2.486291	3.240815	4.0079637	3.0256517	3.4935977	2.410535	4.0060377	3.4533052	1.2110108	3.6298745	3.4379885	1.9380654	1.5155233	2.4348454	2.3630009	3.5271246	2.5023503	3.1595235	2.6224735	1.3239917	2.7532747	4.0988913	1.4722159	2.6996026	3.3023546	2.097342	3.594322	4.1476912	2.7303865	3.5934687	2.23349	1.914702	3.3294005	2.7067823	2.6826673	3.3981557	2.9989562	3.224361	2.321526	3.9957814	4.33385	4.115274	3.0230174	2.6418855	1.7010021
ADH5_7991	7.0673413	6.6352963	7.064915	6.8164806	6.9164796	7.5014415	7.398262	7.287555	7.759998	7.0612564	7.330391	6.8323083	7.0272436	7.6332603	7.2990685	7.089737	7.543118	7.054927	6.8612056	7.2002873	7.587461	7.1006656	7.3738923	7.0349603	7.125388	7.1758413	7.4839463	7.390001	7.2006397	7.0779696	7.1374836	7.313405	6.7642584	7.2305923	6.409075	6.841242	7.3238764	6.908398	6.7672157	6.769714	7.336104	6.9898014	6.6617837	6.623295	7.425765	7.2693243	6.843408	7.5325108	6.4647675	6.677157	6.738897
ADI1_7994	5.621037	5.003438	5.1945705	5.0146356	4.529763	5.1789985	5.7444243	5.3829937	5.789699	5.2594614	5.6854568	4.5863132	4.8275514	6.1892443	4.6626306	4.6874537	5.359435	5.4793434	4.245692	5.1291738	5.6648445	5.4709396	5.4773555	4.469946	4.997667	5.32528	5.1479073	6.000093	5.2126093	5.542837	4.8559704	4.9313436	4.932704	5.6196246	4.591498	5.0328393	5.7829185	5.3141537	5.321673	4.7441783	5.768889	5.160365	5.145197	4.7025595	5.303291	5.3443384	5.5147715	5.507401	4.9402957	5.0457573	4.994332
ADIPOQ_32429	2.3764687	5.706487	1.9030463	1.9837908	1.4566294	1.8913333	3.3514462	2.8375075	1.7063249	1.7575232	2.1444392	2.200775	2.1454625	0.82019544	2.921244	4.5291653	2.1742368	1.0927255	0.6957044	1.1757872	2.1549919	1.1626221	1.0263795	1.3713186	2.0785348	0.0	1.5430765	3.6467555	0.0	1.0698712	3.8029058	0.0	2.4082093	3.7050712	3.2410011	1.3080859	1.986288	2.547975	0.76239324	0.6909027	2.5217707	4.6745768	5.46372	3.8562014	2.7000144	3.2054403	5.7034664	4.837619	2.6659598	2.9979472	2.3732097
ADK_32788	4.898422	4.4785223	4.8957977	4.7552466	4.6348104	4.9765935	5.2413383	4.8020277	5.5781703	4.806665	4.990539	4.628886	5.273059	5.4803224	4.6246834	4.724454	4.897746	4.213959	4.88289	4.9049997	5.4074864	5.0533123	4.9574633	4.806333	4.8442106	4.603209	5.2958355	5.8544292	5.189411	5.1548686	4.675246	4.6961017	4.8427405	4.927684	3.6821575	4.4856753	5.4083815	4.4899464	4.91861	4.7107253	5.2579675	5.1326027	4.827514	4.0917125	5.5693636	5.51916	5.2976284	5.542687	4.6300673	4.457192	4.9196486
ADM_33168	2.6417313	2.75593	3.2047765	1.750284	2.3422368	3.3901486	2.9214785	3.240815	3.43397	2.5266557	2.8046954	2.9020875	3.8774855	2.9801729	3.0413287	2.6678994	3.341277	2.3117008	1.1630801	2.73687	3.5060158	3.6026177	3.2164934	3.1595235	2.7661297	2.957191	2.7532747	3.963337	3.1192565	2.5720668	2.967061	2.9180818	2.9579055	3.8459697	3.1523242	2.9340591	2.6284897	3.1074347	3.7584567	2.5642188	3.079476	3.1983922	1.1148349	2.760871	3.2474778	3.6105773	3.1907747	3.9144068	2.524174	2.1681004	1.7010021
ADRB2_7997	6.7676616	6.2981243	6.342441	6.428158	6.4632497	6.996413	6.7309055	7.081979	6.988566	6.477408	6.9157853	6.271686	6.973221	7.1010284	6.4121017	6.892521	6.603909	5.944928	6.3387465	6.2934885	6.827684	6.65407	6.6590886	6.572376	6.737957	6.2795177	7.1627474	7.0652637	6.666099	6.25358	6.700068	6.5464854	6.4858265	6.8670945	6.622177	6.5770087	6.8083987	6.8315244	7.095702	6.187299	6.92605	7.136792	6.567409	6.705466	6.8196807	6.793202	7.374547	7.13604	6.6296344	6.7015796	6.391893
ADSL_32625	4.8202896	4.0970764	5.419044	5.11647	4.376628	5.676124	4.9351296	5.873715	6.122113	4.9616933	5.7783127	4.402222	5.418762	5.504856	4.8386974	5.020627	5.2833834	4.598228	4.0436835	4.9049997	5.383815	5.3880205	5.7655525	4.96136	4.597604	5.0586166	4.829656	7.0061293	5.0926967	5.7485633	5.2412624	4.867953	5.245154	5.3387933	4.591498	5.5009246	4.9011602	5.587848	4.9835544	4.410862	4.913356	4.8209195	5.4053946	4.5127454	5.7676907	5.737051	5.4200993	5.7829556	4.55913	4.765924	4.8081384
AEBP1_33321	2.0511916	2.1547542	1.9030463	0.66999	2.1664994	1.8913333	1.8601638	2.4882271	2.9615965	0.0	1.8342675	1.955242	2.9724503	3.1137757	1.8599678	2.8123772	2.1742368	2.854038	2.7174463	1.1757872	2.8513174	3.3631423	2.3639069	3.0714748	2.4629142	2.6467445	2.0670378	2.2755182	1.751022	2.9251404	2.5294693	2.097342	1.5091133	3.1743853	1.7024508	1.9826764	2.7916732	2.1579974	2.1639853	1.7895929	1.8915004	2.6899478	2.642854	2.4578679	2.5845437	1.3192296	3.9560254	2.305077	2.3669193	2.7705867	2.8299677
AEN_7998	3.0595496	2.6274648	1.9030463	2.788815	2.6401563	3.9912984	3.1524212	3.240815	3.0949595	2.8777032	2.8046954	3.3719604	3.7363482	3.3487625	2.6461606	2.8123772	2.5653183	2.7363515	2.4162252	2.0523822	3.3189702	0.69538784	3.3690693	3.0714748	2.7661297	2.002579	3.2164025	4.7614803	2.6607075	3.3706653	2.967061	3.6028	3.1700616	2.6671908	0.0	3.188829	3.5979016	2.3661232	3.6822517	3.3525324	2.9589396	2.3475738	2.7715712	2.8914306	2.906455	2.8034983	3.4427273	3.239858	3.3929877	2.8887413	3.2267935
AGL_8002	0.6079388	0.0	2.145686	0.66999	2.1664994	2.6824741	0.7291152	1.3431008	3.3295743	1.7575232	1.8342675	0.0	2.3531	1.3398731	1.2110108	2.1199853	3.0048497	1.7073178	1.5155233	1.1757872	1.6192706	2.4155526	2.0393906	2.7696137	2.2834883	2.250642	2.8837204	6.2535663	2.3618937	1.9061652	1.8983116	1.5692585	3.2654822	2.811656	1.0890009	1.6844561	1.687787	1.6218852	2.372343	0.0	1.6005821	3.4885392	1.4586725	3.1216903	3.2474778	2.9502776	3.5177994	3.9144068	3.6871839	3.3671148	1.550732
AGMAT_33108	2.0511916	1.1049913	1.9030463	2.361048	2.1664994	2.82721	2.1003423	3.1184926	2.814638	1.7575232	2.3995826	2.756088	2.3531	0.82019544	2.3059688	2.326616	2.1742368	1.7073178	0.6957044	2.73687	2.7061675	1.1626221	2.3639069	2.2336307	1.5530008	1.7028205	2.0670378	4.0988913	1.4722159	1.6773919	1.6068331	1.5692585	2.0275967	2.942963	2.9567258	1.9826764	2.23349	1.2540979	0.0	2.0255485	2.5217707	2.1401448	1.968738	1.1915702	3.857513	2.4557507	2.3407063	2.8468895	1.7554088	2.1681004	1.8370861
AGRN_33146	3.8704717	2.6274648	4.1243386	3.5409095	2.7688293	3.9284973	2.6463878	4.2812176	4.608057	3.1598291	3.4935977	2.410535	4.3827486	3.7279556	2.1001348	3.6298745	3.2376134	2.854038	2.8473456	2.4348454	4.0778275	3.987655	3.6920276	3.7189126	3.016553	3.93395	3.2164025	4.916335	3.3033986	3.9345353	4.000245	3.3479161	3.7995486	4.1476912	2.602338	4.2260103	1.986288	4.349968	2.8613043	1.7895929	3.6459768	3.87108	3.2843316	3.4100819	4.128809	3.8537915	4.5279393	3.6809788	3.8144693	3.5214198	3.2755225
AGTR1A_33175	2.8657134	0.6557987	1.2448933	2.5181563	1.4566294	2.6824741	3.3514462	2.0264177	3.2170308	0.8429578	1.4386133	1.955242	2.3531	2.2714932	2.6461606	1.2257426	2.5653183	1.7073178	2.238191	2.73687	2.7061675	2.0344265	3.0458522	2.6531126	1.5530008	2.250642	1.1865652	3.1182652	1.126302	1.9061652	2.1406834	1.2089423	1.157626	2.506633	1.7024508	1.6844561	1.3109689	2.3661232	1.6270963	2.5642188	1.8915004	1.6063654	2.642854	1.1915702	2.7000144	3.0834928	1.4554178	2.130537	1.4762079	0.0	1.550732
AGXT2_32707	1.0343287	1.1049913	0.752753	2.1847157	1.4566294	2.82721	1.2111645	2.6734118	2.6509938	1.7575232	2.616312	2.410535	1.9028349	1.7211257	1.8599678	1.5888703	2.382989	2.1369452	1.5155233	1.5304413	1.911856	0.69538784	2.3639069	3.0714748	1.5530008	2.250642	1.8287144	5.1213093	2.185535	1.0698712	1.8983116	2.097342	2.0275967	2.1193378	1.4280888	1.3080859	2.4444666	1.6218852	2.8613043	1.7895929	2.6826673	2.5288935	2.168997	1.5489385	5.930243	2.9502776	2.7672026	2.7293007	3.3929877	1.7353235	2.181963
AHNAK_32407	8.117457	7.7409987	8.438491	7.9511266	7.591807	8.792372	8.424675	8.800738	9.0759115	8.139441	8.360102	7.9653835	8.664473	8.870499	7.59238	8.422286	8.331504	8.049492	7.597821	7.85048	8.458989	8.373808	8.201852	8.109005	7.807906	8.1746025	8.703936	8.710732	7.7958326	8.252389	8.832432	8.026318	7.6108937	8.412978	7.7903852	8.5024395	7.98176	8.52113	8.35564	7.670421	8.4840975	8.47622	8.4152565	8.235817	8.775931	8.891842	8.652212	8.861156	7.930551	7.5981984	7.590058
AHR_32572	7.1548347	6.0324235	6.9735074	6.831533	7.3764424	8.143725	7.511782	7.806448	7.9168506	6.9819484	6.4772887	6.8323083	7.2770114	7.599486	7.1928577	7.0095644	7.805769	7.054927	7.0551825	7.187882	7.375778	7.712257	7.836687	6.7459583	7.3642926	7.2128677	6.977944	7.2293816	6.3477182	7.532346	6.9904923	6.5260973	7.0520935	7.572313	6.4745464	6.6844378	6.864487	7.4151883	6.8215146	6.6424303	7.595629	6.9898014	6.4376125	6.213127	7.4341283	8.041276	7.13924	8.0381365	6.5677385	6.8762355	6.747559
AHSG_8003	2.3764687	4.44079	0.0	6.031787	4.7944946	5.095705	1.5718547	2.0264177	5.1881685	4.9616933	0.8916533	3.8747573	5.691541	1.3398731	0.72900796	0.7393115	3.7706692	5.5852566	0.0	0.7045007	6.329737	2.5739944	7.206743	4.7220893	1.8395665	0.80882925	4.2856593	3.5554237	0.6703802	0.0	1.2411588	4.801648	1.157626	1.2252613	5.1217613	3.3011148	1.3109689	0.0	0.0	5.12044	1.2357911	0.7498454	2.642854	1.5489385	3.1694782	5.2624035	1.7325498	1.4272856	1.1296852	2.1681004	1.7010021
AIF1_32886	10.204792	9.87151	9.90793	9.842866	9.741274	9.888846	10.2214985	10.013793	10.508084	9.938476	10.43108	9.736117	10.447163	10.60861	10.001022	10.449833	10.081016	9.646197	10.236335	10.139486	10.197049	10.023529	10.053643	10.339314	10.137118	9.76872	10.418215	10.613682	10.190573	10.02131	10.709501	9.901711	10.015354	10.716681	10.121031	9.618937	10.07281	9.776641	10.430117	9.87785	10.47765	10.466939	10.186057	9.864044	9.817281	10.269008	10.569625	10.531726	9.838959	10.128226	9.515102
AIMP2_8006	6.5828347	5.7988634	6.5675106	6.0447617	5.9283733	6.690615	6.580411	6.4441	6.6522646	6.028826	6.491072	6.400136	6.342156	6.6841288	5.7617483	6.2087183	6.6142936	6.4996624	6.0185122	6.4471254	6.7183695	6.504642	6.5986304	6.299508	6.219211	6.4992547	6.4452114	6.8419075	6.1813126	6.586236	6.286501	6.4738297	6.062924	6.284176	6.124396	6.508489	6.171765	6.664277	5.595401	5.7503176	6.5309067	6.5181336	5.608626	5.6563377	6.657714	6.7637253	6.373142	7.1302524	6.222318	6.261345	6.0988326
AK2_33292	5.9975095	5.5200467	6.0310087	5.593502	5.46058	6.350779	5.8955054	6.310794	6.6737456	5.9195614	6.1697245	5.9743667	6.075366	6.451506	5.671574	6.086145	6.2778664	5.9970326	5.695252	5.6649623	6.437141	6.3268414	6.400383	5.8613224	5.5477486	5.9341187	5.820445	6.6232166	5.680236	6.4202456	5.666238	5.875632	6.165445	5.431165	5.3581843	6.3214383	5.981976	5.387597	6.0236945	5.8147144	6.3146253	6.038989	5.692317	5.7104063	6.1287875	6.4049435	6.190171	6.445586	6.1151233	5.888464	5.6123476
AKAP8_8008	6.6140447	5.8137	6.867475	6.533168	6.0599537	7.1556883	6.6195316	7.048869	7.296151	6.798668	6.5711174	6.324446	6.8587003	7.3716784	6.5090203	6.4264517	7.0178437	6.406412	6.600651	6.3613453	6.7278023	6.971351	6.8720098	6.774124	6.428072	7.0005903	6.2773547	7.2513742	6.5525045	7.135496	6.690574	6.7535777	6.55356	6.8251514	5.924697	6.674048	6.55931	6.4524264	6.73928	6.0198464	6.6717925	6.6898847	6.1003623	6.0961485	7.005126	7.5767236	6.942106	7.2736616	5.9993196	6.407072	6.3639984
AKAP8L_8009	6.370801	6.2443814	6.7252746	6.5423455	6.0971966	6.4768324	6.774888	7.0737724	7.239658	6.3143096	6.99531	6.054635	6.8501616	6.8655777	6.6384335	6.7016096	6.5616055	6.347424	6.4245105	6.372351	6.640602	6.6629148	6.535527	6.611928	6.772401	6.5111947	6.7993827	7.1919656	6.496899	7.3254466	6.2481856	6.5864177	6.688806	7.377126	6.34049	6.3214383	7.0613093	6.866197	7.0660214	5.8303742	7.019423	6.1539288	6.877379	5.9539766	7.0655904	6.52693	7.4721556	7.1244416	6.8084917	6.407072	6.391893
AKR7A2_8014	5.2157383	4.6862755	5.0529046	5.1648126	4.9919705	5.231971	5.5556183	5.1530595	5.531871	5.480744	5.271771	4.74955	5.1392817	4.5362835	4.5044594	4.8964314	5.1753125	4.9013753	4.1482205	4.74485	5.4536953	5.5493507	5.4940476	5.228918	4.8114586	5.7244716	5.930188	5.0561676	4.6582794	5.262071	4.8895493	3.8848567	4.7794886	5.049259	4.624838	5.1272597	5.1011596	4.877557	4.8153596	4.676478	5.0376	4.1731524	4.827514	3.7907844	5.8943233	5.3443384	4.666361	5.275379	4.522309	4.207234	4.888658
AKR7A3_8015	3.5856457	3.8314943	1.9030463	2.788815	2.1664994	2.1333084	1.8601638	2.4882271	3.43397	3.8573148	2.8046954	4.0097504	2.695759	2.2714932	2.3059688	3.2782712	2.1742368	2.7363515	2.4162252	1.5304413	3.5060158	2.846633	3.2947974	3.0714748	1.5530008	3.0904965	1.5430765	2.2755182	3.2142637	3.4453578	2.6905363	1.8573289	3.06788	2.1193378	1.9328802	3.3011148	2.23349	0.7592324	2.5543716	2.955541	2.8274064	2.5288935	2.8897388	2.760871	4.3214507	2.6400769	0.66064256	1.4272856	2.9135318	2.1681004	2.542046
AKT1_8016	6.9681716	6.349937	6.648548	6.7307625	6.510028	7.0997834	7.0572557	7.4485416	7.428404	7.1923075	7.042875	6.506709	7.590685	7.317309	6.609583	7.0095644	7.2285404	6.6698227	6.5054603	6.4881754	7.113281	7.139206	7.2855635	7.0291286	6.978226	6.7814837	6.633138	7.342982	6.7635655	7.060254	7.1374836	6.085249	6.5345297	7.329916	6.214753	7.0803127	6.5015254	6.7222075	6.6914845	6.2814507	6.942038	7.3016872	6.447281	6.585216	7.1339273	7.648367	7.349077	7.4184136	6.6122193	6.7255964	6.288844
AKT2_32310	2.0511916	2.6274648	3.3081667	3.302455	1.4566294	2.82721	2.3061843	3.240815	3.0949595	2.0617402	2.8046954	3.03466	2.695759	2.9801729	2.6461606	1.8787316	3.613897	2.3117008	0.6957044	1.5304413	3.3189702	2.2375386	2.5023503	2.6531126	2.7661297	2.810302	3.003343	0.8223982	1.751022	2.2771995	2.967061	2.9180818	2.7090814	2.506633	1.4280888	4.107471	2.6284897	2.8546557	2.715985	3.2630503	3.190714	3.3981557	2.168997	3.3202078	2.7000144	2.8034983	1.7325498	1.9319366	1.1296852	3.0994654	0.71652496
ALAD_8017	4.1082306	4.950719	4.9920993	4.817053	4.293499	5.095705	1.5718547	5.4351754	5.095707	4.99798	5.3342767	4.74955	4.0060377	2.2714932	3.1521814	4.8964314	4.101142	5.1970053	2.7174463	2.73687	4.0175753	5.5493507	4.6351066	5.0095425	4.2519593	4.9920144	3.9704094	3.1182652	3.8086765	4.37757	4.000245	2.6430998	4.679086	1.8781195	3.8035955	5.797447	3.0713174	4.734754	3.4260273	5.4391656	4.4597015	2.834815	2.168997	3.1216903	5.086975	1.9966261	0.66064256	2.305077	2.6659598	2.7705867	4.51535
ALAS1_8018	4.4221745	3.5057364	4.3830233	4.58805	3.9578092	4.586952	3.8229792	4.390976	4.1978536	4.586044	4.308639	4.4504933	4.5182695	4.8742495	3.822728	3.9123585	4.5537415	3.7506518	4.197779	4.065186	4.7680693	4.5798335	4.4761596	4.1642017	4.2519593	4.6471567	4.136628	4.2809734	4.1343675	4.034695	3.8029058	3.947525	2.8388512	3.9743235	4.207318	4.281817	3.8409395	4.4447794	4.255792	4.085053	3.9287112	4.059796	3.4473767	3.9787574	4.930251	5.0509176	4.6329803	4.8089223	3.4723492	4.1132665	4.0942764
ALAS2_8019	9.327495	9.9641905	9.478579	9.809045	10.069516	9.79735	9.197073	9.177163	9.032924	9.406928	9.154249	10.174578	9.889006	8.955279	9.73549	9.038351	9.481672	9.871388	9.635579	9.6312	9.534235	9.219571	9.632477	9.587105	9.622504	9.518147	9.023403	8.949174	9.297295	9.513529	9.596789	9.210837	9.675432	8.772086	9.477493	9.927435	9.032931	9.06709	9.388332	10.120867	9.315651	9.855849	9.648214	10.362459	8.769337	9.677622	9.70163	8.716082	9.915499	9.702569	9.042079
ALB_8020	5.3329234	7.120156	1.6111797	8.645867	7.111103	7.7801437	4.3270435	4.952833	7.770005	7.7234006	2.8046954	6.1007366	7.7733903	2.4838471	1.2110108	0.7393115	6.2647414	8.318801	3.0765762	0.7045007	8.768718	4.8514686	9.633419	7.3709154	4.150857	1.3239917	7.03521	1.342945	1.126302	3.208571	1.6068331	6.744782	0.6919362	2.942963	8.051721	5.547202	2.6284897	3.4190342	1.920373	8.211767	0.0	2.1401448	4.1621037	0.71545935	4.3918386	8.166692	4.33385	3.5483809	3.75223	4.012749	5.0088153
ALDH1A1_8022	2.0511916	1.4470309	2.145686	2.6598237	1.4566294	1.2356595	0.0	3.3535717	2.9615965	2.8777032	2.1444392	1.955242	2.3531	1.3398731	0.0	2.326616	2.1742368	2.854038	1.7985483	2.0523822	1.911856	1.1626221	2.7448034	2.2336307	2.0785348	2.810302	3.312188	2.4880157	2.185535	0.63191724	2.1406834	2.3030627	0.6919362	1.5883089	1.0890009	1.9826764	0.7995354	2.9865744	1.2585819	2.0255485	1.6005821	1.2407571	1.968738	0.0	5.1694365	2.9502776	2.4973037	2.6012702	2.3669193	2.6418855	2.3732097
ALDH3A2_8024	4.3498583	1.7233189	3.9434626	3.9246213	3.590906	4.777175	4.068923	4.8794	4.890849	3.689954	3.2559555	4.0097504	4.2331653	4.947674	3.7540836	3.846752	4.1590357	4.2573314	3.274329	3.6243875	4.572536	4.788203	4.2589602	3.7189126	3.7279603	4.2511845	4.136628	3.963337	3.4666753	3.2918935	4.1182437	4.323325	3.518869	3.9743235	4.019533	4.167958	3.5979016	3.8236685	4.1465945	3.3525324	4.165012	4.3762045	3.4473767	3.1216903	4.780875	4.682175	3.5891576	4.4109397	3.8741343	3.660804	3.6154559
ALDH6A1_8027	3.8178284	3.5057364	3.80891	3.7454848	3.9027789	4.777175	3.754334	4.988194	4.8155456	3.5983813	4.484301	4.133186	4.642146	3.8089995	4.326787	4.6874537	4.3199596	4.34035	3.6751187	3.7646446	4.244814	4.54198	4.3716435	4.5697336	4.5586634	4.069322	5.0118756	4.336896	4.182158	4.299185	4.3768673	4.174075	4.0344143	4.528361	3.8035955	4.2260103	4.5823607	4.69673	4.4521384	3.7970295	4.4597015	4.6745768	4.114353	4.196462	5.8068614	5.145374	4.666361	4.3722343	3.75223	4.1132665	4.147608
ALDH7A1_8028	6.295794	5.174117	5.691824	5.836704	5.639539	6.58259	6.2473373	6.554375	6.834967	6.552526	6.13503	5.5994325	6.1186676	6.6624837	5.4507966	6.3095646	6.3417563	6.00977	5.4100094	5.6102314	6.792158	6.3814483	5.896882	5.8078284	5.9145064	6.2079625	5.97478	6.132389	5.0156536	5.7921443	6.3360543	5.630295	5.4003725	6.085316	5.7693796	5.97722	5.3830037	6.24412	5.8075576	5.479451	5.577462	5.9934106	5.958828	5.727988	7.2941213	6.9054303	6.155328	6.5271287	5.7829065	5.674832	5.184957
ALDOA_32991	7.3712206	6.8734264	7.232	7.389562	7.282565	7.8152823	7.6831384	8.064272	8.362717	7.4692893	7.8307037	7.2623196	7.8736906	8.079523	7.11288	7.7131886	7.814802	7.0853305	7.007342	7.2002873	7.939692	7.782927	7.4613743	7.204956	7.3642926	7.3653607	7.534472	8.194611	7.493633	7.739471	7.811708	7.411145	7.1922555	7.905863	7.0662775	7.2577763	7.3171926	7.554583	7.6195664	7.1712303	7.4744453	7.841346	7.301834	7.4824905	7.810071	8.578594	8.063832	8.196069	7.3130517	7.25191	7.108584
ALDOA_8031	8.346095	7.7293086	8.217266	7.9372773	7.8535943	8.694327	8.385493	8.847218	8.895696	8.256397	8.620524	8.065641	8.9366255	8.624034	7.904918	8.430707	8.469459	7.7973742	7.6742163	7.8661366	8.807045	8.416273	8.437994	7.825867	8.2813635	8.144256	8.057609	8.846961	8.04879	8.290875	8.580776	7.593662	8.175078	8.888668	7.8373623	8.439424	8.075833	8.219754	8.315212	7.8072805	8.25371	8.74042	8.004904	8.211025	8.81007	9.13378	8.91777	9.03384	7.7788143	8.101824	7.3860536
ALDOB_8033	4.923553	5.6247144	4.7194676	6.4575634	5.320635	5.8386474	4.771087	5.5579247	5.4840364	5.649928	4.4280906	5.2634673	5.3954773	3.885732	4.326787	4.2534776	5.407996	5.4233203	4.542772	3.892466	6.471236	4.422068	6.9647484	5.505825	4.518643	4.069322	5.787493	4.6773376	4.8773336	4.4876986	4.1738105	5.4687614	4.413449	3.7772398	5.8278112	4.335545	4.9011602	4.617537	3.9655392	5.992268	4.165012	4.7857018	3.9608154	3.8562014	9.030166	5.675068	4.5638094	5.096975	5.702899	4.7964797	4.687281
ALOX15_8036	7.937941	7.812914	7.479104	7.851269	7.7637987	8.48387	6.550358	6.3922462	6.6843677	7.5989823	6.8316207	8.374814	8.173151	7.564902	7.392358	6.9869027	7.6828814	7.4455376	7.329807	7.352545	6.9292955	7.139206	7.396265	7.3048744	8.3399515	7.460799	7.354937	6.554121	7.415812	7.8773723	7.6149697	6.903365	7.905656	6.320858	7.2159886	8.270401	6.9619737	7.043295	6.662028	7.6962895	7.9832754	7.952705	7.6835613	8.54939	6.9536977	7.8060913	7.1510787	6.6854815	8.267379	7.9739885	6.7984667
AMACR_8038	5.767024	5.2415056	5.508598	6.057621	5.7682643	6.074454	5.927034	6.0513897	6.2420006	5.716773	5.6612782	5.8539143	5.273059	6.0461383	5.4067554	5.855422	5.9895873	5.6021767	5.827076	5.628707	6.186583	5.9324865	6.2995367	5.925515	5.6986556	6.0532346	6.0321703	6.0173087	5.8525796	5.609318	5.8983774	5.758172	5.632866	5.8036685	5.144929	5.569796	5.839987	5.3390527	5.8945603	5.5378456	5.577462	5.8473415	5.2811537	5.5417137	6.3745427	5.8535585	5.8986783	5.489429	5.307923	5.2361207	4.650806
AMBP_33085	1.6305549	2.6274648	1.2448933	4.51534	1.9663466	2.340468	2.1003423	1.3431008	2.2546368	2.5266557	0.0	1.6591743	2.3531	0.0	0.0	1.2257426	2.382989	4.1692424	0.0	1.1757872	4.244814	0.0	4.604687	3.466162	0.0	0.0	2.0670378	0.8223982	0.0	0.63191724	0.0	1.8573289	0.0	0.0	2.461808	0.79748124	0.0	2.3661232	0.0	4.2801247	0.7463577	0.0	0.0	1.1915702	0.99974865	2.6400769	1.1120816	1.4272856	1.9892389	1.1142143	1.550732
AMDHD2_8039	3.5212522	2.9829214	3.2047765	3.4657202	2.6401563	3.7218108	3.8885062	3.6469922	3.2170308	3.1598291	3.9579256	3.1560693	3.3079073	4.0279417	3.0413287	4.035247	3.6944115	3.4847689	3.274329	3.7646446	3.4155223	3.3631423	3.2947974	3.1595235	3.8619432	3.6178672	4.136628	4.222796	3.4666753	3.7699122	3.8029058	2.6430998	3.06788	3.373766	3.54955	3.188829	3.9136333	3.322457	3.601796	2.228283	3.7220223	3.573593	3.7268174	2.760871	3.857513	4.061858	3.657152	3.477213	2.524174	3.4463294	3.3226593
AMPD1_32743	1.6305549	0.0	1.9030463	1.125733	1.1131065	2.521582	1.5718547	0.82250994	0.811001	1.3715297	2.616312	0.0	2.1454625	0.82019544	1.8599678	2.326616	2.727169	1.0927255	0.0	0.7045007	0.0	0.69538784	1.620029	2.2336307	1.5530008	0.80882925	1.8287144	5.892247	1.751022	0.0	1.8983116	1.2089423	2.8388512	1.8781195	1.0890009	0.79748124	0.0	3.322457	3.1142545	1.5073531	1.6005821	2.1401448	1.4586725	1.1915702	3.2474778	2.6400769	3.4427273	3.323391	2.190403	2.3438904	1.193102
AMY1A_8041	2.0511916	0.6557987	1.6111797	3.2133267	2.3422368	3.7218108	1.2111645	1.3431008	2.2546368	2.0617402	2.3995826	1.6591743	3.093146	0.82019544	1.8599678	1.5888703	3.1259208	2.7363515	1.7985483	0.7045007	3.6715705	0.0	3.7487695	2.526371	1.1950403	0.80882925	2.0670378	4.720022	1.751022	0.0	2.3481333	2.097342	1.157626	1.2252613	2.7303865	2.2296865	1.3109689	2.3661232	0.76239324	3.6635237	3.3903556	3.1983922	1.968738	2.0738304	2.7000144	3.3178785	2.6385555	3.1511896	2.9135318	3.194307	2.181963
AMY2A3_8042	0.6079388	0.6557987	3.9434626	1.4715443	1.9663466	2.521582	0.0	1.7248423	0.0	3.1598291	0.0	2.9020875	1.9028349	2.2714932	2.3059688	1.5888703	3.0048497	1.0927255	2.035052	1.5304413	1.251849	0.0	1.8448938	0.6126101	1.5530008	4.2511845	2.6098514	4.8017797	1.4722159	0.63191724	3.3023546	1.2089423	0.6919362	2.6671908	0.6449023	2.7875395	1.3109689	2.3661232	1.920373	0.6909027	2.9589396	3.3017287	1.4586725	1.8351252	3.6999757	3.0834928	2.7672026	3.402351	1.7554088	2.7705867	1.7010021
ANKRD10_8048	4.679861	3.8314943	4.474771	4.43877	4.335662	5.007306	4.8717327	4.2230396	5.459511	4.63295	4.59055	4.8961797	4.642146	4.9830303	4.5857115	4.5703955	4.716825	4.5291295	3.7434611	4.710571	4.7680693	4.8820906	4.8317766	4.325158	3.7279603	4.360822	5.0118756	4.8791513	4.4397717	4.989997	4.8559704	4.867953	4.0344143	4.989752	4.019533	4.2260103	4.4902925	4.3981524	4.541123	3.3525324	4.4597015	3.9367666	4.253111	3.0111494	4.08699	4.6395364	4.5279393	4.4853687	4.3648396	4.5317335	3.951628
ANLN_32599	5.767024	5.3267236	5.6530704	6.0830007	4.9919705	5.4710727	4.124374	6.378986	5.9031687	5.2292533	5.4232335	5.7026887	5.486443	5.0175414	5.38422	5.715404	5.2833834	5.5155187	4.3805633	4.778334	6.0428376	6.2700863	6.231486	5.694496	5.5477486	5.183252	4.2856593	6.5775223	5.06747	5.688329	5.480403	4.7321486	5.8330407	5.106409	4.974355	6.3478246	4.112024	5.566922	4.4055	5.8303742	5.768889	5.365103	4.603718	4.870279	5.7274275	5.205075	4.880614	5.3960495	4.730334	5.167644	4.9196486
ANO10_8049	4.872845	4.0970764	5.0823727	4.552153	3.78599	5.356469	4.8717327	5.5579247	5.4840364	4.586044	5.3342767	4.3005457	4.642146	5.504856	4.6626306	4.6104794	5.027739	4.598228	4.5806265	4.065186	5.151234	5.1318603	4.3716435	4.325158	4.150857	4.8859644	4.621049	5.713668	4.316707	4.654402	5.1049714	4.6211877	4.961487	4.759719	3.744154	4.664262	4.7505484	4.943985	5.134172	4.4519343	4.8469768	4.985162	4.703909	4.591692	5.2089643	5.4218693	5.209795	5.3766255	4.522309	4.636787	4.431824
ANXA1_33262	7.0673413	6.4577694	6.753027	6.408216	5.9145303	6.8345757	6.766198	6.79302	7.135137	6.691958	6.8743167	6.472052	6.66783	7.1010284	6.539932	6.7827854	6.603909	6.677826	6.715693	6.5669293	7.4910483	6.7233543	6.567424	6.14631	6.7204223	6.810762	7.360549	7.0652637	6.0586553	6.689717	7.116367	6.6059766	6.1777625	6.7553983	6.0649066	6.5431557	6.6578255	7.145634	6.5804033	6.1251726	6.7002726	6.6803284	6.670065	5.8772664	7.3482285	6.9927144	6.8287406	7.5325108	6.2895975	6.0619826	6.488069
ANXA2_32713	5.621037	5.4457965	5.3480306	5.211588	5.018098	5.80408	6.017685	5.089356	5.956723	5.555693	5.865552	5.511153	5.2472773	6.248558	5.3380656	5.4541845	5.359435	5.4422374	5.4917545	5.1548963	5.8831687	5.5301437	5.372929	5.288715	5.401371	5.212798	5.9150124	5.9650326	4.9342623	5.5257273	5.317256	5.186476	4.873356	5.6583595	5.1217613	5.7187586	5.4083815	5.587848	5.7712326	4.9007115	5.6178336	5.2143373	5.8168774	5.1303673	5.8943233	5.4218693	5.091904	5.507401	4.995071	5.2582426	4.934898
ANXA4_32944	5.423794	5.1969314	5.6530704	5.4834476	5.320635	5.637379	6.017685	5.9829226	6.365942	5.555693	5.7783127	4.9971323	5.904452	6.127387	5.614634	5.6969066	6.0672345	5.365034	5.3888288	5.751806	6.266422	5.9757214	5.9821806	5.4370227	5.6251745	5.703811	6.402324	6.391992	5.745313	5.861975	6.0545535	5.551788	5.4212437	5.903786	5.5086517	5.4036627	6.156869	5.9690237	5.7712326	4.9007115	5.657106	6.2731543	5.6594205	5.438705	5.780866	5.908464	6.3005886	6.4823976	5.916608	5.536863	5.3533087
ANXA5_32426	6.6217427	6.5403695	6.8589864	6.6481547	6.599266	7.1488175	7.480249	7.065519	7.350516	6.7029915	6.9055295	6.2445645	6.36631	7.186926	6.666719	6.3456354	6.92912	6.4630823	6.4245105	6.8048563	7.1971626	6.8292937	6.8462386	6.429159	6.6293993	7.1683207	7.2439356	6.962355	6.4586015	6.586236	7.0731835	6.4844356	6.189976	6.663179	5.723948	6.8688354	6.4777474	6.8227243	6.493882	6.5125604	6.9179897	6.570805	6.870209	6.1362047	6.9938545	7.283241	6.498907	6.7919593	6.3746843	6.099226	6.1256604
ANXA7_8051	4.273725	4.620293	4.1799192	4.227422	4.0108175	4.741084	4.5859704	4.7202697	4.5159154	4.487393	4.6408772	4.2468877	4.4744954	4.4878764	4.699605	5.240919	4.6375866	4.1692424	4.4639463	4.0098786	4.693005	4.1474395	4.604687	4.601519	4.597604	4.069322	4.583148	5.243382	5.1418643	4.1283503	5.0760975	4.4148836	4.5711703	4.8292685	4.48659	4.57773	4.5370607	4.1393185	4.8153596	4.53073	5.0376	4.888876	4.88556	4.7376995	4.857496	4.9498415	4.5638094	5.4341297	3.986536	4.378588	4.51535
AP2M1_8054	7.7221665	7.267534	8.044623	7.8768888	7.6004786	8.297636	8.058962	8.408965	8.395409	7.7765913	8.037394	7.948675	8.044336	8.298817	7.741667	7.632754	8.103553	7.634213	7.4420257	7.6969843	8.389371	8.05901	8.236984	7.2457576	8.123551	8.057351	7.354937	7.929533	7.9556136	7.9270887	7.8505893	7.3659735	7.521904	7.8102007	7.2749314	8.23196	7.6925826	7.967701	7.63481	7.7048106	8.094743	8.17313	7.285757	7.7467694	8.086962	8.6501465	7.807497	8.630523	7.635321	7.6946325	7.380495
AP3M1_32866	6.718251	5.426621	6.1331015	6.2491584	5.9283733	6.238766	6.6481915	6.5064015	6.9971113	6.240506	6.186764	6.14541	5.9208536	6.884399	6.2218747	6.437636	6.5616055	5.9045763	6.098971	6.305022	6.5897794	6.4027247	6.5193105	5.962703	6.0186086	6.0368085	6.7574573	6.518291	6.2501945	6.1789336	6.1267276	6.21828	6.102228	6.4698462	5.7988915	6.0432925	6.352598	6.4060497	5.9924784	5.7666883	5.9849267	5.6848	6.0631185	5.637855	6.458935	6.6065707	5.9672465	6.4823976	5.873403	5.518651	5.704206
APBB1IP_33101	4.996422	4.235737	4.8278294	4.9050636	4.9106236	5.6176095	4.9351296	5.356178	5.789699	4.72242	4.6895075	4.402222	5.3718104	5.37779	4.699605	3.9123585	5.544581	4.8456287	4.7890005	4.9643927	5.814001	5.5301437	5.4940476	4.8859277	5.3105354	5.3783946	4.0833216	5.485284	4.848004	4.9648266	4.468596	4.5009766	4.713336	5.2902904	4.019533	5.326156	4.4902925	4.5762477	5.1902757	4.3685856	4.5871716	5.7773514	4.338716	5.0487723	5.266297	5.961356	5.400396	5.7072268	4.522309	5.1440763	4.5553665
APBB2_8056	3.4538498	2.3301039	3.80891	3.5409095	3.5195398	3.8628378	4.068923	4.677585	4.1978536	3.3957052	4.1085844	3.1560693	4.4293513	3.8089995	3.7540836	3.7780194	3.9778814	3.5559726	3.3638895	3.69622	3.747729	4.0429063	3.803364	3.7757409	3.12715	3.7036133	3.9104564	5.1213093	3.5418694	4.654402	4.0604506	3.5227396	3.9791842	4.1476912	3.3245418	2.440523	3.409666	5.068315	4.357303	2.5642188	3.6459768	3.6539102	3.5938523	3.0111494	4.357074	3.9265325	4.453407	4.161406	3.4723492	3.8474822	3.0135357
APEX1_8058	6.8486166	6.1539984	6.833217	6.3571205	6.3648815	6.727974	7.437103	7.081979	7.030796	6.9545126	7.097957	6.4484763	6.752741	7.109052	6.560178	6.908686	6.945663	6.490604	6.270903	6.8048563	6.9292955	6.971351	6.9035897	6.3187585	6.6665006	7.0505357	7.0491786	6.689154	6.7156553	6.929756	6.4529676	6.871397	6.2954793	6.790696	6.1589465	6.3991923	6.936033	6.6444383	6.611556	5.7503176	6.443758	6.6803284	6.305643	5.983554	6.7342114	6.9584317	6.8865366	7.5714726	6.025869	6.3256097	6.3297977
APOA1_33150	4.8202896	5.641444	2.696003	7.7519155	5.721328	6.7999096	3.8885062	3.6469922	6.630459	6.6122684	3.3796642	5.2361894	6.567225	1.7211257	2.7902486	2.5073261	5.3839197	7.1442804	2.4162252	2.593747	8.010961	4.244908	9.089734	6.572376	4.346438	2.462245	6.5569725	3.6467555	1.9845754	3.710581	2.5294693	5.775549	2.8388512	2.1193378	6.9979415	4.167958	3.409666	2.3661232	2.372343	7.0359554	2.133485	1.6063654	3.4473767	2.0738304	3.3918626	6.932174	4.33385	4.0183334	4.188052	3.3671148	3.9213243
APOA2_33095	1.8561494	3.7719631	1.9030463	5.18839	4.4164624	4.704067	1.8601638	2.6734118	4.694665	2.7128305	2.9712968	3.4688873	4.642146	1.7211257	2.7902486	1.2257426	3.0048497	3.5559726	1.7985483	1.5304413	5.2850423	1.7979587	6.138993	4.537232	2.4629142	1.3239917	4.136628	6.405131	3.1192565	1.4053764	2.1406834	3.7507105	3.666024	3.7772398	4.2506785	2.440523	2.23349	1.2540979	3.3294005	4.185883	3.794259	2.6899478	1.968738	1.8351252	4.1694503	5.1145706	3.9009998	4.3324614	1.9892389	3.3671148	2.4600961
APOC1_8063	3.5212522	5.674332	1.2448933	7.3742247	5.995663	6.238766	3.255363	3.6469922	6.756607	5.6725554	3.1206355	4.670239	6.524933	2.4838471	2.3059688	0.0	5.359435	6.836386	1.1630801	1.8148876	7.269992	2.4155526	8.05771	6.209554	3.3257585	2.002579	6.2290864	4.222796	1.9845754	2.1035776	3.1990128	5.3108706	2.9579055	3.277517	6.2578945	4.107471	3.3054578	2.9865744	2.372343	6.578956	1.6005821	1.6063654	2.642854	1.5489385	3.9995286	6.6925106	3.4427273	3.6809788	3.3929877	3.660804	3.7594514
APOD_33207	0.0	1.4470309	2.353332	1.4715443	1.1131065	2.340468	0.0	2.2757223	1.3270301	1.3715297	1.8342675	0.0	0.0	0.82019544	2.1001348	1.2257426	1.9300845	1.9380654	2.4162252	0.7045007	0.75764817	1.1626221	2.0393906	2.2336307	0.7178737	0.80882925	0.7119802	5.272352	1.751022	2.1035776	1.6068331	0.0	3.3549814	3.0633094	1.7024508	0.79748124	1.687787	2.1579974	2.1639853	1.5073531	2.6826673	2.834815	2.7715712	1.1915702	2.906455	1.3192296	2.7672026	3.323391	2.190403	2.5005684	1.7010021
APOE_8064	8.444871	7.856554	8.847491	8.535294	7.587451	9.30619	9.685949	8.839977	8.025269	8.442352	9.744853	8.014378	8.294551	8.879909	7.485284	8.669994	8.84945	7.70641	8.554218	8.872763	8.265311	9.596024	9.078711	7.2607656	8.254202	8.603342	8.1118555	8.242978	9.328156	8.247179	7.9374332	9.039819	7.2043476	8.924863	8.439087	7.894324	8.42572	7.829576	7.5937977	7.6440797	7.610711	8.905363	8.102973	7.615959	8.882141	9.440521	9.694569	9.889034	8.337942	7.9435945	8.261394
APOH_32855	2.3764687	3.430726	1.2448933	5.8807855	4.159071	4.945213	2.1003423	0.82250994	4.1978536	4.4354167	0.0	3.5597103	4.4744954	1.3398731	2.3059688	0.7393115	3.2376134	5.174556	0.0	0.0	5.625015	2.7167444	6.738287	4.36274	2.2834883	1.3239917	4.136628	3.5554237	1.126302	0.63191724	2.1406834	3.8848567	1.157626	2.811656	4.8101554	2.6244397	2.23349	3.6751416	0.76239324	5.459449	1.2357911	0.7498454	2.168997	1.5489385	2.4590204	4.9843264	3.3635335	2.130537	1.9892389	2.5005684	2.542046
APP_8067	7.0388746	6.1185894	6.957693	6.738769	6.0599537	7.2803755	6.412369	7.952346	7.7898145	6.86893	6.9659996	6.188742	7.43381	7.084846	5.779126	7.031875	6.852237	6.677826	5.990664	5.8177023	7.1347127	7.4308834	6.6883936	7.2951884	6.552206	7.1907663	7.0561123	7.4672027	6.294354	7.349956	7.245164	6.3860507	6.5345297	7.1782427	6.4280863	7.103727	6.453571	7.6169925	6.830369	6.0198464	6.3747582	6.8603735	6.5937657	6.286155	7.4752336	7.09882	7.5412583	7.13604	6.3746843	6.70963	6.1906257
APPBP2_8068	6.4933534	6.0196834	6.5465193	6.1684704	6.0473228	6.755372	6.7921124	6.917466	6.8157725	6.162722	6.659214	6.6987977	6.546234	6.902978	6.4985676	6.4815254	6.852237	6.1429257	5.842738	6.3390794	6.7278023	6.627206	6.452557	6.1245966	6.4388347	6.7814837	6.586008	7.048614	6.2724433	6.429475	6.286501	6.363245	5.9525566	6.1947727	5.9901223	6.334692	6.6257286	6.358133	6.184263	5.992268	6.4660435	6.406645	6.1003623	6.0549483	6.5152025	6.98422	6.413019	6.835292	5.9858594	6.074504	5.686296
AQP9_32709	1.0343287	1.1049913	1.6111797	2.788815	0.0	1.6004289	1.5718547	1.7248423	2.2546368	2.7128305	2.1444392	2.5936327	1.9028349	0.82019544	1.8599678	1.2257426	2.727169	0.6474369	1.1630801	1.1757872	2.9831893	1.1626221	2.628664	2.3874133	0.7178737	0.80882925	1.8287144	2.9846053	2.7897131	2.1035776	2.3481333	1.8573289	3.06788	2.325943	2.306097	1.9826764	1.687787	2.8546557	2.1639853	2.7067823	2.6826673	1.8978021	1.7361305	1.5489385	2.99956	2.2443757	2.7672026	2.8468895	1.4762079	3.0994654	1.7010021
AR_32869	1.8561494	2.486432	2.696003	2.361048	1.1131065	3.8628378	2.7904801	4.4428744	4.1978536	3.1598291	3.5991883	2.410535	3.4043794	2.8329227	2.6461606	3.6298745	2.1742368	2.9628441	2.238191	1.5304413	3.1040103	2.846633	2.5023503	2.6531126	2.896768	3.429383	3.5664334	3.3533397	2.3618937	1.0698712	3.1990128	2.9180818	3.06788	3.1743853	2.306097	2.440523	3.5068517	3.1074347	2.5543716	2.4060068	2.3406515	3.3017287	3.2843316	3.1216903	4.2089777	4.12504	3.7220852	3.323391	3.2198298	2.3438904	2.4600961
ARCN1_8074	7.0388746	6.5403695	7.171588	7.1937838	6.9709997	7.2866488	7.415036	7.229637	7.5495443	7.0526567	7.097957	7.082549	6.900652	7.5765224	7.0640936	6.7200475	7.4418044	6.6125216	6.790283	6.9877315	7.457424	7.526058	7.271109	7.017394	6.8550754	7.2201605	7.4100995	7.2730365	7.240687	7.179921	7.158295	6.972804	6.6539617	7.0012155	6.4374986	7.1191278	6.9272814	7.159679	6.681732	6.6861176	7.071224	6.7550635	6.251488	6.641964	7.5463943	7.582363	7.0151787	7.642314	6.831249	6.7015796	6.6539054
ARF1_32413	9.952723	9.368691	9.866185	9.787978	9.741274	10.079754	10.190982	10.092061	10.253742	9.780789	10.065869	9.602307	9.850995	10.261582	9.678752	9.676507	10.223495	9.621513	9.58293	10.033413	10.434467	10.005389	10.139038	9.57114	9.913287	10.087579	9.966055	10.030593	9.963266	9.974788	9.774673	9.663492	9.344961	9.64224	9.052066	9.869423	9.829157	9.460807	9.576391	9.411559	9.994408	9.739882	9.289596	9.516182	10.193639	10.266382	9.585374	10.284495	9.591502	9.371972	9.494023
ARFIP2_8077	2.222978	2.6274648	2.9727023	3.1183274	3.2814488	3.2937799	3.4415276	3.6469922	3.9386752	0.8429578	3.7896788	1.2862334	3.2045193	4.2761607	2.7902486	1.5888703	3.0048497	2.467557	2.238191	3.6243875	0.75764817	2.846633	3.0458522	2.7696137	2.7661297	3.21252	2.7532747	4.032706	2.3618937	3.516373	2.6905363	2.6430998	4.0876074	3.7772398	1.9328802	1.9826764	1.986288	3.1074347	3.1142545	1.7895929	3.190714	1.6063654	1.968738	2.0738304	2.99956	3.3178785	3.3635335	3.6162026	2.6659598	1.9678794	2.542046
ARG1_33267	1.8561494	3.8314943	1.6111797	3.9246213	2.1664994	4.0514793	2.3061843	2.4882271	4.365632	3.1598291	0.8916533	1.955242	3.4948025	2.0223966	1.2110108	0.0	3.0048497	4.7272253	1.1630801	1.1757872	4.3944616	1.1626221	5.0506797	3.9830067	1.8395665	2.462245	3.9704094	1.724663	1.126302	0.0	1.2411588	3.5227396	0.0	1.2252613	3.2410011	1.9826764	2.9382603	1.914702	2.1639853	3.6635237	0.7463577	1.6063654	2.642854	2.0738304	1.8069959	4.4551363	1.7325498	1.0883236	1.9892389	1.1142143	1.8370861
ARHGAP1_8078	4.457017	3.9436586	4.7194676	4.6906743	3.590906	4.5032363	4.8389583	4.761728	5.3570137	4.206481	4.8691278	4.133186	4.71919	4.8742495	4.6626306	4.4867225	4.897746	4.1692424	4.245692	4.710571	4.572536	4.6877766	4.8833723	4.1209917	5.0264926	4.5578804	4.5442247	5.0224595	4.4785657	4.6855497	4.636216	4.5009766	4.454525	5.078117	4.4121585	4.8964896	4.2864017	2.7094493	4.742178	3.5163915	4.627276	4.8209195	3.9608154	4.03634	4.458952	5.145374	5.091904	5.254248	3.75223	4.161015	4.038898
ARHGAP11A_8079	5.5092783	4.620293	5.1673284	5.645533	4.938252	5.4034085	4.8717327	5.6042423	5.884866	5.067926	5.6612782	5.2634673	5.1942897	5.5760493	4.871472	5.4760456	5.407996	4.5640926	4.688572	4.935002	5.899955	5.761857	5.7237034	5.454533	5.1883054	5.0907993	4.7969165	5.9290986	5.1658335	5.733739	5.1332793	4.9313436	5.3358836	5.362447	4.591498	5.326156	5.1011596	5.387597	4.8153596	5.5755024	4.880548	4.7857018	4.9950824	4.9016037	5.4424524	5.4954453	4.8518867	5.577131	5.2861238	5.1908326	4.934898
ARHGAP30_32923	7.5269146	6.8082457	7.1987505	7.2508845	6.977672	7.891348	7.9633656	7.6931567	8.106494	7.4031777	7.670347	7.248734	7.595802	8.226902	7.256277	7.1923447	7.663011	7.4266644	7.324239	7.6297846	7.9151316	7.673393	7.7628465	6.7810807	7.67767	7.43596	7.4839463	7.315409	7.4208007	7.484443	7.3453627	7.4166937	6.747829	7.478018	6.5717797	7.506412	7.60749	7.449892	7.4110994	6.6335316	7.3719525	7.6342134	6.670065	6.856974	7.5386586	7.8535	7.6537147	8.104579	7.2068343	7.3113074	6.815044
ARHGAP9_32400	3.970324	3.6449819	5.1112504	4.1811657	4.0108175	4.164796	5.2413383	4.633599	4.3118453	4.586044	3.7896788	4.1911564	4.284769	4.4878764	4.6626306	4.2534776	4.596273	3.8101146	3.808712	4.8430567	4.693005	4.291279	4.6351066	3.466162	4.7084904	4.069322	4.3770947	5.355927	4.4397717	4.3389096	4.2789087	3.7507105	4.454525	4.927684	4.2927747	4.4856753	4.6689043	4.194934	4.850604	3.3525324	4.368001	5.365103	3.3681562	3.4946837	4.2474513	5.1755333	4.5638094	5.3167343	4.3648396	4.6701713	3.9813085
ARHGDIB_32723	9.020467	8.081637	9.603248	9.21822	8.900489	9.759513	9.347374	9.190507	9.007772	9.198597	9.868805	8.450941	9.335716	9.694641	9.526301	8.83768	9.638711	8.788595	9.1098585	9.343115	9.914777	9.291201	9.462661	7.9939632	8.907052	8.953258	9.14708	9.694367	9.3081045	9.238253	8.580776	8.784861	8.52763	9.733499	9.3449745	9.134243	9.729483	8.964816	9.025521	8.562914	9.336969	9.502939	8.833544	8.692824	9.54832	10.02686	9.143446	9.937065	9.287153	9.088432	9.008239
ARHGEF12_8080	4.679861	3.1790063	3.8777544	4.477563	4.492976	4.812385	3.8229792	5.056417	5.158002	4.143083	3.1206355	4.4504933	5.1392817	3.885732	4.278726	4.724454	4.6375866	4.34035	3.808712	3.469012	4.530035	4.8820906	4.6648974	5.0330434	4.7779455	3.93395	4.4630785	5.1213093	3.8683236	4.590013	4.3768673	4.0652423	4.454525	4.794913	4.2506785	4.999941	3.5979016	4.771802	4.255792	4.6054435	3.9915128	4.888876	3.3681562	4.591692	5.1694365	4.9498415	4.8225756	4.9731174	4.730334	4.5317335	4.1990376
ARHGEF2_8082	1.6305549	1.9551042	0.752753	1.4715443	1.9663466	1.8913333	0.7291152	2.98483	2.4663844	0.0	2.8046954	0.78194916	2.8407278	2.668917	1.5716753	2.8123772	1.9300845	1.7073178	1.5155233	0.7045007	1.251849	1.5149852	2.210754	2.0614784	2.6224735	1.3239917	3.4865618	3.963337	1.751022	2.2771995	2.835414	0.7275637	2.4082093	2.325943	1.9328802	1.9826764	1.3109689	1.914702	3.2258344	1.156129	2.133485	3.087079	1.968738	1.5489385	2.4590204	2.6400769	3.5177994	2.9556122	2.3669193	1.7353235	0.9744036
ARL1_32616	2.6417313	1.7233189	2.9727023	3.386396	1.7338829	2.9587402	3.6822586	3.9635777	2.9615965	2.312845	3.4935977	2.9020875	3.4043794	4.2761607	3.0413287	3.3745255	3.1259208	2.854038	3.603377	2.8670673	3.1040103	3.2735868	3.0458522	2.2336307	2.896768	2.250642	3.003343	5.089106	3.3033986	3.2918935	3.4891737	3.3479161	2.5664744	3.1743853	1.9328802	1.6844561	2.7916732	4.5337424	3.3294005	2.4060068	4.051694	3.7299907	3.5224726	2.6173096	3.3918626	2.4557507	2.6385555	3.402351	3.124777	3.194307	3.0135357
ARL11_32961	2.0511916	1.9551042	1.6111797	2.1847157	1.1131065	3.1905103	2.1003423	2.2757223	2.4663844	1.7575232	3.2559555	2.410535	2.695759	2.2714932	2.7902486	2.1199853	2.382989	1.4325044	1.5155233	2.4348454	1.911856	2.9657874	2.3639069	2.526371	0.7178737	1.3239917	2.4505796	3.1182652	3.0175493	2.8167744	2.967061	2.3030627	2.4082093	2.325943	1.7024508	2.9340591	2.9382603	1.914702	3.1142545	2.228283	2.9589396	2.1401448	3.1953344	2.8914306	1.3216265	2.2443757	2.6385555	3.1511896	1.4762079	3.194307	2.3732097
ARNT_32339	1.6305549	1.1049913	1.2448933	1.750284	1.4566294	2.521582	1.5718547	2.2757223	3.3295743	0.8429578	2.1444392	2.5936327	2.1454625	0.0	1.2110108	1.5888703	2.382989	2.608205	1.1630801	1.8148876	1.911856	2.7167444	1.8448938	1.3713186	2.0785348	1.3239917	2.6098514	3.6467555	1.4722159	2.6996026	1.8983116	2.097342	3.06788	2.942963	0.0	2.9340591	0.7995354	2.8546557	1.2585819	1.5073531	0.0	1.6063654	2.168997	1.8351252	2.169534	3.0834928	2.994478	2.305077	1.7554088	1.1142143	1.193102
ARNTL_8086	6.0780587	5.003438	5.298669	5.5757327	4.9106236	6.3627043	6.550358	5.7348895	6.630459	5.53114	5.987252	5.7026887	6.3299255	5.790793	5.0250263	6.086145	5.907522	5.6021767	5.4717484	4.675457	6.3543053	5.8879166	5.7237034	5.3831778	5.768575	6.22256	6.166387	6.6344175	4.9342623	5.941541	5.5022736	5.186476	4.989707	6.071031	5.317981	6.0106344	5.481941	6.3211207	5.6957173	5.556797	6.4549437	6.323137	6.088054	5.5013885	5.780866	5.7166843	6.095318	6.553316	5.471383	5.674832	4.979701
ARPC1B_32419	7.82244	7.077763	7.764617	7.529979	7.2276444	8.154056	8.236174	8.034982	8.213036	7.6397457	7.894323	7.397738	7.8736906	8.561088	7.7012177	7.7177835	8.164888	7.634213	7.7173347	7.873902	8.1956415	7.954828	8.037925	7.324054	7.787	7.8043222	7.776192	8.2719555	7.9556136	7.8672204	7.794085	7.794534	7.482728	8.153052	7.1994863	7.6617174	7.9213424	7.829576	7.8719745	6.9667907	7.899785	8.003404	7.4913344	7.5182967	7.936137	8.285533	8.20113	8.546103	7.4220123	7.6068444	7.355214
ASAH1_8089	9.753404	9.345906	9.384126	9.595291	9.355899	9.628588	9.888706	10.051892	10.34276	9.608138	9.990242	9.236449	10.604572	10.1238365	9.628106	10.241468	9.823478	9.260355	9.827857	9.730766	10.03553	9.8221035	9.66785	9.5549965	9.985717	9.426549	10.264309	10.276517	9.748928	9.622162	10.08114	9.624467	9.77608	10.493188	9.322289	9.651076	10.123492	9.930984	10.3015	9.225707	9.732423	10.469022	9.855752	9.776989	9.786584	9.905023	10.6327305	10.316703	9.552088	9.905423	9.300837
ASCC3_8090	7.5021043	6.61002	6.7621603	7.0337934	6.7155952	7.2160954	7.199595	7.1063213	7.4780874	6.9545126	7.142305	6.6987977	7.339351	7.593779	7.0135994	7.1723986	7.221765	6.857679	7.127295	6.7967095	7.4403133	7.306583	7.0176587	6.8221292	7.0218263	7.13784	7.360549	7.540482	6.995251	6.807662	7.1855855	7.283351	6.9552436	7.1915092	6.6055727	6.8504987	7.2764263	6.674095	6.9969196	6.5696564	7.1212296	7.244472	6.870209	6.669522	7.228319	7.669714	7.1212974	8.022599	7.073203	6.7724624	6.5388536
ASF1B_32459	5.65144	5.590662	5.1112504	5.7442827	5.2780237	5.597565	4.504718	6.4441	5.2177176	5.198399	5.6612782	5.392619	5.0820923	4.5362835	4.7356553	5.5187993	5.628945	5.4233203	4.542772	5.0763106	6.0428376	5.841925	5.884274	5.709159	5.8990016	5.0586166	4.9830594	4.8409843	4.848004	4.654402	5.215015	4.5009766	5.2912316	4.759719	4.373451	5.7586393	4.0488772	5.0382223	4.742178	5.5186424	5.2832894	5.075422	4.379686	4.9016037	5.303291	5.0509176	4.33385	4.920435	5.4122343	4.7028003	4.594303
ASNS_8091	6.7254143	6.4291506	6.696978	7.256472	6.6586027	6.9258237	5.6531076	7.46118	6.9092894	6.735594	6.946123	7.135184	6.867189	6.079189	6.6760254	7.0538464	7.0021124	6.7479243	6.34975	5.768564	7.534696	7.3781505	6.934493	7.1576314	7.118711	6.132672	6.1535134	6.554121	6.5705733	6.903503	6.592036	5.907507	7.072027	6.168177	6.34049	7.5122566	6.285702	6.2702465	5.960572	7.414008	6.8001366	7.115676	5.9315333	7.029952	6.3658257	6.617597	6.3111796	6.5094023	6.9607368	6.904564	6.341288
ASPM_8092	4.5885363	3.6449819	4.1243386	3.7454848	3.0976462	3.9912984	3.0415661	5.056417	4.4174857	4.206481	3.5991883	4.4504933	3.2045193	3.3487625	3.6820092	3.9751108	3.2376134	4.1692424	2.238191	3.469012	3.1040103	4.652685	3.8559678	4.399368	3.7965066	4.4627132	3.7140222	3.732648	4.0337577	3.2918935	4.0604506	3.7507105	4.494464	3.277517	3.54955	4.9662747	3.6835446	4.617537	3.5165868	4.4519343	4.165012	3.573593	1.4586725	3.1216903	3.5845017	3.4221838	2.3407063	3.6809788	3.75223	3.2832968	3.3683043
ASPN_8093	3.5856457	4.5511484	4.3348646	4.1811657	3.5195398	4.10925	4.8389583	4.2812176	5.2177176	3.5983813	3.9579256	3.8747573	4.5182695	4.0941133	4.2290087	4.64948	3.2376134	4.299438	3.4482138	3.69622	4.9074078	4.503106	4.1367245	3.5336206	4.47748	4.1325245	5.2481914	5.626603	4.316707	2.9251404	4.786373	4.5009766	3.666024	4.485919	4.019533	4.2260103	3.6835446	4.349968	4.255792	4.1363487	4.880548	3.87108	4.458293	3.7907844	4.3214507	4.3532715	3.5177994	3.742971	3.8144693	3.660804	2.8937876
ASS1_33159	1.3630255	3.5770385	1.6111797	4.398905	3.1924727	3.9912984	0.7291152	3.9635777	3.6225116	3.0256517	3.1206355	2.5936327	3.4043794	2.2714932	2.6461606	1.8787316	2.727169	3.6238267	1.7985483	1.1757872	3.5060158	0.69538784	4.6648974	3.1595235	2.6224735	2.6467445	3.003343	3.4579172	2.185535	2.6996026	2.5294693	3.6028	2.9579055	2.6671908	3.4783766	2.2296865	2.23349	3.5947201	2.372343	3.4367871	2.133485	2.3475738	1.7361305	1.5489385	5.374549	3.2054403	2.994478	2.4607615	1.7554088	2.3438904	1.8370861
ATAD5_32790	4.273725	3.351601	4.06653	4.6906743	3.6589074	4.586952	3.255363	4.677585	4.255975	4.076771	4.6408772	4.8247266	4.066259	3.7279556	3.606144	3.5496771	4.3199596	4.2573314	3.603377	2.0523822	4.3462834	4.463156	4.4421554	3.7757409	3.7965066	3.526701	3.4865618	4.032706	3.2142637	3.208571	3.1990128	3.947525	4.188449	3.548908	3.4035087	4.335545	2.7916732	3.4190342	3.601796	3.9192204	3.9287112	3.3017287	3.100484	2.8914306	3.857513	3.6105773	2.4973037	2.7293007	3.124777	2.7705867	3.0135357
ATF1_8094	3.8704717	2.8738854	3.9434626	4.1333776	4.335662	4.164796	4.7359157	4.492971	3.789237	3.8573148	4.1085844	3.9438322	4.895519	4.628482	3.5260668	4.0929766	4.716825	3.9750757	2.8473456	3.69622	4.731025	4.652685	4.509381	3.5980654	4.150857	4.360822	3.8479037	4.1621737	3.8683236	4.590013	3.3023546	4.5822196	3.4392512	3.6291015	3.54955	4.044337	3.9828393	3.4190342	4.255792	3.5918324	4.627276	3.8022594	3.3681562	4.196462	4.3214507	4.5034924	3.1907747	4.5211906	3.8144693	3.9597363	3.5770936
ATF3_8095	3.0595496	1.4470309	1.6111797	1.125733	1.4566294	1.2356595	1.8601638	2.0264177	2.9615965	0.8429578	2.1444392	2.200775	2.3531	1.7211257	1.5716753	1.8787316	2.1742368	2.1369452	1.7985483	2.593747	3.1040103	2.5739944	2.0393906	2.6531126	1.1950403	2.002579	1.5430765	4.2809734	1.751022	2.1035776	2.1406834	1.8573289	2.4082093	1.5883089	1.4280888	2.9340591	1.687787	2.7094493	1.6270963	0.6909027	1.8915004	2.834815	2.9989562	2.2785902	2.5845437	2.8034983	4.0601544	3.8594944	2.9135318	2.5005684	1.7010021
ATF4_8096	5.351561	5.3267236	5.8543806	5.322292	4.938252	5.9691844	5.57565	6.3922462	6.352685	5.555693	6.406324	5.392619	5.5926337	5.977675	5.4507966	5.9206443	5.1753125	5.805786	5.207157	5.514129	5.625015	6.2349296	5.680604	5.346132	5.5477486	5.8981977	5.7192416	5.9107904	5.646562	5.38101	5.9309945	5.551788	5.685573	5.8036685	5.1217613	6.0593486	5.4083815	6.24412	5.6363683	5.612201	5.657106	5.962205	5.3854165	5.2075934	6.1287875	5.9439397	5.400396	5.9499664	5.171897	5.1201177	5.065338
ATF6_8098	5.780842	4.8960004	5.508598	5.3643	5.7371435	5.9376407	5.535304	6.43131	6.6737456	5.480744	5.5339046	5.5559683	6.4134383	6.0293245	5.5753856	5.386539	6.2647414	5.5681353	5.157925	5.3678308	5.7226005	6.0314226	5.665947	5.539034	6.0328856	5.32528	5.6103992	6.2242126	5.9385734	5.9543858	5.8983774	5.186476	5.4212437	6.085316	5.098216	6.2532806	5.4083815	5.182775	5.6564236	5.418593	5.71408	5.79517	5.6759624	5.4171906	5.819685	6.2855763	5.687297	6.277729	5.618193	5.2800303	4.8729095
ATF6B_32767	4.3864694	3.7098691	3.9434626	3.6804638	3.2814488	4.846756	4.068923	4.4428744	4.4174857	3.689954	4.6408772	3.6451528	4.2331653	3.9585884	2.7902486	4.035247	4.2682877	3.9750757	3.603377	4.313784	4.9074078	4.0429063	3.8559678	3.7757409	3.12715	4.360822	3.312188	4.222796	3.5418694	4.556708	4.0604506	2.9180818	3.7343307	4.252681	3.1523242	4.437347	3.8409395	4.5337424	4.4521384	3.0654895	4.165012	4.226657	3.8485553	4.196462	4.2089777	4.9498415	4.453407	4.5902724	3.0230174	3.5214198	3.4125495
ATG3_8099	7.310596	7.052967	7.225411	7.228315	7.080435	7.299114	7.199595	7.6217766	7.98717	7.230934	7.523832	7.3088856	7.718154	7.3716784	7.2185607	7.5003476	7.173423	7.1615057	6.965034	7.117676	7.451743	7.578419	7.2516084	7.017394	7.435878	6.8582764	7.3772554	8.183215	7.1772466	7.207008	7.56908	7.149805	6.933616	7.5415606	6.850719	7.2437935	7.183937	7.4151883	7.5937977	6.938169	7.507053	7.5838466	7.020259	6.979467	7.4341283	7.834723	7.956609	8.010048	7.2637115	7.38353	6.6539054
ATIC_8100	4.923553	4.515292	4.862214	4.96089	4.7639403	5.38013	4.373555	5.7348895	5.508152	5.134637	4.7365522	4.072788	5.1942897	5.084181	4.2290087	4.8964314	5.3091817	4.4932985	4.722831	4.219421	5.0940313	5.4092016	5.372929	5.1876307	4.8442106	5.352082	5.0401273	4.916335	4.4397717	4.859511	4.7132473	4.5822196	3.9217556	5.214335	3.9685025	4.9662747	4.710304	5.182775	4.742178	4.1363487	5.3326373	4.7125773	4.9137297	3.7907844	5.4257736	5.56545	4.666361	5.1205196	4.234321	4.5317335	4.669159
ATMIN_8101	4.4221745	3.8886662	4.8957977	4.723322	4.938252	5.356469	4.5859704	5.7348895	5.600775	4.72242	4.8691278	4.352279	5.441677	5.295806	4.278726	4.9905663	5.2303596	4.41885	4.722831	4.358748	5.232999	4.941451	5.26035	4.537232	4.9682536	4.7312284	4.657979	5.892247	5.0156536	5.262071	4.9858365	4.458572	4.679086	4.794913	4.750989	5.215878	4.789701	5.0382223	4.704146	4.53073	5.308174	4.8209195	4.458293	4.2461166	5.086975	5.632215	5.2976284	5.4527993	4.9402957	4.6701713	4.757577
ATP11C_33283	5.351561	4.839124	5.3480306	5.4642606	5.2780237	6.186048	5.3844843	6.1945033	6.1982017	5.716773	5.5070224	5.2902393	5.904452	5.9058003	5.6528425	5.872006	5.820506	5.4422374	5.3233533	5.205005	5.8489995	5.9029264	5.7094793	5.587456	5.4868245	5.352082	5.7366095	6.456523	5.406144	5.241258	5.7044744	5.571819	5.4212437	5.314746	4.838853	5.613949	5.4083815	6.0314584	5.960572	5.1456947	5.657106	5.6848	5.4053946	4.932263	5.5994205	5.961356	5.458717	6.0996337	4.995071	5.8007507	5.146176
ATP1A1_32617	3.6472874	3.5057364	3.660505	3.8673456	2.8869598	4.414362	4.2292647	4.7202697	4.962416	3.2825825	4.6895075	3.8747573	4.7562222	4.0279417	3.9509327	4.4867225	4.3199596	3.8101146	3.603377	3.7646446	3.747729	4.244908	3.6920276	4.1209917	4.5586634	3.429383	4.693988	5.1213093	4.0849395	4.8038225	4.1738105	3.7507105	4.188449	4.6486726	2.9567258	3.978313	3.9828393	4.3981524	4.4973164	2.8365164	3.3903556	4.9216905	3.5224726	3.7907844	5.228329	4.55028	4.6329803	4.556145	3.4723492	3.5927947	2.8299677
ATP1B1_8103	6.652131	5.9272027	6.0609226	6.2491584	6.528322	6.7643905	6.488306	7.192221	7.3834815	6.5402746	6.6469536	6.0701666	7.7913423	6.694831	6.0174184	6.729179	6.5069194	6.165869	6.162753	6.316464	6.9128494	6.627206	6.6883936	6.3091655	6.58164	6.0368085	6.74034	7.390001	6.898432	6.501257	6.8695025	5.775549	6.756067	7.1782427	6.4745464	6.755145	6.9184766	7.0806837	7.551585	5.682912	6.652489	7.4719815	7.120349	6.8728666	7.5617423	6.9233146	7.807497	7.666509	6.831249	7.0886655	6.0506487
ATP2C1_8107	6.1436925	5.2632866	5.508598	5.611055	5.605479	5.9847016	6.13032	6.917466	6.365942	5.8616605	6.0065737	5.7224817	6.045759	5.868474	5.708323	6.448734	6.1264772	5.2623305	5.6778936	5.7003293	6.3543053	6.198895	5.94624	5.709159	5.6438985	5.986377	6.2891736	6.8224506	5.761134	5.7187605	6.06928	5.630295	5.702723	5.9668684	5.6120234	6.0593486	5.964973	6.5301623	5.6363683	5.49918	6.08911	5.864321	5.2593656	5.373174	6.4424467	6.200132	5.841377	6.570514	5.471383	5.2361207	5.065338
ATP5C1_8109	11.032889	10.353073	10.827846	10.816302	10.534109	10.855224	11.27128	10.884112	11.155376	10.730953	11.064621	10.712564	10.373849	11.279331	10.898151	10.884672	11.039993	10.459324	10.8157	10.903072	11.108001	11.047953	11.004637	10.702946	10.69861	10.873415	11.128409	11.015518	11.022844	10.891326	10.624807	10.970037	10.541473	10.867909	10.657538	10.527858	11.019073	10.640902	10.598306	10.449682	10.918425	10.605297	10.525389	10.101752	10.929496	10.9255	10.533336	11.212448	10.557964	10.595475	10.650549
ATP5L_33116	6.7110524	6.4097514	6.2928843	6.5423455	6.546388	6.374532	6.946236	6.3922462	6.8444695	6.464499	6.884796	6.2029014	6.089945	7.0351806	6.5701947	6.9792695	6.6947865	6.347424	6.6370354	6.7802763	6.304744	6.454583	6.4946384	6.4113355	6.6104846	6.4000015	7.028175	7.3292613	6.75569	6.757243	6.195462	6.6156573	6.4956994	6.7007766	6.4561415	5.890132	6.9184766	6.6838465	6.720351	6.2814507	6.868655	6.5394335	6.5495663	5.8454027	6.5540915	6.52693	6.7057014	6.388546	6.4550314	6.780127	6.2282453
ATP6AP1_33058	8.396328	7.401242	7.869759	8.104613	7.786777	8.413955	8.236174	8.798249	9.139049	8.102421	8.714581	7.721647	9.065772	8.687031	8.033572	8.477516	8.511734	7.858505	7.858844	7.960319	8.568037	8.583983	8.173635	8.275889	8.466308	8.028564	8.358959	9.140051	7.86335	8.43072	8.55485	7.9403343	8.131416	9.057575	7.9435725	8.4240055	8.189984	8.219754	8.569052	7.504638	8.184837	8.787913	8.004904	8.169808	8.561741	8.909894	9.019762	9.4049015	8.190254	8.376678	7.6257343
ATP6V0B_8112	1.3630255	1.7233189	2.145686	1.4715443	2.3422368	1.6004289	3.255363	2.0264177	2.6509938	2.7128305	0.8916533	1.6591743	2.3531	2.4838471	1.8599678	2.8123772	1.2662693	1.4325044	1.7985483	2.593747	0.75764817	2.2375386	2.628664	2.0614784	2.0785348	2.810302	2.6098514	2.673195	1.126302	1.4053764	2.3481333	2.4830763	2.2304184	2.811656	1.7024508	2.2296865	2.4444666	2.7094493	1.920373	1.5073531	1.6005821	2.834815	1.968738	2.0738304	2.806924	1.6973256	2.6385555	1.9319366	1.9892389	2.7705867	1.961433
ATP6V0D1_33093	5.4060717	5.0790715	5.3720922	4.817053	4.6348104	5.9376407	5.451061	5.835395	5.531871	4.9616933	5.6854568	4.9971323	5.418762	5.267409	4.871472	5.363267	5.873343	4.9013753	4.999267	4.74485	5.8489995	5.4092016	5.279734	5.1876307	5.0547533	5.573221	5.492671	5.5339446	5.3653245	4.6855497	5.3657823	4.54217	4.533327	5.2401004	4.8669906	5.2993665	5.1621056	4.021211	4.7792325	4.676478	5.7325816	4.7125773	4.767035	4.870279	5.2849126	5.51916	5.400396	5.3766255	4.854025	5.020094	4.594303
ATP6V1D_8113	8.757697	8.575151	8.518822	8.637326	8.397198	8.774629	9.275711	8.778188	9.309976	8.746887	8.917043	8.683303	8.679009	9.231859	8.799182	8.721233	8.8070755	8.528059	8.743406	8.870823	9.057623	8.740494	8.807054	8.414312	8.6136875	8.703002	8.985769	8.834874	8.894722	8.645932	8.759393	8.89827	8.584249	8.88663	8.5166235	8.472775	8.862076	8.835179	8.864588	8.407164	8.486825	8.556768	8.661478	8.207896	8.64155	8.898638	8.627002	8.916007	8.5263815	8.705306	8.500514
ATP6V1F_8114	9.203451	8.716067	9.144988	8.900827	9.101728	9.293785	9.428094	9.287725	9.313401	9.0617285	9.319796	9.055162	9.128902	9.70129	9.087712	9.054788	9.435568	8.898837	9.117927	9.109863	9.412297	9.118709	9.136999	8.712379	8.941516	9.068848	9.248935	9.30685	9.160833	9.239565	9.079745	9.171997	8.588868	9.454158	9.005362	8.754986	9.187512	9.076374	9.124229	8.788107	9.335457	9.196	9.055221	8.883353	9.366913	9.637557	9.202949	9.825986	9.189251	8.979464	8.990104
AURKA_8116	3.763191	3.5770385	3.5801554	4.357907	4.492976	4.812385	3.255363	4.588229	4.6520104	3.689954	4.369601	5.121607	4.3345904	3.4533052	3.822728	4.1484847	4.3199596	4.1230955	2.966509	3.5487905	4.972335	4.7220345	4.8317766	4.1209917	4.0975184	4.003223	3.5664334	4.390731	3.9256022	4.216295	4.000245	3.4379745	4.3711686	3.548908	4.06882	5.1574078	3.3054578	4.194934	3.7584567	4.1363487	4.8469768	4.7125773	3.1953344	3.9187803	4.2474513	4.3532715	2.994478	3.8024087	4.0396147	3.9047008	3.4125495
AXIN1_8118	3.6472874	2.3301039	2.145686	2.361048	0.0	3.6457665	2.3061843	3.8139515	2.9615965	2.7128305	2.8046954	2.756088	2.9724503	3.1137757	2.3059688	3.2782712	3.0048497	2.9628441	2.8473456	2.593747	2.8513174	3.870368	3.5713751	2.6531126	2.6224735	3.21252	2.4505796	3.4579172	2.185535	2.9251404	3.0876935	2.9180818	2.2304184	3.0633094	2.306097	3.3011148	1.986288	3.4190342	3.1142545	2.5642188	2.6826673	2.834815	2.5015178	2.2785902	3.2474778	3.696286	2.8853111	3.9144068	1.7554088	1.4579389	2.8299677
AZGP1_33120	1.6305549	2.3301039	0.752753	4.723322	3.0976462	4.10925	1.2111645	2.0264177	3.2170308	3.9342363	1.4386133	1.2862334	2.3531	1.3398731	0.72900796	1.2257426	1.6360242	4.41885	0.0	0.0	3.9546967	0.69538784	5.26035	3.2425063	1.1950403	0.0	1.1865652	3.240585	0.0	0.63191724	0.75012773	3.0381281	0.6919362	0.7389744	3.8035955	2.7875395	1.3109689	1.2540979	0.76239324	4.0318656	1.6005821	0.0	0.6625256	0.71545935	3.2474778	2.9502776	0.66064256	1.9319366	1.4762079	1.7353235	1.8370861
B3GNT2_32526	8.281956	7.376473	8.497105	8.333324	8.258878	8.576386	8.7296505	8.750138	8.715832	8.047213	8.475531	8.061762	8.337947	8.882251	8.321419	7.965836	8.584843	7.9960833	7.8817677	8.27377	8.681604	8.548629	8.503349	7.81574	8.313881	8.1746025	8.445999	8.93112	8.331724	8.469266	8.379836	8.450829	8.118695	8.166552	7.627228	8.493604	8.42261	8.366236	8.210585	7.2314444	8.221323	8.470687	7.5145135	7.7724137	8.637935	8.875858	8.073195	8.746666	7.843677	7.645124	7.725566
B3GNT5_32540	6.5509343	5.219391	6.648548	6.4182215	6.0473228	6.957624	6.6481915	6.469344	7.014052	6.2852397	7.11586	6.054635	6.6184044	7.1485143	6.4985676	6.028136	6.7238503	6.243413	5.7293544	6.068369	6.818884	6.627206	6.417985	5.694496	6.327418	6.761629	6.6515675	7.199527	6.7791886	6.8901954	6.0982895	6.4844356	6.0361133	6.5441217	5.9901223	6.210785	6.536473	6.295908	6.6420503	5.194915	6.5828166	6.126041	5.9988256	5.5809426	6.3393536	6.8315897	6.5623436	7.236432	5.9307265	6.2168536	5.773701
B4GALNT1_8123	2.0511916	0.6557987	2.9727023	1.750284	0.0	3.4804814	2.6463878	2.4882271	2.2546368	3.0256517	2.1444392	2.410535	1.9028349	3.1137757	1.8599678	2.5073261	2.382989	1.0927255	2.238191	2.0523822	3.5060158	2.5739944	2.628664	1.6397378	1.5530008	1.7028205	2.6098514	2.4880157	2.9081242	1.9061652	1.6068331	2.6430998	1.5091133	2.506633	1.4280888	2.6244397	1.3109689	2.7094493	2.372343	1.7895929	2.3406515	2.1401448	0.6625256	2.6173096	2.169534	1.9966261	1.1120816	3.477213	1.4762079	2.1681004	1.193102
B4GALT1_8124	5.5741963	4.6862755	4.7565002	5.066451	4.7944946	5.8214674	4.9351296	6.3922462	6.528037	5.2890506	5.800622	5.029272	5.7841005	5.3509765	5.0538692	5.5603223	5.4316773	5.0067945	4.999267	4.525776	5.5631294	5.510678	5.0951223	5.078927	5.4868245	5.352082	5.5329905	6.238964	5.4652867	5.7187605	5.865006	5.106343	5.702723	6.233769	4.9999924	5.4036627	5.3040767	6.3085694	5.6957173	4.56857	5.179221	5.703791	5.860948	5.1565714	5.9881897	6.0289917	6.095318	6.1576858	4.854025	5.095754	4.8569875
B4GALT2_32592	2.515188	2.3301039	3.3081667	3.5409095	2.7688293	3.9912984	2.3061843	5.214069	2.9615965	2.8777032	4.0352206	3.03466	2.9724503	3.1137757	2.1001348	3.846752	3.9120631	3.6238267	1.7985483	3.3845623	4.441083	4.0961194	3.5070412	3.466162	2.7661297	3.429383	3.312188	3.240585	3.3873456	3.7699122	3.7306347	3.148948	2.9579055	3.373766	3.1523242	4.281817	2.4444666	3.4190342	2.9933162	3.6635237	3.079476	3.1983922	1.7361305	3.4100819	3.857513	3.8537915	4.157271	2.130537	2.6659598	2.3438904	2.9549038
BACE2_8127	5.2157383	4.321286	5.0228224	4.9050636	5.2780237	5.676124	5.595408	5.7555585	6.090517	5.067926	5.0288405	4.352279	5.486443	6.1431017	4.903518	5.1072254	5.3839197	5.4233203	4.7562947	4.8743606	5.7961783	5.605483	5.3177376	5.145127	5.3791924	4.689805	5.31908	6.1942496	4.399905	5.342443	5.9309945	4.659131	5.071199	5.8545957	4.48659	5.613949	4.2864017	5.852807	5.6957173	4.9300785	5.5359282	5.7773514	5.0968738	4.9016037	5.6860075	6.5501366	5.7663927	5.525152	5.098751	5.0709724	4.7051787
BAD_8128	2.222978	3.5057364	2.696003	2.907214	2.3422368	2.521582	2.3061843	3.240815	3.0949595	2.8777032	2.9712968	2.5936327	3.4948025	2.2714932	2.921244	2.5073261	2.87268	2.1369452	1.7985483	3.0967624	3.5060158	1.7979587	2.7448034	2.6531126	2.0785348	2.002579	2.8837204	3.240585	3.2142637	3.208571	2.835414	2.3030627	2.5664744	2.6671908	0.0	2.2296865	2.9382603	3.2189481	2.372343	3.0654895	3.190714	1.8978021	2.3448164	0.0	3.1694782	3.4221838	2.994478	1.7015651	1.1296852	2.1681004	2.0759077
BAG3_8129	3.2304003	2.1547542	3.4950655	2.1847157	2.3422368	4.459483	3.1524212	3.6469922	3.6225116	3.689954	3.3796642	3.03466	3.6602395	3.7279556	3.1521814	2.9436944	3.6944115	3.158557	2.966509	3.6243875	3.21549	3.447462	3.439704	2.6531126	2.6224735	3.526701	1.5430765	3.5554237	2.7897131	3.4453578	3.1990128	1.8573289	2.9579055	3.7772398	2.461808	2.9340591	2.6284897	3.5095499	2.715985	1.156129	2.6826673	3.087079	3.3681562	3.4100819	4.2474513	4.3532715	3.5891576	3.8024087	3.2198298	2.6418855	2.181963
BAK1_33110	7.0039563	6.319073	7.064915	6.8164806	6.650274	7.474218	6.9539094	7.745758	7.561117	7.215607	7.314975	6.776595	7.549085	7.4931426	6.712662	6.842909	7.388348	6.7705536	6.270903	6.7719893	7.8732443	7.1705546	7.4571238	6.5067463	6.985585	7.2980366	6.9852276	7.5285244	7.0733624	7.254518	7.1374836	6.672417	6.3725147	7.1445327	6.22566	7.3056755	7.1239257	6.9493995	6.847916	6.4732013	7.1212296	7.276538	6.337187	6.5948305	7.027407	7.524955	7.103129	8.08676	7.3022323	6.7492194	6.402901
BAMBI_8130	4.7657475	5.407187	4.5185456	5.140844	4.7944946	5.676124	4.7359157	5.5579247	5.9212418	4.381498	5.206434	5.0914803	6.1186676	5.504856	4.903518	5.6969066	5.454976	4.7577496	4.7890005	4.675457	5.383815	5.5870137	5.298861	4.9366517	5.401371	5.32528	5.6103992	6.1165004	5.06747	5.38101	5.412729	4.174075	4.961487	5.76869	5.04994	5.453113	5.2489533	5.457482	5.0457006	4.085053	5.5359282	6.023956	5.5013337	5.182308	5.6433635	6.155434	6.032703	5.963049	5.2415123	4.7964797	4.5553665
BANF1_8131	5.1533713	4.1447926	5.3235607	5.2568936	4.5656357	4.913135	5.451061	5.3829937	5.409172	5.2890506	5.1726213	4.710439	4.7562222	5.178702	4.8386974	5.162198	4.964206	5.1970053	5.132664	4.8430567	5.2062554	5.2063518	5.004824	4.8333554	4.997667	5.0586166	5.5329905	5.243382	4.9342623	5.0629745	5.1049714	5.212228	4.811461	5.431165	4.5224137	4.9662747	5.0375247	5.3141537	5.1624966	4.4519343	5.71408	4.5541725	5.072091	4.294119	5.1287947	5.083095	4.9087806	5.166487	4.405847	4.457192	5.1063232
BAX_8132	7.315351	6.852025	7.5334573	7.4638953	7.061716	8.013624	7.7374973	7.714428	7.8381786	7.362006	7.5305214	7.0279217	7.564826	7.9692445	7.256277	7.467986	7.740902	7.2500544	7.014274	7.3016386	8.15776	7.9183583	7.790137	7.1031613	7.37554	7.595877	7.5245075	7.755796	7.521766	7.643593	7.3812127	7.5689597	6.820331	7.377126	6.850719	7.298929	7.296953	7.367579	7.1673374	7.101956	7.523084	7.488503	6.6617837	6.9940724	7.757723	8.143992	7.509422	8.315637	7.4369273	7.184197	7.0950727
BCAT2_32849	4.273725	4.4785223	4.3830233	4.988013	4.529763	4.880327	5.0824094	5.121559	5.3028984	4.381498	5.4232335	5.121607	4.960428	5.295806	4.177517	4.8964314	5.058486	3.7506518	3.6751187	4.1184506	4.653956	5.300044	5.4433794	4.2469234	4.47748	4.6471567	4.420727	5.1213093	4.7874928	4.6855497	4.8895493	4.6211877	4.679086	4.5695896	3.8035955	4.8964896	4.4902925	3.9583218	4.704146	3.7970295	4.9768147	4.7857018	4.4195247	4.2461166	5.1080365	5.0509176	5.1637883	5.525152	3.986536	4.1132665	4.066853
BCL2_8135	3.3831434	3.430726	4.1799192	3.4657202	2.8869598	4.741084	3.9511857	4.677585	4.5627217	3.9342363	3.5991883	3.6451528	4.3345904	4.947674	3.255121	3.9123585	4.1590357	3.5559726	3.5278807	3.892466	4.653956	4.0961194	4.4421554	3.5980654	3.5003047	4.4126673	3.7825153	4.720022	4.316707	4.716039	3.8717287	4.0652423	3.7995486	4.0344577	3.54955	3.7599108	4.172522	4.194934	4.0887313	3.0654895	3.2939854	3.1983922	3.9608154	3.6503172	4.6433735	4.9843264	4.29169	4.749758	4.405847	3.194307	3.4971662
BCL2A1_8136	7.9804735	7.760274	7.8781843	7.7077303	7.7404485	8.06197	8.518212	8.10913	8.1607485	7.88229	8.529957	7.973665	8.110181	8.448606	7.985726	8.338249	8.230489	7.4266644	8.122127	8.16405	8.453314	7.7542458	8.2069235	7.4732485	8.030565	8.207997	8.378453	8.40217	8.230237	8.138822	8.256577	8.361594	7.6244564	8.142844	7.8550305	7.8488603	8.178967	8.026364	7.77899	7.771224	8.370547	8.037488	7.6835613	7.408097	7.7906623	8.250543	7.769601	7.9455986	7.3291306	7.750324	7.3149858
BCL2L1_8137	6.0668235	5.407187	5.486725	6.2036047	4.8537273	6.0152435	4.9037795	5.815846	5.847549	5.198399	5.271771	6.130672	6.24128	5.6658173	5.241075	5.4760456	5.890534	5.5155187	4.7890005	5.205005	5.8489995	6.293057	5.651139	5.7380457	6.2316427	5.5032077	5.5329905	6.0173087	4.98903	6.1568766	5.586584	5.262392	5.9088902	5.3387933	5.234048	6.027056	5.4333205	5.41127	4.4055	5.9782786	5.4931636	5.4797225	4.9684715	6.162304	5.4589405	5.961356	5.3396177	5.812168	5.6863513	5.481522	5.3869634
BCL2L2_32990	3.2304003	3.1790063	4.474771	3.386396	2.9961455	4.627056	4.9658127	4.390976	4.9270763	4.586044	4.4280906	4.133186	4.3827486	4.4377885	3.888254	4.035247	4.5537415	3.9750757	3.871139	4.525776	4.4862447	4.503106	4.7226954	3.9339144	3.7965066	4.3070445	4.504222	4.916335	4.6582794	4.590013	4.1738105	3.67865	4.0344143	3.9743235	3.9156005	4.437347	4.789701	4.69673	4.202226	4.3685856	3.9915128	4.059796	3.2843316	3.224361	4.671942	4.7638493	3.9560254	3.9144068	3.986536	4.2954535	3.3683043
BDH1_8139	4.0637107	3.6449819	4.285043	4.0839515	3.8455658	4.164796	4.1777725	4.2812176	4.736094	4.206481	4.369601	3.802208	4.5182695	4.8742495	3.4412823	4.442993	4.2682877	4.380134	2.574683	3.8299706	4.191271	4.1474395	4.4761596	3.3953938	4.635521	4.603209	3.4865618	4.0988913	3.5418694	4.0822825	3.9374175	4.007584	4.236344	4.3970957	3.6173768	4.107471	4.112024	4.1393185	4.541123	4.2801247	3.8630507	3.4885392	3.2843316	4.1450377	4.6433735	5.145374	3.9560254	4.8089223	3.6871839	3.5214198	2.9549038
BECN1_8140	6.842041	6.057572	6.900938	6.8830132	6.5818543	7.019196	6.590291	7.315665	7.5023017	6.564674	6.809789	6.5952525	7.0646286	6.7976995	6.4231977	6.908686	7.221765	6.8717017	6.305224	6.8991895	7.210681	7.094141	7.1071815	6.842224	6.772401	6.98355	7.175539	7.4734535	6.7946444	7.1744423	7.0361834	6.9190874	6.636219	7.2370048	6.3604207	6.81311	6.8917346	6.9331384	6.9243407	6.5318446	7.0639367	7.1014247	6.475904	6.225558	7.0709634	7.364033	7.1510787	7.4788685	6.603432	6.7724624	6.3808
BEX1_32763	3.3087924	2.75593	3.4046404	3.016629	3.2814488	3.8628378	4.124374	3.6469922	2.4663844	3.2825825	3.8762534	3.1560693	2.9724503	4.4878764	3.7540836	2.5073261	3.9778814	4.0261216	4.3805633	3.7646446	3.21549	3.447462	3.5070412	3.2425063	3.12715	3.0904965	4.0833216	4.8017797	3.6133378	3.5840557	3.1990128	3.2518594	2.7090814	3.0633094	2.602338	3.3011148	3.6835446	3.5947201	2.372343	2.7067823	3.4806895	3.3017287	2.7715712	3.1216903	4.043922	3.8537915	4.009029	4.2494674	3.309005	3.0994654	3.7247775
BEX4_32358	4.5885363	4.839124	5.4645157	5.279024	5.752788	4.627056	3.8885062	5.1838865	4.8155456	5.2292533	4.9511933	5.2902393	4.8275514	2.9801729	4.068669	4.5703955	5.146981	5.34507	4.503897	4.313784	5.122916	5.841925	5.004824	5.780319	5.4447303	4.9575233	4.0833216	4.6773376	4.7874928	5.3028164	4.328719	3.947525	5.1483326	4.3505454	4.780875	6.334692	4.0488772	5.3141537	2.8613043	5.6655564	4.880548	4.985162	3.7268174	4.1450377	5.1287947	3.9957814	3.7220852	3.239858	5.021698	3.2832968	5.4198503
BGN_32910	8.1470995	7.4542813	8.02199	7.7519155	7.4357967	8.433875	8.107929	8.659824	9.045338	7.896777	7.735486	7.5383773	7.7823944	8.143421	6.9536414	7.462521	8.286758	7.4825597	6.9214478	7.6020026	8.380427	8.130896	7.849716	8.092322	7.3699274	8.447408	8.0190935	8.36567	7.2006397	8.444443	7.8505893	7.1431265	7.2400265	7.797242	7.1659045	8.367094	6.8083987	8.3263235	7.6246657	7.2076592	7.7892365	7.115676	7.707896	6.7577567	8.680737	8.196414	7.3542075	7.2201777	7.153654	7.0447955	7.323701
BHLHE40_8141	4.3498583	4.047728	4.9920993	3.8673456	4.492976	5.0373783	4.545916	5.6710443	5.7087703	4.5375614	4.6408772	3.5597103	4.7562222	4.5831194	4.278726	5.215153	4.964206	4.0261216	4.0436835	4.313784	5.3103766	4.97024	4.3350515	4.859881	4.346438	4.4126673	4.3770947	5.5339446	4.358906	4.654402	4.8895493	4.458572	4.0344143	5.078117	3.4783766	5.378287	4.6689043	4.349968	4.5836377	3.5918324	4.109465	4.5541725	4.532837	4.385582	5.3570614	4.9498415	5.01625	5.356937	4.3648396	4.207234	4.431824
BHMT_8143	2.0511916	3.6449819	0.0	3.8077013	2.3422368	2.9587402	1.8601638	2.8375075	2.6509938	2.5266557	1.4386133	2.5936327	3.579891	1.7211257	1.5716753	0.0	2.87268	2.3117008	2.4162252	2.0523822	2.7061675	2.0344265	4.3350515	2.7696137	2.4629142	2.250642	3.312188	2.0262237	1.126302	1.9061652	1.2411588	3.0381281	0.6919362	1.8781195	3.2410011	2.440523	1.986288	3.322457	3.2258344	2.228283	1.8915004	0.0	1.7361305	0.71545935	1.5846274	3.6105773	2.994478	1.4272856	2.3669193	1.4579389	2.542046
BHMT2_8144	2.8657134	3.5057364	1.6111797	4.032772	2.498873	2.9587402	1.5718547	3.1184926	2.6509938	3.689954	1.8342675	3.1560693	2.695759	1.3398731	1.2110108	1.5888703	1.6360242	3.3308632	1.1630801	1.1757872	4.0175753	1.7979587	4.2589602	2.526371	2.2834883	1.3239917	3.6421144	1.342945	2.185535	0.0	1.8983116	2.3030627	1.5091133	1.5883089	2.9567258	1.6844561	1.3109689	2.3661232	1.920373	2.8365164	0.7463577	1.8978021	1.7361305	1.8351252	5.4257736	4.185571	0.66064256	2.7293007	2.524174	2.3438904	1.550732
BID_8145	5.4060717	5.1969314	5.8371973	5.5757327	5.0937552	6.2644205	6.2473373	6.4941545	6.59712	5.95691	6.4207993	5.9067726	6.267168	6.560848	5.0821466	5.8044944	6.1693654	5.8630633	5.254764	5.6469483	6.5154777	5.961453	6.280419	5.3647738	6.0610228	6.0368085	5.7366095	6.456523	5.8075814	5.657242	5.5659637	5.7405834	5.357702	5.935672	5.212279	5.890132	5.894883	5.886978	5.3710546	5.3977222	5.7508497	6.194775	5.2593656	5.779483	5.7939224	6.702902	6.107521	7.158961	5.3714104	5.518651	4.964921
BIRC2_8146	7.5145626	6.7006106	7.1647167	7.327209	7.004057	7.7118597	7.789882	7.9022474	8.041883	7.462813	7.58937	7.1203403	7.8265896	7.750745	7.2808843	7.5056715	7.6479263	6.9662213	7.0949626	7.2548294	7.9954247	7.6016054	7.4226623	6.8685884	7.347256	7.460799	7.529498	7.9830875	7.359766	7.510769	7.70259	7.342846	7.1365523	7.4671497	6.829427	7.816161	7.639991	7.449892	7.3508368	6.8563986	7.5546227	7.752936	6.796479	6.896382	7.6999393	7.632147	7.509422	8.1016245	7.285849	6.86186	6.794292
BIRC3_8147	8.481293	7.468415	8.217266	7.991894	7.971937	8.521591	8.688849	8.217392	8.827855	8.068697	8.60159	8.103872	8.281908	8.846704	8.327337	7.910719	8.788855	7.903564	8.147571	8.1860485	8.891305	8.562875	8.602895	7.6957083	8.185571	8.603342	8.466962	8.858947	8.468099	8.543398	8.429192	8.448122	7.7657895	8.216077	7.7681766	8.136808	8.641729	8.213036	8.123214	7.3824873	8.19488	8.145615	7.5730915	7.3805695	8.41101	8.663509	8.458591	8.816805	8.025704	7.870082	7.851442
BIRC5_8148	5.5092783	5.5200467	5.592916	5.8951845	5.605479	5.7686644	4.9037795	5.835395	5.531871	5.4548697	6.044457	5.4649014	4.560755	4.9830303	5.1098804	5.9830446	6.082275	5.9712157	4.999267	4.6394672	5.866185	6.017698	6.2900095	6.347161	6.0328856	4.8488083	5.591433	5.9826694	5.9104743	6.0886083	4.786373	5.0503354	6.165445	5.188101	5.3382225	6.1064715	4.970953	5.817807	5.1052804	6.4732013	5.2832894	5.01588	4.4195247	4.666542	5.7409735	5.205075	4.374813	4.920435	5.391967	5.3640327	5.184957
BLCAP_8149	4.4221745	3.351601	4.06653	3.4657202	4.293499	4.741084	4.771087	4.390976	4.8155456	4.26721	4.6895075	4.1911564	4.179647	4.836087	4.373298	4.303241	4.464721	4.4565544	3.5278807	3.6243875	4.61382	4.6877766	4.2193546	4.435088	4.042132	4.3070445	4.504222	4.222796	3.8683236	4.4876986	3.9374175	4.2752705	4.236344	4.609673	4.06882	4.437347	3.8409395	5.2100253	4.0284495	3.0654895	4.6662955	3.9367666	4.603718	3.9787574	4.3214507	5.1755333	4.33385	5.166487	4.09081	4.012749	3.7594514
BLMH_8150	6.246854	5.4457965	6.104662	6.120252	5.622609	6.103172	5.8632727	6.7728844	6.736334	6.162722	6.3620067	6.0855327	6.2925997	6.7264686	5.671574	6.1142974	5.9895873	5.776272	5.157925	6.068369	6.240297	6.44436	6.040161	5.9989567	5.835262	6.4127884	6.265438	6.678372	6.0840354	6.0291414	6.2481856	5.758172	5.966823	6.3683605	5.5086517	6.472969	5.6615276	6.333564	5.8945603	6.0469074	6.2518764	6.038989	5.573741	5.1565714	6.425768	6.5729756	6.373142	6.561941	5.916608	5.944111	5.6497955
BLOC1S2_33034	7.310596	6.3294344	7.150875	6.8164806	6.9164796	7.1693325	7.5778275	7.5702057	7.724415	7.340971	7.042875	6.850411	6.9810634	7.991117	6.991406	7.1453676	7.3074594	6.792833	6.965034	7.5301137	7.6729574	7.317827	7.1760383	7.125197	6.94841	7.3454914	7.2499957	7.9158278	7.4793577	7.3254466	7.2057195	7.1296763	7.0587687	7.394439	7.029405	6.859696	7.3826766	7.2477813	6.95705	6.694699	7.085689	7.115676	6.9403534	6.808218	7.591957	7.7319226	7.174469	7.8677382	6.994735	7.119204	6.982169
BLVRA_8151	4.872845	4.2791452	4.8278294	4.032772	4.5656357	4.459483	4.624943	4.988194	4.9270763	3.8573148	4.9107437	4.5863132	5.2983875	4.911429	4.2290087	5.409442	5.203099	4.1692424	3.9884303	4.8743606	4.244814	5.253958	4.40733	4.469946	4.7084904	3.7036133	4.72912	5.6923895	5.0417943	4.258335	4.786373	4.5009766	5.071199	5.6583595	4.5224137	4.387344	5.4083815	4.617537	4.7792325	4.840121	5.067058	4.749603	5.237243	4.3405747	5.0218806	4.4551363	4.9635158	4.7796435	4.234321	5.095754	4.1990376
BMF_8152	2.3764687	2.3301039	4.233438	3.6804638	2.6401563	4.0514793	3.5263135	4.33714	4.0740767	3.5005994	3.2559555	3.802208	4.3345904	4.4878764	3.9509327	3.5496771	3.9120631	4.0754232	3.3638895	3.892466	3.5911667	3.987655	3.1336944	3.9339144	3.12715	3.93395	3.8479037	4.9525843	3.681432	3.516373	3.7306347	3.8848567	2.9579055	4.0344577	3.54955	3.6790886	3.1931324	3.5947201	3.7584567	2.0255485	3.4806895	3.9367666	3.2843316	2.760871	3.857513	3.696286	3.843792	3.9144068	2.3669193	2.5005684	3.4554782
BMP4_8153	2.222978	2.6274648	3.736615	3.016629	3.1924727	3.7940469	4.373555	3.8139515	4.9270763	2.0617402	2.3995826	3.3719604	3.2045193	3.9585884	2.1001348	2.6678994	3.0048497	3.0640168	2.4162252	3.9523666	4.0778275	4.0961194	4.0490723	3.466162	3.8619432	2.6467445	3.9104564	4.4927254	1.126302	3.8268995	4.2273164	3.3479161	2.2304184	2.942963	3.4783766	4.2260103	3.8409395	4.349968	2.8613043	3.5918324	3.6459768	3.4885392	3.5938523	2.8914306	4.1694503	4.2436643	3.4427273	3.1511896	2.9135318	2.1681004	2.181963
BMP6_32921	1.3630255	1.9551042	2.5348177	1.9837908	1.4566294	2.340468	2.7904801	2.8375075	3.3295743	2.7128305	1.8342675	2.756088	2.1454625	1.7211257	1.5716753	2.1199853	1.9300845	1.4325044	0.6957044	2.2562509	2.7061675	1.7979587	1.353526	2.526371	2.4629142	2.6467445	2.0670378	2.0262237	0.6703802	1.9061652	2.3481333	2.3030627	1.5091133	1.5883089	1.4280888	2.440523	1.3109689	1.2540979	1.920373	2.4060068	1.2357911	2.1401448	1.7361305	1.8351252	3.1694782	2.4557507	2.994478	2.130537	0.67270136	1.4579389	2.280753
BNIP3_8154	3.5212522	1.7233189	1.6111797	2.5181563	1.4566294	2.6824741	2.6463878	2.98483	3.6225116	1.7575232	2.9712968	1.2862334	2.695759	3.3487625	2.6461606	3.6298745	2.5653183	1.7073178	2.4162252	2.4348454	2.7061675	3.2735868	2.628664	2.3874133	2.2834883	2.462245	3.4020078	3.8904636	3.5418694	2.8167744	3.1990128	2.3030627	2.7090814	3.7772398	3.4035087	3.0670605	3.0713174	2.7094493	3.3294005	1.7895929	3.190714	2.6899478	2.9989562	2.6173096	3.3214757	2.4557507	2.6385555	3.402351	2.524174	2.9979472	2.0759077
BNIP3L_8155	11.1757	11.38517	11.185277	11.681651	11.401535	11.52679	10.871328	11.436384	11.334639	11.177602	11.106635	11.601917	11.754954	10.837124	11.104369	11.296834	11.2292385	11.4125	11.27991	11.173472	11.414729	11.378077	11.216227	11.698615	11.494675	11.3384075	11.048523	11.297675	11.186298	11.100068	11.26529	11.294744	11.618715	10.742825	10.895967	11.694431	11.077588	11.320434	11.109161	11.321318	11.170349	11.508215	11.457129	11.45426	11.059855	11.269297	11.273977	10.847408	11.546067	11.341812	11.061026
BPHL_8157	3.0595496	2.3301039	1.2448933	2.5181563	2.498873	2.9587402	3.255363	2.4882271	2.4663844	1.7575232	3.5991883	1.6591743	2.8407278	3.3487625	2.3059688	2.5073261	0.767819	2.3117008	2.238191	2.4348454	2.1549919	2.4155526	3.3690693	2.6531126	2.6224735	2.810302	3.1138024	3.5554237	2.3618937	1.9061652	2.3481333	3.0381281	2.7090814	3.277517	1.7024508	2.440523	1.3109689	1.2540979	2.372343	0.6909027	2.6826673	3.573593	3.100484	2.2785902	3.1694782	3.3178785	2.994478	2.8468895	1.9892389	1.1142143	0.9744036
BRCA1_8158	3.3831434	3.8314943	3.2047765	2.907214	3.9578092	2.9587402	2.7904801	2.6734118	2.9615965	2.8777032	2.616312	3.802208	2.9724503	3.1137757	1.8599678	2.5073261	2.1742368	2.467557	2.4162252	2.2562509	3.1040103	3.178102	3.0458522	3.5336206	3.12715	1.7028205	3.2164025	3.5554237	3.0175493	2.6996026	2.967061	3.0381281	2.9579055	3.0633094	2.1315236	3.3011148	2.7916732	2.1579974	2.1639853	3.7970295	2.6826673	1.8978021	2.642854	3.1216903	2.806924	3.6105773	0.66064256	1.7015651	2.6659598	2.3438904	2.542046
BST1_32671	5.821519	4.839124	5.6132474	5.279024	5.382281	5.6176095	6.0029664	4.761728	5.7294316	5.2594614	5.0288405	4.9306216	5.7292805	6.127387	5.2157736	5.0789332	5.820506	5.031988	5.254764	5.572555	5.541897	5.6944404	5.590339	5.078927	4.7436357	5.6180773	5.665847	5.7957764	5.59453	5.703625	4.954449	5.531475	4.6080465	5.5179768	4.9216714	4.387344	5.4578357	3.8925655	4.885008	3.9192204	5.577462	5.1876035	4.9137297	4.5527587	5.7137523	5.5424905	5.687297	5.909991	5.147925	5.2582426	5.146176
BTG2_8161	4.872845	4.9773192	5.441959	5.066451	5.2116504	5.4034085	4.504718	5.7555585	5.3570137	5.067926	5.271771	4.7876277	4.960428	4.9830303	4.46205	4.6874537	4.7919374	5.0067945	4.4639463	4.444678	5.4536953	5.277185	5.0506797	5.1013327	4.47748	4.8488083	4.504222	5.243382	4.906079	5.19871	4.9858365	4.54217	4.644004	4.5695896	4.591498	5.326156	5.3308682	4.4899464	4.9514475	4.6054435	4.7773952	4.7857018	4.703909	4.6296024	5.228329	4.595598	4.5988097	5.0239434	4.7622647	4.4184256	4.248697
BTG3_33276	5.9493785	5.2415056	6.1747365	5.5757327	5.8432503	6.103172	5.708588	6.5305877	6.430459	6.0973268	6.0256395	5.9577627	5.486443	6.012313	5.6528425	6.285006	5.820506	5.651778	5.511487	5.6102314	5.899955	6.2584624	5.9093804	5.8613224	6.115702	5.804276	6.0321703	6.1165004	5.9385734	5.672869	5.586584	5.954037	6.0087953	5.5388875	5.5086517	5.797447	5.3308682	6.1766567	5.6957173	5.700061	5.9056168	6.0831714	5.1212378	5.6563377	6.275628	5.8535585	6.0068755	6.0016	5.7354364	5.624627	5.713078
BTK_8162	3.3087924	2.486432	3.8777544	2.5181563	2.9961455	3.9284973	2.9214785	3.8139515	3.86589	2.8777032	2.9712968	3.03466	4.1240664	3.4533052	2.6461606	3.0640497	3.5286222	3.247281	2.8473456	2.8670673	3.6715705	4.291279	4.003165	2.526371	3.8619432	2.957191	4.0833216	3.5554237	3.1192565	3.710581	3.0876935	3.3479161	3.2654822	2.811656	3.1523242	2.9340591	4.0488772	2.3661232	2.1639853	3.2630503	2.6826673	2.9664538	2.168997	3.4100819	3.3918626	3.0834928	2.994478	3.8024087	2.524174	3.0994654	2.9549038
BUB1_8163	1.6305549	0.0	1.2448933	2.6598237	1.4566294	1.6004289	0.7291152	1.3431008	0.811001	1.3715297	2.1444392	2.200775	1.6109856	0.82019544	2.4860687	1.2257426	0.767819	1.4325044	0.0	1.8148876	0.75764817	0.69538784	1.353526	2.3874133	0.0	1.3239917	0.7119802	4.9879446	1.9845754	1.6773919	1.2411588	0.7275637	2.0275967	3.7050712	1.4280888	1.3080859	0.7995354	3.8236685	1.2585819	2.0255485	1.2357911	3.1983922	2.168997	1.5489385	2.7000144	2.2443757	2.7672026	3.323391	2.190403	2.5005684	2.3732097
BUB1B_8164	3.3087924	3.430726	3.2047765	3.2133267	3.590906	1.8913333	2.3061843	4.1624165	3.789237	3.3957052	3.2559555	3.802208	3.4948025	2.668917	3.1521814	3.5496771	3.4379885	3.3308632	2.574683	2.0523822	4.0175753	3.5271246	3.1336944	3.466162	3.5003047	1.7028205	2.4505796	3.1182652	3.1192565	3.8817208	1.6068331	2.4830763	3.2654822	2.325943	2.602338	2.9340591	2.7916732	2.9865744	1.6270963	3.5163915	3.4806895	2.3475738	0.6625256	2.6173096	2.99956	2.8034983	1.4554178	1.0883236	3.124777	1.7353235	2.6931777
BZW2_8165	6.2666297	5.2415056	6.104662	5.8662405	5.8137217	6.0000534	5.762014	6.456777	6.756607	5.8812203	6.2202506	5.2361894	6.7709503	6.219206	5.5553536	5.8044944	6.1409154	5.4793434	5.827076	5.9703684	6.5263295	6.3268414	6.452557	6.402341	5.851463	6.25132	5.8996754	6.9080105	5.50341	5.672869	6.0982895	5.668002	5.7196712	6.4029884	5.4540486	6.334692	6.312834	5.726402	6.184263	5.700061	5.657106	6.395007	5.6257567	5.727988	6.3745427	6.52693	6.623108	6.6854815	5.873403	5.815745	5.4625654
C1QA_8167	5.5741963	3.8886662	3.2047765	3.9797099	5.4219613	4.5457015	4.011255	5.6926413	6.008361	4.007263	5.4232335	3.9438322	7.34544	4.3320727	4.46205	5.821671	4.996322	3.4847689	5.132664	4.065186	4.2964406	4.463156	4.8317766	5.4192967	6.168385	4.360822	5.27221	6.6455326	4.273237	4.3389096	5.1049714	4.3698306	5.65065	7.243388	4.750989	4.387344	5.802193	4.877557	6.069288	3.3525324	5.2059503	6.6116	5.2811537	5.829203	4.3918386	4.595598	7.3231497	6.4641094	5.471383	5.99769	3.9813085
C1QB_8168	8.364565	8.147533	8.353422	8.06695	8.121023	8.23738	8.700299	8.206174	8.808565	8.237551	8.71164	8.327132	8.664473	8.96194	8.148347	8.514956	8.39913	7.8863993	8.40132	8.686907	8.450468	8.270537	8.387517	8.238472	8.065707	7.9692082	8.545435	8.527619	8.145381	8.199422	8.754845	7.8447895	7.7820168	8.701972	7.9269624	8.185168	8.156677	8.613313	8.247413	8.211767	8.617009	8.4426985	8.458925	8.140567	8.357051	8.746217	8.460971	8.543927	8.1455555	8.196516	7.8209877
C1QBP_8169	6.295794	5.6904993	6.8157783	6.505278	6.2260737	7.141914	6.7309055	7.048869	7.195787	6.8392353	6.975836	6.412374	6.806693	7.216935	6.4121017	6.615592	6.912386	6.5176105	5.990664	6.316464	7.3936667	6.852675	6.8	6.0574255	6.6665006	7.0505357	6.807624	6.8987503	6.8250675	6.7790675	6.6713977	6.5864177	6.1777625	6.5646596	5.7988915	6.424206	6.4657097	6.3211207	6.516004	6.34824	6.509608	6.670708	6.251488	6.297975	6.7274227	7.3038673	6.498907	7.1068673	6.311344	6.283086	5.9264593
C1QC_8170	9.906991	9.5579195	9.764186	9.579774	9.715559	9.671167	10.073509	9.981257	10.089636	9.886192	10.159471	9.511368	10.4549265	10.273232	9.955891	10.1728525	10.026654	9.344462	10.15163	9.936635	9.909606	9.83292	9.818755	9.837033	10.109599	9.538709	9.999712	10.447405	9.947797	9.656956	10.359462	9.441979	9.563716	10.5535145	9.54327	9.576333	9.927882	9.442254	10.049952	9.477689	10.040617	10.54009	9.884504	9.85307	10.110634	9.938385	10.275236	10.639042	9.481909	9.840923	9.39688
C1R_8171	1.6305549	2.1547542	2.696003	1.9837908	2.498873	3.7218108	1.8601638	4.032947	3.6225116	3.3957052	3.2559555	1.6591743	2.1454625	2.8329227	1.5716753	1.5888703	1.9300845	3.4098673	1.1630801	1.8148876	2.8513174	2.5739944	2.5023503	2.526371	2.2834883	2.002579	0.7119802	3.4579172	2.3618937	3.3706653	3.3023546	2.3030627	2.7090814	3.277517	1.9328802	2.9340591	1.687787	3.7513156	0.76239324	1.156129	2.9589396	2.5288935	1.1148349	1.8351252	3.6433938	3.2054403	3.4427273	2.130537	2.6659598	2.5005684	0.71652496
C1S_8172	6.7951546	5.99386	6.806979	6.3466806	6.2372384	7.004048	6.6291485	7.552597	7.508292	6.270482	6.8637605	6.2445645	6.806693	6.9304056	6.088839	6.4597473	6.8869143	6.3574247	6.2824345	6.147377	7.016543	6.875683	6.4946384	6.539934	5.945024	6.6363983	6.9183097	6.9354386	6.8400416	7.2440944	7.6883516	6.5260973	5.894036	6.773155	5.7988915	6.9048247	6.326211	7.7389374	6.9243407	6.1750855	6.6427393	6.817425	6.7581515	6.3781085	7.2849026	7.129958	6.3111796	6.9645085	5.6355367	5.322643	6.078379
C2_32411	5.1319685	4.362231	3.8777544	3.9797099	4.293499	4.269857	4.545916	5.356178	5.847549	5.198399	5.3342767	4.8247266	6.1468296	4.2179937	4.699605	5.1349735	4.418063	4.696041	5.080776	5.1029844	5.064556	4.6167192	4.5736127	4.7220893	4.8114586	4.5578804	5.0950236	5.9107904	4.848004	4.654402	5.8817883	4.007584	4.644004	6.2591925	4.72047	4.931804	5.131954	4.4899464	5.5316825	3.2630503	4.2700734	6.2858133	5.555977	5.9539766	4.780875	5.5424905	6.279171	5.9499664	4.6976795	5.0457573	4.4741917
C2CD2L_8174	5.5257835	4.515292	5.888145	5.4448147	5.5348477	6.326628	5.0252886	6.1945033	5.956723	5.60358	5.4232335	5.2083855	6.1328173	5.3236547	5.3380656	5.386539	5.907522	4.7577496	4.8209805	5.453237	6.0428376	5.9324865	5.8587227	5.5225253	5.9145064	5.32528	5.47208	6.2242126	4.8180656	6.0046506	5.0760975	5.1335516	5.848533	5.6960816	4.557369	6.075228	5.6402645	5.7819366	5.7339687	5.5939684	5.838872	5.4349613	4.496046	5.5809426	6.1794133	5.56545	5.458717	6.180268	5.5095096	5.3640327	5.023155
C3_8175	5.5582385	6.211148	4.1243386	6.778148	5.7053366	6.661947	4.124374	3.6469922	5.828522	5.993316	4.59055	4.7876277	6.5141635	3.9585884	4.8386974	4.5703955	5.359435	6.6937003	4.1482205	2.8670673	6.7371736	4.0429063	7.3648453	6.0343213	4.150857	2.810302	5.47208	5.835142	3.8086765	3.7699122	4.2789087	5.875632	3.9791842	4.252681	6.203763	5.352457	4.2864017	4.9111533	4.0284495	6.4327383	4.319868	4.749603	4.7358174	4.196462	4.857496	6.561601	4.491154	4.4853687	4.279152	4.378588	4.51535
C4A_8176	5.621037	4.9236193	6.0460434	5.4642606	4.732725	6.2644205	5.8135314	6.1945033	6.9092894	5.3180447	5.9676685	5.8358555	6.5356226	6.3055296	4.278726	5.639946	5.9895873	5.651778	4.617513	5.7003293	6.0276427	6.003841	5.1801004	6.6953044	5.213594	6.1171303	6.1535134	6.3244386	4.273237	6.410957	6.4188776	5.6492715	5.923593	5.714579	4.780875	6.484906	4.4902925	6.0913024	6.425407	4.676478	5.9694095	5.8473415	6.07564	7.0787296	6.2089577	6.52693	5.3396177	5.356937	6.0126553	5.2800303	5.686296
C4B_32606	2.3764687	0.0	1.2448933	0.66999	0.66134334	1.8913333	1.8601638	1.3431008	1.3270301	2.312845	1.4386133	4.8961797	2.3531	1.7211257	4.068669	1.8787316	1.6360242	1.7073178	1.5155233	1.5304413	0.0	1.5149852	4.9084945	2.7696137	0.0	0.0	0.0	1.724663	0.0	1.0698712	1.8983116	0.7275637	0.6919362	1.5883089	4.373451	1.6844561	0.0	3.1074347	2.5543716	0.0	2.6826673	4.3762045	0.6625256	4.9916935	0.99974865	1.3192296	0.66064256	1.0883236	1.7554088	0.0	1.7010021
C4BPA_32954	1.6305549	2.9829214	1.9030463	4.43877	3.2814488	3.3901486	0.0	0.82250994	2.6509938	2.7128305	0.0	2.200775	1.2447265	0.0	0.72900796	0.0	1.6360242	3.247281	0.6957044	1.1757872	4.572536	1.7979587	5.372929	2.977701	0.0	0.0	2.271517	2.9846053	0.0	1.0698712	0.0	1.8573289	0.6919362	1.2252613	3.0578372	1.3080859	0.7995354	0.0	0.76239324	3.7318203	2.133485	1.6063654	1.968738	0.0	1.999623	3.696286	1.9649282	2.6012702	1.4762079	1.7353235	1.3829705
C7_8179	11.332568	10.284832	11.184003	10.989025	10.408256	11.427384	11.128143	11.9219475	11.867638	10.648461	10.709794	10.450073	10.50474	10.913559	10.4574585	10.915498	10.545859	11.081759	10.593606	10.761131	11.460003	11.616132	10.951238	11.307781	10.947344	10.980358	11.244881	10.922063	10.551164	10.725613	11.993039	10.945298	10.934355	10.585272	10.215018	11.149293	10.467782	11.821135	10.480907	10.63274	10.76229	10.549306	10.757308	10.307972	11.451481	11.01787	10.349044	10.331911	10.030588	10.158683	10.225675
C8G_8182	2.6417313	2.3301039	2.9727023	1.9837908	1.9663466	2.9587402	2.486291	2.0264177	3.43397	2.0617402	2.3995826	1.6591743	2.534579	3.6420867	1.5716753	2.1199853	2.1742368	2.467557	2.7174463	1.8148876	3.5911667	0.69538784	3.5713751	2.2336307	2.6224735	2.250642	2.0670378	2.2755182	2.3618937	2.5720668	1.2411588	1.8573289	2.2304184	3.277517	3.2410011	1.6844561	2.23349	1.914702	2.9933162	2.228283	2.133485	1.8978021	1.4586725	1.1915702	3.3918626	2.2443757	2.7672026	3.0567124	1.4762079	1.4579389	2.8299677
C9_8183	2.515188	2.1547542	2.353332	3.6804638	2.3422368	3.9912984	0.7291152	1.3431008	2.4663844	2.5266557	1.8342675	2.200775	2.695759	0.82019544	3.0413287	2.5073261	3.7706692	2.854038	0.0	2.593747	4.0175753	2.4155526	4.9574633	2.6531126	2.4629142	2.002579	3.003343	5.9826694	2.5190232	1.6773919	1.6068331	2.6430998	2.5664744	3.463993	3.1523242	1.9826764	2.23349	2.8546557	1.920373	3.167649	2.133485	2.6899478	1.968738	2.0738304	3.0870192	3.777187	3.5891576	3.6809788	3.8144693	3.9597363	2.280753
CALCOCO1_32442	2.6417313	2.1547542	3.4046404	3.302455	2.6401563	4.0514793	4.068923	4.8412323	4.608057	3.7760599	3.9579256	3.2680495	3.7363482	4.2179937	3.0413287	3.175133	3.0048497	3.8672233	3.5278807	3.3845623	3.747729	4.3362055	3.803364	4.1642017	3.4156697	4.069322	4.504222	4.720022	3.9806933	3.9854841	4.328719	3.148948	4.0876074	4.759719	3.3245418	3.7599108	3.7643874	3.8236685	4.357303	3.167649	3.9915128	3.9367666	3.3681562	3.7907844	3.9995286	4.4551363	4.5638094	4.6236115	4.0396147	2.9979472	3.4554782
CALR_8190	9.811775	8.899369	9.319084	9.112812	9.323528	9.718338	9.736873	9.586299	9.883849	9.575492	9.586953	9.399014	9.811956	9.951596	9.427824	9.563633	9.780322	9.139512	9.258847	9.449572	9.992157	9.659269	9.65399	9.256191	9.483886	9.548881	9.453151	9.944343	9.636562	9.576158	9.3628025	9.021729	9.141475	9.679203	9.027346	9.58329	9.477069	9.37161	9.297065	9.036152	9.3217745	9.990507	9.173527	9.549936	9.796349	10.213764	9.536567	10.4110155	9.492656	9.247561	8.856346
CALU_8191	10.709869	9.799734	10.364425	10.391567	10.197211	10.481528	10.357157	10.962877	11.178571	10.372566	10.393962	10.239552	10.546299	10.684403	10.136967	10.644591	10.469981	10.209665	10.054092	10.264374	10.950744	10.855465	10.462169	10.436693	10.390268	10.254029	10.483322	10.56841	10.078238	10.432179	10.261074	9.622067	10.125964	10.232629	9.700086	10.495032	10.074792	10.444806	9.963047	10.12007	10.476964	10.127794	9.890718	9.611617	10.537686	10.533449	10.100801	10.547554	10.081307	9.84641	10.026545
CAMP_33271	5.0657864	4.950719	5.3480306	5.93754	5.8864393	3.9912984	4.1777725	5.854682	6.041787	6.028826	4.990539	5.9409657	5.2472773	6.204303	6.647924	6.7562313	5.9573193	5.2834644	7.1336756	6.383273	8.082555	6.4027247	6.5193105	6.3187585	6.004189	4.81067	5.364475	6.391992	5.9104743	5.733739	5.0760975	4.835181	6.6091886	6.1273417	5.4906793	4.664262	4.5823607	6.508376	5.842991	6.6861176	7.674303	5.365103	6.050487	6.012537	5.7676907	5.8903933	5.400396	6.5446396	6.163751	6.7877517	4.365845
CAMSAP2_8192	6.5265374	6.2333884	6.6874213	7.059592	6.168916	6.9096565	6.550358	7.244336	7.3637924	6.3143096	6.8637605	6.400136	6.8587003	6.5491004	6.088839	6.8344717	6.7894716	6.435025	5.9037404	5.955808	6.7183695	7.1328535	6.738287	6.7948937	6.5221596	6.4127884	6.335504	7.0317698	6.315937	6.682015	6.323825	5.775549	6.6714892	6.320858	6.1589465	6.599144	6.0480523	6.562237	6.3161845	6.3263187	6.613089	6.452279	5.846407	5.7625213	6.7137475	6.417617	6.5264363	6.553316	6.1874638	5.830585	6.0223746
CANT1_8193	4.872845	4.1447926	4.68146	3.8673456	4.205286	4.9765935	4.5859704	5.121559	5.158002	3.689954	4.9511933	4.402222	5.0526247	5.790793	4.699605	4.6104794	5.027739	4.380134	3.808712	4.778334	5.003735	4.912076	4.4421554	4.286571	4.7436357	4.4126673	4.9236407	5.775683	4.0849395	4.91313	4.922364	3.8193421	4.5711703	5.019812	3.8606849	4.4856753	4.6262813	4.943985	4.0284495	3.7970295	4.41458	5.075422	4.013831	4.429227	5.1080365	5.4713345	5.6709433	5.594049	4.09081	4.457192	4.1990376
CAR3_8196	3.7064028	6.1539984	2.353332	5.7282867	4.6006374	5.6176095	3.255363	3.8907034	5.063521	4.9616933	1.8342675	3.1560693	4.99182	0.0	2.1001348	4.351345	3.6944115	4.664168	2.238191	1.1757872	6.0428376	2.2375386	6.86561	4.076447	2.7661297	2.810302	4.7634163	2.4880157	1.751022	0.63191724	3.8717287	3.67865	2.2304184	4.0344577	4.89459	2.6244397	0.0	1.6218852	1.2585819	4.7107253	1.6005821	4.5541725	5.2593656	2.760871	3.6433938	4.9145117	4.6329803	5.7531395	2.190403	1.4579389	2.280753
CARS2_32316	1.6305549	1.7233189	2.5348177	2.361048	1.7338829	1.8913333	2.3061843	2.8375075	3.43397	2.5266557	2.3995826	2.200775	2.9724503	2.0223966	2.6461606	3.175133	2.87268	2.9628441	1.7985483	2.73687	3.1040103	2.7167444	2.210754	2.6531126	2.896768	2.462245	2.6098514	3.1182652	2.9081242	2.8167744	1.6068331	1.8573289	2.2304184	2.506633	1.7024508	2.6244397	2.7916732	1.2540979	2.5543716	2.228283	1.2357911	2.3475738	1.7361305	0.71545935	3.0870192	1.9966261	2.6385555	2.7293007	1.4762079	2.3438904	0.71652496
CASC3_8197	2.0511916	1.4470309	2.696003	2.788815	2.6401563	2.1333084	2.3061843	4.032947	2.0063746	3.3957052	3.1206355	3.3719604	2.534579	2.668917	2.3059688	3.175133	3.4379885	2.467557	2.238191	2.73687	3.4155223	3.2735868	2.952313	3.0714748	3.016553	3.0904965	1.5430765	3.4579172	1.4722159	3.648705	2.6905363	1.8573289	2.4082093	2.6671908	2.7303865	3.6790886	0.0	2.3661232	2.372343	2.228283	2.133485	2.1401448	2.642854	2.4578679	3.2474778	3.9957814	3.3635335	3.8024087	2.79505	1.7353235	1.7010021
CASK_8198	3.2304003	2.1547542	2.696003	2.361048	1.9663466	3.4804814	3.5263135	3.3535717	4.1978536	2.8777032	1.8342675	2.756088	3.093146	3.2360482	2.921244	2.8123772	3.613897	2.3117008	2.238191	3.3845623	3.3189702	3.3631423	3.2947974	2.7696137	3.12715	3.0904965	3.2164025	2.673195	2.5190232	3.1201398	3.0876935	2.3030627	1.7915226	2.325943	1.0890009	2.7875395	2.4444666	3.1074347	1.6270963	2.8365164	1.8915004	2.6899478	3.100484	1.5489385	3.6999757	3.4221838	3.2797384	3.239858	3.0230174	1.7353235	1.550732
CASP1_32985	8.0676	7.2942276	7.750919	7.4638953	7.287944	7.659647	8.135181	7.8835897	8.05831	7.7288084	8.1328	7.3791537	7.6752925	8.139509	8.079883	7.946392	7.85038	7.383274	7.9448075	7.781976	7.9026923	7.554854	7.5716414	7.347675	7.4624915	7.56184	7.9685397	8.242978	8.121067	7.502047	7.9652576	7.944181	7.4926224	8.219319	7.542532	7.338941	8.410102	7.6816883	7.8932576	7.088995	7.6790805	8.265501	7.69983	7.408097	8.073641	7.8060913	8.006336	8.395011	7.36076	7.661816	7.5210056
CASP2_8200	6.703818	6.1065907	7.122787	7.06597	6.7780867	7.085462	7.346736	7.3226075	7.606502	6.477408	7.2516084	6.9376674	7.270627	7.39155	6.891083	6.916702	7.4877133	6.677826	6.600651	6.9218397	7.463083	7.266524	7.09629	6.7172313	6.9179645	7.0090356	7.0422115	7.564104	6.832574	7.196234	7.1855855	7.1364174	6.6714892	6.9238386	6.2789907	7.1191278	6.995851	7.050851	6.7579637	6.099553	7.267974	7.057806	6.61965	6.389201	6.947869	6.9054303	6.872303	7.7594247	6.493587	6.8252816	6.3297977
CASP3_8201	6.370801	6.057572	6.280225	6.3255715	6.021724	6.4208965	6.6387014	6.6786265	7.2752247	6.2852397	6.8531265	6.2983074	6.342156	6.694831	6.3668447	6.4264517	6.97819	5.9316025	6.270903	6.4366775	6.9536185	6.524189	6.4695373	6.14631	6.18126	6.2079625	6.191795	6.9354386	6.7477717	6.4747553	6.475255	5.9386935	5.99494	6.099461	5.897673	6.137053	5.981976	6.2702465	5.9279437	5.861193	6.4770584	6.7459307	5.889598	6.0825453	6.6860027	6.639401	6.246436	6.842389	6.163751	6.099226	6.1055865
CASP7_8203	5.3140416	4.0970764	5.3720922	4.9050636	4.882456	5.5144806	5.708588	5.356178	5.4345613	5.374341	5.3033624	4.628886	5.3232794	5.504856	5.493533	5.7695155	5.454976	5.174556	4.7562947	5.1548963	5.2850423	5.253958	5.3908668	4.36274	4.8762355	5.352082	5.6103992	5.328603	5.2800474	3.5840557	4.9858365	5.1335516	4.873356	5.2902904	4.06882	4.8964896	5.0375247	5.12668	5.3710546	4.95886	5.151987	4.6355476	4.458293	5.0764866	5.475242	5.7166843	5.0671244	5.2962046	5.329397	4.7964797	4.6322165
CASP8_32959	5.695876	4.6536617	5.4645157	4.43877	5.2341156	5.8386474	5.6341295	5.6042423	6.1982017	5.2292533	5.5339046	4.710439	5.7292805	5.70869	5.19002	5.5187993	5.522696	4.9013753	4.9422517	5.1548963	6.21369	5.510678	5.680604	4.325158	5.4868245	5.32528	5.9150124	5.873462	5.2354407	5.1769557	5.6269608	5.212228	5.197555	5.8036685	4.657425	5.1272597	5.5056505	5.288818	5.2963333	4.641398	5.179221	5.2916884	5.302618	5.020515	5.5994205	5.834782	5.7817044	6.0514493	5.147925	5.423973	5.0088153
CASP9_8204	4.0177727	3.430726	4.1243386	3.7454848	3.6589074	4.10925	4.068923	4.2230396	5.158002	4.6783786	3.2559555	4.4504933	4.7923274	4.947674	3.255121	4.5291653	4.8633313	4.380134	3.1788383	4.5646772	4.653956	2.9657874	4.694086	3.659754	4.5586634	4.5578804	4.7634163	5.382743	3.681432	5.0629745	4.5961013	4.007584	4.679086	4.8292685	4.591498	4.745896	3.9136333	4.0814734	4.704146	4.085053	4.41458	4.9216905	3.8485553	4.7025595	4.780875	4.55028	5.5147715	4.7796435	3.2198298	3.8474822	4.0942764
CASQ1_32992	0.6079388	1.9551042	2.145686	1.750284	2.498873	2.521582	2.1003423	2.2757223	1.3270301	2.5266557	0.8916533	2.410535	2.8407278	2.8329227	0.72900796	2.6678994	2.1742368	1.4325044	1.1630801	0.7045007	3.4155223	2.7167444	1.353526	2.6531126	2.7661297	2.250642	2.4505796	4.0988913	1.4722159	0.63191724	2.1406834	1.8573289	2.4082093	1.2252613	1.4280888	2.7875395	1.687787	2.1579974	1.920373	2.7067823	2.6826673	0.7498454	0.0	1.5489385	2.169534	1.3192296	1.9649282	0.0	1.9892389	0.66210103	1.193102
CAST_8205	7.3620577	7.059206	7.5010915	7.343052	7.205077	7.7486796	7.848686	7.9433656	8.319079	7.312439	7.6021276	7.248734	7.987073	8.008379	7.3170257	7.74054	7.9764876	7.036372	7.1079826	7.5251913	7.687533	7.6379457	7.5833893	7.347675	7.5193686	7.3388066	7.8094006	7.9019914	7.6074004	7.5064144	7.6931133	7.497455	7.286266	7.8230443	7.390904	7.3842607	7.661258	7.7575264	7.689363	7.1464224	7.924136	7.8710523	7.5145135	7.190747	7.810071	8.288985	7.9666924	8.300256	7.345032	7.2463875	7.088269
CAT_8206	7.6487136	7.8708124	7.839876	8.333324	7.7829723	8.433875	7.3641167	8.63494	8.545689	7.7973304	8.060688	8.205823	8.657148	7.9244795	7.532159	7.823881	7.988513	8.008829	7.324239	7.3636174	8.337943	8.235393	8.407479	8.347932	7.85286	7.544516	7.771987	8.472512	7.53563	7.7724843	8.12884	7.214942	8.0994	8.132564	7.7303853	8.5599985	7.545935	7.748262	7.889026	8.131875	7.600674	8.337188	7.274939	8.345242	8.341574	8.336476	8.237676	7.932356	7.8020415	7.773549	7.0642014
CAV1_32536	8.144429	7.966859	7.685215	8.248946	7.704699	8.829368	9.02199	8.345621	8.842155	7.633992	8.310437	8.307609	8.103011	8.572739	7.8729033	7.95809	8.171936	7.4641676	7.8893285	7.985625	8.782362	8.000899	8.383042	8.008855	7.6315074	7.666979	8.935893	8.958117	7.65475	7.7357554	8.819424	7.5589595	7.7201996	8.189875	7.2853947	8.144355	7.903605	8.499206	8.714843	7.869237	8.545558	8.527754	8.54023	8.436292	8.454826	8.544333	8.717363	8.524202	7.600417	8.12909	7.651347
CBLB_8207	4.1082306	1.9551042	3.2047765	2.907214	2.6401563	3.1905103	3.3514462	3.8907034	3.86589	3.0256517	3.3796642	3.5597103	3.3079073	4.0279417	2.921244	2.326616	3.6944115	3.5559726	2.7174463	2.8670673	3.5060158	2.846633	3.439704	2.0614784	2.6224735	3.3250225	2.0670378	3.8137126	2.5190232	3.208571	3.3023546	3.7507105	3.594322	3.277517	2.461808	3.5024447	3.5068517	3.1074347	2.715985	3.0654895	2.9589396	3.87108	2.168997	2.6173096	2.99956	4.4551363	3.7842216	3.6162026	2.6659598	3.0994654	2.6195898
CBR1_8208	7.8090167	7.4352193	7.580684	7.873256	7.3406568	7.6004467	7.9633656	7.7611713	8.382421	7.628216	7.7698145	7.397738	7.641053	8.166672	7.7103047	7.74054	8.047179	7.436132	7.6959367	7.9045506	8.049085	7.9146605	7.790137	7.4516115	7.682206	7.645472	7.776192	7.745502	7.741044	7.923827	7.749063	7.6370873	7.173926	7.679773	7.290598	7.506412	7.590961	7.5598884	7.5833597	7.101956	7.94412	7.614277	7.3695016	7.294689	7.8851957	8.020657	7.550227	8.041224	7.564648	7.554172	7.276599
CBR3_8209	4.3864694	4.2791452	3.660505	3.5409095	3.590906	4.164796	4.805422	4.492971	4.1372924	3.689954	4.308639	3.4688873	4.1240664	5.295806	3.6820092	3.175133	4.5537415	2.854038	4.245692	3.3845623	4.4862447	4.0961194	3.8559678	3.8830926	3.9845338	4.1325245	4.420727	4.54114	3.4666753	3.648705	4.000245	3.6028	2.4082093	4.1476912	2.306097	4.281817	4.4902925	3.322457	3.5165868	3.2630503	3.8630507	3.87108	2.9989562	3.4946837	3.806888	4.5034924	4.157271	5.0487003	3.3929877	3.4463294	3.2755225
CCDC80_8213	4.0177727	4.1447926	3.736615	3.4657202	3.3652549	4.10925	3.8229792	3.7328856	3.3295743	3.3957052	4.369601	3.5597103	3.093146	3.885732	3.4412823	4.0929766	3.613897	3.0640168	2.8473456	3.3845623	3.1040103	3.3631423	3.5070412	3.5336206	2.2834883	3.21252	4.188035	5.272352	3.681432	3.1201398	4.512362	4.007584	3.06788	3.9115734	2.8479903	3.6790886	1.986288	4.349968	4.4055	2.955541	3.4806895	4.059796	3.7889702	3.574598	3.9064214	3.777187	4.0601544	4.161406	3.309005	4.457192	2.8937876
CCDC86_8215	3.763191	3.351601	4.7565002	3.9246213	3.2814488	4.0514793	3.6063921	4.390976	4.5159154	4.4354167	3.7896788	3.2680495	4.3345904	4.7968874	4.373298	3.3745255	4.6777496	4.380134	3.7434611	4.065186	4.2964406	4.3362055	4.2193546	4.2061553	3.7279603	5.12228	4.7969165	4.916335	4.273237	3.710581	3.7306347	3.67865	2.9579055	4.3505454	3.8606849	4.664262	3.9828393	2.8546557	3.6822517	4.0318656	3.9915128	4.117587	3.5224726	4.03634	4.671942	4.9843264	3.7842216	4.6236115	2.79505	3.5214198	3.3683043
CCL11_33230	1.0343287	1.7233189	2.145686	1.125733	2.8869598	2.6824741	2.6463878	3.1184926	2.814638	0.8429578	3.9579256	1.2862334	2.534579	4.9830303	1.8599678	3.0640497	1.6360242	2.9628441	2.238191	3.0967624	1.911856	0.69538784	2.8522859	3.2425063	2.4629142	0.80882925	3.7825153	4.336896	1.751022	2.4321535	2.835414	2.6430998	2.4082093	2.811656	1.7024508	1.3080859	2.4444666	2.3661232	2.5543716	0.6909027	3.2939854	3.4885392	7.590647	2.760871	4.2849255	2.8034983	3.4427273	4.556145	3.309005	2.7705867	2.4600961
CCL17_32810	5.1533713	5.003438	4.3830233	3.9797099	4.6006374	4.913135	5.5556183	4.761728	5.2466736	5.506162	5.5070224	4.072788	5.1942897	5.868474	4.6246834	5.0789332	5.359435	4.9013753	4.999267	4.935002	5.3103766	4.9984655	4.9084945	4.8859277	5.1363587	5.5032077	5.31908	5.1213093	5.6120834	4.745898	4.786373	5.2868347	4.873356	5.8208447	5.212279	4.664262	5.6615276	5.3390527	5.487584	4.0318656	5.577462	5.1326027	5.0968738	3.9787574	4.614228	4.9498415	5.3396177	5.4712305	4.14025	4.993965	4.824606
CCL2_8218	5.0430336	5.3267236	4.06653	3.5409095	3.7238476	4.269857	5.0824094	4.588229	4.3118453	4.26721	4.990539	3.03466	3.8774855	4.7968874	5.2157736	5.409442	4.418063	4.0754232	3.9884303	3.6243875	5.003735	4.1474395	4.2193546	4.286571	3.4156697	4.193074	3.9104564	4.54114	5.1418643	5.220141	5.3657823	5.237528	3.666024	4.252681	4.657425	4.044337	4.4902925	5.7074046	4.202226	3.7318203	4.2700734	4.8209195	4.9137297	3.4100819	4.671942	4.2436643	4.374813	5.0487003	3.309005	3.8474822	3.3683043
CCL21_33005	8.799023	8.26824	8.592356	8.450084	8.6310215	8.48387	9.526571	9.224264	9.380257	8.627463	8.290871	7.9900885	8.014079	9.390039	8.083384	8.517594	9.411951	9.018684	8.361102	8.308564	8.968926	8.452432	8.828601	8.544703	9.134267	9.365376	8.832669	8.697443	8.599303	8.933883	9.005119	9.243985	8.500918	8.800504	8.772322	8.697155	8.628293	9.875687	8.752597	8.422743	8.740988	8.003404	8.698382	6.9721084	9.186851	8.878152	8.424855	7.8431826	7.836196	8.010287	8.210611
CCL22_33187	3.8704717	3.6449819	4.1799192	3.6123734	3.78599	3.2937799	3.6822586	3.458151	4.0740767	3.3957052	3.8762534	4.542445	3.8774855	4.4377885	3.9509327	3.175133	4.369845	3.8672233	3.4482138	4.4857965	4.0778275	3.6026177	3.8559678	3.1595235	3.8619432	3.6178672	3.6421144	4.4426293	3.7464566	3.648705	3.654551	3.7507105	3.4392512	3.548908	3.8035955	2.6244397	3.6835446	4.0814734	4.0284495	2.228283	3.2939854	3.1983922	3.4473767	3.0111494	4.08699	4.12504	3.843792	4.4853687	4.14025	3.2832968	3.3226593
CCL24_33270	4.312294	4.047728	5.1112504	3.6804638	4.293499	5.095705	3.6822586	5.510071	5.158002	4.8470116	5.1025214	3.8747573	5.747786	6.219206	4.326787	4.863637	5.407996	5.031988	4.65348	4.0098786	4.8041854	5.3447027	5.542997	5.1876307	4.47748	5.352082	5.3866477	6.6998563	4.0849395	4.37757	5.8817883	3.947525	4.5711703	7.0602617	5.3581843	5.0328393	4.970953	5.0977926	5.7895093	3.6635237	5.5359282	5.6848	5.5912886	5.4171906	5.7274275	5.4468136	6.5173182	6.769795	5.6006384	5.572612	4.535497
CCL3_32935	5.7247577	5.127377	5.5301437	5.821706	5.1888294	6.238766	6.2473373	5.4351754	6.074456	5.8812203	5.5602946	5.0607114	5.1392817	6.3869777	5.708323	5.29111	5.784175	5.031988	5.8112416	5.7176933	5.899955	5.322546	5.027934	5.4013505	5.606204	5.7244716	5.5329905	5.9107904	5.7131414	5.5084114	5.5022736	6.0991178	5.173154	5.5594993	5.628554	4.931804	5.9127274	5.852807	6.069288	4.6054435	6.030501	5.2143373	5.860948	4.4715905	5.4257736	5.4954453	5.3396177	5.0487003	5.2186785	5.830585	5.2473617
CCL4_8219	2.0511916	3.7719631	3.736615	2.361048	4.6681924	3.8628378	3.8885062	3.555659	4.608057	3.7760599	3.9579256	3.03466	2.695759	4.5362835	3.5260668	3.3745255	3.613897	2.608205	3.4482138	4.0098786	3.4155223	3.8079436	3.9067206	3.3209743	3.12715	3.3250225	3.7825153	3.8904636	3.8683236	2.8167744	3.8717287	3.8848567	2.4082093	4.442191	3.744154	2.9340591	2.9382603	3.322457	3.5165868	3.167649	3.794259	3.3017287	3.1953344	2.4578679	4.043922	3.4221838	3.2797384	3.742971	3.4723492	3.2832968	2.6931777
CCL5_32784	5.195247	6.3701515	6.342441	6.4575634	6.7932954	6.074454	6.529969	6.1945033	7.4029055	6.299848	6.634588	6.7479105	6.628426	7.4931426	6.3201213	6.7739882	6.603909	5.4975443	6.270903	7.1111207	7.1971626	6.1619368	6.988504	6.157045	5.8674836	6.6899047	6.265438	6.6455326	6.699325	6.5358515	6.0396748	6.139942	5.559454	6.978435	6.6304083	6.308062	6.5249176	6.8227243	6.21163	6.0734706	6.5725827	6.3832746	6.7346563	5.692608	6.740969	6.170488	6.5711827	6.5359106	6.576745	6.261345	6.036581
CCL6_32398	3.6472874	4.5511484	4.561031	5.3008204	4.061947	4.3196507	5.0252886	5.1838865	5.8663282	4.6783786	5.5070224	4.1911564	4.99182	5.084181	4.871472	5.020627	4.6777496	4.4932985	4.688572	5.1548963	4.972335	4.1969967	4.40733	4.601519	4.997667	5.183252	4.657979	5.509819	4.8773336	5.322766	5.412729	4.323325	4.644004	5.7862854	4.974355	4.664262	5.4578357	4.6576767	4.9514475	4.6054435	5.3566923	5.341044	5.145197	4.7376995	4.584481	5.083095	5.4963274	5.2962046	4.14025	4.9402447	4.4741917
CCL7_32689	3.3831434	5.607789	3.0934007	1.9837908	3.78599	2.521582	4.011255	3.8907034	3.0949595	3.3957052	4.1783977	3.03466	2.9724503	3.885732	3.9509327	4.9905663	3.1259208	3.9221573	3.274329	3.5487905	4.191271	2.846633	3.9557486	3.5980654	3.5802486	4.3070445	4.188035	3.8904636	3.681432	4.1283503	5.0760975	4.8999963	3.594322	3.463993	3.0578372	3.0670605	2.6284897	3.9583218	1.6270963	3.167649	2.3406515	4.117587	4.458293	2.6173096	3.953726	2.8034983	3.9009998	3.6162026	3.2198298	3.2832968	2.9549038
CCNA2_8221	6.7537165	6.5580997	6.5144486	7.0912046	6.8884273	6.808655	4.9037795	7.5466795	6.8539095	6.972861	6.75372	7.1053424	6.254282	5.6658173	5.9422774	6.9944963	6.7429056	7.0175757	5.5878243	6.1215186	6.845124	7.446335	7.1499424	7.2457576	7.028967	6.163261	6.0321703	5.892247	6.448866	7.11276	5.9940963	5.984244	7.130228	5.3387933	6.4468503	7.3123903	5.743579	7.124307	5.825383	7.5573444	6.62304	5.8473415	5.4826493	5.9389577	6.5994153	6.0777154	4.374813	4.3324614	6.322096	6.135532	5.978897
CCNB2_8223	8.563531	8.120938	8.266235	8.956815	8.486457	8.253482	6.6291485	9.29833	8.34274	8.465213	8.451057	8.742662	8.014079	7.51142	7.868851	8.648497	8.539246	8.396027	7.447158	7.5641084	8.63474	9.041118	8.674207	9.23861	8.749559	8.007645	7.8931007	7.638309	8.230237	8.545522	7.798511	7.760031	8.967934	7.665582	8.246366	8.873237	7.5686235	8.471323	7.1881523	9.338149	8.178103	7.9684954	7.196851	7.8942127	8.010727	7.548193	6.352782	7.5412602	8.009167	7.373431	8.157976
CCNC_32560	8.855612	8.262844	8.707939	8.923835	8.579315	8.934981	8.906136	9.104503	9.243297	8.618752	8.9721365	8.70087	9.078621	9.175666	9.014401	8.95713	9.20937	8.523625	8.722394	8.664698	9.397597	9.104171	9.036602	8.58103	8.806763	8.633697	8.893938	9.274998	9.021643	8.887756	8.710911	8.791282	8.714663	8.718105	8.371947	8.7769985	8.970409	8.558713	8.638757	8.378158	8.906979	8.996745	8.318482	8.293043	9.068276	9.098796	8.833955	9.322283	8.846131	8.7351885	8.754744
CCND1_8224	2.7580647	2.75593	2.840976	3.1183274	3.1924727	2.521582	3.255363	3.7328856	3.0949595	3.0256517	3.1206355	2.756088	3.6602395	3.5507815	3.1521814	3.2782712	2.727169	2.608205	3.1788383	3.0967624	3.5911667	3.6026177	3.5713751	2.877406	2.896768	1.7028205	2.8837204	4.1621737	2.7897131	4.034695	3.9374175	2.6430998	2.7090814	3.7050712	2.1315236	3.8364446	3.3054578	2.7094493	3.2258344	2.7067823	4.109465	3.8022594	3.100484	3.1216903	3.857513	4.061858	3.7842216	3.6162026	3.0230174	3.3671148	2.7631934
CCND2_33278	3.3831434	2.1547542	3.5801554	3.5409095	3.0976462	3.9912984	2.7904801	4.2230396	4.0740767	3.5983813	3.6975753	3.5597103	3.8774855	3.3487625	3.888254	3.7780194	4.369845	3.4098673	2.7174463	2.2562509	3.5911667	4.1969967	3.9067206	4.2469234	3.5802486	3.93395	2.7532747	4.4927254	2.7897131	3.8268995	3.5742307	3.0381281	3.594322	4.3024426	2.602338	3.8364446	3.5979016	3.1074347	3.89976	2.8365164	3.9915128	2.9664538	2.7715712	3.224361	4.5230813	4.2995086	4.374813	4.6880627	3.75223	3.660804	3.7933116
CCND3_8225	3.3087924	2.3301039	3.0934007	3.2133267	2.498873	2.9587402	1.5718547	3.458151	3.7082813	2.7128305	3.6975753	1.955242	1.9028349	2.2714932	3.3512022	3.5496771	3.6944115	2.854038	2.035052	1.5304413	3.820068	4.1474395	2.3639069	3.3953938	2.4629142	3.7036133	3.312188	2.8372862	2.185535	3.208571	2.967061	2.097342	3.06788	2.942963	2.7303865	3.9091218	2.4444666	2.9865744	2.5543716	3.9766421	3.8630507	2.6899478	2.642854	2.6173096	3.9995286	3.696286	2.1650176	3.0567124	1.9892389	2.9979472	3.176361
CCNE2_8227	4.0637107	5.003438	4.06653	5.11647	4.7944946	4.9765935	3.4415276	5.5341964	3.2170308	4.6783786	5.4517074	5.641626	4.9283385	3.5507815	4.699605	5.0789332	5.027739	3.8101146	3.4482138	3.7646446	5.034466	4.8201823	4.6648974	5.5225253	4.9682536	4.4126673	4.0833216	4.9879446	4.316707	4.716039	4.750273	4.3698306	5.5212975	4.092185	4.2927747	5.569796	4.2864017	4.734754	3.1142545	5.49918	5.2059503	5.01588	4.064967	4.385582	4.3214507	3.696286	3.1907747	4.2061086	4.730334	4.7964797	4.51535
CCNF_8228	2.3764687	2.75593	3.4950655	3.9246213	3.0976462	3.1905103	1.2111645	4.2812176	3.3295743	3.1598291	4.484301	3.8747573	3.3079073	2.9801729	2.3059688	3.846752	3.8430977	3.7506518	2.574683	3.5487905	3.5911667	4.0429063	3.803364	3.1595235	3.7279603	3.6178672	2.7532747	4.1621737	2.6607075	3.4453578	2.967061	2.6430998	3.7995486	2.325943	2.306097	3.9091218	1.986288	4.3981524	2.1639853	3.7970295	3.4806895	3.6539102	2.168997	3.6503172	3.1694782	3.696286	1.7325498	2.6012702	3.4723492	2.8887413	3.2267935
CCNG1_32302	1.6305549	1.4470309	2.840976	2.6598237	2.1664994	2.9587402	2.9214785	3.240815	2.2546368	3.5983813	3.4935977	3.1560693	3.6602395	3.7279556	2.1001348	3.0640497	3.1259208	2.9628441	2.8473456	2.73687	2.5447638	2.4155526	2.628664	2.2336307	2.6224735	2.002579	2.4505796	4.4426293	3.0175493	3.208571	3.7306347	3.67865	2.5664744	4.485919	3.0578372	2.9340591	3.7643874	3.4190342	2.9933162	2.955541	4.319868	3.6539102	2.642854	3.0111494	3.9995286	3.4221838	3.0959623	3.0567124	2.3669193	2.6418855	2.280753
CCNH_8229	7.021521	7.0085216	7.0046244	7.449332	7.2276444	7.011642	7.532428	7.287555	7.69845	7.230934	7.676392	7.446157	7.4049506	7.5765224	7.2686334	7.4842577	7.543118	7.0671654	6.9933767	7.1306973	7.463083	7.4565444	7.3234158	7.398319	7.2031975	7.3454914	7.648968	7.4609246	7.279652	7.45311	7.0135183	7.583832	7.130228	7.504835	7.119877	6.9048247	7.7079935	7.565174	7.2154465	7.062719	7.53894	7.3446703	7.3695016	6.3096986	7.204072	7.2339344	7.2313375	7.24181	7.02795	7.0637603	7.0076327
CCP110_8230	4.491038	4.0970764	4.1799192	4.43877	4.6348104	5.095705	4.418614	5.022709	4.8536887	4.6783786	5.271771	3.9438322	4.7923274	4.7565928	4.770827	4.8300796	4.931359	4.1692424	4.503897	4.4023523	4.653956	5.0261497	5.0506797	4.96136	4.435108	4.603209	4.583148	6.4438457	4.4785657	4.1729927	4.636216	4.6961017	4.3711686	4.759719	4.5224137	5.0328393	4.5370607	4.9111533	4.6650844	4.56857	4.627276	4.8209195	4.013831	3.4946837	4.9537096	4.8030157	4.666361	5.0730395	4.793504	3.8474822	4.3201213
CCR6_33084	5.1744614	3.6449819	4.7926054	4.032772	4.1113257	5.7138553	5.0824094	4.8020277	4.9270763	3.2825825	4.9107437	3.6451528	5.221027	5.868474	4.46205	3.5496771	4.996322	4.380134	5.34551	4.444678	5.122916	4.7220345	5.0730724	4.076447	4.518643	4.193074	3.312188	5.6923895	4.7243323	4.3389096	4.8215914	4.2255597	3.8619456	5.2902904	4.207318	4.281817	4.9011602	3.8236685	4.7792325	2.955541	3.7220223	4.5541725	3.4473767	3.9187803	5.3393598	4.595598	4.491154	5.3960495	3.75223	4.4184256	4.066853
CCR7_32868	5.388129	5.174117	5.729563	5.18839	5.5881424	6.074454	6.600104	6.2392178	5.789699	5.60358	6.0813713	5.4412074	5.167048	6.277325	5.7441587	5.363267	5.838334	5.5681353	5.157925	5.8015084	5.8489995	5.510678	5.651139	4.806333	5.4447303	5.682851	5.1217074	6.100435	5.576761	5.5764604	6.0396748	5.792719	5.097371	5.4533625	5.144929	5.677744	5.7031364	5.2367706	5.3951254	4.185883	5.3326373	5.74104	4.5687127	5.521692	6.3032846	6.4426346	5.811849	6.426822	5.329397	5.4042683	5.2102437
CCRN4L_8232	1.0343287	1.9551042	1.2448933	2.788815	1.4566294	1.6004289	2.1003423	2.8375075	2.2546368	2.312845	2.8046954	2.410535	1.2447265	2.4838471	2.4860687	3.2782712	1.9300845	2.7363515	0.6957044	1.1757872	2.7061675	2.5739944	2.210754	2.6531126	2.6224735	2.6467445	1.8287144	2.9846053	1.9845754	2.6996026	1.8983116	0.7275637	2.7090814	1.5883089	1.0890009	2.440523	1.3109689	2.8546557	1.2585819	2.7067823	2.8274064	1.8978021	2.168997	0.71545935	1.8069959	1.6973256	1.9649282	2.6012702	1.9892389	2.1681004	2.8937876
CCT2_8233	6.7110524	6.222311	6.3178754	6.2603254	5.9145303	6.4986134	6.8833365	6.43131	6.881865	6.2252812	7.06147	5.92397	6.4134383	7.1010284	6.721678	6.544954	6.9538636	6.2963557	6.247561	6.6596866	6.9932666	7.0543613	6.7728977	6.429159	6.6293993	6.6144276	6.6144705	6.7827325	6.4586015	6.63492	6.395695	6.879456	6.202087	6.728346	6.1589465	6.1817427	6.7097826	6.664277	6.3657513	5.891367	6.4770584	6.5604234	6.337187	5.8454027	6.706861	6.43018	6.3111796	6.7919593	5.887949	5.6415567	5.9935355
CCT7_8237	6.020986	5.003438	5.984942	5.992147	5.7682643	6.145205	6.4776993	6.084442	6.153032	5.801338	6.044457	5.780282	5.612965	6.4131365	5.813266	5.936499	5.9735436	5.805786	5.367332	5.8495555	6.186583	6.0314226	6.2707644	5.664715	6.0186086	6.2934127	6.179147	6.132389	6.1695056	5.8889875	5.6069136	5.6864924	5.5212975	5.4752235	4.974355	5.8537693	6.111234	6.394219	5.487584	5.717008	6.060103	5.8301597	5.2811537	5.5013885	6.284906	6.0935974	5.4776444	6.4823976	5.171897	5.6415567	5.6590075
CD300A_32694	3.4538498	1.7233189	3.3081667	2.1847157	3.0976462	3.2937799	3.5263135	3.240815	4.365632	2.8777032	2.1444392	2.5936327	2.534579	1.3398731	3.822728	3.9123585	1.2662693	3.247281	3.3638895	1.8148876	3.3189702	3.3631423	2.5023503	3.5980654	3.5802486	2.462245	3.2164025	4.8017797	3.3033986	2.6996026	2.6905363	1.5692585	2.9579055	3.0633094	2.1315236	3.405289	2.6284897	1.914702	3.7584567	2.228283	3.7220223	3.9367666	3.4473767	2.2785902	3.4589746	3.5194535	4.33385	3.239858	1.7554088	3.3671148	3.0135357
CD320_8242	4.996422	5.003438	4.561031	4.272241	4.492976	5.151765	5.7444243	5.1838865	4.255975	4.63295	4.6408772	4.072788	3.8774855	5.0175414	4.7356553	4.6104794	4.996322	4.4932985	4.688572	4.675457	4.9074078	5.322546	5.3908668	4.286571	5.0547533	5.153088	5.552736	4.9525843	4.848004	4.745898	4.636216	4.54217	4.533327	5.161381	4.4121585	4.2260103	4.391946	5.288818	4.742178	4.085053	5.151987	4.4227967	4.4195247	3.6503172	5.4589405	4.8782954	5.25438	4.920435	4.6642694	5.020094	4.431824
CD33_33256	5.3329234	4.620293	5.5301437	4.6230755	4.938252	5.637379	5.595408	5.4093204	6.4678288	4.765157	5.61167	4.3005457	5.8369136	5.8301563	4.903518	5.1072254	6.572298	4.928461	4.999267	5.628707	6.102065	5.761857	5.33637	5.269057	4.8114586	5.352082	5.4084845	5.8544292	5.50341	5.4908857	5.267041	4.3698306	4.644004	6.308734	4.780875	5.0650043	4.9364786	4.943985	5.075798	4.49187	5.1242294	5.2405844	4.603718	4.870279	5.303291	5.632215	5.7817044	6.2672195	4.967943	4.765924	4.722857
CD36_8243	7.848918	6.9014764	7.3457265	7.7479544	7.1705503	7.986905	7.7726307	7.9568152	8.388928	7.3550286	7.7296844	7.1571665	7.6944995	7.8922963	7.2624683	7.9696937	7.889383	6.857679	7.0484443	7.2125874	8.225913	7.4966755	7.304614	7.275619	7.5740886	7.8660603	7.750775	7.2872996	7.603018	7.9074073	7.8717456	7.1762137	6.990584	8.179925	7.2268863	7.6721964	7.579836	8.316955	7.6041603	7.424364	7.9160647	7.780032	7.4772463	6.6512084	7.829222	7.872036	7.3795877	8.380457	7.1046786	6.8400245	6.899083
CD37_33149	8.924142	7.9602065	9.279877	8.8388605	8.785409	9.366658	9.558377	9.175246	9.505335	9.200544	9.400522	8.608158	9.410216	9.938148	9.175634	8.614406	9.622083	8.507998	8.986623	9.01649	9.576613	9.299732	9.414151	8.767711	8.912853	9.426549	9.166433	9.614602	9.096818	9.190195	8.687239	9.084076	8.600352	9.452782	8.73464	8.982525	8.997835	8.940618	8.970512	7.999615	8.921164	9.049662	8.528892	8.325166	9.419458	9.863941	9.042187	9.928754	8.920533	8.779839	8.686561
CD3D_33153	7.5104218	7.251277	8.077922	7.4687176	7.7087154	7.8789454	8.538767	8.268621	7.871094	7.717972	8.150279	7.582367	6.8840175	8.618423	8.273175	7.6376114	8.051007	7.255412	8.05648	8.24412	7.375778	7.2838283	7.7102423	6.8880506	7.4142275	7.898241	8.284157	8.047351	7.598622	7.8773723	8.319522	8.434512	7.286266	8.104785	7.424426	7.6721964	8.378347	8.223103	7.810655	7.042693	7.998645	7.743789	7.2694993	7.2282934	8.189323	7.8948755	7.4955597	8.289909	7.431973	7.5179577	7.067664
CD3G_8245	5.5257835	5.2632866	5.937355	5.425103	5.165642	5.5357046	6.116712	6.1483583	5.9212418	5.579835	5.800622	5.180035	4.4744954	6.1431017	6.15689	5.4760456	5.8024545	5.699731	6.0185122	6.05477	5.3597484	5.5301437	5.94624	4.9366517	5.1363587	5.5502586	5.5329905	6.46909	5.6294255	5.5084114	6.3721337	6.1796427	5.197555	5.714579	5.0251822	5.6567907	6.6683674	5.688154	5.4420953	4.8088436	5.9056168	6.068594	5.5379915	5.39535	6.1694293	5.926311	5.841377	6.0142245	4.912108	5.3640327	5.283549
CD4_8246	5.019916	4.235737	4.8278294	4.9050636	5.320635	5.4263177	4.8389583	5.7960286	5.884866	5.8812203	5.5070224	4.402222	6.638378	5.6438937	5.0538692	5.386539	5.8024545	4.787641	5.7790422	5.323154	5.5631294	5.3447027	5.0951223	5.346132	5.835262	4.8859644	5.1736393	6.656562	5.0156536	5.688329	5.9470305	5.212228	5.5212975	6.7007766	5.1217613	5.907975	5.6824822	4.8431597	5.7339687	5.265733	4.9454346	6.570805	5.4826493	5.7625213	5.819685	5.4218693	6.7608266	6.637327	5.2415123	5.462593	4.8569875
CD40_8247	5.8868647	5.127377	5.8713617	5.4834476	5.0937552	5.7686644	5.762014	5.7348895	5.8663282	5.2292533	5.137997	5.180035	5.5298615	6.2914963	5.5951433	5.5603223	5.669346	5.2623305	6.0458336	5.88072	6.1449428	5.5493507	5.680604	5.618858	5.527725	6.003384	5.753771	6.3518405	5.867273	5.777763	5.848026	5.843036	5.5212975	5.6960816	5.16773	5.613949	5.7829185	5.2100253	5.3710546	5.041911	5.597789	6.0087643	5.302618	4.772004	5.699947	6.0123777	5.318776	6.0514493	5.6863513	5.4042683	5.235095
CD44_8248	6.5749254	6.319073	6.5144486	6.5514655	6.2483172	6.9810224	6.8833365	7.1302605	7.0798926	6.477408	7.2677126	6.518079	7.129574	7.317309	6.6384335	6.3456354	6.9207773	6.3272133	6.475634	6.8048563	7.1417866	6.5434747	6.8847246	6.299508	7.036072	6.5111947	6.864028	7.161318	6.9337606	6.57796	6.8005705	6.4844356	6.618255	6.8251514	6.34049	6.8688354	6.8460326	6.333564	6.681732	6.4016285	6.9340663	6.9898014	6.718777	6.604381	7.060197	7.1976542	6.498907	7.1244416	6.531139	6.652313	6.158509
CD48_8249	10.367587	10.0952015	10.313302	10.04607	9.783773	10.320418	10.653615	10.349107	10.51851	10.180693	10.379214	10.046954	10.117866	10.747444	10.466872	10.540805	10.479243	10.062313	10.255477	10.268798	10.579581	10.480943	10.2918415	10.172765	10.210394	10.099491	10.4053755	10.35817	10.544322	10.079629	10.388376	10.717579	10.125964	10.251753	10.073525	10.096466	10.578821	10.305684	10.369901	9.943223	10.454847	10.574675	10.161304	9.902295	10.549282	10.32726	9.969064	10.837231	9.992394	10.144649	10.050368
CD53_8250	7.305825	6.8082457	7.08689	6.946612	6.9371667	7.479704	7.4425673	7.9920797	7.8141994	7.238537	7.5103593	6.6887712	8.294551	7.781193	7.153423	7.440452	7.363939	6.933171	6.965034	7.036978	7.29559	7.4917197	6.940595	7.086411	7.588659	7.291128	7.621185	8.2755375	7.380399	7.2954745	7.4891953	7.313405	7.601781	8.310303	7.3466268	7.345503	7.811492	7.6372094	8.079319	6.5973783	7.424109	7.8626266	7.264039	7.294689	7.4548273	7.7166204	8.392806	8.297676	7.212624	7.6367044	7.032655
CD55_33080	6.343128	6.2875347	6.8157783	6.6817675	6.302471	6.52007	5.879479	6.9626102	6.746506	6.6122684	6.3316875	6.1007366	6.677515	6.525314	6.196231	6.88437	5.9895873	6.578727	6.1874967	5.78513	6.83643	6.844923	6.613984	6.5962367	6.684699	6.0532346	6.003761	6.1790314	5.426129	6.429475	6.3360543	5.758172	6.6714892	6.1546936	6.0649066	7.208232	6.403968	6.283134	5.8775744	6.315232	6.0453777	6.1400523	5.7402964	5.892938	6.491356	5.99557	5.855917	6.2352233	5.944709	6.135532	5.941637
CD68_8251	8.579431	7.6488557	8.070588	8.018445	8.180072	8.553157	8.476203	8.933646	9.011994	8.478115	8.6938715	8.26438	9.527317	8.827381	8.373831	8.658091	8.43765	8.030867	8.556595	8.378464	8.68403	8.467655	8.42717	8.451851	8.78584	7.794585	8.60575	9.371871	8.458426	8.0755625	8.468607	8.090207	8.498466	9.496195	8.270267	8.414675	8.78182	8.294853	8.93811	7.815172	8.503082	9.201021	8.336804	8.441629	8.41524	9.056879	9.335958	8.947615	8.46707	8.76253	7.7919717
CD74_8252	12.212344	11.214342	12.280032	12.000373	11.763366	13.146233	12.43896	12.834444	12.975988	12.25361	12.56448	11.700643	13.05212	12.873948	12.069589	11.994423	12.761617	11.952941	11.923975	12.065815	12.749641	12.533001	12.396849	12.05005	12.105879	12.510303	12.277959	13.662534	12.066732	12.481479	12.470343	11.943011	11.938518	13.001784	11.843435	12.423167	12.306927	11.800274	12.635991	11.03831	12.212465	12.826601	11.8751	11.99037	13.035069	13.273333	13.259084	14.55312	12.002236	11.775046	12.2405815
CD81_32607	6.5100408	5.7222996	6.941704	7.109845	6.084889	6.860039	6.73981	6.8990054	7.69845	6.963716	7.950274	6.8139753	7.314738	7.660814	6.40092	7.031875	6.75234	6.985694	6.3822656	7.150012	7.4403133	7.0610676	6.511133	6.9633746	6.8225718	7.1067004	6.970623	7.403158	6.7237515	7.018053	7.5638895	6.879456	6.581642	7.5672326	6.32028	6.674048	6.979012	7.4093223	7.2154465	6.7285213	6.2128735	7.3864098	7.3071537	6.641964	7.5347753	7.4280677	7.103129	7.294512	6.7697453	6.283086	6.630681
CD83_32673	8.334431	7.6693935	8.040875	8.314698	7.9483533	8.470156	8.627801	8.539841	8.842155	8.114866	8.85444	8.173832	8.6522455	8.959723	8.56629	8.28661	8.654425	7.8690286	8.227295	8.038401	8.617083	8.368411	8.488849	8.049753	8.2358055	8.459783	8.528085	9.1420145	8.388849	8.136005	8.641163	8.66177	7.9422164	8.542869	8.093998	8.170461	8.51312	8.1961	8.526098	7.6529136	8.516491	8.451152	7.9818053	7.8547444	8.291821	8.682012	8.43941	9.10491	7.9890676	8.353746	7.85345
CD86_32871	7.6487136	7.167127	7.218792	7.520722	7.2332315	7.6883607	7.893265	7.8455343	8.175882	7.488546	8.115108	7.2211733	8.196916	8.162823	7.616749	7.922708	7.992499	7.1672025	7.5839095	7.769542	7.79912	7.481757	7.7799635	7.564776	7.927353	7.2560806	8.125105	8.488032	7.9348397	7.5578194	7.9049635	7.7291493	7.5740914	8.454839	7.466412	7.6135974	8.019305	7.2930827	8.105086	7.062719	7.793649	8.315745	7.6957803	7.1391144	7.6964674	8.073668	7.9293694	8.353388	7.2525144	7.7424984	7.234084
CD8A_32613	4.737683	4.235737	4.5185456	4.786481	3.78599	4.0514793	4.805422	5.022709	5.2177176	4.26721	4.369601	4.710439	3.943193	5.1478777	4.7356553	4.035247	4.6375866	4.4565544	4.3805633	4.811058	3.9546967	4.8514686	3.7487695	4.286571	3.9845338	4.4126673	4.504222	4.6773376	4.5531583	4.451915	4.922364	4.2752705	3.666024	4.442191	3.4783766	4.167958	4.391946	4.771802	4.6249356	3.167649	5.067058	4.226657	3.7889702	3.4946837	4.9064045	4.6395364	4.5988097	4.998754	4.0396147	3.660804	3.6154559
CD97_8254	9.036394	7.9635363	9.069742	8.696075	8.73116	9.519627	9.263413	9.308857	9.715411	8.977912	9.213648	8.799675	9.141204	9.662289	8.67472	8.693511	9.4702835	8.618155	8.463424	9.253692	9.563503	9.148928	9.370748	8.730461	8.787946	8.942275	8.911249	9.430879	8.963001	9.273274	8.795267	8.696395	8.27592	9.42497	8.540842	9.005497	8.848234	8.905626	8.913322	8.261709	9.104586	8.679366	8.524331	8.588413	9.459954	9.752061	9.059565	9.244053	8.96065	8.649907	8.381735
CDC20_8255	5.47569	5.174117	5.441959	5.645533	4.9919705	5.888993	4.2789826	6.405385	5.884866	5.6269403	5.6366873	5.7990456	5.167048	5.084181	5.1098804	5.8044944	5.454976	5.746141	4.1482205	4.74485	5.932952	6.3814483	6.1704874	5.780319	5.680633	5.12228	4.7634163	5.409069	5.3233156	5.5597467	4.2273164	4.867953	5.5966268	4.1476912	4.8669906	5.97722	4.172522	5.920358	3.9655392	5.949886	5.657106	4.5954337	4.114353	4.932263	5.4424524	5.696026	4.009029	4.998754	5.1954775	4.636787	5.159219
CDC25A_8256	4.0637107	3.0842927	3.2047765	4.032772	2.7688293	3.1905103	2.486291	4.2812176	4.694665	3.1598291	3.2559555	3.7258165	4.0060377	3.4533052	3.1521814	3.175133	3.5286222	3.9750757	2.8473456	3.1992087	4.3944616	4.244908	3.7487695	3.830415	3.8619432	4.003223	4.0833216	4.390731	3.681432	4.93921	3.3987858	2.097342	4.0344143	3.8459697	2.306097	4.4856753	3.5979016	4.3981524	3.5165868	4.1363487	2.9589396	3.3981557	2.7715712	2.6173096	4.08699	3.8537915	2.8853111	3.9673057	3.3929877	2.7705867	3.6892493
CDC6_32573	4.7090616	3.5770385	4.4296265	5.2568936	4.335662	4.913135	2.9214785	5.4351754	4.608057	4.63295	5.6366873	4.352279	4.9283385	3.1137757	3.6820092	4.201936	5.2833834	4.873771	4.0436835	4.0098786	4.972335	5.1571207	5.004824	5.0095425	5.0547533	4.2511845	3.9104564	7.5104	3.9806933	4.034695	4.000245	3.4379745	6.3831916	5.2902904	4.624838	5.2993665	3.5068517	5.155	4.255792	4.676478	5.151987	5.075422	3.7268174	3.7907844	4.614228	4.2436643	5.091904	5.0239434	5.171897	4.4184256	4.650806
CDCA3_8260	4.7932763	3.9436586	5.0823727	4.988013	4.6681924	4.2182827	3.1524212	4.633599	4.1978536	3.8573148	4.9511933	5.180035	4.5182695	4.2761607	4.6246834	4.8300796	5.407996	4.213959	3.603377	3.69622	4.9402366	5.2303514	4.8833723	4.96136	4.6724668	3.861182	3.312188	4.8017797	4.4785657	4.716039	4.0604506	4.007584	4.903335	4.092185	3.6173768	5.0328393	3.8409395	3.8925655	3.6822517	5.4391656	4.9454346	4.7857018	3.5938523	4.8055115	4.5541077	4.2436643	3.657152	3.8594944	4.7622647	4.378588	4.5749664
CDCA4_8261	3.763191	2.6274648	3.4046404	3.9797099	2.7688293	3.7218108	3.8229792	4.2812176	4.0079637	3.5005994	3.4935977	3.4688873	2.9724503	3.6420867	3.9509327	3.2782712	3.7706692	2.7363515	2.574683	3.1992087	3.3189702	3.870368	4.3716435	3.7757409	2.7661297	3.429383	3.4865618	4.1621737	3.4666753	4.3389096	3.1990128	3.67865	3.4392512	3.373766	3.744154	4.532437	2.7916732	4.3001184	3.8308377	4.325033	3.079476	3.573593	3.5938523	2.8914306	2.806924	3.9265325	3.4427273	4.291561	2.3669193	2.1681004	2.542046
CDCA7_32988	1.3630255	0.6557987	1.2448933	1.4715443	1.9663466	3.4804814	2.1003423	2.2757223	2.9615965	3.8573148	3.3796642	3.03466	3.3079073	3.3487625	2.1001348	1.8787316	2.5653183	2.3117008	2.4162252	2.0523822	3.3189702	3.6026177	3.439704	2.877406	3.3257585	3.3250225	1.8287144	3.6467555	1.751022	3.1201398	2.6905363	1.8573289	3.06788	2.811656	2.461808	2.9340591	2.4444666	4.021211	1.6270963	2.5642188	2.6826673	2.834815	2.7715712	1.5489385	2.99956	2.6400769	1.9649282	2.9556122	1.7554088	1.1142143	1.8370861
CDCA8_33310	2.3764687	2.486432	1.6111797	1.9837908	2.7688293	3.1905103	1.5718547	2.98483	3.2170308	3.1598291	2.616312	2.200775	1.9028349	2.8329227	1.2110108	2.326616	1.2662693	1.9380654	1.1630801	0.7045007	2.1549919	2.7167444	2.3639069	2.2336307	2.4629142	0.80882925	1.5430765	0.8223982	1.126302	1.6773919	1.6068331	2.097342	2.2304184	2.506633	1.4280888	2.7875395	2.6284897	3.2189481	1.6270963	2.228283	1.2357911	1.6063654	1.7361305	1.1915702	2.321526	2.4557507	0.66064256	2.130537	0.67270136	1.1142143	1.961433
CDH1_8262	5.7945285	4.1447926	4.3830233	5.11647	5.2341156	5.637379	5.110143	5.929352	5.9212418	5.428523	6.2202506	4.0097504	7.198464	5.455364	4.871472	6.437636	6.005455	4.7272253	5.1069536	4.935002	5.2592554	5.277185	5.426087	6.1136165	5.9896235	4.81067	5.591433	7.2730365	4.8180656	5.3028164	5.830844	4.8999963	5.99494	7.478018	5.397298	5.6355286	5.8212137	5.457482	7.1247845	4.53073	4.9768147	6.6803284	5.5912886	6.225558	5.4257736	5.7769413	7.6987743	6.6209116	5.5466547	5.830585	4.994332
CDH2_32994	1.6305549	1.7233189	2.145686	1.4715443	1.7338829	2.340468	2.486291	2.6734118	3.5313187	0.0	1.8342675	0.78194916	2.1454625	0.82019544	2.1001348	2.1199853	3.1259208	1.9380654	1.5155233	2.0523822	1.6192706	2.5739944	2.8522859	2.3874133	1.8395665	2.462245	1.8287144	3.6467555	2.6607075	1.4053764	2.1406834	2.097342	2.0275967	2.1193378	0.6449023	3.0670605	1.687787	2.9865744	3.2258344	2.5642188	2.3406515	2.1401448	2.3448164	0.71545935	3.3214757	1.9966261	1.4554178	2.8468895	2.190403	0.66210103	2.181963
CDK1_8264	3.3087924	2.6274648	2.9727023	3.2133267	2.6401563	1.6004289	0.0	3.555659	2.9615965	2.8777032	1.8342675	2.410535	1.2447265	0.82019544	2.3059688	2.1199853	2.382989	2.3117008	1.5155233	1.8148876	2.9831893	3.674356	1.8448938	3.466162	3.016553	2.002579	2.0670378	3.5554237	1.9845754	3.208571	1.2411588	2.7871325	3.06788	2.506633	1.9328802	3.8364446	1.3109689	1.6218852	1.920373	2.7067823	2.8274064	1.8978021	1.968738	2.0738304	2.7000144	0.8054279	1.9649282	2.305077	3.309005	2.3438904	2.7631934
CDK19_8265	5.0657864	4.9236193	4.9607077	5.18839	4.882456	5.0668364	5.5147	5.6042423	5.8663282	4.9244695	4.990539	5.2083855	5.167048	5.6658173	4.0110016	5.0789332	4.996322	5.0067945	4.245692	5.1548963	5.60468	5.277185	4.7226954	5.0330434	4.7436357	5.4296227	5.0950236	5.557673	4.7874928	5.1548686	5.188281	4.458572	4.932704	5.4752235	4.89459	5.2720704	5.0696926	5.068315	5.21753	4.0318656	5.095927	4.9216905	4.532837	4.6296024	5.5386667	5.234024	5.3804197	5.936764	4.967943	4.7964797	4.1990376
CDK2_8266	4.1514177	2.75593	4.006308	4.1811657	3.9027789	3.8628378	3.6063921	4.9165835	4.5627217	3.5983813	4.0352206	3.6451528	4.2331653	4.0941133	3.9509327	3.5496771	4.0408278	3.7506518	3.274329	3.5487905	4.244814	4.244908	3.5713751	4.1209917	4.2519593	4.5578804	4.136628	3.732648	3.8683236	4.451915	3.8029058	3.8848567	4.0344143	4.252681	3.6173768	4.705656	3.409666	5.2630286	3.601796	4.2801247	4.368001	3.6539102	3.8485553	2.6173096	4.3214507	3.6105773	3.657152	3.9144068	3.547572	2.6418855	2.9549038
CDK4_8267	8.277089	8.056909	8.190453	8.050962	8.162609	8.259873	8.303785	8.668025	8.856316	8.3506155	8.4961815	8.230224	8.117314	8.635189	8.184662	8.37943	8.779656	8.058715	7.7173347	8.50386	8.511815	8.805839	8.5012865	8.117274	7.9613404	8.293446	8.202141	8.341952	8.1423645	8.601712	8.049366	8.251029	8.076557	8.010622	8.158029	8.256541	8.349158	8.529265	7.9991355	7.946715	8.316381	8.074438	7.838541	7.738119	8.341574	8.644767	7.796232	8.580465	8.130343	7.803945	8.067475
CDK6_8269	2.8657134	1.9551042	2.696003	3.016629	2.3422368	4.10925	2.9214785	4.032947	3.789237	3.689954	3.6975753	2.410535	4.0060377	3.2360482	1.5716753	3.175133	3.6944115	3.4847689	2.035052	3.0967624	3.888952	4.244908	3.5070412	3.7757409	2.7661297	3.3250225	2.4505796	4.2809734	2.9081242	3.0259323	3.7306347	3.5227396	3.3549814	3.1743853	1.9328802	3.5934687	1.687787	4.2484846	2.715985	2.7067823	3.7220223	3.3017287	2.5015178	3.1216903	4.2474513	3.8537915	4.009029	4.3324614	2.6659598	3.0994654	3.4125495
CDK7_8270	1.8561494	2.486432	2.145686	3.016629	2.8869598	2.340468	1.8601638	2.2757223	2.2546368	2.312845	3.3796642	1.6591743	2.534579	2.4838471	2.4860687	2.5073261	2.5653183	1.9380654	2.7174463	2.4348454	3.4155223	3.075847	3.0458522	2.7696137	1.5530008	2.462245	3.003343	4.336896	1.9845754	2.9251404	2.3481333	3.4379745	2.9579055	1.8781195	2.602338	2.9340591	1.687787	2.1579974	2.715985	0.6909027	1.8915004	2.6899478	1.968738	2.0738304	3.6999757	2.9502776	3.5177994	2.7293007	3.0230174	2.1681004	2.7631934
CDKN1B_8272	6.7110524	6.211148	6.941704	6.918691	6.4821434	7.1556883	6.73981	7.7038317	7.3703856	6.6122684	7.0334864	6.658267	7.333237	6.827182	6.5701947	6.9561234	6.937415	6.685785	6.3715086	6.2818623	7.0842004	7.0543613	7.0060673	6.9572453	6.9024973	6.487215	6.7574573	7.522508	6.5615673	6.999582	7.218988	6.830415	7.123876	7.2241516	6.3304205	7.1191278	6.7697573	6.562237	7.0203233	6.550874	7.0344143	7.3264055	6.2624826	6.5361595	7.0816503	7.2762995	7.0847282	7.5014625	6.2895975	6.1940827	5.8561115
CDKN3_8274	7.3342156	7.167127	6.9336424	7.5753946	7.1351767	6.93384	6.06096	7.5407376	7.2892094	7.0088716	7.3532104	7.640743	6.7709503	6.4131365	6.657352	7.632754	7.108789	7.2009163	6.0726466	6.5476403	7.4054704	7.624425	7.3373585	7.6278734	7.7311835	6.5808306	6.774374	6.1165004	7.2905946	7.254518	6.5401225	6.59623	7.3851852	6.3683605	6.932878	7.4527197	6.5705943	6.981382	6.493882	7.8992453	7.336104	6.8603735	6.4376125	6.6138687	6.561745	6.124847	5.7663927	5.7829556	7.0921707	6.627034	6.402901
CDO1_8275	4.457017	4.7181683	1.9030463	5.557742	3.6589074	5.231971	3.4415276	4.1624165	3.6225116	3.8573148	3.3796642	3.7258165	4.560755	3.5507815	4.0110016	3.0640497	3.341277	3.9221573	1.5155233	2.4348454	4.7680693	3.178102	6.0514827	3.9830067	2.896768	2.462245	3.312188	5.4603233	3.5418694	2.4321535	4.954449	4.1206846	2.7090814	3.9115734	4.624838	4.4856753	3.5068517	4.1393185	3.4260273	4.185883	3.9287112	4.226657	4.458293	3.4946837	4.4257855	4.9498415	4.4146447	4.8657556	2.79505	4.012749	2.7631934
CDT1_8276	5.0430336	4.6536617	4.9607077	5.3008204	4.2500668	4.777175	1.8601638	5.7759356	4.5627217	5.101667	5.4232335	5.577864	4.6811824	4.3320727	3.4412823	4.9284973	4.75487	5.031988	4.0436835	3.1992087	5.5631294	5.8727484	5.0730724	5.555356	4.7779455	4.8859644	4.583148	5.1213093	4.316707	5.109653	4.5961013	4.6211877	5.3791947	3.7772398	3.8606849	5.569796	3.7643874	5.155	4.0887313	5.733759	5.5359282	4.278248	4.4195247	4.2461166	4.614228	4.185571	3.4427273	3.8024087	4.0396147	4.602612	4.8408875
CEACAM1_8277	2.8657134	1.7233189	2.840976	2.5181563	3.78599	3.1905103	3.1524212	3.7328856	3.7082813	4.007263	3.9579256	2.9020875	3.4043794	3.2360482	3.3512022	2.6678994	2.87268	2.3117008	3.5278807	3.0967624	3.747729	3.178102	2.952313	2.3874133	3.016553	2.462245	3.003343	2.673195	2.9081242	4.0822825	1.8983116	2.3030627	3.666024	2.6671908	3.0578372	3.405289	2.7916732	4.0814734	2.1639853	2.8365164	3.5656989	2.3475738	3.2843316	2.6173096	3.6433938	3.6105773	2.6385555	3.239858	3.124777	3.0994654	3.2755225
CEBPA_8279	2.8657134	2.6274648	2.5348177	2.5181563	2.1664994	3.6457665	3.8229792	2.98483	3.3295743	2.0617402	2.616312	2.756088	3.4948025	3.8089995	3.1521814	3.175133	3.4379885	2.854038	2.4162252	2.9864812	3.6715705	3.447462	2.7448034	1.8659643	3.12715	2.002579	3.312188	3.4579172	3.3033986	3.1201398	2.6905363	2.4830763	2.5664744	3.277517	2.1315236	3.3011148	2.6284897	2.8546557	2.9933162	1.5073531	3.079476	3.573593	2.7715712	2.8914306	2.806924	3.5194535	3.0959623	3.477213	2.190403	1.9678794	1.961433
CEBPB_8280	4.3498583	4.1447926	3.9434626	3.6123734	3.7238476	5.007306	4.699865	3.9635777	4.996911	4.5375614	4.9107437	4.3005457	4.9283385	4.5831194	4.770827	4.2534776	4.828076	3.7506518	4.0968986	3.6243875	5.4074864	4.755498	4.8578053	3.9830067	4.635521	3.7845476	4.188035	5.5339446	3.7464566	4.034695	4.750273	4.0652423	4.5711703	4.528361	2.9567258	4.532437	4.340139	4.877557	3.7584567	4.185883	4.503455	5.01588	3.9608154	3.9787574	4.3214507	5.0180063	4.453407	5.0239434	4.522309	4.378588	4.1211886
CEBPB_8282	6.943812	6.5314217	6.342441	6.2265615	6.4632497	7.274075	7.5272937	6.8029833	7.3571696	6.7462993	6.975836	6.8047204	7.1713014	6.902978	6.6384335	6.851297	7.4933505	6.1078124	6.162753	6.234396	7.507571	6.7317853	6.940595	5.618858	6.1940217	6.9222727	6.970623	7.1220694	6.862216	6.3921986	6.8354483	6.139942	5.632866	6.6821003	5.628554	6.6635823	6.636507	6.900056	6.631957	6.4831424	6.9017315	7.295441	6.6366515	7.0085316	6.8574824	7.357471	6.44222	7.1068673	6.994735	6.609932	5.713078
CEBPD_8283	6.7814736	6.676463	6.608598	6.3777766	6.259312	6.8933063	7.1735435	7.146002	6.9799695	6.63549	6.9856057	7.127781	7.0043383	6.97499	5.91109	6.9944963	6.624604	6.7479243	6.475634	6.316464	7.6131372	6.7567873	6.738287	5.8613224	6.395295	6.8768525	6.7827587	7.153553	7.021761	6.57796	7.433371	6.16653	5.966823	7.2748904	6.0154834	6.631723	7.0613093	7.7201056	6.4370475	6.84873	7.299341	7.1916366	6.796479	6.7577567	7.1593723	7.212276	6.7685323	7.6824164	7.0147552	6.9797153	6.2344213
CEBPZ_8284	5.351561	4.8960004	5.419044	5.4642606	4.7008195	5.5357046	5.4070196	5.626855	5.847549	4.99798	5.5339046	4.628886	5.691541	5.995098	5.241075	5.162198	5.1180816	5.5681353	5.026952	4.811058	5.232999	5.450652	5.279734	5.208422	5.1363587	5.212798	5.31908	5.7553062	4.8773336	5.262071	5.4581957	5.403198	5.4418173	5.5179768	4.8101554	5.9430127	5.1916394	5.068315	5.2705407	4.840121	5.4490924	5.3165774	5.5197787	4.7025595	5.6433635	5.4954453	5.5509663	6.5094023	4.6976795	5.1908326	5.051414
CENPE_8286	3.970324	2.8738854	1.9030463	2.788815	3.3652549	3.2937799	1.5718547	3.8139515	2.814638	2.8777032	3.2559555	3.802208	3.579891	1.7211257	3.0413287	3.4647577	3.0048497	1.7073178	2.8473456	2.2562509	2.8513174	3.7426953	3.3690693	3.3953938	3.12715	3.0904965	3.003343	1.724663	3.3033986	2.4321535	1.8983116	1.5692585	3.594322	2.811656	2.306097	2.9340591	2.23349	3.1074347	2.715985	3.2630503	1.6005821	1.6063654	3.100484	1.5489385	2.5845437	2.9502776	2.1650176	2.9556122	1.9892389	1.1142143	2.3732097
CENPF_8287	6.1858463	5.940783	6.104662	6.4182215	5.828562	6.302066	4.699865	6.8227057	6.153032	6.063483	6.1173644	6.627104	6.3900666	5.1163807	5.796297	6.585741	6.211015	6.0959153	5.157925	5.0491347	5.866185	7.158097	6.666471	7.0920157	6.4388347	5.823556	5.6103992	7.1457467	5.8962173	6.4747553	5.3657823	5.0503354	6.414756	5.2654138	5.7392516	6.3214383	5.131954	5.763662	4.850604	7.127533	6.0453777	5.8473415	4.7975917	5.5614614	6.054787	5.8903933	4.2034826	5.166487	5.7192597	5.2361207	5.544379
CENPI_32983	3.2304003	2.75593	2.353332	3.302455	2.3422368	2.521582	0.7291152	3.7328856	2.0063746	2.5266557	2.616312	3.1560693	3.2045193	2.4838471	2.921244	3.7058477	2.727169	3.0640168	1.1630801	2.0523822	3.3189702	3.930203	2.952313	3.9830067	3.12715	0.80882925	1.5430765	5.670792	3.681432	2.4321535	2.1406834	1.5692585	3.594322	2.325943	1.9328802	3.7599108	2.9382603	3.5947201	2.372343	3.7318203	4.319868	3.3017287	1.968738	2.6173096	2.5845437	2.9502776	2.4973037	3.1511896	2.9135318	2.9979472	3.2267935
CENPK_8288	3.3831434	2.3301039	2.9727023	3.6804638	2.7688293	3.1905103	2.486291	3.7328856	3.2170308	3.0256517	3.7896788	3.4688873	3.2045193	3.2360482	2.7902486	1.8787316	4.369845	2.467557	1.7985483	2.2562509	3.4155223	3.6026177	3.6920276	3.7189126	3.3257585	2.462245	1.5430765	5.5810175	3.1192565	3.1201398	2.967061	3.2518594	4.236344	3.0633094	2.7303865	3.8364446	2.7916732	3.6751416	3.1142545	3.3525324	2.3406515	3.3981557	3.4473767	3.7222598	3.9064214	3.8537915	4.157271	4.2061086	3.9314296	3.5927947	3.2755225
CENPQ_8290	4.679861	4.6536617	4.285043	4.51534	3.78599	3.7940469	2.9214785	4.390976	3.7082813	4.6783786	4.538403	5.417118	4.8275514	2.4838471	4.278726	4.5291653	4.6777496	4.1692424	4.292064	4.0098786	4.731025	4.6877766	4.981338	5.0095425	4.518643	3.861182	3.9104564	3.963337	4.5890565	4.451915	4.2789087	4.1206846	4.7794886	3.463993	4.8101554	4.6216445	3.8409395	4.0814734	3.1142545	5.0947356	4.880548	4.467931	3.2843316	4.5127454	4.4257855	3.696286	3.9009998	1.7015651	4.6976795	4.636787	4.066853
CENPT_32437	2.6417313	3.5057364	2.840976	3.4657202	2.9961455	2.9587402	1.5718547	3.8907034	2.6509938	3.5983813	2.616312	3.1560693	3.2045193	2.0223966	2.7902486	2.9436944	3.341277	3.0640168	2.4162252	2.4348454	3.747729	3.3631423	3.8559678	3.466162	3.12715	2.957191	2.0670378	5.2138186	2.6607075	3.7699122	2.1406834	1.8573289	3.666024	3.463993	3.1523242	3.6790886	2.23349	2.8546557	2.372343	2.955541	3.2939854	3.3981557	2.7715712	2.2785902	3.0870192	1.3192296	2.6385555	3.1511896	2.9135318	3.5214198	2.0759077
CENPW_32846	6.406891	6.3900876	5.8371973	6.656632	6.323576	6.158948	4.771087	6.554375	6.1376553	6.0973268	6.3620067	6.1007366	5.7841005	4.628482	5.98783	6.3456354	5.9895873	5.7308364	5.4717484	5.205005	5.814001	6.198895	6.3462515	6.5481133	6.5120034	5.183252	5.7707305	6.4438457	6.0586553	6.1117253	5.7958536	5.591575	6.590883	5.188101	6.310068	6.2809315	5.9987807	5.745152	4.885008	6.6424303	6.4549437	6.3714457	5.302618	5.9981184	5.6433635	5.234024	5.0419116	5.2328033	6.064799	6.2055135	5.840002
CEP57_8291	4.6196246	3.5057364	5.139562	4.96089	4.6681924	5.007306	5.2413383	5.71392	5.409172	4.765157	4.9107437	5.180035	4.71919	4.672462	4.9955955	5.3396134	5.027739	4.299438	4.292064	4.444678	5.430776	5.1318603	4.9331865	4.6326194	4.8114586	4.6471567	4.621049	5.1213093	5.576761	4.989997	4.922364	4.867953	5.2912316	4.6866455	4.557369	5.378287	4.6262813	4.8431597	4.4521384	4.776873	5.1242294	5.4575152	4.379686	4.4715905	5.189336	5.5424905	4.9635158	5.415215	4.405847	4.1132665	4.410165
CERK_8293	4.524275	4.321286	4.602301	3.386396	4.205286	5.124007	4.4623084	5.3288536	5.8092413	4.26721	4.6895075	4.1911564	5.6527877	5.1478777	4.770827	5.1349735	5.027739	4.2573314	4.1482205	4.5646772	5.4074864	4.6167192	4.8317766	4.399368	5.0547533	4.603209	4.829656	5.5810175	4.0849395	4.859511	4.468596	3.2518594	4.7794886	5.6960816	3.3245418	5.0328393	5.220581	4.943985	4.9514475	4.2801247	5.0376	5.01588	4.253111	3.8562014	4.857496	5.4954453	5.4776444	5.542687	4.4457216	4.765924	3.9213243
CES1D_32914	1.3630255	3.1790063	0.0	3.6123734	0.66134334	3.2937799	1.8601638	2.0264177	3.86589	1.3715297	2.616312	1.955242	2.534579	1.3398731	3.6820092	1.8787316	1.9300845	2.467557	1.1630801	2.9864812	2.3630009	2.2375386	3.803364	3.3953938	1.5530008	2.6467445	3.1138024	5.355927	1.9845754	2.2771995	3.1990128	1.8573289	2.7090814	2.6671908	3.0578372	2.7875395	2.7916732	1.6218852	1.920373	1.7895929	2.9589396	3.3017287	3.7268174	1.8351252	4.3214507	4.2436643	4.5279393	4.6236115	2.79505	3.3671148	2.9549038
CFD_33235	8.762928	8.081637	8.213942	8.0445175	8.568306	8.694327	8.548935	8.915392	9.192114	8.500422	8.633011	7.906038	10.593104	8.461198	8.797051	9.134272	8.371846	8.046404	8.824522	8.662457	8.140206	8.663259	8.679689	8.671784	9.231864	7.754966	8.770792	9.42121	8.235909	7.8397927	9.236383	8.539956	8.814674	10.243815	8.573226	8.904681	9.239696	8.579757	9.719097	7.4397593	8.859366	10.071332	8.496662	8.8931265	8.62338	9.272795	9.979892	9.727841	9.058731	9.397113	8.043055
CFHR1_8295	0.6079388	1.7233189	1.6111797	3.2133267	1.7338829	3.2937799	1.2111645	0.0	2.2546368	2.312845	0.8916533	0.78194916	3.2045193	1.7211257	1.8599678	0.0	0.767819	3.5559726	1.5155233	0.7045007	3.1040103	0.0	4.3350515	3.1595235	1.1950403	0.80882925	1.5430765	4.390731	0.0	0.63191724	1.8983116	1.2089423	0.6919362	0.7389744	3.8606849	1.6844561	1.3109689	0.7592324	0.0	3.5163915	2.3406515	2.3475738	1.968738	0.0	2.5845437	3.2054403	2.1650176	2.9556122	1.1296852	2.1681004	1.550732
CFI_32585	2.0511916	3.1790063	0.752753	5.0146356	2.7688293	3.4804814	1.2111645	0.82250994	3.7082813	2.5266557	0.0	2.410535	3.808642	0.0	1.2110108	0.0	2.5653183	3.8101146	1.1630801	0.7045007	4.873814	2.5739944	5.9702992	3.3953938	1.8395665	1.3239917	2.8837204	2.4880157	0.0	0.0	0.0	2.6430998	2.5664744	1.2252613	4.162613	0.79748124	1.3109689	0.0	1.920373	4.2801247	1.2357911	1.2407571	0.6625256	1.5489385	2.4590204	3.777187	1.7325498	2.4607615	1.7554088	1.1142143	1.193102
CFLAR_8297	4.872845	4.7181683	5.139562	5.4642606	4.938252	5.695113	5.6531076	5.4351754	5.600775	5.4548697	5.586211	4.8247266	5.441677	6.1431017	5.493533	5.1072254	5.4779043	5.081093	5.207157	4.444678	5.60468	5.300044	5.426087	5.6343064	5.2384467	5.2417517	5.0950236	6.9444666	5.406144	5.657242	5.341723	4.767317	4.811461	5.4533625	4.162613	5.244248	5.3830037	4.194934	5.553236	4.49187	5.380353	5.1326027	4.7975917	4.385582	5.7137523	5.51916	5.25438	6.1114326	4.8833585	4.7347074	5.051414
CGRRF1_8300	6.9314766	6.199898	6.8504477	6.698285	6.5818543	6.808655	7.193126	7.192221	7.063712	6.6469617	7.1069365	6.4603124	6.724989	7.2094913	6.8423166	6.9715953	7.0791063	6.8717017	6.7071624	6.980557	6.937449	6.999555	6.940595	6.926204	7.0218263	7.0005903	6.948435	6.9887786	6.968245	6.980871	6.764829	7.0675488	6.581642	7.0310407	6.4561415	6.386521	7.1162457	6.883226	6.5804033	6.694699	6.9017315	6.699378	6.718777	6.678592	6.982495	6.702902	6.7989507	7.1244416	6.5124855	6.854618	6.703719
CH25H_32637	2.515188	2.1547542	3.3081667	3.386396	3.0976462	3.8628378	3.4415276	3.555659	2.9615965	3.689954	3.6975753	3.9438322	4.1240664	4.2179937	2.921244	3.175133	5.0885916	3.6886325	4.197779	3.7646446	4.2964406	3.447462	3.1336944	3.0714748	3.12715	3.861182	2.7532747	4.1621737	4.1343675	5.6414433	4.1182437	2.4830763	2.8388512	4.252681	3.2410011	3.978313	3.3054578	2.8546557	3.4260273	3.0654895	4.41458	3.4885392	4.5687127	2.6173096	4.999513	3.4221838	2.7672026	3.9144068	3.0230174	3.660804	2.6195898
CHCHD4_8302	5.351561	4.839124	4.7926054	5.140844	5.382281	5.5357046	5.3383293	5.3010025	4.890849	4.9244695	5.6612782	4.74955	4.861935	5.729658	5.314422	5.020627	5.544581	4.5640926	5.3008504	5.3678308	5.179007	5.300044	5.2005854	5.0095425	4.391454	5.270135	5.429996	6.6344175	5.3653245	5.109653	5.4581957	5.186476	5.4212437	5.2902904	5.0251822	4.9662747	5.8585186	5.545688	5.21753	4.49187	5.151987	5.864321	4.9684715	5.373174	5.321438	6.061656	5.6207414	6.1576858	5.618193	5.536863	4.757577
CHEK1_8304	3.4538498	3.1790063	3.4950655	3.9797099	2.9961455	2.1333084	4.011255	4.1624165	4.0740767	4.206481	4.0352206	3.3719604	3.4043794	3.3487625	3.4412823	4.035247	3.6944115	2.9628441	2.238191	2.593747	3.5060158	3.870368	3.5713751	3.1595235	3.2298694	3.526701	2.7532747	3.240585	3.1192565	3.0259323	3.3987858	2.9180818	3.2654822	2.811656	2.9567258	3.3011148	3.3054578	4.021211	3.4260273	3.7970295	3.190714	2.6899478	2.642854	2.0738304	2.906455	3.0834928	2.994478	3.239858	2.9135318	2.8887413	2.6931777
CHEK2_8305	3.9212615	3.267883	4.1799192	4.227422	3.5195398	3.7940469	3.3514462	5.056417	4.6520104	3.8573148	4.1783977	3.802208	3.808642	3.6420867	3.3512022	3.9123585	4.2682877	4.2573314	3.1788383	2.73687	4.3462834	4.1969967	3.7487695	4.1642017	3.5003047	3.429383	3.5664334	3.8904636	3.6133378	3.5840557	3.3987858	4.0652423	3.7343307	3.8459697	2.9567258	4.2260103	3.8409395	3.322457	3.5165868	3.167649	4.109465	3.3981557	3.100484	3.0111494	4.2474513	4.2995086	3.843792	4.656197	3.309005	3.5927947	3.4971662
CHERP_8306	0.0	1.1049913	1.9030463	0.66999	1.1131065	2.6824741	1.2111645	2.98483	2.9615965	1.7575232	0.8916533	2.5936327	2.3531	0.82019544	0.0	1.5888703	2.727169	1.9380654	0.0	1.8148876	1.6192706	1.1626221	2.210754	2.3874133	3.3257585	1.7028205	2.7532747	3.240585	1.9845754	2.8167744	1.8983116	1.2089423	2.9579055	3.463993	1.9328802	2.6244397	0.7995354	2.1579974	2.1639853	1.156129	2.133485	2.6899478	1.1148349	1.5489385	2.906455	2.9502776	1.9649282	3.1511896	2.524174	0.0	1.7010021
CHKB_8309	4.8468065	4.0970764	5.0823727	4.9332466	4.6348104	4.6660757	5.137354	5.089356	5.687808	4.806665	4.9511933	2.9020875	5.221027	5.4041142	4.46205	4.2534776	4.897746	4.5640926	4.542772	4.710571	5.003735	4.54198	5.138237	4.6928782	4.8442106	4.9575233	4.9236407	5.1528096	4.691684	5.4731445	4.554839	4.5009766	5.2215505	5.049259	4.48659	4.281817	4.5823607	4.734754	4.4973164	4.085053	4.6662955	4.7125773	4.637894	4.294119	5.1080365	5.56545	5.186975	5.1205196	4.405847	4.4184256	3.8903701
CHMP6_8311	3.1475024	2.486432	2.145686	1.4715443	2.1664994	3.0792744	3.255363	2.6734118	4.1372924	2.312845	1.4386133	3.3719604	2.1454625	3.2360482	1.2110108	3.0640497	1.9300845	2.608205	2.238191	2.2562509	2.7061675	2.2375386	3.3690693	2.2336307	2.7661297	3.21252	2.8837204	2.9846053	2.7897131	3.0259323	2.5294693	2.9180818	2.2304184	3.0633094	2.1315236	3.0670605	2.7916732	3.2189481	2.1639853	3.5918324	2.8274064	2.3475738	1.968738	2.2785902	2.7000144	0.8054279	2.3407063	2.6012702	2.190403	3.194307	1.8370861
CHP1_33118	3.7064028	3.1790063	2.9727023	3.8077013	3.590906	3.9284973	3.255363	3.8907034	2.6509938	3.5983813	3.6975753	3.1560693	3.579891	3.1137757	3.3512022	3.5496771	3.0048497	3.8101146	2.7174463	2.73687	4.0175753	3.6026177	3.6329622	3.0714748	3.6559942	2.957191	3.312188	5.670792	3.3873456	3.648705	3.1990128	2.6430998	4.138909	3.7772398	3.0578372	3.5934687	1.986288	3.1074347	3.4260273	3.2630503	3.9915128	3.9367666	2.3448164	3.6503172	3.754422	3.2054403	4.0601544	3.8594944	4.14025	3.5214198	2.3732097
CHPT1_33298	4.7090616	3.8314943	4.561031	4.6906743	3.78599	4.5457015	4.8717327	4.761728	5.1271906	4.381498	4.369601	4.710439	4.895519	4.2761607	4.5857115	4.303241	4.828076	3.8101146	4.4639463	4.0098786	4.873814	4.8820906	4.003165	4.286571	4.391454	4.8488083	4.7969165	5.1836367	4.0849395	4.6225667	4.554839	4.54217	4.454525	4.609673	4.2506785	4.281817	4.2864017	4.617537	4.4973164	4.3685856	4.503455	5.1876035	3.7889702	4.0917125	5.3393598	4.682175	4.8225756	5.096975	4.188052	4.765924	4.0942764
CHSY1_8317	6.276417	5.426621	6.090229	6.2036047	5.8432503	6.56205	6.5704627	6.405385	7.047348	5.7383833	6.186764	5.8539143	6.459075	6.629394	6.0027003	6.2087183	6.052036	5.805786	5.660324	6.1215186	6.471236	6.3268414	6.1067953	6.0343213	6.18126	6.163261	6.166387	6.3244386	6.1576014	6.2431498	6.286501	5.9692197	5.8173804	6.1134686	5.4724803	6.210785	5.9127274	6.1766567	5.7895093	5.612201	5.889218	6.323137	5.642687	5.4171906	6.3304205	6.617597	6.2899194	6.693353	5.873403	5.7391644	5.504052
CHUK_8318	1.8561494	2.1547542	2.353332	3.016629	1.1131065	1.8913333	2.1003423	3.7328856	2.6509938	1.3715297	2.8046954	1.955242	2.9724503	2.2714932	2.6461606	2.326616	2.382989	0.6474369	1.1630801	2.2562509	2.3630009	2.0344265	1.620029	2.0614784	2.2834883	3.21252	2.0670378	2.4880157	1.4722159	3.208571	2.5294693	1.8573289	2.0275967	2.506633	1.9328802	0.79748124	1.687787	2.9865744	1.6270963	2.0255485	1.2357911	0.0	1.4586725	2.0738304	2.7000144	1.9966261	1.4554178	2.4607615	1.7554088	1.7353235	0.9744036
CIAPIN1_8319	2.222978	2.3301039	2.353332	0.66999	2.1664994	2.6824741	2.3061843	3.240815	1.7063249	2.0617402	1.8342675	3.2680495	1.2447265	1.7211257	1.2110108	2.1199853	2.87268	2.1369452	1.1630801	0.0	2.3630009	2.5739944	3.0458522	2.3874133	2.6224735	1.7028205	1.5430765	2.8372862	1.126302	3.0259323	2.1406834	0.7275637	1.7915226	1.2252613	1.4280888	1.3080859	2.7916732	2.3661232	1.920373	1.156129	2.3406515	3.3981557	0.6625256	0.71545935	2.4590204	2.2443757	1.7325498	3.323391	0.0	1.7353235	1.961433
CIB1_33206	7.583197	7.2293124	7.565113	7.516071	7.5698953	7.6499476	8.145269	7.6824026	7.759998	7.628216	8.018483	7.3348355	7.4165635	8.259707	7.447742	7.4067025	7.526719	7.155787	7.579242	7.6066704	7.7946386	7.84642	7.6218705	7.290321	7.38113	7.7347407	8.001242	7.8644314	7.667398	7.7505593	7.1651664	7.5078897	7.234141	7.572313	7.4571867	7.2853417	7.7079935	7.7342525	7.4403124	7.0291862	7.7759185	7.244472	7.264039	6.565793	7.7240133	7.825242	7.490909	7.536892	7.212624	7.5361786	7.0780034
CIRBP_8321	5.8480134	5.284744	6.3302107	5.4448147	5.8432503	6.443532	6.401187	6.481803	6.6843677	5.6948338	5.5339046	5.6206837	5.854097	6.4131365	5.428944	5.240919	5.4316773	5.533272	5.5309534	6.4574976	5.965211	5.761857	5.9939647	5.950413	5.7855377	6.2795177	5.701662	6.405131	5.8818173	6.63492	5.813455	6.0284004	5.938147	6.1273417	5.098216	6.22509	5.3830037	6.3459005	6.2907476	5.612201	5.87263	5.6262784	5.4053946	5.103678	6.275628	6.5729756	6.3932185	6.0142245	4.995071	5.2582426	5.493792
CISD1_8322	8.341441	7.6280217	8.341285	8.185924	8.147895	8.445136	8.7296505	8.300619	8.689711	8.214605	8.832953	8.084884	8.253051	8.882251	8.486551	8.109124	8.742269	7.8690286	8.015609	8.442524	8.647221	8.470177	8.60097	7.9452486	8.214043	8.422335	8.430074	8.670491	8.433961	8.177679	8.107596	8.203673	7.837417	8.352254	7.966511	8.051084	8.4442425	8.140531	8.162311	7.767162	8.294755	8.007231	7.831175	7.694072	8.863685	8.75623	8.240449	9.022949	8.121138	8.25269	8.018214
CKAP2_8324	5.0430336	4.8960004	4.7565002	4.7552466	4.7008195	4.880327	3.9511857	5.3010025	5.095707	4.8470116	5.47963	4.8961797	4.179647	4.836087	4.2290087	4.1484847	5.2303596	4.787641	3.7434611	4.675457	5.4536953	5.1318603	5.298861	5.1876307	4.907565	4.603209	4.9830594	5.7957764	5.11749	4.654402	4.954449	4.3698306	5.245154	4.442191	4.333677	5.0328393	4.4902925	4.349968	3.89976	5.459449	5.308174	4.511696	3.7268174	4.5527587	4.3214507	4.8411465	4.666361	4.9470167	5.1235476	4.602612	4.296704
CKM_32556	3.4538498	2.8738854	4.285043	3.016629	2.9961455	3.0792744	4.2292647	3.7328856	3.6225116	4.206481	3.3796642	3.5597103	2.695759	4.3320727	3.5260668	3.7058477	3.7706692	3.8101146	3.5278807	3.3845623	3.9546967	3.3631423	3.2947974	3.5980654	4.042132	3.21252	3.4865618	4.5879827	3.1192565	2.8167744	4.1182437	3.4379745	3.06788	3.277517	3.8606849	3.5024447	4.112024	3.4190342	3.8308377	3.7318203	3.7220223	3.9367666	3.4473767	3.4100819	2.906455	3.9265325	2.4973037	1.9319366	1.7554088	1.7353235	1.961433
CKS2_8325	8.181362	8.041235	7.835556	8.452519	8.245117	7.9198785	7.4261117	8.678886	8.198289	8.183433	8.341202	8.384164	7.768867	7.5707235	7.7723618	8.641259	8.182444	8.153592	7.6785865	7.544781	8.300505	8.723683	8.353619	8.837775	8.418173	8.036848	7.9500465	7.84045	7.9828553	8.231435	7.5794044	7.8240623	8.375526	8.072881	8.514401	8.469775	7.612958	8.512947	7.7087	8.76995	8.414183	7.682881	7.500651	7.3581634	7.968166	7.402794	7.156962	7.4924674	8.038799	7.990601	7.9616385
CLEC10A_32620	3.5212522	3.5770385	3.2047765	3.1183274	2.3422368	4.3677835	3.9511857	3.555659	3.43397	3.5005994	4.1085844	3.802208	3.7363482	3.6420867	3.606144	3.0640497	3.5286222	3.4098673	3.4482138	3.469012	3.1040103	3.075847	3.2947974	3.7757409	3.9245403	4.069322	3.003343	6.000093	3.7464566	3.1201398	3.8717287	3.67865	4.5711703	4.3970957	3.4783766	3.5024447	3.1931324	3.7513156	4.0887313	2.955541	3.4806895	3.999592	4.671279	3.574598	4.2089777	3.4221838	3.7842216	4.2061086	3.547572	3.3671148	3.1241014
CLEC12A_33112	4.3864694	3.6449819	3.736615	4.43877	3.6589074	4.3677835	3.3514462	4.1624165	4.365632	3.9342363	4.1085844	3.7258165	4.7562222	4.157383	4.068669	4.201936	2.727169	3.5559726	4.9422517	4.935002	5.232999	4.3797755	4.8317766	4.1642017	4.597604	3.429383	3.7825153	5.355927	4.1343675	3.0259323	3.9374175	4.174075	4.2826996	4.6866455	3.8035955	4.281817	3.6835446	4.6576767	4.0887313	4.185883	4.704287	3.999592	5.0468755	4.0917125	4.4257855	3.4221838	4.33385	4.5902724	4.55913	4.5317335	3.4125495
CLEC4A_32636	5.621037	6.36008	6.4137235	5.992147	6.3750253	6.074454	6.2597723	6.721281	6.59712	6.178618	6.152481	5.8539143	7.7913423	6.158647	6.8669057	6.800221	5.7086463	5.8489556	6.1874967	5.8015084	6.413955	5.641727	6.005653	6.0343213	6.292243	6.2079625	6.455737	7.1843643	6.623461	5.6254697	6.4862704	5.9231844	6.022519	6.391538	6.2578945	6.5201373	6.6257286	6.2572427	6.516004	5.5939684	6.4879904	7.403935	6.4376125	5.727988	5.930243	6.0454164	7.059824	6.7011824	6.5677385	6.315096	5.739372
CLEC4A1_32387	5.621037	4.950719	4.68146	5.3434486	4.7944946	5.4263177	4.8389583	5.71392	5.7294316	5.16687	5.47963	4.1911564	5.8878613	5.3236547	5.5553536	5.4541845	5.1180816	4.598228	5.254764	4.8743606	5.7226005	5.2063518	5.2005854	5.4192967	5.606204	4.689805	5.62912	6.365349	4.7874928	4.522616	5.5659637	4.867953	5.2912316	5.9668684	4.449854	4.999941	4.827819	5.0382223	6.0236945	4.870734	5.151987	5.864321	5.4250994	4.7025595	5.4913616	5.51916	6.045445	5.542687	5.329397	5.944111	4.8081384
CLEC4A3_8330	9.4042635	8.804141	7.9478817	9.159785	0.66134334	9.106132	8.601174	8.3041315	8.728718	8.977912	8.222286	8.730495	1.2447265	9.480954	8.21371	8.641259	9.289315	8.649014	9.304805	8.463261	9.3872175	9.032613	8.052085	9.122911	8.492371	7.960526	8.596268	9.8100195	0.6703802	9.126362	9.361307	8.107464	9.195478	9.812902	7.966511	1.6844561	0.7995354	8.213036	9.6582365	8.835437	8.68983	8.470687	8.380353	8.849619	8.901874	9.126079	8.484556	9.650093	0.67270136	8.42881	7.745162
CLEC7A_32927	2.9658844	2.75593	2.353332	2.907214	1.1131065	2.521582	1.8601638	2.4882271	3.43397	2.7128305	3.3796642	1.955242	2.534579	2.668917	2.7902486	2.6678994	3.0048497	1.4325044	2.574683	1.1757872	2.5447638	2.0344265	2.8522859	3.3209743	2.4629142	1.3239917	2.6098514	4.7614803	1.126302	2.1035776	2.6905363	2.097342	2.2304184	3.8459697	1.7024508	3.188829	2.6284897	1.2540979	1.920373	2.7067823	3.6459768	2.834815	3.100484	2.6173096	2.169534	2.4557507	1.9649282	3.0567124	3.0230174	3.7257514	1.550732
CLIC1_8331	8.284383	7.884931	8.253339	8.008546	7.9104958	8.325323	8.410804	8.491373	8.616726	8.465213	8.411742	7.4639034	8.344041	8.765272	8.076372	8.314178	8.590114	8.027739	8.086391	8.302823	8.475881	8.588633	8.079994	7.881947	8.232717	7.934161	8.565011	8.822684	8.302291	8.174938	8.346975	7.836534	7.8490167	8.498191	7.7531786	8.199728	8.419494	7.971687	8.324643	7.4346457	8.266464	8.334145	7.9818053	7.5873485	8.45688	8.617563	8.54413	8.99456	7.9686847	8.089539	7.707921
CLIC4_8332	7.894116	7.1496916	7.809361	7.7793446	7.1171594	8.201308	7.552782	8.434827	8.62502	7.750241	7.582948	7.8121753	7.8265896	7.864127	7.4147673	7.965836	7.906385	7.5924854	7.0752096	7.428326	8.514543	8.282065	8.096485	7.7987027	7.8285136	7.7398233	7.468437	7.9961715	7.4745674	7.8941355	8.096856	7.371698	7.4926224	7.400164	7.143074	8.376737	6.995851	8.014821	7.5025716	7.838591	7.7306147	8.003404	7.1561623	7.548296	8.617884	8.420729	7.5811853	8.360821	7.345032	7.1725955	7.1743054
CLK1_32739	5.5257835	5.737941	5.729563	5.405119	5.3620234	5.6176095	5.4937973	5.626855	5.8092413	5.480744	6.2529774	5.121607	5.7660575	5.995098	5.4067554	5.240919	6.1264772	5.1970053	4.971041	5.514129	5.2592554	5.711592	5.4773555	5.346132	5.5477486	5.0257	5.8526616	6.3105397	5.680236	5.688329	5.6069136	5.7405834	5.5781603	5.7862854	4.974355	5.6567907	5.964973	5.763662	5.8775744	4.9300785	5.7508497	5.4797225	5.168765	5.2568727	5.819685	5.396486	5.1402225	5.840801	4.967943	4.765924	4.296704
CLK2_32549	2.6417313	1.7233189	1.9030463	1.9837908	2.498873	3.3901486	3.3514462	2.4882271	3.0949595	2.0617402	2.616312	0.78194916	3.2045193	2.4838471	2.4860687	2.8123772	3.2376134	2.854038	1.5155233	2.4348454	1.911856	2.2375386	1.8448938	3.2425063	2.4629142	0.0	0.0	3.1182652	2.5190232	1.9061652	3.0876935	2.3030627	1.157626	1.5883089	2.306097	2.2296865	0.0	3.4190342	1.920373	2.5642188	2.8274064	3.3017287	0.6625256	1.5489385	3.4589746	3.2054403	2.994478	3.1511896	3.2198298	2.6418855	2.4600961
CLPX_8334	4.4221745	3.9966314	3.4046404	4.032772	3.9578092	4.913135	4.805422	5.056417	4.8155456	4.765157	4.2449875	4.1911564	4.71919	4.8742495	4.6626306	4.6104794	4.6375866	4.2573314	3.5278807	4.4023523	4.731025	4.503106	4.7507486	4.36274	4.391454	4.003223	4.3321013	6.6232166	3.8683236	4.4876986	4.2789087	4.5009766	4.873356	4.6486726	4.019533	4.745896	3.8409395	4.349968	4.6650844	4.1363487	4.913356	4.5541725	4.5687127	3.574598	5.086975	4.9145117	5.1637883	5.0730395	4.322632	4.636787	4.0103908
CLSTN1_8335	3.8704717	2.1547542	4.3830233	4.227422	3.9578092	4.0514793	4.124374	4.677585	3.5313187	3.5983813	3.4935977	3.5597103	3.808642	3.7279556	2.921244	3.3745255	3.5286222	3.247281	3.274329	2.73687	2.5447638	2.9657874	3.439704	3.7757409	4.0975184	2.6467445	3.8479037	5.1213093	3.7464566	3.9854841	4.0604506	3.4379745	3.9217556	3.373766	2.8479903	3.5024447	3.0713174	2.8546557	4.0284495	3.167649	4.051694	3.3017287	3.9608154	3.224361	4.458952	5.083095	3.7842216	4.4109397	3.8741343	2.6418855	3.3226593
CLTC_8337	8.252507	7.8601317	8.170011	8.293112	8.180072	8.555757	8.388328	8.765506	8.516265	8.1873665	8.657664	8.209333	8.627476	8.347106	8.45986	8.641259	8.544685	7.979991	8.134904	7.838625	8.575892	8.7045355	8.389749	8.336172	8.342819	8.011853	8.626861	8.749882	8.383748	8.118993	8.665597	8.482918	8.252818	8.421448	7.966511	8.405283	8.406958	8.474135	8.1727915	8.223675	8.439744	8.712562	8.127235	7.9173856	8.376709	8.408083	8.407686	8.624359	7.958384	8.026489	7.639761
CLU_32773	4.457017	4.1447926	4.7926054	4.51534	4.492976	4.913135	5.164061	4.7202697	5.3833284	4.5375614	4.2449875	4.0097504	4.6811824	4.9830303	4.5857115	4.4867225	5.359435	4.7577496	3.7434611	4.6394672	5.4074864	4.8514686	4.7226954	4.076447	3.9245403	5.595824	4.892988	5.5339446	4.906079	5.322766	4.4234605	5.106343	3.594322	4.252681	3.8035955	4.437347	4.340139	4.69673	3.9655392	3.2630503	3.4806895	4.3762045	4.114353	2.8914306	4.9767933	5.3175406	3.7842216	5.0487003	4.09081	3.7257514	3.8587372
CMA1_8338	6.1436925	5.150936	4.474771	3.8673456	3.9578092	6.074454	5.472587	4.677585	4.996911	4.63295	7.18533	3.9438322	4.5182695	5.729658	3.255121	5.0500746	4.75487	6.4444385	4.8209805	5.3678308	5.4074864	4.3797755	3.803364	4.2469234	3.016553	4.689805	5.930188	4.9525843	3.4666753	3.4453578	4.954449	4.1206846	2.9579055	5.1341567	4.207318	5.0964675	5.1621056	5.745152	4.7792325	4.085053	3.4806895	5.01588	5.801883	5.3506517	4.2474513	5.632215	4.6989865	4.2494674	4.6642694	4.602612	3.7247775
CMPK2_33290	5.441301	4.8098226	4.8278294	5.140844	4.6006374	5.1789985	4.4623084	5.022709	5.3570137	4.325485	4.4280906	5.4882126	5.0526247	4.0941133	4.46205	5.162198	5.058486	5.6839232	4.503897	4.313784	5.5840545	5.0799727	5.372929	5.3831778	4.9382286	4.3070445	4.3770947	5.2138186	5.06747	4.8319354	5.215015	4.458572	5.3137307	4.528361	4.373451	6.027056	4.441957	4.5762477	4.850604	5.12044	4.5871716	5.6262784	3.8485553	5.6191325	4.4257855	4.9843264	5.209795	5.909991	5.669611	5.624627	4.8569875
CMTM3_33221	2.8657134	2.486432	4.006308	4.272241	4.159071	3.9912984	3.4415276	4.541386	4.3118453	3.5005994	3.8762534	3.802208	4.0060377	4.3858986	4.0110016	3.846752	4.101142	3.4098673	3.9884303	4.358748	4.191271	3.674356	3.8559678	3.3209743	4.042132	4.3070445	3.9104564	4.336896	3.8086765	3.710581	4.2789087	3.2518594	3.3549814	4.201141	3.4035087	3.978313	3.5068517	3.5947201	3.7584567	3.7970295	4.41458	3.87108	3.7889702	3.3202078	4.08699	4.8782954	4.24826	3.6809788	3.75223	3.7879004	3.6892493
CNDP2_8341	3.763191	3.430726	3.4046404	3.6804638	2.8869598	3.7940469	4.124374	3.1184926	4.46754	2.8777032	3.1206355	1.955242	3.6602395	3.885732	2.3059688	3.2782712	3.6944115	2.7363515	3.4482138	3.3845623	3.820068	3.987655	3.2947974	3.5336206	3.016553	3.526701	4.02797	3.732648	2.5190232	3.710581	3.3987858	3.4379745	3.3549814	4.0344577	2.9567258	3.188829	2.7916732	3.322457	2.715985	2.228283	3.4806895	3.8022594	3.3681562	3.0111494	4.2474513	3.2054403	3.7220852	4.3324614	2.79505	2.8887413	2.7631934
CNKSR3_32548	3.1475024	1.9551042	2.5348177	2.5181563	2.498873	4.0514793	2.6463878	3.6469922	2.814638	3.5983813	3.7896788	2.756088	3.808642	3.8089995	3.4412823	3.2782712	3.5286222	2.3117008	2.7174463	1.8148876	3.5911667	3.930203	3.0458522	2.977701	2.6224735	3.7845476	3.312188	4.336896	2.9081242	3.1201398	3.7306347	2.6430998	2.5664744	3.8459697	3.0578372	2.6244397	1.986288	2.3661232	2.9933162	3.3525324	3.2939854	3.87108	1.4586725	2.6173096	3.9064214	4.4551363	3.7220852	3.8594944	3.0230174	2.6418855	1.8370861
CNN1_32759	3.0595496	2.75593	2.353332	3.5409095	1.4566294	2.6824741	2.3061843	2.6734118	3.0949595	3.0256517	1.4386133	2.200775	2.3531	4.4377885	1.5716753	3.175133	2.5653183	2.467557	2.4162252	2.9864812	3.5060158	2.4155526	2.3639069	2.977701	3.016553	3.7845476	2.4505796	3.1182652	2.3618937	2.1035776	3.9374175	2.4830763	2.7090814	2.942963	1.7024508	2.440523	0.7995354	2.9865744	1.2585819	2.4060068	1.8915004	2.6899478	2.8897388	0.71545935	3.806888	2.6400769	2.3407063	3.477213	2.524174	1.9678794	2.0759077
CNN2_32878	9.816813	9.021021	9.888252	9.849351	9.431965	10.180885	10.302612	10.057105	10.303681	9.925581	9.969469	9.676482	9.7501955	10.697765	9.884428	9.575072	10.313876	9.487922	9.784925	9.978651	10.626352	9.90645	10.050825	9.206674	9.863231	10.011863	9.714309	10.134833	9.785164	10.024359	9.67349	10.041144	9.286445	9.485463	8.869404	9.714553	9.881064	9.719712	9.533659	9.059594	9.86307	9.6448145	9.2207985	9.191265	10.2180605	10.47705	9.604874	10.707203	9.590391	9.404571	9.342171
CNN3_32615	7.5021043	7.351271	7.718441	7.4830875	7.2933025	7.891348	7.7812824	7.8212295	8.209363	7.55094	7.894323	7.3791537	7.410769	7.5472937	7.3638477	7.294302	7.601702	7.2392783	7.3408785	7.748578	8.235864	7.8657017	7.800239	7.6809072	7.493793	7.8567324	8.1051855	7.766017	7.1047006	7.856996	7.3209577	7.4166937	7.065413	7.2305923	7.0356164	7.6774073	7.131565	7.5756874	7.1175685	7.177366	7.4689384	7.1437626	7.463019	6.791593	7.988184	7.881215	7.275272	7.6463747	7.0604177	6.7255964	6.9222217
CNOT4_8342	3.9212615	2.486432	3.3081667	3.386396	3.5195398	3.6457665	4.011255	3.3535717	4.3118453	2.5266557	3.5991883	3.802208	3.6602395	3.8089995	3.3512022	3.7058477	3.1259208	3.4098673	3.1788383	3.469012	4.3462834	3.930203	3.8559678	2.2336307	3.7279603	3.93395	2.6098514	3.3533397	3.1192565	2.5720668	3.0876935	3.148948	3.1700616	2.811656	3.0578372	3.978313	3.0713174	3.5947201	2.5543716	2.955541	2.9589396	3.6539102	2.9989562	3.1216903	4.128809	3.777187	2.1650176	4.656197	4.0396147	3.660804	2.542046
CNPY3_8345	6.111249	5.706487	6.015816	5.791233	5.9145303	6.58259	6.8993206	6.5425305	6.746506	6.270482	6.719002	6.14541	6.36631	6.827182	6.2218747	6.7016096	6.414867	5.9045763	5.8582325	6.234396	5.7961783	6.524189	6.355416	6.337755	5.465931	6.66874	6.74034	6.678372	6.0965595	6.401608	6.3360543	5.954037	5.5212975	7.023642	5.561263	5.778174	6.141817	6.6444383	6.2384877	4.641398	6.3510046	6.5913467	6.2842245	5.7962475	6.3304205	6.8689823	6.631583	7.2471676	5.9722724	6.4935346	5.5142403
COASY_8346	3.3087924	2.3301039	2.696003	2.5181563	3.2814488	3.4804814	3.5263135	4.33714	4.0740767	2.5266557	3.5991883	2.9020875	2.8407278	3.4533052	2.7902486	2.8123772	2.727169	2.7363515	2.7174463	3.469012	3.5060158	3.3631423	4.003165	3.9339144	3.12715	3.0904965	3.312188	3.5554237	2.9081242	3.2918935	3.1990128	2.097342	3.518869	3.7772398	3.1523242	2.6244397	2.7916732	3.5095499	3.2258344	2.4060068	3.2939854	2.834815	3.100484	3.0111494	4.458952	3.2054403	3.3635335	3.1511896	3.3929877	2.9979472	3.0135357
COG4_8348	3.5856457	3.351601	3.80891	3.4657202	2.7688293	4.0514793	4.068923	3.9635777	4.694665	3.3957052	4.0352206	4.0097504	3.4043794	4.4878764	3.606144	3.9751108	3.6944115	2.9628441	3.1788383	3.3845623	3.5911667	4.0429063	4.003165	3.830415	4.299972	3.7036133	3.7140222	4.032706	3.7464566	3.516373	4.2273164	4.007584	3.4392512	3.7772398	2.9567258	3.6790886	3.5979016	4.021211	3.1142545	3.167649	3.9915128	4.117587	3.8485553	3.1216903	3.6433938	4.185571	3.657152	3.477213	3.4723492	3.5214198	3.2755225
COL12A1_32305	2.3764687	2.1547542	3.0934007	2.1847157	1.7338829	3.2937799	1.5718547	3.458151	2.6509938	3.0256517	2.1444392	1.955242	2.9724503	1.3398731	0.72900796	2.326616	1.9300845	2.854038	2.035052	0.7045007	1.911856	2.7167444	2.0393906	2.2336307	0.7178737	2.250642	1.8287144	3.5554237	1.126302	3.2918935	2.5294693	1.2089423	2.4082093	2.506633	1.9328802	2.6244397	1.3109689	3.1074347	1.2585819	2.0255485	2.5217707	2.3475738	2.3448164	1.5489385	3.3918626	2.6400769	1.4554178	1.4272856	2.524174	1.1142143	1.3829705
COL14A1_8350	1.6305549	2.486432	2.696003	3.4657202	2.498873	2.521582	2.6463878	3.240815	2.2546368	3.7760599	3.1206355	2.410535	1.9028349	1.7211257	1.5716753	2.326616	3.1259208	2.467557	2.4162252	2.73687	2.9831893	2.5739944	3.2164934	2.0614784	2.896768	2.810302	3.8479037	2.9846053	0.0	3.1201398	3.0876935	1.5692585	2.2304184	2.506633	3.0578372	3.0670605	2.4444666	3.7513156	3.601796	2.228283	3.794259	2.3475738	3.7889702	3.0111494	3.806888	3.0834928	3.5177994	3.5483809	2.6659598	2.7705867	1.8370861
COL1A2_8353	8.49812	8.339176	8.817139	8.633037	7.801895	8.960711	8.718432	9.161759	9.56403	8.556243	8.832953	8.27782	8.477542	8.905472	7.7723618	8.67709	8.43765	8.462395	7.8703513	8.041851	8.818127	9.013722	8.429341	8.552855	8.030565	9.044406	9.09585	8.802965	8.032586	8.597624	9.247757	8.104029	7.8719397	8.516756	7.899981	8.68168	7.768041	9.210603	8.247413	7.819102	8.408441	8.42564	8.840898	8.130687	9.043892	8.960571	8.289476	8.330856	7.723118	7.1957054	7.8271303
COL3A1_8354	10.165173	9.736905	9.554139	9.699471	8.789207	10.359627	9.478172	10.957312	10.499087	10.359551	9.770511	8.811275	9.7047415	10.044475	8.803434	9.774587	9.518077	9.9084215	8.57312	8.788999	10.149586	10.484065	9.368486	9.607794	9.251837	10.219877	10.148243	9.549527	9.138295	9.4457855	10.506027	9.034416	9.103239	9.336673	8.884968	9.8830185	7.890157	11.020553	8.950347	9.089185	9.713919	9.224225	10.321675	9.635104	10.205902	9.821656	9.510381	9.331139	8.727809	8.176327	8.949387
COL4A1_8355	4.234097	3.5770385	3.9434626	3.302455	3.3652549	4.3196507	3.5263135	4.2812176	4.3118453	3.5005994	3.8762534	3.4688873	3.4948025	3.885732	2.921244	3.175133	3.613897	2.854038	1.5155233	3.5487905	4.3944616	3.987655	3.3690693	4.537232	3.12715	3.6178672	3.6421144	4.336896	3.7464566	4.216295	3.9374175	1.5692585	3.518869	3.548908	3.3245418	3.405289	2.9382603	4.3001184	4.357303	2.4060068	3.5656989	3.3981557	3.4473767	1.8351252	3.9064214	3.0834928	3.0959623	2.8468895	2.79505	1.7353235	2.3732097
COL4A2_8356	7.3803253	6.6352963	7.621403	7.1879478	7.111103	7.828242	7.3113337	8.034982	8.205681	7.238537	7.3756747	7.011926	6.8415723	7.644345	6.914861	7.2881365	7.5700426	7.1672025	6.162753	7.117676	7.8518353	7.7375965	7.6740766	7.357016	7.028967	7.62364	7.076716	7.4672027	6.7946444	7.448578	7.6835737	6.556573	6.9552436	7.0162053	6.299783	7.7031837	5.8585186	7.337005	6.907704	6.9667907	7.299341	7.1014247	6.9403534	6.286155	7.67898	7.987039	6.44222	6.9115047	6.3746843	6.086918	6.4619904
COL5A1_8357	2.8657134	1.9551042	2.353332	2.6598237	1.7338829	1.8913333	2.9214785	3.7328856	4.608057	1.7575232	2.1444392	1.955242	3.2045193	2.668917	1.5716753	2.1199853	2.382989	2.3117008	2.4162252	2.4348454	3.747729	3.447462	3.1336944	2.2336307	1.5530008	2.6467445	3.9104564	2.9846053	1.751022	3.3706653	2.967061	1.5692585	2.8388512	3.463993	1.9328802	2.2296865	0.0	3.4190342	2.715985	2.8365164	3.2939854	2.5288935	1.4586725	2.2785902	3.857513	2.4557507	2.1650176	2.4607615	2.3669193	0.0	1.961433
COL5A2_32669	2.6417313	1.9551042	3.5801554	2.788815	1.4566294	3.7218108	3.1524212	3.6469922	3.6225116	3.0256517	3.1206355	2.200775	0.7526357	3.3487625	2.3059688	3.175133	2.87268	2.467557	2.238191	1.8148876	2.7061675	3.5271246	3.3690693	3.3953938	2.0785348	3.0904965	3.1138024	4.222796	3.3873456	2.1035776	3.8717287	2.3030627	2.0275967	2.325943	1.4280888	3.0670605	1.687787	4.3001184	2.5543716	2.5642188	3.4806895	2.9664538	3.100484	2.4578679	3.523103	3.6105773	2.8853111	2.7293007	2.6659598	1.7353235	2.4600961
COL6A1_33258	7.149519	7.7214622	7.2772985	7.33779	6.084889	8.083748	7.6831384	9.239018	8.671141	7.7395644	7.53718	6.8231707	7.6992617	7.7091217	6.2218747	7.7131886	7.1593075	7.718099	6.2357464	7.023078	8.347153	7.8308067	7.531778	7.710359	6.81433	8.061417	8.131683	7.315409	7.008567	7.060254	8.520432	6.6156573	6.7228284	6.728346	6.985162	8.214143	6.285702	8.416815	7.1743093	6.894142	7.026938	6.9975176	8.400401	7.064961	8.164406	8.057563	7.5457497	6.8842545	6.987999	6.036608	6.9374437
COL6A2_32304	2.222978	1.9551042	2.353332	2.361048	1.4566294	2.82721	3.255363	3.3535717	2.6509938	3.0256517	1.8342675	1.6591743	2.534579	3.5507815	1.2110108	1.5888703	2.382989	2.1369452	1.7985483	2.9864812	3.1040103	2.7167444	1.353526	3.0714748	0.7178737	2.810302	2.0670378	2.9846053	1.9845754	2.2771995	2.6905363	1.5692585	2.2304184	1.2252613	1.4280888	2.7875395	1.3109689	3.7513156	2.1639853	2.4060068	2.5217707	1.6063654	2.8897388	2.8914306	3.0870192	3.0834928	1.9649282	1.4272856	1.7554088	1.1142143	2.6195898
COL6A3_33029	4.3498583	4.839124	4.7926054	4.657271	4.529763	5.151765	5.190283	5.6042423	5.8092413	4.26721	4.782111	4.352279	4.4744954	4.5362835	3.7540836	4.9905663	4.369845	4.5640926	4.245692	4.358748	4.653956	4.8514686	4.8833723	5.471834	4.597604	5.183252	5.5329905	5.485284	4.756258	5.1548686	5.2412624	3.8848567	3.8619456	3.8459697	4.162613	5.5920415	3.5979016	5.3390527	4.6650844	4.410862	4.2700734	4.278248	4.9137297	3.574598	5.475242	5.145374	4.762104	4.556145	4.09081	3.7257514	3.3226593
COL8A1_33062	3.3831434	1.7233189	2.840976	3.386396	2.1664994	3.8628378	3.0415661	3.458151	3.9386752	3.2825825	3.1206355	2.5936327	2.534579	3.5507815	2.6461606	2.8123772	3.0048497	3.4847689	2.966509	2.8670673	3.6715705	3.674356	2.952313	3.5980654	2.7661297	3.7036133	2.8837204	4.633352	1.4722159	3.8817208	3.3023546	1.8573289	2.4082093	2.6671908	1.7024508	3.3011148	2.23349	3.4190342	2.715985	3.3525324	3.4806895	2.9664538	2.3448164	2.0738304	3.953726	3.6105773	1.9649282	3.323391	2.190403	2.1681004	2.9549038
COLEC12_32794	5.899586	4.749371	5.572294	5.066451	5.2341156	5.8724055	5.6531076	6.1945033	6.962621	5.555693	5.2394724	5.533735	5.1942897	5.960039	5.1098804	5.838645	5.203099	5.776272	5.182751	5.0214367	5.814001	6.1619368	5.4433794	5.288715	5.567498	5.7448406	5.5329905	6.1942496	5.0926967	5.703625	6.3114905	5.403198	5.5212975	5.4967585	4.9482536	5.5920415	5.2489533	6.5193105	5.1052804	5.1456947	5.7508497	5.544363	5.5379915	4.8055115	6.054787	6.257653	5.9805775	6.0636473	4.854025	5.2361207	5.222723
COMT_32835	8.163014	7.8708124	7.831223	8.3200445	7.9347014	8.606788	8.264217	8.500586	9.030845	7.8024693	8.71164	7.910359	8.563624	8.581415	7.8024173	8.052051	8.322032	8.242613	7.389675	7.714388	8.649704	8.217493	8.29529	8.0265255	8.201458	8.330979	7.9008245	8.755023	7.9862247	8.419185	7.945438	7.632326	7.9953766	8.482086	7.6915774	8.314549	7.645337	8.018679	7.8416405	7.6081934	7.9520364	8.328037	7.581896	7.962643	8.235513	8.53564	8.432151	8.789524	7.9686847	8.026489	7.4243736
COPA_8359	7.934854	7.195726	7.5173655	7.6452107	7.2933025	8.054636	7.7060375	8.144822	8.3292675	7.7395644	7.8522234	7.4814343	7.7913423	7.9470353	7.106011	7.6853094	8.008335	7.4779835	7.171376	7.4801173	8.13667	7.929396	7.7628465	7.494566	7.408764	7.6562657	7.96486	7.8307447	7.455247	7.595206	7.6545706	7.632326	7.3255444	7.660821	7.016902	7.6564493	7.4696307	7.851373	7.405185	6.959688	7.688588	7.6684523	7.3229947	7.0855656	8.144157	8.170441	7.818674	8.380457	7.212624	7.0637603	7.1613984
COPB2_8360	7.4810987	6.339722	7.1647167	6.987505	6.9642963	7.3358765	7.1669564	7.750914	8.012681	7.3550286	7.556973	6.7670965	7.736802	7.060227	7.0852046	7.4515285	7.580673	6.8993454	7.1336756	6.9661	7.375778	7.415265	7.3419757	7.052315	7.077983	6.6580396	7.1627474	7.8880205	7.0348353	7.223019	7.5109344	6.980317	7.0520935	7.6984797	6.9060082	7.186466	7.255603	7.1666503	7.1950245	6.825476	7.085689	7.5102415	7.039562	6.8728666	7.483316	7.5767236	7.7148166	7.9587207	7.1108923	6.94604	6.630681
COPS7A_8361	4.0177727	3.5770385	4.1243386	4.0839515	4.2500668	4.5457015	5.0252886	4.8794	4.6520104	4.007263	4.59055	4.2468877	4.6811824	4.3858986	4.545657	3.9123585	4.369845	3.4847689	4.0436835	4.169819	4.7680693	4.54198	4.604687	3.5336206	4.6724668	4.4627132	4.3321013	5.0561676	4.182158	4.299185	4.000245	3.7507105	3.8619456	4.092185	3.9156005	4.532437	3.6835446	4.4899464	4.0887313	4.1363487	4.319868	4.7125773	3.8485553	4.1450377	5.0656013	4.9145117	4.6329803	5.1205196	3.8144693	3.5927947	3.4554782
CORO1A_8364	10.108771	9.424128	10.158488	9.980902	9.547468	10.364083	10.661837	10.27856	10.551519	10.019039	10.291356	9.8027115	9.900423	10.888139	10.134437	9.852909	10.413867	9.7332535	9.932198	10.090343	10.533261	10.214605	10.058561	9.271091	10.155993	10.224418	10.161967	10.353093	10.034157	10.183515	9.87866	10.398812	9.6346855	9.768224	9.1512165	10.017509	10.310097	10.047921	9.958006	9.141906	9.942702	9.985666	9.513194	9.420756	10.441923	10.682003	9.872256	10.6747675	9.43439	9.633375	9.613746
COX8B_32651	2.222978	2.6274648	2.353332	0.66999	2.1664994	2.340468	2.486291	2.2757223	1.3270301	2.7128305	3.1206355	2.756088	1.6109856	2.4838471	2.1001348	2.1199853	2.1742368	0.6474369	2.4162252	2.0523822	2.5447638	1.7979587	1.8448938	2.526371	2.4629142	2.462245	2.271517	3.240585	2.3618937	1.6773919	1.6068331	3.2518594	2.5664744	2.325943	2.1315236	2.440523	2.4444666	2.7094493	2.372343	1.7895929	3.5656989	2.3475738	2.5015178	2.6173096	2.4590204	1.9966261	1.1120816	0.64444155	0.67270136	1.1142143	0.0
CP_8366	9.01024	7.7016573	8.5507965	8.555833	8.03727	9.029653	8.608485	9.124504	9.011994	8.402299	8.201478	7.9570537	8.385995	8.988278	8.044392	8.875182	8.809337	8.505753	8.262656	8.361994	8.530801	8.973408	8.400856	8.666159	8.166272	8.438056	8.69063	8.877921	8.599303	8.395832	9.083378	8.645323	8.13458	8.965974	7.910158	8.15933	8.2508745	8.911863	8.467709	8.414974	8.3467245	8.152543	8.32898	7.4243646	8.894316	8.7157545	8.397783	8.305401	7.9721017	7.777384	8.123452
CPA3_8367	4.4221745	4.047728	1.9030463	2.6598237	2.3422368	4.741084	3.8229792	3.458151	3.5313187	2.0617402	6.659214	0.78194916	2.3531	4.4878764	2.3059688	3.7780194	3.7706692	5.4233203	3.0765762	2.8670673	4.2964406	3.6026177	2.3639069	1.6397378	2.6224735	2.810302	4.5442247	1.724663	3.0175493	3.208571	3.7306347	3.7507105	1.7915226	4.3505454	3.4035087	4.044337	2.23349	3.9583218	3.601796	2.7067823	3.4806895	3.3981557	4.7975917	4.294119	3.3918626	4.4051027	4.29169	3.6162026	3.4723492	3.7879004	2.3732097
CPNE3_8370	3.2304003	2.6274648	2.9727023	3.016629	1.7338829	3.3901486	3.1524212	4.0991335	4.255975	3.5983813	3.8762534	3.3719604	3.4948025	4.0279417	2.3059688	3.2782712	4.3199596	3.7506518	1.5155233	3.3845623	3.1040103	3.3631423	3.2164934	3.5980654	2.2834883	3.7845476	3.4020078	4.54114	3.1192565	1.9061652	3.654551	2.3030627	2.9579055	2.811656	1.9328802	2.6244397	3.3054578	3.2189481	4.357303	3.167649	2.9589396	3.1983922	3.1953344	3.1216903	3.9995286	3.8537915	3.3635335	3.477213	2.6659598	3.7879004	3.4971662
CPQ_33239	6.1436925	5.641444	6.4367223	6.0054817	6.2372384	6.509382	6.488306	6.405385	6.9362016	5.9005184	6.0813713	5.4412074	6.3299255	6.360336	5.91109	6.3574615	6.484451	5.82032	6.175178	6.1215186	6.2270546	6.58129	6.0514827	6.1782784	5.6986556	5.9341187	6.5471625	7.2872996	5.8525796	6.2844257	6.8268075	5.843036	5.7364225	6.644006	5.964307	6.3214383	6.126607	6.7316403	6.482693	5.733759	6.1591735	6.0087643	6.2842245	5.637855	6.5308843	6.6065707	6.544502	6.417348	6.210793	5.845274	5.798922
CPS1_32421	2.7580647	2.9829214	3.0934007	3.016629	3.0976462	3.7218108	2.486291	2.4882271	4.0740767	2.5266557	3.7896788	2.756088	2.8407278	2.8329227	3.9509327	2.6678994	4.596273	3.0640168	2.4162252	3.5487905	3.888952	3.447462	4.4421554	4.36274	3.6559942	1.7028205	3.7825153	7.0898833	2.7897131	1.9061652	4.1738105	3.5227396	3.7995486	4.3024426	1.7024508	3.188829	3.0713174	2.1579974	4.255792	3.5163915	4.4597015	4.117587	3.2843316	3.1216903	4.671942	4.185571	5.6207414	5.0487003	5.2186785	5.1201177	4.3201213
CPSF4_8372	6.9560432	6.5314217	7.225411	6.9740024	6.8452983	7.049024	7.3525524	7.4099474	7.532009	6.8786936	7.4551744	7.0038614	7.0646286	7.3379383	6.7306376	6.8596363	7.2750998	6.985694	6.34975	6.9661	7.5507293	7.3781505	7.2218537	6.76011	7.271014	6.9133024	6.74034	7.3497934	6.9197326	7.2597017	6.8093696	6.77101	6.976551	6.9078526	6.3702836	7.040425	7.131565	7.207786	7.146218	6.6861176	6.8433404	7.0724926	6.2624826	6.4540243	7.0655904	7.452906	7.0660906	7.4697313	6.8829956	6.652313	6.4619904
CPT2_8374	3.763191	2.8738854	4.1243386	4.357907	3.0976462	4.627056	4.3270435	4.1624165	4.9270763	3.8573148	4.4280906	3.1560693	4.7562222	4.3858986	4.373298	3.846752	3.9778814	3.4847689	4.617513	3.2948601	4.0175753	4.1969967	4.093564	4.537232	4.150857	4.2511845	4.188035	5.60399	4.182158	4.1729927	4.7132473	4.4148836	4.533327	4.609673	3.54955	3.9091218	4.112024	4.349968	4.4055	3.8594182	4.2184987	4.6745768	4.114353	3.3202078	4.80687	4.595598	5.2322598	4.9470167	4.188052	4.33762	3.8903701
CRAT_8375	4.491038	4.7799134	5.1112504	4.9332466	4.938252	5.151765	5.0252886	5.4093204	6.008361	5.198399	5.206434	4.628886	5.2472773	5.455364	3.9509327	4.8300796	5.0885916	5.128581	3.274329	4.710571	5.9967647	5.510678	5.1801004	4.537232	5.1096663	4.81067	4.8616695	5.434924	5.06747	5.4369936	4.675246	4.174075	5.123077	5.314746	4.06882	5.378287	2.7916732	4.349968	4.5836377	4.53073	4.8126054	5.4575152	4.379686	4.772004	5.699947	5.5880504	5.209795	5.812168	5.073521	4.8557158	4.4949174
CREB1_8377	7.0446134	6.36008	7.1368995	7.1937838	6.7704215	7.6104836	7.193126	7.510656	7.634159	6.9265456	7.18533	6.7382207	7.489853	7.7248716	7.078202	6.96388	7.37008	6.9464817	6.774038	6.7802763	7.7674556	7.2253203	7.439996	6.9510903	6.9179645	7.2560806	7.014001	7.6821465	6.884054	7.0720887	7.116367	6.8136897	6.7143974	7.317868	6.694619	7.2921515	7.1691666	7.004912	6.9489417	6.736854	6.99664	7.07978	6.5850334	6.443421	7.3032813	7.3705664	7.3179073	8.122182	7.073203	7.0061007	6.2466936
CREG1_8380	11.172428	10.583177	10.579897	11.263989	10.814046	11.255349	10.413893	10.629419	10.999302	10.2244215	10.51864	10.936159	11.3081665	10.446298	10.640328	10.706583	10.966916	10.53066	10.521237	10.613575	11.007996	10.760284	11.050145	11.034468	11.12069	10.090566	10.78406	10.499637	10.660121	10.966561	10.8752775	10.269103	10.932084	10.880763	10.630607	10.865801	10.547754	10.456231	10.494201	10.741304	10.763977	11.006146	10.529377	10.856293	10.411538	10.606527	10.893236	11.078357	11.396408	11.300103	10.532715
CRELD2_8381	7.4979277	6.837579	7.122787	6.918691	6.9975057	7.585259	7.1335626	7.7611713	8.452449	7.4233313	7.9700937	6.562682	7.3932433	7.750745	7.431349	7.7085795	7.37008	6.9596715	6.853495	7.5103226	7.5926332	7.669009	7.046236	6.5962367	7.2889695	7.263159	7.4580045	7.409692	7.748999	7.030237	6.7281795	7.017307	7.004481	7.572313	6.7024484	6.9571795	7.4514337	7.3856173	7.4110994	6.2351427	7.1000104	7.3805203	7.5191045	7.1325283	7.689498	8.271639	7.4862432	8.031941	7.0475183	7.119204	6.9374437
CRIP1_32865	11.646211	11.399072	11.225866	11.047404	10.875627	11.21891	11.815165	11.262267	11.68599	11.417107	11.879158	10.790229	10.796228	12.13814	11.271009	11.539996	11.4953375	11.131049	11.642911	11.575515	11.428534	11.215878	11.314946	11.067561	11.028849	11.307075	12.060087	11.657816	11.431233	11.421287	11.443652	11.751036	10.854123	11.722263	11.369362	10.903534	11.711739	11.777969	11.528462	10.545893	11.66526	11.186158	11.836993	10.644649	11.624521	11.530777	11.275668	11.76862	11.084594	11.154738	11.048374
CRISPLD2_32789	4.996422	4.839124	4.642423	4.58805	3.8455658	5.7323575	5.2160363	6.116754	6.1064014	5.3180447	4.4280906	4.497202	4.861935	4.836087	4.0110016	4.201936	4.6375866	5.4793434	4.245692	4.219421	5.899955	6.0584874	4.6648974	5.539034	4.6724668	5.7448406	5.2958355	5.328603	4.358906	4.91313	5.8817883	3.7507105	4.7467914	5.188101	4.2506785	5.677744	3.7643874	6.4637914	4.742178	4.776873	4.2700734	3.8022594	5.4250994	3.4100819	6.3032846	5.6103015	4.33385	3.6162026	4.279152	3.4463294	4.669159
CRK_8382	4.996422	5.150936	4.8278294	4.6230755	4.4552264	5.5357046	5.2160363	5.6710443	5.409172	4.9616933	4.990539	4.1911564	5.441677	5.6438937	5.2903852	5.0500746	5.4316773	4.873771	4.722831	5.205005	5.5631294	5.1819463	5.0730724	5.123396	4.997667	5.5032077	5.0678363	5.557673	5.06747	5.262071	5.646733	5.611065	5.0173855	5.078117	4.557369	5.244248	5.574527	5.3635287	4.9514475	4.9007115	5.3326373	4.888876	4.253111	4.3405747	4.780875	5.0180063	5.091904	5.8265553	4.7622647	5.3434863	4.5749664
CRKL_8383	3.8704717	2.75593	4.006308	3.7454848	2.7688293	4.5457015	3.255363	3.8907034	3.86589	2.8777032	3.9579256	2.5936327	3.6602395	3.6420867	4.068669	3.7780194	4.2682877	3.0640168	2.8473456	3.469012	3.820068	3.930203	4.178631	3.3209743	2.4629142	2.957191	2.6098514	4.1621737	3.681432	3.2918935	4.2789087	1.2089423	2.4082093	3.8459697	3.8035955	4.107471	3.1931324	2.8546557	3.1142545	2.7067823	4.109465	3.87108	3.5224726	3.574598	3.754422	4.061858	3.3635335	4.4853687	2.9135318	2.5005684	3.176361
CROT_8384	6.0092955	5.501839	6.3545685	6.3255715	6.0599537	6.622814	6.4776993	6.365603	6.988566	6.3981624	6.2202506	6.007012	6.188068	6.7676015	5.8792133	6.1823654	6.390906	6.047321	6.3387465	6.3390794	6.2534184	6.2110066	6.391501	5.8743916	6.0610228	6.020193	6.402324	6.8800507	6.429196	6.263935	6.1683598	6.21828	5.8638606	6.604878	5.526403	6.0432925	6.365613	6.358133	5.7339687	5.682912	6.1862736	6.485582	6.1366687	5.6191325	6.425768	6.2716823	6.0705967	6.500457	5.958556	5.9025784	5.452005
CRP_8385	2.515188	3.9436586	0.0	5.611055	4.376628	4.459483	1.8601638	2.0264177	4.694665	4.4354167	1.8342675	3.8747573	4.7562222	0.0	2.3059688	1.2257426	3.0048497	5.7911043	1.5155233	0.0	4.9402366	1.7979587	6.2707644	4.399368	2.2834883	0.0	3.1138024	3.5554237	1.751022	0.63191724	1.2411588	3.2518594	0.6919362	0.7389744	5.397298	3.0670605	0.7995354	2.1579974	0.76239324	5.3332367	1.2357911	0.7498454	2.642854	1.1915702	2.169534	5.145374	2.8853111	1.7015651	1.9892389	2.1681004	2.542046
CRYAB_33054	3.0595496	2.8738854	3.0934007	2.5181563	2.3422368	2.9587402	3.5263135	3.240815	3.0949595	2.312845	3.4935977	2.9020875	2.534579	3.7279556	2.7902486	2.326616	3.5286222	2.3117008	2.574683	1.5304413	2.9831893	2.846633	2.952313	2.977701	3.016553	3.21252	2.7532747	4.5879827	2.9081242	3.0259323	3.654551	2.9180818	2.9579055	3.1743853	1.9328802	3.405289	2.6284897	3.1074347	1.2585819	2.0255485	3.4806895	3.7299907	2.5015178	2.2785902	3.6999757	3.2054403	2.994478	3.402351	2.79505	3.0994654	2.7631934
CRYL1_8388	3.8178284	2.75593	3.4046404	2.361048	3.78599	4.2182827	3.6822586	4.032947	4.5159154	3.689954	2.8046954	3.2680495	3.4948025	3.3487625	3.1521814	3.2782712	3.1259208	2.9628441	2.4162252	3.2948601	3.888952	4.3362055	3.0458522	3.3209743	3.4156697	4.069322	2.8837204	4.8791513	2.7897131	3.4453578	3.4891737	3.4379745	2.4082093	3.6291015	2.8479903	2.7875395	2.6284897	4.349968	3.6822517	3.7970295	3.190714	2.834815	2.8897388	2.760871	4.2474513	3.9265325	3.843792	3.8024087	1.9892389	2.9979472	3.1241014
CSF1R_33318	8.1470995	7.2182035	7.611331	7.98854	8.03727	8.494748	8.297769	8.61811	8.756666	8.275001	8.783406	7.7652373	9.304804	8.60146	7.943963	8.393858	8.831759	7.397883	8.089677	8.052155	8.205803	8.30767	8.15013	8.109005	8.618428	7.693419	8.322042	9.479825	8.124128	8.24195	8.443393	7.8447895	8.083121	9.743667	7.6597614	8.307845	8.694259	8.115529	8.923703	7.3448205	8.133549	9.202691	7.9617076	8.524453	8.316912	9.024105	9.630471	9.670176	7.854827	8.26093	7.459068
CSGALNACT2_8391	4.6196246	4.047728	4.7565002	5.091677	4.2500668	5.2830663	4.545916	5.243633	5.2177176	4.586044	4.782111	4.4504933	5.1942897	5.455364	4.1241193	4.303241	5.3091817	5.0067945	4.3369923	4.169819	4.972335	5.0799727	5.0506797	4.8859277	4.2022934	4.9221873	4.583148	5.8155932	4.5531583	5.262071	4.675246	4.5009766	4.5711703	4.6866455	4.1164784	4.705656	4.6262813	4.3981524	4.742178	4.325033	4.9454346	4.8209195	4.2965484	4.385582	5.303291	4.185571	4.8225756	5.3369756	4.234321	4.602612	3.9813085
CSK_8392	5.4585977	4.2791452	5.8371973	5.1648126	5.498192	5.8386474	6.017685	5.7348895	6.1982017	5.7383833	5.3342767	5.2634673	5.871078	6.4640727	5.5753856	5.1889186	5.890534	5.4041524	5.6062937	5.2770486	6.130791	5.4909453	5.9340577	4.9366517	5.401371	5.703811	5.31908	5.8155932	5.646562	5.7485633	5.5450444	5.1602564	5.4003725	5.6196246	4.72047	5.97722	5.981976	6.016101	5.5316825	5.376546	5.921831	6.038989	4.338716	5.5417137	5.6577187	6.2716823	5.719457	6.339227	4.995071	5.213654	4.757577
CSNK1A1_8393	8.03049	7.161339	7.9756293	8.0637665	7.6430745	8.445136	8.062515	8.557605	8.542773	7.9579253	8.141566	7.576941	8.088565	8.416637	7.728309	7.870019	8.216924	7.7103167	7.4974985	7.9345617	8.365397	8.156173	8.099215	7.948342	7.9387712	8.159509	8.015541	8.551451	8.1149235	7.9497166	8.153236	7.5336504	7.8490167	7.9018326	7.405366	8.277282	7.947546	7.991453	7.77899	7.489923	7.998645	8.239707	7.6671066	7.5873485	8.5579195	8.476302	8.143034	8.456434	7.417006	7.773549	7.312069
CSNK1E_8394	2.3764687	3.430726	3.4950655	2.361048	2.7688293	3.6457665	2.9214785	2.2757223	3.43397	3.2825825	3.1206355	1.6591743	3.3079073	4.0279417	3.255121	1.8787316	3.341277	3.5559726	2.966509	2.0523822	3.3189702	3.075847	3.6920276	2.6531126	3.4156697	4.1325245	2.8837204	2.9846053	3.0175493	3.8817208	3.9374175	3.2518594	2.7090814	2.325943	2.306097	2.9340591	3.3054578	4.021211	1.920373	2.8365164	3.7220223	3.3981557	1.4586725	3.574598	3.953726	2.4557507	3.3635335	4.0676174	2.6659598	3.3671148	2.8299677
CSNK2A2_8395	4.0637107	2.486432	3.5801554	2.788815	3.590906	4.269857	3.3514462	3.6469922	3.0949595	3.3957052	3.6975753	3.1560693	3.943193	4.2761607	3.255121	2.9436944	3.4379885	3.0640168	2.7174463	3.69622	3.9546967	3.3631423	3.803364	3.7757409	2.4629142	3.3250225	3.8479037	3.3533397	3.0175493	3.710581	3.3987858	3.8848567	2.4082093	3.277517	2.306097	3.5934687	3.5979016	3.5947201	3.5165868	3.167649	3.794259	3.087079	2.3448164	2.760871	3.6433938	3.777187	3.5891576	4.161406	3.2198298	1.9678794	3.6528244
CSNK2B_32771	3.4538498	1.1049913	3.2047765	2.788815	2.9961455	3.0792744	3.6822586	3.8139515	2.4663844	2.7128305	3.2559555	3.1560693	2.3531	3.4533052	2.7902486	2.1199853	3.9778814	2.1369452	2.238191	3.2948601	3.5060158	2.9657874	3.5070412	2.3874133	2.6224735	2.462245	3.003343	4.4426293	3.2142637	3.516373	3.3023546	2.7871325	2.5664744	2.942963	1.9328802	2.6244397	3.0713174	2.8546557	2.9933162	1.5073531	2.5217707	2.9664538	0.0	2.760871	3.0870192	4.185571	2.8853111	3.8594944	2.6659598	3.0994654	2.3732097
CSRNP1_32455	3.6472874	3.267883	4.5185456	4.1811657	3.1924727	4.5032363	4.624943	3.8907034	4.5159154	4.381498	4.308639	3.8747573	4.3345904	3.885732	4.1241193	3.7780194	4.7919374	3.0640168	3.808712	4.0098786	5.122916	4.244908	4.9331865	3.3209743	3.5802486	4.003223	4.136628	4.916335	4.0337577	4.37757	3.9374175	4.0652423	3.7995486	4.3505454	3.6173768	4.167958	3.9136333	4.194934	3.9655392	3.6635237	4.2700734	4.1731524	3.4473767	4.0917125	4.3214507	5.083095	4.0601544	4.9731174	3.6871839	3.5927947	4.173552
CSRP1_8396	7.305825	6.935789	7.473554	7.3742247	6.867024	7.585259	7.692342	7.4485416	8.037748	7.238537	7.6084642	7.1425486	7.2896967	7.760966	7.2808843	7.423676	7.652972	7.155787	7.3408785	7.335775	7.7765737	7.554854	7.1914725	7.30004	7.451905	7.6562657	7.320798	7.5582347	7.3545613	7.63564	7.5586805	7.1023936	7.1110873	7.081795	6.7179804	7.1643677	7.045221	7.478187	6.7672157	7.1401534	7.528389	7.3016872	6.796479	6.7999296	7.7308187	7.7166204	6.900631	6.9774604	6.540376	6.7255964	6.635356
CSRP3_32915	3.0595496	2.3301039	2.353332	2.1847157	1.4566294	3.0792744	2.486291	2.0264177	2.4663844	2.7128305	2.9712968	2.9020875	2.9724503	3.2360482	2.6461606	3.175133	3.0048497	2.854038	2.574683	2.9864812	2.9831893	2.9657874	2.8522859	2.977701	2.896768	2.810302	2.4505796	4.032706	2.185535	3.2918935	2.3481333	3.148948	2.7090814	2.325943	2.8479903	1.6844561	1.3109689	3.5095499	2.9933162	2.5642188	3.7220223	2.3475738	2.5015178	2.2785902	2.321526	2.8034983	1.9649282	2.130537	1.9892389	0.66210103	1.193102
CST7_32653	4.3498583	4.0970764	4.642423	3.2133267	4.7639403	4.164796	4.4623084	3.8907034	4.365632	3.9342363	3.7896788	2.9020875	4.179647	4.836087	3.7540836	4.0929766	3.9778814	3.9750757	3.9884303	4.74485	4.530035	3.674356	4.178631	4.1642017	4.0975184	3.93395	4.3321013	4.4927254	4.4397717	4.8319354	4.675246	4.2752705	4.0344143	4.1476912	3.9685025	4.107471	4.391946	4.4447794	3.9655392	4.53073	4.165012	4.226657	2.9989562	3.9187803	4.584481	4.6395364	4.1095295	4.0183334	4.55913	4.207234	3.9213243
CTCF_32905	6.4421	6.1539984	6.806979	6.63105	6.291802	7.1625266	6.590291	7.3702927	7.180862	6.788345	6.7072406	6.658267	6.752741	6.97499	6.29618	6.555259	6.7429056	6.2325873	5.990664	6.234396	6.969609	7.139206	6.86561	6.61971	6.648069	6.751599	6.5569725	7.11409	6.5615673	6.6026473	6.4641542	6.3046026	6.4956994	6.4143486	5.8278112	7.1494446	6.2580504	6.848965	6.4714165	6.304059	6.5202966	6.4181895	5.771418	6.286155	6.7874045	7.09882	6.8794374	6.93825	6.4053416	6.2168536	6.1649895
CTNNAL1_8399	4.234097	5.054298	4.928618	4.7552466	4.293499	4.459483	4.9037795	5.243633	4.6520104	4.5375614	4.9511933	4.8608956	5.347749	5.59902	4.068669	5.29111	5.257115	4.5640926	4.65348	4.6025567	5.179007	5.0261497	4.604687	4.8333554	4.9682536	5.0257	4.7634163	5.382743	4.691684	3.648705	5.1332793	4.6211877	4.713336	4.442191	4.207318	5.0964675	3.1931324	5.726402	5.244279	4.410862	4.7773952	4.5541725	4.4195247	4.8055115	5.5540967	5.1755333	4.5638094	5.3167343	4.5950346	4.5317335	3.8903701
CTNNB1_8400	6.3149147	5.7988634	6.2928843	6.4380264	5.4219613	6.755372	6.3322115	6.79302	7.1428595	6.3428054	6.3316875	6.1007366	7.1505885	6.705454	6.0174184	6.2217164	6.70454	6.472315	5.990664	5.9847827	6.845124	6.6717052	6.5986304	6.4727774	6.552206	6.3208075	6.537286	7.0317698	6.133494	6.7201195	6.592036	6.0571046	6.1404896	6.9238386	5.964307	6.5770087	6.2719426	6.989268	6.2907476	6.0334406	6.5725827	6.7998805	5.771418	5.779483	6.9361396	6.6285405	6.850686	6.9902973	6.2785997	5.984481	5.6681614
CTNND1_8401	8.593201	7.697664	8.121156	8.555833	8.245117	9.016503	8.405217	9.368778	9.593914	8.44892	8.75798	8.355929	9.337244	9.080938	8.235904	8.799177	8.858214	8.261374	8.102744	8.048728	8.926547	9.010262	8.440149	8.677387	8.837588	8.240636	8.636145	9.487567	8.002954	8.667543	9.005119	7.936477	8.758376	9.272575	7.9302998	8.803455	8.5844345	8.595342	9.01779	8.109587	8.489548	9.129083	8.352325	8.493949	9.010726	9.429613	9.457731	9.380731	8.327309	8.469674	7.7537866
CTSC_32456	9.750773	9.307113	9.520895	9.780241	9.724512	9.716016	10.06113	10.08901	10.434489	9.57849	9.894961	9.424917	10.327696	10.325818	9.795428	9.913243	10.020811	9.30108	10.043966	10.045496	10.060941	9.879195	9.773324	9.718834	10.002136	9.699966	10.075889	10.266652	9.868771	9.651051	9.989268	9.589278	9.446442	10.519728	9.456814	9.569343	10.064852	9.831408	9.998833	9.300697	9.89422	9.813856	9.721758	9.23496	9.818879	9.845301	9.902337	10.093225	9.342328	9.608835	9.242284
CTSD_8403	7.1759033	6.6926064	6.6778007	7.0337934	6.691445	7.1828485	6.7921124	7.2804413	7.6720095	6.477408	7.1596694	7.011926	7.595802	6.827182	6.6760254	7.2505794	7.28163	6.792833	6.9792747	6.6951814	7.1971626	6.8680544	6.922211	7.290321	6.755282	6.5694556	6.807624	7.207049	6.7156553	7.349956	6.8695025	6.363245	7.2103558	7.6024227	6.501721	7.1267667	6.5249176	6.941292	7.073499	6.522235	6.868655	7.057806	7.3896995	7.3637977	6.7874045	7.1222363	7.8839784	7.751906	7.079553	7.0255775	6.4828906
CTSK_33244	5.8480134	5.5557866	5.551373	5.4642606	5.320635	6.0000534	5.9425435	6.017562	6.2129498	6.063483	5.066151	5.392619	5.5926337	5.810609	4.9655514	5.5806437	5.9409103	5.4041524	5.2779913	5.9703684	5.965211	5.857419	5.4433794	5.3272457	5.883329	6.003384	5.6103992	6.0173087	5.761134	5.5929823	5.723219	5.48997	5.5212975	5.6196246	5.317981	5.6567907	5.4578357	5.920358	5.553236	5.3977222	5.8043046	5.74104	5.5912886	4.666542	5.6860075	5.757134	5.25438	5.4341297	4.824082	4.6701713	5.023155
CTSS_8404	9.905415	9.4409485	9.744736	9.625833	9.577428	10.1724415	10.234157	10.130153	10.325899	9.87282	10.245335	9.424917	10.29661	10.4876585	9.96541	10.020337	10.274313	9.491332	9.8885355	9.883776	10.139903	10.128628	9.797059	9.498084	9.892885	9.830776	9.966975	10.684094	10.011187	9.80878	10.195465	9.968397	9.606487	10.780075	9.621744	9.832528	10.108087	9.724445	10.146171	9.046246	9.905476	10.475944	9.841159	9.792739	10.319735	10.301849	10.219402	10.746984	9.60807	9.551766	9.344314
CTSZ_8405	9.047868	8.09688	8.190453	8.23203	8.568306	8.770159	8.515622	8.987061	9.350554	8.556243	8.974591	8.209333	10.079114	8.834657	8.499714	9.115242	9.015359	8.052572	8.566061	8.421485	8.878657	8.698096	8.862742	8.652947	9.2147455	8.229838	8.854709	9.684971	8.690942	8.677261	8.966308	8.375906	8.658639	9.98753	8.46002	8.717534	9.154147	8.526559	9.233401	7.888065	8.777086	10.029606	8.730412	9.000104	8.795538	9.135698	10.145872	10.202752	9.011354	9.427936	8.291323
CTTN_8406	5.019916	3.6449819	4.642423	4.84699	4.4164624	5.38013	4.771087	5.7555585	5.7294316	4.6783786	5.3645425	4.1911564	4.861935	4.157383	4.1241193	5.0500746	4.8633313	4.928461	4.3805633	4.8743606	5.232999	4.9984655	5.240702	4.8333554	4.5586634	4.8859644	5.2958355	4.720022	4.0337577	5.0629745	4.954449	4.174075	4.679086	4.528361	4.06882	4.8964896	3.8409395	4.1393185	4.4055	5.041911	5.3326373	5.1876035	4.064967	4.3405747	5.6860075	5.3175406	4.2034826	4.8933544	4.5950346	3.4463294	4.824606
CTTNBP2_33124	5.8610806	5.1034265	6.0460434	6.156566	5.382281	6.661947	6.4344764	6.870864	7.165781	5.6725554	6.063032	5.7224817	6.1328173	6.233957	5.2903852	6.2345986	6.1693654	5.635433	5.4308844	5.7176933	6.7278023	6.3044066	5.9821806	6.167701	5.680633	6.1171303	6.191795	6.391992	5.822737	5.688329	6.2610707	5.9386935	5.632866	6.391538	5.255493	6.152104	5.7829185	6.0314584	5.960572	5.5755024	6.1591735	6.038989	6.037744	5.373174	6.720601	6.515185	6.44222	6.180268	6.038963	5.7391644	5.330428
CXCL10_8408	6.8287997	5.8715672	6.4137235	6.2933173	6.03458	6.690615	6.1438007	6.179285	7.063712	5.8217273	6.186764	5.9067726	6.015532	6.513272	6.3896503	6.851297	6.3542013	5.7153673	5.660324	6.6686425	6.7557354	6.149404	6.502909	6.06884	5.7855377	6.085536	6.723017	6.689154	6.071401	6.704998	6.919122	6.6252737	5.7529817	6.4698462	5.526403	5.352457	6.0153923	5.852807	5.94435	5.49918	5.9849267	6.194775	5.191954	5.2075934	6.6999416	6.7637253	6.119622	6.9182377	5.944709	5.770286	5.5142403
CXCL12_32815	10.694896	9.82924	10.991143	10.7886095	10.538065	11.20697	11.436141	11.398691	11.713799	10.529548	10.455892	10.669241	10.521642	10.977407	10.137809	10.412059	10.906405	10.951655	10.077449	10.865592	11.192607	11.180513	10.800867	10.464507	10.719725	11.364557	10.787709	10.652764	10.144573	10.756651	11.13355	10.237318	10.011918	10.47635	9.952363	11.131368	10.061856	11.3475275	10.254578	10.69501	10.868583	10.151332	10.421924	9.4958	11.414975	11.111521	9.859685	10.18681	9.890434	9.247561	10.317255
CXCL12_8410	7.0503287	6.0324235	7.2709136	6.9740024	6.546388	7.389321	7.6877475	7.6217766	7.9032755	6.777948	6.152481	6.5844774	6.6966925	7.358277	6.3553047	6.6923013	6.895455	7.2392783	6.1997113	7.0438776	7.523907	7.5308976	7.0291576	6.8153687	7.050178	7.682901	7.130263	6.689154	6.5063167	6.95554	7.461553	6.505417	6.102228	6.6245747	6.3504896	7.236751	6.141817	7.622073	6.482693	6.8097625	7.1559153	6.0538673	6.670065	5.4171906	7.467106	7.3508782	6.119622	6.500457	5.944709	5.3014936	6.3297977
CXCL16_32294	3.2304003	3.7098691	3.80891	3.4657202	3.6589074	4.269857	3.8885062	4.2230396	4.5627217	4.206481	3.5991883	2.410535	4.179647	4.2179937	2.7902486	3.9123585	3.613897	3.6886325	3.4482138	4.444678	4.3462834	3.7426953	3.7487695	4.435088	3.6559942	4.2511845	3.5664334	4.8017797	4.4785657	4.415221	4.8559704	3.3479161	3.4392512	3.9743235	3.744154	3.978313	3.6835446	4.021211	3.601796	2.955541	3.794259	4.8209195	3.9608154	3.3202078	4.6999564	4.4551363	4.453407	4.3324614	3.75223	3.194307	3.3226593
CXCR4_8411	3.5212522	3.267883	3.3081667	3.1183274	2.9961455	4.2182827	2.7904801	3.8907034	4.1978536	3.2825825	2.616312	2.5936327	3.2045193	3.3487625	3.5260668	3.7058477	4.101142	3.8672233	3.5278807	3.3845623	3.6715705	3.870368	2.7448034	3.3953938	3.8619432	2.462245	3.5664334	4.0988913	3.1192565	3.1201398	4.0604506	3.148948	2.9579055	2.942963	3.0578372	3.188829	3.5068517	3.322457	3.2258344	3.0654895	3.6459768	2.6899478	2.642854	2.6173096	3.3918626	2.8034983	3.3635335	3.0567124	2.79505	3.194307	2.542046
CYBA_32388	9.004362	8.659699	8.960911	8.806849	8.568306	9.046386	9.344459	8.887571	9.464322	8.7863245	9.215725	8.678245	8.893646	9.741847	9.043456	8.679447	9.2941675	8.665207	8.9919	9.261112	9.540939	8.992829	9.08561	8.542657	8.916708	9.112609	9.102563	9.18264	9.121541	9.018881	8.920343	8.769766	8.37285	8.841056	8.443765	8.631549	9.047138	8.707149	8.787117	8.569927	9.156896	8.767751	8.746163	8.536975	9.2732935	9.340912	8.8522005	9.366032	8.67217	8.930366	8.675255
CYBB_32987	9.236417	8.164995	8.230488	8.808751	8.760476	9.08289	8.799452	9.701299	9.702406	8.941111	9.34088	8.427014	10.599486	9.440193	8.855559	9.595189	9.319776	8.558721	9.2098675	8.682492	9.307681	9.176984	8.88348	9.29194	9.499391	8.422335	9.306765	10.32139	9.047676	8.964364	9.338694	8.835447	9.196992	10.373883	8.955458	9.195457	9.705371	9.200448	10.092896	8.053983	9.041059	9.986635	9.177889	9.241096	9.132641	9.452887	10.555775	10.388766	9.158087	9.364344	8.505629
CYCS_8414	4.5885363	3.8314943	4.474771	4.227422	3.9027789	5.0373783	4.418614	4.2230396	4.736094	4.63295	5.3033624	4.072788	4.6020246	4.672462	4.9955955	3.9751108	4.2682877	4.1230955	4.3369923	4.525776	4.731025	4.1969967	4.3350515	4.503981	4.518643	5.0257	4.7634163	7.2872996	4.0849395	4.451915	4.512362	4.5009766	4.713336	4.759719	4.1164784	3.978313	4.710304	4.4899464	4.742178	3.4367871	4.9454346	4.6355476	4.4195247	3.8562014	4.930251	4.55028	5.2976284	5.4341297	5.4905725	5.020094	4.1990376
CYP1A1_8415	1.8561494	2.1547542	2.5348177	1.4715443	2.7688293	3.5654895	3.0415661	2.6734118	2.9615965	2.312845	2.1444392	1.6591743	1.6109856	2.668917	3.255121	2.5073261	2.5653183	1.9380654	1.5155233	2.593747	2.3630009	2.5739944	2.7448034	3.5336206	2.7661297	1.3239917	1.8287144	5.2138186	2.185535	1.9061652	2.5294693	2.9180818	3.518869	3.1743853	1.9328802	1.3080859	1.986288	3.2189481	1.6270963	1.5073531	2.3406515	2.5288935	2.9989562	2.0738304	3.1694782	2.4557507	3.5177994	2.9556122	2.9135318	3.194307	1.7010021
CYP1A2_8416	1.6305549	2.1547542	0.752753	3.8077013	0.66134334	3.0792744	2.1003423	1.7248423	1.3270301	3.2825825	2.1444392	1.955242	1.9028349	1.3398731	0.72900796	0.0	1.6360242	2.7363515	0.0	1.1757872	2.8513174	0.69538784	4.3350515	2.977701	1.8395665	1.7028205	3.1138024	2.4880157	0.0	1.4053764	2.3481333	2.6430998	1.157626	2.1193378	2.7303865	0.0	2.23349	2.3661232	0.76239324	3.3525324	0.7463577	0.7498454	2.5015178	0.71545935	0.99974865	2.9502776	2.4973037	1.9319366	1.4762079	2.3438904	1.961433
CYP1B1_32710	6.8874516	5.1969314	6.015816	6.2933173	6.3340135	7.2866488	6.825956	7.498445	8.021085	6.658343	6.463372	6.0701666	6.6184044	6.836877	6.074835	6.0574317	7.0640326	6.481488	5.511487	6.3502555	7.2240734	7.14553	6.839723	6.5803733	6.58164	6.4254622	6.1008387	6.8419075	6.1930237	7.2123647	7.258076	5.9386935	6.414756	6.61476	6.192689	6.841242	5.8212137	7.4268494	6.2384877	6.187299	6.4324846	6.549967	6.5315003	6.0409493	6.9938545	7.1452785	6.4228187	6.6454654	6.322096	5.770286	5.831879
CYP2B3_32867	2.515188	2.3301039	1.2448933	4.1333776	2.3422368	3.9912984	1.5718547	1.3431008	3.5313187	3.3957052	0.8916533	2.200775	3.6602395	0.0	1.2110108	0.7393115	3.0048497	3.7506518	1.1630801	0.7045007	4.2964406	2.2375386	5.408584	3.659754	1.1950403	1.7028205	3.1138024	3.963337	0.0	1.0698712	0.0	1.5692585	1.7915226	1.8781195	3.1523242	2.2296865	0.7995354	0.7592324	0.76239324	3.6635237	1.2357911	1.8978021	1.4586725	1.1915702	1.3216265	4.061858	1.7325498	2.305077	2.190403	1.9678794	1.550732
CYP2C11_32593	1.6305549	1.1049913	1.2448933	4.96089	2.9961455	3.9912984	1.2111645	0.0	3.9386752	4.007263	1.8342675	2.756088	3.808642	1.3398731	1.5716753	1.5888703	2.87268	4.0754232	0.0	2.0523822	4.572536	1.7979587	5.695114	3.5980654	1.1950403	0.0	4.02797	4.8791513	1.4722159	0.0	0.75012773	3.148948	1.5091133	2.1193378	3.4035087	1.9826764	1.3109689	2.1579974	0.0	3.7318203	2.3406515	3.087079	1.7361305	0.71545935	3.523103	4.55028	2.8853111	3.239858	2.190403	2.3438904	2.280753
CYP2C6V1_33169	2.3764687	3.0842927	1.6111797	4.84699	2.8869598	4.627056	2.7904801	2.4882271	2.2546368	2.7128305	1.8342675	1.955242	3.579891	1.3398731	3.0413287	2.1199853	3.1259208	3.4098673	1.1630801	2.593747	4.9074078	2.2375386	4.9084945	3.5336206	1.1950403	2.002579	3.003343	5.5810175	1.4722159	1.4053764	2.835414	2.097342	2.5664744	2.325943	3.6173768	2.2296865	0.0	4.1393185	3.1142545	4.2801247	3.3903556	3.4885392	2.3448164	2.6173096	3.3918626	4.55028	3.2797384	4.3722343	3.986536	4.012749	2.8937876
CYP2D1_32660	1.8561494	1.7233189	1.6111797	2.361048	2.3422368	2.6824741	2.1003423	3.1184926	3.0949595	2.8777032	2.3995826	1.6591743	3.4043794	2.9801729	2.4860687	1.2257426	3.1259208	1.9380654	2.4162252	2.593747	2.9831893	2.0344265	4.0490723	3.3209743	2.0785348	2.002579	3.7140222	4.916335	2.5190232	1.9061652	2.835414	2.097342	4.0344143	3.277517	2.7303865	2.6244397	1.3109689	3.4190342	2.8613043	0.0	3.2939854	2.834815	2.8897388	1.5489385	3.806888	3.0834928	4.0601544	2.6012702	3.0230174	2.8887413	2.6195898
CYP2E1_8421	2.3764687	3.8314943	0.0	4.357907	3.1924727	3.4804814	0.7291152	2.2757223	1.3270301	3.689954	1.8342675	2.9020875	2.8407278	1.7211257	0.72900796	1.5888703	2.382989	3.158557	1.1630801	1.1757872	4.2964406	1.7979587	5.004824	2.3874133	2.896768	0.0	2.7532747	2.9846053	1.126302	1.6773919	1.2411588	3.7507105	0.0	0.7389744	3.4035087	2.2296865	1.687787	2.3661232	1.6270963	3.4367871	2.6826673	1.6063654	1.4586725	1.1915702	3.9064214	4.55028	1.4554178	2.305077	1.4762079	1.1142143	2.6195898
CYP2F4_8422	1.6305549	2.1547542	1.6111797	2.361048	1.4566294	2.340468	2.1003423	1.7248423	2.0063746	0.8429578	2.3995826	0.78194916	1.6109856	2.0223966	1.2110108	2.5073261	1.9300845	1.4325044	0.6957044	1.5304413	2.3630009	2.4155526	1.353526	1.3713186	2.0785348	2.6467445	1.8287144	3.8137126	1.4722159	1.4053764	1.8983116	1.8573289	2.2304184	2.506633	1.9328802	0.0	3.1931324	3.322457	2.372343	2.228283	2.3406515	0.0	1.968738	1.1915702	2.806924	2.4557507	2.1650176	0.64444155	1.7554088	1.7353235	2.4600961
CYP3A1_32809	0.6079388	0.0	0.752753	2.6598237	2.7688293	3.9912984	0.0	2.2757223	2.0063746	2.8777032	0.8916533	1.6591743	1.9028349	1.3398731	2.921244	2.1199853	1.6360242	2.1369452	0.0	0.0	2.8513174	0.69538784	3.2164934	3.1595235	1.1950403	0.80882925	1.8287144	5.0224595	1.751022	0.0	2.5294693	1.8573289	2.0275967	1.8781195	2.1315236	1.6844561	1.986288	3.1074347	2.5543716	2.4060068	2.9589396	3.3017287	2.5015178	2.2785902	3.0870192	3.6105773	2.3407063	2.6012702	1.1296852	2.7705867	1.193102
CYP3A2_32374	3.8178284	4.950719	2.696003	7.7793446	6.084889	6.622814	4.1777725	4.032947	6.796319	7.111806	3.2559555	5.151117	6.6580796	2.4838471	3.888254	1.5888703	5.746905	6.5872498	3.274329	2.73687	7.6029215	4.0961194	8.353619	6.7459583	4.150857	1.7028205	6.204333	6.5775223	2.6607075	3.648705	2.835414	5.8916574	4.2826996	3.9115734	6.3304205	4.745896	3.1931324	2.1579974	3.3294005	7.387789	3.6459768	4.3762045	4.1621037	3.4100819	4.999513	7.283241	4.374813	4.3722343	4.405847	4.7028003	3.7933116
CYP4A2_32530	1.3630255	2.9829214	1.2448933	2.788815	3.1924727	3.3901486	1.8601638	2.4882271	0.811001	2.5266557	0.0	3.2680495	2.9724503	2.0223966	2.6461606	2.326616	2.1742368	3.9750757	1.1630801	1.5304413	3.4155223	1.1626221	4.1367245	3.3953938	1.8395665	2.250642	2.4505796	6.209309	1.9845754	2.1035776	2.6905363	2.3030627	2.8388512	3.277517	3.6173768	1.6844561	1.986288	1.914702	2.715985	3.2630503	3.079476	3.3981557	3.7268174	2.6173096	7.90639	4.12504	4.157271	4.161406	4.188052	2.6418855	3.8587372
CYP4A8_32747	2.515188	2.486432	2.5348177	1.4715443	3.1924727	3.4804814	2.9214785	3.7328856	2.814638	2.7128305	2.3995826	1.6591743	2.695759	1.7211257	2.921244	1.5888703	2.87268	2.7363515	1.5155233	2.2562509	3.4155223	2.7167444	3.0458522	2.877406	2.896768	2.462245	2.7532747	4.7614803	2.7897131	2.6996026	1.2411588	2.097342	3.2654822	2.1193378	2.461808	1.9826764	3.0713174	2.9865744	2.9933162	2.7067823	1.2357911	3.1983922	2.3448164	2.8914306	6.7939177	2.4557507	3.657152	2.8468895	3.986536	2.7705867	2.3732097
CYP51_8429	4.6196246	4.0970764	5.2475586	4.988013	4.529763	5.231971	5.671839	4.988194	4.8536887	5.101667	4.8262753	4.402222	5.747786	6.3468285	4.1241193	4.6874537	5.407996	4.7577496	4.688572	5.432355	5.3597484	5.4300756	5.9583197	5.1876307	4.907565	5.352082	4.9830594	7.301423	4.8180656	4.8038225	5.412729	5.021495	4.989707	4.989752	4.624838	5.1869392	5.1011596	5.6288114	5.014962	4.1363487	5.308174	5.585902	3.9608154	4.429227	5.2089643	5.834782	5.400396	6.8281593	5.1954775	5.1440763	4.6322165
CYR61_32555	6.467954	5.1969314	4.474771	4.31571	4.938252	6.3627043	4.2789826	6.870864	6.455479	5.480744	4.538403	4.5863132	5.167048	5.084181	2.7902486	5.715404	5.203099	4.696041	4.617513	4.74485	5.3597484	4.8820906	4.6648974	5.723675	5.2384467	4.689805	5.429996	5.7957764	3.8086765	7.15788	5.6069136	3.8848567	4.644004	4.252681	3.8035955	5.4036627	4.391946	6.333564	4.541123	4.840121	5.403632	3.8022594	3.7889702	3.224361	7.3123837	4.6395364	4.5279393	5.254248	4.322632	3.7879004	5.1976557
CYTB_32443	7.7399597	7.132043	7.2580585	7.6150813	7.4014707	7.849585	8.069596	7.473709	7.866438	7.3267756	7.7238593	7.440193	7.4732676	8.248855	7.5474515	7.557855	7.9231887	7.255412	7.6785865	7.559301	7.6283264	7.446335	7.651933	6.9694777	7.5593696	7.754966	7.6351433	8.055707	7.4745674	8.003235	7.3147917	7.593662	6.896834	7.7397027	7.1994863	7.048491	7.9345036	7.3431716	7.3569775	6.9163237	7.887453	7.568387	7.2419887	7.178011	7.8481226	8.3662	7.7267327	8.113407	7.609223	7.3006883	7.091675
DAAM1_32393	4.898422	3.9436586	4.862214	4.51534	4.4164624	5.1789985	4.504718	5.7960286	5.749802	4.765157	4.8691278	4.710439	5.2472773	4.7968874	3.9509327	4.724454	4.5537415	4.598228	4.542772	4.065186	5.383815	5.568305	4.6351066	4.778795	4.7779455	4.5578804	4.3770947	4.54114	3.8683236	4.8865695	4.922364	4.1206846	4.413449	4.794913	3.744154	5.1869392	4.0488772	5.457482	3.9655392	5.041911	4.6662955	4.3762045	3.8485553	3.4100819	4.80687	5.290235	4.7926564	5.096975	4.0396147	3.5214198	4.4531636
DAB2_33094	5.47569	5.003438	5.2475586	5.2568936	4.205286	4.846756	5.164061	5.835395	5.600775	5.101667	5.137997	4.8247266	5.747786	5.5760493	4.934868	5.855422	5.058486	5.174556	4.3369923	4.675457	5.430776	5.450652	4.8052697	5.1876307	5.262879	5.0586166	5.0678363	6.100435	4.98903	5.542837	6.140739	4.007584	5.2912316	6.391538	4.2506785	5.1574078	4.7505484	5.434561	6.05425	4.49187	5.067058	5.9303093	5.145197	5.2324433	5.3918266	5.632215	5.4963274	6.02674	4.793504	5.1201177	4.0942764
DAG1_8435	2.6417313	2.9829214	3.4950655	1.9837908	1.4566294	3.7940469	2.6463878	3.9635777	3.43397	3.2825825	2.3995826	1.2862334	3.093146	3.9585884	2.6461606	2.1199853	3.1259208	2.608205	2.238191	1.8148876	3.3189702	3.178102	1.8448938	2.0614784	1.8395665	2.810302	1.8287144	2.8372862	2.7897131	3.7699122	2.835414	1.8573289	2.5664744	2.506633	2.306097	1.9826764	2.4444666	4.1393185	3.601796	1.5073531	2.5217707	2.9664538	3.3681562	2.2785902	3.1694782	2.9502776	0.66064256	2.8468895	1.9892389	2.1681004	3.1241014
DAO_8437	3.6472874	3.0842927	4.642423	3.7454848	3.7238476	3.4804814	3.0415661	4.0991335	3.7082813	3.689954	3.4935977	3.802208	3.093146	3.885732	3.255121	3.175133	3.8430977	2.7363515	2.8473456	3.3845623	3.4155223	3.447462	3.8559678	3.9830067	3.9845338	3.7036133	3.7825153	4.916335	3.8086765	3.1201398	3.0876935	3.8193421	3.7995486	3.463993	2.9567258	2.9340591	3.409666	4.1393185	3.2258344	3.4367871	3.3903556	3.3017287	3.4473767	3.4946837	7.939079	3.2054403	3.5177994	3.402351	5.098751	3.5214198	4.3201213
DAXX_8438	6.760706	5.737941	6.6778007	6.1684704	6.1572075	6.9497395	6.694728	7.18462	7.135137	6.6696353	6.7651095	6.4484763	6.908898	7.1170316	6.143534	6.615592	6.75234	5.9316025	5.8582325	6.5573173	7.339321	6.8832717	6.9160304	6.0343213	7.2282286	6.4750743	6.6144705	6.431056	6.3788137	6.7125783	6.395695	6.3517056	6.4043107	6.8251514	5.7842107	6.4487934	6.352598	6.3211207	6.2517314	5.891367	6.62304	7.087031	5.771418	6.641964	6.5994153	7.2762995	7.0785427	7.8037305	6.6122193	6.049351	6.008027
DBP_8439	7.2222123	6.0324235	8.025787	7.3793554	7.2986417	7.134977	6.8993206	8.421954	7.165781	6.6005163	6.9157853	6.412374	7.1505885	7.3783326	7.3810215	5.715404	7.313845	6.7705536	6.8765035	8.112473	7.1835165	6.8680544	7.431355	6.7948937	7.091687	6.8951926	6.9409623	7.322352	7.76478	7.3353004	8.210821	7.9783497	7.1046505	7.123922	6.4745464	6.725265	7.330529	6.908398	7.073499	6.24686	6.4988394	6.9975176	6.427879	6.2742376	7.7443333	7.4217906	7.844423	7.7059536	6.5218425	6.9863567	6.8795133
DCK_8440	6.8154354	6.2875347	6.481649	6.9535084	6.3951025	6.6522627	6.4776993	7.090139	6.59712	6.6005163	6.820746	6.6165648	6.6083126	6.6841288	6.5090203	6.74727	6.484451	6.3967466	5.5878243	6.1601343	7.0842004	6.7317853	6.6811233	6.3932896	6.6756287	6.848898	6.566716	7.056963	6.7398095	6.5358515	6.395695	6.6348267	6.6801734	6.5441217	6.2472296	7.0323133	6.403968	6.333564	6.303522	6.5318446	6.62304	6.834758	5.7867312	6.200588	6.720601	6.8873215	6.498907	6.870434	6.2785997	6.3669157	6.008027
DCN_8441	3.9212615	4.0970764	2.840976	2.907214	1.4566294	2.6824741	3.8885062	3.8907034	1.3270301	3.0256517	3.7896788	3.03466	2.534579	2.0223966	3.4412823	3.175133	2.87268	2.1369452	2.238191	1.1757872	2.5447638	2.4155526	2.210754	2.3874133	2.0785348	1.3239917	4.3321013	3.6467555	2.185535	2.1035776	4.468596	1.8573289	2.4082093	4.092185	3.6821575	2.6244397	2.4444666	3.7513156	3.2258344	1.7895929	2.9589396	4.117587	5.4053946	4.196462	3.953726	3.9957814	4.6329803	3.8024087	3.0230174	3.194307	2.7631934
DCP1B_33178	6.5509343	5.6904993	6.824524	6.282404	6.3648815	7.085462	7.02119	6.8324666	7.4347086	6.8292	6.584037	6.506709	6.4702625	7.1485143	6.619264	6.2973375	7.086584	6.4160132	6.4554014	6.8915596	7.2439322	7.013453	6.952722	6.6953044	6.54226	6.904276	6.8719087	6.8224506	6.809936	6.7350836	6.2088246	6.59623	6.1777625	6.808027	6.027999	6.5316925	6.489685	6.540933	6.4370475	6.006123	6.4770584	6.2983623	6.305643	5.9237804	6.9361396	7.17544	6.544502	7.1646347	6.576745	6.3256097	6.3974075
DCTD_8442	3.1475024	2.1547542	4.06653	2.6598237	2.7688293	3.4804814	3.4415276	3.240815	3.43397	3.2825825	2.616312	3.1560693	2.534579	3.885732	3.0413287	3.6298745	3.1259208	3.8672233	3.0765762	4.2673736	2.7061675	3.3631423	2.8522859	3.466162	3.7279603	3.7036133	2.7532747	4.222796	4.0337577	3.516373	3.654551	3.3479161	3.1700616	3.7050712	3.744154	3.188829	4.4902925	3.9583218	2.715985	2.7067823	2.9589396	3.4885392	3.3681562	2.4578679	3.9995286	4.3532715	3.2797384	3.5483809	3.309005	2.6418855	3.5770936
DCUN1D4_8444	5.2755203	4.8960004	5.3235607	5.4642606	4.8244147	5.8724055	5.3383293	5.9110436	5.828522	5.134637	5.3342767	5.2083855	5.904452	5.37779	5.493533	5.4319863	5.7656603	4.696041	4.8522673	5.180168	5.5631294	5.4709396	5.279734	5.078927	5.5074196	5.661581	5.787493	5.6923895	5.50341	4.93921	5.0165553	5.021495	5.0445433	5.76869	4.5224137	5.547202	5.004623	5.2100253	4.91861	4.410862	5.151987	5.6262784	5.2811537	4.7376995	5.7137523	5.6538005	5.3804197	5.6107707	4.8833585	5.1908326	4.9196486
DCXR_8445	4.972539	4.362231	4.9607077	5.0407763	4.492976	4.812385	4.9037795	4.0991335	4.1978536	4.206481	5.271771	3.9438322	4.3345904	5.6658173	4.326787	4.397897	5.3839197	4.6315746	4.4639463	4.710571	5.0940313	4.6167192	5.240702	4.1209917	4.5586634	5.0257	4.3321013	4.7614803	4.848004	4.91313	4.8215914	4.458572	4.188449	4.759719	4.333677	4.335545	5.004623	4.3981524	3.9655392	4.085053	4.368001	4.6355476	4.253111	4.5527587	5.5073028	5.0180063	4.29169	5.3167343	4.0396147	4.967355	3.9813085
DDB2_8446	4.8202896	3.9966314	4.928618	4.84699	4.7008195	4.913135	4.545916	5.356178	4.8155456	4.765157	4.369601	4.542445	3.7363482	5.52898	4.326787	4.724454	4.2146955	4.6315746	4.3369923	4.675457	4.653956	4.912076	4.4421554	4.399368	4.6724668	4.360822	4.829656	4.5879827	4.182158	5.0865026	4.8559704	4.5822196	4.494464	4.6866455	4.689292	4.532437	5.0696926	4.877557	4.9835544	4.4519343	4.5459204	4.1731524	4.338716	4.03634	4.9064045	4.4051027	4.9901237	4.8933544	4.405847	4.252018	3.7247775
DDIT3_8449	7.133454	6.73998	6.7252746	6.7467313	7.004057	7.0416245	7.415036	7.4229274	7.8238387	6.7248077	7.1937833	6.6987977	7.302272	7.7456074	6.9612737	7.3427	6.6947865	6.306715	6.6985803	7.417741	7.7397504	6.9925556	7.29035	6.835557	6.8225718	6.8860517	7.2194376	7.301423	6.8023105	7.11276	7.021113	7.348663	6.662752	7.515424	7.023167	7.0241556	7.092957	7.109912	7.1247845	6.7615685	7.114191	7.087031	6.773605	6.389201	6.8068566	7.3106775	7.236903	7.694233	7.3865986	7.218451	7.0148263
DDIT4_8450	5.1533713	4.2791452	5.1673284	4.786481	4.6681924	5.151765	5.7444243	5.243633	5.4840364	5.428523	5.61167	4.8961797	5.6722946	4.672462	4.326787	5.0789332	5.544581	5.174556	4.7562947	4.6394672	5.2850423	5.4092016	5.3908668	4.2469234	4.9682536	5.5502586	5.2958355	5.4603233	5.3233156	4.6225667	5.3657823	4.962024	4.2826996	5.4967585	3.8606849	4.437347	4.827819	5.6288114	4.850604	4.49187	5.1242294	5.4797225	4.208325	4.666542	5.976785	5.5880504	4.7926564	6.256633	4.0396147	5.572612	4.1990376
DDR1_8451	2.6417313	2.3301039	2.353332	2.1847157	0.66134334	2.82721	2.6463878	2.0264177	2.9615965	2.5266557	1.4386133	2.5936327	2.695759	2.4838471	0.72900796	2.6678994	1.6360242	2.1369452	1.5155233	1.8148876	3.3189702	2.4155526	2.5023503	2.3874133	1.5530008	2.002579	2.8837204	3.3533397	2.9081242	2.2771995	3.5742307	2.4830763	2.9579055	0.7389744	1.0890009	2.2296865	0.7995354	2.7094493	0.76239324	1.7895929	0.0	2.3475738	2.5015178	1.5489385	3.0870192	1.9966261	2.1650176	2.7293007	1.1296852	1.9678794	2.181963
DDX10_8452	7.5871344	6.0068293	6.9173827	6.7227116	6.444105	7.5647564	7.7330446	7.5990834	7.3167787	6.8590994	6.8531265	6.9793935	7.3515024	7.6498556	7.250059	6.867928	7.108789	6.3772197	6.572747	6.6951814	6.945556	7.660202	6.64421	6.209554	7.0431423	7.090875	7.028175	7.593098	6.9476533	7.1298456	6.7374296	6.830415	6.55356	7.428454	6.939518	6.674048	7.420586	7.201011	6.6914845	6.359077	6.773579	7.55276	5.5379915	6.0549483	6.458935	6.3264728	7.028076	7.505939	6.967601	7.032012	6.3639984
DDX18_8453	5.1744614	5.219391	5.7108173	5.211588	4.4552264	6.103172	5.6531076	5.7348895	5.600775	5.3180447	5.709237	5.151117	5.7841005	5.810609	5.3380656	5.5603223	5.907522	5.128581	5.451461	5.3002853	5.9491715	5.300044	5.1801004	5.228918	5.213594	5.804276	5.2237663	5.9290986	5.5587697	5.7485633	5.6269608	5.237528	4.989707	5.750878	4.9482536	5.547202	5.9477673	5.2100253	4.850604	5.265733	5.921831	5.3165774	4.253111	5.2324433	5.4089003	5.7769413	5.5329823	6.4732823	5.1954775	5.3014936	5.1063232
DDX21_8454	7.237324	6.3701515	6.965622	6.987505	6.785711	7.559585	7.0572557	7.6161366	7.62316	7.5325036	7.576498	6.8139753	7.439513	7.6716895	7.0062394	6.7739882	7.1450534	7.0853305	6.6812625	6.8048563	7.4113364	7.3122163	7.1812015	6.73883	7.1120024	7.263159	7.1236773	7.991823	7.117048	7.1411247	7.144454	6.9652514	6.8818545	6.8670945	6.0527086	7.377873	6.827338	7.2477813	6.9160466	6.6335316	7.0928674	7.1085677	6.522382	6.475001	7.6999393	7.6750016	6.9076266	7.638242	6.6553693	6.6185083	6.252791
DDX39A_32661	8.013034	7.1843543	7.8570275	8.008546	7.638871	7.9399176	8.015626	7.8929486	8.223998	7.707053	7.935229	7.7460265	7.5384946	8.377316	7.8360167	7.75849	8.199787	7.70641	7.6342764	7.941968	8.205803	8.214488	8.424995	7.8224993	7.8807545	7.870702	7.881437	8.064015	7.6074004	8.207492	7.427668	7.632326	7.7452455	7.835774	7.3713927	7.6980653	7.830391	7.6670136	7.6195664	7.6834135	7.707418	7.3507075	7.3490167	7.058027	7.988184	8.109258	7.620037	8.55693	7.7591686	7.6824136	7.563323
DDX42_8455	7.4683466	6.522418	6.3665953	7.262038	7.111103	7.4238815	7.0714335	8.000763	7.5495443	7.223291	7.441042	6.8859496	7.363552	7.8922963	7.2930326	7.440452	7.504559	7.397883	7.1079826	7.071152	7.6729574	7.3122163	7.7244587	7.494566	7.3242235	7.612599	7.478795	7.1843643	7.484132	7.196234	7.4837093	7.438676	7.3144307	7.434046	6.8647413	7.2716246	6.592901	7.207786	6.8738437	6.952551	7.026938	7.6092496	6.9941125	6.888586	7.0438952	7.7964196	7.4674287	7.658489	6.994735	6.4169393	5.9188104
DDX60_8457	1.6305549	1.9551042	2.353332	2.788815	2.498873	3.0792744	2.9214785	2.4882271	3.43397	2.5266557	2.9712968	2.200775	3.579891	3.885732	2.6461606	2.1199853	3.2376134	2.467557	0.6957044	2.9864812	3.5911667	2.4155526	3.1336944	2.877406	2.6224735	3.3250225	3.003343	6.238964	3.4666753	2.5720668	2.1406834	2.7871325	3.9791842	4.1476912	0.6449023	3.0670605	1.3109689	3.5947201	3.3294005	2.0255485	3.190714	3.4885392	2.5015178	3.4946837	3.6999757	3.4221838	3.7842216	4.291561	3.2198298	3.4463294	2.542046
DECR1_8458	6.4593873	6.0196834	6.608598	6.63105	6.0971966	6.5723567	6.774888	6.4441	6.539783	6.5154557	6.6834273	5.8893676	6.4923797	6.8560743	6.4774323	6.534574	6.895455	6.165869	6.4451776	6.4471254	6.8623557	6.494768	6.400383	6.260219	6.3617554	6.237012	6.466186	6.889431	6.399178	6.3539333	6.592036	6.5363274	6.5249195	6.5337424	6.0770025	6.239254	6.759933	6.417784	6.482693	5.920923	6.38649	6.3832746	6.0631185	6.068813	6.6648383	6.8125234	5.9126554	6.9115047	6.163751	6.2281055	5.941637
DEFA5_32324	0.0	3.351601	4.233438	1.750284	1.9663466	0.7462653	0.0	0.0	2.4663844	1.3715297	3.3796642	4.2468877	2.3531	4.3858986	4.5857115	2.5073261	4.2146955	1.7073178	4.65348	5.5533414	3.6715705	1.7979587	4.2589602	4.399368	2.0785348	3.21252	3.4865618	4.8017797	0.6703802	4.1729927	1.2411588	1.8573289	2.4082093	3.463993	2.461808	3.5024447	4.172522	4.943985	4.6249356	2.8365164	3.4806895	4.467931	1.968738	3.7907844	4.08699	1.3192296	2.6385555	4.556145	1.7554088	4.252018	2.6195898
DENND2D_8461	7.90362	7.1438327	7.570322	7.5391774	7.1763625	7.8022056	8.548935	7.8694363	7.634159	7.750241	7.935229	7.1053424	7.049791	8.624034	7.7238293	7.6616573	8.092453	7.397883	7.6785865	7.9748335	7.919254	7.5923758	7.503203	7.2457576	7.4834347	7.875328	7.742202	7.5582347	7.826231	7.6671915	7.599835	8.232273	7.1861715	7.7397027	7.2749314	7.1343656	8.229676	7.851373	7.694222	6.793876	7.762476	7.752936	7.3947053	6.896382	8.078984	7.786683	7.620037	8.136687	7.441865	7.38353	7.383277
DEPDC1_32321	2.515188	3.0842927	1.9030463	3.016629	2.8869598	3.4804814	0.7291152	3.555659	3.5313187	2.312845	2.9712968	3.3719604	3.093146	2.668917	3.606144	2.6678994	3.341277	2.467557	1.7985483	2.8670673	3.3189702	3.178102	3.5713751	3.7757409	2.7661297	0.80882925	2.7532747	5.670792	3.4666753	2.1035776	3.0876935	3.5227396	4.236344	3.548908	3.1523242	3.6790886	3.0713174	3.4190342	3.3294005	3.7318203	3.794259	3.4885392	2.7715712	2.8914306	3.806888	3.5194535	3.1907747	3.6162026	2.9135318	4.012749	3.0135357
DEPTOR_32826	2.222978	2.6274648	3.4046404	2.5181563	1.7338829	3.2937799	2.3061843	3.6469922	3.3295743	2.312845	3.4935977	2.9020875	3.3079073	2.0223966	2.921244	2.5073261	2.727169	2.7363515	2.4162252	3.1992087	4.0778275	3.075847	2.628664	3.0714748	3.3257585	2.810302	3.003343	3.732648	1.4722159	2.8167744	3.654551	2.097342	2.5664744	2.6671908	1.7024508	2.6244397	1.3109689	3.8925655	2.715985	3.0654895	2.8274064	1.2407571	1.1148349	3.3202078	3.5845017	4.061858	2.6385555	3.402351	3.0230174	2.6418855	1.7010021
DERA_8462	6.406891	6.2981243	6.535908	6.3149004	6.0971966	6.671566	6.783526	6.456777	6.8632884	6.5767207	6.8316207	6.14541	6.79784	7.009691	6.4231977	6.3574615	6.86968	5.8347087	6.0458336	6.4881754	6.818884	6.2230177	6.2995367	5.938018	6.417229	6.3609476	6.2290864	6.667508	6.6320896	6.544372	6.323825	6.042824	6.062924	6.5441217	5.9380217	6.1817427	6.391296	6.475067	6.303522	5.9782786	6.8433404	6.6116	5.9452453	6.213127	6.8068566	6.841029	6.4613647	6.445586	5.9722724	6.1592383	6.1055865
DFFA_8463	3.0595496	2.8738854	3.0934007	3.5409095	2.7688293	3.6457665	3.255363	3.9635777	3.43397	3.1598291	3.2559555	2.410535	3.4948025	3.9585884	2.3059688	2.9436944	3.1259208	2.608205	2.4162252	3.2948601	2.8513174	3.075847	3.9067206	3.1595235	3.6559942	3.3250225	2.6098514	3.8137126	3.681432	3.2918935	2.6905363	2.4830763	2.7090814	3.9115734	1.7024508	3.188829	3.409666	4.194934	3.3294005	2.8365164	2.3406515	3.4885392	3.100484	2.760871	3.806888	3.9957814	3.9560254	3.9144068	2.79505	2.6418855	3.2755225
DFFB_8464	2.222978	3.1790063	3.2047765	2.907214	2.3422368	3.2937799	2.7904801	3.458151	3.6225116	2.8777032	3.5991883	3.1560693	3.4948025	3.7279556	3.3512022	3.2782712	3.9120631	3.158557	2.7174463	2.9864812	3.888952	2.9657874	3.5070412	2.6531126	3.3257585	3.7845476	3.7140222	4.2809734	3.2142637	3.710581	3.1990128	2.6430998	3.666024	3.463993	2.306097	3.5934687	3.1931324	2.9865744	3.4260273	2.0255485	4.2700734	3.3981557	2.8897388	1.1915702	3.3214757	3.9265325	3.657152	2.7293007	2.79505	2.8887413	2.542046
DHDDS_8467	3.4538498	2.1547542	3.2047765	4.032772	2.1664994	3.7940469	3.8229792	3.3535717	4.1372924	3.5983813	3.3796642	2.9020875	4.066259	3.3487625	3.1521814	2.6678994	3.5286222	3.4098673	2.8473456	2.593747	3.4155223	3.3631423	3.5713751	2.7696137	2.896768	4.069322	2.6098514	3.6467555	3.4666753	4.1283503	3.3987858	2.3030627	2.9579055	2.6671908	2.8479903	2.2296865	3.3054578	3.322457	3.3294005	2.7067823	3.794259	4.059796	3.2843316	2.2785902	4.128809	3.9265325	2.994478	3.9144068	2.79505	3.2832968	1.8370861
DHFR_32436	2.6417313	2.6274648	1.6111797	2.361048	2.7688293	3.0792744	1.5718547	2.2757223	2.4663844	2.312845	1.4386133	2.5936327	1.9028349	3.1137757	2.1001348	3.0640497	2.87268	3.0640168	3.1788383	2.593747	3.5060158	2.7167444	1.8448938	3.3953938	2.6224735	2.957191	2.6098514	3.4579172	3.0175493	3.1201398	3.0876935	2.097342	3.06788	2.6671908	1.9328802	2.7875395	3.1931324	2.3661232	2.1639853	2.5642188	2.5217707	3.087079	2.3448164	3.0111494	1.5846274	2.4557507	1.4554178	2.305077	2.6659598	3.194307	2.6931777
DHRS3_8468	4.234097	3.5770385	4.4296265	4.552153	4.492976	4.2182827	4.9958572	4.0991335	4.5627217	4.26721	4.308639	4.542445	4.284769	4.672462	4.373298	4.2534776	3.6944115	4.213959	4.245692	4.5646772	5.064556	4.5798335	4.6648974	4.503981	3.9845338	3.429383	4.8616695	4.8409843	4.0849395	4.590013	4.7132473	3.3479161	3.594322	5.019812	4.333677	4.860289	4.230585	3.8925655	3.7584567	4.1363487	4.627276	4.4227967	3.8485553	4.1450377	4.3214507	5.1145706	4.009029	5.1205196	4.4457216	4.457192	3.3683043
DHRS7_8469	0.6079388	0.0	1.2448933	2.1847157	1.9663466	2.340468	0.0	1.3431008	2.0063746	1.7575232	0.8916533	0.78194916	2.1454625	2.0223966	0.72900796	1.2257426	1.6360242	1.4325044	0.6957044	1.1757872	1.6192706	1.5149852	2.8522859	1.8659643	0.0	0.0	2.0670378	5.409069	0.6703802	0.0	0.0	1.8573289	3.2654822	2.506633	1.7024508	0.0	0.7995354	1.914702	1.2585819	0.6909027	2.5217707	2.6899478	1.4586725	1.1915702	3.9995286	2.2443757	2.7672026	3.239858	3.6871839	2.9979472	1.193102
DLD_8474	6.8746223	6.575615	6.503598	6.8240266	6.133502	6.661947	6.774888	7.3635764	7.135137	6.4902024	6.975836	6.400136	6.9966216	7.1170316	6.590023	7.2378397	6.572298	6.685785	6.3387465	6.2818623	6.9616356	7.351043	6.6516685	6.5317087	6.470648	6.6899047	6.7489243	7.258631	6.5972595	6.8767633	6.927229	6.672417	6.5249195	7.074653	6.124396	6.9994025	6.7795153	7.058367	6.710793	6.4930153	6.746524	6.843347	6.1720843	6.443421	7.228319	6.878181	7.127303	7.153265	6.0519385	6.465286	6.2649093
DLG3_32844	5.4585977	4.44079	5.572294	5.091677	5.068974	5.9376407	5.6903305	6.179285	6.4049973	5.428523	5.066151	4.8608956	5.273059	5.59902	4.6626306	5.0500746	5.8559446	5.1050324	4.688572	4.9643927	5.7413497	5.826263	5.298861	4.8859277	5.2384467	5.823556	5.572214	6.000093	4.182158	5.455182	5.5659637	4.659131	4.494464	4.8292685	4.9482536	5.569796	5.1621056	5.155	5.346575	4.56857	5.095927	5.2405844	4.827514	4.1450377	5.844996	5.6538005	5.1402225	6.0996337	4.912108	4.457192	4.650806
DLGAP5_8475	6.1754227	6.211148	5.784384	6.428158	6.2702236	6.145205	4.624943	6.589337	6.1682463	6.046259	6.044457	6.216923	5.5298615	5.0512457	5.2903852	5.7695155	6.1409154	6.1996136	5.231157	5.4111657	6.3543053	6.7401676	6.417985	6.731666	6.6104846	5.986377	5.8526616	5.0224595	6.1212873	5.928581	5.412729	5.531475	6.5152454	5.188101	5.9772725	6.794046	5.802193	6.3459005	4.8153596	6.825476	5.9378657	5.6848	5.6257567	5.280895	5.780866	5.0509176	4.7308903	5.2328033	5.2186785	5.536863	5.0927906
DMBT1_32993	4.0177727	2.75593	3.5801554	3.4657202	4.1113257	4.459483	3.6822586	4.952833	5.063521	3.9342363	3.4935977	3.3719604	4.8275514	3.5507815	3.0413287	4.303241	4.3199596	2.7363515	2.7174463	2.8670673	3.9546967	3.5271246	3.3690693	4.36274	4.299972	2.462245	4.02797	5.0224595	3.4666753	3.0259323	4.5961013	3.6028	3.8619456	4.927684	2.9567258	4.2260103	3.9136333	3.8236685	3.8308377	3.7970295	4.880548	4.7857018	3.1953344	3.4100819	4.7544036	4.12504	3.843792	2.8468895	3.3929877	3.5927947	3.2755225
DNAJA3_8477	6.7676616	6.399953	6.6874213	6.8012695	6.590586	7.1488175	7.1536913	7.0404716	7.232438	6.798668	6.8637605	6.627104	6.908898	6.97499	6.657352	6.682933	7.201245	6.5265017	6.34975	6.4881754	7.2892327	7.1328535	6.976675	6.4113355	6.9102516	7.0505357	6.6966367	7.11409	6.8400416	6.9362454	6.8440375	6.718069	6.3725147	6.6245747	5.964307	6.8504987	6.513269	7.0880466	6.4714165	6.4930153	6.826214	6.641457	6.2842245	6.475001	7.097533	7.2339344	7.028076	7.3799105	6.5124855	6.764756	6.533855
DNAJB1_8478	4.7932763	3.351601	3.9434626	4.272241	4.335662	4.741084	4.7359157	5.1530595	4.736094	4.076771	5.1025214	4.670239	4.3827486	4.7968874	4.177517	4.397897	4.897746	4.299438	3.4482138	4.169819	5.064556	3.8079436	4.178631	3.9339144	3.9845338	4.6471567	4.583148	5.1528096	4.1343675	4.451915	4.000245	3.8193421	4.0344143	3.8459697	3.744154	4.044337	4.441957	4.3981524	4.255792	4.410862	4.109465	4.328058	3.7268174	4.196462	4.4257855	4.595598	4.33385	4.998754	4.6642694	3.9597363	3.7594514
DNAJB2_8480	4.6196246	4.4020452	4.285043	4.9050636	5.2562366	4.741084	4.504718	4.7202697	5.2177176	5.16687	5.0288405	4.710439	4.895519	4.5362835	4.0110016	4.9598656	5.1180816	5.174556	4.3369923	4.74485	5.0940313	4.97024	5.1801004	5.0561676	4.7779455	4.771496	4.188035	4.633352	4.624083	5.132438	4.8895493	4.007584	5.0173855	4.794913	4.5224137	5.378287	4.230585	4.3001184	4.704146	4.325033	5.067058	4.7857018	4.703909	4.9016037	5.086975	5.2624035	5.01625	4.556145	4.730334	4.912615	4.7051787
DNAJB6_8481	3.4538498	2.8738854	4.474771	4.786481	3.4444587	4.10925	3.8885062	4.492971	4.0740767	3.9342363	4.0352206	3.802208	3.7363482	4.5362835	3.606144	4.64948	4.101142	4.213959	4.245692	4.444678	4.3462834	4.5798335	3.8559678	4.076447	4.9682536	4.193074	4.3321013	5.485284	3.681432	4.556708	4.468596	4.659131	4.138909	3.8459697	4.1164784	4.044337	4.2864017	4.194934	4.5836377	4.1363487	4.2700734	4.278248	3.9608154	3.574598	4.6433735	4.12504	4.6989865	4.749758	3.8144693	4.4184256	3.6154559
DNAJC15_8483	9.2735405	8.639023	8.853913	8.81255	8.891684	8.835799	9.264956	8.798249	9.386775	8.871916	9.363536	8.7182255	8.742672	9.361776	9.018065	8.941502	9.246562	8.571664	8.930928	9.009458	9.338793	8.960911	9.116932	8.864221	9.149088	8.908817	9.300939	9.104245	9.008448	8.977008	8.713257	9.080585	8.627547	9.141999	8.986248	8.417791	9.172779	8.932461	8.982478	8.505546	9.122233	8.733505	8.9605	8.348086	8.919851	9.0116205	8.861238	9.094544	8.836789	8.866996	8.679788
DNM1L_8487	4.524275	4.1447926	3.8777544	4.398905	4.0108175	4.880327	4.699865	4.633599	4.962416	4.076771	4.782111	4.497202	4.71919	4.628482	3.822728	4.303241	4.75487	4.664168	3.6751187	3.5487905	4.7680693	4.8820906	4.0490723	3.7757409	4.042132	4.1325245	4.829656	4.4927254	4.848004	4.8319354	4.5961013	4.007584	4.533327	4.609673	3.9156005	4.860289	4.4902925	4.8431597	4.885008	4.325033	4.6662955	4.6745768	4.338716	3.7907844	4.930251	4.4551363	4.157271	4.7796435	3.8741343	4.012749	4.0942764
DNMT1_8488	6.0668235	5.501839	6.118952	6.4958606	5.9691224	6.487764	5.137354	7.1143456	7.005606	6.7029915	6.2529774	6.2850585	6.089945	6.4388294	5.4067554	6.272568	6.539979	6.4444385	5.4100094	5.896054	6.689696	6.89833	6.6063275	6.4202747	6.004189	6.1171303	6.2891736	6.3518405	5.745313	6.4386454	6.181975	5.984244	6.4456444	6.1273417	5.677039	6.704996	6.0641093	6.0314584	5.8603864	6.522235	6.1454306	6.0538673	5.2811537	5.4807954	6.1593757	6.3662415	5.6544027	6.0996337	5.329397	4.9402447	5.964108
DNMT3A_8489	6.2368636	5.9807725	6.118952	6.2491584	6.03458	6.374532	6.7038574	6.656817	6.8910646	6.564674	6.584037	5.9743667	6.779969	6.921321	6.20911	6.1281705	6.2908726	5.82032	5.9333005	6.05477	6.896214	6.4027247	6.461072	6.2799973	6.54226	6.3871007	6.166387	6.554121	6.1212873	6.3344135	6.4303308	6.126462	6.226008	6.5646596	5.723948	6.308062	6.441329	6.4409714	6.38991	5.717008	6.4988394	6.641457	6.1603756	5.8772664	6.6433587	6.8125234	6.6649957	6.820992	5.858709	6.407072	5.5641274
DPH2_8490	3.3087924	3.430726	3.2047765	2.788815	3.3652549	2.6824741	3.3514462	3.555659	2.9615965	3.689954	3.3796642	3.2680495	3.7363482	4.2761607	3.1521814	3.3745255	3.1259208	2.467557	2.574683	3.69622	3.9546967	3.178102	3.9557486	3.7189126	3.12715	3.0904965	3.4865618	4.2809734	1.9845754	3.710581	2.835414	3.3479161	3.2654822	3.1743853	2.306097	3.5024447	3.1931324	2.9865744	1.6270963	2.228283	2.9589396	3.7299907	2.3448164	3.4100819	3.857513	3.9957814	3.5177994	4.115274	3.0230174	3.194307	3.1241014
DPM2_8491	2.3764687	2.486432	1.9030463	1.125733	1.4566294	1.6004289	3.1524212	2.6734118	2.4663844	1.7575232	0.8916533	2.410535	2.8407278	1.7211257	0.72900796	1.2257426	1.9300845	2.467557	2.238191	1.8148876	2.8513174	2.4155526	2.8522859	2.0614784	1.5530008	2.6467445	2.271517	2.4880157	2.7897131	2.6996026	1.6068331	2.097342	1.5091133	2.325943	0.6449023	1.3080859	0.0	1.2540979	1.6270963	1.7895929	2.3406515	2.6899478	1.1148349	2.2785902	1.3216265	2.2443757	1.9649282	2.305077	2.190403	2.9979472	1.961433
DPP4_33201	9.159173	8.667889	9.003894	9.176092	8.86314	9.543398	9.494048	9.690605	9.845324	9.08932	9.121393	8.956239	9.458765	9.573745	9.236658	9.314946	9.2941675	8.86769	9.031732	9.151985	9.5396	9.360801	9.4690075	9.278484	9.178282	8.876875	9.372123	9.878743	8.804083	9.035599	9.5659685	9.317008	9.087004	9.61049	8.662224	9.348667	9.049157	9.334947	9.43552	8.956331	9.372797	9.512396	9.005369	8.8931265	9.695596	9.599132	9.495368	9.66818	8.957206	9.168	8.610252
DPP7_8492	6.8019466	5.828386	6.4252687	5.679206	5.982454	6.487764	6.6387014	6.9356937	7.014052	6.255572	7.042875	5.7026887	7.339351	6.501128	6.1164455	6.7739882	6.5069194	6.2859216	6.5054603	5.911226	6.6702585	6.65407	6.6590886	6.6580024	6.3842015	6.0368085	6.74034	7.540482	6.5156736	6.7201195	6.764829	6.139942	6.261162	7.744211	6.0527086	6.5545287	6.603927	6.654392	7.1103168	5.5939684	6.6329236	7.094246	6.61965	6.585216	7.0107284	6.878181	7.796232	7.7631693	6.2337513	6.668923	5.8561115
DPYD_8493	4.234097	3.8886662	3.80891	4.6230755	2.498873	4.586952	5.2160363	4.032947	5.1881685	4.143083	4.1085844	4.1911564	4.284769	4.836087	4.0110016	3.3745255	4.1590357	4.4932985	3.1788383	4.358748	4.9402366	4.54198	3.9557486	4.435088	3.9845338	4.193074	4.693988	4.1621737	4.399905	4.37757	4.554839	4.659131	3.7343307	3.6291015	3.744154	4.437347	3.9136333	5.0977926	4.0887313	4.4519343	4.9768147	4.6355476	2.9989562	3.9187803	4.2089777	4.595598	4.24826	3.1511896	3.3929877	4.378588	2.7631934
DPYSL2_8495	8.483407	7.809217	8.253339	8.0445175	7.9104958	8.433875	8.651588	8.695027	8.721	8.195202	8.201478	7.9232445	8.574033	8.687031	7.940106	8.37943	8.359553	7.8690286	7.977099	8.170369	8.712815	8.524568	8.461525	8.2104025	8.28733	8.024405	8.555256	8.777931	8.111842	8.027749	8.533768	8.219632	7.927703	8.588714	7.8794084	8.192467	8.204545	8.396203	8.056861	7.819102	8.325551	8.561982	8.174568	7.834598	8.378878	8.850378	8.693275	8.931066	8.114968	7.837393	7.553477
DRAM2_33198	9.921877	9.525617	9.797883	9.811893	9.696472	9.876423	10.21353	10.070571	10.247488	9.762449	10.111199	9.624832	10.151265	10.283018	10.135281	10.27459	10.114322	9.390236	9.858996	9.986731	10.129265	9.975526	10.077375	9.731458	9.906518	9.597291	10.315049	10.414483	10.127129	9.684198	10.038744	10.060767	9.773039	10.303839	9.520201	9.704378	10.248197	9.798124	10.133706	9.408954	10.234018	10.480768	9.961584	9.588945	9.988182	10.16668	10.080825	10.536656	9.650277	9.828039	9.462145
DRAP1_8496	4.1514177	3.7098691	4.006308	4.0839515	3.9027789	4.414362	4.9658127	4.761728	4.365632	4.26721	4.369601	3.802208	4.1240664	4.7565928	3.606144	3.4647577	4.1590357	4.598228	3.1788383	4.2673736	5.179007	4.0961194	4.7226954	4.1209917	4.435108	3.7845476	3.4020078	5.1528096	4.2284164	3.8817208	4.3768673	3.67865	3.9791842	4.528361	3.3245418	4.437347	4.4902925	4.4447794	4.7792325	4.0318656	4.2700734	4.511696	4.253111	3.7222598	4.2849255	4.8030157	4.491154	5.2328033	4.0396147	4.207234	4.1990376
DSCC1_8498	5.9975095	4.7181683	5.572294	6.1445627	5.752788	5.786481	3.6822586	6.554375	6.4430237	5.480744	5.47963	5.9907813	5.2472773	5.7503257	4.278726	5.4760456	4.964206	5.82032	4.65348	4.358748	4.8041854	0.0	0.0	5.078927	5.586981	5.297971	3.6421144	5.272352	5.3233156	4.8865695	5.267041	4.0652423	4.903335	5.106409	5.5783825	6.1218433	4.441957	5.745152	4.1465945	5.194915	4.7413044	4.855298	4.1621037	3.8562014	5.374549	4.3532715	3.4427273	0.0	5.1235476	0.66210103	4.8569875
DSG2_8499	2.0511916	2.9829214	2.9727023	2.5181563	1.4566294	2.521582	2.1003423	3.1184926	2.4663844	2.8777032	3.2559555	0.78194916	2.3531	3.2360482	2.3059688	2.1199853	2.87268	3.0640168	2.574683	2.593747	2.8513174	2.9657874	2.7448034	2.526371	2.896768	2.002579	3.8479037	1.724663	1.751022	2.5720668	3.1990128	1.2089423	1.7915226	2.6671908	1.9328802	2.440523	1.986288	3.322457	3.89976	1.5073531	2.5217707	3.1983922	3.8485553	3.3202078	3.6999757	3.6105773	3.2797384	3.239858	1.7554088	2.3438904	2.3732097
DTX3L_8500	6.6596293	5.7222996	6.280225	6.3571205	6.3951025	6.509382	6.976687	7.0063844	6.9272866	6.425064	6.634588	6.412374	7.10107	6.6733465	6.284058	5.904613	6.798607	6.0718226	6.098971	5.6827545	7.320741	6.7317853	6.575289	6.14631	6.894701	6.5464325	6.7489243	7.3965945	7.159449	6.2431498	7.058497	6.340073	6.8045316	6.790696	6.1126924	6.948585	6.312834	6.1904044	6.303522	6.3805094	6.1454306	7.3864098	6.6281757	6.1362047	6.5152025	6.9144	6.623108	7.2310343	6.2785997	6.2392707	5.11973
DUSP11_8501	6.7254143	6.2552915	6.6778007	6.8830132	6.302471	7.2160954	6.7921124	7.0149817	7.030796	6.8492017	7.235322	6.9291754	6.761874	7.5590563	6.69446	6.8344717	7.0940237	6.481488	6.4955864	6.5082707	7.375778	6.9353023	6.575289	6.774124	6.693713	6.534782	7.09029	7.422672	6.891261	6.7790675	6.943307	6.8387046	6.414756	6.9396496	6.519557	6.9312396	7.0613093	7.180493	6.73928	6.211419	7.1000104	6.78212	6.50397	6.297975	7.0438952	7.106668	6.9757805	7.83964	6.646842	6.832672	6.508598
DUSP14_8502	3.4538498	2.3301039	2.9727023	3.2133267	1.9663466	2.6824741	3.6063921	2.8375075	2.6509938	3.2825825	2.8046954	2.5936327	1.9028349	3.7279556	3.255121	1.8787316	2.87268	2.3117008	3.0765762	2.9864812	3.5060158	2.5739944	3.0458522	3.0714748	2.2834883	3.429383	2.6098514	3.3533397	2.5190232	3.516373	3.0876935	2.3030627	3.1700616	2.6671908	2.306097	1.9826764	2.7916732	4.194934	2.1639853	2.8365164	3.3903556	2.834815	2.9989562	2.0738304	2.906455	2.9502776	2.994478	2.6012702	2.6659598	2.5005684	2.7631934
DUSP3_8504	5.780842	4.515292	5.486725	5.539524	4.965361	6.145205	5.6531076	6.2244663	6.4177847	5.4548697	5.755653	5.151117	5.747786	5.6438937	4.871472	5.3396134	5.628945	5.174556	5.451461	5.4111657	6.130791	4.941451	5.5747304	5.249127	5.6438985	5.153088	5.6103992	5.9650326	5.0156536	5.688329	5.5450444	5.106343	4.8427405	5.4752235	4.8669906	5.6983967	5.1011596	5.7074046	5.6363683	4.1363487	5.87263	5.2916884	5.072091	4.6296024	6.032928	6.0123777	5.6036115	5.415215	4.854025	5.423973	4.774628
DUSP6_8506	6.4333777	5.8715672	6.4926653	6.1684704	6.18053	6.632697	6.694728	6.6786265	7.1581807	6.4902024	6.74224	5.87175	6.3782372	6.827182	6.29618	6.4264517	6.807685	5.944928	6.1874967	6.537898	6.7557354	6.3044066	6.5274415	6.356505	6.115702	6.6899047	6.4765606	7.0402164	6.3266087	6.4568133	6.497203	6.3165236	6.214097	6.883536	5.561263	6.2945604	6.5249176	5.920358	6.3657513	5.8303742	6.3981266	6.528823	6.418079	5.3506517	7.027407	6.6925106	6.5886993	6.716714	6.025869	5.9025784	5.6405244
DYNLL1_32638	7.0331135	6.763096	6.841858	7.103658	6.6418967	6.9177628	6.859024	7.081979	7.350516	6.9075947	7.1937833	6.518079	6.6871357	7.2963805	6.757188	7.06831	6.903945	6.677826	6.798338	6.8048563	7.263521	6.860385	6.9098234	6.900881	6.8710566	7.234636	7.1498413	7.081723	6.7156553	6.8767633	6.592036	6.5864177	6.5249195	6.970761	6.857747	6.508489	7.012496	6.997111	6.701171	6.578956	7.114191	6.126041	6.513205	6.012537	7.4465833	6.8315897	6.9352756	7.009341	6.7931175	6.9863567	6.768989
DYNLT3_8507	7.79206	7.473095	7.5858374	7.817646	7.4014707	7.595402	8.148617	7.5347714	8.168335	7.409927	7.6273093	7.3915696	7.339351	8.123755	7.463951	7.632754	7.6828814	7.338538	7.536544	7.8465395	7.860437	7.4412026	7.602758	7.3937874	7.6126204	7.5560884	8.057609	7.5699496	7.637711	7.615565	7.461553	7.75566	7.0981846	7.587446	7.232304	7.2508016	7.682216	7.947604	7.5025716	6.825476	7.7306147	7.3805203	7.6165867	6.669522	7.5463943	7.648367	7.399575	7.5714726	7.2068343	7.5452037	7.3091464
DYRK3_8508	3.4538498	3.5770385	3.4950655	4.1811657	3.3652549	3.0792744	1.5718547	3.458151	2.9615965	3.2825825	3.1206355	3.1560693	3.3079073	2.0223966	2.4860687	3.7058477	3.5286222	3.8101146	2.4162252	2.4348454	3.21549	3.987655	3.5070412	3.3209743	3.12715	3.3250225	1.1865652	3.3533397	3.3873456	4.034695	3.9374175	2.4830763	3.518869	2.506633	2.7303865	3.5024447	1.986288	3.1074347	2.5543716	3.8594182	3.3903556	3.3017287	1.7361305	3.6503172	3.1694782	2.4557507	1.4554178	2.130537	3.4723492	3.0994654	1.7010021
E2F1_8509	2.8657134	2.6274648	2.9727023	3.016629	2.8869598	3.8628378	2.3061843	3.458151	2.9615965	3.5005994	3.1206355	3.4688873	2.695759	3.3487625	3.1521814	3.0640497	3.2376134	2.7363515	2.238191	3.3845623	3.21549	3.5271246	4.003165	2.526371	3.5802486	3.21252	2.271517	4.2809734	3.0175493	3.208571	2.967061	2.3030627	2.8388512	2.811656	0.6449023	3.3011148	3.6835446	2.1579974	2.5543716	3.167649	3.794259	3.999592	2.8897388	3.0111494	3.3214757	3.2054403	2.3407063	3.6809788	2.79505	2.5005684	1.961433
E2F2_8510	5.5421023	5.174117	5.8713617	6.018694	5.6891665	5.8214674	4.068923	5.8925	5.8092413	5.716773	5.1726213	6.007012	6.0606384	5.52898	5.472323	5.8884015	6.238128	5.9316025	4.971041	5.1291738	5.9491715	6.246744	5.896882	5.6796823	6.115702	5.270135	5.2237663	5.6923895	5.646562	6.100213	5.646733	5.380664	6.127848	5.078117	4.689292	5.778174	5.004623	5.2367706	5.2705407	6.0865707	5.403632	5.6262784	4.9950824	6.068813	5.189336	5.205075	5.360163	4.920435	5.9858594	5.770286	5.235095
EAPP_8512	9.21749	8.630669	9.080735	9.059471	8.898732	9.125509	9.467491	9.336558	9.578338	9.12257	9.256645	8.970793	8.785846	9.519091	8.950648	9.087109	9.273021	8.768125	9.077129	9.099966	9.215142	9.279746	9.139653	8.832763	9.004448	9.062776	9.293623	8.997687	9.175666	8.879362	9.044779	9.305091	8.704057	9.158982	8.759245	8.861838	9.366499	9.125504	8.93811	8.747443	9.21562	8.747301	8.828004	8.204761	8.91687	9.110552	8.960446	9.299255	8.81982	8.737159	8.884109
EBNA1BP2_8513	8.793921	8.144603	8.502564	8.539884	8.349122	8.606788	8.939369	8.643283	8.679129	8.653291	9.006131	8.439027	8.155932	9.0500145	8.548665	8.638838	8.907603	8.179189	8.481045	8.511348	8.948901	8.900493	8.972532	8.246034	8.543126	8.83236	8.743132	8.615028	8.313064	8.61593	8.007925	8.67572	8.165833	8.325426	8.208382	7.9556584	8.567637	8.1961	7.9753823	7.992673	8.831743	8.30956	8.200526	8.04911	8.378878	8.708037	8.286796	8.815002	8.578876	8.384242	8.385901
ECD_8515	4.1514177	4.1909814	5.27334	4.43877	4.4164624	4.846756	5.3383293	5.214069	5.063521	4.5375614	5.5339046	4.542445	4.71919	5.52898	5.2157736	4.64948	5.500474	4.5291295	4.5806265	4.710571	5.814001	4.54198	5.372929	5.123396	4.9382286	5.0586166	4.72912	5.60399	5.2800474	4.8038225	4.2273164	5.212228	4.454525	5.106409	3.744154	5.1869392	4.710304	5.068315	5.014962	4.870734	5.067058	5.388767	5.168765	4.6296024	5.3570614	5.205075	5.186975	5.936764	4.6300673	4.161015	4.7914805
ECH1_8516	8.04201	7.6196027	8.085217	8.034796	7.849962	8.036139	8.2673	8.039203	8.673808	7.891964	8.05606	7.7700005	8.09219	8.678968	8.104217	7.894576	8.132742	7.4825597	8.06652	8.405502	8.328674	7.9584246	8.035076	7.9728527	8.120213	7.8188057	8.336353	8.124846	7.616126	8.121842	8.121794	7.543827	7.970812	8.421448	7.718852	7.7681236	8.13023	7.8728456	8.141116	7.670421	8.013852	7.9802256	7.9310265	7.6532454	8.263942	8.408083	8.032173	8.159598	7.6439166	7.73068	7.453784
ECHDC2_8517	4.1933494	3.1790063	3.660505	3.2133267	3.2814488	4.586952	3.6822586	4.33714	4.255975	3.5005994	3.4935977	3.2680495	3.6602395	3.7279556	2.4860687	3.4647577	4.101142	3.8672233	2.8473456	3.2948601	2.9831893	3.5271246	4.2589602	3.3953938	3.12715	4.003223	4.9236407	3.1182652	3.8086765	3.648705	3.4891737	3.6028	2.5664744	3.463993	2.9567258	3.0670605	3.6835446	4.021211	3.3294005	3.0654895	3.7220223	2.5288935	2.3448164	2.760871	4.7274365	4.061858	3.1907747	3.9673057	1.7554088	3.5214198	2.7631934
ECHS1_8519	8.750692	8.190797	8.650075	8.72659	8.465248	8.796774	9.105311	8.915392	9.148669	8.381847	8.729193	8.42097	8.744977	9.029023	8.663067	8.574431	9.067307	8.436685	8.580145	8.784886	9.076204	8.78168	8.922541	8.18964	8.641905	8.7185335	9.039237	8.884973	8.510835	8.632009	8.655872	8.778411	8.273052	8.930808	8.327075	8.562818	8.67609	8.448623	8.592663	8.193719	8.696914	8.74042	8.323741	8.166588	8.898855	9.046717	8.877362	9.384382	8.353747	8.568148	8.0760975
ECI1_8520	4.312294	4.950719	5.3720922	4.84699	4.6348104	5.556621	5.451061	5.3010025	5.4840364	5.2594614	5.5070224	5.0914803	4.560755	5.084181	4.871472	4.8964314	5.146981	5.128581	4.88289	5.0214367	5.4762564	5.1819463	5.33637	5.078927	4.5586634	5.4296227	5.0678363	5.7346373	5.50341	5.1548686	5.5238175	4.9313436	4.413449	4.485919	4.162613	4.999941	5.4578357	4.617537	4.850604	4.9007115	4.8469768	4.4227967	4.603718	4.591692	6.032928	5.1145706	4.880614	5.4712305	3.75223	4.8264017	4.824606
ECI2_8521	5.5421023	5.367516	5.802204	5.4448147	5.4414	5.656882	5.762014	6.29676	6.270478	5.2890506	5.7783127	5.392619	5.9370713	6.3869777	5.514436	6.042858	6.09716	5.635433	5.5309534	5.533869	6.471236	6.1619368	5.7094793	5.780319	5.262879	5.784735	5.1736393	6.418152	6.1695056	5.763237	5.914778	5.551788	5.7196712	5.9513545	5.255493	5.994024	5.7031364	5.726402	5.8075576	5.612201	6.0002785	6.126041	5.237243	5.637855	6.237909	6.170488	5.735273	5.812168	5.307923	5.518651	5.023155
ECI3_8522	5.47569	5.1034265	5.508598	4.786481	5.1888294	5.0668364	5.595408	5.649119	6.0582137	5.374341	5.6612782	5.029272	5.347749	5.868474	5.1098804	5.821671	5.359435	5.2623305	5.4717484	5.180168	5.684355	5.1819463	5.6210594	5.3647738	5.356668	5.7244716	5.8040633	5.8544292	5.5405517	5.8889875	5.914778	5.380664	5.097371	5.903786	5.397298	5.244248	5.6615276	5.3635287	4.704146	5.6655564	5.4265413	5.74104	5.302618	4.591692	6.2089577	5.696026	6.019847	5.976014	4.967943	4.8264017	4.4531636
ECSCR_32931	1.3630255	1.9551042	1.2448933	2.5181563	0.0	1.8913333	2.1003423	3.3535717	2.9615965	0.8429578	1.8342675	1.2862334	1.9028349	2.0223966	1.8599678	2.5073261	2.87268	1.7073178	0.6957044	2.4348454	3.1040103	1.5149852	2.0393906	2.2336307	2.2834883	2.002579	1.1865652	3.8137126	1.126302	3.0259323	1.2411588	3.2518594	2.0275967	2.506633	1.0890009	0.0	0.7995354	2.1579974	1.6270963	1.156129	1.8915004	1.2407571	1.1148349	0.71545935	2.4590204	1.9966261	2.4973037	3.477213	1.9892389	2.1681004	2.280753
ECT2_8523	5.5899796	5.0290923	4.68146	5.909442	5.3414774	5.2830663	4.2292647	6.1945033	5.7294316	5.2594614	5.90727	5.121607	5.167048	4.7565928	4.6246834	5.639946	5.027739	5.6021767	4.3369923	4.0098786	5.2592554	6.045018	5.408584	5.664715	5.6251745	5.0257	4.8616695	4.9525843	5.3018436	5.5597467	4.675246	4.2255597	5.7855406	4.3505454	5.234048	5.872065	4.4902925	5.920358	4.1465945	6.099553	5.0075274	4.9537754	4.458293	5.0487723	5.1694365	4.2436643	3.843792	4.448634	4.4845233	4.5676084	5.065338
EDEM1_8524	5.388129	4.4020452	5.1112504	5.4834476	5.4414	5.8386474	5.6531076	6.1639047	6.5744576	5.579835	5.822592	5.0607114	5.904452	5.977675	5.2157736	5.733668	5.873343	5.533272	5.231157	5.6469483	5.8316064	5.9177823	6.040161	5.555356	5.586981	5.183252	5.1479073	6.7314954	5.745313	5.5257273	6.0982895	5.425385	5.4418173	5.76869	4.89459	5.5009246	5.276778	5.7999835	5.1052804	4.9007115	5.5147047	5.8811035	5.365158	4.870279	6.1492515	6.185386	5.4200993	5.722694	5.1235476	4.993965	4.248697
EED_8526	4.679861	4.6862755	4.5185456	4.817053	3.78599	5.007306	4.9658127	5.9829226	5.749802	4.8862605	5.4232335	4.74955	5.347749	5.208881	4.4183564	5.215153	4.716825	4.598228	4.542772	4.4857965	4.972335	5.253958	4.4761596	4.6928782	4.8114586	5.153088	5.1736393	5.5339446	4.7243323	4.37757	4.675246	4.659131	4.679086	5.431165	4.48659	5.1272597	5.131954	4.9760866	4.704146	4.56857	5.6178336	4.467931	4.88556	4.3405747	4.780875	5.1145706	5.091904	5.542687	4.6976795	4.457192	4.9499874
EEF1E1_8529	7.0039563	6.584294	6.753027	6.960372	6.650274	6.727974	6.4562497	6.721281	6.8444695	6.798668	6.584037	6.8859496	7.0347986	6.488882	6.8340263	6.635155	6.495729	6.9197354	6.5914097	6.3502555	6.7740617	6.9425845	6.9098234	6.801751	6.985585	6.7913094	6.566716	7.0232735	6.7075133	6.856378	6.681018	6.363245	6.697387	6.1546936	6.6385927	7.072423	6.391296	6.417784	6.4714165	6.886672	6.764617	6.7731576	6.653455	6.749172	6.237909	6.4914045	6.17865	6.708969	6.6806536	6.6355095	6.13889
EFCAB14_32678	4.6196246	3.8314943	4.285043	4.0839515	4.061947	4.846756	4.504718	4.541386	4.5627217	4.72242	4.369601	4.2468877	4.7923274	5.3236547	4.934868	3.0640497	5.257115	4.213959	4.1482205	4.065186	4.653956	4.8514686	4.40733	3.9830067	4.435108	4.003223	3.8479037	4.4927254	4.5531583	4.775151	4.512362	3.4379745	3.9217556	4.442191	4.2506785	4.437347	3.6835446	4.3981524	3.9655392	3.4367871	4.8126054	4.328058	4.114353	4.2461166	4.671942	5.234024	4.7926564	5.627301	4.6300673	3.9047008	3.7247775
EFEMP2_32619	3.0595496	3.5057364	4.4296265	2.5181563	3.590906	4.777175	4.1777725	4.032947	4.46754	3.7760599	3.7896788	3.1560693	3.808642	4.4878764	3.606144	3.846752	2.87268	4.0261216	3.4482138	3.9523666	3.820068	4.0961194	2.8522859	3.5980654	3.5003047	4.2511845	3.6421144	4.633352	3.4666753	4.451915	4.554839	2.7871325	3.3549814	3.0633094	3.744154	4.044337	3.6835446	3.8236685	2.372343	3.5918324	2.9589396	3.1983922	2.9989562	3.4100819	4.4257855	3.9265325	3.3635335	3.742971	3.4723492	1.9678794	3.0135357
EGF_8530	2.515188	1.7233189	2.353332	1.9837908	0.0	2.82721	2.7904801	2.4882271	2.0063746	1.7575232	0.8916533	1.2862334	2.3531	0.82019544	1.2110108	0.7393115	2.1742368	1.7073178	2.035052	0.7045007	1.251849	1.1626221	1.0263795	1.0412753	1.1950403	1.7028205	1.1865652	2.2755182	2.185535	2.1035776	2.1406834	1.2089423	2.7090814	1.8781195	0.6449023	1.6844561	1.3109689	1.6218852	1.2585819	1.5073531	2.133485	0.7498454	1.1148349	1.1915702	4.614228	1.6973256	1.4554178	2.7293007	3.124777	2.3438904	2.8299677
EGR1_8533	5.423794	3.8314943	5.139562	4.6230755	4.4164624	5.556621	5.110143	6.000346	5.531871	4.9616933	5.0288405	5.151117	4.7562222	5.52898	4.7356553	4.6104794	5.146981	5.1050324	4.292064	5.3678308	5.703604	4.8820906	5.651139	4.6928782	4.907565	4.689805	4.7634163	4.4927254	5.0156536	5.399914	5.2412624	4.5009766	4.989707	4.5695896	4.06882	5.0328393	4.827819	4.9111533	4.3074403	3.9192204	4.5459204	5.075422	4.379686	4.3405747	5.8698707	6.379258	4.9635158	5.963049	4.824082	4.33762	4.431824
EI24_32946	7.652477	7.021361	7.549372	7.6452107	7.1351767	7.79782	8.101034	8.101077	8.308819	7.6048765	7.664277	7.178819	7.822231	7.7300835	7.4746566	7.8905125	8.023998	7.55387	7.267346	7.2900777	7.8035874	7.7788644	7.727991	7.6278734	7.659382	7.573275	7.431587	8.973635	7.49836	7.619602	7.84632	7.3659735	7.6108937	7.995574	7.2484374	7.7133665	7.579836	7.647213	7.7372284	6.6688013	7.655033	7.960622	7.354165	7.0923686	7.7808595	8.221927	8.06696	8.323267	7.45169	7.3683553	6.926042
EIF1A_8536	8.047736	8.33661	8.645147	7.7715607	7.4211855	9.127258	8.037457	8.345621	9.245091	8.698093	8.461597	7.614501	9.084093	8.185765	9.007046	8.993584	8.243928	8.408105	7.7130804	8.531125	9.135877	8.909811	8.843332	8.473484	8.6672945	8.611684	8.3306465	8.5033865	8.892928	8.7323675	8.908108	8.973605	8.500918	8.176593	8.262343	8.764811	8.953268	9.006211	8.068133	8.229591	8.703962	8.953762	7.7318277	8.506738	8.15937	8.214684	9.155251	9.593379	8.5240555	8.660328	7.599658
EIF2AK2_8539	6.6294003	5.8996534	5.7480693	6.0447617	6.214822	5.786481	6.2221417	6.469344	6.7864933	6.130395	6.2202506	5.8893676	6.4134383	6.777704	6.4774323	6.0132613	6.645007	6.0959153	5.762669	5.8015084	6.7371736	6.3814483	6.5515637	5.938018	6.2561893	6.0694757	6.4868603	6.46909	6.940724	6.200658	6.2220645	6.7090535	6.102228	6.04203	6.236485	6.1064715	6.3394647	5.9367633	6.2517314	6.1994095	6.277304	6.9184318	5.8168774	5.745358	6.2568917	6.6285405	6.08301	7.1418047	6.531139	6.099226	6.0007997
EIF2B3_8540	6.4933534	5.706487	6.147114	6.237904	5.5166364	6.350779	5.973071	6.43131	6.455479	6.240506	6.5047255	5.4649014	5.9208536	6.3737183	6.2345276	6.0132613	5.746905	5.651778	5.5309534	5.3456655	6.2534184	6.1619368	6.2013087	6.3091655	5.734039	5.969167	5.9600687	6.000093	6.5705733	6.1344776	6.1683598	5.9991136	5.5781603	5.750878	5.4724803	6.0106344	6.126607	5.9848876	5.842991	5.920923	5.4931636	6.2858133	5.755941	5.5417137	6.284906	6.2434864	6.058076	6.5359106	5.6526747	5.888464	5.554287
EIF2S1_8541	11.48252	10.649805	11.136945	11.246547	11.106242	11.214393	11.550946	11.343869	11.559718	11.164191	11.4002905	11.1246	11.047037	11.681949	11.293481	11.417896	11.521781	10.941303	11.166637	11.306372	11.585609	11.581274	11.420773	11.071467	11.261473	11.194958	11.440389	11.244299	11.369036	11.211598	10.903287	11.475071	10.888253	11.212639	10.920507	10.919565	11.562895	11.075295	10.83942	10.799646	11.123799	11.08748	10.724387	10.452462	11.271253	11.185635	11.345595	11.952455	11.284733	11.180307	11.318325
EIF4B_8549	8.618429	7.909311	8.726723	8.469459	8.272509	8.900629	9.058036	9.059498	9.190252	8.689797	8.924681	8.402684	8.770089	9.12908	8.373831	8.743937	8.947165	8.329001	8.448147	8.581786	8.992596	8.8986225	8.796999	8.604749	8.434397	8.622732	8.743132	8.984617	8.590475	8.767363	8.692004	8.509125	8.364793	8.804827	8.03941	8.4995	8.7374525	8.749554	8.6261	7.964565	8.675556	8.738119	8.289213	7.9364157	8.99102	8.9540615	8.762438	9.338687	8.148579	8.42881	8.227737
EIF4E_32598	9.546536	8.960644	9.351215	9.457753	9.10478	9.527595	9.700846	9.633125	9.862963	9.39337	9.835428	9.332953	9.619383	9.915451	9.566889	9.62607	9.737023	9.083379	9.470229	9.331882	9.871817	9.627994	9.509593	9.288282	9.383008	9.486745	9.610977	9.852605	9.379026	9.369918	9.490018	9.459557	9.243144	9.382219	8.989451	9.452621	9.586728	9.437939	9.323959	9.1324625	9.578564	9.66191	8.980615	9.035835	9.643354	9.665719	9.347579	10.009789	9.156586	9.188306	8.978192
EIF4EBP1_8550	6.020986	5.5200467	5.7663407	6.1684704	5.872186	6.158948	6.0751014	6.4441	5.9390917	5.975228	6.1697245	5.6622686	5.8369136	6.360336	5.708323	5.715404	6.1264772	5.4422374	5.795232	6.4574976	6.0727553	6.0314226	5.921772	5.603243	5.716456	5.804276	5.6103992	6.051136	5.7131414	6.041232	6.0545535	5.4472365	5.2912316	5.732843	5.4353786	6.0432925	5.4578357	5.745152	5.465019	5.5378456	5.953724	5.914093	5.5197787	5.2568727	5.9063964	6.155434	5.63767	6.3690205	5.887949	5.8007507	5.713078
EIF4G1_8551	7.947161	6.8229866	7.869759	7.5753946	7.0927806	8.140265	7.6362205	8.518836	8.46174	7.887135	8.23872	7.5660276	8.196916	8.016933	7.2808843	7.815332	8.157806	7.7335386	7.2789054	7.515296	8.033956	8.429292	8.096485	7.7849264	7.6731195	7.7599783	7.5194993	8.548493	7.562964	8.101777	8.121794	7.460328	7.660012	8.199757	7.4149275	8.038989	7.296953	8.18927	7.9833436	7.489923	7.94412	7.956669	7.5553193	7.508157	8.509274	8.451867	8.057555	8.467952	7.285849	7.1009583	7.1152925
EIF5_8552	9.645202	9.00495	9.694334	9.748871	9.400033	9.834219	9.768763	9.981257	10.177785	9.495258	9.763429	9.356895	9.877498	9.7288885	9.501651	9.737736	9.891232	9.280204	9.280572	9.519305	10.05252	9.843657	9.873205	9.447604	9.777861	9.526995	9.730653	9.8174095	9.574121	9.574079	9.396769	9.45552	9.399883	9.711795	9.017964	9.664259	9.585338	9.523244	9.389831	9.278035	9.64111	9.787394	9.23063	9.221059	9.66661	9.925133	9.617729	9.963345	9.380118	9.357956	9.120029
ELAVL1_8554	5.235942	4.5511484	5.6132474	4.988013	5.2994866	5.38013	4.8389583	6.034575	6.041787	5.53114	5.4232335	5.4412074	6.089945	5.59902	5.1637983	5.600683	5.7086463	5.031988	5.2779913	4.9049997	5.3352737	5.810429	5.4773555	5.618858	5.2384467	5.183252	5.3866477	6.034322	4.906079	5.455182	5.2412624	5.1335516	5.2912316	5.4967585	4.624838	5.6983967	5.3571715	5.457482	5.346575	5.265733	4.913356	4.9537754	4.603718	4.9016037	5.6719327	5.6103015	5.458717	5.909991	5.073521	4.494944	4.904237
ELOVL5_8556	5.8610806	5.2415056	5.8371973	5.791233	6.072475	6.58259	6.3785596	6.209563	6.492214	5.993316	6.7306676	6.0855327	6.1043777	6.827182	5.972805	5.6969066	6.645007	6.1544433	6.085869	6.1601343	6.699317	6.0314226	6.2900095	5.288715	5.883329	5.9162703	6.0321703	6.721026	6.496899	5.777763	6.2481856	6.013831	5.938147	6.1273417	5.317981	6.308062	6.2719426	6.000579	5.9766135	5.376546	6.2128735	6.2983623	5.5912886	5.5614614	6.3304205	6.702902	5.8986783	6.9902973	5.873403	5.815745	5.3188505
ELOVL6_8557	4.3498583	3.267883	3.8777544	4.398905	4.492976	4.6660757	4.699865	4.541386	4.9270763	4.381498	4.484301	3.6451528	4.7923274	4.0941133	3.606144	3.9123585	4.464721	3.9750757	3.0765762	4.5646772	4.731025	4.3797755	4.4421554	3.466162	3.8619432	4.193074	4.504222	4.222796	4.273237	4.522616	3.4891737	3.8193421	4.454525	5.078117	3.744154	4.4856753	4.172522	4.4899464	4.4521384	3.9766421	4.503455	4.6745768	3.7889702	3.4100819	4.3214507	5.0180063	3.9009998	4.3722343	4.188052	3.7257514	2.8299677
EMILIN1_33056	5.0430336	3.7719631	5.1673284	4.6230755	4.061947	5.9216065	4.699865	5.9829226	6.1376553	5.198399	4.308639	4.4504933	4.4293513	5.178702	4.068669	4.6104794	4.828076	4.787641	3.4482138	4.444678	5.4536953	6.098155	4.8578053	4.7507205	4.435108	4.9575233	4.953656	4.9879446	3.7464566	5.109653	5.5659637	3.67865	3.2654822	4.3970957	2.7303865	4.387344	2.7916732	5.182775	3.5165868	4.641398	3.3903556	3.4885392	4.1621037	3.0111494	5.699947	5.737051	4.374813	3.8594944	3.8144693	3.2832968	4.669159
EMP1_32450	3.8704717	4.1447926	4.561031	4.1333776	3.590906	5.0373783	4.9958572	4.541386	4.8536887	3.3957052	5.0288405	3.802208	4.0060377	4.715141	4.068669	4.397897	4.596273	4.0261216	4.4228573	4.444678	3.888952	4.8201823	3.803364	4.435088	3.9845338	4.4627132	4.7969165	4.336896	3.9256022	4.1283503	4.468596	4.3698306	4.138909	3.9743235	4.2506785	3.5934687	2.9382603	4.734754	3.6822517	4.233773	3.5656989	3.87108	4.671279	3.4946837	4.7274365	4.3532715	4.1095295	3.9144068	3.986536	3.5927947	2.6195898
EMP3_32795	5.441301	5.174117	5.551373	5.4642606	5.4414	5.4034085	6.1835027	5.4093204	6.1376553	5.506162	5.6612782	4.8961797	5.5510902	6.0461383	5.2659407	5.1349735	5.058486	5.304293	5.5501604	5.7176933	5.4536953	5.5493507	5.4773555	5.308109	5.586981	5.0586166	6.2167625	6.1165004	5.3858786	5.4369936	5.5022736	5.826458	5.3791947	5.8711796	5.526403	5.4772167	5.7234993	6.1058836	5.3710546	4.676478	6.1033974	4.3762045	5.6594205	4.591692	5.9881897	5.396486	5.7034664	5.275379	5.329397	5.322643	5.271587
EMR1_8558	6.7745843	6.17713	6.638664	6.9942093	6.7314734	6.8850613	7.07847	7.6824026	8.175882	6.9171014	7.1596694	6.0701666	8.081286	7.5354347	6.8340263	7.401	7.3074594	6.677826	7.7384205	7.3746057	6.6702585	6.7650256	7.0060673	6.9816065	7.8285136	6.4628305	7.46323	8.047351	7.0348353	6.9362454	7.712005	6.139942	7.130228	8.322413	6.939518	7.1267667	7.806728	7.065844	7.4169893	5.891367	7.0784745	8.1663	7.274939	7.215886	7.204072	7.501336	8.64595	7.935678	7.0984383	7.2899904	6.477694
ENG_32663	3.7064028	2.6274648	3.736615	3.6123734	1.9663466	3.7940469	3.6822586	4.032947	4.694665	3.7760599	3.4935977	3.03466	3.6602395	4.2761607	1.2110108	3.2782712	3.341277	3.4847689	1.7985483	2.0523822	3.6715705	3.930203	2.3639069	4.503981	3.5802486	3.3250225	3.4865618	4.54114	2.9081242	4.4876986	4.328719	3.3479161	3.9217556	2.811656	2.461808	4.044337	2.7916732	3.5947201	3.4260273	3.4367871	2.5217707	3.7299907	2.642854	1.8351252	4.128809	4.2436643	4.157271	3.8024087	2.524174	1.9678794	3.4125495
ENO3_33181	6.256776	6.6014957	6.7438354	6.428158	6.7780867	7.2550063	7.186628	7.1302605	6.8632884	6.819094	7.052202	6.647954	6.677515	7.216935	7.160071	6.4038196	7.4418044	6.4996624	6.5054603	7.001974	7.1971626	6.58129	6.752231	6.06884	6.772401	6.710764	6.5471625	7.161318	6.847471	7.042319	6.642146	7.189239	6.6539617	7.123922	6.1815286	6.715166	6.9619737	6.693533	6.1134844	6.4531116	7.049251	6.8603735	6.1003623	6.4002094	7.0107284	6.793202	6.8865366	7.4372864	6.7539506	6.764756	6.5388536
ENOPH1_8559	2.515188	1.1049913	2.5348177	1.750284	2.6401563	3.7218108	2.486291	3.1184926	3.43397	3.2825825	2.8046954	2.200775	2.534579	3.2360482	2.6461606	2.326616	2.5653183	3.0640168	3.5278807	2.2562509	2.9831893	2.846633	3.1336944	2.0614784	3.12715	3.7845476	2.7532747	3.240585	2.6607075	3.516373	2.967061	3.4379745	2.9579055	3.7050712	1.7024508	3.3011148	3.0713174	3.2189481	3.9655392	2.0255485	2.5217707	2.1401448	2.642854	2.0738304	2.806924	2.6400769	3.0959623	3.6809788	3.4723492	2.1681004	2.3732097
ENPP3_8562	3.8704717	3.8886662	4.1799192	3.9797099	3.9027789	4.741084	4.2789826	4.492971	5.3570137	4.325485	4.484301	3.03466	4.0060377	4.5362835	4.545657	4.303241	4.596273	3.4847689	3.603377	4.8430567	5.003735	4.422068	4.093564	3.0714748	3.9845338	3.7845476	4.3321013	4.5879827	4.182158	3.8817208	3.1990128	3.5227396	3.7995486	4.3505454	3.3245418	3.188829	4.441957	2.9865744	4.255792	2.5642188	4.051694	3.8022594	4.703909	4.2461166	4.584481	5.0180063	4.5988097	4.6880627	4.4457216	4.1132665	3.8587372
EP300_32876	7.2272673	6.942555	7.601187	7.6788917	7.0427513	8.133321	7.403875	8.428405	8.369314	7.6165934	7.735486	7.2690644	7.9753423	7.8782806	6.998842	7.562971	7.642863	7.5711603	7.1463523	7.3073845	7.843182	7.758378	7.752478	7.6123557	7.5294733	7.5386944	7.6070895	9.17882	7.2630816	7.9074073	7.8633204	7.240195	7.757607	7.6891565	7.060197	7.9853745	7.445317	7.7621365	7.8016787	7.088995	7.4853964	7.588963	7.225227	7.0923686	8.086962	8.229135	8.289476	8.320728	7.5871077	7.6025276	6.8516617
EPB41L2_8564	5.0657864	4.4785223	4.9607077	5.322292	5.382281	6.0000534	5.6531076	6.2392178	5.063521	5.067926	5.2394724	4.96426	5.8878613	5.238442	5.4067554	5.4541845	5.5661387	5.4793434	5.080776	4.8430567	5.7226005	5.6770825	5.605781	5.6343064	4.8442106	5.595824	5.989343	6.296506	5.3653245	5.609318	6.0246415	5.630295	4.494464	5.5798206	5.0251822	5.215878	4.970953	6.000579	5.825383	4.8088436	5.403632	5.6460505	5.608626	5.0764866	5.9537015	5.675068	5.841377	5.2328033	4.7622647	5.1908326	4.994332
EPHB2_8566	2.0511916	1.1049913	2.9727023	2.1847157	2.3422368	3.6457665	2.486291	3.8139515	3.5313187	2.5266557	2.3995826	2.410535	2.8407278	2.668917	2.4860687	2.1199853	2.5653183	1.9380654	1.7985483	1.8148876	2.8513174	3.674356	2.5023503	2.877406	3.9845338	3.0904965	3.2164025	3.732648	2.7897131	2.6996026	3.7306347	2.097342	2.5664744	2.811656	2.7303865	2.440523	2.4444666	2.9865744	1.920373	1.5073531	3.7220223	1.8978021	3.5224726	2.2785902	3.3214757	3.8537915	3.1907747	3.5483809	2.6659598	1.4579389	1.961433
EPHX1_8567	4.1082306	3.6449819	4.3348646	4.58805	4.159071	4.3196507	3.8229792	5.214069	4.9270763	4.381498	4.1085844	4.497202	4.9283385	4.9830303	4.6246834	3.4647577	4.6375866	3.8672233	4.1482205	4.710571	4.441083	4.1474395	4.981338	4.601519	4.518643	3.526701	4.136628	5.1528096	4.7243323	4.1729927	4.5961013	3.947525	4.236344	4.895619	4.750989	3.9091218	3.9828393	3.5095499	4.885008	3.9192204	4.5871716	4.6745768	4.013831	4.294119	4.8821573	4.595598	4.5988097	4.5902724	3.4723492	4.4184256	4.173552
EPHX2_33282	3.4538498	2.6274648	3.3081667	3.016629	3.2814488	2.1333084	3.0415661	4.8020277	4.1978536	1.7575232	3.3796642	2.756088	3.4043794	4.2761607	2.921244	3.5496771	3.6944115	1.0927255	3.274329	2.0523822	4.4862447	3.930203	2.210754	4.2061553	0.0	2.810302	2.6098514	3.732648	3.681432	1.0698712	3.3987858	3.5227396	2.2304184	4.609673	2.7303865	3.8364446	3.7643874	1.914702	3.9655392	0.0	3.5656989	3.3981557	0.6625256	3.224361	3.857513	3.6105773	3.1907747	3.6162026	2.6659598	3.5214198	2.3732097
EPRS_8569	8.686076	7.993166	8.700832	8.604841	8.479423	8.993677	9.089725	8.942687	9.188388	8.618752	8.906796	8.629281	8.6299715	9.169924	8.71139	8.469365	9.040605	8.2981825	8.488532	8.581786	9.006226	9.082909	8.728117	8.544703	8.6672945	8.560892	8.701726	9.167298	8.771257	8.386385	8.779681	8.609434	8.326583	8.482086	7.8690114	8.4546795	8.622883	8.320085	8.441942	8.163128	8.66114	8.546286	7.9884424	8.059564	9.0370455	9.197631	8.67289	9.413266	8.432758	8.199377	8.39282
ERO1L_8573	7.1706653	6.349937	6.909184	6.6481547	6.5007925	7.5439587	7.3053474	7.510656	7.5023017	7.0440054	7.3072042	6.9793935	7.2642136	7.231709	6.7918444	6.867928	7.4706683	6.8435187	6.305224	6.763654	7.446039	7.5212026	7.101746	6.7810807	6.8550754	6.966306	7.028175	7.5285244	6.95455	6.8426266	7.028668	6.6252737	6.7059174	7.151338	6.3304205	7.0323133	7.1467233	7.131451	7.181247	6.150345	6.9179897	7.244472	6.418079	6.7143135	7.2941213	7.4773245	7.103129	8.110471	6.7775784	6.5573745	6.4246693
ERO1LB_32533	3.5856457	2.1547542	3.0934007	3.4657202	3.7238476	3.5654895	2.7904801	3.1184926	3.7082813	3.0256517	3.1206355	3.2680495	3.4043794	2.9801729	3.606144	3.3745255	4.0408278	2.3117008	1.7985483	3.5487905	2.9831893	3.3631423	2.8522859	3.659754	2.6224735	1.3239917	3.1138024	6.067757	3.9256022	2.5720668	3.3023546	2.7871325	3.3549814	3.277517	2.461808	1.9826764	4.230585	1.6218852	2.9933162	2.8365164	2.8274064	4.3762045	3.1953344	3.224361	4.832405	3.8537915	3.9009998	4.448634	4.322632	3.9597363	3.6528244
ESCO2_32645	4.0177727	4.1909814	4.3348646	4.43877	3.7238476	4.2182827	3.754334	4.2230396	4.0079637	3.7760599	4.369601	3.8747573	3.4948025	3.1137757	3.6820092	4.0929766	3.5286222	3.8672233	3.0765762	3.469012	4.0175753	4.788203	4.2589602	4.8859277	4.042132	3.429383	3.6421144	5.9290986	4.0849395	4.1283503	2.835414	3.5227396	4.679086	4.3024426	2.602338	3.8364446	3.9828393	4.194934	3.3294005	4.870734	4.2700734	3.6539102	3.100484	3.6503172	3.806888	3.6105773	3.9009998	4.2494674	4.234321	4.494944	3.0135357
ESM1_32480	1.8561494	1.9551042	1.6111797	2.1847157	1.9663466	3.4804814	2.7904801	4.4428744	4.255975	0.8429578	1.8342675	1.2862334	2.695759	2.9801729	2.921244	3.2782712	2.727169	1.9380654	2.4162252	2.593747	3.21549	3.447462	3.0458522	2.3874133	2.0785348	3.3250225	2.0670378	3.732648	2.7897131	2.2771995	3.3023546	1.5692585	1.5091133	2.1193378	2.7303865	2.2296865	2.23349	1.2540979	2.1639853	2.4060068	3.5656989	2.3475738	3.100484	1.8351252	3.523103	2.8034983	2.7672026	2.6012702	3.0230174	2.5005684	2.181963
ESPL1_33227	3.5856457	2.9829214	3.3081667	3.6123734	3.1924727	3.4804814	2.1003423	4.33714	3.3295743	3.689954	3.7896788	3.3719604	3.4948025	3.2360482	3.3512022	1.8787316	3.6944115	4.213959	1.7985483	2.2562509	3.4155223	4.0961194	4.604687	3.5980654	3.8619432	2.462245	2.7532747	4.8791513	2.9081242	3.5840557	2.1406834	1.8573289	3.666024	2.506633	2.1315236	4.4856753	0.0	2.7094493	2.372343	3.9192204	2.9589396	3.573593	2.5015178	2.8914306	3.9064214	3.4221838	1.7325498	3.477213	3.2198298	3.194307	2.6931777
ESR1_33192	2.0511916	2.1547542	2.353332	2.361048	1.7338829	3.3901486	2.9214785	4.1624165	3.7082813	2.7128305	3.1206355	2.5936327	1.9028349	3.1137757	2.3059688	0.7393115	2.1742368	3.158557	1.1630801	1.8148876	2.8513174	2.7167444	2.0393906	3.7757409	3.12715	2.957191	2.271517	3.240585	1.9845754	2.8167744	2.835414	2.3030627	3.4392512	2.811656	1.4280888	2.6244397	2.23349	3.1074347	2.5543716	1.5073531	2.6826673	3.3017287	2.3448164	1.1915702	4.3918386	2.4557507	3.4427273	3.323391	2.79505	1.1142143	2.3732097
ETFB_8574	6.7814736	6.0822897	6.5675106	6.5514655	6.1215014	6.808655	7.0501146	6.8990054	6.988566	6.328628	7.18533	6.4484763	6.4134383	6.488882	6.455982	6.6254067	6.4267	6.119612	6.485645	6.2222815	7.176645	6.423692	7.051884	6.0108414	6.6293993	6.2654877	6.586008	6.518291	6.6828074	6.6107836	6.2481856	6.7090535	6.0892453	6.1134686	5.4906793	6.5770087	6.441329	6.3211207	6.631957	6.315232	7.0784745	6.485582	5.5912886	6.2742376	6.408894	7.0262012	6.6895566	7.1244416	5.7354364	6.455745	6.071496
ETS1_8577	4.7657475	4.515292	5.419044	4.786481	4.293499	5.4488688	4.545916	5.5341964	5.2750597	5.033377	4.9107437	4.2468877	4.4744954	5.0175414	4.4183564	4.9598656	5.500474	4.34035	4.8209805	5.0491347	4.8041854	5.3880205	5.004824	4.5697336	5.1625657	5.0257	4.621049	7.2513742	4.182158	4.8319354	5.5238175	4.6211877	5.245154	5.019812	4.48659	5.0328393	4.7505484	5.2100253	5.487584	3.6635237	5.5147047	5.585902	4.114353	4.294119	6.1287875	5.4218693	5.6207414	5.4527993	4.234321	4.7028003	4.7403216
ETV1_8578	5.2949095	4.047728	4.642423	4.7552466	4.0108175	4.880327	5.472587	5.2726026	5.828522	4.4354167	4.7365522	4.542445	5.3954773	5.6438937	4.278726	4.5291653	4.101142	4.598228	4.245692	4.525776	5.179007	5.6237187	4.5736127	4.8859277	4.150857	4.81067	5.429996	5.1836367	4.8180656	4.3389096	4.786373	4.659131	4.811461	5.049259	4.689292	4.532437	4.340139	5.068315	5.3710546	4.676478	4.5459204	4.278248	5.642687	4.196462	5.374549	4.9498415	4.4146447	4.920435	4.730334	4.457192	4.296704
EVI2A_32378	7.7679806	7.4159017	7.764617	7.719916	7.6004786	7.730387	8.324651	7.916084	8.172113	7.707053	8.106179	7.469771	7.6897216	8.419867	7.940106	7.632754	8.15069	7.5407653	7.7674313	7.9045506	8.003214	7.7910185	7.862628	7.3288093	7.6268086	7.6776133	7.8775277	8.088656	7.877934	7.8118343	7.54294	8.051501	7.3255444	8.025515	7.6354303	7.5806017	7.990188	7.6169925	7.7881083	6.578956	7.712087	7.8668456	7.328237	7.2467065	7.754387	8.0081415	7.7810745	8.759845	7.518652	7.6534944	7.4270725
EVI2B_32891	6.9921265	6.4194837	6.941704	6.785897	6.7155952	7.2866488	7.12679	7.329517	7.7088923	6.9452505	7.142305	6.562682	7.3695393	7.5822973	7.0135994	6.900626	7.3391094	6.645543	7.0280395	6.9293113	7.176645	7.0610676	7.211797	6.76011	6.755282	7.122354	6.977944	7.5285244	7.22366	7.1853795	7.3209577	6.7270284	6.83596	7.439616	6.5803022	6.8869424	7.07722	7.0126705	7.1175685	6.5602956	7.216323	7.07978	6.670065	6.740536	7.2662873	7.5307994	7.394604	8.003731	6.540376	6.925451	6.5388536
EXOSC4_8579	4.273725	4.4785223	4.7194676	4.8763194	4.9106236	5.0668364	5.2662044	5.089356	4.7763667	4.6783786	4.9511933	4.1911564	5.167048	5.6438937	4.934868	4.2534776	5.257115	4.9550476	4.722831	4.444678	5.2850423	5.277185	4.981338	4.0304832	4.907565	5.479094	4.9830594	4.6773376	5.0926967	5.241258	4.750273	4.6961017	4.3276124	4.895619	4.2506785	4.705656	4.340139	4.4899464	4.8153596	4.53073	5.0376	5.1326027	4.013831	4.5127454	5.303291	5.834782	4.8518867	5.0730395	3.986536	4.378588	4.173552
EXOSC5_32543	4.5885363	4.4785223	5.2475586	4.84699	4.8537273	5.4263177	4.7359157	5.022709	4.736094	5.198399	5.6366873	4.96426	5.1392817	5.790793	5.38422	4.351345	5.4316773	4.8456287	4.9422517	5.3002853	5.151234	5.0261497	5.0506797	4.8333554	4.9682536	5.297971	4.504222	6.0173087	5.50341	4.9648266	5.215015	5.334512	5.1483326	5.161381	4.557369	5.215878	4.710304	4.3981524	4.6650844	5.1456947	5.87263	5.1326027	4.208325	4.666542	5.4089003	5.396486	5.360163	5.2328033	4.405847	3.9047008	4.4741917
EXOSC7_8580	2.0511916	2.1547542	1.6111797	1.750284	2.1664994	2.521582	2.486291	2.0264177	2.9615965	2.312845	2.1444392	1.955242	2.3531	2.668917	2.7902486	2.6678994	2.1742368	2.1369452	2.035052	2.2562509	1.6192706	1.5149852	2.7448034	1.8659643	2.2834883	1.7028205	2.4505796	3.4579172	2.7897131	2.9251404	3.0876935	2.7871325	2.0275967	2.325943	2.461808	1.9826764	0.7995354	1.2540979	1.920373	2.955541	2.9589396	1.8978021	2.168997	2.0738304	2.169534	0.8054279	2.6385555	1.0883236	0.67270136	1.9678794	2.8299677
EXOSC8_8581	8.076031	7.3047686	7.9398546	7.775458	8.040461	7.669282	7.997178	7.9252353	8.1607485	7.8429317	8.150279	7.6459346	7.718154	8.330045	7.9362383	7.9385405	8.016188	7.621821	7.8316307	7.9493365	8.271774	8.261831	8.219524	7.932809	8.051753	7.8567324	8.134962	8.096777	7.663194	8.051854	7.410422	8.026318	7.5506034	8.222554	7.8122573	7.5861535	8.006898	7.7667317	7.7512836	7.713281	7.9281554	7.588963	7.3644075	7.203371	8.038418	8.012325	7.796232	8.142449	7.7552075	7.5895	7.6742435
EXT1_8582	6.732542	5.641444	6.2018404	6.2603254	5.828562	6.487764	6.4562497	6.656817	7.261103	6.328628	6.622115	6.115782	7.295998	6.525314	6.1027083	6.825985	6.75234	6.0839195	6.316485	5.9847827	6.425595	6.6451707	6.251259	6.635149	7.306704	5.639993	6.2773547	7.0402164	6.666099	6.5099835	6.9670925	5.907507	6.4956994	7.353714	5.842057	6.137053	6.759933	6.4409714	7.146218	5.8458657	6.728201	7.1297874	6.653455	6.660394	6.657714	6.793202	7.837113	7.404095	6.493587	6.7255964	6.043632
F10_8585	3.763191	3.7098691	3.4950655	4.0839515	3.6589074	4.777175	4.7359157	4.7202697	4.4174857	4.325485	4.0352206	3.6451528	4.3345904	4.7968874	3.822728	4.7605286	4.369845	4.34035	3.7434611	4.935002	5.2850423	4.244908	5.4604673	3.9339144	2.7661297	4.4126673	4.188035	4.222796	4.756258	4.3389096	4.7132473	3.3479161	3.1700616	4.201141	4.689292	3.405289	3.8409395	4.2484846	2.372343	4.53073	4.051694	4.6745768	3.100484	2.760871	3.9995286	4.8411465	5.186975	5.4341297	4.09081	4.161015	3.5376832
F11R_8586	3.7064028	3.5057364	4.7194676	3.1183274	4.1113257	4.5457015	4.068923	3.555659	4.694665	4.206481	3.6975753	3.2680495	4.8275514	4.157383	3.0413287	4.442993	3.8430977	3.4847689	3.7434611	4.169819	4.135664	4.1969967	4.297508	3.5336206	3.6559942	4.069322	3.7825153	6.3105397	3.6133378	4.216295	4.3768673	3.6028	4.454525	4.485919	3.4035087	4.9662747	3.9136333	4.2484846	4.255792	3.5918324	4.165012	4.059796	2.8897388	3.7907844	4.671942	4.9498415	4.6329803	4.837619	4.14025	4.012749	3.3226593
F2_32334	2.7580647	4.515292	1.2448933	5.679206	4.7008195	5.2057276	1.8601638	3.240815	4.7763667	4.6783786	0.0	4.133186	4.8275514	2.0223966	0.72900796	0.7393115	4.101142	5.8347087	1.5155233	0.7045007	5.60468	2.7167444	6.8783813	4.778795	2.7661297	0.0	4.8616695	5.089106	0.0	1.0698712	1.6068331	4.2752705	1.7915226	2.811656	4.89459	2.2296865	0.0	1.914702	3.1142545	5.355054	2.8274064	1.6063654	2.9989562	1.1915702	2.5845437	5.696026	2.994478	2.130537	3.619066	3.0994654	2.6931777
F2R_32746	2.3764687	1.7233189	2.696003	2.1847157	0.66134334	3.7218108	2.6463878	4.0991335	4.365632	3.2825825	2.8046954	2.756088	2.8407278	3.3487625	2.3059688	1.8787316	2.87268	2.854038	1.1630801	2.0523822	2.3630009	3.987655	2.210754	2.877406	2.896768	4.003223	2.7532747	3.240585	1.9845754	3.3706653	4.4234605	1.5692585	2.0275967	3.0633094	1.0890009	3.188829	1.3109689	3.8925655	2.1639853	2.228283	3.190714	2.3475738	2.8897388	1.1915702	3.806888	3.0834928	2.1650176	2.305077	2.190403	1.7353235	1.961433
F5_33079	5.6363187	4.1447926	5.8713617	4.988013	5.8864393	5.095705	3.9511857	6.5305877	6.1682463	4.8470116	5.206434	5.0607114	5.8878613	5.6438937	5.493533	6.272568	5.8559446	4.7577496	5.054115	5.7003293	6.2920823	5.5493507	5.9702992	5.9129033	5.606204	4.360822	5.492671	6.1790314	4.1343675	6.5099835	5.914778	5.403198	6.3831916	5.3857183	4.689292	5.569796	4.230585	5.726402	5.5316825	5.0685654	6.5202966	5.722536	4.767035	4.9916935	5.374549	6.0289917	5.5329823	6.445586	5.916608	4.9402447	5.6590075
FABP1_33091	3.7064028	5.6904993	1.6111797	5.8662405	5.2116504	5.231971	0.7291152	2.8375075	5.1271906	5.506162	2.1444392	2.756088	5.3718104	1.3398731	1.5716753	1.2257426	4.2682877	6.0839195	1.1630801	0.0	6.5897794	3.987655	7.3280783	5.145127	3.016553	0.80882925	4.7634163	2.2755182	0.0	1.9061652	1.6068331	3.8848567	0.0	0.7389744	6.203763	2.7875395	1.986288	2.547975	3.89976	6.2351427	0.7463577	1.2407571	2.7715712	1.1915702	2.99956	5.6538005	3.3635335	3.323391	3.0230174	2.8887413	2.8937876
FABP4_8590	10.92425	10.788636	10.568879	10.402949	10.62085	10.346926	10.66593	10.973944	11.28752	10.341131	10.948912	10.598035	11.250936	10.969717	11.159319	11.187629	10.230262	10.468004	10.805745	11.307805	10.750125	10.21761	11.106865	11.071822	11.160653	10.428651	11.184067	10.757007	10.616759	10.506558	11.182628	10.554138	11.022788	11.058262	10.424769	10.4270525	11.025237	10.747037	11.591995	10.835493	11.369317	11.131977	10.82423	10.753275	10.451224	10.784017	11.41628	11.082858	10.115703	11.702531	10.361659
FADS1_8593	4.524275	3.7098691	3.8777544	4.0839515	3.8455658	4.6660757	4.4623084	4.8412323	5.3570137	3.689954	4.369601	4.1911564	3.8774855	4.3320727	3.9509327	4.2534776	4.596273	3.5559726	3.5278807	3.2948601	4.3462834	4.5798335	4.4761596	4.286571	4.7084904	3.7036133	4.3770947	5.1836367	4.399905	4.3389096	4.1182437	3.148948	4.454525	4.8292685	3.0578372	3.9091218	4.441957	3.8236685	4.4055	3.5163915	4.319868	4.226657	4.208325	3.7222598	3.953726	4.6395364	4.2034826	4.0676174	3.3929877	3.9597363	3.2267935
FAH_8595	5.195247	4.8960004	5.3235607	5.405119	5.2116504	5.257745	5.7266173	5.854682	5.8092413	4.8862605	5.3645425	5.180035	4.895519	5.729658	5.314422	5.0500746	5.2833834	5.2408824	5.231157	5.6469483	5.5840545	4.8820906	5.8062215	4.806333	4.518643	5.4296227	5.8685036	5.6923895	5.3653245	5.241258	5.0760975	5.357773	4.903335	5.4967585	5.255493	4.7850432	5.894883	5.3635287	5.0457006	4.870734	5.597789	5.388767	5.555977	4.5127454	5.918369	5.370648	5.1637883	5.525152	4.854025	5.020094	4.8569875
FAIM_8596	7.2018137	6.6436243	7.3698263	6.7227116	6.9642963	7.049024	7.193126	6.917466	7.555342	7.1765623	7.052202	6.9628477	7.439513	8.442268	7.0852046	7.583256	7.7170095	7.073246	7.546142	7.9045506	7.9718027	7.7037106	7.7935123	7.1306534	7.473001	7.3454914	7.30342	7.0232735	7.27415	7.47556	6.571494	6.995227	6.997549	7.3359027	6.7485514	7.1267667	7.4391737	6.777901	7.326009	6.442961	6.8348026	7.020422	6.9265947	6.896382	7.334891	7.5935755	7.41929	8.159598	7.3865986	7.125235	6.790106
FAM103A1_33078	9.340382	9.075898	9.160613	9.28672	8.841355	9.249512	9.587032	9.179077	9.521716	9.13688	9.382148	8.785632	8.990068	9.693307	9.436064	9.3300295	9.505579	8.743552	9.270474	9.336105	9.498861	9.278308	9.274994	9.214403	9.274544	9.175859	9.576429	9.537644	9.295938	9.130612	9.083378	9.5519495	8.955468	9.451404	9.068819	8.83644	9.725702	9.351866	9.216615	9.012323	9.422076	9.237319	9.166227	8.578755	9.531854	9.184714	9.246364	9.45322	9.147547	9.253079	9.100722
FAM105A_32634	6.4933534	5.657982	5.6332965	5.8662405	6.1094	6.186048	6.529969	6.469344	6.528037	5.6269403	6.406324	6.054635	6.628426	6.5372562	5.813266	6.141911	6.2246356	5.82032	6.2238345	6.1727796	6.21369	6.071831	6.095901	5.7941394	6.571895	6.2795177	6.466186	6.861105	6.1212873	6.0291414	6.0246415	5.7405834	5.8330407	6.8670945	5.870133	5.907975	5.9127274	5.852807	6.1134844	5.8303742	6.264646	6.2858133	5.889598	5.438705	6.5540915	6.5729756	6.7685323	6.426822	5.7354364	5.707357	5.3188505
FAM129B_32749	3.5212522	2.1547542	2.5348177	3.8673456	3.590906	4.269857	4.068923	3.8139515	4.8536887	2.5266557	3.1206355	3.7258165	4.066259	3.4533052	2.921244	3.4647577	3.6944115	3.3308632	2.4162252	3.0967624	3.3189702	4.422068	3.6329622	3.3953938	3.4156697	2.957191	3.2164025	4.2809734	2.6607075	3.648705	3.5742307	3.6028	3.518869	4.092185	2.9567258	3.7599108	3.7643874	3.5095499	3.601796	3.167649	3.8630507	3.87108	3.1953344	3.4946837	3.754422	4.4051027	3.1907747	3.0567124	3.6871839	2.7705867	2.6931777
FAM183B_33213	4.3864694	0.6557987	3.4950655	3.4657202	3.9027789	2.6824741	2.6463878	4.2812176	2.9615965	4.007263	4.1783977	0.78194916	4.4293513	3.9585884	4.6246834	4.351345	3.2376134	3.3308632	3.9884303	0.7045007	4.693005	3.2735868	5.0730724	4.1209917	3.8619432	2.6467445	4.3321013	4.633352	3.6133378	4.8865695	3.1990128	3.947525	3.7343307	3.0633094	3.6173768	1.3080859	4.710304	4.734754	3.89976	3.9766421	5.6953373	3.1983922	4.496046	1.5489385	3.806888	3.3178785	2.3407063	3.6162026	5.098751	4.063883	3.6154559
FAM20B_8600	5.605592	4.6862755	4.928618	5.11647	4.8244147	5.556621	5.4070196	5.356178	6.041787	5.480744	5.4232335	4.96426	5.612965	5.995098	4.9655514	5.7871113	5.7279024	5.174556	4.3805633	5.4111657	5.866185	5.568305	5.3908668	4.537232	5.1096663	5.3783946	5.5329905	5.1213093	4.906079	5.5764604	5.5022736	4.801648	4.989707	4.759719	4.838853	5.2993665	4.5370607	5.524137	5.6957173	4.8088436	5.151987	5.703791	5.0468755	5.0487723	5.3393598	5.815758	5.4200993	5.812168	4.8833585	4.912615	4.650806
FAM55B_32626	2.9658844	3.7098691	2.9727023	3.4657202	3.590906	3.9912984	3.255363	3.1184926	3.7082813	3.7760599	2.8046954	3.03466	4.066259	3.9585884	3.5260668	3.846752	3.1259208	2.854038	3.5278807	3.2948601	3.4155223	3.3631423	3.2947974	3.659754	3.7279603	3.0904965	3.5664334	4.4426293	4.0337577	3.710581	4.000245	3.6028	3.594322	3.7772398	2.8479903	3.8364446	3.9136333	3.2189481	4.541123	3.0654895	3.6459768	3.87108	3.3681562	3.1216903	4.043922	3.9265325	3.0959623	3.8024087	3.0230174	4.161015	3.0698776
FAM63A_8604	6.5589757	5.5557866	6.577893	6.7936034	6.214822	6.93384	6.71293	7.39685	7.127373	6.328628	6.719002	6.14541	6.815492	6.97499	6.1164455	6.7739882	6.70454	6.275411	6.15022	6.4574976	7.29559	6.978454	6.9943824	5.9748893	6.693713	6.4000015	6.6238346	7.106066	6.0586553	6.7790675	6.4416933	6.192637	6.4557953	6.7993875	5.870133	6.7352943	6.244023	6.6838465	6.6012464	5.920923	6.5309067	6.6116	5.831718	6.36693	6.8882446	7.364033	6.5973787	6.9448595	6.2785997	6.023752	5.5641274
FAM69A_8605	7.144184	6.4387536	6.9255357	6.9045258	6.5007925	7.121002	6.488306	7.032025	7.5023017	7.1035028	7.2596827	6.6165648	6.628426	7.616472	6.9069786	6.892521	7.1593075	6.472315	6.9792747	6.980557	7.3082204	6.9570394	7.05751	6.62745	6.711574	6.8582764	7.499291	6.554121	6.9476533	6.849519	6.943307	7.360226	6.544076	6.8504634	6.399474	6.841242	7.420586	6.750323	6.965112	6.1251726	7.1000104	6.764139	6.6110735	6.475001	7.242675	7.212276	7.097021	7.2841244	6.688984	6.7877517	6.5388536
FANCD2_32782	2.9658844	2.486432	2.9727023	4.032772	3.3652549	2.82721	1.2111645	3.8139515	4.0740767	3.5005994	3.5991883	3.2680495	2.8407278	3.1137757	3.1521814	3.7780194	3.613897	3.3308632	2.7174463	1.5304413	3.21549	4.5798335	2.952313	3.3953938	3.4156697	2.6467445	2.6098514	5.0561676	3.5418694	3.2918935	2.3481333	2.4830763	4.454525	2.942963	3.0578372	3.8364446	1.986288	3.4190342	3.4260273	3.9192204	3.190714	3.573593	1.4586725	2.6173096	3.2474778	2.8034983	3.843792	4.161406	4.14025	2.1681004	3.2267935
FAS_8609	2.0511916	1.9551042	0.0	0.66999	2.8869598	2.1333084	2.486291	3.3535717	3.3295743	0.8429578	1.8342675	1.2862334	2.1454625	2.8329227	1.2110108	1.8787316	2.5653183	2.608205	1.5155233	1.5304413	2.7061675	1.7979587	2.210754	1.0412753	1.5530008	2.002579	2.4505796	3.8904636	2.185535	2.4321535	1.6068331	2.9180818	2.0275967	1.8781195	0.6449023	3.0670605	0.0	1.914702	1.6270963	0.0	3.190714	2.1401448	1.4586725	0.71545935	1.3216265	1.6973256	1.1120816	1.4272856	1.1296852	2.1681004	2.8937876
FASN_8611	3.3831434	3.7719631	3.8777544	4.1333776	3.0976462	4.913135	4.624943	4.33714	5.0306005	4.806665	4.0352206	3.3719604	4.3827486	4.0279417	3.888254	3.846752	4.369845	3.6238267	3.603377	3.469012	5.122916	4.7220345	4.5418544	3.5336206	3.8619432	4.003223	3.9104564	3.963337	3.1192565	4.216295	4.1738105	4.2752705	3.2654822	4.3505454	3.8035955	4.57773	3.6835446	3.8925655	3.8308377	2.955541	3.5656989	3.999592	3.1953344	4.03634	4.2474513	4.55028	3.9009998	4.7796435	3.8741343	2.8887413	3.6892493
FASTKD5_8612	3.763191	2.9829214	3.9434626	2.788815	3.4444587	4.164796	3.1524212	4.2812176	4.5159154	4.007263	3.9579256	2.9020875	4.3345904	4.157383	2.1001348	3.846752	3.8430977	3.4098673	3.6751187	3.469012	3.3189702	4.0961194	4.093564	4.076447	4.042132	3.0904965	3.9104564	5.1528096	3.9806933	3.5840557	4.1182437	3.947525	4.2826996	3.9743235	3.54955	3.6790886	3.9828393	4.1393185	3.89976	3.2630503	3.7220223	4.328058	3.905777	3.0111494	3.806888	4.185571	4.0601544	4.5211906	3.6871839	3.3671148	2.542046
FAT1_8613	3.5856457	3.7098691	4.862214	4.1811657	4.1113257	5.7138553	5.0824094	5.510071	4.5627217	5.033377	4.2449875	3.802208	4.6020246	4.947674	3.0413287	3.3745255	4.0408278	4.34035	4.197779	3.8299706	5.2850423	5.4300756	4.40733	4.9366517	3.9245403	4.8859644	4.188035	5.6488667	3.4666753	4.775151	5.341723	3.8193421	3.9791842	3.277517	4.162613	4.9662747	3.409666	4.617537	4.3074403	3.7970295	4.2700734	3.999592	2.7715712	3.4946837	5.2849126	5.1145706	3.7220852	3.8594944	3.6871839	2.8887413	3.8903701
FBXO11_8619	7.743492	6.9152994	7.7463236	7.7598057	7.3561025	7.9830475	8.158611	7.978956	8.34943	7.375861	7.7810783	7.353996	8.145503	8.123755	7.650188	7.9187226	7.76906	7.473393	7.579242	7.838625	8.108062	8.062356	7.9377646	7.511396	7.4989448	7.5560884	7.80117	8.300364	7.58979	7.7940807	7.70259	7.6512766	7.4777555	7.860902	7.2484374	7.687773	7.9257426	7.6321816	7.846013	7.069333	7.912012	7.815387	7.3438497	7.0855656	7.8636856	8.1478	8.172374	8.447153	7.5464253	7.5087605	7.2123475
FBXO22_32888	6.598524	6.0196834	6.1331015	6.1802773	6.259312	6.186048	6.8993206	6.76271	7.005606	6.68084	7.142305	6.4836974	6.806693	7.655345	6.69446	6.710858	6.8869143	6.6125216	6.663734	6.9067793	7.098814	7.1200647	6.9098234	6.402341	6.5322447	6.592117	6.8320675	6.721026	6.7946444	6.689717	6.29905	6.8136897	6.202087	6.6245747	5.924697	6.424206	6.7988353	6.9166923	6.4714165	6.359077	6.603069	6.429642	6.07564	5.7962475	6.8323917	6.8597245	6.9624047	7.071063	6.540376	6.652313	6.2405705
FBXO7_8621	4.7657475	5.1034265	5.1673284	5.140844	5.018098	5.4034085	4.9037795	5.022709	5.3028984	4.8862605	5.2394724	4.96426	5.4642334	5.0175414	5.137091	5.386539	4.964206	5.2834644	4.4639463	4.1184506	5.4536953	5.3880205	4.8833723	5.3272457	4.518643	4.4627132	5.0950236	5.775683	4.8180656	5.455182	5.161042	4.5822196	5.702723	5.078117	4.48659	5.326156	4.6689043	5.068315	5.0457006	5.041911	4.8469768	4.9537754	4.767035	4.7025595	4.80687	5.1755333	5.25438	4.8089223	4.793504	5.020094	4.4741917
FCER1A_32292	3.5212522	2.75593	2.5348177	1.750284	2.3422368	3.7218108	3.6063921	2.98483	2.6509938	1.3715297	3.8762534	2.756088	2.695759	2.2714932	2.6461606	2.326616	2.5653183	3.9221573	3.3638895	2.0523822	2.8513174	1.1626221	2.7448034	2.0614784	3.2298694	1.7028205	3.312188	4.8017797	2.6607075	2.9251404	2.3481333	3.947525	3.06788	2.506633	1.9328802	3.188829	3.3054578	3.4190342	3.601796	2.4060068	2.9589396	3.087079	2.5015178	2.4578679	2.321526	3.696286	3.9009998	2.8468895	2.3669193	2.6418855	1.8370861
FCER1G_8623	11.657957	11.16602	11.26735	11.290444	11.490243	11.494974	11.637171	11.516148	11.912937	11.365526	11.700492	11.199335	12.123328	11.923174	11.629734	11.777208	11.688929	11.074578	11.598915	11.725743	11.957663	11.408306	11.732189	11.526906	11.703765	11.338827	11.789643	12.153469	11.618744	11.358047	11.835594	11.146106	11.50111	12.292247	11.530044	11.47484	11.673001	11.466351	11.813856	11.320625	11.73115	12.185848	11.491996	11.483991	11.67369	11.788799	12.086391	12.426989	11.535423	11.781266	11.242413
FCGR1A_32326	8.004227	7.4542813	7.549372	7.719916	7.5961494	7.429562	7.664554	7.750914	8.205681	7.396397	7.836114	7.5605397	8.269154	8.095764	7.7938933	7.942472	7.7644053	7.3130717	7.9154844	8.135264	7.8817196	7.1200647	7.6630473	7.84591	7.765787	6.9133024	7.9161496	7.8973494	7.8596807	7.502047	7.7536287	7.208559	7.3255444	8.12912	7.3565845	7.4405117	7.7631316	7.1526737	7.824016	7.504638	7.8111644	7.956669	7.6753573	7.6393757	7.6505513	7.7011538	8.006336	8.315637	7.694442	7.8628817	7.4617023
FCGR2A_8624	6.044087	6.0068293	5.2475586	6.057621	5.942085	6.289626	6.5401993	5.6042423	6.988566	5.8616605	6.609534	5.9409657	6.832931	6.127387	6.031988	6.4038196	6.4267	5.699731	5.9185963	5.78513	6.558403	5.961453	6.4092107	5.90018	6.142284	6.003384	5.8996754	6.7827325	6.1695056	5.820483	5.778035	5.186476	5.482105	6.663179	5.7988915	6.360839	6.229858	6.7031546	6.277859	6.1378136	6.172787	6.395007	6.4376125	6.200588	6.010732	6.515185	6.17865	6.58751	6.311344	6.25035	5.5641274
FCGR3A_8626	4.6500573	3.9436586	3.5801554	3.6804638	3.9027789	2.340468	3.6063921	4.8020277	4.9270763	3.3957052	4.6408772	3.4688873	5.0820923	4.2179937	4.373298	4.5291653	4.3199596	3.4098673	3.9884303	4.525776	4.8041854	4.463156	4.3716435	5.0095425	4.47748	3.526701	4.188035	5.089106	3.9256022	3.8817208	4.675246	4.54217	4.2826996	5.078117	4.162613	3.9091218	4.441957	4.021211	4.8153596	4.185883	4.2700734	4.9537754	4.208325	4.772004	4.4913726	4.2436643	4.762104	5.166487	4.4845233	4.765924	3.4554782
FCN1_32819	10.778195	10.3274555	10.553837	10.395371	10.367556	10.706996	10.311599	10.71831	10.968129	10.598377	10.98467	10.233529	12.414888	11.012052	10.648034	11.271666	10.917455	9.79158	10.869254	10.535559	10.712611	10.482193	10.769931	10.81225	10.968852	9.778632	10.800153	11.513996	10.623807	10.232451	10.99291	10.421066	10.451761	12.11452	10.635216	10.329469	11.07907	10.378048	11.35562	10.207363	10.738457	11.845625	10.571429	11.205583	10.7422285	10.782793	11.666188	11.7709465	10.668462	10.995129	9.758439
FCNB_8627	4.679861	3.5057364	4.006308	3.1183274	4.5656357	4.913135	3.6063921	4.988194	4.7763667	4.806665	3.8762534	4.2468877	5.3232794	4.3320727	4.4183564	4.442993	4.716825	4.4932985	4.688572	4.5646772	5.6648445	4.652685	3.8559678	4.469946	4.435108	3.7036133	4.237673	5.713668	4.316707	4.3389096	4.000245	4.1206846	4.8427405	5.2401004	3.2410011	4.57773	4.710304	4.2484846	4.5836377	4.1363487	4.880548	4.6355476	4.114353	3.9787574	4.5541077	4.7638493	5.3804197	5.3766255	5.098751	4.1132665	3.951628
FDFT1_8628	6.2268033	5.2632866	6.280225	6.156566	5.955667	6.4322586	6.7486596	6.6786265	6.746506	5.759675	6.2367067	5.8539143	6.188068	6.807594	5.972805	6.1823654	6.2647414	5.805786	5.8582325	6.270141	6.3903904	6.4848266	6.400383	6.102552	6.0328856	6.3740835	6.204333	6.689154	5.776783	5.703625	5.778035	6.126462	5.848533	6.207889	5.7392516	6.386521	5.894883	5.726402	5.7712326	6.150345	6.1862736	5.9463453	5.6257567	5.4599037	6.3745427	6.4049435	6.451824	6.9902973	5.9307265	5.99769	5.6590075
FDPS_8629	4.5885363	4.047728	4.602301	4.58805	4.159071	4.913135	4.771087	4.8412323	4.7763667	5.198399	5.2394724	4.710439	4.7562222	5.5527062	4.9955955	4.724454	5.0885916	4.380134	3.9884303	4.710571	5.3597484	5.1061497	5.2005854	4.286571	4.8114586	4.511081	4.8616695	5.9290986	4.516344	4.989997	5.161042	4.6211877	4.413449	4.252681	4.1164784	4.664262	4.970953	4.5337424	4.202226	4.325033	4.9454346	5.365103	4.671279	4.8382587	5.3393598	5.205075	4.9364076	5.7976356	4.967943	4.2954535	4.2729
FERMT3_32542	4.556763	3.7098691	5.139562	5.066451	4.938252	4.9765935	4.418614	5.4093204	5.3302097	4.765157	5.0288405	4.9971323	5.3718104	5.267409	4.5857115	4.9284973	5.1180816	4.9013753	4.617513	5.2294216	5.684355	5.0261497	4.9331865	4.435088	4.435108	4.771496	4.72912	5.409069	4.848004	4.8865695	4.922364	4.54217	4.644004	5.214335	4.657425	5.5242486	4.5370607	5.0382223	4.541123	4.8088436	4.880548	5.4349613	4.379686	4.2461166	5.086975	5.5880504	5.186975	5.1205196	4.6300673	4.2954535	4.2729
FETUB_33027	3.763191	5.2415056	0.0	7.3793554	4.965361	6.158948	1.5718547	2.2757223	6.025171	5.9005184	3.1206355	3.802208	5.8019204	1.3398731	1.5716753	1.8787316	4.828076	5.9970326	2.4162252	2.0523822	7.6283264	3.8079436	7.6556478	5.5714955	3.5003047	2.250642	4.7634163	4.390731	2.185535	2.2771995	1.2411588	4.801648	2.2304184	2.942963	5.708481	3.7599108	2.7916732	3.2189481	2.1639853	6.4327383	3.794259	2.834815	3.1953344	2.760871	3.3214757	6.0123777	3.2797384	4.556145	3.309005	3.0994654	3.176361
FGA_8632	6.2666297	7.3152328	1.6111797	8.129187	7.287944	7.141914	4.504718	4.761728	7.1428595	7.679389	1.8342675	6.23081	7.363552	2.4838471	2.3059688	1.5888703	6.3665404	8.532479	2.574683	2.4348454	8.418788	5.641727	9.1182785	6.9072533	3.6559942	0.80882925	6.8797464	2.2755182	0.6703802	1.6773919	2.3481333	5.9231844	1.7915226	2.1193378	7.5939436	5.816467	0.7995354	4.1393185	2.715985	7.594502	1.8915004	0.7498454	4.064967	0.71545935	4.780875	8.339809	3.4427273	3.9144068	3.6871839	4.012749	4.8081384
FGB_32596	1.0343287	2.9829214	0.0	3.016629	2.3422368	2.521582	1.2111645	2.4882271	3.3295743	3.689954	0.0	1.6591743	3.093146	0.0	0.0	0.0	2.727169	4.0261216	0.6957044	0.0	3.5060158	0.0	4.5736127	3.1595235	1.8395665	0.80882925	2.271517	2.4880157	0.0	0.0	0.0	1.8573289	1.5091133	0.0	2.461808	0.79748124	0.0	0.0	0.0	3.2630503	0.0	0.7498454	0.0	0.0	1.3216265	3.6105773	1.4554178	1.4272856	1.1296852	1.1142143	1.961433
FGF1_8633	1.3630255	1.9551042	3.2047765	1.9837908	2.498873	3.0792744	3.255363	3.555659	3.2170308	3.1598291	3.3796642	3.2680495	2.3531	3.3487625	2.4860687	2.8123772	1.9300845	2.1369452	2.4162252	2.4348454	3.5911667	3.075847	3.0458522	2.2336307	2.2834883	3.6178672	3.1138024	4.2809734	2.3618937	2.2771995	2.835414	2.4830763	1.7915226	2.325943	1.0890009	3.9091218	1.986288	2.8546557	2.5543716	2.0255485	2.8274064	2.9664538	2.168997	1.8351252	3.2474778	4.7235904	2.1650176	2.7293007	3.309005	1.7353235	1.8370861
FGF21_8635	2.7580647	2.75593	2.696003	1.9837908	1.9663466	1.6004289	3.1524212	2.2757223	2.9615965	2.5266557	1.8342675	2.200775	2.1454625	2.4838471	1.2110108	2.326616	0.0	1.4325044	2.4162252	2.2562509	1.911856	2.846633	1.620029	1.8659643	3.2298694	2.957191	3.312188	2.2755182	2.7897131	3.0259323	2.1406834	3.2518594	2.0275967	2.6671908	2.306097	2.440523	3.3054578	4.021211	3.1142545	1.7895929	2.9589396	1.6063654	3.2843316	1.5489385	1.999623	1.3192296	1.7325498	1.9319366	2.6659598	2.3438904	1.961433
FGFR2_8637	1.3630255	1.9551042	2.145686	1.750284	1.9663466	3.2937799	2.3061843	2.4882271	3.43397	1.3715297	2.1444392	0.0	2.1454625	3.1137757	0.0	2.1199853	1.9300845	1.7073178	0.0	1.5304413	2.1549919	2.7167444	2.628664	1.8659643	2.2834883	3.429383	2.7532747	4.4927254	2.185535	1.9061652	1.2411588	2.097342	1.7915226	2.811656	0.6449023	1.6844561	1.687787	2.9865744	1.6270963	1.7895929	3.2939854	1.6063654	2.168997	1.1915702	2.321526	2.4557507	2.8853111	2.7293007	2.3669193	1.9678794	1.7010021
FGFR4_8638	3.3831434	2.3301039	3.80891	3.386396	2.3422368	3.9912984	3.4415276	4.2812176	4.1978536	3.2825825	2.9712968	2.9020875	3.093146	3.2360482	2.6461606	2.8123772	3.9778814	3.6886325	1.7985483	3.1992087	3.888952	3.075847	3.1336944	4.1209917	2.896768	3.21252	3.5664334	3.732648	3.3033986	3.710581	3.8717287	3.3479161	1.157626	3.277517	2.306097	3.8364446	2.4444666	3.9583218	2.715985	2.955541	3.9287112	1.6063654	3.3681562	2.6173096	4.5230813	4.4551363	2.6385555	2.6012702	3.124777	1.7353235	3.4554782
FGG_8639	5.87403	6.800818	3.8777544	7.5391774	6.2483172	6.700046	4.9658127	3.6469922	6.0582137	6.3428054	3.6975753	5.3676972	6.6184044	4.4878764	3.9509327	3.7780194	5.2833834	7.079301	4.688572	2.9864812	7.5926332	4.652685	8.378554	6.62745	4.518643	2.250642	6.5569725	4.1621737	1.126302	3.4453578	5.5238175	5.571819	2.2304184	4.5695896	6.822259	4.7850432	4.6689043	5.545688	5.2705407	6.901574	4.880548	5.01588	5.46372	4.385582	4.930251	6.841029	3.9560254	5.0239434	4.0396147	4.967355	3.6892493
FGL1_8640	3.1475024	3.8314943	1.9030463	4.43877	3.1924727	3.3901486	1.8601638	1.7248423	3.43397	3.689954	2.3995826	2.756088	4.3345904	2.0223966	1.5716753	1.5888703	3.0048497	4.2573314	2.238191	2.8670673	5.232999	2.0344265	5.8587227	3.7189126	2.7661297	0.80882925	4.2856593	4.720022	1.4722159	0.0	0.75012773	2.097342	2.4082093	1.2252613	3.54955	2.2296865	1.986288	2.7094493	2.1639853	3.5163915	2.5217707	1.2407571	1.7361305	1.5489385	3.3214757	4.8411465	1.9649282	2.305077	3.0230174	1.7353235	2.6195898
FGL2_32918	5.780842	5.003438	5.486725	5.405119	5.6891665	5.3079515	5.6148987	6.282588	6.227548	5.4016867	5.8865614	5.5559683	6.0001774	5.7503257	5.8792133	5.936499	5.746905	4.873771	5.8112416	5.9990544	5.8489995	5.826263	5.680604	5.346132	5.802304	4.9575233	5.3419557	6.163651	5.11749	5.703625	5.646733	4.801648	5.071199	6.233769	5.3778734	5.7586393	5.276778	5.068315	6.1134844	5.418593	6.0002785	5.9778924	4.94136	5.745358	5.8943233	6.257653	5.940209	5.659805	5.669611	5.2582426	5.3188505
FGR_8641	5.7530723	4.9236193	4.8278294	5.091677	5.3620234	5.8214674	5.190283	6.209563	5.9212418	5.3180447	5.7783127	4.670239	6.24128	5.429967	5.19002	5.715404	5.500474	5.2191105	4.912876	5.453237	5.645067	5.1571207	5.0730724	5.0561676	5.356668	5.661581	5.5129714	6.542276	5.4652867	5.38101	5.3657823	4.9313436	5.268377	6.356631	5.04994	5.378287	5.3571715	5.068315	5.7712326	5.041911	5.6178336	6.023956	5.072091	5.39535	6.043899	6.1402216	5.855917	6.8281593	5.6355367	5.572612	4.8081384
FILIP1L_32649	7.247311	6.276867	7.0350847	6.939682	6.6418967	7.3598742	7.2750406	7.5167227	7.889571	7.078304	7.11586	6.9793935	7.6992617	7.4046474	6.4774323	6.916702	7.0488	6.337354	6.965034	6.7468386	7.320741	7.254871	7.0060673	6.9072533	6.8630877	7.423378	7.5144734	7.649394	6.832574	7.207008	7.0135183	6.4195967	6.662752	7.1581116	6.8647413	7.056513	6.759933	7.280284	6.7672157	6.187299	6.9889655	7.1916366	6.6024456	6.4002094	7.4131284	7.5307994	7.550227	8.098664	7.381468	6.7015796	6.5136847
FIS1_8645	7.3893733	7.245817	7.473554	7.473523	7.591807	7.575044	7.7105737	8.261414	7.6559095	7.9253216	7.7698145	7.493004	7.590685	7.660814	7.3753195	7.4896407	7.6224294	7.562541	7.579242	7.330141	7.587461	7.720753	7.3187385	7.3429813	7.71799	7.6986494	7.5880795	8.026246	7.580903	7.6671915	7.9090624	7.5689597	7.4270625	7.7709703	7.3163357	7.9032474	7.3826766	7.9796257	7.6195664	7.3664646	7.7306147	7.752936	7.301834	7.323888	7.6142097	7.7369876	7.746376	7.878135	7.12324	7.347871	7.249412
FKBP10_33287	3.5856457	2.486432	3.0934007	2.788815	2.6401563	3.3901486	2.3061843	4.2230396	4.4174857	3.0256517	3.4935977	3.1560693	3.7363482	4.0279417	3.255121	2.326616	3.341277	2.9628441	1.5155233	3.6243875	2.9831893	3.7426953	3.439704	3.9339144	2.7661297	3.3250225	3.7825153	3.8137126	3.3873456	4.1283503	4.1738105	2.097342	3.3549814	3.463993	3.1523242	2.7875395	2.9382603	4.0814734	3.3294005	3.3525324	3.079476	3.1983922	2.7715712	1.5489385	3.3214757	3.696286	2.6385555	2.9556122	2.6659598	1.7353235	2.4600961
FKBP14_8647	5.5582385	5.607789	6.2415648	5.322292	5.4795084	5.9376407	6.296447	6.3384585	6.455479	5.716773	6.376931	5.392619	5.691541	6.0954347	5.1098804	6.10029	5.7279024	5.5852566	5.569115	5.6649623	6.1165	5.9324865	5.426087	5.346132	5.567498	5.639993	6.060031	6.456523	5.5405517	5.8889875	6.518822	5.775549	5.462102	5.8208447	4.9999924	5.890132	5.528977	6.000579	5.1052804	5.459449	5.6953373	5.75931	5.573741	5.0764866	6.4173555	5.7166843	5.6544027	5.963049	5.451935	5.423973	5.848079
FKBP1A_8648	5.780842	5.501839	5.9533925	5.6624675	5.1888294	5.9216065	6.1703897	6.365603	6.1682463	5.6948338	6.044457	5.4649014	6.0001774	6.488882	5.4507966	5.821671	6.3037624	5.550809	4.971041	5.9703684	6.266422	5.9324865	6.160065	5.288715	5.75141	6.085536	5.6103992	6.163651	5.1418643	5.820483	5.8817883	5.380664	5.5781603	5.8208447	4.9999924	5.9256005	5.574527	6.24412	5.3710546	5.014755	6.2259917	6.0087643	5.4250994	5.2568727	6.4003825	6.6925106	6.095318	6.3690205	5.7672563	6.01078	5.483458
FKBP4_8649	3.9212615	3.1790063	3.660505	3.9797099	2.7688293	3.3901486	4.4623084	3.6469922	4.890849	4.325485	2.8046954	3.6451528	4.0060377	3.6420867	3.7540836	1.5888703	3.341277	4.1692424	3.274329	2.4348454	3.820068	4.6167192	3.5070412	3.3953938	3.3257585	3.7845476	4.2856593	3.8904636	3.4666753	3.2918935	3.654551	2.9180818	3.1700616	3.0633094	3.4783766	3.5024447	4.2864017	4.2484846	2.1639853	3.9766421	4.2700734	3.1983922	3.3681562	3.1216903	4.2849255	4.3532715	4.24826	4.0676174	4.0396147	2.9979472	3.0135357
FKBP5_8650	7.3388934	6.17713	7.064915	7.2226167	6.5373836	7.4906135	7.2750406	7.816319	8.086613	7.340971	7.483031	6.971144	7.2317133	7.417627	6.825688	6.9483247	7.424205	7.2713675	6.247561	6.498258	7.6729574	7.5737367	7.1812015	7.2854366	7.077983	7.0505357	6.970623	7.4672027	6.869532	7.1070194	7.245164	6.681664	6.465875	7.3829203	6.409075	7.464825	6.719953	7.1171274	7.0660214	7.195618	7.3117	7.3016872	7.236423	6.687606	7.8481226	7.615742	6.942106	7.6259556	6.540376	6.3566995	6.64929
FLNA_8651	8.059121	7.0277376	8.05209	7.5843086	7.547646	8.101648	8.06606	8.017974	8.405073	7.7869983	7.8522234	7.7604585	7.621116	8.435904	7.6782455	7.8366113	8.054825	7.4502177	7.6610255	8.141711	8.4981	7.826877	8.1208725	7.791831	7.564293	7.911816	7.9976444	8.242978	7.7005944	8.180415	7.69786	7.8282313	7.569424	7.8230443	7.2696714	7.8626504	7.7232413	7.8074446	7.588588	7.4849844	8.208162	7.6684523	7.379636	7.2282934	8.2307205	8.312926	7.62429	8.353388	7.4711413	7.1899624	7.374915
FMO1_32787	2.222978	3.1790063	2.5348177	2.6598237	2.6401563	3.8628378	3.1524212	2.2757223	2.4663844	1.7575232	0.8916533	2.200775	1.6109856	2.2714932	2.1001348	2.5073261	2.382989	2.7363515	1.1630801	1.8148876	2.7061675	2.5739944	2.8522859	2.3874133	2.0785348	2.462245	3.9704094	3.4579172	1.9845754	1.0698712	2.835414	3.148948	1.7915226	1.2252613	1.9328802	2.9340591	1.3109689	1.6218852	2.372343	2.8365164	1.6005821	3.087079	2.8897388	3.4100819	5.5693636	3.2054403	3.1907747	2.8468895	3.547572	1.1142143	3.3683043
FMO3_8654	3.0595496	3.0842927	2.353332	3.386396	0.66134334	3.5654895	2.3061843	3.8139515	3.7082813	2.8777032	3.1206355	2.410535	3.579891	3.1137757	2.1001348	2.326616	3.6944115	2.1369452	1.5155233	3.1992087	3.4155223	3.6026177	2.628664	2.7696137	2.7661297	3.3250225	3.312188	3.1182652	2.9081242	2.4321535	3.9374175	2.4830763	2.4082093	3.7050712	2.306097	3.0670605	2.4444666	2.9865744	2.5543716	2.955541	2.9589396	3.7299907	2.7715712	2.6173096	5.0656013	2.8034983	2.6385555	2.6012702	3.3929877	1.4579389	2.6195898
FMO5_33281	3.1475024	3.1790063	2.696003	3.4657202	2.8869598	3.5654895	3.3514462	2.8375075	2.814638	0.8429578	2.8046954	2.756088	3.3079073	1.7211257	2.921244	3.3745255	2.5653183	3.4098673	2.574683	2.8670673	4.135664	3.447462	3.5713751	2.7696137	3.016553	3.6178672	3.2164025	3.8137126	1.9845754	3.2918935	3.4891737	3.148948	3.666024	1.8781195	2.461808	2.7875395	3.5068517	3.322457	2.5543716	3.4367871	3.190714	3.6539102	3.4473767	3.574598	4.043922	3.8537915	4.29169	4.0183334	2.6659598	3.5927947	2.181963
FN1_8655	6.089207	4.8098226	4.7926054	4.8763194	4.5656357	5.7323575	4.3270435	5.854682	5.2177176	5.6948338	5.8865614	3.8747573	6.015532	4.836087	4.903518	5.7871113	5.3091817	4.7272253	5.4917545	4.935002	5.684355	4.1474395	5.26035	5.1665354	5.4232135	4.069322	5.9150124	5.835142	5.1658335	5.241258	5.188281	5.021495	5.0445433	6.0566034	4.9482536	5.378287	5.4578357	4.9760866	5.21753	4.9300785	4.9454346	5.544363	5.860948	4.962284	4.999513	5.290235	5.7034664	5.096975	5.098751	5.518651	4.722857
FOLR2_32628	5.605592	3.8886662	5.139562	5.140844	4.4164624	5.5357046	4.3270435	6.2392178	6.1833014	4.6783786	5.5602946	3.8747573	7.012014	6.079189	5.2157736	6.042858	5.544581	3.8101146	5.712404	4.1184506	5.4536953	5.277185	4.9574633	5.4370227	5.4232135	3.21252	5.5129714	6.565869	4.399905	5.0865026	5.317256	4.992066	4.679086	7.347801	5.661058	5.0650043	5.8585186	3.7513156	6.05425	4.325033	5.067058	6.631573	5.7402964	5.438705	5.5230703	5.757134	7.034482	6.9774604	5.751434	5.9711494	4.964921
FOS_8657	4.524275	3.267883	1.6111797	3.5409095	2.7688293	3.9912984	3.3514462	3.9635777	3.6225116	3.1598291	2.8046954	2.5936327	3.579891	4.0279417	1.8599678	2.9436944	4.2682877	3.158557	2.574683	3.0967624	3.5911667	3.987655	2.7448034	3.5980654	3.5003047	3.526701	3.6421144	3.3533397	3.2142637	3.5840557	2.1406834	0.7275637	3.4392512	3.277517	1.7024508	3.405289	3.1931324	4.5762477	2.5543716	1.5073531	2.9589396	3.4885392	3.2843316	1.8351252	5.086975	3.6105773	3.5177994	4.115274	3.547572	3.5927947	4.1211886
FOXJ3_8661	4.898422	4.235737	4.7926054	4.51534	4.529763	5.38013	4.9351296	5.7348895	5.828522	4.9616933	4.9107437	4.7876277	5.1392817	5.0512457	4.373298	5.29111	5.4779043	4.9013753	4.292064	4.6025567	4.873814	5.5301437	5.116841	5.3647738	4.8114586	4.8488083	5.0401273	6.034322	4.7874928	5.0629745	4.954449	4.767317	4.644004	5.314746	4.2927747	5.326156	5.1916394	5.2100253	4.6650844	4.641398	5.151987	5.2916884	4.458293	4.5527587	5.5073028	5.51916	5.186975	5.7531395	4.522309	4.765924	3.8263953
FOXO3_8662	4.1933494	3.7719631	4.006308	4.477563	2.9961455	4.945213	4.011255	5.121559	4.890849	4.26721	4.8262753	4.5863132	4.9283385	4.2179937	4.2290087	4.4867225	4.6375866	4.7577496	3.603377	3.6243875	4.4862447	5.0533123	4.40733	4.2469234	3.7279603	3.7036133	3.6421144	4.8791513	4.316707	4.522616	4.3768673	4.007584	4.3276124	4.927684	4.019533	4.931804	3.5068517	5.068315	4.4055	4.410862	4.7413044	4.6355476	4.767035	3.9787574	3.9064214	4.4051027	4.29169	4.4853687	4.14025	4.207234	4.066853
FOXO4_8663	6.089207	5.99386	6.4137235	5.93754	6.3443766	6.0888844	6.102975	6.5661235	6.736334	6.0973268	6.584037	6.14541	6.66783	6.3055296	5.4067554	6.141911	6.4730844	6.00977	6.2357464	5.896054	6.896214	6.198895	6.813363	5.723675	6.6756287	5.784735	5.8996754	6.0173087	6.204641	6.100213	6.5295115	5.843036	6.261162	6.2591925	5.317981	6.6424212	5.964973	6.5936136	5.752721	6.736854	6.541439	6.5913467	5.4250994	6.0549483	6.5540915	6.6925106	6.3111796	5.976014	6.2563496	5.830585	5.9566565
FSTL1_32837	4.234097	2.3301039	4.1243386	3.1183274	4.2500668	3.0792744	3.3514462	4.0991335	4.5627217	3.0256517	4.1085844	2.410535	5.9531083	4.2179937	3.4412823	3.7058477	4.931359	4.1692424	3.9309764	6.1727796	4.3944616	4.1474395	5.220783	5.618858	5.1625657	2.810302	4.8616695	6.9534388	3.5418694	4.0822825	3.3987858	3.3479161	5.99494	5.1341567	3.6173768	3.5934687	3.5979016	4.2484846	5.595401	2.7067823	4.503455	3.573593	3.8485553	3.4100819	5.247438	4.3532715	5.6709433	6.784609	5.6863513	4.8264017	4.6322165
FSTL1_34093	6.4593873	6.399953	6.892645	6.6481547	5.9691224	7.429562	7.206035	7.350049	7.714085	6.68084	6.8316207	6.859378	6.5141635	6.875019	6.143534	6.555259	6.945663	6.481488	6.305224	6.3502555	7.4965773	7.0810027	6.8783813	6.7810807	6.280325	6.9488535	7.006861	7.5345154	6.2724433	6.980871	7.028668	6.013831	5.8638606	6.554427	5.9772725	7.06449	5.981976	6.768767	6.341181	6.4327383	6.7913384	6.3595195	6.567409	6.225558	7.334891	7.5710626	6.480258	6.897944	6.025869	5.6074963	6.043632
FUCA1_33043	6.276417	5.2415056	6.3785224	6.1079416	5.942085	6.8850613	6.1571565	6.812878	7.165781	6.328628	6.2367067	5.7224817	7.2513013	6.6405087	6.0174184	6.635155	6.484451	6.0718226	6.15022	6.6047506	6.5897794	6.524189	6.1704874	6.1136165	6.338955	5.784735	6.527341	7.4161963	6.1930237	6.57796	6.4188776	5.611065	6.214097	7.353714	5.7392516	6.2945604	6.3394647	6.2702465	6.701171	5.12044	5.9694095	6.817425	6.2292438	6.1096244	6.4173555	6.4426346	7.399575	7.8253837	6.1274347	6.465286	6.0294952
FV1_8669	3.6472874	2.8738854	3.660505	3.016629	2.6401563	3.7940469	4.011255	4.7202697	3.5313187	4.143083	2.9712968	3.03466	4.4744954	3.8089995	3.606144	4.201936	3.9120631	3.247281	3.6751187	3.6243875	3.4155223	4.1969967	3.1336944	4.0304832	3.5802486	2.810302	3.5664334	4.390731	2.6607075	3.9345353	3.9374175	3.0381281	3.7343307	4.201141	2.461808	3.6790886	3.1931324	3.1074347	3.601796	2.228283	3.4806895	3.6539102	3.100484	3.3202078	3.523103	3.5194535	4.1095295	3.6162026	3.2198298	3.194307	2.6931777
FXYD1_33322	2.6417313	2.486432	2.353332	1.4715443	1.7338829	2.521582	2.3061843	3.7328856	2.814638	2.312845	2.3995826	1.6591743	1.6109856	3.6420867	1.5716753	2.5073261	1.9300845	2.1369452	1.5155233	1.5304413	2.1549919	1.1626221	1.8448938	2.0614784	0.0	2.957191	1.8287144	2.0262237	2.185535	1.9061652	2.3481333	1.5692585	1.7915226	1.8781195	1.0890009	2.6244397	1.986288	2.9865744	2.1639853	2.0255485	1.8915004	1.8978021	1.968738	0.71545935	1.3216265	1.6973256	1.7325498	2.130537	1.1296852	1.1142143	1.961433
FXYD5_32701	5.0657864	4.5861354	5.1673284	4.6906743	4.938252	5.597565	5.472587	4.8412323	5.600775	5.2292533	5.3342767	5.0914803	4.560755	5.8494425	4.934868	4.724454	4.75487	4.664168	4.617513	5.1291738	5.179007	4.8820906	5.426087	4.5697336	4.997667	5.879896	5.27221	5.3007517	4.8180656	4.8865695	4.636216	5.212228	3.9217556	4.609673	4.2506785	4.6216445	4.970953	5.0382223	4.885008	4.676478	5.2579675	4.6355476	4.532837	4.385582	5.3570614	5.1755333	5.2761664	5.577131	5.350557	5.462593	4.5749664
FYB_32909	8.971602	8.435848	8.78165	8.71243	8.783506	9.274977	9.214745	9.464474	9.617661	8.768054	8.962275	8.562216	9.769568	9.44337	8.946809	9.2450485	9.384912	8.580229	8.716031	8.892009	9.228494	9.024057	8.997625	8.89019	9.18149	8.679386	9.070392	9.835721	8.926638	8.901087	9.27501	8.710015	8.8245	9.736896	8.606986	8.982525	9.098715	9.195344	9.154511	8.290299	9.19742	9.693131	8.675942	8.708407	9.349332	9.454425	9.874043	9.92458	9.093661	9.183978	8.547153
FYN_8670	7.281732	6.8229866	7.0796022	7.321889	7.0927806	7.6548057	7.650457	7.9022474	7.8286347	6.9359283	7.4691696	7.0977845	8.265947	7.929019	7.1993265	7.531999	7.663011	6.9197354	7.1208863	7.335775	7.692359	7.3994756	7.5398393	6.987633	7.7002087	6.751599	7.291718	8.190823	7.49836	7.402455	7.7352777	7.2588487	7.3420563	8.094228	6.9195056	7.47683	7.4575253	7.2477813	7.8805256	6.6335316	7.4799314	8.459557	7.026722	7.5182967	7.751044	8.101424	8.323877	8.607795	7.4565773	7.5179577	6.721415
FZD1_8671	4.3864694	2.6274648	4.06653	4.357907	3.4444587	4.6660757	5.137354	4.492971	4.3118453	3.689954	3.8762534	4.0097504	3.2045193	4.2179937	3.7540836	4.351345	4.1590357	3.4847689	3.274329	4.1184506	4.2964406	4.463156	3.8559678	4.2469234	3.6559942	4.603209	4.72912	4.5879827	4.399905	4.216295	4.554839	4.54217	3.3549814	4.201141	3.4783766	3.7599108	4.172522	4.2484846	3.8308377	3.4367871	4.109465	4.059796	3.8485553	3.8562014	4.458952	4.4051027	3.657152	3.239858	2.190403	3.9597363	3.0698776
G0S2_32729	5.710389	5.828386	6.215204	5.836704	5.9283733	6.700046	6.017685	6.8324666	6.7666383	5.8217273	6.316285	5.2634673	6.214919	6.3055296	5.671574	6.1555223	6.3292027	5.66794	5.88873	5.6649623	6.0276427	6.4848266	5.8457756	6.402341	5.851463	5.9162703	6.6050453	6.1481047	5.3018436	5.672869	6.286501	5.9991136	5.097371	6.04203	5.3778734	6.1669993	6.244023	5.726402	5.7712326	5.700061	6.3747582	5.6655555	5.145197	5.5417137	6.065594	6.52693	5.5862756	5.6436443	5.5095096	4.8557158	5.5142403
G3BP1_8673	9.708021	8.899369	9.403225	9.487756	9.264728	9.85653	9.887706	9.940092	9.969934	9.612534	9.9129925	9.4562845	9.64182	10.045521	9.578101	9.364134	9.987246	9.346973	9.206845	9.307721	10.08132	9.81021	9.660474	9.193699	9.546176	9.696049	9.601529	9.840566	9.493547	9.573038	9.543733	9.649423	9.098388	9.566616	8.95873	9.62029	9.7319975	9.3457365	9.303438	9.071174	9.654514	9.517772	8.933237	8.956023	9.936872	10.1844015	9.285828	10.277312	9.296723	9.034976	9.105783
G6PD_8674	7.056022	6.339722	6.390352	6.831533	6.70759	7.3053064	6.774888	7.0737724	7.7036805	6.477408	6.719002	6.7575355	7.10107	7.231709	6.69446	6.9325995	7.221765	6.3870163	6.749321	6.7802763	7.3995805	6.8371296	6.958748	6.66554	7.0641475	7.2201605	6.9259	7.4734535	7.0859795	7.124173	6.951279	6.4949646	6.590883	7.1581116	6.3898096	6.8688354	7.0851097	6.848965	6.907704	6.606502	7.026938	6.7550635	6.494675	6.76629	7.0655904	7.1976542	7.296747	7.596874	6.745988	6.733514	6.451425
GAA_8675	6.1002703	4.8960004	5.7480693	5.6624675	6.072475	5.8214674	5.4937973	6.179285	6.705379	5.555693	5.8442316	5.4882126	6.892359	6.0954347	5.89524	6.5654917	5.8024545	5.5852566	5.873562	5.5533414	6.057874	5.9177823	5.8457756	6.0226293	6.2316427	6.22256	5.591433	6.3518405	6.305186	5.6414433	5.865006	5.334512	5.938147	6.6914687	5.3382225	6.0432925	6.079989	5.745152	5.960572	5.265733	5.9694095	6.631573	6.1952205	5.8772664	5.7676907	6.702902	7.0660906	6.708969	5.7829065	6.135532	4.757577
GADD45A_8678	5.423794	5.5557866	5.9047356	6.5695343	5.721328	5.953499	5.110143	5.9474306	5.974142	5.480744	5.865552	6.130672	5.2983875	5.977675	5.3613276	5.659184	5.873343	5.8770337	5.3008504	5.1029844	6.4599605	6.0314226	6.191108	6.270142	5.606204	5.573221	5.4084845	5.382743	5.576761	6.123146	5.4581957	4.323325	5.966823	5.3857183	5.4540486	6.0593486	5.1011596	5.155	5.321673	6.099553	6.0002785	5.6460505	4.7975917	5.600164	5.5386667	5.6538005	4.8518867	5.560012	5.6526747	5.1201177	4.8729095
GADD45B_8679	2.9658844	3.0842927	1.9030463	2.361048	2.6401563	3.1905103	1.5718547	3.6469922	1.7063249	3.689954	3.2559555	2.756088	3.4948025	2.0223966	2.4860687	2.5073261	2.87268	3.247281	3.274329	2.4348454	3.3189702	2.7167444	2.3639069	2.977701	2.0785348	1.7028205	3.6421144	3.240585	3.3873456	3.648705	2.835414	3.4379745	2.7090814	2.6671908	2.7303865	2.6244397	2.7916732	2.9865744	2.372343	2.955541	3.6459768	3.87108	1.7361305	3.1216903	2.169534	3.4221838	3.0959623	3.402351	1.4762079	1.4579389	1.8370861
GADD45G_33229	3.8704717	3.8314943	3.80891	3.5409095	3.6589074	3.7218108	3.6822586	3.9635777	4.5159154	3.1598291	3.5991883	3.9438322	3.3079073	3.885732	3.3512022	4.351345	3.9120631	3.247281	3.3638895	3.1992087	4.135664	3.178102	3.9557486	3.659754	4.435108	3.7845476	4.136628	3.6467555	3.3033986	4.1283503	3.7306347	3.947525	3.3549814	3.8459697	3.3245418	4.335545	3.9828393	4.5337424	3.7584567	3.7970295	4.051694	2.6899478	3.4473767	2.760871	4.2474513	3.0834928	4.24826	3.239858	3.3929877	3.4463294	3.6528244
GALE_8680	3.1475024	3.430726	4.1799192	2.5181563	3.0976462	3.6457665	3.8229792	3.8139515	4.1978536	3.3957052	4.308639	3.03466	3.3079073	3.4533052	3.6820092	3.0640497	4.0408278	3.6238267	3.4482138	3.2948601	3.21549	4.0961194	3.803364	2.977701	2.4629142	3.7036133	2.4505796	2.9846053	3.3033986	3.710581	3.4891737	3.3479161	3.2654822	2.506633	3.744154	3.5934687	3.0713174	2.8546557	3.1142545	2.7067823	3.7220223	3.573593	2.3448164	2.6173096	3.3918626	4.185571	3.657152	3.9144068	3.124777	1.7353235	3.2755225
GALNT11_32432	4.972539	4.5861354	5.2213078	5.2344184	5.0437603	6.1313295	5.6148987	5.873715	6.153032	5.3464675	5.47963	4.670239	5.747786	5.455364	5.241075	5.162198	5.4779043	5.0567493	4.88289	5.389661	5.4074864	5.366524	5.3908668	5.3272457	5.3791924	5.479094	5.3866477	5.7346373	5.5221004	5.8755445	5.5238175	5.1335516	5.4418173	5.4967585	5.1217613	5.0964675	4.9011602	5.2367706	5.1624966	4.7441783	5.2321935	5.6848	5.168765	4.666542	6.1184454	5.7964807	5.568729	6.202502	5.350557	4.9402447	4.51535
GAMT_8681	4.6500573	4.321286	4.642423	4.1333776	4.205286	5.007306	4.9658127	4.8020277	5.0306005	4.4354167	4.7365522	4.542445	5.3718104	4.7968874	4.770827	4.64948	5.058486	3.8101146	4.4639463	4.9049997	5.2850423	5.0261497	4.8317766	4.503981	4.6724668	4.3070445	4.9830594	5.089106	4.7243323	4.6225667	4.2273164	4.3698306	4.3276124	4.927684	4.373451	4.705656	5.0696926	4.4447794	4.885008	3.8594182	4.503455	4.6745768	4.671279	3.9787574	5.1492586	5.1145706	4.8225756	6.0996337	4.405847	4.636787	4.7403216
GAPDH_8682	10.105343	9.497177	9.608321	9.821349	9.70655	9.895019	10.097089	10.209077	10.361082	9.99343	10.186194	9.714042	9.930098	10.405346	9.847838	10.041568	10.266927	9.75138	9.543939	9.865392	10.512946	10.097976	9.912541	9.600931	9.809303	9.996018	10.006887	10.13286	9.893206	10.100725	9.631934	9.642337	9.464149	9.798885	9.374676	9.925246	9.876525	9.817079	9.617894	9.38662	10.09436	9.6847925	9.818056	9.471217	10.214424	10.423078	9.737408	10.541025	9.7748575	9.473559	9.3001
GAR1_8683	2.6417313	2.3301039	3.2047765	1.125733	1.9663466	2.6824741	2.9214785	2.6734118	3.2170308	2.5266557	2.3995826	2.200775	3.2045193	3.9585884	1.5716753	2.6678994	3.9778814	4.787641	3.274329	5.1029844	3.5060158	4.0429063	4.7226954	2.977701	2.4629142	3.0904965	2.6098514	1.342945	2.7897131	2.8167744	1.2411588	2.3030627	2.4082093	2.811656	1.7024508	1.9826764	2.9382603	3.5095499	2.1639853	1.7895929	2.3406515	2.834815	1.968738	1.5489385	3.0870192	2.8034983	3.3635335	4.8089223	3.619066	3.660804	3.4125495
GAR1_8684	3.4538498	3.0842927	2.840976	4.357907	3.2814488	3.5654895	3.0415661	4.032947	4.3118453	2.0617402	4.2449875	4.2468877	3.4948025	3.9585884	3.606144	3.2782712	3.6944115	3.6238267	2.966509	3.9523666	4.244814	3.987655	3.9067206	3.7189126	3.016553	4.003223	4.02797	4.390731	3.681432	3.1201398	3.4891737	3.8193421	4.0344143	3.373766	3.8035955	3.0670605	3.409666	3.5947201	3.3294005	2.4060068	3.3903556	3.6539102	3.905777	3.4946837	3.6999757	3.9957814	4.5279393	4.448634	3.3929877	3.194307	3.176361
GAS2L3_32431	2.6417313	2.1547542	2.5348177	3.5409095	2.498873	2.521582	1.8601638	3.240815	2.9615965	2.7128305	3.8762534	1.955242	2.695759	2.0223966	3.1521814	3.0640497	2.87268	2.9628441	2.238191	2.73687	3.1040103	2.9657874	3.2947974	3.466162	2.896768	2.250642	2.6098514	3.732648	1.751022	2.6996026	1.8983116	2.3030627	3.4392512	2.6671908	1.0890009	3.3011148	2.23349	2.7094493	3.3294005	2.8365164	1.8915004	3.3017287	3.1953344	2.4578679	2.4590204	2.2443757	2.4973037	2.6012702	2.9135318	2.1681004	2.542046
GAS5_8688	11.236189	10.880902	11.041243	10.930371	10.873839	10.847818	11.6651945	11.239521	11.524683	11.2400055	11.478048	10.922854	10.800667	11.703306	10.9891615	11.476684	11.132759	10.911069	11.152961	11.368152	11.104384	11.33722	11.051556	10.773534	11.151686	11.311349	11.588824	10.930038	11.373546	11.25215	10.964143	11.608928	10.955077	11.581657	11.46163	10.694546	11.774076	11.800274	11.394201	10.649389	11.455726	10.90105	11.175655	10.3326025	11.17754	10.955685	11.171992	11.323447	11.04944	11.235363	11.350133
GATA3_8690	2.9658844	2.1547542	3.8777544	3.302455	2.7688293	3.2937799	3.6063921	4.0991335	3.7082813	3.0256517	3.5991883	4.3005457	3.2045193	4.2761607	3.0413287	2.5073261	3.9120631	3.4847689	3.0765762	3.8299706	4.653956	3.674356	3.9557486	2.3874133	1.8395665	3.3250225	3.7825153	2.9846053	3.4666753	3.648705	3.7306347	3.4379745	3.06788	3.0633094	2.602338	3.8364446	3.0713174	2.8546557	3.1142545	3.2630503	2.9589396	3.9367666	2.7715712	3.3202078	3.9064214	3.9957814	3.4427273	4.4109397	3.309005	2.7705867	2.6931777
GATM_32792	4.7932763	4.4785223	4.862214	4.786481	4.7639403	4.6660757	4.8717327	5.4351754	5.749802	4.72242	4.6895075	4.8247266	5.6330137	4.0941133	4.805161	5.1072254	5.1180816	4.9550476	4.688572	4.169819	5.4536953	5.3447027	4.003165	5.0095425	5.2384467	4.511081	5.1989202	5.9826694	4.358906	5.109653	4.786373	4.2255597	4.961487	4.609673	4.624838	5.352457	4.7505484	4.3981524	5.0457006	4.6054435	3.8630507	5.74104	4.767035	5.373174	7.5308814	5.737051	4.1095295	4.8933544	4.824082	3.660804	4.224081
GBE1_32816	4.556763	3.8886662	4.642423	3.8673456	3.9578092	4.3677835	4.4623084	4.8020277	4.255975	4.4354167	4.1085844	4.0097504	4.2331653	4.3320727	4.4183564	3.9751108	4.596273	4.0261216	3.9884303	4.358748	4.0778275	4.503106	4.3350515	3.9339144	3.5802486	4.360822	4.136628	4.4927254	4.906079	4.034695	4.468596	3.4379745	3.518869	4.1476912	3.8606849	3.8364446	4.710304	4.2484846	4.202226	3.5163915	4.165012	4.278248	4.379686	3.7222598	4.2089777	4.8782954	4.0601544	4.749758	3.619066	3.5927947	3.9213243
GBP2_8691	10.999671	10.340961	10.330289	10.323325	9.453665	10.680442	10.937163	10.509052	9.842955	10.13458	10.7837515	10.329417	10.783953	11.021647	10.660395	10.810254	10.884585	9.010786	9.388554	10.571219	11.135725	10.785813	10.5289955	10.453664	10.259787	9.270219	10.67568	10.927764	10.938395	10.78074	10.679821	10.515231	10.031563	10.939934	10.10192	10.071944	10.733662	9.21901	10.319693	9.792482	10.384927	11.008058	10.448043	9.927243	10.767682	10.820262	11.223711	11.831273	10.590567	10.701703	10.263913
GBP4_8692	6.5347157	5.674332	5.6332965	5.821706	5.3620234	5.750625	6.6481915	6.2244663	6.8060784	5.759675	6.719002	5.8893676	6.587915	7.179325	5.726352	6.028136	6.4500785	5.7612853	5.4717484	6.585964	6.3903904	6.89833	6.391501	5.9989567	5.716456	5.5032077	6.466186	6.456523	5.576761	5.9922476	5.5450444	5.875632	5.5781603	6.2465367	5.416464	5.677744	6.0641093	5.288818	5.6564236	4.987078	5.9694095	5.75931	5.8753443	5.5614614	6.2186728	6.417617	6.7989507	7.1926737	5.6863513	6.086918	5.934068
GC_32893	2.3764687	3.7719631	1.9030463	5.4834476	4.205286	5.095705	1.8601638	2.2757223	3.789237	3.5983813	2.8046954	3.4688873	4.7562222	1.7211257	2.7902486	1.5888703	4.1590357	4.787641	0.6957044	1.1757872	5.5203466	3.178102	6.8066974	4.399368	2.6224735	1.7028205	3.2164025	5.7346373	0.6703802	0.63191724	2.1406834	3.2518594	3.06788	1.5883089	4.689292	2.440523	0.7995354	1.2540979	2.5543716	4.9300785	2.133485	1.8978021	1.7361305	2.4578679	4.08699	5.4218693	3.1907747	2.9556122	3.309005	2.7705867	2.6195898
GCDH_8693	7.1548347	6.4482927	7.1578126	7.0723205	6.8083453	7.209507	7.552782	7.473709	7.561117	6.972861	7.142305	7.011926	7.2448015	7.553187	7.0852046	6.9869027	7.5539484	6.9792323	6.9434056	7.194098	7.282848	7.3673687	7.3738923	6.9633746	7.300817	7.1907663	6.992475	7.498189	7.0413284	7.2335954	6.7374296	6.950027	6.7395434	7.217682	6.5371757	6.755145	6.987456	6.8916655	6.7764087	6.5881968	7.0042744	7.1713133	6.7346563	6.585216	7.6215515	7.4893804	7.1917663	7.860765	6.705502	7.0061007	6.7518706
GCLC_8699	6.5589757	6.3294344	6.696978	7.384468	6.2372384	6.592752	6.284325	7.1997824	7.005606	6.888392	6.9659996	6.7284656	6.9810634	6.3055296	6.0606937	7.2505794	6.912386	7.0049076	5.947857	5.955808	7.1347127	7.5923758	6.8783813	7.319283	6.755282	6.3740835	6.166387	6.832212	6.4874196	6.7350836	6.3481812	6.280462	7.065413	6.61476	6.2684813	7.040425	6.229858	6.957462	6.277859	6.901574	7.026938	6.5394335	5.608626	6.1362047	8.734208	6.4049435	6.342493	6.9579883	6.8902383	5.723348	6.49837
GCLM_8700	5.2949095	5.284744	4.5185456	5.593502	5.46058	5.5144806	4.3270435	5.4351754	4.890849	5.2594614	4.6895075	5.533735	5.3232794	4.8742495	4.903518	5.620448	5.257115	5.081093	4.197779	4.675457	5.232999	5.6770825	5.2005854	5.4889297	5.5074196	4.6471567	5.1736393	4.6773376	4.848004	5.3028164	5.0466332	4.5009766	5.462102	4.3505454	5.212279	5.677744	4.391946	5.6488647	4.9835544	5.6479897	5.067058	5.160365	4.7975917	5.2568727	5.7274275	5.1755333	4.2034826	5.1205196	5.9993196	5.518651	4.774628
GFPT1_8705	5.351561	4.321286	4.862214	4.96089	4.159071	5.7323575	5.3615913	5.9829226	5.9212418	4.9616933	5.755653	4.8247266	5.747786	5.621631	4.5044594	5.5187993	5.359435	5.2623305	4.617513	4.74485	5.3597484	5.450652	5.408584	5.4013505	5.567498	5.479094	5.2237663	5.892247	5.2354407	5.542837	5.5238175	5.0503354	5.4003725	5.4752235	4.449854	5.4772167	4.710304	6.1487627	5.321673	4.085053	4.913356	4.9537754	5.1212378	4.3405747	5.5073028	5.5424905	5.687297	5.8265553	4.6642694	4.8264017	4.774628
GFPT2_32470	1.0343287	1.7233189	1.9030463	1.125733	1.9663466	3.0792744	1.8601638	0.82250994	3.3295743	1.3715297	0.8916533	0.78194916	2.1454625	2.4838471	1.2110108	1.5888703	2.727169	2.3117008	2.4162252	2.0523822	0.75764817	1.5149852	2.3639069	2.2336307	1.1950403	1.3239917	2.0670378	4.222796	1.126302	2.4321535	0.75012773	1.2089423	1.7915226	3.277517	0.6449023	1.3080859	1.3109689	2.1579974	0.76239324	1.156129	2.9589396	0.7498454	3.100484	1.1915702	2.7000144	3.6105773	2.1650176	2.7293007	1.7554088	1.7353235	2.0759077
GHR_8706	4.8468065	4.44079	4.928618	4.6906743	4.205286	5.0668364	4.9658127	5.460575	6.008361	4.5375614	3.7896788	3.9438322	4.5182695	4.157383	3.9509327	4.442993	4.5537415	4.787641	3.1788383	3.8299706	5.151234	5.3447027	4.509381	4.469946	4.9382286	4.511081	4.4630785	4.0988913	3.9806933	4.556708	5.267041	4.323325	3.8619456	5.019812	4.1164784	4.823157	4.2864017	5.9037647	3.6822517	4.1363487	4.503455	4.117587	4.603718	3.0111494	5.2089643	5.234024	4.5279393	3.8594944	3.0230174	3.194307	3.7247775
GINS1_8707	4.872845	4.839124	4.3348646	5.11647	4.4552264	4.880327	3.8885062	5.835395	5.409172	4.8862605	4.8691278	5.342337	4.99182	4.4377885	4.46205	5.0789332	5.4779043	4.34035	4.542772	4.0098786	5.2850423	5.3447027	4.7507486	5.0561676	5.356668	5.153088	4.7969165	7.0061293	4.516344	4.775151	4.3768673	3.8848567	5.0173855	4.3505454	4.449854	5.1272597	5.0696926	5.2100253	4.9514475	5.0685654	5.308174	5.2916884	4.208325	4.772004	4.9064045	4.8030157	5.0671244	5.3766255	4.854025	4.9402447	4.8081384
GJA1_8709	2.222978	2.486432	2.9727023	1.9837908	1.7338829	3.2937799	2.6463878	2.8375075	2.814638	2.8777032	2.8046954	2.200775	2.8407278	2.8329227	1.2110108	3.0640497	3.1259208	1.7073178	2.4162252	2.4348454	2.8513174	2.0344265	3.0458522	2.2336307	1.1950403	2.957191	2.6098514	3.8137126	2.5190232	2.5720668	3.1990128	2.3030627	2.5664744	2.506633	1.4280888	3.0670605	2.23349	3.9583218	2.9933162	3.167649	2.8274064	3.087079	2.3448164	2.4578679	3.0870192	3.0834928	1.7325498	1.9319366	1.1296852	1.4579389	1.193102
GLIPR1_32487	10.855316	10.257284	10.391163	10.123024	10.18429	10.769918	10.771739	10.743102	11.315122	10.169799	10.393044	10.270973	10.520297	10.77292	10.379849	10.766574	10.659279	10.017293	10.848556	10.28053	10.53997	10.305664	10.082903	10.176727	10.369325	10.417592	10.299065	10.676664	10.005387	10.524434	10.192105	10.627745	10.307179	10.911153	10.093758	10.332775	10.878597	10.491362	10.406627	9.89191	10.617988	10.293664	9.971668	10.047647	10.928386	10.724698	10.532204	10.534467	10.199722	10.125973	10.305937
GLOD4_8714	9.24267	7.697664	7.9989963	7.520722	7.779158	8.842201	9.517538	7.8835897	9.368779	8.806925	8.250923	7.7117786	8.964583	9.43701	8.85351	8.999256	9.019272	8.636749	8.903188	9.104923	9.141181	8.948304	8.91171	7.5444784	9.020658	7.8520455	8.4004135	0.8223982	9.01341	7.853572	7.56908	8.999718	8.544374	9.190709	8.585979	7.422004	1.986288	7.775879	7.6844883	7.59908	9.0015545	8.772256	8.792413	8.322275	7.757723	7.9912844	8.912563	9.401301	8.540261	8.781749	7.8494315
GLRX_8715	5.899586	5.501839	5.8371973	5.909442	5.8432503	6.238766	6.343939	5.965286	5.8663282	5.579835	6.2529774	5.7990456	6.160707	6.4388294	5.89524	5.7695155	6.1693654	5.5681353	6.15022	5.9990544	6.2002	5.605483	5.921772	5.4370227	5.716456	5.5502586	6.335504	6.067757	6.019728	5.609318	6.0246415	5.6864924	5.9525566	6.320858	5.4540486	5.5920415	6.0956964	5.502259	6.1703825	5.265733	5.7867055	5.6262784	5.6594205	5.327772	5.8821487	6.0289917	5.9805775	6.298521	5.582867	5.7391644	5.3980093
GLUL_32832	8.971602	8.839006	8.797283	9.103541	9.121446	9.230113	9.018335	9.246339	9.735978	9.04665	9.1520815	9.162302	10.034591	9.448122	9.14077	9.139418	9.477412	8.819671	8.83826	8.948256	9.606322	9.181607	9.352556	9.248683	9.509636	8.928985	9.09921	9.710334	8.954427	9.032574	9.578891	8.390078	9.088635	9.902353	8.77789	9.382563	8.90728	8.8719	9.729784	8.873726	9.220544	9.930303	8.9435215	9.568354	9.173175	9.93067	10.118245	9.90013	9.271984	9.565138	8.517073
GM2A_32907	6.943812	6.165611	6.8504477	6.868491	6.323576	7.474218	6.7309055	7.6217766	7.606502	6.756926	6.8531265	5.87175	7.6992617	7.364993	6.666719	6.555259	7.2486787	6.367356	6.672525	6.829024	7.1417866	6.7732177	6.952722	6.835557	6.878981	7.0090356	6.807624	7.924979	6.4390645	6.814723	7.0436597	6.1796427	6.7143974	7.753186	6.0527086	6.8869424	6.7988353	6.5193105	7.1603317	6.0334406	6.826214	7.1507	6.804024	6.4956765	7.4131284	7.330918	7.769601	7.7594247	6.163751	6.5028296	6.215814
GMFG_32344	11.281847	10.838003	11.1958475	10.8637495	10.831186	11.031789	11.692969	10.952845	11.388816	11.023304	11.253359	10.756427	10.59566	11.727939	11.22499	11.195062	11.19029	10.765172	11.3846	11.381491	11.133509	11.089958	10.9640255	10.674275	10.913504	10.947782	11.3976965	11.156216	11.309425	11.121936	10.828975	11.582021	10.536101	11.368967	11.072856	10.458419	11.6736555	11.1637535	11.251928	10.456005	11.308182	10.733851	11.071275	10.294023	11.302708	10.934346	11.083637	11.347965	10.711009	11.050449	11.26559
GMNN_8719	7.324814	6.5929203	6.5984354	7.3996973	7.1171594	6.681122	6.9842	7.0063844	7.047348	6.8292	7.2677126	7.2001514	6.556768	7.009691	6.76593	7.110851	7.1593075	6.822014	6.853495	6.677543	7.463083	7.289551	7.134055	7.1031613	7.007439	6.8675942	7.014001	6.7726297	6.862216	7.135496	6.497203	6.9346404	6.55356	6.728346	6.8923836	6.81311	6.6683674	6.624323	6.5698676	7.0493994	7.1763334	6.5604234	6.4376125	6.250103	6.3658257	6.515185	6.413019	6.579037	6.594591	6.780127	6.4461136
GNA11_8720	3.5212522	2.486432	3.3081667	4.0839515	3.0976462	4.3677835	3.6063921	4.8412323	4.4174857	3.8573148	3.8762534	3.6451528	4.560755	4.7968874	2.4860687	3.6298745	3.7706692	3.9221573	3.0765762	3.7646446	4.4862447	3.7426953	3.9067206	3.466162	4.042132	4.8488083	3.8479037	3.4579172	4.0849395	4.3389096	3.9374175	3.148948	3.9217556	4.252681	3.6173768	3.7599108	2.4444666	3.7513156	3.9655392	3.5918324	3.5656989	4.226657	3.7889702	3.0111494	4.3214507	4.4051027	4.009029	4.0676174	3.9314296	3.4463294	3.3226593
GNA15_8722	3.970324	2.9829214	4.3348646	4.032772	3.5195398	4.3677835	3.255363	4.390976	5.1271906	3.3957052	4.369601	3.6451528	5.3718104	4.2761607	3.9509327	4.4867225	3.8430977	3.8672233	3.1788383	4.169819	4.9074078	4.1969967	4.3350515	3.3953938	4.635521	4.603209	4.3321013	5.272352	4.182158	4.1283503	3.8029058	3.947525	4.0344143	4.9590516	3.744154	4.107471	3.6835446	3.5947201	4.255792	3.3525324	4.2700734	4.117587	2.7715712	3.8562014	4.7274365	3.9265325	4.9364076	4.7796435	3.8741343	3.7879004	3.1241014
GNAI2_8724	8.322671	7.3864317	7.959839	7.9476767	7.4881396	8.6681385	8.101034	8.832701	9.115695	8.222295	8.400831	7.870997	8.999751	8.687031	7.6454577	8.277302	8.39913	7.9604406	7.643248	7.834652	8.63474	8.529412	8.158008	7.96371	8.166272	7.951791	8.167342	8.882626	7.8034925	8.283259	8.337882	7.773067	8.079843	8.749839	7.675757	8.398988	7.830391	8.249608	8.433249	7.709052	8.214758	8.6721525	7.564233	8.087073	8.550245	8.951885	8.965483	9.04311	7.7149825	8.007025	7.551005
GNAQ_33018	6.760706	5.6247144	6.7621603	6.778148	6.837983	7.134977	7.07847	7.39685	7.4902453	6.8492017	6.809789	6.6987977	7.2642136	7.317309	6.783258	6.900626	7.137873	6.578727	6.2824345	6.7967095	7.571833	7.0677433	7.144666	6.289786	6.729216	6.7715907	6.7659407	7.265852	6.6828074	6.814723	6.982734	6.653744	6.581642	7.0310407	6.236485	6.9910564	6.4657097	7.2930827	6.482693	6.3805094	7.1212296	6.9664016	6.050487	6.2378826	6.9767814	7.524955	6.872303	7.309954	6.4840446	6.5120645	6.335554
GNAS_8728	8.889487	8.321117	8.862432	8.662798	8.481771	9.585986	9.031086	9.677125	9.365482	9.08932	8.949852	8.903028	9.344862	9.373481	8.5231085	8.864862	9.100928	9.062135	8.197151	8.682492	9.46542	9.38372	9.035177	8.30514	8.710124	8.953258	8.723666	8.846961	8.867575	9.047636	9.164482	8.614271	8.380864	8.565973	8.085042	9.3470335	8.459498	9.185081	8.714843	8.503105	9.097465	9.209352	8.63634	9.00912	9.191791	9.75456	8.931564	9.588111	8.297654	8.493182	8.39282
GNB1_8730	4.872845	4.0970764	4.4296265	4.1333776	4.159071	5.1789985	4.9351296	5.6042423	5.5552063	4.487393	4.9511933	4.352279	5.167048	4.7968874	4.4183564	3.9123585	5.058486	4.5291295	4.3369923	4.358748	5.2592554	4.941451	4.8052697	4.6928782	4.5586634	4.4126673	4.5442247	5.2138186	4.9342623	4.745898	4.8215914	4.1206846	4.6080465	4.6866455	4.1164784	4.7850432	4.172522	4.021211	4.0887313	4.085053	5.151987	4.7857018	3.8485553	4.1450377	5.321438	5.2624035	5.0419116	5.415215	4.234321	4.7028003	3.7933116
GNB2L1_8731	12.8113165	12.108007	12.893428	12.634328	12.493197	12.941564	13.239597	12.976986	12.990907	12.784882	13.300168	12.5025	12.527949	13.386991	12.8802	12.764427	13.319642	12.463772	12.610739	12.898111	13.02754	12.988853	12.855299	12.489054	12.661669	13.019549	12.960295	13.188645	13.029486	12.867814	12.70812	12.919447	12.445268	12.789174	12.3452215	12.357727	13.131318	12.363838	12.545462	12.074384	12.927057	12.769863	12.291776	12.210759	13.484195	13.116264	12.507067	13.542768	12.354362	12.318196	12.83481
GNB5_8733	4.0637107	3.267883	3.80891	3.5409095	3.1924727	3.8628378	3.4415276	4.2230396	3.86589	3.689954	4.0352206	3.03466	2.8407278	3.9585884	2.921244	3.4647577	3.5286222	2.854038	2.966509	2.4348454	4.3944616	3.674356	2.952313	2.877406	3.5003047	4.193074	3.7140222	2.9846053	3.2142637	4.0822825	3.8717287	2.4830763	2.0275967	3.9743235	2.1315236	3.3011148	1.687787	2.8546557	2.9933162	3.2630503	3.9915128	4.1731524	2.9989562	3.6503172	3.806888	3.777187	3.7220852	3.9144068	2.524174	2.8887413	3.3683043
GNGT2_33125	5.65144	5.150936	5.3720922	5.1648126	5.0937552	5.4710727	5.988096	5.5579247	6.2984037	5.53114	5.2394724	5.121607	5.1109705	5.455364	5.38422	5.5806437	4.964206	5.1517515	4.999267	5.514129	5.7413497	5.745296	5.8457756	5.308109	5.4868245	5.9162703	6.003761	6.268022	5.822737	5.733739	5.646733	5.2868347	5.6148605	5.5179768	5.561263	4.7850432	5.8768153	5.8699937	5.7149696	5.2885866	6.238992	5.4575152	5.771418	4.932263	5.4424524	5.5880504	5.5509663	5.4712305	5.350557	5.674832	5.051414
GNL3_8735	9.186682	8.072413	8.988412	8.888286	8.6204	9.018389	9.433592	9.126489	9.325327	8.757509	9.0741	8.459812	8.792545	9.46385	8.877911	8.712052	9.374257	8.483095	8.724509	9.033922	9.25809	9.170796	9.016523	8.6300125	8.749559	8.942275	9.007395	9.233247	9.024923	9.132027	8.68006	9.034416	8.52281	9.133431	8.4852	8.68168	9.209334	8.633581	8.840685	8.226636	9.026136	8.5877695	8.3600235	8.059564	9.219876	9.251716	8.888013	9.642998	8.827387	8.605298	8.782404
GNPDA1_8737	2.515188	1.9551042	3.3081667	2.907214	2.3422368	3.3901486	2.7904801	3.458151	4.255975	3.3957052	3.1206355	2.5936327	4.0060377	3.5507815	2.921244	3.175133	2.5653183	2.467557	2.574683	2.73687	2.9831893	2.846633	2.8522859	2.977701	3.9245403	3.526701	3.4865618	3.8137126	1.751022	3.208571	4.000245	2.6430998	3.518869	3.6291015	2.1315236	1.9826764	2.9382603	3.2189481	3.3294005	2.0255485	3.5656989	3.6539102	2.3448164	2.8914306	3.4589746	3.3178785	3.657152	4.0676174	2.190403	1.7353235	2.3732097
GOLT1B_8738	3.970324	3.7719631	4.1799192	3.8077013	4.061947	4.164796	4.418614	4.633599	5.2177176	4.381498	4.990539	3.4688873	4.6811824	4.947674	4.699605	4.6874537	4.75487	4.0261216	4.3805633	4.4023523	4.693005	4.54198	4.297508	3.830415	4.042132	4.81067	4.0833216	6.067757	3.3873456	4.216295	4.1182437	3.3479161	4.6080465	4.9590516	3.4783766	4.281817	3.9136333	4.3001184	4.255792	3.8594182	4.8126054	4.1731524	4.1621037	4.2461166	5.1080365	4.595598	5.209795	4.7796435	4.234321	4.2954535	3.3683043
GOT1_8739	6.154347	5.3058863	5.8713617	5.7282867	5.857791	6.238766	6.296447	6.481803	6.8157725	6.425064	6.4207993	5.8893676	6.4478006	6.525314	5.8466163	6.2087183	6.6142936	5.699731	5.9037404	6.0951886	6.7278023	5.841925	6.443991	5.8078284	5.75141	6.0368085	6.1274166	6.4438457	6.071401	6.304629	6.3602076	6.192637	6.062924	6.3328815	5.212279	6.3478246	5.839987	6.0314584	5.7895093	5.891367	6.1033974	6.310803	5.8168774	5.9237804	6.8760185	7.106668	6.107521	6.93161	5.9858594	5.7391644	5.6028314
GP1BB_32425	2.8657134	2.1547542	3.0934007	3.302455	3.4444587	2.9587402	2.6463878	3.3535717	3.3295743	3.5005994	2.8046954	3.7258165	3.4948025	2.4838471	2.6461606	2.326616	3.0048497	3.0640168	2.8473456	4.0098786	4.244814	2.9657874	3.1336944	2.6531126	4.2519593	2.250642	1.5430765	2.8372862	3.3033986	4.0822825	3.0876935	2.6430998	3.06788	2.811656	3.0578372	3.0670605	3.0713174	2.9865744	2.9933162	3.167649	4.4597015	2.834815	1.4586725	2.4578679	3.6433938	3.777187	2.3407063	2.130537	3.75223	2.5005684	3.2267935
GPATCH4_8740	5.821519	4.44079	5.6132474	5.4448147	5.5166364	5.786481	6.2473373	5.854682	6.2420006	5.801338	5.6612782	5.180035	5.5510902	6.595528	5.4067554	5.7517033	5.924313	5.4041524	5.182751	5.6102314	5.9967647	5.9324865	6.2013087	5.208422	5.97491	6.020193	5.9150124	5.873462	5.761134	5.915504	4.5961013	5.809687	5.3358836	5.9513545	5.2974505	5.5920415	6.0318146	5.457482	5.2963333	5.0947356	6.0154686	5.045958	5.2593656	5.1303673	5.832396	6.4049435	5.7034664	6.553316	5.171897	5.4434123	5.2473617
GPATCH8_8741	1.3630255	2.6274648	3.2047765	2.907214	3.2814488	3.7940469	3.5263135	3.6469922	4.3118453	3.2825825	3.6975753	1.955242	3.4043794	2.2714932	2.6461606	2.1199853	3.613897	3.4847689	2.4162252	2.0523822	2.8513174	3.2735868	2.7448034	2.3874133	3.4156697	3.526701	3.4020078	3.963337	4.0337577	3.516373	1.6068331	3.0381281	2.2304184	3.463993	2.461808	3.8364446	1.3109689	3.2189481	3.9655392	2.4060068	3.079476	2.834815	3.100484	2.6173096	3.9064214	2.6400769	3.657152	3.9144068	2.6659598	2.9979472	2.3732097
GPD1_32517	2.3764687	3.5770385	3.3081667	4.31571	2.7688293	3.1905103	2.9214785	3.240815	2.6509938	2.312845	3.7896788	3.03466	4.1240664	3.7279556	3.3512022	2.326616	3.341277	3.6238267	3.7434611	2.8670673	3.5060158	3.5271246	4.2589602	3.466162	3.5003047	2.002579	3.6421144	4.4927254	1.4722159	2.9251404	3.8029058	3.947525	3.9217556	3.463993	1.9328802	3.5934687	0.7995354	3.2189481	1.920373	2.0255485	3.794259	2.5288935	3.100484	3.4100819	3.953726	4.3532715	3.4427273	2.8468895	2.190403	4.063883	2.8299677
GPNMB_32856	4.1514177	4.047728	1.6111797	4.8763194	4.732725	3.4804814	2.9214785	5.4351754	5.1271906	4.381498	5.5070224	4.072788	6.160707	3.885732	4.068669	3.2782712	5.359435	4.41885	2.574683	4.313784	4.972335	3.447462	4.5418544	4.806333	4.346438	3.861182	3.8479037	6.1481047	4.7243323	4.216295	3.5742307	3.8848567	4.989707	6.5646596	4.89459	4.705656	5.1621056	4.8431597	5.465019	3.5918324	3.6459768	5.864321	5.344611	4.8055115	3.5845017	5.205075	5.7817044	5.7976356	4.7622647	4.161015	3.2755225
GPR56_8744	2.515188	1.1049913	2.145686	2.361048	2.7688293	3.9284973	2.7904801	2.98483	4.0079637	2.8777032	2.616312	1.955242	3.4043794	2.9801729	2.1001348	1.5888703	2.87268	2.467557	0.6957044	2.2562509	2.8513174	3.447462	2.7448034	2.3874133	3.2298694	2.810302	3.1138024	3.3533397	0.0	3.1201398	3.3023546	1.5692585	2.0275967	2.506633	0.6449023	3.405289	2.9382603	3.2189481	2.8613043	2.228283	2.5217707	2.3475738	1.7361305	1.5489385	3.953726	3.696286	2.994478	1.7015651	1.9892389	2.5005684	1.961433
GPX1_33050	4.923553	5.174117	4.928618	5.6624675	4.9106236	6.0000534	3.9511857	6.4441	5.3028984	5.579835	5.5070224	4.96426	6.3175907	5.208881	5.2659407	5.215153	4.6777496	5.3847256	4.912876	4.2673736	5.3103766	6.1866803	5.3908668	5.555356	5.333786	4.8488083	4.8616695	6.3105397	5.3233156	5.941541	6.2481856	5.237528	5.5018344	5.9822173	4.689292	5.7586393	4.789701	4.807922	5.6363683	4.7441783	5.3326373	5.8301597	5.237243	5.39535	5.247438	5.696026	6.1435237	5.988864	5.4322214	5.572612	4.8081384
GPX3_33214	3.4538498	3.267883	4.4296265	3.016629	2.6401563	4.459483	3.9511857	4.8412323	4.1978536	3.1598291	3.3796642	2.756088	2.1454625	3.6420867	2.6461606	3.6298745	4.2146955	3.8101146	2.574683	3.2948601	3.3189702	4.3362055	3.2164934	3.5980654	2.7661297	4.3070445	3.4020078	3.240585	2.9081242	3.1201398	3.9374175	3.7507105	3.06788	2.811656	2.461808	3.5934687	2.23349	4.734754	3.6822517	3.8594182	3.190714	3.1983922	3.2843316	3.3202078	6.0975366	4.2995086	2.6385555	2.8468895	3.619066	1.1142143	3.0135357
GPX4_32827	7.989427	7.8421535	7.9114027	7.8659644	7.655612	7.823935	7.7639275	7.791513	7.9123397	7.887135	7.7003207	7.504482	7.489853	8.025437	7.781013	7.894576	7.8808064	7.698564	7.858844	7.6882033	8.140206	7.578419	7.8432164	7.795271	7.9538565	7.7749114	7.648968	7.6982484	7.9487224	7.829372	7.7073054	7.655976	7.4777555	7.400164	7.524979	7.552517	7.8991365	7.923113	7.5622544	7.7913666	8.058536	7.444018	7.6794653	7.4928117	7.991021	7.5879803	7.620037	7.596874	7.6524615	7.818907	7.618669
GPX7_33289	4.4221745	3.9966314	5.139562	4.786481	4.061947	4.704067	4.699865	4.4428744	4.7763667	4.63295	4.308639	4.0097504	4.7923274	4.7565928	3.888254	4.4867225	5.027739	3.8672233	4.292064	4.313784	4.9074078	4.8201823	4.4761596	4.36274	3.5802486	4.4126673	4.4630785	5.60399	3.9256022	4.745898	4.5961013	3.6028	3.7995486	4.0344577	4.207318	4.532437	4.2864017	4.8431597	4.3074403	3.9766421	4.880548	4.059796	4.064967	4.0917125	5.1080365	4.9498415	4.5638094	4.837619	3.547572	4.207234	3.8587372
GRB14_32726	2.3764687	0.0	1.2448933	1.750284	2.498873	3.1905103	1.2111645	0.82250994	2.6509938	0.0	2.9712968	0.78194916	1.9028349	2.0223966	1.5716753	1.8787316	1.9300845	1.0927255	0.0	1.5304413	1.251849	0.0	2.0393906	3.5980654	2.2834883	2.002579	3.1138024	5.9471774	1.751022	1.6773919	1.2411588	1.2089423	3.1700616	2.811656	1.4280888	2.7875395	0.7995354	2.1579974	2.8613043	0.0	2.3406515	1.6063654	2.5015178	1.8351252	3.4589746	2.4557507	3.2797384	3.477213	2.79505	3.7257514	1.961433
GRIA2_33071	1.3630255	2.3301039	1.6111797	1.9837908	2.3422368	2.9587402	3.1524212	2.4882271	3.0949595	2.7128305	2.8046954	2.200775	2.3531	3.3487625	2.7902486	2.6678994	3.341277	2.854038	2.238191	2.2562509	2.5447638	2.4155526	3.3690693	3.7757409	3.3257585	2.002579	2.7532747	4.390731	2.5190232	2.4321535	1.8983116	2.3030627	2.5664744	2.325943	1.4280888	1.9826764	2.23349	4.021211	2.8613043	2.0255485	3.4806895	1.2407571	2.3448164	2.6173096	2.99956	3.696286	3.0959623	3.9673057	1.4762079	3.194307	1.3829705
GRIK2_32967	1.8561494	0.6557987	2.353332	1.750284	1.1131065	3.2937799	0.7291152	2.4882271	1.7063249	0.8429578	1.4386133	0.78194916	1.9028349	0.82019544	2.4860687	1.5888703	2.727169	1.4325044	2.574683	1.5304413	3.3189702	1.7979587	2.0393906	2.0614784	2.0785348	1.3239917	2.271517	4.7614803	1.751022	1.4053764	1.6068331	0.7275637	3.1700616	2.6671908	1.4280888	2.7875395	3.1931324	2.3661232	2.372343	0.0	3.3903556	3.3981557	1.7361305	0.71545935	3.1694782	2.9502776	3.4427273	3.8024087	3.6871839	4.161015	2.280753
GRIK4_32724	1.6305549	0.0	0.752753	1.4715443	0.66134334	3.0792744	0.0	1.7248423	2.4663844	1.3715297	1.8342675	0.78194916	2.1454625	2.2714932	3.6820092	2.8123772	2.1742368	1.0927255	0.0	2.73687	2.7061675	1.1626221	1.8448938	2.3874133	0.0	0.80882925	2.0670378	5.8155932	1.9845754	1.0698712	1.2411588	0.0	2.4082093	3.463993	1.9328802	0.0	0.7995354	2.547975	2.9933162	0.6909027	2.6826673	3.3017287	2.168997	3.1216903	3.5845017	3.2054403	3.7220852	4.2061086	2.79505	3.3671148	1.3829705
GRN_8752	6.5428476	5.4833994	5.1673284	5.7121115	5.7682643	6.4547176	5.671839	6.710735	6.9799695	6.3707495	6.6713715	5.417118	7.8778973	6.4388294	5.514436	6.6640115	6.3037624	5.635433	6.316485	5.432355	6.366434	6.4132466	6.391501	6.5067463	6.7808847	5.5032077	6.6515675	7.363321	5.11749	6.2326436	6.919122	5.531475	6.4354215	7.5311627	5.9380217	6.411753	6.7795153	6.0466537	7.2943606	5.041911	5.889218	7.3922753	6.3680553	6.9118485	6.284906	7.0179024	7.837113	7.3453565	6.3951945	6.539421	5.3533087
GRWD1_8753	1.3630255	2.3301039	2.145686	1.9837908	1.4566294	3.6457665	2.1003423	3.555659	2.2546368	2.0617402	2.8046954	2.5936327	3.4948025	2.668917	2.4860687	3.0640497	3.9120631	0.6474369	2.035052	2.4348454	3.5911667	3.178102	3.2947974	2.526371	2.0785348	2.462245	3.9704094	2.9846053	2.7897131	3.0259323	3.3023546	1.5692585	3.7343307	3.373766	0.6449023	2.9340591	2.23349	3.1074347	3.1142545	1.156129	2.5217707	2.9664538	0.0	2.0738304	3.3214757	3.2054403	3.4427273	3.1511896	1.4762079	2.3438904	1.8370861
GSK3B_8754	3.3831434	3.7719631	4.06653	3.4657202	3.1924727	4.586952	3.754334	4.390976	5.2750597	3.8573148	4.1085844	3.5597103	4.560755	4.4878764	3.606144	3.7780194	3.8430977	4.1230955	3.4482138	3.9523666	4.3944616	4.1969967	4.6351066	4.399368	3.7279603	4.2511845	4.02797	4.032706	3.681432	4.258335	4.2273164	3.4379745	3.594322	4.1476912	3.4783766	4.387344	3.0713174	4.877557	3.8308377	3.7318203	4.41458	3.8022594	3.5224726	3.4946837	4.614228	4.8030157	4.5988097	4.291561	3.3929877	3.7879004	3.7933116
GSR_8755	3.2304003	2.75593	3.0934007	2.907214	2.9961455	2.9587402	3.1524212	3.8907034	3.789237	2.5266557	2.3995826	3.2680495	3.579891	2.0223966	2.4860687	2.6678994	2.87268	0.6474369	1.1630801	1.1757872	2.8513174	2.9657874	2.952313	3.3953938	3.2298694	2.810302	3.1138024	3.6467555	3.0175493	2.1035776	3.3023546	3.0381281	3.1700616	3.1743853	2.461808	3.0670605	1.687787	3.322457	3.7584567	2.4060068	2.3406515	3.8022594	2.642854	3.0111494	3.2474778	2.8034983	2.994478	3.5483809	2.3669193	2.8887413	2.7631934
GSTA2_8756	1.0343287	3.430726	0.0	3.2133267	2.498873	2.340468	1.8601638	0.0	3.0949595	2.0617402	0.8916533	1.2862334	2.3531	1.3398731	0.0	1.5888703	1.6360242	2.1369452	0.0	0.7045007	3.1040103	1.5149852	4.4421554	2.2336307	0.7178737	1.3239917	2.6098514	3.3533397	0.6703802	0.0	0.0	2.097342	1.157626	0.7389744	2.8479903	1.3080859	0.7995354	1.2540979	0.0	1.5073531	0.0	0.7498454	2.5015178	0.0	5.1694365	2.8034983	1.4554178	1.4272856	1.9892389	1.7353235	0.9744036
GSTA4_8757	6.276417	6.199898	6.0004616	6.5146346	5.9283733	5.855625	5.110143	6.3246927	6.0582137	6.113956	5.9676685	6.3627877	5.612965	4.5831194	6.0027003	6.4922924	5.359435	6.2859216	5.795232	5.2294216	5.899955	6.4748154	6.221497	6.673039	6.2561893	5.986377	5.753771	6.46909	5.6120834	5.9671173	5.5659637	5.510872	6.127848	5.4967585	6.1589465	6.411753	5.4578357	5.9529834	5.2963333	6.550874	5.768889	5.3165774	4.9950824	5.829203	6.237909	4.682175	4.8518867	4.837619	5.7192597	5.830585	5.748031
GSTM2_8759	2.222978	1.7233189	2.145686	1.750284	1.7338829	2.521582	1.8601638	2.8375075	2.9615965	3.0256517	2.3995826	2.200775	2.534579	2.668917	2.1001348	2.9436944	1.6360242	1.7073178	1.5155233	2.9864812	3.3189702	1.5149852	3.2164934	1.6397378	2.896768	2.462245	2.6098514	2.4880157	2.9081242	2.4321535	2.6905363	2.7871325	2.0275967	0.7389744	2.8479903	3.0670605	2.23349	2.3661232	2.1639853	2.8365164	2.5217707	1.2407571	2.642854	2.0738304	3.3214757	3.696286	2.4973037	1.0883236	1.7554088	2.1681004	2.0759077
GSTM5_32667	2.515188	2.486432	2.145686	2.6598237	2.1664994	3.6457665	1.2111645	2.4882271	3.3295743	2.0617402	1.8342675	1.955242	1.6109856	3.1137757	2.7902486	2.8123772	2.1742368	3.158557	2.035052	0.7045007	2.1549919	2.846633	1.8448938	2.0614784	2.2834883	2.002579	2.8837204	3.6467555	2.185535	1.0698712	3.3987858	2.4830763	3.1700616	1.8781195	2.1315236	1.9826764	2.4444666	3.5095499	2.5543716	1.5073531	1.8915004	2.834815	2.9989562	2.2785902	3.3214757	1.6973256	3.0959623	2.6012702	3.8741343	2.7705867	3.2267935
GSTP1_8762	6.286138	5.9542365	6.892645	6.533168	6.2260737	7.106891	6.7309055	6.8990054	7.296151	6.756926	7.124729	6.324446	6.254282	7.0519266	6.343672	6.544954	6.8869143	6.00977	6.305224	6.5280895	7.1835165	6.5144486	6.391501	5.7941394	6.5120034	7.0748744	6.1008387	6.6998563	6.4586015	6.742508	6.764829	6.16653	6.2841306	6.6245747	5.883969	6.484906	6.285702	6.5193105	6.069288	5.7503176	6.4324846	6.5913467	5.6594205	5.8614225	6.8943195	7.3508782	6.167036	6.8137884	6.025869	6.049351	5.9188104
GSTZ1_8764	2.3764687	3.9436586	2.9727023	3.6123734	3.4444587	2.82721	2.6463878	3.240815	3.9386752	3.2825825	2.8046954	2.756088	2.9724503	2.9801729	2.6461606	2.5073261	3.1259208	3.4098673	1.5155233	2.8670673	4.0778275	2.7167444	4.7507486	2.6531126	2.6224735	2.957191	2.0670378	3.240585	3.1192565	3.5840557	2.835414	2.7871325	2.7090814	1.8781195	3.3245418	2.7875395	2.4444666	2.7094493	2.372343	3.167649	3.5656989	2.9664538	2.168997	3.1216903	4.3918386	4.061858	2.7672026	3.402351	3.6871839	1.1142143	2.3732097
GTF2E2_8766	4.737683	4.7799134	4.4296265	4.9050636	5.2341156	4.880327	5.4937973	5.510071	5.62303	4.63295	5.3645425	5.0607114	5.273059	5.70869	5.0250263	4.8300796	5.0885916	4.873771	5.511487	5.180168	5.3352737	4.788203	5.116841	4.601519	4.9682536	5.0907993	5.2237663	5.485284	5.06747	5.3618555	5.4356413	4.962024	4.961487	5.5594993	4.557369	5.1574078	5.0375247	4.5762477	4.850604	5.041911	5.2579675	5.1042953	4.379686	4.8055115	5.0218806	5.51916	5.01625	5.8688765	4.5950346	4.7347074	4.757577
GTF2H1_8768	2.3764687	0.0	2.353332	1.750284	1.4566294	2.1333084	2.1003423	1.7248423	3.6225116	2.312845	2.8046954	2.410535	1.9028349	2.2714932	0.72900796	3.2782712	1.6360242	1.7073178	2.966509	2.4348454	2.3630009	1.5149852	2.5023503	1.6397378	1.5530008	2.810302	2.271517	3.4579172	2.5190232	2.8167744	2.3481333	2.4830763	2.4082093	2.506633	2.461808	2.7875395	3.0713174	0.7592324	1.2585819	2.8365164	3.5656989	2.3475738	2.3448164	1.5489385	2.321526	2.2443757	2.1650176	2.8468895	2.79505	2.7705867	1.7010021
GTPBP8_8770	5.681216	5.1034265	5.486725	5.7282867	5.46058	5.9053917	5.973071	6.418406	5.991353	4.9616933	5.271771	4.96426	5.5298615	6.079189	5.3380656	5.409442	5.7656603	4.7577496	4.971041	5.628707	5.6648445	5.3880205	5.819527	5.269057	5.9896235	5.0586166	5.451192	6.051136	5.406144	5.418573	4.750273	5.510872	5.5966268	5.5179768	5.144929	5.4286	5.4083815	5.288818	5.6160297	5.0685654	5.8043046	6.167673	5.2593656	5.2324433	5.6433635	6.4914045	5.8986783	6.0514493	5.451935	5.3014936	5.4198503
GXYLT1_32793	2.515188	0.6557987	2.5348177	2.788815	3.1924727	3.3901486	3.0415661	3.6469922	2.9615965	4.007263	3.4935977	0.78194916	4.284769	3.4533052	2.921244	3.3745255	2.382989	2.854038	1.7985483	2.9864812	3.21549	2.846633	3.3690693	2.877406	3.12715	2.6467445	2.6098514	4.54114	2.9081242	2.8167744	2.967061	2.097342	3.594322	3.548908	2.7303865	2.440523	2.23349	2.547975	3.2258344	2.4060068	2.9589396	3.9367666	2.9989562	2.760871	4.458952	4.2995086	3.9009998	4.0676174	3.124777	2.7705867	2.7631934
H2AFX_32900	6.518313	6.6845574	6.254567	7.1937838	6.5373836	6.642513	4.4623084	7.065519	6.9002056	6.735594	7.0240364	7.2211733	7.042314	5.70869	6.2218747	7.00205	7.1306567	6.7015724	4.7562947	5.3678308	7.3082204	7.2253203	7.0291576	6.5643334	7.8244157	5.986377	5.1479073	5.434924	6.771398	7.1298456	5.5450444	5.3108706	6.7642584	5.161381	5.416464	7.208232	6.0318146	5.668643	5.21753	7.617249	6.728201	6.7367396	4.9950824	6.8728666	6.4993486	6.479366	4.29169	4.920435	6.6553693	6.0619826	6.2828975
H2AFZ_33045	8.0899725	7.713573	7.9834604	8.165278	7.7637987	7.8747873	8.033841	8.101077	8.25283	8.094064	8.371325	7.8121753	7.7087383	8.435904	8.232755	8.314178	8.337785	7.678761	7.9154844	7.881625	8.21924	8.39254	8.134245	8.147196	7.9908934	7.90278	8.001242	8.171729	8.269482	8.138822	7.5794044	7.955661	8.033153	7.835774	7.7033296	7.9121156	8.083731	7.543914	7.63481	7.914018	8.24407	7.9995666	7.6794653	7.6393757	8.261594	7.9173594	7.453155	7.968485	7.5555654	7.8300266	7.9066257
HADH_8776	3.1475024	3.7719631	3.2047765	4.1811657	3.1924727	4.164796	4.124374	4.032947	3.789237	3.5005994	2.616312	3.3719604	4.179647	4.5831194	3.606144	4.035247	3.8430977	3.7506518	3.7434611	4.0098786	4.191271	3.5271246	4.093564	3.9339144	3.7965066	4.771496	3.9104564	3.963337	3.9806933	4.034695	4.1738105	3.6028	2.9579055	3.9743235	2.602338	4.107471	3.9828393	4.2484846	4.202226	4.1363487	3.190714	4.278248	3.1953344	3.1216903	3.6433938	3.5194535	4.1095295	4.3722343	3.2198298	3.5927947	3.1241014
HADHB_8777	7.149519	6.6352963	6.900938	7.059592	6.7780867	7.1828485	6.8175693	7.5933537	7.6666627	6.735594	7.2596827	6.52936	7.1436176	7.186926	6.9612737	7.13166	7.1943393	7.0487685	6.4955864	6.729824	7.2892327	7.415265	7.063114	7.3429813	7.240583	6.810762	7.069881	8.506438	6.8400416	7.0661836	7.2255764	6.7270284	7.269099	7.388691	6.6055727	7.1791377	7.028951	7.124307	6.8738437	6.651274	7.1490445	7.07978	6.522382	6.5559826	7.4173527	7.3508782	7.433901	7.60941	7.034502	7.1609006	6.823262
HAO2_8778	3.3831434	2.9829214	3.80891	4.1333776	3.7238476	4.0514793	2.486291	3.9635777	3.3295743	3.5005994	3.4935977	2.9020875	3.2045193	3.6420867	3.1521814	2.6678994	3.5286222	3.6238267	2.966509	3.0967624	3.5060158	3.178102	4.1367245	3.1595235	3.8619432	3.7036133	3.9104564	3.3533397	3.4666753	3.1201398	2.967061	3.3479161	3.4392512	2.811656	3.1523242	2.9340591	2.7916732	3.4190342	2.715985	4.085053	3.2939854	2.1401448	3.4473767	2.8914306	7.7939153	3.9265325	3.657152	2.9556122	3.986536	2.5005684	3.3226593
HAT1_8780	6.8087068	6.1304893	5.984942	6.7146153	6.0087523	6.212648	5.7266173	6.870864	6.516195	6.178618	6.8637605	6.4484763	6.354284	6.2914963	6.183236	6.5957603	6.5069194	6.177205	5.88873	6.05477	6.9292955	6.844923	6.5274415	6.835557	6.6665006	6.085536	6.32406	6.506147	6.1695056	6.4747553	5.865006	6.1796427	6.4456444	6.436805	5.8278112	6.6635823	6.352598	5.886978	6.142214	6.541391	6.238992	6.429642	5.6257567	5.692608	6.1893287	6.124847	5.855917	6.8494515	5.858709	6.3669157	6.0506487
HAUS8_33304	3.9212615	2.8738854	3.660505	3.386396	3.6589074	4.0514793	4.2789826	3.6469922	3.6225116	3.1598291	4.0352206	3.6451528	3.6602395	3.9585884	3.5260668	3.2782712	4.2682877	3.5559726	3.4482138	4.0098786	4.135664	3.8079436	4.297508	3.5980654	3.9245403	3.429383	3.4865618	4.336896	3.8683236	3.8817208	3.3023546	3.4379745	3.3549814	4.3024426	3.54955	3.5024447	4.340139	3.6751416	3.3294005	3.5918324	4.6662955	3.3981557	2.8897388	3.7222598	4.2089777	4.2995086	3.5891576	4.749758	4.6976795	3.9597363	3.4125495
HBA2_32600	13.631408	14.346549	13.836369	14.120088	14.1612215	13.922147	13.695721	14.217277	13.850573	14.008524	13.863555	14.411829	14.1679	13.489279	13.713075	13.879974	13.773001	14.195168	13.833061	13.75857	13.757401	13.735978	13.813469	13.966378	13.88459	14.066306	13.835029	13.722397	13.819428	14.018289	13.96892	13.954704	13.848754	13.4696045	14.13743	14.325256	13.795045	14.168422	14.110579	14.249086	14.099429	13.465091	14.334482	13.604841	13.675454	13.95756	13.677222	12.542071	13.744878	13.886032	14.047175
HBB_8782	16.092306	16.795816	16.334362	16.426012	16.485044	16.219963	15.850635	16.03675	15.759586	16.360867	16.037777	16.486855	16.420702	15.56736	16.480537	16.217308	15.995095	16.591698	16.476969	16.238174	15.939816	16.065985	16.121513	16.547749	16.327242	16.279427	15.895569	16.047861	16.20625	16.23941	16.534628	16.12497	16.540771	15.992096	16.445429	16.482046	15.896558	16.23816	16.361258	16.797792	16.084167	16.339312	16.50463	16.808554	15.860996	15.947781	16.019363	15.058266	16.186222	16.194603	16.171675
HCK_8783	6.1221447	5.2415056	5.508598	5.760103	5.5881424	6.350779	6.2221417	6.554375	6.641403	5.7806573	5.8442316	5.392619	7.071991	6.4388294	5.779126	6.513588	6.2514963	5.2623305	5.9333005	5.7003293	5.8831687	6.293057	6.040161	6.2300344	6.3617554	5.661581	6.2413054	7.153553	5.2800474	5.834447	6.286501	5.425385	5.966823	7.299606	5.7842107	5.872065	6.126607	5.7074046	6.847916	5.194915	5.821692	6.641457	5.958828	6.026813	5.94202	6.2716823	7.399575	6.996673	5.9307265	6.2055135	5.6497955
HCST_32698	5.1319685	4.950719	5.1673284	4.786481	5.142075	5.49294	5.6903305	5.121559	5.2466736	5.506162	5.4232335	4.352279	4.6020246	5.687413	5.0250263	4.9284973	4.75487	4.696041	5.231157	5.6469483	5.0940313	4.8820906	4.9574633	4.601519	5.1625657	5.3783946	5.4084845	5.355927	5.344473	5.0390563	5.0165553	5.1335516	4.413449	5.935672	5.098216	4.281817	5.528977	4.943985	5.1624966	4.185883	5.2832894	4.8209195	4.827514	4.4715905	5.5073028	4.9843264	5.116266	5.2962046	4.793504	5.0709724	4.7914805
HDAC2_8785	8.462125	7.929885	8.534897	8.584993	8.256136	8.508232	8.801579	8.808177	9.045338	8.36805	8.378757	8.226763	8.700544	9.014146	8.168268	8.444633	8.528304	8.234496	8.256823	8.405502	8.918332	8.795822	8.745648	8.218112	8.468935	8.3377	8.260338	8.030492	8.148392	7.9656644	7.9049635	8.008057	7.58338	8.343367	7.627228	8.373529	8.186321	8.262681	7.8195763	7.7217026	8.639243	8.50086	8.267548	8.006524	8.739279	8.82919	8.6078	8.607795	8.07421	8.263667	8.149831
HDAC6_8786	1.8561494	2.1547542	3.4046404	1.4715443	1.1131065	2.521582	1.2111645	2.8375075	2.6509938	2.0617402	2.9712968	2.200775	3.579891	2.8329227	1.5716753	2.6678994	1.6360242	1.9380654	1.7985483	2.0523822	2.7061675	3.2735868	1.8448938	2.526371	3.12715	2.002579	2.0670378	2.8372862	2.185535	2.2771995	2.3481333	1.5692585	1.7915226	1.8781195	2.306097	2.2296865	0.7995354	1.914702	2.9933162	1.7895929	0.0	1.8978021	1.1148349	3.0111494	3.2474778	3.6105773	2.6385555	3.0567124	2.190403	1.4579389	0.40229607
HDC_8788	2.8657134	1.4470309	1.2448933	2.1847157	2.8869598	1.6004289	1.8601638	2.6734118	2.9615965	2.312845	0.8916533	2.200775	2.1454625	2.668917	1.8599678	1.2257426	1.6360242	2.467557	2.4162252	1.8148876	1.911856	1.1626221	1.353526	1.0412753	3.016553	1.7028205	3.2164025	2.2755182	1.126302	2.2771995	2.1406834	1.5692585	2.8388512	2.506633	1.9328802	2.2296865	1.687787	3.7513156	2.8613043	1.5073531	2.3406515	1.8978021	2.3448164	2.0738304	2.169534	2.4557507	2.8853111	2.305077	1.9892389	2.1681004	2.280753
HDGFRP3_8789	3.763191	3.351601	3.0934007	3.9246213	3.5195398	4.0514793	4.3270435	4.032947	4.5159154	4.007263	4.0352206	3.7258165	3.943193	4.7565928	4.545657	3.6298745	4.2146955	3.6886325	3.9309764	3.892466	4.9074078	3.3631423	4.2193546	4.325158	3.12715	4.3070445	4.2856593	4.4426293	4.273237	3.2918935	3.8029058	4.6211877	3.9217556	3.8459697	4.2927747	4.107471	4.112024	4.5337424	3.89976	3.7318203	4.7773952	3.9367666	4.338716	3.7222598	4.3214507	4.061858	4.1095295	4.4109397	3.986536	4.063883	3.8263953
HEATR1_8791	6.4333777	5.4833994	6.4926653	6.2933173	5.900553	6.7733526	6.766198	6.689409	6.945062	6.552526	6.4772887	5.7026887	6.59815	6.6069055	6.539932	6.3337116	6.7334094	5.8770337	6.3276587	6.258324	6.7831383	6.5434747	6.5831113	6.2198305	6.470648	6.6033154	6.576394	6.9354386	6.305186	6.4477577	6.323825	6.556573	6.465875	6.5021477	6.027999	6.5545287	6.416529	6.4524264	6.548563	5.8147144	6.238992	6.9820433	6.240409	6.225558	6.561745	6.8873215	6.2899194	7.0343475	6.332768	6.1474338	6.0223746
HEBP1_8792	6.855162	6.9152994	7.057515	6.8538213	6.867024	6.8767686	6.8175693	7.5990834	7.5896497	7.168625	7.299392	7.2891126	7.605981	7.109052	7.1467447	7.4067025	6.937415	6.8786626	6.6899476	6.63248	7.3454614	7.2607093	7.2516084	7.319283	7.7046747	6.710764	7.23785	7.3965945	7.165406	6.9101114	7.398809	6.8220763	7.2400265	7.5570188	6.8717017	7.3520355	7.028951	6.941292	7.3752446	7.3338757	7.5752716	7.619287	6.7267385	7.190747	6.9536977	7.383544	7.07233	7.083097	6.7618694	7.125235	6.9637017
HELLS_32936	5.5582385	5.284744	5.7480693	5.8662405	5.46058	5.9053917	4.9037795	6.2392178	6.090517	5.6269403	6.0813713	6.007012	6.0307245	5.7707014	5.38422	6.2345986	6.005455	5.0567493	5.026952	4.6394672	6.057874	6.198895	5.871555	5.821389	5.680633	5.5032077	5.5129714	7.454619	5.445841	5.777763	5.317256	5.380664	5.7855406	5.6196246	5.6120234	6.075228	5.6824822	6.1487627	5.244279	6.0469074	5.597789	5.8976927	5.46372	5.1303673	6.108029	5.834782	5.2322598	6.445586	5.669611	5.674832	5.4625654
HERC6_8794	5.0430336	2.3301039	4.8957977	1.9837908	3.7238476	4.0514793	1.8601638	3.9635777	5.6449475	3.8573148	3.7896788	2.756088	3.3079073	4.157383	2.921244	5.162198	2.1742368	3.6238267	3.1788383	4.2673736	3.888952	2.846633	2.8522859	2.977701	4.7084904	3.861182	3.9704094	4.9525843	2.5190232	3.710581	4.2789087	5.48997	2.7090814	3.6291015	3.9156005	4.532437	3.8409395	4.3001184	2.5543716	2.5642188	1.6005821	3.3017287	2.7715712	3.0111494	5.4089003	4.061858	5.116266	4.9731174	4.3648396	3.0994654	4.3201213
HERPUD1_8795	7.111751	6.0324235	7.115679	6.7703576	6.754968	7.4520626	7.1536913	7.60479	7.7947245	6.7248077	7.1510134	6.5952525	7.3695393	7.4495735	6.3201213	6.710858	7.2419972	6.7705536	6.4140644	6.9367447	7.56132	7.289551	6.976675	6.539934	6.6293993	7.082897	7.03521	7.4672027	6.305186	7.2802515	7.3453627	6.556573	6.866718	7.0959744	6.2894244	7.103727	6.614869	6.9249387	6.9969196	6.1124196	6.782486	6.549967	6.5405617	6.505904	7.6142097	7.7063274	7.5140133	7.732937	6.967601	6.4935346	6.318215
HEXA_8797	5.5092783	3.9966314	5.2213078	5.2344184	4.9106236	5.49294	5.0252886	5.7960286	6.4678288	5.8217273	5.2394724	5.2634673	6.6083126	6.333193	5.1098804	5.9982324	5.9409103	5.4422374	5.367332	5.5533414	6.012286	6.454583	5.7655525	5.7941394	5.7855377	5.12228	5.2237663	6.792765	5.4652867	5.672869	5.9940963	5.1335516	5.245154	6.6821003	5.3778734	5.677744	6.0956964	5.9367633	5.9924784	5.3977222	5.577462	6.5604234	5.7244797	5.438705	5.9652896	6.5501366	6.544502	6.4823976	5.9858594	6.049351	5.1330132
HGF_32812	6.644594	5.054298	5.802204	6.018694	5.7835765	6.302066	5.6341295	6.870864	6.705379	5.95691	5.865552	5.9409657	6.1043777	5.977675	5.0538692	5.9206443	5.820506	5.9045763	5.026952	5.4111657	6.0727553	6.3489327	5.94624	5.4889297	5.680633	5.479094	5.9150124	5.873462	5.50341	5.834447	6.6519628	5.611065	5.2912316	5.887575	5.5086517	6.0593486	5.5519314	6.6141586	5.7339687	5.612201	6.4211226	6.0976033	5.831718	4.932263	6.275628	6.1402216	5.2322598	5.988864	5.582867	4.636787	5.023155
HIBADH_32345	3.3087924	2.75593	3.736615	4.0839515	2.9961455	4.3196507	4.373555	4.2812176	4.8536887	3.9342363	3.1206355	3.2680495	4.0060377	4.2179937	3.3512022	3.7058477	4.464721	4.0261216	3.603377	3.2948601	3.888952	3.870368	3.2947974	3.830415	3.6559942	4.3070445	3.7140222	4.54114	3.3873456	4.1283503	3.9374175	3.8848567	3.4392512	4.0344577	2.8479903	3.5024447	3.3054578	3.2189481	4.0887313	3.7970295	4.165012	3.7299907	3.1953344	2.760871	4.2474513	4.6395364	3.0959623	3.8594944	1.9892389	3.4463294	3.3226593
HIF1A_8801	7.848918	7.351271	7.727795	7.9303026	7.676268	8.340479	8.194679	8.425182	8.533991	7.9253216	8.051415	7.603869	8.438203	8.416637	7.985726	8.229839	8.263854	7.5451465	7.7426004	7.670479	8.412952	8.11487	7.79688	7.739222	7.9835615	7.9821343	8.043722	8.533614	7.829986	8.1331835	8.210821	7.9969883	7.753498	8.153052	7.511673	7.981167	7.867462	8.071635	7.9058785	7.121181	7.8370447	8.30956	7.5418453	7.6805906	8.213819	8.518093	8.163634	9.027627	7.723118	7.6659594	7.466957
HIST1H2BCL1_32672	10.362428	10.311211	9.934431	10.523712	10.655593	10.074326	9.338609	10.921176	10.243004	10.51788	10.334043	10.642219	10.464748	9.736678	9.767405	10.634299	10.693351	10.594411	9.45884	9.537753	10.774792	10.4989605	10.515263	10.257507	11.483998	10.375756	9.472716	9.395106	10.080604	10.818552	9.498203	9.223555	10.914711	9.357421	9.998404	11.294136	9.978533	10.855636	9.520041	10.844196	10.891405	10.205636	9.592667	10.298443	10.13841	10.255835	9.452957	9.230592	10.356332	10.317234	9.863781
HIST1H2BD_33231	3.9212615	5.284744	4.5185456	5.5757327	4.0108175	5.231971	3.1524212	5.835395	5.3302097	5.6948338	5.800622	5.6206837	5.4642334	3.9585884	5.4067554	5.872006	5.68913	4.0261216	3.5278807	4.1184506	5.4536953	6.017698	5.240702	4.7220893	5.97491	3.21252	4.2856593	4.7614803	5.5405517	4.590013	4.675246	4.4148836	5.123077	4.442191	4.333677	4.8964896	4.391946	4.021211	4.255792	5.992268	6.0154686	5.75931	2.3448164	5.438705	4.6433735	4.3532715	2.8853111	4.0676174	5.263991	5.1908326	4.2729
HIST1H2BF_33070	12.788949	12.829221	12.587242	13.24109	12.897546	12.624054	11.390928	13.383324	12.782713	12.923546	12.984136	13.203394	12.956538	12.105174	12.308234	13.102627	13.081254	13.031576	11.805593	11.9055395	13.44477	13.282867	13.13193	13.03213	13.714001	12.621192	11.972322	11.786394	12.680663	13.165873	11.946437	11.877629	13.18747	11.855332	12.400862	13.669228	12.171053	12.894691	11.792492	13.4716625	13.126488	12.64016	11.794069	12.594062	12.676666	12.349544	11.329406	11.331351	12.754688	12.534448	12.594011
HIST1H4A_32934	11.3736105	11.46781	11.364252	11.925405	11.17099	11.30448	10.243579	12.041435	11.615243	11.552505	11.624367	11.811642	11.342436	10.985057	10.921326	11.726243	11.630335	11.456779	10.68767	10.481314	11.874382	12.074791	11.794369	12.06918	11.814826	11.08442	10.912347	10.875619	11.132958	11.759439	10.869505	10.724866	11.567854	10.86636	11.330105	11.818131	11.005105	11.0604	10.707467	11.947968	11.622497	10.918428	10.558662	10.83971	11.435167	10.802857	10.596931	12.105384	11.393544	11.195793	11.915705
HIST2H2AA3_8804	11.357852	11.4637	11.542465	11.841223	11.33359	11.501057	10.372983	12.164875	11.603398	11.641575	11.757201	11.914707	11.50152	11.054218	11.083538	11.648359	11.823402	11.516849	10.496078	10.697467	12.142695	12.11543	11.864247	11.736238	12.077105	11.268025	10.733593	10.590864	11.409753	11.681677	11.063105	10.704597	11.597669	10.647968	11.125488	12.176609	10.845304	10.954112	10.4176855	12.261454	11.686473	11.532319	10.358649	11.52731	11.624064	11.349613	10.032841	10.863632	11.375916	11.007017	11.446382
HIST2H3C2_32796	11.705369	11.552342	11.581039	12.055702	11.778013	11.705979	10.356434	12.279251	11.691266	11.933279	11.845017	11.909051	11.722575	11.229138	11.415179	11.95702	12.08025	11.770849	11.031799	10.925662	12.181184	12.272124	12.106877	12.446206	12.293223	11.442228	10.991793	11.207742	11.534089	12.024842	11.04599	10.83204	12.176926	11.14861	11.614936	12.403845	11.140464	11.190507	10.776098	12.22063	12.026059	11.531655	10.79991	11.554972	11.697334	11.256568	10.467989	10.975591	11.776557	11.440339	11.657157
HK1_8805	3.7064028	2.6274648	3.80891	3.9246213	2.498873	3.8628378	3.5263135	3.7328856	3.789237	4.007263	3.6975753	4.0097504	3.4043794	3.7279556	3.1521814	3.4647577	3.6944115	3.9750757	2.8473456	3.892466	3.9546967	3.870368	4.0490723	3.1595235	4.2519593	3.6178672	3.6421144	2.8372862	3.9256022	3.5840557	3.3987858	2.7871325	3.2654822	3.463993	2.461808	3.978313	1.687787	3.6751416	2.715985	3.5163915	3.5656989	2.9664538	2.3448164	3.6503172	3.9064214	3.6105773	3.0959623	3.5483809	3.986536	3.9047008	1.8370861
HMG20B_8806	5.388129	4.7181683	5.551373	4.988013	5.0937552	5.9376407	5.5556183	6.29676	6.122113	5.60358	5.3033624	5.5559683	5.6722946	5.455364	4.770827	5.386539	5.1180816	5.550809	4.617513	4.358748	6.0428376	6.045018	5.4433794	5.269057	5.768575	5.5032077	5.2958355	6.051136	4.7243323	5.688329	5.5659637	4.4148836	5.2912316	5.161381	4.8101554	5.4286	5.3308682	5.688154	5.676204	5.5378456	5.308174	5.75931	5.0212116	5.103678	5.475242	5.6538005	5.2322598	5.4527993	5.171897	5.1440763	4.6133842
HMGA1_8807	7.384856	6.708571	7.238559	7.3165493	6.8884273	7.7801437	7.5877256	7.6217766	7.7397723	7.2611074	7.803345	7.493004	7.4451942	8.0836	7.305079	7.47343	7.902153	7.0238686	6.9721723	7.0300446	7.864719	7.85802	7.651933	6.673039	7.467756	7.8236012	7.231739	7.301423	7.6589785	7.7357554	7.192328	7.360226	6.962381	7.305719	6.554581	7.506412	7.0532875	7.3431716	7.103028	6.817641	7.3481526	7.5787115	6.6281757	7.022847	7.554089	8.17418	7.4815626	8.245091	7.0668244	7.4713726	6.9298525
HMGB2_8808	10.782924	10.294781	10.602956	10.753969	11.531074	9.733343	9.698565	10.792695	11.168203	10.944729	11.283373	11.572909	11.814872	10.973567	11.029201	11.457925	11.634805	11.807786	10.736694	11.989466	11.5869055	11.882786	12.11651	11.9820595	11.52939	10.00132	10.3092575	9.473602	10.741625	10.798212	10.200491	10.045628	10.775257	11.043705	10.960639	10.970866	10.534849	10.70276	9.915991	11.375693	10.766785	10.330024	9.61857	10.242964	10.140327	10.211037	10.571829	11.577962	11.768718	11.456873	11.796591
HMGCR_8810	5.7945285	4.839124	6.2928843	5.8515477	5.605479	6.277078	6.284325	6.43131	6.756607	6.0805044	6.406324	6.311436	6.27994	6.7676015	5.8466163	6.5957603	6.316539	5.8908706	5.88873	6.027181	6.689696	6.553022	6.5193105	5.6495905	6.0886216	6.1480474	5.97478	6.5775223	6.1813126	6.544372	6.0838575	6.2055154	6.1777625	5.935672	5.561263	6.373737	6.0480523	5.9690237	5.8075576	5.717008	6.443758	6.4634657	5.3854165	5.9237804	6.491356	6.66088	6.107521	6.6209116	6.1151233	5.3434863	5.307179
HMGCS2_8812	6.044087	5.426621	6.305434	6.1802773	5.798728	6.7187247	6.343939	6.742144	6.796319	5.716773	6.3917027	5.533735	5.441677	6.1114993	5.1098804	5.733668	5.838334	6.4255505	5.367332	6.2818623	6.8537655	6.071831	6.5595155	5.9869733	5.4868245	6.6033154	6.402324	5.4603233	5.445841	5.657242	6.3481812	4.767317	4.679086	5.8545957	5.16773	5.778174	4.9011602	6.3459005	5.842991	5.906221	5.308174	5.388767	6.0631185	5.1565714	6.5919595	7.0179024	5.439537	6.1231356	5.021698	5.0709724	5.452005
HMMR_8814	7.3295226	6.7707195	6.9255357	7.9091735	7.2553663	7.0926404	6.3322115	7.5167227	7.3303685	7.0612564	7.3607373	7.7018423	7.1436176	6.7976995	6.891083	7.3663034	7.606912	7.1151066	6.732605	6.9733467	7.7019625	7.850297	7.6922727	7.460305	7.578962	6.9133024	7.028175	6.5303335	7.1534677	7.223019	6.690574	6.7882338	7.4270625	6.6914687	6.9127727	7.62443	7.012496	6.866197	6.4370475	7.775275	7.248821	6.893835	6.2733946	6.623295	6.391821	6.8125234	5.811849	6.9249396	7.307652	7.0886655	6.7984667
HMOX1_8815	10.823544	10.499623	10.883311	10.971296	10.873392	11.039703	11.0112	10.64612	11.314266	10.540353	10.922453	10.878333	11.533203	11.524006	11.097459	10.981941	11.294059	10.31605	10.793709	11.020096	11.277351	10.948375	10.992573	10.76873	11.030628	10.470531	10.984088	11.022462	10.755513	10.90214	11.531355	10.328441	10.782837	11.558484	10.545027	10.90742	10.971446	10.325287	11.377685	10.562983	11.142513	11.140715	10.622993	11.120779	11.239693	11.609521	11.392478	11.549785	10.945064	10.944439	10.674594
HN1L_8817	3.763191	3.5057364	4.06653	3.1183274	3.5195398	4.586952	4.418614	4.8794	5.063521	4.143083	4.782111	3.8747573	4.895519	4.3858986	3.7540836	4.0929766	4.3199596	4.213959	3.274329	3.6243875	4.3462834	4.5798335	3.8559678	4.435088	3.12715	4.003223	3.9104564	4.8791513	3.2142637	4.216295	3.9374175	3.148948	3.4392512	3.7772398	3.54955	4.2260103	3.9136333	3.8925655	3.7584567	2.8365164	3.9287112	4.278248	3.5938523	3.224361	4.999513	4.2436643	4.29169	4.9470167	3.3929877	2.8887413	3.9213243
HOMER2_8820	3.3831434	3.1790063	3.4046404	4.0839515	3.590906	2.340468	3.5263135	3.7328856	4.3118453	3.1598291	2.9712968	3.6451528	3.3079073	3.7279556	3.9509327	3.175133	4.3199596	3.3308632	2.238191	2.8670673	3.888952	3.8079436	3.9067206	3.3209743	3.016553	3.7036133	3.7140222	3.4579172	3.3873456	4.258335	3.8029058	3.148948	3.4392512	3.1743853	3.4035087	3.978313	1.3109689	2.8546557	2.1639853	3.5918324	3.8630507	3.3017287	3.2843316	3.1216903	4.2849255	4.12504	3.1907747	3.477213	3.3929877	3.4463294	1.961433
HOOK2_8821	2.3764687	2.1547542	2.353332	2.1847157	2.498873	3.6457665	2.9214785	3.6469922	3.0949595	2.312845	3.5991883	3.03466	3.579891	3.7279556	1.8599678	2.6678994	2.727169	3.247281	2.574683	3.2948601	3.5911667	3.674356	3.3690693	3.2425063	2.6224735	3.21252	3.003343	3.6467555	2.6607075	2.8167744	3.4891737	2.4830763	3.4392512	4.3024426	3.54955	2.9340591	1.687787	2.547975	2.5543716	2.5642188	2.6826673	3.573593	2.168997	2.0738304	4.3214507	3.9265325	2.3407063	4.291561	3.309005	3.2832968	2.7631934
HPD_33114	1.8561494	2.75593	1.9030463	2.6598237	1.9663466	2.9587402	2.1003423	1.7248423	1.3270301	2.0617402	1.4386133	1.6591743	2.1454625	2.0223966	0.0	1.2257426	2.87268	3.0640168	0.6957044	0.7045007	2.8513174	1.5149852	3.6920276	2.0614784	1.5530008	0.0	1.1865652	3.3533397	1.4722159	1.6773919	2.3481333	2.7871325	1.5091133	0.0	1.7024508	1.3080859	0.7995354	1.914702	1.6270963	2.5642188	2.133485	0.0	1.968738	0.71545935	4.4257855	3.0834928	1.1120816	2.6012702	2.3669193	0.66210103	1.3829705
HPRT1_8824	6.1754227	5.737941	6.015816	6.2036047	5.982454	6.225766	6.1964974	6.310794	6.528037	5.716773	6.300717	6.400136	6.3175907	6.248558	6.29618	6.4815254	6.005455	5.4041524	5.6245294	6.234396	6.4022207	6.098155	6.12834	5.9129033	6.0610228	5.7448406	6.2167625	6.296506	6.3266087	5.777763	6.395695	6.042824	6.0761447	6.071031	5.8561635	6.027056	6.229858	6.4524264	6.493882	5.376546	6.3146253	6.817425	5.692317	5.8614225	6.2089577	6.0777154	6.1316223	5.988864	5.5282016	5.7855988	5.964108
HPS5_8825	4.7090616	3.267883	4.642423	4.477563	4.938252	5.597565	4.8717327	5.6926413	6.041787	4.9244695	5.1726213	4.5863132	5.9689693	5.295806	4.871472	5.1889186	5.0885916	5.031988	4.7890005	4.778334	5.2850423	5.277185	5.426087	5.0095425	5.75141	5.12228	4.829656	6.1165004	4.756258	4.9648266	4.922364	5.186476	5.245154	6.099461	4.449854	5.1574078	5.131954	5.068315	5.2705407	4.185883	5.095927	5.812771	5.168765	4.429227	5.3393598	5.4713345	6.107521	6.339227	5.147925	4.457192	4.147608
HRAS_33089	5.5421023	4.9236193	5.4645157	5.384854	5.1181173	6.0152435	4.8717327	5.7960286	5.9212418	5.60358	5.6854568	5.2902393	5.5083156	5.687413	5.779126	5.5806437	5.203099	5.2623305	5.026952	5.0763106	5.541897	5.3447027	5.884274	5.3831778	5.5074196	5.3783946	5.591433	8.171729	5.5221004	5.3028164	5.215015	5.0503354	5.8790274	5.3857183	5.04994	5.994024	5.2489533	5.545688	5.595401	5.376546	6.131555	5.9463453	5.4053946	5.182308	6.2089577	6.200132	6.5799675	6.570514	5.944709	6.1235313	5.3419137
HS2ST1_8829	4.6196246	2.9829214	4.3830233	3.9246213	3.8455658	4.459483	4.699865	4.4428744	5.2177176	4.076771	4.7365522	4.497202	4.7923274	4.7968874	4.0110016	4.397897	4.3199596	4.34035	3.274329	3.2948601	3.888952	4.97024	4.178631	4.286571	3.9845338	3.93395	4.693988	5.382743	3.7464566	4.299185	3.654551	3.6028	4.236344	5.188101	3.6821575	4.387344	3.9828393	3.6751416	4.704146	2.7067823	4.2700734	4.6745768	3.7268174	3.9787574	4.3214507	4.7638493	4.5988097	4.9470167	4.09081	3.8474822	4.173552
HS3ST3B1_33019	2.0511916	1.7233189	2.5348177	0.66999	0.66134334	2.82721	2.1003423	3.1184926	2.2546368	2.0617402	2.1444392	1.2862334	2.8407278	2.668917	0.72900796	1.2257426	2.382989	1.9380654	0.0	1.1757872	3.1040103	2.2375386	2.210754	1.8659643	2.4629142	2.957191	2.271517	3.4579172	1.4722159	0.63191724	2.1406834	2.4830763	1.7915226	2.1193378	1.4280888	1.6844561	2.4444666	2.1579974	2.372343	2.228283	2.5217707	1.2407571	1.1148349	3.1216903	3.3918626	3.5194535	2.1650176	2.7293007	3.124777	2.6418855	0.40229607
HSD17B10_8831	7.583197	6.8875194	7.601187	7.520722	7.187917	7.784583	7.8650565	7.5347714	7.8381786	7.488546	7.7641497	7.0977845	7.4843454	7.9559603	7.8360167	7.622989	7.828247	7.3284054	7.5509176	7.6615343	7.9797196	7.6821203	7.63698	7.314496	7.3242235	7.4912586	7.849864	7.86918	7.544799	7.5620217	7.54294	7.724683	7.1922555	7.6123214	7.295782	7.500544	7.687409	7.478187	7.3134327	7.088995	7.7306147	7.5048375	7.3947053	7.0440574	8.005124	7.8948755	7.758035	8.395011	7.4069414	7.403518	7.3091464
HSD17B11_8832	6.681893	6.199898	6.2928843	6.447828	6.590586	6.671566	6.766198	6.5425305	6.736334	6.464499	7.0145245	6.2445645	6.2925997	7.018238	6.4774323	6.141911	6.645007	6.119612	6.600651	6.3941135	7.0842004	6.1866803	6.6367126	6.4727774	6.789319	6.4504814	6.7827587	6.9800243	6.4092536	6.4836435	6.602198	6.463145	6.3400016	7.00873	5.842057	6.2809315	6.7300525	6.204022	6.3778815	5.876359	6.2259917	6.4965143	6.418079	6.068813	6.6999416	6.7537646	6.914589	7.2201777	6.210793	6.4461412	5.7821574
HSD17B7_8834	3.2304003	2.8738854	3.80891	3.5409095	2.8869598	3.9912984	4.2292647	3.3535717	4.3118453	3.9342363	4.1783977	3.2680495	3.6602395	4.5831194	2.921244	3.7058477	3.9120631	3.247281	2.7174463	3.469012	3.9546967	3.870368	3.1336944	2.7696137	2.2834883	3.7036133	3.1138024	3.963337	2.9081242	3.0259323	3.8717287	2.9180818	2.9579055	3.463993	3.4035087	3.5934687	3.5068517	3.4190342	3.3294005	2.5642188	3.6459768	2.9664538	2.8897388	3.224361	3.6999757	3.9957814	3.1907747	3.9144068	2.9135318	3.2832968	3.176361
HSD17B8_32395	3.3087924	2.486432	2.5348177	1.9837908	1.9663466	3.0792744	3.3514462	3.555659	2.6509938	3.0256517	3.1206355	3.3719604	3.579891	3.1137757	2.7902486	2.1199853	2.87268	2.3117008	2.238191	2.9864812	3.5911667	3.075847	2.952313	2.526371	3.12715	3.21252	2.4505796	2.9846053	2.9081242	3.8268995	2.1406834	2.4830763	2.2304184	3.1743853	3.1523242	2.9340591	3.409666	1.2540979	1.6270963	2.4060068	2.8274064	1.8978021	2.8897388	2.8914306	2.7000144	3.2054403	2.994478	3.1511896	2.190403	3.0994654	3.4125495
HSD3B_8835	4.4221745	2.1547542	3.660505	1.750284	3.0976462	2.82721	2.9214785	3.8139515	3.43397	2.312845	3.1206355	2.9020875	2.9724503	2.4838471	3.0413287	1.5888703	3.7706692	4.8169265	2.574683	2.593747	3.5060158	2.4155526	4.9574633	3.466162	3.016553	2.6467445	3.1138024	4.54114	2.7897131	4.6225667	2.835414	2.9180818	2.5664744	2.506633	4.06882	1.9826764	2.4444666	3.1074347	2.372343	3.3525324	3.190714	3.087079	5.145197	2.4578679	3.5845017	2.9502776	7.4862432	8.268992	7.880512	8.013542	7.3860536
HSDL2_8837	5.695876	5.284744	6.2018404	5.821706	5.622609	6.212648	6.3203883	6.1639047	6.562992	5.7383833	6.0813713	5.87175	5.3954773	6.3737183	5.708323	5.7695155	6.052036	5.9045763	5.660324	5.896054	6.3172946	6.098155	6.1704874	5.6343064	6.1553936	5.7448406	6.0321703	5.60399	6.133494	6.0169477	5.5450444	5.668002	5.7529817	5.7862854	5.212279	6.0909343	5.981976	6.957462	5.676204	5.6479897	6.4211226	5.7773514	5.4053946	5.3506517	6.450714	6.503344	5.8266883	6.3788166	5.3714104	5.624627	5.721896
HSP90AA1_8838	5.4060717	5.174117	5.1112504	5.405119	4.6348104	4.913135	5.2662044	5.3829937	5.0306005	4.6783786	5.3645425	4.670239	5.747786	5.4803224	5.3613276	5.4319863	5.500474	4.787641	5.054115	3.892466	5.60468	5.277185	5.1801004	5.1665354	5.0264926	4.8859644	5.27221	6.034322	5.3858786	4.8319354	4.8215914	4.54217	4.8427405	4.7236447	4.689292	5.1574078	4.827819	5.007489	4.704146	5.700061	5.2832894	5.365103	4.7358174	4.772004	5.7676907	5.3443384	5.1402225	5.854907	5.073521	5.095754	5.3419137
HSP90B1_8840	8.303654	7.6856155	7.7781863	7.449332	7.617668	8.428211	8.090631	8.708342	9.15441	8.271299	8.422571	7.6355324	8.770089	8.284718	7.587456	8.184088	7.910604	7.9538646	7.357328	7.4596233	8.404154	8.581654	8.014976	7.532161	7.795399	8.136568	7.857822	8.772872	7.7569113	8.02166	7.97702	7.240195	7.790063	8.638	7.4846873	8.018603	7.8256893	8.18927	8.083029	6.7615685	7.9909806	8.124628	8.171656	8.002918	8.400378	9.064958	8.577414	8.778466	7.8585243	7.5270967	7.3091464
HSPA1A_8841	2.222978	1.9551042	2.696003	2.5181563	1.1131065	3.1905103	3.255363	2.98483	3.86589	3.2825825	1.8342675	2.410535	2.695759	2.9801729	2.6461606	3.3745255	3.0048497	3.247281	1.5155233	2.593747	2.7061675	2.846633	2.5023503	2.877406	2.6224735	2.957191	3.312188	4.5879827	1.751022	2.8167744	3.1990128	3.2518594	1.157626	2.6671908	2.602338	3.3011148	2.6284897	3.5095499	1.6270963	1.5073531	3.4806895	2.5288935	3.9608154	2.0738304	3.806888	3.2054403	2.994478	1.7015651	2.3669193	1.7353235	2.280753
HSPA2_32402	2.3764687	1.1049913	2.353332	1.750284	2.3422368	3.0792744	0.7291152	3.3535717	3.0949595	2.5266557	0.8916533	2.410535	2.3531	3.6420867	3.5260668	2.5073261	1.2662693	2.1369452	2.574683	2.4348454	3.1040103	2.0344265	2.628664	2.877406	3.12715	3.0904965	2.8837204	4.336896	2.3618937	2.5720668	2.1406834	2.7871325	2.5664744	2.506633	2.306097	1.3080859	0.7995354	3.6751416	1.2585819	2.0255485	3.190714	3.3981557	2.7715712	2.0738304	3.4589746	3.0834928	4.4146447	4.0183334	3.547572	3.660804	2.7631934
HSPA4_8843	7.747016	6.9221616	7.5281134	7.570917	7.187917	7.836817	8.131803	7.826123	8.284591	7.575161	7.5957627	7.3412504	7.890444	8.151213	7.611908	7.780618	7.9684153	7.5451465	7.5073595	7.735852	7.919254	8.137257	7.7244587	7.490328	7.7135653	7.769951	7.935079	8.004828	7.741044	7.430305	7.5586805	7.8240623	7.3691626	7.9494643	7.405366	7.645855	7.938864	7.9756618	7.7419286	7.165068	7.600674	7.8752465	7.5463505	7.125912	7.8760166	7.961302	8.172374	8.524202	7.5781655	7.5895	7.3860536
HSPA5_8844	7.106274	5.842924	6.4593606	6.095525	6.214822	6.4547176	6.590291	6.812878	6.918316	6.5767207	6.7987485	6.2850585	6.9252496	6.694831	6.455982	6.8761725	6.6849675	6.2325873	6.0322375	6.305022	6.969609	6.8134933	6.6216	6.635149	6.5017753	6.534782	6.9409623	7.0652637	6.3477182	6.814723	6.323825	6.243475	6.1530213	6.9474907	6.409075	6.2809315	6.678833	6.848965	6.2517314	5.876359	6.4770584	6.9184318	6.466426	6.321328	6.7274227	7.383544	6.4325523	7.2789025	6.663847	6.3566995	5.941637
HSPA8_8845	14.084403	13.235483	13.381267	13.79733	13.032942	13.513862	13.346936	13.752041	14.026541	13.456983	14.211291	13.660391	14.027691	14.029916	13.326031	13.874776	14.172174	13.022864	13.4499035	13.513971	14.181327	13.933872	13.8862095	13.600172	13.652773	13.392464	13.718104	13.760676	13.396671	13.547086	13.375819	13.459399	13.01349	13.546153	13.226905	13.083217	13.670623	13.282997	13.058449	12.814377	13.547049	13.558931	13.299243	13.247551	14.198211	14.074964	13.308236	14.651386	13.749055	13.363247	13.621584
HSPB1_8847	4.6500573	4.235737	4.862214	3.4657202	3.8455658	4.10925	5.6903305	4.761728	5.1881685	4.26721	4.6895075	4.497202	4.6020246	5.208881	4.46205	4.724454	4.369845	4.4932985	3.1788383	4.065186	5.232999	4.422068	4.9084945	3.9339144	3.7965066	4.5578804	4.5442247	4.8791513	4.182158	3.5840557	4.8559704	3.67865	3.594322	3.548908	3.8035955	5.0328393	4.441957	4.6576767	4.202226	4.2801247	5.0075274	4.6355476	4.4195247	3.7222598	5.3570614	5.632215	3.5891576	4.71924	4.279152	3.7879004	3.5376832
HSPD1_8849	7.743492	6.84482	7.3817267	7.6063557	7.5020914	7.4906135	7.46422	8.125102	8.1569395	7.6625323	7.9552546	7.736324	7.919302	7.2751436	7.4036064	7.7085795	7.8415675	7.1500454	6.986343	7.117676	7.7444053	7.9072356	7.7697177	7.152276	7.5934834	7.2841864	7.3827815	8.100821	7.5539103	7.6749725	7.6349063	7.538748	7.411501	7.7215266	6.9657764	7.9253173	7.499458	7.652189	7.201864	7.585302	7.580388	8.044954	6.8115296	7.4928117	7.9093924	8.113159	7.4815626	7.9223437	7.269278	7.076267	7.2123475
HTATSF1_8852	8.60684	7.953523	8.797283	8.706319	8.443723	8.72005	8.950918	8.906178	9.285767	8.559282	8.788997	8.605495	8.496817	9.080938	8.571286	8.6217785	8.765749	8.415303	8.403962	8.895827	8.876539	9.084556	9.003467	8.425455	8.6136875	8.606128	8.86264	8.488032	8.686806	8.613907	8.334839	8.778411	8.252818	8.558312	8.227499	8.436354	8.749915	8.95075	8.424505	8.367464	8.814477	8.742718	8.165811	7.973739	8.575038	8.819673	8.51465	9.01512	8.364189	8.34602	8.265923
HTRA1_8856	9.389684	8.300199	8.814946	8.377583	8.511963	9.519627	9.2083435	9.663519	9.444151	8.56534	8.780603	8.56496	8.733417	9.3209095	8.104217	9.029139	8.890615	8.760609	8.478541	8.460685	9.193179	9.284052	8.74739	9.164736	8.466308	9.256098	9.280361	9.473602	8.665948	9.265565	9.353808	8.95466	8.264415	8.747595	8.216606	8.900231	8.53056	9.339581	8.62864	8.202771	8.73182	8.590323	8.816859	7.834598	9.331534	9.058903	8.808017	8.815002	8.193185	7.6154394	8.246193
HYOU1_8857	5.5582385	4.1909814	4.06653	3.4657202	4.0108175	5.356469	4.504718	5.4093204	5.7698884	5.033377	5.0288405	4.628886	5.347749	5.0175414	3.6820092	4.8964314	4.5099177	4.981153	2.7174463	4.74485	4.873814	5.4092016	4.40733	4.399368	3.9845338	4.6471567	5.1736393	5.089106	4.624083	4.8038225	4.2789087	3.67865	5.1483326	4.9590516	4.06882	4.745896	3.7643874	5.457482	4.4973164	3.5918324	4.41458	5.160365	4.338716	4.932263	5.086975	5.737051	5.1402225	6.0877376	4.405847	3.9047008	4.365845
IARS_33171	4.872845	4.362231	5.0529046	4.58805	4.4552264	5.656882	5.3844843	5.649119	5.5781703	5.101667	5.0288405	4.4504933	5.612965	5.37779	5.0821466	4.9598656	5.1180816	5.0567493	3.871139	5.0763106	5.4074864	5.4092016	5.526864	5.0330434	5.082471	4.8488083	4.829656	5.409069	4.273237	4.93921	4.512362	4.0652423	4.961487	5.019812	4.333677	5.326156	4.9364786	5.007489	4.8153596	5.265733	4.704287	5.4575152	4.603718	4.8382587	5.3918266	6.061656	4.9087806	5.507401	4.6976795	4.207234	4.51535
IARS2_8858	4.4221745	2.3301039	4.561031	3.2133267	3.9578092	4.459483	4.068923	4.677585	4.46754	4.325485	4.369601	3.5597103	4.560755	4.5831194	3.9509327	3.7780194	4.2682877	4.299438	4.1482205	3.469012	4.873814	4.422068	4.297508	4.435088	4.5586634	4.4627132	3.6421144	4.336896	4.182158	4.4876986	4.2789087	4.007584	3.9217556	3.9115734	3.1523242	4.2260103	3.9136333	3.5947201	4.357303	3.6635237	3.6459768	4.7125773	4.1621037	4.03634	4.999513	4.595598	4.009029	5.0730395	4.322632	4.378588	3.4971662
ICAM1_8859	5.5421023	4.321286	4.233438	5.091677	4.376628	5.577238	5.3844843	6.017562	5.8092413	5.2890506	5.271771	4.74955	5.8019204	5.687413	4.6626306	5.5187993	6.005455	5.2408824	4.971041	5.323154	6.3172946	5.277185	5.26035	4.6326194	5.213594	5.404236	5.3419557	6.0173087	5.344473	5.688329	5.5238175	5.1602564	4.961487	5.6196246	4.48659	5.5242486	5.3308682	4.943985	5.014962	4.7107253	5.0075274	6.260383	4.379686	4.5527587	5.1694365	6.185386	5.940209	6.5359106	5.1954775	5.1201177	4.2729
ICMT_8860	1.6305549	0.6557987	1.9030463	2.5181563	2.1664994	3.0792744	2.7904801	2.6734118	3.3295743	2.5266557	2.1444392	2.200775	2.8407278	0.82019544	1.5716753	2.8123772	1.9300845	2.3117008	2.966509	1.5304413	1.6192706	2.2375386	1.353526	1.6397378	0.7178737	2.250642	0.0	2.673195	0.0	1.6773919	2.6905363	0.7275637	1.5091133	1.8781195	1.7024508	2.2296865	1.687787	2.8546557	2.5543716	1.156129	2.8274064	1.2407571	2.168997	2.0738304	2.99956	1.9966261	1.7325498	2.4607615	2.190403	1.1142143	1.193102
ID2_8861	7.8813457	7.3047686	7.718441	7.851269	7.5431547	8.207934	7.9519157	8.488289	8.806136	7.9625235	7.8307037	7.6511073	8.33489	8.513519	7.815109	8.048407	7.8808064	7.9001474	7.389675	7.8661366	8.522695	8.028538	8.118183	7.9202604	7.8407383	7.951791	8.115179	8.209666	7.8670096	7.8466988	8.391602	7.6746197	7.4062757	7.9298086	7.2484374	8.047063	7.661258	7.868577	8.086728	7.895528	7.883319	8.128147	7.581896	7.6532454	8.586338	8.587033	7.9328027	8.360821	7.7552075	7.718764	7.4243736
IDE_8862	6.7396345	6.2661195	6.753027	6.6050067	6.3951025	7.1693325	6.7574553	7.52878	7.799618	6.9265456	7.2516084	6.7284656	7.339351	7.4495735	6.721678	7.08263	7.1450534	6.792833	6.4451776	6.6951814	7.16974	7.4204903	7.2218537	7.052315	6.878981	7.0090356	7.1368184	7.708884	6.9476533	7.15788	6.927229	6.699981	6.780503	7.198097	6.1815286	6.8036094	6.7500415	7.280284	6.9489417	6.369833	6.8433404	6.9820433	6.5315003	6.432739	7.467106	7.3106775	7.2860494	7.778051	6.7218328	6.5838923	6.5927267
IDH2_33002	6.855162	5.8996534	6.215204	6.3777766	5.955667	7.0782475	6.3203883	7.791513	7.6720095	6.9171014	6.634588	6.2983074	7.549085	6.7877364	6.0464125	6.8596363	6.7894716	6.7705536	6.175178	5.88072	6.8623557	7.1328535	6.6063275	6.635149	6.94841	6.9222727	6.9632645	7.929533	6.337202	6.6664867	7.028668	6.2925825	6.5629816	7.5518847	6.3604207	7.0323133	7.0532875	7.004912	7.3508368	6.0734706	6.6329236	7.3567195	6.653455	6.575537	7.3078394	7.337602	7.6702633	7.9256887	6.7136903	6.8400245	6.288844
IDH3A_33174	7.8781357	6.9221616	7.8049483	7.7519155	7.303961	8.024925	7.9519157	8.250533	8.126106	7.656869	8.032689	7.6303034	7.759778	8.178158	7.572584	7.6806097	8.114569	7.6946254	7.1463523	7.520252	8.395302	8.205436	7.979852	7.6957083	7.5982914	8.081575	7.759297	8.15627	7.877934	7.829372	7.6643033	7.5026817	7.3583813	7.6464415	7.0903454	7.9470544	7.6184053	7.549258	7.4746046	7.6262484	7.620679	7.8583956	6.9607487	7.0085316	8.126204	8.250543	7.359319	8.392595	7.4119825	6.9730425	7.380495
IDI1_8863	4.556763	3.9966314	4.233438	4.398905	3.8455658	4.627056	5.314686	4.7202697	5.1271906	4.381498	5.1025214	3.9438322	4.7923274	4.8742495	4.6246834	4.0929766	4.464721	4.299438	3.7434611	4.0098786	4.530035	4.6877766	4.604687	3.830415	4.299972	4.360822	4.953656	5.0561676	4.399905	4.1283503	5.0466332	4.5009766	4.188449	4.6866455	3.8035955	4.6216445	4.6689043	4.807922	3.8308377	4.085053	4.9454346	3.9367666	3.5938523	3.574598	4.5230813	4.12504	4.29169	5.0730395	3.8144693	4.1132665	4.365845
IER2_32643	5.9370904	5.6247144	5.8198066	5.7442827	5.3620234	6.302066	6.2221417	5.835395	6.2129498	5.6269403	5.987252	4.9306216	6.075366	6.42604	5.726352	5.659184	6.2514963	5.550809	5.5501604	5.7003293	5.916548	5.5301437	6.02875	5.269057	5.6438985	5.7244716	6.003761	6.418152	5.2579165	6.1679473	6.06928	5.826458	5.2215505	5.732843	5.4724803	5.5242486	5.6402645	5.835413	5.9766135	5.014755	6.38649	5.9463453	5.555977	5.2568727	6.458935	6.479366	5.6544027	6.9182377	5.7354364	5.554848	5.6028314
IER3_8864	1.8561494	2.6274648	2.696003	0.66999	2.6401563	3.1905103	2.1003423	3.9635777	2.6509938	2.0617402	2.1444392	1.955242	1.2447265	3.6420867	2.6461606	2.326616	1.9300845	1.4325044	2.8473456	2.8670673	2.8513174	2.2375386	3.2947974	2.877406	1.8395665	2.957191	2.271517	2.2755182	1.9845754	3.3706653	3.3987858	3.2518594	0.6919362	2.1193378	1.9328802	2.440523	0.7995354	4.0814734	2.5543716	2.4060068	1.6005821	2.834815	2.8897388	2.2785902	3.1694782	2.4557507	2.1650176	3.323391	0.67270136	3.0994654	1.550732
IFI30_32493	6.154347	5.1969314	5.7663407	4.817053	5.2562366	5.695113	6.284325	5.510071	6.365942	5.7806573	5.2394724	5.4882126	5.486443	6.3194275	6.0027003	5.4319863	6.4384365	5.0567493	5.6778936	5.751806	6.329737	5.961453	6.02875	5.6796823	4.8762355	5.823556	5.572214	6.338205	5.646562	6.0886083	5.646733	5.078611	4.903335	6.1134686	4.8669906	5.1869392	5.964973	4.9111533	5.465019	5.418593	6.030501	5.544363	5.4053946	4.8382587	6.010732	5.8535585	5.6709433	6.1114326	5.073521	5.1440763	5.051414
IFIT2_8867	8.114733	6.2552915	6.715904	6.6137404	7.4113617	6.8767686	7.2315116	7.776422	7.8334146	7.2685533	7.124729	6.7954063	8.036831	7.51142	7.759287	8.405296	6.2514963	7.079301	6.853495	6.63248	7.772022	7.446335	7.068697	7.728466	7.549473	7.263159	8.242212	7.8548865	7.76478	7.4394703	7.2516346	7.8973265	7.072027	7.4671497	7.3315606	7.208232	7.0532875	7.13856	7.103028	6.6424303	7.019423	8.564582	7.208268	7.051059	7.330417	8.136346	8.163634	8.541749	7.4565773	7.5361786	6.335554
IFIT3_8868	4.7932763	3.430726	2.696003	2.788815	3.9578092	2.9587402	1.5718547	4.032947	2.4663844	2.5266557	2.9712968	2.5936327	4.9283385	3.4533052	4.1241193	4.5291653	1.9300845	1.4325044	3.3638895	3.2948601	4.873814	3.3631423	4.003165	2.7696137	3.3257585	2.957191	4.136628	5.3007517	4.624083	2.4321535	3.8717287	4.659131	4.2826996	3.548908	2.7303865	3.5934687	4.340139	3.2189481	3.9655392	3.9766421	3.4806895	4.9216905	3.1953344	4.666542	3.2474778	4.6395364	4.29169	5.0239434	4.234321	3.9597363	3.3226593
IFITM2_8870	6.644594	5.8996534	6.280225	6.0447617	5.8864393	6.3979006	6.694728	6.2682757	6.6630454	5.841832	6.0256395	5.7612715	5.7292805	6.6624837	5.779126	6.1823654	6.238128	6.1429257	6.0322375	6.404873	6.640602	6.359853	6.084924	6.2198305	6.0186086	6.487215	6.595558	6.2823343	5.924592	6.3146257	6.1683598	6.139942	5.9525566	6.391538	5.8134236	5.9430127	6.2719426	6.900056	6.3778815	5.7503176	6.4988394	5.74104	6.4568853	5.3506517	6.2283225	6.0454164	6.279171	6.0514493	5.1954775	5.888464	5.934068
IFNAR1_8872	3.0595496	2.486432	3.2047765	3.2133267	2.9961455	3.8628378	3.3514462	4.390976	4.255975	3.0256517	2.8046954	3.6451528	3.7363482	3.5507815	2.3059688	4.0929766	3.5286222	2.467557	3.0765762	2.8670673	3.5060158	2.9657874	3.439704	3.5336206	3.2298694	3.429383	2.8837204	4.032706	3.4666753	3.8268995	3.4891737	2.7871325	3.3549814	3.373766	2.9567258	3.5934687	2.4444666	3.2189481	1.6270963	2.8365164	3.6459768	2.6899478	2.3448164	3.224361	4.08699	2.4557507	3.1907747	3.9673057	2.9135318	2.7705867	2.6195898
IFNGR1_32668	7.5186915	6.7477264	7.495626	7.506724	7.287944	8.017402	7.8609815	8.047607	8.213036	7.409927	7.7922544	7.1716375	8.203634	8.155093	7.397993	7.5372076	8.182444	7.255412	7.3681912	7.6749306	7.772022	7.929396	7.7697177	7.384682	7.6220946	7.682901	7.694117	8.355553	7.704691	7.9814377	7.739887	7.095492	7.3745236	8.508829	6.985162	7.7533946	7.6292386	7.775879	7.7466135	6.5881968	7.6790805	7.743789	7.33346	7.0923686	7.93319	8.166692	8.339481	8.574084	7.285849	7.513366	7.329482
IFRD2_8875	4.996422	4.4020452	4.7926054	5.279024	5.018098	5.2830663	3.6822586	5.5579247	4.996911	4.8470116	4.369601	4.8608956	4.7562222	4.157383	3.888254	4.724454	4.7919374	5.1970053	4.0436835	3.9523666	4.9402366	5.4300756	5.426087	5.4192967	5.1625657	4.511081	4.504222	5.1213093	4.8180656	5.38101	4.468596	4.3698306	5.4212437	3.9743235	4.750989	5.4286	3.9136333	5.434561	4.3074403	5.3332367	4.6662955	4.467931	4.496046	4.666542	4.780875	4.8782954	4.374813	4.0676174	4.522309	4.378588	4.687281
IGF1_8876	3.7064028	2.9829214	3.660505	3.7454848	3.3652549	2.6824741	3.754334	3.7328856	4.1372924	2.8777032	3.9579256	3.1560693	3.2045193	3.5507815	3.5260668	3.4647577	3.7706692	2.854038	3.6751187	3.6243875	3.5911667	3.6026177	4.1367245	3.9339144	3.3257585	3.429383	3.9704094	3.732648	2.3618937	3.5840557	3.7306347	3.5227396	2.9579055	3.463993	3.0578372	3.188829	2.7916732	3.2189481	4.202226	3.2630503	3.794259	1.6063654	3.100484	2.2785902	2.99956	3.2054403	3.3635335	1.7015651	3.2198298	3.2832968	3.3226593
IGF2BP2_8878	2.6417313	1.7233189	2.353332	2.907214	2.9961455	0.7462653	2.486291	2.2757223	2.814638	2.0617402	2.9712968	1.6591743	2.1454625	2.668917	1.2110108	2.1199853	1.2662693	1.4325044	1.1630801	1.1757872	1.251849	2.0344265	1.8448938	2.0614784	2.0785348	2.250642	1.8287144	2.9846053	2.185535	1.9061652	2.967061	1.5692585	1.5091133	2.6671908	1.0890009	1.9826764	2.4444666	3.2189481	1.2585819	0.6909027	0.7463577	2.834815	1.1148349	1.1915702	2.321526	3.0834928	1.1120816	2.130537	2.190403	2.7705867	0.71652496
IGF2R_8879	3.0595496	2.8738854	3.2047765	2.907214	3.78599	4.2182827	3.9511857	4.677585	4.4174857	3.3957052	3.8762534	3.5597103	3.6602395	4.628482	2.7902486	3.4647577	4.2146955	3.158557	2.574683	3.5487905	4.0778275	3.5271246	4.297508	3.5336206	3.7279603	3.429383	3.6421144	4.6773376	3.5418694	4.1283503	3.4891737	3.5227396	3.2654822	4.201141	3.2410011	3.405289	2.4444666	3.9583218	3.89976	2.5642188	3.079476	4.059796	2.9989562	3.224361	4.043922	3.9265325	4.1095295	4.448634	3.75223	3.660804	3.8587372
IGFBP3_8881	5.3329234	3.8886662	5.784384	5.502383	4.4164624	6.0152435	5.879479	5.815846	6.516195	5.3180447	5.586211	5.121607	5.871078	5.790793	4.9955955	5.3155656	6.0366755	5.5681353	4.7562947	4.4023523	5.7961783	6.0584874	5.5747304	5.308109	4.635521	6.003384	5.429996	5.8544292	5.0156536	6.373193	6.0246415	5.591575	4.3276124	5.2654138	4.373451	5.0964675	4.7505484	6.204022	4.9835544	4.676478	5.7325816	5.075422	5.708488	4.03634	5.8068614	5.4713345	4.5988097	5.2328033	4.6642694	4.207234	4.6322165
IGFBP6_33233	5.4060717	5.501839	5.802204	3.8077013	2.1664994	5.1789985	6.7038574	4.633599	6.0582137	4.325485	6.75372	2.200775	4.960428	6.6405087	5.0250263	5.872006	3.2376134	5.0067945	3.274329	5.0214367	4.441083	3.987655	4.6351066	5.3647738	4.6724668	3.3250225	8.640765	5.7553062	3.3873456	1.9061652	5.646733	4.835181	4.188449	5.8036685	5.8561635	6.9224887	6.7892075	7.478187	4.4055	3.5918324	3.079476	6.817425	7.208268	7.184393	5.754394	7.3705664	8.134113	5.9234395	5.6355367	4.8557158	5.5932527
IGFBP7_32929	9.9572935	9.512035	10.325676	10.125317	9.965105	10.462953	10.642974	10.55104	10.485487	10.100566	10.149728	9.745821	9.751342	10.480718	10.09855	10.087558	10.33914	9.796183	9.872412	10.160273	10.510216	10.073308	10.36456	9.976894	9.927685	10.487251	10.025554	10.213495	9.807239	9.932407	10.616685	9.858538	9.669992	10.003602	9.429951	10.256485	9.839689	10.064812	9.654503	9.915961	10.303732	10.108328	9.699681	9.585333	10.632038	10.480829	9.386909	9.99474	9.242574	9.099196	9.4112625
IGG-2A_33162	8.250026	7.9162016	9.758492	7.9985776	10.442422	9.872257	11.268206	10.502189	10.460214	8.282375	8.004136	7.446157	8.974439	9.192755	9.263144	8.576962	9.746496	7.9864497	8.403962	9.243238	9.288686	10.086516	10.501913	8.501131	7.3586364	8.940068	9.8836775	10.185211	7.7290277	8.605788	4.786373	8.725745	10.6321	11.257877	9.64529	9.700544	9.281498	7.652189	8.406855	6.0865707	11.057925	8.805603	10.261979	8.257165	10.106715	9.697245	11.089417	10.102122	9.570239	11.51946	8.865329
IGH-6_32666	9.783743	8.31852	9.930386	8.15634	9.674053	11.022422	10.936195	10.3685255	12.089642	9.507895	9.456039	8.061762	11.188379	9.052096	10.568439	9.115242	9.540031	8.991651	9.652341	9.22058	9.970469	10.114995	9.387596	9.715206	8.390721	8.425492	9.637801	11.503345	8.181101	8.033813	7.574251	8.384425	9.745376	11.277061	10.096731	8.980419	10.253458	7.868577	8.415707	6.3263187	10.002054	9.365092	10.054655	8.287126	10.122326	10.654829	11.59213	10.558908	10.058182	10.818432	9.900654
IGHA_8883	2.6417313	6.9221616	4.4296265	3.4657202	3.0976462	4.6660757	3.8229792	4.8020277	3.9386752	4.007263	4.369601	6.387794	3.8774855	2.9801729	7.8484173	6.260022	3.1259208	2.7363515	7.5024376	1.1757872	4.653956	3.075847	7.3603	8.083909	2.7661297	7.1607604	9.003813	7.7812138	6.133494	3.710581	7.5794044	3.5227396	4.188449	4.5695896	3.4035087	4.167958	3.7643874	7.29944	3.89976	5.861193	8.285386	3.7299907	3.3681562	6.443421	4.2089777	4.595598	3.1907747	1.9319366	3.0230174	7.698683	3.176361
IGJ_32511	11.310113	10.809604	11.212185	10.953346	11.333264	11.938638	11.574158	11.957507	12.647776	11.530609	11.887976	10.702634	12.0682535	11.59464	11.4958935	11.431946	11.731289	11.108651	11.10181	11.491259	11.559764	11.578355	11.499092	11.142736	11.726452	11.226533	11.671858	11.810049	12.009311	11.423886	10.8316765	10.6869135	11.712978	12.79977	11.2655115	11.141772	11.807547	11.266699	12.105875	10.023752	11.931377	11.839467	11.655753	11.715612	11.857673	12.766474	11.804963	12.3025675	11.903234	11.541895	11.497987
IGSF6_8886	4.273725	3.0842927	4.1799192	3.8673456	4.4552264	4.3677835	3.6063921	4.7202697	4.608057	3.9342363	4.538403	4.0097504	5.0526247	4.7565928	3.888254	4.6104794	4.418063	3.158557	3.603377	4.358748	4.3462834	3.8079436	4.2193546	4.601519	3.6559942	3.861182	4.5442247	5.2138186	3.9256022	4.4876986	4.2789087	3.4379745	4.188449	5.214335	3.9156005	4.6216445	4.710304	4.349968	4.5836377	3.7970295	4.627276	4.8209195	3.5938523	3.9187803	4.3918386	4.3532715	4.7926564	5.166487	4.5950346	4.602612	3.9813085
IGTP_8887	6.295794	5.7222996	6.090229	5.3643	5.5705957	5.9691844	6.4562497	6.310794	6.455479	6.113956	6.316285	5.6206837	6.267168	6.7676015	6.15689	6.260022	6.1833825	6.0959153	5.8582325	5.8015084	6.620487	6.124007	6.12834	5.8078284	6.0610228	5.9162703	5.836643	7.0147266	6.337202	5.8889875	6.661713	6.441535	6.102228	6.4143486	5.561263	5.569796	6.0153923	6.795998	5.7712326	5.5755024	6.38649	6.7550635	5.46372	5.637855	6.706861	6.793202	6.373142	7.0343475	5.843864	5.7548094	5.452005
IKBIP_32492	4.1514177	3.1790063	2.145686	3.6804638	2.9961455	3.5654895	3.255363	4.677585	4.8155456	2.5266557	3.4935977	3.2680495	3.6602395	3.2360482	3.3512022	3.846752	3.9778814	3.7506518	3.871139	2.9864812	2.7061675	4.6167192	3.8559678	3.1595235	3.4156697	3.7845476	3.7825153	5.089106	2.9081242	4.034695	3.9374175	3.6028	3.3549814	3.373766	2.461808	3.5024447	2.7916732	3.5095499	2.715985	3.0654895	3.5656989	3.4885392	3.2843316	3.0111494	3.2474778	3.6105773	3.7220852	3.239858	2.3669193	3.2832968	2.8937876
IKBKAP_8888	4.234097	1.7233189	1.6111797	3.302455	3.9027789	4.3196507	3.6822586	4.761728	4.1372924	3.5983813	3.4935977	3.2680495	4.284769	2.668917	3.1521814	1.5888703	3.6944115	3.5559726	3.6751187	2.9864812	4.135664	4.0961194	3.6920276	3.1595235	2.896768	3.429383	2.8837204	4.5879827	3.5418694	3.2918935	3.9374175	3.2518594	4.188449	3.463993	2.9567258	3.3011148	3.5068517	3.5947201	3.601796	2.0255485	3.5656989	4.3762045	1.968738	2.2785902	3.4589746	4.2436643	3.5891576	3.742971	3.8144693	2.5005684	3.4554782
IKBKB_8889	5.7945285	4.9773192	5.7480693	5.7442827	5.5348477	6.0302753	6.089105	6.3520947	6.074456	5.716773	5.865552	5.533735	6.045759	6.4765306	5.671574	5.639946	5.838334	5.635433	5.9622674	5.514129	6.2920823	5.568305	5.896882	5.539034	5.883329	5.9517493	6.166387	6.3244386	5.3653245	6.053223	5.7599936	5.591575	5.5212975	6.391538	5.1901765	6.1669993	6.0956964	5.608475	6.05425	5.194915	5.8558497	5.9463453	5.9452453	5.7104063	6.2186728	5.757134	6.413019	6.3591576	5.9722724	5.2361207	5.375832
IKBKE_8890	3.9212615	3.6449819	4.602301	3.5409095	3.6589074	4.414362	4.068923	4.8020277	4.3118453	3.7760599	4.538403	2.9020875	4.3345904	4.0279417	3.1521814	3.846752	3.6944115	3.9750757	4.0436835	4.1184506	4.3462834	4.422068	4.178631	3.3209743	4.042132	3.526701	3.6421144	5.0561676	2.9081242	4.745898	4.328719	4.0652423	4.494464	4.1476912	3.3245418	4.437347	3.3054578	4.0814734	4.0887313	2.7067823	3.7220223	3.3017287	4.114353	2.8914306	4.2089777	4.595598	3.657152	4.556145	3.2198298	3.8474822	3.4554782
IL10_32454	3.0595496	3.0842927	1.9030463	2.1847157	2.7688293	3.1905103	2.7904801	2.0264177	3.43397	3.2825825	2.8046954	3.3719604	3.4043794	3.8089995	3.5260668	2.1199853	1.2662693	1.9380654	2.4162252	3.469012	3.5060158	2.5739944	3.2947974	2.2336307	1.8395665	3.3250225	3.7140222	3.5554237	3.0175493	2.4321535	1.6068331	2.3030627	2.5664744	1.8781195	1.9328802	1.9826764	2.6284897	2.8546557	2.1639853	2.228283	3.5656989	3.4885392	3.2843316	2.4578679	1.8069959	3.5194535	2.3407063	3.8594944	3.3929877	3.194307	1.961433
IL13RA1_8891	7.855462	7.3963223	7.7231255	7.691322	7.3915114	8.028673	8.21078	7.929789	8.5544	7.5570335	7.688406	7.5605397	7.7778993	8.008379	7.7238293	8.055684	7.85038	7.4266644	7.704534	7.960319	8.17165	7.9072356	7.8334117	7.7463484	7.5593696	7.9252644	8.301766	8.242978	7.7005944	7.9139977	7.9691887	7.6370873	7.5411005	8.080031	7.3060956	7.4887357	8.006898	7.6719217	7.6144495	7.408802	7.7534447	7.952705	7.7199116	7.3354034	7.83555	7.825242	7.862537	8.370672	7.461448	7.5270967	7.276599
IL18_32962	8.189155	7.5767565	7.2772985	7.5619197	7.4064245	7.7486796	8.528526	7.8358617	8.477094	7.575161	8.180366	7.397738	8.0703	7.9692445	7.8849926	8.174091	7.7121835	7.4595327	8.053118	7.7611933	8.082555	7.774791	7.499074	7.832579	7.860885	7.9297194	7.404677	7.878631	7.380399	8.218183	7.6643033	7.563968	7.3745236	7.8774137	7.9135346	7.541128	7.8490458	7.7105966	8.068133	7.1083927	7.9948177	7.806629	8.0468445	7.1125884	7.6964674	7.5366206	7.750273	8.095697	7.466303	7.6367044	7.0004034
IL1B_8892	8.470675	8.694185	8.432782	8.107708	8.377151	8.310007	8.576534	8.434827	8.793926	8.202994	8.937322	8.878978	8.33489	8.935111	8.538497	8.730358	8.856029	8.061776	8.895699	8.770399	9.116259	8.429292	8.579623	7.9939632	8.28733	8.3576765	8.6884	8.889654	8.62114	8.649885	8.531111	8.516894	8.273052	8.884589	8.232915	8.376737	8.916154	8.42556	8.515157	8.475983	8.853039	8.551537	8.231631	8.425556	8.475232	8.470232	8.063832	9.100477	8.565365	8.95935	8.037767
IL1R1_8893	6.1002703	4.749371	5.486725	5.066451	5.3414774	6.690615	5.6531076	6.5425305	6.726089	5.3180447	5.6854568	5.6206837	5.9208536	5.887258	5.0821466	5.639946	5.890534	5.618901	4.999267	5.180168	6.1165	6.003841	5.9821806	5.8078284	5.1363587	5.7448406	5.6476	6.5303335	5.5221004	5.7485633	6.1125784	5.859426	5.357702	5.6583595	4.72047	5.613949	5.0696926	5.7999835	5.509802	4.9007115	5.838872	5.9303093	4.88556	4.7025595	6.3304205	5.8903933	6.058076	6.3190174	4.6300673	5.423973	5.0088153
IL2RG_8894	7.761026	6.84482	7.606268	7.409762	7.4357967	7.8830914	8.155288	7.4923005	8.129996	7.651184	7.8415036	7.1930757	7.1436176	8.464329	7.80666	7.0538464	8.051007	7.2660685	7.526881	7.814619	8.115267	7.7037106	7.9916553	7.2507777	7.300817	7.8188057	7.7845664	7.8880205	7.667398	7.8773723	7.427668	7.768735	7.130228	7.7841663	6.9060082	7.434369	7.395424	7.527761	7.2943606	6.6861176	7.748907	7.3864098	7.173741	6.840904	7.991021	8.0856285	7.6411777	8.348412	7.350294	6.7724624	6.7816963
IL36B_33203	0.6079388	0.6557987	0.752753	0.0	1.1131065	1.6004289	2.3061843	2.6734118	0.811001	0.0	0.8916533	1.2862334	1.2447265	0.82019544	3.1521814	1.5888703	1.2662693	2.3117008	0.6957044	1.8148876	0.75764817	1.1626221	3.0458522	1.8659643	1.8395665	1.3239917	1.1865652	5.7553062	2.185535	0.63191724	1.2411588	2.097342	1.7915226	2.506633	0.6449023	1.6844561	1.3109689	0.0	2.372343	2.0255485	2.5217707	2.9664538	1.968738	1.1915702	2.5845437	1.3192296	2.1650176	3.239858	2.79505	2.9979472	2.280753
IL4R_8896	5.924697	4.749371	6.5144486	6.1079416	5.498192	6.53068	5.7266173	6.6677628	6.1833014	6.5154557	5.947815	5.4649014	6.0001774	6.736862	5.493533	5.3396134	6.1833825	5.746141	5.8582325	5.88072	6.057874	5.9177823	6.211438	5.9748893	5.851463	6.020193	5.836643	6.506147	5.3653245	6.200658	6.3602076	5.7405834	5.7855406	5.7862854	5.07428	6.0106344	5.4578357	5.763662	5.752721	4.7441783	5.577462	5.864321	5.1212378	5.5417137	6.5072975	6.155434	6.25743	5.976014	5.307923	5.536863	5.283549
IL6_8897	5.1319685	4.047728	5.139562	5.140844	4.6348104	4.704067	5.535304	4.4428744	5.063521	4.765157	5.206434	4.497202	5.2472773	4.715141	5.241075	4.6104794	5.500474	4.380134	4.722831	4.935002	5.122916	4.652685	5.240702	4.537232	4.8114586	5.404236	5.1736393	6.1165004	5.2800474	4.8319354	4.675246	5.551788	4.454525	5.2654138	4.8101554	4.57773	5.618683	4.4447794	5.487584	2.7067823	4.8126054	5.01588	5.168765	4.385582	5.228329	5.1145706	5.3396177	5.594049	4.279152	4.765924	4.9196486
ILK_8899	4.1082306	2.3301039	4.1243386	3.2133267	3.1924727	3.8628378	3.6063921	4.33714	4.0740767	4.325485	3.5991883	3.3719604	4.895519	4.0941133	2.921244	4.2534776	3.0048497	3.5559726	3.6751187	3.469012	3.9546967	4.1969967	4.0490723	4.1642017	3.016553	3.7036133	3.2164025	4.5879827	2.9081242	4.216295	4.1182437	3.4379745	3.9791842	5.049259	2.9567258	3.6790886	4.2864017	3.5095499	3.89976	3.7970295	4.2184987	3.87108	3.6618662	3.4946837	4.128809	4.185571	4.5988097	4.2494674	1.9892389	3.9597363	3.1241014
IMPDH2_8901	9.235163	8.351938	9.351215	9.069029	9.168862	9.564203	9.71107	9.447106	9.482695	9.240849	9.599732	9.108788	9.268416	9.723672	9.246061	8.850289	9.851182	8.812419	9.060481	9.365319	9.753273	9.399682	9.467952	8.76069	9.150725	9.477646	9.511069	9.665994	9.410716	9.380663	8.924398	9.259506	8.904498	9.131712	8.7908	9.074272	9.426729	8.835179	9.156273	8.414974	9.3079605	8.9597	8.710477	8.420158	9.663056	9.820463	8.741056	9.336176	8.868307	8.509413	8.827019
INHBA_33300	1.3630255	0.0	0.752753	2.361048	1.4566294	0.7462653	1.5718547	1.3431008	2.814638	1.3715297	1.4386133	1.955242	2.3531	1.3398731	2.3059688	1.5888703	1.2662693	1.4325044	1.7985483	1.1757872	2.7061675	1.7979587	1.8448938	1.0412753	1.1950403	0.80882925	1.5430765	2.2755182	2.3618937	2.4321535	0.75012773	0.7275637	2.0275967	1.2252613	1.4280888	0.79748124	1.3109689	0.0	1.6270963	1.156129	1.6005821	1.8978021	1.4586725	2.2785902	0.58479494	3.0834928	3.5177994	4.115274	3.619066	3.5214198	3.1241014
INPP1_8904	5.1533713	3.5770385	5.1945705	4.477563	4.293499	4.880327	5.451061	4.492971	5.3028984	5.198399	5.3941865	5.180035	5.0225425	5.70869	4.278726	4.9905663	5.058486	4.598228	4.197779	4.8430567	5.064556	5.253958	5.26035	4.286571	5.082471	5.183252	5.451192	5.328603	4.848004	5.455182	4.1182437	5.2868347	4.7794886	4.5695896	4.4121585	5.0650043	5.1011596	5.2100253	4.5836377	4.2801247	5.380353	4.278248	4.532837	4.666542	5.3393598	5.6538005	4.8518867	5.6436443	4.4845233	4.6701713	4.722857
INPP4B_8905	4.679861	4.5511484	5.1112504	5.1648126	4.7008195	5.4263177	5.3844843	5.5812693	5.3833284	4.8470116	5.3941865	4.9306216	4.960428	5.621631	5.4507966	4.863637	5.407996	5.1517515	5.054115	4.9931965	5.2592554	4.755498	5.220783	4.469946	4.346438	5.0257	4.953656	5.626603	5.576761	4.745898	5.317256	5.357773	4.679086	5.677344	4.2927747	4.8964896	5.276778	5.155	4.91861	3.9766421	5.2321935	5.1876035	4.637894	4.772004	5.6577187	5.6103015	5.318776	5.7072268	4.6300673	4.6701713	4.3201213
INSIG1_8906	8.033379	7.351271	8.217266	7.905622	7.680364	8.250276	8.478865	8.060123	8.495305	7.8774285	7.873427	7.475614	7.7868752	8.413402	7.912812	8.048407	7.988513	7.7639313	7.638769	8.082628	8.287806	8.482719	8.241934	7.6470385	8.09662	7.861404	8.05415	8.217135	7.8186913	7.698067	8.132351	8.20688	7.7493777	7.8650475	7.3565845	7.62443	7.9690247	8.42556	7.797169	7.419195	7.5854864	7.648987	7.064905	6.669522	7.499346	7.834723	8.032173	8.44249	7.564648	7.7464166	7.74083
INTS3_8907	4.996422	4.5511484	4.8957977	5.140844	4.7944946	5.4034085	5.314686	5.854682	5.4840364	5.555693	5.271771	4.8961797	5.441677	5.208881	4.4183564	5.4541845	5.5661387	4.9013753	4.292064	4.2673736	5.625015	5.2303514	5.26035	4.601519	5.606204	5.212798	5.364475	5.434924	4.6582794	5.1769557	5.0466332	4.3698306	4.679086	5.431165	4.689292	5.453113	4.970953	5.12668	4.9514475	5.041911	5.2832894	5.2405844	4.856829	4.870279	5.3393598	5.696026	5.25438	6.0142245	5.021698	4.378588	4.3431644
IPO13_8908	3.4538498	2.3301039	3.5801554	2.1847157	3.1924727	3.3901486	3.4415276	4.8412323	4.5159154	2.5266557	3.4935977	3.1560693	4.0060377	4.157383	3.255121	3.846752	3.0048497	4.213959	2.966509	2.2562509	3.4155223	4.0429063	2.952313	3.659754	3.5802486	3.526701	3.8479037	4.720022	3.7464566	3.3706653	3.4891737	3.3479161	3.2654822	3.1743853	1.4280888	3.405289	2.4444666	3.8236685	3.5165868	2.955541	3.9915128	3.6539102	3.2843316	2.6173096	3.806888	3.9265325	4.0601544	3.8594944	2.79505	3.7257514	2.542046
IQGAP1_8911	5.87403	5.347264	5.4645157	5.836704	5.4219613	6.4094443	5.8135314	6.418406	6.492214	5.975228	6.4493203	5.4412074	7.0272436	6.513272	5.863007	6.10029	6.2908726	5.8347087	5.451461	5.78513	6.102065	6.3044066	5.751737	5.7380457	6.0186086	5.7448406	6.204333	6.7314954	5.745313	5.4731445	6.1683598	5.510872	6.0892453	6.773155	5.526403	6.152104	5.8585186	6.3085694	6.6914845	5.418593	5.7508497	6.429642	5.8168774	5.983554	6.2568917	6.682044	6.681416	6.769795	5.7829065	5.5901594	5.330428
IQGAP2_32488	2.222978	1.4470309	1.2448933	1.4715443	0.0	3.2937799	0.0	0.82250994	1.3270301	0.0	3.1206355	1.6591743	0.0	2.2714932	2.3059688	0.0	1.9300845	1.7073178	0.0	0.7045007	0.0	0.69538784	1.8448938	2.877406	0.0	0.0	1.8287144	5.8155932	1.4722159	0.0	0.75012773	0.0	2.5664744	2.325943	1.0890009	0.79748124	1.687787	0.7592324	2.1639853	1.5073531	3.6459768	3.3017287	1.1148349	0.0	2.906455	2.4557507	3.5177994	3.6809788	2.524174	1.9678794	2.0759077
IQGAP3_32777	3.2304003	1.7233189	2.353332	1.4715443	1.1131065	2.82721	0.7291152	1.7248423	2.0063746	2.8777032	2.1444392	1.2862334	3.093146	1.3398731	1.8599678	1.5888703	2.5653183	1.9380654	1.7985483	1.8148876	3.1040103	2.5739944	2.952313	2.977701	2.4629142	1.7028205	3.003343	4.6773376	0.6703802	1.6773919	2.6905363	2.4830763	2.5664744	3.373766	1.0890009	2.6244397	2.23349	0.7592324	3.3294005	2.4060068	1.8915004	2.6899478	1.4586725	2.4578679	2.806924	2.8034983	2.8853111	2.6012702	1.9892389	3.0994654	1.550732
IRF7_8913	4.234097	3.6449819	3.4046404	2.907214	3.7238476	4.10925	3.3514462	4.032947	4.3118453	4.381498	4.0352206	3.802208	5.0225425	4.2179937	4.545657	4.4867225	3.5286222	2.7363515	3.6751187	3.8299706	4.83942	3.870368	3.9067206	4.2469234	3.7965066	3.7845476	4.237673	5.5810175	4.7874928	3.5840557	4.922364	5.021495	4.873356	4.5695896	4.2927747	4.044337	3.8409395	4.021211	4.9514475	4.1363487	3.2939854	5.79517	4.208325	4.5127454	3.857513	4.8411465	4.9087806	5.254248	4.824082	3.8474822	2.9549038
IRGM2_8916	3.763191	3.267883	3.660505	1.750284	2.498873	4.3196507	1.5718547	4.2812176	4.1372924	2.8777032	2.9712968	1.6591743	2.3531	3.4533052	3.0413287	4.201936	3.341277	3.4098673	3.274329	2.0523822	2.5447638	3.447462	2.0393906	3.8830926	3.3257585	3.6178672	3.7140222	4.720022	1.9845754	1.4053764	4.000245	3.67865	4.0876074	3.6291015	3.0578372	2.2296865	3.5068517	3.4190342	2.8613043	2.7067823	0.7463577	3.6539102	3.100484	1.8351252	4.3214507	2.9502776	3.4427273	3.742971	1.4762079	3.5214198	2.8299677
ISG15_8918	7.1388288	5.4833994	4.4296265	3.9797099	5.955667	4.704067	4.9958572	5.854682	5.459511	5.3180447	5.0288405	4.4504933	5.871078	5.1163807	6.074835	6.4038196	4.369845	5.365034	4.197779	4.9931965	6.7183695	5.4092016	5.279734	5.228918	5.527725	5.639993	5.884174	5.9290986	6.358158	5.688329	6.1125784	6.6059766	5.7196712	5.106409	5.416464	5.4286	4.6689043	4.877557	5.21753	5.5186424	4.9768147	6.764139	4.7358174	5.692608	5.1694365	6.479366	5.735273	7.015633	6.343362	5.6415567	4.8081384
ISG20_33257	7.25723	6.6845574	6.015816	6.282404	7.080435	6.6522627	6.089105	6.5305877	6.339305	6.552526	6.2849784	6.627104	6.715618	6.4131365	6.721678	6.585741	6.238128	6.4996624	6.2238345	5.865222	7.0915256	6.5144486	6.443991	6.4641585	6.940859	6.4380264	6.2290864	6.338205	6.3266087	6.8767633	6.395695	6.3860507	6.590883	6.5232873	6.4186115	6.9910564	5.8585186	6.016101	5.7712326	6.8791633	6.3146253	6.452279	6.124668	6.749172	6.021873	6.595459	6.5623436	6.820992	7.1951847	6.575107	6.2466936
ISOC1_8919	4.1082306	3.0842927	0.752753	0.0	3.2814488	3.8628378	5.3615913	4.0991335	4.1372924	3.8573148	5.0288405	3.3719604	0.0	5.238442	0.0	4.6874537	3.1259208	0.0	4.3805633	0.7045007	4.653956	4.97024	3.6920276	3.5980654	4.2519593	0.0	0.0	5.713668	0.0	0.63191724	4.675246	3.2518594	3.7343307	4.442191	0.6449023	0.0	0.0	1.6218852	4.255792	3.5163915	4.109465	3.4885392	3.8485553	3.3202078	0.0	2.9502776	3.4427273	4.3324614	0.0	0.0	0.0
ITFG1_8921	6.467954	6.094491	6.503598	6.1684704	6.0971966	6.7187247	6.7921124	6.76271	7.246842	6.146649	6.4207993	6.14541	6.7435493	6.884399	6.331945	6.673503	6.529043	6.264824	6.1119547	6.6863894	6.818884	6.7148733	6.4695373	6.642807	6.4495173	6.5230365	6.595558	7.2440805	6.1212873	6.6269193	6.700068	6.5157943	6.189976	7.0310407	6.0889974	6.5316925	6.636507	6.7316403	6.830369	5.9782786	6.131555	6.631573	6.3162346	6.162304	7.021869	6.9233146	6.9757805	7.009341	6.025869	5.815745	5.721896
ITGAE_8923	3.9212615	3.9436586	3.8777544	2.907214	3.7238476	4.3677835	3.4415276	3.9635777	4.46754	3.689954	3.4935977	1.2862334	3.8774855	4.0279417	4.1241193	4.303241	3.341277	3.247281	3.9309764	3.1992087	2.8513174	3.6026177	4.0490723	3.659754	4.2022934	4.2511845	3.5664334	5.485284	3.8086765	3.4453578	3.8029058	4.1206846	4.713336	4.528361	3.744154	2.9340591	3.5979016	3.6751416	4.0284495	2.955541	3.6459768	3.6539102	3.2843316	3.4946837	4.4257855	4.2436643	4.2034826	4.2061086	4.14025	3.9597363	3.2267935
ITGAL_8924	2.7580647	1.9551042	1.6111797	2.5181563	2.8869598	3.2937799	3.6063921	3.6469922	2.6509938	2.7128305	2.616312	2.200775	3.808642	2.0223966	2.4860687	2.6678994	2.5653183	0.6474369	1.7985483	2.73687	2.3630009	3.3631423	3.5713751	2.877406	3.016553	2.002579	3.003343	3.4579172	2.3618937	3.3706653	3.0876935	2.6430998	2.9579055	4.3505454	2.7303865	2.7875395	3.0713174	2.3661232	2.5543716	2.228283	3.8630507	2.6899478	2.7715712	1.8351252	3.806888	2.8034983	4.0601544	3.5483809	2.3669193	2.6418855	2.181963
ITGAX_32980	2.515188	2.3301039	2.145686	2.1847157	2.3422368	2.340468	1.8601638	2.98483	2.4663844	2.5266557	2.616312	3.4688873	3.2045193	2.9801729	2.1001348	3.4647577	2.727169	1.7073178	1.1630801	0.7045007	1.911856	2.846633	2.5023503	2.977701	1.1950403	2.002579	1.1865652	3.240585	1.4722159	2.5720668	2.3481333	2.097342	3.594322	3.1743853	1.9328802	1.9826764	0.0	0.7592324	2.5543716	2.8365164	2.9589396	2.834815	1.968738	1.1915702	2.806924	2.4557507	2.994478	2.8468895	1.4762079	1.1142143	2.181963
ITGB1_8925	7.82244	7.1261115	7.844183	7.912717	7.6597667	8.112284	8.125022	8.268621	8.48319	7.857817	7.9251103	7.5877724	7.6655927	8.075434	7.673607	7.7223635	8.139948	7.6093216	7.4974985	7.8465395	8.16819	7.969161	8.035076	7.84591	7.6030836	7.612599	8.098484	8.072276	7.768698	7.884101	7.798511	7.608283	7.564742	7.8058944	7.016902	7.867218	7.8720303	8.079044	7.546221	7.4849844	8.010065	7.374607	7.4243793	6.783208	8.252165	7.9173594	7.509422	7.9587207	7.350294	7.0511446	7.5435634
ITGB1BP1_8926	4.6196246	4.1447926	4.9920993	4.357907	4.9106236	4.627056	5.190283	4.7202697	5.508152	4.6783786	4.8691278	4.542445	4.7562222	5.504856	4.46205	4.6874537	5.203099	4.34035	4.0436835	5.0214367	5.0940313	4.941451	5.138237	4.469946	4.6724668	4.511081	4.583148	5.1528096	4.399905	4.91313	4.8559704	4.6211877	4.2826996	4.794913	4.557369	4.57773	5.1011596	5.0977926	3.89976	3.9766421	4.6662955	3.999592	4.703909	4.2461166	4.9537096	4.9843264	4.6989865	4.71924	4.55913	4.6701713	4.4949174
ITGB2_8927	4.8468065	4.0970764	4.3830233	4.58805	4.376628	5.1789985	4.124374	5.022709	5.2750597	4.206481	4.308639	4.3005457	5.9531083	4.5362835	4.278726	5.1349735	5.2303596	3.9221573	4.5806265	4.8743606	4.731025	4.3797755	4.4761596	4.5697336	5.262879	4.9575233	4.9830594	5.6923895	4.358906	5.0629745	5.188281	4.2752705	5.2215505	5.5388875	3.8606849	5.453113	5.131954	4.3981524	4.3074403	3.7970295	5.2321935	5.6460505	4.7975917	5.1565714	4.80687	5.0180063	5.9805775	5.7681246	4.730334	5.213654	3.9213243
ITGB5_8928	6.7537165	5.885679	6.2284446	6.4380264	6.3648815	6.973265	6.590291	7.3702927	7.3099356	6.438329	6.5968413	6.1599994	8.281908	6.705454	6.2595057	7.2378397	6.912386	5.9316025	6.572747	6.5573173	6.937449	7.0065207	6.6883936	7.080784	7.473001	5.9162703	6.774374	8.194611	6.6744776	6.6107836	6.9352903	5.6864924	7.0113797	8.097755	6.3304205	6.6844378	7.07722	6.217512	7.1950245	5.612201	6.782486	7.40973	6.78127	7.0718617	6.988186	7.695961	8.460971	7.932356	6.603432	7.107066	6.0988326
ITIH1_33132	3.3087924	3.430726	2.5348177	4.31571	3.2814488	3.8628378	1.2111645	3.240815	3.6225116	3.2825825	3.1206355	2.410535	4.4744954	2.8329227	2.4860687	2.6678994	3.7706692	3.9221573	2.966509	3.1992087	4.0175753	2.4155526	5.695114	4.36274	3.12715	2.002579	2.8837204	3.6467555	2.7897131	2.1035776	4.0604506	3.7507105	2.5664744	4.3505454	4.373451	3.978313	3.5068517	0.7592324	3.8308377	3.0654895	2.133485	3.4885392	2.7715712	3.4946837	2.7000144	3.9957814	4.1095295	3.6809788	3.2198298	4.063883	3.3226593
ITIH3_32422	1.8561494	2.9829214	0.0	3.5409095	2.8869598	3.3901486	0.0	1.3431008	3.2170308	3.2825825	0.0	3.03466	2.9724503	0.0	0.72900796	0.0	3.0048497	3.4098673	0.0	0.0	3.888952	0.69538784	4.2193546	3.2425063	0.0	0.0	2.0670378	3.1182652	0.6703802	0.63191724	0.0	3.2518594	0.6919362	1.5883089	3.54955	2.2296865	0.0	1.6218852	0.0	3.3525324	0.0	0.0	0.0	0.0	1.8069959	3.5194535	1.4554178	1.4272856	0.67270136	1.9678794	1.7010021
ITIH4_32725	0.6079388	2.3301039	0.0	3.8077013	1.7338829	2.521582	0.0	1.3431008	3.0949595	0.8429578	0.0	1.6591743	3.579891	0.0	0.72900796	2.1199853	1.9300845	2.467557	0.0	0.0	3.9546967	0.0	5.004824	3.0714748	0.0	1.7028205	2.6098514	3.3533397	1.126302	1.0698712	0.75012773	1.2089423	0.6919362	0.7389744	2.9567258	1.6844561	0.7995354	1.2540979	1.2585819	3.4367871	0.7463577	1.2407571	0.0	0.0	0.99974865	3.3178785	2.8853111	1.9319366	1.9892389	1.1142143	2.0759077
ITPKC_32806	1.3630255	0.0	0.0	2.361048	2.498873	2.340468	1.8601638	2.6734118	2.814638	1.7575232	2.3995826	0.78194916	1.6109856	2.2714932	0.72900796	1.5888703	2.1742368	0.0	2.035052	1.1757872	1.911856	3.075847	2.628664	2.2336307	2.896768	2.002579	1.8287144	3.1182652	1.126302	2.5720668	2.1406834	1.8573289	1.7915226	1.2252613	1.0890009	2.2296865	0.7995354	1.6218852	1.920373	0.6909027	2.6826673	1.8978021	2.642854	1.5489385	2.5845437	1.6973256	2.994478	3.323391	2.524174	2.6418855	2.181963
ITPR1_32307	3.5212522	2.9829214	3.9434626	2.788815	2.6401563	3.9912984	4.011255	4.2230396	4.46754	3.5005994	3.7896788	3.4688873	3.7363482	4.2761607	3.5260668	1.8787316	4.0408278	2.3117008	2.7174463	4.065186	4.0778275	4.422068	3.5713751	3.5336206	3.6559942	3.7845476	3.6421144	4.8409843	2.7897131	3.9854841	4.2789087	2.3030627	3.666024	4.252681	3.0578372	3.0670605	3.6835446	3.7513156	3.5165868	3.2630503	3.079476	3.3981557	3.5938523	2.8914306	4.2474513	4.185571	4.24826	4.0183334	3.547572	2.9979472	2.0759077
ITPR2_8931	5.019916	4.0970764	5.5301437	4.9050636	4.7639403	5.7138553	5.0252886	5.835395	6.1833014	5.3180447	5.3941865	5.151117	6.0606384	5.960039	4.545657	5.2662325	5.7086463	4.4932985	4.8522673	5.0491347	5.2850423	5.300044	5.0506797	5.0095425	5.835262	4.8488083	5.4084845	5.835142	5.0417943	5.0865026	5.5659637	5.510872	4.644004	5.9668684	4.449854	5.569796	5.4333205	5.3390527	5.509802	4.4519343	4.368001	5.4797225	4.88556	4.429227	5.4589405	6.155434	5.8986783	6.213492	5.021698	4.765924	4.431824
IVD_8932	2.8657134	3.0842927	3.4046404	3.4657202	3.0976462	4.10925	3.0415661	4.33714	4.255975	3.689954	3.5991883	3.5597103	4.3827486	4.672462	3.6820092	2.6678994	3.6944115	3.3308632	2.238191	3.469012	3.5911667	3.075847	3.6329622	3.0714748	4.0975184	3.429383	3.7825153	4.4927254	3.8086765	3.1201398	4.000245	3.2518594	3.594322	3.8459697	3.0578372	3.3011148	3.5068517	4.2484846	3.601796	3.167649	3.5656989	3.3981557	2.642854	3.4100819	4.2474513	4.2436643	3.843792	4.291561	2.6659598	3.5214198	3.176361
JAG1_32778	4.457017	3.267883	3.8777544	4.1811657	3.6589074	4.9765935	4.1777725	4.492971	5.2177176	4.325485	4.484301	3.7258165	4.1240664	4.7565928	3.1521814	4.201936	4.75487	4.0261216	2.8473456	4.1184506	4.653956	4.0961194	4.003165	4.325158	4.391454	4.511081	4.657979	5.0561676	3.6133378	4.415221	4.3768673	3.2518594	4.0876074	4.6866455	2.306097	4.823157	2.23349	4.2484846	3.2258344	3.7970295	3.9287112	3.87108	3.7268174	2.8914306	4.80687	4.8030157	4.0601544	3.9144068	3.619066	2.8887413	4.147608
JAK1_8934	8.502296	7.9230595	8.310488	8.430445	8.159678	9.035253	8.84349	9.112536	9.294459	8.56836	8.678896	8.396538	9.160325	9.164159	8.507554	8.602033	8.706314	8.37649	8.448147	8.445133	8.876539	8.91907	8.773263	8.482048	8.710124	8.649988	8.706141	9.136116	8.540931	8.6869135	8.853854	8.390078	8.478689	9.084493	8.096971	8.764811	8.829569	8.856893	8.811916	7.826929	8.607016	9.151735	8.289213	8.293043	8.958051	9.156639	9.121048	9.568985	8.267379	8.216427	7.9104877
JAK2_8935	9.517945	8.624371	9.24447	9.345576	9.128959	9.643329	9.725711	9.796628	10.030506	9.325384	9.4419155	9.082224	9.5591	9.671801	9.253851	9.301234	9.694834	9.28283	9.179353	9.333292	9.983324	9.694203	9.534013	9.162074	9.385792	9.573289	9.486897	9.884619	9.274051	9.508094	9.526493	9.389337	9.196992	9.501531	8.699864	9.580512	9.588117	9.488891	9.243381	8.916537	9.511844	9.610003	9.144104	8.769111	9.578814	9.747049	9.720623	10.167866	9.1354065	9.015627	8.920951
JMJD6_8937	3.3831434	3.6449819	3.3081667	3.386396	3.4444587	3.6457665	3.0415661	3.9635777	3.7082813	3.1598291	2.9712968	2.9020875	3.8774855	3.9585884	1.8599678	3.175133	3.5286222	2.1369452	3.1788383	3.0967624	3.5911667	3.075847	3.5713751	3.7189126	2.7661297	3.6178672	3.2164025	3.1182652	2.185535	2.8167744	3.3987858	2.3030627	3.2654822	2.1193378	2.461808	1.9826764	2.4444666	3.9583218	3.5165868	2.5642188	3.2939854	3.3017287	1.7361305	2.760871	2.906455	3.696286	2.8853111	3.6809788	2.3669193	3.4463294	1.8370861
JUN_8938	3.1475024	1.1049913	1.9030463	1.4715443	1.7338829	1.6004289	1.5718547	2.6734118	2.2546368	1.3715297	3.2559555	2.200775	2.534579	2.9801729	2.6461606	1.8787316	1.9300845	1.4325044	2.238191	2.0523822	1.6192706	2.0344265	1.8448938	1.8659643	1.5530008	2.6467445	2.7532747	2.673195	1.751022	2.4321535	2.6905363	1.2089423	1.157626	2.942963	0.6449023	2.7875395	1.986288	0.7592324	0.76239324	1.5073531	2.8274064	1.2407571	1.1148349	2.0738304	3.6999757	2.9502776	2.1650176	2.6012702	2.524174	2.1681004	2.0759077
JUNB_8939	2.9658844	1.9551042	2.145686	2.907214	0.66134334	2.6824741	1.2111645	2.4882271	2.9615965	2.7128305	2.616312	1.2862334	3.093146	2.2714932	0.72900796	2.8123772	1.6360242	2.1369452	0.0	2.0523822	3.21549	2.0344265	2.3639069	1.0412753	2.6224735	3.0904965	2.0670378	2.2755182	2.3618937	1.0698712	2.3481333	2.4830763	1.7915226	2.6671908	1.9328802	2.2296865	1.3109689	2.1579974	3.1142545	1.5073531	2.133485	2.3475738	1.968738	1.5489385	2.7000144	3.0834928	3.0959623	2.4607615	0.0	2.1681004	0.40229607
KAT3_32958	4.679861	4.5511484	4.642423	5.7121115	4.376628	5.0668364	5.0824094	4.8412323	5.1271906	5.16687	4.2449875	4.1911564	3.4948025	4.715141	4.934868	4.9905663	4.5537415	4.664168	5.1069536	4.313784	6.102065	4.788203	5.138237	4.503981	4.7084904	5.183252	4.7634163	4.2809734	4.7874928	4.451915	4.636216	4.54217	4.644004	4.989752	4.557369	3.978313	5.1621056	4.9111533	4.4521384	4.776873	4.704287	4.5541725	4.2965484	3.9187803	4.780875	4.2995086	4.7926564	4.8933544	4.322632	3.7257514	3.7247775
KAT6A_8940	5.7247577	5.150936	5.784384	6.0054817	5.5348477	6.374532	5.7444243	6.689409	6.630459	5.938357	6.044457	5.417118	5.9531083	6.2630134	5.5951433	5.9830446	5.784175	5.635433	5.34551	5.3002853	6.818884	5.810429	6.2610445	5.8481336	5.8674836	5.823556	6.087364	6.365349	5.8818173	5.688329	6.273842	5.2868347	5.8173804	6.1546936	5.4540486	6.3214383	6.0318146	6.7316403	5.8775744	5.8147144	5.9056168	6.1400523	5.2147765	5.280895	6.4173555	6.515185	6.0068755	6.1914277	5.5095096	5.2800303	5.3188505
KCNK1_8942	1.8561494	2.75593	2.145686	3.2133267	3.0976462	1.8913333	2.9214785	2.98483	2.6509938	2.5266557	3.1206355	1.6591743	2.8407278	4.0279417	2.921244	3.175133	2.382989	2.467557	2.7174463	3.6243875	3.21549	2.7167444	3.5070412	2.0614784	2.6224735	3.3250225	2.8837204	3.3533397	2.7897131	3.4453578	2.1406834	3.148948	1.5091133	3.373766	2.7303865	2.2296865	1.986288	2.547975	2.8613043	2.0255485	3.2939854	3.6539102	2.5015178	2.0738304	3.5845017	3.2054403	3.1907747	3.8024087	2.524174	3.0994654	2.3732097
KCTD5_8949	3.1475024	2.3301039	2.145686	3.5409095	1.1131065	1.8913333	2.6463878	3.1184926	3.2170308	2.7128305	3.8762534	1.955242	3.093146	2.2714932	2.1001348	3.175133	2.727169	3.247281	2.4162252	2.2562509	3.21549	3.075847	2.952313	2.7696137	2.896768	2.810302	1.5430765	2.8372862	2.9081242	2.4321535	3.1990128	2.3030627	2.4082093	1.2252613	2.602338	1.6844561	1.986288	1.914702	0.76239324	1.156129	1.6005821	2.5288935	2.168997	1.1915702	3.2474778	2.6400769	2.3407063	2.8468895	2.3669193	2.3438904	3.0698776
KDELR2_8950	7.324814	6.935789	7.2836547	7.389562	7.5204864	7.8538165	7.5778275	7.801487	7.8941536	7.5138283	7.664277	7.074871	7.5224624	7.7091217	7.3638477	7.4067025	7.575368	7.061059	7.2789054	7.358092	7.983662	7.929396	7.63698	7.6006074	7.451905	7.4791517	7.6896653	7.9610143	7.349338	7.4576283	7.4390516	7.221297	7.411501	7.660821	6.6867476	7.5806017	7.5170627	7.5861254	7.3872957	7.3448205	7.4011607	7.444018	7.3846765	6.896382	7.924312	7.7915597	7.4579287	7.592672	7.1046786	7.0948253	6.9637017
KDM3A_8952	5.821519	4.8678427	5.6132474	5.7282867	5.4022574	5.7686644	5.8135314	6.282588	5.9031687	5.6948338	6.044457	5.0914803	5.8019204	5.7503257	5.472323	5.409442	5.784175	5.3847256	5.4917545	5.751806	5.932952	5.6944404	5.3177376	5.723675	5.2384467	5.639993	5.753771	6.861105	5.1418643	5.8482766	5.666238	4.659131	5.8015485	5.9822173	5.07428	5.994024	5.3830037	5.817807	5.553236	4.9007115	5.821692	5.722536	5.168765	5.020515	5.857487	6.155434	6.107521	6.329158	5.471383	5.707357	4.687281
KDM5A_8953	1.8561494	1.9551042	1.9030463	1.4715443	2.498873	1.2356595	1.5718547	3.458151	3.43397	2.0617402	2.9712968	1.955242	2.534579	2.8329227	2.7902486	1.8787316	3.0048497	2.1369452	2.966509	2.4348454	2.7061675	1.1626221	3.1336944	2.3874133	2.2834883	1.3239917	2.4505796	5.5810175	1.9845754	1.9061652	2.1406834	1.8573289	3.7995486	2.506633	2.602338	3.0670605	2.7916732	3.2189481	0.76239324	2.4060068	3.190714	3.1983922	2.8897388	2.0738304	3.3918626	3.8537915	3.5891576	3.5483809	3.6871839	3.2832968	3.0135357
KDM5A_8954	9.083146	8.377129	9.331409	8.973874	8.654114	9.443065	9.287905	9.319307	9.530573	8.964221	9.092299	8.968722	9.332654	9.586731	8.911787	8.752918	9.491564	8.547844	9.145024	8.971964	9.509838	9.176984	9.067601	8.68853	8.792149	9.116523	9.000222	9.973302	9.00679	8.965951	8.946503	9.007092	8.782774	9.207132	8.352177	9.107468	9.248505	9.057745	9.006115	8.340377	9.022382	8.979316	8.575924	8.398364	9.387515	9.38675	9.21004	9.815205	8.904527	8.660328	8.329325
KDM5B_8955	3.970324	2.8738854	4.285043	3.8673456	3.1924727	4.3196507	4.418614	4.1624165	4.0740767	3.9342363	4.2449875	3.3719604	3.3079073	4.4377885	3.888254	3.9751108	4.101142	3.8101146	3.871139	4.219421	4.2964406	4.5798335	4.178631	4.503981	3.7279603	3.7845476	4.420727	6.812623	3.9806933	3.7699122	4.4234605	3.5227396	4.0876074	4.3970957	3.1523242	4.2260103	4.112024	3.8925655	4.0887313	3.2630503	4.7413044	4.5954337	3.4473767	4.03634	4.5541077	4.2436643	5.091904	4.8657556	4.4457216	4.602612	3.8263953
KDR_8956	6.3979526	6.094491	6.448086	6.0703664	6.599266	6.8345757	6.7309055	7.1063213	6.9799695	6.6239257	6.9157853	6.324446	7.1225004	6.807594	6.343672	7.3427	6.539979	6.3967466	6.1375775	6.234396	6.9536185	6.7317853	6.717115	6.4641585	6.562084	6.4254622	7.4474955	8.160151	7.455247	6.7350836	7.410422	7.271152	7.1046505	7.281109	6.646731	6.460932	7.139164	6.786978	7.2620025	5.964152	7.1964664	7.3264055	6.513205	6.5948305	7.2521663	7.3442554	7.4579287	7.4834156	6.2337513	6.521241	5.9566565
KEAP1_8957	2.0511916	2.486432	2.696003	2.361048	2.498873	3.1905103	3.3514462	3.7328856	3.5313187	2.0617402	3.3796642	2.200775	3.2045193	3.7279556	2.1001348	2.6678994	3.2376134	2.9628441	3.274329	2.73687	3.21549	2.7167444	3.0458522	1.8659643	2.4629142	2.957191	3.312188	2.9846053	2.3618937	2.1035776	2.5294693	2.3030627	3.1700616	2.325943	2.306097	1.3080859	1.986288	2.3661232	2.5543716	2.7067823	2.133485	1.8978021	1.4586725	2.8914306	3.5845017	2.2443757	3.5891576	3.1511896	2.3669193	2.8887413	2.3732097
KIF18B_32882	5.492582	5.0290923	5.8543806	6.018694	5.7371435	5.9376407	4.771087	6.405385	6.1682463	5.9195614	5.927685	6.115782	5.6527877	5.208881	4.805161	5.5603223	6.005455	5.651778	4.8209805	5.1029844	6.413955	6.464735	6.590892	6.0574255	6.4914737	5.270135	4.953656	4.9879446	5.646562	6.1457205	4.9858365	4.835181	5.99494	4.895619	5.04994	6.5658126	4.5370607	5.288818	3.7584567	6.337321	5.179221	5.7773514	4.532837	5.745358	5.7676907	5.51916	3.7842216	5.1205196	5.307923	4.636787	5.1721454
KIF20A_8961	4.3498583	3.267883	4.06653	4.552153	3.590906	4.10925	3.1524212	4.677585	4.1978536	4.26721	4.1783977	4.1911564	3.943193	3.885732	3.9509327	4.303241	3.8430977	4.213959	2.7174463	3.469012	4.530035	4.788203	4.604687	4.8333554	4.47748	3.7036133	3.6421144	3.8904636	4.0849395	4.034695	4.1738105	3.5227396	3.9791842	3.9743235	3.9156005	4.335545	4.0488772	3.9583218	3.4260273	4.49187	4.051694	3.6539102	3.100484	3.7907844	3.953726	2.8034983	2.8853111	3.8024087	3.124777	2.6418855	3.2267935
KIF20B_8962	5.0881863	4.515292	4.5185456	5.066451	4.7944946	4.741084	4.418614	5.056417	4.608057	4.5375614	5.2394724	5.0914803	4.3827486	4.2179937	4.871472	5.0500746	4.996322	4.8169265	4.4228573	3.5487905	5.3103766	5.4092016	4.8833723	5.078927	5.0264926	4.771496	4.4630785	5.892247	5.1658335	4.654402	4.328719	4.2752705	5.357702	4.442191	4.624838	5.4772167	5.1011596	4.771802	3.7584567	5.49918	5.2579675	5.2143373	4.496046	4.870279	4.9064045	4.9498415	4.374813	4.837619	4.912108	4.7028003	4.410165
KIF22_8963	5.780842	5.590662	5.572294	6.1079416	5.5348477	6.0152435	4.2292647	6.9802794	6.365942	5.759675	6.0813713	6.258189	5.6330137	5.4041142	4.871472	6.086145	5.907522	6.022396	4.7562947	4.9643927	6.087485	6.7485013	6.02875	6.2300344	5.883329	5.270135	5.1217074	5.60399	5.2579165	5.928581	5.4581957	5.078611	6.202087	5.1341567	5.4353786	6.599144	3.6835446	5.7819366	4.0887313	6.4732013	5.7325816	5.388767	5.0212116	4.666542	5.857487	5.370648	4.0601544	4.9470167	5.147925	4.2954535	5.4306483
KIF23_32798	4.457017	4.1909814	4.006308	4.477563	3.3652549	4.880327	2.1003423	5.3010025	4.962416	3.7760599	4.308639	5.2083855	4.4293513	4.2179937	3.822728	5.0500746	4.464721	4.5291295	2.7174463	3.0967624	5.3597484	5.277185	4.694086	5.123396	4.7779455	3.7036133	3.8479037	5.7346373	4.2284164	4.216295	4.512362	3.8848567	5.462102	3.0633094	3.9685025	5.4772167	3.5068517	4.943985	4.0887313	5.0947356	4.627276	3.3981557	3.9608154	4.1450377	4.5230813	4.4551363	3.4427273	4.0183334	4.09081	3.2832968	3.2267935
KIFC1_8966	3.3087924	3.7098691	3.660505	3.6123734	3.2814488	3.1905103	2.9214785	4.492971	3.3295743	3.8573148	4.308639	2.5936327	3.2045193	2.8329227	1.5716753	3.3745255	3.1259208	3.5559726	2.4162252	2.4348454	3.9546967	4.463156	3.5070412	3.9339144	4.150857	3.7845476	3.4865618	3.240585	3.8086765	3.8817208	3.3023546	2.3030627	4.0876074	2.811656	2.7303865	4.167958	2.7916732	3.7513156	2.8613043	3.7970295	2.8274064	2.1401448	2.7715712	2.4578679	2.99956	2.6400769	1.7325498	1.7015651	2.9135318	3.0994654	3.4554782
KIT_8968	2.3764687	1.7233189	2.5348177	2.788815	2.3422368	3.2937799	0.0	3.3535717	3.6225116	1.7575232	3.1206355	3.03466	2.3531	3.2360482	2.3059688	2.9436944	1.6360242	2.854038	2.8473456	2.4348454	2.7061675	2.0344265	2.210754	1.8659643	2.896768	1.7028205	2.4505796	2.9846053	1.4722159	2.5720668	3.0876935	1.5692585	2.7090814	2.506633	1.4280888	3.405289	1.3109689	1.2540979	2.1639853	1.7895929	2.5217707	1.2407571	2.5015178	2.4578679	1.5846274	3.6105773	2.6385555	2.9556122	2.6659598	1.4579389	1.7010021
KLF6_8969	2.9658844	3.267883	3.8777544	3.4657202	2.9961455	3.7940469	3.6822586	4.2812176	3.3295743	3.5983813	3.1206355	3.03466	4.066259	3.9585884	3.3512022	3.3745255	4.1590357	1.9380654	2.8473456	3.3845623	3.9546967	3.987655	3.0458522	2.526371	2.2834883	2.957191	3.312188	4.720022	3.4666753	3.8817208	4.1738105	3.947525	3.2654822	4.0344577	2.8479903	4.107471	3.3054578	3.5095499	3.4260273	3.9192204	3.3903556	4.226657	3.1953344	3.224361	3.754422	4.2995086	3.7220852	4.161406	2.6659598	2.3438904	2.181963
KLHDC2_8970	6.276417	6.0822897	6.448086	6.428158	6.3443766	6.4986134	6.1703897	6.518545	6.3257995	6.2252812	6.609534	6.1744423	6.267168	6.5840607	6.247071	6.369191	6.4267	6.0596237	5.842738	6.3613453	6.3543053	6.4848266	6.4946384	6.299508	5.9145064	6.1932154	5.930188	6.1481047	6.2161646	6.429475	6.2481856	6.192637	6.202087	6.4029884	5.708481	5.8352385	5.618683	6.333564	6.0236945	5.8303742	6.652489	6.3714457	5.573741	6.1096244	6.3570557	6.2993374	5.884565	5.737997	6.2675176	5.9711494	6.0152187
KLHL21_8971	2.6417313	2.3301039	1.6111797	3.2133267	1.7338829	4.2182827	3.1524212	2.98483	3.5313187	3.1598291	1.8342675	2.9020875	2.695759	3.4533052	3.1521814	3.175133	2.5653183	2.1369452	2.7174463	1.5304413	3.5911667	3.2735868	3.1336944	2.7696137	2.896768	2.810302	3.4020078	4.916335	3.3033986	3.0259323	2.5294693	2.4830763	2.5664744	3.548908	1.4280888	1.9826764	3.7643874	1.914702	3.1142545	2.0255485	2.5217707	3.6539102	2.5015178	2.6173096	2.99956	3.0834928	3.0959623	3.8594944	3.0230174	3.5927947	2.4600961
KLHL24_32733	3.8178284	1.9551042	2.145686	3.1183274	2.6401563	3.4804814	3.6063921	3.1184926	4.736094	3.2825825	2.9712968	2.5936327	4.5182695	4.2761607	3.4412823	3.175133	2.5653183	2.467557	2.966509	3.69622	3.888952	3.8079436	2.628664	3.5336206	3.8619432	3.526701	3.2164025	4.7614803	2.9081242	3.5840557	3.3987858	3.67865	3.666024	3.7050712	3.2410011	2.6244397	3.5979016	3.322457	3.7584567	2.955541	3.7220223	3.573593	3.3681562	2.760871	3.523103	3.696286	3.3635335	3.9144068	3.124777	3.2832968	3.176361
KLHL9_8972	4.556763	4.8678427	4.9607077	4.817053	4.5656357	5.597565	5.0541315	5.4351754	5.4345613	4.806665	5.0288405	4.7876277	5.3232794	5.178702	5.137091	5.162198	5.1180816	4.41885	3.871139	5.473821	5.3597484	5.4709396	5.138237	5.3647738	5.356668	5.3783946	5.2237663	6.689154	5.2126093	4.9648266	4.5961013	4.7321486	4.7467914	5.2902904	4.89459	4.999941	5.0375247	4.3981524	5.21753	5.242511	5.067058	5.703791	4.9137297	4.385582	5.4424524	5.56545	5.1637883	5.627301	5.2415123	4.6701713	4.1211886
KLRA17_33064	7.1915054	6.9152994	6.941704	6.237904	6.6668835	6.8767686	7.147013	7.3635764	7.447236	5.134637	5.5070224	6.8413877	7.1225004	6.902978	7.4531655	7.6032596	6.4029365	4.4565544	7.560421	7.369122	7.12046	6.985522	6.511133	7.275619	7.38113	6.5464325	7.6717196	8.6485615	7.385512	6.704998	7.70259	7.214942	6.747829	7.9611306	5.416464	6.704996	7.639991	6.24412	7.901684	6.6424303	7.0418515	7.849896	7.564233	6.904136	7.5347753	7.524955	7.840772	7.605243	6.503067	7.0637603	6.760455
KMO_8974	4.524275	3.9436586	4.7565002	4.1333776	5.2341156	4.627056	4.9351296	5.089356	5.5552063	5.16687	4.9107437	4.133186	5.5720115	4.8742495	4.871472	4.0929766	5.1753125	4.2573314	4.3369923	5.3456655	5.7226005	4.463156	5.558951	4.325158	4.8442106	5.682851	5.0401273	6.132389	5.344473	5.688329	3.9374175	4.992066	4.811461	5.1341567	4.8669906	4.281817	4.789701	4.2484846	4.4055	3.4367871	5.308174	4.4227967	5.365158	3.1216903	5.475242	5.205075	4.6329803	5.812168	4.279152	4.7028003	4.248697
KNG2_8975	1.8561494	3.0842927	0.0	4.723322	2.7688293	3.8628378	0.0	2.4882271	2.0063746	3.2825825	1.8342675	2.200775	3.579891	1.7211257	0.0	0.7393115	2.382989	3.6886325	0.6957044	1.1757872	4.4862447	0.69538784	4.8052697	2.977701	1.8395665	0.0	2.7532747	3.1182652	0.6703802	1.0698712	0.75012773	2.4830763	1.157626	0.7389744	3.2410011	2.2296865	0.7995354	1.6218852	1.2585819	3.8594182	0.7463577	1.8978021	1.1148349	0.0	1.3216265	3.9957814	1.7325498	1.0883236	0.67270136	2.3438904	2.280753
KNSTRN_33044	1.0343287	0.0	2.696003	3.1183274	2.498873	4.164796	3.0415661	3.8139515	3.6225116	2.0617402	4.1085844	2.5936327	2.1454625	2.0223966	0.72900796	3.7058477	0.767819	3.5559726	2.035052	2.8670673	3.21549	3.447462	2.5023503	3.1595235	2.6224735	3.6178672	2.6098514	4.4426293	2.6607075	1.0698712	3.5742307	0.0	1.7915226	2.506633	2.1315236	3.188829	1.3109689	4.8431597	0.76239324	1.156129	2.9589396	1.8978021	0.0	0.71545935	2.4590204	4.185571	2.7672026	3.0567124	1.7554088	2.9979472	2.7631934
KNTC1_8976	4.7657475	4.0970764	4.06653	5.066451	5.068974	4.414362	4.504718	4.8412323	4.5159154	4.381498	4.308639	4.7876277	4.284769	3.5507815	4.068669	4.5703955	4.6375866	4.0261216	3.5278807	3.8299706	5.122916	4.5798335	4.9574633	4.537232	4.5586634	3.7036133	4.2856593	4.4927254	4.182158	4.590013	3.9374175	4.2255597	4.533327	4.3505454	4.06882	5.0328393	3.9828393	4.4447794	3.8308377	4.4519343	4.165012	4.328058	4.013831	3.9787574	3.953726	4.4051027	3.7220852	4.4109397	4.09081	3.5214198	3.8587372
KPNA1_32317	3.3831434	2.3301039	3.5801554	3.1183274	2.7688293	4.627056	3.5263135	4.2230396	3.43397	3.5005994	3.8762534	2.9020875	4.179647	3.5507815	3.255121	3.5496771	3.1259208	3.0640168	2.966509	3.0967624	2.8513174	3.674356	3.2947974	3.830415	3.2298694	2.810302	3.7140222	4.54114	3.3033986	3.4453578	3.3023546	3.4379745	3.518869	3.548908	3.4035087	3.3011148	3.3054578	4.2484846	4.3074403	2.4060068	3.5656989	4.328058	1.1148349	3.7222598	3.9064214	2.9502776	3.7842216	3.8024087	3.309005	2.6418855	2.542046
KPNB1_32711	7.384856	6.3900876	7.3993955	7.343052	7.2276444	7.678853	7.7330446	7.840706	7.9078145	7.1765623	7.142305	7.16442	7.17814	7.915357	6.914861	6.9944963	7.750349	6.822014	6.9066215	7.1242013	7.8943396	7.733404	7.5637565	7.1360893	7.3866997	7.0988097	7.297581	7.776166	7.317593	7.5064144	7.1855855	7.4549456	7.130228	7.428454	6.3504896	7.4887357	7.426809	7.6118937	7.255443	7.062719	7.4126806	7.673278	6.7658987	7.058027	7.5347753	7.7520766	7.3020663	7.4969716	6.7539506	6.854618	6.7081637
KRT18_8977	1.6305549	3.430726	1.2448933	1.9837908	0.66134334	2.9587402	1.2111645	1.3431008	2.4663844	2.0617402	0.8916533	0.78194916	1.6109856	2.0223966	1.5716753	2.5073261	1.2662693	2.3117008	2.238191	0.7045007	1.911856	0.69538784	2.3639069	2.3874133	0.0	0.80882925	2.6098514	4.8017797	2.3618937	1.6773919	2.967061	0.7275637	2.7090814	1.5883089	1.9328802	1.3080859	1.687787	3.1074347	2.372343	2.0255485	0.7463577	3.087079	3.6618662	2.4578679	3.2474778	3.0834928	3.7842216	2.130537	2.3669193	2.1681004	1.550732
KRT19_33154	2.222978	3.0842927	2.5348177	2.6598237	1.1131065	3.0792744	3.1524212	0.82250994	3.0949595	1.3715297	3.3796642	1.955242	1.9028349	4.5831194	2.6461606	2.9436944	2.727169	2.467557	3.0765762	2.8670673	3.5060158	0.0	0.0	3.2425063	2.2834883	2.002579	4.0833216	4.390731	1.4722159	1.9061652	3.5742307	3.3479161	2.5664744	3.463993	2.8479903	3.7599108	2.7916732	4.4447794	4.742178	2.8365164	3.6459768	2.834815	4.379686	3.8562014	4.08699	3.777187	4.157271	2.4607615	3.619066	3.4463294	2.8299677
KRT7_33211	3.0595496	4.5511484	3.5801554	3.1183274	1.9663466	3.7218108	3.5263135	2.6734118	4.1372924	3.5983813	3.5991883	3.2680495	3.943193	4.0279417	3.4412823	2.8123772	2.382989	3.4098673	4.245692	3.1992087	3.888952	2.4155526	2.7448034	2.877406	2.6224735	3.3250225	4.693988	4.1621737	2.5190232	1.9061652	4.3768673	2.3030627	3.06788	2.811656	3.2410011	3.8364446	3.0713174	4.194934	4.6650844	1.7895929	2.5217707	4.5954337	5.191954	4.0917125	4.6999564	4.4551363	3.4427273	4.161406	3.6871839	2.9979472	3.5770936
KRT8_8978	2.222978	3.6449819	2.5348177	1.4715443	1.4566294	1.8913333	3.255363	2.98483	3.5313187	2.5266557	3.1206355	1.6591743	1.6109856	4.0279417	2.7902486	3.2782712	2.727169	2.3117008	4.1482205	3.5487905	3.6715705	2.7167444	3.0458522	4.0304832	2.2834883	2.810302	4.2856593	3.5554237	2.6607075	2.4321535	4.4234605	4.007584	2.0275967	2.811656	2.1315236	3.6790886	2.7916732	4.0814734	2.8613043	2.5642188	3.079476	4.117587	4.703909	3.224361	3.9995286	4.061858	3.5891576	3.239858	1.4762079	2.6418855	3.1241014
LAMB1_32926	3.970324	3.7719631	4.285043	3.9246213	3.2814488	4.5032363	4.9658127	4.588229	4.6520104	4.206481	4.990539	3.802208	4.179647	3.885732	4.1241193	4.863637	4.369845	3.7506518	3.6751187	4.065186	4.572536	4.755498	4.4421554	3.9339144	3.3257585	4.771496	5.0950236	5.089106	4.399905	3.9854841	4.9858365	4.4148836	4.494464	4.6486726	3.6821575	4.387344	4.0488772	4.9760866	4.1465945	3.5918324	4.880548	4.9537754	4.637894	3.9787574	4.584481	3.5194535	3.657152	4.161406	3.309005	3.7879004	3.7247775
LAMC1_8981	6.9681716	5.8996534	6.9173827	6.8240266	6.2372384	7.5014415	7.1801004	7.6551604	7.9213476	6.888392	6.9157853	6.708755	7.2051754	7.2822576	6.4451365	6.673503	7.0640326	6.9985313	5.9333005	6.5476403	7.6433578	7.554854	7.0908136	7.017394	6.417229	7.0988097	7.0970297	7.540482	6.5063167	7.497666	7.0658593	6.2682376	6.3400016	6.8504634	5.7392516	7.1267667	5.7234993	7.280284	6.4714165	6.2233295	6.893533	6.4634657	7.0898104	6.213127	7.3832045	7.4590497	6.4613647	7.1646347	6.2895975	5.481522	6.2649093
LAMP1_33255	8.087194	7.267534	7.8907313	7.5483174	7.5204864	8.230888	8.217171	8.286486	8.536924	7.8075895	8.180366	7.54395	8.494079	8.370657	7.616749	8.109124	7.9602966	7.358592	7.5073595	7.7570004	8.111669	8.045546	7.862628	7.929682	7.79958	7.799462	7.7803855	8.4849415	7.837467	7.651502	8.038181	7.622757	7.6108937	8.29502	7.131522	7.9340515	8.019305	7.9394865	7.9991355	7.2721477	7.8370447	7.9841146	7.4145555	7.6669827	8.277948	8.329787	8.265171	8.521994	7.291331	7.337518	7.1549015
LAMP3_32979	2.7580647	2.486432	2.353332	3.016629	3.4444587	4.0514793	4.124374	3.8139515	3.2170308	2.7128305	3.5991883	1.2862334	4.4744954	2.9801729	2.6461606	2.8123772	3.341277	3.4098673	2.574683	2.0523822	3.9546967	3.930203	3.5070412	3.1595235	4.2022934	3.6178672	1.5430765	4.0988913	3.7464566	3.4453578	1.8983116	3.5227396	2.5664744	4.092185	3.2410011	3.3011148	4.172522	2.8546557	3.2258344	0.6909027	2.6826673	3.87108	2.5015178	3.4100819	3.754422	3.2054403	3.4427273	4.9470167	3.9314296	2.9979472	3.4554782
LAP3_8984	8.474932	7.8601317	8.294838	8.279455	8.182961	8.566108	8.775837	8.4696455	8.984324	8.278692	8.651541	8.212836	8.432495	8.846704	8.507554	8.66048	8.732768	8.215379	8.212302	8.516317	9.035006	8.51727	8.493007	7.935929	8.149991	8.468994	8.659098	8.640251	8.659631	8.280712	8.259789	8.2164545	7.9849	8.695003	7.9986596	8.010367	8.752394	8.344882	8.200375	7.7873607	8.62198	8.51437	8.183273	8.059564	8.599411	8.945335	8.482215	8.9393635	8.292197	8.227682	7.972763
LAPTM5_32639	2.6417313	2.1547542	3.4950655	1.9837908	3.0976462	3.4804814	3.255363	2.0264177	3.43397	3.3957052	3.2559555	0.78194916	3.3079073	2.668917	2.7902486	2.6678994	2.5653183	2.3117008	3.1788383	1.8148876	2.1549919	2.2375386	2.952313	1.8659643	2.896768	2.002579	2.8837204	3.3533397	3.1192565	2.8167744	2.6905363	1.8573289	2.9579055	3.373766	2.7303865	2.7875395	0.7995354	2.9865744	2.8613043	2.5642188	1.8915004	3.999592	1.7361305	2.2785902	3.1694782	2.8034983	2.3407063	3.323391	1.4762079	2.5005684	2.181963
LBR_8986	8.092745	7.689643	8.15968	8.364706	7.9685917	8.604279	8.148617	8.822941	8.48926	8.00326	8.562959	8.261001	8.328757	8.492204	7.7938933	8.184088	8.528304	8.08904	7.6785865	7.6480126	8.632231	8.75711	8.414073	8.097905	8.342819	8.30378	7.9123335	8.469389	7.9417977	8.161154	8.173824	7.768735	8.036538	7.9218707	7.4571867	8.607182	7.894654	8.158127	7.7559385	8.147586	8.036366	8.17313	7.2911363	7.648637	8.363633	8.53564	7.901606	8.567676	7.836196	7.64092	7.3265944
LCK_32705	8.120178	7.550424	8.494367	8.082763	7.971937	8.563527	8.807944	8.747561	8.655031	8.37841	8.318191	8.133743	7.7778993	9.113211	8.373831	7.9067	8.636704	8.055647	8.015609	8.747335	8.669418	8.255998	8.422817	7.3709154	8.229621	8.493276	8.214589	8.355553	8.213085	8.374488	8.665597	8.409686	7.5411005	7.8650475	7.3713927	8.347613	8.14917	8.108306	7.810655	7.571391	8.161129	8.417035	7.2694993	7.862725	8.784133	8.929937	8.125138	8.9704685	7.7392516	7.623983	7.8003216
LCN2_32481	6.6370173	6.894515	4.006308	5.6957526	5.672813	4.6660757	4.1777725	5.3010025	5.508152	5.6725554	5.2394724	5.8358555	4.7923274	6.012313	6.3782926	5.855422	5.7086463	4.1692424	6.270903	5.8495555	7.7350807	5.5870137	6.4353743	5.078927	5.8188767	3.0904965	4.8616695	6.163651	5.2800474	5.455182	4.5961013	5.1335516	5.9088902	6.1947727	5.255493	4.7850432	3.7643874	5.12668	4.742178	6.871615	6.718951	5.812771	6.34755	6.068813	5.7137523	5.872093	5.091904	6.8842545	6.343362	6.5926247	4.248697
LCP1_8988	9.757777	9.054197	9.536947	9.081675	9.050433	9.8826475	10.026981	9.694624	9.851227	9.178975	9.6726055	9.273818	9.676042	10.177282	9.391563	9.752365	9.590872	8.890252	9.853209	9.561989	10.222294	10.05914	9.3650875	8.841108	9.217874	9.618143	9.803539	10.015679	9.702571	9.751058	9.84803	9.790721	9.088635	9.793458	8.788962	9.393687	9.861673	9.588292	9.988981	8.529727	9.401988	10.123393	8.928068	8.998294	9.784133	10.221915	9.586464	10.577105	8.936365	9.028555	9.08799
LCP2_33021	5.4060717	4.950719	5.2213078	5.7121115	5.5166364	5.556621	5.290649	6.469344	6.5744576	5.9005184	6.3917027	5.742007	6.4017997	6.158647	5.5553536	5.620448	5.890534	5.6839232	5.4100094	5.2294216	6.102065	5.1318603	5.4773555	5.6495905	5.8188767	5.639993	5.492671	6.99748	5.445841	5.915504	6.4529676	5.2868347	5.5781603	6.2591925	4.9482536	5.7586393	5.5519314	5.817807	5.960572	5.265733	5.6376033	6.6116	5.444539	5.4599037	5.8821487	6.2993374	6.25743	6.835292	5.307923	5.213654	5.0791297
LEF1_32825	7.402839	7.0404077	8.059518	7.5528655	7.786777	8.21453	8.25493	8.272212	8.016889	7.7395644	7.7412643	7.848656	7.1713014	8.629622	8.097305	7.5882826	8.1255	7.756393	7.6252484	8.397444	7.6582336	7.6379457	7.8722367	7.1576314	7.330016	8.178351	7.6351433	7.6215205	7.562964	7.8874536	8.177227	7.9287314	7.1553597	7.779781	7.0903454	7.7335196	8.035684	8.030191	7.578112	6.901574	7.7980475	7.9246492	7.0898104	7.1325283	8.429952	8.491367	7.6537147	8.517567	7.201021	7.2014256	7.088269
LEF1_34109	4.3864694	4.047728	5.27334	5.1648126	4.9106236	5.356469	5.779392	5.7348895	5.3028984	5.506162	5.2394724	4.7876277	4.99182	5.5760493	5.241075	4.8964314	5.2303596	4.598228	4.722831	5.1029844	4.7680693	4.7220345	4.778267	3.830415	4.7084904	5.270135	5.1479073	5.485284	4.182158	5.1769557	5.778035	5.510872	4.6080465	4.7236447	4.624838	5.569796	5.3040767	5.566922	5.2963333	3.9766421	5.5147047	5.6062317	5.0468755	4.666542	5.7676907	5.51916	4.9901237	5.8265553	4.188052	4.207234	4.8729095
LGALS1_33266	8.491833	8.618045	7.8990355	7.905622	7.049101	8.217816	8.855829	8.000763	8.10254	8.175533	9.139009	7.7700005	7.339351	8.975169	8.679355	7.9696937	7.750349	7.566857	8.681608	8.437293	8.671864	8.354829	8.663178	7.352353	7.2830095	7.8236012	9.257983	7.161318	8.189895	8.024708	8.55485	7.5589595	6.7228284	7.428454	7.797713	7.9769464	8.156677	8.479745	7.1247845	7.4650593	8.7681465	8.434195	9.036127	8.310654	7.8132806	8.684635	8.622756	8.3853245	8.058222	8.048871	7.5584083
LGALS3_8989	8.336771	4.7181683	4.928618	4.8763194	4.4552264	8.376214	5.4070196	4.8020277	5.5552063	8.139441	5.3645425	4.670239	5.2983875	5.7503257	4.6246834	4.9284973	5.3091817	4.664168	4.9422517	5.5533414	5.3103766	8.069026	5.004824	4.325158	8.0898075	4.9221873	5.2237663	5.328603	4.906079	5.241258	8.262996	4.6961017	7.4727654	5.4752235	4.48659	5.0650043	5.481941	8.239725	8.203786	4.56857	5.3326373	5.4349613	5.6759624	4.870279	5.1080365	5.4468136	5.360163	5.722694	4.405847	8.213599	4.687281
LGALS3BP_8990	9.144552	8.150458	7.7691545	8.165278	8.674791	8.450733	7.89725	8.917686	8.907077	8.484524	8.519907	8.130043	9.078621	8.103818	8.174849	8.427905	8.099863	8.052572	8.025936	8.24412	8.994551	8.485215	8.4784	8.837775	8.492371	8.283037	8.4274025	9.036201	8.668047	8.613907	8.509676	8.401315	8.5934725	8.508829	8.309241	8.769698	7.758205	8.545403	8.240786	8.649325	8.352717	9.182525	8.024412	8.514357	8.495354	8.708037	8.528332	8.772904	8.519392	7.9739885	7.779355
LGALS4_32564	4.8468065	3.7098691	3.4950655	4.0839515	3.78599	4.3196507	3.754334	3.8139515	4.7763667	4.325485	4.59055	4.0097504	3.943193	3.6420867	3.0413287	3.9751108	4.5537415	3.247281	3.871139	4.1184506	3.747729	3.5271246	3.2947974	4.399368	4.299972	3.526701	2.8837204	4.54114	2.9081242	4.556708	3.4891737	3.148948	4.7467914	4.9590516	3.4783766	3.3011148	5.2489533	4.8431597	4.255792	3.5918324	3.4806895	3.4885392	4.88556	3.7222598	4.6433735	4.7235904	4.7308903	4.9470167	3.619066	3.7879004	3.9813085
LGALS8_8992	5.5741963	4.839124	4.9920993	4.723322	4.8244147	5.007306	4.373555	5.7759356	5.749802	4.325485	5.137997	4.7876277	5.9208536	5.3509765	4.8386974	5.0789332	4.596273	4.8169265	5.182751	4.4023523	5.383815	5.1819463	4.2193546	5.208422	5.082471	4.603209	4.829656	5.9471774	5.1418643	4.6225667	5.5659637	4.458572	4.533327	5.4752235	4.2927747	4.532437	5.2489533	5.155	5.134172	5.1456947	5.2321935	5.365103	4.827514	4.6296024	5.3570614	5.1755333	5.9805775	5.525152	4.793504	5.3434863	4.7403216
LGMN_8994	8.785378	7.5236025	8.27264	7.5975776	7.965238	8.53219	7.89725	8.017974	8.766697	7.668173	8.088155	7.321919	10.005088	8.94635	7.8193145	8.485621	9.146361	7.4455376	8.972455	8.353688	7.7536697	7.7788644	8.484678	8.730461	8.2991905	7.4296827	8.939647	8.962567	9.023284	7.829372	8.754845	7.5539327	8.62979	10.112229	8.779741	8.043032	9.156021	7.84704	9.011964	7.4397593	8.644138	9.21267	8.444515	8.54939	8.249798	8.845696	9.381894	9.323551	7.854827	8.269124	8.319191
LIG1_8999	4.872845	4.047728	4.474771	4.988013	4.061947	5.4263177	4.4623084	4.952833	4.8536887	5.2890506	5.0288405	4.8961797	4.3345904	5.208881	4.4183564	4.5291653	4.897746	4.8169265	3.9884303	3.7646446	5.003735	5.761857	5.0951223	4.469946	4.7436357	4.689805	4.3770947	4.4426293	4.756258	4.8319354	4.2273164	3.5227396	4.533327	4.0344577	3.8035955	5.547202	4.0488772	5.182775	3.1142545	4.9300785	4.704287	4.226657	3.5938523	4.294119	4.5230813	5.1755333	3.9560254	3.6162026	3.547572	2.9979472	4.0103908
LIG4_32329	3.9212615	3.5057364	4.68146	4.8763194	4.4552264	5.332414	4.699865	5.056417	4.4174857	4.4354167	4.9511933	4.3005457	5.2472773	5.208881	4.545657	4.0929766	4.964206	4.696041	4.722831	4.4023523	5.0940313	5.0799727	5.027934	5.0330434	4.8762355	4.5578804	5.0118756	5.626603	4.399905	4.4876986	4.750273	4.54217	4.679086	4.7236447	3.744154	4.335545	4.710304	4.5762477	4.7792325	4.233773	4.5871716	4.7857018	4.532837	3.1216903	5.0218806	4.7638493	5.2322598	5.415215	3.9314296	4.2954535	3.8263953
LILRA3_32676	0.0	0.0	3.3081667	0.0	1.1131065	0.0	0.0	0.0	0.0	3.2825825	3.2559555	0.0	0.7526357	0.0	0.0	3.2782712	0.0	0.0	1.1630801	1.8148876	2.5447638	0.0	3.0458522	3.2425063	0.0	0.0	2.6098514	3.6467555	2.7897131	3.4453578	2.5294693	0.0	1.7915226	3.1743853	1.9328802	0.79748124	2.9382603	2.1579974	0.0	2.4060068	3.079476	2.1401448	0.0	0.71545935	2.4590204	2.9502776	1.1120816	3.0567124	3.0230174	3.9047008	2.542046
LILRB4_9000	4.996422	3.9966314	5.441959	3.9246213	4.293499	5.7138553	5.451061	4.492971	5.531871	4.63295	5.2394724	3.5597103	7.115392	5.0512457	5.98783	5.8884015	5.1753125	4.5291295	5.080776	6.712607	6.7371736	5.1571207	4.8833723	5.1876307	4.997667	4.8859644	5.820445	6.338205	5.867273	6.373193	4.675246	6.2682376	6.4758854	5.5388875	5.754394	5.2720704	5.802193	4.807922	6.084171	4.776873	5.4931636	5.4797225	5.6257567	4.772004	5.857487	4.8411465	5.458717	6.769795	6.5124855	5.554848	5.3869634
LIN9_9003	5.1319685	4.4020452	4.9607077	4.817053	4.5656357	5.2830663	4.9658127	5.7348895	5.749802	5.480744	5.1726213	4.8247266	4.560755	4.911429	4.7356553	5.020627	4.8633313	5.2191105	4.0436835	4.74485	5.179007	5.4909453	5.3547654	4.7507205	4.9682536	4.9575233	4.892988	5.328603	5.11749	5.132438	5.0165553	4.3698306	4.7467914	4.6866455	4.449854	5.6567907	5.0696926	5.2630286	4.0887313	4.6054435	4.8469768	5.075422	4.603718	4.4715905	5.1080365	5.1145706	4.33385	4.998754	5.021698	4.207234	4.650806
LIPA_9004	6.370801	5.4457965	5.3235607	5.821706	5.942085	6.238766	6.06096	6.8227057	7.1117196	5.975228	6.622115	5.742007	7.2642136	5.977675	5.9422774	6.729179	5.890534	5.4041524	6.1997113	5.6102314	6.186583	6.293057	5.680604	6.4379888	6.7808847	5.595824	6.4239273	7.221976	6.2389402	5.9671173	5.848026	5.668002	6.962381	6.9552894	5.543938	5.738837	6.215553	5.9529834	6.8738437	5.0947356	6.1033974	7.0429683	6.2733946	6.904136	6.1390557	6.783443	7.349077	7.320158	5.7829065	6.4841795	5.6405244
LMO4_32889	6.652131	6.339722	6.965622	7.04675	6.4727273	7.5334463	7.1131487	7.4099474	7.5495443	7.2078824	7.3607373	6.776595	7.270627	7.760966	6.783258	7.0244765	7.37008	6.8993454	6.5346828	6.7719893	7.6232815	7.3941736	6.928365	6.3750143	6.8868623	7.423378	7.1498413	7.522508	6.8400416	7.179921	7.6099424	6.796769	6.5629816	7.3654675	6.4836617	7.2577763	7.092957	7.4893517	6.8823833	6.4930153	7.135204	6.9345994	6.427879	6.687606	7.334891	7.834723	7.500195	7.9521747	6.7697453	6.897534	6.543835
LOC100134871_32288	17.126728	17.645197	17.363638	17.437078	17.597712	17.31827	16.782082	17.047264	16.650995	17.276163	16.906494	17.564968	17.301014	16.442156	17.410038	17.18182	16.891851	17.579151	17.413034	17.275072	16.895977	17.071123	17.20597	17.465435	17.320343	17.195929	16.927124	16.916178	17.094416	17.124094	17.43684	17.1626	17.578247	16.877785	17.487982	17.57022	16.912899	17.199524	17.240417	17.74735	16.977316	17.534039	17.42998	17.900171	16.630226	16.948298	17.411844	16.774893	17.744331	17.58768	17.357595
LOC100360552_9018	4.1514177	2.6274648	4.285043	3.016629	3.590906	3.9912984	3.9511857	4.032947	4.255975	4.4354167	3.7896788	3.3719604	4.3827486	4.7968874	3.888254	3.9751108	3.613897	3.4098673	3.9309764	3.9523666	4.3944616	3.7426953	4.2589602	3.0714748	4.299972	3.93395	2.6098514	5.0224595	3.7464566	3.4453578	3.654551	3.4379745	3.1700616	4.1476912	2.602338	4.532437	3.9828393	3.8236685	2.715985	2.0255485	3.9287112	4.1731524	3.3681562	2.760871	3.953726	4.682175	4.374813	4.9470167	3.3929877	4.457192	3.176361
LOC100360856_32354	3.3087924	3.0842927	3.736615	3.386396	3.5195398	5.38013	2.9214785	3.8907034	3.789237	3.7760599	3.6975753	3.2680495	4.4293513	3.885732	4.278726	3.175133	4.7919374	2.3117008	2.966509	3.8299706	2.9831893	1.5149852	4.4761596	5.208422	3.9845338	2.250642	4.02797	8.975838	3.1192565	1.9061652	4.8215914	3.3479161	5.2912316	4.5695896	2.1315236	4.2260103	4.172522	4.1393185	4.4973164	3.0654895	5.2832894	6.310803	5.145197	4.7025595	6.4671087	5.757134	5.4200993	5.188933	5.2415123	5.2361207	4.4949174
LOC100361706_33302	10.514379	9.359873	10.244095	9.213919	9.749095	10.492424	10.188544	10.208139	9.911237	10.579793	10.600392	9.531143	10.075456	10.619184	9.955891	10.238274	10.394416	8.919234	10.30154	10.526351	10.38614	10.510644	10.222792	9.78348	10.069475	9.434408	10.194539	10.00601	11.0071745	10.015959	10.135504	9.958921	9.9989605	10.684787	10.402714	8.952749	10.672133	9.6468	10.529291	9.032772	10.64082	10.006847	10.438379	9.933887	10.480793	10.801044	9.792301	11.218939	10.578287	9.559581	10.766423
LOC100361830_9029	4.1514177	3.0842927	4.8278294	4.1811657	4.061947	5.4263177	4.6628904	5.022709	5.459511	4.806665	4.369601	3.9438322	5.3718104	4.628482	3.6820092	4.4867225	5.1753125	4.7577496	3.871139	4.5646772	4.873814	4.788203	4.778267	4.435088	4.2022934	4.4126673	5.1736393	5.670792	4.4785657	5.0629745	4.328719	4.174075	4.7794886	5.4533625	4.333677	4.745896	4.230585	4.4899464	4.6249356	4.1363487	4.913356	4.4227967	4.532837	4.3405747	5.1080365	5.3175406	5.4963274	5.737997	4.6642694	4.636787	3.6892493
LOC100362324_9030	6.1436925	4.7181683	5.592916	6.0054817	5.2116504	6.1725616	6.06096	5.8925	6.2129498	5.8217273	5.987252	5.6622686	5.7660575	6.4640727	5.813266	5.872006	5.924313	5.4233203	5.4717484	5.628707	6.0727553	5.961453	5.9702992	5.454533	5.6986556	5.639993	5.9150124	6.100435	5.9104743	5.806383	5.813455	6.0712457	5.702723	6.0124335	5.234048	5.5009246	5.7031364	6.0314584	5.509802	5.418593	5.6953373	5.8976927	5.4250994	5.4807954	5.7137523	6.392158	6.167036	6.754827	5.6355367	5.213654	5.5836096
LOC100362453_9031	9.197024	8.4286375	9.011574	8.907946	8.802423	9.413273	9.187342	9.493987	9.6572895	9.050975	9.270698	8.822782	9.329586	9.425811	9.025366	9.302765	9.389453	8.872928	8.784534	8.762054	9.540939	9.428494	9.081474	9.033984	9.040225	9.062776	9.201254	9.627273	9.101485	9.120675	9.223275	9.085818	8.976772	9.267886	8.695949	9.262873	9.211139	9.11653	9.185897	8.468496	9.1414	9.566571	8.74812	8.841565	9.472189	9.474276	9.253245	9.927919	8.745888	8.865195	8.367757
LOC100366216_9042	6.1002703	4.362231	4.1799192	4.657271	5.142075	4.812385	5.2413383	5.121559	4.890849	4.72242	4.990539	3.7258165	5.0526247	5.3509765	5.241075	5.1349735	4.369845	4.2573314	4.542772	4.710571	5.703604	4.7220345	5.116841	4.7220893	5.1363587	4.2511845	5.665847	5.509819	5.1658335	4.9648266	5.215015	5.704749	4.644004	5.019812	4.8101554	4.387344	4.970953	4.2484846	4.885008	4.641398	4.4597015	5.722536	4.2965484	4.429227	4.6433735	5.4218693	5.400396	5.3766255	5.2415123	4.7964797	4.410165
LOC100909655_33228	1.6305549	1.1049913	2.145686	1.9837908	2.498873	2.340468	1.2111645	3.458151	2.9615965	2.5266557	1.4386133	0.0	2.1454625	2.668917	3.0413287	1.8787316	2.727169	2.467557	1.5155233	2.0523822	1.911856	0.69538784	1.620029	2.6531126	0.7178737	2.810302	2.6098514	4.222796	2.3618937	2.9251404	2.3481333	1.8573289	2.9579055	1.8781195	1.4280888	1.9826764	2.23349	1.6218852	2.1639853	2.4060068	2.9589396	2.5288935	1.7361305	1.1915702	1.8069959	2.6400769	2.7672026	2.130537	2.524174	1.9678794	1.7010021
LOC100909675_9046	6.6745095	5.387488	6.753027	6.2933173	6.56423	7.585259	6.7486596	6.9626102	7.135137	6.5028844	6.7876225	6.400136	6.9414177	7.1485143	6.9612737	6.4264517	7.214957	6.5265017	6.34975	6.518214	6.8623557	6.7063427	7.351167	6.9996114	6.729216	6.761629	7.1627474	10.039047	6.8023105	6.6107836	6.571494	6.77101	7.3255444	6.970761	5.9512243	6.472969	6.8367157	6.981382	6.981104	6.0469074	7.5752716	7.5422473	6.6366515	6.162304	7.591957	7.330918	7.8661327	8.139571	7.5233183	7.7067485	6.663091
LOC100909840_9050	4.234097	3.1790063	3.9434626	3.6123734	3.6589074	4.459483	4.124374	5.3288536	4.6520104	4.5375614	4.369601	3.5597103	4.0060377	3.1137757	3.3512022	3.4647577	4.5537415	3.4847689	3.1788383	3.469012	4.693005	4.422068	3.6329622	3.466162	3.9845338	4.003223	4.5442247	4.8409843	3.1192565	4.415221	4.8895493	4.174075	3.1700616	3.277517	3.4783766	3.5934687	3.6835446	5.0382223	4.202226	3.9766421	4.319868	4.117587	3.100484	2.0738304	5.189336	4.3532715	4.157271	4.291561	3.309005	3.660804	2.8299677
LOC100910229_32519	1.3630255	2.486432	1.9030463	1.125733	1.9663466	3.0792744	1.8601638	2.4882271	2.9615965	0.8429578	2.1444392	1.2862334	0.7526357	1.3398731	1.2110108	1.2257426	2.5653183	0.6474369	2.574683	1.1757872	2.5447638	1.1626221	2.3639069	1.8659643	1.1950403	2.250642	1.5430765	3.732648	2.6607075	1.6773919	1.6068331	1.8573289	2.4082093	1.2252613	0.0	1.6844561	1.986288	1.6218852	1.2585819	1.5073531	1.8915004	2.1401448	1.1148349	2.4578679	2.5845437	2.2443757	2.7672026	3.6162026	3.0230174	2.5005684	2.181963
LOC100910669_9062	8.087194	9.701446	7.9989963	10.209826	8.078203	8.211236	8.121619	10.01272	8.849253	9.863016	9.906579	9.870809	9.01511	8.432711	9.742151	10.956897	8.350264	7.7296944	8.212302	10.513359	10.914546	10.969917	8.276115	10.441092	11.000071	9.743636	10.043982	10.733109	10.488988	9.361504	11.291432	10.391082	10.593545	10.51907	8.079041	8.337773	8.342591	7.7894917	10.413272	7.9538813	8.098314	10.405915	10.486648	10.862276	10.01561	8.710614	10.371355	10.628303	9.920814	8.312056	7.490369
LOC100910792_33137	5.019916	4.7181683	5.3235607	5.645533	5.2780237	4.913135	4.1777725	5.9110436	5.884866	4.63295	4.990539	5.817568	4.642146	4.3858986	4.545657	5.363267	5.407996	5.031988	4.3369923	4.4023523	5.4074864	5.841925	5.526864	5.4889297	5.97491	5.0257	4.0833216	5.0224595	4.399905	5.38101	4.8559704	4.54217	5.173154	4.442191	4.019533	5.8352385	4.6689043	5.288818	4.202226	5.920923	5.768889	5.1876035	4.496046	4.8382587	5.189336	4.5034924	4.2034826	4.656197	5.147925	5.020094	5.11973
LOC100910898_33247	3.763191	3.7719631	3.4046404	3.9246213	3.6589074	4.269857	4.418614	3.6469922	3.6225116	4.4354167	4.369601	2.9020875	3.6602395	4.2761607	3.5260668	3.4647577	3.7706692	3.6238267	3.871139	3.3845623	3.9546967	3.987655	4.3350515	4.2469234	4.150857	3.21252	3.7825153	4.4927254	3.681432	3.4453578	4.000245	3.4379745	3.2654822	4.201141	3.54955	4.044337	4.0488772	2.3661232	3.7584567	2.8365164	3.9915128	4.5541725	3.5224726	3.0111494	3.857513	4.4551363	4.29169	4.2061086	3.547572	3.7257514	3.2267935
LOC100910973_9069	11.1362705	10.588578	10.581188	10.339869	10.612835	10.493103	11.158344	10.974495	11.250919	10.81217	11.202953	10.355003	10.66971	11.380989	10.896162	11.224015	10.63717	10.43651	10.861587	10.833598	11.101666	10.71103	10.628263	10.534616	10.825515	10.742794	11.074367	11.436127	11.1675005	10.803989	11.178813	11.3264065	10.500996	11.087385	10.918828	10.59273	11.193889	10.998744	10.949682	10.1885	10.919435	11.163186	10.921949	10.428468	11.297847	10.961106	11.015249	11.088093	10.767166	10.878131	10.6726055
LOC100910978_33295	4.312294	3.351601	4.5185456	3.5409095	4.335662	3.4804814	4.2292647	4.0991335	5.3302097	4.26721	4.4280906	3.8747573	5.9208536	4.8742495	4.6246834	4.397897	4.75487	4.696041	4.4639463	5.572555	5.179007	4.8201823	5.5105495	5.0095425	4.5586634	3.526701	4.0833216	4.0988913	2.9081242	3.9345353	2.967061	3.148948	4.138909	4.989752	3.54955	4.167958	4.172522	3.9583218	4.1465945	3.5918324	4.051694	3.1983922	4.671279	3.4946837	4.128809	4.7235904	5.6036115	5.415215	5.021698	4.765924	4.9196486
LOC100911177_9074	7.5021043	6.618495	7.101356	6.639628	6.7314734	7.011642	7.4961014	6.9356937	7.180862	6.9819484	7.1335435	6.8771467	6.587915	7.7196407	6.8669057	7.1723986	7.2553296	7.0301337	7.1837277	7.5251913	7.1417866	6.9425845	6.940595	6.828859	6.8225718	7.1145487	7.5043693	7.073517	7.22366	7.3644643	6.852576	7.6465626	6.940861	7.504835	7.3112245	6.436552	7.4575253	7.2866974	6.9243407	6.7533774	7.071224	6.8855424	6.6450777	6.321328	7.2379055	7.17544	6.850686	7.225616	6.6382637	6.5573745	7.0184097
LOC100911204_32805	1.3630255	2.1547542	0.752753	2.907214	1.1131065	2.340468	1.5718547	2.2757223	2.2546368	2.312845	2.1444392	2.200775	1.9028349	1.7211257	2.1001348	2.326616	1.9300845	2.1369452	2.035052	0.7045007	1.911856	2.9657874	2.7448034	2.977701	2.6224735	1.3239917	1.5430765	3.8137126	2.185535	2.6996026	1.6068331	1.2089423	2.7090814	1.8781195	2.306097	3.5024447	1.687787	1.6218852	2.372343	2.8365164	3.079476	2.6899478	2.168997	2.4578679	2.7000144	3.0834928	1.7325498	2.4607615	2.79505	2.6418855	3.1241014
LOC100911481_33186	4.6196246	0.0	3.4950655	0.0	5.0437603	4.0514793	4.805422	4.761728	5.884866	4.143083	4.538403	3.8747573	0.7526357	5.52898	0.72900796	0.7393115	5.6492867	5.34507	3.5278807	0.0	4.3462834	4.3797755	0.6026023	4.36274	3.8619432	5.823556	0.0	4.54114	0.0	4.1729927	4.1738105	4.54217	4.2826996	5.362447	4.019533	3.8364446	0.0	4.8431597	3.7584567	0.0	0.7463577	3.3981557	0.0	3.8562014	4.2849255	1.9966261	5.63767	5.489429	1.1296852	1.1142143	0.40229607
LOC100911553_9082	1.6305549	0.0	3.2047765	0.0	1.7338829	1.8913333	1.5718547	2.0264177	1.3270301	1.7575232	0.0	0.78194916	2.8407278	0.82019544	0.0	2.326616	2.5653183	2.3117008	0.6957044	2.593747	0.75764817	2.4155526	2.5023503	2.977701	1.5530008	0.80882925	3.003343	4.4426293	1.126302	2.8167744	0.75012773	2.4830763	2.4082093	1.8781195	1.0890009	1.9826764	2.4444666	1.914702	1.2585819	1.5073531	2.133485	2.3475738	1.968738	1.1915702	2.7000144	1.9966261	1.9649282	2.130537	2.190403	1.4579389	1.8370861
LOC100911727_32894	2.9658844	1.1049913	3.3081667	4.272241	2.6401563	2.82721	2.6463878	3.555659	3.5313187	2.7128305	4.0352206	2.9020875	3.2045193	2.8329227	2.921244	2.6678994	4.0408278	2.854038	1.7985483	2.8670673	3.5060158	3.674356	2.952313	3.1595235	2.0785348	3.526701	1.8287144	3.963337	2.5190232	3.2918935	3.3987858	1.8573289	3.1700616	2.325943	2.8479903	3.6790886	1.986288	2.8546557	2.1639853	3.7318203	3.3903556	2.3475738	2.168997	3.3202078	3.3918626	2.8034983	1.7325498	3.5483809	3.309005	1.7353235	2.8299677
LOC100911750_32851	3.5212522	2.6274648	4.928618	3.016629	3.8455658	4.3196507	4.373555	4.390976	4.736094	3.8573148	3.9579256	3.9438322	4.179647	4.7968874	3.5260668	3.7780194	4.5537415	3.9221573	4.1482205	4.4857965	4.244814	3.6026177	4.178631	3.5980654	3.9845338	4.6471567	4.0833216	4.222796	3.9256022	3.8817208	3.8717287	3.67865	3.1700616	4.609673	3.54955	4.335545	3.3054578	4.349968	4.0887313	3.3525324	4.7413044	4.3762045	3.8485553	4.1450377	5.0218806	4.682175	4.2034826	4.71924	4.09081	4.063883	3.8587372
LOC100911874_9095	2.0511916	1.9551042	3.3081667	2.6598237	3.4444587	3.9912984	3.4415276	3.8907034	4.365632	2.7128305	2.8046954	3.1560693	3.4948025	3.4533052	2.3059688	3.9751108	3.1259208	3.3308632	2.7174463	3.3845623	2.8513174	3.178102	3.439704	3.9339144	3.2298694	2.6467445	3.2164025	4.4426293	2.9081242	2.8167744	3.7306347	2.9180818	3.594322	3.463993	2.602338	2.9340591	2.7916732	3.5095499	2.8613043	2.4060068	1.6005821	3.573593	2.9989562	2.6173096	4.2474513	3.2054403	3.5177994	4.0183334	2.79505	3.3671148	2.8299677
LOC100911946_9096	2.7580647	2.3301039	2.5348177	1.750284	1.4566294	2.340468	1.5718547	0.82250994	3.0949595	0.8429578	3.1206355	2.200775	1.9028349	1.7211257	2.1001348	2.1199853	1.6360242	2.608205	2.238191	2.73687	1.251849	1.1626221	2.0393906	1.0412753	2.0785348	1.3239917	3.2164025	3.240585	0.6703802	1.0698712	2.1406834	2.097342	1.7915226	0.7389744	2.602338	1.3080859	2.4444666	1.6218852	1.6270963	2.0255485	2.5217707	2.834815	0.6625256	1.1915702	2.4590204	1.3192296	2.1650176	2.305077	1.9892389	2.1681004	2.3732097
LOC100912041_9098	7.4294	6.0450525	7.456776	7.3165493	7.049101	7.134977	7.2188296	7.9877186	8.164547	7.0177355	7.243488	6.9957514	7.339351	7.58805	6.685272	7.35455	7.4418044	7.097315	6.663734	7.1045356	7.381766	7.9403505	7.6667333	6.987633	7.330016	7.304912	7.231739	8.246632	7.2293577	7.884101	6.681018	7.189239	6.8045316	7.5570188	7.171556	7.5638165	7.2415514	7.7529016	7.300746	6.736854	6.9098835	7.020422	7.108211	6.740536	7.7476926	7.5366206	7.4094663	7.9521747	7.446786	6.5838923	6.5488
LOC100912163_9101	6.7396345	6.349937	6.771236	6.8012695	6.723556	7.113964	7.329143	6.8324666	7.496286	6.5402746	6.8952003	6.52936	6.7889323	7.462157	7.020922	7.1453676	7.0021124	6.4537907	6.724174	7.1242013	7.0318546	6.821415	7.0002365	6.5803733	6.6756287	6.625455	6.8320675	7.0979977	6.8768115	6.6428766	6.7374296	6.8469477	6.627265	6.746437	6.501721	6.239254	7.0613093	7.0126705	6.6420503	6.4327383	6.957851	6.7998805	6.702722	6.068813	7.076317	7.1528783	7.05353	7.5757375	6.8610454	6.832672	6.8109174
LOC100912222_9102	2.9658844	2.3301039	3.0934007	2.361048	1.4566294	3.2937799	3.255363	4.032947	3.7082813	2.7128305	3.1206355	2.5936327	2.8407278	2.8329227	2.1001348	1.8787316	3.1259208	2.7363515	0.6957044	1.5304413	3.5060158	2.4155526	2.7448034	1.6397378	1.5530008	3.429383	1.8287144	3.4579172	2.185535	2.6996026	3.0876935	3.2518594	2.0275967	0.7389744	1.7024508	3.188829	2.9382603	2.547975	2.5543716	2.0255485	2.8274064	1.6063654	1.4586725	1.8351252	2.806924	2.8034983	3.0959623	2.9556122	2.9135318	1.9678794	2.3732097
LOC100912247_9104	4.234097	4.44079	4.233438	4.51534	4.9106236	5.095705	5.3383293	5.3829937	5.687808	4.99798	4.59055	4.4504933	4.99182	5.208881	4.6246834	4.397897	4.75487	4.7272253	4.617513	4.2673736	4.3944616	4.5798335	4.9574633	4.2061553	4.997667	4.8488083	5.4084845	4.720022	4.399905	4.716039	4.468596	4.962024	4.713336	5.3857183	4.8101554	4.6216445	4.9364786	5.480044	5.2963333	3.7318203	4.41458	4.3762045	4.338716	4.1450377	4.9537096	4.8782954	4.8518867	5.8265553	4.730334	5.0457573	4.7914805
LOC100912409_9106	3.2304003	3.1790063	3.0934007	3.6123734	2.1664994	3.7218108	2.1003423	3.240815	4.8155456	4.206481	3.3796642	2.200775	4.0060377	4.0279417	2.921244	2.9436944	3.0048497	2.467557	3.1788383	2.8670673	3.820068	3.3631423	3.0458522	3.1595235	3.12715	2.250642	3.003343	3.5554237	2.5190232	3.4453578	2.6905363	3.5227396	3.2654822	4.3024426	2.7303865	2.7875395	4.172522	4.1393185	2.9933162	2.0255485	2.9589396	3.4885392	2.9989562	1.8351252	4.3214507	4.12504	4.0601544	3.9144068	2.3669193	3.0994654	3.5376832
LOC102549061_32836	11.897961	11.9643545	11.649085	12.275955	12.05003	11.666536	10.279899	12.818418	11.677043	12.235202	12.440322	12.547927	12.10707	11.072799	11.354889	12.414982	12.1126585	12.342991	10.880205	10.831606	12.346441	12.39864	12.038115	11.781602	13.1684885	11.769033	11.118507	10.702172	11.888696	12.381595	11.437989	11.141925	12.590975	10.813173	11.57924	12.9705925	11.673983	12.504777	11.04119	12.816221	12.368859	12.248018	10.847235	12.1647005	11.619488	11.583396	10.473304	10.69255	11.911489	11.978418	11.687157
LOC102549726_32764	7.1548347	6.4194837	7.2709136	6.960372	6.9371667	7.292895	7.4908366	7.356828	7.5142584	7.2611074	7.4551744	7.1053424	6.867189	7.564902	7.0640936	6.9483247	7.459192	6.906174	6.8379498	7.6389275	7.5184827	7.3994756	7.465612	6.7530513	7.2282286	7.1607604	7.063013	7.403158	7.3282523	7.619602	6.8440375	6.950027	6.9835844	6.9630456	6.646731	6.9399385	7.395424	7.124307	7.201864	6.7858667	7.53894	7.2509427	6.4376125	7.09914	7.33935	7.786683	6.942106	7.678456	7.008113	6.904564	6.8109174
LOC102551815_32699	5.2949095	5.0790715	5.7480693	5.4642606	5.320635	6.0888844	5.472587	6.589337	6.5042543	6.063483	5.800622	5.3676972	6.524933	5.977675	5.8300376	6.1823654	6.0366755	5.4793434	5.4717484	5.751806	6.087485	6.1111393	5.9939647	6.04592	5.716456	5.969167	5.836643	6.9080105	5.59453	6.041232	6.4188776	5.334512	5.8173804	6.284176	5.4906793	6.196337	5.6615276	6.3085694	5.752721	5.2885866	5.6953373	6.260383	5.7244797	5.745358	6.4173555	6.2716823	6.413019	6.398211	5.263991	5.8007507	5.159219
LOC102553917_33088	10.060733	9.928	9.548871	9.494864	9.841612	9.8093815	10.552375	10.068507	10.77481	9.881344	10.269529	9.945342	10.468937	10.399633	10.032157	9.879808	9.885884	9.884416	10.011422	10.330058	9.726468	10.272097	10.112257	9.590079	9.942885	9.925275	10.51575	10.353093	9.906604	9.980293	9.885958	10.229459	9.865411	10.426026	9.288879	10.039935	10.097399	10.280198	10.253755	8.813936	10.45763	10.233675	10.022677	9.686591	9.8379135	10.334797	10.334191	11.05678	10.365457	10.4170885	9.965204
LOC102555086_9117	2.515188	3.0842927	2.9727023	2.907214	2.7688293	3.3901486	3.6063921	3.3535717	4.1978536	3.8573148	3.6975753	1.6591743	4.0060377	3.5507815	2.921244	3.4647577	3.4379885	3.0640168	2.4162252	2.73687	4.244814	3.870368	3.2164934	3.0714748	3.7965066	3.7036133	2.271517	3.5554237	2.5190232	3.5840557	3.7306347	2.9180818	3.2654822	3.1743853	2.1315236	2.7875395	2.9382603	4.1393185	3.4260273	3.6635237	2.5217707	3.573593	3.2843316	3.4100819	4.043922	4.061858	4.24826	3.9673057	3.124777	2.3438904	2.4600961
LOC102555634_32355	2.3764687	2.3301039	2.353332	1.4715443	2.498873	3.8628378	1.8601638	3.458151	1.7063249	1.7575232	1.8342675	2.5936327	2.9724503	2.2714932	2.1001348	2.1199853	3.7706692	1.9380654	2.4162252	2.9864812	0.75764817	2.2375386	2.952313	4.2061553	3.016553	0.0	2.271517	6.2242126	2.185535	2.2771995	2.3481333	2.3030627	3.9791842	3.9115734	2.7303865	2.440523	2.23349	3.8236685	2.372343	0.6909027	3.190714	4.226657	2.642854	2.0738304	3.3918626	2.8034983	4.009029	3.9673057	3.3929877	3.8474822	2.8299677
LOC259245_33313	7.832426	8.476042	2.840976	9.460176	8.414514	8.924962	5.472587	6.405385	8.536924	8.995967	4.484301	7.2418933	8.71237	2.8329227	3.606144	3.0640497	7.394387	9.68642	3.603377	2.73687	9.617783	5.9177823	10.833615	7.8525295	3.9845338	2.957191	8.008409	6.418152	2.7897131	4.258335	3.654551	7.8893676	3.518869	3.7050712	9.135399	6.386521	4.2864017	4.877557	3.89976	9.001988	3.6459768	4.1731524	5.444539	2.8914306	6.275628	10.05755	4.5638094	4.749758	4.967943	3.0994654	5.5836096
LOC287167_9118	12.91706	13.580592	13.382193	14.119417	13.9092245	13.75095	13.530761	12.920618	13.17281	13.477006	12.975429	13.856825	13.700005	13.210391	13.487118	13.121821	13.136111	13.761566	13.5083065	13.60375	12.166085	13.4482765	13.457622	13.881892	12.352409	13.453779	12.966289	13.479484	13.0430975	13.399697	13.828957	13.192774	12.183431	13.019327	13.616017	13.751129	13.061925	13.595603	13.573713	13.683713	13.504869	13.757315	13.333534	13.988111	12.772121	13.24517	13.556467	12.859667	13.868984	13.600286	13.981857
LOC290595_32588	2.222978	1.7233189	1.9030463	0.66999	2.1664994	2.1333084	1.5718547	2.2757223	2.2546368	2.0617402	2.3995826	2.410535	0.7526357	3.6420867	2.3059688	1.2257426	1.2662693	2.467557	1.7985483	2.2562509	3.1040103	1.5149852	2.210754	2.2336307	0.0	2.002579	0.0	3.240585	0.0	1.0698712	1.2411588	2.3030627	2.2304184	2.1193378	2.602338	2.440523	0.7995354	3.2189481	1.2585819	0.0	3.3903556	2.1401448	0.6625256	1.5489385	1.8069959	1.3192296	2.1650176	2.8468895	1.9892389	1.4579389	1.961433
LOC500013_9124	3.1475024	3.8314943	0.752753	3.2133267	2.8869598	3.3901486	4.4623084	3.8907034	3.5313187	3.7760599	3.1206355	3.3719604	3.4948025	3.5507815	4.1241193	3.7058477	3.0048497	3.9750757	3.7434611	3.6243875	4.0778275	4.0429063	3.1336944	3.9830067	3.4156697	3.0904965	4.136628	5.2138186	3.7464566	3.648705	4.0604506	4.0652423	3.594322	3.9115734	3.4783766	3.5934687	3.5068517	4.194934	2.715985	3.167649	3.8630507	3.6539102	3.5224726	2.8914306	4.128809	3.4221838	4.453407	4.6880627	4.09081	3.7257514	2.542046
LOC500183_9125	12.922037	10.901882	13.129864	12.581745	11.792041	13.302601	13.443437	13.403723	12.968946	13.208322	13.363941	11.159506	13.221613	13.426354	13.196821	12.734273	13.468018	12.677174	12.703727	12.1946335	13.305643	13.183604	13.232111	12.824016	12.958529	12.992122	13.172478	12.293199	13.220399	13.097857	12.425262	12.549005	13.161443	14.298512	12.84832	11.512138	11.819124	12.862853	13.134706	10.422818	13.754224	12.845429	13.281111	13.07432	13.597142	13.997612	11.690475	13.853161	12.882536	12.909468	13.331154
LOC501110_33182	6.154347	5.8715672	6.715904	5.628397	6.259312	6.7999096	6.600104	6.365603	6.8060784	5.9195614	6.53165	5.7990456	5.9208536	6.817421	6.580143	5.838645	6.4029365	5.5852566	6.305224	6.6140532	6.4022207	6.3489327	6.12834	6.1136165	6.1022253	6.0368085	6.6787777	6.7418895	6.261362	6.5528426	6.235184	6.663111	5.5966268	5.919817	6.1126924	6.1218433	6.603927	5.726402	6.6914845	5.014755	6.509608	6.1400523	6.427879	5.4171906	6.6142125	6.392158	6.623108	6.1914277	5.9722724	6.023752	6.477694
LOC502894_33269	1.8561494	1.9551042	2.145686	1.4715443	1.7338829	2.340468	2.3061843	2.6734118	1.7063249	1.7575232	2.3995826	1.6591743	2.1454625	2.2714932	1.8599678	2.1199853	2.727169	1.4325044	2.966509	1.5304413	2.8513174	1.7979587	2.3639069	2.877406	2.896768	3.3250225	1.5430765	4.0988913	1.751022	1.9061652	1.6068331	3.0381281	2.7090814	1.8781195	2.306097	2.440523	2.4444666	2.547975	2.9933162	1.5073531	3.6459768	2.9664538	2.3448164	2.0738304	2.99956	1.9966261	2.7672026	2.130537	2.9135318	3.194307	2.280753
LOC606294_9128	5.019916	4.1909814	4.7565002	4.657271	4.159071	4.3196507	4.624943	5.056417	5.1271906	4.765157	5.066151	4.542445	5.1942897	5.178702	4.545657	4.351345	5.1753125	4.0261216	4.4228573	4.6394672	4.731025	4.8514686	5.0951223	4.1642017	4.597604	5.12228	4.0833216	5.5339446	4.6582794	4.6855497	4.786373	4.2752705	4.188449	5.078117	4.162613	4.931804	4.710304	5.182775	4.9514475	4.410862	4.5871716	4.7857018	3.7268174	3.8562014	4.8821573	4.595598	5.3804197	5.3766255	4.14025	4.378588	4.224081
LOC679346_9130	3.3087924	2.75593	4.1799192	4.31571	4.061947	4.2182827	4.3270435	4.633599	4.255975	3.7760599	4.308639	3.7258165	4.3827486	4.0941133	3.822728	4.201936	3.6944115	3.6886325	3.871139	2.2562509	4.441083	5.1318603	4.509381	4.537232	3.9245403	3.7036133	4.0833216	4.4927254	3.9256022	4.258335	4.2789087	3.4379745	3.594322	4.201141	4.1164784	4.532437	3.409666	3.7513156	3.9655392	3.7970295	3.9287112	3.7299907	3.100484	3.574598	4.458952	4.12504	3.5891576	4.291561	3.124777	3.194307	3.4554782
LOC679794_32681	9.250139	8.592463	8.747566	8.89188	8.742958	8.869623	9.274179	8.962824	9.360523	8.955021	9.121393	8.720688	8.6473255	9.366804	8.964006	9.04933	9.074846	8.760609	8.872997	9.007694	9.2645855	9.221068	9.078711	8.769461	9.057785	8.933429	9.296554	9.555431	9.099932	9.124943	8.641163	9.010765	8.505812	9.079149	8.788962	8.772136	9.169072	9.074522	8.613331	8.627083	9.24974	8.630578	8.744204	8.104004	9.35705	9.064958	9.053269	9.392866	8.783328	9.007487	8.843273
LOC680097_9132	11.3821335	11.467516	11.290813	11.8104515	11.312962	11.174779	10.373698	12.118007	11.370434	11.587531	11.788933	11.757809	11.630527	10.862857	11.140954	11.763662	11.713891	11.3736105	10.723007	10.619361	11.93951	11.870191	11.7518425	11.8099375	12.095288	11.066832	10.950525	10.92947	11.352488	11.673203	11.159158	10.886535	11.775099	10.992042	11.382823	11.912303	11.200713	10.977592	10.827861	11.977716	11.892055	11.46886	10.563116	11.43766	11.505309	10.982588	10.258917	10.512388	11.389077	11.148459	11.268978
LOC680329_9133	10.777765	10.401141	10.793736	10.271146	10.856296	11.401605	11.469981	10.632915	11.61663	10.5998535	11.302064	10.225749	10.820472	11.527377	11.024199	10.845321	10.777192	10.666567	10.701694	10.729918	10.706064	10.653393	10.434871	10.213832	10.418409	11.173518	11.234221	10.986309	10.989236	10.978794	10.091095	11.093817	10.443496	11.313923	10.809804	10.2442465	11.045092	10.971136	10.901656	9.344979	11.121608	10.7280655	10.82005	10.714664	10.963839	11.404759	11.007537	11.052961	10.74985	11.056379	10.900385
LOC684193_9138	4.3498583	4.7181683	3.660505	3.6123734	4.061947	0.7462653	5.7444243	5.485535	5.1271906	3.689954	4.484301	5.029272	4.9283385	5.084181	5.4067554	4.397897	5.146981	4.4565544	4.9422517	4.444678	5.3597484	4.97024	4.178631	4.663063	5.262879	4.689805	5.884174	6.000093	5.426129	3.5840557	4.000245	5.630295	4.3276124	4.442191	5.3581843	4.823157	5.276778	5.502259	5.3951254	3.167649	4.319868	4.8209195	4.7975917	4.196462	5.303291	4.4551363	5.7034664	5.415215	4.4845233	3.8474822	3.2267935
LOC684841_32802	9.882368	9.947471	9.486866	10.24679	9.8981	9.371093	8.601174	10.014865	9.752476	9.850667	9.721658	10.060626	9.7282295	9.268142	9.576859	10.00726	9.993226	9.7255535	9.103372	9.206812	10.11316	9.924031	10.108874	10.490735	10.471786	9.263175	9.08572	9.195931	9.706661	10.0522585	8.866556	8.981114	10.034106	9.353	9.76414	10.069964	9.30026	9.174745	9.00416	10.515337	10.08629	9.356117	8.901938	9.385185	9.57787	9.007435	8.390311	8.409419	9.959202	9.548404	9.640152
LOC685020_32775	1.8561494	8.297563	2.353332	8.387802	2.498873	3.1905103	1.2111645	7.952346	3.3295743	8.53479	7.8252735	8.58131	2.9724503	2.8329227	7.673607	9.468693	2.1742368	2.7363515	2.4162252	9.037384	9.613973	9.798218	2.7448034	9.052788	9.277545	8.668765	7.6762266	9.114281	9.127656	7.179921	9.972719	9.376582	8.359396	7.8650475	1.9328802	2.2296865	2.4444666	2.3661232	9.021661	1.7895929	3.079476	8.110465	9.215151	9.57444	8.787401	3.0834928	8.140066	7.214719	6.967601	2.5005684	0.9744036
LOC686151_32901	4.972539	3.8314943	4.3830233	4.58805	4.1113257	4.704067	3.4415276	4.390976	4.962416	4.26721	3.4935977	4.497202	4.284769	3.9585884	4.1241193	3.2782712	4.75487	4.0261216	3.3638895	3.7646446	4.83942	5.4909453	4.3716435	4.399368	4.518643	4.603209	4.02797	5.1528096	3.6133378	4.451915	3.1990128	3.5227396	4.454525	3.7050712	3.1523242	4.705656	3.0713174	4.617537	2.372343	4.641398	4.2184987	4.467931	2.9989562	2.760871	4.2089777	4.682175	3.7220852	3.402351	3.4723492	3.5927947	3.3226593
LOC688041_9143	5.5421023	4.5861354	5.6725774	5.4834476	5.1888294	5.556621	5.6148987	5.8925	5.9031687	5.374341	5.6854568	5.4412074	5.1392817	5.9241076	5.472323	5.5603223	5.907522	5.46091	5.3008504	5.0763106	5.8316064	5.568305	5.3177376	5.3831778	5.401371	5.2417517	5.753771	6.917211	5.406144	5.342443	5.292367	5.334512	5.5212975	5.8545957	5.317981	5.738837	4.9364786	5.6488647	5.6564236	5.12044	5.5147047	5.544363	5.444539	5.1565714	5.6719327	6.155434	5.1637883	5.7829556	5.2415123	5.2582426	5.1063232
LOC688090_9144	4.7932763	1.4470309	2.5348177	1.750284	10.367556	5.695113	1.2111645	11.13839	3.43397	4.8470116	2.3995826	10.151036	5.486443	0.0	1.2110108	0.0	1.2662693	4.4565544	0.0	1.5304413	5.916548	0.0	10.477464	0.6126101	1.1950403	2.002579	2.0670378	11.303388	1.751022	1.4053764	5.0165553	1.5692585	4.0344143	10.868426	1.9328802	10.622753	2.6284897	4.9111533	0.76239324	4.840121	5.3326373	4.749603	1.1148349	10.038869	1.3216265	1.3192296	0.66064256	11.761617	4.405847	4.012749	0.40229607
LOC689064_32448	17.534159	18.049452	17.673618	17.722029	17.83699	17.568174	17.260632	17.416172	17.178854	17.657862	17.329506	17.835302	17.620504	16.941198	17.640127	17.57335	17.223423	17.868484	17.744577	17.566334	17.229795	17.375275	17.47313	17.758055	17.665405	17.62566	17.414747	17.33795	17.525759	17.573843	17.711863	17.577597	17.895061	17.281454	17.757936	17.83844	17.33004	17.758667	17.737953	17.978428	17.485626	17.53297	17.88531	17.870327	17.176834	17.33868	17.705935	16.82405	17.792017	17.852587	17.699068
LOC689660_33277	1.8561494	0.0	2.353332	2.1847157	2.3422368	2.6824741	1.2111645	1.7248423	3.3295743	1.7575232	1.8342675	0.78194916	2.9724503	0.0	2.1001348	1.2257426	2.382989	1.9380654	1.1630801	1.8148876	1.911856	2.4155526	2.3639069	3.2425063	2.896768	1.3239917	2.6098514	6.99748	0.6703802	0.63191724	1.2411588	0.7275637	4.0876074	3.373766	0.6449023	1.9826764	0.0	1.6218852	2.715985	0.0	1.6005821	3.3981557	2.3448164	2.0738304	2.99956	2.6400769	4.0601544	4.115274	3.8741343	3.4463294	2.0759077
LOC690911_9146	1.8561494	0.6557987	2.353332	2.5181563	0.66134334	2.6824741	1.5718547	3.458151	3.2170308	3.0256517	0.8916533	0.78194916	3.093146	2.2714932	1.2110108	2.1199853	1.2662693	1.9380654	1.1630801	2.2562509	2.8513174	3.2735868	2.628664	1.6397378	2.0785348	3.3250225	1.8287144	3.1182652	2.6607075	3.208571	2.835414	2.097342	2.4082093	2.6671908	2.602338	2.2296865	2.9382603	1.6218852	2.1639853	1.7895929	2.9589396	2.5288935	1.968738	1.8351252	2.99956	2.8034983	0.66064256	3.1511896	2.190403	2.5005684	2.280753
LOC691603_32330	3.970324	4.8098226	3.660505	3.016629	5.2341156	3.9912984	4.771087	4.032947	5.158002	4.325485	4.308639	4.710439	4.066259	5.429967	4.6626306	4.5703955	4.75487	4.1692424	5.080776	5.4941163	6.2793093	5.1318603	4.9084945	4.503981	4.9682536	4.6471567	4.504222	4.9879446	3.9256022	4.775151	3.4891737	4.5822196	4.873356	5.362447	3.744154	4.387344	4.441957	5.608475	4.357303	4.641398	5.0075274	4.511696	4.2965484	4.2461166	4.357074	4.4051027	5.2761664	4.5211906	5.098751	5.500206	3.9813085
LOC691962_32591	8.289225	7.812914	7.656114	7.940752	7.9139786	7.9753013	7.889269	8.328478	8.220353	7.896777	8.19728	7.9232445	7.641053	8.370657	7.8024173	8.385219	8.066216	7.7219744	7.5885615	7.960319	8.232554	8.373808	8.15013	8.147196	8.3080225	7.8236012	8.408564	7.6821465	7.9452643	7.8153586	7.494661	7.8570843	7.8490167	7.6416163	8.085042	7.9340515	8.043803	7.8251767	7.6697636	8.223675	8.319445	7.9802256	7.5730915	7.5728273	7.5151997	7.9569674	7.4955597	8.028834	7.8399415	7.8077	7.6945443
LOXL1_9149	6.8087068	6.7477264	7.1368995	6.75465	6.3546653	7.669282	7.403875	7.906874	8.078583	7.0177355	6.9560957	6.7186437	6.6482625	7.3033905	6.3553047	7.1723986	7.2946024	6.9985313	6.2938743	6.8606305	7.7067404	7.5114417	7.085316	6.926204	6.8868623	7.43596	7.3436465	7.1378975	6.7477717	7.290418	7.669145	6.672417	6.6091886	6.746437	6.136005	7.040425	5.981976	7.923113	6.7579637	6.5602956	7.2552333	6.7274895	6.513205	6.200588	7.471175	7.6429806	6.3932185	6.6854815	6.1027055	5.9025784	6.578233
LOXL2_9150	3.763191	2.8738854	3.3081667	3.302455	2.498873	3.9912984	3.0415661	3.8907034	4.1372924	2.5266557	2.9712968	3.03466	3.579891	3.4533052	2.6461606	3.2782712	3.341277	3.158557	2.8473456	2.593747	4.0778275	4.54198	3.1336944	2.526371	2.4629142	3.0904965	2.7532747	3.732648	1.4722159	3.5840557	4.2273164	2.9180818	3.2654822	2.1193378	1.0890009	2.9340591	2.23349	2.9865744	2.1639853	3.3525324	2.6826673	2.834815	2.8897388	0.71545935	4.2849255	2.6400769	1.9649282	2.130537	1.9892389	2.8887413	2.4600961
LPAR2_9151	1.3630255	1.4470309	2.5348177	1.9837908	1.4566294	1.6004289	2.1003423	1.7248423	2.814638	2.5266557	3.1206355	1.955242	1.2447265	1.7211257	2.4860687	1.2257426	2.5653183	2.1369452	1.7985483	1.8148876	0.75764817	0.69538784	1.0263795	1.6397378	1.5530008	1.7028205	0.0	3.732648	1.9845754	1.9061652	0.75012773	1.8573289	1.7915226	2.506633	1.7024508	0.79748124	1.3109689	1.2540979	0.76239324	1.156129	2.3406515	2.6899478	2.5015178	1.8351252	2.7000144	2.8034983	2.7672026	2.8468895	2.9135318	2.8887413	1.550732
LPGAT1_9154	5.4060717	4.515292	5.2213078	5.0407763	4.376628	5.4263177	5.0824094	6.3384585	6.4049973	5.198399	5.822592	4.628886	6.4813633	5.267409	5.3613276	5.6781683	5.407996	5.1050324	5.34551	5.0214367	5.541897	5.5870137	5.4940476	5.4370227	5.5477486	5.5502586	5.753771	6.9444666	5.484474	5.9797373	5.848026	5.357773	5.4003725	6.391538	5.397298	5.453113	5.5056505	5.835413	5.8075576	4.8088436	5.380353	6.181288	5.2147765	5.5614614	5.6577187	6.155434	6.4896126	6.445586	5.263991	5.2800303	4.904237
LPIN1_32940	0.6079388	2.1547542	1.6111797	2.1847157	1.7338829	3.5654895	2.6463878	3.555659	4.3118453	2.0617402	1.4386133	3.1560693	3.808642	2.8329227	2.6461606	3.0640497	2.87268	1.0927255	2.8473456	0.7045007	2.9831893	2.4155526	3.7487695	2.6531126	2.7661297	1.7028205	2.8837204	3.5554237	2.3618937	2.8167744	2.3481333	1.5692585	1.157626	2.6671908	1.4280888	1.9826764	1.986288	2.547975	3.2258344	2.228283	3.4806895	3.087079	1.4586725	3.224361	2.99956	2.9502776	2.7672026	3.8024087	1.7554088	2.1681004	2.6931777
LPL_32544	10.744217	9.386168	10.515193	10.441478	9.867889	11.05632	10.573697	11.26992	11.763483	10.423482	10.648078	10.079934	10.718024	11.047972	9.669463	10.596753	11.179403	10.431785	9.809045	9.916099	11.303609	11.04076	10.700161	10.545892	10.076385	10.9110775	10.457369	10.803645	10.16998	11.193429	10.755187	9.426937	9.881503	11.01694	9.744368	10.650179	10.058855	10.948056	10.448924	9.829967	10.420311	10.5414095	10.142829	9.347294	11.029475	11.028236	9.931804	10.2955265	9.751185	9.577287	9.835114
LRP10_9156	5.3329234	4.0970764	4.928618	5.384854	4.4164624	5.095705	4.9658127	5.626855	5.749802	5.16687	5.5339046	4.1911564	5.7841005	5.70869	4.7356553	4.8300796	5.2303596	5.081093	4.88289	4.811058	5.2850423	5.0799727	5.1801004	4.859881	4.8762355	4.771496	4.7634163	6.0173087	4.98903	5.5929823	5.5659637	4.6961017	5.0173855	6.1134686	4.9216714	5.5009246	5.7031364	5.068315	5.4420953	4.233773	5.1242294	5.812771	4.856829	5.5614614	5.247438	5.7769413	6.08301	6.445586	5.098751	4.7028003	4.7403216
LRPAP1_9158	7.305825	6.6014957	7.434097	6.9807696	7.4064245	7.7211533	7.4534345	8.088913	8.090611	6.8292	7.41958	6.4484763	7.650919	7.991117	6.712662	7.2185173	7.3515778	7.0301337	7.068565	7.4070773	7.682691	7.782927	7.555828	7.2657337	7.036072	7.423378	7.7161727	7.816063	7.2905946	7.4888644	7.5586805	7.2588487	6.997549	8.291944	7.3957405	7.4095325	7.4696307	7.3856173	7.5833597	6.4930153	7.049251	7.55276	7.1620455	7.3468285	8.15937	7.6429806	8.057555	7.908885	7.0475183	7.25191	6.9562483
LRRC16A_9159	2.3764687	2.486432	3.2047765	3.8673456	1.9663466	3.4804814	3.9511857	3.8139515	3.86589	0.8429578	2.616312	2.410535	2.8407278	2.668917	2.7902486	3.5496771	3.0048497	2.3117008	2.7174463	3.3845623	2.1549919	3.2735868	2.8522859	2.526371	3.016553	2.250642	3.9104564	3.240585	2.3618937	3.0259323	3.7306347	2.3030627	2.8388512	2.506633	1.0890009	3.5024447	2.6284897	3.5947201	3.1142545	1.5073531	2.8274064	3.3017287	3.2843316	3.3202078	3.2474778	3.2054403	3.0959623	2.7293007	3.0230174	2.3438904	2.4600961
LRRC17_32500	3.3831434	4.44079	4.474771	3.7454848	4.6681924	3.6457665	4.8717327	4.8794	4.6520104	4.007263	5.066151	4.2468877	4.0060377	4.5831194	4.177517	4.442993	3.341277	3.5559726	4.971041	5.0214367	3.6715705	4.503106	4.003165	4.7507205	3.8619432	3.7845476	5.27221	4.633352	3.3033986	4.258335	5.4581957	4.1206846	3.666024	4.3505454	4.4121585	4.281817	3.6835446	4.69673	5.075798	3.6635237	4.8469768	3.573593	4.637894	3.4946837	3.953726	4.3532715	4.6329803	4.6236115	3.9314296	4.33762	3.4971662
LRRC41_9160	4.4221745	3.0842927	4.233438	4.1811657	4.5656357	5.1789985	4.2789826	4.952833	5.3028984	4.72242	4.308639	3.9438322	4.8275514	5.0512457	3.888254	3.6298745	4.2682877	4.41885	4.503897	4.169819	5.122916	4.463156	4.297508	4.663063	4.0975184	4.4126673	4.72912	5.1836367	4.4785657	4.556708	4.9858365	3.5227396	4.3276124	4.252681	3.9685025	4.387344	3.9136333	3.8925655	4.3074403	4.1363487	4.051694	4.7125773	2.9989562	3.3202078	4.930251	5.145374	4.9087806	5.415215	3.9314296	3.9047008	4.248697
LSM3_33166	8.259926	7.89543	8.018183	8.08904	8.093642	8.032411	8.441147	8.321564	8.510307	8.131295	8.572714	8.022384	7.8609967	8.298817	8.072854	8.147093	7.9521327	7.7973742	8.206261	8.468399	8.303661	8.025111	8.118183	8.008855	8.072634	8.057351	8.500391	8.043155	8.198635	8.283259	7.92129	8.482918	7.981391	8.6307125	8.329605	8.018603	8.477594	8.504718	8.141116	7.865442	8.316381	8.103332	7.896153	7.429746	8.164406	8.159165	7.91208	7.8884583	7.836196	7.8592677	7.779355
LSM6_32830	8.4492035	7.834899	8.576911	8.382701	8.191596	8.310007	8.778	8.500586	8.861005	8.45546	8.669834	8.304329	8.073972	8.618423	7.993191	8.249012	8.568913	8.018315	8.122127	8.588881	8.511815	8.627558	8.5258465	7.981938	8.3080225	8.668765	8.6151705	8.355553	8.605888	8.448988	7.811708	8.335469	7.9093537	8.3756895	8.132176	7.972714	8.660334	8.499206	8.385986	7.9358983	8.473137	8.059772	8.014691	7.6017246	8.536717	8.668819	8.273318	8.850636	8.090023	8.179228	8.123452
LSP1_32853	10.039337	9.420497	10.35992	9.775384	9.866991	10.28247	10.63046	10.055022	10.50584	10.104732	10.451492	9.894994	9.984754	10.911266	10.030344	9.9232235	10.562714	9.797102	10.027786	10.337799	10.770235	10.119019	10.444565	9.58313	10.016577	10.407246	10.210165	10.35817	10.384979	10.282331	10.0056305	10.285874	9.807137	10.163622	9.820984	10.161131	10.194504	10.028918	9.940734	9.496215	10.185318	10.056634	9.667989	9.758929	10.556004	10.819665	10.058997	11.065905	10.017418	10.094042	9.917064
LSR_9162	2.8657134	1.1049913	2.840976	3.4657202	1.9663466	4.0514793	2.486291	2.4882271	3.5313187	3.5005994	3.9579256	2.9020875	3.4948025	3.6420867	2.921244	3.2782712	3.341277	2.854038	3.0765762	2.73687	3.747729	2.5739944	3.2947974	3.1595235	3.3257585	2.957191	4.188035	3.3533397	2.7897131	2.4321535	3.3023546	3.148948	1.7915226	3.463993	2.1315236	3.5934687	1.986288	4.4899464	3.3294005	2.228283	2.9589396	3.87108	2.9989562	3.574598	3.754422	4.061858	4.33385	3.9144068	3.547572	3.4463294	2.4600961
LTBP1_33264	6.6370173	5.5200467	7.0046244	6.3674855	6.259312	7.1828485	6.3084674	7.6441183	7.8381786	6.464499	7.004949	6.054635	6.7709503	6.7264686	6.2345276	7.0095644	6.3037624	6.8993454	5.5501604	6.327816	6.9854236	7.446335	6.702826	7.0349603	6.3157883	7.3388066	6.4239273	6.405131	6.1813126	7.15788	6.91097	5.809687	6.414756	6.0566034	6.1008935	6.965724	6.0153923	7.3736167	6.38991	6.0198464	7.085689	6.528823	6.2949734	5.103678	7.591957	6.94098	6.1435237	5.489429	6.0126553	5.2800303	6.071496
LUM_32586	3.1475024	2.486432	1.6111797	2.361048	2.498873	3.5654895	3.0415661	4.1624165	3.86589	3.7760599	3.7896788	1.955242	2.534579	2.9801729	2.3059688	1.2257426	3.4379885	2.467557	1.7985483	2.593747	2.7061675	2.2375386	3.439704	2.2336307	1.5530008	3.0904965	3.7825153	2.673195	2.6607075	1.9061652	2.835414	1.8573289	2.0275967	3.463993	2.1315236	1.9826764	2.6284897	4.1393185	1.920373	1.156129	1.6005821	3.3017287	4.4195247	1.8351252	2.806924	2.8034983	3.4427273	3.5483809	2.9135318	1.4579389	2.7631934
LY6C_32880	6.20647	5.407187	5.592916	5.211588	5.0937552	5.577238	6.1571565	5.965286	5.974142	5.759675	6.0813713	4.8608956	5.9531083	6.3737183	5.9422774	5.9206443	5.7656603	5.618901	5.367332	5.7003293	5.9967647	5.0799727	5.680604	5.145127	5.716456	5.639993	5.364475	6.554121	6.2389402	5.861975	5.7417235	6.0571046	5.3358836	6.233769	5.416464	5.6983967	6.2580504	5.726402	5.8775744	4.410862	6.0154686	6.194775	5.1212378	5.327772	5.976785	6.3662415	5.5147715	6.739702	5.751434	5.6074963	5.1063232
LY86_9165	10.59578	9.823753	10.185896	10.152542	9.895459	10.308136	10.81082	10.209077	10.651668	10.137632	10.516113	9.841694	10.196595	10.831073	10.272744	10.323643	10.365506	9.747583	10.1734705	10.195556	10.525846	10.395964	10.333594	9.841199	10.137118	10.209839	10.505654	10.646554	10.499047	10.225845	10.036872	10.393194	9.841415	10.578345	10.323702	9.742168	10.648367	10.156962	10.52316	9.432232	10.420311	10.226306	10.397819	9.59734	10.353747	10.493604	10.196021	10.7460375	9.955754	10.217731	9.849267
LY96_9166	6.900168	6.222311	6.2674527	6.336165	6.5818543	6.551669	6.73981	6.782987	7.225182	6.5154557	6.491072	6.6165648	6.724989	6.948405	6.4880385	6.765137	6.5180235	6.131316	6.3822656	6.3613453	6.9932666	6.3379292	6.6063275	6.135494	6.978226	6.1171303	6.791095	6.752209	6.6744776	6.429475	6.6223106	6.374693	6.0761447	7.023642	6.236485	6.22509	6.7500415	6.5727715	7.0660214	6.2351427	6.9656925	6.5811124	6.466426	6.1751785	6.7137475	6.595459	6.7530794	6.553316	6.322096	6.5926247	6.2405705
LYN_9167	10.3139515	9.40098	9.933421	9.947611	9.747144	10.431451	10.25992	10.543631	10.655046	10.028937	10.40128	9.913408	11.086194	10.620587	10.016674	10.213274	10.595189	9.654332	9.968343	9.863443	10.643274	10.413757	10.314925	10.123671	10.384713	9.891417	10.366159	11.084012	10.114099	9.996685	10.250613	9.953206	10.130724	10.853898	9.692244	10.158339	10.339254	9.873558	10.451796	9.513294	10.10505	10.842273	9.794578	10.159582	10.438809	10.876425	10.9271965	11.426513	10.201907	10.235264	9.642476
LYPLA1_9168	4.7090616	4.235737	4.7565002	4.84699	4.335662	5.095705	5.110143	5.649119	5.7087703	5.2890506	5.137997	4.133186	5.486443	4.4377885	4.699605	5.4319863	5.257115	4.696041	4.3805633	4.0098786	5.430776	5.0799727	4.8317766	4.503981	4.435108	4.9575233	5.6476	5.713668	4.624083	4.6855497	5.3657823	5.0503354	4.7794886	5.5179768	4.8669906	5.1869392	5.4083815	5.9037647	5.2705407	4.410862	5.4931636	5.4575152	4.7975917	4.4715905	5.6288643	5.1755333	5.4776444	5.560012	4.6300673	5.2800303	4.824606
LYRM1_9169	4.0177727	4.839124	4.928618	4.8763194	4.335662	4.846756	4.9037795	4.492971	5.3028984	4.4354167	5.1025214	5.0914803	5.0225425	5.267409	4.7356553	4.442993	4.897746	4.9013753	3.9309764	4.8743606	4.972335	5.2303514	4.8052697	4.778795	5.5074196	5.2417517	4.3321013	6.3787317	4.906079	4.6855497	4.3768673	4.867953	4.454525	4.895619	4.162613	4.57773	4.7505484	4.9760866	5.014962	4.49187	5.179221	4.3762045	5.0968738	4.591692	5.247438	5.205075	4.8518867	5.525152	4.6642694	4.378588	4.669159
LYZ2_32611	10.355518	9.584117	9.482728	9.098884	9.732424	9.886784	10.14396	10.141975	10.494568	9.4809065	10.008327	9.4942	10.325388	10.113902	9.592917	10.20102	9.45592	9.545916	10.010555	9.790447	10.015451	9.748187	9.554051	9.188476	9.524868	9.459273	10.044853	10.495803	9.696412	9.946137	9.55162	9.679735	9.40644	9.919396	9.77439	9.889769	9.853613	9.879935	9.857636	9.773369	10.205327	9.49069	9.659696	9.231882	9.8379135	10.15821	10.254808	9.979529	10.156823	10.217731	9.289018
MAD2L1_9171	6.7676616	6.5492616	6.402085	6.946612	6.519204	6.592752	6.6098504	7.081979	6.918316	6.6239257	7.202187	6.55166	6.4134383	6.7877364	6.539932	6.9869027	6.903945	6.807497	6.485645	6.721241	7.1417866	6.920627	6.8783813	6.66554	6.978226	6.4628305	6.6877346	7.441925	6.5156736	6.4568133	6.286501	6.5363274	6.544076	6.1410823	6.4280863	6.8869424	6.864487	6.768767	5.5744724	6.651274	6.99664	6.4634657	6.398277	6.297975	6.2568917	6.584261	6.08301	6.8137884	6.7539506	6.3871336	6.5733685
MAFK_9173	2.3764687	3.6449819	2.9727023	2.907214	2.6401563	2.521582	3.0415661	3.3535717	3.6225116	2.8777032	3.1206355	3.1560693	2.534579	3.8089995	2.7902486	3.175133	3.5286222	3.3308632	3.4482138	2.8670673	2.1549919	3.447462	3.0458522	2.877406	3.5802486	2.957191	3.4865618	3.1182652	3.2142637	3.3706653	1.6068331	3.148948	2.9579055	2.811656	3.2410011	1.9826764	1.986288	3.4190342	3.4260273	2.4060068	3.190714	1.8978021	2.168997	1.5489385	3.1694782	2.6400769	1.9649282	2.6012702	2.9135318	3.194307	3.4125495
MAK16_9175	3.8704717	2.9829214	3.5801554	3.5409095	3.5195398	4.10925	3.6063921	3.458151	3.7082813	3.689954	3.7896788	3.5597103	3.6602395	3.4533052	3.0413287	3.3745255	3.341277	3.8672233	3.7434611	3.3845623	3.888952	3.987655	3.5713751	3.5336206	3.12715	2.6467445	3.5664334	4.8791513	3.4666753	2.6996026	3.5742307	3.0381281	3.4392512	3.463993	1.9328802	3.3011148	3.5979016	3.4190342	3.7584567	2.5642188	3.2939854	3.087079	3.1953344	3.1216903	3.857513	3.6105773	3.5177994	4.3324614	2.9135318	3.7879004	2.8299677
MALT1_9176	4.491038	3.1790063	4.285043	4.43877	3.1924727	5.124007	4.805422	4.761728	4.694665	4.325485	4.1783977	3.6451528	4.5182695	4.3320727	4.5857115	4.6104794	4.75487	4.2573314	4.1482205	4.9643927	4.83942	4.8201823	4.7507486	3.9830067	3.6559942	4.9920144	4.3321013	5.328603	4.8180656	4.258335	3.8029058	4.4148836	3.9217556	4.442191	3.6821575	4.823157	4.864956	4.9111533	4.357303	4.185883	4.5459204	4.3762045	3.4473767	4.1450377	4.832405	5.1755333	4.7926564	5.254248	4.09081	3.9597363	3.9813085
MAN2B1_9177	7.01569	5.7687235	6.7438354	7.04675	6.8954916	7.1962395	6.6855397	7.4293737	7.1505404	6.5886674	6.5711174	6.0701666	7.1225004	6.948405	6.1300535	6.1690063	6.9207773	5.984182	6.2938743	6.4471254	6.8011217	6.4748154	6.7797213	6.1245966	6.6665006	6.7814837	6.887542	7.8500905	6.419259	6.8767633	6.8354483	6.21828	6.5055056	7.5415606	6.2578945	6.8319254	6.5249176	6.562237	7.050949	5.5939684	6.893533	7.2116776	6.78127	6.505904	7.3437963	7.7470646	7.3644133	8.0504465	6.7136903	6.609932	6.222043
MAOA_32516	3.6472874	2.8738854	2.9727023	3.016629	2.8869598	4.164796	4.2292647	3.1184926	4.4174857	3.8573148	3.3796642	3.4688873	4.179647	4.2179937	3.255121	3.846752	3.341277	2.3117008	2.7174463	3.7646446	3.21549	2.5739944	3.5713751	3.5336206	3.016553	3.7036133	3.5664334	3.963337	3.0175493	3.4453578	3.8029058	3.148948	3.666024	3.7772398	3.4783766	3.0670605	2.23349	2.9865744	3.9655392	3.167649	3.3903556	3.087079	3.7889702	3.6503172	4.357074	4.4051027	3.2797384	3.6162026	2.524174	3.3671148	3.3683043
MAOB_9179	3.8178284	2.6274648	3.5801554	3.6123734	3.2814488	4.0514793	4.545916	2.98483	4.365632	3.0256517	2.8046954	1.2862334	3.808642	3.4533052	2.6461606	3.9123585	3.9778814	3.4098673	3.603377	3.2948601	3.9546967	3.5271246	3.439704	3.5336206	3.016553	3.3250225	4.02797	3.3533397	3.1192565	3.2918935	4.512362	3.148948	2.8388512	3.277517	3.6173768	3.5024447	3.3054578	3.9583218	4.357303	3.5918324	3.3903556	3.8022594	2.168997	2.8914306	3.2474778	3.9265325	3.4427273	3.323391	2.9135318	3.0994654	2.9549038
MAP1LC3A_33215	3.6472874	3.351601	4.642423	4.477563	4.2500668	4.3677835	4.2789826	4.492971	4.0740767	4.4354167	4.1783977	4.5863132	4.5182695	4.3320727	4.46205	4.0929766	4.101142	4.0261216	4.245692	4.1184506	5.122916	3.870368	4.694086	4.325158	3.8619432	4.689805	4.3321013	4.1621737	4.1343675	3.7699122	4.4234605	4.174075	3.9217556	4.7236447	3.6821575	5.1869392	3.9828393	4.3981524	4.3074403	4.2801247	4.9768147	4.226657	4.114353	4.5527587	4.357074	4.8782954	4.6989865	5.6915917	4.14025	4.457192	4.5749664
MAP2K5_9180	5.5092783	4.950719	5.4645157	4.8763194	5.3620234	5.6176095	6.017685	6.2244663	6.025171	5.4548697	5.5602946	4.74955	5.6330137	5.687413	4.9655514	5.4541845	5.4779043	5.4041524	5.3008504	5.1029844	5.981074	5.5493507	5.695114	5.1876307	5.6623826	5.986377	5.4084845	5.7957764	5.8075814	5.5257273	5.7417235	5.357773	5.668217	5.732843	4.48659	5.378287	5.6615276	6.0616903	6.1980114	4.641398	5.6376033	5.6062317	5.5379915	5.0764866	5.3918266	5.926311	5.841377	5.7829556	5.147925	4.993965	4.4949174
MAP3K4_9182	3.8178284	2.75593	4.06653	4.1333776	3.6589074	4.6660757	3.6822586	4.492971	4.608057	4.206481	3.6975753	3.1560693	4.0060377	5.0175414	3.4412823	4.397897	4.464721	4.0754232	3.9884303	3.5487905	4.0175753	4.422068	4.297508	3.8830926	3.9245403	4.069322	4.2856593	4.7614803	3.4666753	3.8268995	4.000245	3.3479161	4.236344	4.092185	3.0578372	3.9091218	3.5068517	3.7513156	4.202226	3.5163915	3.9915128	3.999592	3.6618662	3.6503172	4.7544036	4.7638493	4.157271	4.115274	4.0396147	2.7705867	3.8587372
MAP7_9184	3.0595496	3.351601	1.2448933	3.2133267	3.2814488	3.4804814	4.011255	4.2812176	4.1372924	3.1598291	3.6975753	3.3719604	3.2045193	3.8089995	2.921244	2.9436944	3.341277	3.6886325	3.1788383	3.469012	4.0778275	3.447462	3.5713751	2.526371	3.8619432	3.21252	3.312188	3.8904636	3.3873456	3.8268995	3.8029058	3.7507105	3.06788	3.9743235	2.306097	3.0670605	2.7916732	2.9865744	3.7584567	3.5163915	3.190714	2.834815	3.4473767	3.0111494	4.832405	3.777187	3.7220852	3.8594944	3.8144693	4.1132665	2.542046
MAPK1_9185	6.3889585	5.4833994	6.3178754	6.3255715	5.639539	6.727974	6.2093763	6.870864	7.0390954	6.146649	6.3316875	6.115782	6.715618	6.8465075	6.2345276	5.936499	6.6947865	6.275411	5.990664	5.572555	6.9292955	6.618139	6.5435677	6.14631	6.168385	6.237012	5.7192416	6.752209	5.8962173	6.1898365	6.6322627	5.9231844	5.4003725	6.554427	5.2974505	6.7844186	5.981976	6.1766567	5.9113483	5.5939684	5.838872	6.8518853	5.9856157	5.892938	6.5308843	6.7537646	6.544502	6.9774604	6.1274347	5.674832	5.2595253
MAPK12_9186	3.3087924	2.1547542	3.4046404	1.750284	3.0976462	3.4804814	3.5263135	3.6469922	3.86589	3.2825825	3.5991883	2.5936327	2.3531	3.4533052	2.3059688	4.1484847	3.1259208	3.247281	3.0765762	2.593747	3.3189702	3.5271246	3.3690693	2.0614784	2.2834883	3.526701	3.5664334	3.8904636	2.9081242	3.5840557	3.654551	2.7871325	3.1700616	3.1743853	3.2410011	3.5934687	3.5979016	3.4190342	3.8308377	2.228283	3.794259	3.1983922	3.1953344	1.8351252	3.806888	3.696286	3.5177994	3.239858	2.524174	2.7705867	3.0135357
MAPK14_9188	6.8019466	5.657982	7.0046244	6.304149	6.6668835	7.0341873	7.2627373	7.5933537	7.3834815	6.735594	6.8743167	6.1599994	7.283368	7.267995	6.3553047	6.8088603	6.75234	6.472315	6.434881	6.641606	7.098814	6.999555	7.1656566	6.7530513	6.940859	6.5694556	7.09029	7.5699496	6.588419	7.217702	7.0658593	6.4738297	7.004481	7.400164	6.310068	6.9571795	6.7697573	7.1873646	7.050949	6.2814507	6.9179897	7.087031	6.5850334	6.565793	7.0438952	7.1679583	7.3335767	7.289327	6.531139	6.668923	6.0506487
MAPK1IP1L_9189	5.899586	5.2632866	6.3545685	6.3466806	5.995663	6.7733526	6.389918	6.79302	7.005606	6.3568454	6.7651095	6.0855327	6.79784	6.7976995	5.8792133	6.260022	6.582912	6.1078124	5.7293544	6.1084137	6.7371736	6.524189	6.629176	6.0343213	6.470648	6.3609476	6.300896	7.221976	6.145598	6.501257	6.681018	6.4306073	6.350921	6.5441217	5.842057	6.704996	5.6402645	6.7031546	6.3161845	6.0334406	6.6621733	6.834758	5.7244797	6.026813	6.6929893	7.2970243	6.535497	6.9182377	5.7354364	5.5901594	5.686296
MAPK3_9190	4.312294	3.8314943	3.9434626	4.1333776	4.6348104	4.777175	4.6628904	4.677585	4.7763667	4.206481	4.308639	3.802208	3.8774855	4.9830303	3.7540836	3.6298745	2.727169	4.928461	4.4639463	4.778334	4.244814	4.652685	4.093564	4.2061553	4.635521	4.9221873	4.829656	4.2809734	4.273237	4.1729927	4.468596	4.3698306	4.679086	4.3505454	4.207318	4.8964896	4.340139	4.4899464	4.742178	4.6054435	3.794259	3.4885392	3.5224726	3.7907844	4.780875	4.7638493	4.8518867	4.2061086	3.8741343	3.7257514	3.7594514
MAPK9_9192	6.333785	5.590662	6.535908	6.5146346	6.1454034	7.134977	6.783526	6.9266086	7.3371153	6.4902024	6.9360814	5.9907813	6.908898	7.1485143	6.3668447	6.800221	6.7238503	6.2325873	6.0726466	6.537898	7.3877287	6.8680544	6.793272	6.289786	6.4810987	6.4127884	6.179147	6.832212	6.2161646	6.65866	6.4641542	6.463145	6.4251256	6.8504634	5.924697	6.6947536	6.403968	6.5727715	6.516004	5.9782786	6.443758	6.8603735	6.0631185	5.983554	6.740969	7.2552724	7.2031837	7.4651403	6.503067	6.5120645	6.0152187
MAPKAPK2_9193	6.2166724	5.4457965	5.729563	5.6957526	5.639539	6.7643905	6.3785596	6.997735	6.8157725	6.6696353	6.044457	5.87175	6.79784	6.5840607	5.972805	5.9206443	6.5180235	5.8489556	5.873562	5.7003293	6.7740617	6.7401676	6.1495676	5.7941394	6.0186086	6.3208075	6.300896	6.8800507	6.3266087	6.2326436	6.497203	6.013831	6.102228	6.491461	5.212279	6.360839	6.0641093	6.4060497	6.2907476	5.459449	6.1454306	6.485582	5.3854165	5.8614225	6.9361396	6.9144	6.681416	7.04669	5.5282016	5.500206	5.5142403
MAPKAPK3_9194	1.8561494	1.1049913	2.696003	0.0	1.1131065	2.340468	1.2111645	1.3431008	3.3295743	2.8777032	2.3995826	0.78194916	2.3531	2.8329227	1.8599678	1.5888703	0.767819	1.0927255	1.1630801	2.4348454	3.1040103	1.1626221	1.8448938	1.3713186	2.4629142	2.002579	1.5430765	2.673195	1.751022	0.0	2.6905363	2.4830763	1.5091133	2.6671908	1.4280888	2.2296865	1.986288	2.547975	1.2585819	1.7895929	2.8274064	2.1401448	1.7361305	0.71545935	2.5845437	2.6400769	2.1650176	3.239858	2.524174	1.7353235	1.193102
MAPKAPK5_9195	2.9658844	1.9551042	3.5801554	3.1183274	2.3422368	3.0792744	3.6822586	3.6469922	3.789237	3.0256517	3.1206355	1.955242	4.284769	3.2360482	2.1001348	4.035247	3.4379885	3.9221573	3.871139	2.9864812	4.0778275	3.8079436	2.8522859	3.5336206	2.6224735	2.810302	3.6421144	3.963337	2.9081242	3.648705	2.835414	2.6430998	2.5664744	3.373766	2.8479903	3.3011148	3.3054578	2.9865744	3.7584567	2.4060068	2.9589396	3.9367666	2.9989562	2.4578679	3.806888	3.777187	3.4427273	4.161406	3.4723492	3.4463294	3.0135357
MAPT_32343	2.6417313	2.6274648	1.6111797	2.788815	3.3652549	2.521582	1.5718547	4.2230396	2.9615965	3.9342363	0.8916533	3.5597103	2.8407278	2.2714932	3.255121	2.1199853	2.87268	3.158557	1.7985483	1.1757872	3.5911667	3.3631423	2.8522859	3.0714748	2.0785348	3.0904965	2.271517	3.240585	0.6703802	3.0259323	2.3481333	1.5692585	2.7090814	3.1743853	1.4280888	3.3011148	2.23349	1.6218852	0.0	2.7067823	2.6826673	2.5288935	1.1148349	2.2785902	3.754422	2.8034983	2.6385555	2.6012702	3.124777	0.66210103	2.6195898
MARC1_9196	1.8561494	1.1049913	0.752753	2.788815	1.7338829	2.521582	2.3061843	2.0264177	0.811001	3.0256517	2.1444392	1.6591743	2.9724503	0.82019544	1.2110108	2.326616	2.5653183	2.854038	1.7985483	1.5304413	3.5060158	0.0	3.2164934	2.0614784	1.1950403	2.250642	2.0670378	3.4579172	1.4722159	1.9061652	1.6068331	2.097342	2.0275967	1.2252613	1.7024508	1.6844561	1.3109689	0.7592324	0.76239324	2.5642188	1.6005821	1.2407571	2.9989562	1.1915702	2.5845437	2.9502776	2.1650176	1.9319366	1.9892389	1.4579389	0.9744036
MARCKSL1_32320	4.5885363	4.7181683	4.8278294	4.51534	3.9578092	4.777175	5.0541315	5.3288536	5.3833284	4.6783786	5.271771	4.542445	4.960428	5.238442	4.1241193	4.863637	5.058486	5.5155187	4.617513	4.169819	5.7226005	5.0799727	5.426087	3.659754	4.7084904	4.511081	4.420727	5.2138186	4.961906	4.93921	5.215015	4.992066	4.236344	4.442191	3.8035955	4.4856753	4.172522	5.007489	4.6650844	4.641398	5.1242294	4.8209195	3.9608154	4.294119	4.80687	5.632215	4.5279393	5.275379	4.188052	3.8474822	4.173552
MAT2A_9199	6.415774	5.753414	6.577893	6.336165	6.405037	6.9887385	6.6098504	7.1143456	6.8157725	6.328628	7.11586	6.14541	6.867189	6.9121785	6.4231977	6.5241194	6.962018	6.275411	6.1375775	6.081841	6.9292955	6.8371296	6.4863195	6.167701	6.3157883	6.5808306	6.6606946	7.056963	6.261362	6.8217497	6.8354483	6.5260973	6.465875	6.320858	5.8561635	6.755145	6.592901	6.777901	6.008171	6.0469074	6.8852882	6.78212	5.9988256	5.8128195	7.2568884	6.52693	6.7914057	7.1244416	6.384976	6.3566995	6.0007997
MBNL1_9201	10.656531	9.87151	10.808689	10.716959	10.500334	11.12094	11.05912	10.9656515	11.355973	10.561724	10.758331	10.564843	10.800113	11.357186	10.806848	10.230256	11.219494	10.398876	10.454633	10.593141	11.177628	10.953791	10.871637	10.481689	10.493885	10.772241	10.631683	11.095709	10.553436	10.5752125	10.538803	10.634903	10.260892	10.670646	10.095988	10.726948	10.736795	10.370521	10.468907	10.033087	10.647538	10.464157	10.225923	9.788555	11.297847	11.187486	10.596391	11.389743	10.371291	10.080137	10.444902
MBNL2_9202	8.911636	8.607441	8.8856	8.994082	8.32316	9.014615	9.098405	9.262675	9.385149	8.752208	8.969678	8.690858	8.897796	9.062464	8.927457	9.26245	8.84945	8.640849	8.641875	8.671396	9.179495	9.113879	8.953045	8.925151	8.853763	8.902032	9.194985	8.839721	9.00679	8.688836	9.117432	9.057685	8.729382	8.817718	8.494248	8.877771	9.086975	9.076374	8.743251	8.718282	8.859366	9.0681	8.777161	8.384573	9.218667	9.094855	8.822896	9.225172	8.5240555	8.626713	8.488937
MBOAT7_33082	3.8704717	2.75593	3.5801554	4.272241	3.4444587	3.7940469	4.1777725	3.7328856	4.5159154	4.8470116	4.308639	4.2468877	4.7562222	4.2761607	3.606144	4.035247	4.7919374	3.4098673	3.274329	3.5487905	4.7680693	4.8820906	4.0490723	3.7757409	3.4156697	4.4126673	4.3321013	4.4426293	2.6607075	4.258335	4.636216	3.2518594	3.8619456	5.214335	2.9567258	3.405289	3.1931324	4.3001184	4.202226	2.7067823	4.368001	4.328058	2.5015178	4.03634	4.128809	3.4221838	5.091904	5.356937	4.522309	4.1132665	3.5770936
MBTPS1_9203	5.9615626	5.5380273	6.1747365	5.8951845	5.8864393	6.6522627	6.102975	6.997735	6.945062	6.2098937	6.4772887	4.96426	6.305149	5.9421854	5.493533	5.838645	6.09716	5.9045763	5.3888288	6.1345057	6.2534184	6.454583	6.12834	5.950413	5.4868245	6.2654877	5.930188	6.7827325	5.776783	6.492477	5.9309945	5.510872	6.189976	6.2591925	5.416464	6.152104	5.5519314	6.1487627	5.9279437	4.9300785	5.768889	6.181288	5.7867312	5.280895	6.6215544	6.503344	5.953791	6.398211	5.6526747	5.1908326	5.159219
MCCC1_32646	4.737683	3.6449819	4.1243386	4.786481	4.0108175	4.3677835	5.0252886	5.022709	4.5159154	4.806665	4.6408772	4.1911564	4.6020246	4.628482	4.770827	4.9598656	4.5099177	4.5291295	4.1482205	4.219421	4.3462834	4.8820906	4.40733	4.503981	4.435108	4.771496	4.829656	5.4603233	4.273237	4.556708	4.7132473	4.992066	4.5711703	4.895619	3.9156005	4.4856753	5.1621056	4.194934	4.850604	3.3525324	4.9454346	4.6355476	4.338716	4.3405747	5.086975	4.682175	4.880614	5.3766255	4.405847	4.063883	3.8263953
MCCC2_9204	3.5856457	1.4470309	4.1243386	3.302455	3.1924727	3.6457665	3.255363	4.032947	3.3295743	3.5983813	3.7896788	3.6451528	3.4043794	3.3487625	3.3512022	2.9436944	3.7706692	3.8101146	3.5278807	3.1992087	3.3189702	4.422068	2.628664	2.7696137	2.896768	3.6178672	3.1138024	4.1621737	3.6133378	3.516373	4.1182437	1.2089423	3.06788	3.277517	1.4280888	3.6790886	3.409666	3.6751416	2.715985	1.5073531	3.079476	3.8022594	1.7361305	2.8914306	3.953726	3.3178785	3.5177994	4.2494674	3.309005	3.4463294	2.542046
MCL1_9205	10.1492815	9.837431	10.2811	10.167449	9.9173155	10.364824	10.592868	10.601149	10.658418	10.168805	10.67776	10.223146	10.494503	10.62479	10.345267	10.31987	10.633346	9.917744	10.0633135	10.208664	10.671043	10.455716	10.38092	9.814324	10.3090105	10.1792965	10.368251	10.810451	10.51313	10.266969	10.386172	10.464571	9.95759	10.302311	9.684359	10.322833	10.626907	10.471794	10.384253	9.7343645	10.499421	10.645142	9.898668	10.029152	10.485327	10.665495	10.216588	10.817558	9.996595	10.010164	9.839678
MCM10_32579	4.7090616	4.362231	4.1243386	4.272241	4.159071	4.846756	4.1777725	5.121559	4.1978536	4.381498	4.484301	5.151117	4.71919	3.8089995	4.068669	4.2534776	5.1180816	3.9750757	3.5278807	3.6243875	5.3103766	4.912076	5.0730724	4.663063	4.2519593	4.193074	3.7140222	4.390731	4.4397717	4.6855497	2.835414	3.947525	4.138909	2.506633	3.3245418	4.931804	3.5979016	3.8236685	3.5165868	5.418593	4.41458	3.999592	3.905777	4.1450377	4.128809	4.12504	3.0959623	4.0183334	3.75223	3.4463294	3.5770936
MCM2_9206	7.6335635	7.1555266	7.4398003	7.968253	7.325044	7.6930914	7.064362	8.372632	8.029441	7.832922	7.862864	7.9317713	7.4508524	7.5354347	7.049846	8.022643	8.004392	7.748815	6.806348	6.914329	8.143734	8.638809	7.891265	7.9728527	7.7615066	7.833145	7.2560306	7.492045	7.517115	7.8258815	7.109259	7.182741	7.655615	7.0310407	7.2853947	8.082849	7.0613093	7.5598884	6.7579637	8.115991	7.580388	7.55276	6.6110735	7.209642	7.767684	7.615742	6.7452903	7.9488907	7.02795	6.832672	7.218591
MCM3_9207	8.139075	7.2995076	8.059518	8.082763	7.591807	8.272571	7.8609815	8.4057	8.3292675	7.939385	8.209838	8.065641	7.8736906	8.31971	7.6359515	7.861739	8.15069	7.7863126	7.5317206	7.6159606	8.53618	8.4777155	8.144855	8.049753	7.860885	7.9207954	7.3322673	8.140643	7.78039	7.8397927	7.6299477	7.6746197	7.6904197	7.456199	7.1994863	8.304481	7.7433243	7.9023805	7.369181	7.895528	7.854044	7.7574873	7.0331564	7.037022	7.962395	8.476302	7.550227	8.698589	7.3865986	7.262893	7.346688
MCM4_9208	7.0503287	6.5403695	6.6681156	7.06597	6.510028	6.8345757	6.343939	7.5933537	7.165781	7.0088716	6.8952003	6.9957514	6.5141635	6.6181936	6.343672	6.908686	6.937415	6.9530916	6.0458336	6.316464	7.1971626	7.733404	6.958748	7.2706847	7.0710816	6.55799	6.4346085	7.0402164	6.5705733	6.9166894	6.4862704	6.2682376	6.962381	6.5021477	6.236485	7.1267667	6.5249176	7.050851	6.3535185	7.429514	7.1964664	6.6898847	6.3162346	6.0409493	6.965286	6.713219	6.058076	6.3088055	6.064799	6.283086	6.4672437
MCM5_9209	3.6472874	2.486432	3.5801554	3.9246213	2.8869598	4.10925	2.486291	4.0991335	4.3118453	2.5266557	2.8046954	3.03466	3.8774855	3.9585884	2.6461606	2.8123772	3.341277	3.9221573	2.035052	2.73687	4.135664	4.0429063	3.9557486	4.1209917	3.5802486	3.861182	3.7825153	4.1621737	3.6133378	3.3706653	2.3481333	3.0381281	3.518869	2.942963	2.461808	4.107471	2.23349	3.2189481	0.76239324	3.9766421	4.051694	3.3981557	1.7361305	2.6173096	4.043922	3.9957814	1.9649282	2.305077	2.6659598	3.0994654	3.1241014
MCM6_9210	5.441301	4.6862755	5.298669	5.539524	5.165642	5.1789985	4.5859704	5.7555585	5.884866	5.4016867	5.709237	5.392619	4.99182	5.267409	4.4183564	5.0789332	5.257115	5.34507	4.4639463	4.710571	5.4074864	6.149404	5.408584	5.228918	5.4447303	5.404236	4.657979	5.243382	5.06747	5.3618555	4.9858365	4.7321486	5.4003725	4.528361	4.449854	5.797447	4.230585	5.745152	4.7792325	5.355054	5.2059503	4.328058	4.338716	4.294119	5.3570614	4.9145117	3.7220852	5.1205196	4.7622647	4.602612	5.1330132
MCPT1L1_32989	4.996422	3.1790063	2.145686	1.4715443	1.9663466	5.49294	4.373555	2.98483	1.3270301	2.7128305	6.186764	2.200775	1.2447265	2.668917	1.2110108	3.7058477	1.9300845	5.324826	2.574683	1.1757872	0.75764817	1.1626221	1.620029	2.877406	0.0	1.7028205	4.583148	3.240585	1.751022	1.4053764	4.1182437	2.3030627	1.7915226	3.6291015	2.602338	4.044337	1.986288	4.771802	0.0	1.156129	2.8274064	3.573593	3.9608154	4.5527587	1.8069959	3.777187	3.0959623	3.8024087	3.75223	2.7705867	1.193102
MCUR1_32908	6.3889585	6.2552915	6.753027	6.698285	6.590586	7.121002	6.99911	7.098253	7.261103	6.9075947	6.43513	6.4836974	7.0272436	7.164002	6.69446	6.6923013	6.895455	6.7249346	6.162753	6.641606	7.257021	6.9279833	6.952722	6.299508	6.755282	6.6580396	6.517327	6.99748	6.7237515	7.11276	6.5080533	6.45238	6.4043107	6.4029884	6.0404067	7.0323133	6.489685	6.8049617	6.3778815	6.4930153	6.8852882	6.6116	6.2842245	5.892938	6.971045	7.4343176	6.7989507	7.040532	6.4647675	6.4841795	6.1055865
MDM2_9214	7.4250073	6.866328	7.327384	7.4638953	7.2107525	7.7577395	7.2565455	7.8646874	8.110438	7.6224165	7.6943755	7.0437417	7.7460365	8.016933	7.463951	7.3004413	7.859139	7.120989	7.1837277	7.266675	7.963842	7.6646123	7.5637565	7.2854366	7.4989448	7.3653607	7.225601	8.0845785	7.503072	7.63564	7.53235	7.295448	7.3583813	7.7077427	6.939518	7.529649	7.445317	7.511425	7.3569775	6.9738584	7.4634104	7.40973	7.33346	6.880748	7.7308187	8.073668	7.6987743	8.006893	7.376319	7.1009583	7.1451006
ME1_9215	2.9658844	2.1547542	1.2448933	2.1847157	2.8869598	2.9587402	3.5263135	2.6734118	3.7082813	2.312845	3.5991883	1.2862334	2.1454625	2.668917	1.5716753	3.4647577	2.727169	2.3117008	2.7174463	2.2562509	2.9831893	2.846633	3.0458522	2.526371	3.016553	3.21252	2.8837204	1.724663	2.3618937	3.1201398	2.6905363	2.097342	1.7915226	3.373766	2.1315236	3.0670605	0.7995354	3.2189481	2.5543716	2.5642188	2.8274064	2.5288935	1.7361305	2.4578679	2.99956	2.2443757	3.0959623	2.6012702	3.619066	2.3438904	1.961433
ME2_9216	6.7745843	5.8715672	6.342441	6.1802773	5.8432503	6.957624	6.6387014	7.1615734	7.246842	6.527919	6.584037	6.115782	6.6871357	7.026734	5.9422774	6.513588	6.9207773	6.406412	6.5054603	6.2100644	6.937449	6.6451707	6.280419	6.6504245	6.571895	6.4628305	6.413166	7.5582347	6.496899	6.6428766	6.5080533	6.441535	6.39379	6.970761	6.203763	6.6844378	6.171765	6.777901	6.662028	6.187299	6.5725827	6.817425	6.2292438	5.6563377	6.924314	7.009555	7.3542075	7.3353295	5.7192597	6.0619826	5.748031
MEF2C_9217	6.343128	6.211148	6.8157783	6.6817675	6.1920514	6.868428	6.7921124	6.43131	7.1117196	5.975228	7.243488	6.647954	6.2925997	7.1485143	6.70359	6.4038196	6.495729	6.1996136	6.5538406	6.641606	6.9128494	6.7732177	6.8266034	6.102552	6.417229	6.534782	6.8797464	7.2801857	6.315937	6.429475	5.96289	6.6443167	6.361758	6.4143486	6.1008935	6.631723	6.536473	6.7222075	6.710793	5.5378456	6.746524	6.181288	5.755941	5.9539766	6.5072975	7.075018	6.352782	6.5271287	5.828864	6.2392707	6.0645804
MEST_9219	4.7932763	3.7098691	3.2047765	4.6230755	4.1113257	4.913135	4.545916	5.9829226	5.5781703	4.6783786	5.0288405	4.352279	5.0225425	4.715141	4.0110016	4.201936	4.6777496	4.4932985	4.5806265	3.0967624	4.7680693	5.322546	5.1593204	5.0330434	5.213594	4.771496	4.188035	5.626603	4.273237	4.8865695	4.3768673	3.4379745	4.903335	5.1341567	3.2410011	5.1869392	2.23349	5.434561	5.418802	4.3685856	4.704287	4.6745768	4.253111	4.7025595	4.5230813	4.8411465	4.5988097	4.837619	4.6976795	5.674832	4.410165
MET_9220	5.351561	4.749371	5.298669	5.279024	4.965361	5.8214674	5.6148987	5.71392	6.365942	4.586044	5.4232335	4.8247266	6.3299255	5.37779	5.3613276	5.7695155	5.746905	4.41885	5.2779913	5.180168	6.0727553	5.1571207	5.4773555	5.4013505	5.401371	4.9575233	5.8685036	6.405131	5.0926967	5.014735	5.6069136	5.237528	5.482105	5.7862854	4.624838	5.4036627	5.220581	5.41127	5.842991	4.410862	5.308174	5.8976927	4.94136	4.870279	5.5386667	5.757134	6.045445	6.426822	5.307923	5.8598146	4.410165
METRN_9221	2.222978	1.7233189	1.6111797	2.5181563	1.9663466	2.6824741	1.8601638	2.0264177	2.4663844	2.7128305	3.2559555	2.5936327	2.8407278	2.9801729	2.921244	2.326616	2.5653183	3.3308632	1.7985483	2.4348454	3.1040103	1.7979587	3.3690693	2.526371	2.6224735	2.462245	3.2164025	2.2755182	2.9081242	2.5720668	3.0876935	2.7871325	2.0275967	1.8781195	2.1315236	2.6244397	1.986288	0.0	1.2585819	1.156129	1.2357911	1.8978021	1.7361305	2.2785902	3.523103	1.6973256	1.4554178	1.4272856	3.0230174	2.1681004	2.280753
MFAP2_33232	2.9658844	2.75593	2.696003	3.5409095	3.0976462	4.0514793	3.8229792	3.8907034	4.1978536	3.9342363	3.5991883	3.2680495	3.3079073	2.8329227	2.7902486	3.3745255	3.0048497	2.854038	2.8473456	2.9864812	4.0175753	3.075847	3.5070412	3.3953938	3.3257585	3.429383	3.6421144	4.0988913	2.3618937	2.6996026	4.0604506	1.5692585	2.4082093	3.0633094	3.8035955	4.167958	1.687787	4.0814734	2.1639853	0.6909027	4.051694	3.087079	3.3681562	3.9187803	4.08699	3.9957814	4.1095295	4.0183334	2.9135318	1.1142143	2.9549038
MFAP4_32762	5.5741963	5.7687235	6.6583652	6.3674855	5.6891665	6.727974	6.8913507	7.287555	7.682644	5.993316	6.2367067	5.577864	6.4017997	6.277325	5.2903852	6.2973375	6.3665404	7.0238686	5.6425376	6.270141	6.904556	6.5998316	6.327747	6.4113355	6.206671	7.263159	6.4868603	6.163651	6.1089764	6.8426266	6.852576	6.2309327	5.7364225	5.4533625	5.4353786	6.6530404	5.1916394	7.337005	5.842991	5.7988825	5.8558497	5.2405844	6.0248876	4.870279	6.7939177	7.0179024	4.9635158	5.737997	5.9023495	4.9402447	6.1714416
MFAP5_32434	1.0343287	1.4470309	1.2448933	1.125733	1.1131065	2.521582	2.7904801	0.82250994	0.811001	1.3715297	2.3995826	1.2862334	0.7526357	1.7211257	1.5716753	1.2257426	1.9300845	0.6474369	1.5155233	2.8670673	1.911856	1.5149852	2.0393906	2.2336307	0.0	2.250642	2.0670378	5.60399	1.126302	1.0698712	1.8983116	2.097342	2.2304184	3.277517	1.0890009	1.6844561	0.7995354	1.914702	2.715985	1.156129	3.079476	2.3475738	2.7715712	1.8351252	2.7000144	2.4557507	3.5177994	3.323391	3.0230174	2.9979472	1.961433
MFSD10_9223	3.970324	3.1790063	3.4950655	3.5409095	3.4444587	4.269857	3.6063921	3.6469922	3.789237	4.206481	4.0352206	2.9020875	4.066259	4.4377885	2.6461606	3.9751108	4.101142	2.7363515	2.7174463	4.0098786	4.61382	3.870368	3.6329622	3.1595235	3.2298694	4.069322	4.237673	3.5554237	3.8683236	3.9345353	3.8029058	4.0652423	3.1700616	4.201141	2.9567258	3.0670605	3.1931324	3.5095499	3.89976	3.5163915	3.8630507	3.4885392	3.6618662	2.8914306	3.9064214	4.185571	4.24826	3.6809788	3.3929877	3.5214198	3.4971662
MGC108823_9225	10.191921	9.248259	9.268705	9.300309	9.698494	9.535518	10.019689	9.682532	9.751214	9.521982	9.824583	9.348959	9.920954	10.013819	10.011169	9.735472	9.495783	9.07734	9.784925	9.503124	10.2264595	9.569222	9.601039	9.372447	9.637764	9.316882	9.965135	10.0379925	10.2450285	9.558389	9.849097	10.504198	9.412968	9.728956	9.397764	9.473742	10.197237	9.4972105	9.608917	9.113388	9.4235	10.363252	9.280159	9.152729	9.7146015	9.939485	9.807343	10.1219425	9.69439	9.4218235	9.139905
MGC109340_32287	1.8561494	1.1049913	2.696003	1.750284	2.1664994	3.5654895	1.8601638	2.2757223	2.4663844	1.3715297	3.1206355	2.410535	1.9028349	2.0223966	3.1521814	1.8787316	3.613897	0.0	2.7174463	3.1992087	1.6192706	2.846633	3.7487695	2.877406	2.0785348	1.7028205	3.312188	6.418152	2.185535	1.0698712	1.2411588	3.0381281	2.5664744	3.7050712	2.1315236	0.79748124	1.3109689	2.3661232	2.8613043	1.156129	2.8274064	3.1983922	3.1953344	3.0111494	3.857513	2.6400769	4.2034826	4.115274	3.124777	4.1132665	2.280753
MGC112715_33057	8.998461	8.401886	8.662323	8.92032	8.940315	9.420422	9.005471	9.71059	9.879234	9.124623	9.398695	8.785632	10.350579	9.652715	8.971584	9.479555	9.263156	8.669228	8.9919	8.980979	9.410834	9.176984	9.193024	9.192395	9.301329	8.771614	9.356761	10.270247	9.04283	8.914294	9.679502	8.650042	9.302001	10.119188	8.900365	9.457173	9.343659	9.068952	9.972077	8.412375	9.1116705	10.062163	9.240395	9.3614435	9.425763	9.890322	10.161321	10.029357	9.031148	9.38334	8.356476
MGC112830_9226	5.388129	5.1034265	5.3480306	5.2568936	5.5166364	5.38013	5.451061	6.017562	5.789699	5.53114	5.800622	4.9306216	5.1392817	5.70869	5.0250263	5.3155656	5.890534	5.365034	5.157925	5.389661	5.645067	5.8727484	5.832711	5.709159	5.75141	5.4296227	5.1479073	5.1836367	5.7131414	5.418573	5.3894463	4.8999963	5.540502	5.3387933	4.9216714	5.5920415	4.710304	6.016101	5.1052804	5.1456947	5.6178336	5.341044	4.9684715	4.7025595	5.7274275	5.5880504	4.9901237	5.577131	4.6976795	4.9402447	4.722857
MGLL_9227	2.3764687	1.1049913	2.840976	2.361048	1.7338829	2.6824741	1.5718547	3.6469922	3.6225116	2.5266557	2.8046954	1.6591743	2.695759	2.9801729	1.5716753	2.9436944	2.5653183	3.158557	1.7985483	2.0523822	3.1040103	3.674356	2.0393906	2.7696137	2.2834883	0.0	2.271517	1.724663	1.9845754	1.9061652	1.8983116	1.5692585	2.4082093	3.0633094	2.9567258	3.405289	1.3109689	3.7513156	2.715985	2.7067823	2.5217707	2.5288935	1.7361305	2.0738304	2.169534	3.2054403	2.8853111	2.8468895	1.9892389	1.4579389	2.7631934
MGP_33209	6.111249	7.077763	6.9255357	6.59622	6.624995	6.3979006	8.342298	7.18462	7.508292	6.8786936	6.5968413	6.658267	6.0001774	7.480828	6.539932	6.9246726	6.962018	6.7326384	6.782183	7.9639616	6.610324	6.7732177	6.709988	7.584792	6.737957	7.764973	7.6118035	6.7418895	6.3266087	6.2742167	7.7762446	7.189239	5.98095	7.592456	6.670874	6.496746	6.2580504	7.7295523	6.989033	6.606502	7.523084	6.023956	7.6917186	6.6965637	7.8574805	6.9054303	6.3321304	6.8564796	6.1027055	6.1940827	6.7561693
MGST1_33167	5.7530723	5.3058863	5.3235607	4.6906743	5.4795084	5.5357046	5.3383293	5.854682	6.3790784	5.841832	5.137997	5.511153	6.815492	5.8494425	5.38422	5.9982324	5.873343	5.34507	5.7790422	5.432355	6.4599605	5.322546	6.12834	5.8743916	5.527725	4.1325245	5.97478	6.554121	5.0156536	4.859511	6.1546154	5.0503354	5.769353	6.458916	5.7842107	6.1218433	5.618683	5.587848	6.277859	5.700061	6.0002785	6.0831714	5.9037123	5.9539766	5.189336	6.3129687	6.451824	6.2352233	5.307923	5.9711494	5.4089713
MICALL1_9229	2.6417313	2.6274648	3.5801554	2.1847157	1.9663466	3.7218108	3.4415276	2.98483	3.5313187	1.7575232	3.3796642	2.5936327	2.695759	3.885732	2.4860687	2.6678994	3.341277	2.7363515	3.274329	2.9864812	3.4155223	3.2735868	3.439704	2.877406	2.6224735	2.810302	2.6098514	4.8409843	3.6133378	3.4453578	2.835414	2.6430998	2.7090814	3.373766	2.602338	3.0670605	2.23349	2.547975	3.3294005	2.8365164	3.190714	3.7299907	2.642854	2.760871	3.5845017	3.0834928	3.657152	4.5211906	3.3929877	2.8887413	3.1241014
MIF_9231	7.3983645	6.8303013	7.559885	7.256472	7.345824	7.440856	7.7812824	7.3226075	7.69845	7.8075895	7.7922544	7.2350197	7.2051754	8.042295	7.369595	7.0538464	7.759735	7.2229624	7.127295	7.5879087	7.821319	7.2372136	7.5872836	6.9572453	7.209496	7.8426266	7.3827815	7.791257	7.6462555	7.5237536	7.1513915	7.438676	6.83596	7.1782427	6.7485514	6.9994025	7.330529	7.109912	7.2289023	6.959688	7.6647	7.368669	7.0898104	6.8728666	8.010727	7.7670097	6.7914057	7.71758	7.0984383	6.6853437	7.141819
MIS18A_32385	3.3087924	1.7233189	3.2047765	3.6804638	2.1664994	3.5654895	0.0	4.032947	2.9615965	3.5983813	2.9712968	3.2680495	2.8407278	2.0223966	3.255121	2.6678994	2.382989	2.467557	2.035052	2.2562509	4.0778275	3.870368	3.6920276	3.5336206	3.12715	2.002579	3.1138024	4.4927254	3.1192565	3.0259323	0.75012773	2.3030627	2.8388512	3.1743853	2.602338	3.0670605	2.4444666	2.547975	1.920373	3.4367871	3.190714	2.3475738	1.4586725	2.760871	2.906455	1.6973256	3.1907747	2.7293007	3.547572	3.2832968	3.7594514
MKI67_9232	8.217373	8.015798	8.121156	8.77021	8.312644	7.9907527	6.3203883	8.866348	8.114371	8.131295	8.404477	8.673168	7.7913423	7.2535896	7.776694	8.73263	8.22711	8.361662	7.0211735	6.914329	8.143734	8.803841	8.349038	9.148689	8.689995	7.2128677	7.494194	7.593098	8.1056595	8.110411	7.8633204	7.1630697	8.812701	7.5570188	7.9033813	8.725102	7.4391737	7.991453	7.1603317	8.975824	7.9948177	8.022439	6.750362	7.8547444	7.8196783	7.2481947	6.498907	6.739702	7.5826435	7.408472	7.7666273
MKNK1_9234	3.2304003	3.267883	2.5348177	3.4657202	3.78599	2.9587402	2.9214785	3.3535717	2.4663844	2.0617402	2.616312	1.6591743	3.093146	3.3487625	2.4860687	2.6678994	3.341277	3.158557	3.4482138	3.9523666	2.1549919	2.846633	2.8522859	2.7696137	2.896768	2.250642	3.4020078	2.2755182	3.2142637	2.9251404	3.3023546	2.6430998	4.0344143	3.548908	1.9328802	3.188829	3.1931324	2.1579974	3.4260273	3.9192204	2.3406515	3.1983922	2.8897388	3.4946837	2.906455	3.6105773	2.8853111	3.402351	3.6871839	1.9678794	2.0759077
MLEC_9235	6.9980536	6.165611	7.064915	6.939682	6.405037	7.2866488	7.013868	7.5466795	7.5023017	7.0612564	7.124729	6.8771467	7.8736906	7.2751436	6.4121017	6.9561234	7.0640326	6.709402	6.5250077	6.721241	7.2240734	7.2607093	7.101746	6.7026505	7.0641475	6.839458	7.028175	7.776166	6.9267635	7.1411247	7.2255764	6.5157943	7.03188	7.184891	6.4468503	7.111448	6.8460326	7.305769	7.0883393	6.34824	7.0639367	7.588963	7.04594	6.9721084	7.491353	7.8156986	7.7541595	8.128001	6.7697453	6.7953362	6.386357
MLF1_32449	3.5212522	3.5057364	3.5801554	3.6804638	3.9027789	3.3901486	0.7291152	3.6469922	3.789237	3.0256517	3.7896788	3.4688873	3.808642	3.8089995	3.255121	3.7058477	3.7706692	3.9221573	3.7434611	3.5487905	3.888952	4.1474395	3.1336944	4.1209917	3.8619432	3.526701	3.5664334	4.916335	3.5418694	3.8268995	2.5294693	3.5227396	3.594322	4.0344577	4.1164784	3.188829	4.391946	4.9111533	2.5543716	4.185883	4.2184987	3.1983922	3.2843316	3.3202078	3.9995286	3.3178785	4.1095295	3.9673057	3.9314296	3.8474822	4.248697
MMP1_9237	1.8561494	1.1049913	1.9030463	1.750284	1.4566294	1.8913333	0.0	0.82250994	1.7063249	2.312845	1.8342675	2.5936327	1.9028349	2.4838471	1.2110108	0.0	1.2662693	0.6474369	2.035052	1.5304413	2.7061675	0.0	2.0393906	1.6397378	1.1950403	0.80882925	2.0670378	4.032706	0.6703802	1.4053764	1.8983116	1.2089423	2.5664744	1.8781195	1.0890009	1.6844561	1.986288	1.6218852	0.76239324	0.6909027	3.3903556	2.6899478	2.642854	2.6173096	3.2474778	3.4221838	2.4973037	3.323391	2.9135318	3.5927947	2.7631934
MMP2_9238	3.6472874	4.047728	3.8777544	3.7454848	2.6401563	4.627056	4.373555	5.5812693	4.9270763	4.487393	4.2449875	3.6451528	3.7363482	4.0279417	3.4412823	3.7058477	3.1259208	4.7577496	3.0765762	2.4348454	4.3462834	4.5798335	3.5713751	4.6326194	3.6559942	4.1325245	4.7969165	4.2809734	2.6607075	4.1283503	5.5659637	4.174075	3.3549814	3.7772398	2.8479903	4.705656	1.687787	4.69673	2.9933162	4.185883	2.9589396	3.3017287	4.458293	3.7907844	4.999513	4.9145117	4.009029	4.0676174	2.79505	2.7705867	3.2267935
MMS22L_33129	3.8704717	3.5770385	3.660505	3.8673456	3.4444587	3.4804814	3.4415276	4.0991335	3.0949595	2.312845	4.0352206	3.8747573	3.7363482	4.0941133	2.3059688	4.351345	4.369845	3.3308632	3.274329	2.73687	2.9831893	4.463156	3.803364	3.7757409	3.7965066	2.957191	2.8837204	5.2138186	3.3033986	4.299185	3.4891737	2.9180818	3.9217556	3.373766	3.4035087	4.7850432	2.23349	3.8236685	3.601796	3.7318203	3.190714	3.3017287	2.5015178	2.8914306	3.523103	2.6400769	2.8853111	3.5483809	3.4723492	1.9678794	2.8299677
MNAT1_9239	7.4117475	6.9559917	7.428371	7.3639083	7.3561025	7.575044	7.789882	7.552597	7.759998	7.6905184	7.4267697	7.532783	7.327097	8.333473	7.4203157	7.4842577	7.740902	7.1151066	7.4775724	7.5641084	8.064056	7.6061983	7.236808	6.9996114	7.1905174	7.423378	7.896968	7.6982484	7.415812	7.47556	7.427668	7.7424655	6.997549	7.660821	7.280173	7.2508016	8.031606	8.034009	7.497021	6.7201395	7.544186	7.488503	7.173741	6.660394	7.734209	7.565379	7.826078	8.095697	7.6694007	7.3113074	7.4458222
MPC2_33219	2.9658844	3.1790063	3.4950655	3.386396	1.9663466	3.2937799	2.9214785	3.1184926	3.789237	2.0617402	3.7896788	2.410535	2.1454625	3.2360482	3.3512022	3.0640497	2.87268	3.0640168	2.7174463	2.2562509	2.8513174	2.2375386	3.8559678	2.6531126	3.5003047	3.6178672	3.5664334	4.8409843	2.9081242	3.3706653	2.6905363	1.5692585	2.9579055	3.7772398	1.7024508	3.188829	3.6835446	2.3661232	1.920373	3.5163915	2.9589396	2.6899478	2.168997	2.2785902	3.6433938	3.777187	3.1907747	3.477213	2.190403	3.194307	2.9549038
MPZL1_9243	2.9658844	1.7233189	3.0934007	2.6598237	2.6401563	4.0514793	3.255363	3.458151	4.3118453	2.5266557	2.8046954	3.5597103	3.808642	2.9801729	2.921244	2.8123772	3.4379885	2.9628441	3.274329	2.4348454	3.5060158	2.846633	2.7448034	2.977701	3.016553	3.0904965	3.4865618	3.4579172	2.5190232	3.7699122	2.835414	2.9180818	2.5664744	2.1193378	2.306097	3.405289	2.6284897	4.021211	1.6270963	2.4060068	4.109465	3.1983922	3.4473767	1.8351252	3.806888	3.4221838	3.5891576	1.9319366	2.190403	3.0994654	3.3683043
MRC1_33067	6.256776	5.9272027	5.8713617	6.3879943	6.259312	6.6128626	6.509288	6.870864	7.1428595	6.2852397	6.4772887	6.216923	7.6655927	6.5840607	6.739542	6.892521	7.101425	6.165869	6.6370354	6.6232963	6.9128494	6.359853	6.535527	6.9072533	6.4388347	5.573221	6.4970875	7.735134	6.1695056	6.25358	6.91097	6.2559094	6.6451178	7.6123214	5.897673	6.631723	6.7300525	6.6838465	7.248853	5.6302066	6.613089	7.3325195	6.9607487	6.749172	6.7808614	6.6501803	6.995614	6.579037	6.1517467	6.668923	5.621801
MRPL12_9245	7.998325	7.272912	7.9518785	7.6995497	7.704699	8.043567	7.86912	7.878887	8.27056	8.060142	8.1328	7.521529	7.564826	8.219509	7.9284716	7.6616573	8.027887	7.52754	7.783751	8.034942	8.470272	8.05901	8.049264	7.347675	7.84479	7.947404	7.6535473	7.6821465	7.6117697	7.8466988	7.3812127	7.548889	7.3583813	7.5206895	6.8647413	7.506412	7.7232413	7.7342525	6.9243407	7.4849844	8.032639	7.6242795	7.3644075	7.318095	8.01909	8.404903	7.6072025	8.095697	7.8286757	7.2296906	7.6787796
MRPL19_9246	5.1744614	4.515292	4.8957977	5.066451	4.7008195	5.5357046	5.2413383	5.6926413	5.4345613	4.9244695	4.9511933	5.0607114	5.3232794	5.7707014	4.934868	4.8300796	5.4779043	4.981153	4.912876	4.9931965	5.703604	5.0261497	4.9574633	4.806333	4.7084904	5.297971	5.2481914	5.1213093	5.0156536	5.0865026	4.9858365	4.5009766	4.188449	4.9590516	4.4121585	4.823157	4.9364786	4.5762477	4.91861	4.676478	5.095927	5.565282	4.88556	4.9016037	5.4589405	5.632215	5.209795	5.988864	4.824082	4.012749	4.4949174
MRPS16_9249	4.1082306	4.235737	4.5185456	3.2133267	3.1924727	4.6660757	3.8229792	4.2812176	4.3118453	4.325485	4.308639	3.03466	4.1240664	4.3320727	4.1241193	3.4647577	4.2146955	4.1692424	3.9884303	4.169819	3.820068	3.870368	4.2193546	4.0304832	3.4156697	3.6178672	3.4865618	5.873462	4.316707	3.7699122	3.9374175	2.9180818	4.454525	3.9743235	3.54955	4.2260103	3.409666	4.021211	4.0887313	3.2630503	4.503455	4.278248	3.4473767	3.1216903	4.3918386	3.8537915	4.24826	4.3722343	3.6871839	3.7257514	3.0698776
MRPS2_9250	2.6417313	2.486432	2.840976	2.1847157	2.3422368	3.2937799	2.1003423	2.4882271	3.6225116	2.5266557	2.8046954	2.9020875	2.9724503	3.8089995	3.255121	3.6298745	2.87268	2.467557	2.8473456	3.8299706	2.8513174	3.2735868	2.8522859	2.0614784	2.7661297	2.810302	3.1138024	3.6467555	3.1192565	3.5840557	2.3481333	2.3030627	3.2654822	3.548908	2.1315236	2.2296865	3.5979016	3.2189481	2.715985	3.0654895	3.6459768	2.6899478	2.642854	2.0738304	3.9064214	3.696286	3.0959623	3.0567124	3.124777	2.6418855	2.4600961
MS4A1_32977	7.237324	6.660137	6.949721	6.9535084	6.747179	7.292895	7.823777	6.9447217	7.2105594	7.078304	7.7062416	6.6165648	7.257772	7.8688602	7.369595	7.360439	7.4820538	6.709402	7.2380357	6.9948707	7.2439322	7.5308976	7.0797977	6.7530513	6.847018	7.2274165	7.426245	7.479677	7.3068542	7.118478	6.8945255	7.548889	6.202087	7.287301	6.8365593	6.9048247	7.4575253	7.0126705	7.307103	6.2233295	7.2097344	7.136792	7.1911077	6.4956765	6.965286	7.409154	7.05353	7.7291126	6.9607368	7.218451	7.0397253
MS4A1_34110	12.862571	12.063312	12.594291	12.667998	12.060085	12.804426	13.390261	12.238075	12.889845	12.548828	12.846498	12.233924	12.592564	13.495317	12.742339	12.420101	13.096149	12.04882	12.770885	12.531152	13.024433	13.02049	12.730878	12.250684	12.409263	12.721435	13.0919	12.772155	12.931413	12.553683	12.108711	13.210052	11.867343	12.711872	12.170145	11.850209	13.263548	12.521018	12.6021385	11.777948	12.5630865	12.334524	12.503957	11.622623	12.800801	12.749657	12.811071	12.904965	12.379027	12.679826	12.944178
MS4A6BL_32383	3.5212522	2.9829214	3.0934007	3.2133267	3.4444587	3.3901486	3.9511857	3.240815	3.43397	3.1598291	3.8762534	3.5597103	3.4043794	3.1137757	4.2290087	3.6298745	4.369845	2.3117008	3.3638895	4.169819	2.7061675	3.8079436	3.3690693	3.659754	2.7661297	3.6178672	3.7140222	5.0224595	3.5418694	3.2918935	3.3987858	3.5227396	3.1700616	3.9115734	3.0578372	3.0670605	3.5979016	3.8925655	3.2258344	2.955541	3.8630507	3.87108	3.1953344	3.1216903	4.2089777	4.4051027	3.5891576	4.0676174	2.9135318	3.5214198	3.2755225
MSN_9253	10.984077	10.065291	10.806484	10.78378	10.557124	11.347497	11.2256565	11.039672	11.40977	10.804507	10.988926	10.560725	11.190072	11.572324	10.8906765	10.565868	11.338974	10.595468	10.766767	10.898797	11.406309	11.058883	11.099726	10.512842	10.694126	10.908258	10.868708	11.295913	10.867999	10.756193	10.738584	10.769454	10.338376	10.905127	10.24414	10.879431	10.86949	10.507238	10.677112	10.129595	10.682456	10.981068	10.325612	10.242199	11.233716	11.337159	10.75946	11.614436	10.570418	10.387914	10.32451
MSRA_9254	4.457017	3.9966314	4.9607077	4.988013	4.293499	5.151765	4.9958572	5.056417	5.531871	4.487393	5.6854568	5.0914803	4.066259	5.084181	4.6246834	4.5291653	4.931359	4.1692424	4.688572	4.675457	5.2592554	4.652685	5.1593204	4.778795	5.0547533	4.1325245	4.892988	4.9879446	4.5890565	5.132438	4.636216	4.5822196	4.2826996	5.078117	3.8606849	4.437347	4.6262813	4.0814734	4.742178	4.56857	4.319868	4.7857018	3.9608154	3.9187803	6.383208	5.0509176	4.24826	5.2328033	4.730334	3.9597363	4.594303
MT1A_9255	4.6196246	4.44079	4.9607077	4.31571	3.8455658	4.812385	4.4623084	4.633599	4.5159154	3.7760599	3.8762534	4.402222	4.1240664	4.3320727	4.0110016	4.5291653	4.931359	4.380134	4.292064	4.811058	4.9074078	4.5798335	4.604687	5.4013505	4.7084904	5.32528	4.657979	5.9826694	3.9806933	4.4876986	3.3023546	4.174075	4.188449	5.049259	4.750989	3.5934687	4.112024	5.0977926	4.4521384	4.9300785	4.913356	4.059796	4.5687127	3.574598	5.266297	3.8537915	4.157271	4.656197	4.6642694	4.378588	4.774628
MT2A_9256	3.0595496	3.7098691	3.3081667	3.302455	2.6401563	2.1333084	2.6463878	2.8375075	1.7063249	4.26721	3.2559555	3.6451528	2.534579	2.9801729	2.6461606	3.175133	2.727169	3.8101146	3.4482138	3.3845623	1.251849	2.0344265	3.1336944	3.7189126	3.016553	2.250642	3.1138024	3.5554237	3.5418694	3.208571	2.967061	1.5692585	2.8388512	3.373766	3.6173768	2.2296865	3.5979016	3.8236685	3.601796	3.6635237	3.5656989	2.1401448	3.6618662	2.760871	4.780875	1.9966261	3.7220852	2.8468895	3.3929877	2.7705867	3.6154559
MTA1_9257	3.763191	3.1790063	4.5185456	4.43877	4.159071	5.231971	4.1777725	4.7202697	4.996911	4.143083	4.0352206	4.1911564	4.179647	4.4878764	3.0413287	4.397897	4.7919374	4.8456287	3.9309764	4.219421	4.572536	5.1061497	4.9331865	3.659754	4.7779455	4.193074	3.9704094	4.0988913	4.399905	4.258335	4.922364	4.0652423	3.8619456	4.6866455	3.4783766	4.387344	4.0488772	4.194934	3.2258344	3.7970295	4.368001	4.888876	3.5224726	4.385582	4.1694503	5.205075	3.9009998	4.749758	3.8741343	3.8474822	4.3431644
MTF2_9259	7.805641	7.0654182	7.6363816	7.7077303	7.4834585	8.069265	8.000887	7.9478626	8.231259	7.4692893	8.060688	7.7700005	7.8352685	8.277616	7.852527	7.5372076	8.154252	7.3130717	7.5122647	7.554477	8.368416	7.9439836	7.803591	7.620136	7.4834347	7.4170456	7.5832877	8.148478	7.745027	7.7357554	7.7306533	7.665328	7.4373446	7.6319175	7.023167	7.687773	7.947546	7.652189	7.5025716	7.300534	7.762476	7.6440787	7.264039	6.9721084	7.8481226	8.012325	7.811232	8.638699	7.5233183	7.388553	7.255498
MTFR1_9260	4.273725	4.2791452	4.602301	4.817053	4.4164624	4.913135	3.6063921	5.4093204	4.996911	4.8862605	5.0288405	4.96426	4.6811824	4.4878764	4.545657	4.5703955	4.931359	4.7577496	3.9884303	3.469012	5.232999	5.9177823	4.9331865	4.9856524	4.9682536	4.771496	4.237673	5.485284	3.8086765	4.590013	4.328719	3.8848567	5.2912316	4.092185	4.162613	5.613949	3.9136333	4.8431597	3.6822517	4.870734	5.095927	4.4227967	4.208325	3.9787574	5.0656013	3.9265325	4.5988097	4.4853687	3.986536	4.4184256	4.431824
MTHFD2_9261	4.898422	4.620293	4.862214	4.84699	4.293499	4.880327	3.9511857	4.492971	4.7763667	4.5375614	4.990539	4.8247266	3.6602395	5.504856	4.5044594	4.7957234	4.1590357	4.1692424	4.0968986	4.358748	5.4536953	4.788203	4.7226954	5.1665354	4.7084904	4.4126673	4.583148	5.089106	4.7874928	4.556708	4.8215914	4.5822196	4.5711703	4.252681	4.207318	5.0328393	4.5823607	4.4899464	4.4055	5.3110843	3.9915128	4.5541725	4.208325	4.294119	4.6999564	5.0509176	4.29169	4.7796435	4.322632	4.33762	4.248697
MTMR2_33004	6.256776	5.7687235	6.305434	6.191988	5.982454	6.374532	6.089105	6.405385	6.918316	6.270482	6.4772887	5.7026887	6.59815	6.560848	5.98783	6.2345986	6.3037624	5.746141	6.3387465	6.0951886	6.7740617	6.627206	6.3090014	6.5151153	6.142284	6.4254622	6.060031	6.4438457	6.1695056	6.6428766	6.273842	5.9991136	6.4456444	6.071031	5.677039	6.508489	5.5519314	6.370262	6.184263	5.949886	6.4324846	5.962205	5.4826493	5.4807954	6.5994153	6.4914045	5.953791	6.4732823	5.2186785	5.874211	5.631193
MUG1_33047	3.763191	5.828386	0.0	8.123082	6.5553365	6.93384	3.255363	3.8907034	6.5042543	5.975228	2.1444392	5.180035	6.867189	1.3398731	1.5716753	1.5888703	5.454976	7.0487685	2.574683	0.0	8.018667	3.447462	9.106114	6.384181	3.016553	2.002579	5.820445	3.3533397	0.6703802	2.5720668	0.75012773	5.611065	1.157626	2.1193378	7.0903454	4.437347	2.9382603	2.7094493	1.920373	7.552632	1.2357911	2.3475738	2.3448164	0.71545935	3.523103	6.932174	4.4146447	3.6809788	3.75223	3.7257514	4.1990376
MUT_9264	2.9658844	2.75593	3.8777544	3.4657202	3.3652549	3.7940469	3.0415661	2.4882271	3.86589	3.3957052	3.2559555	3.3719604	3.7363482	2.0223966	2.7902486	3.846752	3.8430977	2.467557	3.274329	3.6243875	4.0175753	3.447462	3.3690693	3.3953938	3.6559942	2.957191	2.8837204	4.720022	3.5418694	3.4453578	2.6905363	3.3479161	3.3549814	4.201141	2.8479903	3.405289	3.9828393	3.1074347	4.0284495	3.167649	3.2939854	3.9367666	3.4473767	3.4100819	3.2474778	3.3178785	3.7220852	4.161406	3.547572	3.7879004	1.8370861
MVD_9265	3.2304003	2.6274648	2.353332	3.5409095	3.1924727	3.4804814	2.6463878	3.458151	2.4663844	2.7128305	2.1444392	3.03466	2.695759	3.6420867	3.4412823	2.326616	3.8430977	3.158557	1.7985483	3.469012	3.888952	3.6026177	3.5713751	1.6397378	3.4156697	3.7036133	2.6098514	3.8137126	3.4666753	3.2918935	2.967061	2.3030627	2.9579055	1.5883089	1.7024508	3.3011148	2.6284897	0.0	2.8613043	2.0255485	3.6459768	3.3981557	2.9989562	2.8914306	3.3214757	3.9265325	3.9009998	4.3324614	2.524174	3.5214198	2.8937876
MVP_9266	5.912196	5.2632866	5.1945705	5.2568936	5.5705957	6.277078	5.708588	6.378986	6.834967	6.162722	5.8865614	5.392619	6.5141635	5.977675	5.241075	5.715404	5.7279024	5.324826	5.207157	4.4857965	5.8831687	6.2584624	6.095901	5.3647738	5.768575	5.7244716	6.003761	6.656562	5.426129	5.8889875	6.395695	5.3108706	5.8330407	6.7192144	5.6120234	5.872065	5.964973	5.6488647	6.2517314	4.870734	5.6376033	6.0538673	5.708488	5.5809426	5.94202	7.0262012	6.9624047	6.877361	5.471383	6.036608	5.0373535
MX1_9267	10.822708	8.609568	8.571726	8.507446	9.314332	9.075663	9.249453	9.546823	9.439456	9.091421	9.099066	8.584018	9.969066	9.831864	9.624505	10.001619	8.574243	8.848319	9.082086	8.728187	10.381665	9.5165205	9.150224	9.10223	9.499391	9.068848	9.472716	9.800106	10.011187	9.231673	9.791424	10.150909	8.762471	9.355948	8.91054	8.971962	9.423621	8.928365	9.100636	8.638247	8.692195	10.257168	8.480273	9.109787	9.3078375	10.1004305	9.744263	10.893835	9.67879	9.221056	8.564415
MX2_9268	7.1654077	5.3058863	5.8198066	5.0407763	6.302471	5.855625	6.06096	6.2392178	6.339305	5.938357	5.90727	5.577864	6.305149	6.0627584	6.434209	6.6254067	5.544581	5.8347087	5.88873	5.3678308	6.6702585	6.1743617	6.040161	5.7380457	6.4914737	5.526925	6.4346085	7.8548865	7.060634	5.820483	6.3602076	7.1364174	6.2841306	6.480694	6.2472296	5.4772167	6.156869	6.4524264	6.069288	5.612201	5.7867055	6.9265385	5.168765	5.9237804	6.021873	6.682044	6.508142	7.0218983	6.5124855	6.25035	5.6028314
MXRA8_32384	2.7580647	1.1049913	2.696003	1.9837908	1.7338829	2.1333084	2.6463878	3.1184926	3.0949595	1.3715297	2.616312	1.955242	2.1454625	2.668917	2.3059688	2.1199853	1.9300845	1.4325044	2.238191	2.2562509	2.1549919	3.178102	2.5023503	2.526371	2.4629142	2.462245	2.8837204	2.9846053	1.126302	2.4321535	2.6905363	1.8573289	1.7915226	1.8781195	2.1315236	1.9826764	1.687787	1.2540979	3.3294005	2.4060068	2.3406515	1.8978021	3.100484	0.0	1.999623	3.6105773	1.7325498	2.305077	1.4762079	2.1681004	0.71652496
MYBL1_32391	2.3764687	1.7233189	1.2448933	2.361048	2.8869598	3.4804814	1.5718547	3.6469922	3.789237	1.3715297	3.5991883	3.1560693	2.3531	2.0223966	3.255121	2.8123772	3.6944115	2.9628441	1.1630801	3.0967624	3.1040103	3.447462	2.210754	2.6531126	3.016553	2.250642	2.4505796	4.032706	1.751022	2.5720668	2.3481333	2.9180818	2.8388512	3.277517	1.9328802	2.6244397	1.986288	2.1579974	2.1639853	2.5642188	3.190714	2.9664538	2.642854	3.1216903	3.6999757	3.9265325	2.6385555	3.6809788	3.0230174	2.3438904	2.542046
MYC_9271	5.9493785	5.0790715	5.802204	5.539524	5.2994866	6.3627043	6.13032	6.1483583	6.1982017	6.0805044	6.0065737	5.6622686	5.7292805	6.3737183	5.6528425	5.497581	6.197265	5.618901	5.4308844	5.7003293	6.366434	6.003841	6.073863	5.1876307	5.883329	6.0694757	6.0180354	6.067757	5.7131414	5.5084114	5.778035	5.843036	5.3791947	5.639122	5.16773	5.677744	5.894883	5.726402	5.4420953	5.49918	6.443758	6.126041	5.4826493	5.2324433	5.999505	6.214729	5.4963274	6.4732823	5.6355367	5.3640327	5.023155
MYCBP2_9273	5.8480134	5.5733294	6.160991	5.791233	5.5705957	6.4094443	6.4776993	6.2682757	6.455479	5.95691	5.8442316	5.3165236	6.4017997	6.204303	5.9422774	5.904613	6.2908726	5.7153673	5.762669	5.6469483	6.304744	6.0314226	5.9821806	5.664715	5.75141	5.8425817	6.300896	6.6998563	6.0328207	6.1344776	6.06928	6.340073	5.7529817	6.3683605	5.692846	6.1817427	6.201104	5.7999835	6.2907476	4.870734	6.0002785	5.8811035	5.801883	5.5013885	6.1991763	6.4549828	6.1435237	6.0016	5.7672563	5.554848	5.483458
MYH1_33199	3.7064028	2.6274648	3.3081667	3.7454848	3.1924727	4.10925	4.2789826	3.240815	3.5313187	3.9342363	3.3796642	3.7258165	4.066259	4.628482	2.3059688	3.7058477	4.0408278	2.467557	3.1788383	2.9864812	3.9546967	3.2735868	3.5070412	2.526371	2.6224735	4.81067	1.8287144	4.1621737	1.751022	2.4321535	2.1406834	4.7321486	2.4082093	2.6671908	2.306097	3.5024447	4.340139	3.6751416	3.7584567	2.5642188	3.2939854	3.3981557	1.968738	3.0111494	3.3214757	4.55028	3.7220852	3.5483809	3.9314296	2.7705867	3.2267935
MYL12A_33284	5.808087	5.407187	5.729563	5.593502	4.492976	5.7323575	5.762014	6.000346	6.008361	5.3464675	5.7783127	5.0914803	5.5083156	6.127387	5.708323	5.497581	5.8024545	5.46091	5.207157	5.7176933	6.012286	5.7285423	5.819527	5.0095425	5.356668	5.5032077	5.5129714	6.1165004	5.06747	5.763237	5.778035	5.4472365	5.3358836	5.3387933	5.3581843	5.6567907	5.0696926	5.920358	5.487584	4.9300785	5.9694095	5.6460505	5.608626	5.5417137	5.857487	5.737051	5.400396	5.577131	5.098751	4.8557158	5.0373535
MYL12B_32708	9.062083	8.581668	9.186286	8.781881	8.864941	9.4317875	9.612708	9.434343	9.814228	9.24274	9.356024	8.985202	9.367476	9.674506	8.786349	8.980261	9.348052	9.02967	8.766171	9.063083	9.5436125	9.367579	9.205747	8.679251	9.080299	9.3505	9.153561	9.356734	9.2377615	9.257813	9.016562	8.947012	8.737725	9.080933	8.684135	9.38575	8.955422	9.342662	9.04086	8.682059	9.252948	8.977366	8.779076	8.55186	9.483314	9.845301	9.082929	9.612186	8.609918	8.603139	8.759033
MYL2_32406	7.8749185	7.195726	7.621403	6.9807696	7.1050215	7.5228567	7.448011	7.8976054	7.2178893	7.7973304	8.074487	7.7604585	7.5170784	7.8688602	7.673607	7.703955	7.7313924	7.756393	7.7130804	7.385511	7.772022	7.158097	7.6958847	7.2457576	7.578962	7.934161	7.110415	8.013433	7.364952	7.549378	7.97702	7.438676	7.58338	7.665582	7.8897314	7.839593	7.9775276	7.449892	7.8151226	7.6790957	7.854044	7.2379727	8.0468445	7.620673	7.591957	7.867424	5.884565	4.2494674	4.6300673	6.0619826	6.4828906
MYL9_9276	6.881051	6.380154	7.1578126	7.109845	6.9025216	7.1761065	7.369864	7.301678	7.6396275	6.788345	7.0145245	7.0358534	6.546234	7.4368796	7.1467447	6.8761725	7.201245	6.604147	7.101487	7.428326	7.5822706	7.14553	7.0291576	6.7810807	6.8630877	7.277211	7.181893	7.161318	6.5972595	7.0661836	6.927229	6.6908517	6.627265	6.4029884	6.3898096	7.0159516	6.9272814	6.370262	6.142214	6.703229	7.3719525	6.834758	6.050487	6.3328643	7.2615952	7.1222363	6.2899194	7.4184136	6.594591	6.3871336	6.4461136
MYLK_9277	6.5907006	5.367516	6.5465193	6.215129	5.7053366	7.1895595	6.4344764	7.5407376	7.6559095	6.299848	6.376931	5.9907813	6.577607	6.736862	5.1098804	6.0132613	6.6142936	6.4537907	5.4717484	5.572555	6.7831383	7.074388	6.4092107	6.4813447	6.115702	6.839458	6.723017	7.0652637	6.1212873	6.8700004	7.212369	5.9692197	5.7529817	5.8545957	5.5783825	6.6100855	5.1621056	7.2145295	5.465019	5.949886	6.6621733	5.864321	5.958828	5.020515	6.863688	7.001159	5.360163	5.659805	5.4905725	5.536863	5.941637
MYLPF_32295	3.7064028	4.321286	4.3830233	3.5409095	3.4444587	2.6824741	4.3270435	4.4428744	3.7082813	4.26721	4.1085844	4.710439	3.4948025	4.4377885	3.822728	4.397897	4.1590357	3.8672233	3.603377	3.6243875	3.6715705	3.870368	4.4761596	4.0304832	3.5003047	4.4627132	3.9104564	3.6467555	3.8683236	3.8817208	3.7306347	4.54217	4.3276124	2.506633	3.744154	3.8364446	4.441957	3.2189481	3.4260273	3.7318203	3.5656989	2.9664538	2.8897388	3.7222598	3.5845017	3.6105773	4.491154	2.9556122	2.9135318	2.8887413	2.6931777
MYO10_9278	3.7064028	2.6274648	4.285043	4.357907	3.590906	4.704067	3.754334	3.8139515	4.608057	3.2825825	4.484301	3.2680495	4.284769	3.9585884	3.1521814	3.2782712	3.5286222	3.3308632	2.035052	3.0967624	3.6715705	4.0961194	3.6329622	3.8830926	3.9845338	2.957191	4.2856593	5.1528096	3.4666753	4.415221	4.4234605	4.2255597	3.666024	4.528361	2.8479903	3.7599108	2.9382603	3.1074347	4.91861	3.167649	3.3903556	4.328058	4.013831	3.7222598	4.5230813	5.1145706	4.453407	4.2061086	3.124777	3.4463294	3.176361
MYO1F_32715	3.2304003	2.3301039	3.736615	2.907214	2.1664994	2.9587402	3.255363	3.458151	4.1978536	3.3957052	3.4935977	3.802208	3.579891	3.7279556	2.3059688	3.175133	3.4379885	2.608205	2.966509	4.169819	4.244814	3.8079436	2.7448034	2.526371	3.12715	2.250642	1.8287144	4.336896	3.1192565	3.1201398	3.8029058	2.097342	3.4392512	3.277517	1.7024508	3.7599108	0.7995354	3.2189481	3.2258344	3.4367871	4.051694	3.8022594	2.8897388	3.3202078	3.806888	3.777187	3.3635335	4.448634	3.124777	3.4463294	2.9549038
NAA10_32633	4.1082306	3.5770385	4.06653	3.9797099	4.1113257	4.777175	4.2292647	4.2812176	4.7763667	3.7760599	4.6408772	3.5597103	4.179647	5.178702	3.606144	3.7780194	4.1590357	3.4847689	4.4228573	3.69622	5.003735	4.422068	4.5418544	4.325158	4.150857	4.193074	4.583148	4.4927254	4.273237	4.216295	3.1990128	3.6028	4.494464	4.3024426	3.4783766	4.532437	4.172522	4.943985	3.9655392	3.7970295	4.051694	3.573593	4.064967	3.3202078	4.780875	4.4051027	3.9009998	4.6236115	4.09081	3.5927947	3.9213243
NAAA_32484	6.8019466	6.2333884	6.734585	6.2036047	6.084889	7.292895	7.206035	6.6677628	7.4029055	6.564674	7.0798287	5.9067726	6.6966925	7.171684	6.434209	6.6640115	7.071589	6.034912	6.6098332	6.6686425	6.9932666	6.8371296	6.897329	6.642807	6.591319	6.3871007	7.225601	7.390001	6.429196	6.6026473	6.852576	6.5864177	6.202087	7.0310407	6.214753	6.6424212	6.352598	5.920358	6.8391695	5.7988825	6.5309067	6.601509	6.0248876	5.9539766	7.0438952	7.241082	7.1092105	7.8572655	6.1151233	6.2055135	6.2282453
NADK2_32534	1.8561494	1.7233189	1.6111797	2.5181563	1.9663466	2.340468	2.1003423	2.6734118	3.5313187	1.3715297	3.5991883	3.03466	1.6109856	2.8329227	2.3059688	1.5888703	1.2662693	1.0927255	2.966509	2.593747	2.5447638	2.0344265	2.5023503	2.0614784	2.0785348	1.3239917	2.7532747	4.336896	1.126302	1.9061652	2.1406834	2.6430998	2.2304184	2.325943	2.1315236	2.6244397	2.4444666	0.7592324	0.76239324	2.228283	3.190714	2.5288935	2.8897388	2.8914306	3.2474778	2.8034983	2.7672026	2.305077	3.4723492	3.2832968	1.7010021
NAT1_33063	6.1858463	5.4457965	6.1331015	5.8807855	5.7053366	6.0598774	6.423465	6.310794	6.726089	5.4016867	6.2849784	6.054635	6.1186676	6.204303	6.0606937	6.285006	6.197265	5.46091	5.827076	6.1727796	6.2270546	6.3379292	5.9093804	5.821389	6.18126	6.1014194	5.989343	6.7314954	6.204641	5.399914	6.4416933	6.192637	6.102228	6.320858	5.2974505	5.8352385	6.141817	5.6288114	6.3161845	5.682912	6.3629303	6.4745665	5.755941	5.674587	6.1694293	6.617597	6.17865	6.500457	5.9722724	5.6415567	5.6123476
NAT2_33165	4.6196246	4.1909814	5.2475586	4.6230755	4.7944946	4.9765935	5.0541315	4.761728	5.1881685	4.9244695	5.2394724	4.072788	4.6020246	5.084181	5.241075	4.6104794	5.2303596	4.1230955	4.65348	4.8743606	4.4862447	4.3362055	4.7507486	5.3831778	4.7436357	4.603209	5.47208	7.5873456	4.358906	4.216295	4.636216	5.212228	5.197555	5.4967585	4.2506785	5.0328393	5.1011596	5.0382223	5.1902757	3.7318203	5.597789	4.985162	4.9137297	4.591692	5.699947	5.083095	5.5147715	5.415215	5.1954775	5.2361207	4.824606
NCAPD2_9284	3.6472874	4.047728	3.4950655	4.477563	3.7238476	4.6660757	2.7904801	5.1838865	4.1978536	4.007263	4.4280906	3.9438322	4.284769	2.668917	3.3512022	4.035247	3.2376134	4.5291295	2.238191	2.2562509	4.3462834	5.4092016	4.178631	4.076447	3.9245403	4.511081	4.02797	4.2809734	3.1192565	4.1729927	4.4234605	2.4830763	4.188449	2.942963	2.602338	4.4856753	2.6284897	5.068315	2.8613043	3.7970295	3.9915128	3.6539102	2.642854	2.760871	4.4913726	3.696286	2.4973037	3.742971	2.6659598	2.9979472	3.4971662
NCK1_9286	6.276417	5.9542365	5.8543806	6.486381	5.7053366	6.443532	6.5196657	6.953694	7.022448	6.299848	6.4207993	4.9971323	6.6871357	6.6733465	6.247071	6.1555223	6.2647414	5.958132	6.162753	6.081841	6.68001	6.65407	6.0172477	6.167701	6.2683077	6.4504814	6.791095	7.106066	5.95242	6.5186577	6.4862704	6.3973193	6.214097	6.993662	6.0154834	6.3214383	6.489685	6.6141586	6.448595	5.49918	6.3981266	6.5913467	6.3680553	5.727988	6.6719275	6.702902	6.806456	6.897944	5.329397	6.1940827	5.6952786
NCK2_9287	4.8468065	4.047728	4.1799192	4.272241	4.0108175	5.231971	4.9351296	5.3010025	4.890849	4.8862605	4.9511933	4.497202	5.0820923	5.084181	4.278726	3.5496771	4.596273	5.0067945	3.6751187	4.313784	5.0940313	4.652685	4.8833723	3.1595235	4.391454	5.3783946	4.5442247	4.2809734	4.7243323	4.6225667	4.954449	4.835181	4.138909	4.252681	3.9685025	4.8964896	4.4902925	5.668643	4.704146	4.6054435	4.8126054	4.6745768	4.379686	4.2461166	4.857496	5.56545	3.4427273	5.3960495	4.0396147	3.5927947	4.1211886
NCKAP1L_33041	4.6500573	3.1790063	4.561031	4.1333776	4.061947	4.812385	3.3514462	4.9165835	4.608057	4.5375614	4.7365522	3.6451528	5.221027	4.4878764	3.9509327	4.1484847	4.964206	3.6886325	3.6751187	4.065186	4.2964406	5.277185	4.3350515	4.0304832	3.7279603	4.4627132	4.4630785	5.60399	3.2142637	4.522616	4.954449	4.54217	4.188449	5.2654138	3.1523242	4.2260103	4.4902925	4.807922	4.7792325	3.3525324	4.5459204	4.9216905	4.4195247	3.6503172	4.930251	4.55028	5.0419116	5.0239434	3.8741343	4.1132665	3.8903701
NCL_9288	8.776785	7.863701	8.705574	8.635183	8.458109	8.840071	8.790909	9.239018	9.177151	8.757509	8.986804	8.70087	8.938641	9.095146	8.223264	8.856553	8.971603	8.673236	8.374633	8.506361	9.061358	9.218071	9.042288	8.436512	8.625511	8.846566	8.6175165	9.067529	8.7555485	8.724891	8.557464	8.493458	8.488611	8.7698765	8.235615	8.875505	8.749915	8.874031	8.729116	8.372821	8.644138	8.917616	8.251082	8.266219	8.756055	9.262294	8.872007	9.522242	8.481529	8.445777	8.399706
NCOA1_9289	2.0511916	2.3301039	3.5801554	2.361048	1.7338829	3.9912984	3.3514462	3.7328856	4.255975	2.7128305	2.3995826	2.200775	3.093146	3.2360482	1.5716753	2.1199853	3.2376134	2.1369452	3.4482138	2.9864812	2.5447638	3.674356	2.5023503	2.977701	3.016553	3.6178672	3.4020078	4.390731	3.5418694	2.8167744	3.7306347	2.4830763	2.8388512	2.942963	2.461808	3.9091218	3.0713174	3.2189481	2.715985	2.5642188	3.7220223	3.3981557	3.3681562	1.8351252	3.2474778	3.9265325	3.657152	3.6162026	3.124777	2.5005684	2.3732097
NCOA3_9290	7.1654077	6.2333884	7.327384	6.939682	6.859818	7.474218	7.582785	7.4548745	7.84766	7.095152	7.299392	6.9376674	7.0272436	7.864127	7.2312427	7.1589465	7.3822846	6.9398417	7.0884085	7.194098	7.5184827	7.1890416	7.29035	6.9633746	7.077983	7.3253446	7.4839463	7.708884	7.194827	7.1853795	7.302379	7.208559	6.94807	7.4671497	6.8717017	7.1643677	7.557324	7.3493123	7.3872957	6.34824	7.4962654	7.40973	6.833815	6.927151	7.3875175	7.565379	7.0151787	7.8467164	7.0147552	6.88337	6.773237
NDN_32953	5.0430336	3.8314943	5.27334	4.8763194	4.376628	5.656882	5.5147	5.4351754	5.9212418	4.72242	5.5070224	4.710439	5.1109705	5.52898	5.1098804	4.724454	4.75487	4.7272253	4.617513	4.811058	5.684355	5.300044	4.8833723	4.503981	5.1883054	5.526925	5.0678363	5.089106	4.756258	5.4369936	4.9858365	4.2752705	4.533327	4.252681	4.4121585	5.352457	4.172522	5.434561	4.9514475	4.8088436	5.3326373	5.045958	4.2965484	4.5127454	5.4257736	5.7166843	4.374813	5.1436863	4.4457216	3.8474822	4.8081384
NDRG1_32364	7.4979277	7.0149555	7.9834604	7.506724	7.2443414	8.294526	8.151956	8.164276	8.501325	7.362006	7.6147733	7.8121753	7.6704507	8.135587	7.2057667	7.5982842	8.1435375	7.061059	7.249831	7.814619	8.316222	7.669009	7.8786073	7.5485606	7.0641475	7.7798553	7.6305056	8.038946	7.147461	7.4800086	7.7352777	7.622757	6.73121	7.5259356	6.8150554	7.7184315	7.50535	7.4555955	7.45756	7.283569	7.580388	7.6876583	7.102103	6.9118485	8.946404	8.500331	7.225751	8.016337	7.7312074	6.6853437	7.02555
NDUFAF4_9292	2.0511916	2.9829214	2.696003	3.016629	3.0976462	3.7940469	3.6822586	4.0991335	3.7082813	2.8777032	4.308639	3.5597103	3.2045193	4.7968874	2.921244	4.0929766	4.369845	3.4098673	2.035052	2.73687	3.6715705	3.5271246	3.3690693	3.830415	2.6224735	3.7036133	3.4865618	5.5339446	3.3033986	3.648705	3.5742307	3.6028	3.518869	3.277517	3.54955	3.188829	3.6835446	3.7513156	4.1465945	2.5642188	4.5871716	3.3017287	3.2843316	2.8914306	3.1694782	3.8537915	3.2797384	4.6236115	3.2198298	3.9047008	3.5770936
NDUFB8_33155	6.8874516	6.8591943	7.057515	7.084937	6.9095173	7.299114	7.6362205	7.5045633	7.3099356	6.788345	7.3830857	6.894699	6.6871357	7.5413766	7.106011	7.124757	7.642863	6.8924837	6.6899476	6.8606305	7.3576646	7.1705546	7.23184	6.932466	7.2031975	6.9222727	7.1498413	7.301423	7.0542274	7.030237	6.886233	6.980317	6.788557	6.9238386	6.4836617	6.9910564	6.7697573	6.370262	6.8823833	6.736854	7.6695094	6.9102793	6.4376125	6.660394	7.2895193	7.129958	6.7295847	7.170286	6.2675176	6.6853437	6.6858034
NDUFV3_32394	7.8716936	7.0277376	8.07426	7.905622	7.8205724	8.390847	8.362617	7.9568152	8.436829	7.75555	8.11065	7.77948	8.021703	8.718839	7.860712	7.51626	8.455087	7.7142134	7.2439456	8.27377	8.8225355	8.238354	8.249327	7.3429813	8.051753	8.24779	7.7635393	7.735134	8.016199	7.9656644	7.6099424	7.8488994	7.3088417	7.8441987	7.390904	8.08677	7.8991365	7.627136	7.760578	7.3448205	7.7714515	7.9918613	7.1502547	7.497945	8.425763	8.689869	7.678467	8.832929	7.7670593	7.43299	7.560868
NEFH_33218	3.2304003	2.8738854	1.9030463	2.361048	2.6401563	3.0792744	3.3514462	4.0991335	4.0740767	1.3715297	2.1444392	3.2680495	1.6109856	3.1137757	2.1001348	2.5073261	3.8430977	3.6886325	2.238191	3.5487905	3.1040103	2.846633	4.1367245	3.5980654	3.12715	3.861182	2.7532747	3.8904636	2.3618937	1.6773919	3.5742307	1.5692585	2.8388512	1.8781195	1.0890009	2.9340591	2.7916732	1.6218852	3.4260273	2.7067823	3.3903556	2.1401448	3.3681562	3.0111494	2.7000144	4.12504	3.4427273	4.291561	3.0230174	2.8887413	2.6195898
NENF_9296	4.1082306	3.430726	3.80891	3.1183274	3.0976462	4.164796	3.1524212	4.2230396	4.5159154	4.487393	2.8046954	3.2680495	3.943193	3.885732	3.255121	3.4647577	4.5537415	4.1692424	3.603377	3.5487905	3.5911667	3.870368	3.9067206	3.830415	1.8395665	3.429383	3.4865618	4.336896	3.6133378	4.034695	4.0604506	4.174075	3.06788	4.092185	3.6173768	3.5934687	3.9828393	3.6751416	3.9655392	3.7318203	2.8274064	3.9367666	3.4473767	3.9187803	4.2089777	2.9502776	4.009029	4.3722343	3.547572	3.9597363	3.951628
NET1_9297	5.924697	6.211148	6.5984354	7.0531855	6.943997	6.671566	5.7444243	7.4674582	6.9002056	6.6239257	7.004949	7.3283916	6.6482625	6.4640727	6.0606937	6.7915297	6.645007	6.5615273	6.3276587	6.1084137	6.83643	7.4256964	6.8783813	7.528032	6.3157883	6.3609476	6.1274166	6.2823343	6.5249696	6.6507897	6.5818014	6.1796427	6.618255	5.7862854	6.613899	7.5180774	5.6402645	7.004912	6.5908628	7.23733	6.6813483	6.528823	5.7867312	6.1096244	6.3745427	6.2434864	6.1316223	5.988864	6.3746843	5.9025784	6.300664
NEURL3_9298	2.7580647	3.0842927	3.3081667	2.6598237	1.4566294	2.1333084	2.9214785	2.2757223	3.3295743	3.2825825	2.9712968	2.200775	3.808642	3.4533052	3.255121	2.6678994	2.5653183	2.7363515	2.7174463	1.8148876	3.6715705	3.7426953	1.8448938	3.0714748	3.12715	3.526701	3.003343	4.8409843	2.3618937	2.8167744	1.6068331	3.6028	2.7090814	3.0633094	2.7303865	1.9826764	3.0713174	2.9865744	1.920373	1.5073531	3.3903556	3.6539102	1.968738	2.0738304	4.08699	3.5194535	3.2797384	3.6162026	3.124777	3.660804	2.9549038
NEXN_33316	5.351561	4.362231	5.5301437	5.3434486	5.320635	5.7138553	5.988096	5.5579247	6.641403	5.53114	5.3645425	5.417118	5.167048	5.810609	5.2659407	5.8044944	5.1180816	5.5852566	5.367332	5.1548963	6.240297	5.4709396	6.1808343	5.4370227	5.3105354	5.8981977	6.346858	5.4603233	5.3653245	5.418573	5.586584	5.186476	4.989707	4.3970957	5.16773	5.797447	4.6262813	6.1058836	5.1624966	5.5186424	5.403632	5.075422	4.88556	4.385582	5.832396	5.961356	5.4963274	5.356937	5.2861238	4.765924	5.0791297
NFATC3_9299	7.021521	6.0450525	7.1368995	6.75465	6.815812	7.389321	6.8671737	7.6104746	7.754968	6.963716	6.7987485	6.91204	7.0196486	7.231709	6.4667473	6.8761725	7.2881308	6.629127	6.247561	6.6951814	7.422997	7.266524	7.304614	6.9633746	6.847018	6.4750743	6.903008	7.522508	6.4682717	6.9362454	6.8695025	6.56659	6.6714892	6.7192144	6.5717797	7.193758	6.416529	6.5727715	7.095702	6.359077	6.8088813	6.194775	6.4376125	5.8772664	7.5072947	7.2970243	6.7137065	7.4372864	6.2785997	6.4841795	6.630681
NFE2L2_9301	8.380534	7.874355	8.037119	8.20049	7.951746	8.494748	8.69344	8.580955	8.583064	8.102421	8.298729	8.02637	8.3651705	8.747392	8.184662	8.350136	8.44057	8.055647	8.166364	8.259021	8.549539	8.58631	8.555969	8.041086	8.146712	8.409633	8.64537	8.5033865	8.307688	8.16944	8.259789	8.235415	7.9494185	8.28886	7.872485	8.055093	8.342591	8.369261	8.119607	7.9358983	8.322501	8.278227	8.121208	7.61123	8.387516	8.423873	8.412613	8.609876	7.995798	7.9435945	7.6674128
NFIA_9302	5.3140416	5.054298	5.6332965	5.80655	4.8244147	5.637379	5.6531076	6.116754	6.270478	5.4548697	5.1726213	5.151117	5.5926337	5.6658173	5.19002	5.4319863	5.68913	5.66794	4.3369923	4.6394672	5.9967647	6.2584624	5.751737	5.1876307	5.3105354	5.804276	5.2237663	5.382743	4.98903	5.657242	5.8817883	4.767317	4.236344	4.862825	4.557369	5.9430127	3.9136333	6.0616903	5.244279	5.2189093	5.7508497	5.6655555	4.94136	4.591692	5.9652896	6.2291794	4.7926564	5.6436443	4.8833585	4.7028003	4.669159
NFKB1_9305	6.370801	5.7222996	6.7438354	6.2603254	5.955667	7.004048	7.2251844	7.048869	7.537878	6.527919	6.719002	6.3627877	6.6871357	7.156279	6.455982	6.3337116	7.086584	6.3870163	6.0726466	6.383273	7.2764344	6.680443	7.05751	6.1136165	6.395295	7.1455207	6.6238346	6.8800507	6.9126673	6.5099835	6.700068	6.408501	5.98095	6.8251514	6.1815286	6.8319254	6.3785114	6.6141586	6.701171	5.6302066	6.7373915	6.3832746	6.1603756	5.8454027	6.9938545	7.3442554	6.7838216	7.3944697	6.4647675	6.0619826	6.1649895
NFKB2_9306	1.8561494	1.9551042	2.9727023	2.788815	2.498873	2.9587402	2.6463878	2.98483	2.9615965	1.3715297	2.3995826	2.200775	3.2045193	3.3487625	1.8599678	2.6678994	3.5286222	1.7073178	2.238191	1.8148876	2.3630009	1.7979587	2.0393906	2.2336307	3.12715	3.21252	2.8837204	4.5879827	2.7897131	2.9251404	1.8983116	2.4830763	1.7915226	3.463993	1.7024508	2.6244397	2.9382603	2.1579974	2.8613043	1.7895929	2.9589396	2.5288935	1.7361305	2.6173096	2.5845437	3.5194535	2.8853111	3.239858	2.9135318	3.0994654	2.280753
NFKBIA_9307	4.898422	3.6449819	4.285043	4.51534	4.205286	4.812385	4.8717327	4.541386	5.3833284	3.9342363	4.6408772	3.802208	4.6020246	4.947674	4.699605	4.397897	4.964206	4.2573314	4.3805633	4.4023523	5.034466	4.3362055	4.5418544	4.36274	4.150857	4.4627132	4.621049	4.916335	4.6582794	4.034695	4.554839	4.323325	3.7343307	4.895619	4.5224137	4.664262	4.7505484	4.6576767	4.704146	3.5918324	4.880548	3.3981557	4.013831	3.7907844	5.1492586	5.2624035	4.6329803	5.3766255	3.3929877	4.2954535	4.431824
NFKBIB_9308	4.872845	5.5733294	5.298669	4.8763194	4.882456	5.8386474	5.708588	5.1530595	5.5552063	5.428523	5.9676685	5.2083855	5.1392817	5.7503257	5.314422	5.1072254	5.257115	5.0067945	4.722831	5.389661	5.703604	5.4092016	5.426087	4.503981	5.6438985	5.6180773	4.8616695	5.328603	5.663497	5.455182	4.8895493	5.0503354	5.0173855	5.078117	5.255493	5.244248	5.0696926	4.9760866	4.885008	5.12044	5.308174	5.74104	4.637894	5.600164	5.6719327	5.696026	4.9635158	6.1347446	5.307923	5.095754	5.023155
NFKBIE_9309	3.8704717	4.0970764	4.006308	2.361048	2.7688293	4.3196507	3.8885062	4.541386	4.6520104	4.076771	3.4935977	3.5597103	4.179647	4.157383	3.4412823	3.6298745	3.9120631	3.9750757	2.966509	3.469012	4.653956	4.1474395	4.178631	3.5336206	3.7279603	3.93395	3.4865618	4.8409843	3.6133378	3.8268995	3.3987858	2.9180818	3.518869	4.3024426	3.54955	3.978313	3.5068517	4.3981524	3.7584567	2.955541	4.913356	3.6539102	4.1621037	3.9187803	3.754422	3.6105773	4.1095295	3.8024087	3.3929877	4.2954535	2.8299677
NGRN_33016	4.898422	4.2791452	4.7194676	4.657271	4.732725	4.10925	5.2662044	5.089356	5.3028984	4.26721	5.3342767	4.7876277	4.8275514	5.4041142	5.428944	4.9284973	5.544581	4.696041	5.132664	5.253432	4.873814	4.755498	5.2005854	4.806333	4.435108	4.7312284	4.7969165	6.418152	5.06747	5.132438	4.2789087	4.6211877	5.071199	5.2401004	4.750989	4.2260103	4.5823607	4.194934	4.91861	4.325033	4.5871716	4.9216905	4.671279	4.196462	5.0439067	4.9498415	5.186975	5.542687	4.967943	4.5676084	4.774628
NGRN_9310	4.491038	4.321286	5.0228224	4.477563	4.159071	5.2830663	4.9351296	5.121559	5.5781703	4.5375614	5.3342767	4.072788	5.4642334	4.836087	4.7356553	5.240919	5.0885916	4.6315746	4.688572	4.219421	5.034466	4.788203	4.6351066	4.8859277	4.150857	4.7312284	5.0950236	6.832212	4.691684	5.4908857	5.0466332	5.021495	5.3791947	5.5179768	3.8606849	4.931804	4.864956	4.807922	5.346575	4.3685856	5.308174	5.544363	4.767035	4.294119	5.7137523	5.3443384	5.735273	6.1347446	5.047842	5.0709724	4.410165
NGRN_9311	4.556763	3.8886662	4.285043	3.9246213	4.1113257	5.007306	4.7359157	4.4428744	5.1271906	4.381498	4.8262753	4.2468877	4.895519	5.1478777	4.5857115	4.442993	5.027739	4.598228	4.4639463	4.5646772	3.747729	4.6877766	4.6351066	3.9339144	3.5802486	3.6178672	4.4630785	5.9290986	4.4397717	4.8038225	3.7306347	4.007584	4.3711686	4.794913	4.2506785	4.335545	3.9136333	3.8236685	4.4521384	3.4367871	4.627276	4.4227967	4.379686	3.9187803	4.930251	5.0509176	5.4776444	4.749758	4.234321	4.252018	4.0942764
NGRN_9312	5.767024	5.5733294	6.215204	5.909442	5.8864393	6.1725616	6.1438007	5.7960286	6.270478	5.841832	5.709237	5.7224817	6.1043777	6.4388294	5.98783	5.904613	6.005455	5.699731	5.9185963	6.270141	6.2270546	5.8727484	6.1067953	6.167701	5.945024	5.8613596	6.140524	6.832212	5.9931803	6.1344776	5.7958536	5.6864924	6.0892453	5.5388875	5.416464	5.872065	5.618683	6.016101	6.142214	5.3332367	6.1862736	5.703791	5.302618	5.521692	6.5152025	6.2716823	5.9937863	6.245968	6.0519385	6.1114297	5.5344024
NHEJ1_9313	4.3864694	4.8098226	4.928618	5.0407763	3.9027789	4.0514793	4.9958572	4.1624165	4.46754	4.5375614	5.066151	3.9438322	4.642146	4.9830303	4.326787	3.9751108	4.828076	3.7506518	5.054115	4.675457	5.2592554	4.503106	4.778267	4.5697336	4.435108	3.861182	4.621049	4.7614803	4.0849395	5.0390563	4.5961013	4.7321486	4.3711686	4.3970957	3.8606849	4.437347	4.789701	4.69673	4.6249356	4.1363487	4.9768147	4.467931	4.5687127	4.4715905	5.1694365	4.682175	4.666361	4.7796435	3.8741343	4.252018	4.038898
NHP2_32664	9.128431	8.521937	8.754447	8.677451	8.649942	8.779085	9.266498	8.778188	9.051504	8.961926	8.974591	8.553954	8.477542	9.246482	9.010729	8.750678	9.078601	8.677234	8.814629	8.948256	8.874417	9.008528	8.8913765	8.8294115	8.831475	8.972817	9.272941	8.787997	8.931889	8.986419	8.397449	8.892308	8.425449	8.912898	8.881523	8.386315	9.205721	8.94265	8.690735	8.458453	9.144858	8.159438	8.788615	7.898101	8.913883	8.802865	8.654293	8.139571	8.763743	8.5879345	8.606687
NID2_32818	1.3630255	1.7233189	2.353332	1.9837908	1.9663466	3.4804814	2.1003423	2.4882271	3.6225116	2.5266557	2.1444392	1.6591743	1.2447265	2.4838471	1.8599678	1.8787316	2.5653183	2.1369452	1.5155233	1.1757872	1.911856	2.5739944	2.210754	2.526371	2.0785348	2.6467445	2.7532747	3.3533397	2.3618937	2.5720668	3.5742307	2.4830763	2.4082093	2.811656	1.4280888	2.2296865	2.7916732	3.2189481	2.372343	2.0255485	0.7463577	2.1401448	2.642854	2.6173096	3.6999757	3.0834928	1.9649282	1.9319366	0.67270136	1.7353235	1.7010021
NIP7_9316	4.4221745	3.9966314	4.1799192	4.31571	4.0108175	5.095705	4.373555	4.588229	4.5159154	4.5375614	5.3941865	3.9438322	3.8774855	5.084181	4.9655514	4.9905663	4.8633313	4.5640926	4.7890005	4.5646772	4.7680693	4.7220345	4.8317766	4.9115124	4.518643	4.4126673	4.693988	6.5303335	4.8180656	4.654402	4.8215914	4.9313436	5.097371	4.609673	4.019533	3.978313	4.789701	4.69673	4.3074403	3.9192204	4.7413044	5.2405844	3.7889702	4.6296024	4.7274365	5.0180063	5.0671244	5.096975	4.3648396	4.378588	4.410165
NIPSNAP1_9317	3.7064028	2.9829214	4.06653	4.357907	4.205286	4.10925	3.5263135	4.633599	4.5627217	3.7760599	3.8762534	3.802208	4.1240664	5.4041142	3.4412823	3.0640497	3.8430977	4.1230955	3.274329	4.444678	4.653956	4.54198	4.2589602	3.9339144	3.5003047	3.6178672	4.237673	4.032706	3.8683236	3.9854841	3.8029058	4.007584	3.7343307	4.528361	4.1164784	3.8364446	3.3054578	4.021211	3.601796	3.0654895	4.503455	3.1983922	3.1953344	3.7222598	4.357074	4.12504	4.24826	4.9731174	3.75223	3.8474822	3.5376832
NISCH_9318	3.1475024	2.75593	2.840976	2.361048	1.9663466	2.521582	3.5263135	3.6469922	3.6225116	1.3715297	2.8046954	1.2862334	2.8407278	3.5507815	2.921244	3.0640497	3.1259208	2.854038	2.574683	2.593747	3.3189702	3.5271246	3.3690693	3.2425063	2.6224735	3.21252	2.8837204	2.9846053	2.185535	3.2918935	2.835414	3.0381281	3.1700616	3.9115734	2.1315236	3.3011148	2.23349	3.6751416	3.1142545	2.228283	3.079476	2.1401448	2.8897388	2.0738304	3.1694782	3.777187	3.3635335	2.8468895	1.7554088	1.9678794	2.6931777
NIT1_9319	3.7064028	3.6449819	4.3830233	4.0839515	3.5195398	4.414362	3.5263135	4.032947	4.4174857	3.9342363	4.1085844	3.3719604	4.284769	4.4878764	3.888254	3.7058477	4.6375866	3.3308632	2.966509	4.675457	3.9546967	4.244908	3.8559678	3.830415	3.8619432	3.7845476	4.0833216	3.963337	3.7464566	4.415221	4.1182437	3.8848567	3.594322	4.528361	3.2410011	3.9091218	3.1931324	3.8925655	3.9655392	3.7970295	3.8630507	4.117587	4.208325	3.7222598	4.357074	4.55028	4.453407	3.8594944	4.279152	3.5214198	3.6154559
NIT2_9320	3.5212522	3.7719631	3.0934007	3.7454848	4.0108175	4.846756	3.6063921	5.089356	5.158002	4.076771	4.1783977	3.802208	4.71919	4.4878764	4.068669	4.1484847	4.6375866	4.213959	3.4482138	4.219421	4.4862447	4.422068	4.8833723	4.2061553	3.12715	4.4126673	4.237673	4.633352	4.0337577	4.216295	4.0604506	3.947525	3.518869	4.3505454	4.162613	4.281817	3.5068517	4.021211	4.202226	3.5163915	4.7413044	4.4227967	4.013831	3.0111494	4.2849255	4.682175	4.9635158	4.3324614	3.547572	3.4463294	3.9213243
NLRX1_33261	1.8561494	1.4470309	2.9727023	1.125733	3.0976462	2.82721	2.9214785	2.98483	3.86589	2.312845	2.1444392	2.756088	2.8407278	2.0223966	1.8599678	2.8123772	3.6944115	2.7363515	1.5155233	3.0967624	2.5447638	2.5739944	2.952313	2.0614784	2.4629142	3.0904965	2.271517	3.240585	2.7897131	3.3706653	1.6068331	2.4830763	2.8388512	3.1743853	1.4280888	2.7875395	2.4444666	2.8546557	1.920373	2.5642188	3.079476	3.3017287	1.7361305	2.0738304	2.99956	4.061858	2.994478	2.8468895	2.190403	2.6418855	1.7010021
NMT1_9325	7.1759033	6.5403695	6.7064724	6.785897	6.69954	6.996413	7.0714335	7.2661076	7.447236	6.6696353	6.9659996	6.7382207	6.4813633	7.2963805	6.6760254	6.7827854	6.945663	6.807497	6.4955864	7.071152	7.190356	6.985522	7.051884	6.642807	6.955922	7.0505357	6.9409623	6.861105	6.8175216	6.7125783	6.5506554	7.017307	6.7059174	6.8997927	6.2894244	6.6424212	7.0041976	7.043295	6.729847	6.6424303	6.92605	6.4634657	6.5850334	5.9237804	6.9302387	7.1144733	6.44222	7.112749	6.474438	6.474764	6.3583546
NNT_9326	5.5899796	4.321286	5.6332965	5.1648126	6.0971966	6.1725616	5.472587	5.965286	6.4049973	5.3464675	6.186764	5.029272	6.36631	5.9241076	5.3380656	4.7957234	6.4029365	5.324826	5.34551	5.9411	6.172836	6.2349296	6.0172477	5.454533	5.680633	5.595824	6.046168	7.0979977	5.745313	5.820483	6.1267276	5.4687614	5.702723	6.6914687	4.9482536	5.994024	6.186509	5.6488647	5.94435	4.987078	5.597789	6.068594	5.4053946	4.9916935	6.26629	6.4914045	6.5711827	6.245968	4.793504	4.967355	5.271587
NOC2L_9327	5.3699613	5.054298	5.729563	5.3434486	4.732725	5.7323575	5.8632727	6.2682757	6.392096	5.7806573	5.709237	5.2361894	5.3232794	5.887258	5.2659407	5.7695155	5.3839197	5.746141	5.182751	5.5533414	5.778133	5.7285423	5.4433794	5.4889297	5.0264926	5.7448406	5.820445	5.409069	5.5221004	5.542837	5.8983774	5.403198	5.268377	5.2401004	5.1217613	5.7586393	5.5519314	5.886978	5.014962	4.9007115	5.5568447	5.523136	4.856829	3.9787574	5.832396	6.2716823	5.6544027	6.445586	5.098751	5.095754	5.184957
NOD1_32821	1.3630255	3.7719631	1.6111797	3.386396	2.8869598	3.2937799	3.8229792	2.98483	0.0	1.7575232	2.1444392	3.5597103	3.2045193	3.4533052	3.5260668	1.5888703	3.0048497	3.8672233	3.1788383	0.7045007	3.5911667	4.1969967	2.628664	3.8830926	2.6224735	2.957191	3.2164025	4.720022	3.6133378	2.4321535	1.2411588	2.097342	4.0876074	3.463993	3.3245418	2.7875395	1.3109689	3.322457	3.4260273	2.8365164	3.8630507	4.117587	2.9989562	4.1450377	0.99974865	4.55028	3.0959623	4.115274	3.124777	2.8887413	1.550732
NOLC1_9330	4.7932763	3.6449819	5.0823727	4.657271	4.376628	4.812385	4.771087	5.056417	4.962416	4.6783786	4.59055	4.1911564	3.8774855	4.5831194	4.9955955	4.64948	5.407996	4.598228	4.4639463	4.935002	5.0940313	4.54198	5.0951223	5.308109	4.435108	4.9920144	4.657979	6.418152	4.358906	4.8319354	4.636216	4.962024	4.533327	5.106409	3.6821575	4.9662747	4.230585	4.5762477	5.1624966	4.53073	4.9454346	4.5954337	3.5224726	3.7222598	5.1492586	5.4713345	4.6329803	5.2962046	4.3648396	4.207234	4.4741917
NOP56_9343	8.824263	7.8017945	8.556057	8.182992	8.35682	8.428211	8.718432	8.463377	8.715832	8.487718	8.720443	8.205823	8.380076	9.068648	8.407743	8.53071	8.818348	8.20434	8.361102	8.463261	8.962948	8.75711	8.846585	8.261039	8.487196	8.7185335	8.584326	8.586476	8.49909	8.539142	7.91315	8.434512	8.199448	8.506177	7.9369516	8.196102	8.767182	8.416815	7.963358	7.6790957	8.337688	8.396754	7.9136953	7.9058456	8.465065	8.692478	8.192563	9.04157	8.216423	8.01679	7.969064
NOP58_9344	5.808087	4.7799134	5.6332965	5.628397	5.4795084	5.3079515	5.779392	5.7759356	5.62303	5.6948338	5.822592	5.68262	5.418762	5.960039	5.137091	5.872006	5.9735436	5.2834644	5.712404	5.3678308	6.0727553	5.9898496	5.6210594	5.269057	5.716456	5.969167	5.787493	6.391992	6.1813126	5.38101	5.3894463	5.6492715	5.462102	5.9974046	5.7392516	5.1869392	5.7829185	5.688154	4.9514475	5.1705146	5.657106	5.5015926	5.1212378	4.9916935	5.321438	5.961356	5.091904	5.988864	5.4905725	5.536863	4.994332
NOTCH4_32539	3.3831434	3.351601	3.4950655	2.6598237	3.590906	4.586952	3.255363	4.2812176	3.5313187	3.5005994	4.1783977	3.03466	4.3827486	3.7279556	3.1521814	3.175133	3.0048497	2.854038	3.4482138	3.5487905	3.1040103	2.9657874	4.1367245	3.2425063	2.896768	2.250642	2.7532747	4.916335	3.2142637	3.710581	4.5961013	3.8193421	4.138909	5.1341567	3.4783766	3.9091218	3.5068517	3.5095499	1.920373	2.955541	3.4806895	4.117587	2.8897388	4.294119	3.3214757	3.8537915	4.6989865	5.415215	3.8144693	3.660804	2.9549038
NP4_34124	3.2304003	1.9551042	4.1243386	3.6804638	3.9578092	2.340468	0.7291152	3.458151	3.7082813	3.8573148	2.9712968	4.0097504	2.534579	4.3858986	4.4183564	3.846752	3.1259208	2.3117008	4.617513	4.1184506	6.2920823	4.463156	4.093564	4.2061553	3.6559942	2.6467445	3.6421144	4.4426293	4.0337577	4.034695	1.6068331	2.9180818	3.06788	4.252681	3.2410011	2.7875395	2.6284897	4.617537	3.1142545	4.49187	4.9454346	3.087079	3.905777	2.8914306	3.3214757	4.12504	1.4554178	4.0676174	3.6871839	4.636787	2.7631934
NPAS2_9350	2.222978	2.1547542	1.2448933	1.9837908	2.1664994	3.4804814	2.7904801	2.8375075	3.43397	1.7575232	1.4386133	1.2862334	2.9724503	2.4838471	1.8599678	3.0640497	2.5653183	2.467557	2.035052	1.5304413	3.5911667	3.7426953	2.210754	2.877406	1.1950403	3.526701	2.8837204	2.4880157	1.751022	3.208571	2.1406834	2.7871325	1.7915226	2.1193378	2.1315236	2.2296865	0.7995354	3.9583218	1.920373	1.7895929	2.9589396	2.5288935	3.2843316	2.8914306	3.6999757	3.777187	2.6385555	1.7015651	1.9892389	2.1681004	0.9744036
NPC1_9351	4.996422	3.8886662	4.3348646	3.9246213	4.1113257	5.124007	4.068923	5.5341964	5.749802	4.765157	4.59055	4.072788	5.441677	5.084181	3.888254	4.9905663	5.4316773	3.9750757	4.8209805	5.1029844	4.61382	4.941451	4.5736127	4.1209917	4.8762355	3.3250225	4.237673	6.034322	4.624083	4.37757	5.215015	4.5009766	4.7794886	5.5179768	4.8669906	5.326156	4.827819	5.182775	5.418802	4.1363487	4.503455	5.1042953	5.0968738	4.4715905	5.189336	5.234024	5.7817044	5.577131	4.7622647	4.993965	4.066853
NPDC1_9352	1.6305549	0.0	2.145686	1.750284	3.1924727	3.2937799	2.3061843	2.4882271	3.6225116	2.8777032	2.3995826	2.5936327	1.2447265	2.4838471	2.3059688	2.6678994	2.382989	1.9380654	1.5155233	1.8148876	2.5447638	2.5739944	2.5023503	2.3874133	3.016553	2.957191	2.7532747	1.342945	2.185535	3.710581	1.2411588	2.4830763	1.157626	1.8781195	2.461808	1.9826764	2.4444666	2.8546557	2.1639853	2.5642188	3.2939854	2.5288935	3.4473767	1.5489385	3.0870192	2.6400769	3.0959623	2.7293007	1.4762079	2.7705867	2.0759077
NPL_33133	5.2157383	4.6536617	4.928618	4.9050636	4.205286	5.231971	5.5147	5.485535	4.7763667	4.72242	4.782111	4.8961797	5.3232794	5.4041142	4.903518	4.8300796	5.359435	4.7272253	4.65348	5.0214367	5.179007	4.941451	5.542997	4.663063	5.4232135	4.603209	5.1479073	6.6998563	4.624083	4.8038225	4.954449	4.458572	4.903335	5.431165	4.5224137	5.326156	4.864956	4.3001184	5.321673	4.9007115	5.4265413	5.3165774	4.856829	4.2461166	5.0656013	5.51916	5.400396	5.627301	5.098751	5.723348	4.535497
NPM1_32887	12.872284	12.072979	12.596367	12.4474325	12.379389	12.52057	13.174898	12.652866	12.81116	12.683737	13.040437	12.371517	12.31158	13.260216	12.773832	12.766507	13.099965	12.26329	12.644502	12.81257	12.875516	12.870117	12.697372	12.267654	12.489419	12.745642	12.915365	12.772631	13.060883	12.652315	12.431687	12.970324	12.287267	12.840079	12.520557	12.119127	13.168926	12.469271	12.421662	12.005357	12.687143	12.6741085	12.354617	11.99128	12.968704	12.907922	12.350462	13.155949	12.1881895	12.212757	12.546948
NPRL2_9354	4.1082306	3.351601	4.285043	3.6804638	3.8455658	3.8628378	4.418614	4.2230396	4.8155456	4.076771	4.6408772	4.072788	3.8774855	4.5362835	3.888254	4.035247	3.8430977	3.5559726	4.0436835	4.313784	4.2964406	3.8079436	3.8559678	4.435088	3.9245403	4.689805	3.7825153	4.222796	3.681432	3.516373	3.3987858	3.67865	3.2654822	4.3024426	3.1523242	3.5934687	4.864956	4.3001184	3.3294005	3.5163915	4.5871716	3.087079	2.7715712	3.1216903	4.2474513	4.185571	3.5177994	4.920435	3.619066	4.1132665	3.4125495
NR1D2_9358	5.9856267	5.387488	6.806979	6.2603254	5.982454	6.58259	5.927034	6.9266086	6.7864933	4.8862605	5.8865614	5.417118	6.1328173	6.204303	6.4451365	6.272568	5.9895873	5.4041524	5.8582325	6.5280895	6.186583	5.6237187	5.9702992	6.091402	5.8188767	4.771496	6.1008387	5.873462	6.315937	5.941541	6.8945255	6.8387046	5.8638606	6.308734	5.543938	5.453113	6.4777474	5.886978	6.0989017	4.7107253	5.7867055	6.1539288	5.91769	5.327772	6.6215544	6.503344	6.373142	6.0996337	5.2186785	6.1114297	5.4730496
NR1H2_9359	4.273725	4.2791452	4.7194676	4.31571	4.2500668	4.846756	4.6628904	4.677585	5.2466736	4.8470116	3.9579256	4.4504933	4.9283385	5.238442	4.6246834	4.397897	4.897746	3.7506518	4.65348	4.2673736	5.4762564	4.54198	4.8833723	4.325158	4.6724668	4.511081	4.583148	4.9879446	4.5531583	4.6225667	4.1182437	4.323325	3.666024	3.9115734	3.8035955	4.4856753	4.441957	4.5337424	3.89976	3.167649	4.7773952	4.7125773	4.2965484	4.429227	4.7544036	5.4468136	4.4146447	5.254248	4.55913	4.252018	4.038898
NR1H3_32917	5.6363187	5.4833994	5.0529046	5.7121115	5.165642	5.38013	5.451061	5.6710443	6.365942	5.3464675	6.09948	5.511153	5.6722946	6.0461383	5.6900654	5.3155656	5.784175	5.031988	5.3008504	5.78513	6.0276427	5.4092016	5.542997	5.3831778	6.395295	5.784735	5.451192	6.1942496	5.646562	5.4369936	5.9470305	5.380664	5.3791947	6.0273075	5.212279	5.2720704	5.7031364	5.2367706	6.084171	5.3110843	5.9378657	5.8301597	5.6594205	5.4171906	5.8698707	6.2716823	5.9937863	5.2962046	5.2861238	5.874211	5.235095
NR2F2_32621	4.5885363	3.9436586	4.9920993	4.552153	4.1113257	5.38013	4.624943	5.7960286	5.2466736	4.9616933	4.8262753	4.0097504	3.6602395	5.0175414	3.5260668	3.846752	4.369845	4.380134	4.292064	4.169819	5.0940313	5.1819463	4.4761596	4.399368	4.2519593	5.153088	4.7634163	4.8409843	4.1343675	5.0629745	5.5022736	4.323325	4.3276124	3.6291015	3.6821575	5.2993665	3.3054578	5.3141537	3.9655392	4.410862	4.6662955	4.226657	4.1621037	3.224361	5.4257736	5.4218693	3.3635335	4.161406	3.9314296	3.194307	3.7594514
NR3C1_9361	6.7254143	5.9807725	6.7252746	6.3149004	5.672813	7.004048	7.1603394	7.0404716	7.063712	6.451473	6.8743167	6.258189	6.677515	7.224341	6.77462	6.635155	6.903945	6.275411	6.305224	6.372351	7.0842004	7.0272183	6.9098234	6.2300344	6.2561893	6.6033154	6.7827587	6.8800507	6.7477717	6.5099835	6.497203	6.505417	6.189976	6.6821003	6.170282	6.5770087	6.6257286	6.9166923	6.5804033	6.211419	6.4660435	6.791028	5.91769	5.8128195	6.720601	7.129958	6.508142	7.1646347	5.873403	6.1592383	6.0152187
NR4A3_32375	2.7580647	1.7233189	1.6111797	3.1183274	2.7688293	2.82721	3.0415661	2.6734118	2.2546368	3.1598291	2.9712968	3.3719604	3.7363482	3.2360482	2.7902486	3.175133	3.0048497	2.3117008	3.7434611	2.2562509	3.21549	2.9657874	3.5070412	1.8659643	2.6224735	3.429383	3.2164025	3.6467555	3.681432	2.6996026	3.7306347	3.2518594	1.5091133	3.463993	3.4035087	1.6844561	2.6284897	2.3661232	2.1639853	2.5642188	2.3406515	3.9367666	2.3448164	2.760871	3.9064214	3.8537915	3.2797384	3.9144068	2.6659598	2.9979472	1.7010021
NR5A1_33081	2.9658844	3.1790063	2.353332	2.6598237	1.4566294	3.9912984	4.011255	3.7328856	3.7082813	2.0617402	3.1206355	2.756088	3.8774855	2.8329227	2.6461606	2.9436944	2.727169	2.1369452	2.4162252	2.4348454	3.21549	3.075847	2.7448034	3.3953938	2.7661297	2.002579	3.4865618	4.633352	1.751022	3.648705	4.000245	2.6430998	3.518869	3.1743853	2.9567258	3.188829	0.7995354	2.1579974	0.0	3.167649	3.079476	2.834815	1.968738	2.4578679	3.5845017	4.2995086	2.7672026	3.402351	3.6871839	2.5005684	2.3732097
NRAS_9363	4.556763	4.5511484	4.642423	5.091677	4.4552264	5.2057276	5.0252886	5.5812693	5.749802	5.033377	5.1025214	4.9306216	5.1942897	5.4041142	5.0821466	5.0789332	5.3091817	5.0567493	4.4228573	4.4023523	4.693005	4.8514686	5.220783	4.96136	4.907565	4.193074	5.0678363	5.713668	5.1658335	4.745898	5.267041	5.1335516	4.7794886	5.078117	5.07428	4.931804	5.1621056	4.734754	5.346575	4.641398	5.3326373	5.045958	4.7975917	5.0487723	5.1080365	5.4713345	5.63767	5.722694	4.7622647	5.3434863	4.7051787
NREP_9364	3.5856457	4.6536617	4.8957977	4.6906743	4.376628	5.0668364	5.0541315	5.3010025	5.3028984	4.007263	5.0288405	4.5863132	4.6811824	5.504856	4.4183564	4.7957234	5.257115	4.8169265	4.0968986	4.74485	5.179007	4.941451	4.9574633	4.399368	3.3257585	5.0907993	5.2958355	4.5879827	3.681432	5.220141	5.4356413	4.458572	3.9791842	4.895619	4.2506785	5.1869392	4.5370607	5.0977926	4.4973164	4.4519343	4.2700734	4.328058	4.1621037	3.7907844	5.4589405	5.5424905	3.5177994	5.1205196	3.75223	4.33762	4.296704
NRIP1_9365	5.65144	5.501839	5.9047356	5.593502	5.7371435	6.186048	6.3203883	6.3384585	6.430459	5.9005184	6.491072	5.4882126	5.8878613	6.204303	5.614634	6.1555223	5.7279024	5.304293	6.098971	5.533869	6.158957	5.9177823	5.5747304	6.1887794	5.97491	5.969167	6.2413054	6.4438457	5.8962173	5.763237	5.830844	6.45238	5.685573	5.9974046	5.7392516	6.3214383	6.0318146	5.8699937	6.05425	5.7503176	5.9694095	6.3353667	6.1003623	5.39535	6.237909	6.417617	5.7663927	6.4732823	5.5466547	6.036608	5.631193
NRP1_9366	4.7657475	3.5770385	4.9607077	5.2568936	4.7639403	5.637379	5.535304	6.034575	5.4840364	4.72242	4.538403	4.8247266	4.861935	5.1163807	4.46205	4.6104794	5.2833834	4.5640926	4.7562947	4.9931965	5.4762564	5.6770825	5.0951223	5.308109	4.7779455	4.689805	4.3770947	5.60399	4.6582794	5.3028164	5.5022736	4.5822196	5.245154	5.2401004	4.48659	5.352457	4.391946	4.4447794	4.704146	4.870734	4.41458	4.6745768	4.827514	4.2461166	5.303291	4.9843264	3.9560254	4.8657556	3.8741343	4.063883	3.7247775
NRROS_32404	7.7714453	7.288928	7.8823786	7.628071	7.3561025	7.9907527	7.928741	7.916084	8.332647	7.5012426	7.9847817	7.40388	8.303961	8.423088	7.8769445	7.613158	8.247268	7.2923703	7.3627696	7.652534	8.17165	7.972722	8.037925	7.7030525	7.735554	7.595877	7.8696775	8.5033865	7.5493617	8.066718	7.867539	7.4222207	7.6334276	8.340392	7.210509	7.929691	7.772934	7.7295523	7.7881083	7.1526647	7.8791733	8.206802	7.586278	7.78926	8.081648	8.49735	8.47987	8.725709	7.5781655	7.531645	7.151642
NS5ATP9_9367	3.5212522	4.235737	3.5801554	3.7454848	4.293499	3.3901486	2.9214785	4.390976	3.43397	4.007263	4.538403	4.133186	3.6602395	3.1137757	3.4412823	4.5703955	4.2146955	2.608205	3.4482138	3.0967624	3.3189702	4.3797755	4.509381	4.5697336	4.7779455	3.429383	3.4865618	4.0988913	3.6133378	3.5840557	2.967061	4.2752705	4.679086	3.8459697	4.449854	4.57773	4.112024	3.1074347	3.601796	4.7107253	4.368001	3.3981557	3.5224726	3.1216903	3.3918626	2.9502776	2.4973037	2.6012702	3.547572	4.063883	3.7594514
NSDHL_9369	5.1102433	4.4020452	4.8278294	4.9332466	4.4552264	5.2057276	4.418614	4.9165835	5.1271906	4.63295	5.3645425	4.4504933	4.960428	5.0512457	4.6246834	5.1349735	4.996322	4.664168	5.231157	5.0491347	5.5203466	4.7220345	5.0951223	4.2061553	4.8114586	4.7312284	4.829656	5.3007517	4.7243323	5.0629745	4.554839	4.54217	4.3276124	4.895619	4.750989	5.0328393	4.827819	4.5762477	4.6249356	4.325033	4.913356	4.6745768	4.1621037	3.9187803	5.1080365	5.205075	4.9364076	5.254248	4.405847	4.161015	4.147608
NT5DC2_9371	2.7580647	2.486432	3.660505	2.907214	2.7688293	3.3901486	2.486291	2.8375075	3.5313187	3.0256517	3.2559555	2.200775	2.9724503	3.6420867	2.921244	2.5073261	2.1742368	3.0640168	2.7174463	2.0523822	3.4155223	3.674356	3.3690693	3.0714748	3.016553	4.003223	2.0670378	2.9846053	2.3618937	3.5840557	2.5294693	1.2089423	2.7090814	2.6671908	1.4280888	3.8364446	0.0	2.3661232	1.2585819	3.4367871	2.5217707	1.8978021	1.7361305	0.71545935	2.99956	3.6105773	2.4973037	2.4607615	2.190403	1.7353235	2.181963
NUCB2_9374	9.872723	9.40466	9.551508	9.31912	9.655447	9.775213	10.129635	9.943474	10.2130575	9.525094	9.69362	9.311878	9.868012	9.967129	9.574373	9.773483	9.77107	9.387798	9.584094	9.885697	10.031727	9.557413	9.736094	9.502299	9.691626	9.696049	9.922137	9.839355	9.286403	9.629189	9.72555	9.566998	9.062304	9.6909275	9.421675	9.513619	9.522809	9.761755	9.444199	9.138765	9.732423	9.467264	9.633469	9.199165	9.6964655	9.893728	9.826848	9.974693	9.445496	9.208329	9.347166
NUDT9_9377	6.333785	6.0699835	6.188352	6.1684704	6.2702236	6.5412126	6.590291	6.634672	6.551434	6.2852397	6.9157853	6.188742	6.1328173	6.451506	5.779126	6.086145	6.211015	5.8908706	5.795232	5.9703684	6.640602	6.246744	6.477953	5.5225253	6.737957	5.9162703	6.4346085	6.051136	6.315937	6.3344135	6.4303308	6.3046026	6.022519	6.594928	5.677039	5.8352385	6.141817	6.4637914	6.084171	6.1251726	6.030501	6.2731543	6.1366687	5.8128195	6.275628	6.2855763	6.4613647	6.579037	5.5648746	6.01078	5.964108
NUF2_33136	6.8874516	6.660137	6.503598	6.9807696	6.950795	6.386264	5.7444243	6.8803053	6.480073	6.5886674	6.659214	6.971144	6.524933	6.525314	6.0027003	6.765137	6.86968	6.661775	5.976536	6.0410414	6.7831383	6.978454	6.928365	7.280536	7.209496	6.237012	6.4239273	6.238964	6.4586015	6.727621	6.195462	6.363245	6.788557	5.9974046	6.399474	6.6844378	6.201104	6.394219	5.7712326	7.3930707	6.9098835	6.3832746	5.6594205	5.968841	6.2283225	6.214729	5.400396	5.7531395	6.1517467	5.874211	6.369621
NUP133_9378	5.6363187	4.8678427	5.729563	5.775752	5.2780237	5.953499	5.535304	6.209563	6.0582137	5.938357	5.6854568	5.780282	5.3718104	6.0954347	5.3380656	5.821671	5.9895873	5.4041524	5.5309534	5.865222	6.4022207	6.1367617	5.94624	5.6495905	5.606204	5.9162703	5.47208	5.9650326	5.50341	5.861975	5.8817883	5.1335516	5.5018344	5.5179768	5.3581843	6.1064715	5.2489533	5.852807	5.1902757	5.861193	5.953724	5.79517	4.94136	5.4599037	5.819685	6.417617	5.9937863	6.3088055	5.3714104	5.1440763	5.4730496
NUP153_9379	4.872845	3.9436586	4.285043	4.398905	4.8244147	5.231971	4.1777725	5.1838865	5.600775	5.033377	4.7365522	4.2468877	5.1392817	4.7968874	4.2290087	4.64948	4.828076	4.4565544	4.292064	4.6025567	4.9402366	5.1061497	4.297508	4.9366517	4.7436357	4.2511845	5.0401273	5.626603	4.0337577	4.6855497	4.675246	4.174075	4.644004	4.794913	4.1164784	5.1272597	4.230585	4.9111533	5.014962	4.870734	4.165012	4.5541725	4.827514	3.6503172	5.086975	4.5034924	4.8225756	5.275379	3.75223	4.063883	4.431824
NUP62_9381	6.286138	5.5557866	6.5465193	6.2603254	6.0087523	6.487764	6.284325	6.8896856	6.59712	6.1943407	6.74224	6.14541	6.254282	6.6733465	6.170123	6.2217164	6.3665404	6.047321	6.085869	5.9262404	6.8100305	6.781363	6.5595155	6.0343213	5.945024	6.5111947	6.087364	6.678372	6.1695056	6.3442063	6.181975	6.139942	6.0087953	6.1546936	6.0649066	6.2945604	6.201104	6.283134	5.960572	6.0334406	6.238992	6.406645	5.5013337	5.779483	6.740969	6.7537646	6.1316223	6.983893	5.858709	5.916556	5.721896
NUP85_9382	5.767024	4.8678427	6.254567	5.836704	5.828562	5.8386474	5.472587	6.000346	6.041787	5.8812203	5.8865614	5.2902393	5.5720115	5.6658173	5.6528425	5.1889186	5.820506	5.4422374	5.6425376	5.6827545	6.3543053	5.9470425	5.8587227	5.8873434	5.6623826	6.1014194	5.27221	6.051136	5.9104743	6.100213	5.9785776	5.611065	5.5212975	5.408621	5.6120234	5.907975	5.802193	5.566922	5.2705407	5.6655564	5.9056168	4.888876	5.708488	5.1303673	6.1184454	5.99557	4.7308903	5.627301	4.824082	4.8844457	5.2102437
NUP88_9383	6.9980536	6.6014957	7.2121425	6.960372	7.1470647	7.412453	7.2565455	7.56436	7.6773367	7.078304	7.3227034	6.91204	7.4049506	7.7352767	7.0135994	6.96388	7.5646977	7.061059	6.774038	6.7039204	7.6631584	7.37277	7.439996	7.1415052	7.151794	7.2201605	7.130263	7.3965945	7.395683	7.3155246	6.927229	6.7796474	7.123876	7.1782427	6.694619	7.3520355	7.2695184	6.857607	6.701171	6.817641	6.973492	7.1085677	6.4082117	6.7143135	7.3701878	7.582363	7.0216417	7.9488907	6.8757157	6.9392095	6.676761
NUP93_9384	5.3699613	5.003438	5.3480306	5.821706	5.5705957	6.0152435	5.846882	5.815846	6.074456	5.6725554	6.0065737	5.0914803	5.2983875	6.4001164	5.614634	5.497581	5.890534	5.304293	5.3888288	5.389661	5.981074	6.1111393	5.737788	5.6796823	5.4232135	5.823556	5.1217074	5.7957764	5.2354407	5.4731445	5.5022736	5.0503354	5.3358836	5.3387933	5.0251822	5.738837	5.763383	5.545688	5.21753	5.0947356	5.4712963	5.2663627	5.0968738	4.5127454	5.857487	5.6538005	5.2976284	5.976014	4.995071	4.602612	5.1721454
NUSAP1_9385	3.6472874	2.486432	3.0934007	3.6123734	3.1924727	3.2937799	3.5263135	4.0991335	4.255975	3.3957052	4.0352206	4.1911564	2.8407278	3.2360482	3.3512022	3.9123585	3.613897	3.8672233	2.8473456	1.8148876	3.5060158	3.7426953	3.5713751	3.7189126	2.7661297	1.3239917	2.6098514	3.8904636	3.0175493	4.258335	3.7306347	3.2518594	3.666024	1.8781195	2.1315236	3.7599108	2.9382603	3.1074347	3.2258344	4.0318656	3.6459768	3.3981557	2.8897388	3.224361	3.1694782	3.8537915	2.4973037	3.323391	2.3669193	3.194307	2.0759077
NVL_9386	5.2755203	4.1909814	5.0228224	5.0407763	4.159071	5.556621	5.6148987	5.4093204	5.828522	5.374341	5.0288405	5.151117	5.0526247	5.3236547	4.699605	5.1889186	5.5873795	5.081093	4.971041	4.444678	5.2592554	5.605483	5.3547654	5.0561676	4.391454	5.32528	5.62912	5.873462	4.9342623	5.5597467	5.4581957	5.3108706	4.8427405	5.314746	4.9216714	5.1574078	5.004623	4.69673	5.1052804	4.840121	5.380353	5.1042953	5.0468755	4.666542	5.6860075	5.5424905	5.2976284	5.812168	5.021698	4.494944	4.824606
OAS1A_9388	8.269758	6.2661195	5.9047356	5.8807855	7.1171594	6.338754	6.6195316	6.8896856	7.1581807	6.6122684	6.6834273	5.9409657	7.559598	7.0519266	7.0640936	7.01704	5.746905	6.1429257	6.34975	6.4780216	7.9598446	6.697761	6.6883936	6.299508	7.0571795	6.810762	7.1433444	7.2440805	7.598622	6.2326436	7.0804715	7.2526574	6.820331	6.790696	6.6055727	6.794046	6.592901	5.852807	6.8823833	7.219601	6.302292	8.048673	5.642687	6.864942	6.6215544	7.3242025	6.5799675	7.8572655	7.677796	6.4364724	5.798922
OASL_9389	5.7389846	4.5511484	3.8777544	4.227422	5.165642	4.880327	5.0541315	4.677585	5.095707	4.806665	4.6408772	3.8747573	5.4642334	5.3509765	5.0821466	5.0789332	4.6777496	4.4932985	4.7890005	4.675457	6.172836	4.6877766	5.027934	4.5697336	5.262879	5.12228	5.1989202	5.434924	5.663497	4.451915	4.468596	5.531475	4.679086	4.862825	4.9999924	4.335545	5.0375247	3.2189481	4.850604	4.840121	4.6662955	6.0538673	3.905777	4.772004	4.8821573	5.696026	4.9635158	6.1914277	5.147925	4.6701713	3.7933116
OBP3_33099	4.898422	5.9542365	1.2448933	6.237904	5.2994866	6.0888844	3.255363	3.555659	6.041787	6.113956	2.3995826	4.497202	5.5720115	2.2714932	1.5716753	0.7393115	4.5537415	7.079301	0.6957044	1.1757872	6.7088747	3.6026177	7.499074	5.308109	2.6224735	0.80882925	5.451192	4.1621737	0.0	1.6773919	1.8983116	5.334512	1.5091133	1.2252613	6.3304205	3.9091218	0.7995354	1.2540979	0.0	5.9354773	0.7463577	1.6063654	3.7268174	1.1915702	3.5845017	7.075018	1.7325498	1.0883236	1.9892389	0.66210103	3.3683043
OLFML3_9391	2.7580647	2.6274648	1.2448933	1.9837908	1.4566294	0.7462653	2.6463878	2.0264177	3.2170308	2.0617402	2.1444392	1.955242	2.534579	3.1137757	0.72900796	2.326616	1.6360242	2.1369452	2.966509	0.7045007	1.6192706	2.0344265	2.5023503	1.8659643	1.8395665	2.810302	2.8837204	2.8372862	1.751022	2.2771995	1.6068331	2.4830763	2.5664744	1.5883089	2.1315236	1.3080859	1.687787	2.8546557	2.5543716	2.4060068	2.6826673	0.7498454	2.5015178	1.5489385	1.3216265	1.9966261	2.4973037	1.4272856	1.7554088	1.7353235	2.3732097
OPN3_9396	1.6305549	0.0	1.2448933	1.9837908	2.1664994	1.8913333	1.5718547	3.1184926	1.7063249	2.0617402	1.4386133	2.200775	1.2447265	2.2714932	1.5716753	2.9436944	2.382989	1.7073178	1.1630801	2.593747	1.911856	1.7979587	2.3639069	1.6397378	1.5530008	2.250642	0.0	3.963337	1.9845754	2.8167744	1.6068331	1.8573289	2.7090814	1.2252613	1.0890009	2.2296865	1.3109689	0.7592324	2.372343	2.4060068	2.8274064	2.5288935	1.1148349	1.8351252	2.321526	2.2443757	2.7672026	2.6012702	1.7554088	2.3438904	2.181963
ORC1_9397	4.556763	4.9773192	4.561031	5.066451	4.293499	4.586952	1.5718547	5.121559	4.255975	4.206481	4.9511933	4.5863132	4.6020246	3.6420867	4.068669	4.303241	4.8633313	4.928461	3.6751187	3.7646446	4.9074078	5.2303514	4.8317766	4.601519	4.8442106	3.7845476	3.7140222	5.509819	3.8683236	3.9854841	3.8717287	3.0381281	4.7794886	3.8459697	3.744154	5.4036627	3.409666	5.3141537	3.3294005	5.1456947	4.41458	4.4227967	3.4473767	4.5527587	4.128809	4.185571	3.0959623	4.0676174	4.55913	3.5214198	3.7594514
ORC6_9399	3.7064028	3.351601	4.006308	3.5409095	2.7688293	1.8913333	2.9214785	4.2230396	3.7082813	3.5983813	3.4935977	3.9438322	3.2045193	1.7211257	3.5260668	3.2782712	4.0408278	3.6238267	2.966509	2.2562509	3.6715705	4.3797755	3.9067206	4.7507205	3.6559942	2.810302	4.136628	3.3533397	3.3033986	3.710581	3.3987858	3.148948	3.518869	2.942963	3.9156005	3.5024447	3.7643874	3.7513156	2.8613043	4.233773	3.794259	2.834815	2.8897388	2.4578679	2.5845437	3.4221838	1.4554178	2.7293007	2.79505	2.8887413	2.6195898
ORM1_9400	3.2304003	2.1547542	1.2448933	3.302455	3.78599	3.3901486	2.486291	1.7248423	3.7082813	3.3957052	1.8342675	2.5936327	2.534579	2.9801729	2.6461606	3.175133	3.0048497	3.9221573	3.274329	2.4348454	4.3462834	2.4155526	4.297508	2.6531126	2.4629142	2.462245	1.8287144	2.9846053	1.9845754	2.1035776	0.75012773	2.9180818	1.157626	1.8781195	2.306097	1.9826764	2.6284897	2.9865744	3.2258344	4.410862	2.6826673	2.1401448	2.168997	2.4578679	2.5845437	4.12504	2.7672026	3.8594944	3.124777	3.5927947	2.542046
OSTF1_33042	12.032545	11.401222	11.827449	11.7535515	11.582592	11.873448	12.439472	11.792289	12.247493	11.606016	11.441247	11.616535	11.721698	11.799408	11.877748	11.869139	11.452209	11.422061	11.767122	12.019749	12.059461	11.721753	11.373066	11.572476	11.258819	11.756863	12.170439	11.979929	11.958327	11.809341	11.629949	12.115403	11.372391	11.98313	11.432506	11.21258	12.170358	11.604	11.659695	11.219074	11.884835	11.596284	11.44421	11.122857	11.9020605	11.982765	12.128543	12.365195	11.600072	11.26366	11.885978
OXA1L_9402	5.621037	4.950719	5.8713617	5.8515477	5.828562	6.443532	5.5147	6.8227057	6.2984037	6.0805044	6.376931	5.7990456	6.075366	6.219206	5.671574	5.904613	6.0366755	5.699731	5.207157	5.751806	6.240297	6.4027247	6.0514827	5.4889297	5.465931	6.0694757	5.27221	6.4939003	5.9104743	6.041232	6.1546154	5.611065	5.5212975	5.919817	5.3382225	6.0432925	5.5056505	5.608475	6.184263	5.12044	5.5147047	6.208138	5.1212378	5.745358	6.5152025	6.584261	6.4228187	7.153265	5.307923	5.423973	5.6405244
OXCT1_9403	6.5907006	5.4457965	6.160991	6.533168	5.5528326	6.700046	6.694728	6.842162	6.8539095	6.3568454	6.584037	6.216923	6.908898	6.921321	6.2595057	6.2087183	6.5069194	6.1544433	6.618958	6.1084137	6.6604404	6.494768	6.426706	6.328288	6.1940217	6.2795177	6.705484	7.308433	6.399178	6.3245535	6.4641542	6.085249	6.202087	6.6914687	6.299783	6.386521	6.5015254	6.5301623	6.482693	5.964152	6.3146253	6.7459307	6.3882732	5.5417137	6.8882446	6.7437344	6.3932185	6.6126337	5.916608	6.135532	6.13889
OXSR1_9404	5.780842	4.839124	5.729563	5.611055	5.2341156	6.289626	6.017685	6.378986	6.352685	5.8616605	6.152481	5.511153	6.587915	6.127387	5.2903852	5.904613	6.005455	5.8347087	5.2779913	4.9049997	6.5371003	6.281617	5.884274	5.6343064	5.802304	5.879896	5.6476	6.1481047	5.3018436	5.861975	5.7599936	5.510872	5.632866	5.8545957	5.543938	6.137053	5.5056505	5.817807	5.94435	5.376546	5.87263	6.0831714	5.0968738	5.637855	5.8821487	6.200132	6.155328	6.93161	5.5648746	5.3434863	5.3980093
P2RY10_32285	5.492582	5.003438	6.215204	5.679206	5.4219613	5.7686644	6.401187	6.1006885	6.1376553	5.975228	6.1173644	5.180035	5.854097	6.3194275	6.1300535	5.4319863	6.316539	5.1517515	5.990664	5.8495555	6.087485	5.659513	5.884274	5.1013327	5.4868245	6.0368085	6.0180354	6.6232166	5.663497	5.5084114	5.685483	6.139942	5.540502	6.0124335	5.5086517	5.547202	6.5479364	6.1627774	6.084171	4.8088436	5.838872	5.74104	5.9037123	4.932263	5.930243	6.0935974	5.6207414	6.213492	5.4322214	5.536863	5.3533087
P4HA2_9407	4.4221745	3.0842927	4.285043	2.5181563	3.4444587	4.9765935	4.8389583	4.761728	4.7763667	4.007263	3.9579256	3.1560693	3.7363482	4.628482	4.0110016	4.201936	4.464721	3.6238267	3.4482138	4.5646772	4.0778275	4.0429063	4.5736127	3.830415	4.299972	4.193074	5.364475	4.8017797	3.5418694	3.9345353	4.512362	3.947525	3.666024	5.078117	3.744154	4.7850432	3.6835446	4.734754	4.202226	3.2630503	4.051694	4.278248	4.458293	4.4715905	4.671942	4.9145117	4.491154	4.291561	3.75223	2.7705867	3.5376832
PAF1_9412	4.9482536	4.620293	5.8713617	5.2344184	5.382281	6.0000534	5.0824094	5.214069	6.122113	5.4016867	5.5339046	5.5994325	6.0001774	5.9421854	5.0250263	5.1889186	5.628945	4.9013753	5.254764	5.768564	5.981074	5.5870137	5.426087	5.078927	5.1883054	5.9517493	5.3866477	5.60399	5.2126093	5.7187605	5.5238175	4.992066	5.4418173	5.408621	4.780875	5.453113	5.0696926	5.480044	5.6363683	4.95886	5.403632	5.5015926	4.603718	5.0487723	5.780866	6.339851	5.116266	6.3788166	5.171897	5.322643	5.159219
PAFAH1B1_9413	7.267081	6.476538	7.050077	7.13433	6.624995	7.474218	7.4316177	7.73539	7.459656	7.297958	7.6147733	7.0977845	7.6944995	7.4111514	7.11288	7.3721447	7.2486787	7.0175757	6.8222356	6.729824	7.7115026	7.481757	7.1812015	7.058054	7.0848513	7.1067004	7.436909	7.5523415	6.961414	7.2751417	7.494661	6.942354	7.0520935	7.1715636	6.946128	7.4827952	7.1239257	7.2673707	6.9969196	6.7858667	7.1559153	7.4552684	6.7581515	6.8728666	7.2756248	7.742035	7.3542075	8.010048	6.646842	6.8103867	6.568488
PAH_9415	1.8561494	3.6449819	0.752753	3.8077013	2.498873	2.6824741	1.8601638	2.4882271	2.0063746	1.7575232	0.0	0.78194916	2.695759	0.82019544	1.8599678	1.2257426	3.0048497	3.0640168	0.6957044	2.0523822	2.5447638	1.1626221	4.2193546	1.0412753	1.8395665	1.3239917	3.003343	1.724663	0.6703802	0.0	0.75012773	2.097342	2.4082093	1.8781195	2.8479903	1.3080859	1.3109689	1.914702	0.76239324	2.4060068	2.133485	1.8978021	1.968738	1.1915702	5.247438	4.4051027	1.1120816	1.9319366	1.1296852	1.9678794	1.193102
PAK1_9416	4.1933494	4.235737	4.602301	3.8673456	3.590906	4.3677835	4.699865	5.089356	5.095707	4.4354167	4.59055	4.497202	4.7562222	3.9585884	4.2290087	4.303241	4.596273	3.9750757	4.292064	3.9523666	3.888952	3.930203	4.4761596	4.286571	4.435108	3.7036133	3.9704094	5.4603233	4.182158	4.216295	4.675246	3.7507105	4.188449	4.7236447	3.6821575	4.107471	3.9136333	3.7513156	3.7584567	3.9192204	3.9287112	4.059796	3.905777	4.2461166	4.3214507	4.55028	4.24826	4.7796435	3.619066	3.9047008	3.9213243
PAK1IP1_9417	3.5856457	1.1049913	2.5348177	2.907214	1.7338829	2.340468	3.8885062	2.6734118	3.789237	2.0617402	2.8046954	3.1560693	3.093146	3.1137757	2.6461606	2.1199853	2.87268	3.4847689	2.238191	0.7045007	2.1549919	2.7167444	3.2947974	2.3874133	1.8395665	2.810302	2.6098514	2.9846053	3.0175493	3.4453578	2.3481333	3.0381281	2.4082093	2.506633	3.1523242	1.9826764	1.986288	2.7094493	2.715985	1.7895929	2.3406515	1.6063654	1.4586725	1.5489385	2.5845437	3.4221838	2.1650176	2.305077	2.524174	3.0994654	0.9744036
PANK1_9421	4.234097	3.5057364	4.006308	4.0839515	3.9578092	4.741084	4.8389583	4.492971	5.3833284	3.3957052	4.4280906	4.072788	4.8275514	4.9830303	4.2290087	4.0929766	4.369845	4.1230955	3.9309764	3.69622	4.244814	4.755498	4.8833723	4.325158	4.6724668	4.8859644	4.504222	5.0224595	4.2284164	4.654402	4.750273	4.458572	4.188449	4.201141	3.8606849	4.532437	4.0488772	5.2367706	4.4521384	4.233773	3.794259	4.117587	4.208325	3.7222598	5.3393598	4.55028	4.5638094	4.291561	3.9314296	4.012749	3.5376832
PAPD7_9422	4.679861	3.8314943	3.736615	3.2133267	2.8869598	4.704067	3.8885062	5.5579247	4.694665	4.325485	4.538403	3.8747573	5.1109705	4.715141	3.9509327	4.303241	4.0408278	4.41885	4.0968986	3.69622	4.530035	4.9984655	4.1367245	4.6326194	4.435108	4.603209	3.7825153	5.8155932	3.8683236	4.6225667	4.468596	3.947525	5.0445433	4.9590516	3.4783766	4.2260103	4.6262813	4.4447794	4.3074403	4.085053	4.41458	4.7125773	3.905777	4.0917125	4.128809	4.12504	4.8518867	4.656197	4.234321	4.207234	3.176361
PAPSS2_33237	5.019916	4.362231	4.68146	3.9246213	3.590906	5.4034085	4.805422	5.510071	5.666537	4.6783786	5.066151	4.072788	4.861935	5.504856	3.1521814	4.201936	5.359435	4.6315746	3.9309764	3.8299706	5.3352737	5.322546	5.0506797	4.36274	4.346438	5.0907993	4.829656	5.7346373	4.5531583	5.241258	5.215015	4.7321486	3.9217556	5.2401004	3.3245418	5.0328393	4.864956	4.771802	4.255792	4.325033	4.8469768	4.6355476	4.5687127	3.4100819	5.2849126	5.737051	5.116266	5.542687	4.4457216	4.161015	3.8903701
PAQR9_9424	7.296236	7.9162016	7.1920075	8.018445	7.892954	7.8065777	6.6855397	7.878887	7.232438	7.7713594	7.3607373	8.223293	8.002566	6.333193	7.557557	7.622989	7.532206	8.064831	7.5220256	7.175369	7.847515	7.877148	8.168444	7.5485606	7.820306	7.550314	7.4100995	6.962355	7.117048	8.098888	7.9049635	7.1762137	7.883266	7.0530114	7.643586	8.341061	6.7097826	7.802977	6.8126054	8.334897	8.058536	7.7345843	7.564233	8.310654	7.03842	7.669714	7.5322337	6.897944	7.965259	8.167587	6.8476386
PARP1_9425	7.0331135	6.1539984	6.4705477	6.69005	6.3443766	6.8767686	6.3555717	7.4421806	7.4220715	6.756926	6.9055295	6.6165648	6.9888635	6.992445	6.4985676	6.448734	6.912386	6.3272133	6.3387465	6.372351	6.9616356	6.9353023	6.9826016	6.835557	6.684699	6.9222727	6.7659407	7.3565726	6.1695056	6.5272803	6.7466207	6.4738297	6.55356	7.123922	6.399474	7.007701	6.416529	6.230878	6.4600506	6.5696564	6.5828166	6.601509	6.494675	6.187939	7.1843762	7.001159	6.948904	7.413656	6.384976	6.4364724	6.215814
PARP12_9426	2.7580647	1.4470309	1.9030463	2.6598237	2.498873	2.9587402	2.6463878	1.3431008	3.0949595	2.7128305	2.616312	2.200775	3.579891	3.4533052	2.6461606	3.175133	3.1259208	1.9380654	2.035052	1.5304413	2.9831893	3.075847	3.0458522	1.8659643	2.4629142	2.002579	2.6098514	2.8372862	2.9081242	1.6773919	2.1406834	2.097342	2.4082093	2.506633	2.9567258	2.2296865	2.7916732	1.914702	1.920373	2.955541	3.2939854	2.1401448	1.1148349	2.0738304	2.7000144	1.6973256	2.8853111	2.130537	1.7554088	2.7705867	1.8370861
PARP14_9427	5.780842	4.7181683	5.139562	4.357907	4.732725	5.637379	4.9351296	5.649119	5.508152	4.586044	5.1025214	5.780282	5.904452	5.8301563	5.241075	5.53971	4.996322	4.9013753	4.8522673	4.8430567	5.3352737	5.761857	5.542997	5.0561676	5.1883054	5.212798	5.1217074	6.0173087	5.1418643	5.262071	5.5659637	5.48997	5.197555	5.6583595	4.974355	5.2720704	5.2489533	4.943985	5.1624966	4.3685856	5.3566923	5.6460505	4.94136	5.304524	5.4913616	5.872093	5.7509165	6.6854815	5.5095096	4.602612	4.3431644
PARP2_9428	4.8468065	3.6449819	5.1112504	3.9246213	4.159071	4.10925	4.2789826	5.022709	4.7763667	4.143083	4.59055	4.1911564	4.1240664	5.4803224	4.373298	4.397897	4.6375866	4.0261216	4.3805633	3.7646446	4.873814	4.8201823	4.4421554	3.8830926	4.9382286	4.2511845	3.9104564	4.2809734	4.4397717	4.93921	4.554839	4.4148836	4.6080465	4.252681	3.6821575	4.931804	4.0488772	4.6576767	3.5165868	4.7107253	4.41458	4.6745768	4.013831	4.429227	4.80687	5.1145706	4.1095295	4.5902724	3.8144693	3.7257514	3.951628
PARP9_9429	2.7580647	2.6274648	3.9434626	3.2133267	3.5195398	3.1905103	3.6063921	3.8139515	3.9386752	3.1598291	3.8762534	2.9020875	3.808642	3.2360482	3.5260668	4.5291653	4.3199596	3.0640168	3.0765762	3.0967624	3.5060158	3.5271246	3.439704	3.5336206	3.12715	3.3250225	4.2856593	4.4927254	4.273237	2.2771995	4.636216	3.6028	3.3549814	4.485919	3.6821575	3.5934687	3.7643874	2.9865744	3.7584567	3.2630503	3.5656989	4.6355476	4.1621037	4.03634	4.2089777	3.777187	3.2797384	4.656197	4.14025	3.5214198	3.2755225
PATL1_9431	4.556763	3.1790063	4.4296265	4.032772	2.8869598	4.414362	3.8885062	4.2230396	4.46754	3.5005994	3.5991883	4.402222	4.0060377	4.157383	3.6820092	3.175133	3.9778814	2.854038	2.574683	2.9864812	4.244814	3.3631423	3.8559678	3.5980654	3.4156697	2.957191	3.9704094	4.0988913	4.0849395	3.8817208	3.4891737	2.6430998	3.1700616	4.252681	3.1523242	4.167958	3.7643874	4.194934	4.1465945	3.5918324	3.6459768	3.573593	4.1621037	3.0111494	4.2474513	4.5034924	2.994478	3.9673057	3.619066	3.7879004	3.6528244
PBK_32309	4.1082306	3.5770385	3.5801554	3.8673456	3.2814488	3.7940469	3.1524212	4.2812176	3.6225116	4.007263	3.4935977	4.1911564	3.579891	3.5507815	3.888254	3.9123585	3.8430977	3.8672233	3.603377	3.69622	3.1040103	4.422068	3.9557486	3.8830926	4.042132	3.93395	3.312188	3.8904636	3.7464566	4.216295	3.3023546	3.4379745	4.138909	1.5883089	2.9567258	3.9091218	3.3054578	4.021211	3.5165868	4.49187	3.8630507	3.6539102	2.7715712	3.4946837	3.2474778	4.061858	1.7325498	3.323391	2.9135318	3.7257514	3.4554782
PCBD1_9435	2.3764687	2.3301039	2.353332	2.907214	1.4566294	1.6004289	1.5718547	1.3431008	2.2546368	1.7575232	0.8916533	2.200775	2.1454625	1.7211257	1.5716753	1.2257426	2.87268	2.467557	0.0	2.0523822	2.5447638	1.5149852	4.0490723	2.877406	1.5530008	1.7028205	2.0670378	3.3533397	1.4722159	0.63191724	0.75012773	2.6430998	1.157626	1.5883089	1.4280888	1.6844561	1.3109689	0.0	1.920373	2.228283	0.7463577	0.7498454	1.4586725	0.0	3.6999757	2.8034983	1.1120816	1.4272856	1.9892389	1.4579389	1.3829705
PCCB_9437	2.222978	1.9551042	2.696003	2.907214	3.1924727	2.9587402	2.7904801	2.98483	2.814638	2.0617402	2.616312	1.955242	1.9028349	2.8329227	3.3512022	2.1199853	1.9300845	2.9628441	2.574683	2.4348454	2.8513174	2.5739944	2.952313	2.3874133	3.7279603	3.3250225	3.8479037	4.633352	2.6607075	3.1201398	3.0876935	2.9180818	2.7090814	2.506633	1.9328802	2.6244397	2.6284897	3.1074347	2.8613043	2.228283	3.079476	3.4885392	2.168997	1.1915702	2.99956	2.6400769	3.1907747	3.8024087	3.0230174	3.194307	3.3226593
PCK1_9439	2.222978	3.351601	1.9030463	3.4657202	3.0976462	3.9912984	1.8601638	3.458151	2.9615965	3.8573148	1.4386133	2.410535	3.2045193	2.4838471	2.1001348	2.8123772	3.2376134	4.380134	0.6957044	0.7045007	3.6715705	2.2375386	3.7487695	2.6531126	1.8395665	2.6467445	3.1138024	2.9846053	1.126302	1.9061652	1.6068331	3.8848567	2.5664744	1.8781195	2.7303865	2.2296865	2.23349	2.547975	1.6270963	3.0654895	2.5217707	2.5288935	2.7715712	2.0738304	5.3570614	3.9265325	2.6385555	3.6162026	2.79505	3.5214198	2.280753
PCK2_9440	1.8561494	1.4470309	1.9030463	3.4657202	1.9663466	2.9587402	0.0	3.8139515	2.9615965	2.5266557	2.8046954	2.5936327	2.8407278	0.0	1.5716753	3.0640497	1.6360242	2.467557	1.5155233	0.7045007	3.1040103	3.674356	3.2947974	2.2336307	2.4629142	3.0904965	2.0670378	2.8372862	2.3618937	3.2918935	1.2411588	1.5692585	2.8388512	2.1193378	1.9328802	3.405289	1.986288	2.1579974	2.5543716	3.5163915	2.5217707	1.2407571	1.968738	1.8351252	2.906455	1.6973256	1.7325498	2.130537	1.1296852	1.1142143	2.8937876
PCM1_9441	2.7580647	2.9829214	3.0934007	2.788815	2.3422368	3.3901486	3.1524212	3.6469922	3.9386752	3.2825825	3.2559555	2.410535	2.9724503	3.5507815	4.1241193	4.035247	3.341277	3.0640168	3.0765762	2.73687	2.9831893	3.5271246	2.5023503	3.3953938	1.5530008	2.250642	2.0670378	4.336896	3.0175493	2.4321535	4.0604506	3.7507105	3.7995486	4.1476912	3.3245418	3.9091218	1.986288	2.7094493	2.8613043	2.5642188	2.8274064	3.4885392	2.642854	2.760871	3.2474778	3.696286	3.2797384	3.6809788	3.0230174	1.9678794	2.7631934
PCNA_9442	9.881567	9.487956	9.394442	10.005998	9.358458	9.2984495	9.072206	9.997617	9.772526	9.63431	9.893664	9.830338	9.234372	9.4778595	9.175634	9.63824	9.647586	9.511623	9.1098585	9.124583	9.818736	10.222854	9.865208	9.820247	9.848172	9.482203	9.3312645	9.171149	9.47568	9.57927	9.052212	9.418666	9.599637	9.103917	9.205941	9.699264	9.474068	9.913477	8.950347	9.954879	9.7104225	9.174038	8.646868	8.965319	9.444513	9.226728	8.791093	9.279781	9.323724	9.236461	9.34074
PCOLCE_32370	6.044087	5.3267236	6.07565	5.645533	5.5166364	6.973265	5.911356	7.229637	7.1581807	5.841832	6.3469267	5.511153	6.075366	6.2630134	5.2903852	6.1281705	6.3417563	5.9970326	5.4308844	5.6649623	6.7371736	6.8371296	6.2610445	5.8078284	5.768575	6.1783156	6.380393	6.7726297	5.3018436	6.5358515	6.861064	5.186476	5.7364225	6.085316	5.397298	6.484906	5.004623	6.4973583	5.7149696	5.3110843	6.08911	6.167673	5.889598	5.280895	6.7808614	6.8597245	5.926498	6.0877376	5.7354364	4.7347074	5.8640995
PDE1B_32328	3.5856457	3.267883	3.0934007	2.1847157	1.4566294	2.6824741	2.9214785	3.8907034	3.5313187	2.5266557	3.5991883	3.3719604	2.8407278	2.4838471	2.3059688	3.4647577	2.87268	3.5559726	2.4162252	3.0967624	3.21549	0.69538784	2.8522859	3.8830926	2.7661297	2.810302	4.136628	4.0988913	1.4722159	2.2771995	3.4891737	2.3030627	3.2654822	3.6291015	2.9567258	2.9340591	2.23349	2.8546557	4.5836377	1.5073531	3.5656989	2.9664538	3.9608154	4.196462	4.2474513	4.4551363	4.5279393	3.6809788	3.124777	3.4463294	2.9549038
PDGFB_33104	1.3630255	1.1049913	2.145686	2.6598237	0.0	3.1905103	2.1003423	1.3431008	3.2170308	2.5266557	2.8046954	1.955242	2.8407278	2.2714932	1.5716753	1.8787316	1.2662693	2.608205	0.6957044	2.73687	2.5447638	2.5739944	2.3639069	2.2336307	1.5530008	2.002579	2.0670378	2.8372862	0.6703802	2.8167744	1.8983116	0.7275637	2.5664744	0.7389744	1.0890009	2.2296865	1.3109689	2.8546557	1.920373	1.5073531	2.9589396	2.3475738	1.968738	1.8351252	1.999623	2.8034983	2.1650176	2.9556122	1.9892389	2.7705867	1.7010021
PDIA5_9451	4.7932763	4.4785223	5.592916	4.43877	5.0437603	4.945213	5.6148987	5.929352	5.4840364	3.9342363	3.3796642	5.2902393	4.9283385	5.178702	5.1098804	3.7058477	5.203099	4.7272253	5.254764	5.2294216	3.5911667	4.1969967	4.4421554	4.6928782	2.6224735	5.12228	4.5442247	2.8372862	5.50341	4.859511	4.2273164	3.5227396	3.06788	5.4533625	4.333677	4.335545	3.9828393	6.016101	5.134172	4.6054435	4.7413044	5.045958	3.8485553	4.591692	5.7409735	3.0834928	5.360163	5.6107707	4.405847	4.063883	4.224081
PDIA6_33272	5.7945285	4.620293	5.2475586	4.84699	4.7639403	5.49294	5.137354	5.3288536	6.726089	5.759675	5.586211	5.3165236	6.1186676	5.729658	5.493533	5.4760456	5.5873795	5.365034	5.231157	5.323154	5.7598586	5.841925	5.8457756	4.9115124	5.1883054	5.32528	5.7192416	6.1481047	5.484474	5.4908857	5.215015	4.9313436	4.932704	5.6583595	4.780875	5.9430127	4.864956	5.608475	5.346575	4.840121	5.2832894	5.388767	5.0468755	5.2324433	5.699947	6.0123777	5.6544027	6.0514493	5.307923	5.322643	4.8081384
PDK1_32702	4.7657475	4.362231	4.7565002	4.43877	4.335662	4.9765935	4.771087	5.243633	5.6449475	4.9244695	4.0352206	3.7258165	5.347749	5.238442	4.278726	4.9284973	4.5099177	4.1230955	4.0968986	4.444678	4.972335	4.652685	4.5418544	4.663063	4.391454	4.4627132	5.0950236	5.9650326	4.624083	4.556708	4.3768673	4.323325	4.932704	4.895619	3.9156005	4.4856753	4.9011602	4.617537	5.244279	3.7318203	4.7773952	4.9537754	4.4195247	4.294119	4.999513	5.290235	4.880614	5.9499664	4.4457216	4.1132665	4.594303
PDK2_32491	2.3764687	1.9551042	1.9030463	2.1847157	2.1664994	2.1333084	2.486291	2.6734118	2.814638	1.3715297	2.3995826	1.6591743	2.695759	1.7211257	1.8599678	2.1199853	3.1259208	2.854038	2.238191	2.4348454	3.3189702	3.178102	3.0458522	1.8659643	1.1950403	3.21252	2.6098514	4.1621737	2.5190232	2.5720668	2.967061	2.097342	2.2304184	3.548908	2.8479903	3.0670605	1.3109689	0.7592324	2.5543716	0.6909027	1.8915004	2.6899478	3.3681562	2.0738304	3.523103	3.0834928	3.0959623	3.0567124	1.7554088	0.66210103	1.7010021
PDLIM1_9452	5.492582	4.7799134	5.139562	5.279024	5.0437603	5.656882	5.595408	6.1483583	6.090517	5.95691	4.8262753	5.2361894	5.0820923	6.204303	5.0538692	5.29111	5.4316773	5.4793434	4.9422517	5.5533414	6.2920823	5.5493507	5.8062215	5.5225253	5.0264926	5.639993	4.953656	5.9650326	4.8180656	5.8482766	5.4356413	5.843036	5.0173855	5.214335	5.3382225	4.9662747	4.6262813	6.295908	5.5744724	5.014755	5.953724	5.1042953	4.88556	5.103678	5.5844703	5.961356	5.3804197	5.7976356	5.451935	4.2954535	5.4625654
PDS5A_9454	4.1082306	3.7098691	4.006308	4.0839515	2.9961455	4.459483	3.6822586	4.677585	4.694665	4.26721	3.8762534	3.9438322	4.179647	3.5507815	4.177517	3.6298745	4.369845	4.213959	4.0968986	3.7646446	4.3944616	3.930203	4.3716435	3.9830067	3.6559942	4.003223	3.4020078	5.355927	3.9806933	3.710581	3.4891737	3.4379745	3.9791842	3.373766	3.4035087	4.167958	4.340139	4.69673	3.5165868	3.167649	4.368001	4.278248	3.7268174	3.224361	4.3214507	4.061858	4.157271	4.0676174	3.547572	4.012749	3.4971662
PEBP1_33087	7.0388746	6.1185894	7.057515	7.04675	6.69954	7.365812	7.1062794	7.3432374	7.32359	6.9171014	7.0889215	6.7284656	6.9966216	7.1328588	6.938254	7.0538464	7.388348	6.685785	6.654889	6.8129573	7.6182184	7.164339	7.2855635	6.9936347	6.81433	7.1145487	6.8320675	7.2872996	6.7156553	7.0119224	6.571494	6.76232	6.6539617	6.915868	6.4280863	7.156925	6.603927	6.9734526	6.631957	6.6688013	7.085689	6.485582	6.337187	6.4111342	7.6361246	7.524955	6.8139224	7.4088836	6.5677385	6.5838923	7.0572505
PECAM1_32814	6.9681716	6.4858317	7.0941415	6.8390007	6.4821434	7.329814	7.268902	7.3635764	7.6505027	6.8590994	7.1510134	6.324446	7.302272	7.51142	6.891083	6.908686	7.2553296	6.9398417	6.774038	7.0438776	7.237343	7.3565054	6.940595	6.944909	7.246721	6.8951926	7.2007875	7.7862444	7.015179	7.11276	6.982734	6.5765376	6.896834	7.4725943	6.3604207	6.9910564	7.028951	6.9734526	7.281504	6.0734706	7.142141	7.115676	6.48532	6.604381	7.4046416	7.2481947	7.429047	7.774345	7.021368	6.652313	6.6446605
PECR_9456	3.5212522	3.1790063	4.1799192	4.227422	3.0976462	3.4804814	3.4415276	3.9635777	4.46754	3.0256517	4.2449875	2.5936327	3.579891	4.157383	3.822728	3.5496771	3.5286222	3.3308632	3.3638895	3.8299706	4.693005	3.8079436	4.1367245	3.3209743	3.5003047	4.069322	3.312188	4.1621737	2.3618937	3.516373	2.6905363	3.6028	2.8388512	3.463993	3.8035955	3.405289	3.5068517	3.5095499	3.1142545	2.955541	3.5656989	3.087079	2.9989562	2.4578679	4.3214507	4.2995086	3.0959623	3.5483809	3.124777	1.9678794	3.0698776
PELI1_32584	4.6500573	4.9773192	5.2475586	4.96089	5.1888294	5.7138553	5.6148987	5.929352	5.7698884	4.8862605	5.7326317	5.180035	5.5298615	6.0627584	5.19002	5.162198	5.838334	4.7272253	4.688572	4.74485	5.4074864	5.322546	5.5105495	5.3831778	5.1096663	5.352082	5.2237663	6.0173087	4.8773336	5.5929823	5.5450444	4.9313436	4.7467914	5.4752235	4.2927747	5.352457	5.596774	5.3635287	5.6160297	4.2801247	4.8126054	5.79517	4.827514	4.870279	5.9652896	5.675068	5.5509663	5.882712	4.4845233	4.063883	4.594303
PF4_32963	12.6854315	11.949737	12.729796	12.722637	12.499441	12.108051	11.811474	12.218435	12.4544115	12.538472	12.429849	12.688368	12.377683	12.782841	13.206989	12.907666	12.759572	12.116445	13.024861	13.16719	13.697603	12.019695	13.241332	12.365921	13.118636	11.965971	12.316547	12.564406	12.341564	12.814764	12.065524	12.179018	12.911272	12.404204	12.43885	12.133891	12.46796	12.634421	12.23485	12.300276	13.556492	12.290055	12.113499	11.993099	13.236259	12.622692	11.957488	13.159239	12.846916	13.340828	12.898117
PFDN4_33123	9.681564	9.374957	9.467453	9.446798	9.412398	9.335228	9.900666	9.580518	9.72058	9.71555	10.063565	9.364789	9.177491	9.987946	9.741043	10.116553	9.803197	9.329299	9.618621	9.78428	9.773909	9.731467	9.620173	9.386199	9.562261	9.569012	10.03874	9.627273	9.933905	9.470586	9.476271	9.94555	9.427224	9.730093	9.621744	9.218877	10.182602	9.846681	9.556519	9.306307	9.953588	9.6990595	9.644016	9.170519	9.603125	9.575293	9.619861	9.879579	9.435629	9.820625	9.66437
PFKL_9463	3.8704717	2.9829214	4.3348646	3.8673456	1.4566294	3.6457665	3.5263135	3.555659	3.43397	3.1598291	4.59055	1.955242	3.2045193	3.1137757	2.921244	2.9436944	3.4379885	2.7363515	1.5155233	1.8148876	4.191271	3.870368	2.952313	3.2425063	3.7279603	2.957191	2.0670378	3.3533397	3.8683236	3.5840557	3.4891737	2.097342	3.518869	3.463993	2.8479903	3.5024447	3.1931324	2.1579974	2.9933162	3.167649	2.9589396	3.6539102	1.4586725	2.0738304	4.08699	3.5194535	3.5177994	3.6162026	3.2198298	2.9979472	2.9549038
PFKP_32690	7.5871344	7.245817	7.590972	7.619424	7.450261	7.389321	7.5778275	7.510656	8.398637	7.462813	7.7412643	7.475614	8.131477	7.915357	7.582516	7.671165	7.697607	7.3130717	7.7756143	7.740106	8.133124	7.451449	7.852955	7.7463484	7.946334	7.263159	7.755042	8.072276	7.558444	7.2700133	7.84632	7.0675488	7.777977	7.941634	7.3713927	7.6617174	7.4935417	7.4612765	7.9058785	7.3556833	7.8750153	8.103332	7.6957803	7.620673	7.8790827	7.930683	8.220923	8.122182	7.5871077	7.963928	7.108584
PFN2_9464	3.2304003	3.351601	3.4950655	3.6123734	2.9961455	3.4804814	3.9511857	4.0991335	4.0079637	4.325485	3.8762534	3.1560693	3.2045193	3.885732	3.3512022	3.7058477	3.7706692	2.854038	3.4482138	2.73687	4.4862447	4.291279	3.6329622	3.3953938	3.7965066	3.6178672	3.1138024	3.5554237	3.4666753	3.9345353	3.7306347	3.67865	2.9579055	3.373766	3.0578372	3.405289	3.409666	2.7094493	3.6822517	3.5163915	3.8630507	3.7299907	2.3448164	3.1216903	3.9995286	3.777187	3.657152	4.0676174	3.3929877	2.9979472	2.8299677
PGAM1_9465	9.554602	8.839006	9.430694	9.238126	9.039313	9.71369	9.744635	9.781591	10.344436	9.531298	9.602909	8.995406	9.692852	9.772482	9.317676	9.920237	9.691159	9.04522	9.32446	9.6197	9.794253	9.527458	9.609681	9.2698555	9.435	9.578973	9.949393	10.235729	9.515866	9.512444	9.689068	9.628058	9.225453	9.93427	9.097306	9.188174	9.645268	9.746714	9.41212	8.765883	9.4889	9.591002	9.454478	9.032302	9.876015	9.893728	9.788517	10.363705	9.252444	9.436449	9.179653
PGAM2_32589	3.0595496	2.6274648	3.4950655	1.9837908	1.7338829	2.82721	3.0415661	2.8375075	2.0063746	3.3957052	3.3796642	3.6451528	2.8407278	2.0223966	2.4860687	3.2782712	2.382989	2.854038	3.0765762	2.0523822	2.9831893	3.178102	2.3639069	2.7696137	2.2834883	2.002579	1.8287144	2.8372862	3.3033986	2.2771995	3.0876935	3.4379745	2.9579055	2.6671908	3.0578372	2.6244397	2.9382603	3.4190342	2.715985	2.5642188	2.5217707	2.5288935	2.5015178	2.8914306	3.857513	2.8034983	2.7672026	1.4272856	2.6659598	1.9678794	2.0759077
PGM1_9466	3.763191	3.5057364	4.1243386	3.302455	3.3652549	3.9284973	4.124374	4.8020277	4.9270763	3.9342363	4.369601	4.133186	4.179647	4.3858986	3.3512022	3.4647577	4.5537415	3.9221573	3.9884303	3.69622	4.731025	4.0429063	4.5736127	3.8830926	4.346438	3.93395	4.583148	4.633352	4.1343675	3.7699122	4.0604506	4.0652423	4.188449	4.5695896	3.4783766	4.2260103	3.9136333	4.0814734	4.4521384	4.085053	3.7220223	4.117587	4.013831	3.9187803	4.5230813	5.1145706	4.7308903	4.920435	3.75223	2.9979472	3.3226593
PGR_32824	1.0343287	0.0	1.2448933	1.4715443	1.4566294	3.2937799	0.0	1.3431008	2.0063746	0.8429578	1.8342675	0.78194916	0.7526357	0.0	1.2110108	0.7393115	2.727169	0.0	0.6957044	1.5304413	1.6192706	1.1626221	1.8448938	2.2336307	1.1950403	0.80882925	2.6098514	5.7346373	1.4722159	0.63191724	1.2411588	1.8573289	2.4082093	2.506633	1.4280888	1.3080859	0.7995354	0.7592324	1.6270963	0.0	1.8915004	3.1983922	1.7361305	0.71545935	2.4590204	0.8054279	3.1907747	2.130537	3.124777	3.7257514	1.193102
PGRMC1_9467	5.9975095	5.2632866	5.298669	5.3643	4.9919705	6.0000534	5.4292083	6.0513897	6.2563095	5.3464675	5.61167	5.151117	6.3782372	6.012313	5.6900654	5.409442	5.8559446	5.7153673	5.026952	5.3678308	5.5203466	5.7285423	5.7237034	5.5225253	5.527725	5.7244716	5.31908	5.713668	4.9342623	5.5929823	5.8817883	5.237528	5.462102	6.0273075	5.098216	5.0964675	5.481941	5.608475	5.676204	4.9007115	5.380353	5.585902	5.573741	4.8055115	6.348232	6.124847	6.119622	6.561941	5.171897	5.1440763	5.065338
PHGDH_9470	2.7580647	2.486432	2.145686	2.1847157	2.3422368	2.521582	2.3061843	3.240815	3.43397	2.7128305	3.7896788	1.2862334	2.1454625	3.3487625	3.0413287	2.326616	2.382989	2.467557	1.7985483	2.593747	2.5447638	2.5739944	2.210754	2.526371	2.0785348	3.21252	2.4505796	1.724663	2.6607075	3.0259323	2.3481333	1.5692585	2.7090814	2.6671908	1.9328802	2.2296865	2.4444666	2.8546557	2.8613043	2.228283	2.8274064	1.8978021	2.642854	2.0738304	2.906455	3.6105773	3.3635335	2.9556122	0.0	1.7353235	2.9549038
PHKA1_9471	2.222978	2.1547542	0.0	2.1847157	1.7338829	2.1333084	1.5718547	1.3431008	2.9615965	3.0256517	0.8916533	2.410535	2.3531	1.7211257	1.2110108	2.5073261	1.9300845	2.3117008	2.035052	1.1757872	2.1549919	1.7979587	1.353526	2.3874133	1.5530008	2.002579	2.6098514	4.222796	2.3618937	2.1035776	2.5294693	1.8573289	1.5091133	2.1193378	1.4280888	0.79748124	1.687787	2.7094493	2.715985	1.7895929	1.6005821	1.6063654	2.8897388	2.0738304	2.806924	2.6400769	1.7325498	2.4607615	1.4762079	2.3438904	2.0759077
PHKB_9472	3.0595496	3.0842927	2.5348177	3.302455	3.3652549	3.4804814	3.1524212	3.555659	3.86589	3.5983813	3.4935977	3.4688873	3.2045193	3.1137757	3.255121	3.6298745	2.87268	3.158557	3.7434611	2.8670673	3.1040103	3.3631423	2.210754	2.526371	2.4629142	2.6467445	3.6421144	3.8137126	3.3873456	2.9251404	3.0876935	3.148948	3.518869	3.1743853	2.8479903	3.0670605	2.6284897	3.8236685	3.601796	2.5642188	2.3406515	3.4885392	3.1953344	1.8351252	3.0870192	3.9265325	3.843792	2.7293007	1.9892389	3.5214198	2.6931777
PI4KA_32535	4.1514177	4.047728	4.8278294	4.51534	3.78599	5.151765	4.545916	5.056417	4.962416	4.8862605	4.484301	3.4688873	4.8275514	5.0175414	4.1241193	4.2534776	4.464721	4.213959	4.503897	3.7646446	4.9402366	4.463156	4.7507486	4.286571	4.5586634	3.429383	4.0833216	4.7614803	4.358906	5.2825875	3.3987858	4.323325	4.7467914	4.5695896	3.744154	4.931804	4.6689043	4.4447794	3.9655392	3.8594182	4.368001	4.5541725	4.338716	4.1450377	5.0218806	4.7235904	3.9009998	5.3167343	3.619066	4.2954535	3.3683043
PIEZO1_33107	4.9482536	3.430726	5.298669	4.657271	4.8537273	5.2830663	4.9958572	5.5341964	5.62303	5.101667	5.206434	4.5863132	5.2983875	4.9830303	4.545657	5.386539	4.964206	4.8456287	4.8209805	5.180168	5.0940313	4.8820906	5.426087	5.539034	5.1096663	4.689805	5.31908	5.8155932	4.516344	5.5597467	5.1049714	4.659131	5.1483326	5.314746	4.657425	5.569796	4.441957	4.807922	4.704146	4.776873	5.2579675	5.1876035	5.0468755	4.5527587	4.8821573	5.632215	5.01625	5.166487	4.6300673	4.494944	4.365845
PIGX_9477	6.3616357	5.828386	6.5984354	6.0703664	6.2483172	6.551669	6.6855397	6.9356937	6.834967	6.1943407	6.8637605	5.9907813	6.160707	7.164002	6.5297017	6.5756516	6.6947865	6.1996136	6.4955864	6.5476403	6.610324	6.7233543	6.629176	6.199204	6.5120034	6.307175	6.807624	6.792765	6.496899	6.501257	6.3721337	6.88747	5.894036	6.653624	6.136005	6.137053	6.882709	6.333564	6.5592546	6.0469074	6.562276	6.70881	5.801883	6.51606	6.6433587	6.793202	6.6483865	7.1186075	6.025869	6.3770604	6.112309
PIK3C2A_9479	4.556763	4.4020452	4.9920993	4.817053	4.8244147	5.124007	4.805422	5.3010025	5.687808	4.765157	4.7365522	4.0097504	4.960428	5.37779	5.3380656	5.162198	4.897746	4.1692424	4.197779	5.1291738	4.731025	4.652685	4.4761596	4.537232	4.9682536	4.603209	5.7366095	5.0561676	5.0926967	4.590013	5.188281	5.2868347	3.7343307	5.049259	4.333677	5.0964675	5.276778	5.0977926	4.7792325	4.7107253	5.2579675	5.4575152	5.2811537	4.3405747	4.7274365	4.8030157	4.8518867	5.096975	4.4457216	4.8264017	4.904237
PIK3C2B_9480	3.5212522	3.5770385	4.862214	3.8077013	2.9961455	4.3677835	4.1777725	4.4428744	5.409172	3.689954	4.1085844	3.5597103	4.99182	4.3858986	4.068669	4.201936	4.828076	3.6886325	3.274329	3.469012	3.6715705	3.870368	4.0490723	3.7757409	4.0975184	4.193074	4.02797	4.720022	4.273237	4.93921	3.654551	3.148948	4.454525	4.3970957	2.9567258	3.6790886	4.172522	4.4899464	4.4521384	3.5918324	3.079476	4.3762045	3.5938523	3.0111494	3.806888	3.9957814	4.666361	4.4109397	3.6871839	3.5214198	3.4554782
PIK3CA_9482	2.515188	3.0842927	1.6111797	2.6598237	1.1131065	2.340468	2.486291	3.240815	2.6509938	3.5005994	0.0	2.756088	2.1454625	2.9801729	2.921244	2.6678994	2.382989	1.0927255	2.035052	1.1757872	2.8513174	3.447462	2.210754	2.526371	1.1950403	3.21252	2.0670378	3.732648	2.3618937	1.9061652	3.0876935	1.5692585	3.1700616	2.942963	1.7024508	3.0670605	1.3109689	3.5095499	2.1639853	2.0255485	1.2357911	2.5288935	2.9989562	2.2785902	2.5845437	2.2443757	2.7672026	2.9556122	2.3669193	1.7353235	2.0759077
PIK3R1_32562	9.15785	8.67806	9.102472	9.187837	8.866738	9.686667	9.292451	9.92192	9.7923	9.031412	9.154249	9.120024	9.368971	9.588167	8.881938	9.203064	9.531837	9.14096	8.626122	8.621532	9.678631	9.640362	9.260433	9.348061	9.157257	9.214712	9.3140135	9.512064	8.924883	9.335965	9.533148	8.931593	8.990803	9.382219	8.637935	9.51653	8.84359	9.200448	9.098804	9.076108	9.129233	9.189278	8.7713995	8.667991	9.739279	9.6198435	9.505778	9.737391	9.156586	8.8687935	8.728731
PIK3R3_9483	5.5582385	4.749371	5.729563	5.140844	4.938252	5.855625	6.0751014	6.084442	6.284508	5.16687	5.2394724	5.029272	5.747786	5.429967	4.5857115	5.0500746	5.8559446	4.9550476	4.7562947	4.9931965	6.0727553	5.5870137	5.1593204	5.3272457	5.527725	5.32528	5.572214	6.1790314	4.8773336	6.1457205	5.4581957	4.801648	5.123077	5.639122	4.5224137	5.569796	4.5370607	5.3141537	5.1624966	4.6054435	5.597789	5.01588	4.767035	4.385582	5.844996	5.8535585	5.5329823	6.1462607	5.021698	5.095754	4.8569875
PIK3R4_9484	1.8561494	1.7233189	1.6111797	1.9837908	1.7338829	2.521582	2.1003423	0.82250994	2.6509938	1.3715297	2.3995826	2.200775	3.2045193	2.0223966	1.2110108	1.5888703	2.5653183	1.9380654	1.7985483	1.8148876	2.3630009	2.5739944	2.210754	2.0614784	1.5530008	2.6467445	2.6098514	4.2809734	2.7897131	2.1035776	1.8983116	1.8573289	2.4082093	2.6671908	2.306097	2.2296865	1.986288	2.7094493	2.1639853	0.6909027	2.5217707	2.1401448	1.4586725	1.5489385	2.4590204	2.4557507	2.4973037	3.0567124	2.190403	1.7353235	2.3732097
PIN1_9485	7.0616927	6.4194837	7.0722775	6.9045258	6.7704215	7.267747	7.5477204	7.301678	7.634159	7.152618	7.5035753	6.708755	7.211856	7.4240727	6.9536414	7.08263	7.424205	6.7479243	6.965034	7.2247834	7.479927	7.272315	7.211797	6.66554	7.1968713	7.521088	7.1563087	7.056963	7.1414294	7.201631	7.0731835	7.3311415	6.6801734	7.1581116	6.501721	6.9910564	7.283301	7.073283	7.22219	6.793876	7.3719525	7.0504065	6.7581515	6.5261445	7.242675	7.283241	6.9556704	7.309954	6.745988	6.9863567	6.5830803
PINK1_32483	5.1319685	4.9236193	5.1945705	5.211588	5.2780237	5.7323575	5.137354	5.8925	5.9031687	5.6725554	5.1726213	5.3165236	6.045759	5.7503257	5.0821466	5.240919	5.8024545	4.9013753	5.132664	4.9049997	5.814001	5.366524	5.7094793	5.078927	5.6986556	5.4545703	5.1736393	5.6923895	5.3018436	5.1769557	5.7958536	4.323325	5.482105	5.714579	5.2766247	5.8537693	4.970953	5.545688	5.595401	5.041911	5.8558497	5.864321	5.755941	5.727988	5.6433635	6.185386	5.6709433	5.4712305	5.073521	5.624627	5.1063232
PIP4K2B_9486	4.1514177	4.235737	4.7565002	4.6230755	4.5656357	4.913135	5.137354	5.356178	5.7698884	4.9616933	5.271771	4.3005457	5.0820923	5.621631	4.545657	4.724454	5.203099	4.598228	4.3369923	4.4857965	5.232999	4.7220345	4.1367245	4.325158	5.2384467	5.0257	5.27221	5.557673	4.516344	5.4731445	5.2412624	4.835181	4.494464	5.1341567	4.624838	5.0964675	4.6262813	5.2630286	4.91861	4.1363487	4.880548	5.1042953	4.496046	4.429227	5.189336	5.737051	4.8225756	5.6436443	4.6976795	5.0709724	4.147608
PIR_9487	3.970324	3.6449819	3.8777544	4.357907	3.2814488	4.6660757	4.5859704	4.633599	4.996911	4.007263	3.4935977	3.9438322	3.943193	3.885732	3.1521814	3.9751108	3.6944115	3.9750757	3.4482138	2.9864812	4.135664	4.6877766	3.6920276	3.7757409	4.042132	3.526701	4.3321013	3.963337	4.182158	3.8817208	3.8717287	3.5227396	2.8388512	4.442191	3.54955	4.281817	3.7643874	4.5337424	4.0887313	4.2801247	4.051694	4.226657	4.458293	3.3202078	3.6999757	4.8030157	3.5177994	3.402351	3.8144693	2.6418855	2.9549038
PKIB_33180	4.7932763	3.6449819	4.642423	4.272241	4.0108175	5.007306	5.3615913	4.492971	4.996911	4.586044	5.1025214	4.352279	5.1942897	5.3236547	3.9509327	3.846752	5.058486	4.4932985	4.7562947	4.6025567	4.731025	4.6167192	4.9331865	4.399368	4.7084904	5.0907993	4.136628	5.1528096	5.6120834	4.654402	4.1182437	4.3698306	4.5711703	5.408621	4.373451	4.2260103	4.9011602	4.5762477	4.3074403	3.4367871	4.41458	4.5954337	4.458293	4.294119	4.8821573	5.1755333	4.9087806	5.3167343	4.234321	4.5676084	4.3431644
PLA1A_9490	4.1082306	2.9829214	4.5185456	3.7454848	4.4164624	4.5457015	4.699865	4.677585	4.5627217	3.689954	3.4935977	3.9438322	4.179647	4.4377885	4.326787	4.397897	4.5537415	3.7506518	4.3369923	4.4857965	5.003735	4.291279	4.297508	4.325158	4.346438	3.861182	4.2856593	3.6467555	4.624083	4.654402	3.4891737	3.8848567	4.679086	3.9743235	3.2410011	3.5934687	3.7643874	3.9583218	3.3294005	4.185883	4.880548	3.87108	3.5938523	2.760871	4.5230813	4.4551363	3.843792	4.2061086	4.405847	4.161015	4.066853
PLA2G2A_32641	6.5428476	6.3900876	5.2213078	5.2568936	5.4414	5.0373783	5.2662044	5.3829937	5.3028984	5.975228	5.987252	5.3676972	5.418762	6.5372562	5.314422	5.952182	5.146981	5.618901	6.1375775	5.180168	5.7598586	3.987655	5.4773555	5.308109	5.5074196	5.404236	5.989343	5.3007517	4.906079	5.6414433	6.395695	5.212228	5.3358836	5.4533625	5.5953007	5.5009246	5.5519314	6.230878	5.134172	5.459449	6.4211226	6.3474936	7.5145135	5.829203	5.247438	5.5880504	6.119622	6.9249396	5.6526747	5.770286	5.6405244
PLA2G2D_9493	2.3764687	2.1547542	1.9030463	1.9837908	1.7338829	0.7462653	2.1003423	2.6734118	2.9615965	2.0617402	2.9712968	1.6591743	2.3531	2.668917	2.7902486	2.1199853	1.6360242	1.7073178	2.4162252	1.5304413	1.251849	2.5739944	1.8448938	1.6397378	1.1950403	2.002579	3.5664334	3.963337	1.126302	2.1035776	1.8983116	2.3030627	2.0275967	2.942963	0.0	0.79748124	1.3109689	1.914702	2.1639853	1.7895929	2.3406515	2.3475738	3.1953344	2.2785902	3.1694782	1.9966261	3.3635335	2.130537	0.67270136	2.1681004	2.4600961
PLA2G4A_9494	5.492582	5.842924	5.508598	6.1324587	5.752788	5.9053917	6.3671117	4.988194	5.884866	5.579835	6.0813713	5.8893676	6.0001774	6.1114993	5.957622	6.141911	5.407996	5.2408824	5.746108	6.0410414	6.186583	5.9757214	5.7792363	5.752275	5.9600444	5.9517493	5.4084845	6.6344175	5.8962173	5.6254697	5.830844	5.4472365	6.1404896	5.639122	5.7693796	5.1272597	5.8768153	6.0913024	6.4370475	4.641398	5.5568447	6.3595195	5.9037123	5.829203	5.857487	6.52693	6.3321304	5.8964157	5.4322214	5.2361207	5.452005
PLAC8_32356	14.456984	13.385775	13.816436	13.667036	13.6627245	13.738919	14.6113	13.795731	14.019348	13.930071	14.3678465	13.4961	13.528246	14.617181	14.09504	14.108571	14.237084	13.564145	14.049819	14.226409	14.088333	14.077437	13.845631	13.381318	13.780556	14.026044	14.454808	14.120434	14.4288435	14.074431	13.657286	14.551782	13.466004	14.336377	14.011234	13.123507	14.5913725	14.090204	14.067346	12.906366	14.027264	13.724926	13.780739	13.092885	14.205825	14.031888	13.965149	14.668023	13.652724	13.896924	14.206938
PLAU_33051	4.8202896	3.7719631	5.1673284	4.84699	4.4552264	5.2057276	5.110143	5.7348895	5.749802	4.4354167	4.1085844	3.9438322	5.612965	5.37779	4.5044594	4.351345	5.203099	4.5291295	4.4639463	4.1184506	4.572536	4.941451	4.8317766	4.399368	4.8442106	5.0257	4.7634163	5.8544292	4.316707	5.609318	5.161042	4.4148836	4.0876074	5.431165	3.4035087	5.378287	4.441957	4.877557	4.885008	4.1363487	4.41458	4.5954337	4.4195247	3.9787574	5.6142173	5.5424905	5.186975	5.2962046	4.6300673	4.494944	4.038898
PLAUR_33147	2.8657134	2.3301039	2.145686	3.2133267	2.8869598	2.82721	3.3514462	2.8375075	3.86589	3.0256517	3.1206355	2.410535	3.2045193	2.9801729	2.3059688	2.1199853	2.1742368	2.467557	3.1788383	2.8670673	3.820068	2.2375386	2.952313	2.526371	2.4629142	2.462245	2.8837204	3.6467555	2.7897131	2.9251404	3.1990128	2.7871325	3.06788	2.1193378	1.7024508	2.9340591	1.986288	2.1579974	2.1639853	2.8365164	2.8274064	3.087079	3.2843316	2.8914306	2.806924	3.4221838	2.8853111	3.0567124	3.309005	4.063883	1.8370861
PLCB1_9495	1.8561494	1.4470309	1.2448933	1.4715443	1.9663466	2.521582	1.2111645	0.82250994	2.9615965	2.0617402	0.0	2.200775	3.3079073	2.4838471	2.1001348	2.1199853	2.5653183	1.7073178	1.5155233	1.8148876	2.7061675	2.0344265	0.6026023	2.0614784	1.8395665	1.3239917	1.1865652	4.1621737	1.4722159	2.2771995	2.3481333	2.097342	0.6919362	2.1193378	1.4280888	0.79748124	1.986288	2.9865744	2.372343	1.156129	3.3903556	2.1401448	2.3448164	2.2785902	3.0870192	2.6400769	2.6385555	2.6012702	0.67270136	2.6418855	2.181963
PLCB3_9496	2.7580647	1.9551042	1.9030463	1.750284	1.9663466	2.82721	3.1524212	2.4882271	3.5313187	2.312845	3.2559555	0.78194916	2.1454625	2.9801729	0.72900796	2.1199853	2.1742368	3.3308632	2.8473456	3.1992087	2.8513174	2.9657874	2.5023503	2.2336307	2.2834883	2.6467445	2.271517	2.673195	2.6607075	3.3706653	1.6068331	2.7871325	2.7090814	1.5883089	2.461808	2.2296865	2.4444666	3.1074347	2.5543716	1.5073531	2.133485	2.9664538	3.100484	2.760871	2.99956	2.4557507	1.7325498	3.239858	2.524174	1.7353235	1.961433
PLD4_32807	5.9615626	4.7181683	5.784384	5.775752	5.498192	6.0000534	5.911356	6.365603	6.8157725	5.7383833	6.1697245	5.0914803	6.9966216	6.97499	5.2903852	6.10029	6.495729	5.4233203	5.451461	5.768564	6.266422	6.3489327	5.871555	5.8613224	6.2683077	5.4296227	5.5329905	7.308433	5.5221004	6.3921986	6.0982895	5.403198	5.8173804	7.353714	5.8278112	5.453113	6.186509	5.182775	6.0989017	4.676478	5.71408	6.6116	5.9037123	5.637855	6.1390557	6.479366	7.490909	7.5325108	5.751434	5.845274	5.2595253
PLEK_33161	8.50646	7.4542813	8.131765	7.9580016	8.162609	8.310007	8.452024	8.530876	8.62502	8.271299	8.443989	7.7841964	8.368164	8.531541	8.245313	8.416645	8.43765	7.815624	8.308495	8.370253	8.69128	8.4214945	8.405275	7.9452486	8.198295	8.077566	8.367346	8.539584	8.269482	8.515501	8.214138	8.0621605	8.12507	8.285771	7.8122573	8.006232	8.229676	7.748262	7.859052	7.8501596	8.831743	8.233186	7.7937694	7.5728273	8.330416	8.663509	7.769601	8.55693	7.790475	7.873669	7.5972643
PLEKHJ1_9499	2.222978	2.75593	2.9727023	3.6123734	3.2814488	3.6457665	1.8601638	3.6469922	4.3118453	2.8777032	3.8762534	3.6451528	3.4043794	3.5507815	3.888254	2.8123772	3.1259208	3.4847689	2.8473456	3.2948601	3.5060158	2.7167444	2.628664	2.977701	2.4629142	3.6178672	3.003343	3.8904636	3.2142637	2.9251404	3.654551	2.9180818	2.7090814	3.373766	3.0578372	3.6790886	3.6835446	3.1074347	3.1142545	4.085053	2.5217707	3.4885392	2.3448164	4.1450377	3.6433938	2.9502776	2.3407063	2.9556122	3.4723492	3.0994654	3.0135357
PLEKHM1_9500	1.3630255	1.4470309	2.145686	2.1847157	3.0976462	1.8913333	0.7291152	2.6734118	3.6225116	3.2825825	2.1444392	0.78194916	2.1454625	3.3487625	2.4860687	2.6678994	2.1742368	2.1369452	1.7985483	2.0523822	1.251849	3.075847	2.3639069	1.8659643	2.0785348	1.7028205	1.8287144	2.673195	0.0	2.8167744	1.6068331	0.7275637	2.0275967	2.1193378	0.6449023	2.9340591	1.3109689	3.2189481	2.5543716	2.228283	2.8274064	2.3475738	0.6625256	1.8351252	2.169534	3.6105773	2.994478	3.1511896	2.524174	1.4579389	1.193102
PLG_9501	1.8561494	2.6274648	0.0	4.31571	3.4444587	3.5654895	1.2111645	0.82250994	3.2170308	3.9342363	1.8342675	1.2862334	4.6811824	0.82019544	0.0	0.0	3.1259208	4.2573314	1.5155233	0.7045007	5.122916	2.0344265	6.251259	4.076447	1.5530008	0.80882925	3.003343	0.0	0.0	1.4053764	0.75012773	3.2518594	0.6919362	1.5883089	4.333677	0.79748124	0.7995354	1.914702	0.0	3.8594182	0.0	0.0	0.6625256	0.0	0.58479494	3.777187	1.9649282	1.4272856	2.190403	1.9678794	1.3829705
PLIN2_9502	5.2755203	4.749371	5.0228224	5.18839	4.7944946	5.2830663	5.314686	6.017562	6.1064014	5.3180447	5.3342767	5.392619	5.2983875	5.6438937	4.934868	5.715404	5.544581	5.0567493	4.971041	5.0491347	5.2062554	4.54198	5.558951	4.859881	5.8674836	5.32528	5.2237663	6.163651	4.848004	5.418573	5.5450444	5.021495	4.713336	5.903786	4.9216714	4.705656	5.1011596	5.2367706	5.1902757	4.7441783	5.151987	5.6460505	4.9950824	5.020515	5.780866	5.4468136	5.8266883	5.525152	4.7622647	5.6582904	4.722857
PLK1_9504	2.222978	2.8738854	2.840976	2.361048	2.1664994	2.9587402	1.8601638	4.2230396	2.814638	3.7760599	3.4935977	2.9020875	1.9028349	2.4838471	0.72900796	3.2782712	3.341277	3.4098673	0.6957044	2.4348454	3.3189702	3.6026177	2.952313	3.0714748	2.7661297	3.21252	2.8837204	1.342945	2.3618937	2.5720668	2.3481333	2.6430998	3.2654822	2.506633	2.306097	4.107471	2.7916732	2.8546557	2.1639853	3.167649	3.190714	2.1401448	2.8897388	1.8351252	2.169534	2.9502776	2.6385555	1.4272856	2.524174	1.7353235	2.280753
PLK4_9505	7.5472684	7.3963223	7.3876405	7.933794	7.4211855	7.5699096	6.8006477	8.268621	7.804495	7.382739	7.6021276	8.050061	7.43381	7.06848	7.2990685	7.90267	7.4989657	7.4916687	6.9792747	6.7719893	8.067775	8.052294	7.8334117	8.147196	7.765787	6.9488535	7.0491786	6.99748	7.517115	7.484443	6.8181148	7.081588	7.821804	6.7553983	7.2590938	8.071018	6.827338	7.622073	6.7486525	7.999615	7.5649843	7.4269757	6.466426	7.152197	7.330417	7.226751	6.44222	6.7772207	7.396806	7.2899904	7.088269
PLOD1_33035	2.9658844	1.9551042	2.145686	3.8673456	2.3422368	3.1905103	1.5718547	2.8375075	3.6225116	2.7128305	2.3995826	1.955242	3.7363482	2.2714932	1.5716753	1.5888703	3.5286222	2.1369452	2.8473456	2.8670673	3.3189702	3.447462	2.8522859	2.877406	2.7661297	1.3239917	1.1865652	3.963337	2.3618937	3.2918935	2.1406834	2.3030627	2.5664744	4.1476912	1.9328802	2.440523	3.3054578	3.4190342	3.601796	2.8365164	2.6826673	3.087079	2.5015178	2.2785902	3.2474778	2.9502776	4.5638094	3.8024087	2.3669193	2.8887413	2.6195898
PLOD2_9506	2.515188	2.3301039	2.840976	2.5181563	1.7338829	3.6457665	1.8601638	3.7328856	4.255975	3.2825825	3.1206355	2.9020875	2.3531	1.7211257	2.4860687	3.3745255	3.341277	3.247281	2.4162252	2.8670673	1.6192706	2.5739944	2.210754	3.1595235	3.9245403	3.0904965	4.136628	3.4579172	1.126302	3.2918935	2.3481333	2.097342	2.5664744	3.6291015	1.9328802	3.3011148	2.4444666	3.322457	2.715985	2.7067823	3.2939854	2.6899478	2.5015178	2.2785902	3.0870192	2.2443757	2.6385555	3.0567124	0.0	1.4579389	1.550732
PLP2_32738	4.8202896	4.047728	4.474771	4.227422	4.0108175	5.007306	5.4937973	4.988194	5.1271906	5.16687	4.9511933	4.74955	5.0225425	5.1163807	4.1241193	4.397897	5.1753125	4.696041	3.9884303	5.1548963	5.7961783	5.1571207	5.26035	5.0330434	4.7436357	5.12228	4.892988	5.409069	4.98903	4.745898	4.7132473	4.8999963	3.8619456	4.442191	4.2927747	4.532437	4.4902925	4.349968	4.4055	4.2801247	4.8469768	4.5954337	5.237243	3.6503172	5.1492586	5.7769413	4.6989865	5.1205196	4.234321	4.765924	3.7247775
PLSCR1_9508	4.491038	4.4785223	4.285043	4.6230755	4.159071	5.597565	4.6628904	5.121559	5.6449475	4.6783786	4.8262753	3.2680495	4.3345904	4.8742495	4.5857115	5.497581	5.1753125	4.0261216	4.3805633	4.4857965	5.3352737	5.3447027	5.0730724	4.859881	4.8442106	5.3783946	4.657979	6.000093	4.848004	4.91313	4.1738105	4.323325	4.644004	4.989752	3.744154	4.335545	5.1011596	5.0382223	4.9514475	3.5163915	5.1242294	4.5954337	4.253111	3.6503172	4.8821573	5.083095	4.8518867	5.675786	3.75223	4.4184256	4.535497
PLSCR3_9509	4.1082306	3.8314943	4.1243386	4.227422	3.7238476	5.007306	4.068923	5.485535	5.5552063	4.9244695	4.6895075	4.352279	4.960428	4.9830303	4.278726	4.9905663	4.2146955	4.8169265	3.808712	3.469012	4.9402366	4.9984655	4.2193546	4.5697336	4.8442106	4.603209	4.829656	5.2138186	4.5890565	4.91313	4.786373	4.174075	4.3276124	5.078117	3.6173768	4.999941	4.2864017	4.9760866	4.4973164	3.7970295	4.627276	4.6355476	4.458293	3.8562014	5.0439067	5.4468136	4.9364076	5.096975	3.547572	4.012749	4.296704
PLTP_32412	4.491038	3.7098691	4.3830233	4.357907	4.6681924	4.846756	5.137354	5.5341964	5.8663282	5.16687	4.1085844	4.3005457	6.254282	3.6420867	4.068669	5.162198	5.544581	4.8169265	4.971041	3.69622	4.83942	4.97024	5.004824	4.9856524	5.356668	4.003223	4.829656	6.338205	5.0156536	5.399914	3.9374175	4.1206846	4.7794886	6.085316	4.1164784	4.6216445	3.9136333	5.7074046	5.4420953	4.49187	5.1242294	4.9216905	5.4826493	4.4715905	5.1080365	5.757134	6.25743	5.525152	4.09081	5.167644	3.8263953
PMM1_9510	4.7657475	4.620293	5.139562	4.723322	4.205286	4.459483	4.3270435	5.3010025	5.1271906	4.9616933	5.2394724	4.542445	4.6020246	4.4878764	4.6626306	4.2534776	5.027739	4.787641	4.0436835	4.778334	4.693005	4.941451	4.6648974	4.286571	4.47748	5.183252	4.5442247	5.382743	4.98903	4.8319354	4.3768673	4.2752705	4.188449	4.201141	3.8606849	4.4856753	4.5370607	4.3981524	4.4973164	4.3685856	5.095927	4.226657	4.013831	4.3405747	4.614228	4.8030157	4.5988097	4.8933544	4.55913	4.207234	4.224081
PMM2_9511	5.9370904	5.3058863	5.888145	5.679206	5.498192	6.0152435	6.1703897	5.71392	6.2563095	5.6725554	6.13503	5.2361894	5.7660575	6.4131365	5.472323	5.639946	6.211015	5.9045763	5.9185963	6.1215186	6.2920823	5.761857	5.9583197	5.7380457	5.835262	5.661581	5.836643	6.100435	5.4652867	5.38101	5.3657823	5.826458	5.3358836	5.677344	4.9999924	5.613949	5.894883	5.545688	5.5316825	4.9300785	5.676348	5.962205	5.7402964	5.2568727	6.0975366	6.2434864	5.4200993	5.9234395	5.6006384	5.2361207	5.3980093
PMP22_32290	4.737683	4.235737	4.561031	4.398905	3.9027789	5.4263177	5.0541315	5.1530595	5.5552063	4.8470116	4.0352206	3.5597103	4.861935	4.836087	3.5260668	4.0929766	4.828076	4.787641	3.9309764	3.9523666	5.3597484	4.788203	4.3350515	4.503981	3.7965066	5.12228	4.693988	5.089106	4.4397717	4.4876986	5.292367	3.67865	4.3276124	4.528361	3.9685025	4.860289	3.8409395	5.6288114	3.7584567	3.5163915	4.368001	4.6355476	4.671279	3.7907844	5.5073028	5.1755333	4.009029	4.4109397	3.8144693	2.7705867	4.535497
PNKD_34104	2.3764687	1.4470309	2.9727023	1.125733	1.7338829	2.340468	2.1003423	1.7248423	2.6509938	2.0617402	2.8046954	2.410535	3.2045193	2.2714932	0.72900796	1.5888703	3.0048497	1.7073178	1.1630801	0.7045007	2.1549919	2.2375386	2.3639069	2.2336307	2.2834883	2.810302	3.003343	2.9846053	1.126302	1.4053764	2.5294693	1.5692585	2.5664744	2.506633	1.4280888	2.6244397	1.687787	0.0	2.5543716	2.0255485	3.2939854	2.1401448	1.1148349	1.5489385	2.169534	1.9966261	2.994478	2.130537	1.4762079	2.3438904	2.181963
PNKP_9513	1.6305549	2.1547542	2.9727023	2.5181563	1.9663466	2.1333084	0.0	1.7248423	3.3295743	2.0617402	2.3995826	1.955242	2.534579	2.9801729	1.8599678	1.2257426	2.1742368	2.1369452	1.7985483	2.73687	3.3189702	2.2375386	2.210754	2.6531126	2.0785348	2.250642	2.271517	2.2755182	0.0	2.9251404	2.1406834	1.5692585	1.157626	2.506633	0.6449023	1.6844561	1.986288	3.1074347	1.920373	1.5073531	2.3406515	2.3475738	1.4586725	1.1915702	2.99956	3.6105773	1.4554178	2.305077	1.1296852	1.4579389	1.8370861
PNO1_9515	7.0952573	4.5861354	5.2213078	5.521073	5.2116504	5.7686644	7.0429378	7.122325	6.0582137	5.4548697	7.052202	4.9306216	7.713454	6.0627584	7.056988	6.908686	6.1409154	6.645543	4.999267	4.935002	5.814001	7.8229365	7.144666	6.5067463	6.9024973	5.6180773	5.0678363	6.5775223	7.5264025	7.0661836	6.927229	5.531475	6.2841306	5.1341567	4.780875	5.4286	5.743579	5.886978	6.907704	6.2700124	6.782486	5.812771	6.494675	5.182308	5.6433635	7.501336	5.687297	7.5884566	6.7697453	6.7255964	5.0373535
PNPLA2_32913	2.9658844	3.1790063	3.0934007	2.5181563	2.8869598	3.4804814	2.9214785	4.032947	2.9615965	2.8777032	3.6975753	2.410535	3.943193	3.4533052	2.921244	2.326616	3.6944115	3.158557	3.4482138	2.4348454	3.5060158	3.447462	3.2164934	2.7696137	3.4156697	2.002579	2.6098514	3.963337	2.3618937	2.9251404	3.3987858	3.0381281	2.9579055	4.759719	1.9328802	3.978313	3.3054578	4.1393185	3.5165868	2.4060068	3.7220223	3.3017287	2.168997	3.1216903	3.523103	4.4051027	3.9560254	3.6809788	1.4762079	2.7705867	2.0759077
POLA1_33208	2.9658844	3.7719631	3.3081667	3.6123734	1.7338829	3.1905103	2.486291	3.8907034	3.6225116	2.7128305	3.8762534	3.3719604	4.0060377	2.8329227	3.5260668	3.175133	3.4379885	2.467557	2.574683	2.4348454	3.1040103	3.987655	4.093564	3.2425063	3.016553	2.250642	3.4020078	4.5879827	3.3873456	2.9251404	4.328719	3.8193421	3.594322	3.0633094	3.3245418	3.188829	1.986288	3.8925655	3.89976	2.955541	4.2184987	4.059796	2.8897388	3.1216903	3.4589746	2.9502776	3.3635335	3.323391	2.524174	2.6418855	2.6931777
POLB_9518	5.3140416	5.0790715	5.0529046	5.4834476	4.9106236	5.4263177	5.4937973	5.121559	5.4345613	5.374341	5.5339046	4.8247266	5.7841005	5.687413	5.4507966	4.9284973	4.828076	5.0567493	5.054115	4.811058	5.7413497	5.253958	5.3177376	4.5697336	5.082471	5.0257	4.72912	5.485284	5.0926967	4.989997	5.412729	4.9313436	5.197555	5.4752235	4.780875	5.1574078	5.5519314	5.3141537	4.885008	5.1705146	5.2832894	5.1326027	4.767035	4.8055115	5.321438	5.0180063	5.811849	5.8688765	4.7622647	4.993965	4.934898
POLE_32719	2.7580647	3.5057364	3.4046404	2.907214	3.1924727	2.340468	1.8601638	3.8139515	3.3295743	2.0617402	3.4935977	2.200775	3.2045193	3.3487625	2.6461606	2.1199853	3.341277	2.1369452	1.1630801	2.8670673	2.9831893	3.075847	3.2947974	3.5980654	2.6224735	3.0904965	3.2164025	4.0988913	2.3618937	3.1201398	2.967061	2.7871325	3.2654822	3.1743853	2.9567258	4.2260103	1.3109689	2.7094493	2.715985	2.955541	3.2939854	2.5288935	1.968738	1.8351252	3.6433938	3.6105773	2.4973037	2.305077	2.190403	2.7705867	2.280753
POLE2_9520	4.234097	3.8886662	3.8777544	4.272241	3.78599	4.3677835	3.3514462	4.2812176	4.4174857	4.206481	3.7896788	4.0097504	4.066259	4.5362835	4.0110016	4.442993	4.2146955	3.9221573	3.3638895	3.2948601	4.61382	4.8514686	4.2193546	4.537232	4.6724668	3.526701	4.4630785	5.355927	4.0849395	4.3389096	3.8029058	3.8193421	4.3276124	3.548908	3.8606849	4.532437	3.7643874	4.194934	2.8613043	4.6054435	4.109465	3.3017287	3.5938523	3.574598	4.2474513	4.2995086	4.5638094	4.0183334	3.4723492	3.194307	3.7247775
POLG2_9521	3.3831434	2.9829214	3.0934007	2.907214	3.2814488	3.7218108	3.4415276	3.458151	4.4174857	3.689954	3.1206355	3.4688873	3.579891	3.885732	2.7902486	2.6678994	2.87268	3.3308632	2.574683	3.8299706	2.9831893	3.8079436	3.8559678	3.3953938	3.9245403	3.21252	3.8479037	3.963337	3.9256022	3.2918935	3.654551	3.0381281	3.7343307	3.548908	3.1523242	3.8364446	3.8409395	2.8546557	3.89976	2.955541	3.5656989	3.4885392	2.8897388	2.2785902	4.08699	3.2054403	3.4427273	3.5483809	3.2198298	3.0994654	3.1241014
POLR1B_32822	1.8561494	1.4470309	2.5348177	2.788815	2.1664994	3.6457665	2.7904801	3.3535717	2.2546368	2.5266557	2.3995826	0.78194916	1.9028349	3.2360482	2.1001348	1.2257426	2.727169	0.6474369	1.5155233	2.0523822	3.3189702	2.0344265	2.628664	3.0714748	2.6224735	2.6467445	2.6098514	4.032706	2.3618937	2.1035776	2.835414	3.148948	2.8388512	3.0633094	1.4280888	3.3011148	2.9382603	1.2540979	2.9933162	2.4060068	3.079476	2.834815	2.3448164	3.0111494	3.3214757	3.6105773	3.4427273	3.0567124	1.7554088	1.1142143	2.181963
POLR1E_9523	3.6472874	2.6274648	3.4950655	3.9246213	3.4444587	4.0514793	2.3061843	4.633599	3.9386752	4.007263	3.2559555	3.2680495	3.6602395	3.2360482	3.255121	4.351345	3.4379885	3.247281	2.966509	3.1992087	3.888952	4.291279	3.3690693	3.466162	2.6224735	4.4627132	3.7140222	2.8372862	3.0175493	3.2918935	4.0604506	3.8848567	3.2654822	3.373766	3.3245418	3.5024447	2.23349	3.5947201	3.1142545	3.167649	2.133485	2.9664538	2.9989562	2.2785902	3.6999757	4.3532715	3.657152	4.4109397	2.3669193	2.8887413	2.181963
POLR2H_32522	9.185383	8.572973	9.030595	9.014012	8.785409	8.914873	9.428094	9.308857	9.362179	8.982447	9.383995	8.983152	9.024627	9.605286	9.196803	9.116982	9.256541	8.8919735	9.070493	9.140765	9.456938	9.360801	9.091106	8.647247	8.954699	9.122373	9.2877445	9.301591	9.147353	9.169688	8.580776	9.280958	8.826457	9.187403	8.851912	8.852654	9.521357	9.141515	9.102465	8.65153	9.264119	8.909459	8.837226	8.519414	9.074977	9.251716	9.122552	9.753481	9.021285	8.866996	9.057836
POLR2K_9525	3.8178284	3.5057364	3.8777544	3.9797099	3.2814488	3.7940469	4.545916	3.8139515	3.7082813	3.8573148	3.1206355	3.3719604	3.7363482	3.9585884	3.7540836	4.351345	3.2376134	3.8672233	3.0765762	3.892466	3.747729	3.930203	4.0490723	3.5336206	3.6559942	3.7845476	4.2856593	4.0988913	4.273237	3.648705	3.8029058	4.1206846	3.666024	3.9115734	3.2410011	3.5024447	3.8409395	4.194934	3.5165868	3.9192204	4.165012	3.573593	3.9608154	3.4100819	4.1694503	4.12504	3.5177994	2.9556122	2.524174	3.660804	2.9549038
POLR3B_32505	4.4221745	3.5770385	3.736615	4.227422	3.4444587	3.7218108	3.8885062	4.4428744	5.2177176	2.7128305	4.2449875	4.0097504	4.0060377	4.157383	3.255121	4.4867225	4.5099177	4.0754232	3.1788383	3.2948601	4.61382	4.3797755	3.803364	4.076447	3.9245403	2.6467445	3.8479037	4.916335	3.8086765	4.4876986	3.654551	3.5227396	3.7343307	3.1743853	4.1164784	4.705656	3.3054578	4.4447794	3.4260273	2.7067823	3.4806895	4.1731524	3.5938523	3.574598	4.357074	4.595598	4.009029	4.291561	3.619066	3.5927947	3.7594514
POLR3D_9526	2.7580647	2.3301039	3.2047765	3.386396	3.5195398	3.0792744	4.011255	2.8375075	4.46754	4.143083	4.0352206	3.2680495	3.4948025	3.4533052	3.606144	3.6298745	3.4379885	3.3308632	2.8473456	2.9864812	3.747729	3.2735868	3.7487695	2.3874133	3.5802486	4.1325245	3.2164025	3.1182652	2.9081242	3.3706653	3.0876935	2.9180818	3.4392512	2.6671908	3.0578372	3.3011148	3.5979016	3.6751416	3.1142545	2.5642188	2.6826673	3.3981557	1.968738	3.1216903	3.754422	3.5194535	3.5177994	3.6809788	3.309005	3.5927947	2.542046
POP4_9529	1.3630255	1.1049913	2.696003	2.788815	2.1664994	1.8913333	2.3061843	2.0264177	2.4663844	2.8777032	2.3995826	2.756088	2.1454625	3.2360482	2.1001348	1.8787316	2.5653183	1.9380654	1.5155233	1.8148876	1.911856	2.9657874	1.8448938	1.0412753	2.0785348	1.3239917	2.0670378	2.673195	2.7897131	2.2771995	2.1406834	2.9180818	1.157626	2.1193378	1.7024508	1.3080859	1.687787	2.8546557	2.1639853	2.5642188	1.2357911	1.6063654	1.968738	0.0	2.169534	0.8054279	2.4973037	2.7293007	1.1296852	2.1681004	0.9744036
POR_9531	4.234097	3.7719631	4.1243386	4.272241	4.293499	4.846756	4.6628904	4.541386	4.608057	4.206481	4.2449875	3.4688873	5.486443	4.2179937	4.4183564	3.5496771	4.996322	3.9750757	3.274329	4.0098786	5.151234	4.503106	4.8833723	3.9339144	4.518643	4.069322	3.8479037	4.8791513	4.4785657	4.034695	4.7132473	4.1206846	4.188449	5.3387933	3.3245418	4.387344	3.5979016	4.021211	4.9514475	3.0654895	4.2184987	4.9537754	3.5938523	4.7025595	4.614228	5.234024	5.400396	5.8688765	3.2198298	4.602612	3.4554782
POSTN_9532	6.295794	5.5200467	5.7663407	5.9235597	5.5166364	6.074454	5.671839	6.2244663	6.3121667	5.716773	5.927685	5.151117	5.3718104	5.887258	5.472323	5.600683	5.890534	5.7911043	5.132664	5.6827545	6.5263295	6.5905905	5.5747304	5.780319	6.2316427	6.334312	5.945206	6.238964	5.6120834	6.6973777	4.786373	5.571819	5.65065	5.639122	4.9999924	5.890132	5.220581	6.3459005	4.9835544	5.5378456	6.1591735	5.4575152	5.7867312	4.8055115	5.7939224	5.3443384	5.4963274	5.9499664	4.9402957	4.7964797	5.159219
PPAN_9534	4.312294	2.6274648	4.7194676	4.227422	3.9027789	4.5457015	5.0824094	4.8794	5.2750597	5.033377	5.066151	3.9438322	4.9283385	4.4878764	4.1241193	4.6104794	5.3839197	4.7577496	4.0968986	4.0098786	5.3597484	4.97024	5.1801004	3.9339144	4.7779455	4.9920144	4.02797	4.6773376	4.756258	4.989997	3.9374175	4.5009766	4.188449	4.3505454	3.9156005	4.705656	4.7505484	4.3001184	3.7584567	4.2801247	4.4597015	4.749603	3.9608154	4.0917125	5.1694365	5.145374	4.6329803	5.166487	3.619066	4.161015	4.224081
PPAP2B_32335	6.1436925	4.839124	6.2415648	6.120252	6.281053	6.851601	6.8006477	6.742144	7.32359	6.0973268	6.0256395	6.14541	6.7435493	6.42604	6.170123	6.3095646	6.1693654	6.3967466	5.6062937	6.234396	6.6505556	6.7401676	6.6883936	6.3657894	6.3617554	6.4504814	6.4868603	6.861105	5.822737	6.786269	6.91097	6.2055154	6.3725147	6.4143486	5.7392516	6.6844378	5.743579	6.016101	6.328737	6.0334406	6.4096704	6.323137	6.2842245	6.1362047	6.8760185	7.3038673	6.3932185	6.6043077	5.6006384	5.957693	5.621801
PPARG_32510	5.1533713	5.1969314	5.419044	5.679206	5.2780237	5.356469	4.8717327	5.356178	5.884866	4.99798	5.5602946	5.0607114	6.8756275	5.887258	5.671574	5.639946	5.1180816	4.696041	5.157925	5.3678308	5.5631294	5.300044	5.33637	5.8078284	5.734039	4.9575233	5.665847	6.6005507	5.5221004	5.014735	6.2481856	5.425385	5.5966268	6.4256206	5.234048	4.931804	5.7031364	4.8431597	6.6914845	5.3332367	5.87263	6.5811124	5.8753443	6.026813	5.5230703	5.6103015	6.6400094	6.417348	6.038963	5.845274	4.650806
PPARG_9537	6.154347	5.7988634	6.0460434	5.909442	5.872186	5.750625	5.9425435	6.0513897	5.62303	5.6725554	5.8442316	5.742007	6.6871357	6.1114993	6.2218747	5.639946	5.1753125	4.696041	5.4717484	5.628707	5.981074	5.8727484	6.040161	5.821389	5.835262	5.804276	6.114189	6.5890822	6.0328207	5.19871	6.9670925	5.843036	6.226008	6.480694	5.8278112	5.613949	6.171765	5.763662	6.328737	5.782875	6.199635	7.0504065	6.1125665	6.012537	5.7137523	6.061656	5.719457	6.445586	5.858709	6.1114297	5.184957
PPARG_9538	3.1475024	3.267883	2.840976	3.4657202	3.8455658	3.1905103	4.373555	4.2812176	4.1978536	1.7575232	3.3796642	3.3719604	4.0060377	3.9585884	4.068669	3.9123585	3.1259208	2.467557	3.871139	3.0967624	3.4155223	3.3631423	3.2947974	3.3209743	3.6559942	3.429383	4.02797	3.963337	3.0175493	3.208571	3.7306347	3.5227396	3.3549814	4.1476912	3.4783766	3.5024447	3.8409395	4.5337424	4.4055	3.2630503	4.2184987	4.467931	3.7268174	2.760871	3.3214757	4.2995086	4.2034826	4.0183334	3.124777	3.2832968	3.4971662
PPARGC1A_33189	2.0511916	0.0	1.6111797	1.750284	0.0	2.340468	1.2111645	2.4882271	2.4663844	1.3715297	0.8916533	0.78194916	1.2447265	0.82019544	2.4860687	1.2257426	2.1742368	1.0927255	0.6957044	2.0523822	1.251849	0.69538784	2.0393906	3.5336206	2.4629142	0.0	1.5430765	5.485284	0.0	0.63191724	1.2411588	0.0	3.06788	2.325943	0.6449023	2.440523	1.986288	1.6218852	1.920373	0.6909027	1.2357911	1.8978021	2.5015178	0.71545935	2.4590204	1.3192296	3.5891576	3.402351	2.524174	2.1681004	1.3829705
PPCS_9540	5.2949095	4.7181683	4.9920993	5.405119	4.7639403	5.5144806	6.0029664	5.7960286	5.459511	5.3180447	5.271771	5.2634673	5.0526247	6.1114993	5.0538692	5.659184	5.3839197	4.9013753	5.231157	5.628707	5.8316064	5.6770825	5.0506797	4.7220893	5.356668	5.12228	5.7707305	6.000093	5.2126093	5.609318	5.161042	5.591575	5.173154	5.7862854	4.9999924	5.1869392	5.4333205	5.2630286	5.4420953	4.7441783	5.308174	5.703791	4.7975917	4.8382587	5.4913616	5.6103015	5.4776444	5.936764	4.793504	4.6701713	5.065338
PPIA_32595	12.903506	12.295406	12.745999	12.633255	12.527565	12.71466	13.109954	12.9240465	12.937519	12.812682	13.047596	12.413789	12.4539795	13.244595	12.884974	12.897325	13.143861	12.389115	12.856793	12.747226	13.07173	12.919275	12.802462	12.706185	12.711614	12.859619	13.051269	12.888409	12.945328	12.771078	12.782618	12.944149	12.414208	12.844679	12.552041	12.597022	13.000412	12.817203	12.58834	12.413445	12.916855	12.799408	12.409435	12.170338	13.201391	12.890697	12.653536	13.228847	12.523873	12.568735	12.919476
PPIC_9541	4.3864694	5.284744	5.1673284	5.0407763	4.7639403	4.880327	5.0252886	5.3288536	5.531871	5.033377	4.8691278	4.542445	4.642146	5.504856	4.068669	5.4319863	5.146981	4.598228	4.912876	5.0491347	5.122916	5.1819463	4.6648974	4.663063	4.7084904	5.3783946	5.6476	4.8791513	4.4397717	5.542837	5.1049714	4.867953	4.413449	5.1341567	5.07428	4.532437	3.9828393	4.807922	4.6650844	4.4519343	5.2832894	4.328058	4.671279	4.196462	6.0975366	5.3443384	3.9009998	5.0487003	4.322632	3.3671148	4.934898
PPM1D_33020	4.234097	4.362231	4.1243386	4.786481	3.3652549	4.880327	3.5263135	4.8794	4.365632	4.26721	3.7896788	4.133186	4.284769	3.3487625	3.7540836	4.0929766	4.6777496	4.5291295	3.6751187	3.0967624	3.888952	4.912076	4.0490723	4.325158	4.518643	4.4627132	3.8479037	5.382743	3.3873456	4.034695	4.554839	3.4379745	3.9791842	4.442191	4.162613	4.823157	3.5068517	4.194934	4.541123	4.0318656	3.5656989	4.467931	3.4473767	3.7222598	5.0439067	4.4051027	3.9560254	3.8594944	3.8741343	3.7257514	3.6528244
PPOX_9542	4.0637107	3.9966314	5.0228224	4.43877	3.3652549	4.459483	3.9511857	4.7202697	4.608057	4.076771	4.9107437	4.710439	4.5182695	3.6420867	3.822728	4.303241	4.101142	4.380134	3.0765762	3.1992087	4.3944616	4.6167192	4.694086	4.663063	5.082471	3.93395	3.312188	3.6467555	3.8683236	4.91313	4.4234605	3.7507105	4.644004	3.6291015	3.54955	4.57773	3.1931324	3.5947201	3.7584567	4.9007115	4.41458	4.059796	3.4473767	4.3405747	4.3214507	3.9957814	2.994478	4.0183334	4.3648396	4.378588	3.8263953
PPP1R13B_9543	3.1475024	3.0842927	4.06653	3.9797099	3.7238476	5.007306	3.3514462	4.9165835	4.255975	4.206481	3.9579256	4.072788	4.284769	4.628482	3.6820092	4.5291653	4.101142	4.380134	2.8473456	3.892466	4.244814	5.1571207	3.9557486	4.2061553	4.346438	4.1325245	4.237673	4.8017797	3.8683236	4.556708	4.468596	3.3479161	4.0876074	3.9115734	3.8035955	4.9662747	3.5068517	4.1393185	3.89976	4.3685856	4.7773952	3.6539102	4.064967	4.196462	4.2474513	4.4051027	3.9009998	4.291561	3.75223	3.5927947	3.6528244
PPP1R15A_9544	5.808087	6.188559	6.188352	6.3466806	6.0087523	6.6028423	5.137354	6.469344	5.8092413	6.0111804	6.2529774	6.3373404	6.5356226	5.59902	5.1637983	5.600683	6.3417563	6.0959153	5.231157	5.432355	6.5371003	6.1619368	6.391501	6.2300344	6.243968	5.682851	5.3866477	5.775683	5.59453	6.6107836	6.1683598	5.106343	6.115095	5.3857183	5.7988915	6.334692	5.4578357	5.608475	4.850604	5.9354773	5.8043046	6.0831714	5.1212378	6.122976	5.5994205	5.757134	5.458717	5.8265553	5.813707	5.6582904	4.994332
PPP1R3B_9545	3.9212615	3.430726	3.660505	3.302455	3.5195398	3.8628378	3.4415276	4.032947	4.6520104	2.5266557	3.4935977	2.5936327	4.6811824	3.5507815	2.3059688	3.0640497	3.8430977	4.380134	2.574683	2.593747	4.2964406	4.1969967	4.6351066	3.466162	3.3257585	3.429383	3.6421144	5.272352	3.3873456	2.6996026	4.0604506	3.148948	3.2654822	3.9115734	3.1523242	4.6216445	2.7916732	3.5947201	4.1465945	3.4367871	3.6459768	3.999592	3.3681562	3.574598	3.6433938	4.8030157	3.7220852	4.115274	3.3929877	3.4463294	3.3683043
PPP2CA_32614	8.71155	7.9264765	8.817139	8.671189	8.441312	9.016503	8.977511	9.148146	9.049452	8.834779	9.16933	8.843266	8.9346075	9.022666	8.709125	8.772925	9.104616	8.420082	8.274253	8.481164	9.261341	8.928269	8.820352	8.212977	8.869759	8.7185335	8.647667	9.140051	8.832439	8.721137	8.910154	8.668762	8.402018	8.754316	8.088034	8.926729	8.875787	8.7095375	8.673615	8.420158	8.9312105	9.132591	8.102973	8.539467	8.9478655	9.124146	8.683119	9.226529	8.558561	8.414106	8.280917
PPP2R1B_9546	5.9493785	4.9773192	4.285043	4.7552466	5.2780237	5.231971	5.451061	5.965286	6.562992	5.16687	5.066151	4.4504933	6.214919	5.995098	4.4183564	6.3216887	5.500474	5.46091	5.231157	5.1291738	4.9074078	5.6770825	5.6361775	5.723675	5.4232135	4.9575233	5.6838655	6.3787317	5.2579165	5.014735	5.1332793	4.6211877	5.8173804	6.833638	4.8669906	5.547202	5.8585186	5.852807	6.008171	4.3685856	5.403632	5.8473415	5.2147765	5.2075934	5.475242	6.109307	6.843408	6.1231356	5.5282016	5.815745	4.964921
PPP2R3C_9548	7.7149873	7.4590077	7.5227494	7.7036457	7.4064245	7.784583	7.924842	7.7611713	7.804495	7.297958	7.4967594	7.397738	7.314738	8.016933	7.714827	7.7980795	7.910604	7.431406	7.3681912	7.330141	7.999325	7.758378	7.4226623	7.643226	7.51429	7.521088	7.805291	7.336138	7.8887763	7.3977604	7.130479	7.465691	7.447554	7.665582	7.0356164	7.5122566	7.8397484	7.13856	7.3508368	7.3338757	7.6790805	7.2573843	7.328237	6.927151	7.6469584	7.6907496	7.563576	7.7059536	7.417006	7.373431	7.323701
PPP2R5A_9549	9.182783	8.588154	9.328338	9.152311	8.938606	9.535518	9.653332	9.571803	9.8250675	9.255911	9.534674	9.112542	9.535329	9.710548	9.272377	9.368524	9.601351	9.056006	8.918049	9.234218	9.630411	9.464352	9.386479	8.797176	9.3189125	9.277227	9.53856	9.561313	9.265757	9.297419	9.337173	9.39497	9.055644	9.382219	8.633846	9.312282	9.53726	9.361012	9.122428	8.776028	9.4390745	9.432108	8.868146	8.835495	9.4660845	9.697245	9.257359	9.634846	8.976049	9.091516	8.782404
PPP2R5E_9550	5.019916	4.321286	5.1673284	5.11647	4.7639403	5.637379	5.3844843	5.7555585	5.847549	5.16687	5.6366873	5.121607	5.7292805	5.729658	4.934868	5.1889186	5.522696	5.4793434	4.912876	4.811058	5.7226005	5.6237187	5.3908668	5.208422	5.1096663	5.183252	5.1736393	5.9290986	5.2800474	5.5929823	5.848026	5.1335516	5.123077	5.362447	4.624838	5.738837	5.6615276	5.387597	4.91861	5.041911	5.095927	5.3165774	4.7358174	4.870279	5.754394	5.7769413	5.318776	5.882712	5.021698	5.3434863	4.722857
PPP3CB_32635	6.3524117	5.9542365	6.390352	6.237904	5.942085	6.9887385	6.600104	7.048869	7.232438	6.464499	6.558081	6.0855327	6.6871357	6.694831	6.2218747	6.4264517	6.7334094	6.165869	6.162753	6.372351	6.9932666	6.680443	6.400383	6.102552	6.3617554	6.625455	6.087364	7.1378975	5.9931803	6.800566	6.1546154	6.4949646	6.1404896	6.4029884	5.2766247	6.2809315	6.186509	6.1627774	6.1703825	5.682912	6.3268538	6.406645	6.2624826	5.7625213	6.491356	6.733634	6.6145825	7.268401	6.038963	6.283086	6.0007997
PPRC1_9551	2.9658844	1.9551042	3.2047765	3.2133267	3.3652549	2.82721	2.9214785	3.240815	3.7082813	2.0617402	2.9712968	1.6591743	3.4043794	3.7279556	2.3059688	3.6298745	3.6944115	3.3308632	2.7174463	3.0967624	1.251849	3.178102	2.628664	1.8659643	2.0785348	3.3250225	3.003343	3.3533397	3.3873456	2.9251404	3.1990128	3.148948	2.8388512	3.0633094	2.8479903	1.9826764	3.5068517	3.8236685	3.2258344	2.7067823	3.2939854	2.5288935	1.7361305	2.6173096	2.4590204	2.9502776	3.4427273	4.115274	3.0230174	2.3438904	1.3829705
PQLC3_9554	5.8868647	5.3267236	5.6530704	5.4642606	5.5881424	6.0302753	6.0751014	6.034575	6.5744576	5.993316	6.406324	5.577864	6.22816	6.777704	5.9422774	5.715404	6.4500785	5.651778	5.746108	6.305022	6.1449428	5.9470425	5.94624	5.587456	5.5477486	5.479094	5.97478	6.000093	6.5525045	6.0651145	5.3657823	5.9692197	5.5781603	5.9822173	5.6448975	4.931804	5.9477673	5.587848	5.418802	5.014755	5.889218	6.0831714	5.8168774	5.327772	5.5540967	6.3264728	5.5147715	6.339227	5.582867	5.6074963	5.159219
PRAF2_9555	5.681216	5.5380273	5.7108173	5.93754	5.872186	6.074454	5.8135314	5.4351754	5.9390917	5.7383833	5.5339046	5.8893676	6.0001774	5.6438937	5.5951433	5.6969066	5.784175	5.635433	5.182751	5.1291738	6.186583	5.322546	5.558951	5.6343064	5.9145064	5.8425817	5.1736393	5.6488667	5.1418643	5.806383	5.666238	5.021495	5.5966268	5.3857183	5.255493	6.075228	5.3308682	5.068315	5.418802	5.5186424	5.5568447	5.75931	5.5379915	5.9981184	5.857487	6.3662415	5.116266	5.936764	5.9722724	5.7548094	5.271587
PRC1_9556	6.4333777	5.9272027	6.254567	6.0703664	5.622609	5.750625	4.2292647	6.8227057	6.6843677	6.240506	6.609534	6.6165648	6.075366	5.3236547	5.3380656	6.4597473	6.09716	6.0596237	4.722831	4.710571	6.1449428	6.8908205	6.211438	6.572376	6.571895	5.32528	5.0950236	5.8544292	6.133494	6.6026473	5.666238	5.0503354	6.0087953	5.049259	5.4540486	6.5316925	4.789701	6.204022	4.5836377	6.578956	6.08911	5.3165774	4.94136	5.6191325	5.7137523	5.1145706	4.453407	5.096975	5.873403	5.691186	5.2102437
PRDX1_32791	9.307348	8.811551	9.005817	8.913261	9.061467	8.859138	9.290937	9.260869	9.565467	9.0292225	9.594954	9.015601	9.3882675	9.373481	9.123867	9.49302	9.190407	8.636749	9.062155	9.189804	8.998452	9.115491	9.120968	9.168719	9.197421	8.79622	9.399641	9.737857	9.123072	8.801529	9.4413185	9.256415	9.133592	9.701399	8.986248	8.944128	9.371346	9.361012	9.271285	8.829604	9.371322	9.64972	9.183684	8.8476095	8.99102	9.199467	9.021376	9.463614	8.729829	8.90955	8.687686
PRDX2_32311	10.260096	10.185664	9.945498	10.544986	10.334148	10.5086155	9.560892	10.307719	10.107505	10.071063	9.767682	10.536471	10.448577	9.694641	9.923046	9.952758	10.555996	10.254503	9.500166	9.527944	10.717946	9.961256	10.348013	10.595569	10.395112	10.040981	9.805597	9.89397	9.947797	10.359804	9.817826	9.362277	10.273142	9.575499	9.860882	10.589278	9.429831	9.863939	9.610203	10.639423	10.09436	10.060323	9.8710985	10.517094	9.844204	10.1004305	9.753028	9.577517	10.5511265	10.311955	9.965204
PRDX3_32368	6.906484	6.4291506	6.5465193	6.987505	6.4727273	6.509382	6.1703897	7.3635764	6.796319	6.6122684	7.097957	6.776595	6.79784	6.651538	6.4774323	6.7016096	6.8869143	6.5086646	6.515267	6.185315	6.969609	7.0543613	6.9035897	7.2706847	7.014651	6.6793613	6.6697645	7.0402164	6.5705733	6.6973777	6.407333	6.243475	6.820331	6.9317656	6.3702836	7.1343656	6.453571	6.750323	6.05425	7.0017877	6.9179897	6.670708	6.011915	6.286155	6.657714	6.6715007	6.4613647	6.6126337	6.4053416	6.3464108	6.346999
PRKAA1_9558	6.0555	5.737941	6.0609226	6.237904	6.168916	6.3143992	6.296447	6.29676	6.796319	5.938357	6.2849784	6.14541	6.27994	6.4640727	6.0464125	6.3456354	6.539979	6.00977	5.8582325	5.9703684	6.2920823	6.3921256	6.251259	6.337755	6.0610228	6.4504814	6.191795	6.9263535	6.0840354	6.465812	6.29905	6.2559094	5.966823	6.1546936	6.0770025	6.152104	6.365613	6.24412	6.0236945	6.0602503	6.3629303	6.395007	5.7244797	5.7962475	6.348232	6.200132	6.0705967	6.58751	5.813707	5.944111	5.6028314
PRKAB1_9560	7.7221665	7.2293124	8.088852	7.9648438	7.7714987	8.174497	8.037457	8.359189	8.231259	7.75555	8.032689	7.7460265	8.077634	7.9824076	7.495833	7.7085795	7.889383	7.9069724	7.324239	7.900755	8.368416	8.177933	8.309505	7.5362787	7.722401	7.693419	7.3937707	7.8973494	7.8224664	7.9782968	7.5845394	7.768735	7.6512046	7.8525743	7.321429	8.034935	7.579836	7.967701	7.588588	7.475056	8.076753	7.912456	7.258558	7.5969486	8.054782	8.375975	7.9155545	8.875066	7.9340596	7.71477	7.681042
PRKAB2_33204	3.1475024	2.6274648	4.1243386	3.016629	3.1924727	2.6824741	3.0415661	3.7328856	4.8536887	3.7760599	4.1783977	1.955242	3.579891	3.8089995	2.1001348	3.0640497	3.6944115	2.1369452	2.035052	3.469012	3.5060158	3.3631423	3.6920276	3.3209743	3.5802486	2.6467445	3.9704094	4.9879446	2.6607075	3.7699122	2.5294693	2.9180818	3.666024	3.6291015	2.9567258	3.6790886	3.409666	3.322457	3.601796	2.4060068	3.079476	3.1983922	3.4473767	2.4578679	3.754422	3.0834928	2.994478	3.477213	3.0230174	2.6418855	2.8299677
PRKACA_9561	6.132959	5.0290923	5.9047356	5.9651017	5.46058	6.338754	6.3785596	6.600805	6.1064014	6.299848	6.186764	5.92397	6.2925997	6.3737183	5.6528425	6.086145	5.9895873	5.7308364	5.4308844	5.514129	6.764928	6.494768	6.241406	5.454533	5.851463	6.0532346	5.8526616	6.565869	5.6120834	6.2431498	6.29905	5.357773	5.6148605	6.0124335	4.9999924	6.496746	5.6824822	6.0616903	5.4420953	6.0734706	6.0002785	6.1539288	5.344611	5.373174	6.5540915	6.6065707	6.246436	6.553316	5.7829065	5.691186	5.2954125
PRKACB_9562	5.6363187	4.515292	5.0228224	4.988013	4.882456	5.257745	5.879479	5.4093204	5.3028984	4.765157	5.0288405	5.5994325	5.7660575	6.204303	5.53504	5.9676957	5.3839197	5.618901	5.3008504	4.74485	5.034466	5.366524	5.680604	4.503981	5.567498	5.479094	4.7969165	6.2242126	5.344473	5.6254697	5.317256	4.8999963	5.98095	5.9974046	3.3245418	4.7850432	5.3308682	5.9367633	5.4420953	4.6054435	5.2579675	5.74104	5.323767	4.932263	6.2568917	6.2434864	5.811849	6.407811	4.3648396	4.9402447	4.9499874
PRKAG1_33315	6.044087	5.150936	5.984942	6.5146346	5.6891665	6.074454	6.0751014	6.481803	6.4430237	6.299848	6.1697245	5.8358555	6.267168	6.012313	5.863007	6.1281705	6.3417563	5.944928	5.695252	5.78513	6.3903904	6.627206	6.2707644	6.157045	6.428072	5.804276	5.836643	6.0841885	6.1576014	6.3442063	6.0982895	5.531475	5.9525566	5.714579	5.9380217	6.027056	5.6824822	6.217512	5.321673	6.1378136	6.131555	5.9934106	5.0968738	5.692608	6.3032846	5.757134	6.1316223	6.2352233	5.843864	5.3842907	5.3419137
PRKAG2_9563	5.1319685	4.4020452	5.0823727	4.8763194	5.1181173	5.8214674	5.7266173	5.5579247	5.9031687	5.60358	5.4517074	5.029272	5.8369136	5.729658	4.770827	5.386539	5.544581	5.2623305	5.132664	5.4111657	5.4074864	5.3447027	5.7927923	4.778795	5.567498	5.297971	5.3419557	6.2242126	5.5405517	5.688329	5.188281	5.1335516	4.932704	5.8711796	5.234048	5.797447	5.5519314	5.502259	5.487584	4.840121	5.2059503	5.4797225	5.5197787	4.9916935	5.4589405	5.4713345	5.7817044	6.256633	5.391967	4.765924	4.8569875
PRKAR2B_33052	8.106526	7.1496916	7.7691545	7.8949137	8.35682	7.5334463	7.46422	8.892246	8.074551	7.9440427	7.4339232	8.423996	8.400688	7.6498556	7.7103047	8.626674	8.129126	8.008829	7.6742163	7.9493365	8.583706	8.302019	8.433674	8.354942	8.646554	7.4546294	7.8931007	7.791257	7.49836	8.506808	7.92129	7.583832	8.340345	7.7306433	7.4982433	8.517046	7.012496	8.168583	7.3630924	8.261709	8.892653	7.8626266	7.33346	7.4243646	7.751044	8.395325	7.746376	7.9223437	8.204851	8.074033	7.5803933
PRKCB_9566	8.181362	7.3047686	8.063217	7.968253	7.6004786	8.584046	8.396797	8.51581	8.754148	7.9762306	8.499595	7.8213825	8.85789	8.640735	7.9592896	8.055684	8.425906	7.678761	7.8237605	7.6969843	8.581106	8.264739	8.297668	7.760496	8.198295	8.093537	8.199012	8.805445	7.826231	8.063757	8.207497	7.8692756	7.9778733	8.487474	7.6354303	8.331176	8.406958	7.780431	8.45345	6.84102	8.10543	8.686544	7.831175	7.8467197	8.330416	8.958405	8.618499	9.004086	7.7865987	7.870082	7.3062177
PRKCD_9567	5.423794	4.5511484	5.0529046	5.11647	4.7008195	5.888993	5.290649	5.7759356	5.9212418	5.3464675	5.2394724	4.7876277	5.8195233	5.887258	4.8386974	5.386539	5.924313	5.1050324	4.7562947	4.525776	5.3352737	5.2063518	5.372929	5.3831778	5.2384467	5.183252	5.2481914	6.1942496	5.426129	4.8319354	5.341723	4.659131	5.0445433	6.0273075	4.72047	5.5242486	5.1916394	4.5337424	5.21753	4.641398	5.403632	5.341044	4.4195247	4.385582	5.7274275	5.4218693	5.4776444	6.213492	5.021698	5.213654	4.8081384
PRKCH_9568	4.0177727	2.486432	2.696003	3.2133267	2.8869598	4.0514793	3.754334	3.8139515	3.3295743	3.5005994	3.7896788	4.072788	3.4948025	3.7279556	3.888254	2.9436944	3.6944115	3.158557	3.6751187	4.5646772	3.5060158	3.2735868	3.6920276	3.3953938	2.7661297	4.069322	3.6421144	3.732648	3.8086765	3.8268995	4.328719	3.8848567	2.9579055	3.6291015	2.8479903	3.5024447	3.3054578	4.194934	2.9933162	3.5163915	4.4597015	2.6899478	2.5015178	3.7222598	3.2474778	4.12504	3.5891576	2.9556122	2.79505	2.8887413	3.2267935
PRKCQ_9569	4.5885363	3.9436586	4.928618	4.552153	4.205286	5.2057276	4.6628904	5.3288536	4.8155456	5.16687	4.9511933	4.8247266	4.71919	5.1163807	4.46205	4.6874537	4.5099177	4.380134	4.722831	4.313784	5.232999	4.8201823	4.8833723	4.2061553	5.0264926	4.9575233	4.8616695	4.336896	4.316707	5.1548686	5.5022736	4.659131	4.6080465	4.3970957	4.2506785	4.860289	4.2864017	5.12668	4.255792	3.6635237	5.095927	4.278248	4.603718	4.4715905	5.2089643	4.9498415	3.843792	5.3766255	3.8144693	4.378588	4.173552
PRLR_9571	2.6417313	2.3301039	2.353332	3.016629	1.1131065	3.3901486	2.7904801	2.98483	4.0079637	3.2825825	3.2559555	2.5936327	2.1454625	2.4838471	2.6461606	2.326616	3.1259208	1.9380654	1.7985483	1.8148876	2.7061675	2.846633	2.952313	1.8659643	3.12715	2.462245	2.271517	2.673195	1.9845754	2.1035776	2.5294693	2.6430998	1.5091133	3.0633094	2.7303865	2.9340591	3.3054578	3.2189481	1.6270963	2.5642188	2.8274064	2.6899478	2.3448164	1.8351252	4.780875	3.2054403	2.994478	3.477213	3.0230174	2.3438904	2.9549038
PRMT1_32372	8.37143	7.5636506	8.288531	8.271198	7.9381266	8.459089	8.6586485	8.6977	8.736394	8.322275	8.675881	8.170233	8.220295	8.654506	8.26703	8.283514	8.656938	8.133364	8.271362	8.314282	8.771001	8.68513	8.519746	8.128227	8.175954	8.387132	8.513045	8.536602	8.331724	8.455779	8.485175	8.308863	8.009228	8.340392	7.830234	8.311201	8.410102	8.229774	8.079319	7.9610124	8.448165	8.284548	7.856793	7.8141665	8.548321	8.7157545	8.352358	9.11959	8.236453	7.9872937	8.198027
PRMT5_9573	4.3864694	3.351601	4.4296265	3.8077013	4.205286	4.2182827	4.624943	4.390976	4.3118453	4.325485	4.59055	4.3005457	3.6602395	5.238442	3.5260668	3.2782712	5.027739	3.3308632	3.3638895	3.7646446	4.653956	3.8079436	4.8317766	3.830415	4.042132	4.069322	4.3321013	5.272352	3.9806933	4.0822825	4.1182437	4.007584	3.9791842	4.3024426	3.4783766	4.664262	3.8409395	4.2484846	3.1142545	3.8594182	4.627276	3.999592	3.1953344	2.8914306	3.9064214	4.9145117	4.29169	4.749758	3.8741343	3.7879004	4.1990376
PROCR_32752	5.5582385	5.347264	5.7108173	5.6624675	5.982454	5.9053917	5.9425435	5.815846	6.153032	5.6269403	5.3941865	5.8539143	5.854097	5.9421854	5.314422	5.4760456	5.544581	5.550809	5.7790422	5.572555	6.2002	5.8727484	5.605781	5.1665354	5.0547533	6.0532346	5.552736	5.60399	5.5587697	5.763237	5.9940963	5.792719	5.4212437	5.5798206	5.5783825	5.890132	5.4333205	5.3141537	5.842991	5.9782786	5.4265413	6.260383	5.608626	6.0961485	5.7137523	6.2434864	6.321693	6.298521	5.471383	5.3014936	5.3533087
PROS1_9577	5.195247	4.1909814	5.802204	4.9332466	4.6348104	5.124007	5.5147	5.854682	5.600775	4.806665	4.990539	4.9306216	4.861935	4.947674	5.137091	5.215153	5.1180816	4.873771	4.722831	4.8430567	5.2850423	5.322546	4.6648974	4.9366517	4.635521	4.8488083	5.552736	6.2823343	4.4785657	5.109653	5.2412624	5.078611	4.679086	5.078117	4.689292	4.823157	5.4333205	5.7074046	5.321673	5.355054	5.87263	5.2916884	4.9137297	4.3405747	5.475242	5.083095	4.9364076	4.8657556	4.4457216	4.457192	4.774628
PRPF4_9578	6.0780587	5.1034265	6.254567	6.1079416	6.072475	6.632697	6.509288	6.3520947	6.726089	6.2852397	6.463372	6.2445645	6.1043777	6.560848	6.2218747	6.042858	6.3665404	6.3967466	5.569115	6.013186	6.610324	6.4748154	6.575289	6.3657894	6.304064	6.25132	6.32406	7.0652637	5.9385734	6.22206	5.9940963	6.340073	6.022519	6.2965074	5.911248	6.0909343	6.312834	6.217512	5.7895093	5.861193	6.7555985	5.9934106	6.037744	5.7962475	6.3032846	6.4426346	6.246436	7.209239	6.038963	5.944111	5.739372
PRSS23_9581	3.1475024	2.1547542	2.145686	2.788815	1.9663466	2.6824741	3.4415276	3.1184926	2.2546368	2.5266557	2.3995826	2.756088	2.3531	2.2714932	2.1001348	2.326616	2.5653183	1.4325044	2.966509	2.593747	2.8513174	2.2375386	2.210754	2.2336307	2.6224735	2.250642	3.003343	2.0262237	1.751022	2.1035776	2.5294693	2.4830763	1.5091133	2.1193378	1.7024508	1.6844561	2.7916732	3.5095499	2.5543716	2.4060068	0.7463577	1.6063654	3.5224726	1.8351252	2.169534	1.3192296	2.994478	1.9319366	1.1296852	2.7705867	3.0698776
PRUNE_9582	0.0	0.6557987	1.2448933	1.9837908	1.1131065	2.521582	0.7291152	3.240815	3.3295743	1.7575232	2.3995826	1.2862334	2.9724503	2.0223966	0.72900796	2.1199853	2.382989	2.7363515	0.0	2.8670673	1.251849	2.4155526	1.8448938	1.3713186	2.896768	2.250642	2.7532747	2.0262237	1.4722159	2.6996026	2.5294693	1.8573289	2.5664744	1.8781195	2.461808	2.2296865	2.4444666	1.914702	3.3294005	2.228283	2.5217707	1.8978021	0.6625256	0.71545935	1.999623	3.2054403	1.1120816	1.4272856	1.9892389	1.4579389	0.9744036
PSAT1_9583	4.7090616	3.8314943	3.8777544	4.398905	3.4444587	4.777175	4.624943	4.390976	4.6520104	4.8470116	5.206434	3.7258165	3.579891	4.947674	3.9509327	4.035247	5.058486	3.9221573	3.9309764	3.2948601	4.8041854	4.3362055	4.2589602	4.286571	4.5586634	4.3070445	4.2856593	4.8409843	4.399905	3.8268995	4.000245	4.458572	4.236344	4.1476912	4.019533	3.8364446	3.3054578	4.2484846	3.8308377	3.6635237	4.4597015	4.1731524	3.4473767	3.224361	5.321438	5.145374	4.009029	4.556145	4.09081	3.5927947	3.6154559
PSEN1_9584	2.3764687	2.3301039	2.145686	3.016629	1.9663466	1.6004289	1.8601638	2.4882271	2.2546368	2.7128305	2.616312	2.200775	1.2447265	1.7211257	1.2110108	1.2257426	1.6360242	1.9380654	1.7985483	1.1757872	2.5447638	1.7979587	1.353526	1.3713186	2.7661297	2.462245	2.6098514	2.2755182	1.751022	1.9061652	0.0	1.8573289	1.5091133	1.8781195	2.1315236	1.3080859	1.986288	3.5947201	2.372343	1.5073531	3.190714	1.6063654	1.968738	0.0	2.321526	2.6400769	2.7672026	2.4607615	0.0	2.9979472	1.961433
PSEN2_32895	2.3764687	2.3301039	1.9030463	1.4715443	1.1131065	2.6824741	2.1003423	3.240815	1.7063249	3.3957052	1.8342675	1.955242	2.1454625	3.2360482	1.2110108	2.9436944	2.5653183	1.7073178	2.035052	1.8148876	2.5447638	2.0344265	2.5023503	2.6531126	2.6224735	0.80882925	1.1865652	2.4880157	1.4722159	3.0259323	2.5294693	1.2089423	2.2304184	2.942963	0.6449023	2.6244397	1.3109689	1.2540979	1.920373	1.7895929	2.8274064	2.5288935	2.168997	2.760871	1.5846274	3.6105773	2.8853111	2.4607615	1.1296852	2.6418855	1.7010021
PSIP1_9585	9.168401	8.4899645	8.94295	9.087955	8.935183	9.070218	9.098405	9.226117	9.599537	8.859643	9.387685	9.039468	8.924476	9.371815	8.897934	9.132552	9.340253	8.832274	8.675061	8.93161	9.523442	9.50427	9.100676	8.819309	9.093982	8.957627	9.3312645	8.686723	9.1961775	8.994214	8.628789	9.039819	8.62979	8.830495	8.3866	8.857254	9.131468	9.031254	8.430341	8.751562	8.960938	8.652737	8.599961	8.379019	9.101474	9.2884035	8.674941	9.596531	8.909883	8.828702	8.979113
PSMA5_33243	9.816813	9.226248	9.444942	9.392007	9.281003	9.438846	9.786059	9.891894	10.008485	9.464792	9.880634	9.424917	9.586347	9.972636	9.459158	9.724098	9.702154	9.2032795	9.338338	9.333292	9.9362955	9.669181	9.565943	9.326824	9.5424385	9.59168	9.74467	9.793876	9.67465	9.560491	9.550308	9.554469	9.26928	9.6349745	9.297951	9.4602	9.719379	9.624187	9.354972	9.331286	9.8247795	9.633717	9.280159	9.183321	9.704267	9.738235	9.455346	9.829561	9.20966	9.382081	9.290501
PSMB10_9588	5.388129	4.7181683	5.486725	5.6624675	5.3414774	5.8214674	6.13032	5.6710443	6.2420006	6.0805044	5.822592	5.2902393	5.5720115	6.0461383	5.796297	5.6969066	5.890534	5.1050324	4.999267	5.533869	5.7598586	6.0314226	5.5105495	5.664715	5.567498	5.183252	6.060031	6.2823343	5.745313	4.93921	5.778035	5.7227774	5.197555	5.362447	4.9999924	4.8964896	5.481941	5.387597	5.5316825	4.95886	5.4712963	5.6655555	5.302618	5.103678	6.1593757	5.872093	5.8266883	6.6775665	5.6355367	5.2361207	5.184957
PSMB3_9589	8.924142	8.328885	8.78165	8.582771	8.525687	8.708415	8.945155	8.7423935	8.84689	8.641869	8.883471	8.111398	8.316412	8.972973	8.727144	8.775131	8.651906	8.261374	8.525393	8.616913	8.870164	8.691628	8.559938	8.207824	8.382382	8.721106	8.668178	8.765249	8.739666	8.696502	8.6087675	8.727979	8.144027	8.571057	8.30153	8.334478	8.707098	8.613313	8.35564	8.211767	8.706305	8.69131	8.281127	8.120738	8.744332	8.790738	8.468087	9.02451	8.337942	8.296105	8.32499
PSMB8_9591	8.286805	8.326301	8.617736	8.471863	8.527962	8.101648	9.065138	8.908487	9.0678215	7.91112	9.177876	7.731448	8.120869	9.343189	8.81822	8.746187	8.922305	7.7788906	8.675061	8.743102	6.937449	8.924597	6.934493	8.438713	8.55554	8.660748	8.791714	9.388506	8.898303	8.799751	8.294672	8.750122	7.6289487	9.129991	8.160872	8.493604	8.834257	8.086415	8.777992	6.1994095	8.328595	8.428497	8.537969	7.6300545	9.090934	9.038535	8.91777	10.013724	7.727168	7.837393	8.440344
PSMB9_9592	7.652477	7.0149555	7.5387816	7.020719	7.3198023	7.8789454	7.823777	7.5045633	7.661296	7.52008	7.873427	7.385375	7.2317133	8.135587	7.397993	7.2442236	7.5212107	7.073246	7.426519	7.5736756	8.111669	7.272315	7.435682	6.801751	7.258919	7.6345973	7.442212	7.8644314	7.6799364	7.6632853	7.6883516	7.6370873	7.03188	7.536371	6.8436565	7.377873	7.612958	7.3431716	7.1391087	6.8563986	7.53894	7.806629	7.120349	7.0718617	7.8851957	7.8948755	7.2860494	8.119263	7.1415653	7.16676	6.9599795
PSMC1_32624	8.472805	7.7717166	8.491624	8.248946	8.07198	8.464633	8.691147	8.421954	8.687073	8.478115	8.472059	8.081056	8.048074	9.012008	8.451755	8.501697	8.446395	8.336604	8.584809	8.682492	8.741037	8.56051	8.750866	8.2832575	8.351389	8.791332	8.405852	8.721277	8.288712	8.367302	8.373917	8.203673	7.8490167	8.372781	7.7940536	8.121596	8.628293	8.4628525	8.263846	7.989189	8.481365	8.379142	8.053189	7.755368	8.584461	8.464136	8.100927	8.823994	7.8585243	8.0987625	7.9162617
PSMD10_9594	4.972539	4.235737	4.233438	4.6230755	4.6348104	4.741084	5.110143	4.633599	5.2466736	4.6783786	4.8262753	4.2468877	4.9283385	5.1478777	4.6246834	4.397897	4.5099177	4.5291295	4.65348	4.935002	5.034466	4.422068	4.8317766	4.399368	4.435108	4.6471567	5.4084845	4.9525843	4.4785657	4.745898	5.0760975	4.6961017	4.3711686	4.759719	4.557369	4.335545	4.7505484	5.3390527	4.1465945	4.085053	5.095927	5.075422	4.671279	4.2461166	4.80687	5.234024	4.29169	5.525152	4.234321	4.33762	4.5749664
PSMD4_9599	8.277089	7.8017945	8.310488	8.177112	8.056307	8.230888	8.5438595	8.318094	8.436829	8.068697	8.360102	8.226763	8.051803	8.6762705	8.242184	8.011459	8.362637	8.103966	8.01906	8.1860485	8.581106	8.472694	8.429341	7.8722076	8.337078	8.272553	8.0190935	8.220856	8.291437	8.218183	8.142832	8.275663	7.8719397	8.132564	7.7830205	8.15933	8.299158	8.140531	7.951232	7.9538813	8.373498	8.290842	7.759255	7.962643	8.259242	8.57294	8.245979	8.765456	8.166587	8.282678	8.162841
PSMD6_9600	9.623319	8.987063	9.384126	9.345576	9.301093	9.3843155	9.636743	9.418229	9.576913	9.289237	9.554502	9.220878	9.236012	9.845136	9.504266	9.559799	9.628501	9.0218315	9.420216	9.61739	9.589605	9.5983305	9.483708	9.289503	9.439027	9.429697	9.6922245	9.528667	9.508856	9.275835	9.188288	9.492768	9.109683	9.608019	9.2345705	9.082151	9.700243	9.27169	9.233401	9.106973	9.429183	9.33038	9.109509	8.61936	9.342684	9.48786	9.21004	9.786974	9.177458	9.172376	9.168408
PSMD9_9602	4.898422	4.2791452	4.7926054	4.9050636	4.4552264	5.257745	4.2789826	5.5579247	5.3570137	5.101667	4.8262753	4.8608956	4.7923274	4.9830303	4.805161	4.397897	5.3091817	4.380134	4.4228573	4.811058	4.8041854	5.253958	4.8578053	5.208422	4.346438	5.352082	4.2856593	5.9471774	4.624083	4.8865695	4.2273164	4.7321486	5.197555	5.3387933	3.8035955	5.0650043	4.5823607	4.3001184	4.4055	4.53073	4.7413044	4.467931	4.1621037	3.9787574	4.999513	5.370648	4.666361	5.166487	4.5950346	4.7028003	4.7051787
PSME1_9603	9.114858	8.916653	8.359453	8.45738	9.142383	9.480486	9.921361	9.102487	9.228857	9.689437	7.7062416	9.268779	9.610563	9.900504	9.483213	9.439782	9.519459	8.597208	9.41891	8.7044325	9.746328	9.35399	9.666009	9.160741	8.701213	8.937859	9.574016	9.197821	9.498275	8.964364	9.818916	9.679735	8.033153	9.160669	9.122326	8.730126	8.970409	9.383627	9.133202	9.126132	9.194086	9.677606	7.856793	9.322915	9.6297655	9.824038	9.556733	10.328755	8.888341	8.830549	8.802288
PSME2_9604	5.695876	5.054298	5.0228224	4.552153	4.8537273	5.4263177	5.6903305	5.3010025	5.5781703	5.480744	5.3033624	4.7876277	5.0820923	5.9241076	4.903518	5.53971	4.931359	5.128581	5.3233533	5.432355	5.232999	5.4092016	5.116841	5.078927	5.1363587	5.5502586	5.364475	5.7553062	5.3858786	5.3618555	4.922364	5.843036	4.644004	5.3387933	4.8669906	4.745896	5.596774	5.7074046	5.244279	5.1705146	5.5568447	4.5954337	5.302618	4.6296024	5.6142173	5.4713345	5.209795	5.0239434	5.1235476	5.6074963	4.7051787
PSME3_32547	7.0446134	6.399953	7.1578126	7.04675	6.3750253	7.2866488	6.99911	7.6769953	7.440986	7.2460995	7.124729	6.658267	7.283368	7.224341	6.69446	6.9715953	7.086584	6.7854447	6.4655533	6.2934885	7.56132	7.3994756	7.2951202	6.5562463	6.8550754	7.3454914	6.6515675	7.5699496	6.891261	6.8700004	6.877892	6.8387046	6.5629816	6.9474907	6.399474	7.4527197	6.759933	7.4555955	6.6012464	6.871615	7.135204	7.2701817	6.1366687	6.669522	7.2849026	7.664407	6.9757805	7.413656	6.7539506	6.7570086	6.288844
PSME3_32872	7.5269146	6.7006106	7.4623904	7.719916	7.2771664	7.5647564	7.5477204	7.9964275	8.201989	7.544821	7.7978106	7.2757783	7.605981	7.677097	6.914861	7.5056715	7.6326823	7.353605	7.1336756	7.137164	7.9518175	7.774791	7.7662864	7.3096933	7.6173654	7.5032644	7.3882866	7.6102185	7.217939	7.6710873	7.3693614	7.4277267	7.0386496	7.204655	6.8647413	7.62443	7.2485943	7.64222	7.050949	7.09549	7.533674	7.374607	7.0522895	6.678592	7.495355	8.18534	7.567999	8.373125	7.1656427	7.2352777	7.1119423
PSMF1_9605	4.4221745	4.2791452	3.5801554	4.272241	3.5195398	3.7218108	3.255363	4.0991335	4.0079637	3.8573148	3.9579256	4.072788	3.4948025	3.5507815	3.1521814	3.3745255	4.101142	3.4847689	3.5278807	3.892466	3.9546967	4.3797755	4.509381	4.1642017	3.6559942	3.861182	2.8837204	3.240585	4.0337577	3.7699122	3.7306347	4.323325	3.8619456	3.9115734	3.8035955	3.8364446	3.6835446	4.021211	2.372343	4.325033	3.2939854	3.87108	3.100484	3.4946837	3.0870192	3.9265325	3.7842216	4.656197	3.75223	2.7705867	3.7247775
PSMG1_9606	6.7676616	5.737941	6.6874213	6.156566	6.302471	6.9096565	6.721946	7.0149817	6.9799695	6.788345	6.975836	6.6786747	6.6580796	6.7976995	6.5500903	6.88437	6.86968	6.177205	6.4035425	6.8129573	7.0915256	7.139206	6.897329	6.4641585	6.755282	6.487215	6.9632645	7.448286	6.5615673	6.97458	6.5401225	6.4949646	6.3400016	6.7993875	6.136005	6.8225484	6.3785114	6.475067	6.6719136	6.34824	6.6427393	6.699378	6.3162346	6.286155	6.900368	7.3705664	6.5711827	7.0770926	6.384976	6.609932	6.4672437
PTBP1_32416	8.03049	7.245817	8.131765	8.129187	7.655612	8.542711	7.948079	8.973891	8.786551	8.19129	8.482447	8.002284	7.9635153	8.295304	7.485284	7.981205	8.443485	7.950565	7.214151	7.6837926	8.666969	8.613939	8.365006	8.12002	7.968786	8.261992	7.707391	8.606523	7.748999	8.495867	8.170413	7.563968	8.079843	7.905863	7.390904	8.747573	7.343744	7.9556766	7.6795964	7.992673	8.178103	7.964564	7.3438497	7.5581584	8.552168	8.859695	8.04492	8.660949	7.7709885	7.347871	7.5803933
PTGDR_33049	2.3764687	0.0	2.840976	1.125733	2.7688293	4.704067	2.3061843	2.6734118	3.2170308	2.5266557	3.1206355	1.955242	2.3531	2.668917	2.3059688	2.5073261	3.9778814	1.4325044	1.5155233	2.0523822	0.75764817	2.2375386	3.0458522	3.7189126	2.896768	1.3239917	3.5664334	7.2943783	1.751022	1.9061652	2.5294693	2.6430998	4.494464	3.7772398	1.0890009	2.6244397	1.687787	1.6218852	3.2258344	1.5073531	4.165012	3.573593	2.3448164	2.2785902	4.3214507	3.5194535	4.7308903	5.254248	4.279152	4.1132665	2.9549038
PTGER4_9610	4.312294	3.9436586	4.3348646	4.1333776	4.2500668	4.812385	4.624943	4.588229	4.890849	4.586044	4.369601	3.802208	4.1240664	4.4377885	4.1241193	4.303241	4.5537415	3.8672233	2.966509	3.7646446	4.4862447	4.463156	4.40733	3.8830926	4.042132	4.7312284	4.188035	4.8017797	4.0337577	4.775151	4.5961013	3.8193421	4.494464	4.442191	3.744154	4.7850432	3.409666	4.3001184	4.541123	3.3525324	4.319868	4.855298	3.5938523	4.1450377	4.6999564	5.205075	4.33385	5.3167343	3.986536	4.063883	3.3226593
PTGS1_32494	4.6196246	3.8314943	4.3830233	4.477563	4.529763	4.164796	3.5263135	4.9165835	4.6520104	4.72242	4.7365522	4.1911564	5.3232794	4.0941133	3.9509327	4.863637	4.464721	3.6238267	4.617513	3.892466	4.83942	4.244908	4.509381	4.399368	5.262879	2.6467445	4.5442247	5.626603	3.7464566	4.556708	4.750273	3.8848567	4.7794886	5.2654138	2.602338	4.4856753	3.8409395	3.8236685	4.255792	4.410862	5.179221	5.2916884	4.1621037	4.03634	4.2089777	5.0180063	5.7034664	5.936764	4.730334	4.457192	3.951628
PTGS2_9612	2.7580647	1.7233189	2.696003	0.66999	1.7338829	1.8913333	0.0	2.6734118	1.7063249	2.0617402	1.4386133	1.955242	2.3531	2.0223966	1.5716753	2.326616	1.6360242	1.4325044	2.035052	2.2562509	2.1549919	2.5739944	0.0	2.6531126	2.0785348	1.7028205	0.7119802	2.2755182	1.9845754	2.6996026	2.5294693	2.4830763	3.3549814	2.506633	1.0890009	2.6244397	2.4444666	2.3661232	1.6270963	2.228283	2.6826673	2.3475738	2.642854	3.224361	2.5845437	2.2443757	2.1650176	2.130537	1.4762079	3.194307	2.280753
PTK2_9613	5.0657864	4.1447926	4.8957977	4.657271	5.1181173	5.2057276	4.699865	5.510071	5.7698884	4.765157	4.9107437	4.8961797	5.5083156	5.178702	4.699605	5.240919	4.996322	4.696041	4.0436835	4.4023523	5.064556	5.253958	4.6351066	5.228918	4.6724668	4.8488083	5.0118756	5.434924	4.6582794	4.93921	4.8559704	4.659131	4.644004	5.049259	4.019533	5.1869392	4.6689043	4.617537	4.5836377	3.8594182	5.0075274	5.045958	4.4195247	4.429227	5.844996	5.370648	5.4963274	5.542687	4.5950346	4.602612	4.535497
PTPLAD1_9615	3.6472874	3.351601	3.736615	3.5409095	3.590906	4.5032363	3.0415661	3.7328856	4.365632	4.6783786	4.0352206	4.3005457	4.066259	4.2179937	3.1521814	3.9123585	4.0408278	3.8672233	3.603377	3.892466	3.888952	3.987655	3.8559678	3.7189126	4.435108	4.3070445	4.2856593	4.4426293	4.0849395	4.216295	3.3987858	3.4379745	3.9791842	4.442191	3.3245418	4.532437	3.3054578	4.2484846	3.4260273	2.955541	4.319868	4.1731524	3.7889702	2.760871	3.9064214	4.595598	3.9560254	4.556145	3.124777	2.6418855	2.542046
PTPN12_9617	5.0430336	3.430726	4.561031	4.43877	3.7238476	4.6660757	4.124374	4.8794	5.789699	4.9244695	4.484301	3.8747573	5.1109705	5.208881	4.278726	4.4867225	4.931359	3.7506518	4.503897	4.2673736	5.064556	4.788203	4.3350515	4.2061553	5.0264926	4.3070445	4.583148	5.243382	3.9256022	4.37757	5.0165553	4.2255597	3.594322	5.078117	3.9156005	4.7850432	4.864956	4.5337424	4.885008	4.233773	4.7773952	5.045958	4.5687127	4.5127454	4.357074	4.8782954	4.7308903	4.6236115	4.824082	4.1132665	4.5749664
PTPN6_9618	9.040708	8.331465	9.155424	8.736621	8.802423	9.284411	9.514947	9.112536	9.261145	9.147015	9.238374	8.806646	9.48244	9.761069	8.952564	8.929668	9.454475	8.777466	8.814629	8.946415	9.498861	9.227045	9.436992	8.488437	8.980709	9.132071	9.042732	9.434087	8.96471	9.13485	8.862334	8.820875	8.570301	9.419342	8.540842	9.099725	9.139068	8.928365	9.01779	8.196743	9.0354805	9.211012	8.708468	8.889225	9.286056	9.669698	9.143446	9.960086	8.868307	8.810103	8.436332
PTPRC_9619	7.3666463	6.9559917	7.445481	7.140387	7.1588554	7.915837	7.8153777	7.7611713	8.074551	7.52008	7.3227034	7.019946	7.8820915	8.178158	7.1993265	7.446001	7.726614	7.2923703	7.2380357	7.4902563	7.6631584	7.5163302	7.651933	7.468947	7.209496	7.5846205	7.5443683	8.198389	7.517115	7.1853795	7.4503465	7.221297	7.1553597	7.797242	6.7179804	7.5916843	7.585409	7.601641	7.7087	6.5973783	7.2423797	7.4994135	7.0711718	6.660394	7.9213405	7.6537333	7.4626865	7.7367506	7.0539823	7.2014256	6.9525065
PTPRF_9621	2.515188	1.4470309	1.9030463	3.2133267	2.6401563	2.521582	2.3061843	2.0264177	2.6509938	2.7128305	0.8916533	0.78194916	2.3531	2.0223966	1.8599678	0.0	1.6360242	1.9380654	1.7985483	1.8148876	2.3630009	1.5149852	1.8448938	2.977701	1.8395665	0.80882925	2.4505796	3.240585	2.185535	2.5720668	2.967061	1.8573289	2.2304184	2.325943	2.1315236	2.6244397	0.0	3.4190342	1.920373	2.955541	2.133485	1.8978021	2.168997	2.4578679	2.7000144	2.6400769	1.9649282	2.305077	1.7554088	0.66210103	1.3829705
PTPRK_9622	5.1744614	4.8678427	5.0228224	5.11647	4.938252	5.556621	5.7965627	5.7555585	6.480073	5.428523	4.990539	4.9971323	5.418762	5.5527062	4.545657	4.863637	5.5873795	5.304293	4.88289	4.811058	5.7226005	5.366524	5.4773555	5.346132	4.8762355	5.479094	5.753771	5.434924	4.5890565	5.8755445	5.646733	5.021495	4.873356	5.4967585	4.750989	5.5242486	4.4902925	6.0466537	5.6160297	4.7441783	5.067058	4.6355476	4.703909	4.385582	6.07632	5.6538005	5.400396	4.920435	4.522309	4.1132665	4.888658
PTTG1_9623	3.8178284	3.351601	3.8777544	3.6804638	3.78599	3.7940469	1.5718547	4.8794	4.6520104	3.1598291	3.5991883	4.8608956	2.8407278	2.9801729	3.255121	4.64948	3.4379885	3.5559726	3.5278807	1.8148876	3.3189702	4.1969967	3.1336944	3.830415	4.518643	3.7036133	2.6098514	4.0988913	3.2142637	3.9345353	3.4891737	3.7507105	4.811461	3.7050712	3.6821575	4.4856753	2.6284897	4.5762477	2.8613043	3.6635237	3.8630507	3.573593	3.100484	3.4946837	3.3214757	3.2054403	2.1650176	2.9556122	3.619066	3.8474822	3.2267935
PUF60_9624	5.7530723	5.367516	6.090229	5.7282867	5.2780237	6.386264	6.2093763	6.456777	6.074456	5.9005184	5.822592	5.817568	6.0307245	6.488882	5.2903852	5.5603223	6.2246356	5.618901	5.511487	5.514129	6.2920823	6.4132466	5.7655525	5.5714955	5.835262	6.1480474	5.9600687	5.6923895	5.7922645	5.820483	6.2220645	5.4472365	5.702723	6.1410823	5.317981	6.210785	5.574527	5.6488647	5.244279	5.733759	5.9378657	6.247498	5.191954	5.674587	6.383208	6.43018	5.9937863	6.6126337	5.350557	5.481522	5.222723
PWP1_9626	4.524275	3.5057364	4.642423	4.43877	3.9578092	4.586952	4.2789826	5.243633	4.694665	4.381498	4.8262753	4.3005457	4.3345904	4.7968874	4.2290087	4.397897	4.7919374	3.9221573	4.542772	4.2673736	4.3944616	4.6877766	4.3716435	4.1642017	4.8442106	4.689805	5.1736393	5.0224595	4.5890565	4.8865695	4.328719	4.0652423	4.236344	4.6486726	4.06882	4.999941	4.2864017	5.0382223	4.202226	4.085053	3.9287112	5.1326027	4.013831	4.1450377	4.8821573	4.7638493	4.8225756	5.254248	4.0396147	3.194307	3.8263953
PXDN_9628	2.515188	2.6274648	3.4950655	2.6598237	2.6401563	3.5654895	3.5263135	3.6469922	3.6225116	2.5266557	3.8762534	2.200775	2.3531	3.6420867	2.6461606	3.7780194	3.2376134	2.854038	2.966509	2.73687	3.5911667	3.987655	2.0393906	3.9830067	2.896768	3.3250225	4.3321013	3.5554237	1.9845754	3.2918935	3.5742307	2.7871325	3.2654822	3.7772398	2.602338	4.281817	1.986288	3.2189481	1.6270963	2.955541	3.079476	3.3017287	2.5015178	2.760871	3.3918626	3.696286	3.0959623	2.7293007	1.7554088	2.6418855	2.7631934
PYCARD_33242	7.965427	7.3204365	7.7691545	7.409762	7.141133	7.9239087	8.083653	7.7965083	8.070508	7.6905184	8.027969	7.3666296	7.822231	8.288255	7.654902	7.736017	7.823779	7.3233123	7.6116	7.723012	8.049085	7.795047	7.745524	7.1360893	7.4989448	7.6345973	7.9500465	8.440964	7.5719614	7.6632853	7.7627177	7.6792436	7.3255444	7.8815126	7.48922	7.4282	7.994384	7.647213	7.9793687	7.2136426	7.7759185	7.9246492	7.419476	7.402633	8.041159	7.961302	7.7886734	8.45412	7.376319	7.64092	7.3062177
PYCR1_9631	2.6417313	1.1049913	0.752753	1.125733	1.7338829	2.340468	2.3061843	2.0264177	3.7082813	3.1598291	2.9712968	1.6591743	1.2447265	2.8329227	2.4860687	2.6678994	1.9300845	2.3117008	1.5155233	2.4348454	2.7061675	2.7167444	2.5023503	1.6397378	2.6224735	2.957191	2.4505796	3.3533397	1.4722159	2.1035776	1.2411588	0.7275637	3.1700616	2.1193378	1.4280888	1.9826764	2.4444666	2.1579974	1.6270963	2.955541	3.190714	2.3475738	0.0	2.760871	1.8069959	3.777187	2.1650176	2.7293007	0.67270136	2.6418855	1.8370861
PYGL_9632	6.1221447	6.211148	6.215204	6.6481547	6.5007925	6.632697	6.389918	7.146002	7.296151	6.5886674	6.4493203	6.436542	6.045759	6.8465075	6.031988	6.867928	7.0940237	6.254158	6.5054603	6.595388	6.7557354	6.689128	6.9160304	6.5562463	6.9332676	6.8951926	6.402324	6.9263535	6.6910896	6.304629	6.06928	6.280462	6.4557953	7.151338	5.8561635	6.472969	7.213032	7.1526737	7.004763	6.412073	6.2518764	6.549967	6.475904	6.6512084	6.971045	7.082996	6.982422	7.112749	5.843864	5.888464	6.288844
PYGM_32527	4.1933494	4.1909814	4.285043	3.5409095	4.376628	4.414362	3.8229792	4.8412323	4.5159154	4.206481	3.3796642	4.072788	4.0060377	4.672462	3.822728	4.035247	4.1590357	3.9750757	4.503897	3.1992087	4.7680693	4.755498	2.8522859	4.537232	4.042132	4.3070445	4.02797	5.9471774	4.0337577	4.590013	4.468596	4.3698306	4.188449	5.078117	3.3245418	4.664262	4.230585	4.2484846	4.255792	2.7067823	3.9287112	4.117587	4.338716	3.7907844	4.6999564	4.8782954	4.6329803	4.5211906	3.8144693	3.9597363	3.5376832
PZP_9633	2.6417313	4.44079	0.0	6.6137404	4.6348104	5.4034085	2.486291	2.4882271	4.1372924	4.72242	0.8916533	4.072788	4.179647	1.3398731	1.2110108	0.0	4.369845	5.3847256	0.6957044	1.1757872	6.4824243	2.9657874	7.444297	4.601519	1.5530008	1.3239917	4.583148	4.8017797	0.0	1.0698712	0.75012773	4.007584	1.157626	1.8781195	5.397298	3.405289	1.3109689	2.1579974	1.2585819	5.7503176	1.2357911	1.8978021	1.1148349	2.4578679	4.357074	5.3443384	3.5891576	3.0567124	3.2198298	2.7705867	2.0759077
QDPR_9634	5.1533713	4.2791452	4.7926054	5.4448147	5.018098	6.0888844	5.2662044	5.815846	5.828522	5.6725554	5.61167	4.8961797	5.418762	5.621631	5.137091	5.0500746	5.7656603	5.944928	4.4228573	4.778334	5.7413497	6.098155	5.9821806	5.0095425	5.4447303	5.7649255	5.0401273	5.60399	4.7243323	5.5597467	4.4234605	5.237528	4.7794886	5.6583595	4.8101554	5.677744	4.4902925	5.608475	5.075798	5.49918	5.4712963	5.1042953	4.856829	4.3405747	6.4003825	5.6538005	5.3396177	5.659805	4.7622647	4.602612	5.146176
RAB11FIP2_9636	1.3630255	2.9829214	2.353332	1.750284	2.7688293	3.2937799	2.6463878	2.0264177	3.2170308	2.5266557	2.1444392	2.200775	3.093146	2.2714932	3.4412823	2.9436944	3.0048497	3.3308632	1.5155233	1.8148876	2.8513174	2.0344265	1.620029	2.7696137	2.2834883	2.002579	2.4505796	3.4579172	2.5190232	2.8167744	1.8983116	2.4830763	2.7090814	3.1743853	1.0890009	1.9826764	2.4444666	3.2189481	3.2258344	1.156129	1.6005821	2.6899478	2.168997	1.1915702	1.8069959	2.8034983	2.6385555	2.8468895	3.0230174	1.7353235	1.8370861
RAB1A_33291	7.6895747	6.852025	7.4168506	7.4925885	7.1705503	8.006041	7.6170177	8.191078	8.315667	7.482156	7.9799023	7.409996	7.9753423	7.8782806	7.6689534	7.666419	7.9397993	7.343578	7.2020583	7.2900777	7.943745	7.7788644	7.5716414	7.6006074	7.79958	7.5151715	7.771987	8.800482	7.8186913	7.4440312	7.9374332	7.5336504	7.6904197	8.076461	7.2696714	7.6825995	7.4635906	7.8556933	7.824016	7.3338757	7.987133	8.029983	7.258558	7.429746	8.068277	8.140174	7.840772	8.218062	7.3022323	7.494853	6.9637017
RAB21_9637	7.247311	6.6926064	7.019935	6.868491	6.519204	7.317612	7.516971	7.25163	7.7346716	6.9909787	7.06147	7.011926	7.4732676	7.4304905	7.119717	7.2442236	7.3822846	6.6536818	6.8765035	6.914329	7.7115026	7.3781505	7.2855635	6.66554	6.9024973	7.2489676	7.3992343	7.604534	7.1831303	7.0057654	6.9749346	7.095492	6.5152454	7.1581116	6.899212	7.0241556	7.5402064	7.478187	7.2620025	6.7858667	7.3601017	7.4939685	6.7581515	6.8489614	7.361444	7.6907496	7.5140133	7.6981506	7.0410247	7.3270907	7.098462
RAB27A_9638	6.5347157	6.1185894	7.1085353	6.428158	6.590586	6.8431134	7.1062794	6.8990054	7.2892094	6.9171014	6.925969	6.708755	6.59815	7.4869986	6.5998363	6.5957603	6.9862084	6.4996624	6.672525	7.242886	7.4743342	6.9279833	7.382883	5.694496	6.8307667	7.1145487	6.642382	6.962355	6.832574	6.980871	6.764829	6.6252737	6.3400016	6.7374196	6.0649066	7.111448	6.4657097	6.9166923	6.425407	6.2351427	6.9340663	6.817425	6.050487	6.297975	6.8698664	7.2762995	6.7137065	7.6903048	6.6972666	6.7492194	6.1322904
RAB30_9639	4.9482536	4.235737	4.3830233	4.786481	4.6348104	5.1789985	4.9658127	5.1838865	4.996911	4.72242	5.4517074	4.5863132	4.9283385	5.37779	4.4183564	4.351345	5.027739	4.41885	3.9884303	4.444678	5.3597484	5.1819463	4.7507486	4.325158	4.518643	4.8488083	5.0950236	5.8155932	5.484474	5.1548686	5.1332793	4.835181	4.644004	4.528361	4.207318	4.2260103	4.9011602	5.2367706	4.541123	4.56857	4.8469768	4.888876	4.4195247	4.3405747	4.614228	5.3443384	4.880614	5.675786	4.854025	4.636787	4.1990376
RAB31_9640	7.310596	6.7554317	7.8948894	7.5931683	7.66391	7.90772	7.6738763	7.5760274	7.871094	7.362006	7.3072042	7.5714946	7.439513	8.189553	7.1467447	7.946392	7.931518	7.217482	7.1400275	7.1045356	8.461818	7.2952504	7.4907813	6.73883	7.4196706	7.2055383	7.225601	7.6658635	7.0859795	7.421081	7.245164	7.208559	6.851421	7.6319175	6.7485514	7.201013	8.087664	7.367579	7.2289023	6.938169	8.013852	7.40973	6.9265947	7.50306	7.9595013	8.379217	7.4143863	8.287312	7.660956	7.3935585	6.887373
RAB4A_9643	4.556763	4.44079	5.3480306	4.817053	4.9106236	5.4034085	5.595408	5.2726026	5.7698884	5.033377	5.6854568	4.7876277	5.6330137	5.7503257	5.137091	5.240919	5.544581	4.928461	5.1069536	5.205005	5.383815	4.788203	5.4433794	4.8333554	4.9382286	5.352082	5.4084845	5.509819	5.2126093	5.6254697	4.8895493	5.0503354	4.8427405	4.862825	4.689292	4.8964896	5.3571715	5.7074046	4.91861	4.4519343	5.838872	5.341044	4.9684715	4.2461166	5.9652896	6.0935974	5.0419116	5.909991	4.824082	4.5317335	5.3980093
RAB5A_9644	7.832426	7.059206	7.4511395	7.767653	7.249864	7.784583	7.889269	8.043411	8.249256	7.4563074	7.74702	7.16442	7.645994	8.021192	7.664285	7.5215254	7.7783256	7.3635626	7.3681912	7.5689	7.7856345	7.85802	7.48244	7.576819	7.6731195	7.38496	7.873608	7.965456	7.5402217	7.5064144	7.264489	7.4222207	7.4777555	7.5415606	6.899212	7.5806017	7.590961	7.601641	7.7559385	7.4549923	7.9520364	7.6242795	7.500651	6.7999296	8.01909	7.711483	7.8875213	7.864256	7.36076	7.4618726	7.2885194
RAC1_9645	7.6895747	6.4194837	7.363839	7.103658	6.4727273	7.615476	7.403875	8.175824	8.249256	7.696051	7.7527523	6.971144	7.830936	7.830553	6.914861	7.7495427	7.5156817	7.4548826	6.853495	7.1242013	7.7444053	7.4565444	7.5637565	7.3662972	7.1386514	7.4422097	7.3436465	7.8926926	7.1414294	7.2802515	7.6931133	7.1564527	7.198314	7.8815126	6.8717017	7.830266	7.012496	7.995374	7.5025716	6.8791633	7.7669706	7.8327446	7.0137663	7.051059	7.897345	7.8204784	8.245979	8.245091	7.0984383	7.14911	7.105218
RAC2_9646	8.650769	7.657106	8.427052	8.116952	8.147895	8.54533	8.872119	8.261414	8.751625	8.135373	8.636116	8.018386	8.220295	8.979552	8.12135	8.077298	8.730383	7.862021	8.253897	8.565096	8.698494	8.379185	8.499221	7.948342	8.09662	8.563762	8.381216	8.506438	8.484869	8.469266	8.146308	8.395707	7.7739263	8.50352	7.9599943	7.9642115	8.459498	7.7389374	8.123214	7.294901	8.285386	8.117564	7.9717913	7.6300545	8.5191345	8.800447	8.163634	9.123965	7.944535	7.750324	7.8792977
RACGAP1_9647	4.679861	4.4785223	4.7194676	4.552153	4.4164624	4.5032363	3.8885062	5.71392	5.3833284	4.8862605	4.990539	5.180035	3.2045193	3.8089995	3.606144	4.1484847	4.75487	4.873771	2.7174463	4.2673736	5.003735	5.5301437	5.116841	4.9115124	4.6724668	4.511081	3.2164025	4.916335	4.2284164	4.6855497	3.9374175	3.8193421	4.494464	3.7772398	3.54955	5.2993665	3.5068517	5.007489	3.4260273	5.194915	4.5871716	4.117587	3.7889702	3.9187803	4.2089777	3.9957814	3.843792	4.6880627	4.4845233	4.012749	3.8587372
RAD18_9649	4.3498583	3.8886662	4.06653	4.398905	3.1924727	4.704067	3.5263135	5.3010025	4.8155456	4.076771	4.782111	4.710439	4.560755	4.157383	3.9509327	3.9751108	3.7706692	4.2573314	2.4162252	3.469012	4.7680693	4.422068	3.9557486	4.325158	4.0975184	4.2511845	3.9104564	3.8904636	4.1343675	3.7699122	4.1738105	3.3479161	4.533327	4.3024426	3.2410011	4.999941	3.5068517	5.155	4.1465945	4.49187	4.368001	4.3762045	4.013831	3.224361	4.2474513	4.4551363	4.2034826	4.556145	3.8144693	3.7257514	3.9213243
RAD21_33184	8.870227	8.421391	8.834561	9.046628	8.660349	9.050078	8.84349	9.5393915	9.355548	8.804366	9.211568	8.81819	8.792545	9.273506	8.715908	9.139418	8.977649	8.897124	8.483545	8.543349	9.283898	9.386393	9.1182785	9.268619	8.960312	8.808368	8.832669	9.048814	8.815493	9.05063	8.689624	8.631075	8.89147	8.62094	8.322002	9.374564	8.559165	8.8782835	8.430341	9.012323	8.792601	8.679366	8.200526	8.204761	9.128781	8.9540615	8.45382	8.88197	8.464646	8.279978	8.363537
RAD51_32943	3.0595496	1.4470309	2.696003	2.361048	2.9961455	3.7218108	1.5718547	2.6734118	2.814638	3.0256517	3.3796642	3.3719604	2.3531	0.0	3.606144	2.8123772	3.1259208	2.7363515	2.4162252	1.8148876	1.911856	2.7167444	3.2164934	3.3209743	3.12715	2.6467445	2.271517	5.9471774	3.3873456	2.4321535	2.6905363	1.8573289	3.7343307	2.811656	2.461808	3.188829	2.23349	3.2189481	2.8613043	2.0255485	3.7220223	2.5288935	2.3448164	2.760871	3.953726	3.2054403	2.7672026	4.0183334	3.8144693	3.2832968	2.7631934
RAD51C_9650	5.47569	5.367516	4.928618	5.3643	5.4022574	5.38013	4.068923	5.815846	5.095707	5.2594614	5.3342767	5.2902393	4.6811824	5.0512457	4.6626306	5.1889186	5.500474	5.4041524	3.871139	5.180168	5.122916	5.7944193	5.3547654	5.5714955	5.401371	5.479094	4.583148	5.2138186	5.189411	5.109653	3.8029058	4.9313436	4.679086	4.528361	4.48659	5.5920415	4.970953	5.155	4.202226	5.733759	5.4265413	4.226657	4.458293	4.8382587	5.0218806	4.595598	4.9635158	4.2061086	4.9402957	4.8844457	5.0373535
RAD9A_9651	3.0595496	0.0	3.5801554	0.0	1.4566294	0.0	3.6063921	3.1184926	3.789237	2.8777032	0.0	2.410535	3.808642	2.2714932	0.0	0.7393115	1.6360242	1.9380654	2.7174463	3.7646446	2.3630009	3.7426953	2.3639069	0.6126101	2.4629142	3.21252	3.2164025	3.732648	2.3618937	2.9251404	0.0	3.7507105	3.1700616	3.373766	2.461808	2.7875395	3.6835446	2.8546557	3.1142545	1.7895929	2.5217707	2.5288935	2.642854	2.6173096	3.6999757	0.0	3.4427273	1.4272856	3.0230174	1.1142143	1.550732
RAE1_9652	3.1475024	2.6274648	3.0934007	3.1183274	2.6401563	3.5654895	3.255363	3.6469922	2.9615965	3.689954	3.4935977	2.5936327	3.093146	3.2360482	2.6461606	1.8787316	3.1259208	2.854038	2.4162252	2.4348454	2.5447638	3.987655	2.952313	3.2425063	3.4156697	3.6178672	2.4505796	4.336896	3.2142637	2.1035776	4.1738105	3.2518594	3.518869	3.7772398	3.6173768	2.9340591	2.7916732	2.9865744	2.8613043	2.8365164	3.4806895	3.573593	3.6618662	2.760871	3.523103	4.4051027	3.4427273	3.9144068	2.190403	3.2832968	2.6195898
RAI14_9653	5.605592	4.1909814	4.9920993	4.9332466	4.6681924	5.637379	4.624943	5.510071	6.3121667	4.586044	4.782111	4.8961797	5.441677	5.295806	4.5044594	4.8300796	4.596273	4.4932985	4.8522673	4.6025567	5.8831687	5.0533123	4.8052697	4.96136	4.6724668	5.32528	5.1217074	5.873462	4.399905	5.5257273	5.161042	4.5009766	4.494464	4.9590516	4.2506785	5.2720704	4.112024	5.182775	5.321673	5.0685654	5.095927	5.365103	4.7358174	4.2461166	5.5994205	5.1755333	5.116266	5.275379	4.4845233	4.5676084	4.5553665
RALA_9654	8.204615	7.366445	7.7554994	7.7870865	7.73652	8.090935	8.087147	8.034982	8.430533	7.915869	8.218149	7.521529	8.055521	8.166672	7.951647	7.95809	7.897909	7.4123454	7.89685	7.810579	8.365397	8.018235	7.997521	7.684622	7.5982914	8.003425	8.260338	7.5582347	8.201537	7.545139	8.064146	8.1245165	7.3255444	7.660821	7.546887	7.4946523	8.075833	7.3796296	7.7466135	7.350262	8.116038	7.9001594	7.6504626	7.386117	7.8667784	8.045365	7.848064	8.433118	7.6651845	7.870082	7.7123523
RALB_9655	3.3831434	1.9551042	1.6111797	2.907214	2.498873	3.4804814	2.6463878	2.6734118	3.0949595	2.312845	1.4386133	1.955242	3.7363482	2.9801729	2.3059688	1.5888703	3.1259208	1.7073178	2.4162252	3.0967624	3.5060158	2.4155526	2.5023503	2.877406	1.5530008	1.7028205	1.5430765	4.8409843	1.9845754	2.4321535	2.1406834	2.097342	1.7915226	2.6671908	0.6449023	3.0670605	2.6284897	1.2540979	3.1142545	2.4060068	2.3406515	3.087079	2.168997	1.8351252	2.5845437	2.9502776	3.0959623	3.239858	1.4762079	2.6418855	1.8370861
RALGDS_9656	2.9658844	2.1547542	2.5348177	3.016629	3.4444587	3.0792744	2.6463878	2.4882271	3.789237	3.1598291	2.8046954	2.410535	3.093146	3.3487625	3.1521814	2.9436944	3.1259208	2.467557	1.5155233	3.3845623	3.747729	3.8079436	3.5070412	3.1595235	3.016553	3.3250225	2.271517	3.240585	3.3033986	2.6996026	2.1406834	2.6430998	2.5664744	3.277517	1.9328802	2.6244397	3.3054578	3.8925655	3.6822517	2.8365164	2.3406515	1.8978021	1.968738	2.760871	2.4590204	3.3178785	2.6385555	3.1511896	2.6659598	3.0994654	2.6195898
RAMP2_32728	7.4424996	7.240337	7.8049483	8.03154	7.4974556	8.140265	8.168538	8.034982	8.801265	7.832922	7.658181	7.731448	7.817858	8.143421	7.900955	7.736017	8.185928	7.531962	7.2261424	8.32848	8.674305	7.583086	7.88495	6.673039	7.60786	7.7142277	7.6070895	7.6158805	7.48889	7.7431765	8.011742	7.024592	7.291943	7.6512504	6.6867476	8.170461	7.283301	8.219754	7.6990643	7.59908	7.8708453	8.169719	7.3124533	7.644014	8.213819	8.880443	7.6285305	7.7706294	7.391711	7.6367044	7.196618
RAN_9657	9.763008	9.155217	9.551508	9.768558	9.723519	9.742499	9.69055	9.911597	9.627327	9.662844	9.973157	9.586194	9.364481	9.947127	9.530155	9.378714	10.049793	9.407184	9.338338	9.510615	10.03553	9.825062	9.857165	9.3562355	9.716163	9.7103615	9.65959	9.89746	9.712775	9.664792	9.221628	9.531639	9.409055	9.506847	9.343723	9.681219	9.629169	9.341122	9.093298	9.485128	9.782118	9.447681	8.968915	9.044631	9.719742	9.905023	9.050112	9.504455	9.327731	9.077587	9.1505575
RAP1GAP_9659	2.0511916	2.1547542	2.145686	2.1847157	2.6401563	1.6004289	2.3061843	1.7248423	2.6509938	3.0256517	2.8046954	2.9020875	0.7526357	2.668917	2.3059688	2.6678994	3.2376134	1.9380654	1.5155233	1.5304413	2.1549919	3.178102	1.8448938	1.0412753	1.1950403	2.810302	2.4505796	2.2755182	2.7897131	2.1035776	1.8983116	2.4830763	1.7915226	2.506633	1.9328802	2.2296865	2.6284897	1.2540979	2.8613043	1.5073531	1.8915004	2.3475738	1.7361305	2.6173096	2.169534	3.3178785	2.6385555	3.239858	1.7554088	1.1142143	1.8370861
RAPGEF2_33109	2.9658844	3.8886662	3.2047765	3.2133267	2.9961455	4.2182827	3.3514462	4.1624165	4.3118453	4.143083	3.5991883	3.03466	4.1240664	4.4377885	2.3059688	4.035247	3.9120631	2.7363515	2.574683	3.0967624	4.731025	3.6026177	3.5713751	4.076447	3.9845338	3.3250225	4.2856593	4.336896	3.2142637	4.034695	4.000245	2.4830763	4.188449	4.3970957	3.0578372	4.437347	2.23349	3.1074347	3.89976	3.0654895	4.051694	4.6355476	3.4473767	4.03634	4.2089777	3.8537915	4.33385	4.71924	2.79505	3.3671148	2.8937876
RARRES1_33060	10.063561	9.540187	9.565922	9.496046	9.677131	9.626117	10.049538	10.117234	10.341922	9.686661	10.189368	9.5875435	10.759082	10.094837	9.803943	10.169502	9.748855	9.568691	10.085699	9.787367	10.121235	10.001907	9.822064	9.936964	9.998504	9.776161	10.022017	10.544859	10.017787	9.89292	10.191264	10.002004	9.767956	10.451062	9.9090395	9.612149	10.034613	9.903078	10.66355	9.56335	10.00491	10.534797	9.860283	9.867023	9.62338	10.121885	10.241027	10.104338	9.720021	10.15279	9.333567
RARS_9660	5.1744614	4.5861354	4.862214	4.9050636	4.2500668	5.356469	5.110143	5.460575	5.828522	5.134637	5.2394724	4.7876277	5.2472773	5.6658173	5.1098804	5.29111	5.628945	4.664168	5.157925	5.4111657	5.7598586	5.2063518	4.778267	5.0561676	5.401371	5.526925	5.6103992	5.243382	5.189411	5.672869	4.922364	5.1335516	4.989707	5.5798206	4.48659	5.1574078	5.9127274	5.524137	5.553236	3.8594182	5.4265413	5.1042953	5.191954	5.2568727	5.6577187	5.51916	5.360163	5.7072268	4.6976795	5.0709724	4.964921
RASA1_9661	7.5593443	7.096084	7.5858374	7.8549566	7.4211855	8.098086	7.8527966	8.4057	8.3360195	7.792174	7.8468738	7.434204	8.106601	7.960402	7.8566256	7.74054	7.988513	7.3783712	7.593199	7.464774	8.15776	8.011326	7.9559526	7.7675185	7.7743096	7.521088	7.792892	8.307379	7.6923666	7.7542367	8.067817	7.8447895	7.7201996	8.043917	7.447902	8.006232	7.853672	8.026364	8.037874	7.444855	7.7306147	8.048673	7.564233	7.1192656	7.838703	8.089594	7.8839784	8.245091	7.446786	7.5361786	6.9967747
RASSF1_32475	4.972539	4.235737	5.1112504	4.84699	3.9027789	4.880327	4.3270435	5.71392	5.158002	4.8862605	4.9107437	3.6451528	5.273059	5.1478777	4.6626306	4.5291653	4.897746	4.4932985	4.503897	4.065186	4.9402366	5.2063518	5.3177376	4.96136	4.7084904	4.1325245	4.657979	5.60399	4.316707	5.220141	5.0466332	4.4148836	4.873356	4.989752	4.1164784	4.664262	4.5370607	5.3390527	4.6650844	4.185883	4.503455	4.855298	4.496046	4.385582	5.5073028	4.9498415	4.9901237	5.963049	4.279152	4.1132665	3.8263953
RASSF4_33075	5.65144	5.590662	5.3720922	5.3434486	5.018098	5.637379	5.762014	5.5812693	6.516195	5.555693	6.2202506	5.7224817	6.27994	5.977675	5.708323	5.952182	5.8559446	5.34507	5.367332	5.389661	5.9491715	5.1571207	5.3908668	5.454533	6.1290545	5.595824	5.884174	6.1790314	5.2579165	5.8755445	5.813455	5.3108706	5.5781603	6.1546936	5.255493	5.6355286	5.5056505	5.2100253	6.156367	5.556797	5.1242294	6.234497	5.168765	5.4807954	5.6719327	6.3531065	6.544502	6.897944	5.751434	5.7391644	4.774628
RB1_9662	8.973108	8.557631	8.851775	9.339007	8.701237	9.315423	8.541315	9.768939	9.491794	8.832269	9.121393	9.12375	9.358473	9.01628	8.543591	9.173265	9.236513	9.024972	8.285758	8.463261	9.563503	9.572747	9.227122	9.368988	9.206897	8.798658	8.751699	9.167298	8.790657	9.038617	8.717937	8.41524	9.139901	8.950451	8.518842	9.451101	8.641729	9.070811	8.388987	9.129301	8.980422	8.927748	8.256592	8.339534	9.1905575	9.129934	8.735169	9.238684	8.769647	8.353746	8.409291
RBKS_9663	3.970324	3.267883	3.4950655	3.4657202	3.2814488	3.9912984	3.6063921	4.33714	4.0740767	4.381498	3.9579256	3.8747573	3.943193	3.7279556	3.5260668	3.7058477	3.5286222	2.9628441	2.8473456	3.8299706	4.3944616	3.7426953	3.0458522	4.076447	3.3257585	4.003223	3.4020078	4.720022	4.1343675	3.516373	3.654551	4.1206846	3.4392512	4.3970957	3.8606849	3.3011148	3.5068517	3.8236685	3.5165868	2.955541	3.6459768	3.6539102	3.6618662	3.4100819	3.857513	4.061858	3.9009998	4.4109397	3.124777	3.9047008	3.6892493
RBL1_9664	5.3140416	5.2632866	5.9211373	5.836704	5.1888294	5.695113	5.671839	6.116754	6.008361	5.4548697	5.7326317	5.92397	5.5510902	5.429967	5.0538692	5.5187993	6.005455	5.2408824	5.2779913	5.0763106	5.60468	6.2584624	5.832711	5.90018	5.567498	6.003384	5.2237663	5.7957764	5.426129	5.241258	5.267041	5.425385	5.8638606	5.106409	5.543938	5.907975	5.4333205	5.3390527	4.91861	5.7666883	5.380353	5.5015926	4.1621037	4.962284	5.6288643	5.6103015	4.9364076	5.2962046	4.8833585	4.7028003	5.307179
RBM12B_32289	3.5212522	3.430726	4.1799192	3.7454848	3.0976462	4.0514793	5.164061	4.2230396	3.6225116	3.8573148	4.8691278	3.6451528	4.1240664	4.0941133	4.068669	4.0929766	4.716825	3.6886325	3.274329	3.6243875	3.820068	3.870368	4.003165	3.9830067	4.5586634	4.2511845	3.7825153	5.1213093	3.4666753	4.415221	3.9374175	4.174075	3.7995486	3.6291015	3.2410011	3.9091218	4.827819	4.0814734	3.601796	3.9766421	3.794259	4.328058	4.208325	3.8562014	4.3918386	3.777187	3.9560254	4.8089223	4.14025	3.8474822	2.8937876
RBM34_9666	4.8468065	3.430726	4.5185456	4.7552466	3.8455658	4.704067	4.504718	4.952833	4.608057	3.8573148	4.8691278	3.802208	4.3345904	5.208881	3.888254	4.2534776	4.5537415	3.9221573	3.871139	4.2673736	4.191271	4.54198	4.6648974	3.2425063	3.4156697	4.771496	4.0833216	4.4426293	4.0849395	4.1729927	4.0604506	3.8193421	3.4392512	4.3970957	3.54955	4.7850432	3.9136333	4.3001184	4.885008	3.0654895	3.9287112	4.059796	3.100484	4.2461166	4.2089777	4.595598	4.7308903	4.8933544	3.6871839	3.8474822	3.7247775
RBM6_9668	6.305386	4.6536617	5.984942	5.628397	5.752788	5.9053917	6.272101	6.116754	6.6630454	6.046259	5.9676685	5.7026887	5.984658	6.595528	5.813266	5.363267	6.316539	5.958132	5.7293544	5.6469483	6.266422	6.3814483	6.4863195	5.9748893	6.115702	6.0368085	6.2534223	6.405131	5.8818173	6.304629	5.865006	6.042824	5.632866	6.271738	5.3382225	5.890132	5.964973	6.2702465	5.8075576	5.418593	5.8043046	5.722536	5.323767	5.1303673	5.844996	6.4049435	6.3932185	6.7623305	5.858709	5.6074963	5.721896
RBP1_9669	6.0325828	6.188559	6.2018404	5.4834476	5.639539	6.2516503	6.71293	6.1639047	6.455479	6.425064	6.6713715	5.7026887	5.5298615	6.1114993	5.6900654	6.028136	6.3665404	5.82032	6.2357464	6.147377	6.558403	5.7782297	6.0172477	5.269057	5.680633	6.4380264	6.6787777	6.067757	5.8525796	6.053223	5.8817883	6.441535	5.7196712	5.5798206	5.8561635	5.6983967	6.141817	6.3459005	5.7712326	5.479451	6.3747582	5.523136	6.251488	5.020515	6.3570557	6.0777154	5.7509165	5.675786	5.147925	5.3434863	5.3980093
RBPJ_9670	3.763191	2.75593	4.006308	3.386396	3.9578092	4.164796	4.3270435	4.1624165	4.46754	3.5005994	3.9579256	3.9438322	3.8774855	4.3320727	4.1241193	3.5496771	4.1590357	3.4098673	2.8473456	3.2948601	3.888952	3.930203	4.093564	4.2061553	4.042132	3.0904965	3.9704094	5.434924	3.2142637	3.648705	4.675246	3.5227396	4.3276124	4.1476912	3.2410011	4.437347	3.5068517	4.021211	3.9655392	3.3525324	4.2184987	3.573593	3.6618662	3.4100819	4.4257855	4.7638493	4.009029	4.749758	3.124777	3.0994654	3.7594514
RCN1_33000	5.388129	4.362231	4.7926054	4.51534	5.018098	4.6660757	5.190283	5.1530595	5.749802	4.586044	5.4232335	4.352279	5.0225425	5.208881	4.068669	5.0500746	5.68913	5.174556	4.4228573	5.453237	4.9074078	5.0261497	5.426087	4.8333554	5.6623826	4.8488083	4.7969165	5.3007517	4.7243323	5.0390563	4.954449	4.007584	4.413449	5.188101	3.9156005	4.57773	4.5370607	5.2100253	4.704146	4.641398	4.2184987	4.985162	4.671279	4.3405747	4.5541077	5.0509176	4.880614	5.525152	4.6300673	4.2954535	4.248697
RCN3_32684	6.1649237	6.36008	6.3545685	6.1445627	6.1215014	6.661947	6.6481915	6.456777	7.063712	5.95691	6.203604	6.3627877	6.4134383	6.747182	6.2718344	6.195602	6.4029365	6.1884527	5.9185963	6.6232963	6.63058	6.2230177	6.138993	6.2300344	6.417229	6.534782	6.369301	6.7314954	6.019728	6.3344135	6.700068	6.126462	6.127848	6.308734	6.299783	6.5770087	6.215553	6.358133	6.156367	6.211419	6.8348026	6.3714457	6.2179914	6.36693	6.6142125	6.9927144	6.362998	6.693353	6.1756563	6.1592383	5.773701
REEP5_9673	8.910066	8.480698	8.817139	8.791535	8.525687	9.381388	8.994352	9.088299	9.14675	8.791502	9.221937	8.506225	8.874827	9.35673	8.832856	8.783921	9.273021	8.745458	8.672873	9.083318	9.404966	9.102546	9.114235	8.798891	8.606545	8.940068	8.993013	9.040418	8.923126	8.843562	8.781919	8.664104	8.337604	8.9524	8.396286	8.957041	8.734947	8.75881	8.653799	8.50066	9.037342	8.8295765	8.5869	8.475852	9.340461	9.312354	8.791093	9.428674	8.514713	8.523181	8.604304
RELA_32444	5.8610806	5.150936	6.1747365	5.836704	4.9919705	6.700046	5.879479	6.600805	6.736334	5.975228	6.269067	5.511153	6.214919	6.277325	5.3380656	5.904613	6.052036	6.034912	4.999267	5.3002853	6.304744	6.098155	6.3735714	5.555356	6.115702	5.969167	5.8040633	6.4815483	5.6294255	6.100213	6.4529676	5.531475	5.8638606	6.0566034	5.04994	6.3478246	5.743579	6.1203184	5.752721	5.355054	6.0453777	6.208138	5.3854165	5.9084415	6.628859	6.8964043	6.17865	6.6616054	5.5648746	5.095754	5.2473617
RELB_9675	5.834827	5.7222996	6.2284446	5.7442827	5.7371435	6.4986134	6.590291	6.589337	6.516195	6.3428054	6.634588	6.0230618	6.1468296	6.694831	6.0464125	6.1142974	6.3787746	5.944928	6.2238345	5.9847827	6.378462	6.2349296	6.095901	5.454533	6.1290545	6.22256	6.265438	6.7314954	6.2834406	6.3146257	6.235184	6.1532974	5.7364225	6.181536	5.7392516	6.373737	6.489685	6.654392	6.681732	5.2189093	6.6813483	6.4965143	6.088054	5.692608	6.3214316	6.822088	6.352782	6.9645085	5.916608	6.086918	6.0506487
RET_32982	1.3630255	1.4470309	1.6111797	0.66999	1.9663466	2.82721	2.9214785	2.4882271	2.6509938	2.312845	2.1444392	1.955242	1.9028349	3.1137757	2.1001348	2.5073261	2.87268	2.3117008	2.035052	3.6243875	3.1040103	1.1626221	2.7448034	0.0	1.5530008	2.6467445	3.2164025	2.8372862	1.4722159	0.63191724	2.5294693	2.3030627	2.5664744	2.506633	2.1315236	3.0670605	2.9382603	0.0	2.8613043	1.7895929	0.7463577	2.6899478	1.4586725	1.8351252	2.906455	3.2054403	0.66064256	2.7293007	1.7554088	1.7353235	1.961433
RFC4_9678	7.812384	7.581099	7.7463236	8.06695	7.7087154	7.559585	7.4094663	8.01369	7.5495443	7.781804	7.621055	7.6968484	7.428084	7.3716784	7.552513	8.140264	7.7829356	7.630094	7.3627696	7.520252	8.115267	8.371112	7.859411	8.01477	7.987232	7.3521447	7.3436465	7.4672027	7.9348397	7.497666	7.3392997	7.5589595	7.6947117	7.445165	7.4710026	7.9253173	7.8490458	7.898198	7.208671	8.006524	8.161129	7.5787115	7.1323857	7.178011	7.3437963	7.364033	7.13924	7.474307	7.604827	7.576353	7.6467237
RFC5_9679	7.0785728	6.7707195	7.473554	7.828941	6.9642963	7.496038	7.602446	7.8646874	7.842927	7.5386753	7.6520596	7.5877724	7.43381	7.796179	7.179832	7.383756	7.453419	7.2660685	6.3606706	7.162746	8.082555	7.9146605	7.7662864	7.199774	7.6220946	7.3388066	6.848136	7.3965945	7.390606	7.462132	7.0058837	7.095492	7.0981846	6.915868	6.34049	7.7434916	7.220215	7.4384165	7.012564	7.3556833	7.2552333	7.483017	6.8189964	6.687606	7.421565	7.9997377	6.942106	7.9781833	7.241229	6.897534	7.0950727
RFNG_9680	4.7932763	3.8314943	5.1112504	5.1648126	4.1113257	5.556621	4.9351296	4.8020277	5.063521	5.506162	5.5070224	4.628886	5.0526247	5.504856	5.19002	3.9751108	5.146981	4.598228	4.3805633	5.0763106	5.778133	5.3447027	5.4433794	4.469946	5.0547533	5.270135	4.72912	5.5810175	4.9342623	5.703625	5.0760975	4.5009766	4.713336	4.927684	4.48659	5.352457	4.970953	4.9760866	5.0457006	5.242511	4.7773952	4.7125773	4.338716	4.7376995	5.3393598	5.205075	5.01625	5.4712305	4.6976795	4.636787	4.7403216
RFX5_9681	5.2755203	4.620293	5.6530704	5.211588	5.1181173	5.8386474	5.5147	5.5579247	5.6449475	5.3464675	5.5602946	4.9306216	5.3232794	5.455364	5.2903852	5.497581	5.522696	4.9550476	4.8209805	5.1548963	5.49847	5.4092016	5.8457756	4.8333554	5.4232135	5.212798	5.27221	6.2823343	5.426129	5.399914	6.0545535	5.571819	5.559454	5.5179768	4.8669906	5.2720704	5.7031364	5.566922	5.3710546	4.987078	5.5147047	5.6460505	5.072091	5.280895	5.266297	6.0123777	5.116266	6.02674	4.7622647	4.252018	4.7403216
RGD1304728_9682	2.8657134	2.8738854	4.3348646	3.8077013	2.6401563	3.6457665	3.754334	3.1184926	3.3295743	1.7575232	2.3995826	3.7258165	4.179647	3.4533052	3.255121	2.9436944	3.2376134	2.1369452	2.7174463	2.73687	2.9831893	3.447462	3.8559678	2.877406	3.4156697	3.3250225	3.5664334	3.963337	2.7897131	3.7699122	2.6905363	3.2518594	4.0344143	2.942963	2.7303865	3.405289	4.2864017	4.2484846	3.5165868	3.3525324	3.5656989	3.3981557	2.8897388	2.0738304	3.5845017	3.0834928	3.843792	3.8594944	3.2198298	2.9979472	3.3683043
RGD1307929_9686	5.47569	4.4785223	5.592916	5.066451	4.938252	5.5357046	5.314686	5.510071	6.270478	4.9244695	5.3033624	4.497202	5.6330137	6.219206	4.9955955	5.1349735	5.3091817	4.873771	4.542772	4.935002	5.541897	5.7285423	5.33637	5.539034	5.356668	5.404236	5.4084845	6.9887786	4.9342623	5.6254697	5.480403	4.8999963	5.3358836	6.2465367	4.591498	5.7586393	5.4083815	4.4899464	5.8775744	4.7441783	5.6953373	5.8301597	4.064967	5.103678	5.7274275	6.2291794	6.019847	6.0757427	5.329397	5.4042683	4.410165
RGD1308428_9687	4.5885363	4.749371	5.2213078	5.0146356	4.7008195	5.80408	4.805422	4.988194	5.459511	4.143083	4.8691278	5.0914803	4.9283385	5.0512457	4.8386974	4.724454	4.996322	4.5291295	4.0968986	4.9643927	5.814001	4.8514686	5.26035	4.96136	5.0547533	5.3783946	4.2856593	5.7957764	4.316707	4.8865695	5.723219	4.5009766	4.454525	5.019812	4.449854	6.075228	4.5823607	4.5762477	4.6650844	4.95886	5.095927	5.523136	4.064967	4.772004	5.228329	5.8903933	4.453407	4.9731174	4.5950346	4.252018	3.8903701
RGD1309995_9688	3.3087924	2.9829214	4.1243386	3.6804638	4.159071	4.10925	4.2292647	3.555659	4.5159154	4.206481	4.308639	4.2468877	4.4744954	4.0279417	4.545657	3.9123585	4.464721	3.8101146	4.542772	4.1184506	4.572536	4.7220345	4.003165	3.9339144	3.7279603	3.861182	4.188035	4.7614803	4.7243323	3.8268995	4.554839	3.8848567	3.9791842	4.485919	2.7303865	3.5024447	3.9136333	4.349968	3.9655392	2.7067823	3.9915128	4.511696	3.9608154	4.1450377	3.6999757	4.5034924	3.5891576	3.8594944	3.2198298	3.4463294	2.9549038
RGD1561778_33259	6.9499407	7.071604	7.0722775	7.2895513	6.950795	7.6836147	6.4344764	7.8741693	8.074551	6.963716	6.695383	6.971144	8.249808	7.6662617	5.972805	6.7739882	7.6326823	6.829218	7.114449	7.5103226	7.8689876	7.047623	7.4740505	7.1788564	7.5740886	6.904276	7.076716	7.315409	7.3122334	7.2335954	6.700068	7.3659735	7.1861715	8.432664	7.2537756	7.773	7.028951	7.0203876	7.8195763	6.952551	6.6329236	7.338608	7.2911363	7.300576	6.636127	6.43018	7.936228	8.3853245	7.7981963	7.8001804	6.1714416
RGD1562178_32879	4.996422	3.9966314	4.7565002	5.384854	4.5656357	5.4710727	4.805422	5.71392	5.3302097	5.555693	4.990539	4.8961797	5.347749	5.208881	4.7356553	5.4760456	5.0885916	4.598228	3.9309764	4.4857965	5.232999	5.1571207	4.8052697	5.0095425	4.8114586	4.8488083	4.8616695	6.1942496	4.961906	4.91313	4.675246	4.6211877	4.873356	5.2401004	4.207318	5.4036627	4.970953	4.9760866	4.4973164	4.9007115	5.2832894	5.1042953	4.532837	4.3405747	5.5994205	5.815758	5.25438	5.9499664	4.7622647	4.8844457	4.2729
RGD1564420_9693	6.132959	5.347264	5.5301437	6.018694	5.639539	6.0888844	6.4776993	6.209563	6.1682463	5.975228	5.927685	5.7026887	6.2925997	6.629394	5.796297	5.7517033	6.2246356	5.5681353	5.3888288	5.768564	6.4935265	6.3156676	6.2995367	5.454533	5.6986556	6.0532346	6.2534223	6.46909	5.776783	5.9023066	5.7044744	5.551788	5.5781603	6.1947727	5.3778734	5.797447	5.7031364	5.688154	5.595401	5.3332367	6.0002785	5.9778924	5.4053946	5.2568727	6.3570557	6.214729	5.884565	6.5182924	5.958556	5.6415567	5.452005
RGD1565002_9697	5.8610806	5.219391	5.4645157	5.593502	5.382281	6.103172	5.7444243	5.5812693	6.2420006	5.7383833	6.2202506	5.342337	5.6330137	6.2630134	5.53504	5.821671	6.0672345	5.1050324	5.511487	5.6469483	6.087485	5.6944404	5.4433794	5.618858	5.716456	6.163261	6.003761	5.5810175	5.8377357	5.861975	5.5022736	5.8916574	5.894036	6.099461	4.9482536	5.2720704	5.9127274	5.434561	5.4420953	4.95886	5.5147047	5.523136	5.237243	4.9916935	5.7409735	6.061656	5.7817044	5.507401	5.307923	5.1440763	5.11973
RGD1565355_33245	9.6998625	9.339513	9.434983	9.805237	9.805501	9.686667	9.366185	9.740708	9.955756	9.298359	9.356024	9.88405	9.927056	9.259156	9.491144	9.695267	9.59743	9.4626665	9.309039	9.31487	9.589605	9.46688	9.560009	10.089053	9.911356	9.3801	9.351133	9.842981	9.497095	9.444648	9.606918	9.123627	9.81603	9.745916	9.324827	9.609426	9.172779	9.480523	9.403245	9.370643	9.639886	9.76157	9.53376	9.400342	8.921339	9.3574505	9.5973215	9.627674	9.396742	9.4911785	8.841251
RGD1565356_32319	5.423794	5.367516	5.3235607	5.279024	5.3620234	6.158948	5.8955054	6.1006885	6.1682463	5.6269403	5.90727	4.74955	5.418762	6.4131365	5.514436	5.5603223	5.2833834	5.5681353	5.5878243	5.628707	5.5203466	4.8201823	5.695114	5.1665354	4.7084904	5.183252	5.701662	6.418152	5.344473	5.806383	5.914778	5.7227774	4.903335	5.6960816	4.5224137	5.569796	5.6402645	5.545688	5.5316825	4.56857	5.4931636	5.4575152	4.9137297	4.591692	6.3123865	5.51916	5.6544027	6.500457	5.171897	4.6701713	5.3869634
RGD1565775_9698	4.996422	4.44079	4.602301	4.723322	4.4552264	5.332414	4.7359157	5.460575	5.2750597	4.9244695	5.3645425	4.8961797	5.3232794	5.0512457	4.5857115	4.7605286	4.931359	4.664168	4.3805633	4.9643927	4.653956	4.8514686	5.2005854	4.8859277	4.8762355	5.0257	5.1479073	5.8544292	5.0417943	4.8865695	5.292367	4.7321486	4.7794886	5.2902904	4.2927747	4.9662747	4.710304	5.6288114	5.1052804	4.49187	5.151987	3.87108	4.767035	4.1450377	5.475242	5.396486	4.9635158	5.4712305	4.4457216	4.7347074	4.410165
RGS1_33288	3.9212615	4.1909814	4.561031	3.8673456	3.6589074	4.5032363	4.9351296	5.056417	4.7763667	3.8573148	4.59055	4.072788	3.8774855	5.238442	4.699605	5.020627	4.3199596	4.0261216	4.197779	4.4857965	4.9074078	3.3631423	3.9557486	3.7189126	4.150857	4.193074	4.892988	4.720022	4.961906	4.556708	4.750273	5.4472365	4.0876074	4.895619	4.449854	4.281817	5.004623	4.8431597	3.9655392	4.0318656	4.704287	4.1731524	4.9684715	3.8562014	5.2089643	4.9145117	4.1095295	4.837619	4.322632	4.636787	3.3226593
RGS10_32464	8.2475395	7.779295	8.187066	7.8768888	7.857217	7.959682	8.637363	8.160406	8.507319	7.8429317	8.154615	7.7841964	7.35754	8.950822	8.421641	8.203874	8.322032	8.055647	7.819809	8.473518	8.421697	7.782927	8.323582	7.468947	8.468935	8.272553	7.9795227	8.179397	7.874302	8.051854	7.7536287	8.472301	7.9494185	8.487474	7.3565845	7.830266	8.474594	8.493671	8.210585	7.5336256	8.579172	8.056081	8.090688	7.6669827	8.289517	8.461079	7.8516955	8.461052	7.626674	7.754221	7.7940636
RGS2_9701	3.6472874	4.620293	4.642423	4.552153	4.1113257	4.846756	4.504718	5.022709	4.694665	3.1598291	4.9511933	4.542445	4.5182695	4.157383	4.6246834	4.397897	4.2682877	3.9750757	4.8209805	4.5646772	4.8041854	4.244908	4.4421554	4.1642017	4.150857	4.2511845	4.02797	4.6773376	4.0337577	4.1729927	4.922364	3.8848567	3.9217556	4.528361	4.449854	4.664262	4.5370607	4.021211	4.357303	3.5163915	3.7220223	4.059796	4.2965484	4.429227	4.2089777	4.595598	4.5279393	4.837619	3.6871839	4.33762	3.3683043
RHEB_9704	5.351561	4.8960004	5.551373	5.091677	5.142075	5.597565	5.9425435	5.243633	6.090517	5.60358	5.5602946	5.577864	5.6330137	6.079189	5.4067554	5.7871113	5.907522	5.6021767	5.231157	5.4111657	5.916548	5.711592	5.5105495	5.694496	5.802304	5.526925	6.003761	6.518291	5.5587697	5.322766	5.685483	5.668002	5.357702	5.677344	5.1217613	5.5009246	5.8585186	5.480044	5.346575	5.3332367	6.1454306	5.045958	5.344611	4.6296024	6.1390557	5.9785647	5.091904	5.4341297	4.854025	5.1908326	4.5749664
RHOA_9705	8.883096	8.354477	8.810551	8.801126	8.666556	9.257518	9.027454	9.360369	9.285767	8.844776	9.041687	8.650101	9.404396	9.284175	8.724904	8.871063	9.310226	8.586619	8.589458	8.662457	9.228494	8.998081	8.99176	8.58103	8.984386	8.756646	8.932129	9.280356	8.788729	8.724891	8.980011	8.696395	8.546751	9.10917	8.30153	8.915748	8.827218	8.886752	8.750266	8.522515	8.941188	9.202691	8.380353	8.647349	9.236708	9.513175	9.3111105	9.799791	8.558561	8.611756	8.360716
RHOC_9707	4.5885363	4.047728	4.561031	3.302455	3.2814488	5.151765	4.4623084	4.588229	4.736094	4.143083	4.484301	3.7258165	4.179647	4.4878764	4.177517	4.64948	4.5099177	4.2573314	4.245692	3.8299706	4.572536	4.7220345	4.40733	4.503981	3.5802486	4.069322	4.8616695	4.8017797	4.4785657	3.8817208	4.786373	3.8193421	3.9217556	4.485919	2.461808	4.2260103	3.9828393	5.2367706	4.4521384	3.3525324	4.7413044	3.9367666	3.7889702	2.8914306	4.4913726	4.6395364	4.2034826	4.656197	3.619066	3.7879004	3.5376832
RIOK3_9709	7.72931	7.9264765	7.8781843	8.129187	8.078203	8.133321	7.522142	7.965712	7.9302993	7.967107	8.145928	8.233676	8.344041	7.677097	7.900955	8.157276	7.9845157	8.083025	7.682944	7.670479	8.115267	8.035365	7.958962	7.83926	8.062231	7.7296395	7.881437	8.205917	8.006276	7.9432874	8.187387	7.8611593	8.255727	7.7260923	7.3265038	8.144355	7.797153	8.288476	8.022503	8.0134	8.10543	8.382092	7.8458695	8.34239	7.7274203	8.306127	7.742469	8.003731	7.9375596	8.036124	7.3721175
RIPK1_9710	4.898422	4.7181683	4.7565002	6.3981404	4.938252	5.257745	5.4292083	6.645787	6.430459	5.4016867	6.0813713	5.5559683	5.747786	6.012313	5.5951433	5.8884015	6.3292027	5.1517515	5.207157	4.313784	6.057874	6.636216	5.651139	5.9129033	6.0328856	6.1932154	5.3419557	6.542276	5.59453	5.014735	5.685483	4.007584	5.559454	6.2208867	4.449854	5.872065	5.7234993	6.1346107	5.8075576	5.041911	6.289852	5.523136	5.2147765	5.0487723	5.5230703	5.9785647	6.4708424	5.4527993	4.793504	5.9025784	5.375832
RIPK3_9712	5.695876	4.5511484	5.2213078	5.3643	5.1888294	5.637379	5.671839	5.4351754	5.847549	5.6725554	5.865552	4.8961797	5.7292805	6.1892443	5.472323	5.1349735	5.544581	4.8169265	5.34551	4.811058	5.965211	5.4300756	5.4433794	4.6326194	5.286904	5.7244716	5.0401273	6.067757	5.680236	5.733739	4.675246	5.212228	5.268377	5.639122	4.838853	5.326156	5.4578357	5.155	5.4420953	4.641398	5.5147047	5.74104	4.9684715	5.438705	5.7676907	6.417617	5.091904	6.388546	5.307923	4.8264017	4.650806
RNASET2_32523	10.265634	9.6413765	10.183349	9.826055	9.945668	10.138161	10.631657	10.253348	10.499087	10.172778	10.522	9.814287	10.117866	10.824388	10.122573	10.126954	10.385348	9.940374	10.248879	10.429565	10.454491	10.322508	10.214632	9.844523	10.001229	10.361812	10.373811	10.476482	10.353365	10.303192	9.891147	10.1324835	9.687327	10.618803	9.811061	9.591595	10.357285	10.000913	10.020272	9.338149	10.225879	9.922217	10.070382	9.499644	10.242077	10.406485	10.447734	10.910393	9.873175	9.982193	9.885036
RNF167_9717	8.350735	7.6693935	8.37442	8.240513	8.099772	8.708415	8.571555	8.640508	8.627774	8.171567	8.422571	8.291136	8.571438	8.61561	8.076372	8.041093	8.634155	8.147841	8.06652	8.4503355	8.724642	8.56051	8.640866	8.3099575	8.434397	8.296899	8.195876	8.580698	8.238737	8.651858	7.8717456	7.8813643	8.046647	8.310303	7.6354303	8.273846	8.164145	8.172051	8.049296	8.07056	8.337688	8.511678	7.7318277	7.999303	8.339349	8.708037	8.352358	8.862903	8.332635	8.086451	8.01463
RNH1_9718	3.9212615	4.4785223	4.602301	4.0839515	3.7238476	4.880327	5.0824094	4.492971	5.095707	4.325485	4.782111	4.352279	4.960428	4.8742495	4.6246834	4.7605286	4.716825	4.4565544	3.9884303	4.935002	5.2062554	4.755498	4.7507486	4.36274	4.7779455	4.360822	4.621049	4.7614803	4.756258	4.415221	4.954449	4.8999963	3.9791842	4.485919	4.449854	4.57773	4.789701	3.322457	4.255792	4.325033	4.9454346	4.226657	4.114353	4.8055115	5.0439067	5.205075	4.491154	4.5211906	4.322632	3.9597363	4.3431644
RNMT_9719	7.7399597	7.1843543	7.8655276	7.8549566	7.426072	7.8830914	7.889269	8.0970335	8.464824	7.645476	7.950274	7.614501	7.8567405	8.501377	7.860712	7.593292	7.9480333	7.40272	7.6610255	7.818648	8.003214	8.038767	7.8722367	7.494566	7.7615066	7.7749114	8.004829	8.175568	7.9278483	7.7869177	7.884292	7.8282313	7.3310695	7.8144946	7.1771855	7.7234783	8.023417	7.5704403	7.6844883	7.4700665	7.693319	7.841346	7.338664	7.240595	7.9710426	8.016497	8.085587	8.245091	7.391711	7.6197176	7.2914844
RNPS1_9720	7.455481	6.476538	7.565113	7.097445	7.2276444	7.6836147	7.5426407	7.831001	7.6666627	7.645476	7.6943755	7.16442	7.2185054	7.638813	7.2930326	7.2378397	7.6326823	7.3635626	6.8840923	7.1816387	8.0301485	7.9109526	7.670409	6.9510903	7.2649794	7.6776133	7.0422115	7.454619	7.4208007	7.3254466	7.0731835	7.1762137	7.35296	7.164853	6.4186115	7.529649	7.205813	7.652189	6.95705	7.177366	7.3481526	7.7345843	6.7346563	7.0855656	7.810071	8.124799	7.174469	7.9814014	7.021368	6.6853437	6.663091
RPA1_9721	6.7951546	6.094491	7.0350847	6.7307625	6.3951025	7.389321	7.1335626	7.287555	7.343831	6.8590994	6.9560957	6.5952525	6.734299	7.2608104	6.560178	6.710858	7.0940237	6.661775	6.2824345	6.595388	7.2240734	7.087587	7.2218537	6.588327	6.9332676	7.0340786	7.117061	7.048614	6.7237515	6.883495	6.7557535	6.653744	6.581642	6.746437	6.136005	6.9742174	6.7892075	6.7222075	6.2384877	6.3911076	6.746524	6.641457	5.801883	6.187939	6.8323917	7.1222363	6.7685323	7.4879484	6.311344	6.1592383	6.3123884
RPA2_9722	5.47569	4.9236193	5.486725	4.9332466	4.8244147	5.577238	5.137354	5.8925	5.9212418	5.7383833	5.3941865	5.180035	4.5182695	5.4041142	4.6246834	5.5187993	5.3091817	5.5852566	4.8522673	5.0763106	5.703604	5.5870137	5.0506797	5.454533	4.8114586	5.212798	5.2237663	5.626603	5.11749	4.8038225	5.161042	5.106343	4.903335	4.5695896	4.624838	5.547202	4.827819	5.7819366	4.91861	5.5378456	5.067058	4.6355476	4.94136	4.772004	5.5230703	5.4954453	4.7926564	4.9731174	4.7622647	3.9597363	5.0791297
RPA3_9723	8.2475395	8.06313	7.8484774	8.191768	7.9951415	7.7486796	8.0554	8.051791	8.098575	7.9762306	8.282969	8.038264	7.5062494	8.155093	7.9554734	8.538523	7.972457	7.686715	7.9556518	7.9493365	8.071485	8.304848	8.112789	8.333808	8.266336	7.6070466	8.251304	7.6215205	8.102558	7.99082	7.478202	8.171218	8.096159	8.062087	7.9632564	7.8626504	8.349158	8.354073	7.7559385	8.057313	8.417046	7.568387	7.924119	7.1716003	7.90639	7.553944	7.4721556	7.5757375	7.965259	7.990601	7.9634986
RPF2_9724	6.644594	5.885679	6.2928843	5.951387	6.084889	6.0888844	6.7921124	6.282588	6.562992	6.3568454	6.74224	5.9907813	5.7841005	6.7676015	6.2595057	6.6640115	6.5069194	5.7911043	6.316485	6.147377	6.4824243	6.3921256	6.1704874	5.8078284	5.9896235	6.2079625	6.6515675	6.391992	6.294354	6.3921986	6.2610707	6.6252737	5.894036	6.6821003	6.0649066	5.778174	6.403968	6.0616903	6.6719136	5.6479897	6.1033974	6.1539288	6.337187	5.9981184	6.108029	5.9785647	6.201601	7.0890765	5.9858594	5.6582904	5.765195
RPIA_9725	5.019916	5.2632866	5.8543806	5.557742	5.2562366	6.0598774	5.927034	6.034575	6.041787	5.801338	5.6854568	5.6206837	5.486443	5.9241076	5.3380656	5.240919	5.890534	5.4793434	5.569115	5.591516	6.0428376	5.659513	5.5747304	4.9366517	5.465931	5.573221	5.1736393	5.1836367	5.924592	5.6254697	5.2412624	5.334512	5.462102	5.188101	4.657425	5.7187586	5.6402645	5.457482	5.321673	5.5378456	5.889218	6.0538673	4.88556	5.327772	5.999505	5.5424905	5.25438	5.7976356	5.7829065	5.536863	5.051414
RPL19_9731	14.3004265	13.625957	14.141861	13.831073	13.84522	13.984676	14.679197	14.062718	14.28156	14.054744	14.392785	13.767057	13.550405	14.693787	14.083995	14.102984	14.413758	13.703336	14.078678	14.352947	14.110812	14.274613	14.064426	13.840765	14.084049	14.280816	14.559047	14.143587	14.376845	14.271935	13.870998	14.49128	13.783569	14.3921585	14.1056795	13.310991	14.664039	14.069372	14.097801	13.365243	14.290811	13.820396	13.933066	13.294493	14.512701	14.057925	13.990801	14.617819	13.837071	13.920362	14.473439
RPL35_32720	16.316315	15.615572	16.241713	15.948736	15.967695	15.895339	16.713577	16.01831	16.381681	16.210167	16.418547	15.847592	15.710355	16.860249	16.111324	16.130592	16.53833	15.833265	16.289976	16.500425	16.26379	16.299543	16.2535	15.991095	16.05347	16.35881	16.674143	16.167656	16.417227	16.353685	15.751866	16.543737	15.805303	16.623579	16.460403	15.466696	16.783854	16.040632	16.314852	15.311426	16.352795	15.717802	16.13972	15.277554	16.65694	16.241076	16.09922	16.177502	15.967933	15.945901	16.469374
RPL6_9738	10.948556	10.131922	11.099602	10.670627	10.580325	11.028985	11.307667	10.914873	11.137611	10.954572	11.305481	10.690751	10.790104	11.473625	10.8460245	10.844796	11.332306	10.576329	10.697931	11.147681	11.223358	11.132368	11.038458	10.3481245	10.846379	11.159361	11.069235	10.950348	11.224245	11.014496	10.656849	11.057874	10.565695	10.849196	10.44416	10.547913	11.104525	11.015735	10.796575	10.160897	10.982633	10.987378	10.235719	10.476065	11.226512	11.49796	10.6327305	11.684976	10.685215	10.676255	10.848736
RPLP0_9739	5.019916	4.047728	4.561031	4.272241	4.6681924	4.913135	4.8717327	5.3288536	5.2466736	5.134637	4.990539	5.029272	5.273059	5.429967	4.6626306	4.9905663	5.334527	4.598228	4.3805633	5.1029844	5.4536953	5.1819463	4.2193546	4.2469234	4.346438	5.4296227	5.0950236	5.557673	5.3858786	4.859511	4.954449	5.106343	4.811461	4.3024426	4.2506785	4.860289	5.131954	4.5337424	4.742178	3.7318203	4.9768147	5.01588	5.0212116	4.6296024	5.7939224	5.3443384	4.9364076	5.7531395	4.234321	4.8844457	4.722857
RPN1_9740	8.120178	7.693659	8.088852	8.011853	8.011491	8.039858	8.421911	8.224823	8.713242	8.021002	8.382461	8.010358	8.220295	8.476784	7.963096	8.376528	8.350264	7.756393	8.118914	8.24412	8.3193445	8.373808	8.234503	8.111767	8.210907	7.947404	8.151243	8.411967	8.218825	8.141632	7.867539	7.803033	7.821804	8.372781	7.8585386	7.7533946	8.051878	8.140531	7.951232	7.8072805	8.19154	7.9879932	7.797554	7.620673	8.146704	8.295867	8.038561	8.397423	7.694442	7.5938554	7.7559347
RPP38_9741	4.3864694	3.8886662	4.9920993	4.552153	3.78599	4.10925	4.373555	4.33714	5.1271906	4.487393	4.484301	4.3005457	4.1240664	4.672462	4.6626306	4.397897	4.101142	4.380134	3.9884303	3.892466	4.7680693	4.244908	4.3716435	4.286571	4.2519593	4.4627132	3.9704094	4.9879446	4.5531583	4.37757	5.0466332	4.174075	4.138909	4.201141	3.8035955	4.281817	4.864956	3.7513156	4.1465945	3.5918324	4.5871716	3.3981557	2.9989562	4.1450377	4.9767933	4.9843264	3.843792	5.0487003	4.322632	3.8474822	3.7594514
RPS19_33100	14.445643	13.716384	14.487027	13.996097	14.007048	14.244346	14.868736	14.310476	14.582022	14.445877	14.669946	13.888243	13.878817	14.900956	14.249857	14.345266	14.684856	13.997821	14.222362	14.568948	14.426582	14.503767	14.322469	13.974462	14.10426	14.660086	14.780908	14.41405	14.727056	14.533815	14.076306	14.659868	13.872273	14.489189	14.299	13.711355	14.921635	14.446031	14.44368	13.479753	14.469824	14.084071	14.151692	13.575703	15.022342	14.507006	14.188823	14.711005	13.927966	14.015868	14.626892
RPS27A_32458	13.545991	13.140023	13.3674	13.168575	12.992435	13.24779	13.911863	13.175304	13.468276	13.463282	13.77161	12.978164	12.795481	13.908098	13.654769	13.830849	13.589035	13.045077	13.463897	13.5308	13.228315	13.417984	13.234131	12.981221	13.182164	13.460626	13.875647	13.340847	13.818366	13.388353	13.394121	13.949928	13.015743	13.597824	13.541798	12.637357	14.194034	13.625796	13.61016	12.836234	13.633198	13.4045315	13.563462	12.872356	13.897201	13.170035	13.301363	13.617585	13.059509	13.345598	13.77387
RPS5_9747	13.189548	12.458585	13.023385	12.893408	12.79432	13.005832	13.483748	13.055008	13.295231	13.001717	13.3194895	12.680484	12.681283	13.58901	13.062562	12.995193	13.457602	12.67017	12.984726	13.24494	13.119989	13.128997	13.025349	12.832621	12.9243555	13.197733	13.331756	13.174687	13.199414	13.131824	12.693788	13.2691345	12.7010765	13.263042	13.002232	12.468023	13.414623	12.932249	13.101488	12.313569	13.186751	12.730614	12.82653	12.22901	13.544764	13.188178	12.840044	13.400803	12.764452	12.704959	13.14654
RPS6_32332	15.688536	14.901338	15.472093	15.125449	15.161502	15.249687	15.969001	15.499718	15.602723	15.454746	15.794229	15.056273	14.944921	15.949917	15.390221	15.618544	15.712752	15.095094	15.44075	15.5703	15.369808	15.669648	15.367841	15.074913	15.2963505	15.608693	15.782761	15.494595	15.793579	15.601615	15.301382	15.811303	15.131333	15.752694	15.492462	14.806901	16.01851	15.401906	15.361895	14.702461	15.530242	15.335683	15.293828	14.761356	15.895522	15.44992	15.238853	15.591704	14.863915	15.017168	15.537227
RRAGA_9750	6.9376574	6.4291506	6.6681156	6.8390007	6.837983	7.267747	7.085473	7.3702927	7.3637924	7.0440054	7.0334864	6.52936	6.815492	6.939433	6.560178	6.615592	6.8434362	6.7479243	6.749321	6.5476403	7.1347127	6.964213	6.9098234	7.023273	6.5322447	6.9133024	6.402324	7.0317698	6.968245	6.771829	7.058497	6.950027	6.590883	6.9078526	6.501721	7.1343656	6.8178997	6.8315244	6.720351	6.3263187	6.3747582	6.764139	6.567409	6.068813	6.8449917	7.050816	6.7530794	7.0890765	6.576745	6.3770604	7.255498
RRM1_32657	8.983602	8.564226	8.754447	9.250778	8.707272	8.818584	8.541315	9.370454	9.091957	8.915253	9.03229	9.105022	8.397761	8.74996	8.418873	9.139418	9.100928	9.012369	8.2362175	8.24412	9.149979	9.510408	9.073166	9.456323	9.093982	8.619978	8.832669	8.58359	8.7925825	8.920854	8.370948	8.631075	8.971476	8.325426	8.464631	9.171652	8.559165	9.070811	7.9471674	9.399799	8.7681465	8.281391	8.011436	8.188978	8.774285	8.32643	7.880427	8.365755	8.464646	8.394265	8.616178
RRM2B_33011	7.144184	6.4577694	7.2772985	7.3165493	6.590586	7.620451	7.506574	7.5760274	7.7397723	6.9545126	7.3072042	6.8231707	7.549085	7.80114	7.160071	7.256907	7.5700426	6.985694	7.1336756	7.117676	7.6778326	7.4308834	7.05751	6.8153687	6.8868623	7.0090356	7.09029	7.9565587	7.1108875	6.929756	7.2057195	7.221297	6.820331	7.5259356	6.5283933	7.365012	7.4575253	7.2608705	7.1673374	6.550874	7.3481526	7.5263333	6.7267385	6.7231073	7.5579205	7.939498	7.429047	7.71758	6.897445	6.9730425	6.6400156
RRP12_9752	3.8704717	3.0842927	4.7565002	4.227422	4.335662	4.5032363	4.2292647	4.0991335	4.255975	4.143083	3.7896788	4.133186	4.642146	4.5362835	4.1241193	4.5703955	5.1753125	3.7506518	3.9884303	4.935002	4.83942	4.1969967	4.8317766	3.466162	4.299972	3.0904965	3.9704094	4.222796	4.5531583	4.859511	3.8717287	4.3698306	4.3276124	4.252681	2.8479903	4.2260103	4.112024	4.2484846	3.601796	3.4367871	4.051694	4.059796	4.379686	4.196462	4.2089777	4.061858	3.9009998	5.415215	3.3929877	3.4463294	4.5749664
RRP1B_9753	2.7580647	0.6557987	3.0934007	2.1847157	1.9663466	3.0792744	2.3061843	3.1184926	2.0063746	2.312845	2.8046954	1.2862334	2.534579	2.8329227	2.921244	0.7393115	1.6360242	2.608205	1.5155233	1.8148876	2.7061675	1.7979587	2.3639069	0.0	2.2834883	2.462245	2.271517	3.8904636	1.126302	2.4321535	2.6905363	2.097342	2.9579055	0.7389744	1.7024508	2.440523	1.687787	2.7094493	1.2585819	1.156129	3.079476	1.8978021	1.4586725	1.5489385	2.99956	2.6400769	3.7842216	2.7293007	1.4762079	1.4579389	2.3732097
RRP8_9754	2.8657134	2.6274648	3.0934007	3.2133267	3.6589074	3.3901486	3.4415276	2.8375075	4.0740767	2.8777032	3.4935977	2.5936327	2.9724503	3.3487625	3.1521814	2.8123772	3.4379885	1.9380654	3.1788383	3.0967624	3.747729	3.870368	3.2164934	3.5336206	2.6224735	3.861182	2.7532747	3.5554237	3.4666753	2.8167744	2.835414	3.2518594	3.518869	3.1743853	3.3245418	2.9340591	1.986288	3.5095499	3.4260273	2.0255485	3.190714	3.1983922	3.2843316	2.760871	3.2474778	3.777187	2.6385555	3.8594944	2.79505	2.7705867	2.0759077
RRS1_9755	5.767024	5.0290923	5.8198066	5.3434486	5.498192	5.3079515	5.957888	6.2682757	5.974142	5.555693	6.1173644	5.641626	5.441677	6.079189	5.38422	5.7695155	5.8024545	5.550809	5.34551	5.88072	5.916548	5.9757214	6.3090014	4.9115124	5.6438985	5.639993	5.7366095	5.670792	5.426129	5.3618555	5.5450444	5.859426	5.0445433	5.2401004	4.48659	5.8352385	5.3571715	5.457482	5.1624966	5.2885866	5.3566923	5.79517	5.145197	4.962284	5.7676907	5.8903933	5.1637883	6.0391474	5.171897	5.3434863	5.375832
RSAD2_32612	9.054993	9.394827	8.540216	9.457753	9.184809	9.220315	8.033841	8.478997	8.528107	8.322275	7.894323	9.12375	9.289096	8.115813	8.407743	8.033741	8.694128	8.65308	8.784534	8.831489	9.142945	8.526992	8.818696	8.8294115	9.083733	8.874565	8.495298	8.3988905	8.858412	8.783648	8.745706	8.582538	8.935658	8.199757	8.57749	9.233102	8.122583	8.742572	8.400924	9.012323	8.740988	9.235688	8.848214	9.629268	7.9183626	8.743703	8.889781	7.8253837	9.400552	9.186865	8.352222
RSU1_9756	5.423794	4.9236193	5.441959	5.821706	5.857791	6.074454	5.762014	6.2244663	6.562992	5.6269403	6.1697245	6.054635	5.9208536	5.9421854	5.8300376	5.8044944	6.3417563	5.1970053	5.367332	5.2294216	6.158957	5.9898496	6.138993	5.9869733	5.802304	6.0694757	5.989343	6.391992	5.7131414	6.1117253	5.9785776	5.571819	5.9525566	5.919817	5.4906793	6.2671723	5.574527	5.763662	5.465019	5.782875	5.8558497	6.0087643	5.5197787	5.39535	5.5386667	6.417617	5.687297	6.5271287	5.798389	5.462593	5.0791297
RT1-A2_33098	7.47261	7.7448745	7.907292	7.525358	5.5348477	7.347925	8.410804	8.171985	9.020403	6.8392353	8.588828	7.9232445	8.040588	8.291784	8.226434	8.267934	8.182444	7.120989	8.096225	8.16405	0.0	8.127705	7.2516084	7.8722076	8.337078	8.053273	8.088373	8.903609	8.529429	8.414544	7.594754	8.1245165	7.1677637	8.573593	7.6354303	6.22509	8.391133	7.280284	8.183197	1.156129	7.3660393	8.738119	8.024412	8.481046	8.417352	8.61206	9.202949	8.989775	7.001439	7.2899904	7.6467237
RT1-A2_9758	5.7945285	6.165611	6.4705477	6.1324587	4.882456	5.9376407	7.2503276	6.645787	7.239658	5.60358	6.9157853	6.0230618	6.160707	7.171684	6.7483916	6.9869027	6.9207773	5.8347087	6.806348	7.071152	2.1549919	6.821415	5.279734	6.446765	6.684699	6.8582764	6.7574573	7.1843643	6.854862	7.018053	6.2610707	6.3860507	5.245154	6.978435	6.027999	5.4772167	6.215553	5.886978	6.865253	1.156129	5.9378657	6.7274895	6.240409	6.678592	7.097533	7.3442554	7.3231497	7.1815233	5.702899	5.674832	6.288844
RT1-A3_9759	0.0	0.0	1.2448933	0.0	1.1131065	0.0	0.0	1.3431008	7.572598	1.3715297	0.8916533	0.0	2.534579	0.0	0.0	1.2257426	0.767819	0.6474369	0.0	0.7045007	0.0	0.69538784	2.210754	1.3713186	1.5530008	1.3239917	1.1865652	3.3533397	1.4722159	1.0698712	0.75012773	0.0	2.0275967	0.7389744	1.9328802	0.0	1.3109689	2.1579974	1.2585819	1.5073531	0.7463577	0.0	1.968738	0.0	0.58479494	1.6973256	2.1650176	0.64444155	0.67270136	2.1681004	0.40229607
RT1-CE10_32808	8.155079	8.135774	8.553429	7.98854	7.2276444	8.494748	8.954747	8.615285	9.782447	8.038528	8.805638	8.073369	8.910171	8.790438	8.648957	8.643676	8.699015	7.9702487	8.175669	8.759961	7.7350807	8.449879	8.079994	8.0265255	8.567849	8.687302	8.333503	9.401676	8.832439	8.704127	8.626302	8.426284	8.005777	8.934758	8.29895	7.830266	8.406958	8.082735	8.800696	7.1464224	8.108975	9.247062	8.3600235	8.861615	8.895831	9.034428	9.428846	9.137012	7.999152	8.101824	8.164459
RT1-CE11_32928	9.339215	5.913494	6.7621603	6.1079416	9.685307	9.573213	6.915129	9.278829	8.114371	9.423698	6.53165	6.971144	10.401141	6.8465075	7.0426693	6.710858	6.7429056	9.532738	6.1375775	6.6140532	11.35359	6.5144486	10.164026	6.5067463	6.8550754	7.122354	7.8094006	9.974404	6.5342064	7.2648664	10.205499	6.2559094	9.6765175	9.540934	6.6304083	10.195135	6.6257286	9.536759	7.0203233	10.049905	9.846177	9.824741	6.5495663	7.4404507	7.1644077	7.1376386	7.58991	9.92207	9.6556	9.72756	6.1778646
RT1-CE5_32445	5.808087	6.4097514	6.577893	5.775752	6.259312	5.4263177	6.8993206	7.0235286	8.118293	6.477408	7.1069365	6.436542	6.27994	6.992445	5.957622	6.3574615	6.5508327	6.677826	6.6985803	6.9293113	0.75764817	6.3268414	5.7655525	5.8613224	6.562084	6.710764	6.32406	7.632735	6.75569	6.7201195	6.1683598	6.7270284	5.2912316	7.377126	5.897673	6.239254	6.9705176	6.295908	6.662028	0.0	5.2832894	7.682881	6.5495663	6.7999296	6.8449917	7.2762995	8.0948105	7.3403516	5.669611	5.845274	6.3583546
RT1-DA_9760	9.306154	2.75593	2.353332	1.125733	8.886374	9.461204	3.0415661	9.29833	9.476596	8.900951	3.2559555	8.384164	8.999751	2.668917	2.1001348	2.326616	1.6360242	8.786746	3.3638895	2.2562509	10.269076	2.0344265	9.93411	2.2336307	2.4629142	2.002579	3.9104564	9.871662	3.1192565	2.8167744	9.379147	2.9180818	8.816645	9.466489	2.306097	8.534381	3.0713174	8.895171	2.9933162	9.371981	9.404875	8.674561	2.7715712	8.301875	2.169534	1.6973256	1.4554178	9.694893	8.578876	8.682992	2.3732097
RT1-DB1_9761	9.48667	8.546571	9.414855	9.036921	10.1433325	10.197628	9.386173	10.848478	11.825674	9.531298	9.582131	8.852277	10.393815	9.775005	9.099865	9.465964	9.598739	9.260355	9.293452	9.271438	9.661507	9.494393	9.635301	9.239874	9.323276	9.375209	9.548429	11.444106	9.124601	9.401917	9.781397	9.125321	9.501378	11.244812	9.071845	10.383078	9.780181	9.174745	9.895043	8.536903	9.429183	10.25556	9.127663	9.422108	9.740965	9.849983	10.88617	11.919906	9.361998	9.172376	8.974508
RT1-DMA_32874	5.4060717	5.753414	6.160991	6.0054817	5.6562715	6.6522627	6.272101	6.6786265	6.608319	5.8812203	6.4493203	5.342337	6.4813633	6.777704	5.8792133	6.10029	6.624604	5.4041524	5.795232	6.2222815	6.1449428	6.4848266	5.240702	5.7380457	6.206671	6.2079625	6.566716	7.106066	5.924592	6.3146257	6.0982895	5.907507	5.462102	6.604878	5.723948	6.1817427	6.126607	5.920358	6.2648544	4.870734	6.117545	6.111892	6.124668	5.1303673	6.8943195	6.841029	7.0785427	6.9902973	5.7672563	5.7855988	5.8720436
RT1-DMB_32359	6.276417	5.6904993	6.535908	6.095525	6.03458	6.93384	6.284325	6.7317505	7.030796	6.162722	6.4207993	5.7224817	7.302272	6.8937182	6.074835	6.392369	6.539979	6.00977	6.305224	6.270141	6.620487	6.370691	6.0172477	5.938018	6.58164	6.085536	6.517327	7.479677	6.133494	6.5612636	6.4416933	6.3165236	6.581642	7.359603	5.9380217	6.424206	6.391296	6.016101	6.73928	5.376546	6.38649	6.942616	6.48532	6.3781085	6.7274227	6.7234626	7.7068176	7.6504245	6.0901804	6.4461412	6.158509
RT1-N2_32930	5.8480134	5.003438	5.9211373	5.2568936	5.6891665	6.0152435	6.4344764	6.2392178	6.4678288	5.2292533	5.9676685	5.392619	4.5182695	6.5491004	5.3380656	5.53971	5.890534	5.4793434	5.746108	5.8495555	4.3462834	6.071831	4.5418544	5.123396	4.9382286	5.661581	6.312525	6.6998563	5.663497	6.0169477	4.8895493	6.2309327	4.7794886	6.1947727	3.9156005	5.6355286	5.618683	5.566922	5.7712326	4.676478	5.3326373	5.4797225	5.4250994	4.5127454	6.6433587	6.0777154	5.953791	4.8657556	3.75223	4.494944	5.0373535
RT1-S3_9763	7.144184	6.0699835	6.715904	6.476839	6.785711	6.851601	6.9539094	6.9447217	6.825402	6.299848	6.75372	6.23081	7.211856	6.9121785	6.3201213	6.4922924	6.3787746	6.4255505	6.2938743	6.677543	7.047005	6.5719285	6.575289	5.9748893	7.050178	6.6144276	6.5471625	6.851538	7.1889906	6.704998	6.764829	6.56659	6.73121	6.9078526	6.0770025	6.8225484	6.6683674	7.1873646	6.7579637	6.2814507	7.019423	7.5209894	6.0248876	6.949805	6.863688	7.548193	7.0660906	7.6981506	6.7618694	6.832672	6.071496
RTP4_9766	1.8561494	1.1049913	1.2448933	1.125733	2.3422368	1.8913333	2.7904801	2.0264177	2.0063746	2.0617402	2.9712968	2.410535	3.093146	2.8329227	2.7902486	2.6678994	1.2662693	1.9380654	1.7985483	1.5304413	2.3630009	2.0344265	2.7448034	1.8659643	0.0	2.957191	2.6098514	4.916335	1.126302	1.0698712	2.967061	2.097342	2.4082093	0.7389744	1.9328802	2.2296865	1.3109689	2.7094493	1.6270963	1.7895929	1.2357911	2.6899478	2.168997	2.4578679	2.5845437	2.2443757	3.0959623	3.323391	2.79505	3.0994654	2.3732097
RUNX1_33176	3.1475024	3.1790063	3.8777544	3.8077013	3.1924727	3.4804814	3.6822586	4.4428744	4.1372924	3.1598291	3.4935977	3.2680495	3.7363482	3.5507815	3.0413287	3.7780194	3.5286222	3.158557	2.966509	2.8670673	3.4155223	3.178102	4.178631	2.7696137	3.5802486	3.861182	2.271517	3.4579172	3.7464566	3.648705	2.5294693	2.6430998	3.1700616	3.8459697	2.602338	3.7599108	1.3109689	4.021211	3.2258344	2.7067823	4.2700734	3.3017287	2.5015178	3.224361	3.5845017	4.12504	3.4427273	4.0676174	3.2198298	3.0994654	2.6195898
RUP2_9767	2.7580647	3.8314943	1.2448933	6.6734376	5.4795084	5.49294	1.8601638	2.4882271	4.9270763	4.72242	2.616312	3.7258165	5.5510902	0.82019544	2.1001348	1.2257426	4.0408278	5.324826	1.5155233	1.8148876	6.6505556	2.7167444	7.9768863	5.0095425	0.7178737	1.3239917	4.892988	3.8137126	1.126302	2.2771995	1.8983116	4.007584	1.5091133	0.7389744	6.124396	3.188829	1.986288	1.2540979	2.5543716	6.769714	2.9589396	1.2407571	1.7361305	0.0	2.906455	4.2436643	3.2797384	3.0567124	2.9135318	2.6418855	3.0698776
RUVBL1_9768	4.524275	3.7098691	4.4296265	3.8673456	3.5195398	4.459483	4.624943	4.588229	5.158002	4.765157	4.59055	3.2680495	4.0060377	4.3320727	3.7540836	4.351345	4.6375866	4.1692424	3.9309764	4.4023523	4.244814	4.5798335	4.003165	4.286571	4.391454	4.4126673	3.4020078	4.336896	3.8086765	4.258335	4.1182437	4.0652423	4.0876074	4.485919	4.162613	4.387344	4.5370607	3.8925655	3.1142545	3.5163915	3.7220223	4.5954337	3.2843316	3.9187803	4.780875	4.185571	4.0601544	4.3722343	3.8144693	3.9597363	4.248697
RXRA_32828	5.681216	5.1969314	5.572294	5.611055	5.5881424	6.186048	5.7266173	6.656817	6.7864933	5.7806573	5.865552	5.8893676	6.6871357	6.5840607	5.472323	6.2087183	6.211015	5.533272	5.4308844	5.6827545	6.5154777	6.1619368	6.005653	5.7380457	5.883329	5.661581	5.591433	6.418152	5.9385734	6.200658	6.0094495	4.992066	5.8790274	7.2305923	4.838853	6.308062	5.7829185	6.016101	6.4018397	4.870734	6.1033974	6.4745665	5.555977	5.8614225	6.5540915	6.8125234	7.103129	6.863474	5.702899	6.036608	4.888658
S100A10_32340	9.410943	8.928629	9.045634	8.804943	8.525687	8.894481	9.320916	8.987061	9.540837	9.033599	9.221937	8.629281	8.614929	9.578086	8.9216	9.29048	8.967559	8.768125	9.171622	9.203734	8.96095	8.8296	8.927157	8.899809	8.819172	8.766643	9.522379	9.083962	8.97831	9.003514	9.081563	9.14049	8.5980625	9.244209	9.019532	8.717534	9.315431	9.302083	8.868892	8.686368	9.2783575	8.742718	9.40324	8.519414	9.283744	8.979927	9.111991	9.308254	8.739886	8.884879	8.933342
S100A11_9770	9.630014	9.409552	9.785619	9.353419	9.266091	9.637205	9.873615	9.408474	10.032586	9.398469	9.708445	9.158675	9.418903	10.165789	9.230354	9.5235195	9.610458	9.196331	9.411053	9.682947	9.93426	9.539515	9.627757	9.586112	9.395493	9.620901	9.959599	9.838145	9.511196	9.410099	9.498203	9.429684	8.967934	9.716391	9.429951	9.435808	9.366499	9.402944	9.448519	9.263689	9.7495575	9.388757	9.773595	8.967171	9.901119	9.801249	9.40185	9.983548	9.410661	9.356675	9.262822
S100A13_9771	3.2304003	3.0842927	2.9727023	2.788815	3.3652549	1.2356595	4.011255	3.458151	3.9386752	2.8777032	3.1206355	1.2862334	2.3531	4.0279417	2.1001348	2.326616	3.1259208	3.3308632	2.7174463	2.593747	2.7061675	2.846633	2.7448034	2.877406	3.016553	4.003223	4.136628	4.8017797	2.185535	3.3706653	3.0876935	3.148948	2.9579055	2.6671908	3.1523242	3.5934687	3.7643874	3.5095499	3.6822517	2.8365164	3.079476	2.1401448	3.1953344	0.71545935	3.3918626	2.9502776	3.0959623	3.1511896	2.79505	2.9979472	3.0135357
S100A4_9772	9.172338	8.727864	9.043763	8.7545	8.984051	8.974376	9.272647	9.169481	9.357208	9.087216	9.282634	8.685825	8.749576	9.282402	9.030816	9.313429	9.390964	8.530271	9.16385	9.063083	9.130553	8.48022	8.697816	8.449669	8.817111	8.569483	9.274428	9.403315	9.054112	8.954808	9.128021	9.393563	8.843953	9.336673	8.895251	9.001348	9.020642	8.962815	8.807439	8.690664	9.703404	9.14654	9.044114	8.33093	9.154316	8.705456	8.785407	9.129778	8.616484	8.53908	8.530938
S100A6_9773	11.143308	11.148937	11.010913	10.564826	10.4580145	10.970763	11.522203	11.1714525	11.426869	11.0962515	11.413921	10.509667	10.556832	11.48523	10.808435	11.562202	11.04288	10.831693	11.101403	10.978836	11.303214	10.924209	10.568442	10.791731	10.61508	10.9189415	11.890798	11.18364	11.136753	10.849823	11.520344	11.349072	10.571542	11.153703	10.880091	10.984069	11.52388	11.524828	11.062953	10.797656	11.624975	11.279703	11.70217	10.641172	11.329854	11.219503	11.427276	11.052961	10.769132	10.7768955	10.924219
S100A8_9774	8.015958	8.249266	8.176857	8.15035	8.884601	7.365812	7.2750406	8.160406	8.223998	8.442352	7.7810783	8.511922	7.605981	7.960402	8.971584	9.072833	8.213513	7.8725195	9.537938	9.042561	10.004822	8.487706	9.05781	8.273424	8.179167	7.122354	8.154477	8.955886	8.36057	8.551874	7.4559608	8.004376	8.847813	9.229814	8.443765	7.98957	7.938864	9.295737	8.671154	9.6275	9.946671	8.414155	8.690263	8.885313	7.84499	7.8394403	7.8334436	9.501096	9.1247	9.86815	7.8086233
S100A9_9775	10.350315	10.364454	9.99863	10.174845	10.64253	9.309274	9.272647	10.210949	10.195529	10.159823	9.749162	10.236114	10.10177	10.248929	10.7402	10.857344	10.204718	9.974887	11.288871	11.002051	12.158693	10.547528	11.02488	10.360369	10.168171	9.476124	10.143368	10.949227	10.469259	10.453825	9.320344	9.930115	10.54326	11.097992	10.109301	10.130111	10.045774	11.16897	10.547528	11.553393	11.706793	10.364744	10.793765	10.786167	9.998088	10.09156	10.020793	12.319356	11.033991	11.952789	9.741736
S1PR3_32754	5.821519	5.2415056	6.104662	5.8515477	5.4795084	7.1625266	6.590291	6.577777	6.945062	6.299848	6.3620067	5.7990456	6.6083126	6.5372562	5.3613276	5.9830446	7.0488	5.5852566	5.4100094	6.0410414	6.7740617	6.454583	6.575289	5.723675	5.680633	6.5808306	5.836643	6.9534388	6.305186	6.544372	5.7599936	5.775549	5.894036	6.5021477	5.07428	6.373737	5.3308682	6.508376	5.7339687	3.7318203	6.4096704	5.9778924	5.5912886	5.304524	6.4424467	7.4467363	6.508142	7.592672	5.813707	5.770286	5.5641274
SACM1L_9776	7.310596	7.0838957	7.434097	7.2895513	7.0742226	7.347925	7.8609815	7.7405834	7.952439	6.788345	7.8252735	7.347637	7.7321625	7.7761626	7.11288	7.973541	7.7121835	6.836386	7.2903733	7.266675	7.638365	7.404758	7.216834	7.455965	7.0710816	7.1531606	7.6023607	7.755796	7.0733624	7.1744423	7.7536287	7.6746197	7.0786114	7.8525743	7.3112245	7.1717715	7.772934	7.4669356	7.694222	7.2016516	7.903872	7.6684523	7.3695016	7.022847	7.330417	7.9827814	7.453155	7.774345	7.3344507	6.8690658	7.0040226
SAPCD2_9777	2.6417313	1.4470309	1.6111797	0.0	1.1131065	2.9587402	1.8601638	2.2757223	2.6509938	2.0617402	2.3995826	1.6591743	2.1454625	0.82019544	2.1001348	2.1199853	0.767819	2.7363515	2.238191	1.1757872	2.8513174	2.9657874	1.8448938	2.7696137	1.1950403	1.3239917	2.7532747	2.2755182	1.126302	1.6773919	2.1406834	1.2089423	2.0275967	2.506633	1.7024508	1.3080859	2.23349	2.1579974	2.1639853	2.228283	1.8915004	1.2407571	1.7361305	0.71545935	2.5845437	3.0834928	2.1650176	2.8468895	1.4762079	1.1142143	2.0759077
SARS_9779	2.515188	1.9551042	3.4950655	2.5181563	3.0976462	2.521582	2.486291	4.1624165	4.6520104	3.5983813	3.9579256	3.6451528	3.7363482	3.5507815	3.7540836	3.175133	3.4379885	3.5559726	2.7174463	2.0523822	3.888952	3.8079436	3.7487695	2.6531126	2.896768	3.21252	3.1138024	4.032706	3.4666753	3.3706653	3.8717287	3.5227396	2.2304184	3.548908	2.602338	4.2260103	2.6284897	2.547975	2.372343	2.8365164	3.9287112	2.5288935	2.642854	3.0111494	3.3918626	3.777187	2.7672026	2.9556122	3.2198298	2.7705867	2.6931777
SAT1_32312	8.810856	8.254713	8.582078	8.483822	8.374624	9.014615	8.835204	9.291269	9.254032	8.374965	8.85444	8.06951	9.216214	9.0395565	8.841153	9.094193	8.905491	8.242613	8.672873	8.74098	8.820333	8.579319	8.565872	8.723256	8.736534	8.555137	9.188689	9.501398	8.926638	8.752731	8.918311	8.808267	8.969706	9.614189	8.592314	8.717534	9.262488	8.7975	9.377801	8.0606365	8.980422	9.371045	8.963872	8.406575	8.98534	8.932147	9.527513	9.704661	8.46949	8.966085	8.477267
SATB1_9780	4.7932763	4.047728	5.1945705	5.140844	4.6681924	5.8386474	5.671839	5.649119	5.7698884	5.198399	5.206434	5.0914803	4.7562222	5.977675	5.1637983	4.201936	4.596273	5.2623305	4.8209805	5.0214367	4.653956	5.322546	5.1593204	4.663063	4.7779455	5.526925	5.6103992	5.713668	4.756258	5.399914	5.685483	5.021495	4.8427405	4.927684	4.449854	4.823157	5.596774	5.502259	5.2963333	4.2801247	4.6662955	4.7125773	5.2593656	3.9187803	5.7274275	5.0509176	5.209795	4.837619	4.405847	4.765924	4.365845
SCAND1_9782	6.406891	6.222311	6.5984354	6.447828	6.03458	7.0926404	6.6855397	7.4421806	7.095894	6.6122684	6.75372	6.4603124	6.973221	7.2020087	6.5701947	6.892521	6.665126	6.595723	6.247561	6.081841	7.001067	7.1518273	6.738287	6.356505	6.4914737	6.839458	6.9632645	7.0232735	6.3266087	6.771829	7.0135183	6.77101	6.2495384	6.9078526	6.124396	6.588119	6.416529	6.8138704	6.9160466	6.24686	6.851828	7.1916366	6.251488	6.687606	6.924314	7.129958	7.2424474	7.474307	6.4353604	6.539421	6.64929
SCARB1_9783	2.3764687	2.1547542	2.145686	2.6598237	2.498873	4.269857	3.754334	3.555659	3.86589	1.7575232	2.8046954	1.6591743	2.534579	3.1137757	1.8599678	2.326616	3.2376134	2.1369452	2.8473456	2.2562509	2.9831893	2.9657874	3.2947974	3.0714748	2.6224735	2.250642	2.8837204	3.5554237	3.0175493	3.0259323	2.5294693	3.5227396	2.2304184	3.0633094	1.9328802	2.6244397	2.4444666	3.5947201	2.8613043	1.7895929	2.3406515	3.3981557	2.3448164	2.4578679	3.3918626	3.2054403	3.5891576	3.9144068	1.9892389	3.7879004	2.0759077
SCCPDH_9785	6.9376574	5.9675655	6.342441	6.6224213	6.0473228	6.851601	7.147013	7.0149817	7.246842	6.658343	6.7876225	6.324446	6.6482625	6.7976995	6.4667473	6.7915297	6.5934486	6.3170004	6.4245105	6.576478	6.921096	6.7567873	6.8591814	6.875105	6.4388347	6.9311876	6.910679	6.861105	6.315937	6.849519	6.861064	6.3046026	6.214097	7.0012155	6.0770025	6.5545287	6.391296	6.9331384	6.4714165	6.2814507	6.172787	6.7731576	6.2292438	6.012537	7.154319	6.733634	6.9076266	7.003021	6.2785997	6.5303597	6.2282453
SCD_9786	2.8657134	1.4470309	3.3081667	2.361048	1.1131065	3.0792744	4.1777725	3.1184926	2.9615965	2.0617402	2.1444392	3.802208	1.6109856	3.1137757	1.8599678	2.6678994	2.5653183	2.3117008	2.238191	2.8670673	2.3630009	3.5271246	2.0393906	2.2336307	3.016553	3.3250225	3.003343	3.1182652	2.5190232	2.4321535	2.967061	3.8193421	1.7915226	2.6671908	3.4035087	3.405289	3.5979016	3.5095499	2.9933162	2.7067823	2.9589396	3.087079	2.7715712	2.2785902	3.3918626	2.9502776	2.4973037	2.4607615	1.7554088	2.5005684	1.961433
SCD1_9787	2.9658844	3.0842927	3.4950655	3.9797099	2.7688293	3.8628378	4.011255	3.458151	4.0740767	3.2825825	2.616312	2.200775	2.695759	4.5362835	2.7902486	1.8787316	3.613897	3.9221573	3.603377	2.8670673	4.0778275	3.447462	4.7226954	2.877406	2.7661297	3.7845476	3.9104564	4.032706	3.5418694	3.710581	2.5294693	4.0652423	3.594322	3.277517	3.4035087	3.5934687	3.9828393	3.322457	2.8613043	2.228283	3.3903556	3.1983922	3.4473767	3.1216903	2.5845437	3.2054403	4.374813	4.2494674	2.524174	2.8887413	2.6195898
SCN7A_32495	2.9658844	2.6274648	3.736615	3.6123734	3.6589074	4.2182827	3.255363	4.1624165	3.9386752	3.689954	3.6975753	2.9020875	2.9724503	3.2360482	4.068669	3.5496771	3.613897	2.9628441	3.4482138	2.2562509	3.820068	3.178102	3.803364	3.3209743	2.4629142	3.21252	4.237673	5.6923895	3.3033986	3.5840557	4.512362	2.9180818	3.518869	3.1743853	2.1315236	3.8364446	3.1931324	3.322457	3.4260273	3.3525324	4.2700734	4.278248	3.5224726	2.4578679	4.8821573	4.12504	3.3635335	3.9144068	3.619066	2.7705867	3.0135357
SCP2_9788	3.7064028	3.0842927	3.4950655	3.6123734	3.4444587	3.8628378	4.2789826	4.492971	3.6225116	4.586044	3.3796642	2.5936327	4.8275514	4.0279417	3.5260668	4.303241	3.4379885	2.9628441	3.808712	3.1992087	3.21549	3.3631423	2.7448034	3.8830926	4.0975184	4.1325245	3.6421144	4.4927254	3.4666753	3.7699122	4.468596	3.7507105	3.7995486	4.1476912	3.8035955	3.978313	3.6835446	4.1393185	4.4521384	3.7318203	4.2700734	4.467931	3.1953344	3.7222598	3.754422	4.061858	4.9087806	4.161406	3.309005	3.5214198	3.2755225
SCRN1_9789	2.515188	3.7719631	2.840976	4.6906743	3.3652549	4.10925	5.4292083	4.761728	3.9386752	3.1598291	3.5991883	3.8747573	3.7363482	5.5527062	4.46205	3.0640497	4.1590357	5.324826	4.3805633	2.593747	3.6715705	4.0961194	4.003165	4.7220893	3.9245403	4.2511845	4.5442247	4.336896	4.358906	3.7699122	4.1738105	4.458572	4.138909	3.463993	4.019533	4.167958	2.6284897	4.2484846	3.7584567	3.7970295	4.913356	3.573593	4.2965484	4.429227	4.2849255	4.9145117	3.9560254	4.0183334	4.14025	3.4463294	2.6195898
SCYL3_9790	6.598524	6.0699835	6.61869	6.3674855	6.4149036	6.6028423	6.7038574	6.870864	7.1117196	6.527919	6.5968413	6.2029014	6.715618	7.216935	6.4121017	6.448734	6.92912	6.2325873	6.3822656	6.404873	6.896214	6.971351	6.709988	6.384181	6.074888	6.66874	6.6050453	6.917211	6.477877	6.5358515	6.29905	6.5260973	6.4758854	6.61476	5.8561635	6.6635823	6.7300525	6.4409714	6.4018397	5.782875	6.4660435	6.6610236	5.831718	5.6191325	6.8821445	6.8964043	6.681416	7.4184136	6.311344	5.916556	5.8956165
SDC2_9793	5.019916	4.4020452	5.0228224	4.552153	4.4552264	5.556621	5.6148987	5.965286	6.074456	4.8470116	5.3645425	4.8608956	4.7923274	4.5831194	4.6246834	5.29111	4.8633313	4.873771	4.722831	4.444678	5.7961783	5.1061497	5.33637	4.503981	4.907565	4.771496	4.953656	5.7553062	4.2284164	5.542837	5.6269608	5.1335516	4.494464	4.6486726	4.4121585	5.453113	4.789701	5.9529834	4.6650844	4.085053	5.3566923	4.511696	3.9608154	4.2461166	5.6860075	5.3175406	4.9087806	4.656197	4.0396147	4.207234	4.066853
SDHA_9796	8.357666	7.9635363	8.138795	8.346483	8.127038	8.21453	8.627801	8.854422	9.105851	8.311502	8.5165415	8.10764	8.429632	8.543432	7.9592896	8.382327	8.129126	8.0739565	7.9005966	8.232087	8.766432	8.541452	8.280932	8.218112	8.407255	8.456698	8.453896	8.431362	8.201537	8.391116	8.2041645	8.238552	8.043285	8.669155	7.9369516	8.337773	8.329366	8.707149	8.412763	8.223675	8.328595	7.7253203	8.090688	7.36941	8.374538	8.404903	8.477521	8.173735	7.6439166	8.1230755	7.9162617
SDHB_9797	10.801683	10.246389	10.652914	10.7134075	10.450839	10.761498	11.052435	10.818709	11.149639	10.627624	10.90647	10.418569	10.734936	11.198915	10.755096	10.750408	10.947539	10.3763075	10.670768	10.892121	11.221272	10.786825	10.852752	10.5361595	10.69973	10.510487	10.834837	10.943047	10.68314	10.778935	10.515469	10.636687	10.288842	10.782817	10.374202	10.547913	10.834228	10.340009	10.536749	10.21484	10.8304405	10.738463	10.329538	10.204232	10.851247	10.983654	10.776279	11.317093	10.702805	10.638277	10.569819
SDPR_32765	7.6373663	6.9014764	7.9031696	8.073297	8.043644	7.7934213	7.819584	8.572242	7.9612	6.691958	7.6397376	7.3412504	8.300831	7.8593783	7.5010786	8.033741	7.897909	6.677826	7.4925427	8.189163	8.509083	8.035365	8.13158	8.061229	8.36556	6.8010683	8.375685	8.017717	6.809936	7.190817	8.04192	7.009984	7.664395	7.8483925	7.295782	8.294341	7.545935	7.829576	8.060628	7.361084	8.279106	8.213444	6.8557615	8.114068	8.41524	8.211048	8.55531	8.253102	8.07421	7.5452037	7.7835727
SEC11A_32884	9.054993	8.526447	8.912511	8.823884	8.674791	8.976318	9.190593	9.163694	9.257593	9.000445	9.264691	8.634515	8.714724	9.409661	8.799182	8.893574	9.162373	8.675236	8.857661	8.98994	9.266205	8.95372	8.993228	8.532388	8.922471	9.029955	9.190266	9.238761	9.066898	9.077297	8.710911	9.05413	8.565621	8.9946375	8.639975	8.618062	9.167214	8.8611965	8.766504	8.455932	9.077702	8.880541	8.562642	8.251098	9.151783	9.048756	8.725305	9.312094	8.655263	8.664475	8.545913
SEC11C_9799	8.222445	7.376473	7.4398003	7.332509	7.4787626	7.90772	7.901224	7.9612703	8.477094	7.679389	8.083613	7.4281898	7.768867	8.178158	7.650188	8.003955	8.016188	7.3734517	7.560421	8.021022	8.118856	7.993907	7.9100447	7.2607656	7.795399	7.9561653	7.9388356	8.051536	7.8596807	7.818875	7.327098	7.5336504	7.4373446	7.9993505	7.48922	7.1643677	7.8991365	7.596488	7.783556	6.624578	7.883319	7.4719815	7.62513	7.288778	7.689498	8.1478	7.814958	8.624359	7.513971	7.8628817	7.531075
SEC24D_32308	7.583197	6.724361	7.3517895	7.1584063	6.7314734	7.575044	7.3755884	8.039203	8.284591	7.4432073	7.53718	7.1203403	7.333237	7.599486	6.8830686	7.4348817	7.6172757	7.3233123	6.715693	7.0912747	7.75828	7.795047	7.09629	7.1306534	7.118711	7.263159	7.5880795	7.575772	7.503072	7.4440312	7.8505893	6.6908517	6.7143974	7.5621347	6.5371757	7.446629	7.0532875	7.4725723	7.201864	6.5973783	7.4410834	7.5156255	7.12638	7.1716003	7.664836	8.02894	7.6537147	7.9587207	7.1046786	7.131241	7.0004034
SEL1L_32748	6.0325828	5.2632866	5.3720922	5.5757327	5.46058	6.225766	5.7965627	6.577777	6.8726068	6.046259	5.947815	5.511153	6.556768	6.012313	5.8300376	5.659184	6.1264772	5.618901	5.080776	5.591516	6.4022207	6.198895	5.665947	5.8743916	5.883329	5.6180773	5.9600687	6.8419075	5.646562	5.941541	6.1546154	5.4687614	6.0761447	6.594928	5.2766247	6.0432925	5.6824822	5.9529834	6.425407	4.9007115	5.87263	5.8976927	5.555977	5.327772	6.4993486	6.9927144	6.25743	6.4732823	5.7192597	5.4042683	5.1976557
SELL_32554	10.723349	9.838338	10.553837	10.405466	10.400827	10.992513	11.051094	10.993109	10.857503	10.24627	10.700926	10.252373	10.604572	11.304442	10.59689	10.423354	11.074249	10.211044	10.601684	10.714324	10.854457	10.910812	10.451525	10.04999	10.3445	10.535548	10.621786	11.108818	10.617846	10.617213	10.577304	10.594474	9.884324	11.049636	10.137729	10.497981	10.851099	10.326844	10.667262	9.387942	10.660278	10.6078205	10.144316	9.87986	11.132961	11.127037	10.8489485	11.964091	10.165058	10.062174	10.109942
SELP_32741	4.491038	2.486432	3.8777544	3.5409095	3.4444587	4.880327	4.011255	3.8139515	3.6225116	3.1598291	4.1085844	2.756088	3.4043794	3.2360482	2.1001348	2.326616	3.4379885	3.5559726	3.4482138	3.7646446	4.191271	3.987655	3.2947974	3.8830926	3.6559942	3.0904965	3.6421144	4.032706	2.3618937	3.710581	3.1990128	3.7507105	3.7995486	4.092185	3.6821575	2.7875395	3.1931324	3.4190342	3.3294005	2.228283	3.9915128	3.3017287	2.642854	2.4578679	3.3918626	4.061858	3.4427273	3.6162026	3.0230174	3.5214198	2.6195898
SEMA6D_32964	6.760706	5.9675655	6.5144486	6.918691	6.7155952	7.5068254	6.73981	7.46118	7.779944	6.3981624	6.2849784	6.258189	7.1849465	7.06848	6.1300535	6.635155	7.2553296	6.1544433	6.0593023	6.6232963	7.375778	7.1006656	7.211797	7.0349603	6.772401	6.6144276	7.1236773	7.5043073	6.389032	7.1467314	6.9027715	5.907507	6.5055056	7.5672326	6.214753	6.8779173	5.8768153	6.5516243	6.847916	5.4391656	6.8001366	6.791028	5.2593656	5.637855	7.03842	7.4154863	7.343929	7.441966	6.4647675	6.293835	5.9188104
SENP6_9804	6.6294003	5.9675655	6.8589864	6.778148	6.313062	7.134977	7.415036	6.9802794	7.1428595	6.7029915	6.809789	6.7186437	6.66783	7.3033905	7.0354567	6.908686	7.0021124	6.620848	6.6370354	6.650675	7.1628027	7.2431235	7.0060673	6.5562463	6.5322447	7.1758413	6.977944	6.8224506	6.9476533	6.7201195	6.5611124	6.8469477	6.350921	6.858803	6.0649066	7.141925	6.8917346	7.124307	6.662028	6.4732013	6.9017315	6.808679	6.3882732	6.421977	7.21382	7.330918	6.4708424	7.3453565	6.576745	6.1474338	6.5488
SEPT5_32632	4.491038	3.0842927	3.5801554	3.9246213	4.0108175	3.7218108	3.0415661	4.2812176	4.46754	4.381498	2.616312	3.5597103	4.6020246	4.3858986	3.6820092	4.351345	3.5286222	3.8101146	3.4482138	3.6243875	4.9402366	3.6026177	4.0490723	4.36274	4.518643	3.0904965	3.9704094	3.6467555	3.0175493	4.9648266	3.3987858	2.7871325	4.236344	3.8459697	2.9567258	4.532437	2.7916732	4.2484846	3.4260273	3.7318203	4.8469768	3.8022594	3.5938523	3.4946837	4.2089777	4.6395364	2.8853111	4.656197	4.279152	3.5927947	3.0698776
SEPW1_32392	6.7254143	6.276867	6.4367223	6.3777766	5.955667	6.289626	6.6576195	6.6677628	6.736334	6.3981624	6.8316207	6.0389347	6.6482625	7.2390394	6.580143	6.800221	6.4500785	6.367356	6.5346828	6.2818623	7.024219	6.293057	6.231486	6.3091655	6.6387644	6.534782	7.103738	7.1919656	6.448866	6.594465	6.8268075	6.7090535	6.4043107	6.7100253	6.1589465	6.152104	6.489685	6.2702465	6.710793	6.006123	6.8088813	6.6803284	6.427879	6.1751785	6.8698664	6.7736177	6.914589	6.6291428	6.025869	6.566268	6.1256604
SERPINA1_9807	2.515188	4.1909814	0.0	6.018694	4.6348104	5.1789985	1.2111645	1.7248423	4.8155456	4.076771	1.4386133	2.5936327	5.0526247	0.0	0.72900796	0.7393115	3.1259208	4.981153	0.6957044	0.0	5.916548	0.69538784	7.3873577	5.078927	1.1950403	0.0	3.312188	0.0	0.0	1.4053764	0.75012773	4.4148836	0.0	1.5883089	5.1901765	2.2296865	1.687787	1.6218852	0.0	5.8303742	0.0	0.0	1.4586725	0.0	1.5846274	4.8782954	0.66064256	0.64444155	2.3669193	0.66210103	0.9744036
SERPINB2_32911	3.5212522	3.267883	3.4046404	3.2133267	2.9961455	3.2937799	2.486291	4.0991335	2.9615965	3.5983813	2.1444392	3.6451528	2.9724503	3.3487625	3.1521814	3.2782712	3.7706692	2.854038	2.966509	2.8670673	2.7061675	2.4155526	3.2947974	3.5336206	3.5003047	2.002579	3.2164025	3.732648	3.1192565	2.4321535	2.967061	2.9180818	4.0344143	2.325943	1.7024508	1.6844561	0.7995354	3.7513156	2.5543716	0.6909027	4.6662955	3.7299907	3.5224726	2.6173096	3.6433938	3.3178785	3.2797384	3.239858	3.4723492	4.1132665	2.6931777
SERPINB9_32899	5.912196	5.347264	5.592916	5.992147	5.498192	6.0451527	6.676293	6.2244663	6.3790784	5.2594614	5.947815	5.2902393	5.7660575	6.2914963	5.5753856	5.5603223	6.005455	5.5852566	5.182751	5.896054	6.266422	6.045018	6.160065	5.505825	5.5477486	5.9341187	5.492671	6.163651	5.8962173	5.9671173	6.2088246	5.630295	5.482105	6.1134686	4.624838	5.9256005	5.839987	6.0314584	5.3710546	5.5378456	6.1454306	6.194775	5.801883	5.327772	6.021873	6.2291794	5.855917	6.0636473	5.1235476	5.3842907	5.2473617
SERPINC1_32513	3.3831434	4.4785223	2.145686	6.5514655	5.2341156	5.2057276	2.3061843	2.6734118	4.365632	4.63295	1.4386133	3.3719604	4.895519	2.2714932	0.72900796	0.7393115	4.101142	5.5155187	1.1630801	2.0523822	6.378462	2.846633	7.396265	4.7220893	2.4629142	0.80882925	4.657979	3.1182652	1.9845754	2.4321535	1.2411588	4.174075	1.157626	1.5883089	5.416464	2.9340591	2.4444666	2.1579974	1.2585819	5.7503176	2.133485	1.8978021	2.5015178	1.1915702	4.5230813	4.595598	3.5891576	3.0567124	3.309005	3.194307	3.0135357
SERPINE2_32301	3.3087924	4.047728	3.80891	3.8077013	3.3652549	4.5032363	3.6822586	5.2726026	4.608057	4.26721	3.8762534	4.072788	3.943193	4.0279417	3.3512022	3.9123585	4.418063	4.0261216	3.871139	3.7646446	3.888952	3.987655	4.093564	4.076447	3.7279603	3.429383	4.02797	4.4426293	2.5190232	4.258335	3.8029058	3.4379745	4.188449	2.942963	2.602338	4.167958	1.986288	4.734754	3.3294005	3.5163915	4.7773952	3.3981557	3.2843316	2.6173096	4.2849255	4.4551363	2.8853111	3.477213	3.2198298	2.8887413	3.0135357
SERPINF1_32761	5.621037	6.2552915	5.0228224	6.4575634	5.0937552	5.786481	5.927034	5.815846	6.1376553	5.841832	5.6366873	5.121607	5.8019204	5.810609	4.2290087	5.7517033	5.6492867	6.177205	4.542772	5.0214367	6.4935265	5.5493507	7.046236	5.9989567	5.2384467	5.573221	6.517327	5.4603233	4.0849395	4.859511	5.723219	5.668002	4.903335	5.5388875	5.9772725	5.97722	5.0375247	6.4409714	5.418802	5.891367	5.2059503	5.075422	6.1952205	5.692608	6.706861	5.908464	6.5973787	5.6436443	5.2186785	4.5317335	4.9499874
SERPING1_32597	4.3864694	1.7233189	2.696003	3.6123734	1.1131065	4.627056	4.3270435	4.4428744	2.9615965	4.765157	4.538403	2.410535	4.2331653	3.6420867	3.5260668	2.1199853	3.1259208	4.7577496	3.603377	4.313784	1.6192706	4.54198	2.210754	2.0614784	3.12715	4.7312284	3.4865618	4.1621737	3.3873456	2.6996026	4.8895493	3.947525	3.666024	3.7772398	3.2410011	4.999941	4.340139	5.6288114	3.6822517	4.3685856	3.794259	4.985162	4.013831	1.8351252	4.614228	1.9966261	2.3407063	2.305077	3.2198298	2.9979472	3.951628
SERPINH1_9815	6.5347157	5.284744	6.1747365	5.7282867	5.1181173	5.9847016	6.6098504	6.1326427	6.6949115	5.716773	5.709237	5.780282	5.984658	6.3194275	5.314422	5.838645	5.9895873	5.8489556	5.5309534	6.147377	6.547791	6.562506	6.084924	6.3750143	5.4232135	5.9162703	6.5072427	6.0173087	5.189411	5.703625	6.1125784	5.357773	4.7467914	5.106409	4.624838	6.239254	5.220581	5.817807	4.742178	5.194915	5.889218	5.3165774	5.9856157	4.870279	6.3570557	6.3662415	5.1402225	5.737997	5.2186785	4.7964797	5.330428
SERTAD1_33143	5.0657864	4.1909814	4.602301	4.51534	4.293499	5.3079515	4.771087	4.7202697	5.0306005	4.72242	5.066151	4.628886	5.1109705	5.52898	5.428944	5.0789332	5.2833834	4.5291295	4.617513	3.469012	5.2850423	5.0533123	4.981338	4.5697336	4.8762355	4.81067	5.3419557	5.434924	4.624083	4.716039	5.2412624	4.867953	4.236344	4.1476912	3.8606849	4.931804	4.789701	4.943985	4.202226	3.7970295	4.627276	4.7857018	4.208325	4.4715905	5.374549	4.6395364	4.8518867	5.489429	4.522309	4.2954535	4.4741917
SESN1_9816	1.8561494	0.0	0.752753	1.4715443	1.1131065	1.8913333	2.6463878	0.82250994	3.2170308	0.0	1.8342675	2.410535	2.8407278	2.2714932	1.5716753	1.5888703	2.382989	2.7363515	1.5155233	1.8148876	2.3630009	2.0344265	2.7448034	2.3874133	1.8395665	2.250642	2.271517	3.5554237	1.751022	2.5720668	1.6068331	1.5692585	2.5664744	1.2252613	1.9328802	1.6844561	0.7995354	1.914702	1.920373	1.7895929	1.8915004	2.3475738	1.4586725	1.1915702	2.906455	2.6400769	2.7672026	1.9319366	2.6659598	1.9678794	1.7010021
SESN2_9817	3.3087924	2.9829214	3.5801554	2.5181563	2.6401563	3.9912984	3.0415661	4.0991335	4.46754	2.8777032	3.5991883	3.1560693	4.8275514	3.4533052	3.6820092	3.4647577	4.101142	3.9221573	3.4482138	2.0523822	3.21549	3.674356	3.439704	3.5980654	2.6224735	2.957191	3.9104564	4.916335	3.3873456	3.8268995	3.654551	2.3030627	3.9217556	4.6486726	2.7303865	4.167958	3.5068517	3.5095499	3.9655392	3.9192204	3.4806895	3.8022594	2.7715712	3.0111494	3.6999757	4.2995086	3.9560254	4.115274	3.8144693	3.660804	2.6931777
SGCB_9821	3.7064028	2.9829214	3.4950655	3.7454848	2.9961455	4.10925	3.4415276	3.8139515	4.255975	2.312845	3.3796642	2.5936327	3.808642	4.0279417	3.4412823	3.7780194	3.0048497	3.7506518	3.0765762	2.593747	3.5911667	3.178102	2.5023503	3.7189126	3.9245403	3.861182	4.188035	4.0988913	3.6133378	4.1283503	3.5742307	3.0381281	3.518869	3.7772398	3.0578372	3.5934687	3.1931324	4.194934	4.0284495	2.8365164	2.8274064	3.4885392	2.8897388	3.0111494	3.6999757	3.6105773	4.009029	3.8024087	2.79505	2.9979472	3.1241014
SGK3_33138	6.1436925	5.6904993	6.090229	6.2036047	6.2483172	6.3143992	6.71293	6.7728844	6.9799695	6.028826	6.09948	6.0230618	6.752741	6.736862	6.343672	6.260022	6.4029365	5.7612853	5.976536	6.234396	6.8623557	6.4748154	6.2707644	6.0226293	6.327418	5.969167	6.335504	7.0898833	6.4682717	6.501257	6.3721337	6.1532974	5.8173804	6.7553983	5.4540486	6.3214383	6.403968	6.24412	6.830369	5.861193	6.1591735	6.764139	5.9856157	5.892938	6.4671087	6.7736177	6.8213506	7.170286	5.944709	5.9711494	6.043632
SGOL1_33030	3.3087924	4.047728	3.3081667	4.1333776	3.2814488	3.3901486	1.5718547	3.9635777	3.5313187	2.0617402	3.3796642	4.402222	3.2045193	2.0223966	1.8599678	2.9436944	3.8430977	3.5559726	2.035052	2.0523822	3.747729	4.1474395	3.6920276	3.9339144	3.5003047	2.957191	3.1138024	4.032706	3.6133378	3.710581	2.1406834	2.7871325	4.0876074	2.506633	2.461808	2.9340591	2.6284897	2.9865744	2.372343	3.2630503	3.4806895	2.1401448	2.5015178	2.760871	3.2474778	3.0834928	1.1120816	3.1511896	2.79505	1.4579389	2.9549038
SH3BP5_9823	4.923553	4.5511484	5.419044	4.9050636	5.4219613	5.855625	5.535304	5.7348895	5.7087703	4.9616933	5.1025214	4.7876277	5.9370713	5.621631	5.1637983	4.7605286	5.7086463	5.1970053	5.054115	5.1291738	5.703604	5.0261497	5.605781	4.778795	5.0547533	5.0907993	5.3419557	6.067757	5.426129	5.4908857	5.0760975	4.801648	4.873356	5.8711796	4.48659	5.5009246	4.7505484	5.068315	5.418802	4.7107253	5.380353	5.75931	5.0468755	5.2324433	5.780866	5.815758	5.8986783	6.329158	4.5950346	5.423973	5.0791297
SHC1_9825	6.5907006	5.9675655	6.798126	6.6137404	6.291802	7.1556883	6.946236	7.3702927	7.5495443	6.691958	6.9856057	6.0855327	7.2513013	7.224341	6.69446	6.6544566	7.137873	6.755507	6.316485	6.6140532	7.4054704	6.844923	6.5193105	6.5803733	7.014651	6.4750743	6.5072427	7.2801857	6.6320896	6.828742	6.764829	6.280462	6.7059174	7.0602617	6.0154834	6.8225484	6.581791	6.900056	6.7946205	6.304059	6.7555985	7.1437626	6.148571	6.0961485	7.118442	7.4217906	7.0216417	7.3944697	6.3746843	6.4935346	5.6590075
SHCBP1_9826	3.2304003	2.75593	1.9030463	2.907214	3.3652549	2.82721	1.8601638	3.7328856	3.43397	2.312845	2.1444392	2.5936327	2.8407278	2.0223966	2.7902486	3.175133	2.87268	2.3117008	2.8473456	3.0967624	3.4155223	4.1474395	4.178631	2.0614784	3.9845338	1.3239917	2.6098514	2.673195	3.0175493	3.2918935	2.3481333	2.3030627	2.5664744	2.6671908	2.8479903	3.3011148	2.23349	2.9865744	2.715985	3.0654895	4.109465	4.226657	2.9989562	3.224361	2.4590204	2.2443757	2.7672026	2.9556122	3.2198298	1.7353235	2.8937876
SIRT3_9828	3.0595496	3.0842927	3.4950655	3.386396	3.7238476	3.8628378	3.8885062	2.4882271	2.9615965	3.9342363	3.3796642	2.5936327	3.4043794	3.3487625	3.4412823	2.8123772	3.8430977	2.467557	2.966509	3.69622	3.1040103	3.2735868	3.5713751	2.7696137	2.7661297	4.4627132	3.4020078	4.222796	3.4666753	3.0259323	2.835414	3.7507105	2.7090814	3.548908	2.8479903	2.6244397	2.6284897	3.8236685	3.4260273	3.3525324	3.4806895	2.5288935	2.3448164	2.8914306	3.3918626	3.4221838	3.1907747	3.0567124	2.6659598	3.0994654	2.3732097
SKA1_9829	3.2304003	3.5770385	3.660505	3.9246213	4.1113257	3.4804814	2.1003423	4.492971	3.5313187	3.3957052	3.9579256	3.802208	3.2045193	2.2714932	3.0413287	3.7780194	3.613897	3.4847689	3.5278807	2.8670673	3.9546967	3.7426953	3.9557486	4.325158	3.12715	1.7028205	3.1138024	3.5554237	3.681432	3.8268995	3.8029058	3.2518594	4.494464	3.9115734	2.8479903	4.044337	2.7916732	4.3981524	2.372343	4.233773	4.5459204	3.7299907	2.3448164	3.6503172	2.7000144	3.0834928	2.4973037	2.130537	3.309005	3.5927947	2.8937876
SKIV2L_9830	2.515188	1.7233189	1.2448933	2.1847157	1.1131065	0.7462653	1.2111645	2.2757223	3.43397	2.312845	1.4386133	2.5936327	2.3531	2.4838471	1.8599678	2.8123772	2.87268	1.0927255	1.5155233	0.7045007	2.8513174	2.5739944	0.6026023	1.3713186	2.2834883	0.80882925	0.7119802	2.4880157	2.6607075	1.6773919	3.3987858	2.4830763	1.5091133	2.1193378	1.7024508	3.188829	2.4444666	1.914702	2.372343	1.5073531	2.6826673	2.3475738	1.968738	1.8351252	2.321526	2.9502776	2.4973037	3.323391	1.7554088	2.5005684	1.961433
SKP1_9831	9.435174	8.888899	9.342108	9.0123625	8.955605	9.348783	9.803151	9.610611	9.753737	9.142969	9.443689	9.192775	9.074962	9.798763	9.082473	9.484956	9.428228	8.87641	9.130742	9.188248	9.560867	9.394381	9.191746	8.909365	9.313075	9.243628	9.326971	9.459501	9.338738	9.209075	9.27183	9.518799	8.866957	9.263182	8.764864	9.206314	9.597801	9.686145	9.117011	9.084294	9.475231	9.339517	8.862738	8.758456	9.739279	9.536602	9.232501	9.638927	8.775526	8.95597	8.991927
SKP2_32453	2.6417313	2.3301039	2.353332	2.361048	2.498873	2.521582	2.6463878	2.6734118	2.814638	2.5266557	3.2559555	1.6591743	2.8407278	2.4838471	2.1001348	2.5073261	1.6360242	1.9380654	2.4162252	2.4348454	1.251849	2.846633	3.439704	2.526371	3.5802486	2.810302	2.7532747	4.032706	1.9845754	1.6773919	2.1406834	1.2089423	1.7915226	3.373766	2.602338	2.440523	2.23349	0.7592324	1.920373	2.228283	3.2939854	2.1401448	2.3448164	2.4578679	2.99956	3.3178785	2.6385555	2.130537	2.190403	2.7705867	1.7010021
SLAMF9_32467	2.515188	2.1547542	2.5348177	1.750284	2.498873	1.6004289	2.3061843	2.8375075	2.9615965	2.0617402	2.9712968	1.6591743	3.7363482	2.8329227	1.8599678	2.5073261	1.2662693	1.0927255	3.0765762	2.0523822	1.6192706	0.69538784	1.0263795	2.2336307	1.5530008	0.0	3.6421144	4.54114	2.7897131	3.1201398	2.6905363	0.7275637	2.5664744	3.277517	2.602338	2.2296865	2.9382603	2.1579974	3.2258344	2.7067823	2.133485	3.573593	3.2843316	2.0738304	2.806924	1.6973256	3.9560254	2.7293007	1.7554088	2.8887413	2.280753
SLC11A2_9834	3.0595496	1.4470309	2.145686	2.6598237	2.9961455	2.340468	1.2111645	3.9635777	3.5313187	2.312845	2.616312	3.03466	2.9724503	2.2714932	0.72900796	2.9436944	2.382989	3.0640168	0.0	2.2562509	2.8513174	2.846633	2.7448034	2.526371	2.896768	2.462245	2.271517	2.4880157	2.185535	3.0259323	2.967061	2.9180818	2.8388512	0.7389744	2.306097	3.5024447	2.4444666	2.9865744	2.5543716	3.4367871	2.3406515	2.1401448	2.7715712	0.71545935	1.8069959	1.9966261	2.6385555	2.305077	2.3669193	0.66210103	2.542046
SLC15A3_32497	2.222978	1.7233189	3.5801554	3.8077013	1.9663466	3.2937799	3.255363	3.458151	3.43397	3.0256517	3.3796642	3.1560693	3.943193	2.8329227	2.1001348	3.3745255	3.4379885	3.5559726	2.574683	2.593747	3.4155223	3.930203	3.439704	2.6531126	2.6224735	3.21252	2.7532747	2.8372862	2.3618937	3.2918935	2.6905363	2.9180818	2.4082093	4.092185	2.461808	2.7875395	2.4444666	2.9865744	3.3294005	2.5642188	3.9287112	3.6539102	3.5938523	3.0111494	2.99956	4.3532715	3.3635335	3.742971	2.3669193	3.194307	2.9549038
SLC16A7_9838	5.2949095	4.749371	5.0823727	5.539524	5.4414	5.49294	5.2160363	5.9474306	6.2129498	5.3464675	5.947815	4.96426	6.2925997	5.868474	5.472323	5.639946	5.4316773	5.1517515	5.054115	5.0491347	5.179007	5.4909453	5.4773555	5.471834	5.8990016	4.4627132	5.8996754	6.542276	5.576761	4.9648266	5.778035	5.1335516	5.7529817	6.7007766	5.1217613	5.5242486	5.596774	5.688154	6.05425	4.987078	5.821692	6.395007	5.6759624	5.4807954	5.5693636	5.99557	6.498907	6.3088055	4.9402957	5.944111	5.065338
SLC1A2_33059	4.5885363	2.1547542	4.006308	2.907214	2.8869598	4.3677835	4.1777725	4.1624165	4.5159154	2.312845	3.6975753	0.78194916	3.4043794	4.5831194	3.4412823	2.6678994	4.418063	2.9628441	2.966509	3.6243875	4.244814	4.0961194	3.803364	3.466162	2.2834883	4.003223	3.4020078	3.6467555	3.0175493	3.4453578	2.6905363	4.6211877	1.7915226	2.325943	3.0578372	3.0670605	3.9828393	2.8546557	2.5543716	0.6909027	3.2939854	3.573593	3.100484	3.0111494	3.754422	4.7235904	4.157271	4.3324614	4.09081	2.3438904	3.0698776
SLC1A3_32817	4.234097	3.351601	4.06653	4.31571	3.9027789	3.8628378	4.011255	4.492971	4.996911	4.325485	4.484301	2.410535	5.441677	4.2179937	4.2290087	4.5291653	4.5537415	3.247281	4.7890005	3.3845623	4.653956	4.0961194	4.003165	4.325158	4.997667	3.7845476	4.657979	5.670792	4.4397717	3.9854841	4.675246	3.3479161	4.138909	5.8208447	4.333677	4.335545	3.9828393	4.349968	5.075798	2.228283	3.9915128	5.1042953	4.671279	4.4715905	4.2089777	4.595598	5.735273	5.2962046	5.073521	4.7964797	3.7933116
SLC1A5_32581	5.5257835	5.0790715	5.27334	5.502383	4.492976	5.695113	5.0541315	6.6121826	6.074456	5.2594614	5.61167	5.2634673	5.4642334	5.1478777	4.4183564	5.3396134	5.7086463	5.34507	4.542772	5.0214367	5.2850423	6.045018	5.5105495	5.471834	5.0264926	5.595824	5.364475	5.892247	5.3653245	6.0291414	5.3894463	5.106343	5.2215505	5.019812	4.689292	5.569796	5.1621056	5.6288114	4.6249356	5.2885866	5.151987	5.365103	4.5687127	5.2075934	5.475242	5.675068	5.3396177	5.8265553	4.6300673	5.167644	4.669159
SLC20A1_9844	6.333785	5.9807725	6.0004616	6.018694	5.942085	6.7187247	5.927034	6.76271	6.825402	6.063483	6.609534	6.054635	6.3175907	6.248558	5.779126	5.904613	6.2778664	6.034912	5.6062937	5.533869	6.4022207	6.5719285	6.0172477	6.5151153	6.1553936	6.132672	6.1274166	6.870609	5.8075814	6.373193	5.848026	5.6864924	6.4251256	6.1410823	5.754394	6.2809315	5.802193	5.7999835	6.5804033	5.964152	6.172787	6.0538673	5.3854165	5.3506517	6.1492515	5.99557	6.342493	6.277729	5.5282016	5.554848	5.452005
SLC22A5_9846	2.0511916	0.6557987	1.6111797	1.9837908	2.3422368	2.9587402	2.3061843	2.98483	0.811001	1.7575232	1.8342675	1.2862334	3.2045193	1.7211257	1.5716753	1.5888703	2.727169	1.4325044	2.238191	1.1757872	2.1549919	2.0344265	1.8448938	2.526371	1.8395665	0.80882925	0.7119802	5.485284	2.185535	1.9061652	2.967061	0.7275637	3.7343307	2.811656	2.461808	0.79748124	2.4444666	1.914702	3.3294005	1.7895929	1.6005821	3.1983922	2.642854	1.1915702	2.7000144	2.4557507	3.5177994	2.7293007	2.6659598	2.6418855	2.0759077
SLC25A13_9850	5.195247	4.839124	5.486725	5.279024	5.498192	5.4710727	5.3383293	5.8925	5.789699	4.99798	5.7783127	5.5559683	5.9689693	5.3236547	5.2903852	5.4760456	5.5661387	5.4233203	4.617513	5.514129	6.0276427	5.9898496	5.5105495	5.3831778	5.4232135	5.153088	5.0401273	5.6488667	5.576761	5.5257273	5.0165553	5.334512	5.5781603	5.049259	4.974355	5.816467	5.5519314	5.524137	4.9835544	5.12044	5.676348	6.1400523	4.94136	5.438705	5.780866	6.0289917	5.318776	6.0877376	5.3714104	4.8557158	4.6133842
SLC25A24_9855	4.1514177	2.8738854	3.80891	2.5181563	4.159071	3.1905103	3.3514462	3.9635777	4.608057	3.5983813	4.1783977	3.3719604	3.579891	3.1137757	3.1521814	3.175133	3.6944115	3.3308632	3.3638895	2.8670673	3.820068	3.447462	4.2589602	4.076447	3.7965066	2.6467445	3.4865618	5.1528096	3.7464566	3.648705	3.0876935	3.2518594	2.9579055	3.1743853	2.9567258	3.9091218	2.9382603	4.5337424	3.8308377	3.9766421	3.6459768	3.3017287	3.6618662	2.760871	3.953726	3.3178785	3.9009998	3.0567124	3.3929877	3.0994654	3.0698776
SLC25A30_9856	5.1319685	4.1447926	5.0529046	5.791233	5.5348477	5.637379	5.8135314	5.649119	6.539783	5.198399	5.4232335	5.0914803	6.1186676	5.70869	4.934868	4.7957234	5.669346	5.304293	4.722831	5.628707	6.102065	5.711592	5.7237034	5.346132	5.286904	4.9920144	5.4084845	5.4603233	4.5531583	5.4369936	5.215015	5.551788	5.0445433	5.4967585	3.9156005	5.2993665	5.6615276	5.288818	5.1052804	4.56857	5.2059503	5.864321	5.0212116	4.7025595	5.9063964	5.632215	4.9901237	6.180268	4.7622647	4.7347074	5.1721454
SLC25A4_9857	7.0897174	6.476538	7.115679	6.9535084	6.6833043	6.6522627	7.3172946	7.4099474	7.4902453	6.8292	7.8307037	6.7186437	6.6482625	7.6985254	6.8750095	7.04656	7.187401	6.5265017	6.774038	7.1045356	7.098814	7.0810027	7.2662587	6.6580024	6.6756287	6.9400477	7.1691575	7.081723	7.48889	7.2700133	6.982734	7.4055758	6.627265	7.4058666	6.4186115	6.484906	7.0041976	7.1171274	6.899313	6.2814507	7.019423	6.817425	6.6281757	6.122976	7.2568884	7.501336	7.028076	7.309954	5.9993196	6.3360476	6.1649895
SLC25A46_9858	6.295794	5.783872	6.638664	6.5873795	6.4727273	6.7999096	6.5604453	7.057218	6.9002056	6.046259	6.584037	6.400136	6.8756275	7.0351806	6.2718344	6.60571	7.0178437	6.243413	5.746108	6.3502555	6.7088747	6.7148733	6.590892	6.240166	6.470648	6.4750743	6.6515675	6.99748	6.4682717	6.2326436	6.4188776	6.5260973	6.6000648	6.6914687	6.2578945	6.484906	6.7400813	6.664277	6.5592546	6.3263187	6.3510046	6.942616	6.1603756	5.968841	6.747695	7.0589285	6.8213506	7.1186075	6.4647675	6.3871336	6.1322904
SLC26A2_33072	5.6664047	4.8678427	6.0310087	6.0054817	5.639539	6.2644205	5.290649	7.1769786	6.9362016	6.0973268	5.927685	5.392619	6.0307245	5.9241076	5.19002	5.639946	6.197265	5.6021767	5.207157	5.572555	6.2002	5.961453	6.138993	5.9129033	5.802304	5.573221	6.0321703	6.338205	5.2800474	5.806383	6.2220645	5.510872	5.8173804	6.181536	5.212279	5.8537693	5.1011596	5.41127	5.6160297	5.0947356	5.71408	5.812771	5.168765	4.9916935	6.4752364	6.503344	6.6649957	6.02674	5.171897	5.2800303	5.1721454
SLC26A3_33280	2.7580647	3.1790063	3.8777544	3.2133267	2.1664994	2.9587402	4.124374	3.458151	3.789237	3.2825825	3.4935977	2.9020875	3.6602395	4.0279417	3.0413287	4.397897	3.2376134	3.9221573	3.0765762	3.7646446	3.3189702	3.3631423	2.210754	4.286571	3.2298694	3.7845476	4.693988	4.9525843	2.7897131	3.3706653	3.8029058	3.6028	4.0344143	4.442191	3.6173768	3.5934687	2.7916732	5.387597	4.9835544	3.167649	4.503455	3.6539102	4.253111	4.03634	2.4590204	4.2436643	3.7842216	3.9144068	3.9314296	3.660804	3.4971662
SLC27A1_33025	1.3630255	0.6557987	2.145686	1.9837908	2.1664994	3.5654895	2.1003423	4.0991335	2.0063746	3.1598291	3.6975753	1.955242	3.2045193	2.2714932	2.6461606	2.6678994	2.87268	2.3117008	1.5155233	2.593747	2.7061675	2.4155526	3.2947974	2.2336307	2.2834883	3.0904965	1.8287144	3.5554237	1.9845754	2.6996026	3.3987858	1.8573289	3.7343307	3.373766	2.1315236	2.7875395	2.9382603	1.914702	2.9933162	1.7895929	2.3406515	2.6899478	1.1148349	2.4578679	3.2474778	3.2054403	3.7842216	2.7293007	3.309005	2.3438904	1.550732
SLC27A3_9861	3.8704717	2.9829214	3.80891	3.6804638	3.7238476	4.10925	3.754334	5.2726026	4.4174857	3.9342363	3.8762534	3.6451528	4.560755	3.1137757	2.921244	3.7058477	3.9120631	3.8101146	3.3638895	3.3845623	3.9546967	4.3362055	3.9557486	3.659754	4.150857	4.069322	3.4865618	4.9879446	3.6133378	4.3389096	4.8559704	2.3030627	4.494464	3.277517	2.306097	4.281817	2.6284897	3.2189481	4.357303	3.167649	3.7220223	4.855298	3.100484	3.4100819	3.5845017	4.9498415	4.24826	4.71924	3.619066	3.8474822	3.3683043
SLC2A1_9862	2.6417313	2.486432	3.0934007	1.9837908	3.590906	3.7218108	2.7904801	3.3535717	3.43397	2.8777032	3.5991883	2.200775	3.7363482	3.4533052	2.4860687	2.8123772	3.0048497	2.7363515	2.7174463	3.5487905	2.9831893	3.3631423	2.210754	3.466162	2.2834883	2.250642	3.003343	3.732648	2.9081242	3.516373	2.3481333	3.0381281	2.9579055	2.506633	2.602338	3.0670605	2.23349	3.5947201	2.9933162	2.4060068	3.3903556	3.087079	3.1953344	2.6173096	3.4589746	3.6105773	2.994478	3.6162026	2.9135318	2.7705867	2.6195898
SLC2A3_32965	4.7932763	3.1790063	4.68146	4.477563	4.6681924	4.2182827	4.011255	5.1530595	4.8155456	4.5375614	4.59055	4.628886	4.7923274	5.0512457	4.5044594	4.6104794	4.897746	4.299438	3.9309764	4.219421	5.003735	4.54198	4.8317766	4.6928782	4.907565	4.4126673	4.3770947	4.8409843	4.1343675	5.014735	4.3768673	3.3479161	5.097371	3.9115734	4.333677	4.823157	4.391946	4.877557	4.3074403	4.185883	5.6178336	4.117587	3.7889702	4.3405747	4.584481	4.9145117	5.116266	5.096975	5.098751	5.020094	4.51535
SLC30A7_33012	8.313193	7.6693935	8.269442	8.092168	8.245117	8.505546	8.59628	8.785744	8.839782	8.155593	8.41536	7.691837	8.597179	8.703022	8.155018	8.264797	8.552807	7.9735036	7.9664154	8.154519	8.652184	8.408405	8.369536	8.035279	8.263312	8.393597	8.2871065	8.984617	8.438888	8.367302	8.227329	8.197241	8.089655	8.415807	7.734209	8.129222	8.403807	8.347952	8.38298	7.414008	8.478628	8.42564	8.26208	7.9212117	8.725717	8.88273	8.528332	9.183862	8.267379	8.083356	8.050075
SLC35A1_9868	6.718251	6.1422915	6.715904	6.6224213	6.6418967	7.0782475	7.013868	7.350049	7.4534593	6.5767207	7.097957	6.8323083	6.9966216	7.1010284	6.76593	6.7827854	6.825671	6.3170004	6.64599	6.7468386	7.463083	7.207295	6.752231	6.642807	6.5120034	6.98355	7.1236773	7.2943783	6.7946444	6.800566	6.9670925	7.024592	6.581642	7.103012	6.588775	6.9571795	7.0041976	7.2145295	7.1603317	6.2351427	6.7555985	6.9664016	6.653455	6.2378826	7.092258	7.4893804	6.9076266	7.320158	6.7697453	6.6185083	6.4567175
SLC35A3_9869	7.5432205	6.73998	7.4846325	7.7077303	7.325044	7.7622485	7.6738763	7.9920797	8.074551	7.482156	7.6459117	7.2757783	7.822231	7.929019	7.397993	7.703955	7.885101	7.079301	7.1837277	7.5879087	7.834477	7.695113	7.8399553	7.532161	7.5838184	7.2274165	7.3150287	8.640251	7.826231	7.421081	7.5586805	7.543827	7.4627337	7.7169466	6.9262075	7.4587855	7.4696307	7.527761	7.428698	7.23733	7.5752716	7.8794284	7.317734	7.0787296	7.8512487	8.12093	7.8875213	8.305401	7.6310043	7.423233	7.1549015
SLC35B1_9870	4.556763	4.0970764	4.602301	3.9246213	3.9578092	5.0373783	4.7359157	4.677585	5.1271906	4.586044	5.271771	3.9438322	4.7562222	5.1478777	4.177517	4.64948	5.9409103	4.7577496	4.4639463	4.4023523	4.530035	4.788203	4.7507486	4.96136	4.7084904	4.9221873	4.892988	6.163651	4.8180656	4.034695	4.8559704	4.2752705	4.5711703	4.609673	3.6173768	4.57773	4.230585	4.349968	4.4521384	3.5918324	4.6662955	4.226657	4.338716	3.9787574	5.1694365	5.0180063	4.7308903	4.9470167	4.4845233	4.378588	3.8903701
SLC37A4_9871	1.8561494	1.1049913	2.353332	1.750284	1.9663466	1.8913333	2.7904801	2.2757223	2.6509938	2.312845	3.1206355	2.200775	2.695759	1.7211257	0.72900796	2.1199853	1.2662693	1.7073178	2.7174463	1.8148876	1.251849	1.1626221	2.0393906	2.877406	3.12715	2.250642	2.7532747	2.4880157	1.4722159	2.8167744	2.3481333	1.2089423	2.2304184	2.811656	1.7024508	0.79748124	2.23349	1.6218852	1.2585819	2.228283	1.2357911	2.3475738	1.7361305	2.0738304	2.4590204	1.3192296	1.9649282	2.130537	2.190403	0.66210103	2.0759077
SLC39A1_32758	9.014631	8.585995	9.165785	9.064258	8.717274	9.643329	9.407286	9.709267	9.903302	9.091421	9.242455	9.047337	9.433267	9.462285	9.005201	9.171592	9.45303	8.739735	8.932759	9.191359	9.878183	9.463086	9.509593	8.980594	9.239579	9.183341	9.182365	9.617428	8.921367	9.206393	9.334127	8.725745	8.760426	9.393744	8.573226	9.4404125	8.86437	8.940618	9.015851	8.894359	9.535746	9.485212	8.8427305	9.048135	9.660385	10.047393	9.570023	9.874394	9.112364	9.10988	8.812644
SLC39A10_9874	4.312294	3.8314943	4.285043	4.552153	3.9578092	4.741084	4.8389583	4.8020277	5.1271906	4.206481	4.990539	4.1911564	4.6811824	5.0175414	4.46205	4.397897	4.897746	3.6886325	3.871139	4.710571	4.3462834	4.8514686	4.3716435	4.1642017	4.7779455	4.003223	4.583148	5.1213093	4.756258	3.3706653	4.922364	4.5822196	4.679086	4.862825	4.06882	4.281817	4.6262813	4.5337424	4.202226	3.9766421	4.5871716	4.9537754	4.5687127	4.196462	4.458952	4.2995086	5.0419116	5.2328033	4.4457216	4.2954535	3.9213243
SLC40A1_9877	7.506269	7.0277376	7.2580585	7.7947874	7.164715	7.8109365	7.650457	8.039203	8.5859	7.290663	7.9200244	7.434204	8.742672	8.050652	7.4746566	7.942472	7.9562206	7.1092005	7.4368753	7.2900777	8.003214	7.6153407	7.8334117	7.805542	7.915844	7.198171	7.554197	8.3385315	7.650509	7.615565	7.9691887	6.995227	7.5122094	8.465799	7.1545343	7.7533946	7.5402064	7.367579	8.15528	6.9089675	7.5546227	8.229915	7.590647	7.7596483	7.9652834	8.333136	8.284111	8.55477	7.518652	7.4475036	6.855674
SLC7A1_9883	0.6079388	1.4470309	1.6111797	1.750284	2.3422368	2.340468	3.4415276	2.4882271	1.7063249	2.0617402	3.7896788	1.6591743	0.7526357	2.9801729	1.5716753	0.0	1.9300845	2.608205	2.035052	2.593747	2.5447638	2.5739944	1.353526	2.6531126	2.2834883	2.462245	1.8287144	2.2755182	1.751022	2.5720668	2.5294693	2.097342	1.7915226	1.8781195	1.0890009	1.9826764	2.6284897	1.6218852	2.372343	2.228283	1.8915004	2.1401448	2.3448164	1.8351252	2.169534	2.8034983	1.7325498	1.4272856	1.7554088	1.1142143	1.7010021
SLC7A11_9884	3.2304003	1.4470309	1.9030463	2.361048	1.9663466	1.6004289	1.8601638	2.98483	2.0063746	2.7128305	2.8046954	0.78194916	2.695759	2.9801729	1.5716753	0.0	3.6944115	1.0927255	2.4162252	0.7045007	3.5911667	2.846633	2.0393906	2.6531126	1.1950403	2.957191	1.5430765	3.732648	1.751022	2.2771995	1.2411588	3.148948	1.7915226	2.506633	0.6449023	1.9826764	0.7995354	2.3661232	2.9933162	0.0	2.3406515	2.3475738	1.968738	1.5489385	2.321526	3.0834928	1.4554178	2.130537	1.7554088	1.4579389	0.9744036
SLCO1A2_9886	1.3630255	1.4470309	1.6111797	1.750284	1.4566294	3.1905103	1.2111645	2.0264177	3.2170308	0.8429578	2.3995826	1.2862334	2.695759	3.1137757	2.1001348	0.0	2.1742368	1.4325044	1.1630801	2.4348454	2.7061675	2.5739944	2.8522859	2.7696137	2.0785348	1.7028205	2.271517	5.626603	2.3618937	2.5720668	1.8983116	0.7275637	2.9579055	2.325943	1.9328802	1.6844561	1.687787	1.2540979	1.920373	1.7895929	3.3903556	2.9664538	1.4586725	1.8351252	3.0870192	3.2054403	3.0959623	3.6809788	2.3669193	3.0994654	2.0759077
SLCO2B1_32680	2.0511916	1.7233189	1.6111797	1.4715443	2.7688293	2.6824741	1.5718547	2.98483	3.5313187	0.8429578	1.4386133	0.78194916	2.3531	2.2714932	1.5716753	2.8123772	2.5653183	0.6474369	3.0765762	2.0523822	2.1549919	1.7979587	1.8448938	3.0714748	1.5530008	2.810302	2.6098514	3.1182652	1.9845754	2.4321535	2.3481333	1.2089423	2.2304184	3.1743853	2.461808	1.9826764	1.986288	1.2540979	3.1142545	2.0255485	2.3406515	3.1983922	2.5015178	1.1915702	2.7000144	2.8034983	2.4973037	2.9556122	1.4762079	2.5005684	1.3829705
SLFN2_32654	7.8291054	6.504241	7.08689	6.533168	7.2332315	7.2803755	7.4749255	7.4548745	7.7749834	7.0526567	7.53718	6.7284656	7.6655927	7.677097	7.2057667	7.423676	7.1804285	6.7630496	7.0551825	7.1816387	7.6433578	7.361947	7.3187385	6.913598	7.050178	6.966306	7.5394287	7.9476066	7.400741	7.2700133	7.3929677	7.641833	7.149118	7.913889	7.060197	7.222562	7.5344553	7.145634	7.7277813	6.5602956	7.085689	7.7159967	6.8264246	6.8489614	7.330417	7.648367	7.7886734	8.0381365	6.897445	7.125235	6.543835
SLPI_9890	10.97246	11.493953	10.397038	11.048209	11.272496	10.570981	10.976776	11.463334	11.891039	11.328603	10.7353525	11.071089	11.473649	10.820117	11.230922	11.5246725	11.499194	11.103833	10.510859	10.668181	10.541977	11.174727	11.498834	11.118225	11.450155	11.5062685	10.78197	11.806958	11.525141	10.494516	7.094937	10.705164	11.1656885	12.05407	10.712363	10.125353	10.42956	11.047711	10.501149	10.960836	11.592107	10.661019	11.342641	11.030676	10.74349	11.518696	11.969238	11.584061	10.31185	11.629097	11.209678
SMAD1_32578	3.4538498	3.267883	3.2047765	3.5409095	3.3652549	4.0514793	3.9511857	4.2812176	3.9386752	3.5983813	3.7896788	2.410535	4.0060377	4.3320727	3.3512022	3.6298745	4.2146955	3.8672233	3.1788383	3.9523666	4.2964406	3.7426953	3.7487695	4.2469234	3.6559942	4.5578804	2.6098514	3.732648	4.399905	3.8268995	3.4891737	3.8848567	3.7995486	4.201141	2.602338	4.044337	3.1931324	3.1074347	2.9933162	3.2630503	3.190714	3.87108	3.2843316	3.0111494	4.2474513	4.6395364	3.843792	3.742971	3.0230174	3.4463294	3.0135357
SMAD3_9891	2.6417313	1.7233189	2.696003	3.302455	2.498873	2.9587402	3.4415276	3.3535717	3.2170308	2.312845	2.1444392	2.200775	2.1454625	3.3487625	2.4860687	2.6678994	3.0048497	2.854038	1.7985483	2.8670673	3.820068	3.7426953	3.0458522	3.7757409	2.2834883	2.957191	3.4020078	4.5879827	3.4666753	3.208571	4.000245	2.9180818	2.4082093	3.373766	1.9328802	2.2296865	3.5068517	2.547975	2.5543716	2.228283	3.079476	3.1983922	2.9989562	2.4578679	2.99956	4.061858	3.5177994	3.0567124	2.9135318	2.5005684	3.0135357
SMAD4_9892	3.2304003	2.75593	3.0934007	3.386396	3.3652549	4.741084	4.2789826	4.390976	4.8155456	4.4354167	4.308639	4.1911564	4.1240664	4.4878764	3.822728	3.6298745	4.5099177	3.8672233	3.3638895	4.065186	4.61382	4.463156	4.2193546	3.3953938	3.3257585	4.8859644	3.2164025	4.720022	3.8683236	4.4876986	4.1182437	3.6028	4.0344143	4.092185	3.4783766	4.044337	3.1931324	3.7513156	4.7792325	3.4367871	3.6459768	4.1731524	2.7715712	3.224361	4.7274365	4.3532715	4.1095295	4.3324614	3.309005	3.194307	2.7631934
SMAD5_9893	6.689238	5.940783	6.8589864	6.8012695	6.573069	7.4576335	6.961542	7.5990834	7.537878	6.5402746	6.884796	6.647954	7.198464	7.084846	6.3896503	6.4706774	7.071589	6.6536818	6.0593023	6.9067793	7.333154	7.2012362	7.1812015	6.73883	6.6104846	7.311755	6.380393	7.522508	6.6828074	7.378828	6.982734	6.6348267	6.9263344	7.0602617	6.4186115	7.141925	6.186509	6.9249387	6.73928	6.24686	7.0639367	6.621621	6.2733946	6.2378826	7.4299526	7.5767236	7.1332836	7.5104017	6.3951945	6.3770604	6.518754
SMARCA4_9894	5.87403	5.054298	6.118952	5.7121115	5.9283733	6.727974	6.1438007	6.752464	6.430459	6.240506	6.609534	6.0389347	6.3782372	6.807594	5.7617483	6.086145	6.3292027	5.918153	5.5309534	6.027181	6.83643	6.4748154	6.6883936	5.539034	5.945024	6.1480474	5.836643	6.1942496	5.9385734	6.4477577	6.1546154	5.591575	6.0361133	5.837819	5.3581843	6.715166	5.9477673	5.566922	5.6160297	5.6302066	6.2518764	6.699378	5.4826493	5.7962475	6.6142125	6.94098	6.155328	6.996673	5.471383	5.723348	5.9862347
SMARCD2_9896	4.273725	4.047728	4.7926054	4.51534	3.590906	4.627056	4.5859704	5.022709	4.962416	4.143083	4.9511933	4.133186	4.861935	5.084181	4.1241193	3.7780194	4.418063	4.7272253	3.9309764	4.169819	5.064556	5.1061497	5.0951223	4.325158	4.2022934	4.4627132	4.8616695	5.0224595	3.8086765	4.716039	4.328719	3.947525	4.454525	4.6866455	3.4035087	4.745896	3.9828393	4.349968	4.541123	4.56857	5.2832894	4.328058	3.9608154	4.0917125	4.857496	4.8030157	4.4146447	4.6880627	4.14025	4.4184256	3.7594514
SMC1A_9897	6.1858463	5.7988634	6.0310087	6.237904	6.313062	6.5412126	6.3322115	6.8896856	6.5042543	6.3143096	6.406324	6.400136	6.459075	6.9121785	6.2218747	6.272568	6.70454	6.2325873	6.15022	6.258324	6.547791	6.7650256	6.5515637	6.2799973	6.460121	6.2654877	6.346858	6.5890822	5.9931803	6.211399	6.5080533	5.809687	6.049581	6.2465367	5.842057	6.6844378	6.391296	6.5832305	6.1980114	6.4531116	6.277304	6.068594	5.573741	5.779483	6.4993486	6.392158	6.17865	6.863474	5.702899	6.023752	5.739372
SMC2_9898	6.484936	6.199898	6.2415648	6.69005	6.424703	6.622814	5.4070196	7.090139	6.630459	6.3568454	6.659214	6.387794	6.4813633	6.3869777	6.2595057	6.2473664	6.8869143	6.4537907	6.0185122	6.1345057	6.870895	6.913233	6.613984	6.8153687	6.737957	6.163261	6.087364	6.7418895	6.3788137	6.0886083	6.3114905	6.126462	6.7228284	5.8711796	6.147521	6.948585	5.9987807	6.4637914	5.752721	6.541391	6.264646	6.429642	5.555977	6.012537	6.237909	5.99557	5.4776444	6.1347446	6.064799	5.624627	5.5641274
SMC3_9899	8.033379	7.652987	8.131765	8.206276	7.5521235	8.413955	8.282615	8.545786	8.548598	8.199103	8.306545	8.081056	8.148988	8.291784	8.138282	8.203874	8.283508	7.702492	7.725806	7.9748335	8.374434	8.485215	8.391976	8.2257805	8.062231	8.105401	8.07478	8.286229	8.019491	7.9970407	8.259789	8.040762	7.901948	7.913889	7.663777	8.24956	8.200918	8.323208	7.7325125	7.999615	8.19488	8.249434	7.4677773	7.6850986	8.487339	8.18534	7.9190207	8.458745	7.930551	7.649315	7.725566
SMC4_9900	5.2755203	4.8098226	5.1673284	5.8807855	4.965361	5.332414	5.290649	5.510071	5.3570137	4.806665	5.3033624	5.392619	5.3718104	5.238442	5.2903852	5.363267	5.4316773	5.174556	5.132664	5.180168	5.064556	5.5301437	5.8587227	5.228918	5.401371	4.771496	5.0678363	6.067757	5.576761	5.014735	4.954449	5.531475	4.811461	5.2654138	4.780875	5.453113	5.220581	5.3141537	5.1624966	5.014755	5.151987	5.1042953	4.603718	4.3405747	5.189336	5.145374	5.0671244	5.737997	4.6642694	4.8557158	4.9196486
SMN1_9902	5.441301	4.8098226	5.4645157	5.593502	5.2341156	5.9053917	5.7965627	6.1945033	6.2129498	5.4548697	5.7783127	5.6622686	5.984658	6.333193	5.779126	6.1142974	5.9573193	5.635433	5.2779913	5.572555	6.240297	5.9029264	5.7927923	5.555356	5.6438985	5.6180773	5.820445	7.3833766	6.006515	5.5084114	5.848026	5.078611	5.848533	5.5179768	5.3382225	5.960218	5.8768153	6.1058836	5.6160297	4.987078	5.4931636	5.7773514	5.6594205	5.0764866	6.275628	6.392158	5.811849	6.3591576	5.702899	5.518651	5.051414
SMNDC1_33297	7.5988827	7.2070084	7.67558	7.743982	7.371384	8.201308	8.030217	8.206174	8.379155	7.822842	8.11065	7.475614	8.134996	8.178158	7.970679	8.000188	8.129126	7.605131	7.400298	7.643477	8.268546	8.045546	7.9499154	7.7427897	7.6731195	7.8043222	7.8775277	8.268365	7.7919874	7.8012085	8.015549	7.5788913	7.673122	8.097755	7.131522	7.972714	7.8019485	7.748262	7.8195763	7.5384007	7.9321632	8.0707855	7.3644075	7.323888	8.060195	8.218309	7.8697195	8.418945	7.6396255	7.3784895	7.279588
SMNDC1_9903	6.5347157	6.3294344	6.734585	6.8390007	6.3951025	7.121002	6.875278	7.1692967	7.180862	6.735594	6.9856057	6.7954063	7.136613	7.216935	6.657352	6.88437	7.2553296	6.8647075	6.270903	6.2818623	7.2039375	7.087587	6.976675	6.875105	6.8550754	7.0423307	6.791095	7.4734535	7.0019245	6.7201195	6.982734	6.950027	6.7143974	6.8420753	6.299783	7.06449	6.8552895	7.0280643	6.8126054	6.833269	7.071224	7.0128274	6.050487	6.213127	6.8449917	7.1679583	6.8213506	7.601065	6.7697453	6.4267387	6.258863
SNCA_9908	5.1533713	5.706487	5.6530704	5.992147	6.0599537	5.7138553	4.9658127	5.3829937	5.3302097	4.8470116	5.137997	5.7612715	5.167048	4.628482	5.1637983	5.386539	4.828076	5.34507	6.0185122	5.1291738	5.5203466	5.7285423	5.5105495	5.5225253	5.5074196	5.352082	5.31908	4.2809734	5.2126093	5.132438	4.8895493	5.212228	5.482105	4.3970957	5.04994	5.9256005	5.743579	5.587848	5.075798	6.099553	5.151987	4.9537754	4.856829	5.4599037	4.584481	4.9843264	5.5147715	4.2061086	5.307923	5.554848	4.8729095
SNRPF_9910	10.5405035	9.765803	10.433941	10.036359	10.13291	10.042243	10.6447525	10.07982	10.364388	10.301756	10.573113	9.952692	9.718881	10.819506	10.066177	10.269904	10.522616	10.024371	10.122253	10.612415	10.3809185	10.462697	10.184096	9.9972	10.2927885	10.45902	10.474938	9.9721985	10.417164	10.409622	9.863955	10.49111	9.844316	10.42392	10.266097	9.526671	10.5954895	10.236141	10.130125	9.812332	10.313751	9.803989	9.933482	9.354386	10.170049	10.332289	9.909325	10.505139	9.75813	10.047164	10.132026
SNURF_33140	5.924697	4.7181683	5.3235607	5.3008204	5.4414	5.80408	5.988096	6.282588	6.492214	5.6269403	5.3941865	5.029272	5.2983875	5.9421854	5.38422	5.855422	5.746905	5.081093	4.999267	5.205005	5.814001	5.761857	5.298861	5.249127	5.5477486	5.682851	5.492671	5.9107904	4.98903	5.418573	5.6269608	5.334512	5.0445433	5.5798206	4.974355	5.569796	5.4083815	6.1203184	5.3710546	5.1705146	5.6178336	5.075422	5.831718	4.7025595	5.94202	5.834782	5.4963274	5.356937	5.3714104	5.3640327	5.222723
SNX11_9911	1.8561494	0.6557987	1.6111797	1.750284	1.9663466	1.6004289	2.486291	2.2757223	1.7063249	1.3715297	1.8342675	1.955242	2.1454625	1.7211257	1.2110108	2.1199853	2.727169	2.608205	2.035052	1.8148876	0.75764817	1.7979587	2.0393906	0.6126101	2.4629142	1.7028205	2.6098514	4.0988913	1.4722159	0.63191724	1.8983116	1.5692585	3.1700616	3.373766	2.602338	1.6844561	1.3109689	2.547975	2.5543716	1.156129	0.7463577	1.6063654	1.968738	0.0	2.4590204	3.2054403	2.8853111	2.305077	2.3669193	1.4579389	1.961433
SNX13_9912	7.805641	7.272912	7.606268	7.817646	7.5159097	8.136797	8.04825	8.412224	8.605593	7.792174	8.101694	7.5714946	8.337947	8.204609	7.8360167	7.977378	8.299685	7.596713	7.4775724	7.735852	8.481468	8.13408	8.134245	7.96371	7.9835615	7.650879	8.008409	8.213406	7.725	7.86382	8.00026	7.785986	7.54586	8.199757	7.447902	7.9032474	7.733318	7.8251767	7.963358	7.306144	7.9321632	8.352312	7.770852	7.5630646	8.144157	8.423873	8.226529	8.5526085	7.8768706	7.6154394	7.2615585
SNX6_9913	7.8813457	7.3864317	7.6314063	7.7036457	7.676268	7.90772	8.336439	7.8835897	8.312247	7.488546	7.9944916	7.521529	7.8352685	8.501377	7.93236	7.7893753	8.069994	7.6627207	7.8078895	7.8226657	8.126008	8.156173	8.118183	7.760496	7.8488307	8.003425	8.192733	8.096777	7.8670096	7.783323	7.9414415	7.920944	7.3745236	7.9649987	7.4385576	7.558178	7.881122	8.003184	7.9058785	7.069333	7.887453	7.8752465	7.7119126	7.10588	7.8729434	7.8627977	7.826078	8.449479	7.3711514	7.5981984	7.4026012
SNX7_33286	3.763191	3.6449819	4.1243386	3.6804638	4.205286	4.3677835	4.5859704	4.541386	4.8155456	4.6783786	4.6895075	3.6451528	4.179647	4.3858986	4.0110016	4.5703955	4.931359	3.9221573	4.197779	4.219421	4.83942	4.291279	4.6351066	4.36274	4.518643	4.003223	4.657979	5.0224595	4.0849395	4.1283503	4.0604506	3.947525	3.9217556	4.252681	3.4035087	3.5024447	4.441957	4.617537	3.7584567	4.185883	4.368001	4.1731524	2.9989562	3.3202078	4.4913726	4.9843264	4.009029	3.8594944	3.619066	4.012749	3.7933116
SOAT1_33217	3.3087924	3.1790063	3.660505	3.9797099	4.0108175	3.5654895	3.5263135	4.8412323	3.7082813	3.9342363	4.59055	2.756088	5.1942897	3.3487625	4.177517	4.351345	3.9778814	2.1369452	3.4482138	3.0967624	4.191271	3.870368	4.1367245	3.9830067	4.299972	2.957191	4.504222	5.5339446	3.9256022	4.258335	4.4234605	3.2518594	3.594322	5.2401004	3.8606849	4.044337	4.391946	4.021211	4.6650844	3.9766421	4.165012	5.1326027	3.9608154	3.9187803	4.584481	4.6395364	5.25438	4.6880627	4.279152	4.063883	2.9549038
SOCS2_9914	7.8390455	7.096084	7.861284	7.790942	7.4693246	8.087346	8.138552	8.198646	8.00846	7.7234006	8.222286	7.397738	8.120869	8.575636	7.673607	7.652087	8.182444	7.38816	7.400298	7.748578	8.509083	8.270537	8.0549	7.3288093	7.9425573	7.964874	7.805291	8.213406	7.9278483	7.84325	7.548206	7.593662	7.753498	7.9727035	7.205008	7.6511617	7.330529	7.4949017	7.422856	7.7833433	7.7167416	7.673278	6.967483	7.178011	8.057491	8.411255	7.98995	8.698589	7.635321	7.342704	7.227907
SOCS3_32863	2.8657134	2.9829214	4.233438	3.302455	3.5195398	3.4804814	3.8229792	3.7328856	4.5159154	2.7128305	3.4935977	3.2680495	2.695759	3.5507815	2.6461606	3.175133	3.9778814	2.7363515	3.3638895	4.169819	4.0175753	3.6026177	3.8559678	2.526371	3.2298694	4.003223	2.6098514	3.6467555	3.8086765	4.0822825	2.6905363	3.2518594	2.4082093	3.548908	2.306097	3.188829	2.6284897	2.547975	3.3294005	3.0654895	4.051694	3.573593	2.9989562	3.8562014	3.3918626	3.777187	2.8853111	4.0183334	3.309005	3.0994654	2.7631934
SOD1_33183	10.225148	9.9331045	10.121706	10.369822	10.148517	10.350673	10.256046	10.468938	10.686428	10.234912	10.420315	10.184423	10.162517	10.450251	9.977693	10.131266	10.519857	10.001437	9.953092	10.050643	10.625722	10.541546	10.532535	10.390817	10.318512	10.302929	10.363367	10.2774105	10.082966	10.227169	9.860784	9.929145	9.813071	10.126114	9.988031	10.29852	10.150063	9.991128	9.819233	10.217819	10.41029	9.86958	9.802133	9.59734	10.587744	10.357173	9.74719	10.551349	10.046073	9.835416	10.13986
SOD2_32976	8.327387	8.111963	7.955864	7.8024473	7.4834585	7.915837	8.037457	7.9252353	8.27056	7.7395644	8.1239805	7.9695306	8.073972	8.131654	8.210511	8.482924	8.290001	7.6259637	7.759202	8.112473	8.69128	7.7037106	8.037925	7.654634	7.946334	7.833145	8.098484	8.104853	8.067996	8.104661	8.153236	7.5078897	7.432213	7.9879904	7.300948	7.763231	7.9345036	7.7342525	7.34467	7.9716434	8.503082	8.193428	7.581896	7.408097	8.365821	8.3662	7.811232	8.660949	7.8097014	7.8001804	7.71677
SOD3_33241	2.3764687	2.3301039	3.0934007	2.361048	0.66134334	2.82721	2.486291	4.390976	3.2170308	2.312845	2.3995826	2.410535	1.9028349	3.3487625	0.72900796	2.5073261	0.767819	2.467557	1.7985483	1.1757872	2.3630009	2.5739944	2.5023503	2.7696137	1.8395665	2.6467445	2.7532747	2.4880157	2.5190232	2.6996026	2.835414	2.3030627	2.7090814	2.325943	2.461808	2.6244397	1.687787	1.914702	2.9933162	1.7895929	1.2357911	2.5288935	3.4473767	2.760871	3.9064214	1.9966261	3.2797384	2.9556122	1.9892389	2.1681004	2.6931777
SORBS3_9916	4.8468065	4.4785223	4.8957977	4.43877	4.205286	5.7686644	4.9958572	5.6042423	5.9390917	4.9244695	4.538403	5.121607	5.6527877	5.429967	4.2290087	5.215153	4.931359	5.1517515	4.3369923	4.1184506	5.645067	5.0533123	4.9331865	5.0095425	5.401371	4.511081	4.829656	5.5810175	4.516344	5.455182	5.3657823	3.8193421	4.713336	5.9974046	4.657425	5.4286	4.6262813	5.524137	5.8775744	4.185883	4.8126054	5.2916884	4.637894	5.0764866	5.5844703	5.396486	6.4228187	5.3766255	5.047842	4.33762	4.431824
SORL1_32956	4.0177727	2.9829214	4.3830233	4.1333776	4.0108175	4.586952	4.8717327	4.541386	5.2466736	4.5375614	4.1085844	4.133186	5.4642334	4.4878764	4.2290087	4.351345	4.931359	4.2573314	4.4639463	4.525776	4.3462834	4.422068	4.2589602	4.435088	4.997667	3.861182	5.0950236	5.382743	4.2284164	4.590013	4.750273	4.0652423	4.454525	4.485919	4.207318	4.167958	4.864956	4.0814734	5.487584	3.8594182	4.051694	4.6355476	4.603718	3.574598	5.247438	4.9145117	4.453407	5.2328033	4.6300673	3.660804	4.0942764
SOS1_9918	4.6500573	4.1909814	4.561031	4.477563	4.2500668	4.627056	4.9658127	5.1838865	5.884866	4.72242	4.6408772	4.96426	5.1392817	5.178702	4.1241193	4.6874537	5.203099	4.7272253	4.3369923	4.065186	5.2062554	5.2303514	4.8578053	4.1209917	4.6724668	5.183252	4.3770947	5.434924	4.516344	4.8865695	5.1332793	3.7507105	4.7467914	5.019812	4.5224137	5.0964675	4.5823607	4.8431597	4.0887313	3.9766421	5.151987	4.5541725	4.603718	3.4946837	4.9537096	4.9843264	4.762104	4.3324614	4.188052	3.9047008	4.3431644
SPAG7_9922	4.6196246	3.351601	4.5185456	4.1333776	3.6589074	5.0668364	5.2662044	4.4428744	5.409172	3.689954	3.9579256	4.0097504	4.4293513	4.4878764	4.6246834	4.397897	4.5099177	4.1692424	4.0436835	4.525776	4.572536	4.3797755	4.981338	4.325158	5.213594	4.4126673	5.0401273	5.355927	4.4397717	4.716039	4.000245	4.54217	4.0344143	3.6291015	4.4121585	4.999941	4.340139	4.9760866	4.5836377	3.4367871	4.2184987	4.5954337	4.4195247	4.5527587	4.9064045	4.55028	4.7926564	5.1205196	4.14025	4.5676084	4.774628
SPARC_33251	8.72054	8.473708	8.765844	8.833262	8.31528	9.042685	9.005471	8.965044	9.28751	8.556243	8.436885	8.9116745	8.347079	9.211508	8.651319	8.816417	8.924393	8.136271	8.06652	8.730327	9.542276	8.933762	9.026598	8.679251	8.325526	8.890651	9.003813	9.218436	8.749613	8.894437	8.706207	7.5234013	8.241128	8.616029	7.3516145	8.886797	7.557324	8.256159	8.45345	8.247199	8.929207	8.39967	8.32898	8.120738	9.0935755	9.003237	8.385308	9.686044	7.600417	7.2408433	8.039533
SPC24_9924	6.2268033	6.199898	6.342441	6.0447617	5.4795084	6.103172	4.9037795	6.084442	6.5858335	6.464499	6.9055295	6.1007366	5.9208536	5.729658	5.428944	6.5756516	6.111893	6.1078124	5.5878243	5.768564	6.7278023	6.905801	6.8462386	6.6879206	6.648069	6.25132	6.140524	5.873462	5.8962173	6.410957	5.848026	5.8916574	6.261162	5.750878	5.897673	6.3991923	5.7031364	6.786978	5.3951254	6.8563986	6.728201	6.0831714	5.365158	6.1096244	6.5072975	6.0123777	4.5988097	5.1205196	5.887949	5.888464	5.941637
SPHK1_32682	2.0511916	1.1049913	1.2448933	1.750284	1.1131065	2.521582	1.2111645	3.240815	1.7063249	2.7128305	0.8916533	1.2862334	1.2447265	1.7211257	2.3059688	2.326616	3.2376134	2.9628441	0.6957044	2.593747	3.1040103	2.2375386	2.952313	2.526371	2.2834883	2.250642	2.0670378	2.2755182	0.6703802	2.8167744	2.3481333	1.8573289	2.5664744	2.506633	0.0	1.3080859	1.986288	2.1579974	1.6270963	3.7970295	2.5217707	0.7498454	1.4586725	2.0738304	2.321526	3.2054403	1.9649282	1.9319366	1.7554088	1.4579389	1.7010021
SPN_32509	2.515188	0.6557987	2.353332	2.788815	2.7688293	3.0792744	2.6463878	2.8375075	2.4663844	3.7760599	3.3796642	1.2862334	2.9724503	2.668917	2.1001348	2.326616	2.87268	2.467557	2.4162252	3.892466	3.6715705	3.178102	2.5023503	2.877406	2.4629142	3.21252	1.8287144	2.673195	2.5190232	3.3706653	2.967061	2.9180818	2.9579055	3.1743853	2.9567258	3.0670605	1.687787	2.547975	1.920373	2.5642188	2.3406515	2.5288935	2.168997	2.8914306	2.906455	3.777187	2.7672026	3.1511896	1.9892389	2.5005684	2.280753
SPP1_9929	3.1475024	2.6274648	2.5348177	0.0	2.498873	2.82721	3.255363	3.1184926	3.43397	0.8429578	2.3995826	2.410535	2.534579	2.2714932	1.8599678	2.326616	3.2376134	2.608205	1.7985483	2.9864812	1.911856	2.5739944	2.628664	2.0614784	2.4629142	3.7845476	2.7532747	4.5879827	3.1192565	1.6773919	2.6905363	2.097342	2.0275967	3.0633094	2.306097	3.188829	2.7916732	2.3661232	2.5543716	2.4060068	3.2939854	2.834815	3.9608154	2.6173096	3.3918626	2.6400769	3.7842216	3.0567124	2.6659598	2.6418855	3.2755225
SPR_9930	3.9212615	4.047728	5.1945705	5.4448147	4.6681924	4.3196507	4.624943	5.3010025	4.890849	4.63295	5.2394724	4.9971323	4.3345904	4.3858986	3.7540836	4.9284973	4.0408278	5.304293	4.292064	3.892466	4.8041854	4.9984655	4.1367245	5.308109	5.4232135	4.511081	4.657979	4.0988913	4.9342623	5.4731445	3.3023546	4.323325	4.7467914	4.3970957	4.2927747	5.2993665	4.2864017	4.943985	4.742178	5.479451	5.0075274	4.8209195	2.9989562	4.385582	5.1492586	4.682175	4.157271	3.8024087	3.8741343	3.3671148	3.5770936
SPRED2_9931	3.0595496	1.7233189	2.9727023	2.6598237	1.7338829	3.8628378	2.3061843	3.8907034	4.0740767	2.5266557	2.9712968	0.78194916	3.3079073	3.2360482	1.8599678	2.1199853	3.0048497	1.4325044	1.7985483	2.4348454	2.7061675	3.447462	3.2164934	2.977701	2.6224735	3.21252	2.271517	3.240585	3.1192565	3.208571	3.5742307	3.5227396	2.4082093	2.1193378	2.306097	3.5024447	2.9382603	3.5095499	2.1639853	2.228283	3.079476	2.834815	2.8897388	1.8351252	3.4589746	3.8537915	3.1907747	3.323391	1.7554088	2.5005684	2.181963
SPTAN1_9932	8.899021	8.147533	8.887689	8.704276	8.541535	9.163501	9.209947	9.118532	9.280526	8.44892	8.411742	8.205823	8.507716	9.266349	8.473268	8.410982	8.947165	8.290374	8.635145	8.948256	9.059492	8.870263	8.780085	8.721449	8.525564	8.726237	8.8606615	8.870835	8.545506	8.794403	8.6087675	8.652394	8.37017	8.738585	8.186219	8.609909	8.633682	8.821993	8.436153	7.630727	8.859366	8.719577	8.675942	8.176227	9.29182	9.284949	8.557536	9.0690565	8.351125	8.080255	8.18533
SPTLC2_9934	4.3498583	2.9829214	4.1243386	4.0839515	4.159071	4.459483	4.124374	5.089356	5.62303	3.689954	4.9511933	3.802208	4.960428	4.2761607	3.7540836	4.6874537	4.716825	3.8101146	3.274329	3.9523666	4.731025	4.463156	4.3350515	4.601519	4.8114586	4.2511845	4.5442247	4.5879827	4.399905	5.0390563	5.2412624	2.9180818	4.5711703	4.9590516	3.4783766	4.532437	4.172522	4.9760866	5.0457006	3.7970295	4.913356	5.412049	4.1621037	4.294119	5.228329	4.595598	4.8225756	4.8933544	4.5950346	4.494944	3.8903701
SQLE_9935	5.808087	4.8678427	6.104662	5.9235597	5.46058	6.4547176	6.7309055	6.365603	6.630459	6.2252812	6.3316875	5.7990456	6.0606384	6.3468285	6.031988	6.392369	6.2514963	5.8489556	5.762669	5.8495555	6.329737	6.4027247	6.191108	5.8873434	6.0610228	5.7448406	6.455737	6.4815483	5.95242	5.609318	6.3114905	6.013831	5.8330407	5.7862854	5.6448975	6.2809315	6.5015254	6.1058836	5.553236	5.5939684	6.199635	6.429642	5.831718	5.39535	6.0975366	5.6538005	6.373142	6.7320805	5.702899	5.888464	5.6681614
SQRDL_9936	5.8868647	5.5557866	5.888145	5.760103	5.2116504	5.7138553	5.7266173	6.25382	6.1682463	5.506162	5.947815	5.2902393	6.075366	6.204303	6.0464125	6.0574317	5.907522	5.4041524	5.990664	6.081841	6.2534184	5.841925	5.4773555	5.4889297	5.6623826	5.5032077	6.0180354	6.405131	5.979721	5.7921443	6.2481856	5.758172	6.022519	6.5021477	5.5783825	6.152104	6.215553	6.000579	6.21163	5.717008	5.9694095	6.2213774	5.9722843	6.200588	6.054787	5.99557	6.623108	6.58751	6.139642	6.074504	5.271587
SQSTM1_9937	5.1533713	5.0290923	5.592916	5.091677	4.5656357	6.0302753	5.2160363	6.0680103	5.991353	5.579835	5.865552	5.342337	6.1468296	5.960039	5.472323	5.0789332	5.628945	5.3847256	4.999267	4.935002	6.012286	5.4300756	5.116841	5.078927	5.1625657	5.0586166	5.2237663	6.067757	5.5221004	5.0390563	5.6069136	4.767317	5.245154	5.4752235	4.9999924	5.569796	5.528977	4.943985	5.075798	5.3110843	5.179221	5.8301597	4.9684715	5.4171906	5.7409735	6.2855763	5.0419116	6.491455	4.995071	4.967355	4.8729095
SRC_9938	1.3630255	2.8738854	1.6111797	1.9837908	1.7338829	2.6824741	2.6463878	2.6734118	3.86589	2.5266557	2.1444392	2.200775	3.7363482	3.6420867	3.0413287	2.8123772	3.341277	1.9380654	2.574683	2.2562509	3.3189702	3.3631423	2.7448034	3.0714748	3.12715	2.250642	2.7532747	3.8904636	3.1192565	2.8167744	2.5294693	2.097342	2.9579055	2.506633	2.602338	3.3011148	2.6284897	2.1579974	3.2258344	1.7895929	2.3406515	4.059796	2.9989562	2.6173096	2.7000144	3.2054403	3.843792	3.8594944	3.8741343	2.1681004	2.9549038
SRD5A1_32503	2.222978	1.4470309	2.145686	2.6598237	2.1664994	2.6824741	2.1003423	2.0264177	1.3270301	2.0617402	2.1444392	1.955242	2.534579	0.82019544	2.1001348	2.1199853	3.341277	3.247281	1.7985483	1.5304413	2.7061675	1.5149852	2.0393906	2.2336307	2.0785348	2.462245	1.5430765	4.4426293	0.0	1.6773919	2.3481333	2.4830763	2.8388512	2.1193378	2.7303865	2.440523	0.7995354	1.6218852	2.372343	2.5642188	1.6005821	2.9664538	1.7361305	2.4578679	2.4590204	2.4557507	3.7220852	3.9673057	2.524174	2.9979472	1.8370861
SRD5A3_9939	6.0325828	5.1034265	6.160991	6.1684704	5.5166364	6.0000534	5.595408	6.812878	6.796319	6.162722	5.927685	6.188742	6.4017997	6.2630134	5.514436	5.855422	6.2908726	5.6021767	5.367332	5.5533414	6.5154777	6.553022	6.461072	6.167701	6.417229	6.020193	5.7192416	6.2823343	5.867273	6.569636	5.7044744	5.704749	6.0761447	5.8208447	4.9482536	6.6424212	5.5519314	6.333564	5.7339687	6.099553	6.3629303	5.5015926	5.5912886	4.9916935	5.8943233	6.4672256	5.8986783	5.936764	5.858709	5.4434123	5.686296
SREBF1_32750	2.6417313	1.9551042	2.840976	2.907214	1.9663466	3.4804814	2.1003423	1.7248423	2.4663844	2.8777032	3.2559555	2.410535	3.579891	0.82019544	1.8599678	2.8123772	3.2376134	2.3117008	1.1630801	2.0523822	2.5447638	3.2735868	1.8448938	2.2336307	3.12715	2.6467445	3.003343	3.963337	3.0175493	3.208571	2.967061	2.3030627	3.518869	3.463993	2.461808	2.6244397	2.7916732	1.6218852	2.715985	2.7067823	2.5217707	4.1731524	2.168997	2.6173096	3.0870192	4.2436643	3.1907747	3.0567124	2.524174	1.7353235	0.71652496
SRFBP1_9940	5.2755203	3.9966314	4.7926054	4.786481	4.529763	5.38013	5.708588	4.8020277	5.3028984	5.134637	5.1726213	4.8247266	4.9283385	5.238442	5.0821466	4.9284973	5.1180816	4.9013753	4.722831	5.253432	5.4536953	5.1061497	5.695114	4.9856524	5.1363587	5.595824	5.7366095	5.4603233	5.3653245	4.654402	5.0760975	5.334512	4.8427405	4.895619	4.557369	5.0964675	5.4333205	5.3141537	4.9514475	4.2801247	5.403632	4.7857018	4.496046	4.7025595	5.321438	5.6538005	5.811849	5.3960495	5.3714104	5.462593	5.375832
SRPX_33152	3.4538498	2.1547542	3.3081667	3.8673456	2.498873	3.9284973	3.6822586	4.0991335	4.4174857	2.8777032	3.4935977	3.8747573	3.808642	3.4533052	2.6461606	4.0929766	2.5653183	3.4847689	3.1788383	3.469012	4.244814	4.291279	2.5023503	3.659754	2.896768	4.511081	3.8479037	4.1621737	3.3873456	3.7699122	4.4234605	2.4830763	2.9579055	3.463993	2.8479903	3.6790886	2.23349	4.021211	3.6822517	3.0654895	3.8630507	3.3981557	3.5224726	3.1216903	4.2474513	4.5034924	3.3635335	2.9556122	2.79505	3.0994654	2.280753
SRSF1_32864	8.959503	8.281643	9.060517	8.857364	8.581507	9.274977	9.179181	9.400293	9.485734	8.900951	8.957318	8.863462	9.103981	9.5236	8.80131	8.638838	9.383394	8.552204	8.455806	8.901537	9.622848	9.330589	9.343374	8.772954	9.006258	9.01326	8.766571	9.238761	8.841769	9.151677	8.638697	8.876289	8.780756	8.763228	8.230209	9.032182	8.887114	8.865487	8.636234	8.539288	8.964856	8.772256	8.030857	8.438963	9.077649	9.540953	9.0767355	9.558249	8.866472	8.620321	8.65698
SRXN1_9943	3.1475024	1.7233189	2.5348177	3.1183274	2.6401563	1.8913333	1.5718547	2.4882271	3.0949595	2.5266557	2.1444392	2.5936327	2.695759	2.8329227	2.7902486	2.9436944	2.87268	2.608205	1.7985483	2.73687	2.8513174	2.846633	2.0393906	3.3953938	3.2298694	1.7028205	2.7532747	4.8791513	3.2142637	3.208571	1.8983116	0.7275637	3.518869	2.325943	2.602338	3.0670605	1.687787	2.1579974	1.6270963	2.5642188	3.190714	1.6063654	2.642854	1.1915702	2.99956	2.9502776	3.5177994	2.6012702	2.79505	3.0994654	1.961433
SSBP2_9944	3.1475024	3.0842927	3.2047765	3.016629	3.3652549	3.5654895	3.3514462	4.2812176	4.0740767	3.3957052	2.8046954	1.6591743	3.6602395	3.1137757	2.3059688	3.175133	3.1259208	2.608205	3.274329	1.5304413	3.3189702	3.674356	3.1336944	3.5980654	2.6224735	3.21252	3.4865618	3.963337	2.3618937	3.0259323	4.000245	3.3479161	3.8619456	2.811656	2.9567258	3.405289	3.3054578	4.2484846	3.5165868	4.0318656	2.5217707	2.5288935	3.2843316	2.6173096	3.3918626	2.8034983	3.3635335	3.402351	3.0230174	3.194307	2.0759077
ST14_32674	3.1475024	1.9551042	2.696003	2.5181563	2.3422368	3.0792744	3.1524212	2.6734118	3.0949595	2.5266557	3.2559555	3.1560693	3.6602395	2.668917	2.921244	2.8123772	2.727169	2.3117008	2.574683	2.2562509	3.3189702	2.4155526	2.8522859	2.526371	3.016553	2.810302	2.6098514	4.390731	2.3618937	2.9251404	3.0876935	2.6430998	3.666024	4.252681	1.4280888	3.0670605	1.3109689	3.5947201	3.4260273	1.156129	3.190714	2.9664538	3.100484	2.6173096	3.2474778	2.9502776	3.7842216	4.4853687	2.9135318	2.8887413	2.6195898
ST3GAL1_32507	4.737683	4.5861354	4.9607077	5.211588	4.492976	4.846756	4.624943	5.1838865	5.095707	5.2890506	4.7365522	5.151117	5.2983875	4.3858986	5.0250263	4.8964314	5.027739	5.128581	4.999267	4.5646772	5.003735	5.1571207	5.3908668	4.9366517	5.0547533	4.4627132	5.364475	5.1528096	4.756258	5.0390563	5.341723	4.458572	4.7794886	5.408621	4.557369	5.244248	4.6689043	5.41127	5.0457006	4.4519343	5.3566923	4.749603	4.532837	4.591692	5.0439067	5.4713345	5.0419116	5.3766255	4.854025	4.4184256	4.296704
ST3GAL1_34106	3.3087924	1.7233189	3.4950655	3.2133267	3.5195398	3.0792744	3.8229792	3.458151	3.86589	1.7575232	4.2449875	3.5597103	3.2045193	4.0941133	1.5716753	2.9436944	3.0048497	2.854038	2.7174463	2.4348454	3.3189702	2.2375386	3.8559678	3.3953938	3.7965066	3.21252	3.4865618	4.0988913	3.0175493	3.648705	1.8983116	3.4379745	4.0876074	4.201141	3.3245418	2.7875395	1.986288	3.322457	2.715985	2.4060068	3.4806895	3.3981557	1.968738	3.6503172	3.6433938	3.777187	4.157271	4.2061086	3.2198298	2.7705867	2.8937876
ST3GAL5_9948	6.20647	5.150936	5.572294	5.80655	5.5348477	6.302066	5.5556183	6.3384585	6.1064014	5.759675	5.865552	5.0914803	5.691541	5.8301563	4.9655514	5.838645	5.4316773	5.66794	4.7562947	4.9643927	5.2062554	6.1743617	5.7927923	6.0574255	5.606204	6.1014194	5.2481914	6.1790314	5.8377357	5.703625	5.8983774	5.843036	6.0892453	5.6196246	5.0251822	5.8537693	4.710304	5.9367633	5.244279	5.1705146	6.117545	5.7773514	5.555977	5.2324433	6.0869675	6.2716823	5.7663927	5.976014	5.2186785	5.554848	5.307179
ST6GAL1_9950	7.128059	6.618495	7.4110556	7.327209	7.061716	7.895458	7.7463613	8.3041315	8.455552	7.290663	7.7866774	7.2350197	7.489853	7.896938	7.2624683	7.294302	7.7550497	7.1384926	7.1079826	7.3073845	7.9026923	7.899772	7.685022	6.9816065	7.177725	7.183323	7.2499957	7.791257	7.27415	7.5993004	7.6149697	7.1696568	6.9190154	7.6073804	6.519557	7.62443	7.40806	7.5598884	7.0433536	6.6774855	7.7443557	7.3805203	6.953982	6.979467	7.5844626	8.229135	6.948904	7.670502	6.95384	6.7877517	6.533855
ST6GALNAC2_9951	4.6196246	3.8886662	5.0823727	4.357907	4.732725	5.4263177	5.2413383	5.5812693	5.4345613	4.586044	5.2394724	4.402222	5.0526247	5.0512457	4.326787	4.2534776	5.6083117	3.9750757	3.9309764	5.0763106	5.0940313	5.300044	4.8052697	5.145127	4.47748	4.9575233	4.9830594	5.1528096	4.7874928	5.1769557	5.0466332	4.801648	4.2826996	4.6866455	4.333677	4.281817	4.340139	5.763662	4.202226	4.3685856	4.9454346	4.6745768	4.458293	3.4100819	5.4089003	5.2624035	4.7308903	5.812168	5.391967	4.6701713	4.757577
ST7_9952	4.524275	4.235737	4.561031	4.477563	4.159071	4.586952	3.8229792	4.9165835	5.0306005	4.586044	4.2449875	4.352279	4.642146	4.7565928	3.888254	4.5703955	4.75487	4.34035	4.3805633	4.1184506	5.4074864	5.1318603	4.4421554	4.435088	4.8442106	4.193074	3.5664334	4.8409843	4.316707	4.1283503	4.2273164	4.54217	4.6080465	4.609673	3.54955	4.6216445	4.5823607	4.734754	4.0887313	4.776873	4.4597015	4.749603	3.8485553	4.6296024	4.5230813	4.9145117	4.666361	4.9470167	3.8144693	4.207234	3.7594514
STAC3_9953	2.0511916	3.7719631	1.6111797	3.8673456	2.3422368	3.2937799	0.0	2.0264177	2.9615965	3.0256517	2.616312	1.2862334	2.8407278	0.82019544	0.72900796	0.7393115	2.727169	2.854038	0.6957044	1.1757872	3.21549	1.7979587	4.2193546	2.526371	1.1950403	0.0	1.8287144	2.2755182	0.6703802	1.6773919	1.2411588	1.5692585	1.5091133	0.7389744	2.7303865	2.440523	1.3109689	1.6218852	0.0	3.6635237	1.8915004	1.2407571	1.7361305	0.0	0.58479494	3.696286	0.0	0.64444155	1.9892389	0.0	0.40229607
STAMBP_9954	3.0595496	1.4470309	1.2448933	1.4715443	2.1664994	3.0792744	1.8601638	2.0264177	3.6225116	1.3715297	1.4386133	2.756088	2.1454625	1.7211257	2.1001348	3.2782712	3.1259208	2.3117008	1.7985483	1.1757872	2.1549919	2.0344265	1.620029	2.3874133	2.7661297	3.0904965	2.271517	3.1182652	1.9845754	2.6996026	2.3481333	1.2089423	2.0275967	2.1193378	1.7024508	2.2296865	2.23349	3.2189481	2.1639853	2.228283	2.3406515	2.5288935	2.3448164	0.0	2.7000144	2.6400769	1.7325498	2.9556122	1.7554088	2.1681004	1.550732
STAR_32299	3.4538498	3.0842927	4.474771	3.8077013	3.0976462	3.0792744	3.4415276	3.555659	4.608057	3.0256517	3.2559555	3.802208	4.0060377	4.0279417	3.888254	3.7780194	3.613897	3.5559726	3.871139	3.892466	3.5911667	3.6026177	3.9067206	3.9830067	3.6559942	3.526701	3.312188	4.2809734	2.7897131	3.710581	4.468596	3.3479161	3.1700616	3.6291015	2.8479903	3.3011148	2.9382603	3.5947201	4.0887313	2.955541	4.2700734	3.573593	3.4473767	2.6173096	4.1694503	4.4551363	4.6329803	4.749758	4.4457216	4.9402447	4.1990376
STAT1_32366	5.9370904	5.1969314	4.9607077	5.3008204	5.2116504	5.4710727	5.8955054	6.000346	6.4430237	5.2292533	6.203604	5.511153	6.160707	5.7707014	5.428944	6.1142974	5.454976	5.174556	5.5501604	5.3678308	6.3172946	5.745296	5.4433794	5.555356	5.5477486	5.573221	5.787493	7.0147266	5.9104743	5.418573	6.286501	6.16653	5.462102	5.935672	5.144929	5.677744	5.9477673	5.835413	5.6564236	5.3977222	5.4712963	6.181288	5.4250994	5.2075934	6.07632	5.961356	5.9672465	6.595933	5.329397	5.500206	5.0373535
STAT1_9957	4.972539	4.8098226	4.474771	3.9246213	4.376628	4.6660757	4.9958572	4.588229	5.1881685	4.586044	4.484301	4.072788	4.642146	5.084181	4.9955955	4.303241	4.1590357	4.1230955	4.8522673	4.525776	5.151234	4.97024	4.7507486	4.8859277	4.391454	4.9575233	4.829656	5.243382	5.0156536	4.93921	5.0165553	5.021495	4.6080465	5.161381	3.8035955	4.57773	5.4083815	4.69673	4.91861	4.0318656	4.41458	5.365103	4.458293	4.5527587	5.2849126	5.205075	4.6329803	4.6236115	4.09081	4.33762	3.8263953
STAT1_9958	1.3630255	1.7233189	2.5348177	1.9837908	2.6401563	2.1333084	3.255363	3.7328856	2.4663844	2.5266557	2.616312	2.5936327	3.3079073	3.4533052	2.4860687	2.6678994	1.6360242	2.1369452	2.238191	2.4348454	2.1549919	2.7167444	1.353526	2.3874133	1.5530008	2.250642	2.4505796	4.4426293	2.185535	1.6773919	3.1990128	3.5227396	3.2654822	3.463993	1.0890009	0.0	2.4444666	3.8925655	2.5543716	1.5073531	2.3406515	3.087079	2.168997	1.1915702	2.5845437	2.4557507	2.8853111	1.9319366	1.9892389	0.0	2.0759077
STAT3_9959	7.652477	6.618495	7.5065365	7.1702957	6.950795	7.935932	7.678515	8.068408	8.046008	7.488546	7.7180104	7.185965	7.580397	7.8829675	7.071165	7.20549	7.927359	7.3783712	6.9434056	7.2900777	8.140206	7.655778	7.6104336	7.046553	7.306704	7.6345973	7.616502	7.9610143	7.1353726	7.6671915	7.7260137	7.1564527	7.1677637	7.4115467	6.7179804	7.5122566	7.161724	7.6118937	7.103028	6.871615	7.383707	7.7665477	6.9471836	6.942293	7.9420137	8.423873	7.636974	8.368216	7.0539823	6.832672	7.0076327
STAT5B_9960	5.3329234	5.367516	5.419044	5.6624675	4.9106236	5.8386474	5.779392	5.7555585	6.227548	5.555693	5.6854568	5.151117	5.5510902	6.1114993	5.2157736	5.53971	5.6083117	5.304293	5.367332	5.180168	5.778133	5.1571207	5.4604673	5.4370227	5.6251745	6.085536	5.7707305	6.861105	5.761134	5.4731445	5.9309945	5.809687	5.268377	5.9974046	4.9216714	5.7187586	5.596774	6.1058836	5.509802	5.3332367	5.6178336	5.8976927	5.4826493	5.3506517	6.043899	6.0777154	5.4776444	5.6436443	5.5095096	5.518651	5.184957
STEAP4_32408	3.4538498	3.8314943	3.9434626	3.1183274	3.3652549	3.7940469	3.255363	4.4428744	3.7082813	4.143083	4.4280906	3.2680495	3.943193	4.0279417	3.9509327	2.9436944	3.1259208	3.4098673	3.7434611	4.525776	4.4862447	3.930203	3.6920276	3.5980654	3.5003047	3.3250225	3.6421144	4.54114	3.9256022	2.5720668	4.5961013	2.9180818	3.1700616	4.485919	3.2410011	4.57773	3.9136333	4.69673	3.8308377	3.167649	4.41458	4.467931	2.7715712	3.7222598	4.7544036	4.682175	4.453407	4.749758	4.279152	3.7879004	3.2267935
STIL_33274	2.3764687	3.351601	3.2047765	2.1847157	1.7338829	3.1905103	2.1003423	4.0991335	3.789237	3.1598291	2.3995826	2.9020875	3.7363482	2.9801729	2.4860687	2.8123772	3.1259208	2.854038	1.7985483	1.5304413	3.3189702	4.244908	2.952313	2.977701	2.4629142	3.21252	3.003343	4.633352	3.2142637	2.2771995	2.5294693	2.6430998	3.7343307	3.1743853	1.7024508	3.5934687	2.23349	3.4190342	2.1639853	3.5918324	3.9915128	3.1983922	2.3448164	3.3202078	3.1694782	2.4557507	2.8853111	2.4607615	3.124777	3.2832968	2.542046
STK10_9962	4.872845	3.5057364	4.3348646	4.0839515	4.0108175	5.007306	4.504718	5.1530595	5.095707	4.8862605	4.9107437	4.072788	5.221027	5.238442	4.46205	3.6298745	4.964206	4.380134	4.3369923	4.675457	4.4862447	4.5798335	4.2193546	4.286571	4.8114586	4.8488083	4.892988	5.5810175	4.5890565	4.745898	4.8215914	3.6028	4.3276124	5.431165	4.162613	4.931804	4.9364786	4.617537	4.7792325	3.2630503	5.067058	4.985162	3.9608154	4.294119	5.303291	5.145374	5.8266883	5.356937	4.322632	5.2582426	3.8903701
STMN1_32298	9.671401	8.935428	9.514153	9.800464	9.291753	9.44587	9.151088	10.176874	9.988267	9.585959	10.195695	9.721438	9.128902	9.9291115	9.4388	9.730933	9.836843	9.452206	9.245653	9.429954	9.992157	10.511256	9.998408	9.379339	9.624863	9.528464	9.565537	9.583155	9.564011	9.670642	9.044779	9.468933	9.357198	8.898813	8.846622	10.113867	9.371346	9.373117	8.547735	9.890977	9.384544	9.192643	8.4636965	8.60516	9.874479	9.394784	8.701349	9.571123	9.0920925	8.984448	9.374686
STMN2_32640	2.515188	1.7233189	1.2448933	2.788815	1.9663466	2.521582	2.486291	1.7248423	2.4663844	2.312845	1.4386133	1.6591743	0.0	2.9801729	2.3059688	1.5888703	3.2376134	2.3117008	2.4162252	2.593747	3.21549	3.2735868	3.0458522	0.6126101	1.8395665	2.810302	2.4505796	4.720022	1.126302	2.4321535	2.3481333	2.3030627	2.5664744	2.325943	2.306097	2.440523	0.7995354	2.9865744	2.372343	3.0654895	1.6005821	2.3475738	2.7715712	0.0	3.2474778	1.6973256	1.1120816	2.8468895	2.6659598	2.5005684	0.71652496
STRBP_33130	6.78833	6.476538	6.949721	6.87577	6.4727273	7.365812	6.6669865	7.329517	7.203192	6.8590994	7.11586	6.4603124	6.900652	7.084846	6.783258	6.7562313	7.0021124	6.544121	6.162753	6.234396	7.176645	7.1767435	6.813363	6.7459583	6.7638664	6.710764	6.999686	7.7403274	6.898432	6.856378	6.8945255	6.744782	6.756067	6.6726704	6.588775	7.0159516	6.873627	6.900056	7.050949	6.703229	7.0639367	6.8603735	6.494675	6.0825453	7.0816503	6.9584317	6.508142	7.209239	6.300512	6.6355095	6.611829
STS_9964	2.8657134	0.6557987	1.9030463	1.750284	2.1664994	2.6824741	3.0415661	3.1184926	3.43397	1.3715297	2.9712968	3.3719604	2.8407278	3.3487625	2.1001348	1.5888703	2.5653183	1.9380654	1.1630801	2.4348454	2.3630009	2.9657874	3.2164934	2.7696137	3.2298694	2.957191	2.4505796	3.1182652	2.7897131	3.0259323	3.4891737	3.5227396	2.7090814	3.1743853	1.9328802	2.7875395	2.7916732	2.8546557	2.715985	2.7067823	3.079476	2.6899478	1.968738	1.5489385	2.321526	3.4221838	2.7672026	3.239858	2.524174	2.7705867	0.9744036
STUB1_9965	3.7064028	3.430726	1.9030463	2.6598237	1.9663466	2.9587402	1.5718547	4.541386	4.0079637	3.1598291	3.2559555	3.3719604	3.4043794	4.157383	2.7902486	2.6678994	3.0048497	3.3308632	1.5155233	2.4348454	3.5060158	3.8079436	3.1336944	3.3209743	2.4629142	2.002579	2.4505796	4.032706	1.126302	3.710581	3.3987858	3.4379745	2.9579055	4.3970957	2.306097	3.5024447	1.3109689	3.8925655	3.7584567	1.7895929	2.9589396	2.6899478	2.8897388	2.6173096	3.6999757	3.777187	3.7842216	3.239858	2.524174	3.7257514	2.542046
STX4_9967	5.195247	4.1909814	5.0823727	4.817053	4.965361	5.8214674	5.2413383	5.9110436	5.847549	5.101667	5.3033624	4.96426	5.486443	5.70869	5.137091	4.7957234	5.4316773	5.174556	4.65348	5.453237	5.430776	5.510678	5.6210594	5.0330434	5.3791924	5.270135	4.8616695	5.409069	5.2354407	5.8889875	4.922364	5.212228	5.4418173	5.5388875	5.04994	4.57773	5.276778	5.2100253	5.2963333	4.325033	5.2579675	4.8209195	5.191954	4.5527587	5.3918266	5.4218693	5.7509165	5.675786	4.854025	4.8264017	4.4741917
STXBP1_9968	4.0177727	4.0970764	3.736615	4.272241	4.492976	4.880327	3.0415661	3.8139515	4.365632	4.076771	4.4280906	4.542445	4.066259	4.5362835	3.5260668	4.0929766	4.3199596	4.873771	4.1482205	3.469012	5.0940313	4.8820906	4.178631	4.399368	4.299972	4.7312284	3.7140222	3.6467555	3.6133378	4.258335	4.0604506	3.3479161	3.666024	4.3970957	4.2506785	5.0964675	3.1931324	5.0382223	3.7584567	4.4519343	4.7413044	4.4227967	3.1953344	4.5527587	4.4257855	4.5034924	3.657152	4.749758	4.279152	4.161015	4.0942764
STXBP2_9969	4.312294	3.5770385	4.474771	4.398905	3.9578092	4.846756	4.068923	4.9165835	5.158002	3.1598291	4.0352206	3.6451528	4.960428	5.1478777	4.6626306	4.0929766	4.2146955	4.4565544	3.808712	4.219421	4.4862447	4.5798335	4.778267	3.8830926	4.435108	4.4627132	4.5442247	5.089106	4.358906	4.859511	3.8717287	4.6211877	4.236344	4.8292685	4.5224137	3.978313	4.0488772	4.3981524	4.541123	3.167649	4.2184987	4.749603	4.458293	4.3405747	4.5541077	5.0180063	4.7926564	5.7072268	4.09081	4.252018	3.9813085
SULT1C2_33309	3.3087924	2.3301039	2.9727023	2.907214	3.0976462	5.095705	3.8885062	4.1624165	4.4174857	0.8429578	3.8762534	2.200775	4.7562222	2.8329227	4.1241193	3.0640497	5.027739	3.158557	2.966509	3.8299706	3.1040103	2.2375386	5.220783	4.399368	3.016553	3.3250225	3.7825153	7.370037	3.5418694	1.4053764	4.5961013	2.7871325	3.4392512	3.548908	3.3245418	3.9091218	2.7916732	3.2189481	4.1465945	2.4060068	5.577462	5.8976927	4.671279	3.8562014	4.832405	5.696026	5.3396177	4.556145	4.854025	5.1201177	4.4949174
SULT1C2A_9970	1.3630255	1.7233189	2.5348177	2.5181563	2.6401563	3.2937799	1.8601638	2.2757223	2.814638	2.0617402	2.1444392	2.200775	3.093146	1.3398731	3.255121	1.5888703	3.2376134	2.3117008	0.6957044	2.2562509	2.1549919	1.7979587	3.6329622	3.3953938	2.7661297	2.002579	0.0	5.9471774	1.4722159	2.2771995	2.5294693	1.5692585	3.1700616	0.7389744	1.7024508	2.440523	1.687787	2.8546557	2.715985	1.156129	2.6826673	3.3017287	2.3448164	2.0738304	4.584481	4.12504	3.0959623	4.115274	4.14025	3.4463294	2.542046
SULT1E1_32446	1.8561494	2.1547542	0.0	3.5409095	3.7238476	4.2182827	0.7291152	2.0264177	2.0063746	2.5266557	1.4386133	0.78194916	3.7363482	0.0	1.8599678	1.8787316	2.5653183	3.4098673	0.6957044	1.1757872	4.191271	1.7979587	5.558951	3.2425063	0.7178737	0.0	2.0670378	5.089106	1.9845754	1.6773919	0.0	1.8573289	1.7915226	1.8781195	3.6173768	1.3080859	1.3109689	0.0	1.6270963	3.9192204	2.8274064	3.1983922	1.968738	1.5489385	3.5845017	3.9265325	3.1907747	3.323391	2.79505	3.2832968	2.7631934
SULT2A2_33196	0.0	0.6557987	1.9030463	1.125733	0.0	2.9587402	0.7291152	0.0	1.7063249	0.0	0.8916533	1.2862334	3.2045193	0.82019544	3.1521814	1.5888703	1.6360242	0.0	0.6957044	1.5304413	0.0	0.0	2.7448034	2.526371	1.8395665	0.80882925	0.0	5.089106	0.6703802	0.0	2.5294693	1.5692585	2.2304184	1.8781195	0.0	0.79748124	1.687787	2.3661232	2.372343	1.156129	2.133485	3.4885392	1.968738	2.8914306	3.6433938	3.696286	2.6385555	3.9673057	2.6659598	2.6418855	2.6195898
SUMF1_32831	5.9856267	5.1034265	5.937355	5.4642606	4.965361	5.8724055	6.017685	6.481803	6.539783	5.759675	5.90727	5.5994325	6.5141635	6.0627584	5.3613276	6.195602	6.3037624	5.5681353	5.080776	5.9703684	5.625015	6.098155	5.558951	5.752275	5.6986556	5.823556	5.451192	6.9354386	5.5221004	5.8482766	6.1546154	5.7227774	5.8173804	6.6914687	4.624838	6.0432925	6.141817	5.726402	5.9279437	5.355054	5.380353	5.9463453	5.6759624	5.6563377	5.976785	6.392158	6.2899194	6.398211	5.307923	5.1201177	4.9499874
SUOX_9974	3.8704717	1.1049913	3.4950655	3.6804638	3.4444587	4.627056	4.068923	4.2812176	4.5159154	3.8573148	3.2559555	3.802208	4.6020246	4.3320727	3.3512022	3.4647577	3.613897	3.8672233	3.603377	2.9864812	4.7680693	4.1969967	4.178631	3.2425063	3.12715	4.511081	2.8837204	4.2809734	2.6607075	4.216295	4.1738105	3.67865	4.138909	4.528361	2.8479903	3.978313	3.9136333	3.8925655	2.9933162	3.167649	4.8126054	3.9367666	3.905777	3.3202078	5.0218806	3.8537915	3.843792	4.291561	3.309005	4.012749	3.3683043
SUPV3L1_9975	4.1514177	2.9829214	4.3348646	4.51534	3.7238476	4.5032363	4.624943	4.390976	4.1978536	3.9342363	5.1025214	3.3719604	3.8774855	4.5362835	4.871472	4.5703955	4.75487	3.9221573	3.6751187	4.1184506	4.731025	4.8514686	4.8578053	4.1642017	4.042132	3.93395	4.237673	5.089106	4.316707	4.8319354	4.675246	4.323325	4.2826996	4.862825	4.019533	4.4856753	3.6835446	4.021211	4.0284495	3.7970295	4.319868	4.6355476	4.064967	4.0917125	4.584481	4.6395364	4.5638094	5.3167343	3.6871839	3.9047008	3.3226593
SUV39H1_34119	4.898422	4.44079	5.3235607	5.18839	4.965361	5.007306	4.9351296	5.056417	5.789699	4.8470116	4.8691278	4.542445	4.861935	4.8742495	4.871472	5.497581	5.522696	4.787641	4.292064	5.0763106	5.49847	5.450652	5.240702	5.1665354	4.8114586	4.771496	4.657979	5.409069	4.906079	5.1769557	4.9858365	4.0652423	4.713336	4.252681	3.9685025	5.326156	4.5370607	4.943985	4.0887313	4.641398	5.0376	5.01588	3.8485553	4.03634	4.9767933	5.290235	4.9635158	4.8933544	4.279152	4.765924	4.5749664
SYNE2_9977	3.5212522	3.267883	4.1243386	3.016629	3.9578092	4.10925	3.5263135	4.032947	4.1372924	2.312845	3.7896788	2.756088	4.4744954	2.8329227	3.606144	3.7780194	2.727169	2.854038	3.5278807	2.73687	3.5911667	3.870368	3.2947974	4.325158	3.6559942	3.3250225	2.8837204	4.2809734	3.5418694	3.516373	3.7306347	3.8193421	3.518869	4.252681	2.306097	3.0670605	3.5979016	4.1393185	3.89976	2.955541	3.9287112	4.511696	3.4473767	3.4946837	3.806888	4.4551363	4.4146447	3.8594944	3.3929877	3.194307	3.5376832
SYPL1_9979	7.9502215	7.267534	7.835556	7.8326864	7.61339	8.23738	8.181668	8.224823	8.27408	7.9533124	8.310437	7.7411833	7.9674683	8.189553	8.004316	7.762943	8.43765	7.338538	7.9302206	7.806527	8.010961	7.89227	7.84647	7.455965	7.5934834	7.8891196	8.205263	8.837299	8.032586	7.6632853	8.166994	7.955661	7.7698636	8.19647	7.3060956	7.6511617	8.335994	7.9394865	8.097772	7.165068	7.802433	8.059772	7.6917186	7.294689	8.199171	8.359648	7.9051056	8.4997225	7.4759636	7.5270967	7.249412
SYTL2_32351	1.8561494	1.7233189	1.9030463	1.125733	2.8869598	2.1333084	2.6463878	3.1184926	3.5313187	2.0617402	1.8342675	2.200775	2.695759	2.668917	2.7902486	1.8787316	3.2376134	2.1369452	2.574683	2.4348454	3.1040103	2.2375386	3.2947974	2.7696137	2.4629142	1.7028205	3.4020078	3.240585	3.0175493	2.9251404	3.1990128	2.9180818	2.8388512	2.1193378	1.0890009	2.6244397	2.23349	2.547975	1.920373	1.7895929	2.133485	2.3475738	3.5224726	2.6173096	3.523103	2.2443757	2.8853111	3.477213	1.9892389	2.6418855	1.8370861
TAGLN_9981	9.274761	8.542123	9.260672	8.975569	8.384701	9.5935955	9.574644	9.431135	10.045002	9.435324	9.134625	9.174928	8.779114	9.300033	8.944885	8.972591	9.289315	9.14096	8.886283	8.673622	9.747488	9.018899	9.070386	9.107774	8.859782	9.571864	9.68665	9.464217	8.7336645	9.150283	9.276597	8.947012	8.595769	8.222554	8.600717	9.245435	8.60653	9.58959	7.987308	9.001988	9.645999	8.6624775	8.54474	7.5921564	10.176294	9.284949	8.323877	8.950902	8.420303	7.940178	8.900707
TAGLN2_9982	3.8704717	2.75593	2.696003	3.4657202	2.498873	3.1905103	3.8229792	2.8375075	3.7082813	3.0256517	2.8046954	1.955242	2.9724503	3.4533052	3.1521814	2.5073261	3.8430977	3.5559726	2.238191	3.469012	3.820068	3.447462	3.5070412	2.2336307	3.3257585	3.21252	3.4865618	3.1182652	2.6607075	2.8167744	3.3023546	3.3479161	2.2304184	3.1743853	2.602338	2.9340591	3.1931324	3.2189481	2.5543716	3.4367871	3.2939854	3.7299907	3.100484	3.0111494	3.5845017	3.6105773	1.9649282	3.8024087	2.3669193	3.2832968	3.1241014
TALDO1_32399	7.4117475	7.0277376	7.1578126	7.262038	6.950795	7.6548057	7.293301	7.929789	8.05012	7.3550286	7.8786793	7.302325	8.033064	7.677097	7.0640936	7.1857266	7.658	7.120989	7.2321014	7.071152	7.7397504	7.762499	7.5637565	7.5362787	7.668555	7.404297	7.426245	7.9961715	7.344095	7.595206	7.4161935	7.0462303	7.703258	8.025515	6.939518	7.687773	7.1691666	7.2212415	7.4858565	7.1588798	7.45229	7.4326787	7.058611	7.1391144	7.6215515	7.742035	7.9998045	8.168097	7.3344507	7.332314	6.855674
TATDN2_9984	6.3149147	5.501839	6.734585	6.304149	5.8432503	6.7911115	6.1703897	7.0063844	7.135137	6.328628	6.544926	6.412374	6.638378	6.8655777	6.331945	6.6448383	6.798607	6.165869	6.0185122	6.258324	6.969609	6.5144486	6.793272	6.4113355	6.552206	6.2795177	6.3914003	7.0898833	6.1695056	6.6107836	6.1267276	6.4844356	6.165445	6.7100253	6.1815286	6.496746	6.126607	6.5727715	6.3778815	5.717008	6.603069	6.3595195	5.9315333	5.7625213	6.774289	6.932174	6.5264363	7.1759157	6.163751	5.6582904	6.0223746
TAX1BP3_32829	4.6500573	4.362231	4.5185456	5.0407763	4.0108175	5.231971	5.2160363	5.2726026	4.9270763	4.9244695	4.308639	4.542445	4.6020246	4.8742495	4.5044594	4.442993	4.996322	4.664168	4.197779	4.358748	5.003735	4.97024	4.8578053	4.286571	4.7084904	4.689805	5.0950236	4.633352	3.9806933	4.91313	4.5961013	4.5009766	4.0876074	4.3505454	4.5224137	4.999941	4.7505484	4.69673	4.0284495	4.085053	4.5871716	4.5541725	4.4195247	4.7376995	5.3393598	5.145374	4.5279393	5.0239434	4.14025	3.660804	3.6892493
TBC1D10C_32813	7.842344	7.2782707	8.070588	7.8768888	7.386506	8.017402	8.226704	7.811392	8.1607485	7.645476	7.8522234	7.3791537	7.7460365	8.578528	7.93236	7.4123826	7.9521327	7.5141926	7.560421	7.9271173	8.0301485	7.884729	7.9649615	7.324054	7.9196906	8.028564	8.015541	8.198389	7.6589785	8.033813	7.553453	8.037165	7.5073376	7.8774137	7.3060956	7.62443	8.019305	7.816338	7.644883	6.871615	7.9401455	7.4326787	7.3071537	7.152197	7.985341	8.02894	7.8589325	8.360821	7.212624	7.5087605	7.4026012
TBP_9986	4.3864694	3.7098691	3.4046404	3.6123734	2.9961455	4.0514793	4.2292647	4.541386	3.5313187	3.2825825	3.4935977	3.9438322	4.0060377	4.0941133	3.255121	3.846752	4.0408278	2.9628441	3.5278807	2.9864812	4.572536	4.0961194	3.439704	3.5980654	3.7965066	3.93395	4.02797	6.656562	3.3033986	3.648705	3.654551	3.6028	3.4392512	3.463993	3.4035087	3.5934687	4.340139	4.349968	3.1142545	4.085053	4.2184987	3.999592	4.064967	3.4100819	4.80687	4.061858	4.0601544	4.6880627	4.6642694	4.063883	3.6892493
TBPL1_9987	3.970324	4.44079	4.8957977	4.032772	4.0108175	4.9765935	4.7359157	4.9165835	5.1881685	4.8862605	5.4517074	4.2468877	4.6811824	5.0512457	4.5857115	4.5703955	4.897746	4.2573314	4.4639463	4.1184506	3.888952	4.941451	4.4761596	4.5697336	3.9245403	4.771496	4.5442247	5.4603233	5.2354407	4.745898	4.512362	5.1602564	4.7467914	4.759719	4.48659	5.1272597	4.5823607	4.771802	4.9835544	4.1363487	5.2321935	4.278248	4.458293	3.3202078	4.2089777	4.8782954	4.9364076	5.0239434	4.4845233	4.33762	4.3881755
TBXAS1_32570	3.6472874	1.9551042	2.145686	3.8673456	3.3652549	3.5654895	3.8885062	4.2812176	3.0949595	3.5983813	3.6975753	2.756088	4.3345904	4.3320727	3.606144	3.6298745	4.101142	2.608205	2.574683	1.5304413	3.4155223	2.846633	3.1336944	3.0714748	3.4156697	2.957191	4.188035	4.4927254	3.681432	3.2918935	4.000245	3.5227396	3.518869	4.092185	3.0578372	3.3011148	2.7916732	3.1074347	2.9933162	2.955541	4.051694	3.573593	4.013831	3.6503172	3.5845017	4.4551363	4.24826	4.0676174	3.547572	3.5214198	3.1241014
TCEA2_9990	2.3764687	2.8738854	3.4046404	2.361048	3.590906	2.340468	3.4415276	3.7328856	4.0740767	3.7760599	3.1206355	3.2680495	3.6602395	3.4533052	3.1521814	3.5496771	3.1259208	2.1369452	2.574683	3.8299706	3.747729	3.178102	3.2947974	2.526371	3.12715	2.810302	3.312188	4.4426293	2.5190232	3.0259323	2.6905363	2.4830763	3.1700616	3.6291015	1.7024508	3.3011148	2.7916732	3.8925655	2.9933162	2.7067823	3.079476	3.3981557	2.5015178	2.8914306	3.806888	3.9957814	4.0601544	3.6809788	2.9135318	2.9979472	3.176361
TCEB1_33163	9.406493	8.977213	9.2363	9.348195	9.015193	9.142902	9.337142	9.455027	9.434746	9.36239	9.47697	9.153216	9.239285	9.579531	9.347104	9.465964	9.561657	9.185145	9.00414	9.291868	9.630411	9.5128565	9.456286	9.228468	9.425563	9.192638	9.355356	9.796371	9.350552	9.140481	9.076104	9.297593	9.20604	9.419342	9.250678	9.236637	9.409552	9.6468	9.19963	9.114987	9.591292	9.461696	9.002093	8.726013	9.265113	9.31405	9.131544	9.759118	9.174495	9.205485	9.117526
TCERG1_9992	9.574572	8.82626	9.643344	9.663122	9.199154	9.798448	9.749052	10.02128	10.152187	9.566459	9.724578	9.091767	9.713006	9.921159	9.422304	9.736604	9.806597	9.381686	9.255925	9.535307	10.014488	9.911098	9.706858	9.473602	9.445711	9.551773	9.9202385	9.973302	9.678821	9.539334	9.503635	9.728509	9.494009	9.689759	9.09879	9.637772	9.629169	9.772077	9.455689	9.198813	9.4235	9.838769	9.118615	8.777577	9.801207	10.018565	9.885605	10.223287	9.289894	9.425493	9.250687
TCF19_9993	3.2304003	2.8738854	3.4950655	3.5409095	3.2814488	2.9587402	2.6463878	3.7328856	3.9386752	3.689954	3.5991883	2.200775	3.093146	2.0223966	2.1001348	3.5496771	3.2376134	3.6238267	1.7985483	2.8670673	3.4155223	4.6167192	3.2947974	3.466162	3.3257585	3.0904965	2.4505796	2.8372862	2.9081242	3.2918935	2.967061	2.6430998	2.2304184	2.6671908	2.9567258	3.0670605	3.3054578	2.3661232	2.372343	3.7970295	2.9589396	3.3017287	2.5015178	2.0738304	3.523103	3.0834928	1.4554178	2.4607615	2.79505	2.1681004	2.7631934
TCF4_32341	7.7221665	6.4577694	7.601187	7.7036457	7.565473	8.416818	7.99346	8.239571	8.295024	7.766109	8.046757	7.416086	8.186778	8.432711	7.532159	7.401	8.43765	7.3130717	7.267346	7.7187066	8.450468	8.232425	7.8561864	7.352353	7.6126204	8.105401	7.771987	8.500329	7.8670096	7.765213	7.7717495	7.460328	7.395769	8.222554	7.4005613	7.942733	7.687409	7.7105966	7.7466135	6.651274	7.9201064	7.952705	7.500651	7.3411274	8.263942	8.822058	7.891055	8.700543	7.376319	7.131241	7.091675
TCRB_32566	1.0343287	2.75593	1.6111797	2.5181563	1.4566294	2.6824741	2.7904801	3.1184926	0.811001	0.8429578	1.8342675	1.6591743	0.0	2.668917	1.5716753	0.0	3.4379885	0.0	0.0	3.3845623	2.3630009	1.5149852	2.210754	2.526371	2.4629142	0.80882925	3.6421144	5.4603233	2.7897131	0.0	0.75012773	2.7871325	2.7090814	4.092185	2.1315236	2.440523	3.1931324	0.7592324	2.8613043	1.156129	1.6005821	3.087079	0.6625256	0.0	1.3216265	0.0	2.8853111	2.8468895	2.79505	0.66210103	0.9744036
TCTN1_9996	2.7580647	2.3301039	3.5801554	2.361048	2.1664994	3.0792744	2.9214785	4.0991335	3.3295743	4.007263	3.7896788	2.410535	3.4043794	4.0941133	2.4860687	2.5073261	2.5653183	3.158557	1.5155233	2.9864812	3.5060158	3.2735868	3.3690693	2.0614784	3.3257585	3.861182	3.4020078	2.673195	2.5190232	2.9251404	3.1990128	1.8573289	3.2654822	3.463993	2.602338	3.0670605	3.8409395	3.322457	2.9933162	2.4060068	2.8274064	3.087079	2.7715712	2.760871	3.1694782	2.9502776	4.2034826	4.0183334	2.524174	2.3438904	1.8370861
TDG_33164	3.763191	2.3301039	3.9434626	3.6123734	4.061947	4.586952	3.9511857	4.677585	4.8536887	4.206481	3.9579256	3.4688873	4.179647	4.157383	3.5260668	3.0640497	3.613897	3.5559726	2.8473456	3.69622	4.693005	4.7220345	4.003165	3.3209743	3.5802486	3.526701	3.2164025	3.732648	3.4666753	4.0822825	3.7306347	3.6028	3.518869	3.8459697	3.4783766	3.8364446	3.8409395	4.3981524	3.4260273	3.7318203	3.9287112	3.87108	3.4473767	3.6503172	4.5230813	4.4551363	2.7672026	3.8024087	3.6871839	1.7353235	3.1241014
TERF2IP_9998	5.8610806	4.9773192	6.07565	5.8662405	5.3620234	5.8214674	6.4344764	6.2392178	6.1833014	5.6948338	5.947815	5.533735	5.5720115	6.0954347	5.5553536	5.620448	5.7279024	5.8908706	5.3888288	5.591516	6.130791	6.0314226	5.605781	5.0330434	5.527725	6.1171303	6.114189	6.802728	5.979721	5.3028164	5.9940963	5.758172	5.769353	6.04203	5.4540486	5.8537693	5.8212137	6.1487627	5.553236	4.7107253	6.0746794	5.9778924	5.5379915	5.7625213	6.1593757	6.43018	5.7034664	6.426822	5.6355367	5.624627	5.1330132
TES_10000	6.256776	6.0822897	6.215204	5.992147	6.0599537	6.0888844	6.509288	6.645787	6.6630454	6.240506	6.2849784	5.9409657	5.9689693	6.595528	6.3782926	6.5756516	6.3665404	5.5681353	6.2357464	6.2818623	6.329737	6.293057	6.073863	5.962703	6.338955	5.9517493	6.6877346	6.8224506	6.5156736	6.586236	6.0838575	6.6156573	6.115095	6.1546936	5.897673	5.9256005	6.9096174	6.603923	6.008171	5.700061	6.443758	6.429642	6.2179914	5.727988	6.2568917	6.733634	6.480258	7.0343475	6.2337513	5.984481	5.748031
TESK1_10001	4.457017	3.9966314	4.3830233	4.58805	4.6006374	5.2057276	4.9351296	5.2726026	5.0306005	5.033377	4.782111	4.670239	5.1109705	5.0512457	4.278726	5.29111	5.522696	4.598228	4.197779	4.444678	4.530035	5.1571207	5.1801004	4.7507205	4.8442106	4.2511845	4.892988	5.409069	4.4785657	4.8038225	4.8215914	4.8999963	4.138909	5.188101	4.373451	5.244248	5.2489533	5.007489	5.134172	3.7970295	5.179221	5.1876035	4.603718	4.4715905	4.780875	5.4713345	5.4776444	5.7072268	4.14025	4.993965	4.066853
TEX10_10002	2.3764687	3.8886662	4.3348646	4.272241	2.1664994	3.3901486	2.3061843	2.98483	4.4174857	2.312845	4.484301	4.74955	2.534579	3.1137757	3.606144	4.8300796	2.727169	1.0927255	1.5155233	4.778334	4.191271	2.7167444	4.2589602	3.7189126	1.8395665	2.002579	4.583148	4.5879827	2.3618937	4.4876986	2.1406834	3.67865	1.157626	4.092185	1.0890009	1.9826764	5.1011596	2.547975	0.76239324	2.0255485	4.165012	3.8022594	1.7361305	4.03634	2.169534	4.5034924	2.4973037	3.323391	2.524174	3.5927947	4.934898
TF_10003	8.3391075	8.443023	8.319796	9.147809	8.916204	8.825064	8.536213	8.659824	9.228857	8.638999	8.636116	8.261001	9.734043	8.423088	8.315475	8.85238	8.827303	8.567362	8.820573	8.853255	9.266205	8.357555	10.036653	9.0484705	8.655809	7.6562657	8.956422	9.238761	8.09945	8.101777	9.061448	8.437244	8.451047	9.456907	9.115012	8.522847	8.55633	8.742572	8.875323	9.024286	8.799198	8.990959	8.734365	8.61936	8.446582	9.160415	9.804534	9.822401	9.076303	9.262687	8.319191
TFAM_33077	3.0595496	2.3301039	3.0934007	2.5181563	2.1664994	2.1333084	3.3514462	2.8375075	3.43397	2.8777032	3.1206355	3.3719604	2.534579	3.3487625	3.5260668	2.326616	3.1259208	2.608205	1.7985483	2.8670673	3.1040103	2.5739944	3.0458522	2.0614784	3.016553	2.462245	2.271517	3.8904636	2.185535	2.6996026	2.5294693	2.9180818	2.5664744	2.811656	2.306097	3.405289	2.6284897	2.8546557	2.372343	3.2630503	2.9589396	3.1983922	2.5015178	1.8351252	2.99956	2.6400769	2.8853111	2.9556122	2.190403	2.6418855	2.7631934
TG_32506	4.457017	4.5861354	4.3830233	4.6906743	4.492976	4.9765935	5.110143	5.356178	4.736094	3.7760599	4.538403	4.072788	4.71919	4.3858986	4.545657	4.035247	4.8633313	3.9750757	4.542772	4.5646772	4.653956	4.652685	4.509381	4.076447	4.6724668	3.7845476	4.657979	4.6773376	4.358906	4.522616	4.4234605	3.5227396	4.533327	4.485919	4.1164784	3.8364446	3.5979016	4.771802	3.5165868	4.0318656	4.165012	4.5954337	4.208325	4.196462	4.357074	3.8537915	2.1650176	4.5902724	2.6659598	3.194307	3.5770936
TGFB1_33273	3.9212615	3.267883	3.4046404	4.227422	4.0108175	4.586952	3.6063921	4.032947	4.4174857	4.143083	4.0352206	4.072788	4.179647	4.8742495	4.278726	3.5496771	4.0408278	4.213959	3.603377	4.169819	4.653956	4.244908	4.5418544	3.3953938	3.7965066	4.689805	3.7140222	4.8017797	4.316707	3.9854841	4.5961013	4.174075	3.518869	4.442191	3.3245418	4.931804	3.7643874	3.322457	3.7584567	3.7970295	4.4597015	4.3762045	3.7889702	3.7907844	4.357074	5.4218693	4.8225756	4.2061086	3.9314296	3.7257514	3.4971662
TGFB3_10006	2.0511916	1.9551042	2.145686	1.750284	3.1924727	3.2937799	1.5718547	3.3535717	3.7082813	2.7128305	3.2559555	2.410535	3.808642	2.2714932	2.6461606	1.5888703	3.0048497	3.0640168	1.1630801	2.8670673	3.5060158	2.0344265	3.2164934	2.526371	3.5802486	2.462245	2.271517	2.9846053	1.9845754	3.516373	2.5294693	2.3030627	2.9579055	4.252681	2.461808	2.6244397	2.4444666	2.7094493	3.1142545	2.7067823	2.5217707	3.3981557	3.5938523	2.760871	3.2474778	3.696286	4.157271	4.0183334	2.3669193	2.9979472	1.3829705
TGFBR2_10008	6.0668235	5.407187	6.1331015	5.80655	5.4795084	6.0000534	6.1835027	6.3246927	6.756607	5.7383833	6.044457	6.0230618	6.567225	6.6069055	5.863007	5.821671	5.68913	5.6839232	5.5501604	5.6649623	6.504544	6.5144486	5.7094793	5.6495905	5.835262	5.9341187	5.6103992	6.5775223	5.7922645	5.941541	6.475255	5.630295	5.65065	6.5441217	5.4540486	6.0593486	6.156869	6.4524264	6.5804033	4.9007115	5.9694095	6.395007	5.4053946	6.200588	6.275628	6.7736177	6.535497	6.669608	5.6526747	5.9025784	5.5344024
TGIF1_10009	4.0177727	2.3301039	3.4046404	2.5181563	3.6589074	3.9912984	4.011255	2.98483	3.5313187	2.7128305	3.6975753	3.6451528	3.4948025	3.7279556	3.7540836	3.175133	3.2376134	3.8672233	2.8473456	4.219421	4.2964406	3.5271246	3.803364	2.877406	3.3257585	3.429383	3.4020078	3.6467555	3.3873456	2.5720668	3.5742307	3.3479161	3.3549814	3.548908	3.4035087	3.0670605	3.5979016	3.1074347	3.2258344	3.5163915	3.4806895	3.1983922	2.7715712	2.6173096	3.806888	3.696286	3.3635335	3.6162026	2.79505	3.194307	3.0698776
THAP11_10011	3.1475024	0.0	2.145686	2.1847157	2.7688293	2.9587402	2.6463878	2.0264177	3.2170308	3.2825825	1.4386133	2.5936327	2.9724503	2.668917	2.921244	3.5496771	3.613897	1.7073178	2.8473456	2.0523822	2.8513174	2.9657874	3.0458522	2.526371	2.896768	3.21252	2.7532747	3.732648	2.6607075	2.4321535	3.3023546	2.6430998	2.4082093	4.0344577	3.0578372	2.440523	2.6284897	2.8546557	3.7584567	2.7067823	2.3406515	3.6539102	3.5224726	2.6173096	1.999623	2.4557507	3.3635335	3.8024087	2.190403	2.6418855	2.8937876
THBD_32575	2.515188	1.1049913	2.145686	1.4715443	1.9663466	2.82721	2.486291	2.6734118	2.0063746	2.7128305	1.8342675	0.78194916	2.534579	2.2714932	1.2110108	2.5073261	2.727169	2.3117008	1.5155233	1.5304413	1.911856	1.7979587	2.628664	2.2336307	0.0	2.957191	3.003343	2.673195	1.751022	3.0259323	0.75012773	2.6430998	1.157626	2.811656	0.0	2.7875395	2.23349	1.6218852	1.920373	0.6909027	0.0	2.1401448	2.168997	1.8351252	3.0870192	2.8034983	0.0	1.7015651	2.190403	1.7353235	1.193102
THRB_32521	1.8561494	1.7233189	3.5801554	1.750284	2.1664994	2.521582	1.5718547	2.4882271	3.789237	2.7128305	1.8342675	1.955242	2.3531	3.2360482	0.72900796	3.0640497	2.5653183	3.247281	2.035052	2.2562509	2.1549919	2.2375386	2.7448034	2.977701	1.8395665	3.21252	1.1865652	3.240585	2.5190232	2.5720668	3.3023546	2.3030627	3.1700616	3.0633094	1.9328802	2.440523	1.986288	2.8546557	3.601796	1.156129	2.133485	2.5288935	3.7268174	2.4578679	3.5845017	2.9502776	3.4427273	2.7293007	2.6659598	1.9678794	1.961433
THRSP_33314	1.0343287	3.267883	0.752753	3.6804638	2.9961455	2.82721	1.5718547	0.0	2.814638	1.3715297	1.8342675	1.6591743	2.9724503	0.0	0.0	1.8787316	1.6360242	2.1369452	1.1630801	1.1757872	3.888952	1.5149852	4.694086	1.0412753	1.1950403	2.250642	3.003343	2.0262237	1.126302	1.0698712	1.6068331	2.7871325	1.5091133	1.2252613	2.7303865	1.3080859	0.0	0.7592324	0.76239324	2.5642188	0.0	2.3475738	3.2843316	1.5489385	1.8069959	1.6973256	4.2034826	2.4607615	2.3669193	1.1142143	0.9744036
THY1_33010	4.972539	5.6247144	5.3480306	5.322292	5.2780237	5.8386474	5.846882	5.3288536	6.041787	5.53114	5.6612782	5.6622686	5.7292805	6.4001164	5.2659407	5.162198	5.924313	5.324826	5.5309534	5.4111657	5.965211	6.7317853	6.3090014	5.664715	5.3105354	5.0907993	6.948435	5.835142	4.691684	5.8755445	5.586584	4.6961017	4.989707	5.2902904	5.1217613	5.0964675	5.2489533	5.288818	5.465019	5.891367	5.4490924	4.5541725	5.4053946	5.020515	5.189336	5.8903933	5.4776444	5.8265553	5.073521	5.518651	4.6322165
TIAM1_10014	3.3831434	2.486432	3.9434626	3.1183274	3.0976462	4.3677835	1.8601638	3.7328856	4.4174857	3.2825825	2.8046954	3.4688873	3.2045193	3.6420867	3.6820092	3.0640497	3.613897	3.7506518	2.8473456	2.9864812	4.4862447	2.846633	4.2193546	2.7696137	2.6224735	3.3250225	3.003343	4.336896	3.2142637	3.9345353	3.8029058	2.4830763	2.5664744	2.811656	2.602338	3.5024447	1.986288	3.2189481	3.1142545	4.085053	2.6826673	3.8022594	3.1953344	2.0738304	3.6999757	4.3532715	3.4427273	3.9673057	3.547572	2.7705867	2.7631934
TICAM1_10015	5.019916	4.620293	5.508598	5.091677	4.7944946	5.3079515	5.4070196	5.3010025	5.956723	5.198399	5.137997	4.96426	5.2983875	5.8301563	4.4183564	4.5703955	5.334527	4.787641	5.207157	5.3002853	5.232999	4.9984655	5.558951	4.601519	5.6251745	5.32528	5.1217074	5.9650326	5.445841	5.2825875	4.8895493	5.425385	4.873356	5.639122	4.591498	4.931804	4.7505484	5.6488647	5.075798	4.410862	5.403632	5.1042953	4.637894	4.3405747	5.247438	5.696026	5.687297	5.659805	5.307923	4.967355	4.824606
TIMM22_10019	5.2558665	4.1447926	5.1673284	4.817053	4.965361	5.3079515	5.7266173	5.243633	5.974142	5.60358	5.47963	4.8961797	4.9283385	6.127387	5.19002	5.29111	5.669346	5.2191105	5.254764	5.591516	5.8489995	5.3447027	5.138237	5.249127	5.4868245	5.0907993	5.31908	5.892247	5.576761	5.322766	5.188281	5.704749	5.3137307	5.2654138	4.591498	5.1869392	4.441957	5.0382223	5.1902757	4.53073	5.380353	5.2405844	4.9950824	4.870279	5.4257736	5.872093	5.186975	6.0877376	5.073521	5.2361207	4.2729
TIMM9_10020	2.515188	2.75593	3.3081667	2.907214	2.7688293	2.6824741	3.255363	4.33714	3.2170308	3.2825825	3.1206355	3.3719604	2.9724503	2.8329227	3.0413287	3.0640497	2.87268	1.7073178	3.6751187	2.8670673	3.1040103	2.9657874	3.0458522	2.877406	2.0785348	3.7036133	4.3770947	3.963337	2.185535	3.5840557	3.7306347	4.2255597	3.1700616	2.811656	3.8606849	3.5934687	3.409666	3.322457	2.8613043	2.955541	4.2184987	3.3017287	2.642854	2.4578679	3.6433938	2.6400769	2.7672026	3.1511896	2.190403	2.8887413	3.6528244
TIMM9_10021	4.679861	3.351601	4.9607077	4.227422	4.159071	5.356469	4.9958572	4.633599	5.095707	4.6783786	4.4280906	4.4504933	4.284769	5.621631	4.545657	4.64948	4.828076	4.8456287	4.503897	4.5646772	4.731025	4.6877766	5.004824	4.6326194	4.5586634	4.8859644	4.3321013	4.9525843	4.5890565	4.989997	4.5961013	4.835181	4.6080465	4.609673	4.591498	4.4856753	4.9011602	5.068315	4.202226	4.870734	4.913356	4.278248	4.253111	4.4715905	5.0439067	5.083095	4.5988097	5.211035	4.322632	4.6701713	4.650806
TIMP1_10022	7.761026	7.9332857	5.9211373	5.978688	5.9691224	6.338754	6.9229693	6.1639047	6.9002056	6.3143096	6.7987485	6.2983074	6.015532	6.983744	6.619264	7.224987	6.1833825	6.2106886	6.485645	6.4155526	6.9616356	6.124007	5.9821806	6.402341	5.4232135	6.66874	7.3379683	6.6998563	6.337202	6.856378	7.1855855	6.139942	5.938147	6.379996	6.147521	6.436552	6.7400813	7.3431716	6.277859	6.0865707	6.277304	7.1297874	8.482626	6.4853754	6.650554	6.6285405	6.5799675	6.9047403	6.6722746	5.6074963	5.941637
TIMP2_10023	5.2558665	4.749371	5.508598	5.11647	4.938252	6.158948	5.451061	6.589337	6.339305	5.4016867	5.271771	4.9306216	5.4642334	6.0954347	4.1241193	5.5806437	5.500474	5.4975443	4.4228573	4.313784	5.645067	6.2349296	4.694086	5.346132	4.8442106	5.9162703	5.5329905	6.0841885	4.516344	5.763237	6.6122894	4.6211877	4.7467914	5.431165	4.5224137	6.308062	3.9136333	5.608475	5.418802	4.95886	5.657106	5.341044	5.0468755	5.2568727	6.010732	6.822088	5.2761664	5.8964157	4.854025	4.33762	4.4741917
TIPARP_10024	6.111249	5.737941	6.090229	6.156566	5.828562	6.700046	6.0751014	6.4441	6.630459	5.8217273	6.376931	5.68262	6.587915	6.736862	6.3782926	6.2217164	6.461627	5.82032	6.4655533	6.498258	6.6604404	6.281617	6.160065	5.766365	6.219211	6.1783156	6.586008	7.048614	6.358158	6.1898365	6.195462	6.16653	5.685573	6.1134686	5.416464	6.239254	6.403968	6.295908	6.2517314	5.7988825	6.6621733	6.791028	6.07564	5.8454027	6.4003825	7.0262012	6.5173182	6.9249396	6.2675176	6.2168536	5.7306604
TJP1_10025	6.256776	5.857317	6.481649	6.6137404	5.9691224	6.592752	6.676293	7.1769786	7.071825	5.716773	6.4772887	6.400136	6.66783	6.5372562	5.6900654	6.1823654	6.624604	6.047321	5.8112416	6.1084137	6.945556	6.58129	6.567424	6.240166	5.883329	6.6033154	6.586008	6.861105	6.145598	6.373193	6.791718	5.859426	5.938147	6.5441217	5.692846	6.9048247	5.6615276	6.4060497	6.328737	5.5186424	6.4096704	6.181288	5.9722843	5.6563377	6.982495	7.1376386	6.5973787	6.6126337	6.0519385	5.481522	5.721896
TLK2_10027	3.4538498	3.0842927	2.5348177	2.1847157	3.0976462	4.414362	3.6822586	3.7328856	4.365632	2.0617402	3.2559555	2.5936327	2.695759	3.6420867	3.5260668	3.175133	4.0408278	3.5559726	2.8473456	3.69622	4.191271	3.987655	3.6920276	3.5980654	3.5802486	3.7036133	3.4020078	4.4426293	2.7897131	3.4453578	3.1990128	3.4379745	3.8619456	3.1743853	3.3245418	3.978313	3.9136333	4.1393185	3.6822517	2.955541	3.794259	4.4227967	4.114353	3.224361	3.953726	4.12504	4.009029	3.8024087	3.619066	3.7257514	3.3226593
TLR1_10028	4.972539	3.6449819	3.8777544	3.8673456	3.4444587	5.007306	4.805422	4.8412323	5.2177176	4.4354167	5.0288405	4.2468877	5.2472773	5.084181	4.4183564	4.8300796	5.027739	4.380134	4.0968986	4.4857965	5.064556	4.97024	4.5736127	4.1209917	4.8762355	4.4627132	5.451192	6.0173087	4.756258	4.745898	4.468596	4.659131	5.173154	5.4752235	4.689292	4.044337	4.9011602	4.734754	4.91861	4.410862	4.368001	5.412049	4.767035	4.03634	4.458952	5.234024	5.4776444	5.988864	4.3648396	4.636787	3.8263953
TLR2_10029	4.457017	3.351601	4.285043	3.9797099	4.159071	5.0668364	4.9958572	5.022709	4.8155456	4.765157	4.782111	3.3719604	4.560755	5.0512457	4.2290087	4.724454	4.5537415	3.9750757	4.3805633	4.2673736	4.61382	4.3362055	3.9557486	4.2061553	4.346438	3.526701	4.4630785	5.4603233	4.358906	3.9345353	4.2273164	3.148948	4.138909	4.7236447	3.54955	4.167958	4.441957	3.5095499	5.1624966	3.3525324	4.7413044	4.4227967	4.338716	4.3405747	4.4913726	4.061858	5.01625	5.1205196	3.619066	4.6701713	3.6154559
TLR4_10030	2.8657134	1.9551042	1.9030463	2.1847157	2.9961455	2.9587402	3.1524212	3.240815	3.9386752	2.7128305	3.6975753	2.200775	3.4948025	2.2714932	3.255121	2.9436944	0.767819	1.9380654	2.574683	3.5487905	4.0778275	2.9657874	3.3690693	2.7696137	3.5003047	2.810302	3.312188	4.633352	2.185535	3.0259323	3.3987858	1.5692585	3.518869	3.0633094	2.1315236	2.7875395	3.1931324	3.7513156	2.9933162	2.228283	3.5656989	3.4885392	3.4473767	2.760871	3.3214757	3.0834928	3.5177994	3.5483809	2.79505	3.194307	2.7631934
TLR7_33092	5.5421023	4.8960004	4.4296265	4.786481	5.018098	5.3079515	5.535304	5.5812693	5.7294316	5.428523	4.9107437	4.8608956	6.214919	5.995098	5.314422	5.639946	4.716825	4.787641	5.367332	5.1029844	5.5631294	5.300044	5.5105495	5.4889297	5.6623826	5.270135	5.836643	6.0173087	5.59453	4.91313	5.778035	5.403198	5.5212975	5.919817	4.8101554	5.547202	5.4578357	5.41127	5.3951254	4.95886	5.308174	6.068594	5.365158	5.6191325	4.780875	5.4218693	6.119622	5.963049	5.7192597	5.4434123	4.6133842
TLR8_33238	6.484936	5.054298	5.0228224	5.6624675	6.084889	5.7686644	5.595408	6.742144	6.715771	6.028826	6.1697245	5.4882126	7.7087383	6.204303	5.9267683	6.8344717	6.4029365	5.128581	6.572747	5.591516	5.703604	6.124007	6.355416	6.61971	6.737957	5.153088	6.6515675	7.593098	5.680236	5.834447	6.3360543	5.357773	6.636219	8.125669	5.8278112	6.210785	6.9007034	5.7074046	7.4169893	5.2885866	6.3268538	7.4719815	6.2842245	6.5559826	6.0869675	6.379258	7.7810745	7.268401	6.077545	6.693485	5.11973
TM7SF3_32966	2.0511916	2.6274648	3.2047765	1.4715443	2.6401563	3.5654895	3.255363	2.8375075	3.5313187	2.312845	3.7896788	1.6591743	2.695759	1.7211257	1.8599678	1.5888703	2.87268	1.9380654	1.1630801	1.8148876	2.9831893	3.3631423	3.5070412	3.3209743	2.0785348	2.250642	2.4505796	3.5554237	1.751022	2.9251404	3.0876935	2.3030627	2.9579055	2.6671908	2.7303865	1.3080859	2.6284897	3.322457	3.3294005	2.8365164	3.079476	2.834815	1.7361305	2.6173096	2.321526	3.5194535	3.0959623	3.323391	2.190403	2.6418855	2.0759077
TM9SF2_10032	7.3712206	6.476538	7.3517895	7.245275	6.80084	7.474218	7.848686	7.73539	7.6176286	7.0612564	7.5957627	6.94611	7.645994	7.364993	7.2930326	7.4123826	7.3328347	6.9662213	7.1079826	7.0643816	7.6582336	7.540528	7.3419757	7.086411	7.3125677	7.13784	7.771987	7.687534	7.3014545	7.3155246	7.4046273	7.4710336	6.9190154	7.6750584	6.8436565	6.9742174	7.650664	7.4034324	7.3932834	6.703229	7.435447	7.7113123	6.974187	6.896382	7.3788786	7.664407	7.620037	8.1567545	7.008113	7.038418	6.7125945
TM9SF3_10033	1.3630255	1.1049913	2.145686	2.361048	2.1664994	2.6824741	1.5718547	3.6469922	2.0063746	1.3715297	1.4386133	2.410535	2.695759	2.8329227	0.72900796	2.6678994	2.1742368	2.1369452	1.1630801	1.8148876	2.8513174	0.69538784	2.952313	1.3713186	1.8395665	2.957191	2.0670378	3.3533397	2.3618937	2.9251404	1.8983116	0.7275637	1.5091133	1.8781195	1.9328802	2.440523	1.986288	2.547975	2.1639853	2.955541	2.133485	1.6063654	1.968738	2.8914306	2.806924	1.3192296	0.66064256	2.305077	0.67270136	1.7353235	0.9744036
TMA16_10034	2.6417313	1.7233189	2.840976	3.5409095	3.0976462	3.1905103	3.4415276	2.8375075	3.86589	3.1598291	2.8046954	1.955242	3.2045193	2.8329227	2.6461606	2.8123772	3.1259208	2.1369452	2.238191	3.1992087	2.3630009	3.2735868	3.3690693	2.877406	1.1950403	2.6467445	1.1865652	4.1621737	2.5190232	3.208571	2.5294693	3.0381281	2.7090814	2.811656	1.7024508	3.0670605	1.986288	1.914702	3.1142545	2.228283	2.5217707	2.3475738	1.7361305	2.0738304	2.169534	2.6400769	1.7325498	2.7293007	3.124777	3.194307	1.8370861
TMCO1_10035	7.7988663	7.212617	7.661005	7.5975776	7.4113617	7.6978064	8.11479	7.9612703	8.078583	7.673792	8.167548	7.3412504	7.718154	8.360611	7.6311746	7.7937336	7.8808064	7.3734517	7.329807	7.6389275	8.05659	7.85802	7.836687	7.556691	7.682206	7.6014724	7.8094006	8.224566	7.9487224	7.6316476	7.9691887	7.528535	7.401032	8.139425	7.3416224	7.629816	7.9169283	7.9796257	7.8932576	7.3771663	7.94412	8.159438	7.687646	7.6805906	7.912389	8.306127	7.8875213	8.207108	7.591558	7.5895	7.3438344
TMED10_10036	2.0511916	1.1049913	1.6111797	2.6598237	2.498873	2.82721	3.3514462	2.8375075	2.0063746	2.5266557	2.9712968	2.5936327	2.695759	3.6420867	2.921244	1.8787316	3.341277	2.7363515	2.4162252	2.8670673	2.1549919	1.7979587	3.1336944	2.6531126	1.1950403	2.250642	2.0670378	3.240585	2.3618937	2.9251404	1.8983116	2.097342	2.4082093	3.1743853	2.602338	3.0670605	1.687787	3.2189481	1.6270963	0.6909027	3.2939854	2.834815	2.8897388	2.0738304	2.906455	2.4557507	2.7672026	2.7293007	1.1296852	2.1681004	2.3732097
TMEM109_10038	2.222978	3.0842927	0.752753	1.750284	1.4566294	3.0792744	1.8601638	2.2757223	2.4663844	2.7128305	2.3995826	0.0	2.3531	1.7211257	2.4860687	2.326616	2.1742368	1.0927255	2.035052	2.4348454	3.3189702	2.5739944	1.620029	1.8659643	0.0	1.7028205	0.7119802	3.240585	1.126302	1.6773919	2.967061	0.0	1.5091133	2.1193378	0.6449023	3.0670605	2.6284897	2.547975	1.920373	1.5073531	2.6826673	2.1401448	0.6625256	1.8351252	2.99956	2.2443757	0.66064256	1.7015651	2.190403	1.4579389	1.7010021
TMEM176A_32932	8.286805	7.2070084	7.8655276	7.0912046	7.309261	7.6883607	8.011955	8.578056	8.7235775	7.99879	7.676392	7.3791537	9.098584	8.357246	7.9478097	8.249012	7.8415675	7.3734517	8.28289	7.79839	7.6131372	8.470177	7.8881106	8.300305	8.487196	7.8378935	8.383975	9.165369	7.415812	8.009403	8.853854	7.815687	8.033153	8.683311	7.9067736	7.942733	8.21177	8.236416	8.53425	7.58068	8.3586855	8.459557	7.6794653	8.401106	8.548321	8.467188	8.943527	8.848875	7.8135166	8.65825	7.526049
TMEM176B_33294	11.305938	10.776381	10.9862795	11.057841	11.049974	11.173933	11.4327135	11.340453	11.618361	10.997771	11.343966	10.901308	11.581396	11.635487	11.119797	11.265403	11.475537	10.704766	11.246816	11.283598	11.594337	11.195449	11.285284	11.043898	11.341079	11.113593	11.320974	11.68803	11.1712055	11.096813	11.491249	10.784016	10.891995	11.604464	10.720578	10.932154	11.142828	11.050541	11.168847	10.756753	11.33794	11.592787	10.981385	10.976085	11.281137	11.401573	11.437281	11.734217	10.949838	11.074025	10.651703
TMEM38A_33190	2.8657134	2.3301039	3.0934007	2.1847157	3.2814488	3.3901486	3.3514462	3.6469922	2.814638	2.7128305	2.9712968	1.6591743	2.695759	2.9801729	2.6461606	2.326616	3.1259208	2.467557	2.4162252	2.593747	3.5911667	3.674356	2.7448034	1.8659643	2.0785348	2.462245	2.7532747	4.390731	2.3618937	3.5840557	1.8983116	3.2518594	3.1700616	2.1193378	2.461808	3.405289	3.9136333	3.1074347	2.8613043	1.7895929	2.9589396	2.6899478	3.100484	2.2785902	2.99956	3.0834928	3.7220852	3.477213	3.0230174	1.9678794	3.0135357
TMEM43_32474	3.763191	4.44079	5.27334	4.817053	4.9919705	5.4263177	5.0824094	5.3010025	5.9031687	5.4016867	5.5070224	5.029272	5.221027	5.810609	4.9655514	4.303241	5.4316773	4.4932985	5.3233533	4.9931965	5.383815	4.8201823	5.408584	4.8859277	5.082471	4.9575233	4.9830594	6.0173087	4.8180656	5.262071	5.412729	4.54217	4.932704	4.989752	4.5224137	5.215878	4.9011602	4.771802	5.1902757	4.3685856	5.4931636	5.585902	4.9684715	4.772004	5.918369	5.834782	5.3396177	5.9234395	5.2186785	4.457192	4.410165
TMEM5_10045	4.1082306	3.5770385	4.9607077	4.723322	4.0108175	4.846756	5.5147	4.633599	5.2466736	4.487393	4.7365522	3.802208	4.7562222	5.1163807	4.5044594	4.9598656	5.058486	3.5559726	4.1482205	4.778334	4.653956	4.652685	4.4421554	4.6928782	4.518643	5.153088	5.0950236	5.355927	5.3653245	4.716039	4.4234605	4.659131	3.8619456	4.989752	4.449854	4.335545	5.1621056	5.007489	4.742178	2.7067823	4.503455	4.985162	4.1621037	4.962284	4.671942	4.8411465	4.2034826	4.656197	4.405847	4.765924	3.9813085
TMEM50A_10046	10.135232	9.330514	9.976238	9.822291	9.6564865	10.064319	10.284471	10.122216	10.621587	10.068933	10.314796	9.90152	10.23071	10.69377	10.159534	9.939051	10.446925	9.621513	10.134235	10.346894	10.490263	10.2191105	10.334753	9.983695	9.886021	10.044066	10.302712	10.607301	10.121012	10.053752	10.169218	10.1026745	9.672171	10.3076515	9.591497	9.75578	10.318488	9.758298	10.014457	9.619635	10.352397	10.158233	9.602435	9.580502	10.228316	10.334797	9.831453	10.506257	9.563459	9.526925	9.468053
TMEM97_10047	3.763191	3.1790063	3.8777544	3.6123734	2.6401563	3.9284973	3.0415661	3.7328856	3.789237	3.689954	3.7896788	3.2680495	3.2045193	3.5507815	3.4412823	3.0640497	3.341277	3.9221573	2.8473456	4.313784	4.3944616	3.5271246	3.9067206	2.877406	3.12715	3.7845476	3.6421144	4.4426293	4.0337577	2.9251404	3.0876935	2.9180818	3.2654822	4.0344577	3.6173768	3.0670605	3.409666	3.5095499	3.5165868	2.0255485	3.2939854	1.8978021	3.5224726	3.224361	4.584481	4.4551363	1.9649282	3.8594944	3.3929877	3.0994654	3.5770936
TMSB10_32772	12.765577	12.302984	12.786287	12.432856	12.329891	12.8686905	13.122456	12.968573	13.126946	12.752889	13.030148	12.381473	12.483783	13.361295	12.715088	12.704779	12.850638	12.58003	12.68918	12.774446	13.018321	12.5778265	12.543002	12.147137	12.636764	13.001675	12.928177	12.991912	12.805948	12.801608	12.700455	12.873031	12.145719	12.683689	12.407313	12.418896	13.008473	12.75785	12.770313	11.790011	12.906961	12.6841545	12.653704	12.032102	13.317899	13.204953	12.761614	13.382433	12.232675	12.373395	12.827042
TNF_10048	2.222978	2.9829214	3.4046404	2.788815	2.8869598	3.2937799	3.6822586	2.6734118	4.1372924	3.5983813	2.8046954	3.03466	3.093146	3.3487625	3.822728	3.3745255	2.87268	3.4098673	1.7985483	3.2948601	3.5060158	2.846633	2.952313	1.8659643	2.6224735	4.360822	2.271517	3.3533397	3.3033986	2.9251404	2.6905363	3.67865	1.157626	1.5883089	1.9328802	3.188829	2.7916732	3.4190342	3.1142545	3.5163915	2.9589396	2.5288935	2.9989562	1.8351252	2.99956	2.8034983	2.1650176	2.9556122	3.547572	1.9678794	2.9549038
TNFAIP3_32414	3.9212615	4.0970764	4.474771	4.723322	4.1113257	5.4034085	4.9351296	5.3288536	4.7763667	4.5375614	4.4280906	4.670239	4.895519	5.238442	4.068669	4.0929766	4.6375866	3.9221573	4.292064	4.778334	5.2062554	5.0261497	4.8317766	4.286571	4.0975184	5.153088	4.621049	5.272352	3.9806933	5.0390563	4.8215914	4.801648	3.594322	4.609673	3.1523242	4.745896	3.409666	4.349968	4.255792	4.185883	4.8126054	4.7125773	3.7889702	3.7222598	4.780875	4.9843264	4.0601544	5.211035	4.279152	3.660804	3.4554782
TNFRSF17_33028	1.8561494	0.6557987	0.0	1.750284	1.7338829	2.1333084	0.0	1.7248423	2.2546368	2.5266557	0.8916533	2.200775	0.7526357	2.4838471	1.2110108	2.1199853	1.6360242	0.6474369	1.7985483	1.1757872	0.75764817	2.0344265	2.210754	2.0614784	1.5530008	0.0	0.7119802	5.409069	2.185535	3.0259323	0.75012773	0.7275637	3.1700616	2.325943	1.0890009	1.6844561	1.986288	1.2540979	2.715985	2.0255485	1.2357911	2.5288935	0.0	1.5489385	1.999623	2.4557507	3.2797384	2.8468895	3.6871839	1.1142143	1.193102
TNFRSF1A_32996	3.2304003	2.486432	2.145686	2.361048	2.3422368	3.6457665	2.7904801	3.8907034	3.7082813	3.5005994	3.2559555	2.5936327	4.0060377	3.4533052	2.6461606	2.5073261	3.2376134	2.7363515	3.3638895	3.6243875	3.1040103	3.2735868	3.803364	3.466162	3.2298694	4.360822	3.8479037	3.1182652	1.9845754	3.0259323	3.3023546	2.6430998	2.9579055	3.548908	2.7303865	3.5024447	2.23349	3.7513156	3.601796	2.7067823	3.5656989	3.4885392	3.1953344	2.0738304	2.99956	1.3192296	3.1907747	3.5483809	3.0230174	1.9678794	1.961433
TNFRSF21_10050	2.6417313	2.486432	1.6111797	1.750284	2.1664994	2.82721	2.1003423	2.8375075	1.3270301	1.7575232	2.9712968	1.2862334	2.9724503	1.7211257	2.3059688	2.5073261	2.727169	1.0927255	0.6957044	2.0523822	2.1549919	0.69538784	1.620029	2.0614784	2.7661297	2.002579	2.6098514	4.2809734	3.0175493	1.6773919	2.835414	2.4830763	2.2304184	2.942963	1.4280888	2.2296865	0.7995354	2.8546557	2.1639853	1.156129	2.3406515	2.5288935	1.7361305	1.8351252	2.906455	2.4557507	3.2797384	3.6809788	1.9892389	2.6418855	1.550732
TNIP1_10051	7.3666463	6.651904	7.2121425	7.140387	6.837983	8.013624	7.6266513	8.030748	8.126106	7.297958	7.168274	7.135184	7.9152145	7.849834	6.998842	7.2505794	7.5212107	7.0238686	6.9288044	6.7468386	7.9518175	7.7249823	7.4782515	7.225501	7.2282286	7.466943	7.5194993	7.859667	7.268626	7.6033835	7.4503465	7.2276235	7.0386496	7.592456	6.985162	7.7285075	7.3104777	7.6169925	7.2879467	6.9667907	7.336104	7.403935	7.1620455	6.979467	7.7375917	8.236306	7.9328027	8.370672	7.2183905	7.137222	6.676761
TNNC2_32753	1.8561494	2.75593	3.8777544	1.4715443	2.498873	2.6824741	3.255363	3.1184926	2.0063746	3.7760599	2.8046954	3.3719604	2.534579	3.2360482	1.8599678	1.2257426	2.1742368	1.9380654	3.3638895	2.4348454	3.5060158	1.1626221	2.628664	2.0614784	2.896768	3.526701	0.0	3.8137126	2.6607075	2.2771995	2.835414	2.3030627	2.4082093	2.506633	2.7303865	2.9340591	2.7916732	1.2540979	3.2258344	0.0	2.6826673	1.2407571	1.4586725	2.760871	2.4590204	3.2054403	2.994478	2.4607615	1.7554088	2.6418855	1.7010021
TNNT1_33317	4.457017	4.7799134	5.298669	4.657271	4.732725	5.095705	5.0252886	5.3010025	5.3028984	5.134637	5.47963	4.96426	5.6527877	5.687413	5.1098804	5.1072254	5.3839197	4.8456287	5.157925	5.253432	5.122916	4.788203	5.526864	5.288715	5.4232135	4.511081	5.2958355	5.835142	4.8180656	4.989997	5.4356413	4.7321486	5.2215505	6.04203	5.07428	4.664262	5.5519314	5.288818	5.8603864	4.987078	5.8558497	5.4349613	5.755941	5.0487723	5.3918266	5.4468136	6.032703	6.02674	5.3714104	5.5901594	5.452005
TNNT3_33197	2.515188	2.486432	3.4046404	2.1847157	2.498873	3.5654895	2.1003423	2.6734118	2.814638	2.7128305	3.7896788	2.410535	1.9028349	4.157383	1.8599678	2.326616	2.87268	2.7363515	0.6957044	3.1992087	2.5447638	2.5739944	2.8522859	2.0614784	2.6224735	2.250642	2.271517	3.4579172	1.126302	3.2918935	2.6905363	2.9180818	2.9579055	3.373766	2.8479903	2.7875395	3.1931324	3.322457	4.1465945	1.156129	3.7220223	2.6899478	3.2843316	3.224361	3.1694782	4.061858	3.0959623	3.477213	3.2198298	2.5005684	1.550732
TOMM34_10055	7.4768605	6.6352963	7.122787	7.256472	7.1470647	7.8747873	7.936507	8.017974	8.137746	7.2611074	7.8839126	7.228113	7.7957954	7.80114	7.3347626	7.2120185	7.7456336	7.061059	7.007342	7.3636174	7.8257184	7.583086	7.6886516	7.515573	7.306704	7.650879	7.534472	7.974299	7.1889906	7.5703893	7.669145	6.987791	7.130228	7.6073804	7.029405	7.464825	7.5344553	7.516891	8.03021	6.84873	7.1490445	7.5156255	7.185342	7.10588	7.6683846	8.246997	7.4241767	8.754211	7.3291306	7.1957054	7.4080753
TOMM70A_10058	7.2621636	6.1422915	7.1784267	6.738769	7.086621	7.0416245	6.961542	7.2661076	7.4347086	7.0612564	7.3532104	6.8859496	7.327097	7.4869986	7.1863594	6.900626	7.3010454	6.595723	6.600651	7.023078	7.0842004	6.860385	6.9466715	6.356505	7.0710816	6.9400477	7.130263	7.265852	6.7946444	6.6664867	7.178811	7.1023936	6.4758854	7.103012	6.3898096	7.048491	7.5344553	7.2345724	6.9969196	6.442961	6.4879904	7.184894	6.447281	6.6512084	7.021869	7.182883	6.8794374	7.052822	6.5218425	6.4461412	6.43006
TOP2A_10059	5.1533713	4.8960004	4.7926054	5.425103	4.492976	4.913135	4.5859704	5.815846	5.62303	4.9616933	5.3645425	5.2634673	4.8275514	3.885732	4.6626306	4.8300796	4.897746	4.981153	3.808712	4.219421	5.383815	5.6770825	5.426087	5.950413	5.0264926	5.0586166	5.0118756	4.0988913	4.8773336	5.241258	4.786373	4.1206846	5.4003725	4.0344577	4.72047	5.547202	3.5068517	5.480044	4.4055	5.682912	4.5871716	4.328058	3.5938523	4.3405747	5.1694365	4.8030157	3.843792	4.115274	4.234321	3.9047008	4.51535
TOPBP1_10060	4.3498583	3.351601	3.4046404	3.302455	2.6401563	3.9912984	2.3061843	4.33714	4.5159154	4.206481	4.0352206	3.3719604	3.8774855	2.9801729	3.4412823	4.303241	3.9778814	4.1692424	1.7985483	3.469012	4.244814	4.8201823	3.803364	4.96136	3.5802486	2.6467445	3.8479037	4.1621737	3.5418694	3.8817208	2.5294693	1.5692585	4.644004	3.373766	2.7303865	4.2260103	3.3054578	2.9865744	2.8613043	4.325033	2.5217707	3.1983922	2.168997	3.224361	3.857513	4.12504	2.994478	3.239858	3.4723492	3.660804	3.1241014
Topbp1_34126	5.9493785	5.1034265	5.5301437	5.7442827	5.4414	5.953499	4.9658127	6.29676	5.9212418	5.6269403	5.755653	5.6622686	5.747786	5.995098	5.2903852	5.639946	6.1833825	5.46091	5.026952	5.180168	6.102065	6.281617	5.605781	5.925515	5.5477486	5.986377	5.945206	7.308433	5.663497	5.399914	5.341723	5.380664	5.923593	5.4533625	4.4121585	5.97722	5.528977	5.668643	5.5744724	5.7666883	5.838872	5.7773514	4.9137297	4.9916935	6.1184454	6.0935974	5.6036115	5.8964157	5.702899	5.167644	5.504052
TOPORS_33193	5.605592	5.407187	6.215204	5.8662405	5.3414774	5.9376407	6.1571565	6.1945033	6.59712	5.3180447	6.203604	5.7224817	6.254282	6.5840607	6.0464125	5.29111	6.3665404	5.7612853	5.182751	5.8015084	6.087485	5.9898496	6.0514827	5.454533	5.945024	5.8981977	6.191795	6.506147	6.1089764	6.0651145	5.848026	5.9386935	5.769353	5.8545957	5.098216	5.9430127	5.9477673	5.7999835	5.676204	5.6302066	5.9378657	6.2983623	5.5197787	5.304524	6.284906	6.4549828	5.953791	6.1914277	5.5095096	5.4434123	4.8408875
TOR1A_10061	5.351561	4.4020452	5.0823727	5.091677	5.2341156	5.786481	5.671839	5.6042423	6.284508	5.2890506	5.822592	4.7876277	5.691541	5.977675	5.4067554	5.5187993	5.6492867	5.081093	5.080776	5.4111657	5.8489995	5.9029264	5.4433794	5.3831778	5.567498	5.2417517	5.572214	6.3787317	5.0417943	5.399914	5.5022736	5.262392	5.245154	5.6196246	4.689292	5.547202	5.528977	5.434561	5.595401	4.95886	5.3566923	5.79517	4.88556	4.962284	5.6433635	5.815758	5.5509663	6.6291428	5.047842	4.602612	4.888658
TP53_10062	6.3243804	5.828386	7.019935	6.8973904	6.434437	7.365812	7.0572557	7.39685	7.3769484	6.8392353	7.1069365	6.7479105	7.1849465	7.3242183	6.76593	6.5654917	7.412351	6.604147	6.098971	6.5573173	7.4403133	7.0065207	7.1604376	6.0108414	6.702671	7.0668073	6.3914003	7.3497934	6.7237515	7.101256	6.661713	6.3973193	6.9116597	6.491461	6.0770025	7.2154145	6.171765	6.7595744	6.341181	6.615568	6.6908417	7.087031	6.050487	6.6512084	7.1942577	7.565379	6.721668	7.562905	6.425423	6.5028296	6.375221
TP53BP1_10063	2.3764687	2.3301039	0.752753	2.1847157	2.1664994	2.6824741	2.486291	3.458151	3.86589	2.312845	0.8916533	2.410535	2.534579	2.4838471	2.7902486	2.5073261	1.9300845	2.7363515	2.238191	2.9864812	2.1549919	2.0344265	2.0393906	2.977701	1.8395665	2.250642	3.312188	3.963337	1.126302	3.3706653	2.835414	1.2089423	2.0275967	3.463993	1.7024508	1.6844561	2.23349	2.547975	2.5543716	1.156129	1.6005821	2.834815	2.168997	1.1915702	2.4590204	2.2443757	2.8853111	3.239858	2.524174	1.4579389	2.6195898
TP53BP2_10064	3.8178284	2.1547542	4.1799192	3.9797099	3.3652549	3.3901486	4.545916	4.1624165	3.6225116	3.5005994	3.6975753	2.5936327	3.2045193	4.0941133	3.4412823	4.035247	3.8430977	3.5559726	3.3638895	3.5487905	4.530035	3.447462	3.9557486	3.2425063	2.6224735	3.7845476	3.8479037	4.336896	3.2142637	3.3706653	4.0604506	4.4148836	2.7090814	3.0633094	2.7303865	3.978313	2.7916732	3.8925655	4.202226	3.3525324	3.9915128	3.87108	3.9608154	3.224361	4.2849255	3.777187	3.9009998	4.161406	2.9135318	3.2832968	2.6931777
TPD52L2_10067	7.551305	6.894515	7.1987505	7.332509	7.205077	7.347925	7.5975556	7.7865005	7.784888	7.1844563	7.74702	7.2211733	7.157526	7.660814	7.2312427	7.446001	7.823779	7.1897655	6.9434056	7.2900777	7.8301044	7.660202	7.3327255	7.3892417	7.2949057	7.3320913	7.534472	7.363321	7.285134	7.2597017	7.2255764	7.3252535	7.0520935	7.184891	6.829427	7.08816	7.3037314	7.4384165	7.1743093	6.930924	7.570137	7.3507075	6.974187	6.791593	7.5882144	7.565379	7.13924	7.8712125	7.381468	7.3935585	7.118635
TPM2_32337	6.5509343	6.4387536	7.0275297	6.467233	6.4149036	7.141914	6.9842	7.122325	7.7650104	7.111806	6.491072	6.6165648	6.677515	7.2751436	6.4985676	6.7382526	6.895455	6.6125216	6.806348	7.023078	7.1558313	6.920627	6.9466715	6.73883	6.5017753	7.448433	7.231739	6.9534388	6.477877	7.1744423	6.7281795	6.192637	6.3725147	6.2965074	6.409075	6.620945	6.186509	6.8049617	6.1279206	6.694699	7.183076	6.0087643	6.427879	5.521692	7.408891	6.9144	5.884565	6.5094023	5.813707	6.099226	6.4461136
TRAF6_10072	2.222978	2.75593	1.9030463	2.361048	1.7338829	3.0792744	3.255363	2.6734118	2.2546368	2.5266557	2.616312	1.955242	3.093146	2.9801729	2.7902486	1.5888703	3.5286222	3.158557	1.1630801	1.1757872	2.5447638	3.075847	2.8522859	3.3209743	3.016553	2.462245	1.8287144	4.336896	3.3033986	3.1201398	3.3023546	1.5692585	2.8388512	2.942963	2.8479903	3.188829	2.4444666	1.6218852	2.5543716	1.7895929	1.2357911	2.834815	1.4586725	2.4578679	3.9064214	3.9265325	3.4427273	3.1511896	2.3669193	3.0994654	1.961433
TRAK2_10073	6.0780587	6.0068293	6.4926653	6.87577	6.56423	6.996413	4.9958572	7.048869	6.705379	6.3143096	6.316285	6.8859496	6.577607	4.7968874	5.5753856	6.710858	6.3292027	6.254158	5.4917545	5.3456655	6.8011217	6.9425845	6.724207	6.8554664	6.5120034	5.9517493	5.2958355	5.7957764	6.368523	6.544372	6.5295115	5.510872	6.6539617	5.3387933	5.708481	7.208232	5.5056505	6.204022	4.9835544	6.817641	5.921831	6.0976033	5.444539	6.505904	6.07632	5.99557	4.9635158	5.188933	5.944709	5.624627	4.9196486
TRAP1_10074	5.5741963	4.4785223	4.9607077	5.279024	5.2341156	5.7323575	5.2160363	5.5812693	5.9031687	5.3180447	5.137997	5.180035	5.691541	5.6658173	4.4183564	5.386539	5.9895873	5.128581	4.617513	4.9643927	5.866185	5.857419	5.9939647	5.505825	4.907565	5.479094	5.3866477	5.5810175	4.6582794	5.132438	5.215015	4.801648	5.0445433	5.4967585	4.72047	5.547202	5.220581	5.668643	5.2963333	5.265733	5.8043046	5.2916884	4.5687127	4.0917125	5.7409735	5.632215	5.2761664	6.1576858	5.021698	4.765924	5.023155
TRAPPC3_10075	4.5885363	4.235737	4.862214	4.6906743	4.6006374	4.704067	5.4937973	4.761728	5.0306005	4.5375614	5.1726213	4.3005457	5.1942897	5.267409	4.5857115	5.215153	4.5537415	4.4932985	3.7434611	4.6394672	5.064556	4.6167192	4.3716435	3.9830067	4.9682536	4.511081	5.27221	5.0561676	4.624083	4.8865695	4.2789087	4.6961017	4.3711686	4.759719	4.06882	4.107471	4.7505484	4.69673	4.541123	4.4519343	4.4597015	5.1876035	4.253111	3.8562014	4.4913726	4.9843264	4.9087806	5.0487003	4.234321	4.8844457	4.0942764
TRAPPC6A_10076	5.423794	5.3058863	5.8543806	5.7282867	5.5881424	5.695113	6.1571565	5.7555585	5.9390917	5.95691	5.865552	5.817568	4.99182	6.1892443	5.5951433	5.659184	6.238128	5.2623305	5.4717484	6.0410414	6.366434	6.045018	6.062716	5.078927	5.8990016	5.573221	5.451192	5.6488667	5.9104743	5.733739	5.3657823	5.843036	5.4418173	5.750878	5.255493	5.326156	5.964973	5.182775	5.1902757	4.987078	5.8043046	6.0831714	5.4250994	5.1303673	6.108029	6.379258	5.439537	6.256633	5.7354364	5.7391644	5.621801
TRIAP1_32347	5.5257835	5.706487	5.984942	5.6624675	5.639539	6.302066	5.9425435	6.3922462	6.339305	5.993316	6.152481	5.641626	5.8878613	6.174027	5.7617483	5.4319863	6.197265	5.9045763	5.6778936	5.7003293	6.2534184	6.0850534	5.9821806	5.4889297	5.734039	6.0694757	5.787493	6.456523	5.9931803	5.9543858	6.0094495	5.7405834	5.559454	5.750878	5.4540486	5.890132	5.894883	5.566922	5.8945603	5.355054	6.0453777	5.864321	5.4826493	5.9084415	6.1694293	6.214729	5.7034664	6.339227	5.702899	6.086918	5.235095
TRIB1_10078	5.0430336	4.515292	5.2213078	5.0146356	4.8537273	5.332414	5.2160363	5.2726026	5.828522	4.99798	5.6612782	4.7876277	5.486443	5.3509765	5.0250263	5.0500746	5.5873795	4.7577496	4.617513	5.0763106	5.7226005	4.652685	4.7507486	4.325158	4.299972	5.270135	5.0950236	5.409069	4.8773336	4.8865695	5.0466332	4.6211877	4.5711703	5.5594993	4.5224137	5.4286	4.340139	4.734754	5.1052804	4.7441783	4.6662955	5.2143373	3.7268174	4.8055115	5.1287947	6.2434864	4.9364076	5.507401	4.405847	5.1440763	4.2729
TRIM13_10080	3.4538498	4.44079	4.06653	3.386396	3.3652549	4.414362	3.754334	4.492971	4.46754	3.7760599	4.2449875	3.03466	4.3345904	4.0279417	4.278726	3.5496771	4.716825	4.0261216	3.274329	4.219421	4.0778275	3.7426953	4.003165	4.2061553	3.5003047	4.4126673	4.136628	6.1942496	4.1343675	4.1283503	4.000245	4.0652423	3.7995486	4.1476912	4.333677	3.5934687	3.9828393	4.3981524	4.4055	3.7318203	4.913356	5.1876035	4.496046	4.3405747	4.2474513	4.3532715	4.5988097	5.507401	4.234321	4.494944	3.5376832
TRIM59_10085	6.8354354	7.2182035	7.1085353	7.5664253	6.723556	7.3053064	6.6576195	7.7405834	7.440986	7.1282697	7.5504055	7.3729053	7.5278263	6.6841288	7.133294	7.5003476	7.2419972	7.1268473	6.6098332	6.4155526	7.024219	7.6198897	7.2016706	7.523891	7.1712856	6.4992547	7.0970297	7.5873456	7.1889906	6.9362454	7.2898593	7.0462303	7.711754	7.00873	7.047959	7.7778597	7.3037314	7.2673707	6.907704	7.165068	7.011869	7.5631967	6.3680553	6.864942	6.982495	6.5729756	6.279171	7.009341	6.7618694	6.6185083	6.6400156
TRMT6_10088	4.457017	3.430726	3.9434626	3.8077013	3.0976462	4.3196507	4.124374	4.8020277	4.736094	4.325485	4.2449875	3.5597103	3.808642	5.1478777	2.7902486	4.397897	4.5537415	3.6886325	3.7434611	3.5487905	4.2964406	4.0429063	3.5070412	3.659754	4.2022934	3.7845476	3.2164025	4.4426293	3.9256022	3.710581	4.1182437	3.5227396	3.9217556	4.092185	3.4035087	3.8364446	3.5979016	3.6751416	4.202226	3.5918324	3.3903556	3.8022594	3.5224726	2.760871	4.80687	4.185571	4.33385	4.448634	3.3929877	3.5927947	3.8903701
TRPC6_10091	3.4538498	0.0	1.2448933	2.6598237	2.3422368	3.0792744	1.5718547	3.240815	2.4663844	1.7575232	2.616312	1.955242	3.2045193	3.1137757	2.7902486	3.846752	2.5653183	2.467557	2.574683	2.8670673	3.5911667	2.0344265	3.0458522	3.3953938	3.12715	2.6467445	3.003343	2.9846053	2.5190232	2.5720668	2.1406834	2.3030627	4.188449	2.6671908	2.461808	2.6244397	1.3109689	3.322457	1.2585819	2.7067823	3.7220223	2.834815	1.968738	2.760871	2.99956	3.2054403	1.9649282	3.0567124	3.309005	1.4579389	0.40229607
TSEN2_10093	2.8657134	1.7233189	2.9727023	1.4715443	2.498873	3.0792744	3.5263135	2.0264177	3.0949595	0.8429578	2.8046954	3.03466	2.695759	2.668917	2.7902486	2.326616	2.382989	3.158557	3.1788383	3.2948601	4.0778275	2.7167444	2.952313	2.3874133	2.2834883	2.462245	3.312188	2.9846053	2.185535	3.2918935	2.967061	2.7871325	2.2304184	3.6291015	1.9328802	2.7875395	1.3109689	3.1074347	2.9933162	2.228283	2.8274064	3.087079	1.968738	2.2785902	2.99956	3.8537915	2.8853111	3.742971	2.524174	1.4579389	2.280753
TSKU_10094	2.7580647	2.8738854	3.4950655	3.6804638	3.590906	3.9912984	0.0	3.8907034	4.0740767	4.007263	3.5991883	2.756088	2.695759	2.8329227	2.921244	4.035247	3.2376134	3.9221573	1.1630801	2.4348454	3.5060158	4.755498	4.093564	3.8830926	2.896768	3.6178672	3.4020078	3.3533397	2.5190232	4.258335	3.1990128	2.9180818	3.594322	2.1193378	2.461808	3.9091218	1.986288	1.6218852	2.372343	3.7318203	2.3406515	3.087079	2.3448164	2.6173096	3.953726	1.9966261	2.3407063	3.1511896	2.190403	1.1142143	3.176361
TSPAN3_10095	8.1470995	7.5008636	8.193831	8.08904	7.8716183	8.393756	8.593826	8.5634775	8.858662	8.106581	8.378757	7.691837	8.426764	8.73966	7.9592896	8.177431	8.480854	7.678761	8.049748	8.112473	8.418788	8.287794	8.246867	7.9939632	8.0898075	8.380638	8.528085	8.600823	8.210207	8.084354	8.197477	8.229123	7.825723	8.393019	7.429152	8.214143	8.193639	8.410956	8.133982	7.670421	8.370547	8.206802	7.878395	7.508157	8.501336	8.77112	8.254235	8.479379	7.8173213	7.8950047	7.5852337
TSPAN4_32769	3.5212522	0.6557987	2.9727023	3.386396	2.6401563	2.82721	2.7904801	3.555659	3.3295743	1.7575232	3.1206355	2.200775	4.3827486	3.885732	3.3512022	3.4647577	3.341277	3.4098673	3.0765762	3.6243875	3.21549	3.5271246	3.6329622	2.977701	3.4156697	2.250642	2.8837204	4.1621737	2.185535	3.208571	3.654551	2.7871325	2.8388512	3.7772398	2.7303865	3.0670605	2.23349	4.3981524	2.715985	2.7067823	4.109465	3.999592	3.1953344	2.760871	3.754422	2.2443757	4.009029	3.5483809	2.6659598	3.5214198	2.4600961
TSPAN6_10096	3.3831434	3.0842927	3.4046404	3.6123734	1.7338829	3.6457665	3.0415661	3.3535717	2.4663844	1.7575232	3.2559555	2.200775	2.534579	3.5507815	2.1001348	3.5496771	3.1259208	3.158557	2.8473456	3.469012	3.21549	2.2375386	2.628664	2.7696137	3.3257585	2.462245	3.9704094	3.1182652	3.0175493	2.6996026	3.7306347	3.4379745	2.2304184	3.1743853	2.602338	2.440523	3.3054578	3.322457	3.2258344	3.167649	1.6005821	3.4885392	2.3448164	2.4578679	3.3918626	3.0834928	2.4973037	1.9319366	1.9892389	2.3438904	2.3732097
TSPAN8_33212	7.5021043	7.6238184	7.4623904	7.8100667	7.3406568	7.3598742	5.762014	7.5466795	6.945062	7.429987	7.2188497	7.661398	7.5224624	6.3869777	7.1863594	7.7085795	7.1943393	7.4641676	7.2731376	6.7967095	7.5184827	7.351043	7.3140454	8.029449	7.8244157	6.5694556	7.1691575	7.2293816	7.400741	7.3005133	7.192328	7.271152	8.1565275	6.5127563	7.1545343	7.801917	6.7300525	7.13856	6.97313	7.709052	7.1282334	7.6042047	7.0137663	7.5969486	6.5540915	6.584261	6.7761974	6.553316	7.3130517	7.0824795	6.6539054
TSR1_10097	7.6895747	6.6014957	7.434097	7.2508845	7.098914	7.7486796	7.750773	7.938854	7.9302993	7.4757366	7.5438075	7.019946	7.4508524	7.9736457	7.3170257	7.42929	7.805769	7.0238686	7.378973	7.3188076	7.7765737	7.70799	7.881782	7.1788564	7.335786	7.423378	7.639766	7.95209	7.6291156	7.574555	7.258076	7.693026	7.1615753	7.2241516	7.060197	7.2154145	7.733318	7.647213	7.381283	6.7451396	7.645301	7.40973	7.1142926	6.6138687	7.7643714	7.6855197	7.5942526	7.9652376	7.1415653	7.0886655	7.0397253
TST_33151	5.441301	4.749371	5.441959	5.679206	5.068974	6.0302753	5.5556183	6.1326427	6.284508	5.4548697	5.7783127	4.9971323	5.6722946	5.868474	5.38422	5.600683	5.8024545	5.3847256	5.157925	5.4111657	5.965211	5.641727	5.8587227	5.288715	5.401371	5.7244716	5.6476	5.509819	5.06747	5.733739	5.848026	5.357773	4.873356	5.5179768	4.838853	5.6355286	5.276778	5.7074046	5.21753	5.459449	5.6178336	5.4575152	4.9684715	4.8382587	6.054787	6.257653	5.7663927	5.659805	4.995071	5.0457573	5.0373535
TSTA3_10098	5.388129	4.749371	5.298669	5.066451	5.165642	5.637379	6.017685	5.3829937	5.5552063	5.6948338	5.7326317	4.8961797	4.9283385	5.6658173	5.1637983	5.363267	5.2303596	5.6021767	5.4100094	5.6649623	5.541897	5.6237187	5.590339	4.859881	5.567498	5.823556	5.27221	5.089106	5.5221004	5.6254697	5.1049714	5.551788	4.7794886	5.078117	4.5224137	4.823157	5.7031364	5.457482	5.465019	4.776873	5.3326373	5.341044	4.9137297	4.870279	5.6288643	5.51916	5.3396177	5.6436443	5.451935	4.8264017	5.2473617
TTC17_32457	4.312294	3.8886662	4.7926054	4.51534	4.376628	5.4034085	5.0824094	5.214069	5.5552063	4.206481	4.8691278	3.9438322	4.9283385	5.3509765	4.373298	4.351345	5.3091817	4.7272253	4.0968986	4.778334	5.2062554	4.8201823	5.3547654	4.2061553	4.299972	4.603209	4.188035	5.6923895	4.399905	5.014735	4.636216	4.007584	4.413449	4.794913	4.1164784	4.8964896	5.1011596	4.771802	4.6249356	4.185883	4.5459204	4.5954337	4.458293	4.3405747	5.189336	5.834782	4.7308903	5.254248	4.3648396	3.9597363	3.4125495
TTK_32727	4.6196246	3.6449819	4.3348646	4.51534	4.6006374	4.3677835	3.8885062	4.8412323	4.3118453	4.381498	4.9107437	5.0914803	3.8774855	3.8089995	4.177517	4.6874537	4.2682877	4.380134	3.603377	3.9523666	4.135664	4.8820906	4.8052697	4.9115124	4.5586634	4.069322	4.583148	4.8409843	4.6582794	3.648705	3.8717287	4.6961017	4.6080465	3.8459697	3.9156005	4.860289	4.172522	3.8236685	3.3294005	5.1705146	4.4597015	3.4885392	4.013831	4.429227	4.5541077	3.8537915	2.7672026	4.4109397	4.0396147	4.378588	4.173552
TTPA_33200	1.8561494	1.7233189	1.2448933	3.9246213	3.2814488	3.1905103	1.8601638	2.4882271	2.9615965	3.0256517	2.3995826	1.2862334	1.9028349	1.3398731	2.4860687	2.1199853	2.5653183	2.9628441	1.5155233	0.7045007	3.5911667	2.0344265	4.981338	3.1595235	1.1950403	1.3239917	3.4020078	5.434924	1.9845754	1.0698712	2.5294693	2.4830763	2.4082093	2.811656	3.4783766	2.7875395	1.3109689	1.6218852	3.1142545	4.085053	2.3406515	2.3475738	2.5015178	1.1915702	3.2474778	3.696286	2.8853111	3.323391	1.9892389	3.2832968	2.4600961
TTR_10102	5.5582385	7.95017	2.353332	8.639466	7.086621	8.065622	5.0252886	5.121559	8.190859	8.297012	2.1444392	6.9957514	8.529271	3.3487625	1.5716753	0.7393115	7.071589	9.18935	3.274329	2.0523822	9.036903	5.3447027	9.856359	7.402836	4.907565	0.80882925	7.7117887	2.0262237	0.0	2.4321535	2.3481333	6.8551435	1.5091133	1.5883089	8.102899	6.152104	2.6284897	4.807922	2.715985	8.027055	1.2357911	2.3475738	4.496046	1.1915702	5.7676907	9.019956	2.7672026	4.2061086	3.3929877	4.012749	5.3188505
TUBA1C_32945	6.246854	5.99386	6.4367223	6.237904	6.0473228	6.0451527	6.1438007	7.25163	6.630459	6.3981624	6.6834273	6.4245086	6.3175907	6.4388294	6.183236	6.3574615	6.816706	6.022396	5.6062937	5.9411	6.6604404	6.370691	6.221497	6.135494	6.395295	6.020193	6.2891736	7.0979977	6.1695056	6.100213	6.6519628	6.0991178	6.102228	6.1410823	5.661058	6.948585	5.964973	6.540933	5.9924784	6.550874	6.592978	6.7181797	5.642687	5.968841	6.3123865	6.379258	5.6036115	6.388546	5.5095096	5.2582426	5.8878016
TUBB1_33036	6.305386	4.7799134	6.3785224	6.120252	6.747179	6.158948	5.0252886	6.634672	6.881865	6.255572	5.586211	6.2445645	6.7061863	6.4765306	6.143534	6.4706774	6.860985	6.264824	6.211823	6.4780216	7.008826	6.1743617	6.738287	6.06884	6.6104846	5.9162703	5.7366095	5.670792	5.979721	7.054301	5.830844	5.021495	6.39379	5.9513545	5.4353786	6.0432925	5.220581	6.4409714	5.1624966	5.949886	7.3117	6.2213774	4.827514	5.779483	6.483319	6.6925106	5.5329823	6.769795	6.6122193	6.049351	5.9188104
TUBB2A_10104	4.737683	4.6862755	4.474771	4.272241	4.7944946	4.945213	4.418614	3.9635777	5.2466736	4.63295	5.1025214	4.3005457	4.8275514	4.947674	4.068669	4.303241	4.418063	4.4932985	4.1482205	4.74485	5.122916	4.3362055	4.3350515	4.399368	4.6724668	3.861182	4.5442247	4.8409843	4.273237	4.415221	4.1738105	4.801648	4.188449	4.1476912	4.373451	4.281817	4.4902925	5.007489	3.89976	3.7318203	4.7773952	4.467931	4.603718	4.1450377	4.614228	4.9843264	4.5988097	4.556145	4.995071	4.967355	4.173552
TUBB4B_34097	4.4221745	4.0970764	4.561031	4.817053	4.335662	4.5457015	3.8229792	5.022709	4.4174857	4.9616933	4.8691278	5.121607	4.7923274	4.4377885	4.2290087	4.8964314	4.6375866	5.174556	3.0765762	4.525776	5.179007	5.1061497	5.116841	4.8859277	4.391454	4.8859644	4.657979	5.509819	4.4785657	4.859511	4.554839	4.5009766	4.8427405	3.9743235	4.06882	5.1869392	3.8409395	5.12668	3.9655392	4.870734	4.9768147	3.999592	3.8485553	4.5127454	4.999513	4.595598	4.4146447	4.3324614	4.279152	4.765924	4.7403216
TUBB5_10105	8.346095	7.3256216	8.269442	8.123082	7.9209194	8.319217	8.321688	8.808177	8.668468	8.3506155	8.499595	8.340002	7.7778993	8.397111	7.900955	8.160655	8.44057	8.184816	7.5509176	8.021022	8.447617	8.607081	8.455146	8.081093	8.4127245	8.330979	7.7677693	8.068151	8.151396	8.502441	7.961315	7.8282313	7.8020477	7.797242	7.533782	8.408421	7.9169283	8.512947	7.659863	8.178505	8.15771	8.044954	7.1911077	7.8706617	8.30328	8.5501	7.65787	8.198836	7.656715	7.4475036	7.485199
TUBB6_10106	2.222978	2.1547542	0.752753	2.1847157	1.1131065	2.340468	2.3061843	1.7248423	2.9615965	3.2825825	3.5991883	1.6591743	2.8407278	2.9801729	1.5716753	2.5073261	1.2662693	2.3117008	1.1630801	2.593747	2.3630009	1.5149852	2.8522859	2.3874133	2.6224735	1.3239917	2.4505796	2.8372862	2.3618937	2.1035776	1.8983116	2.097342	2.5664744	2.6671908	0.0	1.6844561	1.986288	2.547975	1.6270963	2.7067823	2.6826673	2.9664538	2.168997	1.1915702	1.5846274	2.4557507	2.1650176	1.7015651	1.4762079	1.7353235	1.193102
TUBG1_10107	4.7090616	4.362231	4.928618	5.0407763	4.293499	5.0668364	4.3270435	5.965286	5.459511	5.3464675	5.1726213	4.8247266	4.8275514	5.3509765	4.4183564	4.7605286	4.897746	4.4932985	3.871139	4.675457	5.3103766	5.659513	5.4773555	4.9366517	4.47748	5.212798	4.7969165	5.328603	4.9342623	5.342443	4.750273	4.323325	5.071199	4.485919	4.2506785	4.860289	4.5370607	5.0977926	4.3074403	4.1363487	5.3566923	5.1042953	4.7358174	4.3405747	5.7137523	5.2624035	5.318776	5.577131	4.522309	4.457192	4.4741917
TWF2_10109	4.0177727	3.1790063	3.4950655	3.2133267	3.1924727	4.10925	3.6063921	4.33714	4.4174857	4.076771	4.369601	3.5597103	4.2331653	4.836087	3.7540836	3.0640497	4.828076	3.4847689	3.274329	3.6243875	4.3462834	4.463156	3.439704	3.1595235	3.8619432	2.250642	3.7140222	4.54114	3.0175493	3.4453578	2.835414	3.2518594	3.7343307	3.7772398	2.461808	4.281817	3.6835446	3.1074347	3.9655392	3.5918324	3.794259	3.8022594	3.7889702	3.4100819	4.128809	5.145374	4.1095295	5.0487003	3.124777	3.5214198	3.4125495
TXLNA_10110	4.524275	3.267883	4.9920993	4.227422	4.6348104	4.164796	3.6822586	4.633599	5.095707	3.5983813	4.8691278	4.133186	4.5182695	4.4878764	4.177517	4.442993	4.5099177	3.6886325	3.0765762	4.169819	4.191271	4.244908	3.9557486	3.7757409	4.47748	4.4627132	4.188035	5.1528096	4.316707	4.590013	4.4234605	4.323325	4.236344	4.989752	4.06882	4.664262	4.172522	4.734754	3.89976	3.5918324	4.2700734	4.3762045	2.9989562	3.7907844	4.2849255	4.5034924	4.6329803	4.448634	4.522309	4.012749	3.6154559
TXNDC9_10111	10.322244	9.643455	10.157623	10.144278	10.04828	10.219106	10.5048485	10.300704	10.520734	10.071063	10.280483	9.878548	10.118754	10.644937	10.281916	10.210016	10.460659	9.7303705	10.159469	10.190901	10.522462	10.316215	10.363425	9.970062	10.175428	10.133683	10.395159	10.409602	10.125602	10.12365	10.079322	10.315877	9.824867	10.416877	9.989632	9.902063	10.377503	9.997006	9.961033	9.6651	10.178586	10.035239	9.833806	9.543745	10.31011	10.396115	10.312612	10.963842	10.18728	10.005267	9.989597
TXNRD1_10114	5.195247	4.235737	4.3830233	4.988013	4.9106236	5.1789985	4.3270435	5.4093204	5.3028984	4.487393	4.8691278	4.402222	4.8275514	4.7968874	4.934868	5.363267	5.2303596	4.380134	4.245692	3.5487905	5.383815	5.3447027	4.694086	4.2061553	4.518643	4.81067	5.0118756	5.5339446	5.406144	5.109653	5.341723	5.0503354	4.533327	4.759719	4.657425	4.860289	5.1011596	5.0977926	4.704146	4.085053	5.4712963	5.914093	5.2593656	4.429227	5.228329	5.4468136	5.0419116	5.3167343	4.912108	4.252018	4.4741917
TXNRD2_33001	2.7580647	1.1049913	2.145686	1.9837908	1.4566294	3.0792744	3.255363	3.6469922	2.4663844	2.8777032	3.3796642	2.9020875	3.093146	2.4838471	1.8599678	2.326616	3.1259208	2.3117008	2.238191	3.3845623	3.1040103	2.2375386	3.0458522	2.2336307	3.016553	2.810302	1.5430765	3.4579172	2.7897131	3.208571	0.75012773	2.097342	3.1700616	2.811656	0.6449023	2.2296865	2.7916732	2.1579974	2.372343	2.7067823	3.079476	3.087079	1.7361305	3.4100819	2.169534	3.5194535	2.6385555	3.1511896	2.9135318	2.1681004	2.280753
TYK2_32670	3.4538498	2.486432	2.696003	3.5409095	3.2814488	3.0792744	3.8229792	3.8907034	3.86589	3.1598291	3.5991883	2.9020875	3.3079073	2.8329227	2.6461606	3.4647577	2.382989	2.1369452	1.5155233	2.8670673	3.3189702	3.3631423	2.8522859	3.0714748	2.896768	3.7036133	3.9704094	3.5554237	4.182158	3.516373	2.6905363	3.2518594	3.2654822	3.7772398	2.9567258	4.044337	3.5979016	2.3661232	3.7584567	2.0255485	3.190714	3.8022594	3.100484	3.0111494	2.806924	3.5194535	4.491154	3.9144068	3.8144693	2.8887413	2.542046
TYMS_32803	8.087194	8.281643	7.9756293	8.549019	8.017979	8.207934	7.2750406	8.51581	8.325879	7.91112	8.051415	8.294445	7.7552123	7.644345	7.8442955	8.514956	8.656938	8.153592	7.5171533	7.520252	8.789136	8.447322	8.300044	9.01935	8.3197155	7.7798553	7.805291	7.687534	7.9348397	8.124686	7.802923	7.411145	8.412478	7.536371	8.102899	8.256541	7.7079935	7.6067767	7.1247845	9.074465	8.422754	8.162873	7.264039	8.006524	8.021867	7.7670097	6.9352756	7.5237074	7.944535	7.4901876	7.662841
TYROBP_10115	9.092872	9.109354	9.170938	8.808751	8.938606	9.044537	9.517538	9.059498	9.571201	8.984709	9.536337	8.896508	9.052807	9.68528	9.165759	9.308868	9.197331	8.611902	9.148179	9.462503	9.153482	8.991075	9.075941	9.013455	9.102468	9.006948	9.472716	9.574457	9.342688	9.235624	9.349291	8.947012	8.878322	9.455534	9.042846	8.747573	9.286639	9.057745	9.154511	8.956331	9.544935	8.987088	9.385749	8.843583	9.248611	9.13378	9.01653	9.395282	8.703344	9.025333	8.600723
UBA3_32850	7.106274	6.399953	6.949721	7.1282477	6.70759	7.1895595	7.329143	7.3702927	7.634159	6.7462993	7.2836394	7.0038614	6.9252496	7.5174613	6.891083	6.825985	7.363939	6.7015724	6.9214478	7.194098	7.566586	7.4204903	7.186346	6.9694777	7.2031975	7.1301174	7.285831	7.3292613	7.0542274	7.042319	6.8268075	6.903365	6.6714892	6.9552894	6.8786287	7.06449	7.213032	6.750323	6.965112	6.7451396	7.490841	6.9265385	6.702722	6.262221	7.113243	7.160438	7.090888	7.474307	7.0668244	6.8762355	6.7984667
UBE2A_10117	3.7064028	2.3301039	3.0934007	3.016629	3.1924727	3.5654895	3.5263135	2.98483	3.43397	2.312845	3.3796642	2.410535	2.534579	2.4838471	2.921244	3.175133	3.1259208	2.3117008	2.7174463	3.0967624	2.3630009	3.075847	2.8522859	3.1595235	3.12715	0.80882925	3.4865618	4.2809734	2.6607075	3.7699122	2.6905363	2.4830763	2.0275967	3.548908	3.1523242	2.9340591	3.5979016	2.7094493	2.5543716	2.4060068	3.079476	3.4885392	2.8897388	2.8914306	2.99956	1.9966261	2.3407063	3.323391	2.9135318	3.3671148	2.9549038
UBE2C_10118	3.4538498	3.9436586	3.8777544	3.8077013	3.78599	2.1333084	2.6463878	4.7202697	2.6509938	2.8777032	3.6975753	3.802208	2.695759	2.9801729	3.255121	3.2782712	3.4379885	3.7506518	1.5155233	3.7646446	3.4155223	3.930203	3.8559678	3.2425063	3.8619432	3.3250225	3.7140222	4.2809734	3.3873456	2.8167744	2.3481333	2.3030627	4.0344143	2.1193378	2.8479903	4.167958	2.9382603	3.5947201	2.1639853	3.9192204	4.109465	2.1401448	1.968738	1.8351252	2.906455	2.4557507	3.4427273	1.4272856	2.6659598	2.6418855	3.5376832
UBE2D1_10119	4.491038	3.5770385	4.3348646	4.58805	3.78599	4.777175	4.699865	4.2812176	4.3118453	3.689954	4.4280906	3.4688873	4.8275514	4.947674	4.0110016	3.5496771	4.101142	3.0640168	3.603377	4.5646772	5.2850423	4.1474395	4.6351066	3.7189126	4.2022934	4.069322	4.136628	5.7553062	3.9256022	4.1729927	3.0876935	4.4148836	3.666024	4.092185	3.54955	3.7599108	4.112024	4.194934	3.6822517	3.4367871	4.109465	4.3762045	3.2843316	3.574598	3.754422	4.7235904	4.1095295	5.211035	4.4457216	3.5214198	3.7247775
UBE2J1_10122	6.6294003	6.188559	6.5882006	6.3777766	6.2702236	6.9654655	6.8006477	6.9626102	7.1733413	6.68084	6.7987485	6.3627877	6.957407	7.1170316	6.20911	6.448734	6.97819	6.1996136	5.8582325	6.5476403	7.001067	6.8680544	6.833178	6.611928	6.3504004	6.487215	6.840124	7.048614	6.5063167	6.57796	6.3114905	6.2309327	6.2841306	6.5646596	6.4374986	6.508489	6.5015254	6.4973583	6.6012464	5.782875	6.562276	6.2731543	6.1836987	6.250103	6.8943195	7.2552724	6.7914057	7.4879484	6.7697453	6.4935346	6.1055865
UBE2L6_10123	3.1475024	2.75593	1.6111797	2.907214	2.3422368	2.1333084	1.5718547	1.7248423	2.2546368	2.5266557	2.9712968	1.955242	2.534579	2.0223966	1.2110108	2.9436944	1.9300845	1.0927255	2.7174463	1.5304413	2.7061675	1.5149852	2.3639069	2.3874133	2.4629142	2.6467445	1.8287144	2.2755182	2.5190232	1.0698712	1.8983116	2.097342	2.2304184	2.506633	2.7303865	1.6844561	0.0	1.2540979	0.76239324	2.228283	2.5217707	2.834815	1.4586725	3.0111494	2.321526	1.9966261	1.7325498	2.6012702	3.124777	2.1681004	2.280753
UBE2T_10125	3.8178284	2.6274648	3.4950655	3.2133267	2.6401563	3.0792744	2.3061843	4.390976	4.0079637	3.7760599	4.4280906	3.7258165	3.2045193	2.2714932	3.606144	4.351345	3.7706692	3.8101146	2.238191	2.4348454	3.4155223	4.0429063	3.6329622	4.503981	2.7661297	1.3239917	2.8837204	4.8791513	2.3618937	4.216295	2.3481333	2.097342	3.666024	3.0633094	2.7303865	4.4856753	2.6284897	3.9583218	3.6822517	4.49187	4.503455	3.6539102	3.7268174	3.6503172	3.523103	3.4221838	3.0959623	4.161406	3.75223	3.5927947	3.3226593
UBE3B_10126	3.6472874	2.3301039	4.006308	3.6123734	3.8455658	4.586952	3.8885062	4.032947	4.1372924	3.689954	4.0352206	3.6451528	4.066259	2.4838471	3.7540836	4.1484847	4.369845	3.8672233	2.7174463	4.0098786	4.3944616	4.244908	4.0490723	3.8830926	3.9245403	3.21252	3.9704094	4.4426293	3.2142637	4.451915	3.7306347	2.4830763	4.138909	4.0344577	3.6821575	4.2260103	3.8409395	2.8546557	4.1465945	2.5642188	3.5656989	4.278248	3.4473767	2.8914306	4.357074	4.2436643	4.157271	4.7796435	3.75223	4.063883	2.6195898
UBE3C_10127	4.923553	4.8098226	4.9920993	5.0146356	4.6348104	5.356469	5.2662044	5.1530595	5.5781703	4.99798	5.271771	4.628886	5.1109705	5.4803224	5.1098804	5.363267	5.4779043	4.380134	4.722831	4.8743606	4.972335	4.788203	4.9574633	5.228918	4.907565	4.6471567	5.1217074	6.1942496	5.06747	5.132438	4.750273	5.4687614	4.811461	5.214335	4.8669906	4.437347	5.2489533	5.3635287	4.742178	4.6054435	5.1242294	3.9367666	4.114353	4.2461166	5.2849126	4.9843264	5.2322598	5.211035	4.4845233	4.494944	4.6322165
UBQLN2_10128	5.47569	4.7799134	5.8198066	5.502383	5.3414774	5.4488688	5.957888	6.209563	5.789699	5.6948338	5.709237	5.2902393	5.904452	5.729658	5.0538692	6.260022	6.0211496	5.533272	5.34551	5.453237	6.012286	5.745296	4.9574633	5.4192967	5.4447303	5.595824	6.0737624	5.713668	5.3233156	5.5257273	5.830844	5.591575	5.2215505	5.6960816	5.07428	5.4772167	5.6824822	5.7819366	5.321673	5.682912	5.308174	5.914093	5.191954	5.5013885	5.5994205	6.2855763	5.091904	5.4527993	5.2861238	5.020094	5.11973
UBR7_10129	3.763191	3.5770385	4.285043	3.6804638	3.9578092	3.9912984	4.418614	4.492971	4.694665	4.076771	4.4280906	4.0097504	4.71919	4.4377885	4.8386974	4.442993	4.1590357	3.3308632	3.274329	4.219421	3.9546967	4.3797755	4.9084945	4.076447	4.2519593	4.3070445	4.583148	5.355927	3.4666753	4.034695	4.1182437	3.7507105	4.3276124	4.5695896	3.744154	3.978313	4.172522	4.5762477	4.4973164	3.3525324	5.0075274	4.4227967	3.7889702	3.4100819	4.780875	3.9957814	3.7220852	4.6236115	2.524174	4.161015	3.7247775
UFM1_10130	5.388129	5.0790715	5.729563	5.2344184	5.4022574	5.888993	5.957888	6.1483583	6.0582137	5.198399	5.6854568	5.511153	5.5083156	6.488882	5.779126	5.5187993	6.2908726	5.3847256	5.8112416	5.7348504	5.7598586	5.761857	5.921772	5.6343064	5.356668	5.8425817	6.166387	5.8544292	5.9385734	5.9543858	5.7599936	5.843036	5.3137307	6.1273417	5.3382225	5.453113	5.802193	5.2630286	5.553236	5.3110843	6.172787	5.8473415	5.642687	5.521692	5.5386667	5.9439397	5.7663927	5.8964157	5.073521	5.095754	5.0791297
UGDH_10131	5.780842	5.003438	5.3480306	4.988013	5.0437603	5.4263177	5.671839	5.71392	5.8663282	5.2292533	5.709237	5.2634673	5.6722946	5.960039	5.5553536	5.5806437	5.784175	4.873771	5.207157	5.768564	5.8316064	5.810429	5.26035	5.5714955	5.680633	5.526925	5.820445	6.051136	5.4652867	5.220141	5.778035	5.792719	5.071199	5.6583595	5.4353786	5.5920415	5.6615276	5.920358	5.825383	5.2885866	5.577462	5.412049	5.692317	4.772004	5.6142173	6.155434	5.4776444	5.7829556	4.912108	5.3014936	4.9196486
UGGT2_33061	2.8657134	1.7233189	2.840976	2.5181563	1.1131065	3.7218108	2.3061843	3.1184926	3.789237	0.0	2.3995826	2.5936327	2.3531	2.2714932	3.0413287	3.0640497	2.727169	2.3117008	2.574683	2.593747	2.9831893	1.7979587	1.353526	2.877406	1.5530008	2.002579	1.8287144	2.9846053	2.5190232	1.9061652	2.967061	2.3030627	1.5091133	2.506633	1.4280888	3.188829	0.7995354	2.3661232	2.715985	1.5073531	2.9589396	2.3475738	2.7715712	1.5489385	3.4589746	2.6400769	2.1650176	3.0567124	1.1296852	2.7705867	1.550732
UGT1A1_33117	3.1475024	3.0842927	3.8777544	3.2133267	3.7238476	2.82721	2.6463878	3.6469922	3.3295743	3.8573148	3.7896788	3.3719604	4.1240664	3.5507815	3.9509327	2.6678994	4.369845	2.1369452	3.4482138	2.8670673	3.4155223	2.5739944	4.0490723	2.6531126	2.6224735	2.462245	3.312188	5.7346373	3.1192565	2.9251404	3.8029058	3.6028	4.0344143	3.9115734	3.0578372	3.5934687	2.6284897	2.9865744	3.7584567	2.955541	3.6459768	4.117587	3.3681562	3.7222598	3.523103	3.696286	4.0601544	4.2061086	3.8144693	2.8887413	2.4600961
UGT2B15_33121	1.6305549	1.7233189	1.2448933	4.357907	3.78599	4.10925	2.1003423	2.2757223	4.1978536	3.5983813	1.8342675	0.78194916	3.808642	0.82019544	2.7902486	1.5888703	2.1742368	2.854038	2.4162252	2.4348454	3.888952	0.0	5.240702	3.2425063	2.0785348	0.0	3.5664334	5.485284	1.4722159	0.0	2.5294693	4.1206846	1.7915226	2.1193378	3.8035955	2.440523	0.7995354	0.0	2.715985	3.9192204	2.8274064	2.834815	2.168997	2.6173096	3.3214757	4.061858	3.5177994	3.742971	3.547572	2.8887413	2.0759077
UGT2B7_33032	1.3630255	1.4470309	2.5348177	2.6598237	2.6401563	3.6457665	2.486291	3.1184926	1.3270301	1.7575232	2.3995826	2.410535	3.8774855	2.2714932	3.6820092	1.2257426	3.9120631	2.467557	2.238191	2.2562509	1.911856	1.1626221	3.5070412	4.469946	2.4629142	2.002579	2.7532747	6.8800507	3.3873456	1.6773919	3.4891737	2.3030627	4.236344	3.7772398	2.9567258	2.440523	2.4444666	2.3661232	3.1142545	1.5073531	4.4597015	3.3017287	3.4473767	3.9187803	4.5541077	4.3532715	4.491154	4.8089223	3.75223	4.378588	3.0698776
UHRF1_10132	3.4538498	3.267883	3.5801554	3.8673456	3.9578092	3.8628378	2.6463878	3.6469922	4.1372924	3.9342363	3.1206355	3.8747573	4.284769	3.7279556	1.8599678	3.0640497	4.2682877	3.6238267	1.5155233	2.4348454	4.0778275	4.6167192	4.0490723	4.076447	3.7965066	3.0904965	3.312188	2.9846053	3.3033986	3.8817208	2.6905363	2.7871325	3.8619456	2.1193378	3.4035087	4.2260103	2.23349	3.2189481	2.715985	4.56857	3.4806895	3.1983922	2.168997	2.6173096	3.523103	3.2054403	2.1650176	2.8468895	2.9135318	2.3438904	2.9549038
UNC93B1_10134	6.256776	6.6352963	3.3081667	7.245275	6.281053	7.5439587	6.1964974	6.842162	3.789237	6.3428054	7.7003207	6.3373404	7.302272	6.921321	7.0640936	6.3095646	6.6142936	5.776272	5.947857	2.2562509	6.7183695	2.846633	6.5435677	6.7948937	6.894701	6.1014194	3.5664334	7.2440805	6.261362	6.5528426	6.571494	2.3030627	7.0182457	3.9115734	2.306097	6.4487934	3.0713174	5.9529834	6.9325876	5.717008	6.746524	7.599142	2.7715712	3.0111494	3.5845017	8.101424	3.5177994	7.24181	3.0230174	6.315096	5.9188104
UNG_32960	3.2304003	1.4470309	2.5348177	1.750284	1.1131065	2.340468	1.2111645	2.98483	2.2546368	1.7575232	2.3995826	1.6591743	2.8407278	2.668917	2.3059688	2.326616	3.1259208	3.4098673	2.035052	2.0523822	3.1040103	2.846633	2.0393906	2.2336307	1.5530008	2.250642	1.5430765	1.724663	0.6703802	1.0698712	3.0876935	2.3030627	1.7915226	2.1193378	1.7024508	2.7875395	2.23349	2.9865744	2.372343	2.0255485	2.5217707	1.6063654	2.168997	2.6173096	3.0870192	3.2054403	2.1650176	2.130537	1.1296852	2.5005684	2.542046
USP1_10136	6.7466927	5.5733294	6.280225	6.63105	6.168916	6.6128626	6.550358	7.0737724	6.7864933	6.527919	7.0706787	6.4245086	6.761874	6.736862	6.4121017	6.5957603	6.714227	6.4996624	6.0185122	5.768564	7.0318546	6.964213	6.6956277	6.4813447	6.591319	6.5808306	6.346858	6.71048	6.477877	6.618874	6.235184	6.0712457	6.4557953	6.4698462	6.1126924	6.6530404	6.614869	6.848965	6.039053	6.4930153	6.652489	6.7367396	5.846407	5.892938	6.8260503	6.7234626	6.2353573	6.970999	5.873403	6.4169393	6.318215
USP14_10137	8.913205	8.141665	8.610168	8.7799425	8.583695	9.081086	9.082743	9.273464	9.313401	8.681455	9.046362	8.594797	9.089544	9.196525	8.729381	8.915739	9.0898075	8.439041	8.527817	8.684702	9.216818	9.107413	8.774971	8.6300125	8.725589	8.829979	9.117556	9.256993	8.998471	8.796188	8.834588	8.799799	8.570301	8.8805	8.329605	8.810587	8.889368	8.795252	8.641274	8.505546	8.884403	8.961673	8.468452	8.263207	8.96384	9.201301	8.995342	9.750655	8.495844	8.525463	8.41474
USP18_10138	6.484936	4.5861354	3.0934007	4.1811657	5.3620234	4.5457015	4.504718	5.5579247	5.2466736	5.033377	5.1726213	4.3005457	5.3232794	5.295806	5.614634	5.639946	4.3199596	4.6315746	4.503897	4.444678	5.625015	4.8820906	4.8833723	4.8859277	5.2384467	4.9221873	5.3866477	5.8155932	5.680236	5.4731445	5.4356413	5.9386935	4.7467914	5.408621	4.162613	5.1869392	5.276778	4.807922	4.885008	4.676478	4.913356	5.962205	3.8485553	5.0487723	4.584481	5.6538005	5.719457	6.0877376	5.4322214	4.7964797	4.1211886
USP22_10140	4.7090616	4.1909814	5.1112504	4.58805	4.492976	5.5144806	4.9037795	5.9110436	5.956723	4.9616933	5.1726213	4.670239	4.7923274	5.178702	4.278726	5.020627	5.2303596	4.380134	4.1482205	4.525776	5.4762564	5.0799727	4.981338	4.435088	5.0264926	5.352082	4.5442247	5.509819	4.358906	5.19871	4.922364	4.6961017	4.138909	4.794913	4.333677	5.4036627	4.230585	5.545688	5.134172	4.3685856	5.1242294	4.9216905	4.532837	4.294119	5.4913616	5.926311	4.9364076	5.3766255	4.234321	4.1132665	4.066853
USP6NL_10141	2.6417313	2.9829214	3.8777544	3.4657202	3.4444587	3.7940469	3.4415276	4.4428744	3.86589	3.2825825	3.6975753	3.4688873	3.2045193	4.157383	4.068669	2.8123772	3.6944115	3.8101146	3.603377	3.6243875	4.0175753	4.291279	4.003165	3.1595235	3.3257585	4.360822	3.9104564	3.6467555	2.9081242	3.3706653	4.0604506	3.3479161	2.4082093	3.463993	2.7303865	3.7599108	3.0713174	2.9865744	3.1142545	2.8365164	3.3903556	2.6899478	3.6618662	2.8914306	4.08699	4.185571	2.4973037	2.8468895	1.4762079	2.6418855	2.6195898
USP7_10142	7.506269	7.1555266	7.606268	7.763735	7.1351767	7.8706174	7.2503276	8.382632	8.016889	7.645476	7.7296844	7.493004	7.7040076	7.7862053	7.179832	7.767382	7.72182	7.8407927	6.8222356	6.7039204	8.05659	8.108409	7.8399553	7.935929	7.923527	7.3388066	7.297581	7.5582347	7.296035	7.6788473	7.421942	7.371698	7.761704	7.439616	7.1545343	8.067054	7.343744	7.7248363	7.5081005	7.6660643	7.3421407	7.6092496	7.102103	6.864942	7.787402	7.695961	7.4955597	7.6625047	6.9399467	7.155017	7.0112343
UST4R_32736	1.8561494	0.0	2.353332	1.4715443	1.9663466	1.6004289	0.7291152	2.0264177	1.7063249	0.8429578	0.8916533	0.78194916	2.1454625	0.0	2.1001348	1.5888703	1.6360242	1.9380654	1.1630801	1.1757872	3.21549	1.7979587	2.5023503	3.3209743	2.0785348	1.3239917	1.5430765	6.209309	0.6703802	1.0698712	1.2411588	1.8573289	3.3549814	2.6671908	1.4280888	2.6244397	2.4444666	1.2540979	2.1639853	1.156129	2.133485	3.6539102	2.3448164	2.4578679	3.5845017	2.4557507	2.994478	4.0183334	3.547572	4.33762	2.4600961
UTP14A_10144	3.970324	2.8738854	3.736615	3.2133267	2.3422368	3.7940469	3.6822586	3.9635777	4.1372924	4.007263	4.484301	3.7258165	4.560755	4.947674	3.4412823	4.201936	3.6944115	4.1230955	3.871139	3.5487905	4.135664	3.6026177	3.8559678	3.5980654	3.5802486	3.526701	3.6421144	4.4927254	4.0849395	3.710581	4.328719	4.2752705	3.9791842	3.548908	3.8035955	3.6790886	4.340139	2.3661232	3.601796	3.3525324	3.9287112	3.3017287	3.7889702	3.9787574	4.3918386	4.4551363	3.7220852	4.3722343	3.8144693	3.5214198	3.9213243
VAMP2_10146	4.1082306	3.1790063	4.3830233	3.302455	3.4444587	4.459483	4.011255	4.492971	4.1372924	3.3957052	3.3796642	3.6451528	4.4293513	4.4377885	3.822728	4.035247	3.9120631	3.4098673	4.0436835	3.8299706	4.873814	4.6167192	3.9557486	3.466162	4.0975184	4.1325245	4.3770947	4.0988913	4.5531583	4.8038225	4.554839	3.67865	3.9217556	3.9115734	3.744154	3.6790886	3.1931324	4.3001184	3.5165868	3.6635237	3.079476	4.1731524	2.7715712	3.224361	4.2089777	4.2995086	4.4146447	3.9673057	2.6659598	3.7257514	3.4554782
VAPB_10147	3.970324	2.6274648	3.3081667	3.9797099	3.2814488	4.0514793	4.1777725	4.2812176	4.1372924	2.5266557	3.7896788	4.072788	4.284769	4.628482	4.068669	3.6298745	4.75487	3.158557	3.5278807	3.69622	4.191271	3.870368	4.4421554	3.7189126	4.2022934	3.861182	3.1138024	4.4927254	3.7464566	3.9854841	4.7132473	4.007584	3.4392512	4.1476912	3.1523242	3.9091218	4.6262813	3.9583218	4.4973164	3.6635237	4.5871716	4.7857018	3.7889702	3.574598	4.128809	4.9145117	4.0601544	4.749758	3.75223	3.5214198	4.038898
VARS2_32745	2.222978	2.3301039	1.9030463	2.5181563	1.4566294	2.340468	1.5718547	1.7248423	1.7063249	1.7575232	2.8046954	1.955242	2.3531	1.3398731	1.2110108	1.2257426	1.6360242	2.1369452	2.035052	2.0523822	2.3630009	2.0344265	2.210754	1.6397378	0.7178737	2.002579	2.4505796	3.6467555	2.7897131	1.4053764	1.6068331	2.097342	2.8388512	1.8781195	0.6449023	1.6844561	1.687787	1.2540979	2.372343	2.0255485	2.8274064	1.2407571	1.7361305	2.6173096	2.5845437	1.9966261	3.3635335	2.4607615	1.7554088	1.9678794	1.3829705
VASP_10148	9.294161	8.473708	9.104269	9.146305	8.893449	9.561619	9.274179	9.5601015	9.886151	9.206371	9.457796	9.162302	9.521951	9.768687	9.1050415	8.974513	9.611754	8.745458	8.9345875	9.0983095	9.938329	9.423299	9.6824875	8.79374	9.152361	9.301495	9.14708	9.390159	9.181556	9.256518	9.191657	8.638216	8.843953	9.084493	8.491991	9.379369	8.916154	8.966815	8.956426	8.644904	9.482082	9.489323	8.606448	9.01808	9.147975	10.093535	9.547805	10.062405	8.96065	9.189745	8.607876
VAT1_10149	3.0595496	2.1547542	3.2047765	3.016629	2.7688293	3.7940469	3.255363	3.9635777	4.736094	3.7760599	3.7896788	3.2680495	4.8275514	4.2761607	3.888254	3.7780194	3.9120631	3.9750757	3.274329	3.7646446	4.3462834	3.075847	3.6329622	3.2425063	4.0975184	3.526701	3.1138024	4.54114	3.2142637	3.7699122	2.6905363	3.148948	3.8619456	5.049259	3.0578372	3.188829	2.4444666	4.021211	3.89976	3.3525324	4.165012	4.1731524	3.1953344	3.0111494	3.857513	2.9502776	4.9635158	3.742971	3.2198298	3.9047008	2.6931777
VAV1_33194	7.438146	6.566884	7.3150244	7.084937	7.111103	7.9036446	7.7014866	7.7965083	8.1569395	7.436612	7.462189	7.2001514	8.159393	8.075434	7.4585686	7.348637	7.988513	7.2119813	7.3735924	7.2064505	7.898522	7.7788644	7.8135996	6.9572453	7.67767	7.578959	7.499291	8.004828	7.4793577	7.3596444	7.6835737	7.2588487	7.286266	7.9727035	6.7784877	7.5122566	7.579836	7.2673707	7.578112	6.0334406	7.4634104	8.176533	6.9057074	7.402633	7.6397448	8.427011	8.203975	8.666957	7.499835	7.4666305	6.9183908
VAV3_10150	3.1475024	2.6274648	3.0934007	2.1847157	2.9961455	3.5654895	3.5263135	3.555659	2.4663844	3.2825825	3.6975753	3.3719604	2.8407278	3.4533052	3.5260668	3.3745255	3.7706692	2.467557	2.4162252	2.2562509	3.1040103	3.178102	2.3639069	3.5336206	3.016553	2.957191	2.8837204	5.1213093	3.3033986	3.5840557	3.0876935	4.0652423	3.2654822	3.373766	3.2410011	2.9340591	2.7916732	3.5095499	3.7584567	3.167649	3.7220223	4.059796	3.4473767	2.760871	4.2849255	3.3178785	2.1650176	3.742971	2.6659598	3.5214198	2.6931777
VCAM1_32349	9.639525	8.887146	8.916607	9.04824	9.095608	9.185489	9.494048	9.753609	10.0776	9.314635	9.534674	8.808962	10.539012	9.554777	9.638854	9.6479025	9.675128	8.657133	9.631077	9.465076	9.5396	9.440118	9.363953	9.827825	9.491659	8.79622	9.52488	10.137789	9.426923	8.994214	10.022755	9.109992	9.331243	10.502533	9.135399	9.224228	10.005807	9.038873	10.267674	8.929318	9.317184	10.464157	9.685454	9.687715	9.854366	9.647005	10.573479	10.182621	9.386535	9.97219	8.951262
VDAC1_32318	4.679861	4.321286	4.9607077	5.140844	4.8244147	5.597565	4.699865	5.6042423	5.3302097	5.428523	5.1726213	4.96426	5.2983875	5.208881	5.0250263	4.9905663	5.4779043	4.8169265	4.197779	5.2770486	5.541897	5.253958	5.7094793	5.123396	4.435108	5.4296227	5.492671	7.3565726	4.358906	4.91313	4.8559704	4.2255597	5.0445433	5.314746	3.8606849	5.352457	4.7505484	4.3981524	5.465019	5.0947356	5.657106	5.2405844	5.2147765	4.3405747	6.1893287	5.5880504	5.8986783	6.1462607	5.5095096	5.423973	4.8081384
VDAC2_10151	7.5104218	6.7707195	7.308805	7.4346204	6.9371667	7.645073	7.4534345	7.8455343	7.952439	7.3267756	7.735486	6.9291754	7.595802	8.016933	7.11288	7.2819443	7.759735	7.2500544	7.1463523	7.4017158	7.843182	7.5877385	7.7030816	7.125197	7.2344193	7.3454914	7.360549	7.965456	7.359766	7.3596444	7.3693614	7.295448	7.234141	7.353714	6.5803022	7.5238748	7.3633413	7.3975186	7.2943606	6.7285213	7.435447	7.7113123	6.833815	6.816459	7.5807004	7.7964196	7.369489	8.116338	6.925918	7.1131477	6.6446605
VEGFA_32415	5.4585977	4.0970764	5.8543806	5.279024	5.2116504	6.4547176	5.190283	6.600805	6.492214	5.2292533	5.1726213	4.670239	5.441677	5.6438937	4.46205	5.6781683	5.68913	5.805786	4.912876	5.180168	5.814001	6.246744	5.9702992	5.603243	5.082471	5.879896	5.3866477	6.1790314	4.4397717	5.9671173	6.5080533	4.801648	5.0445433	5.2401004	4.8669906	5.569796	4.230585	6.0466537	4.7792325	4.9007115	5.8558497	5.01588	4.9950824	5.020515	6.5072975	6.515185	5.1402225	5.1205196	4.188052	4.1132665	4.979701
VEGFB_32839	3.8178284	3.430726	3.80891	3.386396	2.9961455	3.9912984	3.0415661	3.3535717	4.4174857	3.5005994	3.1206355	4.133186	4.066259	3.885732	3.7540836	3.6298745	3.8430977	3.3308632	2.238191	3.892466	4.441083	3.987655	3.9557486	3.7757409	3.6559942	4.2511845	2.7532747	4.5879827	3.681432	3.0259323	3.3987858	3.148948	3.1700616	3.8459697	2.306097	3.6790886	2.9382603	3.7513156	4.0887313	3.167649	4.165012	4.6355476	3.5938523	3.574598	3.9064214	4.9843264	3.7842216	4.448634	4.0396147	4.207234	3.7933116
VGLL4_10152	4.556763	4.1447926	4.9607077	5.066451	4.2500668	5.577238	5.8135314	5.626855	5.3302097	5.16687	5.1726213	5.3676972	5.0225425	6.012313	5.137091	4.0929766	4.964206	4.8169265	4.65348	4.935002	5.430776	5.450652	5.3177376	4.286571	4.997667	5.153088	4.420727	5.485284	5.11749	5.542837	5.267041	4.5009766	4.679086	4.7236447	3.9685025	5.352457	4.340139	5.480044	4.850604	4.56857	5.095927	4.8209195	3.8485553	4.591692	5.9881897	5.872093	5.116266	5.988864	4.4845233	4.161015	4.431824
VIM_10153	7.8456345	7.4159017	7.445481	7.321889	7.205077	7.7486796	7.7941628	7.7713566	8.037748	7.4166446	7.8839126	7.321919	7.4843454	8.22321	7.5775585	7.8366113	7.7921124	7.338538	7.384334	7.385511	8.089889	7.4308834	7.633218	7.168283	7.3125677	7.3521447	7.829774	8.051536	7.493633	7.6316476	7.7213593	7.593662	7.117496	7.6024227	7.047959	7.434369	7.661258	7.0357	7.6398554	7.101956	7.7027335	7.682881	7.6546416	7.3468285	8.038418	8.089594	7.4483657	8.159598	7.391711	7.1957054	6.9967747
VKORC1L1_10156	5.351561	4.8960004	5.802204	5.557742	5.498192	6.0302753	5.6341295	5.626855	6.4430237	5.649928	5.800622	5.417118	5.418762	5.6438937	5.3380656	5.5187993	5.873343	5.365034	5.026952	4.935002	6.3172946	5.6770825	5.526864	5.5225253	5.5477486	5.2417517	5.552736	5.7957764	5.663497	5.7921443	5.161042	5.425385	5.3791947	5.5179768	4.4121585	5.6567907	4.970953	5.524137	4.8153596	5.355054	5.6376033	5.812771	5.302618	5.182308	5.5540967	5.872093	5.5509663	6.0016	5.2186785	5.2582426	5.222723
VLDLR_32971	4.312294	3.267883	3.9434626	4.357907	3.2814488	3.9284973	3.0415661	5.243633	4.694665	4.26721	4.2449875	2.5936327	3.808642	4.157383	3.255121	4.2534776	3.8430977	4.1692424	3.4482138	3.3845623	3.888952	4.6167192	3.9067206	4.076447	2.7661297	4.5578804	3.9704094	5.2138186	3.1192565	4.522616	4.554839	4.659131	4.0876074	3.7050712	2.9567258	3.6790886	4.230585	5.2367706	4.6249356	2.4060068	3.9915128	4.226657	4.2965484	4.1450377	4.6999564	4.2995086	4.6989865	4.2494674	3.4723492	3.7257514	3.5770936
VNN1_10157	7.286583	6.5314217	6.9735074	7.0008826	6.754968	7.496038	7.7014866	7.3086886	8.223998	7.1035028	6.6713715	6.9793935	7.0793157	7.3103666	6.8669057	7.165688	6.860985	6.857679	6.8765035	7.1045356	7.5184827	7.254871	7.591168	7.204956	6.7808847	7.1531606	7.415501	7.7299223	6.496899	6.883495	7.2516346	6.7535777	6.851421	7.329916	6.3800797	7.3056755	6.7097826	7.2608705	7.2685328	6.793876	7.4634104	7.4326787	7.04594	6.5361595	7.632495	7.5307994	7.180258	7.315065	6.9607368	7.1957054	6.6539054
VPS28_10158	6.7254143	6.1422915	6.7252746	6.762525	6.56423	6.9654655	7.0284758	6.6786265	7.203192	6.564674	6.9856057	6.4245086	6.4923797	7.351529	6.891083	6.682933	7.2685394	6.347424	6.515267	7.009043	6.945556	6.553022	6.8847246	6.4113355	6.3157883	6.9133024	6.8239655	7.056963	6.809936	6.7125783	6.791718	6.744782	6.2726917	6.8997927	6.3304205	6.496746	7.07722	6.4524264	6.729847	6.337321	6.973492	6.670708	6.447281	6.250103	7.2186694	6.850407	6.6400094	7.315065	6.5218425	6.652313	6.276926
VPS37A_10159	5.6664047	4.9773192	5.7480693	5.775752	5.142075	5.8386474	6.0322547	6.034575	5.789699	5.198399	5.6612782	5.4649014	6.1468296	6.3737183	5.7617483	5.936499	5.68913	5.2834644	5.8582325	5.6102314	6.437141	5.7782297	6.040161	5.6495905	5.6251745	5.969167	5.884174	6.1481047	5.867273	5.7485633	5.685483	5.591575	5.6148605	6.1134686	5.543938	5.9430127	5.9127274	6.1058836	5.487584	5.3110843	5.8043046	5.8301597	5.5379915	5.280895	5.8068614	6.0289917	6.25743	6.716714	5.582867	5.500206	5.544379
VPS72_10160	4.9482536	4.235737	5.2213078	4.7552466	4.8244147	5.1789985	5.2413383	5.6042423	5.508152	4.72242	5.1726213	4.628886	5.7660575	5.429967	4.6246834	4.863637	5.1753125	4.5291295	4.1482205	4.9049997	5.7598586	5.1318603	5.138237	4.601519	5.1625657	4.8488083	5.0118756	5.272352	4.8180656	5.0390563	5.161042	4.5822196	4.7794886	5.6196246	4.449854	5.352457	5.131954	5.3141537	5.752721	4.641398	4.7773952	5.544363	4.532837	4.870279	5.189336	5.926311	5.5509663	6.1231356	4.8833585	4.6701713	4.3881755
VWF_32396	5.7945285	5.003438	6.342441	5.384854	6.281053	5.38013	5.4292083	7.048869	6.6522646	6.162722	5.947815	5.87175	6.4813633	6.0293245	5.4067554	6.4151797	5.5661387	5.4233203	5.695252	6.081841	6.547791	5.7285423	6.400383	6.06884	6.4495173	4.771496	6.204333	5.892247	5.1658335	6.849519	5.7417235	5.186476	6.636219	6.320858	5.543938	6.0909343	5.574527	6.5193105	5.6363683	5.992268	6.851828	6.0831714	5.7402964	5.2568727	6.1390557	6.5729756	6.0705967	6.1576858	6.1027055	5.554848	5.8072324
WARS_33156	5.019916	4.6536617	5.298669	4.657271	4.4164624	4.704067	4.805422	4.633599	5.6449475	4.8470116	4.7365522	4.1911564	5.418762	4.2179937	4.6246834	4.724454	5.1180816	3.9750757	3.9309764	4.2673736	5.4074864	5.0799727	5.027934	4.6326194	5.1363587	5.270135	4.3770947	5.509819	4.273237	5.109653	4.922364	4.992066	4.644004	4.759719	4.591498	5.326156	3.9828393	5.608475	4.4973164	4.2801247	4.2700734	4.9216905	4.013831	4.6296024	4.80687	5.696026	5.2976284	5.722694	4.5950346	4.252018	4.535497
WBSCR22_10164	5.1102433	4.0970764	5.4645157	5.4448147	5.142075	5.257745	5.957888	5.965286	5.600775	5.841832	5.947815	5.3676972	5.1109705	6.248558	5.0821466	5.620448	6.1264772	5.66794	5.1069536	6.05477	6.012286	5.7944193	5.7237034	5.3272457	5.4447303	6.0532346	5.5129714	5.409069	4.7874928	5.542837	5.341723	5.875632	4.644004	5.732843	5.07428	5.6355286	5.618683	5.457482	5.487584	5.3977222	5.095927	5.4349613	4.064967	4.772004	5.6719327	6.0454164	5.4200993	6.388546	5.669611	5.020094	5.3188505
WDR1_10165	6.286138	5.347264	6.0004616	6.237904	5.7682643	6.2644205	6.5604453	6.917466	6.5744576	6.113956	6.2849784	5.817568	6.089945	6.4765306	6.183236	6.3808265	6.645007	5.6021767	6.305224	6.147377	6.620487	6.359853	6.5193105	6.14631	6.1022253	6.0694757	6.335504	6.518291	5.7293167	6.263935	6.323825	6.1796427	5.5966268	6.2591925	5.723948	6.1064715	6.244023	6.2702465	6.341181	5.7666883	6.1591735	6.068594	5.958828	5.5417137	6.284906	6.4549828	6.2683415	6.445586	5.751434	5.624627	5.721896
WDR12_10166	5.2157383	4.44079	4.7926054	4.7552466	4.732725	5.231971	5.57565	5.243633	5.2466736	4.9616933	5.066151	4.133186	5.167048	5.178702	5.1098804	5.29111	5.500474	4.9013753	4.912876	4.358748	5.122916	4.97024	4.8578053	4.1209917	4.5586634	4.7312284	5.6103992	5.089106	4.6582794	5.38101	4.922364	5.237528	4.679086	5.2654138	4.9216714	4.532437	5.1916394	5.0382223	4.6650844	4.7107253	5.2059503	4.9216905	4.7358174	3.4946837	5.3570614	5.083095	4.9635158	5.4712305	4.730334	4.5676084	4.0942764
WDR43_10168	8.168281	7.1496916	7.9756293	7.836422	7.617668	8.370319	8.1044855	8.328478	8.227633	7.906355	8.3638525	7.385375	7.9595513	8.552287	7.9894633	7.736017	8.539246	7.979991	7.6698327	7.9530067	8.3714285	8.371112	8.285734	7.6920223	7.791206	8.347723	8.047206	8.167879	8.166326	7.9270887	7.56908	7.760031	7.4373446	7.797242	7.2696714	7.529649	8.023417	7.820764	7.5937977	7.075917	8.054864	7.9684954	7.5463505	7.418962	8.2210865	8.61206	8.006336	8.9294	7.6524615	7.5087605	7.660549
WDR61_10169	5.351561	5.127377	5.1945705	5.679206	5.068974	5.356469	6.0751014	5.510071	5.991353	4.63295	5.822592	5.0607114	5.1109705	5.7503257	5.0250263	5.497581	5.4779043	5.1970053	5.1069536	4.4857965	5.541897	5.0799727	5.4940476	5.249127	4.8442106	4.81067	5.7366095	5.892247	5.1658335	5.455182	4.8215914	5.186476	5.4418173	5.106409	5.07428	5.4286	5.3308682	5.0977926	4.4521384	5.014755	5.8043046	5.365103	4.94136	4.870279	5.321438	5.7769413	5.360163	6.1462607	4.6976795	4.765924	5.2102437
WDR77_32860	4.0177727	3.8314943	3.5801554	4.0839515	3.3652549	4.846756	4.4623084	4.988194	4.5627217	4.765157	4.782111	4.072788	4.6020246	4.672462	4.2290087	4.5291653	4.897746	4.2573314	3.871139	4.313784	4.731025	4.8820906	4.8052697	4.503981	4.635521	4.360822	4.420727	5.1528096	3.8683236	4.034695	4.554839	4.5822196	3.7995486	4.528361	3.1523242	4.4856753	4.0488772	4.349968	4.0284495	3.8594182	3.9915128	4.8209195	3.4473767	3.9187803	4.7274365	5.3443384	4.5638094	5.1436863	4.405847	4.4184256	3.4125495
WDTC1_10172	5.2949095	5.607789	5.6132474	5.80655	5.2994866	5.9053917	5.6148987	6.1639047	5.9212418	5.579835	5.7326317	5.68262	6.0001774	5.977675	5.1637983	5.600683	6.1552105	6.00977	4.912876	5.323154	6.012286	6.3268414	6.4863195	5.6495905	5.768575	5.5032077	5.5329905	6.1481047	5.406144	6.0169477	5.6269608	5.380664	5.8638606	5.639122	5.4724803	6.3214383	5.1916394	5.726402	5.4420953	5.7666883	6.0453777	5.8301597	5.4053946	5.6191325	6.2568917	6.379258	5.6544027	5.936764	5.702899	5.518651	5.065338
WIPI1_32665	2.9658844	2.8738854	2.9727023	3.1183274	2.1664994	2.340468	2.7904801	3.8139515	3.43397	3.3957052	3.2559555	3.5597103	2.9724503	3.2360482	1.8599678	2.9436944	2.87268	2.7363515	2.238191	2.2562509	3.3189702	3.075847	2.628664	2.877406	3.2298694	3.3250225	2.6098514	3.240585	2.185535	2.5720668	2.835414	2.4830763	3.3549814	1.8781195	3.2410011	3.188829	1.986288	1.914702	1.6270963	2.7067823	1.2357911	1.8978021	1.7361305	0.0	2.906455	3.2054403	2.1650176	2.6012702	2.524174	2.9979472	1.3829705
XBP1_10179	5.235942	5.0290923	5.5301437	4.357907	4.6681924	5.786481	4.9351296	6.29676	6.6194315	5.134637	5.6854568	3.802208	6.0307245	5.4041142	4.699605	5.3155656	5.0885916	5.4233203	4.197779	4.358748	5.49847	5.826263	5.138237	4.96136	4.997667	5.4296227	5.62912	5.7346373	4.6582794	5.915504	5.8817883	4.8999963	4.903335	5.9513545	4.9999924	5.215878	4.789701	5.587848	5.244279	4.085053	4.913356	5.075422	5.573741	5.182308	5.6719327	5.7769413	5.8986783	5.577131	4.5950346	4.7028003	4.9196486
XDH_10180	8.76814	7.9058533	7.2899837	7.6954412	7.7006717	8.316154	8.181668	8.7189045	9.09395	7.9579253	8.318191	8.233676	9.141204	7.8159213	7.815109	7.762943	8.460853	6.972741	7.9338813	7.5784354	8.807045	8.193276	8.13158	8.251053	8.149991	7.9207954	8.619858	8.849366	8.515506	8.1331835	9.155884	6.9268847	7.9953766	9.355948	7.029405	8.221296	7.6770053	8.888862	8.791657	8.144458	8.178103	9.3902235	8.446927	9.016293	8.298707	9.246398	9.864187	9.518924	7.763119	8.969441	7.0184097
XIAP_33225	2.3764687	1.1049913	1.9030463	2.361048	2.9961455	2.6824741	3.3514462	3.3535717	3.43397	3.5983813	2.3995826	2.756088	2.1454625	2.8329227	2.1001348	3.9123585	2.1742368	1.9380654	2.7174463	1.5304413	2.7061675	3.6026177	2.210754	2.6531126	2.4629142	2.002579	2.6098514	4.222796	2.7897131	3.8268995	3.3987858	2.6430998	2.5664744	3.463993	1.0890009	3.6790886	2.6284897	3.5947201	3.5165868	3.167649	2.9589396	3.3017287	2.5015178	3.3202078	2.99956	3.0834928	3.5177994	3.323391	2.79505	1.4579389	0.71652496
XPNPEP1_10181	4.0637107	2.3301039	4.3348646	3.4657202	3.9578092	3.9284973	4.068923	3.3535717	4.1372924	3.3957052	4.4280906	3.2680495	4.2331653	4.4878764	3.7540836	3.175133	4.0408278	3.4098673	3.9884303	3.6243875	4.572536	4.1474395	4.003165	3.8830926	3.9245403	4.511081	4.3321013	4.4927254	4.2284164	4.4876986	3.7306347	3.3479161	3.2654822	3.7050712	3.744154	4.167958	3.0713174	4.021211	3.5165868	4.0318656	4.051694	4.226657	3.5224726	3.4946837	4.2849255	3.9957814	3.9560254	3.9144068	3.309005	3.660804	4.1990376
XPO1_32314	6.6217427	6.0450525	6.4705477	6.87577	6.302471	6.8850613	6.6098504	7.0404716	7.055553	6.777948	6.842414	6.7575355	6.9966216	6.957321	6.8003798	6.800221	6.7802777	6.306715	5.976536	6.2222815	7.148826	6.964213	6.64421	6.5643334	6.847018	6.307175	6.7142773	7.4355354	6.3477182	6.211399	6.6223106	6.45238	6.317912	6.644006	6.2894244	6.948585	6.441329	6.8227243	6.448595	6.3805094	6.8001366	6.9820433	6.0631185	6.286155	6.900368	6.932174	6.6400094	6.7623305	6.3951945	6.3256097	6.1778646
XPO7_10182	7.989427	7.9767804	8.002854	8.587212	7.4211855	8.390847	7.1801004	8.168136	7.9391956	7.587121	7.5957627	8.634515	8.040588	7.4558787	7.0135994	7.568069	8.350264	7.9960833	7.6566014	7.29587	8.037753	8.045546	8.168444	8.251053	7.6220946	7.358768	7.3827815	7.454619	7.4697614	7.975149	7.8633204	7.081588	7.934978	7.1782427	7.623109	7.738514	7.0851097	7.748262	6.1279206	7.884319	7.8708453	7.9879932	6.8986773	8.217263	6.6215544	6.4549828	7.2860494	6.7772207	8.239292	7.818907	6.9674144
YKT6_10189	4.923553	4.6862755	5.0529046	4.84699	4.061947	5.332414	4.771087	5.815846	5.7087703	5.16687	4.9107437	4.8961797	5.221027	5.5527062	4.278726	4.4867225	5.407996	4.41885	4.999267	4.6394672	5.064556	5.1061497	5.0730724	4.537232	4.7084904	4.689805	4.420727	5.485284	4.961906	5.1769557	4.8559704	4.54217	4.494464	5.3387933	4.06882	4.57773	4.5823607	4.9111533	4.7792325	4.410862	4.9768147	5.2143373	4.9684715	4.9016037	5.1694365	5.4954453	5.1637883	5.627301	4.6300673	4.8264017	4.4741917
YME1L1_32545	6.1754227	5.828386	6.481649	6.447828	6.624995	6.808655	6.6387014	7.122325	7.063712	6.777948	6.946123	6.495249	7.211856	6.9121785	6.7483916	6.800221	6.937415	6.2859216	6.3929434	6.316464	6.568938	6.44436	6.382564	6.2502275	6.8307667	6.6363983	6.903008	8.017717	6.588419	6.2431498	7.238664	7.081588	6.9694834	7.116986	6.236485	7.06449	6.7500415	7.0806837	7.012564	6.099553	6.8348026	7.5209894	6.240409	6.3328643	6.863688	6.9584317	6.6145825	6.996673	6.139642	6.074504	6.1969643
YTHDF1_10190	5.3140416	4.321286	4.7565002	4.657271	4.376628	5.124007	5.0541315	6.5064015	5.828522	5.579835	5.5070224	4.8608956	5.7841005	5.7707014	4.699605	5.3155656	5.1753125	4.4932985	4.617513	4.9931965	5.625015	5.1571207	5.027934	5.3831778	5.1625657	4.193074	5.1736393	5.775683	4.8180656	5.132438	5.5659637	4.962024	4.679086	5.7862854	4.624838	5.453113	5.276778	5.3635287	5.676204	4.9007115	5.0075274	5.703791	4.827514	4.8382587	5.4589405	5.632215	5.6207414	5.7531395	4.824082	4.912615	4.934898
YWHAB_10191	7.1548347	6.4194837	6.9336424	6.8390007	6.453709	7.5014415	7.1669564	7.4421806	7.799618	7.0612564	7.004949	6.894699	7.5170784	7.4111514	6.76593	7.1723986	7.28163	6.8993454	7.0551825	7.150012	7.446039	7.5923758	7.2268553	7.2706847	7.0641475	7.082897	7.2070312	7.7862444	6.6320896	7.1523166	7.3392997	6.980317	6.7228284	7.5206895	6.4836617	7.264717	7.161724	7.2345724	6.965112	6.736854	7.280603	7.3507075	6.670065	6.740536	7.3918176	7.4893804	7.585554	8.201599	6.7218328	6.7492194	6.563591
YWHAH_10193	7.944094	7.3047686	7.8739777	7.7598057	7.759933	8.12284	7.6073194	8.129067	8.366019	8.00326	7.999322	7.598523	7.9635153	7.929019	7.552513	7.910719	8.008335	7.6093216	7.3130383	7.5053325	8.33177	8.028538	7.9916553	7.6278734	7.9081197	7.629129	7.975871	8.497265	7.517115	7.804759	7.87594	7.538748	7.502449	7.9455547	7.2268863	8.038989	7.5228834	7.971687	7.3932834	7.4035773	8.025153	7.8877563	7.328237	7.6850986	8.164406	8.448783	7.880427	8.430766	7.604827	7.295349	7.397106
YWHAZ_10194	10.085996	9.229018	9.461859	10.038793	9.390063	10.609024	9.628376	10.589683	10.764211	10.026744	10.103369	9.58349	10.41206	10.449461	9.61486	9.947878	10.094059	10.09406	9.145024	9.504375	9.980368	10.519193	9.994747	9.627226	10.069475	10.334352	10.023787	10.375796	9.950386	10.099279	10.302952	9.670476	9.571906	9.86351	9.581981	10.116747	9.817364	10.359915	10.012512	9.369304	10.043398	9.791838	9.789835	9.227254	10.230719	10.611362	10.198875	10.335059	9.591502	9.378299	9.51827
ZCCHC18_32845	1.3630255	1.4470309	0.752753	1.9837908	2.1664994	1.8913333	1.5718547	2.0264177	1.3270301	1.7575232	1.8342675	2.410535	2.1454625	2.9801729	2.1001348	2.1199853	1.9300845	2.3117008	0.6957044	2.73687	3.3189702	3.075847	1.8448938	2.0614784	1.5530008	2.002579	2.6098514	2.8372862	2.185535	1.9061652	1.2411588	3.2518594	1.7915226	2.506633	1.4280888	0.79748124	2.23349	1.6218852	3.6822517	1.156129	2.6826673	2.3475738	1.4586725	2.2785902	2.806924	2.2443757	2.7672026	3.6809788	2.3669193	2.5005684	2.3732097
ZDHHC6_10196	5.0430336	4.5511484	4.9920993	4.9050636	5.068974	5.4263177	4.6628904	5.6710443	5.789699	5.2594614	5.3645425	4.9306216	4.9283385	5.429967	4.871472	4.9598656	5.203099	4.928461	4.7890005	5.0491347	5.5631294	5.0799727	5.3908668	4.778795	4.8114586	4.689805	5.2237663	5.272352	4.7874928	5.2825875	4.750273	4.962024	4.679086	5.214335	4.5224137	5.1869392	4.789701	5.3141537	4.91861	4.776873	4.5871716	4.985162	4.856829	4.7025595	5.086975	5.4468136	5.209795	5.659805	4.522309	4.5676084	4.248697
ZEB2_33022	5.4060717	4.7181683	4.9920993	5.425103	5.2780237	5.5144806	5.4070196	5.815846	6.074456	5.374341	4.59055	4.1911564	5.7660575	5.868474	4.9955955	5.0500746	5.2303596	5.2191105	4.999267	5.180168	5.5840545	5.6237187	5.1593204	4.8859277	5.3105354	5.6180773	5.0401273	5.9650326	4.9342623	5.4369936	5.5659637	5.021495	4.903335	5.362447	4.333677	5.352457	4.9011602	5.6288114	5.2963333	4.9300785	5.380353	5.8473415	5.573741	4.2461166	5.5994205	5.7166843	5.568729	5.1436863	4.967943	5.020094	4.431824
ZFAND2A_10197	3.3831434	2.6274648	2.840976	2.788815	2.6401563	3.2937799	3.255363	2.8375075	3.43397	2.5266557	3.2559555	1.2862334	2.8407278	3.3487625	2.4860687	1.5888703	3.1259208	1.7073178	2.4162252	2.9864812	2.5447638	3.178102	3.2947974	3.2425063	2.2834883	2.462245	2.7532747	5.3007517	2.5190232	2.6996026	1.6068331	2.9180818	3.06788	3.7772398	2.306097	2.440523	2.6284897	3.1074347	3.2258344	2.228283	3.3903556	3.3981557	3.5224726	1.5489385	3.2474778	3.696286	4.0601544	4.0183334	3.309005	3.2832968	2.4600961
ZFP110_10199	4.872845	4.44079	4.8957977	5.211588	4.8537273	5.095705	4.9658127	5.1530595	5.1881685	4.765157	5.271771	4.497202	4.642146	5.295806	4.871472	4.6874537	5.4779043	4.9550476	4.912876	4.6025567	4.61382	4.6877766	4.40733	4.286571	4.7084904	4.9221873	5.1989202	5.3007517	4.98903	4.775151	4.8895493	4.659131	4.679086	5.049259	4.89459	4.705656	4.789701	5.3141537	5.321673	4.4519343	4.8126054	4.5954337	4.532837	3.9787574	4.9767933	4.9498415	5.209795	4.8933544	4.793504	4.4184256	4.51535
ZFP131_10200	4.8202896	4.839124	4.5185456	4.786481	4.335662	5.124007	5.110143	4.988194	5.3833284	4.6783786	5.2394724	4.710439	5.2983875	5.6658173	4.934868	4.6874537	5.2303596	4.41885	4.65348	4.525776	5.3597484	5.641727	5.027934	4.96136	4.8762355	4.771496	4.8616695	5.775683	5.2354407	4.93921	5.161042	4.8999963	4.533327	5.019812	4.207318	4.664262	5.220581	4.943985	4.541123	4.4519343	4.5459204	4.1731524	4.603718	4.5127454	5.247438	4.6395364	4.7926564	5.2328033	4.912108	4.8557158	4.038898
ZFP318_10202	5.5582385	5.2632866	5.984942	5.405119	4.938252	6.238766	5.779392	6.034575	5.974142	5.067926	5.947815	5.4882126	5.7292805	5.960039	5.9267683	5.363267	5.784175	4.9013753	5.4308844	5.2770486	5.965211	5.6770825	5.7792363	5.0330434	5.286904	5.5032077	5.6838655	6.6344175	5.2800474	5.5764604	5.2412624	5.809687	5.097371	5.4533625	4.5224137	5.797447	6.244023	5.545688	6.2251215	4.7441783	5.9378657	5.2405844	5.0468755	4.2461166	5.8698707	5.6103015	5.7817044	5.594049	5.5282016	5.3014936	5.1976557
ZFP354A_10203	3.763191	3.5057364	4.3830233	3.4657202	3.6589074	4.459483	4.4623084	4.1624165	4.5159154	4.325485	4.308639	3.9438322	4.0060377	4.2179937	3.606144	4.1484847	3.9120631	3.6238267	3.1788383	3.7646446	3.888952	4.3362055	4.297508	3.466162	3.4156697	4.4126673	3.7140222	5.434924	4.358906	4.522616	4.468596	4.835181	4.454525	3.8459697	3.9156005	4.167958	4.6262813	4.3981524	4.6249356	2.7067823	4.165012	4.278248	2.8897388	3.1216903	4.80687	4.4551363	4.157271	4.291561	3.619066	4.378588	3.0698776
ZFP36_10204	5.912196	5.219391	6.4593606	5.8662405	5.622609	6.632697	5.9425435	6.7001114	6.352685	6.2098937	6.2202506	5.511153	6.1043777	6.595528	5.9267683	5.4760456	6.634842	5.2408824	5.712404	6.081841	6.102065	6.1367617	6.280419	5.454533	5.5074196	6.1480474	5.0678363	6.5303335	5.822737	6.6107836	6.2610707	5.9991136	5.8638606	6.3328815	5.212279	6.210785	5.7234993	6.394219	5.94435	4.8088436	6.277304	6.0538673	5.3854165	5.600164	6.483319	6.702902	5.7968554	6.983893	5.9858594	5.462593	5.0927906
ZFP367_10205	5.5582385	5.6247144	5.7108173	5.9235597	5.7371435	5.124007	5.535304	6.1483583	6.0582137	5.53114	5.8442316	5.9743667	5.4642334	5.455364	5.8300376	5.497581	6.197265	5.5852566	4.999267	5.4941163	6.0727553	6.423692	6.084924	6.135494	6.1940217	4.689805	5.591433	6.518291	5.7131414	5.733739	5.2412624	5.237528	6.0087953	5.188101	5.4353786	5.8352385	5.574527	5.2630286	5.2963333	6.0734706	5.821692	5.75931	4.9137297	5.600164	5.7274275	5.4218693	5.209795	5.627301	5.5466547	5.624627	5.5836096
ZFP451_10207	2.515188	2.3301039	2.5348177	3.016629	1.4566294	3.4804814	2.6463878	2.2757223	3.2170308	1.3715297	2.3995826	1.6591743	3.3079073	3.3487625	2.6461606	3.175133	1.2662693	1.7073178	2.238191	2.593747	2.7061675	2.4155526	2.5023503	3.0714748	3.016553	2.810302	3.1138024	4.2809734	1.126302	2.6996026	2.6905363	3.0381281	0.0	2.506633	1.7024508	3.3011148	3.3054578	2.9865744	2.1639853	2.0255485	2.3406515	2.5288935	2.168997	2.2785902	3.523103	3.696286	3.3635335	3.402351	2.6659598	1.4579389	1.8370861
ZMIZ1_10210	6.9314766	6.5580997	6.841858	6.911626	6.837983	7.429562	6.73981	7.7713566	7.759998	7.0088716	7.0706787	6.850411	7.6704507	7.2822576	6.6288805	7.08263	7.033405	7.2713675	6.7409873	6.829024	7.697169	7.1767435	7.046236	7.0349603	6.648069	7.2841864	7.420883	7.9476066	6.95455	7.118478	7.3209577	6.88747	6.85909	7.249744	6.7485514	7.338941	6.7697573	7.355427	7.2289023	6.0198464	6.942038	7.122749	6.9941125	6.6512084	7.3875175	8.081653	7.6537147	8.122182	6.7379813	6.952838	6.2709303
ZWINT_10214	7.357455	6.61002	7.456776	7.109845	7.1351767	7.5334463	7.592649	7.60479	7.9168506	7.3480167	7.6397376	7.2690644	7.1713014	7.8402257	7.166688	7.1453676	6.834581	7.1728764	7.068565	7.5496373	7.7444053	7.471725	7.543853	7.023273	7.2220116	7.6014724	7.420883	7.6158805	6.588419	7.3740563	7.3209577	7.189239	6.8818545	6.1273417	7.131522	7.2154145	7.205813	7.1666503	6.1134844	6.550874	7.2931223	6.528823	5.889598	6.749172	7.632495	7.5710626	7.567999	7.209239	7.2748227	7.2408433	7.2615585
